par_id,bus_delante,trip_delante,bus_detras,trip_detras,codi_parada,ordre,headway_pair,hora_delante_str,hora_detras_str,franja_hora
6100_1__6216_7,6100,6100_1,6216,6216_7,2984,2,14.883333333333212,19:37:14,19:52:07,19
6100_1__6216_7,6100,6100_1,6216,6216_7,2685,3,13.716666666666697,19:37:14,19:52:07,19
6100_1__6216_7,6100,6100_1,6216,6216_7,3649,4,13.850000000000136,19:37:14,19:52:07,19
6100_1__6216_7,6100,6100_1,6216,6216_7,3747,5,14.183333333333394,19:37:14,19:52:07,19
6100_1__6216_7,6100,6100_1,6216,6216_7,482,6,14.033333333333303,19:37:14,19:52:07,19
6100_1__6216_7,6100,6100_1,6216,6216_7,709,7,13.316666666666606,19:37:14,19:52:07,19
6100_1__6216_7,6100,6100_1,6216,6216_7,1577,8,12.416666666666742,19:37:14,19:52:07,19
6100_1__6216_7,6100,6100_1,6216,6216_7,990,9,12.016666666666652,19:37:14,19:52:07,19
6100_1__6216_7,6100,6100_1,6216,6216_7,109,10,12.416666666666742,19:37:14,19:52:07,19
6100_1__6216_7,6100,6100_1,6216,6216_7,396,11,13.433333333333394,19:37:14,19:52:07,19
6100_1__6216_7,6100,6100_1,6216,6216_7,1253,12,13.266666666666652,19:37:14,19:52:07,19
6100_1__6216_7,6100,6100_1,6216,6216_7,1554,13,12.483333333333348,19:37:14,19:52:07,19
6100_1__6216_7,6100,6100_1,6216,6216_7,1099,14,13.683333333333394,19:37:14,19:52:07,19
6100_1__6216_7,6100,6100_1,6216,6216_7,168,15,14.299999999999955,19:37:14,19:52:07,19
6100_1__6216_7,6100,6100_1,6216,6216_7,929,16,15.199999999999818,19:37:14,19:52:07,19
6100_1__6216_7,6100,6100_1,6216,6216_7,94,17,15.166666666666742,19:37:14,19:52:07,19
6100_1__6216_7,6100,6100_1,6216,6216_7,1080,18,14.600000000000136,19:37:14,19:52:07,19
6100_1__6216_7,6100,6100_1,6216,6216_7,146,19,14.333333333333258,19:37:14,19:52:07,19
6100_1__6216_7,6100,6100_1,6216,6216_7,1089,20,14.566666666666606,19:37:14,19:52:07,19
6100_1__6216_7,6100,6100_1,6216,6216_7,213,21,13.700000000000045,19:37:14,19:52:07,19
6100_1__6216_7,6100,6100_1,6216,6216_7,3907,22,13.166666666666515,19:37:14,19:52:07,19
6100_1__6216_7,6100,6100_1,6216,6216_7,949,23,13.78333333333353,19:37:14,19:52:07,19
6100_1__6216_7,6100,6100_1,6216,6216_7,913,24,13.950000000000045,19:37:14,19:52:07,19
6100_1__6216_7,6100,6100_1,6216,6216_7,307,25,14.100000000000136,19:37:14,19:52:07,19
6100_1__6216_7,6100,6100_1,6216,6216_7,212,26,13.983333333333348,19:37:14,19:52:07,19
6100_1__6216_7,6100,6100_1,6216,6216_7,2665,27,13.650000000000091,19:37:14,19:52:07,19
6100_1__6216_7,6100,6100_1,6216,6216_7,2736,28,14.849999999999909,19:37:14,19:52:07,19
6100_1__6216_7,6100,6100_1,6216,6216_7,705,29,14.566666666666833,19:37:14,19:52:07,19
6100_1__6216_7,6100,6100_1,6216,6216_7,9979,30,13.816666666666606,19:37:14,19:52:07,19
6100_1__6216_7,6100,6100_1,6216,6216_7,2492,31,13.549999999999955,19:37:14,19:52:07,19
6100_1__6216_7,6100,6100_1,6216,6216_7,946,32,13.716666666666697,19:37:14,19:52:07,19
6100_1__6216_7,6100,6100_1,6216,6216_7,947,33,13.683333333333394,19:37:14,19:52:07,19
6100_1__6216_7,6100,6100_1,6216,6216_7,327,34,13.400000000000091,19:37:14,19:52:07,19
6100_1__6216_7,6100,6100_1,6216,6216_7,3284,35,12.766666666666652,19:37:14,19:52:07,19
6100_1__6216_7,6100,6100_1,6216,6216_7,3282,36,12.916666666666515,19:37:14,19:52:07,19
6100_1__6216_7,6100,6100_1,6216,6216_7,2583,37,12.983333333333348,19:37:14,19:52:07,19
6100_1__6216_7,6100,6100_1,6216,6216_7,2590,38,12.0,19:37:14,19:52:07,19
6100_1__6216_7,6100,6100_1,6216,6216_7,603,39,12.916666666666742,19:37:14,19:52:07,19
6216_2__6807_1,6216,6216_2,6807,6807_1,2984,2,15.550000000000011,06:04:18,06:19:51,6
6216_2__6807_1,6216,6216_2,6807,6807_1,2685,3,16.25,06:04:18,06:19:51,6
6216_2__6807_1,6216,6216_2,6807,6807_1,3649,4,16.183333333333337,06:04:18,06:19:51,6
6216_2__6807_1,6216,6216_2,6807,6807_1,3747,5,15.849999999999966,06:04:18,06:19:51,6
6216_2__6807_1,6216,6216_2,6807,6807_1,482,6,16.166666666666686,06:04:18,06:19:51,6
6216_2__6807_1,6216,6216_2,6807,6807_1,709,7,17.216666666666697,06:04:18,06:19:51,6
6216_2__6807_1,6216,6216_2,6807,6807_1,1577,8,16.03333333333336,06:04:18,06:19:51,6
6216_2__6807_1,6216,6216_2,6807,6807_1,990,9,15.449999999999989,06:04:18,06:19:51,6
6216_2__6807_1,6216,6216_2,6807,6807_1,109,10,18.03333333333336,06:04:18,06:19:51,6
6216_2__6807_1,6216,6216_2,6807,6807_1,396,11,19.55000000000001,06:04:18,06:19:51,6
6216_2__6807_1,6216,6216_2,6807,6807_1,1253,12,19.899999999999977,06:04:18,06:19:51,6
6216_2__6807_1,6216,6216_2,6807,6807_1,1554,13,19.400000000000034,06:04:18,06:19:51,6
6216_2__6807_1,6216,6216_2,6807,6807_1,1099,14,19.73333333333335,06:04:18,06:19:51,6
6216_2__6807_1,6216,6216_2,6807,6807_1,168,15,19.166666666666686,06:04:18,06:19:51,6
6216_2__6807_1,6216,6216_2,6807,6807_1,929,16,19.71666666666664,06:04:18,06:19:51,6
6216_2__6807_1,6216,6216_2,6807,6807_1,94,17,19.850000000000023,06:04:18,06:19:51,6
6216_2__6807_1,6216,6216_2,6807,6807_1,1080,18,19.03333333333336,06:04:18,06:19:51,6
6216_2__6807_1,6216,6216_2,6807,6807_1,146,19,18.816666666666663,06:04:18,06:19:51,6
6216_2__6807_1,6216,6216_2,6807,6807_1,1089,20,19.066666666666663,06:04:18,06:19:51,6
6216_2__6807_1,6216,6216_2,6807,6807_1,213,21,20.0,06:04:18,06:19:51,6
6216_2__6807_1,6216,6216_2,6807,6807_1,3907,22,20.616666666666674,06:04:18,06:19:51,6
6216_2__6807_1,6216,6216_2,6807,6807_1,949,23,19.950000000000045,06:04:18,06:19:51,6
6216_2__6807_1,6216,6216_2,6807,6807_1,913,24,18.23333333333335,06:04:18,06:19:51,6
6216_2__6807_1,6216,6216_2,6807,6807_1,307,25,19.099999999999966,06:04:18,06:19:51,6
6216_2__6807_1,6216,6216_2,6807,6807_1,212,26,19.883333333333326,06:04:18,06:19:51,6
6216_2__6807_1,6216,6216_2,6807,6807_1,2665,27,19.66666666666663,06:04:18,06:19:51,6
6216_2__6807_1,6216,6216_2,6807,6807_1,2736,28,20.549999999999955,06:04:18,06:19:51,6
6216_2__6807_1,6216,6216_2,6807,6807_1,705,29,19.53333333333336,06:04:18,06:19:51,6
6216_2__6807_1,6216,6216_2,6807,6807_1,9979,30,17.633333333333326,06:04:18,06:19:51,6
6216_2__6807_1,6216,6216_2,6807,6807_1,2492,31,17.71666666666664,06:04:18,06:19:51,6
6216_2__6807_1,6216,6216_2,6807,6807_1,946,32,17.466666666666697,06:04:18,06:19:51,6
6216_2__6807_1,6216,6216_2,6807,6807_1,947,33,17.100000000000023,06:04:18,06:19:51,6
6216_2__6807_1,6216,6216_2,6807,6807_1,327,34,16.566666666666663,06:04:18,06:19:51,6
6216_2__6807_1,6216,6216_2,6807,6807_1,3284,35,16.53333333333336,06:04:18,06:19:51,6
6216_2__6807_1,6216,6216_2,6807,6807_1,3282,36,16.25,06:04:18,06:19:51,6
6216_2__6807_1,6216,6216_2,6807,6807_1,2583,37,15.049999999999955,06:04:18,06:19:51,6
6216_2__6807_1,6216,6216_2,6807,6807_1,2590,38,15.0,06:04:18,06:19:51,6
6216_2__6807_1,6216,6216_2,6807,6807_1,603,39,15.066666666666663,06:04:18,06:19:51,6
6216_3__6807_2,6216,6216_3,6807,6807_2,3797,1,12.0,08:43:59,08:55:59,8
6216_3__6807_2,6216,6216_3,6807,6807_2,2984,2,12.200000000000045,08:43:59,08:55:59,8
6216_3__6807_2,6216,6216_3,6807,6807_2,2685,3,11.400000000000091,08:43:59,08:55:59,8
6216_3__6807_2,6216,6216_3,6807,6807_2,3649,4,11.533333333333303,08:43:59,08:55:59,8
6216_3__6807_2,6216,6216_3,6807,6807_2,3747,5,11.166666666666742,08:43:59,08:55:59,8
6216_3__6807_2,6216,6216_3,6807,6807_2,482,6,10.833333333333371,08:43:59,08:55:59,8
6216_3__6807_2,6216,6216_3,6807,6807_2,709,7,10.366666666666674,08:43:59,08:55:59,8
6216_3__6807_2,6216,6216_3,6807,6807_2,1577,8,11.350000000000023,08:43:59,08:55:59,8
6216_3__6807_2,6216,6216_3,6807,6807_2,990,9,13.016666666666652,08:43:59,08:55:59,8
6216_3__6807_2,6216,6216_3,6807,6807_2,109,10,13.899999999999977,08:43:59,08:55:59,8
6216_3__6807_2,6216,6216_3,6807,6807_2,396,11,14.166666666666629,08:43:59,08:55:59,8
6216_3__6807_2,6216,6216_3,6807,6807_2,1253,12,13.666666666666629,08:43:59,08:55:59,8
6216_3__6807_2,6216,6216_3,6807,6807_2,1554,13,14.0,08:43:59,08:55:59,8
6216_3__6807_2,6216,6216_3,6807,6807_2,1099,14,13.633333333333326,08:43:59,08:55:59,8
6216_3__6807_2,6216,6216_3,6807,6807_2,168,15,14.166666666666629,08:43:59,08:55:59,8
6216_3__6807_2,6216,6216_3,6807,6807_2,929,16,14.133333333333326,08:43:59,08:55:59,8
6216_3__6807_2,6216,6216_3,6807,6807_2,94,17,14.200000000000045,08:43:59,08:55:59,8
6216_3__6807_2,6216,6216_3,6807,6807_2,1080,18,14.683333333333394,08:43:59,08:55:59,8
6216_3__6807_2,6216,6216_3,6807,6807_2,146,19,13.93333333333328,08:43:59,08:55:59,8
6216_3__6807_2,6216,6216_3,6807,6807_2,1089,20,14.0,08:43:59,08:55:59,8
6216_3__6807_2,6216,6216_3,6807,6807_2,213,21,14.349999999999909,08:43:59,08:55:59,8
6216_3__6807_2,6216,6216_3,6807,6807_2,3907,22,13.833333333333371,08:43:59,08:55:59,8
6216_3__6807_2,6216,6216_3,6807,6807_2,949,23,15.81666666666672,08:43:59,08:55:59,8
6216_3__6807_2,6216,6216_3,6807,6807_2,913,24,16.116666666666674,08:43:59,08:55:59,8
6216_3__6807_2,6216,6216_3,6807,6807_2,307,25,16.583333333333258,08:43:59,08:55:59,8
6216_3__6807_2,6216,6216_3,6807,6807_2,212,26,16.416666666666742,08:43:59,08:55:59,8
6216_3__6807_2,6216,6216_3,6807,6807_2,2665,27,16.866666666666674,08:43:59,08:55:59,8
6216_3__6807_2,6216,6216_3,6807,6807_2,2736,28,17.149999999999977,08:43:59,08:55:59,8
6216_3__6807_2,6216,6216_3,6807,6807_2,705,29,16.41666666666663,08:43:59,08:55:59,8
6216_3__6807_2,6216,6216_3,6807,6807_2,9979,30,16.149999999999977,08:43:59,08:55:59,8
6216_3__6807_2,6216,6216_3,6807,6807_2,2492,31,16.100000000000023,08:43:59,08:55:59,8
6216_3__6807_2,6216,6216_3,6807,6807_2,946,32,18.316666666666606,08:43:59,08:55:59,8
6216_3__6807_2,6216,6216_3,6807,6807_2,947,33,16.600000000000023,08:43:59,08:55:59,8
6216_3__6807_2,6216,6216_3,6807,6807_2,327,34,16.600000000000023,08:43:59,08:55:59,8
6216_3__6807_2,6216,6216_3,6807,6807_2,3284,35,16.366666666666674,08:43:59,08:55:59,8
6216_3__6807_2,6216,6216_3,6807,6807_2,3282,36,17.133333333333326,08:43:59,08:55:59,8
6216_3__6807_2,6216,6216_3,6807,6807_2,2583,37,19.716666666666697,08:43:59,08:55:59,8
6216_3__6807_2,6216,6216_3,6807,6807_2,2590,38,19.5,08:43:59,08:55:59,8
6216_3__6807_2,6216,6216_3,6807,6807_2,603,39,18.866666666666674,08:43:59,08:55:59,8
6216_4__6807_3,6216,6216_4,6807,6807_3,3797,1,13.0,11:28:59,11:41:59,11
6216_4__6807_3,6216,6216_4,6807,6807_3,2984,2,13.050000000000068,11:28:59,11:41:59,11
6216_4__6807_3,6216,6216_4,6807,6807_3,2685,3,12.18333333333328,11:28:59,11:41:59,11
6216_4__6807_3,6216,6216_4,6807,6807_3,3649,4,12.816666666666606,11:28:59,11:41:59,11
6216_4__6807_3,6216,6216_4,6807,6807_3,3747,5,13.18333333333328,11:28:59,11:41:59,11
6216_4__6807_3,6216,6216_4,6807,6807_3,482,6,14.283333333333303,11:28:59,11:41:59,11
6216_4__6807_3,6216,6216_4,6807,6807_3,709,7,14.549999999999955,11:28:59,11:41:59,11
6216_4__6807_3,6216,6216_4,6807,6807_3,1577,8,13.0,11:28:59,11:41:59,11
6216_4__6807_3,6216,6216_4,6807,6807_3,990,9,11.583333333333371,11:28:59,11:41:59,11
6216_4__6807_3,6216,6216_4,6807,6807_3,109,10,11.833333333333258,11:28:59,11:41:59,11
6216_4__6807_3,6216,6216_4,6807,6807_3,396,11,12.733333333333348,11:28:59,11:41:59,11
6216_4__6807_3,6216,6216_4,6807,6807_3,1253,12,13.816666666666606,11:28:59,11:41:59,11
6216_4__6807_3,6216,6216_4,6807,6807_3,1554,13,13.516666666666652,11:28:59,11:41:59,11
6216_4__6807_3,6216,6216_4,6807,6807_3,1099,14,13.283333333333417,11:28:59,11:41:59,11
6216_4__6807_3,6216,6216_4,6807,6807_3,168,15,13.383333333333326,11:28:59,11:41:59,11
6216_4__6807_3,6216,6216_4,6807,6807_3,929,16,11.983333333333348,11:28:59,11:41:59,11
6216_4__6807_3,6216,6216_4,6807,6807_3,94,17,12.816666666666606,11:28:59,11:41:59,11
6216_4__6807_3,6216,6216_4,6807,6807_3,1080,18,12.766666666666652,11:28:59,11:41:59,11
6216_4__6807_3,6216,6216_4,6807,6807_3,146,19,12.649999999999977,11:28:59,11:41:59,11
6216_4__6807_3,6216,6216_4,6807,6807_3,1089,20,11.56666666666672,11:28:59,11:41:59,11
6216_4__6807_3,6216,6216_4,6807,6807_3,213,21,12.033333333333303,11:28:59,11:41:59,11
6216_4__6807_3,6216,6216_4,6807,6807_3,3907,22,13.06666666666672,11:28:59,11:41:59,11
6216_4__6807_3,6216,6216_4,6807,6807_3,949,23,12.616666666666674,11:28:59,11:41:59,11
6216_4__6807_3,6216,6216_4,6807,6807_3,913,24,13.733333333333348,11:28:59,11:41:59,11
6216_4__6807_3,6216,6216_4,6807,6807_3,307,25,13.399999999999977,11:28:59,11:41:59,11
6216_4__6807_3,6216,6216_4,6807,6807_3,212,26,13.833333333333371,11:28:59,11:41:59,11
6216_4__6807_3,6216,6216_4,6807,6807_3,2665,27,13.200000000000045,11:28:59,11:41:59,11
6216_4__6807_3,6216,6216_4,6807,6807_3,2736,28,13.216666666666697,11:28:59,11:41:59,11
6216_4__6807_3,6216,6216_4,6807,6807_3,705,29,13.016666666666652,11:28:59,11:41:59,11
6216_4__6807_3,6216,6216_4,6807,6807_3,9979,30,13.199999999999932,11:28:59,11:41:59,11
6216_4__6807_3,6216,6216_4,6807,6807_3,2492,31,12.850000000000023,11:28:59,11:41:59,11
6216_4__6807_3,6216,6216_4,6807,6807_3,946,32,12.016666666666652,11:28:59,11:41:59,11
6216_4__6807_3,6216,6216_4,6807,6807_3,947,33,11.533333333333417,11:28:59,11:41:59,11
6216_4__6807_3,6216,6216_4,6807,6807_3,327,34,12.150000000000091,11:28:59,11:41:59,11
6216_4__6807_3,6216,6216_4,6807,6807_3,3284,35,12.516666666666652,11:28:59,11:41:59,11
6216_4__6807_3,6216,6216_4,6807,6807_3,3282,36,11.93333333333328,11:28:59,11:41:59,11
6216_4__6807_3,6216,6216_4,6807,6807_3,2583,37,12.766666666666652,11:28:59,11:41:59,11
6216_4__6807_3,6216,6216_4,6807,6807_3,2590,38,11.93333333333328,11:28:59,11:41:59,11
6216_4__6807_3,6216,6216_4,6807,6807_3,603,39,11.616666666666674,11:28:59,11:41:59,11
6216_5__6807_4,6216,6216_5,6807,6807_4,3797,1,13.016666666666652,14:10:58,14:23:59,14
6216_5__6807_4,6216,6216_5,6807,6807_4,2984,2,14.383333333333326,14:10:58,14:23:59,14
6216_5__6807_4,6216,6216_5,6807,6807_4,2685,3,14.850000000000023,14:10:58,14:23:59,14
6216_5__6807_4,6216,6216_5,6807,6807_4,3649,4,14.049999999999955,14:10:58,14:23:59,14
6216_5__6807_4,6216,6216_5,6807,6807_4,3747,5,14.266666666666652,14:10:58,14:23:59,14
6216_5__6807_4,6216,6216_5,6807,6807_4,482,6,15.066666666666606,14:10:58,14:23:59,14
6216_5__6807_4,6216,6216_5,6807,6807_4,709,7,15.533333333333303,14:10:58,14:23:59,14
6216_5__6807_4,6216,6216_5,6807,6807_4,1577,8,15.233333333333348,14:10:58,14:23:59,14
6216_5__6807_4,6216,6216_5,6807,6807_4,990,9,14.5,14:10:58,14:23:59,14
6216_5__6807_4,6216,6216_5,6807,6807_4,109,10,13.916666666666629,14:10:58,14:23:59,14
6216_5__6807_4,6216,6216_5,6807,6807_4,396,11,15.116666666666674,14:10:58,14:23:59,14
6216_5__6807_4,6216,6216_5,6807,6807_4,1253,12,14.833333333333258,14:10:58,14:23:59,14
6216_5__6807_4,6216,6216_5,6807,6807_4,1554,13,16.06666666666672,14:10:58,14:23:59,14
6216_5__6807_4,6216,6216_5,6807,6807_4,1099,14,15.600000000000023,14:10:58,14:23:59,14
6216_5__6807_4,6216,6216_5,6807,6807_4,168,15,16.16666666666663,14:10:58,14:23:59,14
6216_5__6807_4,6216,6216_5,6807,6807_4,929,16,15.866666666666674,14:10:58,14:23:59,14
6216_5__6807_4,6216,6216_5,6807,6807_4,94,17,16.033333333333303,14:10:58,14:23:59,14
6216_5__6807_4,6216,6216_5,6807,6807_4,1080,18,15.56666666666672,14:10:58,14:23:59,14
6216_5__6807_4,6216,6216_5,6807,6807_4,146,19,15.149999999999977,14:10:58,14:23:59,14
6216_5__6807_4,6216,6216_5,6807,6807_4,1089,20,14.549999999999955,14:10:58,14:23:59,14
6216_5__6807_4,6216,6216_5,6807,6807_4,213,21,12.683333333333394,14:10:58,14:23:59,14
6216_5__6807_4,6216,6216_5,6807,6807_4,3907,22,12.566666666666606,14:10:58,14:23:59,14
6216_5__6807_4,6216,6216_5,6807,6807_4,949,23,13.5,14:10:58,14:23:59,14
6216_5__6807_4,6216,6216_5,6807,6807_4,913,24,12.916666666666742,14:10:58,14:23:59,14
6216_5__6807_4,6216,6216_5,6807,6807_4,307,25,13.333333333333371,14:10:58,14:23:59,14
6216_5__6807_4,6216,6216_5,6807,6807_4,212,26,13.416666666666742,14:10:58,14:23:59,14
6216_5__6807_4,6216,6216_5,6807,6807_4,2665,27,13.599999999999909,14:10:58,14:23:59,14
6216_5__6807_4,6216,6216_5,6807,6807_4,2736,28,13.199999999999932,14:10:58,14:23:59,14
6216_5__6807_4,6216,6216_5,6807,6807_4,705,29,13.133333333333326,14:10:58,14:23:59,14
6216_5__6807_4,6216,6216_5,6807,6807_4,9979,30,12.383333333333326,14:10:58,14:23:59,14
6216_5__6807_4,6216,6216_5,6807,6807_4,2492,31,12.483333333333348,14:10:58,14:23:59,14
6216_5__6807_4,6216,6216_5,6807,6807_4,946,32,12.950000000000045,14:10:58,14:23:59,14
6216_5__6807_4,6216,6216_5,6807,6807_4,947,33,12.399999999999977,14:10:58,14:23:59,14
6216_5__6807_4,6216,6216_5,6807,6807_4,327,34,11.716666666666697,14:10:58,14:23:59,14
6216_5__6807_4,6216,6216_5,6807,6807_4,3284,35,10.416666666666629,14:10:58,14:23:59,14
6216_5__6807_4,6216,6216_5,6807,6807_4,3282,36,11.016666666666652,14:10:58,14:23:59,14
6216_5__6807_4,6216,6216_5,6807,6807_4,2583,37,11.5,14:10:58,14:23:59,14
6216_5__6807_4,6216,6216_5,6807,6807_4,2590,38,11.75,14:10:58,14:23:59,14
6216_5__6807_4,6216,6216_5,6807,6807_4,603,39,11.033333333333303,14:10:58,14:23:59,14
6216_6__6807_5,6216,6216_6,6807,6807_5,3797,1,13.0,16:58:59,17:11:59,16
6216_6__6807_5,6216,6216_6,6807,6807_5,2984,2,12.433333333333394,16:58:59,17:11:59,16
6216_6__6807_5,6216,6216_6,6807,6807_5,2685,3,11.983333333333348,16:58:59,17:11:59,16
6216_6__6807_5,6216,6216_6,6807,6807_5,3649,4,12.783333333333303,16:58:59,17:11:59,16
6216_6__6807_5,6216,6216_6,6807,6807_5,3747,5,12.983333333333348,16:58:59,17:11:59,16
6216_6__6807_5,6216,6216_6,6807,6807_5,482,6,13.299999999999955,16:58:59,17:11:59,16
6216_6__6807_5,6216,6216_6,6807,6807_5,709,7,13.0,16:58:59,17:11:59,16
6216_6__6807_5,6216,6216_6,6807,6807_5,1577,8,13.116666666666788,16:58:59,17:11:59,16
6216_6__6807_5,6216,6216_6,6807,6807_5,990,9,11.86666666666656,16:58:59,17:11:59,16
6216_6__6807_5,6216,6216_6,6807,6807_5,109,10,12.166666666666515,16:58:59,17:11:59,16
6216_6__6807_5,6216,6216_6,6807,6807_5,396,11,12.516666666666652,16:58:59,17:11:59,16
6216_6__6807_5,6216,6216_6,6807,6807_5,1253,12,12.349999999999909,16:58:59,17:11:59,16
6216_6__6807_5,6216,6216_6,6807,6807_5,1554,13,13.299999999999955,16:58:59,17:11:59,16
6216_6__6807_5,6216,6216_6,6807,6807_5,1099,14,12.166666666666515,16:58:59,17:11:59,16
6216_6__6807_5,6216,6216_6,6807,6807_5,168,15,13.266666666666652,16:58:59,17:11:59,16
6216_6__6807_5,6216,6216_6,6807,6807_5,929,16,13.11666666666656,16:58:59,17:11:59,16
6216_6__6807_5,6216,6216_6,6807,6807_5,94,17,13.183333333333394,16:58:59,17:11:59,16
6216_6__6807_5,6216,6216_6,6807,6807_5,1080,18,12.983333333333348,16:58:59,17:11:59,16
6216_6__6807_5,6216,6216_6,6807,6807_5,146,19,12.699999999999818,16:58:59,17:11:59,16
6216_6__6807_5,6216,6216_6,6807,6807_5,1089,20,13.849999999999909,16:58:59,17:11:59,16
6216_6__6807_5,6216,6216_6,6807,6807_5,213,21,14.25,16:58:59,17:11:59,16
6216_6__6807_5,6216,6216_6,6807,6807_5,3907,22,14.366666666666788,16:58:59,17:11:59,16
6216_6__6807_5,6216,6216_6,6807,6807_5,949,23,14.583333333333258,16:58:59,17:11:59,16
6216_6__6807_5,6216,6216_6,6807,6807_5,913,24,15.0,16:58:59,17:11:59,16
6216_6__6807_5,6216,6216_6,6807,6807_5,307,25,15.099999999999909,16:58:59,17:11:59,16
6216_6__6807_5,6216,6216_6,6807,6807_5,212,26,15.766666666666652,16:58:59,17:11:59,16
6216_6__6807_5,6216,6216_6,6807,6807_5,2665,27,14.716666666666697,16:58:59,17:11:59,16
6216_6__6807_5,6216,6216_6,6807,6807_5,2736,28,14.583333333333485,16:58:59,17:11:59,16
6216_6__6807_5,6216,6216_6,6807,6807_5,705,29,14.75,16:58:59,17:11:59,16
6216_6__6807_5,6216,6216_6,6807,6807_5,9979,30,17.050000000000182,16:58:59,17:11:59,16
6216_6__6807_5,6216,6216_6,6807,6807_5,2492,31,16.783333333333303,16:58:59,17:11:59,16
6216_6__6807_5,6216,6216_6,6807,6807_5,946,32,17.200000000000045,16:58:59,17:11:59,16
6216_6__6807_5,6216,6216_6,6807,6807_5,947,33,16.38333333333344,16:58:59,17:11:59,16
6216_6__6807_5,6216,6216_6,6807,6807_5,327,34,17.083333333333485,16:58:59,17:11:59,16
6216_6__6807_5,6216,6216_6,6807,6807_5,3284,35,17.566666666666833,16:58:59,17:11:59,16
6216_6__6807_5,6216,6216_6,6807,6807_5,3282,36,15.833333333333485,16:58:59,17:11:59,16
6216_6__6807_5,6216,6216_6,6807,6807_5,2583,37,16.333333333333258,16:58:59,17:11:59,16
6216_6__6807_5,6216,6216_6,6807,6807_5,2590,38,16.73333333333335,16:58:59,17:11:59,16
6216_6__6807_5,6216,6216_6,6807,6807_5,603,39,16.066666666666606,16:58:59,17:11:59,16
6216_7__6807_6,6216,6216_7,6807,6807_6,3797,1,15.0,19:50:00,20:05:00,19
6216_7__6807_6,6216,6216_7,6807,6807_6,2984,2,13.700000000000045,19:50:00,20:05:00,19
6216_7__6807_6,6216,6216_7,6807,6807_6,2685,3,13.0,19:50:00,20:05:00,19
6216_7__6807_6,6216,6216_7,6807,6807_6,3649,4,13.416666666666515,19:50:00,20:05:00,19
6216_7__6807_6,6216,6216_7,6807,6807_6,3747,5,12.36666666666656,19:50:00,20:05:00,19
6216_7__6807_6,6216,6216_7,6807,6807_6,482,6,12.549999999999955,19:50:00,20:05:00,19
6216_7__6807_6,6216,6216_7,6807,6807_6,709,7,12.63333333333344,19:50:00,20:05:00,19
6216_7__6807_6,6216,6216_7,6807,6807_6,1577,8,15.649999999999864,19:50:00,20:05:00,19
6216_7__6807_6,6216,6216_7,6807,6807_6,990,9,16.76666666666665,19:50:00,20:05:00,19
6216_7__6807_6,6216,6216_7,6807,6807_6,109,10,16.199999999999818,19:50:00,20:05:00,19
6216_7__6807_6,6216,6216_7,6807,6807_6,396,11,15.916666666666742,19:50:00,20:05:00,19
6216_7__6807_6,6216,6216_7,6807,6807_6,1253,12,16.166666666666742,19:50:00,20:05:00,19
6216_7__6807_6,6216,6216_7,6807,6807_6,1554,13,16.0,19:50:00,20:05:00,19
6216_7__6807_6,6216,6216_7,6807,6807_6,1099,14,15.116666666666788,19:50:00,20:05:00,19
6216_7__6807_6,6216,6216_7,6807,6807_6,168,15,14.483333333333348,19:50:00,20:05:00,19
6216_7__6807_6,6216,6216_7,6807,6807_6,929,16,13.850000000000136,19:50:00,20:05:00,19
6216_7__6807_6,6216,6216_7,6807,6807_6,94,17,13.916666666666742,19:50:00,20:05:00,19
6216_7__6807_6,6216,6216_7,6807,6807_6,1080,18,13.849999999999909,19:50:00,20:05:00,19
6216_7__6807_6,6216,6216_7,6807,6807_6,146,19,14.049999999999955,19:50:00,20:05:00,19
6216_7__6807_6,6216,6216_7,6807,6807_6,1089,20,14.0,19:50:00,20:05:00,19
6216_7__6807_6,6216,6216_7,6807,6807_6,213,21,14.283333333333303,19:50:00,20:05:00,19
6216_7__6807_6,6216,6216_7,6807,6807_6,3907,22,14.350000000000136,19:50:00,20:05:00,19
6216_7__6807_6,6216,6216_7,6807,6807_6,949,23,13.049999999999955,19:50:00,20:05:00,19
6216_7__6807_6,6216,6216_7,6807,6807_6,913,24,12.916666666666742,19:50:00,20:05:00,19
6216_7__6807_6,6216,6216_7,6807,6807_6,307,25,12.683333333333167,19:50:00,20:05:00,19
6216_7__6807_6,6216,6216_7,6807,6807_6,212,26,12.049999999999955,19:50:00,20:05:00,19
6216_7__6807_6,6216,6216_7,6807,6807_6,2665,27,12.36666666666656,19:50:00,20:05:00,19
6216_7__6807_6,6216,6216_7,6807,6807_6,2736,28,11.216666666666697,19:50:00,20:05:00,19
6216_7__6807_6,6216,6216_7,6807,6807_6,705,29,12.783333333333303,19:50:00,20:05:00,19
6216_7__6807_6,6216,6216_7,6807,6807_6,9979,30,12.600000000000136,19:50:00,20:05:00,19
6216_7__6807_6,6216,6216_7,6807,6807_6,2492,31,13.299999999999955,19:50:00,20:05:00,19
6216_7__6807_6,6216,6216_7,6807,6807_6,946,32,12.483333333333348,19:50:00,20:05:00,19
6216_7__6807_6,6216,6216_7,6807,6807_6,947,33,12.566666666666606,19:50:00,20:05:00,19
6216_7__6807_6,6216,6216_7,6807,6807_6,327,34,13.0,19:50:00,20:05:00,19
6216_7__6807_6,6216,6216_7,6807,6807_6,3284,35,13.466666666666697,19:50:00,20:05:00,19
6216_7__6807_6,6216,6216_7,6807,6807_6,3282,36,14.933333333333394,19:50:00,20:05:00,19
6216_7__6807_6,6216,6216_7,6807,6807_6,2583,37,14.61666666666656,19:50:00,20:05:00,19
6216_7__6807_6,6216,6216_7,6807,6807_6,2590,38,14.0,19:50:00,20:05:00,19
6216_7__6807_6,6216,6216_7,6807,6807_6,603,39,15.449999999999818,19:50:00,20:05:00,19
6217_3__6804_3,6217,6217_3,6804,6804_3,3797,1,13.016666666666708,08:05:58,08:18:59,8
6217_3__6804_3,6217,6217_3,6804,6804_3,2984,2,12.416666666666686,08:05:58,08:18:59,8
6217_3__6804_3,6217,6217_3,6804,6804_3,2685,3,13.049999999999955,08:05:58,08:18:59,8
6217_3__6804_3,6217,6217_3,6804,6804_3,3649,4,12.583333333333314,08:05:58,08:18:59,8
6217_3__6804_3,6217,6217_3,6804,6804_3,3747,5,12.533333333333303,08:05:58,08:18:59,8
6217_3__6804_3,6217,6217_3,6804,6804_3,482,6,12.266666666666652,08:05:58,08:18:59,8
6217_3__6804_3,6217,6217_3,6804,6804_3,709,7,12.983333333333292,08:05:58,08:18:59,8
6217_3__6804_3,6217,6217_3,6804,6804_3,1577,8,13.050000000000011,08:05:58,08:18:59,8
6217_3__6804_3,6217,6217_3,6804,6804_3,990,9,14.950000000000045,08:05:58,08:18:59,8
6217_3__6804_3,6217,6217_3,6804,6804_3,109,10,13.616666666666674,08:05:58,08:18:59,8
6217_3__6804_3,6217,6217_3,6804,6804_3,396,11,14.649999999999977,08:05:58,08:18:59,8
6217_3__6804_3,6217,6217_3,6804,6804_3,1253,12,15.033333333333303,08:05:58,08:18:59,8
6217_3__6804_3,6217,6217_3,6804,6804_3,1554,13,14.266666666666595,08:05:58,08:18:59,8
6217_3__6804_3,6217,6217_3,6804,6804_3,1099,14,14.93333333333328,08:05:58,08:18:59,8
6217_3__6804_3,6217,6217_3,6804,6804_3,168,15,13.800000000000068,08:05:58,08:18:59,8
6217_3__6804_3,6217,6217_3,6804,6804_3,929,16,15.233333333333348,08:05:58,08:18:59,8
6217_3__6804_3,6217,6217_3,6804,6804_3,94,17,14.300000000000068,08:05:58,08:18:59,8
6217_3__6804_3,6217,6217_3,6804,6804_3,1080,18,15.833333333333371,08:05:58,08:18:59,8
6217_3__6804_3,6217,6217_3,6804,6804_3,146,19,16.43333333333328,08:05:58,08:18:59,8
6217_3__6804_3,6217,6217_3,6804,6804_3,1089,20,14.433333333333394,08:05:58,08:18:59,8
6217_3__6804_3,6217,6217_3,6804,6804_3,213,21,14.883333333333326,08:05:58,08:18:59,8
6217_3__6804_3,6217,6217_3,6804,6804_3,3907,22,14.5,08:05:58,08:18:59,8
6217_3__6804_3,6217,6217_3,6804,6804_3,949,23,13.450000000000045,08:05:58,08:18:59,8
6217_3__6804_3,6217,6217_3,6804,6804_3,913,24,13.850000000000023,08:05:58,08:18:59,8
6217_3__6804_3,6217,6217_3,6804,6804_3,307,25,13.266666666666652,08:05:58,08:18:59,8
6217_3__6804_3,6217,6217_3,6804,6804_3,212,26,13.600000000000023,08:05:58,08:18:59,8
6217_3__6804_3,6217,6217_3,6804,6804_3,2665,27,13.916666666666629,08:05:58,08:18:59,8
6217_3__6804_3,6217,6217_3,6804,6804_3,2736,28,13.299999999999955,08:05:58,08:18:59,8
6217_3__6804_3,6217,6217_3,6804,6804_3,705,29,12.666666666666629,08:05:58,08:18:59,8
6217_3__6804_3,6217,6217_3,6804,6804_3,9979,30,12.949999999999932,08:05:58,08:18:59,8
6217_3__6804_3,6217,6217_3,6804,6804_3,2492,31,12.466666666666697,08:05:58,08:18:59,8
6217_3__6804_3,6217,6217_3,6804,6804_3,946,32,12.816666666666606,08:05:58,08:18:59,8
6217_3__6804_3,6217,6217_3,6804,6804_3,947,33,12.25,08:05:58,08:18:59,8
6217_3__6804_3,6217,6217_3,6804,6804_3,327,34,12.083333333333371,08:05:58,08:18:59,8
6217_3__6804_3,6217,6217_3,6804,6804_3,3284,35,11.916666666666629,08:05:58,08:18:59,8
6217_3__6804_3,6217,6217_3,6804,6804_3,3282,36,11.266666666666652,08:05:58,08:18:59,8
6217_3__6804_3,6217,6217_3,6804,6804_3,2583,37,10.866666666666674,08:05:58,08:18:59,8
6217_3__6804_3,6217,6217_3,6804,6804_3,2590,38,11.299999999999955,08:05:58,08:18:59,8
6217_3__6804_3,6217,6217_3,6804,6804_3,603,39,10.550000000000068,08:05:58,08:18:59,8
6217_4__6804_4,6217,6217_4,6804,6804_4,3797,1,13.0,10:50:59,11:03:59,10
6217_4__6804_4,6217,6217_4,6804,6804_4,2984,2,14.116666666666674,10:50:59,11:03:59,10
6217_4__6804_4,6217,6217_4,6804,6804_4,2685,3,14.216666666666697,10:50:59,11:03:59,10
6217_4__6804_4,6217,6217_4,6804,6804_4,3649,4,14.949999999999932,10:50:59,11:03:59,10
6217_4__6804_4,6217,6217_4,6804,6804_4,3747,5,14.483333333333348,10:50:59,11:03:59,10
6217_4__6804_4,6217,6217_4,6804,6804_4,482,6,14.866666666666674,10:50:59,11:03:59,10
6217_4__6804_4,6217,6217_4,6804,6804_4,709,7,13.93333333333328,10:50:59,11:03:59,10
6217_4__6804_4,6217,6217_4,6804,6804_4,1577,8,14.466666666666583,10:50:59,11:03:59,10
6217_4__6804_4,6217,6217_4,6804,6804_4,990,9,13.450000000000045,10:50:59,11:03:59,10
6217_4__6804_4,6217,6217_4,6804,6804_4,109,10,13.56666666666672,10:50:59,11:03:59,10
6217_4__6804_4,6217,6217_4,6804,6804_4,396,11,14.016666666666652,10:50:59,11:03:59,10
6217_4__6804_4,6217,6217_4,6804,6804_4,1253,12,14.950000000000045,10:50:59,11:03:59,10
6217_4__6804_4,6217,6217_4,6804,6804_4,1554,13,14.616666666666674,10:50:59,11:03:59,10
6217_4__6804_4,6217,6217_4,6804,6804_4,1099,14,14.25,10:50:59,11:03:59,10
6217_4__6804_4,6217,6217_4,6804,6804_4,168,15,15.316666666666606,10:50:59,11:03:59,10
6217_4__6804_4,6217,6217_4,6804,6804_4,929,16,16.316666666666606,10:50:59,11:03:59,10
6217_4__6804_4,6217,6217_4,6804,6804_4,94,17,17.466666666666583,10:50:59,11:03:59,10
6217_4__6804_4,6217,6217_4,6804,6804_4,1080,18,19.033333333333303,10:50:59,11:03:59,10
6217_4__6804_4,6217,6217_4,6804,6804_4,146,19,19.533333333333303,10:50:59,11:03:59,10
6217_4__6804_4,6217,6217_4,6804,6804_4,1089,20,19.26666666666665,10:50:59,11:03:59,10
6217_4__6804_4,6217,6217_4,6804,6804_4,213,21,18.98333333333335,10:50:59,11:03:59,10
6217_4__6804_4,6217,6217_4,6804,6804_4,3907,22,18.983333333333235,10:50:59,11:03:59,10
6217_4__6804_4,6217,6217_4,6804,6804_4,949,23,20.266666666666765,10:50:59,11:03:59,10
6217_4__6804_4,6217,6217_4,6804,6804_4,913,24,19.533333333333303,10:50:59,11:03:59,10
6217_4__6804_4,6217,6217_4,6804,6804_4,307,25,19.649999999999977,10:50:59,11:03:59,10
6217_4__6804_4,6217,6217_4,6804,6804_4,212,26,19.06666666666672,10:50:59,11:03:59,10
6217_4__6804_4,6217,6217_4,6804,6804_4,2665,27,19.98333333333335,10:50:59,11:03:59,10
6217_4__6804_4,6217,6217_4,6804,6804_4,2736,28,18.683333333333394,10:50:59,11:03:59,10
6217_4__6804_4,6217,6217_4,6804,6804_4,705,29,20.01666666666665,10:50:59,11:03:59,10
6217_4__6804_4,6217,6217_4,6804,6804_4,9979,30,20.200000000000045,10:50:59,11:03:59,10
6217_4__6804_4,6217,6217_4,6804,6804_4,2492,31,20.899999999999977,10:50:59,11:03:59,10
6217_4__6804_4,6217,6217_4,6804,6804_4,946,32,21.66666666666663,10:50:59,11:03:59,10
6217_4__6804_4,6217,6217_4,6804,6804_4,947,33,23.699999999999932,10:50:59,11:03:59,10
6217_4__6804_4,6217,6217_4,6804,6804_4,327,34,24.81666666666672,10:50:59,11:03:59,10
6217_4__6804_4,6217,6217_4,6804,6804_4,3284,35,23.98333333333335,10:50:59,11:03:59,10
6217_4__6804_4,6217,6217_4,6804,6804_4,3282,36,23.76666666666665,10:50:59,11:03:59,10
6217_4__6804_4,6217,6217_4,6804,6804_4,2583,37,24.049999999999955,10:50:59,11:03:59,10
6217_4__6804_4,6217,6217_4,6804,6804_4,2590,38,24.58333333333337,10:50:59,11:03:59,10
6217_4__6804_4,6217,6217_4,6804,6804_4,603,39,25.216666666666697,10:50:59,11:03:59,10
6217_5__6804_5,6217,6217_5,6804,6804_5,3797,1,12.983333333333348,13:33:59,13:46:58,13
6217_5__6804_5,6217,6217_5,6804,6804_5,2984,2,13.533333333333303,13:33:59,13:46:58,13
6217_5__6804_5,6217,6217_5,6804,6804_5,2685,3,9.316666666666606,13:33:59,13:46:58,13
6217_5__6804_5,6217,6217_5,6804,6804_5,3747,5,13.133333333333326,13:33:59,13:46:58,13
6217_5__6804_5,6217,6217_5,6804,6804_5,482,6,12.716666666666697,13:33:59,13:46:58,13
6217_5__6804_5,6217,6217_5,6804,6804_5,709,7,13.833333333333371,13:33:59,13:46:58,13
6217_5__6804_5,6217,6217_5,6804,6804_5,1577,8,14.399999999999977,13:33:59,13:46:58,13
6217_5__6804_5,6217,6217_5,6804,6804_5,990,9,15.816666666666606,13:33:59,13:46:58,13
6217_5__6804_5,6217,6217_5,6804,6804_5,109,10,15.649999999999977,13:33:59,13:46:58,13
6217_5__6804_5,6217,6217_5,6804,6804_5,396,11,15.783333333333303,13:33:59,13:46:58,13
6217_5__6804_5,6217,6217_5,6804,6804_5,1253,12,16.73333333333335,13:33:59,13:46:58,13
6217_5__6804_5,6217,6217_5,6804,6804_5,1554,13,16.616666666666674,13:33:59,13:46:58,13
6217_5__6804_5,6217,6217_5,6804,6804_5,1099,14,16.366666666666674,13:33:59,13:46:58,13
6217_5__6804_5,6217,6217_5,6804,6804_5,168,15,16.01666666666665,13:33:59,13:46:58,13
6217_5__6804_5,6217,6217_5,6804,6804_5,929,16,16.033333333333303,13:33:59,13:46:58,13
6217_5__6804_5,6217,6217_5,6804,6804_5,94,17,16.59999999999991,13:33:59,13:46:58,13
6217_5__6804_5,6217,6217_5,6804,6804_5,1080,18,17.566666666666606,13:33:59,13:46:58,13
6217_5__6804_5,6217,6217_5,6804,6804_5,146,19,17.23333333333335,13:33:59,13:46:58,13
6217_5__6804_5,6217,6217_5,6804,6804_5,1089,20,16.716666666666583,13:33:59,13:46:58,13
6217_5__6804_5,6217,6217_5,6804,6804_5,213,21,15.849999999999909,13:33:59,13:46:58,13
6217_5__6804_5,6217,6217_5,6804,6804_5,3907,22,17.299999999999955,13:33:59,13:46:58,13
6217_5__6804_5,6217,6217_5,6804,6804_5,949,23,17.600000000000023,13:33:59,13:46:58,13
6217_5__6804_5,6217,6217_5,6804,6804_5,913,24,17.883333333333326,13:33:59,13:46:58,13
6217_5__6804_5,6217,6217_5,6804,6804_5,307,25,17.98333333333335,13:33:59,13:46:58,13
6217_5__6804_5,6217,6217_5,6804,6804_5,212,26,18.48333333333335,13:33:59,13:46:58,13
6217_5__6804_5,6217,6217_5,6804,6804_5,2665,27,17.949999999999932,13:33:59,13:46:58,13
6217_5__6804_5,6217,6217_5,6804,6804_5,2736,28,18.199999999999932,13:33:59,13:46:58,13
6217_5__6804_5,6217,6217_5,6804,6804_5,705,29,18.300000000000068,13:33:59,13:46:58,13
6217_5__6804_5,6217,6217_5,6804,6804_5,9979,30,18.949999999999932,13:33:59,13:46:58,13
6217_5__6804_5,6217,6217_5,6804,6804_5,2492,31,18.700000000000045,13:33:59,13:46:58,13
6217_5__6804_5,6217,6217_5,6804,6804_5,946,32,19.0,13:33:59,13:46:58,13
6217_5__6804_5,6217,6217_5,6804,6804_5,947,33,19.366666666666674,13:33:59,13:46:58,13
6217_5__6804_5,6217,6217_5,6804,6804_5,327,34,18.18333333333328,13:33:59,13:46:58,13
6217_5__6804_5,6217,6217_5,6804,6804_5,3284,35,18.866666666666674,13:33:59,13:46:58,13
6217_5__6804_5,6217,6217_5,6804,6804_5,3282,36,19.716666666666583,13:33:59,13:46:58,13
6217_5__6804_5,6217,6217_5,6804,6804_5,2583,37,19.550000000000068,13:33:59,13:46:58,13
6217_5__6804_5,6217,6217_5,6804,6804_5,2590,38,18.300000000000068,13:33:59,13:46:58,13
6217_5__6804_5,6217,6217_5,6804,6804_5,603,39,18.283333333333303,13:33:59,13:46:58,13
6217_6__6804_6,6217,6217_6,6804,6804_6,3797,1,12.983333333333348,16:19:59,16:32:58,16
6217_6__6804_6,6217,6217_6,6804,6804_6,2984,2,13.949999999999932,16:19:59,16:32:58,16
6217_6__6804_6,6217,6217_6,6804,6804_6,2685,3,13.083333333333371,16:19:59,16:32:58,16
6217_6__6804_6,6217,6217_6,6804,6804_6,3649,4,14.300000000000068,16:19:59,16:32:58,16
6217_6__6804_6,6217,6217_6,6804,6804_6,3747,5,14.666666666666629,16:19:59,16:32:58,16
6217_6__6804_6,6217,6217_6,6804,6804_6,482,6,14.533333333333417,16:19:59,16:32:58,16
6217_6__6804_6,6217,6217_6,6804,6804_6,709,7,14.5,16:19:59,16:32:58,16
6217_6__6804_6,6217,6217_6,6804,6804_6,1577,8,15.100000000000023,16:19:59,16:32:58,16
6217_6__6804_6,6217,6217_6,6804,6804_6,990,9,15.25,16:19:59,16:32:58,16
6217_6__6804_6,6217,6217_6,6804,6804_6,109,10,16.049999999999955,16:19:59,16:32:58,16
6217_6__6804_6,6217,6217_6,6804,6804_6,396,11,16.200000000000045,16:19:59,16:32:58,16
6217_6__6804_6,6217,6217_6,6804,6804_6,1253,12,15.600000000000023,16:19:59,16:32:58,16
6217_6__6804_6,6217,6217_6,6804,6804_6,1554,13,18.466666666666583,16:19:59,16:32:58,16
6217_6__6804_6,6217,6217_6,6804,6804_6,1099,14,17.766666666666765,16:19:59,16:32:58,16
6217_6__6804_6,6217,6217_6,6804,6804_6,168,15,20.01666666666665,16:19:59,16:32:58,16
6217_6__6804_6,6217,6217_6,6804,6804_6,929,16,20.700000000000045,16:19:59,16:32:58,16
6217_6__6804_6,6217,6217_6,6804,6804_6,94,17,20.93333333333328,16:19:59,16:32:58,16
6217_6__6804_6,6217,6217_6,6804,6804_6,1080,18,20.666666666666515,16:19:59,16:32:58,16
6217_6__6804_6,6217,6217_6,6804,6804_6,146,19,20.449999999999932,16:19:59,16:32:58,16
6217_6__6804_6,6217,6217_6,6804,6804_6,1089,20,20.31666666666672,16:19:59,16:32:58,16
6217_6__6804_6,6217,6217_6,6804,6804_6,213,21,22.0,16:19:59,16:32:58,16
6217_6__6804_6,6217,6217_6,6804,6804_6,3907,22,22.299999999999955,16:19:59,16:32:58,16
6217_6__6804_6,6217,6217_6,6804,6804_6,949,23,22.350000000000023,16:19:59,16:32:58,16
6217_6__6804_6,6217,6217_6,6804,6804_6,913,24,23.29999999999984,16:19:59,16:32:58,16
6217_6__6804_6,6217,6217_6,6804,6804_6,307,25,22.750000000000114,16:19:59,16:32:58,16
6217_6__6804_6,6217,6217_6,6804,6804_6,212,26,22.499999999999886,16:19:59,16:32:58,16
6217_6__6804_6,6217,6217_6,6804,6804_6,2665,27,23.46666666666681,16:19:59,16:32:58,16
6217_6__6804_6,6217,6217_6,6804,6804_6,2736,28,23.133333333333326,16:19:59,16:32:58,16
6217_6__6804_6,6217,6217_6,6804,6804_6,705,29,23.383333333333212,16:19:59,16:32:58,16
6217_6__6804_6,6217,6217_6,6804,6804_6,2492,31,25.466666666666697,16:19:59,16:32:58,16
6217_6__6804_6,6217,6217_6,6804,6804_6,327,34,23.466666666666697,16:19:59,16:32:58,16
6217_6__6804_6,6217,6217_6,6804,6804_6,3284,35,23.416666666666742,16:19:59,16:32:58,16
6217_6__6804_6,6217,6217_6,6804,6804_6,3282,36,24.15000000000009,16:19:59,16:32:58,16
6217_6__6804_6,6217,6217_6,6804,6804_6,2583,37,22.84999999999991,16:19:59,16:32:58,16
6217_6__6804_6,6217,6217_6,6804,6804_6,2590,38,23.98333333333335,16:19:59,16:32:58,16
6217_6__6804_6,6217,6217_6,6804,6804_6,603,39,23.799999999999955,16:19:59,16:32:58,16
6800_4__6801_2,6800,6800_4,6801,6801_2,3797,1,15.016666666666652,10:07:58,10:22:59,10
6800_4__6801_2,6800,6800_4,6801,6801_2,2984,2,14.383333333333326,10:07:58,10:22:59,10
6800_4__6801_2,6800,6800_4,6801,6801_2,2685,3,15.333333333333371,10:07:58,10:22:59,10
6800_4__6801_2,6800,6800_4,6801,6801_2,3649,4,14.31666666666672,10:07:58,10:22:59,10
6800_4__6801_2,6800,6800_4,6801,6801_2,3747,5,14.399999999999977,10:07:58,10:22:59,10
6800_4__6801_2,6800,6800_4,6801,6801_2,482,6,14.18333333333328,10:07:58,10:22:59,10
6800_4__6801_2,6800,6800_4,6801,6801_2,709,7,13.466666666666697,10:07:58,10:22:59,10
6800_4__6801_2,6800,6800_4,6801,6801_2,1577,8,14.283333333333303,10:07:58,10:22:59,10
6800_4__6801_2,6800,6800_4,6801,6801_2,990,9,13.716666666666697,10:07:58,10:22:59,10
6800_4__6801_2,6800,6800_4,6801,6801_2,109,10,12.116666666666674,10:07:58,10:22:59,10
6800_4__6801_2,6800,6800_4,6801,6801_2,396,11,11.266666666666652,10:07:58,10:22:59,10
6800_4__6801_2,6800,6800_4,6801,6801_2,1253,12,10.799999999999955,10:07:58,10:22:59,10
6800_4__6801_2,6800,6800_4,6801,6801_2,1554,13,11.050000000000068,10:07:58,10:22:59,10
6800_4__6801_2,6800,6800_4,6801,6801_2,1099,14,11.733333333333348,10:07:58,10:22:59,10
6800_4__6801_2,6800,6800_4,6801,6801_2,168,15,10.116666666666674,10:07:58,10:22:59,10
6800_4__6801_2,6800,6800_4,6801,6801_2,929,16,9.099999999999909,10:07:58,10:22:59,10
6800_4__6801_2,6800,6800_4,6801,6801_2,94,17,9.166666666666629,10:07:58,10:22:59,10
6800_4__6801_2,6800,6800_4,6801,6801_2,1080,18,9.766666666666652,10:07:58,10:22:59,10
6800_4__6801_2,6800,6800_4,6801,6801_2,146,19,9.483333333333348,10:07:58,10:22:59,10
6800_4__6801_2,6800,6800_4,6801,6801_2,1089,20,9.849999999999909,10:07:58,10:22:59,10
6800_4__6801_2,6800,6800_4,6801,6801_2,213,21,8.616666666666674,10:07:58,10:22:59,10
6800_4__6801_2,6800,6800_4,6801,6801_2,3907,22,9.466666666666697,10:07:58,10:22:59,10
6800_4__6801_2,6800,6800_4,6801,6801_2,949,23,9.399999999999977,10:07:58,10:22:59,10
6800_4__6801_2,6800,6800_4,6801,6801_2,913,24,9.216666666666583,10:07:58,10:22:59,10
6800_4__6801_2,6800,6800_4,6801,6801_2,307,25,9.56666666666672,10:07:58,10:22:59,10
6800_4__6801_2,6800,6800_4,6801,6801_2,212,26,9.483333333333348,10:07:58,10:22:59,10
6800_4__6801_2,6800,6800_4,6801,6801_2,2665,27,9.450000000000045,10:07:58,10:22:59,10
6800_4__6801_2,6800,6800_4,6801,6801_2,2736,28,9.916666666666629,10:07:58,10:22:59,10
6800_4__6801_2,6800,6800_4,6801,6801_2,705,29,10.700000000000045,10:07:58,10:22:59,10
6800_4__6801_2,6800,6800_4,6801,6801_2,9979,30,10.833333333333371,10:07:58,10:22:59,10
6800_4__6801_2,6800,6800_4,6801,6801_2,2492,31,11.033333333333303,10:07:58,10:22:59,10
6800_4__6801_2,6800,6800_4,6801,6801_2,946,32,10.666666666666742,10:07:58,10:22:59,10
6800_4__6801_2,6800,6800_4,6801,6801_2,947,33,9.883333333333326,10:07:58,10:22:59,10
6800_4__6801_2,6800,6800_4,6801,6801_2,327,34,10.116666666666674,10:07:58,10:22:59,10
6800_4__6801_2,6800,6800_4,6801,6801_2,3284,35,9.399999999999977,10:07:58,10:22:59,10
6800_4__6801_2,6800,6800_4,6801,6801_2,3282,36,7.183333333333394,10:07:58,10:22:59,10
6800_4__6801_2,6800,6800_4,6801,6801_2,2583,37,8.56666666666672,10:07:58,10:22:59,10
6800_4__6801_2,6800,6800_4,6801,6801_2,2590,38,8.300000000000068,10:07:58,10:22:59,10
6800_4__6801_2,6800,6800_4,6801,6801_2,603,39,8.816666666666606,10:07:58,10:22:59,10
6800_5__6801_3,6800,6800_5,6801,6801_3,3797,1,13.983333333333348,12:53:59,13:07:58,12
6800_5__6801_3,6800,6800_5,6801,6801_3,2984,2,13.083333333333371,12:53:59,13:07:58,12
6800_5__6801_3,6800,6800_5,6801,6801_3,2685,3,12.033333333333417,12:53:59,13:07:58,12
6800_5__6801_3,6800,6800_5,6801,6801_3,3649,4,11.450000000000045,12:53:59,13:07:58,12
6800_5__6801_3,6800,6800_5,6801,6801_3,3747,5,11.383333333333326,12:53:59,13:07:58,12
6800_5__6801_3,6800,6800_5,6801,6801_3,482,6,10.766666666666652,12:53:59,13:07:58,12
6800_5__6801_3,6800,6800_5,6801,6801_3,709,7,10.550000000000068,12:53:59,13:07:58,12
6800_5__6801_3,6800,6800_5,6801,6801_3,1577,8,9.366666666666674,12:53:59,13:07:58,12
6800_5__6801_3,6800,6800_5,6801,6801_3,990,9,9.700000000000045,12:53:59,13:07:58,12
6800_5__6801_3,6800,6800_5,6801,6801_3,109,10,10.149999999999977,12:53:59,13:07:58,12
6800_5__6801_3,6800,6800_5,6801,6801_3,396,11,10.149999999999977,12:53:59,13:07:58,12
6800_5__6801_3,6800,6800_5,6801,6801_3,1253,12,8.75,12:53:59,13:07:58,12
6800_5__6801_3,6800,6800_5,6801,6801_3,1554,13,8.916666666666629,12:53:59,13:07:58,12
6800_5__6801_3,6800,6800_5,6801,6801_3,1099,14,7.583333333333371,12:53:59,13:07:58,12
6800_5__6801_3,6800,6800_5,6801,6801_3,168,15,6.75,12:53:59,13:07:58,12
6800_5__6801_3,6800,6800_5,6801,6801_3,929,16,7.649999999999977,12:53:59,13:07:58,12
6800_5__6801_3,6800,6800_5,6801,6801_3,94,17,8.300000000000068,12:53:59,13:07:58,12
6800_5__6801_3,6800,6800_5,6801,6801_3,1080,18,7.783333333333417,12:53:59,13:07:58,12
6800_5__6801_3,6800,6800_5,6801,6801_3,146,19,7.4500000000000455,12:53:59,13:07:58,12
6800_5__6801_3,6800,6800_5,6801,6801_3,1089,20,8.483333333333348,12:53:59,13:07:58,12
6800_5__6801_3,6800,6800_5,6801,6801_3,213,21,8.316666666666606,12:53:59,13:07:58,12
6800_5__6801_3,6800,6800_5,6801,6801_3,3907,22,7.966666666666697,12:53:59,13:07:58,12
6800_5__6801_3,6800,6800_5,6801,6801_3,949,23,8.333333333333258,12:53:59,13:07:58,12
6800_5__6801_3,6800,6800_5,6801,6801_3,913,24,7.81666666666672,12:53:59,13:07:58,12
6800_5__6801_3,6800,6800_5,6801,6801_3,307,25,7.2000000000000455,12:53:59,13:07:58,12
6800_5__6801_3,6800,6800_5,6801,6801_3,212,26,7.583333333333371,12:53:59,13:07:58,12
6800_5__6801_3,6800,6800_5,6801,6801_3,2665,27,6.68333333333328,12:53:59,13:07:58,12
6800_5__6801_3,6800,6800_5,6801,6801_3,2736,28,7.3333333333332575,12:53:59,13:07:58,12
6800_5__6801_3,6800,6800_5,6801,6801_3,705,29,5.5166666666666515,12:53:59,13:07:58,12
6800_5__6801_3,6800,6800_5,6801,6801_3,9979,30,5.466666666666697,12:53:59,13:07:58,12
6800_5__6801_3,6800,6800_5,6801,6801_3,2492,31,5.9833333333333485,12:53:59,13:07:58,12
6800_5__6801_3,6800,6800_5,6801,6801_3,946,32,5.31666666666672,12:53:59,13:07:58,12
6800_5__6801_3,6800,6800_5,6801,6801_3,947,33,7.283333333333303,12:53:59,13:07:58,12
6800_5__6801_3,6800,6800_5,6801,6801_3,327,34,6.783333333333303,12:53:59,13:07:58,12
6800_5__6801_3,6800,6800_5,6801,6801_3,3284,35,7.2666666666666515,12:53:59,13:07:58,12
6800_5__6801_3,6800,6800_5,6801,6801_3,3282,36,6.0499999999999545,12:53:59,13:07:58,12
6800_5__6801_3,6800,6800_5,6801,6801_3,2583,37,5.68333333333328,12:53:59,13:07:58,12
6800_5__6801_3,6800,6800_5,6801,6801_3,2590,38,5.9500000000000455,12:53:59,13:07:58,12
6800_5__6801_3,6800,6800_5,6801,6801_3,603,39,6.0,12:53:59,13:07:58,12
6800_6__6801_4,6800,6800_6,6801,6801_4,3797,1,15.0,15:35:58,15:50:58,15
6800_6__6801_4,6800,6800_6,6801,6801_4,2984,2,14.600000000000023,15:35:58,15:50:58,15
6800_6__6801_4,6800,6800_6,6801,6801_4,2685,3,14.466666666666583,15:35:58,15:50:58,15
6800_6__6801_4,6800,6800_6,6801,6801_4,3649,4,14.083333333333371,15:35:58,15:50:58,15
6800_6__6801_4,6800,6800_6,6801,6801_4,3747,5,13.700000000000045,15:35:58,15:50:58,15
6800_6__6801_4,6800,6800_6,6801,6801_4,482,6,12.5,15:35:58,15:50:58,15
6800_6__6801_4,6800,6800_6,6801,6801_4,709,7,12.983333333333348,15:35:58,15:50:58,15
6800_6__6801_4,6800,6800_6,6801,6801_4,1577,8,13.149999999999977,15:35:58,15:50:58,15
6800_6__6801_4,6800,6800_6,6801,6801_4,990,9,13.466666666666697,15:35:58,15:50:58,15
6800_6__6801_4,6800,6800_6,6801,6801_4,109,10,14.216666666666583,15:35:58,15:50:58,15
6800_6__6801_4,6800,6800_6,6801,6801_4,396,11,12.833333333333258,15:35:58,15:50:58,15
6800_6__6801_4,6800,6800_6,6801,6801_4,1253,12,13.5,15:35:58,15:50:58,15
6800_6__6801_4,6800,6800_6,6801,6801_4,1554,13,13.133333333333326,15:35:58,15:50:58,15
6800_6__6801_4,6800,6800_6,6801,6801_4,1099,14,13.18333333333328,15:35:58,15:50:58,15
6800_6__6801_4,6800,6800_6,6801,6801_4,168,15,11.683333333333394,15:35:58,15:50:58,15
6800_6__6801_4,6800,6800_6,6801,6801_4,929,16,10.866666666666674,15:35:58,15:50:58,15
6800_6__6801_4,6800,6800_6,6801,6801_4,94,17,11.166666666666629,15:35:58,15:50:58,15
6800_6__6801_4,6800,6800_6,6801,6801_4,1080,18,10.966666666666697,15:35:58,15:50:58,15
6800_6__6801_4,6800,6800_6,6801,6801_4,146,19,11.049999999999955,15:35:58,15:50:58,15
6800_6__6801_4,6800,6800_6,6801,6801_4,1089,20,12.516666666666652,15:35:58,15:50:58,15
6800_6__6801_4,6800,6800_6,6801,6801_4,213,21,12.350000000000023,15:35:58,15:50:58,15
6800_6__6801_4,6800,6800_6,6801,6801_4,3907,22,12.366666666666674,15:35:58,15:50:58,15
6800_6__6801_4,6800,6800_6,6801,6801_4,949,23,12.683333333333394,15:35:58,15:50:58,15
6800_6__6801_4,6800,6800_6,6801,6801_4,913,24,12.666666666666742,15:35:58,15:50:58,15
6800_6__6801_4,6800,6800_6,6801,6801_4,307,25,11.783333333333417,15:35:58,15:50:58,15
6800_6__6801_4,6800,6800_6,6801,6801_4,212,26,11.983333333333348,15:35:58,15:50:58,15
6800_6__6801_4,6800,6800_6,6801,6801_4,2665,27,12.149999999999977,15:35:58,15:50:58,15
6800_6__6801_4,6800,6800_6,6801,6801_4,2736,28,12.700000000000045,15:35:58,15:50:58,15
6800_6__6801_4,6800,6800_6,6801,6801_4,705,29,11.899999999999977,15:35:58,15:50:58,15
6800_6__6801_4,6800,6800_6,6801,6801_4,9979,30,12.516666666666652,15:35:58,15:50:58,15
6800_6__6801_4,6800,6800_6,6801,6801_4,2492,31,12.983333333333348,15:35:58,15:50:58,15
6800_6__6801_4,6800,6800_6,6801,6801_4,946,32,12.783333333333303,15:35:58,15:50:58,15
6800_6__6801_4,6800,6800_6,6801,6801_4,947,33,11.81666666666672,15:35:58,15:50:58,15
6800_6__6801_4,6800,6800_6,6801,6801_4,327,34,11.550000000000068,15:35:58,15:50:58,15
6800_6__6801_4,6800,6800_6,6801,6801_4,3284,35,12.533333333333303,15:35:58,15:50:58,15
6800_6__6801_4,6800,6800_6,6801,6801_4,3282,36,11.533333333333303,15:35:58,15:50:58,15
6800_6__6801_4,6800,6800_6,6801,6801_4,2590,38,10.75,15:35:58,15:50:58,15
6801_1__6802_2,6801,6801_1,6802,6802_2,3797,1,11.0,07:40:59,07:51:59,7
6801_1__6802_2,6801,6801_1,6802,6802_2,2984,2,8.21666666666664,07:40:59,07:51:59,7
6801_1__6802_2,6801,6801_1,6802,6802_2,2685,3,7.300000000000011,07:40:59,07:51:59,7
6801_1__6802_2,6801,6801_1,6802,6802_2,3649,4,8.833333333333314,07:40:59,07:51:59,7
6801_1__6802_2,6801,6801_1,6802,6802_2,3747,5,9.083333333333314,07:40:59,07:51:59,7
6801_1__6802_2,6801,6801_1,6802,6802_2,482,6,9.5,07:40:59,07:51:59,7
6801_1__6802_2,6801,6801_1,6802,6802_2,709,7,10.083333333333314,07:40:59,07:51:59,7
6801_1__6802_2,6801,6801_1,6802,6802_2,1577,8,9.466666666666697,07:40:59,07:51:59,7
6801_1__6802_2,6801,6801_1,6802,6802_2,990,9,11.349999999999966,07:40:59,07:51:59,7
6801_1__6802_2,6801,6801_1,6802,6802_2,109,10,10.899999999999977,07:40:59,07:51:59,7
6801_1__6802_2,6801,6801_1,6802,6802_2,396,11,10.866666666666674,07:40:59,07:51:59,7
6801_1__6802_2,6801,6801_1,6802,6802_2,1253,12,9.683333333333337,07:40:59,07:51:59,7
6801_1__6802_2,6801,6801_1,6802,6802_2,1554,13,10.800000000000011,07:40:59,07:51:59,7
6801_1__6802_2,6801,6801_1,6802,6802_2,1099,14,11.683333333333337,07:40:59,07:51:59,7
6801_1__6802_2,6801,6801_1,6802,6802_2,168,15,11.916666666666686,07:40:59,07:51:59,7
6801_1__6802_2,6801,6801_1,6802,6802_2,929,16,12.166666666666686,07:40:59,07:51:59,7
6801_1__6802_2,6801,6801_1,6802,6802_2,94,17,11.099999999999966,07:40:59,07:51:59,7
6801_1__6802_2,6801,6801_1,6802,6802_2,1080,18,10.833333333333314,07:40:59,07:51:59,7
6801_1__6802_2,6801,6801_1,6802,6802_2,146,19,11.716666666666697,07:40:59,07:51:59,7
6801_1__6802_2,6801,6801_1,6802,6802_2,1089,20,10.966666666666697,07:40:59,07:51:59,7
6801_1__6802_2,6801,6801_1,6802,6802_2,213,21,11.183333333333337,07:40:59,07:51:59,7
6801_1__6802_2,6801,6801_1,6802,6802_2,3907,22,11.516666666666652,07:40:59,07:51:59,7
6801_1__6802_2,6801,6801_1,6802,6802_2,949,23,11.316666666666663,07:40:59,07:51:59,7
6801_1__6802_2,6801,6801_1,6802,6802_2,913,24,11.066666666666663,07:40:59,07:51:59,7
6801_1__6802_2,6801,6801_1,6802,6802_2,307,25,10.983333333333348,07:40:59,07:51:59,7
6801_1__6802_2,6801,6801_1,6802,6802_2,212,26,10.933333333333337,07:40:59,07:51:59,7
6801_1__6802_2,6801,6801_1,6802,6802_2,2665,27,11.18333333333328,07:40:59,07:51:59,7
6801_1__6802_2,6801,6801_1,6802,6802_2,2736,28,9.71666666666664,07:40:59,07:51:59,7
6801_1__6802_2,6801,6801_1,6802,6802_2,705,29,11.216666666666697,07:40:59,07:51:59,7
6801_1__6802_2,6801,6801_1,6802,6802_2,9979,30,10.800000000000068,07:40:59,07:51:59,7
6801_1__6802_2,6801,6801_1,6802,6802_2,2492,31,12.166666666666629,07:40:59,07:51:59,7
6801_1__6802_2,6801,6801_1,6802,6802_2,946,32,12.600000000000023,07:40:59,07:51:59,7
6801_1__6802_2,6801,6801_1,6802,6802_2,947,33,13.166666666666629,07:40:59,07:51:59,7
6801_1__6802_2,6801,6801_1,6802,6802_2,327,34,13.683333333333394,07:40:59,07:51:59,7
6801_1__6802_2,6801,6801_1,6802,6802_2,3284,35,13.666666666666629,07:40:59,07:51:59,7
6801_1__6802_2,6801,6801_1,6802,6802_2,3282,36,13.18333333333328,07:40:59,07:51:59,7
6801_1__6802_2,6801,6801_1,6802,6802_2,2583,37,13.416666666666629,07:40:59,07:51:59,7
6801_1__6802_2,6801,6801_1,6802,6802_2,2590,38,12.083333333333371,07:40:59,07:51:59,7
6801_1__6802_2,6801,6801_1,6802,6802_2,603,39,13.449999999999932,07:40:59,07:51:59,7
6801_2__6802_3,6801,6801_2,6802,6802_3,3797,1,14.0,10:22:59,10:36:59,10
6801_2__6802_3,6801,6801_2,6802,6802_3,2984,2,14.616666666666674,10:22:59,10:36:59,10
6801_2__6802_3,6801,6801_2,6802,6802_3,2685,3,13.68333333333328,10:22:59,10:36:59,10
6801_2__6802_3,6801,6801_2,6802,6802_3,3649,4,13.566666666666606,10:22:59,10:36:59,10
6801_2__6802_3,6801,6801_2,6802,6802_3,3747,5,14.25,10:22:59,10:36:59,10
6801_2__6802_3,6801,6801_2,6802,6802_3,482,6,14.033333333333303,10:22:59,10:36:59,10
6801_2__6802_3,6801,6801_2,6802,6802_3,709,7,15.68333333333328,10:22:59,10:36:59,10
6801_2__6802_3,6801,6801_2,6802,6802_3,1577,8,14.483333333333348,10:22:59,10:36:59,10
6801_2__6802_3,6801,6801_2,6802,6802_3,990,9,14.783333333333303,10:22:59,10:36:59,10
6801_2__6802_3,6801,6801_2,6802,6802_3,109,10,15.583333333333258,10:22:59,10:36:59,10
6801_2__6802_3,6801,6801_2,6802,6802_3,396,11,17.966666666666697,10:22:59,10:36:59,10
6801_2__6802_3,6801,6801_2,6802,6802_3,1253,12,18.416666666666742,10:22:59,10:36:59,10
6801_2__6802_3,6801,6801_2,6802,6802_3,1554,13,17.199999999999932,10:22:59,10:36:59,10
6801_2__6802_3,6801,6801_2,6802,6802_3,1099,14,17.550000000000068,10:22:59,10:36:59,10
6801_2__6802_3,6801,6801_2,6802,6802_3,168,15,17.033333333333303,10:22:59,10:36:59,10
6801_2__6802_3,6801,6801_2,6802,6802_3,929,16,18.133333333333326,10:22:59,10:36:59,10
6801_2__6802_3,6801,6801_2,6802,6802_3,94,17,17.300000000000068,10:22:59,10:36:59,10
6801_2__6802_3,6801,6801_2,6802,6802_3,1080,18,18.716666666666697,10:22:59,10:36:59,10
6801_2__6802_3,6801,6801_2,6802,6802_3,146,19,19.01666666666665,10:22:59,10:36:59,10
6801_2__6802_3,6801,6801_2,6802,6802_3,1089,20,18.533333333333417,10:22:59,10:36:59,10
6801_2__6802_3,6801,6801_2,6802,6802_3,213,21,19.399999999999977,10:22:59,10:36:59,10
6801_2__6802_3,6801,6801_2,6802,6802_3,3907,22,19.48333333333335,10:22:59,10:36:59,10
6801_2__6802_3,6801,6801_2,6802,6802_3,949,23,19.783333333333417,10:22:59,10:36:59,10
6801_2__6802_3,6801,6801_2,6802,6802_3,913,24,20.26666666666665,10:22:59,10:36:59,10
6801_2__6802_3,6801,6801_2,6802,6802_3,307,25,20.316666666666606,10:22:59,10:36:59,10
6801_2__6802_3,6801,6801_2,6802,6802_3,212,26,20.58333333333337,10:22:59,10:36:59,10
6801_2__6802_3,6801,6801_2,6802,6802_3,2665,27,20.816666666666606,10:22:59,10:36:59,10
6801_2__6802_3,6801,6801_2,6802,6802_3,2736,28,21.649999999999977,10:22:59,10:36:59,10
6801_2__6802_3,6801,6801_2,6802,6802_3,705,29,21.966666666666583,10:22:59,10:36:59,10
6801_2__6802_3,6801,6801_2,6802,6802_3,9979,30,23.16666666666663,10:22:59,10:36:59,10
6801_2__6802_3,6801,6801_2,6802,6802_3,2492,31,24.033333333333303,10:22:59,10:36:59,10
6801_2__6802_3,6801,6801_2,6802,6802_3,946,32,23.299999999999955,10:22:59,10:36:59,10
6801_2__6802_3,6801,6801_2,6802,6802_3,947,33,23.300000000000068,10:22:59,10:36:59,10
6801_2__6802_3,6801,6801_2,6802,6802_3,327,34,22.283333333333303,10:22:59,10:36:59,10
6801_2__6802_3,6801,6801_2,6802,6802_3,3284,35,23.816666666666606,10:22:59,10:36:59,10
6801_2__6802_3,6801,6801_2,6802,6802_3,3282,36,25.283333333333303,10:22:59,10:36:59,10
6801_2__6802_3,6801,6801_2,6802,6802_3,2583,37,23.283333333333303,10:22:59,10:36:59,10
6801_2__6802_3,6801,6801_2,6802,6802_3,2590,38,22.949999999999932,10:22:59,10:36:59,10
6801_2__6802_3,6801,6801_2,6802,6802_3,603,39,22.90000000000009,10:22:59,10:36:59,10
6801_3__6802_4,6801,6801_3,6802,6802_4,3797,1,13.0,13:07:58,13:20:58,13
6801_3__6802_4,6801,6801_3,6802,6802_4,2984,2,12.583333333333258,13:07:58,13:20:58,13
6801_3__6802_4,6801,6801_3,6802,6802_4,2685,3,13.083333333333258,13:07:58,13:20:58,13
6801_3__6802_4,6801,6801_3,6802,6802_4,3649,4,12.93333333333328,13:07:58,13:20:58,13
6801_3__6802_4,6801,6801_3,6802,6802_4,3747,5,12.75,13:07:58,13:20:58,13
6801_3__6802_4,6801,6801_3,6802,6802_4,482,6,13.166666666666629,13:07:58,13:20:58,13
6801_3__6802_4,6801,6801_3,6802,6802_4,709,7,11.5,13:07:58,13:20:58,13
6801_3__6802_4,6801,6801_3,6802,6802_4,1577,8,12.966666666666697,13:07:58,13:20:58,13
6801_3__6802_4,6801,6801_3,6802,6802_4,990,9,13.316666666666606,13:07:58,13:20:58,13
6801_3__6802_4,6801,6801_3,6802,6802_4,109,10,13.68333333333328,13:07:58,13:20:58,13
6801_3__6802_4,6801,6801_3,6802,6802_4,396,11,13.800000000000068,13:07:58,13:20:58,13
6801_3__6802_4,6801,6801_3,6802,6802_4,1253,12,14.850000000000023,13:07:58,13:20:58,13
6801_3__6802_4,6801,6801_3,6802,6802_4,1554,13,15.31666666666672,13:07:58,13:20:58,13
6801_3__6802_4,6801,6801_3,6802,6802_4,1099,14,16.149999999999977,13:07:58,13:20:58,13
6801_3__6802_4,6801,6801_3,6802,6802_4,168,15,16.933333333333394,13:07:58,13:20:58,13
6801_3__6802_4,6801,6801_3,6802,6802_4,929,16,16.08333333333337,13:07:58,13:20:58,13
6801_3__6802_4,6801,6801_3,6802,6802_4,94,17,16.616666666666674,13:07:58,13:20:58,13
6801_3__6802_4,6801,6801_3,6802,6802_4,1080,18,16.09999999999991,13:07:58,13:20:58,13
6801_3__6802_4,6801,6801_3,6802,6802_4,146,19,17.733333333333235,13:07:58,13:20:58,13
6801_3__6802_4,6801,6801_3,6802,6802_4,1089,20,17.616666666666674,13:07:58,13:20:58,13
6801_3__6802_4,6801,6801_3,6802,6802_4,213,21,17.216666666666697,13:07:58,13:20:58,13
6801_3__6802_4,6801,6801_3,6802,6802_4,3907,22,17.649999999999977,13:07:58,13:20:58,13
6801_3__6802_4,6801,6801_3,6802,6802_4,949,23,17.81666666666672,13:07:58,13:20:58,13
6801_3__6802_4,6801,6801_3,6802,6802_4,913,24,18.43333333333328,13:07:58,13:20:58,13
6801_3__6802_4,6801,6801_3,6802,6802_4,307,25,18.216666666666583,13:07:58,13:20:58,13
6801_3__6802_4,6801,6801_3,6802,6802_4,212,26,18.366666666666674,13:07:58,13:20:58,13
6801_3__6802_4,6801,6801_3,6802,6802_4,2665,27,18.850000000000023,13:07:58,13:20:58,13
6801_3__6802_4,6801,6801_3,6802,6802_4,2736,28,18.83333333333337,13:07:58,13:20:58,13
6801_3__6802_4,6801,6801_3,6802,6802_4,705,29,20.01666666666665,13:07:58,13:20:58,13
6801_3__6802_4,6801,6801_3,6802,6802_4,9979,30,20.116666666666674,13:07:58,13:20:58,13
6801_3__6802_4,6801,6801_3,6802,6802_4,2492,31,20.18333333333328,13:07:58,13:20:58,13
6801_3__6802_4,6801,6801_3,6802,6802_4,946,32,20.66666666666663,13:07:58,13:20:58,13
6801_3__6802_4,6801,6801_3,6802,6802_4,947,33,19.799999999999955,13:07:58,13:20:58,13
6801_3__6802_4,6801,6801_3,6802,6802_4,327,34,20.866666666666674,13:07:58,13:20:58,13
6801_3__6802_4,6801,6801_3,6802,6802_4,3284,35,20.933333333333394,13:07:58,13:20:58,13
6801_3__6802_4,6801,6801_3,6802,6802_4,3282,36,21.533333333333303,13:07:58,13:20:58,13
6801_3__6802_4,6801,6801_3,6802,6802_4,2583,37,22.33333333333337,13:07:58,13:20:58,13
6801_3__6802_4,6801,6801_3,6802,6802_4,2590,38,23.899999999999977,13:07:58,13:20:58,13
6801_3__6802_4,6801,6801_3,6802,6802_4,603,39,22.666666666666742,13:07:58,13:20:58,13
6801_4__6802_5,6801,6801_4,6802,6802_5,3797,1,14.016666666666652,15:50:58,16:04:59,15
6801_4__6802_5,6801,6801_4,6802,6802_5,2984,2,15.93333333333328,15:50:58,16:04:59,15
6801_4__6802_5,6801,6801_4,6802,6802_5,2685,3,16.633333333333326,15:50:58,16:04:59,15
6801_4__6802_5,6801,6801_4,6802,6802_5,3649,4,17.133333333333326,15:50:58,16:04:59,15
6801_4__6802_5,6801,6801_4,6802,6802_5,3747,5,18.216666666666583,15:50:58,16:04:59,15
6801_4__6802_5,6801,6801_4,6802,6802_5,482,6,17.90000000000009,15:50:58,16:04:59,15
6801_4__6802_5,6801,6801_4,6802,6802_5,709,7,18.23333333333335,15:50:58,16:04:59,15
6801_4__6802_5,6801,6801_4,6802,6802_5,1577,8,16.300000000000068,15:50:58,16:04:59,15
6801_4__6802_5,6801,6801_4,6802,6802_5,990,9,17.59999999999991,15:50:58,16:04:59,15
6801_4__6802_5,6801,6801_4,6802,6802_5,109,10,16.383333333333326,15:50:58,16:04:59,15
6801_4__6802_5,6801,6801_4,6802,6802_5,396,11,17.633333333333326,15:50:58,16:04:59,15
6801_4__6802_5,6801,6801_4,6802,6802_5,1253,12,17.600000000000023,15:50:58,16:04:59,15
6801_4__6802_5,6801,6801_4,6802,6802_5,1554,13,17.366666666666674,15:50:58,16:04:59,15
6801_4__6802_5,6801,6801_4,6802,6802_5,1099,14,17.06666666666672,15:50:58,16:04:59,15
6801_4__6802_5,6801,6801_4,6802,6802_5,168,15,19.0,15:50:58,16:04:59,15
6801_4__6802_5,6801,6801_4,6802,6802_5,929,16,19.25,15:50:58,16:04:59,15
6801_4__6802_5,6801,6801_4,6802,6802_5,94,17,19.100000000000023,15:50:58,16:04:59,15
6801_4__6802_5,6801,6801_4,6802,6802_5,1080,18,19.23333333333335,15:50:58,16:04:59,15
6801_4__6802_5,6801,6801_4,6802,6802_5,146,19,20.48333333333335,15:50:58,16:04:59,15
6801_4__6802_5,6801,6801_4,6802,6802_5,1089,20,19.25,15:50:58,16:04:59,15
6801_4__6802_5,6801,6801_4,6802,6802_5,213,21,19.100000000000023,15:50:58,16:04:59,15
6801_4__6802_5,6801,6801_4,6802,6802_5,3907,22,19.716666666666697,15:50:58,16:04:59,15
6801_4__6802_5,6801,6801_4,6802,6802_5,949,23,19.66666666666663,15:50:58,16:04:59,15
6801_4__6802_5,6801,6801_4,6802,6802_5,913,24,19.299999999999955,15:50:58,16:04:59,15
6801_4__6802_5,6801,6801_4,6802,6802_5,307,25,20.01666666666665,15:50:58,16:04:59,15
6801_4__6802_5,6801,6801_4,6802,6802_5,212,26,20.25,15:50:58,16:04:59,15
6801_4__6802_5,6801,6801_4,6802,6802_5,2665,27,19.5,15:50:58,16:04:59,15
6801_4__6802_5,6801,6801_4,6802,6802_5,2736,28,19.41666666666663,15:50:58,16:04:59,15
6801_4__6802_5,6801,6801_4,6802,6802_5,705,29,18.5,15:50:58,16:04:59,15
6801_4__6802_5,6801,6801_4,6802,6802_5,9979,30,19.199999999999932,15:50:58,16:04:59,15
6801_4__6802_5,6801,6801_4,6802,6802_5,2492,31,18.03333333333319,15:50:58,16:04:59,15
6801_4__6802_5,6801,6801_4,6802,6802_5,946,32,18.533333333333303,15:50:58,16:04:59,15
6801_4__6802_5,6801,6801_4,6802,6802_5,947,33,19.68333333333328,15:50:58,16:04:59,15
6801_4__6802_5,6801,6801_4,6802,6802_5,327,34,20.950000000000045,15:50:58,16:04:59,15
6801_4__6802_5,6801,6801_4,6802,6802_5,3284,35,19.56666666666672,15:50:58,16:04:59,15
6801_4__6802_5,6801,6801_4,6802,6802_5,3282,36,19.933333333333394,15:50:58,16:04:59,15
6801_4__6802_5,6801,6801_4,6802,6802_5,2583,37,20.25,15:50:58,16:04:59,15
6801_4__6802_5,6801,6801_4,6802,6802_5,2590,38,21.199999999999932,15:50:58,16:04:59,15
6801_4__6802_5,6801,6801_4,6802,6802_5,603,39,22.616666666666788,15:50:58,16:04:59,15
6801_5__6802_6,6801,6801_5,6802,6802_6,2984,2,14.266666666666879,18:50:52,19:05:08,18
6801_5__6802_6,6801,6801_5,6802,6802_6,2685,3,14.916666666666742,18:50:52,19:05:08,18
6801_5__6802_6,6801,6801_5,6802,6802_6,3649,4,14.766666666666652,18:50:52,19:05:08,18
6801_5__6802_6,6801,6801_5,6802,6802_6,3747,5,16.40000000000009,18:50:52,19:05:08,18
6801_5__6802_6,6801,6801_5,6802,6802_6,482,6,15.53333333333353,18:50:52,19:05:08,18
6801_5__6802_6,6801,6801_5,6802,6802_6,709,7,16.583333333333258,18:50:52,19:05:08,18
6801_5__6802_6,6801,6801_5,6802,6802_6,1577,8,15.03333333333353,18:50:52,19:05:08,18
6801_5__6802_6,6801,6801_5,6802,6802_6,990,9,15.849999999999909,18:50:52,19:05:08,18
6801_5__6802_6,6801,6801_5,6802,6802_6,109,10,14.766666666666652,18:50:52,19:05:08,18
6801_5__6802_6,6801,6801_5,6802,6802_6,396,11,14.799999999999955,18:50:52,19:05:08,18
6801_5__6802_6,6801,6801_5,6802,6802_6,1253,12,14.183333333333167,18:50:52,19:05:08,18
6801_5__6802_6,6801,6801_5,6802,6802_6,1554,13,12.450000000000045,18:50:52,19:05:08,18
6801_5__6802_6,6801,6801_5,6802,6802_6,1099,14,13.566666666666606,18:50:52,19:05:08,18
6801_5__6802_6,6801,6801_5,6802,6802_6,168,15,11.516666666666652,18:50:52,19:05:08,18
6801_5__6802_6,6801,6801_5,6802,6802_6,929,16,10.799999999999955,18:50:52,19:05:08,18
6801_5__6802_6,6801,6801_5,6802,6802_6,94,17,10.900000000000091,18:50:52,19:05:08,18
6801_5__6802_6,6801,6801_5,6802,6802_6,1080,18,11.049999999999955,18:50:52,19:05:08,18
6801_5__6802_6,6801,6801_5,6802,6802_6,146,19,11.099999999999909,18:50:52,19:05:08,18
6801_5__6802_6,6801,6801_5,6802,6802_6,1089,20,9.433333333333394,18:50:52,19:05:08,18
6801_5__6802_6,6801,6801_5,6802,6802_6,213,21,11.033333333333303,18:50:52,19:05:08,18
6801_5__6802_6,6801,6801_5,6802,6802_6,3907,22,10.900000000000091,18:50:52,19:05:08,18
6801_5__6802_6,6801,6801_5,6802,6802_6,949,23,11.766666666666652,18:50:52,19:05:08,18
6801_5__6802_6,6801,6801_5,6802,6802_6,913,24,12.066666666666606,18:50:52,19:05:08,18
6801_5__6802_6,6801,6801_5,6802,6802_6,307,25,12.316666666666606,18:50:52,19:05:08,18
6801_5__6802_6,6801,6801_5,6802,6802_6,212,26,10.983333333333348,18:50:52,19:05:08,18
6801_5__6802_6,6801,6801_5,6802,6802_6,2665,27,9.75,18:50:52,19:05:08,18
6801_5__6802_6,6801,6801_5,6802,6802_6,2736,28,10.399999999999864,18:50:52,19:05:08,18
6801_5__6802_6,6801,6801_5,6802,6802_6,705,29,10.583333333333258,18:50:52,19:05:08,18
6801_5__6802_6,6801,6801_5,6802,6802_6,9979,30,11.383333333333212,18:50:52,19:05:08,18
6801_5__6802_6,6801,6801_5,6802,6802_6,2492,31,11.466666666666697,18:50:52,19:05:08,18
6801_5__6802_6,6801,6801_5,6802,6802_6,946,32,10.25,18:50:52,19:05:08,18
6801_5__6802_6,6801,6801_5,6802,6802_6,947,33,10.483333333333121,18:50:52,19:05:08,18
6801_5__6802_6,6801,6801_5,6802,6802_6,327,34,9.916666666666742,18:50:52,19:05:08,18
6801_5__6802_6,6801,6801_5,6802,6802_6,3284,35,9.883333333333212,18:50:52,19:05:08,18
6801_5__6802_6,6801,6801_5,6802,6802_6,3282,36,10.316666666666833,18:50:52,19:05:08,18
6801_5__6802_6,6801,6801_5,6802,6802_6,2583,37,8.75,18:50:52,19:05:08,18
6801_5__6802_6,6801,6801_5,6802,6802_6,2590,38,8.233333333333348,18:50:52,19:05:08,18
6801_5__6802_6,6801,6801_5,6802,6802_6,603,39,8.666666666666742,18:50:52,19:05:08,18
6802_2__6217_3,6802,6802_2,6217,6217_3,3797,1,13.983333333333292,07:51:59,08:05:58,7
6802_2__6217_3,6802,6802_2,6217,6217_3,2984,2,15.850000000000023,07:51:59,08:05:58,7
6802_2__6217_3,6802,6802_2,6217,6217_3,2685,3,15.933333333333337,07:51:59,08:05:58,7
6802_2__6217_3,6802,6802_2,6217,6217_3,3649,4,15.833333333333371,07:51:59,08:05:58,7
6802_2__6217_3,6802,6802_2,6217,6217_3,3747,5,16.150000000000034,07:51:59,08:05:58,7
6802_2__6217_3,6802,6802_2,6217,6217_3,482,6,16.58333333333337,07:51:59,08:05:58,7
6802_2__6217_3,6802,6802_2,6217,6217_3,709,7,15.983333333333348,07:51:59,08:05:58,7
6802_2__6217_3,6802,6802_2,6217,6217_3,1577,8,16.299999999999955,07:51:59,08:05:58,7
6802_2__6217_3,6802,6802_2,6217,6217_3,990,9,14.116666666666674,07:51:59,08:05:58,7
6802_2__6217_3,6802,6802_2,6217,6217_3,109,10,15.100000000000023,07:51:59,08:05:58,7
6802_2__6217_3,6802,6802_2,6217,6217_3,396,11,14.766666666666708,07:51:59,08:05:58,7
6802_2__6217_3,6802,6802_2,6217,6217_3,1253,12,16.416666666666686,07:51:59,08:05:58,7
6802_2__6217_3,6802,6802_2,6217,6217_3,1554,13,16.716666666666697,07:51:59,08:05:58,7
6802_2__6217_3,6802,6802_2,6217,6217_3,1099,14,16.200000000000045,07:51:59,08:05:58,7
6802_2__6217_3,6802,6802_2,6217,6217_3,168,15,16.049999999999955,07:51:59,08:05:58,7
6802_2__6217_3,6802,6802_2,6217,6217_3,929,16,15.200000000000045,07:51:59,08:05:58,7
6802_2__6217_3,6802,6802_2,6217,6217_3,94,17,16.21666666666664,07:51:59,08:05:58,7
6802_2__6217_3,6802,6802_2,6217,6217_3,1080,18,16.683333333333337,07:51:59,08:05:58,7
6802_2__6217_3,6802,6802_2,6217,6217_3,146,19,15.950000000000045,07:51:59,08:05:58,7
6802_2__6217_3,6802,6802_2,6217,6217_3,1089,20,17.766666666666595,07:51:59,08:05:58,7
6802_2__6217_3,6802,6802_2,6217,6217_3,213,21,18.000000000000057,07:51:59,08:05:58,7
6802_2__6217_3,6802,6802_2,6217,6217_3,3907,22,17.18333333333328,07:51:59,08:05:58,7
6802_2__6217_3,6802,6802_2,6217,6217_3,949,23,18.91666666666663,07:51:59,08:05:58,7
6802_2__6217_3,6802,6802_2,6217,6217_3,913,24,19.600000000000023,07:51:59,08:05:58,7
6802_2__6217_3,6802,6802_2,6217,6217_3,307,25,19.883333333333326,07:51:59,08:05:58,7
6802_2__6217_3,6802,6802_2,6217,6217_3,212,26,19.76666666666665,07:51:59,08:05:58,7
6802_2__6217_3,6802,6802_2,6217,6217_3,2665,27,19.350000000000023,07:51:59,08:05:58,7
6802_2__6217_3,6802,6802_2,6217,6217_3,2736,28,20.850000000000023,07:51:59,08:05:58,7
6802_2__6217_3,6802,6802_2,6217,6217_3,705,29,20.18333333333328,07:51:59,08:05:58,7
6802_2__6217_3,6802,6802_2,6217,6217_3,9979,30,19.83333333333337,07:51:59,08:05:58,7
6802_2__6217_3,6802,6802_2,6217,6217_3,2492,31,19.616666666666674,07:51:59,08:05:58,7
6802_2__6217_3,6802,6802_2,6217,6217_3,946,32,17.966666666666697,07:51:59,08:05:58,7
6802_2__6217_3,6802,6802_2,6217,6217_3,947,33,18.049999999999955,07:51:59,08:05:58,7
6802_2__6217_3,6802,6802_2,6217,6217_3,327,34,18.066666666666606,07:51:59,08:05:58,7
6802_2__6217_3,6802,6802_2,6217,6217_3,3284,35,17.950000000000045,07:51:59,08:05:58,7
6802_2__6217_3,6802,6802_2,6217,6217_3,3282,36,18.83333333333337,07:51:59,08:05:58,7
6802_2__6217_3,6802,6802_2,6217,6217_3,2583,37,17.65000000000009,07:51:59,08:05:58,7
6802_2__6217_3,6802,6802_2,6217,6217_3,2590,38,17.81666666666672,07:51:59,08:05:58,7
6802_2__6217_3,6802,6802_2,6217,6217_3,603,39,17.633333333333326,07:51:59,08:05:58,7
6802_3__6217_4,6802,6802_3,6217,6217_4,3797,1,14.0,10:36:59,10:50:59,10
6802_3__6217_4,6802,6802_3,6217,6217_4,2984,2,12.783333333333303,10:36:59,10:50:59,10
6802_3__6217_4,6802,6802_3,6217,6217_4,2685,3,12.983333333333348,10:36:59,10:50:59,10
6802_3__6217_4,6802,6802_3,6217,6217_4,3649,4,13.783333333333417,10:36:59,10:50:59,10
6802_3__6217_4,6802,6802_3,6217,6217_4,3747,5,14.550000000000068,10:36:59,10:50:59,10
6802_3__6217_4,6802,6802_3,6217,6217_4,482,6,14.366666666666674,10:36:59,10:50:59,10
6802_3__6217_4,6802,6802_3,6217,6217_4,709,7,14.466666666666697,10:36:59,10:50:59,10
6802_3__6217_4,6802,6802_3,6217,6217_4,1577,8,13.050000000000068,10:36:59,10:50:59,10
6802_3__6217_4,6802,6802_3,6217,6217_4,990,9,14.016666666666652,10:36:59,10:50:59,10
6802_3__6217_4,6802,6802_3,6217,6217_4,109,10,14.25,10:36:59,10:50:59,10
6802_3__6217_4,6802,6802_3,6217,6217_4,396,11,12.5,10:36:59,10:50:59,10
6802_3__6217_4,6802,6802_3,6217,6217_4,1253,12,12.216666666666583,10:36:59,10:50:59,10
6802_3__6217_4,6802,6802_3,6217,6217_4,1554,13,13.433333333333394,10:36:59,10:50:59,10
6802_3__6217_4,6802,6802_3,6217,6217_4,1099,14,12.549999999999955,10:36:59,10:50:59,10
6802_3__6217_4,6802,6802_3,6217,6217_4,168,15,12.950000000000045,10:36:59,10:50:59,10
6802_3__6217_4,6802,6802_3,6217,6217_4,929,16,12.783333333333417,10:36:59,10:50:59,10
6802_3__6217_4,6802,6802_3,6217,6217_4,94,17,13.350000000000023,10:36:59,10:50:59,10
6802_3__6217_4,6802,6802_3,6217,6217_4,1080,18,11.75,10:36:59,10:50:59,10
6802_3__6217_4,6802,6802_3,6217,6217_4,146,19,11.366666666666674,10:36:59,10:50:59,10
6802_3__6217_4,6802,6802_3,6217,6217_4,1089,20,12.649999999999977,10:36:59,10:50:59,10
6802_3__6217_4,6802,6802_3,6217,6217_4,213,21,12.983333333333348,10:36:59,10:50:59,10
6802_3__6217_4,6802,6802_3,6217,6217_4,3907,22,12.583333333333371,10:36:59,10:50:59,10
6802_3__6217_4,6802,6802_3,6217,6217_4,949,23,11.849999999999909,10:36:59,10:50:59,10
6802_3__6217_4,6802,6802_3,6217,6217_4,913,24,11.56666666666672,10:36:59,10:50:59,10
6802_3__6217_4,6802,6802_3,6217,6217_4,307,25,10.983333333333348,10:36:59,10:50:59,10
6802_3__6217_4,6802,6802_3,6217,6217_4,212,26,11.416666666666629,10:36:59,10:50:59,10
6802_3__6217_4,6802,6802_3,6217,6217_4,2665,27,10.666666666666629,10:36:59,10:50:59,10
6802_3__6217_4,6802,6802_3,6217,6217_4,2736,28,9.633333333333326,10:36:59,10:50:59,10
6802_3__6217_4,6802,6802_3,6217,6217_4,705,29,8.833333333333371,10:36:59,10:50:59,10
6802_3__6217_4,6802,6802_3,6217,6217_4,9979,30,7.216666666666697,10:36:59,10:50:59,10
6802_3__6217_4,6802,6802_3,6217,6217_4,2492,31,6.300000000000068,10:36:59,10:50:59,10
6802_3__6217_4,6802,6802_3,6217,6217_4,946,32,5.4500000000000455,10:36:59,10:50:59,10
6802_3__6217_4,6802,6802_3,6217,6217_4,947,33,4.7666666666666515,10:36:59,10:50:59,10
6802_3__6217_4,6802,6802_3,6217,6217_4,327,34,5.649999999999977,10:36:59,10:50:59,10
6802_3__6217_4,6802,6802_3,6217,6217_4,3284,35,4.900000000000091,10:36:59,10:50:59,10
6802_3__6217_4,6802,6802_3,6217,6217_4,3282,36,4.0,10:36:59,10:50:59,10
6802_3__6217_4,6802,6802_3,6217,6217_4,2583,37,4.933333333333394,10:36:59,10:50:59,10
6802_3__6217_4,6802,6802_3,6217,6217_4,2590,38,4.5166666666666515,10:36:59,10:50:59,10
6802_3__6217_4,6802,6802_3,6217,6217_4,603,39,4.3333333333332575,10:36:59,10:50:59,10
6802_4__6217_5,6802,6802_4,6217,6217_5,3797,1,13.016666666666652,13:20:58,13:33:59,13
6802_4__6217_5,6802,6802_4,6217,6217_5,2984,2,12.966666666666697,13:20:58,13:33:59,13
6802_4__6217_5,6802,6802_4,6217,6217_5,2685,3,17.800000000000068,13:20:58,13:33:59,13
6802_4__6217_5,6802,6802_4,6217,6217_5,3747,5,14.200000000000045,13:20:58,13:33:59,13
6802_4__6217_5,6802,6802_4,6217,6217_5,482,6,14.516666666666652,13:20:58,13:33:59,13
6802_4__6217_5,6802,6802_4,6217,6217_5,709,7,15.216666666666583,13:20:58,13:33:59,13
6802_4__6217_5,6802,6802_4,6217,6217_5,1577,8,14.616666666666674,13:20:58,13:33:59,13
6802_4__6217_5,6802,6802_4,6217,6217_5,990,9,14.200000000000045,13:20:58,13:33:59,13
6802_4__6217_5,6802,6802_4,6217,6217_5,109,10,13.966666666666697,13:20:58,13:33:59,13
6802_4__6217_5,6802,6802_4,6217,6217_5,396,11,14.633333333333326,13:20:58,13:33:59,13
6802_4__6217_5,6802,6802_4,6217,6217_5,1253,12,14.533333333333303,13:20:58,13:33:59,13
6802_4__6217_5,6802,6802_4,6217,6217_5,1554,13,14.333333333333371,13:20:58,13:33:59,13
6802_4__6217_5,6802,6802_4,6217,6217_5,1099,14,13.883333333333326,13:20:58,13:33:59,13
6802_4__6217_5,6802,6802_4,6217,6217_5,168,15,13.616666666666674,13:20:58,13:33:59,13
6802_4__6217_5,6802,6802_4,6217,6217_5,929,16,14.766666666666652,13:20:58,13:33:59,13
6802_4__6217_5,6802,6802_4,6217,6217_5,94,17,14.483333333333348,13:20:58,13:33:59,13
6802_4__6217_5,6802,6802_4,6217,6217_5,1080,18,14.400000000000091,13:20:58,13:33:59,13
6802_4__6217_5,6802,6802_4,6217,6217_5,146,19,14.0,13:20:58,13:33:59,13
6802_4__6217_5,6802,6802_4,6217,6217_5,1089,20,14.0,13:20:58,13:33:59,13
6802_4__6217_5,6802,6802_4,6217,6217_5,213,21,13.850000000000023,13:20:58,13:33:59,13
6802_4__6217_5,6802,6802_4,6217,6217_5,3907,22,14.600000000000023,13:20:58,13:33:59,13
6802_4__6217_5,6802,6802_4,6217,6217_5,949,23,14.0,13:20:58,13:33:59,13
6802_4__6217_5,6802,6802_4,6217,6217_5,913,24,13.416666666666629,13:20:58,13:33:59,13
6802_4__6217_5,6802,6802_4,6217,6217_5,307,25,13.933333333333394,13:20:58,13:33:59,13
6802_4__6217_5,6802,6802_4,6217,6217_5,212,26,13.100000000000023,13:20:58,13:33:59,13
6802_4__6217_5,6802,6802_4,6217,6217_5,2665,27,13.850000000000023,13:20:58,13:33:59,13
6802_4__6217_5,6802,6802_4,6217,6217_5,2736,28,13.466666666666697,13:20:58,13:33:59,13
6802_4__6217_5,6802,6802_4,6217,6217_5,705,29,11.816666666666606,13:20:58,13:33:59,13
6802_4__6217_5,6802,6802_4,6217,6217_5,9979,30,11.899999999999977,13:20:58,13:33:59,13
6802_4__6217_5,6802,6802_4,6217,6217_5,2492,31,12.149999999999977,13:20:58,13:33:59,13
6802_4__6217_5,6802,6802_4,6217,6217_5,946,32,13.050000000000068,13:20:58,13:33:59,13
6802_4__6217_5,6802,6802_4,6217,6217_5,947,33,13.133333333333326,13:20:58,13:33:59,13
6802_4__6217_5,6802,6802_4,6217,6217_5,327,34,13.06666666666672,13:20:58,13:33:59,13
6802_4__6217_5,6802,6802_4,6217,6217_5,3284,35,13.116666666666674,13:20:58,13:33:59,13
6802_4__6217_5,6802,6802_4,6217,6217_5,3282,36,13.650000000000091,13:20:58,13:33:59,13
6802_4__6217_5,6802,6802_4,6217,6217_5,2583,37,13.949999999999932,13:20:58,13:33:59,13
6802_4__6217_5,6802,6802_4,6217,6217_5,2590,38,13.383333333333326,13:20:58,13:33:59,13
6802_4__6217_5,6802,6802_4,6217,6217_5,603,39,14.649999999999977,13:20:58,13:33:59,13
6802_5__6217_6,6802,6802_5,6217,6217_6,3797,1,15.0,16:04:59,16:19:59,16
6802_5__6217_6,6802,6802_5,6217,6217_6,2984,2,12.333333333333371,16:04:59,16:19:59,16
6802_5__6217_6,6802,6802_5,6217,6217_6,2685,3,13.016666666666652,16:04:59,16:19:59,16
6802_5__6217_6,6802,6802_5,6217,6217_6,3649,4,12.716666666666583,16:04:59,16:19:59,16
6802_5__6217_6,6802,6802_5,6217,6217_6,3747,5,12.300000000000068,16:04:59,16:19:59,16
6802_5__6217_6,6802,6802_5,6217,6217_6,482,6,12.833333333333258,16:04:59,16:19:59,16
6802_5__6217_6,6802,6802_5,6217,6217_6,709,7,11.816666666666606,16:04:59,16:19:59,16
6802_5__6217_6,6802,6802_5,6217,6217_6,1577,8,12.016666666666652,16:04:59,16:19:59,16
6802_5__6217_6,6802,6802_5,6217,6217_6,990,9,11.56666666666672,16:04:59,16:19:59,16
6802_5__6217_6,6802,6802_5,6217,6217_6,109,10,11.63333333333344,16:04:59,16:19:59,16
6802_5__6217_6,6802,6802_5,6217,6217_6,396,11,11.200000000000045,16:04:59,16:19:59,16
6802_5__6217_6,6802,6802_5,6217,6217_6,1253,12,10.766666666666652,16:04:59,16:19:59,16
6802_5__6217_6,6802,6802_5,6217,6217_6,1554,13,9.116666666666674,16:04:59,16:19:59,16
6802_5__6217_6,6802,6802_5,6217,6217_6,1099,14,10.18333333333328,16:04:59,16:19:59,16
6802_5__6217_6,6802,6802_5,6217,6217_6,168,15,7.066666666666606,16:04:59,16:19:59,16
6802_5__6217_6,6802,6802_5,6217,6217_6,929,16,6.683333333333394,16:04:59,16:19:59,16
6802_5__6217_6,6802,6802_5,6217,6217_6,94,17,6.06666666666672,16:04:59,16:19:59,16
6802_5__6217_6,6802,6802_5,6217,6217_6,1080,18,6.5,16:04:59,16:19:59,16
6802_5__6217_6,6802,6802_5,6217,6217_6,146,19,5.600000000000023,16:04:59,16:19:59,16
6802_5__6217_6,6802,6802_5,6217,6217_6,1089,20,5.850000000000023,16:04:59,16:19:59,16
6802_5__6217_6,6802,6802_5,6217,6217_6,213,21,3.9166666666666288,16:04:59,16:19:59,16
6802_5__6217_6,6802,6802_5,6217,6217_6,3907,22,3.2999999999999545,16:04:59,16:19:59,16
6802_5__6217_6,6802,6802_5,6217,6217_6,949,23,2.8666666666666742,16:04:59,16:19:59,16
6802_5__6217_6,6802,6802_5,6217,6217_6,913,24,2.3166666666667197,16:04:59,16:19:59,16
6802_5__6217_6,6802,6802_5,6217,6217_6,307,25,2.7999999999999545,16:04:59,16:19:59,16
6802_5__6217_6,6802,6802_5,6217,6217_6,212,26,2.8333333333333712,16:04:59,16:19:59,16
6802_5__6217_6,6802,6802_5,6217,6217_6,2665,27,2.3999999999999773,16:04:59,16:19:59,16
6802_5__6217_6,6802,6802_5,6217,6217_6,2736,28,2.1166666666666742,16:04:59,16:19:59,16
6802_5__6217_6,6802,6802_5,6217,6217_6,705,29,3.0666666666667197,16:04:59,16:19:59,16
6802_5__6217_6,6802,6802_5,6217,6217_6,2492,31,1.5666666666668334,16:04:59,16:19:59,16
6802_5__6217_6,6802,6802_5,6217,6217_6,327,34,2.783333333333303,16:04:59,16:19:59,16
6802_5__6217_6,6802,6802_5,6217,6217_6,3284,35,2.8999999999998636,16:04:59,16:19:59,16
6802_5__6217_6,6802,6802_5,6217,6217_6,3282,36,2.9333333333331666,16:04:59,16:19:59,16
6802_5__6217_6,6802,6802_5,6217,6217_6,2583,37,3.333333333333485,16:04:59,16:19:59,16
6802_5__6217_6,6802,6802_5,6217,6217_6,2590,38,2.866666666666788,16:04:59,16:19:59,16
6802_5__6217_6,6802,6802_5,6217,6217_6,603,39,1.283333333333303,16:04:59,16:19:59,16
6802_6__6804_7,6802,6802_6,6804,6804_7,3797,1,16.0,19:03:59,19:19:59,19
6802_6__6804_7,6802,6802_6,6804,6804_7,2984,2,15.933333333333167,19:03:59,19:19:59,19
6802_6__6804_7,6802,6802_6,6804,6804_7,2685,3,15.266666666666652,19:03:59,19:19:59,19
6802_6__6804_7,6802,6802_6,6804,6804_7,3649,4,14.833333333333258,19:03:59,19:19:59,19
6802_6__6804_7,6802,6802_6,6804,6804_7,3747,5,14.0,19:03:59,19:19:59,19
6802_6__6804_7,6802,6802_6,6804,6804_7,482,6,14.25,19:03:59,19:19:59,19
6802_6__6804_7,6802,6802_6,6804,6804_7,709,7,13.850000000000136,19:03:59,19:19:59,19
6802_6__6804_7,6802,6802_6,6804,6804_7,1577,8,14.766666666666652,19:03:59,19:19:59,19
6802_6__6804_7,6802,6802_6,6804,6804_7,990,9,14.049999999999955,19:03:59,19:19:59,19
6802_6__6804_7,6802,6802_6,6804,6804_7,109,10,14.566666666666606,19:03:59,19:19:59,19
6802_6__6804_7,6802,6802_6,6804,6804_7,396,11,13.516666666666652,19:03:59,19:19:59,19
6802_6__6804_7,6802,6802_6,6804,6804_7,1253,12,14.683333333333394,19:03:59,19:19:59,19
6802_6__6804_7,6802,6802_6,6804,6804_7,1554,13,16.149999999999864,19:03:59,19:19:59,19
6802_6__6804_7,6802,6802_6,6804,6804_7,1099,14,15.783333333333303,19:03:59,19:19:59,19
6802_6__6804_7,6802,6802_6,6804,6804_7,168,15,15.399999999999864,19:03:59,19:19:59,19
6802_6__6804_7,6802,6802_6,6804,6804_7,929,16,16.88333333333344,19:03:59,19:19:59,19
6802_6__6804_7,6802,6802_6,6804,6804_7,94,17,16.533333333333303,19:03:59,19:19:59,19
6802_6__6804_7,6802,6802_6,6804,6804_7,1080,18,15.833333333333485,19:03:59,19:19:59,19
6802_6__6804_7,6802,6802_6,6804,6804_7,146,19,16.38333333333344,19:03:59,19:19:59,19
6802_6__6804_7,6802,6802_6,6804,6804_7,1089,20,15.783333333333303,19:03:59,19:19:59,19
6802_6__6804_7,6802,6802_6,6804,6804_7,213,21,14.38333333333344,19:03:59,19:19:59,19
6802_6__6804_7,6802,6802_6,6804,6804_7,3907,22,14.466666666666697,19:03:59,19:19:59,19
6802_6__6804_7,6802,6802_6,6804,6804_7,949,23,13.816666666666606,19:03:59,19:19:59,19
6802_6__6804_7,6802,6802_6,6804,6804_7,913,24,13.416666666666742,19:03:59,19:19:59,19
6802_6__6804_7,6802,6802_6,6804,6804_7,307,25,13.233333333333348,19:03:59,19:19:59,19
6802_6__6804_7,6802,6802_6,6804,6804_7,212,26,13.566666666666606,19:03:59,19:19:59,19
6802_6__6804_7,6802,6802_6,6804,6804_7,2665,27,14.849999999999909,19:03:59,19:19:59,19
6802_6__6804_7,6802,6802_6,6804,6804_7,2736,28,14.016666666666652,19:03:59,19:19:59,19
6802_6__6804_7,6802,6802_6,6804,6804_7,705,29,14.766666666666652,19:03:59,19:19:59,19
6802_6__6804_7,6802,6802_6,6804,6804_7,9979,30,14.716666666666697,19:03:59,19:19:59,19
6802_6__6804_7,6802,6802_6,6804,6804_7,2492,31,14.449999999999818,19:03:59,19:19:59,19
6802_6__6804_7,6802,6802_6,6804,6804_7,946,32,14.350000000000136,19:03:59,19:19:59,19
6802_6__6804_7,6802,6802_6,6804,6804_7,947,33,14.866666666666788,19:03:59,19:19:59,19
6802_6__6804_7,6802,6802_6,6804,6804_7,327,34,15.25,19:03:59,19:19:59,19
6802_6__6804_7,6802,6802_6,6804,6804_7,3284,35,15.216666666666697,19:03:59,19:19:59,19
6802_6__6804_7,6802,6802_6,6804,6804_7,3282,36,14.383333333333212,19:03:59,19:19:59,19
6802_6__6804_7,6802,6802_6,6804,6804_7,2583,37,15.166666666666515,19:03:59,19:19:59,19
6802_6__6804_7,6802,6802_6,6804,6804_7,2590,38,15.200000000000045,19:03:59,19:19:59,19
6802_6__6804_7,6802,6802_6,6804,6804_7,603,39,15.983333333333348,19:03:59,19:19:59,19
6804_1__6216_1,6804,6804_1,6216,6216_1,3649,4,14.616666666666646,03:39:22,03:53:59,3
6804_1__6216_1,6804,6804_1,6216,6216_1,3747,5,14.5,03:39:22,03:53:59,3
6804_1__6216_1,6804,6804_1,6216,6216_1,482,6,15.01666666666668,03:39:22,03:53:59,3
6804_1__6216_1,6804,6804_1,6216,6216_1,709,7,15.900000000000006,03:39:22,03:53:59,3
6804_1__6216_1,6804,6804_1,6216,6216_1,1577,8,14.75,03:39:22,03:53:59,3
6804_1__6216_1,6804,6804_1,6216,6216_1,990,9,15.433333333333309,03:39:22,03:53:59,3
6804_1__6216_1,6804,6804_1,6216,6216_1,109,10,15.233333333333348,03:39:22,03:53:59,3
6804_1__6216_1,6804,6804_1,6216,6216_1,396,11,14.166666666666686,03:39:22,03:53:59,3
6804_1__6216_1,6804,6804_1,6216,6216_1,1253,12,14.53333333333336,03:39:22,03:53:59,3
6804_1__6216_1,6804,6804_1,6216,6216_1,1554,13,14.900000000000006,03:39:22,03:53:59,3
6804_1__6216_1,6804,6804_1,6216,6216_1,1099,14,14.566666666666663,03:39:22,03:53:59,3
6804_1__6216_1,6804,6804_1,6216,6216_1,168,15,15.549999999999983,03:39:22,03:53:59,3
6804_1__6216_1,6804,6804_1,6216,6216_1,929,16,15.633333333333326,03:39:22,03:53:59,3
6804_1__6216_1,6804,6804_1,6216,6216_1,94,17,14.366666666666646,03:39:22,03:53:59,3
6804_1__6216_1,6804,6804_1,6216,6216_1,1080,18,14.533333333333331,03:39:22,03:53:59,3
6804_1__6216_1,6804,6804_1,6216,6216_1,146,19,14.933333333333337,03:39:22,03:53:59,3
6804_1__6216_1,6804,6804_1,6216,6216_1,1089,20,14.883333333333326,03:39:22,03:53:59,3
6804_1__6216_1,6804,6804_1,6216,6216_1,3907,22,15.583333333333343,03:39:22,03:53:59,3
6804_1__6216_1,6804,6804_1,6216,6216_1,949,23,15.133333333333354,03:39:22,03:53:59,3
6804_1__6216_1,6804,6804_1,6216,6216_1,913,24,15.566666666666663,03:39:22,03:53:59,3
6804_1__6216_1,6804,6804_1,6216,6216_1,307,25,15.683333333333309,03:39:22,03:53:59,3
6804_1__6216_1,6804,6804_1,6216,6216_1,212,26,14.399999999999977,03:39:22,03:53:59,3
6804_1__6216_1,6804,6804_1,6216,6216_1,2665,27,14.733333333333348,03:39:22,03:53:59,3
6804_1__6216_1,6804,6804_1,6216,6216_1,2736,28,15.900000000000006,03:39:22,03:53:59,3
6804_1__6216_1,6804,6804_1,6216,6216_1,705,29,15.400000000000006,03:39:22,03:53:59,3
6804_1__6216_1,6804,6804_1,6216,6216_1,9979,30,15.149999999999977,03:39:22,03:53:59,3
6804_1__6216_1,6804,6804_1,6216,6216_1,2492,31,14.400000000000034,03:39:22,03:53:59,3
6804_1__6216_1,6804,6804_1,6216,6216_1,946,32,14.5,03:39:22,03:53:59,3
6804_1__6216_1,6804,6804_1,6216,6216_1,947,33,13.983333333333348,03:39:22,03:53:59,3
6804_1__6216_1,6804,6804_1,6216,6216_1,327,34,13.53333333333336,03:39:22,03:53:59,3
6804_1__6216_1,6804,6804_1,6216,6216_1,3284,35,12.633333333333326,03:39:22,03:53:59,3
6804_1__6216_1,6804,6804_1,6216,6216_1,3282,36,12.93333333333328,03:39:22,03:53:59,3
6804_1__6216_1,6804,6804_1,6216,6216_1,2583,37,12.950000000000045,03:39:22,03:53:59,3
6804_1__6216_1,6804,6804_1,6216,6216_1,2590,38,12.550000000000011,03:39:22,03:53:59,3
6804_1__6216_1,6804,6804_1,6216,6216_1,603,39,12.633333333333326,03:39:22,03:53:59,3
6804_3__6805_1,6804,6804_3,6805,6805_1,3797,1,13.0,08:18:59,08:31:59,8
6804_3__6805_1,6804,6804_3,6805,6805_1,2984,2,14.516666666666595,08:18:59,08:31:59,8
6804_3__6805_1,6804,6804_3,6805,6805_1,2685,3,14.183333333333337,08:18:59,08:31:59,8
6804_3__6805_1,6804,6804_3,6805,6805_1,3649,4,12.983333333333292,08:18:59,08:31:59,8
6804_3__6805_1,6804,6804_3,6805,6805_1,3747,5,13.250000000000057,08:18:59,08:31:59,8
6804_3__6805_1,6804,6804_3,6805,6805_1,482,6,13.316666666666606,08:18:59,08:31:59,8
6804_3__6805_1,6804,6804_3,6805,6805_1,709,7,12.800000000000068,08:18:59,08:31:59,8
6804_3__6805_1,6804,6804_3,6805,6805_1,1577,8,12.81666666666672,08:18:59,08:31:59,8
6804_3__6805_1,6804,6804_3,6805,6805_1,990,9,11.299999999999955,08:18:59,08:31:59,8
6804_3__6805_1,6804,6804_3,6805,6805_1,109,10,12.216666666666697,08:18:59,08:31:59,8
6804_3__6805_1,6804,6804_3,6805,6805_1,396,11,11.533333333333303,08:18:59,08:31:59,8
6804_3__6805_1,6804,6804_3,6805,6805_1,1253,12,10.050000000000068,08:18:59,08:31:59,8
6804_3__6805_1,6804,6804_3,6805,6805_1,1554,13,9.283333333333417,08:18:59,08:31:59,8
6804_3__6805_1,6804,6804_3,6805,6805_1,1099,14,8.916666666666629,08:18:59,08:31:59,8
6804_3__6805_1,6804,6804_3,6805,6805_1,168,15,10.049999999999955,08:18:59,08:31:59,8
6804_3__6805_1,6804,6804_3,6805,6805_1,929,16,10.983333333333235,08:18:59,08:31:59,8
6804_3__6805_1,6804,6804_3,6805,6805_1,94,17,11.0,08:18:59,08:31:59,8
6804_3__6805_1,6804,6804_3,6805,6805_1,1080,18,8.866666666666674,08:18:59,08:31:59,8
6804_3__6805_1,6804,6804_3,6805,6805_1,146,19,9.06666666666672,08:18:59,08:31:59,8
6804_3__6805_1,6804,6804_3,6805,6805_1,1089,20,9.733333333333348,08:18:59,08:31:59,8
6804_3__6805_1,6804,6804_3,6805,6805_1,213,21,9.199999999999932,08:18:59,08:31:59,8
6804_3__6805_1,6804,6804_3,6805,6805_1,3907,22,9.366666666666674,08:18:59,08:31:59,8
6804_3__6805_1,6804,6804_3,6805,6805_1,949,23,9.049999999999955,08:18:59,08:31:59,8
6804_3__6805_1,6804,6804_3,6805,6805_1,913,24,8.649999999999977,08:18:59,08:31:59,8
6804_3__6805_1,6804,6804_3,6805,6805_1,307,25,8.950000000000045,08:18:59,08:31:59,8
6804_3__6805_1,6804,6804_3,6805,6805_1,212,26,8.649999999999977,08:18:59,08:31:59,8
6804_3__6805_1,6804,6804_3,6805,6805_1,2665,27,8.75,08:18:59,08:31:59,8
6804_3__6805_1,6804,6804_3,6805,6805_1,2736,28,9.266666666666765,08:18:59,08:31:59,8
6804_3__6805_1,6804,6804_3,6805,6805_1,705,29,9.333333333333371,08:18:59,08:31:59,8
6804_3__6805_1,6804,6804_3,6805,6805_1,9979,30,9.300000000000068,08:18:59,08:31:59,8
6804_3__6805_1,6804,6804_3,6805,6805_1,2492,31,9.149999999999977,08:18:59,08:31:59,8
6804_3__6805_1,6804,6804_3,6805,6805_1,946,32,8.983333333333348,08:18:59,08:31:59,8
6804_3__6805_1,6804,6804_3,6805,6805_1,947,33,9.450000000000045,08:18:59,08:31:59,8
6804_3__6805_1,6804,6804_3,6805,6805_1,327,34,10.0,08:18:59,08:31:59,8
6804_3__6805_1,6804,6804_3,6805,6805_1,3284,35,10.700000000000045,08:18:59,08:31:59,8
6804_3__6805_1,6804,6804_3,6805,6805_1,3282,36,10.450000000000045,08:18:59,08:31:59,8
6804_3__6805_1,6804,6804_3,6805,6805_1,2583,37,12.233333333333235,08:18:59,08:31:59,8
6804_3__6805_1,6804,6804_3,6805,6805_1,2590,38,11.316666666666606,08:18:59,08:31:59,8
6804_3__6805_1,6804,6804_3,6805,6805_1,603,39,11.449999999999932,08:18:59,08:31:59,8
6804_4__6805_2,6804,6804_4,6805,6805_2,3797,1,13.0,11:03:59,11:16:59,11
6804_4__6805_2,6804,6804_4,6805,6805_2,2984,2,13.216666666666697,11:03:59,11:16:59,11
6804_4__6805_2,6804,6804_4,6805,6805_2,2685,3,12.899999999999977,11:03:59,11:16:59,11
6804_4__6805_2,6804,6804_4,6805,6805_2,3649,4,11.866666666666674,11:03:59,11:16:59,11
6804_4__6805_2,6804,6804_4,6805,6805_2,3747,5,10.36666666666656,11:03:59,11:16:59,11
6804_4__6805_2,6804,6804_4,6805,6805_2,482,6,10.5,11:03:59,11:16:59,11
6804_4__6805_2,6804,6804_4,6805,6805_2,709,7,10.633333333333326,11:03:59,11:16:59,11
6804_4__6805_2,6804,6804_4,6805,6805_2,1577,8,11.183333333333394,11:03:59,11:16:59,11
6804_4__6805_2,6804,6804_4,6805,6805_2,990,9,12.466666666666697,11:03:59,11:16:59,11
6804_4__6805_2,6804,6804_4,6805,6805_2,109,10,11.899999999999977,11:03:59,11:16:59,11
6804_4__6805_2,6804,6804_4,6805,6805_2,396,11,10.799999999999955,11:03:59,11:16:59,11
6804_4__6805_2,6804,6804_4,6805,6805_2,1253,12,9.899999999999977,11:03:59,11:16:59,11
6804_4__6805_2,6804,6804_4,6805,6805_2,1554,13,9.616666666666674,11:03:59,11:16:59,11
6804_4__6805_2,6804,6804_4,6805,6805_2,1099,14,10.866666666666674,11:03:59,11:16:59,11
6804_4__6805_2,6804,6804_4,6805,6805_2,168,15,9.766666666666652,11:03:59,11:16:59,11
6804_4__6805_2,6804,6804_4,6805,6805_2,929,16,10.233333333333348,11:03:59,11:16:59,11
6804_4__6805_2,6804,6804_4,6805,6805_2,94,17,8.266666666666652,11:03:59,11:16:59,11
6804_4__6805_2,6804,6804_4,6805,6805_2,1080,18,6.5,11:03:59,11:16:59,11
6804_4__6805_2,6804,6804_4,6805,6805_2,146,19,7.683333333333394,11:03:59,11:16:59,11
6804_4__6805_2,6804,6804_4,6805,6805_2,1089,20,6.833333333333371,11:03:59,11:16:59,11
6804_4__6805_2,6804,6804_4,6805,6805_2,213,21,6.633333333333326,11:03:59,11:16:59,11
6804_4__6805_2,6804,6804_4,6805,6805_2,3907,22,6.266666666666765,11:03:59,11:16:59,11
6804_4__6805_2,6804,6804_4,6805,6805_2,949,23,5.5,11:03:59,11:16:59,11
6804_4__6805_2,6804,6804_4,6805,6805_2,913,24,5.399999999999977,11:03:59,11:16:59,11
6804_4__6805_2,6804,6804_4,6805,6805_2,307,25,5.833333333333371,11:03:59,11:16:59,11
6804_4__6805_2,6804,6804_4,6805,6805_2,212,26,6.066666666666606,11:03:59,11:16:59,11
6804_4__6805_2,6804,6804_4,6805,6805_2,2665,27,6.116666666666674,11:03:59,11:16:59,11
6804_4__6805_2,6804,6804_4,6805,6805_2,2736,28,7.199999999999932,11:03:59,11:16:59,11
6804_4__6805_2,6804,6804_4,6805,6805_2,705,29,5.966666666666697,11:03:59,11:16:59,11
6804_4__6805_2,6804,6804_4,6805,6805_2,9979,30,5.5833333333332575,11:03:59,11:16:59,11
6804_4__6805_2,6804,6804_4,6805,6805_2,2492,31,4.899999999999977,11:03:59,11:16:59,11
6804_4__6805_2,6804,6804_4,6805,6805_2,946,32,4.2666666666666515,11:03:59,11:16:59,11
6804_4__6805_2,6804,6804_4,6805,6805_2,947,33,2.8500000000000227,11:03:59,11:16:59,11
6804_4__6805_2,6804,6804_4,6805,6805_2,327,34,1.9833333333333485,11:03:59,11:16:59,11
6804_4__6805_2,6804,6804_4,6805,6805_2,3284,35,1.8833333333333258,11:03:59,11:16:59,11
6804_4__6805_2,6804,6804_4,6805,6805_2,3282,36,1.566666666666606,11:03:59,11:16:59,11
6804_4__6805_2,6804,6804_4,6805,6805_2,2583,37,1.1833333333332803,11:03:59,11:16:59,11
6804_4__6805_2,6804,6804_4,6805,6805_2,2590,38,1.5833333333333712,11:03:59,11:16:59,11
6804_4__6805_2,6804,6804_4,6805,6805_2,603,39,1.0499999999999545,11:03:59,11:16:59,11
6804_5__6805_3,6804,6804_5,6805,6805_3,3797,1,12.016666666666652,13:46:58,13:58:59,13
6804_5__6805_3,6804,6804_5,6805,6805_3,2685,3,10.116666666666674,13:46:58,13:58:59,13
6804_5__6805_3,6804,6804_5,6805,6805_3,3747,5,10.783333333333303,13:46:58,13:58:59,13
6804_5__6805_3,6804,6804_5,6805,6805_3,482,6,10.733333333333348,13:46:58,13:58:59,13
6804_5__6805_3,6804,6804_5,6805,6805_3,709,7,9.083333333333371,13:46:58,13:58:59,13
6804_5__6805_3,6804,6804_5,6805,6805_3,1577,8,9.283333333333303,13:46:58,13:58:59,13
6804_5__6805_3,6804,6804_5,6805,6805_3,990,9,8.466666666666697,13:46:58,13:58:59,13
6804_5__6805_3,6804,6804_5,6805,6805_3,109,10,9.150000000000091,13:46:58,13:58:59,13
6804_5__6805_3,6804,6804_5,6805,6805_3,396,11,8.31666666666672,13:46:58,13:58:59,13
6804_5__6805_3,6804,6804_5,6805,6805_3,1253,12,7.283333333333303,13:46:58,13:58:59,13
6804_5__6805_3,6804,6804_5,6805,6805_3,1554,13,7.7666666666666515,13:46:58,13:58:59,13
6804_5__6805_3,6804,6804_5,6805,6805_3,1099,14,7.466666666666697,13:46:58,13:58:59,13
6804_5__6805_3,6804,6804_5,6805,6805_3,168,15,8.116666666666674,13:46:58,13:58:59,13
6804_5__6805_3,6804,6804_5,6805,6805_3,929,16,8.116666666666674,13:46:58,13:58:59,13
6804_5__6805_3,6804,6804_5,6805,6805_3,94,17,6.800000000000068,13:46:58,13:58:59,13
6804_5__6805_3,6804,6804_5,6805,6805_3,1080,18,6.649999999999977,13:46:58,13:58:59,13
6804_5__6805_3,6804,6804_5,6805,6805_3,146,19,6.4833333333333485,13:46:58,13:58:59,13
6804_5__6805_3,6804,6804_5,6805,6805_3,1089,20,7.6666666666667425,13:46:58,13:58:59,13
6804_5__6805_3,6804,6804_5,6805,6805_3,213,21,8.5,13:46:58,13:58:59,13
6804_5__6805_3,6804,6804_5,6805,6805_3,3907,22,6.100000000000023,13:46:58,13:58:59,13
6804_5__6805_3,6804,6804_5,6805,6805_3,949,23,6.5,13:46:58,13:58:59,13
6804_5__6805_3,6804,6804_5,6805,6805_3,913,24,6.183333333333394,13:46:58,13:58:59,13
6804_5__6805_3,6804,6804_5,6805,6805_3,307,25,5.93333333333328,13:46:58,13:58:59,13
6804_5__6805_3,6804,6804_5,6805,6805_3,212,26,6.0,13:46:58,13:58:59,13
6804_5__6805_3,6804,6804_5,6805,6805_3,2665,27,5.833333333333371,13:46:58,13:58:59,13
6804_5__6805_3,6804,6804_5,6805,6805_3,2736,28,5.4833333333333485,13:46:58,13:58:59,13
6804_5__6805_3,6804,6804_5,6805,6805_3,705,29,6.116666666666674,13:46:58,13:58:59,13
6804_5__6805_3,6804,6804_5,6805,6805_3,9979,30,6.25,13:46:58,13:58:59,13
6804_5__6805_3,6804,6804_5,6805,6805_3,2492,31,6.333333333333371,13:46:58,13:58:59,13
6804_5__6805_3,6804,6804_5,6805,6805_3,946,32,4.5833333333332575,13:46:58,13:58:59,13
6804_5__6805_3,6804,6804_5,6805,6805_3,947,33,4.31666666666672,13:46:58,13:58:59,13
6804_5__6805_3,6804,6804_5,6805,6805_3,327,34,5.366666666666674,13:46:58,13:58:59,13
6804_5__6805_3,6804,6804_5,6805,6805_3,3284,35,5.5833333333332575,13:46:58,13:58:59,13
6804_5__6805_3,6804,6804_5,6805,6805_3,3282,36,3.4833333333333485,13:46:58,13:58:59,13
6804_5__6805_3,6804,6804_5,6805,6805_3,2583,37,2.6166666666666742,13:46:58,13:58:59,13
6804_5__6805_3,6804,6804_5,6805,6805_3,2590,38,3.3333333333332575,13:46:58,13:58:59,13
6804_5__6805_3,6804,6804_5,6805,6805_3,603,39,2.466666666666697,13:46:58,13:58:59,13
6804_6__6805_4,6804,6804_6,6805,6805_4,3797,1,13.016666666666652,16:32:58,16:45:59,16
6804_6__6805_4,6804,6804_6,6805,6805_4,2984,2,12.716666666666697,16:32:58,16:45:59,16
6804_6__6805_4,6804,6804_6,6805,6805_4,2685,3,12.933333333333394,16:32:58,16:45:59,16
6804_6__6805_4,6804,6804_6,6805,6805_4,3649,4,14.333333333333258,16:32:58,16:45:59,16
6804_6__6805_4,6804,6804_6,6805,6805_4,3747,5,14.25,16:32:58,16:45:59,16
6804_6__6805_4,6804,6804_6,6805,6805_4,482,6,13.583333333333258,16:32:58,16:45:59,16
6804_6__6805_4,6804,6804_6,6805,6805_4,709,7,13.75,16:32:58,16:45:59,16
6804_6__6805_4,6804,6804_6,6805,6805_4,1577,8,14.566666666666606,16:32:58,16:45:59,16
6804_6__6805_4,6804,6804_6,6805,6805_4,990,9,14.700000000000045,16:32:58,16:45:59,16
6804_6__6805_4,6804,6804_6,6805,6805_4,109,10,14.133333333333326,16:32:58,16:45:59,16
6804_6__6805_4,6804,6804_6,6805,6805_4,396,11,14.016666666666538,16:32:58,16:45:59,16
6804_6__6805_4,6804,6804_6,6805,6805_4,1253,12,14.916666666666742,16:32:58,16:45:59,16
6804_6__6805_4,6804,6804_6,6805,6805_4,1554,13,13.933333333333394,16:32:58,16:45:59,16
6804_6__6805_4,6804,6804_6,6805,6805_4,1099,14,15.466666666666697,16:32:58,16:45:59,16
6804_6__6805_4,6804,6804_6,6805,6805_4,168,15,13.966666666666697,16:32:58,16:45:59,16
6804_6__6805_4,6804,6804_6,6805,6805_4,929,16,14.46666666666647,16:32:58,16:45:59,16
6804_6__6805_4,6804,6804_6,6805,6805_4,94,17,14.533333333333303,16:32:58,16:45:59,16
6804_6__6805_4,6804,6804_6,6805,6805_4,1080,18,14.466666666666697,16:32:58,16:45:59,16
6804_6__6805_4,6804,6804_6,6805,6805_4,146,19,14.116666666666788,16:32:58,16:45:59,16
6804_6__6805_4,6804,6804_6,6805,6805_4,1089,20,14.0,16:32:58,16:45:59,16
6804_6__6805_4,6804,6804_6,6805,6805_4,213,21,14.0,16:32:58,16:45:59,16
6804_6__6805_4,6804,6804_6,6805,6805_4,3907,22,13.866666666666788,16:32:58,16:45:59,16
6804_6__6805_4,6804,6804_6,6805,6805_4,949,23,14.299999999999955,16:32:58,16:45:59,16
6804_6__6805_4,6804,6804_6,6805,6805_4,913,24,13.666666666666742,16:32:58,16:45:59,16
6804_6__6805_4,6804,6804_6,6805,6805_4,307,25,13.433333333333167,16:32:58,16:45:59,16
6804_6__6805_4,6804,6804_6,6805,6805_4,212,26,13.950000000000045,16:32:58,16:45:59,16
6804_6__6805_4,6804,6804_6,6805,6805_4,2665,27,12.96666666666647,16:32:58,16:45:59,16
6804_6__6805_4,6804,6804_6,6805,6805_4,2736,28,12.583333333333485,16:32:58,16:45:59,16
6804_6__6805_4,6804,6804_6,6805,6805_4,705,29,13.350000000000136,16:32:58,16:45:59,16
6804_6__6805_4,6804,6804_6,6805,6805_4,9979,30,11.899999999999864,16:32:58,16:45:59,16
6804_6__6805_4,6804,6804_6,6805,6805_4,2492,31,12.083333333333258,16:32:58,16:45:59,16
6804_6__6805_4,6804,6804_6,6805,6805_4,327,34,9.799999999999955,16:32:58,16:45:59,16
6804_6__6805_4,6804,6804_6,6805,6805_4,3284,35,9.083333333333258,16:32:58,16:45:59,16
6804_6__6805_4,6804,6804_6,6805,6805_4,3282,36,8.233333333333348,16:32:58,16:45:59,16
6804_6__6805_4,6804,6804_6,6805,6805_4,2583,37,8.683333333333394,16:32:58,16:45:59,16
6804_6__6805_4,6804,6804_6,6805,6805_4,2590,38,8.799999999999955,16:32:58,16:45:59,16
6804_6__6805_4,6804,6804_6,6805,6805_4,603,39,8.900000000000091,16:32:58,16:45:59,16
6804_7__6100_1,6804,6804_7,6100,6100_1,2984,2,16.166666666666742,19:21:04,19:37:14,19
6804_7__6100_1,6804,6804_7,6100,6100_1,2685,3,17.84999999999991,19:21:04,19:37:14,19
6804_7__6100_1,6804,6804_7,6100,6100_1,3649,4,17.73333333333335,19:21:04,19:37:14,19
6804_7__6100_1,6804,6804_7,6100,6100_1,3747,5,17.549999999999955,19:21:04,19:37:14,19
6804_7__6100_1,6804,6804_7,6100,6100_1,482,6,17.583333333333258,19:21:04,19:37:14,19
6804_7__6100_1,6804,6804_7,6100,6100_1,709,7,16.98333333333335,19:21:04,19:37:14,19
6804_7__6100_1,6804,6804_7,6100,6100_1,1577,8,17.133333333333212,19:21:04,19:37:14,19
6804_7__6100_1,6804,6804_7,6100,6100_1,990,9,16.933333333333394,19:21:04,19:37:14,19
6804_7__6100_1,6804,6804_7,6100,6100_1,109,10,16.916666666666742,19:21:04,19:37:14,19
6804_7__6100_1,6804,6804_7,6100,6100_1,396,11,17.36666666666656,19:21:04,19:37:14,19
6804_7__6100_1,6804,6804_7,6100,6100_1,1253,12,17.0,19:21:04,19:37:14,19
6804_7__6100_1,6804,6804_7,6100,6100_1,1554,13,16.683333333333394,19:21:04,19:37:14,19
6804_7__6100_1,6804,6804_7,6100,6100_1,1099,14,15.36666666666656,19:21:04,19:37:14,19
6804_7__6100_1,6804,6804_7,6100,6100_1,168,15,16.25,19:21:04,19:37:14,19
6804_7__6100_1,6804,6804_7,6100,6100_1,929,16,14.933333333333394,19:21:04,19:37:14,19
6804_7__6100_1,6804,6804_7,6100,6100_1,94,17,15.649999999999864,19:21:04,19:37:14,19
6804_7__6100_1,6804,6804_7,6100,6100_1,1080,18,16.199999999999818,19:21:04,19:37:14,19
6804_7__6100_1,6804,6804_7,6100,6100_1,146,19,15.88333333333344,19:21:04,19:37:14,19
6804_7__6100_1,6804,6804_7,6100,6100_1,1089,20,16.200000000000045,19:21:04,19:37:14,19
6804_7__6100_1,6804,6804_7,6100,6100_1,213,21,16.383333333333212,19:21:04,19:37:14,19
6804_7__6100_1,6804,6804_7,6100,6100_1,3907,22,15.533333333333303,19:21:04,19:37:14,19
6804_7__6100_1,6804,6804_7,6100,6100_1,949,23,16.25,19:21:04,19:37:14,19
6804_7__6100_1,6804,6804_7,6100,6100_1,913,24,16.583333333333258,19:21:04,19:37:14,19
6804_7__6100_1,6804,6804_7,6100,6100_1,307,25,16.5,19:21:04,19:37:14,19
6804_7__6100_1,6804,6804_7,6100,6100_1,212,26,16.083333333333258,19:21:04,19:37:14,19
6804_7__6100_1,6804,6804_7,6100,6100_1,2665,27,15.450000000000045,19:21:04,19:37:14,19
6804_7__6100_1,6804,6804_7,6100,6100_1,2736,28,15.900000000000091,19:21:04,19:37:14,19
6804_7__6100_1,6804,6804_7,6100,6100_1,705,29,14.816666666666606,19:21:04,19:37:14,19
6804_7__6100_1,6804,6804_7,6100,6100_1,9979,30,15.700000000000045,19:21:04,19:37:14,19
6804_7__6100_1,6804,6804_7,6100,6100_1,2492,31,16.066666666666833,19:21:04,19:37:14,19
6804_7__6100_1,6804,6804_7,6100,6100_1,946,32,16.916666666666515,19:21:04,19:37:14,19
6804_7__6100_1,6804,6804_7,6100,6100_1,947,33,16.73333333333335,19:21:04,19:37:14,19
6804_7__6100_1,6804,6804_7,6100,6100_1,327,34,16.61666666666656,19:21:04,19:37:14,19
6804_7__6100_1,6804,6804_7,6100,6100_1,3284,35,16.75,19:21:04,19:37:14,19
6804_7__6100_1,6804,6804_7,6100,6100_1,3282,36,16.38333333333344,19:21:04,19:37:14,19
6804_7__6100_1,6804,6804_7,6100,6100_1,2583,37,16.300000000000182,19:21:04,19:37:14,19
6804_7__6100_1,6804,6804_7,6100,6100_1,2590,38,17.200000000000045,19:21:04,19:37:14,19
6804_7__6100_1,6804,6804_7,6100,6100_1,603,39,15.066666666666606,19:21:04,19:37:14,19
6805_1__6216_3,6805,6805_1,6216,6216_3,3797,1,12.0,08:31:59,08:43:59,8
6805_1__6216_3,6805,6805_1,6216,6216_3,2984,2,10.850000000000023,08:31:59,08:43:59,8
6805_1__6216_3,6805,6805_1,6216,6216_3,2685,3,12.783333333333303,08:31:59,08:43:59,8
6805_1__6216_3,6805,6805_1,6216,6216_3,3649,4,13.983333333333348,08:31:59,08:43:59,8
6805_1__6216_3,6805,6805_1,6216,6216_3,3747,5,14.216666666666583,08:31:59,08:43:59,8
6805_1__6216_3,6805,6805_1,6216,6216_3,482,6,14.433333333333394,08:31:59,08:43:59,8
6805_1__6216_3,6805,6805_1,6216,6216_3,709,7,14.333333333333258,08:31:59,08:43:59,8
6805_1__6216_3,6805,6805_1,6216,6216_3,1577,8,14.316666666666606,08:31:59,08:43:59,8
6805_1__6216_3,6805,6805_1,6216,6216_3,990,9,12.766666666666652,08:31:59,08:43:59,8
6805_1__6216_3,6805,6805_1,6216,6216_3,109,10,12.199999999999932,08:31:59,08:43:59,8
6805_1__6216_3,6805,6805_1,6216,6216_3,396,11,12.433333333333394,08:31:59,08:43:59,8
6805_1__6216_3,6805,6805_1,6216,6216_3,1253,12,13.766666666666652,08:31:59,08:43:59,8
6805_1__6216_3,6805,6805_1,6216,6216_3,1554,13,14.616666666666674,08:31:59,08:43:59,8
6805_1__6216_3,6805,6805_1,6216,6216_3,1099,14,15.050000000000068,08:31:59,08:43:59,8
6805_1__6216_3,6805,6805_1,6216,6216_3,168,15,14.600000000000023,08:31:59,08:43:59,8
6805_1__6216_3,6805,6805_1,6216,6216_3,929,16,12.983333333333348,08:31:59,08:43:59,8
6805_1__6216_3,6805,6805_1,6216,6216_3,94,17,12.899999999999977,08:31:59,08:43:59,8
6805_1__6216_3,6805,6805_1,6216,6216_3,1080,18,13.216666666666583,08:31:59,08:43:59,8
6805_1__6216_3,6805,6805_1,6216,6216_3,146,19,12.916666666666629,08:31:59,08:43:59,8
6805_1__6216_3,6805,6805_1,6216,6216_3,1089,20,12.899999999999977,08:31:59,08:43:59,8
6805_1__6216_3,6805,6805_1,6216,6216_3,213,21,12.800000000000068,08:31:59,08:43:59,8
6805_1__6216_3,6805,6805_1,6216,6216_3,3907,22,13.366666666666674,08:31:59,08:43:59,8
6805_1__6216_3,6805,6805_1,6216,6216_3,949,23,13.100000000000023,08:31:59,08:43:59,8
6805_1__6216_3,6805,6805_1,6216,6216_3,913,24,12.666666666666629,08:31:59,08:43:59,8
6805_1__6216_3,6805,6805_1,6216,6216_3,307,25,12.516666666666652,08:31:59,08:43:59,8
6805_1__6216_3,6805,6805_1,6216,6216_3,212,26,12.783333333333303,08:31:59,08:43:59,8
6805_1__6216_3,6805,6805_1,6216,6216_3,2665,27,12.283333333333417,08:31:59,08:43:59,8
6805_1__6216_3,6805,6805_1,6216,6216_3,2736,28,12.049999999999955,08:31:59,08:43:59,8
6805_1__6216_3,6805,6805_1,6216,6216_3,705,29,12.950000000000045,08:31:59,08:43:59,8
6805_1__6216_3,6805,6805_1,6216,6216_3,9979,30,12.883333333333326,08:31:59,08:43:59,8
6805_1__6216_3,6805,6805_1,6216,6216_3,2492,31,13.383333333333326,08:31:59,08:43:59,8
6805_1__6216_3,6805,6805_1,6216,6216_3,946,32,12.350000000000023,08:31:59,08:43:59,8
6805_1__6216_3,6805,6805_1,6216,6216_3,947,33,13.533333333333303,08:31:59,08:43:59,8
6805_1__6216_3,6805,6805_1,6216,6216_3,327,34,13.266666666666652,08:31:59,08:43:59,8
6805_1__6216_3,6805,6805_1,6216,6216_3,3284,35,12.399999999999977,08:31:59,08:43:59,8
6805_1__6216_3,6805,6805_1,6216,6216_3,3282,36,11.983333333333348,08:31:59,08:43:59,8
6805_1__6216_3,6805,6805_1,6216,6216_3,2583,37,10.466666666666697,08:31:59,08:43:59,8
6805_1__6216_3,6805,6805_1,6216,6216_3,2590,38,11.583333333333371,08:31:59,08:43:59,8
6805_1__6216_3,6805,6805_1,6216,6216_3,603,39,12.050000000000068,08:31:59,08:43:59,8
6805_2__6216_4,6805,6805_2,6216,6216_4,3797,1,12.0,11:16:59,11:28:59,11
6805_2__6216_4,6805,6805_2,6216,6216_4,2984,2,11.099999999999909,11:16:59,11:28:59,11
6805_2__6216_4,6805,6805_2,6216,6216_4,2685,3,11.833333333333371,11:16:59,11:28:59,11
6805_2__6216_4,6805,6805_2,6216,6216_4,3649,4,11.31666666666672,11:16:59,11:28:59,11
6805_2__6216_4,6805,6805_2,6216,6216_4,3747,5,12.533333333333417,11:16:59,11:28:59,11
6805_2__6216_4,6805,6805_2,6216,6216_4,482,6,12.166666666666742,11:16:59,11:28:59,11
6805_2__6216_4,6805,6805_2,6216,6216_4,709,7,10.950000000000045,11:16:59,11:28:59,11
6805_2__6216_4,6805,6805_2,6216,6216_4,1577,8,12.483333333333348,11:16:59,11:28:59,11
6805_2__6216_4,6805,6805_2,6216,6216_4,990,9,12.716666666666583,11:16:59,11:28:59,11
6805_2__6216_4,6805,6805_2,6216,6216_4,109,10,12.433333333333394,11:16:59,11:28:59,11
6805_2__6216_4,6805,6805_2,6216,6216_4,396,11,13.283333333333417,11:16:59,11:28:59,11
6805_2__6216_4,6805,6805_2,6216,6216_4,1253,12,12.983333333333348,11:16:59,11:28:59,11
6805_2__6216_4,6805,6805_2,6216,6216_4,1554,13,13.616666666666674,11:16:59,11:28:59,11
6805_2__6216_4,6805,6805_2,6216,6216_4,1099,14,13.299999999999955,11:16:59,11:28:59,11
6805_2__6216_4,6805,6805_2,6216,6216_4,168,15,12.666666666666742,11:16:59,11:28:59,11
6805_2__6216_4,6805,6805_2,6216,6216_4,929,16,12.483333333333348,11:16:59,11:28:59,11
6805_2__6216_4,6805,6805_2,6216,6216_4,94,17,12.033333333333417,11:16:59,11:28:59,11
6805_2__6216_4,6805,6805_2,6216,6216_4,1080,18,12.666666666666742,11:16:59,11:28:59,11
6805_2__6216_4,6805,6805_2,6216,6216_4,146,19,11.850000000000023,11:16:59,11:28:59,11
6805_2__6216_4,6805,6805_2,6216,6216_4,1089,20,11.699999999999932,11:16:59,11:28:59,11
6805_2__6216_4,6805,6805_2,6216,6216_4,213,21,11.483333333333348,11:16:59,11:28:59,11
6805_2__6216_4,6805,6805_2,6216,6216_4,3907,22,10.599999999999909,11:16:59,11:28:59,11
6805_2__6216_4,6805,6805_2,6216,6216_4,949,23,11.166666666666629,11:16:59,11:28:59,11
6805_2__6216_4,6805,6805_2,6216,6216_4,913,24,11.06666666666672,11:16:59,11:28:59,11
6805_2__6216_4,6805,6805_2,6216,6216_4,307,25,10.800000000000068,11:16:59,11:28:59,11
6805_2__6216_4,6805,6805_2,6216,6216_4,212,26,11.0,11:16:59,11:28:59,11
6805_2__6216_4,6805,6805_2,6216,6216_4,2665,27,11.100000000000023,11:16:59,11:28:59,11
6805_2__6216_4,6805,6805_2,6216,6216_4,2736,28,10.716666666666697,11:16:59,11:28:59,11
6805_2__6216_4,6805,6805_2,6216,6216_4,705,29,10.633333333333326,11:16:59,11:28:59,11
6805_2__6216_4,6805,6805_2,6216,6216_4,9979,30,10.13333333333344,11:16:59,11:28:59,11
6805_2__6216_4,6805,6805_2,6216,6216_4,2492,31,10.149999999999977,11:16:59,11:28:59,11
6805_2__6216_4,6805,6805_2,6216,6216_4,946,32,11.550000000000068,11:16:59,11:28:59,11
6805_2__6216_4,6805,6805_2,6216,6216_4,947,33,11.899999999999977,11:16:59,11:28:59,11
6805_2__6216_4,6805,6805_2,6216,6216_4,327,34,11.333333333333258,11:16:59,11:28:59,11
6805_2__6216_4,6805,6805_2,6216,6216_4,3284,35,11.816666666666606,11:16:59,11:28:59,11
6805_2__6216_4,6805,6805_2,6216,6216_4,3282,36,12.683333333333394,11:16:59,11:28:59,11
6805_2__6216_4,6805,6805_2,6216,6216_4,2583,37,12.800000000000068,11:16:59,11:28:59,11
6805_2__6216_4,6805,6805_2,6216,6216_4,2590,38,13.483333333333348,11:16:59,11:28:59,11
6805_2__6216_4,6805,6805_2,6216,6216_4,603,39,14.416666666666742,11:16:59,11:28:59,11
6805_3__6216_5,6805,6805_3,6216,6216_5,3797,1,11.983333333333348,13:58:59,14:10:58,13
6805_3__6216_5,6805,6805_3,6216,6216_5,2685,3,13.283333333333303,13:58:59,14:10:58,13
6805_3__6216_5,6805,6805_3,6216,6216_5,3649,4,12.866666666666674,13:58:59,14:10:58,13
6805_3__6216_5,6805,6805_3,6216,6216_5,3747,5,12.649999999999977,13:58:59,14:10:58,13
6805_3__6216_5,6805,6805_3,6216,6216_5,482,6,11.966666666666697,13:58:59,14:10:58,13
6805_3__6216_5,6805,6805_3,6216,6216_5,709,7,13.216666666666697,13:58:59,14:10:58,13
6805_3__6216_5,6805,6805_3,6216,6216_5,1577,8,12.966666666666697,13:58:59,14:10:58,13
6805_3__6216_5,6805,6805_3,6216,6216_5,990,9,13.016666666666652,13:58:59,14:10:58,13
6805_3__6216_5,6805,6805_3,6216,6216_5,109,10,12.633333333333326,13:58:59,14:10:58,13
6805_3__6216_5,6805,6805_3,6216,6216_5,396,11,13.783333333333303,13:58:59,14:10:58,13
6805_3__6216_5,6805,6805_3,6216,6216_5,1253,12,14.56666666666672,13:58:59,14:10:58,13
6805_3__6216_5,6805,6805_3,6216,6216_5,1554,13,13.066666666666606,13:58:59,14:10:58,13
6805_3__6216_5,6805,6805_3,6216,6216_5,1099,14,13.666666666666629,13:58:59,14:10:58,13
6805_3__6216_5,6805,6805_3,6216,6216_5,168,15,12.616666666666674,13:58:59,14:10:58,13
6805_3__6216_5,6805,6805_3,6216,6216_5,929,16,12.683333333333394,13:58:59,14:10:58,13
6805_3__6216_5,6805,6805_3,6216,6216_5,94,17,12.916666666666629,13:58:59,14:10:58,13
6805_3__6216_5,6805,6805_3,6216,6216_5,1080,18,13.0,13:58:59,14:10:58,13
6805_3__6216_5,6805,6805_3,6216,6216_5,146,19,14.0,13:58:59,14:10:58,13
6805_3__6216_5,6805,6805_3,6216,6216_5,1089,20,13.466666666666697,13:58:59,14:10:58,13
6805_3__6216_5,6805,6805_3,6216,6216_5,213,21,14.25,13:58:59,14:10:58,13
6805_3__6216_5,6805,6805_3,6216,6216_5,3907,22,14.75,13:58:59,14:10:58,13
6805_3__6216_5,6805,6805_3,6216,6216_5,949,23,14.483333333333235,13:58:59,14:10:58,13
6805_3__6216_5,6805,6805_3,6216,6216_5,913,24,15.666666666666629,13:58:59,14:10:58,13
6805_3__6216_5,6805,6805_3,6216,6216_5,307,25,14.966666666666697,13:58:59,14:10:58,13
6805_3__6216_5,6805,6805_3,6216,6216_5,212,26,15.349999999999909,13:58:59,14:10:58,13
6805_3__6216_5,6805,6805_3,6216,6216_5,2665,27,15.583333333333371,13:58:59,14:10:58,13
6805_3__6216_5,6805,6805_3,6216,6216_5,2736,28,15.283333333333417,13:58:59,14:10:58,13
6805_3__6216_5,6805,6805_3,6216,6216_5,705,29,15.600000000000023,13:58:59,14:10:58,13
6805_3__6216_5,6805,6805_3,6216,6216_5,9979,30,14.550000000000068,13:58:59,14:10:58,13
6805_3__6216_5,6805,6805_3,6216,6216_5,2492,31,14.43333333333328,13:58:59,14:10:58,13
6805_3__6216_5,6805,6805_3,6216,6216_5,946,32,14.649999999999977,13:58:59,14:10:58,13
6805_3__6216_5,6805,6805_3,6216,6216_5,947,33,14.5,13:58:59,14:10:58,13
6805_3__6216_5,6805,6805_3,6216,6216_5,327,34,14.766666666666652,13:58:59,14:10:58,13
6805_3__6216_5,6805,6805_3,6216,6216_5,3284,35,14.56666666666672,13:58:59,14:10:58,13
6805_3__6216_5,6805,6805_3,6216,6216_5,3282,36,14.766666666666652,13:58:59,14:10:58,13
6805_3__6216_5,6805,6805_3,6216,6216_5,2583,37,15.333333333333258,13:58:59,14:10:58,13
6805_3__6216_5,6805,6805_3,6216,6216_5,2590,38,16.58333333333337,13:58:59,14:10:58,13
6805_3__6216_5,6805,6805_3,6216,6216_5,603,39,17.783333333333303,13:58:59,14:10:58,13
6805_4__6216_6,6805,6805_4,6216,6216_6,3797,1,13.0,16:45:59,16:58:59,16
6805_4__6216_6,6805,6805_4,6216,6216_6,2984,2,13.450000000000045,16:45:59,16:58:59,16
6805_4__6216_6,6805,6805_4,6216,6216_6,2685,3,14.066666666666606,16:45:59,16:58:59,16
6805_4__6216_6,6805,6805_4,6216,6216_6,3649,4,10.350000000000136,16:45:59,16:58:59,16
6805_4__6216_6,6805,6805_4,6216,6216_6,3747,5,9.5,16:45:59,16:58:59,16
6805_4__6216_6,6805,6805_4,6216,6216_6,482,6,10.100000000000023,16:45:59,16:58:59,16
6805_4__6216_6,6805,6805_4,6216,6216_6,709,7,10.416666666666742,16:45:59,16:58:59,16
6805_4__6216_6,6805,6805_4,6216,6216_6,1577,8,9.516666666666652,16:45:59,16:58:59,16
6805_4__6216_6,6805,6805_4,6216,6216_6,990,9,10.033333333333303,16:45:59,16:58:59,16
6805_4__6216_6,6805,6805_4,6216,6216_6,109,10,9.933333333333394,16:45:59,16:58:59,16
6805_4__6216_6,6805,6805_4,6216,6216_6,396,11,9.900000000000091,16:45:59,16:58:59,16
6805_4__6216_6,6805,6805_4,6216,6216_6,1253,12,9.516666666666652,16:45:59,16:58:59,16
6805_4__6216_6,6805,6805_4,6216,6216_6,1554,13,9.183333333333394,16:45:59,16:58:59,16
6805_4__6216_6,6805,6805_4,6216,6216_6,1099,14,8.466666666666697,16:45:59,16:58:59,16
6805_4__6216_6,6805,6805_4,6216,6216_6,168,15,8.566666666666606,16:45:59,16:58:59,16
6805_4__6216_6,6805,6805_4,6216,6216_6,929,16,8.300000000000182,16:45:59,16:58:59,16
6805_4__6216_6,6805,6805_4,6216,6216_6,94,17,8.316666666666606,16:45:59,16:58:59,16
6805_4__6216_6,6805,6805_4,6216,6216_6,1080,18,7.9166666666667425,16:45:59,16:58:59,16
6805_4__6216_6,6805,6805_4,6216,6216_6,146,19,7.9833333333333485,16:45:59,16:58:59,16
6805_4__6216_6,6805,6805_4,6216,6216_6,1089,20,8.099999999999909,16:45:59,16:58:59,16
6805_4__6216_6,6805,6805_4,6216,6216_6,213,21,8.433333333333394,16:45:59,16:58:59,16
6805_4__6216_6,6805,6805_4,6216,6216_6,3907,22,8.199999999999818,16:45:59,16:58:59,16
6805_4__6216_6,6805,6805_4,6216,6216_6,949,23,7.616666666666788,16:45:59,16:58:59,16
6805_4__6216_6,6805,6805_4,6216,6216_6,913,24,7.533333333333303,16:45:59,16:58:59,16
6805_4__6216_6,6805,6805_4,6216,6216_6,307,25,8.066666666666833,16:45:59,16:58:59,16
6805_4__6216_6,6805,6805_4,6216,6216_6,212,26,7.0,16:45:59,16:58:59,16
6805_4__6216_6,6805,6805_4,6216,6216_6,2665,27,7.866666666666788,16:45:59,16:58:59,16
6805_4__6216_6,6805,6805_4,6216,6216_6,2736,28,8.699999999999818,16:45:59,16:58:59,16
6805_4__6216_6,6805,6805_4,6216,6216_6,705,29,7.4166666666667425,16:45:59,16:58:59,16
6805_4__6216_6,6805,6805_4,6216,6216_6,9979,30,6.533333333333303,16:45:59,16:58:59,16
6805_4__6216_6,6805,6805_4,6216,6216_6,2492,31,6.6666666666667425,16:45:59,16:58:59,16
6805_4__6216_6,6805,6805_4,6216,6216_6,946,32,7.5166666666666515,16:45:59,16:58:59,16
6805_4__6216_6,6805,6805_4,6216,6216_6,947,33,8.733333333333348,16:45:59,16:58:59,16
6805_4__6216_6,6805,6805_4,6216,6216_6,327,34,8.11666666666656,16:45:59,16:58:59,16
6805_4__6216_6,6805,6805_4,6216,6216_6,3284,35,9.533333333333303,16:45:59,16:58:59,16
6805_4__6216_6,6805,6805_4,6216,6216_6,3282,36,11.083333333333258,16:45:59,16:58:59,16
6805_4__6216_6,6805,6805_4,6216,6216_6,2583,37,10.833333333333258,16:45:59,16:58:59,16
6805_4__6216_6,6805,6805_4,6216,6216_6,2590,38,10.049999999999955,16:45:59,16:58:59,16
6805_4__6216_6,6805,6805_4,6216,6216_6,603,39,10.5,16:45:59,16:58:59,16
6807_1__6809_2,6807,6807_1,6809,6809_2,3797,1,12.0,06:17:00,06:29:00,6
6807_1__6809_2,6807,6807_1,6809,6809_2,2984,2,11.5,06:17:00,06:29:00,6
6807_1__6809_2,6807,6807_1,6809,6809_2,2685,3,10.883333333333326,06:17:00,06:29:00,6
6807_1__6809_2,6807,6807_1,6809,6809_2,3649,4,12.78333333333336,06:17:00,06:29:00,6
6807_1__6809_2,6807,6807_1,6809,6809_2,3747,5,13.833333333333371,06:17:00,06:29:00,6
6807_1__6809_2,6807,6807_1,6809,6809_2,482,6,13.366666666666674,06:17:00,06:29:00,6
6807_1__6809_2,6807,6807_1,6809,6809_2,709,7,12.933333333333337,06:17:00,06:29:00,6
6807_1__6809_2,6807,6807_1,6809,6809_2,1577,8,13.050000000000011,06:17:00,06:29:00,6
6807_1__6809_2,6807,6807_1,6809,6809_2,990,9,13.566666666666663,06:17:00,06:29:00,6
6807_1__6809_2,6807,6807_1,6809,6809_2,109,10,11.766666666666652,06:17:00,06:29:00,6
6807_1__6809_2,6807,6807_1,6809,6809_2,396,11,10.5,06:17:00,06:29:00,6
6807_1__6809_2,6807,6807_1,6809,6809_2,1253,12,10.716666666666697,06:17:00,06:29:00,6
6807_1__6809_2,6807,6807_1,6809,6809_2,1554,13,10.066666666666663,06:17:00,06:29:00,6
6807_1__6809_2,6807,6807_1,6809,6809_2,1099,14,9.566666666666663,06:17:00,06:29:00,6
6807_1__6809_2,6807,6807_1,6809,6809_2,168,15,8.800000000000011,06:17:00,06:29:00,6
6807_1__6809_2,6807,6807_1,6809,6809_2,929,16,9.28333333333336,06:17:00,06:29:00,6
6807_1__6809_2,6807,6807_1,6809,6809_2,94,17,9.416666666666629,06:17:00,06:29:00,6
6807_1__6809_2,6807,6807_1,6809,6809_2,1080,18,9.21666666666664,06:17:00,06:29:00,6
6807_1__6809_2,6807,6807_1,6809,6809_2,146,19,9.75,06:17:00,06:29:00,6
6807_1__6809_2,6807,6807_1,6809,6809_2,1089,20,9.516666666666652,06:17:00,06:29:00,6
6807_1__6809_2,6807,6807_1,6809,6809_2,213,21,8.550000000000011,06:17:00,06:29:00,6
6807_1__6809_2,6807,6807_1,6809,6809_2,3907,22,8.099999999999966,06:17:00,06:29:00,6
6807_1__6809_2,6807,6807_1,6809,6809_2,949,23,7.416666666666629,06:17:00,06:29:00,6
6807_1__6809_2,6807,6807_1,6809,6809_2,913,24,8.349999999999966,06:17:00,06:29:00,6
6807_1__6809_2,6807,6807_1,6809,6809_2,307,25,7.4500000000000455,06:17:00,06:29:00,6
6807_1__6809_2,6807,6807_1,6809,6809_2,212,26,7.683333333333337,06:17:00,06:29:00,6
6807_1__6809_2,6807,6807_1,6809,6809_2,2665,27,8.116666666666674,06:17:00,06:29:00,6
6807_1__6809_2,6807,6807_1,6809,6809_2,2736,28,6.516666666666708,06:17:00,06:29:00,6
6807_1__6809_2,6807,6807_1,6809,6809_2,705,29,6.300000000000011,06:17:00,06:29:00,6
6807_1__6809_2,6807,6807_1,6809,6809_2,9979,30,6.9500000000000455,06:17:00,06:29:00,6
6807_1__6809_2,6807,6807_1,6809,6809_2,2492,31,7.28333333333336,06:17:00,06:29:00,6
6807_1__6809_2,6807,6807_1,6809,6809_2,946,32,6.883333333333326,06:17:00,06:29:00,6
6807_1__6809_2,6807,6807_1,6809,6809_2,947,33,6.383333333333326,06:17:00,06:29:00,6
6807_1__6809_2,6807,6807_1,6809,6809_2,327,34,6.866666666666674,06:17:00,06:29:00,6
6807_1__6809_2,6807,6807_1,6809,6809_2,3284,35,7.46666666666664,06:17:00,06:29:00,6
6807_1__6809_2,6807,6807_1,6809,6809_2,3282,36,8.25,06:17:00,06:29:00,6
6807_1__6809_2,6807,6807_1,6809,6809_2,2583,37,8.950000000000045,06:17:00,06:29:00,6
6807_1__6809_2,6807,6807_1,6809,6809_2,2590,38,9.566666666666663,06:17:00,06:29:00,6
6807_1__6809_2,6807,6807_1,6809,6809_2,603,39,9.183333333333337,06:17:00,06:29:00,6
6807_2__6809_3,6807,6807_2,6809,6809_3,3797,1,11.983333333333348,08:55:59,09:07:58,8
6807_2__6809_3,6807,6807_2,6809,6809_3,2984,2,13.466666666666697,08:55:59,09:07:58,8
6807_2__6809_3,6807,6807_2,6809,6809_3,2685,3,13.0,08:55:59,09:07:58,8
6807_2__6809_3,6807,6807_2,6809,6809_3,3649,4,12.983333333333348,08:55:59,09:07:58,8
6807_2__6809_3,6807,6807_2,6809,6809_3,3747,5,13.016666666666652,08:55:59,09:07:58,8
6807_2__6809_3,6807,6807_2,6809,6809_3,482,6,13.199999999999932,08:55:59,09:07:58,8
6807_2__6809_3,6807,6807_2,6809,6809_3,709,7,13.81666666666672,08:55:59,09:07:58,8
6807_2__6809_3,6807,6807_2,6809,6809_3,1577,8,12.43333333333328,08:55:59,09:07:58,8
6807_2__6809_3,6807,6807_2,6809,6809_3,990,9,11.950000000000045,08:55:59,09:07:58,8
6807_2__6809_3,6807,6807_2,6809,6809_3,109,10,10.883333333333326,08:55:59,09:07:58,8
6807_2__6809_3,6807,6807_2,6809,6809_3,396,11,11.483333333333348,08:55:59,09:07:58,8
6807_2__6809_3,6807,6807_2,6809,6809_3,1253,12,12.299999999999955,08:55:59,09:07:58,8
6807_2__6809_3,6807,6807_2,6809,6809_3,1554,13,11.349999999999909,08:55:59,09:07:58,8
6807_2__6809_3,6807,6807_2,6809,6809_3,1099,14,11.799999999999955,08:55:59,09:07:58,8
6807_2__6809_3,6807,6807_2,6809,6809_3,168,15,12.766666666666765,08:55:59,09:07:58,8
6807_2__6809_3,6807,6807_2,6809,6809_3,929,16,12.866666666666674,08:55:59,09:07:58,8
6807_2__6809_3,6807,6807_2,6809,6809_3,94,17,13.633333333333326,08:55:59,09:07:58,8
6807_2__6809_3,6807,6807_2,6809,6809_3,1080,18,12.716666666666583,08:55:59,09:07:58,8
6807_2__6809_3,6807,6807_2,6809,6809_3,146,19,13.350000000000023,08:55:59,09:07:58,8
6807_2__6809_3,6807,6807_2,6809,6809_3,1089,20,12.93333333333328,08:55:59,09:07:58,8
6807_2__6809_3,6807,6807_2,6809,6809_3,213,21,12.583333333333371,08:55:59,09:07:58,8
6807_2__6809_3,6807,6807_2,6809,6809_3,3907,22,12.916666666666629,08:55:59,09:07:58,8
6807_2__6809_3,6807,6807_2,6809,6809_3,949,23,12.533333333333303,08:55:59,09:07:58,8
6807_2__6809_3,6807,6807_2,6809,6809_3,913,24,12.300000000000068,08:55:59,09:07:58,8
6807_2__6809_3,6807,6807_2,6809,6809_3,307,25,12.31666666666672,08:55:59,09:07:58,8
6807_2__6809_3,6807,6807_2,6809,6809_3,212,26,12.899999999999977,08:55:59,09:07:58,8
6807_2__6809_3,6807,6807_2,6809,6809_3,2665,27,13.43333333333328,08:55:59,09:07:58,8
6807_2__6809_3,6807,6807_2,6809,6809_3,2736,28,12.950000000000045,08:55:59,09:07:58,8
6807_2__6809_3,6807,6807_2,6809,6809_3,705,29,13.266666666666652,08:55:59,09:07:58,8
6807_2__6809_3,6807,6807_2,6809,6809_3,9979,30,13.350000000000023,08:55:59,09:07:58,8
6807_2__6809_3,6807,6807_2,6809,6809_3,2492,31,13.366666666666674,08:55:59,09:07:58,8
6807_2__6809_3,6807,6807_2,6809,6809_3,946,32,11.63333333333344,08:55:59,09:07:58,8
6807_2__6809_3,6807,6807_2,6809,6809_3,947,33,12.149999999999977,08:55:59,09:07:58,8
6807_2__6809_3,6807,6807_2,6809,6809_3,327,34,12.383333333333326,08:55:59,09:07:58,8
6807_2__6809_3,6807,6807_2,6809,6809_3,3284,35,13.100000000000023,08:55:59,09:07:58,8
6807_2__6809_3,6807,6807_2,6809,6809_3,3282,36,13.449999999999932,08:55:59,09:07:58,8
6807_2__6809_3,6807,6807_2,6809,6809_3,2583,37,12.066666666666606,08:55:59,09:07:58,8
6807_2__6809_3,6807,6807_2,6809,6809_3,2590,38,12.016666666666652,08:55:59,09:07:58,8
6807_2__6809_3,6807,6807_2,6809,6809_3,603,39,12.049999999999955,08:55:59,09:07:58,8
6807_3__6809_4,6807,6807_3,6809,6809_4,3797,1,13.0,11:41:59,11:54:59,11
6807_3__6809_4,6807,6807_3,6809,6809_4,2984,2,12.93333333333328,11:41:59,11:54:59,11
6807_3__6809_4,6807,6807_3,6809,6809_4,2685,3,13.350000000000023,11:41:59,11:54:59,11
6807_3__6809_4,6807,6807_3,6809,6809_4,3649,4,11.450000000000045,11:41:59,11:54:59,11
6807_3__6809_4,6807,6807_3,6809,6809_4,3747,5,11.81666666666672,11:41:59,11:54:59,11
6807_3__6809_4,6807,6807_3,6809,6809_4,482,6,11.033333333333303,11:41:59,11:54:59,11
6807_3__6809_4,6807,6807_3,6809,6809_4,709,7,10.366666666666674,11:41:59,11:54:59,11
6807_3__6809_4,6807,6807_3,6809,6809_4,1577,8,10.850000000000023,11:41:59,11:54:59,11
6807_3__6809_4,6807,6807_3,6809,6809_4,990,9,10.299999999999955,11:41:59,11:54:59,11
6807_3__6809_4,6807,6807_3,6809,6809_4,109,10,10.283333333333303,11:41:59,11:54:59,11
6807_3__6809_4,6807,6807_3,6809,6809_4,396,11,9.016666666666652,11:41:59,11:54:59,11
6807_3__6809_4,6807,6807_3,6809,6809_4,1253,12,7.150000000000091,11:41:59,11:54:59,11
6807_3__6809_4,6807,6807_3,6809,6809_4,1554,13,6.333333333333371,11:41:59,11:54:59,11
6807_3__6809_4,6807,6807_3,6809,6809_4,1099,14,6.43333333333328,11:41:59,11:54:59,11
6807_3__6809_4,6807,6807_3,6809,6809_4,168,15,5.849999999999909,11:41:59,11:54:59,11
6807_3__6809_4,6807,6807_3,6809,6809_4,929,16,7.316666666666606,11:41:59,11:54:59,11
6807_3__6809_4,6807,6807_3,6809,6809_4,94,17,6.31666666666672,11:41:59,11:54:59,11
6807_3__6809_4,6807,6807_3,6809,6809_4,1080,18,6.216666666666697,11:41:59,11:54:59,11
6807_3__6809_4,6807,6807_3,6809,6809_4,146,19,5.816666666666606,11:41:59,11:54:59,11
6807_3__6809_4,6807,6807_3,6809,6809_4,1089,20,7.7999999999999545,11:41:59,11:54:59,11
6807_3__6809_4,6807,6807_3,6809,6809_4,213,21,8.200000000000045,11:41:59,11:54:59,11
6807_3__6809_4,6807,6807_3,6809,6809_4,3907,22,8.066666666666606,11:41:59,11:54:59,11
6807_3__6809_4,6807,6807_3,6809,6809_4,949,23,8.199999999999932,11:41:59,11:54:59,11
6807_3__6809_4,6807,6807_3,6809,6809_4,913,24,7.75,11:41:59,11:54:59,11
6807_3__6809_4,6807,6807_3,6809,6809_4,307,25,8.116666666666674,11:41:59,11:54:59,11
6807_3__6809_4,6807,6807_3,6809,6809_4,212,26,7.0499999999999545,11:41:59,11:54:59,11
6807_3__6809_4,6807,6807_3,6809,6809_4,2665,27,7.93333333333328,11:41:59,11:54:59,11
6807_3__6809_4,6807,6807_3,6809,6809_4,2736,28,7.93333333333328,11:41:59,11:54:59,11
6807_3__6809_4,6807,6807_3,6809,6809_4,705,29,8.916666666666629,11:41:59,11:54:59,11
6807_3__6809_4,6807,6807_3,6809,6809_4,9979,30,9.450000000000045,11:41:59,11:54:59,11
6807_3__6809_4,6807,6807_3,6809,6809_4,2492,31,10.0,11:41:59,11:54:59,11
6807_3__6809_4,6807,6807_3,6809,6809_4,946,32,10.883333333333326,11:41:59,11:54:59,11
6807_3__6809_4,6807,6807_3,6809,6809_4,947,33,12.11666666666656,11:41:59,11:54:59,11
6807_3__6809_4,6807,6807_3,6809,6809_4,327,34,12.0,11:41:59,11:54:59,11
6807_3__6809_4,6807,6807_3,6809,6809_4,3284,35,11.616666666666674,11:41:59,11:54:59,11
6807_3__6809_4,6807,6807_3,6809,6809_4,3282,36,12.116666666666674,11:41:59,11:54:59,11
6807_3__6809_4,6807,6807_3,6809,6809_4,2583,37,11.383333333333326,11:41:59,11:54:59,11
6807_3__6809_4,6807,6807_3,6809,6809_4,2590,38,11.266666666666652,11:41:59,11:54:59,11
6807_3__6809_4,6807,6807_3,6809,6809_4,603,39,9.666666666666629,11:41:59,11:54:59,11
6807_4__6809_5,6807,6807_4,6809,6809_5,3797,1,11.983333333333348,14:23:59,14:35:58,14
6807_4__6809_5,6807,6807_4,6809,6809_5,2984,2,10.899999999999977,14:23:59,14:35:58,14
6807_4__6809_5,6807,6807_4,6809,6809_5,2685,3,9.966666666666697,14:23:59,14:35:58,14
6807_4__6809_5,6807,6807_4,6809,6809_5,3649,4,9.583333333333371,14:23:59,14:35:58,14
6807_4__6809_5,6807,6807_4,6809,6809_5,3747,5,8.06666666666672,14:23:59,14:35:58,14
6807_4__6809_5,6807,6807_4,6809,6809_5,482,6,8.083333333333371,14:23:59,14:35:58,14
6807_4__6809_5,6807,6807_4,6809,6809_5,709,7,6.633333333333326,14:23:59,14:35:58,14
6807_4__6809_5,6807,6807_4,6809,6809_5,1577,8,6.466666666666697,14:23:59,14:35:58,14
6807_4__6809_5,6807,6807_4,6809,6809_5,990,9,7.666666666666629,14:23:59,14:35:58,14
6807_4__6809_5,6807,6807_4,6809,6809_5,109,10,7.966666666666697,14:23:59,14:35:58,14
6807_4__6809_5,6807,6807_4,6809,6809_5,396,11,5.8333333333332575,14:23:59,14:35:58,14
6807_4__6809_5,6807,6807_4,6809,6809_5,1253,12,6.0,14:23:59,14:35:58,14
6807_4__6809_5,6807,6807_4,6809,6809_5,1554,13,4.8333333333332575,14:23:59,14:35:58,14
6807_4__6809_5,6807,6807_4,6809,6809_5,1099,14,4.916666666666629,14:23:59,14:35:58,14
6807_4__6809_5,6807,6807_4,6809,6809_5,168,15,5.350000000000023,14:23:59,14:35:58,14
6807_4__6809_5,6807,6807_4,6809,6809_5,929,16,5.5166666666666515,14:23:59,14:35:58,14
6807_4__6809_5,6807,6807_4,6809,6809_5,94,17,3.8666666666666742,14:23:59,14:35:58,14
6807_4__6809_5,6807,6807_4,6809,6809_5,1080,18,4.7999999999999545,14:23:59,14:35:58,14
6807_4__6809_5,6807,6807_4,6809,6809_5,146,19,4.433333333333394,14:23:59,14:35:58,14
6807_4__6809_5,6807,6807_4,6809,6809_5,1089,20,4.283333333333303,14:23:59,14:35:58,14
6807_4__6809_5,6807,6807_4,6809,6809_5,213,21,8.299999999999955,14:23:59,14:35:58,14
6807_4__6809_5,6807,6807_4,6809,6809_5,3907,22,6.81666666666672,14:23:59,14:35:58,14
6807_4__6809_5,6807,6807_4,6809,6809_5,949,23,6.150000000000091,14:23:59,14:35:58,14
6807_4__6809_5,6807,6807_4,6809,6809_5,913,24,4.816666666666606,14:23:59,14:35:58,14
6807_4__6809_5,6807,6807_4,6809,6809_5,307,25,5.066666666666606,14:23:59,14:35:58,14
6807_4__6809_5,6807,6807_4,6809,6809_5,212,26,5.18333333333328,14:23:59,14:35:58,14
6807_4__6809_5,6807,6807_4,6809,6809_5,2665,27,4.550000000000068,14:23:59,14:35:58,14
6807_4__6809_5,6807,6807_4,6809,6809_5,2736,28,4.4833333333333485,14:23:59,14:35:58,14
6807_4__6809_5,6807,6807_4,6809,6809_5,705,29,4.2666666666666515,14:23:59,14:35:58,14
6807_4__6809_5,6807,6807_4,6809,6809_5,9979,30,5.616666666666674,14:23:59,14:35:58,14
6807_4__6809_5,6807,6807_4,6809,6809_5,2492,31,5.316666666666606,14:23:59,14:35:58,14
6807_4__6809_5,6807,6807_4,6809,6809_5,946,32,5.5,14:23:59,14:35:58,14
6807_4__6809_5,6807,6807_4,6809,6809_5,947,33,5.75,14:23:59,14:35:58,14
6807_4__6809_5,6807,6807_4,6809,6809_5,327,34,5.899999999999977,14:23:59,14:35:58,14
6807_4__6809_5,6807,6807_4,6809,6809_5,3284,35,7.616666666666674,14:23:59,14:35:58,14
6807_4__6809_5,6807,6807_4,6809,6809_5,3282,36,8.13333333333344,14:23:59,14:35:58,14
6807_4__6809_5,6807,6807_4,6809,6809_5,2583,37,7.783333333333417,14:23:59,14:35:58,14
6807_4__6809_5,6807,6807_4,6809,6809_5,2590,38,5.883333333333326,14:23:59,14:35:58,14
6807_4__6809_5,6807,6807_4,6809,6809_5,603,39,6.4500000000000455,14:23:59,14:35:58,14
6807_5__6809_6,6807,6807_5,6809,6809_6,3797,1,13.983333333333348,17:11:59,17:25:58,17
6807_5__6809_6,6807,6807_5,6809,6809_6,2984,2,15.033333333333303,17:11:59,17:25:58,17
6807_5__6809_6,6807,6807_5,6809,6809_6,2685,3,14.966666666666697,17:11:59,17:25:58,17
6807_5__6809_6,6807,6807_5,6809,6809_6,3649,4,15.61666666666656,17:11:59,17:25:58,17
6807_5__6809_6,6807,6807_5,6809,6809_6,3747,5,16.216666666666697,17:11:59,17:25:58,17
6807_5__6809_6,6807,6807_5,6809,6809_6,482,6,15.416666666666742,17:11:59,17:25:58,17
6807_5__6809_6,6807,6807_5,6809,6809_6,709,7,15.333333333333258,17:11:59,17:25:58,17
6807_5__6809_6,6807,6807_5,6809,6809_6,1577,8,15.46666666666647,17:11:59,17:25:58,17
6807_5__6809_6,6807,6807_5,6809,6809_6,990,9,16.050000000000182,17:11:59,17:25:58,17
6807_5__6809_6,6807,6807_5,6809,6809_6,109,10,15.583333333333485,17:11:59,17:25:58,17
6807_5__6809_6,6807,6807_5,6809,6809_6,396,11,15.86666666666656,17:11:59,17:25:58,17
6807_5__6809_6,6807,6807_5,6809,6809_6,1253,12,17.09999999999991,17:11:59,17:25:58,17
6807_5__6809_6,6807,6807_5,6809,6809_6,1554,13,15.883333333333212,17:11:59,17:25:58,17
6807_5__6809_6,6807,6807_5,6809,6809_6,1099,14,16.049999999999955,17:11:59,17:25:58,17
6807_5__6809_6,6807,6807_5,6809,6809_6,168,15,16.53333333333353,17:11:59,17:25:58,17
6807_5__6809_6,6807,6807_5,6809,6809_6,929,16,17.166666666666742,17:11:59,17:25:58,17
6807_5__6809_6,6807,6807_5,6809,6809_6,94,17,16.816666666666606,17:11:59,17:25:58,17
6807_5__6809_6,6807,6807_5,6809,6809_6,1080,18,17.65000000000009,17:11:59,17:25:58,17
6807_5__6809_6,6807,6807_5,6809,6809_6,146,19,17.716666666666697,17:11:59,17:25:58,17
6807_5__6809_6,6807,6807_5,6809,6809_6,1089,20,16.28333333333353,17:11:59,17:25:58,17
6807_5__6809_6,6807,6807_5,6809,6809_6,213,21,15.666666666666742,17:11:59,17:25:58,17
6807_5__6809_6,6807,6807_5,6809,6809_6,3907,22,15.966666666666697,17:11:59,17:25:58,17
6807_5__6809_6,6807,6807_5,6809,6809_6,949,23,16.566666666666606,17:11:59,17:25:58,17
6807_5__6809_6,6807,6807_5,6809,6809_6,913,24,16.533333333333303,17:11:59,17:25:58,17
6807_5__6809_6,6807,6807_5,6809,6809_6,307,25,16.76666666666665,17:11:59,17:25:58,17
6807_5__6809_6,6807,6807_5,6809,6809_6,212,26,16.51666666666665,17:11:59,17:25:58,17
6807_5__6809_6,6807,6807_5,6809,6809_6,2665,27,17.166666666666515,17:11:59,17:25:58,17
6807_5__6809_6,6807,6807_5,6809,6809_6,2736,28,18.26666666666665,17:11:59,17:25:58,17
6807_5__6809_6,6807,6807_5,6809,6809_6,705,29,18.916666666666515,17:11:59,17:25:58,17
6807_5__6809_6,6807,6807_5,6809,6809_6,9979,30,16.51666666666665,17:11:59,17:25:58,17
6807_5__6809_6,6807,6807_5,6809,6809_6,2492,31,16.283333333333303,17:11:59,17:25:58,17
6807_5__6809_6,6807,6807_5,6809,6809_6,946,32,16.76666666666665,17:11:59,17:25:58,17
6807_5__6809_6,6807,6807_5,6809,6809_6,947,33,16.783333333333303,17:11:59,17:25:58,17
6807_5__6809_6,6807,6807_5,6809,6809_6,327,34,17.433333333333167,17:11:59,17:25:58,17
6807_5__6809_6,6807,6807_5,6809,6809_6,3284,35,16.049999999999955,17:11:59,17:25:58,17
6807_5__6809_6,6807,6807_5,6809,6809_6,3282,36,16.783333333333303,17:11:59,17:25:58,17
6807_5__6809_6,6807,6807_5,6809,6809_6,2583,37,15.916666666666742,17:11:59,17:25:58,17
6807_5__6809_6,6807,6807_5,6809,6809_6,2590,38,15.983333333333348,17:11:59,17:25:58,17
6807_5__6809_6,6807,6807_5,6809,6809_6,603,39,15.466666666666697,17:11:59,17:25:58,17
6807_6__6809_7,6807,6807_6,6809,6809_7,3797,1,15.0,20:05:00,20:20:00,20
6807_6__6809_7,6807,6807_6,6809,6809_7,2984,2,16.033333333333303,20:05:00,20:20:00,20
6807_6__6809_7,6807,6807_6,6809,6809_7,2685,3,16.38333333333344,20:05:00,20:20:00,20
6807_6__6809_7,6807,6807_6,6809,6809_7,3649,4,16.53333333333353,20:05:00,20:20:00,20
6807_6__6809_7,6807,6807_6,6809,6809_7,3747,5,17.616666666666788,20:05:00,20:20:00,20
6807_6__6809_7,6807,6807_6,6809,6809_7,482,6,18.333333333333485,20:05:00,20:20:00,20
6807_6__6809_7,6807,6807_6,6809,6809_7,709,7,19.449999999999818,20:05:00,20:20:00,20
6807_6__6809_7,6807,6807_6,6809,6809_7,1577,8,16.98333333333335,20:05:00,20:20:00,20
6807_6__6809_7,6807,6807_6,6809,6809_7,990,9,17.13333333333344,20:05:00,20:20:00,20
6807_6__6809_7,6807,6807_6,6809,6809_7,109,10,17.200000000000045,20:05:00,20:20:00,20
6807_6__6809_7,6807,6807_6,6809,6809_7,396,11,16.25,20:05:00,20:20:00,20
6807_6__6809_7,6807,6807_6,6809,6809_7,1253,12,15.933333333333167,20:05:00,20:20:00,20
6807_6__6809_7,6807,6807_6,6809,6809_7,1554,13,17.533333333333303,20:05:00,20:20:00,20
6807_6__6809_7,6807,6807_6,6809,6809_7,1099,14,17.416666666666515,20:05:00,20:20:00,20
6807_6__6809_7,6807,6807_6,6809,6809_7,168,15,17.966666666666697,20:05:00,20:20:00,20
6807_6__6809_7,6807,6807_6,6809,6809_7,929,16,18.0,20:05:00,20:20:00,20
6807_6__6809_7,6807,6807_6,6809,6809_7,94,17,17.683333333333167,20:05:00,20:20:00,20
6807_6__6809_7,6807,6807_6,6809,6809_7,1080,18,17.833333333333485,20:05:00,20:20:00,20
6807_6__6809_7,6807,6807_6,6809,6809_7,146,19,17.84999999999991,20:05:00,20:20:00,20
6807_6__6809_7,6807,6807_6,6809,6809_7,1089,20,17.533333333333303,20:05:00,20:20:00,20
6807_6__6809_7,6807,6807_6,6809,6809_7,213,21,18.416666666666742,20:05:00,20:20:00,20
6807_6__6809_7,6807,6807_6,6809,6809_7,3907,22,19.133333333333212,20:05:00,20:20:00,20
6807_6__6809_7,6807,6807_6,6809,6809_7,949,23,19.066666666666606,20:05:00,20:20:00,20
6807_6__6809_7,6807,6807_6,6809,6809_7,913,24,18.34999999999991,20:05:00,20:20:00,20
6807_6__6809_7,6807,6807_6,6809,6809_7,307,25,18.916666666666742,20:05:00,20:20:00,20
6807_6__6809_7,6807,6807_6,6809,6809_7,212,26,19.600000000000136,20:05:00,20:20:00,20
6807_6__6809_7,6807,6807_6,6809,6809_7,2665,27,19.666666666666742,20:05:00,20:20:00,20
6807_6__6809_7,6807,6807_6,6809,6809_7,2736,28,18.683333333333394,20:05:00,20:20:00,20
6807_6__6809_7,6807,6807_6,6809,6809_7,705,29,18.399999999999864,20:05:00,20:20:00,20
6807_6__6809_7,6807,6807_6,6809,6809_7,9979,30,19.59999999999991,20:05:00,20:20:00,20
6807_6__6809_7,6807,6807_6,6809,6809_7,2492,31,19.34999999999991,20:05:00,20:20:00,20
6807_6__6809_7,6807,6807_6,6809,6809_7,946,32,20.116666666666788,20:05:00,20:20:00,20
6807_6__6809_7,6807,6807_6,6809,6809_7,947,33,18.783333333333303,20:05:00,20:20:00,20
6807_6__6809_7,6807,6807_6,6809,6809_7,327,34,18.533333333333303,20:05:00,20:20:00,20
6807_6__6809_7,6807,6807_6,6809,6809_7,3284,35,18.13333333333344,20:05:00,20:20:00,20
6807_6__6809_7,6807,6807_6,6809,6809_7,3282,36,17.683333333333394,20:05:00,20:20:00,20
6807_6__6809_7,6807,6807_6,6809,6809_7,2583,37,18.466666666666697,20:05:00,20:20:00,20
6807_6__6809_7,6807,6807_6,6809,6809_7,2590,38,18.75,20:05:00,20:20:00,20
6807_6__6809_7,6807,6807_6,6809,6809_7,603,39,17.01666666666665,20:05:00,20:20:00,20
6808_1__6810_2,6808,6808_1,6810,6810_2,3797,1,12.0,06:41:00,06:53:00,6
6808_1__6810_2,6808,6808_1,6810,6810_2,2984,2,12.983333333333348,06:41:00,06:53:00,6
6808_1__6810_2,6808,6808_1,6810,6810_2,2685,3,13.016666666666652,06:41:00,06:53:00,6
6808_1__6810_2,6808,6808_1,6810,6810_2,3649,4,14.266666666666652,06:41:00,06:53:00,6
6808_1__6810_2,6808,6808_1,6810,6810_2,482,6,14.333333333333314,06:41:00,06:53:00,6
6808_1__6810_2,6808,6808_1,6810,6810_2,709,7,14.28333333333336,06:41:00,06:53:00,6
6808_1__6810_2,6808,6808_1,6810,6810_2,1577,8,14.666666666666629,06:41:00,06:53:00,6
6808_1__6810_2,6808,6808_1,6810,6810_2,990,9,14.549999999999955,06:41:00,06:53:00,6
6808_1__6810_2,6808,6808_1,6810,6810_2,109,10,14.46666666666664,06:41:00,06:53:00,6
6808_1__6810_2,6808,6808_1,6810,6810_2,396,11,14.100000000000023,06:41:00,06:53:00,6
6808_1__6810_2,6808,6808_1,6810,6810_2,1253,12,13.650000000000034,06:41:00,06:53:00,6
6808_1__6810_2,6808,6808_1,6810,6810_2,1554,13,14.46666666666664,06:41:00,06:53:00,6
6808_1__6810_2,6808,6808_1,6810,6810_2,1099,14,14.583333333333371,06:41:00,06:53:00,6
6808_1__6810_2,6808,6808_1,6810,6810_2,168,15,14.583333333333314,06:41:00,06:53:00,6
6808_1__6810_2,6808,6808_1,6810,6810_2,929,16,14.083333333333371,06:41:00,06:53:00,6
6808_1__6810_2,6808,6808_1,6810,6810_2,94,17,14.716666666666697,06:41:00,06:53:00,6
6808_1__6810_2,6808,6808_1,6810,6810_2,1080,18,13.616666666666674,06:41:00,06:53:00,6
6808_1__6810_2,6808,6808_1,6810,6810_2,146,19,14.849999999999966,06:41:00,06:53:00,6
6808_1__6810_2,6808,6808_1,6810,6810_2,1089,20,14.25,06:41:00,06:53:00,6
6808_1__6810_2,6808,6808_1,6810,6810_2,213,21,13.766666666666652,06:41:00,06:53:00,6
6808_1__6810_2,6808,6808_1,6810,6810_2,3907,22,14.550000000000011,06:41:00,06:53:00,6
6808_1__6810_2,6808,6808_1,6810,6810_2,949,23,13.916666666666629,06:41:00,06:53:00,6
6808_1__6810_2,6808,6808_1,6810,6810_2,913,24,14.083333333333314,06:41:00,06:53:00,6
6808_1__6810_2,6808,6808_1,6810,6810_2,307,25,13.866666666666674,06:41:00,06:53:00,6
6808_1__6810_2,6808,6808_1,6810,6810_2,212,26,13.850000000000023,06:41:00,06:53:00,6
6808_1__6810_2,6808,6808_1,6810,6810_2,2665,27,13.75,06:41:00,06:53:00,6
6808_1__6810_2,6808,6808_1,6810,6810_2,2736,28,13.699999999999989,06:41:00,06:53:00,6
6808_1__6810_2,6808,6808_1,6810,6810_2,705,29,15.100000000000023,06:41:00,06:53:00,6
6808_1__6810_2,6808,6808_1,6810,6810_2,9979,30,14.016666666666652,06:41:00,06:53:00,6
6808_1__6810_2,6808,6808_1,6810,6810_2,2492,31,14.5,06:41:00,06:53:00,6
6808_1__6810_2,6808,6808_1,6810,6810_2,946,32,15.06666666666672,06:41:00,06:53:00,6
6808_1__6810_2,6808,6808_1,6810,6810_2,947,33,15.216666666666697,06:41:00,06:53:00,6
6808_1__6810_2,6808,6808_1,6810,6810_2,327,34,15.100000000000023,06:41:00,06:53:00,6
6808_1__6810_2,6808,6808_1,6810,6810_2,3284,35,15.050000000000011,06:41:00,06:53:00,6
6808_1__6810_2,6808,6808_1,6810,6810_2,3282,36,15.566666666666663,06:41:00,06:53:00,6
6808_1__6810_2,6808,6808_1,6810,6810_2,2583,37,14.983333333333348,06:41:00,06:53:00,6
6808_1__6810_2,6808,6808_1,6810,6810_2,2590,38,13.866666666666674,06:41:00,06:53:00,6
6808_1__6810_2,6808,6808_1,6810,6810_2,603,39,15.283333333333303,06:41:00,06:53:00,6
6808_2__6810_3,6808,6808_2,6810,6810_3,3797,1,11.983333333333348,09:20:59,09:32:58,9
6808_2__6810_3,6808,6808_2,6810,6810_3,2984,2,12.883333333333326,09:20:59,09:32:58,9
6808_2__6810_3,6808,6808_2,6810,6810_3,2685,3,13.416666666666742,09:20:59,09:32:58,9
6808_2__6810_3,6808,6808_2,6810,6810_3,3649,4,12.950000000000045,09:20:59,09:32:58,9
6808_2__6810_3,6808,6808_2,6810,6810_3,3747,5,12.583333333333371,09:20:59,09:32:58,9
6808_2__6810_3,6808,6808_2,6810,6810_3,482,6,12.266666666666652,09:20:59,09:32:58,9
6808_2__6810_3,6808,6808_2,6810,6810_3,709,7,11.56666666666672,09:20:59,09:32:58,9
6808_2__6810_3,6808,6808_2,6810,6810_3,1577,8,11.016666666666652,09:20:59,09:32:58,9
6808_2__6810_3,6808,6808_2,6810,6810_3,990,9,11.116666666666674,09:20:59,09:32:58,9
6808_2__6810_3,6808,6808_2,6810,6810_3,109,10,11.583333333333371,09:20:59,09:32:58,9
6808_2__6810_3,6808,6808_2,6810,6810_3,396,11,10.216666666666697,09:20:59,09:32:58,9
6808_2__6810_3,6808,6808_2,6810,6810_3,1253,12,11.066666666666606,09:20:59,09:32:58,9
6808_2__6810_3,6808,6808_2,6810,6810_3,1554,13,10.833333333333258,09:20:59,09:32:58,9
6808_2__6810_3,6808,6808_2,6810,6810_3,1099,14,10.899999999999977,09:20:59,09:32:58,9
6808_2__6810_3,6808,6808_2,6810,6810_3,168,15,10.333333333333258,09:20:59,09:32:58,9
6808_2__6810_3,6808,6808_2,6810,6810_3,929,16,11.149999999999977,09:20:59,09:32:58,9
6808_2__6810_3,6808,6808_2,6810,6810_3,94,17,11.666666666666742,09:20:59,09:32:58,9
6808_2__6810_3,6808,6808_2,6810,6810_3,1080,18,12.149999999999977,09:20:59,09:32:58,9
6808_2__6810_3,6808,6808_2,6810,6810_3,146,19,11.799999999999955,09:20:59,09:32:58,9
6808_2__6810_3,6808,6808_2,6810,6810_3,1089,20,12.049999999999955,09:20:59,09:32:58,9
6808_2__6810_3,6808,6808_2,6810,6810_3,213,21,11.216666666666697,09:20:59,09:32:58,9
6808_2__6810_3,6808,6808_2,6810,6810_3,3907,22,11.06666666666672,09:20:59,09:32:58,9
6808_2__6810_3,6808,6808_2,6810,6810_3,949,23,10.016666666666765,09:20:59,09:32:58,9
6808_2__6810_3,6808,6808_2,6810,6810_3,913,24,9.799999999999955,09:20:59,09:32:58,9
6808_2__6810_3,6808,6808_2,6810,6810_3,307,25,10.06666666666672,09:20:59,09:32:58,9
6808_2__6810_3,6808,6808_2,6810,6810_3,212,26,8.833333333333258,09:20:59,09:32:58,9
6808_2__6810_3,6808,6808_2,6810,6810_3,2665,27,8.416666666666629,09:20:59,09:32:58,9
6808_2__6810_3,6808,6808_2,6810,6810_3,2736,28,7.849999999999909,09:20:59,09:32:58,9
6808_2__6810_3,6808,6808_2,6810,6810_3,705,29,8.516666666666652,09:20:59,09:32:58,9
6808_2__6810_3,6808,6808_2,6810,6810_3,9979,30,9.283333333333303,09:20:59,09:32:58,9
6808_2__6810_3,6808,6808_2,6810,6810_3,2492,31,8.916666666666742,09:20:59,09:32:58,9
6808_2__6810_3,6808,6808_2,6810,6810_3,946,32,8.900000000000091,09:20:59,09:32:58,9
6808_2__6810_3,6808,6808_2,6810,6810_3,947,33,8.599999999999909,09:20:59,09:32:58,9
6808_2__6810_3,6808,6808_2,6810,6810_3,327,34,8.93333333333328,09:20:59,09:32:58,9
6808_2__6810_3,6808,6808_2,6810,6810_3,3284,35,7.716666666666697,09:20:59,09:32:58,9
6808_2__6810_3,6808,6808_2,6810,6810_3,3282,36,6.93333333333328,09:20:59,09:32:58,9
6808_2__6810_3,6808,6808_2,6810,6810_3,2583,37,6.566666666666606,09:20:59,09:32:58,9
6808_2__6810_3,6808,6808_2,6810,6810_3,2590,38,5.9833333333333485,09:20:59,09:32:58,9
6808_2__6810_3,6808,6808_2,6810,6810_3,603,39,5.150000000000091,09:20:59,09:32:58,9
6808_3__6810_4,6808,6808_3,6810,6810_4,3797,1,12.0,12:07:58,12:19:58,12
6808_3__6810_4,6808,6808_3,6810,6810_4,2984,2,12.983333333333348,12:07:58,12:19:58,12
6808_3__6810_4,6808,6808_3,6810,6810_4,2685,3,13.5,12:07:58,12:19:58,12
6808_3__6810_4,6808,6808_3,6810,6810_4,3649,4,15.149999999999977,12:07:58,12:19:58,12
6808_3__6810_4,6808,6808_3,6810,6810_4,3747,5,14.5,12:07:58,12:19:58,12
6808_3__6810_4,6808,6808_3,6810,6810_4,482,6,13.949999999999932,12:07:58,12:19:58,12
6808_3__6810_4,6808,6808_3,6810,6810_4,709,7,13.866666666666674,12:07:58,12:19:58,12
6808_3__6810_4,6808,6808_3,6810,6810_4,1577,8,12.666666666666629,12:07:58,12:19:58,12
6808_3__6810_4,6808,6808_3,6810,6810_4,990,9,11.666666666666742,12:07:58,12:19:58,12
6808_3__6810_4,6808,6808_3,6810,6810_4,109,10,12.100000000000023,12:07:58,12:19:58,12
6808_3__6810_4,6808,6808_3,6810,6810_4,396,11,13.016666666666652,12:07:58,12:19:58,12
6808_3__6810_4,6808,6808_3,6810,6810_4,1253,12,12.833333333333371,12:07:58,12:19:58,12
6808_3__6810_4,6808,6808_3,6810,6810_4,1554,13,12.850000000000023,12:07:58,12:19:58,12
6808_3__6810_4,6808,6808_3,6810,6810_4,1099,14,12.416666666666629,12:07:58,12:19:58,12
6808_3__6810_4,6808,6808_3,6810,6810_4,168,15,12.466666666666697,12:07:58,12:19:58,12
6808_3__6810_4,6808,6808_3,6810,6810_4,929,16,13.5,12:07:58,12:19:58,12
6808_3__6810_4,6808,6808_3,6810,6810_4,94,17,12.733333333333348,12:07:58,12:19:58,12
6808_3__6810_4,6808,6808_3,6810,6810_4,1080,18,12.299999999999955,12:07:58,12:19:58,12
6808_3__6810_4,6808,6808_3,6810,6810_4,146,19,12.700000000000045,12:07:58,12:19:58,12
6808_3__6810_4,6808,6808_3,6810,6810_4,1089,20,13.0,12:07:58,12:19:58,12
6808_3__6810_4,6808,6808_3,6810,6810_4,213,21,13.016666666666652,12:07:58,12:19:58,12
6808_3__6810_4,6808,6808_3,6810,6810_4,3907,22,14.299999999999955,12:07:58,12:19:58,12
6808_3__6810_4,6808,6808_3,6810,6810_4,949,23,13.616666666666674,12:07:58,12:19:58,12
6808_3__6810_4,6808,6808_3,6810,6810_4,913,24,13.049999999999955,12:07:58,12:19:58,12
6808_3__6810_4,6808,6808_3,6810,6810_4,307,25,14.033333333333303,12:07:58,12:19:58,12
6808_3__6810_4,6808,6808_3,6810,6810_4,212,26,13.399999999999977,12:07:58,12:19:58,12
6808_3__6810_4,6808,6808_3,6810,6810_4,2665,27,12.700000000000045,12:07:58,12:19:58,12
6808_3__6810_4,6808,6808_3,6810,6810_4,2736,28,13.100000000000023,12:07:58,12:19:58,12
6808_3__6810_4,6808,6808_3,6810,6810_4,705,29,14.449999999999932,12:07:58,12:19:58,12
6808_3__6810_4,6808,6808_3,6810,6810_4,9979,30,13.949999999999932,12:07:58,12:19:58,12
6808_3__6810_4,6808,6808_3,6810,6810_4,2492,31,13.583333333333258,12:07:58,12:19:58,12
6808_3__6810_4,6808,6808_3,6810,6810_4,946,32,15.050000000000068,12:07:58,12:19:58,12
6808_3__6810_4,6808,6808_3,6810,6810_4,947,33,15.333333333333371,12:07:58,12:19:58,12
6808_3__6810_4,6808,6808_3,6810,6810_4,327,34,14.816666666666606,12:07:58,12:19:58,12
6808_3__6810_4,6808,6808_3,6810,6810_4,3284,35,15.11666666666656,12:07:58,12:19:58,12
6808_3__6810_4,6808,6808_3,6810,6810_4,3282,36,15.833333333333371,12:07:58,12:19:58,12
6808_3__6810_4,6808,6808_3,6810,6810_4,2583,37,16.51666666666665,12:07:58,12:19:58,12
6808_3__6810_4,6808,6808_3,6810,6810_4,2590,38,16.18333333333328,12:07:58,12:19:58,12
6808_3__6810_4,6808,6808_3,6810,6810_4,603,39,16.0,12:07:58,12:19:58,12
6808_4__6810_5,6808,6808_4,6810,6810_5,3797,1,13.0,14:48:59,15:01:59,14
6808_4__6810_5,6808,6808_4,6810,6810_5,2984,2,13.016666666666652,14:48:59,15:01:59,14
6808_4__6810_5,6808,6808_4,6810,6810_5,2685,3,13.099999999999909,14:48:59,15:01:59,14
6808_4__6810_5,6808,6808_4,6810,6810_5,3649,4,12.883333333333326,14:48:59,15:01:59,14
6808_4__6810_5,6808,6808_4,6810,6810_5,3747,5,13.633333333333326,14:48:59,15:01:59,14
6808_4__6810_5,6808,6808_4,6810,6810_5,482,6,12.633333333333326,14:48:59,15:01:59,14
6808_4__6810_5,6808,6808_4,6810,6810_5,709,7,13.316666666666606,14:48:59,15:01:59,14
6808_4__6810_5,6808,6808_4,6810,6810_5,1577,8,12.699999999999932,14:48:59,15:01:59,14
6808_4__6810_5,6808,6808_4,6810,6810_5,109,10,10.483333333333348,14:48:59,15:01:59,14
6808_4__6810_5,6808,6808_4,6810,6810_5,396,11,9.183333333333394,14:48:59,15:01:59,14
6808_4__6810_5,6808,6808_4,6810,6810_5,1253,12,9.466666666666697,14:48:59,15:01:59,14
6808_4__6810_5,6808,6808_4,6810,6810_5,1554,13,9.349999999999909,14:48:59,15:01:59,14
6808_4__6810_5,6808,6808_4,6810,6810_5,1099,14,8.083333333333371,14:48:59,15:01:59,14
6808_4__6810_5,6808,6808_4,6810,6810_5,168,15,7.783333333333417,14:48:59,15:01:59,14
6808_4__6810_5,6808,6808_4,6810,6810_5,929,16,8.133333333333326,14:48:59,15:01:59,14
6808_4__6810_5,6808,6808_4,6810,6810_5,94,17,7.933333333333394,14:48:59,15:01:59,14
6808_4__6810_5,6808,6808_4,6810,6810_5,1080,18,8.116666666666674,14:48:59,15:01:59,14
6808_4__6810_5,6808,6808_4,6810,6810_5,146,19,10.033333333333417,14:48:59,15:01:59,14
6808_4__6810_5,6808,6808_4,6810,6810_5,1089,20,9.200000000000045,14:48:59,15:01:59,14
6808_4__6810_5,6808,6808_4,6810,6810_5,213,21,9.350000000000023,14:48:59,15:01:59,14
6808_4__6810_5,6808,6808_4,6810,6810_5,3907,22,9.516666666666652,14:48:59,15:01:59,14
6808_4__6810_5,6808,6808_4,6810,6810_5,949,23,8.75,14:48:59,15:01:59,14
6808_4__6810_5,6808,6808_4,6810,6810_5,913,24,10.649999999999977,14:48:59,15:01:59,14
6808_4__6810_5,6808,6808_4,6810,6810_5,307,25,10.63333333333344,14:48:59,15:01:59,14
6808_4__6810_5,6808,6808_4,6810,6810_5,212,26,10.700000000000045,14:48:59,15:01:59,14
6808_4__6810_5,6808,6808_4,6810,6810_5,2665,27,9.650000000000091,14:48:59,15:01:59,14
6808_4__6810_5,6808,6808_4,6810,6810_5,2736,28,8.899999999999977,14:48:59,15:01:59,14
6808_4__6810_5,6808,6808_4,6810,6810_5,705,29,8.583333333333258,14:48:59,15:01:59,14
6808_4__6810_5,6808,6808_4,6810,6810_5,9979,30,8.800000000000068,14:48:59,15:01:59,14
6808_4__6810_5,6808,6808_4,6810,6810_5,2492,31,8.983333333333348,14:48:59,15:01:59,14
6808_4__6810_5,6808,6808_4,6810,6810_5,946,32,8.199999999999932,14:48:59,15:01:59,14
6808_4__6810_5,6808,6808_4,6810,6810_5,947,33,9.5,14:48:59,15:01:59,14
6808_4__6810_5,6808,6808_4,6810,6810_5,327,34,7.899999999999977,14:48:59,15:01:59,14
6808_4__6810_5,6808,6808_4,6810,6810_5,3284,35,6.5833333333332575,14:48:59,15:01:59,14
6808_4__6810_5,6808,6808_4,6810,6810_5,3282,36,5.2999999999999545,14:48:59,15:01:59,14
6808_4__6810_5,6808,6808_4,6810,6810_5,2583,37,7.133333333333326,14:48:59,15:01:59,14
6808_4__6810_5,6808,6808_4,6810,6810_5,2590,38,6.683333333333394,14:48:59,15:01:59,14
6808_4__6810_5,6808,6808_4,6810,6810_5,603,39,5.533333333333303,14:48:59,15:01:59,14
6808_5__6810_7,6808,6808_5,6810,6810_7,3797,1,13.0,17:39:59,17:52:59,17
6808_5__6810_7,6808,6808_5,6810,6810_7,2984,2,12.900000000000091,17:39:59,17:52:59,17
6808_5__6810_7,6808,6808_5,6810,6810_7,2685,3,12.5,17:39:59,17:52:59,17
6808_5__6810_7,6808,6808_5,6810,6810_7,3649,4,12.783333333333303,17:39:59,17:52:59,17
6808_5__6810_7,6808,6808_5,6810,6810_7,3747,5,12.649999999999864,17:39:59,17:52:59,17
6808_5__6810_7,6808,6808_5,6810,6810_7,482,6,12.88333333333344,17:39:59,17:52:59,17
6808_5__6810_7,6808,6808_5,6810,6810_7,709,7,13.699999999999818,17:39:59,17:52:59,17
6808_5__6810_7,6808,6808_5,6810,6810_7,1577,8,14.533333333333303,17:39:59,17:52:59,17
6808_5__6810_7,6808,6808_5,6810,6810_7,990,9,16.5,17:39:59,17:52:59,17
6808_5__6810_7,6808,6808_5,6810,6810_7,109,10,15.866666666666788,17:39:59,17:52:59,17
6808_5__6810_7,6808,6808_5,6810,6810_7,396,11,15.666666666666742,17:39:59,17:52:59,17
6808_5__6810_7,6808,6808_5,6810,6810_7,1253,12,15.449999999999818,17:39:59,17:52:59,17
6808_5__6810_7,6808,6808_5,6810,6810_7,1554,13,16.066666666666833,17:39:59,17:52:59,17
6808_5__6810_7,6808,6808_5,6810,6810_7,1099,14,15.916666666666742,17:39:59,17:52:59,17
6808_5__6810_7,6808,6808_5,6810,6810_7,168,15,18.84999999999991,17:39:59,17:52:59,17
6808_5__6810_7,6808,6808_5,6810,6810_7,929,16,18.033333333333303,17:39:59,17:52:59,17
6808_5__6810_7,6808,6808_5,6810,6810_7,94,17,17.299999999999955,17:39:59,17:52:59,17
6808_5__6810_7,6808,6808_5,6810,6810_7,1080,18,17.533333333333303,17:39:59,17:52:59,17
6808_5__6810_7,6808,6808_5,6810,6810_7,146,19,17.5,17:39:59,17:52:59,17
6808_5__6810_7,6808,6808_5,6810,6810_7,1089,20,17.5,17:39:59,17:52:59,17
6808_5__6810_7,6808,6808_5,6810,6810_7,213,21,17.916666666666515,17:39:59,17:52:59,17
6808_5__6810_7,6808,6808_5,6810,6810_7,3907,22,17.466666666666697,17:39:59,17:52:59,17
6808_5__6810_7,6808,6808_5,6810,6810_7,949,23,17.616666666666788,17:39:59,17:52:59,17
6808_5__6810_7,6808,6808_5,6810,6810_7,913,24,16.533333333333303,17:39:59,17:52:59,17
6808_5__6810_7,6808,6808_5,6810,6810_7,307,25,16.76666666666665,17:39:59,17:52:59,17
6808_5__6810_7,6808,6808_5,6810,6810_7,212,26,16.616666666666788,17:39:59,17:52:59,17
6808_5__6810_7,6808,6808_5,6810,6810_7,2665,27,16.75,17:39:59,17:52:59,17
6808_5__6810_7,6808,6808_5,6810,6810_7,2736,28,16.26666666666665,17:39:59,17:52:59,17
6808_5__6810_7,6808,6808_5,6810,6810_7,705,29,18.316666666666606,17:39:59,17:52:59,17
6808_5__6810_7,6808,6808_5,6810,6810_7,9979,30,18.23333333333335,17:39:59,17:52:59,17
6808_5__6810_7,6808,6808_5,6810,6810_7,2492,31,17.699999999999818,17:39:59,17:52:59,17
6808_5__6810_7,6808,6808_5,6810,6810_7,946,32,18.84999999999991,17:39:59,17:52:59,17
6808_5__6810_7,6808,6808_5,6810,6810_7,947,33,18.816666666666606,17:39:59,17:52:59,17
6808_5__6810_7,6808,6808_5,6810,6810_7,327,34,18.25,17:39:59,17:52:59,17
6808_5__6810_7,6808,6808_5,6810,6810_7,3284,35,17.816666666666606,17:39:59,17:52:59,17
6808_5__6810_7,6808,6808_5,6810,6810_7,3282,36,17.73333333333335,17:39:59,17:52:59,17
6808_5__6810_7,6808,6808_5,6810,6810_7,2583,37,16.88333333333344,17:39:59,17:52:59,17
6808_5__6810_7,6808,6808_5,6810,6810_7,2590,38,17.716666666666697,17:39:59,17:52:59,17
6808_5__6810_7,6808,6808_5,6810,6810_7,603,39,18.25,17:39:59,17:52:59,17
6809_1__6810_1,6809,6809_1,6810,6810_1,3797,1,17.0,04:06:00,04:23:00,4
6809_1__6810_1,6809,6809_1,6810,6810_1,2984,2,16.93333333333331,04:06:00,04:23:00,4
6809_1__6810_1,6809,6809_1,6810,6810_1,2685,3,16.433333333333337,04:06:00,04:23:00,4
6809_1__6810_1,6809,6809_1,6810,6810_1,3649,4,17.133333333333297,04:06:00,04:23:00,4
6809_1__6810_1,6809,6809_1,6810,6810_1,482,6,18.26666666666665,04:06:00,04:23:00,4
6809_1__6810_1,6809,6809_1,6810,6810_1,709,7,19.166666666666686,04:06:00,04:23:00,4
6809_1__6810_1,6809,6809_1,6810,6810_1,1577,8,19.716666666666697,04:06:00,04:23:00,4
6809_1__6810_1,6809,6809_1,6810,6810_1,990,9,20.51666666666671,04:06:00,04:23:00,4
6809_1__6810_1,6809,6809_1,6810,6810_1,109,10,20.066666666666663,04:06:00,04:23:00,4
6809_1__6810_1,6809,6809_1,6810,6810_1,396,11,19.433333333333337,04:06:00,04:23:00,4
6809_1__6810_1,6809,6809_1,6810,6810_1,1253,12,19.73333333333335,04:06:00,04:23:00,4
6809_1__6810_1,6809,6809_1,6810,6810_1,1554,13,18.549999999999955,04:06:00,04:23:00,4
6809_1__6810_1,6809,6809_1,6810,6810_1,1099,14,18.666666666666686,04:06:00,04:23:00,4
6809_1__6810_1,6809,6809_1,6810,6810_1,168,15,19.08333333333337,04:06:00,04:23:00,4
6809_1__6810_1,6809,6809_1,6810,6810_1,929,16,17.80000000000001,04:06:00,04:23:00,4
6809_1__6810_1,6809,6809_1,6810,6810_1,94,17,17.80000000000001,04:06:00,04:23:00,4
6809_1__6810_1,6809,6809_1,6810,6810_1,1080,18,17.5,04:06:00,04:23:00,4
6809_1__6810_1,6809,6809_1,6810,6810_1,1089,20,15.983333333333292,04:06:00,04:23:00,4
6809_1__6810_1,6809,6809_1,6810,6810_1,213,21,16.650000000000034,04:06:00,04:23:00,4
6809_1__6810_1,6809,6809_1,6810,6810_1,3907,22,16.916666666666686,04:06:00,04:23:00,4
6809_1__6810_1,6809,6809_1,6810,6810_1,949,23,16.600000000000023,04:06:00,04:23:00,4
6809_1__6810_1,6809,6809_1,6810,6810_1,913,24,17.0,04:06:00,04:23:00,4
6809_1__6810_1,6809,6809_1,6810,6810_1,212,26,14.466666666666697,04:06:00,04:23:00,4
6809_1__6810_1,6809,6809_1,6810,6810_1,2665,27,14.450000000000045,04:06:00,04:23:00,4
6809_1__6810_1,6809,6809_1,6810,6810_1,2736,28,13.983333333333348,04:06:00,04:23:00,4
6809_1__6810_1,6809,6809_1,6810,6810_1,705,29,14.75,04:06:00,04:23:00,4
6809_1__6810_1,6809,6809_1,6810,6810_1,9979,30,14.066666666666663,04:06:00,04:23:00,4
6809_1__6810_1,6809,6809_1,6810,6810_1,2492,31,14.75,04:06:00,04:23:00,4
6809_1__6810_1,6809,6809_1,6810,6810_1,946,32,13.949999999999989,04:06:00,04:23:00,4
6809_1__6810_1,6809,6809_1,6810,6810_1,327,34,13.333333333333314,04:06:00,04:23:00,4
6809_1__6810_1,6809,6809_1,6810,6810_1,3284,35,12.916666666666686,04:06:00,04:23:00,4
6809_1__6810_1,6809,6809_1,6810,6810_1,3282,36,13.366666666666674,04:06:00,04:23:00,4
6809_1__6810_1,6809,6809_1,6810,6810_1,2583,37,13.133333333333326,04:06:00,04:23:00,4
6809_1__6810_1,6809,6809_1,6810,6810_1,2590,38,13.349999999999966,04:06:00,04:23:00,4
6809_1__6810_1,6809,6809_1,6810,6810_1,603,39,13.350000000000023,04:06:00,04:23:00,4
6809_2__6808_1,6809,6809_2,6808,6808_1,3797,1,12.0,06:29:00,06:41:00,6
6809_2__6808_1,6809,6809_2,6808,6808_1,2984,2,12.349999999999966,06:29:00,06:41:00,6
6809_2__6808_1,6809,6809_2,6808,6808_1,2685,3,12.949999999999989,06:29:00,06:41:00,6
6809_2__6808_1,6809,6809_2,6808,6808_1,3649,4,11.566666666666663,06:29:00,06:41:00,6
6809_2__6808_1,6809,6809_2,6808,6808_1,482,6,9.816666666666663,06:29:00,06:41:00,6
6809_2__6808_1,6809,6809_2,6808,6808_1,709,7,8.666666666666629,06:29:00,06:41:00,6
6809_2__6808_1,6809,6809_2,6808,6808_1,1577,8,9.300000000000011,06:29:00,06:41:00,6
6809_2__6808_1,6809,6809_2,6808,6808_1,990,9,9.450000000000045,06:29:00,06:41:00,6
6809_2__6808_1,6809,6809_2,6808,6808_1,109,10,10.133333333333326,06:29:00,06:41:00,6
6809_2__6808_1,6809,6809_2,6808,6808_1,396,11,10.96666666666664,06:29:00,06:41:00,6
6809_2__6808_1,6809,6809_2,6808,6808_1,1253,12,10.783333333333303,06:29:00,06:41:00,6
6809_2__6808_1,6809,6809_2,6808,6808_1,1554,13,10.666666666666686,06:29:00,06:41:00,6
6809_2__6808_1,6809,6809_2,6808,6808_1,1099,14,10.533333333333303,06:29:00,06:41:00,6
6809_2__6808_1,6809,6809_2,6808,6808_1,168,15,11.383333333333326,06:29:00,06:41:00,6
6809_2__6808_1,6809,6809_2,6808,6808_1,929,16,10.983333333333292,06:29:00,06:41:00,6
6809_2__6808_1,6809,6809_2,6808,6808_1,94,17,10.733333333333348,06:29:00,06:41:00,6
6809_2__6808_1,6809,6809_2,6808,6808_1,1080,18,11.699999999999989,06:29:00,06:41:00,6
6809_2__6808_1,6809,6809_2,6808,6808_1,146,19,10.949999999999989,06:29:00,06:41:00,6
6809_2__6808_1,6809,6809_2,6808,6808_1,1089,20,11.199999999999989,06:29:00,06:41:00,6
6809_2__6808_1,6809,6809_2,6808,6808_1,213,21,11.633333333333326,06:29:00,06:41:00,6
6809_2__6808_1,6809,6809_2,6808,6808_1,3907,22,11.300000000000011,06:29:00,06:41:00,6
6809_2__6808_1,6809,6809_2,6808,6808_1,949,23,11.53333333333336,06:29:00,06:41:00,6
6809_2__6808_1,6809,6809_2,6808,6808_1,913,24,12.333333333333371,06:29:00,06:41:00,6
6809_2__6808_1,6809,6809_2,6808,6808_1,307,25,12.133333333333326,06:29:00,06:41:00,6
6809_2__6808_1,6809,6809_2,6808,6808_1,212,26,11.649999999999977,06:29:00,06:41:00,6
6809_2__6808_1,6809,6809_2,6808,6808_1,2665,27,11.400000000000034,06:29:00,06:41:00,6
6809_2__6808_1,6809,6809_2,6808,6808_1,2736,28,12.699999999999989,06:29:00,06:41:00,6
6809_2__6808_1,6809,6809_2,6808,6808_1,705,29,11.96666666666664,06:29:00,06:41:00,6
6809_2__6808_1,6809,6809_2,6808,6808_1,9979,30,13.649999999999977,06:29:00,06:41:00,6
6809_2__6808_1,6809,6809_2,6808,6808_1,2492,31,12.899999999999977,06:29:00,06:41:00,6
6809_2__6808_1,6809,6809_2,6808,6808_1,946,32,13.96666666666664,06:29:00,06:41:00,6
6809_2__6808_1,6809,6809_2,6808,6808_1,947,33,14.616666666666674,06:29:00,06:41:00,6
6809_2__6808_1,6809,6809_2,6808,6808_1,327,34,14.699999999999989,06:29:00,06:41:00,6
6809_2__6808_1,6809,6809_2,6808,6808_1,3284,35,15.566666666666663,06:29:00,06:41:00,6
6809_2__6808_1,6809,6809_2,6808,6808_1,3282,36,14.116666666666674,06:29:00,06:41:00,6
6809_2__6808_1,6809,6809_2,6808,6808_1,2583,37,14.266666666666652,06:29:00,06:41:00,6
6809_2__6808_1,6809,6809_2,6808,6808_1,2590,38,14.983333333333292,06:29:00,06:41:00,6
6809_2__6808_1,6809,6809_2,6808,6808_1,603,39,14.699999999999989,06:29:00,06:41:00,6
6809_3__6808_2,6809,6809_3,6808,6808_2,3797,1,13.016666666666652,09:07:58,09:20:59,9
6809_3__6808_2,6809,6809_3,6808,6808_2,2984,2,11.18333333333328,09:07:58,09:20:59,9
6809_3__6808_2,6809,6809_3,6808,6808_2,2685,3,10.316666666666606,09:07:58,09:20:59,9
6809_3__6808_2,6809,6809_3,6808,6808_2,3649,4,9.850000000000023,09:07:58,09:20:59,9
6809_3__6808_2,6809,6809_3,6808,6808_2,3747,5,9.533333333333303,09:07:58,09:20:59,9
6809_3__6808_2,6809,6809_3,6808,6808_2,482,6,9.416666666666742,09:07:58,09:20:59,9
6809_3__6808_2,6809,6809_3,6808,6808_2,709,7,9.916666666666629,09:07:58,09:20:59,9
6809_3__6808_2,6809,6809_3,6808,6808_2,1577,8,9.56666666666672,09:07:58,09:20:59,9
6809_3__6808_2,6809,6809_3,6808,6808_2,990,9,9.333333333333371,09:07:58,09:20:59,9
6809_3__6808_2,6809,6809_3,6808,6808_2,109,10,9.366666666666674,09:07:58,09:20:59,9
6809_3__6808_2,6809,6809_3,6808,6808_2,396,11,9.133333333333326,09:07:58,09:20:59,9
6809_3__6808_2,6809,6809_3,6808,6808_2,1253,12,7.183333333333394,09:07:58,09:20:59,9
6809_3__6808_2,6809,6809_3,6808,6808_2,1554,13,8.666666666666742,09:07:58,09:20:59,9
6809_3__6808_2,6809,6809_3,6808,6808_2,1099,14,7.933333333333394,09:07:58,09:20:59,9
6809_3__6808_2,6809,6809_3,6808,6808_2,168,15,7.133333333333326,09:07:58,09:20:59,9
6809_3__6808_2,6809,6809_3,6808,6808_2,929,16,6.583333333333371,09:07:58,09:20:59,9
6809_3__6808_2,6809,6809_3,6808,6808_2,94,17,5.699999999999932,09:07:58,09:20:59,9
6809_3__6808_2,6809,6809_3,6808,6808_2,1080,18,5.6666666666667425,09:07:58,09:20:59,9
6809_3__6808_2,6809,6809_3,6808,6808_2,146,19,6.183333333333394,09:07:58,09:20:59,9
6809_3__6808_2,6809,6809_3,6808,6808_2,1089,20,6.06666666666672,09:07:58,09:20:59,9
6809_3__6808_2,6809,6809_3,6808,6808_2,213,21,6.583333333333371,09:07:58,09:20:59,9
6809_3__6808_2,6809,6809_3,6808,6808_2,3907,22,6.883333333333326,09:07:58,09:20:59,9
6809_3__6808_2,6809,6809_3,6808,6808_2,949,23,6.18333333333328,09:07:58,09:20:59,9
6809_3__6808_2,6809,6809_3,6808,6808_2,913,24,6.9833333333333485,09:07:58,09:20:59,9
6809_3__6808_2,6809,6809_3,6808,6808_2,307,25,6.68333333333328,09:07:58,09:20:59,9
6809_3__6808_2,6809,6809_3,6808,6808_2,212,26,6.850000000000023,09:07:58,09:20:59,9
6809_3__6808_2,6809,6809_3,6808,6808_2,2665,27,6.433333333333394,09:07:58,09:20:59,9
6809_3__6808_2,6809,6809_3,6808,6808_2,2736,28,6.350000000000023,09:07:58,09:20:59,9
6809_3__6808_2,6809,6809_3,6808,6808_2,705,29,5.81666666666672,09:07:58,09:20:59,9
6809_3__6808_2,6809,6809_3,6808,6808_2,9979,30,4.883333333333326,09:07:58,09:20:59,9
6809_3__6808_2,6809,6809_3,6808,6808_2,2492,31,5.099999999999909,09:07:58,09:20:59,9
6809_3__6808_2,6809,6809_3,6808,6808_2,946,32,5.849999999999909,09:07:58,09:20:59,9
6809_3__6808_2,6809,6809_3,6808,6808_2,947,33,6.033333333333417,09:07:58,09:20:59,9
6809_3__6808_2,6809,6809_3,6808,6808_2,327,34,5.81666666666672,09:07:58,09:20:59,9
6809_3__6808_2,6809,6809_3,6808,6808_2,3284,35,6.349999999999909,09:07:58,09:20:59,9
6809_3__6808_2,6809,6809_3,6808,6808_2,3282,36,5.9500000000000455,09:07:58,09:20:59,9
6809_3__6808_2,6809,6809_3,6808,6808_2,2583,37,5.800000000000068,09:07:58,09:20:59,9
6809_3__6808_2,6809,6809_3,6808,6808_2,2590,38,6.0166666666666515,09:07:58,09:20:59,9
6809_3__6808_2,6809,6809_3,6808,6808_2,603,39,7.43333333333328,09:07:58,09:20:59,9
6809_4__6808_3,6809,6809_4,6808,6808_3,3797,1,12.983333333333348,11:54:59,12:07:58,11
6809_4__6808_3,6809,6809_4,6808,6808_3,2984,2,11.983333333333348,11:54:59,12:07:58,11
6809_4__6808_3,6809,6809_4,6808,6808_3,2685,3,12.283333333333303,11:54:59,12:07:58,11
6809_4__6808_3,6809,6809_4,6808,6808_3,3649,4,12.583333333333371,11:54:59,12:07:58,11
6809_4__6808_3,6809,6809_4,6808,6808_3,3747,5,12.266666666666652,11:54:59,12:07:58,11
6809_4__6808_3,6809,6809_4,6808,6808_3,482,6,12.683333333333394,11:54:59,12:07:58,11
6809_4__6808_3,6809,6809_4,6808,6808_3,709,7,13.866666666666674,11:54:59,12:07:58,11
6809_4__6808_3,6809,6809_4,6808,6808_3,1577,8,14.516666666666652,11:54:59,12:07:58,11
6809_4__6808_3,6809,6809_4,6808,6808_3,990,9,15.633333333333326,11:54:59,12:07:58,11
6809_4__6808_3,6809,6809_4,6808,6808_3,109,10,15.583333333333371,11:54:59,12:07:58,11
6809_4__6808_3,6809,6809_4,6808,6808_3,396,11,15.083333333333258,11:54:59,12:07:58,11
6809_4__6808_3,6809,6809_4,6808,6808_3,1253,12,16.59999999999991,11:54:59,12:07:58,11
6809_4__6808_3,6809,6809_4,6808,6808_3,1554,13,17.41666666666663,11:54:59,12:07:58,11
6809_4__6808_3,6809,6809_4,6808,6808_3,1099,14,17.31666666666672,11:54:59,12:07:58,11
6809_4__6808_3,6809,6809_4,6808,6808_3,168,15,18.050000000000068,11:54:59,12:07:58,11
6809_4__6808_3,6809,6809_4,6808,6808_3,929,16,16.666666666666742,11:54:59,12:07:58,11
6809_4__6808_3,6809,6809_4,6808,6808_3,94,17,18.133333333333326,11:54:59,12:07:58,11
6809_4__6808_3,6809,6809_4,6808,6808_3,1080,18,18.033333333333303,11:54:59,12:07:58,11
6809_4__6808_3,6809,6809_4,6808,6808_3,146,19,17.5,11:54:59,12:07:58,11
6809_4__6808_3,6809,6809_4,6808,6808_3,1089,20,16.58333333333337,11:54:59,12:07:58,11
6809_4__6808_3,6809,6809_4,6808,6808_3,213,21,15.833333333333371,11:54:59,12:07:58,11
6809_4__6808_3,6809,6809_4,6808,6808_3,3907,22,14.300000000000068,11:54:59,12:07:58,11
6809_4__6808_3,6809,6809_4,6808,6808_3,949,23,15.716666666666697,11:54:59,12:07:58,11
6809_4__6808_3,6809,6809_4,6808,6808_3,913,24,15.616666666666674,11:54:59,12:07:58,11
6809_4__6808_3,6809,6809_4,6808,6808_3,307,25,15.366666666666674,11:54:59,12:07:58,11
6809_4__6808_3,6809,6809_4,6808,6808_3,212,26,16.23333333333335,11:54:59,12:07:58,11
6809_4__6808_3,6809,6809_4,6808,6808_3,2665,27,15.983333333333348,11:54:59,12:07:58,11
6809_4__6808_3,6809,6809_4,6808,6808_3,2736,28,16.350000000000023,11:54:59,12:07:58,11
6809_4__6808_3,6809,6809_4,6808,6808_3,705,29,15.050000000000068,11:54:59,12:07:58,11
6809_4__6808_3,6809,6809_4,6808,6808_3,9979,30,15.016666666666652,11:54:59,12:07:58,11
6809_4__6808_3,6809,6809_4,6808,6808_3,2492,31,14.966666666666697,11:54:59,12:07:58,11
6809_4__6808_3,6809,6809_4,6808,6808_3,946,32,13.833333333333258,11:54:59,12:07:58,11
6809_4__6808_3,6809,6809_4,6808,6808_3,947,33,12.600000000000023,11:54:59,12:07:58,11
6809_4__6808_3,6809,6809_4,6808,6808_3,327,34,12.616666666666674,11:54:59,12:07:58,11
6809_4__6808_3,6809,6809_4,6808,6808_3,3284,35,12.416666666666742,11:54:59,12:07:58,11
6809_4__6808_3,6809,6809_4,6808,6808_3,3282,36,12.0,11:54:59,12:07:58,11
6809_4__6808_3,6809,6809_4,6808,6808_3,2583,37,11.866666666666674,11:54:59,12:07:58,11
6809_4__6808_3,6809,6809_4,6808,6808_3,2590,38,12.31666666666672,11:54:59,12:07:58,11
6809_4__6808_3,6809,6809_4,6808,6808_3,603,39,13.516666666666652,11:54:59,12:07:58,11
6809_5__6808_4,6809,6809_5,6808,6808_4,3797,1,13.016666666666652,14:35:58,14:48:59,14
6809_5__6808_4,6809,6809_5,6808,6808_4,2984,2,12.81666666666672,14:35:58,14:48:59,14
6809_5__6808_4,6809,6809_5,6808,6808_4,2685,3,12.716666666666697,14:35:58,14:48:59,14
6809_5__6808_4,6809,6809_5,6808,6808_4,3649,4,14.083333333333371,14:35:58,14:48:59,14
6809_5__6808_4,6809,6809_5,6808,6808_4,3747,5,15.25,14:35:58,14:48:59,14
6809_5__6808_4,6809,6809_5,6808,6808_4,482,6,16.23333333333335,14:35:58,14:48:59,14
6809_5__6808_4,6809,6809_5,6808,6808_4,709,7,17.23333333333335,14:35:58,14:48:59,14
6809_5__6808_4,6809,6809_5,6808,6808_4,1577,8,18.76666666666665,14:35:58,14:48:59,14
6809_5__6808_4,6809,6809_5,6808,6808_4,990,9,18.200000000000045,14:35:58,14:48:59,14
6809_5__6808_4,6809,6809_5,6808,6808_4,109,10,18.049999999999955,14:35:58,14:48:59,14
6809_5__6808_4,6809,6809_5,6808,6808_4,396,11,19.600000000000023,14:35:58,14:48:59,14
6809_5__6808_4,6809,6809_5,6808,6808_4,1253,12,18.98333333333335,14:35:58,14:48:59,14
6809_5__6808_4,6809,6809_5,6808,6808_4,1554,13,20.40000000000009,14:35:58,14:48:59,14
6809_5__6808_4,6809,6809_5,6808,6808_4,1099,14,21.100000000000023,14:35:58,14:48:59,14
6809_5__6808_4,6809,6809_5,6808,6808_4,168,15,20.43333333333328,14:35:58,14:48:59,14
6809_5__6808_4,6809,6809_5,6808,6808_4,929,16,19.83333333333337,14:35:58,14:48:59,14
6809_5__6808_4,6809,6809_5,6808,6808_4,94,17,21.48333333333335,14:35:58,14:48:59,14
6809_5__6808_4,6809,6809_5,6808,6808_4,1080,18,21.25,14:35:58,14:48:59,14
6809_5__6808_4,6809,6809_5,6808,6808_4,146,19,21.083333333333258,14:35:58,14:48:59,14
6809_5__6808_4,6809,6809_5,6808,6808_4,1089,20,22.0,14:35:58,14:48:59,14
6809_5__6808_4,6809,6809_5,6808,6808_4,213,21,19.183333333333394,14:35:58,14:48:59,14
6809_5__6808_4,6809,6809_5,6808,6808_4,3907,22,20.41666666666663,14:35:58,14:48:59,14
6809_5__6808_4,6809,6809_5,6808,6808_4,949,23,21.083333333333258,14:35:58,14:48:59,14
6809_5__6808_4,6809,6809_5,6808,6808_4,913,24,21.366666666666674,14:35:58,14:48:59,14
6809_5__6808_4,6809,6809_5,6808,6808_4,307,25,21.16666666666663,14:35:58,14:48:59,14
6809_5__6808_4,6809,6809_5,6808,6808_4,212,26,20.98333333333335,14:35:58,14:48:59,14
6809_5__6808_4,6809,6809_5,6808,6808_4,2665,27,22.43333333333328,14:35:58,14:48:59,14
6809_5__6808_4,6809,6809_5,6808,6808_4,2736,28,23.200000000000045,14:35:58,14:48:59,14
6809_5__6808_4,6809,6809_5,6808,6808_4,705,29,23.100000000000023,14:35:58,14:48:59,14
6809_5__6808_4,6809,6809_5,6808,6808_4,9979,30,22.16666666666663,14:35:58,14:48:59,14
6809_5__6808_4,6809,6809_5,6808,6808_4,2492,31,21.966666666666697,14:35:58,14:48:59,14
6809_5__6808_4,6809,6809_5,6808,6808_4,946,32,23.100000000000023,14:35:58,14:48:59,14
6809_5__6808_4,6809,6809_5,6808,6808_4,947,33,21.600000000000023,14:35:58,14:48:59,14
6809_5__6808_4,6809,6809_5,6808,6808_4,327,34,23.300000000000068,14:35:58,14:48:59,14
6809_5__6808_4,6809,6809_5,6808,6808_4,3284,35,22.700000000000045,14:35:58,14:48:59,14
6809_5__6808_4,6809,6809_5,6808,6808_4,3282,36,22.816666666666606,14:35:58,14:48:59,14
6809_5__6808_4,6809,6809_5,6808,6808_4,2583,37,22.51666666666665,14:35:58,14:48:59,14
6809_5__6808_4,6809,6809_5,6808,6808_4,2590,38,22.66666666666663,14:35:58,14:48:59,14
6809_5__6808_4,6809,6809_5,6808,6808_4,603,39,24.100000000000023,14:35:58,14:48:59,14
6809_6__6808_5,6809,6809_6,6808,6808_5,3797,1,14.016666666666652,17:25:58,17:39:59,17
6809_6__6808_5,6809,6809_6,6808,6808_5,2984,2,12.199999999999818,17:25:58,17:39:59,17
6809_6__6808_5,6809,6809_6,6808,6808_5,2685,3,12.799999999999955,17:25:58,17:39:59,17
6809_6__6808_5,6809,6809_6,6808,6808_5,3649,4,12.833333333333485,17:25:58,17:39:59,17
6809_6__6808_5,6809,6809_6,6808,6808_5,3747,5,12.266666666666652,17:25:58,17:39:59,17
6809_6__6808_5,6809,6809_6,6808,6808_5,482,6,12.583333333333258,17:25:58,17:39:59,17
6809_6__6808_5,6809,6809_6,6808,6808_5,709,7,12.333333333333485,17:25:58,17:39:59,17
6809_6__6808_5,6809,6809_6,6808,6808_5,1577,8,11.466666666666697,17:25:58,17:39:59,17
6809_6__6808_5,6809,6809_6,6808,6808_5,990,9,10.833333333333258,17:25:58,17:39:59,17
6809_6__6808_5,6809,6809_6,6808,6808_5,109,10,12.183333333333167,17:25:58,17:39:59,17
6809_6__6808_5,6809,6809_6,6808,6808_5,396,11,11.433333333333394,17:25:58,17:39:59,17
6809_6__6808_5,6809,6809_6,6808,6808_5,1253,12,10.566666666666833,17:25:58,17:39:59,17
6809_6__6808_5,6809,6809_6,6808,6808_5,1554,13,10.016666666666652,17:25:58,17:39:59,17
6809_6__6808_5,6809,6809_6,6808,6808_5,1099,14,9.666666666666742,17:25:58,17:39:59,17
6809_6__6808_5,6809,6809_6,6808,6808_5,168,15,7.7999999999999545,17:25:58,17:39:59,17
6809_6__6808_5,6809,6809_6,6808,6808_5,929,16,7.5,17:25:58,17:39:59,17
6809_6__6808_5,6809,6809_6,6808,6808_5,94,17,8.083333333333485,17:25:58,17:39:59,17
6809_6__6808_5,6809,6809_6,6808,6808_5,1080,18,7.7666666666666515,17:25:58,17:39:59,17
6809_6__6808_5,6809,6809_6,6808,6808_5,146,19,7.933333333333394,17:25:58,17:39:59,17
6809_6__6808_5,6809,6809_6,6808,6808_5,1089,20,8.183333333333167,17:25:58,17:39:59,17
6809_6__6808_5,6809,6809_6,6808,6808_5,213,21,7.9833333333333485,17:25:58,17:39:59,17
6809_6__6808_5,6809,6809_6,6808,6808_5,3907,22,8.099999999999909,17:25:58,17:39:59,17
6809_6__6808_5,6809,6809_6,6808,6808_5,949,23,7.2666666666666515,17:25:58,17:39:59,17
6809_6__6808_5,6809,6809_6,6808,6808_5,913,24,7.600000000000136,17:25:58,17:39:59,17
6809_6__6808_5,6809,6809_6,6808,6808_5,307,25,7.4500000000000455,17:25:58,17:39:59,17
6809_6__6808_5,6809,6809_6,6808,6808_5,212,26,7.4500000000000455,17:25:58,17:39:59,17
6809_6__6808_5,6809,6809_6,6808,6808_5,2665,27,8.483333333333348,17:25:58,17:39:59,17
6809_6__6808_5,6809,6809_6,6808,6808_5,2736,28,8.066666666666606,17:25:58,17:39:59,17
6809_6__6808_5,6809,6809_6,6808,6808_5,705,29,6.350000000000136,17:25:58,17:39:59,17
6809_6__6808_5,6809,6809_6,6808,6808_5,9979,30,7.5166666666666515,17:25:58,17:39:59,17
6809_6__6808_5,6809,6809_6,6808,6808_5,2492,31,7.7000000000000455,17:25:58,17:39:59,17
6809_6__6808_5,6809,6809_6,6808,6808_5,946,32,6.4166666666667425,17:25:58,17:39:59,17
6809_6__6808_5,6809,6809_6,6808,6808_5,947,33,6.316666666666606,17:25:58,17:39:59,17
6809_6__6808_5,6809,6809_6,6808,6808_5,327,34,5.533333333333303,17:25:58,17:39:59,17
6809_6__6808_5,6809,6809_6,6808,6808_5,3284,35,6.1666666666667425,17:25:58,17:39:59,17
6809_6__6808_5,6809,6809_6,6808,6808_5,3282,36,6.099999999999909,17:25:58,17:39:59,17
6809_6__6808_5,6809,6809_6,6808,6808_5,2583,37,7.2666666666666515,17:25:58,17:39:59,17
6809_6__6808_5,6809,6809_6,6808,6808_5,2590,38,6.3333333333332575,17:25:58,17:39:59,17
6809_6__6808_5,6809,6809_6,6808,6808_5,603,39,7.4833333333333485,17:25:58,17:39:59,17
6809_7__6810_9,6809,6809_7,6810,6810_9,3797,1,14.983333333333348,20:20:00,20:34:59,20
6809_7__6810_9,6809,6809_7,6810,6810_9,2984,2,14.566666666666833,20:20:00,20:34:59,20
6809_7__6810_9,6809,6809_7,6810,6810_9,2685,3,13.699999999999818,20:20:00,20:34:59,20
6809_7__6810_9,6809,6809_7,6810,6810_9,3649,4,13.099999999999909,20:20:00,20:34:59,20
6809_7__6810_9,6809,6809_7,6810,6810_9,3747,5,13.033333333333303,20:20:00,20:34:59,20
6809_7__6810_9,6809,6809_7,6810,6810_9,482,6,11.46666666666647,20:20:00,20:34:59,20
6809_7__6810_9,6809,6809_7,6810,6810_9,709,7,11.38333333333344,20:20:00,20:34:59,20
6809_7__6810_9,6809,6809_7,6810,6810_9,1577,8,11.433333333333394,20:20:00,20:34:59,20
6809_7__6810_9,6809,6809_7,6810,6810_9,990,9,9.299999999999955,20:20:00,20:34:59,20
6809_7__6810_9,6809,6809_7,6810,6810_9,109,10,9.416666666666742,20:20:00,20:34:59,20
6809_7__6810_9,6809,6809_7,6810,6810_9,396,11,8.549999999999955,20:20:00,20:34:59,20
6809_7__6810_9,6809,6809_7,6810,6810_9,1253,12,8.100000000000136,20:20:00,20:34:59,20
6809_7__6810_9,6809,6809_7,6810,6810_9,1554,13,5.9166666666667425,20:20:00,20:34:59,20
6809_7__6810_9,6809,6809_7,6810,6810_9,1099,14,6.650000000000091,20:20:00,20:34:59,20
6809_7__6810_9,6809,6809_7,6810,6810_9,168,15,5.383333333333439,20:20:00,20:34:59,20
6809_7__6810_9,6809,6809_7,6810,6810_9,929,16,4.0833333333332575,20:20:00,20:34:59,20
6809_7__6810_9,6809,6809_7,6810,6810_9,94,17,3.2833333333335304,20:20:00,20:34:59,20
6809_7__6810_9,6809,6809_7,6810,6810_9,1080,18,3.25,20:20:00,20:34:59,20
6809_7__6810_9,6809,6809_7,6810,6810_9,146,19,2.833333333333485,20:20:00,20:34:59,20
6809_7__6810_9,6809,6809_7,6810,6810_9,1089,20,3.183333333333394,20:20:00,20:34:59,20
6809_7__6810_9,6809,6809_7,6810,6810_9,213,21,3.349999999999909,20:20:00,20:34:59,20
6809_7__6810_9,6809,6809_7,6810,6810_9,3907,22,3.183333333333394,20:20:00,20:34:59,20
6809_7__6810_9,6809,6809_7,6810,6810_9,949,23,2.966666666666697,20:20:00,20:34:59,20
6809_7__6810_9,6809,6809_7,6810,6810_9,913,24,3.566666666666606,20:20:00,20:34:59,20
6809_7__6810_9,6809,6809_7,6810,6810_9,307,25,3.150000000000091,20:20:00,20:34:59,20
6809_7__6810_9,6809,6809_7,6810,6810_9,212,26,2.383333333333212,20:20:00,20:34:59,20
6809_7__6810_9,6809,6809_7,6810,6810_9,2736,28,1.283333333333303,20:20:00,20:34:59,20
6809_7__6810_9,6809,6809_7,6810,6810_9,2492,31,1.2666666666668789,20:20:00,20:34:59,20
6809_7__6810_9,6809,6809_7,6810,6810_9,947,33,1.933333333333394,20:20:00,20:34:59,20
6809_7__6810_9,6809,6809_7,6810,6810_9,327,34,1.0833333333332575,20:20:00,20:34:59,20
6809_7__6810_9,6809,6809_7,6810,6810_9,3284,35,1.916666666666515,20:20:00,20:34:59,20
6810_1__6811_1,6810,6810_1,6811,6811_1,3797,1,16.0,04:23:00,04:39:00,4
6810_1__6811_1,6810,6810_1,6811,6811_1,2984,2,15.966666666666697,04:23:00,04:39:00,4
6810_1__6811_1,6810,6810_1,6811,6811_1,2685,3,16.0,04:23:00,04:39:00,4
6810_1__6811_1,6810,6810_1,6811,6811_1,3649,4,15.0,04:23:00,04:39:00,4
6810_1__6811_1,6810,6810_1,6811,6811_1,482,6,14.316666666666663,04:23:00,04:39:00,4
6810_1__6811_1,6810,6810_1,6811,6811_1,709,7,13.199999999999989,04:23:00,04:39:00,4
6810_1__6811_1,6810,6810_1,6811,6811_1,1577,8,12.5,04:23:00,04:39:00,4
6810_1__6811_1,6810,6810_1,6811,6811_1,990,9,13.283333333333303,04:23:00,04:39:00,4
6810_1__6811_1,6810,6810_1,6811,6811_1,109,10,12.766666666666652,04:23:00,04:39:00,4
6810_1__6811_1,6810,6810_1,6811,6811_1,396,11,12.78333333333336,04:23:00,04:39:00,4
6810_1__6811_1,6810,6810_1,6811,6811_1,1253,12,12.683333333333337,04:23:00,04:39:00,4
6810_1__6811_1,6810,6810_1,6811,6811_1,1554,13,13.133333333333383,04:23:00,04:39:00,4
6810_1__6811_1,6810,6810_1,6811,6811_1,1099,14,14.733333333333292,04:23:00,04:39:00,4
6810_1__6811_1,6810,6810_1,6811,6811_1,168,15,14.133333333333326,04:23:00,04:39:00,4
6810_1__6811_1,6810,6810_1,6811,6811_1,929,16,15.166666666666629,04:23:00,04:39:00,4
6810_1__6811_1,6810,6810_1,6811,6811_1,94,17,15.349999999999966,04:23:00,04:39:00,4
6810_1__6811_1,6810,6810_1,6811,6811_1,1080,18,14.299999999999955,04:23:00,04:39:00,4
6810_1__6811_1,6810,6810_1,6811,6811_1,1089,20,14.75,04:23:00,04:39:00,4
6810_1__6811_1,6810,6810_1,6811,6811_1,213,21,15.166666666666629,04:23:00,04:39:00,4
6810_1__6811_1,6810,6810_1,6811,6811_1,3907,22,14.649999999999977,04:23:00,04:39:00,4
6810_1__6811_1,6810,6810_1,6811,6811_1,949,23,14.300000000000011,04:23:00,04:39:00,4
6810_1__6811_1,6810,6810_1,6811,6811_1,913,24,14.633333333333326,04:23:00,04:39:00,4
6810_1__6811_1,6810,6810_1,6811,6811_1,212,26,16.01666666666665,04:23:00,04:39:00,4
6810_1__6811_1,6810,6810_1,6811,6811_1,2665,27,14.46666666666664,04:23:00,04:39:00,4
6810_1__6811_1,6810,6810_1,6811,6811_1,2736,28,14.800000000000011,04:23:00,04:39:00,4
6810_1__6811_1,6810,6810_1,6811,6811_1,705,29,13.516666666666708,04:23:00,04:39:00,4
6810_1__6811_1,6810,6810_1,6811,6811_1,9979,30,13.083333333333314,04:23:00,04:39:00,4
6810_1__6811_1,6810,6810_1,6811,6811_1,2492,31,12.766666666666652,04:23:00,04:39:00,4
6810_1__6811_1,6810,6810_1,6811,6811_1,946,32,13.300000000000011,04:23:00,04:39:00,4
6810_1__6811_1,6810,6810_1,6811,6811_1,327,34,14.966666666666697,04:23:00,04:39:00,4
6810_1__6811_1,6810,6810_1,6811,6811_1,3284,35,15.983333333333348,04:23:00,04:39:00,4
6810_1__6811_1,6810,6810_1,6811,6811_1,3282,36,15.783333333333303,04:23:00,04:39:00,4
6810_1__6811_1,6810,6810_1,6811,6811_1,2583,37,15.449999999999989,04:23:00,04:39:00,4
6810_1__6811_1,6810,6810_1,6811,6811_1,2590,38,14.933333333333337,04:23:00,04:39:00,4
6810_1__6811_1,6810,6810_1,6811,6811_1,603,39,14.783333333333303,04:23:00,04:39:00,4
6810_2__6811_2,6810,6810_2,6811,6811_2,3797,1,12.0,06:53:00,07:05:00,6
6810_2__6811_2,6810,6810_2,6811,6811_2,2984,2,10.333333333333314,06:53:00,07:05:00,6
6810_2__6811_2,6810,6810_2,6811,6811_2,2685,3,9.933333333333337,06:53:00,07:05:00,6
6810_2__6811_2,6810,6810_2,6811,6811_2,3649,4,7.300000000000011,06:53:00,07:05:00,6
6810_2__6811_2,6810,6810_2,6811,6811_2,3747,5,6.4833333333333485,06:53:00,07:05:00,6
6810_2__6811_2,6810,6810_2,6811,6811_2,482,6,6.666666666666686,06:53:00,07:05:00,6
6810_2__6811_2,6810,6810_2,6811,6811_2,709,7,8.283333333333303,06:53:00,07:05:00,6
6810_2__6811_2,6810,6810_2,6811,6811_2,1577,8,7.5,06:53:00,07:05:00,6
6810_2__6811_2,6810,6810_2,6811,6811_2,990,9,8.53333333333336,06:53:00,07:05:00,6
6810_2__6811_2,6810,6810_2,6811,6811_2,109,10,8.100000000000023,06:53:00,07:05:00,6
6810_2__6811_2,6810,6810_2,6811,6811_2,396,11,8.516666666666652,06:53:00,07:05:00,6
6810_2__6811_2,6810,6810_2,6811,6811_2,1253,12,9.083333333333314,06:53:00,07:05:00,6
6810_2__6811_2,6810,6810_2,6811,6811_2,1554,13,9.25,06:53:00,07:05:00,6
6810_2__6811_2,6810,6810_2,6811,6811_2,1099,14,9.883333333333326,06:53:00,07:05:00,6
6810_2__6811_2,6810,6810_2,6811,6811_2,168,15,9.266666666666652,06:53:00,07:05:00,6
6810_2__6811_2,6810,6810_2,6811,6811_2,929,16,9.683333333333337,06:53:00,07:05:00,6
6810_2__6811_2,6810,6810_2,6811,6811_2,94,17,9.333333333333314,06:53:00,07:05:00,6
6810_2__6811_2,6810,6810_2,6811,6811_2,1080,18,9.800000000000011,06:53:00,07:05:00,6
6810_2__6811_2,6810,6810_2,6811,6811_2,146,19,9.733333333333348,06:53:00,07:05:00,6
6810_2__6811_2,6810,6810_2,6811,6811_2,1089,20,9.966666666666697,06:53:00,07:05:00,6
6810_2__6811_2,6810,6810_2,6811,6811_2,213,21,11.100000000000023,06:53:00,07:05:00,6
6810_2__6811_2,6810,6810_2,6811,6811_2,3907,22,11.149999999999977,06:53:00,07:05:00,6
6810_2__6811_2,6810,6810_2,6811,6811_2,949,23,12.400000000000034,06:53:00,07:05:00,6
6810_2__6811_2,6810,6810_2,6811,6811_2,913,24,12.100000000000023,06:53:00,07:05:00,6
6810_2__6811_2,6810,6810_2,6811,6811_2,307,25,12.683333333333337,06:53:00,07:05:00,6
6810_2__6811_2,6810,6810_2,6811,6811_2,212,26,12.883333333333326,06:53:00,07:05:00,6
6810_2__6811_2,6810,6810_2,6811,6811_2,2665,27,12.383333333333326,06:53:00,07:05:00,6
6810_2__6811_2,6810,6810_2,6811,6811_2,2736,28,13.25,06:53:00,07:05:00,6
6810_2__6811_2,6810,6810_2,6811,6811_2,705,29,11.699999999999989,06:53:00,07:05:00,6
6810_2__6811_2,6810,6810_2,6811,6811_2,9979,30,11.75,06:53:00,07:05:00,6
6810_2__6811_2,6810,6810_2,6811,6811_2,2492,31,12.050000000000011,06:53:00,07:05:00,6
6810_2__6811_2,6810,6810_2,6811,6811_2,946,32,10.049999999999955,06:53:00,07:05:00,6
6810_2__6811_2,6810,6810_2,6811,6811_2,947,33,10.233333333333292,06:53:00,07:05:00,6
6810_2__6811_2,6810,6810_2,6811,6811_2,327,34,9.983333333333292,06:53:00,07:05:00,6
6810_2__6811_2,6810,6810_2,6811,6811_2,3284,35,8.983333333333348,06:53:00,07:05:00,6
6810_2__6811_2,6810,6810_2,6811,6811_2,3282,36,8.800000000000011,06:53:00,07:05:00,6
6810_2__6811_2,6810,6810_2,6811,6811_2,2583,37,10.383333333333326,06:53:00,07:05:00,6
6810_2__6811_2,6810,6810_2,6811,6811_2,2590,38,10.766666666666708,06:53:00,07:05:00,6
6810_2__6811_2,6810,6810_2,6811,6811_2,603,39,11.100000000000023,06:53:00,07:05:00,6
6810_3__6811_3,6810,6810_3,6811,6811_3,3797,1,15.0,09:32:58,09:47:58,9
6810_3__6811_3,6810,6810_3,6811,6811_3,2984,2,14.416666666666629,09:32:58,09:47:58,9
6810_3__6811_3,6810,6810_3,6811,6811_3,2685,3,14.86666666666656,09:32:58,09:47:58,9
6810_3__6811_3,6810,6810_3,6811,6811_3,3649,4,15.299999999999955,09:32:58,09:47:58,9
6810_3__6811_3,6810,6810_3,6811,6811_3,3747,5,16.316666666666606,09:32:58,09:47:58,9
6810_3__6811_3,6810,6810_3,6811,6811_3,482,6,17.01666666666665,09:32:58,09:47:58,9
6810_3__6811_3,6810,6810_3,6811,6811_3,709,7,16.049999999999955,09:32:58,09:47:58,9
6810_3__6811_3,6810,6810_3,6811,6811_3,1577,8,16.883333333333326,09:32:58,09:47:58,9
6810_3__6811_3,6810,6810_3,6811,6811_3,990,9,16.583333333333258,09:32:58,09:47:58,9
6810_3__6811_3,6810,6810_3,6811,6811_3,109,10,16.41666666666663,09:32:58,09:47:58,9
6810_3__6811_3,6810,6810_3,6811,6811_3,396,11,17.600000000000023,09:32:58,09:47:58,9
6810_3__6811_3,6810,6810_3,6811,6811_3,1253,12,17.516666666666765,09:32:58,09:47:58,9
6810_3__6811_3,6810,6810_3,6811,6811_3,1554,13,17.516666666666765,09:32:58,09:47:58,9
6810_3__6811_3,6810,6810_3,6811,6811_3,1099,14,17.5,09:32:58,09:47:58,9
6810_3__6811_3,6810,6810_3,6811,6811_3,168,15,18.166666666666742,09:32:58,09:47:58,9
6810_3__6811_3,6810,6810_3,6811,6811_3,929,16,17.41666666666663,09:32:58,09:47:58,9
6810_3__6811_3,6810,6810_3,6811,6811_3,94,17,17.26666666666665,09:32:58,09:47:58,9
6810_3__6811_3,6810,6810_3,6811,6811_3,1080,18,17.31666666666672,09:32:58,09:47:58,9
6810_3__6811_3,6810,6810_3,6811,6811_3,146,19,17.26666666666665,09:32:58,09:47:58,9
6810_3__6811_3,6810,6810_3,6811,6811_3,1089,20,17.23333333333335,09:32:58,09:47:58,9
6810_3__6811_3,6810,6810_3,6811,6811_3,213,21,17.84999999999991,09:32:58,09:47:58,9
6810_3__6811_3,6810,6810_3,6811,6811_3,3907,22,17.33333333333337,09:32:58,09:47:58,9
6810_3__6811_3,6810,6810_3,6811,6811_3,949,23,18.26666666666665,09:32:58,09:47:58,9
6810_3__6811_3,6810,6810_3,6811,6811_3,913,24,17.98333333333335,09:32:58,09:47:58,9
6810_3__6811_3,6810,6810_3,6811,6811_3,307,25,17.850000000000023,09:32:58,09:47:58,9
6810_3__6811_3,6810,6810_3,6811,6811_3,212,26,18.033333333333303,09:32:58,09:47:58,9
6810_3__6811_3,6810,6810_3,6811,6811_3,2665,27,18.76666666666665,09:32:58,09:47:58,9
6810_3__6811_3,6810,6810_3,6811,6811_3,2736,28,20.15000000000009,09:32:58,09:47:58,9
6810_3__6811_3,6810,6810_3,6811,6811_3,705,29,20.049999999999955,09:32:58,09:47:58,9
6810_3__6811_3,6810,6810_3,6811,6811_3,9979,30,21.23333333333335,09:32:58,09:47:58,9
6810_3__6811_3,6810,6810_3,6811,6811_3,2492,31,20.449999999999932,09:32:58,09:47:58,9
6810_3__6811_3,6810,6810_3,6811,6811_3,946,32,21.299999999999955,09:32:58,09:47:58,9
6810_3__6811_3,6810,6810_3,6811,6811_3,947,33,21.600000000000023,09:32:58,09:47:58,9
6810_3__6811_3,6810,6810_3,6811,6811_3,327,34,21.383333333333326,09:32:58,09:47:58,9
6810_3__6811_3,6810,6810_3,6811,6811_3,3284,35,21.31666666666672,09:32:58,09:47:58,9
6810_3__6811_3,6810,6810_3,6811,6811_3,3282,36,21.916666666666742,09:32:58,09:47:58,9
6810_3__6811_3,6810,6810_3,6811,6811_3,2583,37,22.5,09:32:58,09:47:58,9
6810_3__6811_3,6810,6810_3,6811,6811_3,2590,38,23.100000000000023,09:32:58,09:47:58,9
6810_3__6811_3,6810,6810_3,6811,6811_3,603,39,21.716666666666583,09:32:58,09:47:58,9
6810_4__6811_4,6810,6810_4,6811,6811_4,3797,1,14.016666666666652,12:19:58,12:33:59,12
6810_4__6811_4,6810,6810_4,6811,6811_4,2984,2,14.899999999999977,12:19:58,12:33:59,12
6810_4__6811_4,6810,6810_4,6811,6811_4,2685,3,12.766666666666652,12:19:58,12:33:59,12
6810_4__6811_4,6810,6810_4,6811,6811_4,3649,4,12.783333333333303,12:19:58,12:33:59,12
6810_4__6811_4,6810,6810_4,6811,6811_4,3747,5,12.466666666666697,12:19:58,12:33:59,12
6810_4__6811_4,6810,6810_4,6811,6811_4,482,6,13.050000000000068,12:19:58,12:33:59,12
6810_4__6811_4,6810,6810_4,6811,6811_4,709,7,13.600000000000023,12:19:58,12:33:59,12
6810_4__6811_4,6810,6810_4,6811,6811_4,1577,8,13.283333333333303,12:19:58,12:33:59,12
6810_4__6811_4,6810,6810_4,6811,6811_4,990,9,13.43333333333328,12:19:58,12:33:59,12
6810_4__6811_4,6810,6810_4,6811,6811_4,109,10,13.233333333333348,12:19:58,12:33:59,12
6810_4__6811_4,6810,6810_4,6811,6811_4,396,11,12.38333333333344,12:19:58,12:33:59,12
6810_4__6811_4,6810,6810_4,6811,6811_4,1253,12,12.983333333333348,12:19:58,12:33:59,12
6810_4__6811_4,6810,6810_4,6811,6811_4,1554,13,12.93333333333328,12:19:58,12:33:59,12
6810_4__6811_4,6810,6810_4,6811,6811_4,1099,14,12.733333333333348,12:19:58,12:33:59,12
6810_4__6811_4,6810,6810_4,6811,6811_4,168,15,13.716666666666583,12:19:58,12:33:59,12
6810_4__6811_4,6810,6810_4,6811,6811_4,929,16,12.649999999999977,12:19:58,12:33:59,12
6810_4__6811_4,6810,6810_4,6811,6811_4,94,17,12.833333333333258,12:19:58,12:33:59,12
6810_4__6811_4,6810,6810_4,6811,6811_4,1080,18,13.433333333333394,12:19:58,12:33:59,12
6810_4__6811_4,6810,6810_4,6811,6811_4,146,19,13.0,12:19:58,12:33:59,12
6810_4__6811_4,6810,6810_4,6811,6811_4,1089,20,12.383333333333326,12:19:58,12:33:59,12
6810_4__6811_4,6810,6810_4,6811,6811_4,213,21,13.466666666666697,12:19:58,12:33:59,12
6810_4__6811_4,6810,6810_4,6811,6811_4,3907,22,13.483333333333348,12:19:58,12:33:59,12
6810_4__6811_4,6810,6810_4,6811,6811_4,949,23,12.333333333333371,12:19:58,12:33:59,12
6810_4__6811_4,6810,6810_4,6811,6811_4,913,24,13.533333333333303,12:19:58,12:33:59,12
6810_4__6811_4,6810,6810_4,6811,6811_4,307,25,12.633333333333326,12:19:58,12:33:59,12
6810_4__6811_4,6810,6810_4,6811,6811_4,212,26,12.833333333333371,12:19:58,12:33:59,12
6810_4__6811_4,6810,6810_4,6811,6811_4,2665,27,13.016666666666652,12:19:58,12:33:59,12
6810_4__6811_4,6810,6810_4,6811,6811_4,2736,28,13.383333333333326,12:19:58,12:33:59,12
6810_4__6811_4,6810,6810_4,6811,6811_4,705,29,13.416666666666742,12:19:58,12:33:59,12
6810_4__6811_4,6810,6810_4,6811,6811_4,9979,30,12.81666666666672,12:19:58,12:33:59,12
6810_4__6811_4,6810,6810_4,6811,6811_4,2492,31,12.433333333333394,12:19:58,12:33:59,12
6810_4__6811_4,6810,6810_4,6811,6811_4,946,32,11.916666666666629,12:19:58,12:33:59,12
6810_4__6811_4,6810,6810_4,6811,6811_4,947,33,11.350000000000023,12:19:58,12:33:59,12
6810_4__6811_4,6810,6810_4,6811,6811_4,327,34,12.083333333333371,12:19:58,12:33:59,12
6810_4__6811_4,6810,6810_4,6811,6811_4,3284,35,12.433333333333394,12:19:58,12:33:59,12
6810_4__6811_4,6810,6810_4,6811,6811_4,3282,36,11.93333333333328,12:19:58,12:33:59,12
6810_4__6811_4,6810,6810_4,6811,6811_4,2583,37,10.133333333333326,12:19:58,12:33:59,12
6810_4__6811_4,6810,6810_4,6811,6811_4,2590,38,10.866666666666674,12:19:58,12:33:59,12
6810_4__6811_4,6810,6810_4,6811,6811_4,603,39,10.933333333333394,12:19:58,12:33:59,12
6810_5__6811_5,6810,6810_5,6811,6811_5,3797,1,15.0,15:01:59,15:16:59,15
6810_5__6811_5,6810,6810_5,6811,6811_5,2984,2,15.699999999999932,15:01:59,15:16:59,15
6810_5__6811_5,6810,6810_5,6811,6811_5,2685,3,16.183333333333394,15:01:59,15:16:59,15
6810_5__6811_5,6810,6810_5,6811,6811_5,3649,4,15.899999999999977,15:01:59,15:16:59,15
6810_5__6811_5,6810,6810_5,6811,6811_5,3747,5,14.733333333333348,15:01:59,15:16:59,15
6810_5__6811_5,6810,6810_5,6811,6811_5,482,6,14.616666666666674,15:01:59,15:16:59,15
6810_5__6811_5,6810,6810_5,6811,6811_5,709,7,13.833333333333371,15:01:59,15:16:59,15
6810_5__6811_5,6810,6810_5,6811,6811_5,1577,8,13.400000000000091,15:01:59,15:16:59,15
6810_5__6811_5,6810,6810_5,6811,6811_5,109,10,15.766666666666652,15:01:59,15:16:59,15
6810_5__6811_5,6810,6810_5,6811,6811_5,396,11,16.216666666666583,15:01:59,15:16:59,15
6810_5__6811_5,6810,6810_5,6811,6811_5,1253,12,15.799999999999955,15:01:59,15:16:59,15
6810_5__6811_5,6810,6810_5,6811,6811_5,1554,13,15.38333333333344,15:01:59,15:16:59,15
6810_5__6811_5,6810,6810_5,6811,6811_5,1099,14,16.549999999999955,15:01:59,15:16:59,15
6810_5__6811_5,6810,6810_5,6811,6811_5,168,15,18.566666666666606,15:01:59,15:16:59,15
6810_5__6811_5,6810,6810_5,6811,6811_5,929,16,17.949999999999932,15:01:59,15:16:59,15
6810_5__6811_5,6810,6810_5,6811,6811_5,94,17,18.0,15:01:59,15:16:59,15
6810_5__6811_5,6810,6810_5,6811,6811_5,1080,18,16.950000000000045,15:01:59,15:16:59,15
6810_5__6811_5,6810,6810_5,6811,6811_5,146,19,15.666666666666629,15:01:59,15:16:59,15
6810_5__6811_5,6810,6810_5,6811,6811_5,1089,20,14.93333333333328,15:01:59,15:16:59,15
6810_5__6811_5,6810,6810_5,6811,6811_5,213,21,14.716666666666583,15:01:59,15:16:59,15
6810_5__6811_5,6810,6810_5,6811,6811_5,3907,22,14.766666666666765,15:01:59,15:16:59,15
6810_5__6811_5,6810,6810_5,6811,6811_5,949,23,14.783333333333417,15:01:59,15:16:59,15
6810_5__6811_5,6810,6810_5,6811,6811_5,913,24,13.533333333333303,15:01:59,15:16:59,15
6810_5__6811_5,6810,6810_5,6811,6811_5,307,25,13.399999999999977,15:01:59,15:16:59,15
6810_5__6811_5,6810,6810_5,6811,6811_5,212,26,13.43333333333328,15:01:59,15:16:59,15
6810_5__6811_5,6810,6810_5,6811,6811_5,2665,27,13.383333333333326,15:01:59,15:16:59,15
6810_5__6811_5,6810,6810_5,6811,6811_5,2736,28,12.68333333333328,15:01:59,15:16:59,15
6810_5__6811_5,6810,6810_5,6811,6811_5,705,29,13.600000000000023,15:01:59,15:16:59,15
6810_5__6811_5,6810,6810_5,6811,6811_5,9979,30,14.5,15:01:59,15:16:59,15
6810_5__6811_5,6810,6810_5,6811,6811_5,2492,31,14.799999999999955,15:01:59,15:16:59,15
6810_5__6811_5,6810,6810_5,6811,6811_5,946,32,14.483333333333348,15:01:59,15:16:59,15
6810_5__6811_5,6810,6810_5,6811,6811_5,947,33,14.5,15:01:59,15:16:59,15
6810_5__6811_5,6810,6810_5,6811,6811_5,327,34,14.566666666666606,15:01:59,15:16:59,15
6810_5__6811_5,6810,6810_5,6811,6811_5,3284,35,14.900000000000091,15:01:59,15:16:59,15
6810_5__6811_5,6810,6810_5,6811,6811_5,3282,36,15.800000000000068,15:01:59,15:16:59,15
6810_5__6811_5,6810,6810_5,6811,6811_5,2583,37,14.166666666666629,15:01:59,15:16:59,15
6810_5__6811_5,6810,6810_5,6811,6811_5,2590,38,14.199999999999932,15:01:59,15:16:59,15
6810_5__6811_5,6810,6810_5,6811,6811_5,603,39,13.5,15:01:59,15:16:59,15
6810_7__6811_6,6810,6810_7,6811,6811_6,3797,1,16.0,17:52:59,18:08:59,17
6810_7__6811_6,6810,6810_7,6811,6811_6,2984,2,16.033333333333303,17:52:59,18:08:59,17
6810_7__6811_6,6810,6810_7,6811,6811_6,2685,3,16.15000000000009,17:52:59,18:08:59,17
6810_7__6811_6,6810,6810_7,6811,6811_6,3649,4,15.466666666666697,17:52:59,18:08:59,17
6810_7__6811_6,6810,6810_7,6811,6811_6,3747,5,14.650000000000091,17:52:59,18:08:59,17
6810_7__6811_6,6810,6810_7,6811,6811_6,482,6,14.799999999999955,17:52:59,18:08:59,17
6810_7__6811_6,6810,6810_7,6811,6811_6,709,7,12.416666666666742,17:52:59,18:08:59,17
6810_7__6811_6,6810,6810_7,6811,6811_6,1577,8,11.88333333333344,17:52:59,18:08:59,17
6810_7__6811_6,6810,6810_7,6811,6811_6,990,9,9.566666666666606,17:52:59,18:08:59,17
6810_7__6811_6,6810,6810_7,6811,6811_6,109,10,9.966666666666697,17:52:59,18:08:59,17
6810_7__6811_6,6810,6810_7,6811,6811_6,396,11,10.033333333333303,17:52:59,18:08:59,17
6810_7__6811_6,6810,6810_7,6811,6811_6,1253,12,9.733333333333348,17:52:59,18:08:59,17
6810_7__6811_6,6810,6810_7,6811,6811_6,1554,13,9.349999999999909,17:52:59,18:08:59,17
6810_7__6811_6,6810,6810_7,6811,6811_6,1099,14,10.216666666666697,17:52:59,18:08:59,17
6810_7__6811_6,6810,6810_7,6811,6811_6,168,15,7.616666666666788,17:52:59,18:08:59,17
6810_7__6811_6,6810,6810_7,6811,6811_6,929,16,7.466666666666697,17:52:59,18:08:59,17
6810_7__6811_6,6810,6810_7,6811,6811_6,94,17,7.966666666666697,17:52:59,18:08:59,17
6810_7__6811_6,6810,6810_7,6811,6811_6,1080,18,8.200000000000045,17:52:59,18:08:59,17
6810_7__6811_6,6810,6810_7,6811,6811_6,146,19,7.966666666666697,17:52:59,18:08:59,17
6810_7__6811_6,6810,6810_7,6811,6811_6,1089,20,7.933333333333394,17:52:59,18:08:59,17
6810_7__6811_6,6810,6810_7,6811,6811_6,213,21,7.966666666666697,17:52:59,18:08:59,17
6810_7__6811_6,6810,6810_7,6811,6811_6,3907,22,8.033333333333303,17:52:59,18:08:59,17
6810_7__6811_6,6810,6810_7,6811,6811_6,949,23,7.849999999999909,17:52:59,18:08:59,17
6810_7__6811_6,6810,6810_7,6811,6811_6,913,24,9.5,17:52:59,18:08:59,17
6810_7__6811_6,6810,6810_7,6811,6811_6,307,25,8.533333333333303,17:52:59,18:08:59,17
6810_7__6811_6,6810,6810_7,6811,6811_6,212,26,9.566666666666606,17:52:59,18:08:59,17
6810_7__6811_6,6810,6810_7,6811,6811_6,2665,27,8.63333333333344,17:52:59,18:08:59,17
6810_7__6811_6,6810,6810_7,6811,6811_6,2736,28,7.366666666666788,17:52:59,18:08:59,17
6810_7__6811_6,6810,6810_7,6811,6811_6,705,29,5.849999999999909,17:52:59,18:08:59,17
6810_7__6811_6,6810,6810_7,6811,6811_6,9979,30,5.066666666666606,17:52:59,18:08:59,17
6810_7__6811_6,6810,6810_7,6811,6811_6,2492,31,5.4833333333333485,17:52:59,18:08:59,17
6810_7__6811_6,6810,6810_7,6811,6811_6,946,32,4.683333333333394,17:52:59,18:08:59,17
6810_7__6811_6,6810,6810_7,6811,6811_6,947,33,4.783333333333303,17:52:59,18:08:59,17
6810_7__6811_6,6810,6810_7,6811,6811_6,327,34,4.833333333333485,17:52:59,18:08:59,17
6810_7__6811_6,6810,6810_7,6811,6811_6,3284,35,5.0166666666666515,17:52:59,18:08:59,17
6810_7__6811_6,6810,6810_7,6811,6811_6,3282,36,4.5833333333332575,17:52:59,18:08:59,17
6810_7__6811_6,6810,6810_7,6811,6811_6,2583,37,5.7999999999999545,17:52:59,18:08:59,17
6810_7__6811_6,6810,6810_7,6811,6811_6,2590,38,6.316666666666606,17:52:59,18:08:59,17
6810_7__6811_6,6810,6810_7,6811,6811_6,603,39,5.666666666666515,17:52:59,18:08:59,17
6810_9__6811_7,6810,6810_9,6811,6811_7,3797,1,15.016666666666652,20:34:59,20:50:00,20
6810_9__6811_7,6810,6810_9,6811,6811_7,2984,2,13.699999999999818,20:34:59,20:50:00,20
6810_9__6811_7,6810,6810_9,6811,6811_7,2685,3,14.116666666666788,20:34:59,20:50:00,20
6810_9__6811_7,6810,6810_9,6811,6811_7,3649,4,13.049999999999955,20:34:59,20:50:00,20
6810_9__6811_7,6810,6810_9,6811,6811_7,3747,5,12.983333333333348,20:34:59,20:50:00,20
6810_9__6811_7,6810,6810_9,6811,6811_7,482,6,12.78333333333353,20:34:59,20:50:00,20
6810_9__6811_7,6810,6810_9,6811,6811_7,709,7,12.233333333333348,20:34:59,20:50:00,20
6810_9__6811_7,6810,6810_9,6811,6811_7,1577,8,12.616666666666788,20:34:59,20:50:00,20
6810_9__6811_7,6810,6810_9,6811,6811_7,990,9,12.316666666666606,20:34:59,20:50:00,20
6810_9__6811_7,6810,6810_9,6811,6811_7,109,10,12.483333333333348,20:34:59,20:50:00,20
6810_9__6811_7,6810,6810_9,6811,6811_7,396,11,14.13333333333344,20:34:59,20:50:00,20
6810_9__6811_7,6810,6810_9,6811,6811_7,1253,12,13.700000000000045,20:34:59,20:50:00,20
6810_9__6811_7,6810,6810_9,6811,6811_7,1554,13,14.633333333333212,20:34:59,20:50:00,20
6810_9__6811_7,6810,6810_9,6811,6811_7,1099,14,14.133333333333212,20:34:59,20:50:00,20
6810_9__6811_7,6810,6810_9,6811,6811_7,168,15,13.583333333333258,20:34:59,20:50:00,20
6810_9__6811_7,6810,6810_9,6811,6811_7,929,16,14.799999999999955,20:34:59,20:50:00,20
6810_9__6811_7,6810,6810_9,6811,6811_7,94,17,16.01666666666665,20:34:59,20:50:00,20
6810_9__6811_7,6810,6810_9,6811,6811_7,1080,18,15.783333333333303,20:34:59,20:50:00,20
6810_9__6811_7,6810,6810_9,6811,6811_7,146,19,16.383333333333212,20:34:59,20:50:00,20
6810_9__6811_7,6810,6810_9,6811,6811_7,1089,20,16.23333333333335,20:34:59,20:50:00,20
6810_9__6811_7,6810,6810_9,6811,6811_7,213,21,16.183333333333394,20:34:59,20:50:00,20
6810_9__6811_7,6810,6810_9,6811,6811_7,3907,22,15.716666666666697,20:34:59,20:50:00,20
6810_9__6811_7,6810,6810_9,6811,6811_7,949,23,17.0,20:34:59,20:50:00,20
6810_9__6811_7,6810,6810_9,6811,6811_7,913,24,16.100000000000136,20:34:59,20:50:00,20
6810_9__6811_7,6810,6810_9,6811,6811_7,307,25,16.649999999999864,20:34:59,20:50:00,20
6810_9__6811_7,6810,6810_9,6811,6811_7,212,26,16.866666666666788,20:34:59,20:50:00,20
6810_9__6811_7,6810,6810_9,6811,6811_7,2736,28,17.75,20:34:59,20:50:00,20
6810_9__6811_7,6810,6810_9,6811,6811_7,2492,31,16.133333333333212,20:34:59,20:50:00,20
6810_9__6811_7,6810,6810_9,6811,6811_7,327,34,13.550000000000182,20:34:59,20:50:00,20
6810_9__6811_7,6810,6810_9,6811,6811_7,3284,35,13.016666666666652,20:34:59,20:50:00,20
6811_7__6800_8,6811,6811_7,6800,6800_8,2984,2,13.88333333333344,20:50:07,21:04:00,20
6811_7__6800_8,6811,6811_7,6800,6800_8,2685,3,14.166666666666742,20:50:07,21:04:00,20
6811_7__6800_8,6811,6811_7,6800,6800_8,3649,4,17.433333333333394,20:50:07,21:04:00,20
6811_7__6800_8,6811,6811_7,6800,6800_8,3747,5,17.416666666666742,20:50:07,21:04:00,20
6811_7__6800_8,6811,6811_7,6800,6800_8,482,6,18.59999999999991,20:50:07,21:04:00,20
6811_7__6800_8,6811,6811_7,6800,6800_8,709,7,19.75,20:50:07,21:04:00,20
6811_7__6800_8,6811,6811_7,6800,6800_8,1577,8,19.09999999999991,20:50:07,21:04:00,20
6811_7__6800_8,6811,6811_7,6800,6800_8,990,9,19.933333333333394,20:50:07,21:04:00,20
6811_7__6800_8,6811,6811_7,6800,6800_8,109,10,19.883333333333212,20:50:07,21:04:00,20
6811_7__6800_8,6811,6811_7,6800,6800_8,396,11,19.833333333333258,20:50:07,21:04:00,20
6811_7__6800_8,6811,6811_7,6800,6800_8,1253,12,21.949999999999818,20:50:07,21:04:00,20
6811_7__6800_8,6811,6811_7,6800,6800_8,1554,13,22.01666666666665,20:50:07,21:04:00,20
6811_7__6800_8,6811,6811_7,6800,6800_8,1099,14,22.583333333333485,20:50:07,21:04:00,20
6811_7__6800_8,6811,6811_7,6800,6800_8,168,15,23.63333333333344,20:50:07,21:04:00,20
6811_7__6800_8,6811,6811_7,6800,6800_8,929,16,24.25,20:50:07,21:04:00,20
6811_7__6800_8,6811,6811_7,6800,6800_8,94,17,23.333333333333258,20:50:07,21:04:00,20
6811_7__6800_8,6811,6811_7,6800,6800_8,1080,18,24.36666666666656,20:50:07,21:04:00,20
6811_7__6800_8,6811,6811_7,6800,6800_8,146,19,24.066666666666833,20:50:07,21:04:00,20
6811_7__6800_8,6811,6811_7,6800,6800_8,1089,20,23.933333333333167,20:50:07,21:04:00,20
6811_7__6800_8,6811,6811_7,6800,6800_8,213,21,23.533333333333303,20:50:07,21:04:00,20
6811_7__6800_8,6811,6811_7,6800,6800_8,3907,22,24.133333333333212,20:50:07,21:04:00,20
6811_7__6800_8,6811,6811_7,6800,6800_8,949,23,23.84999999999991,20:50:07,21:04:00,20
6811_7__6800_8,6811,6811_7,6800,6800_8,913,24,24.46666666666647,20:50:07,21:04:00,20
6811_7__6800_8,6811,6811_7,6800,6800_8,307,25,24.350000000000136,20:50:07,21:04:00,20
6811_7__6800_8,6811,6811_7,6800,6800_8,212,26,24.783333333333303,20:50:07,21:04:00,20
6811_7__6800_8,6811,6811_7,6800,6800_8,2665,27,25.116666666666788,20:50:07,21:04:00,20
6811_7__6800_8,6811,6811_7,6800,6800_8,2736,28,24.23333333333335,20:50:07,21:04:00,20
6811_7__6800_8,6811,6811_7,6800,6800_8,705,29,24.950000000000045,20:50:07,21:04:00,20
6811_7__6800_8,6811,6811_7,6800,6800_8,9979,30,23.433333333333167,20:50:07,21:04:00,20
6811_7__6800_8,6811,6811_7,6800,6800_8,2492,31,23.616666666666788,20:50:07,21:04:00,20
6811_7__6800_8,6811,6811_7,6800,6800_8,946,32,23.98333333333335,20:50:07,21:04:00,20
6811_7__6800_8,6811,6811_7,6800,6800_8,327,34,25.399999999999864,20:50:07,21:04:00,20
