par_id,bus_delante,trip_delante,bus_detras,trip_detras,codi_parada,ordre,headway_pair,hora_delante_str,hora_detras_str,franja_hora
6007_1__6809_1,6007,6007_1,6809,6809_1,2685,3,16.916666666666657,03:52:30,04:09:25,3
6007_1__6809_1,6007,6007_1,6809,6809_1,3649,4,17.316666666666663,03:52:30,04:09:25,3
6007_1__6809_1,6007,6007_1,6809,6809_1,3747,5,18.01666666666668,03:52:30,04:09:25,3
6007_1__6809_1,6007,6007_1,6809,6809_1,482,6,18.366666666666674,03:52:30,04:09:25,3
6007_1__6809_1,6007,6007_1,6809,6809_1,709,7,17.433333333333337,03:52:30,04:09:25,3
6007_1__6809_1,6007,6007_1,6809,6809_1,1577,8,16.683333333333337,03:52:30,04:09:25,3
6007_1__6809_1,6007,6007_1,6809,6809_1,990,9,18.566666666666663,03:52:30,04:09:25,3
6007_1__6809_1,6007,6007_1,6809,6809_1,109,10,18.21666666666664,03:52:30,04:09:25,3
6007_1__6809_1,6007,6007_1,6809,6809_1,396,11,17.799999999999983,03:52:30,04:09:25,3
6007_1__6809_1,6007,6007_1,6809,6809_1,1253,12,17.73333333333332,03:52:30,04:09:25,3
6007_1__6809_1,6007,6007_1,6809,6809_1,1099,14,16.96666666666664,03:52:30,04:09:25,3
6007_1__6809_1,6007,6007_1,6809,6809_1,168,15,16.183333333333337,03:52:30,04:09:25,3
6007_1__6809_1,6007,6007_1,6809,6809_1,929,16,15.933333333333366,03:52:30,04:09:25,3
6007_1__6809_1,6007,6007_1,6809,6809_1,94,17,14.783333333333331,03:52:30,04:09:25,3
6007_1__6809_1,6007,6007_1,6809,6809_1,1080,18,13.283333333333331,03:52:30,04:09:25,3
6007_1__6809_1,6007,6007_1,6809,6809_1,146,19,12.833333333333314,03:52:30,04:09:25,3
6007_1__6809_1,6007,6007_1,6809,6809_1,1089,20,13.399999999999977,03:52:30,04:09:25,3
6007_1__6809_1,6007,6007_1,6809,6809_1,213,21,14.116666666666674,03:52:30,04:09:25,3
6007_1__6809_1,6007,6007_1,6809,6809_1,3907,22,13.5,03:52:30,04:09:25,3
6007_1__6809_1,6007,6007_1,6809,6809_1,949,23,13.350000000000023,03:52:30,04:09:25,3
6007_1__6809_1,6007,6007_1,6809,6809_1,913,24,13.25,03:52:30,04:09:25,3
6007_1__6809_1,6007,6007_1,6809,6809_1,307,25,13.400000000000034,03:52:30,04:09:25,3
6007_1__6809_1,6007,6007_1,6809,6809_1,2665,27,14.966666666666697,03:52:30,04:09:25,3
6007_1__6809_1,6007,6007_1,6809,6809_1,2736,28,14.350000000000023,03:52:30,04:09:25,3
6007_1__6809_1,6007,6007_1,6809,6809_1,705,29,13.71666666666664,03:52:30,04:09:25,3
6007_1__6809_1,6007,6007_1,6809,6809_1,9979,30,14.883333333333326,03:52:30,04:09:25,3
6007_1__6809_1,6007,6007_1,6809,6809_1,2492,31,14.816666666666663,03:52:30,04:09:25,3
6007_1__6809_1,6007,6007_1,6809,6809_1,946,32,15.516666666666708,03:52:30,04:09:25,3
6007_1__6809_1,6007,6007_1,6809,6809_1,947,33,15.333333333333314,03:52:30,04:09:25,3
6007_1__6809_1,6007,6007_1,6809,6809_1,327,34,15.316666666666663,03:52:30,04:09:25,3
6007_1__6809_1,6007,6007_1,6809,6809_1,3284,35,15.349999999999966,03:52:30,04:09:25,3
6007_1__6809_1,6007,6007_1,6809,6809_1,3282,36,15.083333333333314,03:52:30,04:09:25,3
6007_1__6809_1,6007,6007_1,6809,6809_1,2583,37,16.21666666666664,03:52:30,04:09:25,3
6007_1__6809_1,6007,6007_1,6809,6809_1,2590,38,15.833333333333371,03:52:30,04:09:25,3
6007_1__6809_1,6007,6007_1,6809,6809_1,603,39,17.19999999999999,03:52:30,04:09:25,3
6007_2__6805_1,6007,6007_2,6805,6805_1,3797,1,13.016666666666652,06:03:59,06:17:00,6
6007_2__6805_1,6007,6007_2,6805,6805_1,2984,2,12.783333333333303,06:03:59,06:17:00,6
6007_2__6805_1,6007,6007_2,6805,6805_1,2685,3,13.399999999999977,06:03:59,06:17:00,6
6007_2__6805_1,6007,6007_2,6805,6805_1,3649,4,12.649999999999977,06:03:59,06:17:00,6
6007_2__6805_1,6007,6007_2,6805,6805_1,3747,5,13.050000000000011,06:03:59,06:17:00,6
6007_2__6805_1,6007,6007_2,6805,6805_1,482,6,12.883333333333326,06:03:59,06:17:00,6
6007_2__6805_1,6007,6007_2,6805,6805_1,709,7,13.433333333333337,06:03:59,06:17:00,6
6007_2__6805_1,6007,6007_2,6805,6805_1,1577,8,13.050000000000011,06:03:59,06:17:00,6
6007_2__6805_1,6007,6007_2,6805,6805_1,990,9,12.883333333333383,06:03:59,06:17:00,6
6007_2__6805_1,6007,6007_2,6805,6805_1,109,10,12.550000000000011,06:03:59,06:17:00,6
6007_2__6805_1,6007,6007_2,6805,6805_1,396,11,10.916666666666686,06:03:59,06:17:00,6
6007_2__6805_1,6007,6007_2,6805,6805_1,1253,12,11.416666666666686,06:03:59,06:17:00,6
6007_2__6805_1,6007,6007_2,6805,6805_1,1554,13,11.133333333333326,06:03:59,06:17:00,6
6007_2__6805_1,6007,6007_2,6805,6805_1,1099,14,10.949999999999989,06:03:59,06:17:00,6
6007_2__6805_1,6007,6007_2,6805,6805_1,168,15,12.0,06:03:59,06:17:00,6
6007_2__6805_1,6007,6007_2,6805,6805_1,929,16,12.699999999999989,06:03:59,06:17:00,6
6007_2__6805_1,6007,6007_2,6805,6805_1,94,17,12.483333333333292,06:03:59,06:17:00,6
6007_2__6805_1,6007,6007_2,6805,6805_1,1080,18,12.149999999999977,06:03:59,06:17:00,6
6007_2__6805_1,6007,6007_2,6805,6805_1,146,19,12.78333333333336,06:03:59,06:17:00,6
6007_2__6805_1,6007,6007_2,6805,6805_1,1089,20,12.81666666666672,06:03:59,06:17:00,6
6007_2__6805_1,6007,6007_2,6805,6805_1,213,21,13.516666666666652,06:03:59,06:17:00,6
6007_2__6805_1,6007,6007_2,6805,6805_1,3907,22,14.25,06:03:59,06:17:00,6
6007_2__6805_1,6007,6007_2,6805,6805_1,949,23,13.816666666666663,06:03:59,06:17:00,6
6007_2__6805_1,6007,6007_2,6805,6805_1,913,24,13.800000000000011,06:03:59,06:17:00,6
6007_2__6805_1,6007,6007_2,6805,6805_1,307,25,14.25,06:03:59,06:17:00,6
6007_2__6805_1,6007,6007_2,6805,6805_1,212,26,14.433333333333337,06:03:59,06:17:00,6
6007_2__6805_1,6007,6007_2,6805,6805_1,2665,27,14.266666666666652,06:03:59,06:17:00,6
6007_2__6805_1,6007,6007_2,6805,6805_1,2736,28,15.533333333333303,06:03:59,06:17:00,6
6007_2__6805_1,6007,6007_2,6805,6805_1,705,29,15.150000000000034,06:03:59,06:17:00,6
6007_2__6805_1,6007,6007_2,6805,6805_1,9979,30,14.833333333333314,06:03:59,06:17:00,6
6007_2__6805_1,6007,6007_2,6805,6805_1,2492,31,14.616666666666674,06:03:59,06:17:00,6
6007_2__6805_1,6007,6007_2,6805,6805_1,946,32,14.600000000000023,06:03:59,06:17:00,6
6007_2__6805_1,6007,6007_2,6805,6805_1,947,33,17.183333333333337,06:03:59,06:17:00,6
6007_2__6805_1,6007,6007_2,6805,6805_1,327,34,16.583333333333314,06:03:59,06:17:00,6
6007_2__6805_1,6007,6007_2,6805,6805_1,3284,35,16.73333333333335,06:03:59,06:17:00,6
6007_2__6805_1,6007,6007_2,6805,6805_1,3282,36,16.799999999999955,06:03:59,06:17:00,6
6007_2__6805_1,6007,6007_2,6805,6805_1,2583,37,16.416666666666686,06:03:59,06:17:00,6
6007_2__6805_1,6007,6007_2,6805,6805_1,2590,38,17.100000000000023,06:03:59,06:17:00,6
6007_2__6805_1,6007,6007_2,6805,6805_1,603,39,17.05000000000001,06:03:59,06:17:00,6
6007_3__6805_2,6007,6007_3,6805,6805_2,3797,1,11.983333333333348,08:44:00,08:55:59,8
6007_3__6805_2,6007,6007_3,6805,6805_2,2984,2,12.483333333333348,08:44:00,08:55:59,8
6007_3__6805_2,6007,6007_3,6805,6805_2,2685,3,12.383333333333326,08:44:00,08:55:59,8
6007_3__6805_2,6007,6007_3,6805,6805_2,3649,4,12.833333333333371,08:44:00,08:55:59,8
6007_3__6805_2,6007,6007_3,6805,6805_2,3747,5,13.149999999999977,08:44:00,08:55:59,8
6007_3__6805_2,6007,6007_3,6805,6805_2,482,6,13.233333333333348,08:44:00,08:55:59,8
6007_3__6805_2,6007,6007_3,6805,6805_2,709,7,12.733333333333348,08:44:00,08:55:59,8
6007_3__6805_2,6007,6007_3,6805,6805_2,1577,8,14.550000000000068,08:44:00,08:55:59,8
6007_3__6805_2,6007,6007_3,6805,6805_2,990,9,14.783333333333303,08:44:00,08:55:59,8
6007_3__6805_2,6007,6007_3,6805,6805_2,109,10,16.01666666666665,08:44:00,08:55:59,8
6007_3__6805_2,6007,6007_3,6805,6805_2,396,11,15.549999999999955,08:44:00,08:55:59,8
6007_3__6805_2,6007,6007_3,6805,6805_2,1253,12,15.916666666666629,08:44:00,08:55:59,8
6007_3__6805_2,6007,6007_3,6805,6805_2,1554,13,15.616666666666674,08:44:00,08:55:59,8
6007_3__6805_2,6007,6007_3,6805,6805_2,1099,14,15.88333333333344,08:44:00,08:55:59,8
6007_3__6805_2,6007,6007_3,6805,6805_2,168,15,15.200000000000045,08:44:00,08:55:59,8
6007_3__6805_2,6007,6007_3,6805,6805_2,929,16,16.16666666666663,08:44:00,08:55:59,8
6007_3__6805_2,6007,6007_3,6805,6805_2,94,17,16.51666666666665,08:44:00,08:55:59,8
6007_3__6805_2,6007,6007_3,6805,6805_2,1080,18,16.31666666666672,08:44:00,08:55:59,8
6007_3__6805_2,6007,6007_3,6805,6805_2,146,19,15.93333333333328,08:44:00,08:55:59,8
6007_3__6805_2,6007,6007_3,6805,6805_2,1089,20,16.216666666666583,08:44:00,08:55:59,8
6007_3__6805_2,6007,6007_3,6805,6805_2,213,21,15.533333333333303,08:44:00,08:55:59,8
6007_3__6805_2,6007,6007_3,6805,6805_2,3907,22,14.583333333333371,08:44:00,08:55:59,8
6007_3__6805_2,6007,6007_3,6805,6805_2,949,23,15.899999999999977,08:44:00,08:55:59,8
6007_3__6805_2,6007,6007_3,6805,6805_2,913,24,15.083333333333371,08:44:00,08:55:59,8
6007_3__6805_2,6007,6007_3,6805,6805_2,307,25,14.866666666666674,08:44:00,08:55:59,8
6007_3__6805_2,6007,6007_3,6805,6805_2,212,26,14.116666666666674,08:44:00,08:55:59,8
6007_3__6805_2,6007,6007_3,6805,6805_2,2665,27,13.93333333333328,08:44:00,08:55:59,8
6007_3__6805_2,6007,6007_3,6805,6805_2,2736,28,13.56666666666672,08:44:00,08:55:59,8
6007_3__6805_2,6007,6007_3,6805,6805_2,705,29,12.099999999999909,08:44:00,08:55:59,8
6007_3__6805_2,6007,6007_3,6805,6805_2,9979,30,12.266666666666652,08:44:00,08:55:59,8
6007_3__6805_2,6007,6007_3,6805,6805_2,2492,31,13.0,08:44:00,08:55:59,8
6007_3__6805_2,6007,6007_3,6805,6805_2,946,32,13.316666666666606,08:44:00,08:55:59,8
6007_3__6805_2,6007,6007_3,6805,6805_2,947,33,13.06666666666672,08:44:00,08:55:59,8
6007_3__6805_2,6007,6007_3,6805,6805_2,327,34,14.100000000000023,08:44:00,08:55:59,8
6007_3__6805_2,6007,6007_3,6805,6805_2,3284,35,13.899999999999977,08:44:00,08:55:59,8
6007_3__6805_2,6007,6007_3,6805,6805_2,3282,36,13.43333333333328,08:44:00,08:55:59,8
6007_3__6805_2,6007,6007_3,6805,6805_2,2583,37,12.950000000000045,08:44:00,08:55:59,8
6007_3__6805_2,6007,6007_3,6805,6805_2,2590,38,14.0,08:44:00,08:55:59,8
6007_3__6805_2,6007,6007_3,6805,6805_2,603,39,14.466666666666583,08:44:00,08:55:59,8
6007_4__6805_3,6007,6007_4,6805,6805_3,3797,1,12.983333333333348,11:29:00,11:41:59,11
6007_4__6805_3,6007,6007_4,6805,6805_3,2984,2,13.050000000000068,11:29:00,11:41:59,11
6007_4__6805_3,6007,6007_4,6805,6805_3,2685,3,12.766666666666652,11:29:00,11:41:59,11
6007_4__6805_3,6007,6007_4,6805,6805_3,3649,4,13.233333333333348,11:29:00,11:41:59,11
6007_4__6805_3,6007,6007_4,6805,6805_3,3747,5,13.016666666666652,11:29:00,11:41:59,11
6007_4__6805_3,6007,6007_4,6805,6805_3,482,6,12.850000000000023,11:29:00,11:41:59,11
6007_4__6805_3,6007,6007_4,6805,6805_3,709,7,13.43333333333328,11:29:00,11:41:59,11
6007_4__6805_3,6007,6007_4,6805,6805_3,1577,8,12.783333333333303,11:29:00,11:41:59,11
6007_4__6805_3,6007,6007_4,6805,6805_3,990,9,14.183333333333394,11:29:00,11:41:59,11
6007_4__6805_3,6007,6007_4,6805,6805_3,109,10,12.083333333333371,11:29:00,11:41:59,11
6007_4__6805_3,6007,6007_4,6805,6805_3,396,11,11.416666666666742,11:29:00,11:41:59,11
6007_4__6805_3,6007,6007_4,6805,6805_3,1253,12,10.716666666666583,11:29:00,11:41:59,11
6007_4__6805_3,6007,6007_4,6805,6805_3,1554,13,11.033333333333417,11:29:00,11:41:59,11
6007_4__6805_3,6007,6007_4,6805,6805_3,1099,14,11.350000000000023,11:29:00,11:41:59,11
6007_4__6805_3,6007,6007_4,6805,6805_3,168,15,9.333333333333258,11:29:00,11:41:59,11
6007_4__6805_3,6007,6007_4,6805,6805_3,929,16,9.43333333333328,11:29:00,11:41:59,11
6007_4__6805_3,6007,6007_4,6805,6805_3,94,17,9.433333333333394,11:29:00,11:41:59,11
6007_4__6805_3,6007,6007_4,6805,6805_3,1080,18,9.25,11:29:00,11:41:59,11
6007_4__6805_3,6007,6007_4,6805,6805_3,146,19,9.0,11:29:00,11:41:59,11
6007_4__6805_3,6007,6007_4,6805,6805_3,1089,20,9.916666666666629,11:29:00,11:41:59,11
6007_4__6805_3,6007,6007_4,6805,6805_3,213,21,9.81666666666672,11:29:00,11:41:59,11
6007_4__6805_3,6007,6007_4,6805,6805_3,3907,22,9.100000000000023,11:29:00,11:41:59,11
6007_4__6805_3,6007,6007_4,6805,6805_3,949,23,9.066666666666606,11:29:00,11:41:59,11
6007_4__6805_3,6007,6007_4,6805,6805_3,913,24,9.266666666666765,11:29:00,11:41:59,11
6007_4__6805_3,6007,6007_4,6805,6805_3,307,25,8.716666666666697,11:29:00,11:41:59,11
6007_4__6805_3,6007,6007_4,6805,6805_3,212,26,9.516666666666652,11:29:00,11:41:59,11
6007_4__6805_3,6007,6007_4,6805,6805_3,2665,27,8.850000000000023,11:29:00,11:41:59,11
6007_4__6805_3,6007,6007_4,6805,6805_3,2736,28,8.700000000000045,11:29:00,11:41:59,11
6007_4__6805_3,6007,6007_4,6805,6805_3,705,29,9.25,11:29:00,11:41:59,11
6007_4__6805_3,6007,6007_4,6805,6805_3,9979,30,9.399999999999977,11:29:00,11:41:59,11
6007_4__6805_3,6007,6007_4,6805,6805_3,2492,31,9.56666666666672,11:29:00,11:41:59,11
6007_4__6805_3,6007,6007_4,6805,6805_3,946,32,9.600000000000023,11:29:00,11:41:59,11
6007_4__6805_3,6007,6007_4,6805,6805_3,947,33,9.316666666666606,11:29:00,11:41:59,11
6007_4__6805_3,6007,6007_4,6805,6805_3,327,34,8.333333333333258,11:29:00,11:41:59,11
6007_4__6805_3,6007,6007_4,6805,6805_3,3284,35,8.766666666666652,11:29:00,11:41:59,11
6007_4__6805_3,6007,6007_4,6805,6805_3,3282,36,9.783333333333303,11:29:00,11:41:59,11
6007_4__6805_3,6007,6007_4,6805,6805_3,2583,37,10.699999999999932,11:29:00,11:41:59,11
6007_4__6805_3,6007,6007_4,6805,6805_3,2590,38,11.083333333333371,11:29:00,11:41:59,11
6007_4__6805_3,6007,6007_4,6805,6805_3,603,39,10.983333333333348,11:29:00,11:41:59,11
6007_5__6805_4,6007,6007_5,6805,6805_4,3797,1,13.016666666666652,14:10:59,14:24:00,14
6007_5__6805_4,6007,6007_5,6805,6805_4,2984,2,13.75,14:10:59,14:24:00,14
6007_5__6805_4,6007,6007_5,6805,6805_4,2685,3,14.63333333333344,14:10:59,14:24:00,14
6007_5__6805_4,6007,6007_5,6805,6805_4,3649,4,15.066666666666606,14:10:59,14:24:00,14
6007_5__6805_4,6007,6007_5,6805,6805_4,3747,5,15.933333333333394,14:10:59,14:24:00,14
6007_5__6805_4,6007,6007_5,6805,6805_4,482,6,15.849999999999909,14:10:59,14:24:00,14
6007_5__6805_4,6007,6007_5,6805,6805_4,709,7,16.23333333333335,14:10:59,14:24:00,14
6007_5__6805_4,6007,6007_5,6805,6805_4,1577,8,16.66666666666663,14:10:59,14:24:00,14
6007_5__6805_4,6007,6007_5,6805,6805_4,990,9,16.966666666666697,14:10:59,14:24:00,14
6007_5__6805_4,6007,6007_5,6805,6805_4,109,10,18.166666666666742,14:10:59,14:24:00,14
6007_5__6805_4,6007,6007_5,6805,6805_4,396,11,18.58333333333337,14:10:59,14:24:00,14
6007_5__6805_4,6007,6007_5,6805,6805_4,1253,12,18.200000000000045,14:10:59,14:24:00,14
6007_5__6805_4,6007,6007_5,6805,6805_4,1554,13,17.783333333333303,14:10:59,14:24:00,14
6007_5__6805_4,6007,6007_5,6805,6805_4,1099,14,16.949999999999932,14:10:59,14:24:00,14
6007_5__6805_4,6007,6007_5,6805,6805_4,168,15,17.033333333333303,14:10:59,14:24:00,14
6007_5__6805_4,6007,6007_5,6805,6805_4,929,16,17.48333333333335,14:10:59,14:24:00,14
6007_5__6805_4,6007,6007_5,6805,6805_4,94,17,17.549999999999955,14:10:59,14:24:00,14
6007_5__6805_4,6007,6007_5,6805,6805_4,1080,18,17.48333333333335,14:10:59,14:24:00,14
6007_5__6805_4,6007,6007_5,6805,6805_4,146,19,16.73333333333335,14:10:59,14:24:00,14
6007_5__6805_4,6007,6007_5,6805,6805_4,1089,20,16.049999999999955,14:10:59,14:24:00,14
6007_5__6805_4,6007,6007_5,6805,6805_4,213,21,16.16666666666663,14:10:59,14:24:00,14
6007_5__6805_4,6007,6007_5,6805,6805_4,3907,22,16.049999999999955,14:10:59,14:24:00,14
6007_5__6805_4,6007,6007_5,6805,6805_4,949,23,15.916666666666742,14:10:59,14:24:00,14
6007_5__6805_4,6007,6007_5,6805,6805_4,913,24,16.100000000000023,14:10:59,14:24:00,14
6007_5__6805_4,6007,6007_5,6805,6805_4,307,25,16.76666666666665,14:10:59,14:24:00,14
6007_5__6805_4,6007,6007_5,6805,6805_4,212,26,16.68333333333328,14:10:59,14:24:00,14
6007_5__6805_4,6007,6007_5,6805,6805_4,2665,27,16.100000000000023,14:10:59,14:24:00,14
6007_5__6805_4,6007,6007_5,6805,6805_4,2736,28,15.816666666666606,14:10:59,14:24:00,14
6007_5__6805_4,6007,6007_5,6805,6805_4,705,29,17.06666666666672,14:10:59,14:24:00,14
6007_5__6805_4,6007,6007_5,6805,6805_4,9979,30,16.416666666666742,14:10:59,14:24:00,14
6007_5__6805_4,6007,6007_5,6805,6805_4,2492,31,16.56666666666672,14:10:59,14:24:00,14
6007_5__6805_4,6007,6007_5,6805,6805_4,946,32,13.433333333333394,14:10:59,14:24:00,14
6007_5__6805_4,6007,6007_5,6805,6805_4,947,33,13.300000000000068,14:10:59,14:24:00,14
6007_5__6805_4,6007,6007_5,6805,6805_4,327,34,15.433333333333394,14:10:59,14:24:00,14
6007_5__6805_4,6007,6007_5,6805,6805_4,3284,35,15.083333333333258,14:10:59,14:24:00,14
6007_5__6805_4,6007,6007_5,6805,6805_4,3282,36,15.083333333333371,14:10:59,14:24:00,14
6007_5__6805_4,6007,6007_5,6805,6805_4,2583,37,16.049999999999955,14:10:59,14:24:00,14
6007_5__6805_4,6007,6007_5,6805,6805_4,2590,38,16.216666666666697,14:10:59,14:24:00,14
6007_5__6805_4,6007,6007_5,6805,6805_4,603,39,17.800000000000068,14:10:59,14:24:00,14
6007_6__6805_5,6007,6007_6,6805,6805_5,2984,2,11.700000000000045,17:03:12,17:14:54,17
6007_6__6805_5,6007,6007_6,6805,6805_5,2685,3,11.100000000000136,17:03:12,17:14:54,17
6007_6__6805_5,6007,6007_6,6805,6805_5,3649,4,11.333333333333258,17:03:12,17:14:54,17
6007_6__6805_5,6007,6007_6,6805,6805_5,3747,5,11.166666666666742,17:03:12,17:14:54,17
6007_6__6805_5,6007,6007_6,6805,6805_5,482,6,11.016666666666652,17:03:12,17:14:54,17
6007_6__6805_5,6007,6007_6,6805,6805_5,709,7,11.716666666666697,17:03:12,17:14:54,17
6007_6__6805_5,6007,6007_6,6805,6805_5,1577,8,10.450000000000045,17:03:12,17:14:54,17
6007_6__6805_5,6007,6007_6,6805,6805_5,990,9,10.299999999999955,17:03:12,17:14:54,17
6007_6__6805_5,6007,6007_6,6805,6805_5,109,10,12.21666666666647,17:03:12,17:14:54,17
6007_6__6805_5,6007,6007_6,6805,6805_5,396,11,10.849999999999909,17:03:12,17:14:54,17
6007_6__6805_5,6007,6007_6,6805,6805_5,1253,12,11.13333333333344,17:03:12,17:14:54,17
6007_6__6805_5,6007,6007_6,6805,6805_5,1554,13,11.333333333333485,17:03:12,17:14:54,17
6007_6__6805_5,6007,6007_6,6805,6805_5,1099,14,10.566666666666606,17:03:12,17:14:54,17
6007_6__6805_5,6007,6007_6,6805,6805_5,168,15,11.566666666666833,17:03:12,17:14:54,17
6007_6__6805_5,6007,6007_6,6805,6805_5,929,16,13.549999999999955,17:03:12,17:14:54,17
6007_6__6805_5,6007,6007_6,6805,6805_5,94,17,12.466666666666697,17:03:12,17:14:54,17
6007_6__6805_5,6007,6007_6,6805,6805_5,1080,18,13.049999999999955,17:03:12,17:14:54,17
6007_6__6805_5,6007,6007_6,6805,6805_5,146,19,12.299999999999955,17:03:12,17:14:54,17
6007_6__6805_5,6007,6007_6,6805,6805_5,1089,20,14.549999999999955,17:03:12,17:14:54,17
6007_6__6805_5,6007,6007_6,6805,6805_5,213,21,14.016666666666652,17:03:12,17:14:54,17
6007_6__6805_5,6007,6007_6,6805,6805_5,3907,22,13.950000000000045,17:03:12,17:14:54,17
6007_6__6805_5,6007,6007_6,6805,6805_5,949,23,13.516666666666652,17:03:12,17:14:54,17
6007_6__6805_5,6007,6007_6,6805,6805_5,913,24,13.666666666666515,17:03:12,17:14:54,17
6007_6__6805_5,6007,6007_6,6805,6805_5,307,25,13.86666666666656,17:03:12,17:14:54,17
6007_6__6805_5,6007,6007_6,6805,6805_5,212,26,13.416666666666742,17:03:12,17:14:54,17
6007_6__6805_5,6007,6007_6,6805,6805_5,2665,27,13.733333333333348,17:03:12,17:14:54,17
6007_6__6805_5,6007,6007_6,6805,6805_5,2736,28,12.333333333333258,17:03:12,17:14:54,17
6007_6__6805_5,6007,6007_6,6805,6805_5,705,29,12.316666666666833,17:03:12,17:14:54,17
6007_6__6805_5,6007,6007_6,6805,6805_5,9979,30,13.033333333333303,17:03:12,17:14:54,17
6007_6__6805_5,6007,6007_6,6805,6805_5,2492,31,12.833333333333258,17:03:12,17:14:54,17
6007_6__6805_5,6007,6007_6,6805,6805_5,946,32,11.950000000000045,17:03:12,17:14:54,17
6007_6__6805_5,6007,6007_6,6805,6805_5,947,33,12.13333333333344,17:03:12,17:14:54,17
6007_6__6805_5,6007,6007_6,6805,6805_5,327,34,11.566666666666833,17:03:12,17:14:54,17
6007_6__6805_5,6007,6007_6,6805,6805_5,3284,35,11.766666666666652,17:03:12,17:14:54,17
6007_6__6805_5,6007,6007_6,6805,6805_5,3282,36,11.666666666666742,17:03:12,17:14:54,17
6007_6__6805_5,6007,6007_6,6805,6805_5,2583,37,12.033333333333303,17:03:12,17:14:54,17
6007_6__6805_5,6007,6007_6,6805,6805_5,2590,38,11.28333333333353,17:03:12,17:14:54,17
6007_6__6805_5,6007,6007_6,6805,6805_5,603,39,12.266666666666652,17:03:12,17:14:54,17
6007_7__6805_6,6007,6007_7,6805,6805_6,2984,2,14.566666666666833,19:53:05,20:07:39,19
6007_7__6805_6,6007,6007_7,6805,6805_6,2685,3,14.299999999999955,19:53:05,20:07:39,19
6007_7__6805_6,6007,6007_7,6805,6805_6,3649,4,13.96666666666647,19:53:05,20:07:39,19
6007_7__6805_6,6007,6007_7,6805,6805_6,3747,5,14.333333333333485,19:53:05,20:07:39,19
6007_7__6805_6,6007,6007_7,6805,6805_6,482,6,13.683333333333394,19:53:05,20:07:39,19
6007_7__6805_6,6007,6007_7,6805,6805_6,709,7,13.333333333333258,19:53:05,20:07:39,19
6007_7__6805_6,6007,6007_7,6805,6805_6,1577,8,14.083333333333258,19:53:05,20:07:39,19
6007_7__6805_6,6007,6007_7,6805,6805_6,990,9,13.78333333333353,19:53:05,20:07:39,19
6007_7__6805_6,6007,6007_7,6805,6805_6,109,10,14.016666666666652,19:53:05,20:07:39,19
6007_7__6805_6,6007,6007_7,6805,6805_6,396,11,13.533333333333303,19:53:05,20:07:39,19
6007_7__6805_6,6007,6007_7,6805,6805_6,1253,12,13.5,19:53:05,20:07:39,19
6007_7__6805_6,6007,6007_7,6805,6805_6,1554,13,14.200000000000045,19:53:05,20:07:39,19
6007_7__6805_6,6007,6007_7,6805,6805_6,1099,14,14.333333333333258,19:53:05,20:07:39,19
6007_7__6805_6,6007,6007_7,6805,6805_6,168,15,13.75,19:53:05,20:07:39,19
6007_7__6805_6,6007,6007_7,6805,6805_6,929,16,14.733333333333121,19:53:05,20:07:39,19
6007_7__6805_6,6007,6007_7,6805,6805_6,94,17,13.916666666666515,19:53:05,20:07:39,19
6007_7__6805_6,6007,6007_7,6805,6805_6,1080,18,14.483333333333348,19:53:05,20:07:39,19
6007_7__6805_6,6007,6007_7,6805,6805_6,146,19,13.183333333333167,19:53:05,20:07:39,19
6007_7__6805_6,6007,6007_7,6805,6805_6,1089,20,12.783333333333303,19:53:05,20:07:39,19
6007_7__6805_6,6007,6007_7,6805,6805_6,213,21,12.416666666666742,19:53:05,20:07:39,19
6007_7__6805_6,6007,6007_7,6805,6805_6,3907,22,11.350000000000136,19:53:05,20:07:39,19
6007_7__6805_6,6007,6007_7,6805,6805_6,949,23,11.916666666666742,19:53:05,20:07:39,19
6007_7__6805_6,6007,6007_7,6805,6805_6,913,24,12.36666666666656,19:53:05,20:07:39,19
6007_7__6805_6,6007,6007_7,6805,6805_6,307,25,11.899999999999864,19:53:05,20:07:39,19
6007_7__6805_6,6007,6007_7,6805,6805_6,212,26,12.25,19:53:05,20:07:39,19
6007_7__6805_6,6007,6007_7,6805,6805_6,2665,27,12.099999999999909,19:53:05,20:07:39,19
6007_7__6805_6,6007,6007_7,6805,6805_6,2736,28,12.166666666666742,19:53:05,20:07:39,19
6007_7__6805_6,6007,6007_7,6805,6805_6,705,29,11.450000000000045,19:53:05,20:07:39,19
6007_7__6805_6,6007,6007_7,6805,6805_6,9979,30,12.383333333333212,19:53:05,20:07:39,19
6007_7__6805_6,6007,6007_7,6805,6805_6,2492,31,12.316666666666833,19:53:05,20:07:39,19
6007_7__6805_6,6007,6007_7,6805,6805_6,946,32,13.399999999999864,19:53:05,20:07:39,19
6007_7__6805_6,6007,6007_7,6805,6805_6,947,33,13.349999999999909,19:53:05,20:07:39,19
6007_7__6805_6,6007,6007_7,6805,6805_6,327,34,13.450000000000045,19:53:05,20:07:39,19
6007_7__6805_6,6007,6007_7,6805,6805_6,3284,35,13.666666666666515,19:53:05,20:07:39,19
6007_7__6805_6,6007,6007_7,6805,6805_6,3282,36,14.916666666666515,19:53:05,20:07:39,19
6007_7__6805_6,6007,6007_7,6805,6805_6,2583,37,13.666666666666742,19:53:05,20:07:39,19
6007_7__6805_6,6007,6007_7,6805,6805_6,2590,38,14.216666666666697,19:53:05,20:07:39,19
6007_7__6805_6,6007,6007_7,6805,6805_6,603,39,13.233333333333348,19:53:05,20:07:39,19
6020_2__6804_2,6020,6020_2,6804,6804_2,3797,1,12.983333333333348,05:38:00,05:50:59,5
6020_2__6804_2,6020,6020_2,6804,6804_2,2984,2,13.5,05:38:00,05:50:59,5
6020_2__6804_2,6020,6020_2,6804,6804_2,2685,3,12.833333333333371,05:38:00,05:50:59,5
6020_2__6804_2,6020,6020_2,6804,6804_2,3649,4,11.800000000000011,05:38:00,05:50:59,5
6020_2__6804_2,6020,6020_2,6804,6804_2,3747,5,11.300000000000011,05:38:00,05:50:59,5
6020_2__6804_2,6020,6020_2,6804,6804_2,482,6,11.166666666666686,05:38:00,05:50:59,5
6020_2__6804_2,6020,6020_2,6804,6804_2,709,7,11.833333333333314,05:38:00,05:50:59,5
6020_2__6804_2,6020,6020_2,6804,6804_2,1577,8,11.683333333333337,05:38:00,05:50:59,5
6020_2__6804_2,6020,6020_2,6804,6804_2,990,9,11.100000000000023,05:38:00,05:50:59,5
6020_2__6804_2,6020,6020_2,6804,6804_2,109,10,11.633333333333326,05:38:00,05:50:59,5
6020_2__6804_2,6020,6020_2,6804,6804_2,396,11,12.199999999999989,05:38:00,05:50:59,5
6020_2__6804_2,6020,6020_2,6804,6804_2,1253,12,11.21666666666664,05:38:00,05:50:59,5
6020_2__6804_2,6020,6020_2,6804,6804_2,1554,13,11.133333333333326,05:38:00,05:50:59,5
6020_2__6804_2,6020,6020_2,6804,6804_2,1099,14,11.299999999999955,05:38:00,05:50:59,5
6020_2__6804_2,6020,6020_2,6804,6804_2,168,15,11.099999999999966,05:38:00,05:50:59,5
6020_2__6804_2,6020,6020_2,6804,6804_2,929,16,11.300000000000011,05:38:00,05:50:59,5
6020_2__6804_2,6020,6020_2,6804,6804_2,94,17,9.900000000000034,05:38:00,05:50:59,5
6020_2__6804_2,6020,6020_2,6804,6804_2,1080,18,10.599999999999966,05:38:00,05:50:59,5
6020_2__6804_2,6020,6020_2,6804,6804_2,146,19,11.100000000000023,05:38:00,05:50:59,5
6020_2__6804_2,6020,6020_2,6804,6804_2,1089,20,11.099999999999966,05:38:00,05:50:59,5
6020_2__6804_2,6020,6020_2,6804,6804_2,213,21,10.800000000000011,05:38:00,05:50:59,5
6020_2__6804_2,6020,6020_2,6804,6804_2,3907,22,11.283333333333303,05:38:00,05:50:59,5
6020_2__6804_2,6020,6020_2,6804,6804_2,949,23,10.600000000000023,05:38:00,05:50:59,5
6020_2__6804_2,6020,6020_2,6804,6804_2,913,24,10.633333333333326,05:38:00,05:50:59,5
6020_2__6804_2,6020,6020_2,6804,6804_2,307,25,10.366666666666674,05:38:00,05:50:59,5
6020_2__6804_2,6020,6020_2,6804,6804_2,212,26,11.100000000000023,05:38:00,05:50:59,5
6020_2__6804_2,6020,6020_2,6804,6804_2,2665,27,11.5,05:38:00,05:50:59,5
6020_2__6804_2,6020,6020_2,6804,6804_2,2736,28,10.566666666666663,05:38:00,05:50:59,5
6020_2__6804_2,6020,6020_2,6804,6804_2,705,29,10.75,05:38:00,05:50:59,5
6020_2__6804_2,6020,6020_2,6804,6804_2,9979,30,11.066666666666663,05:38:00,05:50:59,5
6020_2__6804_2,6020,6020_2,6804,6804_2,2492,31,11.183333333333337,05:38:00,05:50:59,5
6020_2__6804_2,6020,6020_2,6804,6804_2,946,32,12.016666666666708,05:38:00,05:50:59,5
6020_2__6804_2,6020,6020_2,6804,6804_2,947,33,11.71666666666664,05:38:00,05:50:59,5
6020_2__6804_2,6020,6020_2,6804,6804_2,327,34,11.25,05:38:00,05:50:59,5
6020_2__6804_2,6020,6020_2,6804,6804_2,3284,35,11.283333333333303,05:38:00,05:50:59,5
6020_2__6804_2,6020,6020_2,6804,6804_2,3282,36,11.233333333333348,05:38:00,05:50:59,5
6020_2__6804_2,6020,6020_2,6804,6804_2,2583,37,10.616666666666674,05:38:00,05:50:59,5
6020_2__6804_2,6020,6020_2,6804,6804_2,2590,38,11.133333333333326,05:38:00,05:50:59,5
6020_2__6804_2,6020,6020_2,6804,6804_2,603,39,10.633333333333326,05:38:00,05:50:59,5
6020_3__6804_3,6020,6020_3,6804,6804_3,3797,1,13.0,08:06:00,08:19:00,8
6020_3__6804_3,6020,6020_3,6804,6804_3,2984,2,11.5,08:06:00,08:19:00,8
6020_3__6804_3,6020,6020_3,6804,6804_3,2685,3,11.766666666666708,08:06:00,08:19:00,8
6020_3__6804_3,6020,6020_3,6804,6804_3,3649,4,8.916666666666629,08:06:00,08:19:00,8
6020_3__6804_3,6020,6020_3,6804,6804_3,3747,5,7.96666666666664,08:06:00,08:19:00,8
6020_3__6804_3,6020,6020_3,6804,6804_3,482,6,8.100000000000023,08:06:00,08:19:00,8
6020_3__6804_3,6020,6020_3,6804,6804_3,709,7,7.566666666666663,08:06:00,08:19:00,8
6020_3__6804_3,6020,6020_3,6804,6804_3,1577,8,6.666666666666686,08:06:00,08:19:00,8
6020_3__6804_3,6020,6020_3,6804,6804_3,109,10,6.816666666666663,08:06:00,08:19:00,8
6020_3__6804_3,6020,6020_3,6804,6804_3,396,11,6.083333333333371,08:06:00,08:19:00,8
6020_3__6804_3,6020,6020_3,6804,6804_3,1253,12,6.066666666666606,08:06:00,08:19:00,8
6020_3__6804_3,6020,6020_3,6804,6804_3,1554,13,5.0166666666666515,08:06:00,08:19:00,8
6020_3__6804_3,6020,6020_3,6804,6804_3,1099,14,4.033333333333303,08:06:00,08:19:00,8
6020_3__6804_3,6020,6020_3,6804,6804_3,168,15,3.8666666666666742,08:06:00,08:19:00,8
6020_3__6804_3,6020,6020_3,6804,6804_3,929,16,3.2666666666666515,08:06:00,08:19:00,8
6020_3__6804_3,6020,6020_3,6804,6804_3,94,17,3.5833333333333712,08:06:00,08:19:00,8
6020_3__6804_3,6020,6020_3,6804,6804_3,1080,18,3.75,08:06:00,08:19:00,8
6020_3__6804_3,6020,6020_3,6804,6804_3,146,19,2.9500000000000455,08:06:00,08:19:00,8
6020_3__6804_3,6020,6020_3,6804,6804_3,1089,20,3.3500000000000227,08:06:00,08:19:00,8
6020_3__6804_3,6020,6020_3,6804,6804_3,213,21,3.1666666666666288,08:06:00,08:19:00,8
6020_3__6804_3,6020,6020_3,6804,6804_3,3907,22,2.7000000000000455,08:06:00,08:19:00,8
6020_3__6804_3,6020,6020_3,6804,6804_3,949,23,3.2999999999999545,08:06:00,08:19:00,8
6020_3__6804_3,6020,6020_3,6804,6804_3,913,24,4.350000000000023,08:06:00,08:19:00,8
6020_3__6804_3,6020,6020_3,6804,6804_3,307,25,4.56666666666672,08:06:00,08:19:00,8
6020_3__6804_3,6020,6020_3,6804,6804_3,212,26,4.7333333333333485,08:06:00,08:19:00,8
6020_3__6804_3,6020,6020_3,6804,6804_3,2665,27,4.0,08:06:00,08:19:00,8
6020_3__6804_3,6020,6020_3,6804,6804_3,2736,28,4.0166666666666515,08:06:00,08:19:00,8
6020_3__6804_3,6020,6020_3,6804,6804_3,705,29,3.8166666666667197,08:06:00,08:19:00,8
6020_3__6804_3,6020,6020_3,6804,6804_3,9979,30,4.399999999999977,08:06:00,08:19:00,8
6020_3__6804_3,6020,6020_3,6804,6804_3,2492,31,3.8833333333333258,08:06:00,08:19:00,8
6020_3__6804_3,6020,6020_3,6804,6804_3,946,32,3.6833333333332803,08:06:00,08:19:00,8
6020_3__6804_3,6020,6020_3,6804,6804_3,947,33,3.1499999999999773,08:06:00,08:19:00,8
6020_3__6804_3,6020,6020_3,6804,6804_3,327,34,3.3999999999999773,08:06:00,08:19:00,8
6020_3__6804_3,6020,6020_3,6804,6804_3,3284,35,2.533333333333303,08:06:00,08:19:00,8
6020_3__6804_3,6020,6020_3,6804,6804_3,3282,36,2.6166666666666742,08:06:00,08:19:00,8
6020_3__6804_3,6020,6020_3,6804,6804_3,2583,37,2.3500000000000227,08:06:00,08:19:00,8
6020_3__6804_3,6020,6020_3,6804,6804_3,2590,38,2.033333333333303,08:06:00,08:19:00,8
6020_3__6804_3,6020,6020_3,6804,6804_3,603,39,3.1000000000000227,08:06:00,08:19:00,8
6020_4__6804_4,6020,6020_4,6804,6804_4,3797,1,13.0,10:51:00,11:04:00,10
6020_4__6804_4,6020,6020_4,6804,6804_4,2984,2,12.566666666666606,10:51:00,11:04:00,10
6020_4__6804_4,6020,6020_4,6804,6804_4,2685,3,12.5,10:51:00,11:04:00,10
6020_4__6804_4,6020,6020_4,6804,6804_4,3649,4,14.083333333333371,10:51:00,11:04:00,10
6020_4__6804_4,6020,6020_4,6804,6804_4,3747,5,13.666666666666629,10:51:00,11:04:00,10
6020_4__6804_4,6020,6020_4,6804,6804_4,482,6,14.450000000000045,10:51:00,11:04:00,10
6020_4__6804_4,6020,6020_4,6804,6804_4,709,7,15.266666666666652,10:51:00,11:04:00,10
6020_4__6804_4,6020,6020_4,6804,6804_4,1577,8,13.116666666666674,10:51:00,11:04:00,10
6020_4__6804_4,6020,6020_4,6804,6804_4,990,9,13.149999999999977,10:51:00,11:04:00,10
6020_4__6804_4,6020,6020_4,6804,6804_4,109,10,12.550000000000068,10:51:00,11:04:00,10
6020_4__6804_4,6020,6020_4,6804,6804_4,396,11,10.799999999999955,10:51:00,11:04:00,10
6020_4__6804_4,6020,6020_4,6804,6804_4,1253,12,10.966666666666697,10:51:00,11:04:00,10
6020_4__6804_4,6020,6020_4,6804,6804_4,1554,13,12.050000000000068,10:51:00,11:04:00,10
6020_4__6804_4,6020,6020_4,6804,6804_4,1099,14,12.949999999999932,10:51:00,11:04:00,10
6020_4__6804_4,6020,6020_4,6804,6804_4,168,15,11.866666666666674,10:51:00,11:04:00,10
6020_4__6804_4,6020,6020_4,6804,6804_4,929,16,13.0,10:51:00,11:04:00,10
6020_4__6804_4,6020,6020_4,6804,6804_4,94,17,12.966666666666697,10:51:00,11:04:00,10
6020_4__6804_4,6020,6020_4,6804,6804_4,1080,18,12.066666666666606,10:51:00,11:04:00,10
6020_4__6804_4,6020,6020_4,6804,6804_4,146,19,13.133333333333326,10:51:00,11:04:00,10
6020_4__6804_4,6020,6020_4,6804,6804_4,1089,20,12.666666666666629,10:51:00,11:04:00,10
6020_4__6804_4,6020,6020_4,6804,6804_4,213,21,14.050000000000068,10:51:00,11:04:00,10
6020_4__6804_4,6020,6020_4,6804,6804_4,3907,22,14.016666666666652,10:51:00,11:04:00,10
6020_4__6804_4,6020,6020_4,6804,6804_4,949,23,14.433333333333394,10:51:00,11:04:00,10
6020_4__6804_4,6020,6020_4,6804,6804_4,913,24,14.733333333333235,10:51:00,11:04:00,10
6020_4__6804_4,6020,6020_4,6804,6804_4,307,25,14.633333333333326,10:51:00,11:04:00,10
6020_4__6804_4,6020,6020_4,6804,6804_4,212,26,14.75,10:51:00,11:04:00,10
6020_4__6804_4,6020,6020_4,6804,6804_4,2665,27,15.033333333333303,10:51:00,11:04:00,10
6020_4__6804_4,6020,6020_4,6804,6804_4,2736,28,15.450000000000045,10:51:00,11:04:00,10
6020_4__6804_4,6020,6020_4,6804,6804_4,705,29,14.866666666666674,10:51:00,11:04:00,10
6020_4__6804_4,6020,6020_4,6804,6804_4,9979,30,14.850000000000023,10:51:00,11:04:00,10
6020_4__6804_4,6020,6020_4,6804,6804_4,2492,31,14.850000000000023,10:51:00,11:04:00,10
6020_4__6804_4,6020,6020_4,6804,6804_4,946,32,15.233333333333348,10:51:00,11:04:00,10
6020_4__6804_4,6020,6020_4,6804,6804_4,947,33,13.766666666666652,10:51:00,11:04:00,10
6020_4__6804_4,6020,6020_4,6804,6804_4,327,34,13.516666666666652,10:51:00,11:04:00,10
6020_4__6804_4,6020,6020_4,6804,6804_4,3284,35,13.899999999999977,10:51:00,11:04:00,10
6020_4__6804_4,6020,6020_4,6804,6804_4,3282,36,13.666666666666742,10:51:00,11:04:00,10
6020_4__6804_4,6020,6020_4,6804,6804_4,2583,37,14.449999999999932,10:51:00,11:04:00,10
6020_4__6804_4,6020,6020_4,6804,6804_4,2590,38,15.31666666666672,10:51:00,11:04:00,10
6020_4__6804_4,6020,6020_4,6804,6804_4,603,39,15.06666666666672,10:51:00,11:04:00,10
6020_5__6804_5,6020,6020_5,6804,6804_5,2984,2,11.116666666666674,13:35:30,13:46:37,13
6020_5__6804_5,6020,6020_5,6804,6804_5,2685,3,12.450000000000045,13:35:30,13:46:37,13
6020_5__6804_5,6020,6020_5,6804,6804_5,3649,4,12.783333333333303,13:35:30,13:46:37,13
6020_5__6804_5,6020,6020_5,6804,6804_5,3747,5,12.899999999999977,13:35:30,13:46:37,13
6020_5__6804_5,6020,6020_5,6804,6804_5,482,6,13.016666666666652,13:35:30,13:46:37,13
6020_5__6804_5,6020,6020_5,6804,6804_5,709,7,13.033333333333417,13:35:30,13:46:37,13
6020_5__6804_5,6020,6020_5,6804,6804_5,1577,8,15.033333333333417,13:35:30,13:46:37,13
6020_5__6804_5,6020,6020_5,6804,6804_5,990,9,14.349999999999909,13:35:30,13:46:37,13
6020_5__6804_5,6020,6020_5,6804,6804_5,109,10,14.149999999999977,13:35:30,13:46:37,13
6020_5__6804_5,6020,6020_5,6804,6804_5,396,11,14.466666666666583,13:35:30,13:46:37,13
6020_5__6804_5,6020,6020_5,6804,6804_5,1253,12,16.216666666666697,13:35:30,13:46:37,13
6020_5__6804_5,6020,6020_5,6804,6804_5,1554,13,15.700000000000045,13:35:30,13:46:37,13
6020_5__6804_5,6020,6020_5,6804,6804_5,1099,14,16.316666666666606,13:35:30,13:46:37,13
6020_5__6804_5,6020,6020_5,6804,6804_5,168,15,15.900000000000091,13:35:30,13:46:37,13
6020_5__6804_5,6020,6020_5,6804,6804_5,929,16,16.133333333333326,13:35:30,13:46:37,13
6020_5__6804_5,6020,6020_5,6804,6804_5,94,17,16.333333333333258,13:35:30,13:46:37,13
6020_5__6804_5,6020,6020_5,6804,6804_5,1080,18,15.366666666666674,13:35:30,13:46:37,13
6020_5__6804_5,6020,6020_5,6804,6804_5,146,19,15.950000000000045,13:35:30,13:46:37,13
6020_5__6804_5,6020,6020_5,6804,6804_5,1089,20,17.25,13:35:30,13:46:37,13
6020_5__6804_5,6020,6020_5,6804,6804_5,213,21,17.350000000000023,13:35:30,13:46:37,13
6020_5__6804_5,6020,6020_5,6804,6804_5,3907,22,17.75,13:35:30,13:46:37,13
6020_5__6804_5,6020,6020_5,6804,6804_5,949,23,17.200000000000045,13:35:30,13:46:37,13
6020_5__6804_5,6020,6020_5,6804,6804_5,913,24,17.01666666666665,13:35:30,13:46:37,13
6020_5__6804_5,6020,6020_5,6804,6804_5,307,25,17.200000000000045,13:35:30,13:46:37,13
6020_5__6804_5,6020,6020_5,6804,6804_5,212,26,17.183333333333394,13:35:30,13:46:37,13
6020_5__6804_5,6020,6020_5,6804,6804_5,2665,27,17.75,13:35:30,13:46:37,13
6020_5__6804_5,6020,6020_5,6804,6804_5,2736,28,16.73333333333335,13:35:30,13:46:37,13
6020_5__6804_5,6020,6020_5,6804,6804_5,705,29,16.299999999999955,13:35:30,13:46:37,13
6020_5__6804_5,6020,6020_5,6804,6804_5,9979,30,16.466666666666583,13:35:30,13:46:37,13
6020_5__6804_5,6020,6020_5,6804,6804_5,2492,31,16.050000000000068,13:35:30,13:46:37,13
6020_5__6804_5,6020,6020_5,6804,6804_5,946,32,16.366666666666674,13:35:30,13:46:37,13
6020_5__6804_5,6020,6020_5,6804,6804_5,947,33,16.600000000000023,13:35:30,13:46:37,13
6020_5__6804_5,6020,6020_5,6804,6804_5,327,34,16.43333333333328,13:35:30,13:46:37,13
6020_5__6804_5,6020,6020_5,6804,6804_5,3284,35,17.36666666666656,13:35:30,13:46:37,13
6020_5__6804_5,6020,6020_5,6804,6804_5,3282,36,17.083333333333258,13:35:30,13:46:37,13
6020_5__6804_5,6020,6020_5,6804,6804_5,2583,37,16.66666666666663,13:35:30,13:46:37,13
6020_5__6804_5,6020,6020_5,6804,6804_5,2590,38,16.81666666666672,13:35:30,13:46:37,13
6020_5__6804_5,6020,6020_5,6804,6804_5,603,39,17.216666666666697,13:35:30,13:46:37,13
6020_6__6804_6,6020,6020_6,6804,6804_6,3797,1,13.016666666666652,16:19:59,16:33:00,16
6020_6__6804_6,6020,6020_6,6804,6804_6,2984,2,13.566666666666606,16:19:59,16:33:00,16
6020_6__6804_6,6020,6020_6,6804,6804_6,2685,3,14.68333333333328,16:19:59,16:33:00,16
6020_6__6804_6,6020,6020_6,6804,6804_6,3649,4,15.0,16:19:59,16:33:00,16
6020_6__6804_6,6020,6020_6,6804,6804_6,3747,5,14.283333333333417,16:19:59,16:33:00,16
6020_6__6804_6,6020,6020_6,6804,6804_6,482,6,14.933333333333394,16:19:59,16:33:00,16
6020_6__6804_6,6020,6020_6,6804,6804_6,709,7,13.849999999999909,16:19:59,16:33:00,16
6020_6__6804_6,6020,6020_6,6804,6804_6,1577,8,15.600000000000023,16:19:59,16:33:00,16
6020_6__6804_6,6020,6020_6,6804,6804_6,990,9,16.25,16:19:59,16:33:00,16
6020_6__6804_6,6020,6020_6,6804,6804_6,109,10,15.949999999999932,16:19:59,16:33:00,16
6020_6__6804_6,6020,6020_6,6804,6804_6,396,11,15.61666666666656,16:19:59,16:33:00,16
6020_6__6804_6,6020,6020_6,6804,6804_6,1253,12,16.100000000000023,16:19:59,16:33:00,16
6020_6__6804_6,6020,6020_6,6804,6804_6,1554,13,16.0,16:19:59,16:33:00,16
6020_6__6804_6,6020,6020_6,6804,6804_6,1099,14,15.766666666666765,16:19:59,16:33:00,16
6020_6__6804_6,6020,6020_6,6804,6804_6,168,15,16.366666666666674,16:19:59,16:33:00,16
6020_6__6804_6,6020,6020_6,6804,6804_6,929,16,15.933333333333394,16:19:59,16:33:00,16
6020_6__6804_6,6020,6020_6,6804,6804_6,94,17,16.23333333333335,16:19:59,16:33:00,16
6020_6__6804_6,6020,6020_6,6804,6804_6,1080,18,16.199999999999932,16:19:59,16:33:00,16
6020_6__6804_6,6020,6020_6,6804,6804_6,146,19,15.783333333333417,16:19:59,16:33:00,16
6020_6__6804_6,6020,6020_6,6804,6804_6,1089,20,15.366666666666788,16:19:59,16:33:00,16
6020_6__6804_6,6020,6020_6,6804,6804_6,213,21,15.366666666666674,16:19:59,16:33:00,16
6020_6__6804_6,6020,6020_6,6804,6804_6,3907,22,16.13333333333344,16:19:59,16:33:00,16
6020_6__6804_6,6020,6020_6,6804,6804_6,949,23,15.883333333333326,16:19:59,16:33:00,16
6020_6__6804_6,6020,6020_6,6804,6804_6,913,24,14.81666666666672,16:19:59,16:33:00,16
6020_6__6804_6,6020,6020_6,6804,6804_6,307,25,16.666666666666515,16:19:59,16:33:00,16
6020_6__6804_6,6020,6020_6,6804,6804_6,212,26,16.133333333333212,16:19:59,16:33:00,16
6020_6__6804_6,6020,6020_6,6804,6804_6,2665,27,14.766666666666652,16:19:59,16:33:00,16
6020_6__6804_6,6020,6020_6,6804,6804_6,2736,28,14.700000000000045,16:19:59,16:33:00,16
6020_6__6804_6,6020,6020_6,6804,6804_6,705,29,14.866666666666788,16:19:59,16:33:00,16
6020_6__6804_6,6020,6020_6,6804,6804_6,9979,30,14.033333333333303,16:19:59,16:33:00,16
6020_6__6804_6,6020,6020_6,6804,6804_6,2492,31,14.066666666666833,16:19:59,16:33:00,16
6020_6__6804_6,6020,6020_6,6804,6804_6,946,32,14.38333333333344,16:19:59,16:33:00,16
6020_6__6804_6,6020,6020_6,6804,6804_6,947,33,13.483333333333348,16:19:59,16:33:00,16
6020_6__6804_6,6020,6020_6,6804,6804_6,327,34,13.883333333333212,16:19:59,16:33:00,16
6020_6__6804_6,6020,6020_6,6804,6804_6,3284,35,13.13333333333344,16:19:59,16:33:00,16
6020_6__6804_6,6020,6020_6,6804,6804_6,3282,36,14.033333333333303,16:19:59,16:33:00,16
6020_6__6804_6,6020,6020_6,6804,6804_6,2583,37,13.349999999999909,16:19:59,16:33:00,16
6020_6__6804_6,6020,6020_6,6804,6804_6,2590,38,14.283333333333303,16:19:59,16:33:00,16
6020_6__6804_6,6020,6020_6,6804,6804_6,603,39,14.183333333333394,16:19:59,16:33:00,16
6028_1__6020_4,6028,6028_1,6020,6020_4,3649,4,9.633333333333326,10:46:00,10:55:38,10
6028_1__6020_4,6028,6028_1,6020,6020_4,3747,5,10.016666666666652,10:46:00,10:55:38,10
6028_1__6020_4,6028,6028_1,6020,6020_4,482,6,9.283333333333303,10:46:00,10:55:38,10
6028_1__6020_4,6028,6028_1,6020,6020_4,709,7,8.666666666666629,10:46:00,10:55:38,10
6028_1__6020_4,6028,6028_1,6020,6020_4,1577,8,11.049999999999955,10:46:00,10:55:38,10
6028_1__6020_4,6028,6028_1,6020,6020_4,990,9,10.116666666666674,10:46:00,10:55:38,10
6028_1__6020_4,6028,6028_1,6020,6020_4,109,10,9.983333333333348,10:46:00,10:55:38,10
6028_1__6020_4,6028,6028_1,6020,6020_4,396,11,10.283333333333417,10:46:00,10:55:38,10
6028_1__6020_4,6028,6028_1,6020,6020_4,1253,12,9.5,10:46:00,10:55:38,10
6028_1__6020_4,6028,6028_1,6020,6020_4,1554,13,8.466666666666583,10:46:00,10:55:38,10
6028_1__6020_4,6028,6028_1,6020,6020_4,1099,14,7.9166666666667425,10:46:00,10:55:38,10
6028_1__6020_4,6028,6028_1,6020,6020_4,168,15,9.533333333333303,10:46:00,10:55:38,10
6028_1__6020_4,6028,6028_1,6020,6020_4,929,16,9.5,10:46:00,10:55:38,10
6028_1__6020_4,6028,6028_1,6020,6020_4,94,17,9.449999999999932,10:46:00,10:55:38,10
6028_1__6020_4,6028,6028_1,6020,6020_4,1080,18,9.81666666666672,10:46:00,10:55:38,10
6028_1__6020_4,6028,6028_1,6020,6020_4,146,19,8.833333333333371,10:46:00,10:55:38,10
6028_1__6020_4,6028,6028_1,6020,6020_4,1089,20,9.450000000000045,10:46:00,10:55:38,10
6028_1__6020_4,6028,6028_1,6020,6020_4,213,21,7.949999999999932,10:46:00,10:55:38,10
6028_1__6020_4,6028,6028_1,6020,6020_4,3907,22,8.383333333333326,10:46:00,10:55:38,10
6028_1__6020_4,6028,6028_1,6020,6020_4,949,23,7.983333333333235,10:46:00,10:55:38,10
6028_1__6020_4,6028,6028_1,6020,6020_4,913,24,7.266666666666765,10:46:00,10:55:38,10
6028_1__6020_4,6028,6028_1,6020,6020_4,307,25,7.5,10:46:00,10:55:38,10
6028_1__6020_4,6028,6028_1,6020,6020_4,212,26,6.883333333333326,10:46:00,10:55:38,10
6028_1__6020_4,6028,6028_1,6020,6020_4,2665,27,7.2000000000000455,10:46:00,10:55:38,10
6028_1__6020_4,6028,6028_1,6020,6020_4,2736,28,7.0166666666666515,10:46:00,10:55:38,10
6028_1__6020_4,6028,6028_1,6020,6020_4,705,29,7.7333333333333485,10:46:00,10:55:38,10
6028_1__6020_4,6028,6028_1,6020,6020_4,9979,30,7.683333333333394,10:46:00,10:55:38,10
6028_1__6020_4,6028,6028_1,6020,6020_4,2492,31,7.166666666666629,10:46:00,10:55:38,10
6028_1__6020_4,6028,6028_1,6020,6020_4,946,32,5.033333333333303,10:46:00,10:55:38,10
6028_1__6020_4,6028,6028_1,6020,6020_4,947,33,6.583333333333371,10:46:00,10:55:38,10
6028_1__6020_4,6028,6028_1,6020,6020_4,327,34,6.4500000000000455,10:46:00,10:55:38,10
6028_1__6020_4,6028,6028_1,6020,6020_4,3284,35,6.116666666666674,10:46:00,10:55:38,10
6028_1__6020_4,6028,6028_1,6020,6020_4,3282,36,5.916666666666629,10:46:00,10:55:38,10
6028_1__6020_4,6028,6028_1,6020,6020_4,2583,37,6.550000000000068,10:46:00,10:55:38,10
6028_1__6020_4,6028,6028_1,6020,6020_4,2590,38,5.850000000000023,10:46:00,10:55:38,10
6028_1__6020_4,6028,6028_1,6020,6020_4,603,39,4.866666666666674,10:46:00,10:55:38,10
6028_2__6020_5,6028,6028_2,6020,6020_5,3797,1,11.983333333333348,13:22:00,13:33:59,13
6028_2__6020_5,6028,6028_2,6020,6020_5,2984,2,11.483333333333348,13:22:00,13:33:59,13
6028_2__6020_5,6028,6028_2,6020,6020_5,2685,3,9.399999999999977,13:22:00,13:33:59,13
6028_2__6020_5,6028,6028_2,6020,6020_5,3649,4,9.616666666666674,13:22:00,13:33:59,13
6028_2__6020_5,6028,6028_2,6020,6020_5,3747,5,10.033333333333417,13:22:00,13:33:59,13
6028_2__6020_5,6028,6028_2,6020,6020_5,482,6,9.783333333333303,13:22:00,13:33:59,13
6028_2__6020_5,6028,6028_2,6020,6020_5,709,7,9.199999999999932,13:22:00,13:33:59,13
6028_2__6020_5,6028,6028_2,6020,6020_5,1577,8,8.849999999999909,13:22:00,13:33:59,13
6028_2__6020_5,6028,6028_2,6020,6020_5,990,9,9.766666666666765,13:22:00,13:33:59,13
6028_2__6020_5,6028,6028_2,6020,6020_5,109,10,9.633333333333326,13:22:00,13:33:59,13
6028_2__6020_5,6028,6028_2,6020,6020_5,396,11,10.733333333333348,13:22:00,13:33:59,13
6028_2__6020_5,6028,6028_2,6020,6020_5,1253,12,9.416666666666629,13:22:00,13:33:59,13
6028_2__6020_5,6028,6028_2,6020,6020_5,1554,13,10.149999999999977,13:22:00,13:33:59,13
6028_2__6020_5,6028,6028_2,6020,6020_5,1099,14,9.81666666666672,13:22:00,13:33:59,13
6028_2__6020_5,6028,6028_2,6020,6020_5,168,15,10.566666666666606,13:22:00,13:33:59,13
6028_2__6020_5,6028,6028_2,6020,6020_5,929,16,10.200000000000045,13:22:00,13:33:59,13
6028_2__6020_5,6028,6028_2,6020,6020_5,94,17,9.850000000000023,13:22:00,13:33:59,13
6028_2__6020_5,6028,6028_2,6020,6020_5,1080,18,10.100000000000023,13:22:00,13:33:59,13
6028_2__6020_5,6028,6028_2,6020,6020_5,146,19,8.43333333333328,13:22:00,13:33:59,13
6028_2__6020_5,6028,6028_2,6020,6020_5,1089,20,8.25,13:22:00,13:33:59,13
6028_2__6020_5,6028,6028_2,6020,6020_5,213,21,6.399999999999977,13:22:00,13:33:59,13
6028_2__6020_5,6028,6028_2,6020,6020_5,3907,22,6.133333333333326,13:22:00,13:33:59,13
6028_2__6020_5,6028,6028_2,6020,6020_5,949,23,6.216666666666697,13:22:00,13:33:59,13
6028_2__6020_5,6028,6028_2,6020,6020_5,913,24,7.133333333333326,13:22:00,13:33:59,13
6028_2__6020_5,6028,6028_2,6020,6020_5,307,25,7.0499999999999545,13:22:00,13:33:59,13
6028_2__6020_5,6028,6028_2,6020,6020_5,212,26,7.533333333333303,13:22:00,13:33:59,13
6028_2__6020_5,6028,6028_2,6020,6020_5,2665,27,7.383333333333326,13:22:00,13:33:59,13
6028_2__6020_5,6028,6028_2,6020,6020_5,2736,28,7.350000000000023,13:22:00,13:33:59,13
6028_2__6020_5,6028,6028_2,6020,6020_5,705,29,8.100000000000023,13:22:00,13:33:59,13
6028_2__6020_5,6028,6028_2,6020,6020_5,9979,30,7.6666666666667425,13:22:00,13:33:59,13
6028_2__6020_5,6028,6028_2,6020,6020_5,2492,31,7.5166666666666515,13:22:00,13:33:59,13
6028_2__6020_5,6028,6028_2,6020,6020_5,946,32,7.4166666666667425,13:22:00,13:33:59,13
6028_2__6020_5,6028,6028_2,6020,6020_5,947,33,6.466666666666697,13:22:00,13:33:59,13
6028_2__6020_5,6028,6028_2,6020,6020_5,327,34,6.399999999999977,13:22:00,13:33:59,13
6028_2__6020_5,6028,6028_2,6020,6020_5,3284,35,6.4500000000000455,13:22:00,13:33:59,13
6028_2__6020_5,6028,6028_2,6020,6020_5,3282,36,6.366666666666674,13:22:00,13:33:59,13
6028_2__6020_5,6028,6028_2,6020,6020_5,2583,37,6.716666666666697,13:22:00,13:33:59,13
6028_2__6020_5,6028,6028_2,6020,6020_5,2590,38,7.0499999999999545,13:22:00,13:33:59,13
6028_2__6020_5,6028,6028_2,6020,6020_5,603,39,7.0166666666666515,13:22:00,13:33:59,13
6028_3__6020_6,6028,6028_3,6020,6020_6,3797,1,13.983333333333348,16:06:00,16:19:59,16
6028_3__6020_6,6028,6028_3,6020,6020_6,2984,2,14.616666666666674,16:06:00,16:19:59,16
6028_3__6020_6,6028,6028_3,6020,6020_6,2685,3,13.649999999999977,16:06:00,16:19:59,16
6028_3__6020_6,6028,6028_3,6020,6020_6,3649,4,13.516666666666652,16:06:00,16:19:59,16
6028_3__6020_6,6028,6028_3,6020,6020_6,3747,5,14.849999999999909,16:06:00,16:19:59,16
6028_3__6020_6,6028,6028_3,6020,6020_6,482,6,14.066666666666606,16:06:00,16:19:59,16
6028_3__6020_6,6028,6028_3,6020,6020_6,709,7,15.050000000000068,16:06:00,16:19:59,16
6028_3__6020_6,6028,6028_3,6020,6020_6,1577,8,12.949999999999932,16:06:00,16:19:59,16
6028_3__6020_6,6028,6028_3,6020,6020_6,990,9,12.733333333333348,16:06:00,16:19:59,16
6028_3__6020_6,6028,6028_3,6020,6020_6,109,10,12.583333333333371,16:06:00,16:19:59,16
6028_3__6020_6,6028,6028_3,6020,6020_6,396,11,12.833333333333371,16:06:00,16:19:59,16
6028_3__6020_6,6028,6028_3,6020,6020_6,1253,12,13.349999999999909,16:06:00,16:19:59,16
6028_3__6020_6,6028,6028_3,6020,6020_6,1554,13,14.233333333333348,16:06:00,16:19:59,16
6028_3__6020_6,6028,6028_3,6020,6020_6,1099,14,15.199999999999932,16:06:00,16:19:59,16
6028_3__6020_6,6028,6028_3,6020,6020_6,168,15,14.549999999999955,16:06:00,16:19:59,16
6028_3__6020_6,6028,6028_3,6020,6020_6,929,16,15.133333333333326,16:06:00,16:19:59,16
6028_3__6020_6,6028,6028_3,6020,6020_6,94,17,14.683333333333394,16:06:00,16:19:59,16
6028_3__6020_6,6028,6028_3,6020,6020_6,1080,18,14.266666666666652,16:06:00,16:19:59,16
6028_3__6020_6,6028,6028_3,6020,6020_6,146,19,14.5,16:06:00,16:19:59,16
6028_3__6020_6,6028,6028_3,6020,6020_6,1089,20,12.93333333333328,16:06:00,16:19:59,16
6028_3__6020_6,6028,6028_3,6020,6020_6,213,21,13.300000000000068,16:06:00,16:19:59,16
6028_3__6020_6,6028,6028_3,6020,6020_6,3907,22,12.333333333333258,16:06:00,16:19:59,16
6028_3__6020_6,6028,6028_3,6020,6020_6,949,23,12.833333333333258,16:06:00,16:19:59,16
6028_3__6020_6,6028,6028_3,6020,6020_6,913,24,13.833333333333371,16:06:00,16:19:59,16
6028_3__6020_6,6028,6028_3,6020,6020_6,307,25,13.700000000000045,16:06:00,16:19:59,16
6028_3__6020_6,6028,6028_3,6020,6020_6,212,26,13.866666666666674,16:06:00,16:19:59,16
6028_3__6020_6,6028,6028_3,6020,6020_6,2665,27,14.049999999999955,16:06:00,16:19:59,16
6028_3__6020_6,6028,6028_3,6020,6020_6,2736,28,13.416666666666629,16:06:00,16:19:59,16
6028_3__6020_6,6028,6028_3,6020,6020_6,705,29,14.733333333333235,16:06:00,16:19:59,16
6028_3__6020_6,6028,6028_3,6020,6020_6,9979,30,15.133333333333326,16:06:00,16:19:59,16
6028_3__6020_6,6028,6028_3,6020,6020_6,2492,31,14.966666666666583,16:06:00,16:19:59,16
6028_3__6020_6,6028,6028_3,6020,6020_6,946,32,14.650000000000091,16:06:00,16:19:59,16
6028_3__6020_6,6028,6028_3,6020,6020_6,947,33,15.049999999999955,16:06:00,16:19:59,16
6028_3__6020_6,6028,6028_3,6020,6020_6,327,34,13.900000000000091,16:06:00,16:19:59,16
6028_3__6020_6,6028,6028_3,6020,6020_6,3284,35,14.016666666666652,16:06:00,16:19:59,16
6028_3__6020_6,6028,6028_3,6020,6020_6,3282,36,13.38333333333344,16:06:00,16:19:59,16
6028_3__6020_6,6028,6028_3,6020,6020_6,2583,37,13.816666666666833,16:06:00,16:19:59,16
6028_3__6020_6,6028,6028_3,6020,6020_6,2590,38,13.866666666666788,16:06:00,16:19:59,16
6028_3__6020_6,6028,6028_3,6020,6020_6,603,39,13.066666666666606,16:06:00,16:19:59,16
6072_1__6028_1,6072,6072_1,6028,6028_1,3649,4,12.466666666666697,10:33:32,10:46:00,10
6072_1__6028_1,6072,6072_1,6028,6028_1,3747,5,14.06666666666672,10:33:32,10:46:00,10
6072_1__6028_1,6072,6072_1,6028,6028_1,482,6,14.5,10:33:32,10:46:00,10
6072_1__6028_1,6072,6072_1,6028,6028_1,709,7,12.116666666666674,10:33:32,10:46:00,10
6072_1__6028_1,6072,6072_1,6028,6028_1,1577,8,12.25,10:33:32,10:46:00,10
6072_1__6028_1,6072,6072_1,6028,6028_1,990,9,13.216666666666697,10:33:32,10:46:00,10
6072_1__6028_1,6072,6072_1,6028,6028_1,109,10,11.899999999999977,10:33:32,10:46:00,10
6072_1__6028_1,6072,6072_1,6028,6028_1,396,11,11.649999999999977,10:33:32,10:46:00,10
6072_1__6028_1,6072,6072_1,6028,6028_1,1253,12,12.133333333333326,10:33:32,10:46:00,10
6072_1__6028_1,6072,6072_1,6028,6028_1,1554,13,11.716666666666697,10:33:32,10:46:00,10
6072_1__6028_1,6072,6072_1,6028,6028_1,1099,14,13.016666666666652,10:33:32,10:46:00,10
6072_1__6028_1,6072,6072_1,6028,6028_1,168,15,11.883333333333326,10:33:32,10:46:00,10
6072_1__6028_1,6072,6072_1,6028,6028_1,929,16,12.016666666666652,10:33:32,10:46:00,10
6072_1__6028_1,6072,6072_1,6028,6028_1,94,17,12.366666666666674,10:33:32,10:46:00,10
6072_1__6028_1,6072,6072_1,6028,6028_1,1080,18,13.016666666666652,10:33:32,10:46:00,10
6072_1__6028_1,6072,6072_1,6028,6028_1,146,19,13.149999999999977,10:33:32,10:46:00,10
6072_1__6028_1,6072,6072_1,6028,6028_1,1089,20,12.666666666666629,10:33:32,10:46:00,10
6072_1__6028_1,6072,6072_1,6028,6028_1,213,21,12.966666666666697,10:33:32,10:46:00,10
6072_1__6028_1,6072,6072_1,6028,6028_1,3907,22,12.116666666666674,10:33:32,10:46:00,10
6072_1__6028_1,6072,6072_1,6028,6028_1,949,23,12.533333333333417,10:33:32,10:46:00,10
6072_1__6028_1,6072,6072_1,6028,6028_1,913,24,13.5,10:33:32,10:46:00,10
6072_1__6028_1,6072,6072_1,6028,6028_1,307,25,13.31666666666672,10:33:32,10:46:00,10
6072_1__6028_1,6072,6072_1,6028,6028_1,212,26,13.883333333333326,10:33:32,10:46:00,10
6072_1__6028_1,6072,6072_1,6028,6028_1,2665,27,12.883333333333326,10:33:32,10:46:00,10
6072_1__6028_1,6072,6072_1,6028,6028_1,2736,28,12.350000000000023,10:33:32,10:46:00,10
6072_1__6028_1,6072,6072_1,6028,6028_1,705,29,13.733333333333348,10:33:32,10:46:00,10
6072_1__6028_1,6072,6072_1,6028,6028_1,9979,30,12.716666666666583,10:33:32,10:46:00,10
6072_1__6028_1,6072,6072_1,6028,6028_1,2492,31,12.56666666666672,10:33:32,10:46:00,10
6072_1__6028_1,6072,6072_1,6028,6028_1,946,32,11.56666666666672,10:33:32,10:46:00,10
6072_1__6028_1,6072,6072_1,6028,6028_1,327,34,14.216666666666697,10:33:32,10:46:00,10
6072_1__6028_1,6072,6072_1,6028,6028_1,3284,35,13.966666666666697,10:33:32,10:46:00,10
6072_1__6028_1,6072,6072_1,6028,6028_1,3282,36,14.016666666666652,10:33:32,10:46:00,10
6072_1__6028_1,6072,6072_1,6028,6028_1,2583,37,14.600000000000023,10:33:32,10:46:00,10
6072_1__6028_1,6072,6072_1,6028,6028_1,2590,38,15.149999999999977,10:33:32,10:46:00,10
6072_1__6028_1,6072,6072_1,6028,6028_1,603,39,14.966666666666697,10:33:32,10:46:00,10
6072_2__6028_2,6072,6072_2,6028,6028_2,3797,1,12.016666666666652,13:09:59,13:22:00,13
6072_2__6028_2,6072,6072_2,6028,6028_2,2984,2,11.916666666666629,13:09:59,13:22:00,13
6072_2__6028_2,6072,6072_2,6028,6028_2,2685,3,11.866666666666674,13:09:59,13:22:00,13
6072_2__6028_2,6072,6072_2,6028,6028_2,3649,4,10.850000000000023,13:09:59,13:22:00,13
6072_2__6028_2,6072,6072_2,6028,6028_2,3747,5,11.116666666666674,13:09:59,13:22:00,13
6072_2__6028_2,6072,6072_2,6028,6028_2,482,6,11.25,13:09:59,13:22:00,13
6072_2__6028_2,6072,6072_2,6028,6028_2,709,7,10.56666666666672,13:09:59,13:22:00,13
6072_2__6028_2,6072,6072_2,6028,6028_2,1577,8,11.300000000000068,13:09:59,13:22:00,13
6072_2__6028_2,6072,6072_2,6028,6028_2,990,9,11.583333333333258,13:09:59,13:22:00,13
6072_2__6028_2,6072,6072_2,6028,6028_2,109,10,10.933333333333394,13:09:59,13:22:00,13
6072_2__6028_2,6072,6072_2,6028,6028_2,396,11,9.666666666666742,13:09:59,13:22:00,13
6072_2__6028_2,6072,6072_2,6028,6028_2,1253,12,9.533333333333303,13:09:59,13:22:00,13
6072_2__6028_2,6072,6072_2,6028,6028_2,1554,13,9.366666666666674,13:09:59,13:22:00,13
6072_2__6028_2,6072,6072_2,6028,6028_2,1099,14,9.533333333333303,13:09:59,13:22:00,13
6072_2__6028_2,6072,6072_2,6028,6028_2,168,15,9.81666666666672,13:09:59,13:22:00,13
6072_2__6028_2,6072,6072_2,6028,6028_2,929,16,10.75,13:09:59,13:22:00,13
6072_2__6028_2,6072,6072_2,6028,6028_2,94,17,11.083333333333371,13:09:59,13:22:00,13
6072_2__6028_2,6072,6072_2,6028,6028_2,1080,18,10.616666666666674,13:09:59,13:22:00,13
6072_2__6028_2,6072,6072_2,6028,6028_2,146,19,12.633333333333326,13:09:59,13:22:00,13
6072_2__6028_2,6072,6072_2,6028,6028_2,1089,20,13.133333333333326,13:09:59,13:22:00,13
6072_2__6028_2,6072,6072_2,6028,6028_2,213,21,14.316666666666606,13:09:59,13:22:00,13
6072_2__6028_2,6072,6072_2,6028,6028_2,3907,22,14.716666666666697,13:09:59,13:22:00,13
6072_2__6028_2,6072,6072_2,6028,6028_2,949,23,14.5,13:09:59,13:22:00,13
6072_2__6028_2,6072,6072_2,6028,6028_2,913,24,13.966666666666697,13:09:59,13:22:00,13
6072_2__6028_2,6072,6072_2,6028,6028_2,307,25,13.883333333333326,13:09:59,13:22:00,13
6072_2__6028_2,6072,6072_2,6028,6028_2,212,26,13.350000000000023,13:09:59,13:22:00,13
6072_2__6028_2,6072,6072_2,6028,6028_2,2665,27,13.966666666666697,13:09:59,13:22:00,13
6072_2__6028_2,6072,6072_2,6028,6028_2,2736,28,14.433333333333394,13:09:59,13:22:00,13
6072_2__6028_2,6072,6072_2,6028,6028_2,705,29,14.116666666666674,13:09:59,13:22:00,13
6072_2__6028_2,6072,6072_2,6028,6028_2,9979,30,14.633333333333326,13:09:59,13:22:00,13
6072_2__6028_2,6072,6072_2,6028,6028_2,2492,31,14.68333333333328,13:09:59,13:22:00,13
6072_2__6028_2,6072,6072_2,6028,6028_2,946,32,15.899999999999977,13:09:59,13:22:00,13
6072_2__6028_2,6072,6072_2,6028,6028_2,947,33,15.066666666666606,13:09:59,13:22:00,13
6072_2__6028_2,6072,6072_2,6028,6028_2,327,34,16.200000000000045,13:09:59,13:22:00,13
6072_2__6028_2,6072,6072_2,6028,6028_2,3284,35,16.116666666666674,13:09:59,13:22:00,13
6072_2__6028_2,6072,6072_2,6028,6028_2,3282,36,14.950000000000045,13:09:59,13:22:00,13
6072_2__6028_2,6072,6072_2,6028,6028_2,2583,37,14.083333333333258,13:09:59,13:22:00,13
6072_2__6028_2,6072,6072_2,6028,6028_2,2590,38,13.933333333333394,13:09:59,13:22:00,13
6072_2__6028_2,6072,6072_2,6028,6028_2,603,39,13.733333333333348,13:09:59,13:22:00,13
6072_3__6028_3,6072,6072_3,6028,6028_3,3797,1,13.0,15:53:00,16:06:00,15
6072_3__6028_3,6072,6072_3,6028,6028_3,2984,2,12.883333333333326,15:53:00,16:06:00,15
6072_3__6028_3,6072,6072_3,6028,6028_3,2685,3,12.300000000000068,15:53:00,16:06:00,15
6072_3__6028_3,6072,6072_3,6028,6028_3,3649,4,11.950000000000045,15:53:00,16:06:00,15
6072_3__6028_3,6072,6072_3,6028,6028_3,3747,5,10.63333333333344,15:53:00,16:06:00,15
6072_3__6028_3,6072,6072_3,6028,6028_3,482,6,10.88333333333344,15:53:00,16:06:00,15
6072_3__6028_3,6072,6072_3,6028,6028_3,709,7,10.966666666666697,15:53:00,16:06:00,15
6072_3__6028_3,6072,6072_3,6028,6028_3,1577,8,12.283333333333417,15:53:00,16:06:00,15
6072_3__6028_3,6072,6072_3,6028,6028_3,990,9,12.483333333333348,15:53:00,16:06:00,15
6072_3__6028_3,6072,6072_3,6028,6028_3,109,10,11.233333333333348,15:53:00,16:06:00,15
6072_3__6028_3,6072,6072_3,6028,6028_3,396,11,11.550000000000068,15:53:00,16:06:00,15
6072_3__6028_3,6072,6072_3,6028,6028_3,1253,12,10.25,15:53:00,16:06:00,15
6072_3__6028_3,6072,6072_3,6028,6028_3,1554,13,9.850000000000023,15:53:00,16:06:00,15
6072_3__6028_3,6072,6072_3,6028,6028_3,1099,14,9.81666666666672,15:53:00,16:06:00,15
6072_3__6028_3,6072,6072_3,6028,6028_3,168,15,10.850000000000023,15:53:00,16:06:00,15
6072_3__6028_3,6072,6072_3,6028,6028_3,929,16,11.033333333333303,15:53:00,16:06:00,15
6072_3__6028_3,6072,6072_3,6028,6028_3,94,17,10.68333333333328,15:53:00,16:06:00,15
6072_3__6028_3,6072,6072_3,6028,6028_3,1080,18,11.383333333333326,15:53:00,16:06:00,15
6072_3__6028_3,6072,6072_3,6028,6028_3,146,19,11.533333333333303,15:53:00,16:06:00,15
6072_3__6028_3,6072,6072_3,6028,6028_3,1089,20,13.366666666666674,15:53:00,16:06:00,15
6072_3__6028_3,6072,6072_3,6028,6028_3,213,21,12.549999999999955,15:53:00,16:06:00,15
6072_3__6028_3,6072,6072_3,6028,6028_3,3907,22,12.633333333333326,15:53:00,16:06:00,15
6072_3__6028_3,6072,6072_3,6028,6028_3,949,23,12.200000000000045,15:53:00,16:06:00,15
6072_3__6028_3,6072,6072_3,6028,6028_3,913,24,12.166666666666629,15:53:00,16:06:00,15
6072_3__6028_3,6072,6072_3,6028,6028_3,307,25,11.766666666666652,15:53:00,16:06:00,15
6072_3__6028_3,6072,6072_3,6028,6028_3,212,26,12.283333333333417,15:53:00,16:06:00,15
6072_3__6028_3,6072,6072_3,6028,6028_3,2665,27,11.783333333333303,15:53:00,16:06:00,15
6072_3__6028_3,6072,6072_3,6028,6028_3,2736,28,11.600000000000023,15:53:00,16:06:00,15
6072_3__6028_3,6072,6072_3,6028,6028_3,705,29,10.016666666666765,15:53:00,16:06:00,15
6072_3__6028_3,6072,6072_3,6028,6028_3,9979,30,11.066666666666606,15:53:00,16:06:00,15
6072_3__6028_3,6072,6072_3,6028,6028_3,2492,31,9.75,15:53:00,16:06:00,15
6072_3__6028_3,6072,6072_3,6028,6028_3,946,32,9.166666666666515,15:53:00,16:06:00,15
6072_3__6028_3,6072,6072_3,6028,6028_3,947,33,10.016666666666652,15:53:00,16:06:00,15
6072_3__6028_3,6072,6072_3,6028,6028_3,327,34,10.233333333333348,15:53:00,16:06:00,15
6072_3__6028_3,6072,6072_3,6028,6028_3,3284,35,9.849999999999909,15:53:00,16:06:00,15
6072_3__6028_3,6072,6072_3,6028,6028_3,3282,36,9.799999999999955,15:53:00,16:06:00,15
6072_3__6028_3,6072,6072_3,6028,6028_3,2583,37,9.799999999999955,15:53:00,16:06:00,15
6072_3__6028_3,6072,6072_3,6028,6028_3,2590,38,7.666666666666515,15:53:00,16:06:00,15
6072_3__6028_3,6072,6072_3,6028,6028_3,603,39,7.783333333333303,15:53:00,16:06:00,15
6072_4__6028_4,6072,6072_4,6028,6028_4,2984,2,12.733333333333348,18:52:05,19:04:49,18
6072_4__6028_4,6072,6072_4,6028,6028_4,2685,3,12.833333333333258,18:52:05,19:04:49,18
6072_4__6028_4,6072,6072_4,6028,6028_4,3649,4,13.616666666666788,18:52:05,19:04:49,18
6072_4__6028_4,6072,6072_4,6028,6028_4,3747,5,14.199999999999818,18:52:05,19:04:49,18
6072_4__6028_4,6072,6072_4,6028,6028_4,482,6,13.533333333333303,18:52:05,19:04:49,18
6072_4__6028_4,6072,6072_4,6028,6028_4,709,7,12.766666666666652,18:52:05,19:04:49,18
6072_4__6028_4,6072,6072_4,6028,6028_4,1577,8,15.11666666666656,18:52:05,19:04:49,18
6072_4__6028_4,6072,6072_4,6028,6028_4,990,9,14.383333333333212,18:52:05,19:04:49,18
6072_4__6028_4,6072,6072_4,6028,6028_4,109,10,13.833333333333485,18:52:05,19:04:49,18
6072_4__6028_4,6072,6072_4,6028,6028_4,396,11,12.549999999999955,18:52:05,19:04:49,18
6072_4__6028_4,6072,6072_4,6028,6028_4,1253,12,13.166666666666742,18:52:05,19:04:49,18
6072_4__6028_4,6072,6072_4,6028,6028_4,1554,13,12.733333333333348,18:52:05,19:04:49,18
6072_4__6028_4,6072,6072_4,6028,6028_4,1099,14,13.099999999999909,18:52:05,19:04:49,18
6072_4__6028_4,6072,6072_4,6028,6028_4,168,15,11.366666666666788,18:52:05,19:04:49,18
6072_4__6028_4,6072,6072_4,6028,6028_4,929,16,11.466666666666697,18:52:05,19:04:49,18
6072_4__6028_4,6072,6072_4,6028,6028_4,94,17,11.733333333333348,18:52:05,19:04:49,18
6072_4__6028_4,6072,6072_4,6028,6028_4,1080,18,11.049999999999955,18:52:05,19:04:49,18
6072_4__6028_4,6072,6072_4,6028,6028_4,146,19,11.766666666666652,18:52:05,19:04:49,18
6072_4__6028_4,6072,6072_4,6028,6028_4,1089,20,11.216666666666697,18:52:05,19:04:49,18
6072_4__6028_4,6072,6072_4,6028,6028_4,213,21,11.266666666666652,18:52:05,19:04:49,18
6072_4__6028_4,6072,6072_4,6028,6028_4,3907,22,10.899999999999864,18:52:05,19:04:49,18
6072_4__6028_4,6072,6072_4,6028,6028_4,949,23,10.75,18:52:05,19:04:49,18
6072_4__6028_4,6072,6072_4,6028,6028_4,913,24,11.516666666666652,18:52:05,19:04:49,18
6072_4__6028_4,6072,6072_4,6028,6028_4,307,25,11.75,18:52:05,19:04:49,18
6072_4__6028_4,6072,6072_4,6028,6028_4,212,26,9.733333333333348,18:52:05,19:04:49,18
6072_4__6028_4,6072,6072_4,6028,6028_4,2665,27,9.300000000000182,18:52:05,19:04:49,18
6072_4__6028_4,6072,6072_4,6028,6028_4,2736,28,8.733333333333348,18:52:05,19:04:49,18
6072_4__6028_4,6072,6072_4,6028,6028_4,705,29,7.533333333333303,18:52:05,19:04:49,18
6072_4__6028_4,6072,6072_4,6028,6028_4,9979,30,7.816666666666833,18:52:05,19:04:49,18
6072_4__6028_4,6072,6072_4,6028,6028_4,2492,31,6.8333333333332575,18:52:05,19:04:49,18
6072_4__6028_4,6072,6072_4,6028,6028_4,946,32,6.816666666666606,18:52:05,19:04:49,18
6072_4__6028_4,6072,6072_4,6028,6028_4,947,33,6.3333333333332575,18:52:05,19:04:49,18
6072_4__6028_4,6072,6072_4,6028,6028_4,327,34,6.599999999999909,18:52:05,19:04:49,18
6072_4__6028_4,6072,6072_4,6028,6028_4,3284,35,7.316666666666606,18:52:05,19:04:49,18
6072_4__6028_4,6072,6072_4,6028,6028_4,3282,36,6.800000000000182,18:52:05,19:04:49,18
6072_4__6028_4,6072,6072_4,6028,6028_4,2583,37,5.933333333333167,18:52:05,19:04:49,18
6072_4__6028_4,6072,6072_4,6028,6028_4,2590,38,5.9833333333333485,18:52:05,19:04:49,18
6072_4__6028_4,6072,6072_4,6028,6028_4,603,39,6.716666666666697,18:52:05,19:04:49,18
6800_2__6802_1,6800,6800_2,6802,6802_1,3797,1,13.983333333333348,05:10:00,05:23:59,5
6800_2__6802_1,6800,6800_2,6802,6802_1,2984,2,10.75,05:10:00,05:23:59,5
6800_2__6802_1,6800,6800_2,6802,6802_1,2685,3,10.53333333333336,05:10:00,05:23:59,5
6800_2__6802_1,6800,6800_2,6802,6802_1,3649,4,10.866666666666674,05:10:00,05:23:59,5
6800_2__6802_1,6800,6800_2,6802,6802_1,3747,5,10.949999999999989,05:10:00,05:23:59,5
6800_2__6802_1,6800,6800_2,6802,6802_1,482,6,10.883333333333326,05:10:00,05:23:59,5
6800_2__6802_1,6800,6800_2,6802,6802_1,709,7,10.383333333333326,05:10:00,05:23:59,5
6800_2__6802_1,6800,6800_2,6802,6802_1,1577,8,9.616666666666674,05:10:00,05:23:59,5
6800_2__6802_1,6800,6800_2,6802,6802_1,990,9,10.166666666666686,05:10:00,05:23:59,5
6800_2__6802_1,6800,6800_2,6802,6802_1,109,10,9.150000000000034,05:10:00,05:23:59,5
6800_2__6802_1,6800,6800_2,6802,6802_1,396,11,9.800000000000011,05:10:00,05:23:59,5
6800_2__6802_1,6800,6800_2,6802,6802_1,1253,12,9.116666666666674,05:10:00,05:23:59,5
6800_2__6802_1,6800,6800_2,6802,6802_1,1554,13,9.733333333333292,05:10:00,05:23:59,5
6800_2__6802_1,6800,6800_2,6802,6802_1,1099,14,10.21666666666664,05:10:00,05:23:59,5
6800_2__6802_1,6800,6800_2,6802,6802_1,168,15,9.133333333333326,05:10:00,05:23:59,5
6800_2__6802_1,6800,6800_2,6802,6802_1,929,16,9.600000000000023,05:10:00,05:23:59,5
6800_2__6802_1,6800,6800_2,6802,6802_1,94,17,9.516666666666652,05:10:00,05:23:59,5
6800_2__6802_1,6800,6800_2,6802,6802_1,1080,18,9.566666666666663,05:10:00,05:23:59,5
6800_2__6802_1,6800,6800_2,6802,6802_1,146,19,9.616666666666674,05:10:00,05:23:59,5
6800_2__6802_1,6800,6800_2,6802,6802_1,1089,20,9.333333333333371,05:10:00,05:23:59,5
6800_2__6802_1,6800,6800_2,6802,6802_1,213,21,9.28333333333336,05:10:00,05:23:59,5
6800_2__6802_1,6800,6800_2,6802,6802_1,3907,22,10.300000000000011,05:10:00,05:23:59,5
6800_2__6802_1,6800,6800_2,6802,6802_1,949,23,9.816666666666663,05:10:00,05:23:59,5
6800_2__6802_1,6800,6800_2,6802,6802_1,913,24,11.183333333333337,05:10:00,05:23:59,5
6800_2__6802_1,6800,6800_2,6802,6802_1,307,25,10.983333333333348,05:10:00,05:23:59,5
6800_2__6802_1,6800,6800_2,6802,6802_1,212,26,10.116666666666617,05:10:00,05:23:59,5
6800_2__6802_1,6800,6800_2,6802,6802_1,2665,27,10.5,05:10:00,05:23:59,5
6800_2__6802_1,6800,6800_2,6802,6802_1,2736,28,10.5,05:10:00,05:23:59,5
6800_2__6802_1,6800,6800_2,6802,6802_1,705,29,9.766666666666652,05:10:00,05:23:59,5
6800_2__6802_1,6800,6800_2,6802,6802_1,9979,30,10.25,05:10:00,05:23:59,5
6800_2__6802_1,6800,6800_2,6802,6802_1,2492,31,9.866666666666674,05:10:00,05:23:59,5
6800_2__6802_1,6800,6800_2,6802,6802_1,946,32,8.983333333333348,05:10:00,05:23:59,5
6800_2__6802_1,6800,6800_2,6802,6802_1,947,33,8.949999999999989,05:10:00,05:23:59,5
6800_2__6802_1,6800,6800_2,6802,6802_1,327,34,8.483333333333348,05:10:00,05:23:59,5
6800_2__6802_1,6800,6800_2,6802,6802_1,3284,35,7.300000000000011,05:10:00,05:23:59,5
6800_2__6802_1,6800,6800_2,6802,6802_1,3282,36,7.649999999999977,05:10:00,05:23:59,5
6800_2__6802_1,6800,6800_2,6802,6802_1,2583,37,7.216666666666697,05:10:00,05:23:59,5
6800_2__6802_1,6800,6800_2,6802,6802_1,2590,38,7.53333333333336,05:10:00,05:23:59,5
6800_2__6802_1,6800,6800_2,6802,6802_1,603,39,7.400000000000034,05:10:00,05:23:59,5
6800_4__6072_1,6800,6800_4,6072,6072_1,3797,1,12.983333333333348,10:12:00,10:24:59,10
6800_4__6072_1,6800,6800_4,6072,6072_1,2984,2,14.216666666666583,10:12:00,10:24:59,10
6800_4__6072_1,6800,6800_4,6072,6072_1,2685,3,14.466666666666583,10:12:00,10:24:59,10
6800_4__6072_1,6800,6800_4,6072,6072_1,3649,4,15.049999999999955,10:12:00,10:24:59,10
6800_4__6072_1,6800,6800_4,6072,6072_1,3747,5,13.483333333333348,10:12:00,10:24:59,10
6800_4__6072_1,6800,6800_4,6072,6072_1,482,6,12.716666666666697,10:12:00,10:24:59,10
6800_4__6072_1,6800,6800_4,6072,6072_1,709,7,14.466666666666697,10:12:00,10:24:59,10
6800_4__6072_1,6800,6800_4,6072,6072_1,1577,8,13.649999999999977,10:12:00,10:24:59,10
6800_4__6072_1,6800,6800_4,6072,6072_1,990,9,11.11666666666656,10:12:00,10:24:59,10
6800_4__6072_1,6800,6800_4,6072,6072_1,109,10,12.799999999999955,10:12:00,10:24:59,10
6800_4__6072_1,6800,6800_4,6072,6072_1,396,11,15.0,10:12:00,10:24:59,10
6800_4__6072_1,6800,6800_4,6072,6072_1,1253,12,14.466666666666583,10:12:00,10:24:59,10
6800_4__6072_1,6800,6800_4,6072,6072_1,1554,13,15.683333333333394,10:12:00,10:24:59,10
6800_4__6072_1,6800,6800_4,6072,6072_1,1099,14,14.533333333333303,10:12:00,10:24:59,10
6800_4__6072_1,6800,6800_4,6072,6072_1,168,15,13.616666666666674,10:12:00,10:24:59,10
6800_4__6072_1,6800,6800_4,6072,6072_1,929,16,12.983333333333348,10:12:00,10:24:59,10
6800_4__6072_1,6800,6800_4,6072,6072_1,94,17,11.25,10:12:00,10:24:59,10
6800_4__6072_1,6800,6800_4,6072,6072_1,1080,18,9.366666666666674,10:12:00,10:24:59,10
6800_4__6072_1,6800,6800_4,6072,6072_1,146,19,10.25,10:12:00,10:24:59,10
6800_4__6072_1,6800,6800_4,6072,6072_1,1089,20,10.883333333333326,10:12:00,10:24:59,10
6800_4__6072_1,6800,6800_4,6072,6072_1,213,21,11.216666666666697,10:12:00,10:24:59,10
6800_4__6072_1,6800,6800_4,6072,6072_1,3907,22,11.783333333333303,10:12:00,10:24:59,10
6800_4__6072_1,6800,6800_4,6072,6072_1,949,23,11.449999999999932,10:12:00,10:24:59,10
6800_4__6072_1,6800,6800_4,6072,6072_1,913,24,11.416666666666629,10:12:00,10:24:59,10
6800_4__6072_1,6800,6800_4,6072,6072_1,307,25,10.866666666666674,10:12:00,10:24:59,10
6800_4__6072_1,6800,6800_4,6072,6072_1,212,26,10.100000000000023,10:12:00,10:24:59,10
6800_4__6072_1,6800,6800_4,6072,6072_1,2665,27,10.5,10:12:00,10:24:59,10
6800_4__6072_1,6800,6800_4,6072,6072_1,2736,28,9.5,10:12:00,10:24:59,10
6800_4__6072_1,6800,6800_4,6072,6072_1,705,29,7.416666666666629,10:12:00,10:24:59,10
6800_4__6072_1,6800,6800_4,6072,6072_1,9979,30,8.516666666666652,10:12:00,10:24:59,10
6800_4__6072_1,6800,6800_4,6072,6072_1,2492,31,8.899999999999977,10:12:00,10:24:59,10
6800_4__6072_1,6800,6800_4,6072,6072_1,946,32,11.399999999999977,10:12:00,10:24:59,10
6800_4__6072_1,6800,6800_4,6072,6072_1,327,34,8.100000000000023,10:12:00,10:24:59,10
6800_4__6072_1,6800,6800_4,6072,6072_1,3284,35,8.033333333333303,10:12:00,10:24:59,10
6800_4__6072_1,6800,6800_4,6072,6072_1,3282,36,6.25,10:12:00,10:24:59,10
6800_4__6072_1,6800,6800_4,6072,6072_1,2583,37,4.149999999999977,10:12:00,10:24:59,10
6800_4__6072_1,6800,6800_4,6072,6072_1,2590,38,2.8500000000000227,10:12:00,10:24:59,10
6800_4__6072_1,6800,6800_4,6072,6072_1,603,39,3.283333333333303,10:12:00,10:24:59,10
6800_5__6072_2,6800,6800_5,6072,6072_2,3797,1,12.0,12:57:59,13:09:59,12
6800_5__6072_2,6800,6800_5,6072,6072_2,2984,2,13.5,12:57:59,13:09:59,12
6800_5__6072_2,6800,6800_5,6072,6072_2,2685,3,14.416666666666629,12:57:59,13:09:59,12
6800_5__6072_2,6800,6800_5,6072,6072_2,3649,4,15.583333333333371,12:57:59,13:09:59,12
6800_5__6072_2,6800,6800_5,6072,6072_2,3747,5,14.599999999999909,12:57:59,13:09:59,12
6800_5__6072_2,6800,6800_5,6072,6072_2,482,6,14.016666666666652,12:57:59,13:09:59,12
6800_5__6072_2,6800,6800_5,6072,6072_2,709,7,14.966666666666583,12:57:59,13:09:59,12
6800_5__6072_2,6800,6800_5,6072,6072_2,1577,8,12.883333333333326,12:57:59,13:09:59,12
6800_5__6072_2,6800,6800_5,6072,6072_2,990,9,12.033333333333417,12:57:59,13:09:59,12
6800_5__6072_2,6800,6800_5,6072,6072_2,109,10,12.5,12:57:59,13:09:59,12
6800_5__6072_2,6800,6800_5,6072,6072_2,396,11,13.799999999999955,12:57:59,13:09:59,12
6800_5__6072_2,6800,6800_5,6072,6072_2,1253,12,13.983333333333348,12:57:59,13:09:59,12
6800_5__6072_2,6800,6800_5,6072,6072_2,1554,13,13.200000000000045,12:57:59,13:09:59,12
6800_5__6072_2,6800,6800_5,6072,6072_2,1099,14,12.700000000000045,12:57:59,13:09:59,12
6800_5__6072_2,6800,6800_5,6072,6072_2,168,15,13.349999999999909,12:57:59,13:09:59,12
6800_5__6072_2,6800,6800_5,6072,6072_2,929,16,12.883333333333326,12:57:59,13:09:59,12
6800_5__6072_2,6800,6800_5,6072,6072_2,94,17,12.883333333333326,12:57:59,13:09:59,12
6800_5__6072_2,6800,6800_5,6072,6072_2,1080,18,13.199999999999932,12:57:59,13:09:59,12
6800_5__6072_2,6800,6800_5,6072,6072_2,146,19,12.850000000000023,12:57:59,13:09:59,12
6800_5__6072_2,6800,6800_5,6072,6072_2,1089,20,12.666666666666629,12:57:59,13:09:59,12
6800_5__6072_2,6800,6800_5,6072,6072_2,213,21,12.450000000000045,12:57:59,13:09:59,12
6800_5__6072_2,6800,6800_5,6072,6072_2,3907,22,13.083333333333371,12:57:59,13:09:59,12
6800_5__6072_2,6800,6800_5,6072,6072_2,949,23,12.883333333333326,12:57:59,13:09:59,12
6800_5__6072_2,6800,6800_5,6072,6072_2,913,24,13.600000000000023,12:57:59,13:09:59,12
6800_5__6072_2,6800,6800_5,6072,6072_2,307,25,13.950000000000045,12:57:59,13:09:59,12
6800_5__6072_2,6800,6800_5,6072,6072_2,212,26,14.233333333333348,12:57:59,13:09:59,12
6800_5__6072_2,6800,6800_5,6072,6072_2,2665,27,14.583333333333371,12:57:59,13:09:59,12
6800_5__6072_2,6800,6800_5,6072,6072_2,2736,28,14.133333333333326,12:57:59,13:09:59,12
6800_5__6072_2,6800,6800_5,6072,6072_2,705,29,14.566666666666606,12:57:59,13:09:59,12
6800_5__6072_2,6800,6800_5,6072,6072_2,9979,30,14.549999999999955,12:57:59,13:09:59,12
6800_5__6072_2,6800,6800_5,6072,6072_2,2492,31,14.283333333333417,12:57:59,13:09:59,12
6800_5__6072_2,6800,6800_5,6072,6072_2,946,32,13.916666666666629,12:57:59,13:09:59,12
6800_5__6072_2,6800,6800_5,6072,6072_2,947,33,14.800000000000068,12:57:59,13:09:59,12
6800_5__6072_2,6800,6800_5,6072,6072_2,327,34,14.383333333333326,12:57:59,13:09:59,12
6800_5__6072_2,6800,6800_5,6072,6072_2,3284,35,15.166666666666629,12:57:59,13:09:59,12
6800_5__6072_2,6800,6800_5,6072,6072_2,3282,36,16.58333333333337,12:57:59,13:09:59,12
6800_5__6072_2,6800,6800_5,6072,6072_2,2583,37,18.40000000000009,12:57:59,13:09:59,12
6800_5__6072_2,6800,6800_5,6072,6072_2,2590,38,18.199999999999932,12:57:59,13:09:59,12
6800_5__6072_2,6800,6800_5,6072,6072_2,603,39,17.799999999999955,12:57:59,13:09:59,12
6800_6__6072_3,6800,6800_6,6072,6072_3,3797,1,13.016666666666652,15:39:59,15:53:00,15
6800_6__6072_3,6800,6800_6,6072,6072_3,2984,2,12.766666666666652,15:39:59,15:53:00,15
6800_6__6072_3,6800,6800_6,6072,6072_3,2685,3,13.43333333333328,15:39:59,15:53:00,15
6800_6__6072_3,6800,6800_6,6072,6072_3,3649,4,13.483333333333348,15:39:59,15:53:00,15
6800_6__6072_3,6800,6800_6,6072,6072_3,3747,5,14.36666666666656,15:39:59,15:53:00,15
6800_6__6072_3,6800,6800_6,6072,6072_3,482,6,15.099999999999909,15:39:59,15:53:00,15
6800_6__6072_3,6800,6800_6,6072,6072_3,709,7,14.216666666666583,15:39:59,15:53:00,15
6800_6__6072_3,6800,6800_6,6072,6072_3,1577,8,12.899999999999977,15:39:59,15:53:00,15
6800_6__6072_3,6800,6800_6,6072,6072_3,990,9,13.149999999999977,15:39:59,15:53:00,15
6800_6__6072_3,6800,6800_6,6072,6072_3,109,10,14.0,15:39:59,15:53:00,15
6800_6__6072_3,6800,6800_6,6072,6072_3,396,11,13.949999999999932,15:39:59,15:53:00,15
6800_6__6072_3,6800,6800_6,6072,6072_3,1253,12,14.150000000000091,15:39:59,15:53:00,15
6800_6__6072_3,6800,6800_6,6072,6072_3,1554,13,14.183333333333394,15:39:59,15:53:00,15
6800_6__6072_3,6800,6800_6,6072,6072_3,1099,14,13.949999999999932,15:39:59,15:53:00,15
6800_6__6072_3,6800,6800_6,6072,6072_3,168,15,13.583333333333371,15:39:59,15:53:00,15
6800_6__6072_3,6800,6800_6,6072,6072_3,929,16,14.083333333333371,15:39:59,15:53:00,15
6800_6__6072_3,6800,6800_6,6072,6072_3,94,17,14.733333333333348,15:39:59,15:53:00,15
6800_6__6072_3,6800,6800_6,6072,6072_3,1080,18,14.81666666666672,15:39:59,15:53:00,15
6800_6__6072_3,6800,6800_6,6072,6072_3,146,19,14.016666666666652,15:39:59,15:53:00,15
6800_6__6072_3,6800,6800_6,6072,6072_3,1089,20,14.216666666666697,15:39:59,15:53:00,15
6800_6__6072_3,6800,6800_6,6072,6072_3,213,21,14.266666666666652,15:39:59,15:53:00,15
6800_6__6072_3,6800,6800_6,6072,6072_3,3907,22,13.25,15:39:59,15:53:00,15
6800_6__6072_3,6800,6800_6,6072,6072_3,949,23,13.399999999999977,15:39:59,15:53:00,15
6800_6__6072_3,6800,6800_6,6072,6072_3,913,24,13.333333333333371,15:39:59,15:53:00,15
6800_6__6072_3,6800,6800_6,6072,6072_3,307,25,13.466666666666697,15:39:59,15:53:00,15
6800_6__6072_3,6800,6800_6,6072,6072_3,212,26,13.116666666666674,15:39:59,15:53:00,15
6800_6__6072_3,6800,6800_6,6072,6072_3,2665,27,13.533333333333303,15:39:59,15:53:00,15
6800_6__6072_3,6800,6800_6,6072,6072_3,2736,28,13.916666666666629,15:39:59,15:53:00,15
6800_6__6072_3,6800,6800_6,6072,6072_3,705,29,13.716666666666583,15:39:59,15:53:00,15
6800_6__6072_3,6800,6800_6,6072,6072_3,9979,30,12.666666666666629,15:39:59,15:53:00,15
6800_6__6072_3,6800,6800_6,6072,6072_3,2492,31,14.166666666666742,15:39:59,15:53:00,15
6800_6__6072_3,6800,6800_6,6072,6072_3,946,32,14.050000000000068,15:39:59,15:53:00,15
6800_6__6072_3,6800,6800_6,6072,6072_3,947,33,13.149999999999977,15:39:59,15:53:00,15
6800_6__6072_3,6800,6800_6,6072,6072_3,327,34,13.633333333333326,15:39:59,15:53:00,15
6800_6__6072_3,6800,6800_6,6072,6072_3,3284,35,14.0,15:39:59,15:53:00,15
6800_6__6072_3,6800,6800_6,6072,6072_3,3282,36,14.016666666666652,15:39:59,15:53:00,15
6800_6__6072_3,6800,6800_6,6072,6072_3,2583,37,13.883333333333326,15:39:59,15:53:00,15
6800_6__6072_3,6800,6800_6,6072,6072_3,2590,38,17.050000000000068,15:39:59,15:53:00,15
6800_6__6072_3,6800,6800_6,6072,6072_3,603,39,17.700000000000045,15:39:59,15:53:00,15
6800_7__6072_4,6800,6800_7,6072,6072_4,3797,1,15.0,18:35:00,18:50:00,18
6800_7__6072_4,6800,6800_7,6072,6072_4,2984,2,15.966666666666697,18:35:00,18:50:00,18
6800_7__6072_4,6800,6800_7,6072,6072_4,2685,3,15.049999999999955,18:35:00,18:50:00,18
6800_7__6072_4,6800,6800_7,6072,6072_4,3649,4,15.166666666666515,18:35:00,18:50:00,18
6800_7__6072_4,6800,6800_7,6072,6072_4,3747,5,14.316666666666833,18:35:00,18:50:00,18
6800_7__6072_4,6800,6800_7,6072,6072_4,482,6,14.966666666666697,18:35:00,18:50:00,18
6800_7__6072_4,6800,6800_7,6072,6072_4,709,7,15.466666666666697,18:35:00,18:50:00,18
6800_7__6072_4,6800,6800_7,6072,6072_4,1577,8,14.53333333333353,18:35:00,18:50:00,18
6800_7__6072_4,6800,6800_7,6072,6072_4,990,9,14.483333333333348,18:35:00,18:50:00,18
6800_7__6072_4,6800,6800_7,6072,6072_4,109,10,15.533333333333303,18:35:00,18:50:00,18
6800_7__6072_4,6800,6800_7,6072,6072_4,396,11,17.083333333333258,18:35:00,18:50:00,18
6800_7__6072_4,6800,6800_7,6072,6072_4,1253,12,17.25,18:35:00,18:50:00,18
6800_7__6072_4,6800,6800_7,6072,6072_4,1554,13,17.566666666666606,18:35:00,18:50:00,18
6800_7__6072_4,6800,6800_7,6072,6072_4,1099,14,17.450000000000045,18:35:00,18:50:00,18
6800_7__6072_4,6800,6800_7,6072,6072_4,168,15,17.833333333333258,18:35:00,18:50:00,18
6800_7__6072_4,6800,6800_7,6072,6072_4,929,16,17.183333333333394,18:35:00,18:50:00,18
6800_7__6072_4,6800,6800_7,6072,6072_4,94,17,17.36666666666656,18:35:00,18:50:00,18
6800_7__6072_4,6800,6800_7,6072,6072_4,1080,18,17.649999999999864,18:35:00,18:50:00,18
6800_7__6072_4,6800,6800_7,6072,6072_4,146,19,17.13333333333344,18:35:00,18:50:00,18
6800_7__6072_4,6800,6800_7,6072,6072_4,1089,20,18.149999999999864,18:35:00,18:50:00,18
6800_7__6072_4,6800,6800_7,6072,6072_4,213,21,19.549999999999955,18:35:00,18:50:00,18
6800_7__6072_4,6800,6800_7,6072,6072_4,3907,22,19.26666666666665,18:35:00,18:50:00,18
6800_7__6072_4,6800,6800_7,6072,6072_4,949,23,20.066666666666606,18:35:00,18:50:00,18
6800_7__6072_4,6800,6800_7,6072,6072_4,913,24,19.25,18:35:00,18:50:00,18
6800_7__6072_4,6800,6800_7,6072,6072_4,307,25,19.700000000000045,18:35:00,18:50:00,18
6800_7__6072_4,6800,6800_7,6072,6072_4,212,26,21.333333333333258,18:35:00,18:50:00,18
6800_7__6072_4,6800,6800_7,6072,6072_4,2665,27,21.549999999999955,18:35:00,18:50:00,18
6800_7__6072_4,6800,6800_7,6072,6072_4,2736,28,21.333333333333258,18:35:00,18:50:00,18
6800_7__6072_4,6800,6800_7,6072,6072_4,705,29,22.850000000000136,18:35:00,18:50:00,18
6800_7__6072_4,6800,6800_7,6072,6072_4,9979,30,23.649999999999864,18:35:00,18:50:00,18
6800_7__6072_4,6800,6800_7,6072,6072_4,2492,31,23.783333333333303,18:35:00,18:50:00,18
6800_7__6072_4,6800,6800_7,6072,6072_4,946,32,23.51666666666665,18:35:00,18:50:00,18
6800_7__6072_4,6800,6800_7,6072,6072_4,947,33,23.683333333333394,18:35:00,18:50:00,18
6800_7__6072_4,6800,6800_7,6072,6072_4,327,34,22.616666666666788,18:35:00,18:50:00,18
6800_7__6072_4,6800,6800_7,6072,6072_4,3284,35,22.700000000000045,18:35:00,18:50:00,18
6800_7__6072_4,6800,6800_7,6072,6072_4,3282,36,23.36666666666656,18:35:00,18:50:00,18
6800_7__6072_4,6800,6800_7,6072,6072_4,2583,37,23.066666666666833,18:35:00,18:50:00,18
6800_7__6072_4,6800,6800_7,6072,6072_4,2590,38,22.01666666666665,18:35:00,18:50:00,18
6800_7__6072_4,6800,6800_7,6072,6072_4,603,39,21.333333333333258,18:35:00,18:50:00,18
6802_1__6020_2,6802,6802_1,6020,6020_2,3797,1,14.016666666666652,05:23:59,05:38:00,5
6802_1__6020_2,6802,6802_1,6020,6020_2,2984,2,15.616666666666674,05:23:59,05:38:00,5
6802_1__6020_2,6802,6802_1,6020,6020_2,2685,3,16.41666666666663,05:23:59,05:38:00,5
6802_1__6020_2,6802,6802_1,6020,6020_2,3649,4,17.26666666666665,05:23:59,05:38:00,5
6802_1__6020_2,6802,6802_1,6020,6020_2,3747,5,17.383333333333326,05:23:59,05:38:00,5
6802_1__6020_2,6802,6802_1,6020,6020_2,482,6,17.116666666666674,05:23:59,05:38:00,5
6802_1__6020_2,6802,6802_1,6020,6020_2,709,7,16.966666666666697,05:23:59,05:38:00,5
6802_1__6020_2,6802,6802_1,6020,6020_2,1577,8,18.133333333333326,05:23:59,05:38:00,5
6802_1__6020_2,6802,6802_1,6020,6020_2,990,9,16.71666666666664,05:23:59,05:38:00,5
6802_1__6020_2,6802,6802_1,6020,6020_2,109,10,15.983333333333348,05:23:59,05:38:00,5
6802_1__6020_2,6802,6802_1,6020,6020_2,396,11,16.05000000000001,05:23:59,05:38:00,5
6802_1__6020_2,6802,6802_1,6020,6020_2,1253,12,16.416666666666686,05:23:59,05:38:00,5
6802_1__6020_2,6802,6802_1,6020,6020_2,1554,13,16.433333333333337,05:23:59,05:38:00,5
6802_1__6020_2,6802,6802_1,6020,6020_2,1099,14,15.650000000000034,05:23:59,05:38:00,5
6802_1__6020_2,6802,6802_1,6020,6020_2,168,15,16.316666666666663,05:23:59,05:38:00,5
6802_1__6020_2,6802,6802_1,6020,6020_2,929,16,15.71666666666664,05:23:59,05:38:00,5
6802_1__6020_2,6802,6802_1,6020,6020_2,94,17,16.116666666666674,05:23:59,05:38:00,5
6802_1__6020_2,6802,6802_1,6020,6020_2,1080,18,15.466666666666697,05:23:59,05:38:00,5
6802_1__6020_2,6802,6802_1,6020,6020_2,146,19,16.033333333333303,05:23:59,05:38:00,5
6802_1__6020_2,6802,6802_1,6020,6020_2,1089,20,16.066666666666663,05:23:59,05:38:00,5
6802_1__6020_2,6802,6802_1,6020,6020_2,213,21,16.383333333333326,05:23:59,05:38:00,5
6802_1__6020_2,6802,6802_1,6020,6020_2,3907,22,16.03333333333336,05:23:59,05:38:00,5
6802_1__6020_2,6802,6802_1,6020,6020_2,949,23,16.399999999999977,05:23:59,05:38:00,5
6802_1__6020_2,6802,6802_1,6020,6020_2,913,24,16.816666666666663,05:23:59,05:38:00,5
6802_1__6020_2,6802,6802_1,6020,6020_2,307,25,16.96666666666664,05:23:59,05:38:00,5
6802_1__6020_2,6802,6802_1,6020,6020_2,212,26,16.866666666666674,05:23:59,05:38:00,5
6802_1__6020_2,6802,6802_1,6020,6020_2,2665,27,16.96666666666664,05:23:59,05:38:00,5
6802_1__6020_2,6802,6802_1,6020,6020_2,2736,28,17.533333333333303,05:23:59,05:38:00,5
6802_1__6020_2,6802,6802_1,6020,6020_2,705,29,18.099999999999966,05:23:59,05:38:00,5
6802_1__6020_2,6802,6802_1,6020,6020_2,9979,30,18.100000000000023,05:23:59,05:38:00,5
6802_1__6020_2,6802,6802_1,6020,6020_2,2492,31,18.383333333333326,05:23:59,05:38:00,5
6802_1__6020_2,6802,6802_1,6020,6020_2,946,32,17.866666666666617,05:23:59,05:38:00,5
6802_1__6020_2,6802,6802_1,6020,6020_2,947,33,19.066666666666663,05:23:59,05:38:00,5
6802_1__6020_2,6802,6802_1,6020,6020_2,327,34,20.23333333333335,05:23:59,05:38:00,5
6802_1__6020_2,6802,6802_1,6020,6020_2,3284,35,20.650000000000034,05:23:59,05:38:00,5
6802_1__6020_2,6802,6802_1,6020,6020_2,3282,36,20.433333333333337,05:23:59,05:38:00,5
6802_1__6020_2,6802,6802_1,6020,6020_2,2583,37,21.41666666666663,05:23:59,05:38:00,5
6802_1__6020_2,6802,6802_1,6020,6020_2,2590,38,20.76666666666665,05:23:59,05:38:00,5
6802_1__6020_2,6802,6802_1,6020,6020_2,603,39,22.383333333333326,05:23:59,05:38:00,5
6802_2__6020_3,6802,6802_2,6020,6020_3,3797,1,13.0,07:53:00,08:06:00,7
6802_2__6020_3,6802,6802_2,6020,6020_3,2984,2,14.433333333333337,07:53:00,08:06:00,7
6802_2__6020_3,6802,6802_2,6020,6020_3,2685,3,14.116666666666674,07:53:00,08:06:00,7
6802_2__6020_3,6802,6802_2,6020,6020_3,3649,4,14.700000000000045,07:53:00,08:06:00,7
6802_2__6020_3,6802,6802_2,6020,6020_3,3747,5,15.633333333333326,07:53:00,08:06:00,7
6802_2__6020_3,6802,6802_2,6020,6020_3,482,6,14.699999999999989,07:53:00,08:06:00,7
6802_2__6020_3,6802,6802_2,6020,6020_3,709,7,16.30000000000001,07:53:00,08:06:00,7
6802_2__6020_3,6802,6802_2,6020,6020_3,1577,8,16.899999999999977,07:53:00,08:06:00,7
6802_2__6020_3,6802,6802_2,6020,6020_3,990,9,16.30000000000001,07:53:00,08:06:00,7
6802_2__6020_3,6802,6802_2,6020,6020_3,109,10,17.149999999999977,07:53:00,08:06:00,7
6802_2__6020_3,6802,6802_2,6020,6020_3,396,11,17.366666666666674,07:53:00,08:06:00,7
6802_2__6020_3,6802,6802_2,6020,6020_3,1253,12,16.883333333333326,07:53:00,08:06:00,7
6802_2__6020_3,6802,6802_2,6020,6020_3,1554,13,17.44999999999999,07:53:00,08:06:00,7
6802_2__6020_3,6802,6802_2,6020,6020_3,1099,14,18.283333333333303,07:53:00,08:06:00,7
6802_2__6020_3,6802,6802_2,6020,6020_3,168,15,18.199999999999932,07:53:00,08:06:00,7
6802_2__6020_3,6802,6802_2,6020,6020_3,929,16,17.03333333333336,07:53:00,08:06:00,7
6802_2__6020_3,6802,6802_2,6020,6020_3,94,17,17.999999999999943,07:53:00,08:06:00,7
6802_2__6020_3,6802,6802_2,6020,6020_3,1080,18,17.83333333333337,07:53:00,08:06:00,7
6802_2__6020_3,6802,6802_2,6020,6020_3,146,19,17.91666666666663,07:53:00,08:06:00,7
6802_2__6020_3,6802,6802_2,6020,6020_3,1089,20,17.299999999999955,07:53:00,08:06:00,7
6802_2__6020_3,6802,6802_2,6020,6020_3,213,21,15.78333333333336,07:53:00,08:06:00,7
6802_2__6020_3,6802,6802_2,6020,6020_3,3907,22,16.083333333333314,07:53:00,08:06:00,7
6802_2__6020_3,6802,6802_2,6020,6020_3,949,23,14.916666666666629,07:53:00,08:06:00,7
6802_2__6020_3,6802,6802_2,6020,6020_3,913,24,15.116666666666674,07:53:00,08:06:00,7
6802_2__6020_3,6802,6802_2,6020,6020_3,307,25,15.299999999999955,07:53:00,08:06:00,7
6802_2__6020_3,6802,6802_2,6020,6020_3,212,26,15.5,07:53:00,08:06:00,7
6802_2__6020_3,6802,6802_2,6020,6020_3,2665,27,15.733333333333348,07:53:00,08:06:00,7
6802_2__6020_3,6802,6802_2,6020,6020_3,2736,28,14.666666666666629,07:53:00,08:06:00,7
6802_2__6020_3,6802,6802_2,6020,6020_3,705,29,14.416666666666629,07:53:00,08:06:00,7
6802_2__6020_3,6802,6802_2,6020,6020_3,9979,30,13.916666666666629,07:53:00,08:06:00,7
6802_2__6020_3,6802,6802_2,6020,6020_3,2492,31,14.049999999999955,07:53:00,08:06:00,7
6802_2__6020_3,6802,6802_2,6020,6020_3,946,32,15.533333333333303,07:53:00,08:06:00,7
6802_2__6020_3,6802,6802_2,6020,6020_3,947,33,15.233333333333348,07:53:00,08:06:00,7
6802_2__6020_3,6802,6802_2,6020,6020_3,327,34,14.56666666666672,07:53:00,08:06:00,7
6802_2__6020_3,6802,6802_2,6020,6020_3,3284,35,15.183333333333394,07:53:00,08:06:00,7
6802_2__6020_3,6802,6802_2,6020,6020_3,3282,36,15.850000000000023,07:53:00,08:06:00,7
6802_2__6020_3,6802,6802_2,6020,6020_3,2583,37,17.133333333333326,07:53:00,08:06:00,7
6802_2__6020_3,6802,6802_2,6020,6020_3,2590,38,18.399999999999977,07:53:00,08:06:00,7
6802_2__6020_3,6802,6802_2,6020,6020_3,603,39,17.616666666666674,07:53:00,08:06:00,7
6804_1__6007_1,6804,6804_1,6007,6007_1,2984,2,15.349999999999994,03:36:15,03:51:36,3
6804_1__6007_1,6804,6804_1,6007,6007_1,2685,3,15.050000000000011,03:36:15,03:51:36,3
6804_1__6007_1,6804,6804_1,6007,6007_1,3649,4,15.699999999999989,03:36:15,03:51:36,3
6804_1__6007_1,6804,6804_1,6007,6007_1,3747,5,15.583333333333343,03:36:15,03:51:36,3
6804_1__6007_1,6804,6804_1,6007,6007_1,482,6,15.616666666666646,03:36:15,03:51:36,3
6804_1__6007_1,6804,6804_1,6007,6007_1,709,7,17.183333333333337,03:36:15,03:51:36,3
6804_1__6007_1,6804,6804_1,6007,6007_1,1577,8,17.30000000000001,03:36:15,03:51:36,3
6804_1__6007_1,6804,6804_1,6007,6007_1,990,9,17.666666666666657,03:36:15,03:51:36,3
6804_1__6007_1,6804,6804_1,6007,6007_1,109,10,18.366666666666674,03:36:15,03:51:36,3
6804_1__6007_1,6804,6804_1,6007,6007_1,396,11,20.083333333333343,03:36:15,03:51:36,3
6804_1__6007_1,6804,6804_1,6007,6007_1,1253,12,20.48333333333332,03:36:15,03:51:36,3
6804_1__6007_1,6804,6804_1,6007,6007_1,1554,13,19.299999999999983,03:36:15,03:51:36,3
6804_1__6007_1,6804,6804_1,6007,6007_1,1099,14,19.400000000000006,03:36:15,03:51:36,3
6804_1__6007_1,6804,6804_1,6007,6007_1,168,15,19.883333333333326,03:36:15,03:51:36,3
6804_1__6007_1,6804,6804_1,6007,6007_1,929,16,20.26666666666665,03:36:15,03:51:36,3
6804_1__6007_1,6804,6804_1,6007,6007_1,94,17,20.433333333333337,03:36:15,03:51:36,3
6804_1__6007_1,6804,6804_1,6007,6007_1,1080,18,20.799999999999983,03:36:15,03:51:36,3
6804_1__6007_1,6804,6804_1,6007,6007_1,146,19,21.400000000000006,03:36:15,03:51:36,3
6804_1__6007_1,6804,6804_1,6007,6007_1,1089,20,20.166666666666686,03:36:15,03:51:36,3
6804_1__6007_1,6804,6804_1,6007,6007_1,213,21,20.01666666666668,03:36:15,03:51:36,3
6804_1__6007_1,6804,6804_1,6007,6007_1,3907,22,20.799999999999983,03:36:15,03:51:36,3
6804_1__6007_1,6804,6804_1,6007,6007_1,949,23,20.533333333333303,03:36:15,03:51:36,3
6804_1__6007_1,6804,6804_1,6007,6007_1,913,24,20.350000000000023,03:36:15,03:51:36,3
6804_1__6007_1,6804,6804_1,6007,6007_1,307,25,20.616666666666646,03:36:15,03:51:36,3
6804_1__6007_1,6804,6804_1,6007,6007_1,2665,27,18.69999999999999,03:36:15,03:51:36,3
6804_1__6007_1,6804,6804_1,6007,6007_1,2736,28,18.73333333333335,03:36:15,03:51:36,3
6804_1__6007_1,6804,6804_1,6007,6007_1,705,29,18.933333333333337,03:36:15,03:51:36,3
6804_1__6007_1,6804,6804_1,6007,6007_1,9979,30,17.633333333333354,03:36:15,03:51:36,3
6804_1__6007_1,6804,6804_1,6007,6007_1,2492,31,17.900000000000034,03:36:15,03:51:36,3
6804_1__6007_1,6804,6804_1,6007,6007_1,946,32,18.21666666666664,03:36:15,03:51:36,3
6804_1__6007_1,6804,6804_1,6007,6007_1,947,33,18.350000000000023,03:36:15,03:51:36,3
6804_1__6007_1,6804,6804_1,6007,6007_1,327,34,20.23333333333332,03:36:15,03:51:36,3
6804_1__6007_1,6804,6804_1,6007,6007_1,3284,35,19.78333333333333,03:36:15,03:51:36,3
6804_1__6007_1,6804,6804_1,6007,6007_1,3282,36,21.00000000000003,03:36:15,03:51:36,3
6804_1__6007_1,6804,6804_1,6007,6007_1,2583,37,20.100000000000023,03:36:15,03:51:36,3
6804_1__6007_1,6804,6804_1,6007,6007_1,2590,38,17.91666666666663,03:36:15,03:51:36,3
6804_1__6007_1,6804,6804_1,6007,6007_1,603,39,17.05000000000001,03:36:15,03:51:36,3
6804_2__6007_2,6804,6804_2,6007,6007_2,3797,1,13.0,05:50:59,06:03:59,5
6804_2__6007_2,6804,6804_2,6007,6007_2,2984,2,12.483333333333348,05:50:59,06:03:59,5
6804_2__6007_2,6804,6804_2,6007,6007_2,2685,3,11.949999999999989,05:50:59,06:03:59,5
6804_2__6007_2,6804,6804_2,6007,6007_2,3649,4,12.166666666666686,05:50:59,06:03:59,5
6804_2__6007_2,6804,6804_2,6007,6007_2,3747,5,12.866666666666674,05:50:59,06:03:59,5
6804_2__6007_2,6804,6804_2,6007,6007_2,482,6,13.149999999999977,05:50:59,06:03:59,5
6804_2__6007_2,6804,6804_2,6007,6007_2,709,7,12.733333333333348,05:50:59,06:03:59,5
6804_2__6007_2,6804,6804_2,6007,6007_2,1577,8,14.316666666666663,05:50:59,06:03:59,5
6804_2__6007_2,6804,6804_2,6007,6007_2,990,9,14.666666666666629,05:50:59,06:03:59,5
6804_2__6007_2,6804,6804_2,6007,6007_2,109,10,14.316666666666663,05:50:59,06:03:59,5
6804_2__6007_2,6804,6804_2,6007,6007_2,396,11,15.149999999999977,05:50:59,06:03:59,5
6804_2__6007_2,6804,6804_2,6007,6007_2,1253,12,15.416666666666686,05:50:59,06:03:59,5
6804_2__6007_2,6804,6804_2,6007,6007_2,1554,13,16.683333333333337,05:50:59,06:03:59,5
6804_2__6007_2,6804,6804_2,6007,6007_2,1099,14,16.30000000000001,05:50:59,06:03:59,5
6804_2__6007_2,6804,6804_2,6007,6007_2,168,15,16.48333333333335,05:50:59,06:03:59,5
6804_2__6007_2,6804,6804_2,6007,6007_2,929,16,16.100000000000023,05:50:59,06:03:59,5
6804_2__6007_2,6804,6804_2,6007,6007_2,94,17,17.25,05:50:59,06:03:59,5
6804_2__6007_2,6804,6804_2,6007,6007_2,1080,18,17.400000000000034,05:50:59,06:03:59,5
6804_2__6007_2,6804,6804_2,6007,6007_2,146,19,16.283333333333303,05:50:59,06:03:59,5
6804_2__6007_2,6804,6804_2,6007,6007_2,1089,20,16.133333333333326,05:50:59,06:03:59,5
6804_2__6007_2,6804,6804_2,6007,6007_2,213,21,16.366666666666674,05:50:59,06:03:59,5
6804_2__6007_2,6804,6804_2,6007,6007_2,3907,22,15.816666666666663,05:50:59,06:03:59,5
6804_2__6007_2,6804,6804_2,6007,6007_2,949,23,16.76666666666665,05:50:59,06:03:59,5
6804_2__6007_2,6804,6804_2,6007,6007_2,913,24,16.633333333333326,05:50:59,06:03:59,5
6804_2__6007_2,6804,6804_2,6007,6007_2,307,25,16.333333333333314,05:50:59,06:03:59,5
6804_2__6007_2,6804,6804_2,6007,6007_2,212,26,16.5,05:50:59,06:03:59,5
6804_2__6007_2,6804,6804_2,6007,6007_2,2665,27,16.05000000000001,05:50:59,06:03:59,5
6804_2__6007_2,6804,6804_2,6007,6007_2,2736,28,15.583333333333371,05:50:59,06:03:59,5
6804_2__6007_2,6804,6804_2,6007,6007_2,705,29,15.183333333333337,05:50:59,06:03:59,5
6804_2__6007_2,6804,6804_2,6007,6007_2,9979,30,14.566666666666663,05:50:59,06:03:59,5
6804_2__6007_2,6804,6804_2,6007,6007_2,2492,31,14.5,05:50:59,06:03:59,5
6804_2__6007_2,6804,6804_2,6007,6007_2,946,32,14.599999999999966,05:50:59,06:03:59,5
6804_2__6007_2,6804,6804_2,6007,6007_2,947,33,13.066666666666663,05:50:59,06:03:59,5
6804_2__6007_2,6804,6804_2,6007,6007_2,327,34,13.5,05:50:59,06:03:59,5
6804_2__6007_2,6804,6804_2,6007,6007_2,3284,35,12.866666666666674,05:50:59,06:03:59,5
6804_2__6007_2,6804,6804_2,6007,6007_2,3282,36,12.983333333333348,05:50:59,06:03:59,5
6804_2__6007_2,6804,6804_2,6007,6007_2,2583,37,13.78333333333336,05:50:59,06:03:59,5
6804_2__6007_2,6804,6804_2,6007,6007_2,2590,38,13.149999999999977,05:50:59,06:03:59,5
6804_2__6007_2,6804,6804_2,6007,6007_2,603,39,13.166666666666686,05:50:59,06:03:59,5
6804_3__6815_1,6804,6804_3,6815,6815_1,3797,1,13.0,08:19:00,08:32:00,8
6804_3__6815_1,6804,6804_3,6815,6815_1,2984,2,12.616666666666674,08:19:00,08:32:00,8
6804_3__6815_1,6804,6804_3,6815,6815_1,2685,3,12.366666666666617,08:19:00,08:32:00,8
6804_3__6815_1,6804,6804_3,6815,6815_1,3649,4,14.250000000000057,08:19:00,08:32:00,8
6804_3__6815_1,6804,6804_3,6815,6815_1,3747,5,14.300000000000068,08:19:00,08:32:00,8
6804_3__6815_1,6804,6804_3,6815,6815_1,482,6,15.633333333333269,08:19:00,08:32:00,8
6804_3__6815_1,6804,6804_3,6815,6815_1,709,7,15.633333333333383,08:19:00,08:32:00,8
6804_3__6815_1,6804,6804_3,6815,6815_1,1577,8,14.683333333333337,08:19:00,08:32:00,8
6804_3__6815_1,6804,6804_3,6815,6815_1,109,10,16.483333333333405,08:19:00,08:32:00,8
6804_3__6815_1,6804,6804_3,6815,6815_1,396,11,16.649999999999977,08:19:00,08:32:00,8
6804_3__6815_1,6804,6804_3,6815,6815_1,1253,12,16.33333333333337,08:19:00,08:32:00,8
6804_3__6815_1,6804,6804_3,6815,6815_1,1554,13,17.5,08:19:00,08:32:00,8
6804_3__6815_1,6804,6804_3,6815,6815_1,1099,14,18.06666666666672,08:19:00,08:32:00,8
6804_3__6815_1,6804,6804_3,6815,6815_1,168,15,17.850000000000023,08:19:00,08:32:00,8
6804_3__6815_1,6804,6804_3,6815,6815_1,929,16,20.133333333333326,08:19:00,08:32:00,8
6804_3__6815_1,6804,6804_3,6815,6815_1,94,17,20.299999999999955,08:19:00,08:32:00,8
6804_3__6815_1,6804,6804_3,6815,6815_1,1080,18,19.816666666666606,08:19:00,08:32:00,8
6804_3__6815_1,6804,6804_3,6815,6815_1,146,19,20.68333333333328,08:19:00,08:32:00,8
6804_3__6815_1,6804,6804_3,6815,6815_1,1089,20,20.899999999999977,08:19:00,08:32:00,8
6804_3__6815_1,6804,6804_3,6815,6815_1,213,21,21.116666666666674,08:19:00,08:32:00,8
6804_3__6815_1,6804,6804_3,6815,6815_1,3907,22,21.48333333333335,08:19:00,08:32:00,8
6804_3__6815_1,6804,6804_3,6815,6815_1,949,23,21.850000000000023,08:19:00,08:32:00,8
6804_3__6815_1,6804,6804_3,6815,6815_1,913,24,20.483333333333235,08:19:00,08:32:00,8
6804_3__6815_1,6804,6804_3,6815,6815_1,307,25,19.98333333333335,08:19:00,08:32:00,8
6804_3__6815_1,6804,6804_3,6815,6815_1,212,26,20.200000000000045,08:19:00,08:32:00,8
6804_3__6815_1,6804,6804_3,6815,6815_1,2665,27,19.48333333333335,08:19:00,08:32:00,8
6804_3__6815_1,6804,6804_3,6815,6815_1,2736,28,19.716666666666697,08:19:00,08:32:00,8
6804_3__6815_1,6804,6804_3,6815,6815_1,705,29,20.01666666666665,08:19:00,08:32:00,8
6804_3__6815_1,6804,6804_3,6815,6815_1,9979,30,20.366666666666674,08:19:00,08:32:00,8
6804_3__6815_1,6804,6804_3,6815,6815_1,2492,31,20.350000000000023,08:19:00,08:32:00,8
6804_3__6815_1,6804,6804_3,6815,6815_1,946,32,19.933333333333394,08:19:00,08:32:00,8
6804_3__6815_1,6804,6804_3,6815,6815_1,947,33,20.283333333333417,08:19:00,08:32:00,8
6804_3__6815_1,6804,6804_3,6815,6815_1,327,34,19.783333333333303,08:19:00,08:32:00,8
6804_3__6815_1,6804,6804_3,6815,6815_1,3284,35,20.783333333333303,08:19:00,08:32:00,8
6804_3__6815_1,6804,6804_3,6815,6815_1,3282,36,20.316666666666606,08:19:00,08:32:00,8
6804_3__6815_1,6804,6804_3,6815,6815_1,2583,37,19.68333333333328,08:19:00,08:32:00,8
6804_3__6815_1,6804,6804_3,6815,6815_1,2590,38,19.51666666666665,08:19:00,08:32:00,8
6804_3__6815_1,6804,6804_3,6815,6815_1,603,39,17.73333333333335,08:19:00,08:32:00,8
6804_4__6815_2,6804,6804_4,6815,6815_2,3797,1,13.0,11:04:00,11:17:00,11
6804_4__6815_2,6804,6804_4,6815,6815_2,2984,2,14.683333333333394,11:04:00,11:17:00,11
6804_4__6815_2,6804,6804_4,6815,6815_2,2685,3,15.316666666666606,11:04:00,11:17:00,11
6804_4__6815_2,6804,6804_4,6815,6815_2,3649,4,14.533333333333303,11:04:00,11:17:00,11
6804_4__6815_2,6804,6804_4,6815,6815_2,3747,5,14.766666666666652,11:04:00,11:17:00,11
6804_4__6815_2,6804,6804_4,6815,6815_2,482,6,14.633333333333326,11:04:00,11:17:00,11
6804_4__6815_2,6804,6804_4,6815,6815_2,709,7,13.933333333333394,11:04:00,11:17:00,11
6804_4__6815_2,6804,6804_4,6815,6815_2,1577,8,14.133333333333326,11:04:00,11:17:00,11
6804_4__6815_2,6804,6804_4,6815,6815_2,990,9,14.733333333333348,11:04:00,11:17:00,11
6804_4__6815_2,6804,6804_4,6815,6815_2,109,10,15.483333333333235,11:04:00,11:17:00,11
6804_4__6815_2,6804,6804_4,6815,6815_2,396,11,16.31666666666672,11:04:00,11:17:00,11
6804_4__6815_2,6804,6804_4,6815,6815_2,1253,12,16.033333333333303,11:04:00,11:17:00,11
6804_4__6815_2,6804,6804_4,6815,6815_2,1554,13,16.366666666666674,11:04:00,11:17:00,11
6804_4__6815_2,6804,6804_4,6815,6815_2,1099,14,15.683333333333394,11:04:00,11:17:00,11
6804_4__6815_2,6804,6804_4,6815,6815_2,168,15,16.583333333333258,11:04:00,11:17:00,11
6804_4__6815_2,6804,6804_4,6815,6815_2,929,16,16.366666666666674,11:04:00,11:17:00,11
6804_4__6815_2,6804,6804_4,6815,6815_2,94,17,16.116666666666674,11:04:00,11:17:00,11
6804_4__6815_2,6804,6804_4,6815,6815_2,1080,18,16.133333333333326,11:04:00,11:17:00,11
6804_4__6815_2,6804,6804_4,6815,6815_2,146,19,16.866666666666674,11:04:00,11:17:00,11
6804_4__6815_2,6804,6804_4,6815,6815_2,1089,20,17.049999999999955,11:04:00,11:17:00,11
6804_4__6815_2,6804,6804_4,6815,6815_2,213,21,17.66666666666663,11:04:00,11:17:00,11
6804_4__6815_2,6804,6804_4,6815,6815_2,3907,22,17.866666666666674,11:04:00,11:17:00,11
6804_4__6815_2,6804,6804_4,6815,6815_2,949,23,17.76666666666665,11:04:00,11:17:00,11
6804_4__6815_2,6804,6804_4,6815,6815_2,913,24,17.100000000000023,11:04:00,11:17:00,11
6804_4__6815_2,6804,6804_4,6815,6815_2,307,25,16.966666666666697,11:04:00,11:17:00,11
6804_4__6815_2,6804,6804_4,6815,6815_2,212,26,16.533333333333417,11:04:00,11:17:00,11
6804_4__6815_2,6804,6804_4,6815,6815_2,2665,27,16.666666666666742,11:04:00,11:17:00,11
6804_4__6815_2,6804,6804_4,6815,6815_2,2736,28,17.833333333333258,11:04:00,11:17:00,11
6804_4__6815_2,6804,6804_4,6815,6815_2,705,29,17.5,11:04:00,11:17:00,11
6804_4__6815_2,6804,6804_4,6815,6815_2,9979,30,17.466666666666583,11:04:00,11:17:00,11
6804_4__6815_2,6804,6804_4,6815,6815_2,2492,31,17.76666666666665,11:04:00,11:17:00,11
6804_4__6815_2,6804,6804_4,6815,6815_2,946,32,17.699999999999932,11:04:00,11:17:00,11
6804_4__6815_2,6804,6804_4,6815,6815_2,947,33,17.933333333333394,11:04:00,11:17:00,11
6804_4__6815_2,6804,6804_4,6815,6815_2,327,34,18.98333333333335,11:04:00,11:17:00,11
6804_4__6815_2,6804,6804_4,6815,6815_2,3284,35,19.166666666666742,11:04:00,11:17:00,11
6804_4__6815_2,6804,6804_4,6815,6815_2,3282,36,19.43333333333328,11:04:00,11:17:00,11
6804_4__6815_2,6804,6804_4,6815,6815_2,2583,37,18.399999999999977,11:04:00,11:17:00,11
6804_4__6815_2,6804,6804_4,6815,6815_2,2590,38,17.93333333333328,11:04:00,11:17:00,11
6804_4__6815_2,6804,6804_4,6815,6815_2,603,39,18.299999999999955,11:04:00,11:17:00,11
6804_5__6815_3,6804,6804_5,6815,6815_3,2984,2,12.93333333333328,13:46:37,13:59:33,13
6804_5__6815_3,6804,6804_5,6815,6815_3,2685,3,12.633333333333326,13:46:37,13:59:33,13
6804_5__6815_3,6804,6804_5,6815,6815_3,3649,4,13.416666666666629,13:46:37,13:59:33,13
6804_5__6815_3,6804,6804_5,6815,6815_3,3747,5,14.216666666666697,13:46:37,13:59:33,13
6804_5__6815_3,6804,6804_5,6815,6815_3,482,6,13.883333333333326,13:46:37,13:59:33,13
6804_5__6815_3,6804,6804_5,6815,6815_3,709,7,14.850000000000023,13:46:37,13:59:33,13
6804_5__6815_3,6804,6804_5,6815,6815_3,1577,8,14.483333333333348,13:46:37,13:59:33,13
6804_5__6815_3,6804,6804_5,6815,6815_3,990,9,14.050000000000068,13:46:37,13:59:33,13
6804_5__6815_3,6804,6804_5,6815,6815_3,109,10,14.149999999999977,13:46:37,13:59:33,13
6804_5__6815_3,6804,6804_5,6815,6815_3,396,11,13.600000000000023,13:46:37,13:59:33,13
6804_5__6815_3,6804,6804_5,6815,6815_3,1253,12,13.733333333333348,13:46:37,13:59:33,13
6804_5__6815_3,6804,6804_5,6815,6815_3,1554,13,14.716666666666583,13:46:37,13:59:33,13
6804_5__6815_3,6804,6804_5,6815,6815_3,1099,14,14.516666666666652,13:46:37,13:59:33,13
6804_5__6815_3,6804,6804_5,6815,6815_3,168,15,13.983333333333348,13:46:37,13:59:33,13
6804_5__6815_3,6804,6804_5,6815,6815_3,929,16,13.766666666666652,13:46:37,13:59:33,13
6804_5__6815_3,6804,6804_5,6815,6815_3,94,17,14.5,13:46:37,13:59:33,13
6804_5__6815_3,6804,6804_5,6815,6815_3,1080,18,14.5,13:46:37,13:59:33,13
6804_5__6815_3,6804,6804_5,6815,6815_3,146,19,16.26666666666665,13:46:37,13:59:33,13
6804_5__6815_3,6804,6804_5,6815,6815_3,1089,20,14.133333333333326,13:46:37,13:59:33,13
6804_5__6815_3,6804,6804_5,6815,6815_3,213,21,14.950000000000045,13:46:37,13:59:33,13
6804_5__6815_3,6804,6804_5,6815,6815_3,3907,22,14.383333333333326,13:46:37,13:59:33,13
6804_5__6815_3,6804,6804_5,6815,6815_3,949,23,15.366666666666674,13:46:37,13:59:33,13
6804_5__6815_3,6804,6804_5,6815,6815_3,913,24,15.333333333333371,13:46:37,13:59:33,13
6804_5__6815_3,6804,6804_5,6815,6815_3,307,25,14.916666666666629,13:46:37,13:59:33,13
6804_5__6815_3,6804,6804_5,6815,6815_3,212,26,14.899999999999977,13:46:37,13:59:33,13
6804_5__6815_3,6804,6804_5,6815,6815_3,2665,27,14.883333333333326,13:46:37,13:59:33,13
6804_5__6815_3,6804,6804_5,6815,6815_3,2736,28,15.36666666666656,13:46:37,13:59:33,13
6804_5__6815_3,6804,6804_5,6815,6815_3,705,29,16.33333333333337,13:46:37,13:59:33,13
6804_5__6815_3,6804,6804_5,6815,6815_3,9979,30,16.149999999999977,13:46:37,13:59:33,13
6804_5__6815_3,6804,6804_5,6815,6815_3,2492,31,16.716666666666583,13:46:37,13:59:33,13
6804_5__6815_3,6804,6804_5,6815,6815_3,946,32,17.18333333333328,13:46:37,13:59:33,13
6804_5__6815_3,6804,6804_5,6815,6815_3,947,33,18.899999999999977,13:46:37,13:59:33,13
6804_5__6815_3,6804,6804_5,6815,6815_3,327,34,19.783333333333417,13:46:37,13:59:33,13
6804_5__6815_3,6804,6804_5,6815,6815_3,3284,35,19.166666666666742,13:46:37,13:59:33,13
6804_5__6815_3,6804,6804_5,6815,6815_3,3282,36,19.83333333333337,13:46:37,13:59:33,13
6804_5__6815_3,6804,6804_5,6815,6815_3,2583,37,20.149999999999977,13:46:37,13:59:33,13
6804_5__6815_3,6804,6804_5,6815,6815_3,2590,38,20.08333333333337,13:46:37,13:59:33,13
6804_5__6815_3,6804,6804_5,6815,6815_3,603,39,21.133333333333326,13:46:37,13:59:33,13
6804_6__6815_4,6804,6804_6,6815,6815_4,2984,2,10.033333333333417,16:35:41,16:45:43,16
6804_6__6815_4,6804,6804_6,6815,6815_4,2685,3,9.633333333333326,16:35:41,16:45:43,16
6804_6__6815_4,6804,6804_6,6815,6815_4,3649,4,10.383333333333326,16:35:41,16:45:43,16
6804_6__6815_4,6804,6804_6,6815,6815_4,3747,5,10.93333333333328,16:35:41,16:45:43,16
6804_6__6815_4,6804,6804_6,6815,6815_4,482,6,10.86666666666656,16:35:41,16:45:43,16
6804_6__6815_4,6804,6804_6,6815,6815_4,709,7,11.366666666666674,16:35:41,16:45:43,16
6804_6__6815_4,6804,6804_6,6815,6815_4,1577,8,11.0,16:35:41,16:45:43,16
6804_6__6815_4,6804,6804_6,6815,6815_4,990,9,10.083333333333258,16:35:41,16:45:43,16
6804_6__6815_4,6804,6804_6,6815,6815_4,109,10,10.06666666666672,16:35:41,16:45:43,16
6804_6__6815_4,6804,6804_6,6815,6815_4,396,11,10.399999999999977,16:35:41,16:45:43,16
6804_6__6815_4,6804,6804_6,6815,6815_4,1253,12,10.5,16:35:41,16:45:43,16
6804_6__6815_4,6804,6804_6,6815,6815_4,1554,13,9.433333333333394,16:35:41,16:45:43,16
6804_6__6815_4,6804,6804_6,6815,6815_4,1099,14,9.349999999999909,16:35:41,16:45:43,16
6804_6__6815_4,6804,6804_6,6815,6815_4,168,15,9.050000000000068,16:35:41,16:45:43,16
6804_6__6815_4,6804,6804_6,6815,6815_4,929,16,7.533333333333303,16:35:41,16:45:43,16
6804_6__6815_4,6804,6804_6,6815,6815_4,94,17,7.666666666666515,16:35:41,16:45:43,16
6804_6__6815_4,6804,6804_6,6815,6815_4,1080,18,7.833333333333485,16:35:41,16:45:43,16
6804_6__6815_4,6804,6804_6,6815,6815_4,146,19,8.11666666666656,16:35:41,16:45:43,16
6804_6__6815_4,6804,6804_6,6815,6815_4,1089,20,9.349999999999909,16:35:41,16:45:43,16
6804_6__6815_4,6804,6804_6,6815,6815_4,213,21,9.883333333333212,16:35:41,16:45:43,16
6804_6__6815_4,6804,6804_6,6815,6815_4,3907,22,9.799999999999955,16:35:41,16:45:43,16
6804_6__6815_4,6804,6804_6,6815,6815_4,949,23,9.916666666666742,16:35:41,16:45:43,16
6804_6__6815_4,6804,6804_6,6815,6815_4,913,24,9.316666666666606,16:35:41,16:45:43,16
6804_6__6815_4,6804,6804_6,6815,6815_4,307,25,9.38333333333344,16:35:41,16:45:43,16
6804_6__6815_4,6804,6804_6,6815,6815_4,212,26,9.25,16:35:41,16:45:43,16
6804_6__6815_4,6804,6804_6,6815,6815_4,2665,27,10.566666666666833,16:35:41,16:45:43,16
6804_6__6815_4,6804,6804_6,6815,6815_4,2736,28,11.833333333333258,16:35:41,16:45:43,16
6804_6__6815_4,6804,6804_6,6815,6815_4,705,29,11.433333333333167,16:35:41,16:45:43,16
6804_6__6815_4,6804,6804_6,6815,6815_4,9979,30,11.150000000000091,16:35:41,16:45:43,16
6804_6__6815_4,6804,6804_6,6815,6815_4,2492,31,11.033333333333303,16:35:41,16:45:43,16
6804_6__6815_4,6804,6804_6,6815,6815_4,946,32,11.533333333333303,16:35:41,16:45:43,16
6804_6__6815_4,6804,6804_6,6815,6815_4,947,33,11.400000000000091,16:35:41,16:45:43,16
6804_6__6815_4,6804,6804_6,6815,6815_4,327,34,11.38333333333344,16:35:41,16:45:43,16
6804_6__6815_4,6804,6804_6,6815,6815_4,3284,35,11.983333333333348,16:35:41,16:45:43,16
6804_6__6815_4,6804,6804_6,6815,6815_4,3282,36,12.166666666666742,16:35:41,16:45:43,16
6804_6__6815_4,6804,6804_6,6815,6815_4,2583,37,11.38333333333344,16:35:41,16:45:43,16
6804_6__6815_4,6804,6804_6,6815,6815_4,2590,38,10.566666666666606,16:35:41,16:45:43,16
6804_6__6815_4,6804,6804_6,6815,6815_4,603,39,10.650000000000091,16:35:41,16:45:43,16
6804_7__6815_5,6804,6804_7,6815,6815_5,2984,2,12.399999999999864,19:22:10,19:34:34,19
6804_7__6815_5,6804,6804_7,6815,6815_5,2685,3,12.783333333333303,19:22:10,19:34:34,19
6804_7__6815_5,6804,6804_7,6815,6815_5,3649,4,13.666666666666742,19:22:10,19:34:34,19
6804_7__6815_5,6804,6804_7,6815,6815_5,3747,5,13.833333333333258,19:22:10,19:34:34,19
6804_7__6815_5,6804,6804_7,6815,6815_5,482,6,14.11666666666656,19:22:10,19:34:34,19
6804_7__6815_5,6804,6804_7,6815,6815_5,709,7,12.616666666666788,19:22:10,19:34:34,19
6804_7__6815_5,6804,6804_7,6815,6815_5,1577,8,13.266666666666652,19:22:10,19:34:34,19
6804_7__6815_5,6804,6804_7,6815,6815_5,990,9,14.349999999999909,19:22:10,19:34:34,19
6804_7__6815_5,6804,6804_7,6815,6815_5,109,10,14.38333333333344,19:22:10,19:34:34,19
6804_7__6815_5,6804,6804_7,6815,6815_5,396,11,14.200000000000045,19:22:10,19:34:34,19
6804_7__6815_5,6804,6804_7,6815,6815_5,1253,12,13.733333333333121,19:22:10,19:34:34,19
6804_7__6815_5,6804,6804_7,6815,6815_5,1554,13,12.383333333333212,19:22:10,19:34:34,19
6804_7__6815_5,6804,6804_7,6815,6815_5,1099,14,12.866666666666788,19:22:10,19:34:34,19
6804_7__6815_5,6804,6804_7,6815,6815_5,168,15,12.299999999999955,19:22:10,19:34:34,19
6804_7__6815_5,6804,6804_7,6815,6815_5,929,16,11.449999999999818,19:22:10,19:34:34,19
6804_7__6815_5,6804,6804_7,6815,6815_5,94,17,11.299999999999955,19:22:10,19:34:34,19
6804_7__6815_5,6804,6804_7,6815,6815_5,1080,18,10.666666666666742,19:22:10,19:34:34,19
6804_7__6815_5,6804,6804_7,6815,6815_5,146,19,10.700000000000045,19:22:10,19:34:34,19
6804_7__6815_5,6804,6804_7,6815,6815_5,1089,20,10.883333333333212,19:22:10,19:34:34,19
6804_7__6815_5,6804,6804_7,6815,6815_5,213,21,10.916666666666515,19:22:10,19:34:34,19
6804_7__6815_5,6804,6804_7,6815,6815_5,3907,22,11.450000000000045,19:22:10,19:34:34,19
6804_7__6815_5,6804,6804_7,6815,6815_5,949,23,12.5,19:22:10,19:34:34,19
6804_7__6815_5,6804,6804_7,6815,6815_5,913,24,12.966666666666697,19:22:10,19:34:34,19
6804_7__6815_5,6804,6804_7,6815,6815_5,307,25,12.483333333333348,19:22:10,19:34:34,19
6804_7__6815_5,6804,6804_7,6815,6815_5,212,26,12.366666666666788,19:22:10,19:34:34,19
6804_7__6815_5,6804,6804_7,6815,6815_5,2665,27,12.03333333333353,19:22:10,19:34:34,19
6804_7__6815_5,6804,6804_7,6815,6815_5,2736,28,13.483333333333348,19:22:10,19:34:34,19
6804_7__6815_5,6804,6804_7,6815,6815_5,705,29,12.599999999999909,19:22:10,19:34:34,19
6804_7__6815_5,6804,6804_7,6815,6815_5,9979,30,11.983333333333348,19:22:10,19:34:34,19
6804_7__6815_5,6804,6804_7,6815,6815_5,2492,31,12.049999999999955,19:22:10,19:34:34,19
6804_7__6815_5,6804,6804_7,6815,6815_5,946,32,15.049999999999955,19:22:10,19:34:34,19
6804_7__6815_5,6804,6804_7,6815,6815_5,947,33,14.849999999999909,19:22:10,19:34:34,19
6804_7__6815_5,6804,6804_7,6815,6815_5,327,34,14.583333333333258,19:22:10,19:34:34,19
6804_7__6815_5,6804,6804_7,6815,6815_5,3284,35,14.883333333333212,19:22:10,19:34:34,19
6804_7__6815_5,6804,6804_7,6815,6815_5,3282,36,15.900000000000091,19:22:10,19:34:34,19
6804_7__6815_5,6804,6804_7,6815,6815_5,2583,37,16.050000000000182,19:22:10,19:34:34,19
6804_7__6815_5,6804,6804_7,6815,6815_5,2590,38,15.0,19:22:10,19:34:34,19
6804_7__6815_5,6804,6804_7,6815,6815_5,603,39,14.88333333333344,19:22:10,19:34:34,19
6805_1__6809_2,6805,6805_1,6809,6809_2,3797,1,12.0,06:17:00,06:29:00,6
6805_1__6809_2,6805,6805_1,6809,6809_2,2984,2,12.700000000000045,06:17:00,06:29:00,6
6805_1__6809_2,6805,6805_1,6809,6809_2,2685,3,13.416666666666686,06:17:00,06:29:00,6
6805_1__6809_2,6805,6805_1,6809,6809_2,3649,4,13.300000000000011,06:17:00,06:29:00,6
6805_1__6809_2,6805,6805_1,6809,6809_2,3747,5,13.133333333333326,06:17:00,06:29:00,6
6805_1__6809_2,6805,6805_1,6809,6809_2,482,6,13.449999999999989,06:17:00,06:29:00,6
6805_1__6809_2,6805,6805_1,6809,6809_2,709,7,14.149999999999977,06:17:00,06:29:00,6
6805_1__6809_2,6805,6805_1,6809,6809_2,1577,8,12.733333333333292,06:17:00,06:29:00,6
6805_1__6809_2,6805,6805_1,6809,6809_2,990,9,14.033333333333303,06:17:00,06:29:00,6
6805_1__6809_2,6805,6805_1,6809,6809_2,109,10,14.883333333333326,06:17:00,06:29:00,6
6805_1__6809_2,6805,6805_1,6809,6809_2,396,11,13.899999999999977,06:17:00,06:29:00,6
6805_1__6809_2,6805,6805_1,6809,6809_2,1253,12,14.933333333333337,06:17:00,06:29:00,6
6805_1__6809_2,6805,6805_1,6809,6809_2,1554,13,13.5,06:17:00,06:29:00,6
6805_1__6809_2,6805,6805_1,6809,6809_2,1099,14,15.166666666666686,06:17:00,06:29:00,6
6805_1__6809_2,6805,6805_1,6809,6809_2,168,15,13.883333333333326,06:17:00,06:29:00,6
6805_1__6809_2,6805,6805_1,6809,6809_2,929,16,12.350000000000023,06:17:00,06:29:00,6
6805_1__6809_2,6805,6805_1,6809,6809_2,94,17,12.800000000000011,06:17:00,06:29:00,6
6805_1__6809_2,6805,6805_1,6809,6809_2,1080,18,12.733333333333348,06:17:00,06:29:00,6
6805_1__6809_2,6805,6805_1,6809,6809_2,146,19,12.733333333333292,06:17:00,06:29:00,6
6805_1__6809_2,6805,6805_1,6809,6809_2,1089,20,12.71666666666664,06:17:00,06:29:00,6
6805_1__6809_2,6805,6805_1,6809,6809_2,213,21,12.149999999999977,06:17:00,06:29:00,6
6805_1__6809_2,6805,6805_1,6809,6809_2,3907,22,11.333333333333371,06:17:00,06:29:00,6
6805_1__6809_2,6805,6805_1,6809,6809_2,949,23,12.183333333333337,06:17:00,06:29:00,6
6805_1__6809_2,6805,6805_1,6809,6809_2,913,24,12.449999999999989,06:17:00,06:29:00,6
6805_1__6809_2,6805,6805_1,6809,6809_2,307,25,12.366666666666674,06:17:00,06:29:00,6
6805_1__6809_2,6805,6805_1,6809,6809_2,212,26,12.233333333333348,06:17:00,06:29:00,6
6805_1__6809_2,6805,6805_1,6809,6809_2,2665,27,12.300000000000011,06:17:00,06:29:00,6
6805_1__6809_2,6805,6805_1,6809,6809_2,2736,28,10.833333333333371,06:17:00,06:29:00,6
6805_1__6809_2,6805,6805_1,6809,6809_2,705,29,11.96666666666664,06:17:00,06:29:00,6
6805_1__6809_2,6805,6805_1,6809,6809_2,9979,30,12.199999999999989,06:17:00,06:29:00,6
6805_1__6809_2,6805,6805_1,6809,6809_2,2492,31,12.766666666666652,06:17:00,06:29:00,6
6805_1__6809_2,6805,6805_1,6809,6809_2,946,32,12.866666666666674,06:17:00,06:29:00,6
6805_1__6809_2,6805,6805_1,6809,6809_2,947,33,11.683333333333337,06:17:00,06:29:00,6
6805_1__6809_2,6805,6805_1,6809,6809_2,327,34,11.600000000000023,06:17:00,06:29:00,6
6805_1__6809_2,6805,6805_1,6809,6809_2,3284,35,12.033333333333303,06:17:00,06:29:00,6
6805_1__6809_2,6805,6805_1,6809,6809_2,3282,36,13.266666666666708,06:17:00,06:29:00,6
6805_1__6809_2,6805,6805_1,6809,6809_2,2583,37,12.199999999999989,06:17:00,06:29:00,6
6805_1__6809_2,6805,6805_1,6809,6809_2,2590,38,12.199999999999989,06:17:00,06:29:00,6
6805_1__6809_2,6805,6805_1,6809,6809_2,603,39,12.916666666666629,06:17:00,06:29:00,6
6805_2__6809_3,6805,6805_2,6809,6809_3,3797,1,12.0,08:55:59,09:07:59,8
6805_2__6809_3,6805,6805_2,6809,6809_3,2984,2,11.866666666666674,08:55:59,09:07:59,8
6805_2__6809_3,6805,6805_2,6809,6809_3,2685,3,11.81666666666672,08:55:59,09:07:59,8
6805_2__6809_3,6805,6805_2,6809,6809_3,3649,4,11.75,08:55:59,09:07:59,8
6805_2__6809_3,6805,6805_2,6809,6809_3,3747,5,12.899999999999977,08:55:59,09:07:59,8
6805_2__6809_3,6805,6805_2,6809,6809_3,482,6,12.5,08:55:59,09:07:59,8
6805_2__6809_3,6805,6805_2,6809,6809_3,709,7,14.149999999999977,08:55:59,09:07:59,8
6805_2__6809_3,6805,6805_2,6809,6809_3,1577,8,12.833333333333258,08:55:59,09:07:59,8
6805_2__6809_3,6805,6805_2,6809,6809_3,990,9,12.866666666666674,08:55:59,09:07:59,8
6805_2__6809_3,6805,6805_2,6809,6809_3,109,10,12.633333333333326,08:55:59,09:07:59,8
6805_2__6809_3,6805,6805_2,6809,6809_3,396,11,12.783333333333417,08:55:59,09:07:59,8
6805_2__6809_3,6805,6805_2,6809,6809_3,1253,12,12.149999999999977,08:55:59,09:07:59,8
6805_2__6809_3,6805,6805_2,6809,6809_3,1554,13,13.0,08:55:59,09:07:59,8
6805_2__6809_3,6805,6805_2,6809,6809_3,1099,14,12.283333333333303,08:55:59,09:07:59,8
6805_2__6809_3,6805,6805_2,6809,6809_3,168,15,14.166666666666629,08:55:59,09:07:59,8
6805_2__6809_3,6805,6805_2,6809,6809_3,929,16,14.06666666666672,08:55:59,09:07:59,8
6805_2__6809_3,6805,6805_2,6809,6809_3,94,17,15.016666666666652,08:55:59,09:07:59,8
6805_2__6809_3,6805,6805_2,6809,6809_3,1080,18,15.016666666666652,08:55:59,09:07:59,8
6805_2__6809_3,6805,6805_2,6809,6809_3,146,19,14.083333333333371,08:55:59,09:07:59,8
6805_2__6809_3,6805,6805_2,6809,6809_3,1089,20,15.933333333333394,08:55:59,09:07:59,8
6805_2__6809_3,6805,6805_2,6809,6809_3,213,21,15.466666666666697,08:55:59,09:07:59,8
6805_2__6809_3,6805,6805_2,6809,6809_3,3907,22,14.833333333333371,08:55:59,09:07:59,8
6805_2__6809_3,6805,6805_2,6809,6809_3,949,23,13.016666666666652,08:55:59,09:07:59,8
6805_2__6809_3,6805,6805_2,6809,6809_3,913,24,13.483333333333348,08:55:59,09:07:59,8
6805_2__6809_3,6805,6805_2,6809,6809_3,307,25,13.550000000000068,08:55:59,09:07:59,8
6805_2__6809_3,6805,6805_2,6809,6809_3,212,26,12.983333333333348,08:55:59,09:07:59,8
6805_2__6809_3,6805,6805_2,6809,6809_3,2665,27,13.133333333333326,08:55:59,09:07:59,8
6805_2__6809_3,6805,6805_2,6809,6809_3,2736,28,12.633333333333326,08:55:59,09:07:59,8
6805_2__6809_3,6805,6805_2,6809,6809_3,705,29,13.683333333333394,08:55:59,09:07:59,8
6805_2__6809_3,6805,6805_2,6809,6809_3,9979,30,12.633333333333326,08:55:59,09:07:59,8
6805_2__6809_3,6805,6805_2,6809,6809_3,2492,31,11.199999999999932,08:55:59,09:07:59,8
6805_2__6809_3,6805,6805_2,6809,6809_3,946,32,10.81666666666672,08:55:59,09:07:59,8
6805_2__6809_3,6805,6805_2,6809,6809_3,947,33,9.549999999999955,08:55:59,09:07:59,8
6805_2__6809_3,6805,6805_2,6809,6809_3,327,34,10.149999999999977,08:55:59,09:07:59,8
6805_2__6809_3,6805,6805_2,6809,6809_3,3284,35,10.083333333333371,08:55:59,09:07:59,8
6805_2__6809_3,6805,6805_2,6809,6809_3,3282,36,12.300000000000068,08:55:59,09:07:59,8
6805_2__6809_3,6805,6805_2,6809,6809_3,2583,37,12.799999999999955,08:55:59,09:07:59,8
6805_2__6809_3,6805,6805_2,6809,6809_3,2590,38,12.266666666666652,08:55:59,09:07:59,8
6805_2__6809_3,6805,6805_2,6809,6809_3,603,39,11.56666666666672,08:55:59,09:07:59,8
6805_3__6809_4,6805,6805_3,6809,6809_4,3797,1,13.016666666666652,11:41:59,11:55:00,11
6805_3__6809_4,6805,6805_3,6809,6809_4,2984,2,12.733333333333235,11:41:59,11:55:00,11
6805_3__6809_4,6805,6805_3,6809,6809_4,2685,3,12.816666666666606,11:41:59,11:55:00,11
6805_3__6809_4,6805,6805_3,6809,6809_4,3649,4,13.433333333333394,11:41:59,11:55:00,11
6805_3__6809_4,6805,6805_3,6809,6809_4,3747,5,12.833333333333371,11:41:59,11:55:00,11
6805_3__6809_4,6805,6805_3,6809,6809_4,482,6,12.833333333333371,11:41:59,11:55:00,11
6805_3__6809_4,6805,6805_3,6809,6809_4,709,7,13.283333333333303,11:41:59,11:55:00,11
6805_3__6809_4,6805,6805_3,6809,6809_4,1577,8,12.850000000000023,11:41:59,11:55:00,11
6805_3__6809_4,6805,6805_3,6809,6809_4,990,9,12.416666666666629,11:41:59,11:55:00,11
6805_3__6809_4,6805,6805_3,6809,6809_4,109,10,14.533333333333303,11:41:59,11:55:00,11
6805_3__6809_4,6805,6805_3,6809,6809_4,396,11,14.36666666666656,11:41:59,11:55:00,11
6805_3__6809_4,6805,6805_3,6809,6809_4,1253,12,14.5,11:41:59,11:55:00,11
6805_3__6809_4,6805,6805_3,6809,6809_4,1554,13,14.049999999999955,11:41:59,11:55:00,11
6805_3__6809_4,6805,6805_3,6809,6809_4,1099,14,13.68333333333328,11:41:59,11:55:00,11
6805_3__6809_4,6805,6805_3,6809,6809_4,168,15,13.633333333333326,11:41:59,11:55:00,11
6805_3__6809_4,6805,6805_3,6809,6809_4,929,16,12.266666666666652,11:41:59,11:55:00,11
6805_3__6809_4,6805,6805_3,6809,6809_4,94,17,12.866666666666674,11:41:59,11:55:00,11
6805_3__6809_4,6805,6805_3,6809,6809_4,1080,18,12.833333333333258,11:41:59,11:55:00,11
6805_3__6809_4,6805,6805_3,6809,6809_4,146,19,12.849999999999909,11:41:59,11:55:00,11
6805_3__6809_4,6805,6805_3,6809,6809_4,1089,20,12.383333333333326,11:41:59,11:55:00,11
6805_3__6809_4,6805,6805_3,6809,6809_4,213,21,12.266666666666652,11:41:59,11:55:00,11
6805_3__6809_4,6805,6805_3,6809,6809_4,3907,22,11.200000000000045,11:41:59,11:55:00,11
6805_3__6809_4,6805,6805_3,6809,6809_4,949,23,10.666666666666629,11:41:59,11:55:00,11
6805_3__6809_4,6805,6805_3,6809,6809_4,913,24,10.5,11:41:59,11:55:00,11
6805_3__6809_4,6805,6805_3,6809,6809_4,307,25,9.483333333333348,11:41:59,11:55:00,11
6805_3__6809_4,6805,6805_3,6809,6809_4,212,26,8.93333333333328,11:41:59,11:55:00,11
6805_3__6809_4,6805,6805_3,6809,6809_4,2665,27,8.600000000000023,11:41:59,11:55:00,11
6805_3__6809_4,6805,6805_3,6809,6809_4,2736,28,8.633333333333326,11:41:59,11:55:00,11
6805_3__6809_4,6805,6805_3,6809,6809_4,705,29,8.93333333333328,11:41:59,11:55:00,11
6805_3__6809_4,6805,6805_3,6809,6809_4,9979,30,9.733333333333348,11:41:59,11:55:00,11
6805_3__6809_4,6805,6805_3,6809,6809_4,2492,31,9.549999999999955,11:41:59,11:55:00,11
6805_3__6809_4,6805,6805_3,6809,6809_4,946,32,8.649999999999977,11:41:59,11:55:00,11
6805_3__6809_4,6805,6805_3,6809,6809_4,947,33,6.683333333333394,11:41:59,11:55:00,11
6805_3__6809_4,6805,6805_3,6809,6809_4,327,34,6.616666666666674,11:41:59,11:55:00,11
6805_3__6809_4,6805,6805_3,6809,6809_4,3284,35,6.2666666666666515,11:41:59,11:55:00,11
6805_3__6809_4,6805,6805_3,6809,6809_4,3282,36,6.4833333333333485,11:41:59,11:55:00,11
6805_3__6809_4,6805,6805_3,6809,6809_4,2583,37,6.033333333333417,11:41:59,11:55:00,11
6805_3__6809_4,6805,6805_3,6809,6809_4,2590,38,5.783333333333303,11:41:59,11:55:00,11
6805_3__6809_4,6805,6805_3,6809,6809_4,603,39,5.5499999999999545,11:41:59,11:55:00,11
6805_4__6809_5,6805,6805_4,6809,6809_5,3797,1,12.0,14:24:00,14:36:00,14
6805_4__6809_5,6805,6805_4,6809,6809_5,2984,2,11.483333333333348,14:24:00,14:36:00,14
6805_4__6809_5,6805,6805_4,6809,6809_5,2685,3,11.216666666666583,14:24:00,14:36:00,14
6805_4__6809_5,6805,6805_4,6809,6809_5,3649,4,9.616666666666674,14:24:00,14:36:00,14
6805_4__6809_5,6805,6805_4,6809,6809_5,3747,5,9.516666666666652,14:24:00,14:36:00,14
6805_4__6809_5,6805,6805_4,6809,6809_5,482,6,9.483333333333348,14:24:00,14:36:00,14
6805_4__6809_5,6805,6805_4,6809,6809_5,709,7,9.066666666666606,14:24:00,14:36:00,14
6805_4__6809_5,6805,6805_4,6809,6809_5,1577,8,11.083333333333371,14:24:00,14:36:00,14
6805_4__6809_5,6805,6805_4,6809,6809_5,990,9,10.549999999999955,14:24:00,14:36:00,14
6805_4__6809_5,6805,6805_4,6809,6809_5,109,10,10.216666666666583,14:24:00,14:36:00,14
6805_4__6809_5,6805,6805_4,6809,6809_5,396,11,9.366666666666674,14:24:00,14:36:00,14
6805_4__6809_5,6805,6805_4,6809,6809_5,1253,12,9.066666666666606,14:24:00,14:36:00,14
6805_4__6809_5,6805,6805_4,6809,6809_5,1554,13,8.200000000000045,14:24:00,14:36:00,14
6805_4__6809_5,6805,6805_4,6809,6809_5,1099,14,8.850000000000023,14:24:00,14:36:00,14
6805_4__6809_5,6805,6805_4,6809,6809_5,168,15,9.283333333333303,14:24:00,14:36:00,14
6805_4__6809_5,6805,6805_4,6809,6809_5,929,16,9.583333333333258,14:24:00,14:36:00,14
6805_4__6809_5,6805,6805_4,6809,6809_5,94,17,9.649999999999977,14:24:00,14:36:00,14
6805_4__6809_5,6805,6805_4,6809,6809_5,1080,18,9.600000000000023,14:24:00,14:36:00,14
6805_4__6809_5,6805,6805_4,6809,6809_5,146,19,10.383333333333326,14:24:00,14:36:00,14
6805_4__6809_5,6805,6805_4,6809,6809_5,1089,20,10.25,14:24:00,14:36:00,14
6805_4__6809_5,6805,6805_4,6809,6809_5,213,21,9.966666666666697,14:24:00,14:36:00,14
6805_4__6809_5,6805,6805_4,6809,6809_5,3907,22,9.566666666666606,14:24:00,14:36:00,14
6805_4__6809_5,6805,6805_4,6809,6809_5,949,23,9.966666666666697,14:24:00,14:36:00,14
6805_4__6809_5,6805,6805_4,6809,6809_5,913,24,9.116666666666674,14:24:00,14:36:00,14
6805_4__6809_5,6805,6805_4,6809,6809_5,307,25,9.083333333333371,14:24:00,14:36:00,14
6805_4__6809_5,6805,6805_4,6809,6809_5,212,26,8.483333333333348,14:24:00,14:36:00,14
6805_4__6809_5,6805,6805_4,6809,6809_5,2665,27,8.833333333333371,14:24:00,14:36:00,14
6805_4__6809_5,6805,6805_4,6809,6809_5,2736,28,8.533333333333417,14:24:00,14:36:00,14
6805_4__6809_5,6805,6805_4,6809,6809_5,705,29,7.199999999999932,14:24:00,14:36:00,14
6805_4__6809_5,6805,6805_4,6809,6809_5,9979,30,7.383333333333326,14:24:00,14:36:00,14
6805_4__6809_5,6805,6805_4,6809,6809_5,2492,31,7.083333333333371,14:24:00,14:36:00,14
6805_4__6809_5,6805,6805_4,6809,6809_5,946,32,7.633333333333326,14:24:00,14:36:00,14
6805_4__6809_5,6805,6805_4,6809,6809_5,947,33,8.266666666666652,14:24:00,14:36:00,14
6805_4__6809_5,6805,6805_4,6809,6809_5,327,34,7.916666666666629,14:24:00,14:36:00,14
6805_4__6809_5,6805,6805_4,6809,6809_5,3284,35,7.600000000000023,14:24:00,14:36:00,14
6805_4__6809_5,6805,6805_4,6809,6809_5,3282,36,9.083333333333258,14:24:00,14:36:00,14
6805_4__6809_5,6805,6805_4,6809,6809_5,2583,37,7.583333333333371,14:24:00,14:36:00,14
6805_4__6809_5,6805,6805_4,6809,6809_5,2590,38,8.716666666666697,14:24:00,14:36:00,14
6805_4__6809_5,6805,6805_4,6809,6809_5,603,39,8.483333333333235,14:24:00,14:36:00,14
6805_5__6809_6,6805,6805_5,6809,6809_6,3797,1,14.016666666666652,17:11:59,17:26:00,17
6805_5__6809_6,6805,6805_5,6809,6809_6,2984,2,14.183333333333167,17:11:59,17:26:00,17
6805_5__6809_6,6805,6805_5,6809,6809_6,2685,3,13.96666666666647,17:11:59,17:26:00,17
6805_5__6809_6,6805,6805_5,6809,6809_6,3649,4,14.400000000000091,17:11:59,17:26:00,17
6805_5__6809_6,6805,6805_5,6809,6809_6,3747,5,14.166666666666515,17:11:59,17:26:00,17
6805_5__6809_6,6805,6805_5,6809,6809_6,482,6,14.033333333333303,17:11:59,17:26:00,17
6805_5__6809_6,6805,6805_5,6809,6809_6,709,7,13.666666666666742,17:11:59,17:26:00,17
6805_5__6809_6,6805,6805_5,6809,6809_6,1577,8,14.266666666666652,17:11:59,17:26:00,17
6805_5__6809_6,6805,6805_5,6809,6809_6,990,9,13.63333333333344,17:11:59,17:26:00,17
6805_5__6809_6,6805,6805_5,6809,6809_6,109,10,11.28333333333353,17:11:59,17:26:00,17
6805_5__6809_6,6805,6805_5,6809,6809_6,396,11,10.866666666666788,17:11:59,17:26:00,17
6805_5__6809_6,6805,6805_5,6809,6809_6,1253,12,11.149999999999864,17:11:59,17:26:00,17
6805_5__6809_6,6805,6805_5,6809,6809_6,1554,13,11.25,17:11:59,17:26:00,17
6805_5__6809_6,6805,6805_5,6809,6809_6,1099,14,11.766666666666652,17:11:59,17:26:00,17
6805_5__6809_6,6805,6805_5,6809,6809_6,168,15,11.433333333333167,17:11:59,17:26:00,17
6805_5__6809_6,6805,6805_5,6809,6809_6,929,16,9.549999999999955,17:11:59,17:26:00,17
6805_5__6809_6,6805,6805_5,6809,6809_6,94,17,9.533333333333303,17:11:59,17:26:00,17
6805_5__6809_6,6805,6805_5,6809,6809_6,1080,18,9.733333333333348,17:11:59,17:26:00,17
6805_5__6809_6,6805,6805_5,6809,6809_6,146,19,10.166666666666515,17:11:59,17:26:00,17
6805_5__6809_6,6805,6805_5,6809,6809_6,1089,20,9.433333333333394,17:11:59,17:26:00,17
6805_5__6809_6,6805,6805_5,6809,6809_6,213,21,10.066666666666606,17:11:59,17:26:00,17
6805_5__6809_6,6805,6805_5,6809,6809_6,3907,22,9.799999999999955,17:11:59,17:26:00,17
6805_5__6809_6,6805,6805_5,6809,6809_6,949,23,9.633333333333212,17:11:59,17:26:00,17
6805_5__6809_6,6805,6805_5,6809,6809_6,913,24,9.083333333333485,17:11:59,17:26:00,17
6805_5__6809_6,6805,6805_5,6809,6809_6,307,25,8.833333333333258,17:11:59,17:26:00,17
6805_5__6809_6,6805,6805_5,6809,6809_6,212,26,9.033333333333303,17:11:59,17:26:00,17
6805_5__6809_6,6805,6805_5,6809,6809_6,2665,27,8.983333333333348,17:11:59,17:26:00,17
6805_5__6809_6,6805,6805_5,6809,6809_6,2736,28,9.266666666666652,17:11:59,17:26:00,17
6805_5__6809_6,6805,6805_5,6809,6809_6,705,29,8.283333333333303,17:11:59,17:26:00,17
6805_5__6809_6,6805,6805_5,6809,6809_6,9979,30,9.833333333333258,17:11:59,17:26:00,17
6805_5__6809_6,6805,6805_5,6809,6809_6,2492,31,9.050000000000182,17:11:59,17:26:00,17
6805_5__6809_6,6805,6805_5,6809,6809_6,946,32,9.200000000000045,17:11:59,17:26:00,17
6805_5__6809_6,6805,6805_5,6809,6809_6,947,33,7.9833333333333485,17:11:59,17:26:00,17
6805_5__6809_6,6805,6805_5,6809,6809_6,327,34,8.5,17:11:59,17:26:00,17
6805_5__6809_6,6805,6805_5,6809,6809_6,3284,35,7.650000000000091,17:11:59,17:26:00,17
6805_5__6809_6,6805,6805_5,6809,6809_6,3282,36,7.866666666666788,17:11:59,17:26:00,17
6805_5__6809_6,6805,6805_5,6809,6809_6,2583,37,7.116666666666788,17:11:59,17:26:00,17
6805_5__6809_6,6805,6805_5,6809,6809_6,2590,38,7.149999999999864,17:11:59,17:26:00,17
6805_5__6809_6,6805,6805_5,6809,6809_6,603,39,5.8333333333332575,17:11:59,17:26:00,17
6805_6__6809_7,6805,6805_6,6809,6809_7,3797,1,15.0,20:05:00,20:20:00,20
6805_6__6809_7,6805,6805_6,6809,6809_7,2984,2,15.299999999999955,20:05:00,20:20:00,20
6805_6__6809_7,6805,6805_6,6809,6809_7,2685,3,15.200000000000045,20:05:00,20:20:00,20
6805_6__6809_7,6805,6805_6,6809,6809_7,3649,4,14.88333333333344,20:05:00,20:20:00,20
6805_6__6809_7,6805,6805_6,6809,6809_7,3747,5,14.766666666666652,20:05:00,20:20:00,20
6805_6__6809_7,6805,6805_6,6809,6809_7,482,6,15.483333333333348,20:05:00,20:20:00,20
6805_6__6809_7,6805,6805_6,6809,6809_7,709,7,15.966666666666697,20:05:00,20:20:00,20
6805_6__6809_7,6805,6805_6,6809,6809_7,1577,8,14.033333333333303,20:05:00,20:20:00,20
6805_6__6809_7,6805,6805_6,6809,6809_7,990,9,14.783333333333303,20:05:00,20:20:00,20
6805_6__6809_7,6805,6805_6,6809,6809_7,109,10,14.38333333333344,20:05:00,20:20:00,20
6805_6__6809_7,6805,6805_6,6809,6809_7,396,11,15.333333333333258,20:05:00,20:20:00,20
6805_6__6809_7,6805,6805_6,6809,6809_7,1253,12,15.25,20:05:00,20:20:00,20
6805_6__6809_7,6805,6805_6,6809,6809_7,1554,13,14.566666666666606,20:05:00,20:20:00,20
6805_6__6809_7,6805,6805_6,6809,6809_7,1099,14,13.850000000000136,20:05:00,20:20:00,20
6805_6__6809_7,6805,6805_6,6809,6809_7,168,15,14.11666666666656,20:05:00,20:20:00,20
6805_6__6809_7,6805,6805_6,6809,6809_7,929,16,14.03333333333353,20:05:00,20:20:00,20
6805_6__6809_7,6805,6805_6,6809,6809_7,94,17,14.766666666666652,20:05:00,20:20:00,20
6805_6__6809_7,6805,6805_6,6809,6809_7,1080,18,14.216666666666697,20:05:00,20:20:00,20
6805_6__6809_7,6805,6805_6,6809,6809_7,146,19,15.450000000000045,20:05:00,20:20:00,20
6805_6__6809_7,6805,6805_6,6809,6809_7,1089,20,16.066666666666833,20:05:00,20:20:00,20
6805_6__6809_7,6805,6805_6,6809,6809_7,213,21,16.98333333333335,20:05:00,20:20:00,20
6805_6__6809_7,6805,6805_6,6809,6809_7,3907,22,17.716666666666697,20:05:00,20:20:00,20
6805_6__6809_7,6805,6805_6,6809,6809_7,949,23,16.833333333333258,20:05:00,20:20:00,20
6805_6__6809_7,6805,6805_6,6809,6809_7,913,24,16.466666666666697,20:05:00,20:20:00,20
6805_6__6809_7,6805,6805_6,6809,6809_7,307,25,16.600000000000136,20:05:00,20:20:00,20
6805_6__6809_7,6805,6805_6,6809,6809_7,212,26,16.649999999999864,20:05:00,20:20:00,20
6805_6__6809_7,6805,6805_6,6809,6809_7,2665,27,16.38333333333344,20:05:00,20:20:00,20
6805_6__6809_7,6805,6805_6,6809,6809_7,2736,28,16.333333333333258,20:05:00,20:20:00,20
6805_6__6809_7,6805,6805_6,6809,6809_7,705,29,16.866666666666788,20:05:00,20:20:00,20
6805_6__6809_7,6805,6805_6,6809,6809_7,9979,30,16.549999999999955,20:05:00,20:20:00,20
6805_6__6809_7,6805,6805_6,6809,6809_7,2492,31,16.73333333333335,20:05:00,20:20:00,20
6805_6__6809_7,6805,6805_6,6809,6809_7,946,32,15.800000000000182,20:05:00,20:20:00,20
6805_6__6809_7,6805,6805_6,6809,6809_7,947,33,15.233333333333348,20:05:00,20:20:00,20
6805_6__6809_7,6805,6805_6,6809,6809_7,327,34,16.533333333333303,20:05:00,20:20:00,20
6805_6__6809_7,6805,6805_6,6809,6809_7,3284,35,16.600000000000136,20:05:00,20:20:00,20
6805_6__6809_7,6805,6805_6,6809,6809_7,3282,36,15.466666666666697,20:05:00,20:20:00,20
6805_6__6809_7,6805,6805_6,6809,6809_7,2583,37,15.049999999999955,20:05:00,20:20:00,20
6805_6__6809_7,6805,6805_6,6809,6809_7,2590,38,14.650000000000091,20:05:00,20:20:00,20
6805_6__6809_7,6805,6805_6,6809,6809_7,603,39,15.150000000000091,20:05:00,20:20:00,20
6808_1__6810_2,6808,6808_1,6810,6810_2,3797,1,11.983333333333348,06:41:00,06:52:59,6
6808_1__6810_2,6808,6808_1,6810,6810_2,2984,2,9.516666666666652,06:41:00,06:52:59,6
6808_1__6810_2,6808,6808_1,6810,6810_2,2685,3,9.483333333333348,06:41:00,06:52:59,6
6808_1__6810_2,6808,6808_1,6810,6810_2,3649,4,9.683333333333337,06:41:00,06:52:59,6
6808_1__6810_2,6808,6808_1,6810,6810_2,3747,5,9.699999999999989,06:41:00,06:52:59,6
6808_1__6810_2,6808,6808_1,6810,6810_2,482,6,9.066666666666663,06:41:00,06:52:59,6
6808_1__6810_2,6808,6808_1,6810,6810_2,709,7,7.566666666666663,06:41:00,06:52:59,6
6808_1__6810_2,6808,6808_1,6810,6810_2,1577,8,7.183333333333337,06:41:00,06:52:59,6
6808_1__6810_2,6808,6808_1,6810,6810_2,990,9,7.5,06:41:00,06:52:59,6
6808_1__6810_2,6808,6808_1,6810,6810_2,109,10,6.2333333333333485,06:41:00,06:52:59,6
6808_1__6810_2,6808,6808_1,6810,6810_2,396,11,5.166666666666629,06:41:00,06:52:59,6
6808_1__6810_2,6808,6808_1,6810,6810_2,1253,12,5.150000000000034,06:41:00,06:52:59,6
6808_1__6810_2,6808,6808_1,6810,6810_2,1554,13,5.883333333333326,06:41:00,06:52:59,6
6808_1__6810_2,6808,6808_1,6810,6810_2,1099,14,6.0166666666666515,06:41:00,06:52:59,6
6808_1__6810_2,6808,6808_1,6810,6810_2,168,15,5.9833333333333485,06:41:00,06:52:59,6
6808_1__6810_2,6808,6808_1,6810,6810_2,929,16,5.833333333333314,06:41:00,06:52:59,6
6808_1__6810_2,6808,6808_1,6810,6810_2,94,17,6.399999999999977,06:41:00,06:52:59,6
6808_1__6810_2,6808,6808_1,6810,6810_2,1080,18,6.083333333333314,06:41:00,06:52:59,6
6808_1__6810_2,6808,6808_1,6810,6810_2,146,19,5.800000000000011,06:41:00,06:52:59,6
6808_1__6810_2,6808,6808_1,6810,6810_2,1089,20,5.75,06:41:00,06:52:59,6
6808_1__6810_2,6808,6808_1,6810,6810_2,213,21,7.066666666666663,06:41:00,06:52:59,6
6808_1__6810_2,6808,6808_1,6810,6810_2,3907,22,6.583333333333314,06:41:00,06:52:59,6
6808_1__6810_2,6808,6808_1,6810,6810_2,949,23,5.933333333333337,06:41:00,06:52:59,6
6808_1__6810_2,6808,6808_1,6810,6810_2,913,24,5.5166666666666515,06:41:00,06:52:59,6
6808_1__6810_2,6808,6808_1,6810,6810_2,307,25,5.383333333333326,06:41:00,06:52:59,6
6808_1__6810_2,6808,6808_1,6810,6810_2,212,26,6.316666666666663,06:41:00,06:52:59,6
6808_1__6810_2,6808,6808_1,6810,6810_2,2665,27,7.066666666666663,06:41:00,06:52:59,6
6808_1__6810_2,6808,6808_1,6810,6810_2,2736,28,6.883333333333326,06:41:00,06:52:59,6
6808_1__6810_2,6808,6808_1,6810,6810_2,705,29,5.199999999999989,06:41:00,06:52:59,6
6808_1__6810_2,6808,6808_1,6810,6810_2,9979,30,4.550000000000011,06:41:00,06:52:59,6
6808_1__6810_2,6808,6808_1,6810,6810_2,2492,31,4.933333333333337,06:41:00,06:52:59,6
6808_1__6810_2,6808,6808_1,6810,6810_2,946,32,5.150000000000034,06:41:00,06:52:59,6
6808_1__6810_2,6808,6808_1,6810,6810_2,947,33,4.849999999999966,06:41:00,06:52:59,6
6808_1__6810_2,6808,6808_1,6810,6810_2,327,34,4.066666666666663,06:41:00,06:52:59,6
6808_1__6810_2,6808,6808_1,6810,6810_2,3284,35,3.78333333333336,06:41:00,06:52:59,6
6808_1__6810_2,6808,6808_1,6810,6810_2,3282,36,4.666666666666686,06:41:00,06:52:59,6
6808_1__6810_2,6808,6808_1,6810,6810_2,2583,37,2.9833333333332916,06:41:00,06:52:59,6
6808_1__6810_2,6808,6808_1,6810,6810_2,2590,38,2.6666666666666288,06:41:00,06:52:59,6
6808_1__6810_2,6808,6808_1,6810,6810_2,603,39,3.150000000000034,06:41:00,06:52:59,6
6808_2__6810_3,6808,6808_2,6810,6810_3,3797,1,12.0,09:21:00,09:33:00,9
6808_2__6810_3,6808,6808_2,6810,6810_3,2984,2,10.900000000000091,09:21:00,09:33:00,9
6808_2__6810_3,6808,6808_2,6810,6810_3,2685,3,10.75,09:21:00,09:33:00,9
6808_2__6810_3,6808,6808_2,6810,6810_3,3649,4,10.966666666666583,09:21:00,09:33:00,9
6808_2__6810_3,6808,6808_2,6810,6810_3,3747,5,11.316666666666606,09:21:00,09:33:00,9
6808_2__6810_3,6808,6808_2,6810,6810_3,482,6,10.849999999999909,09:21:00,09:33:00,9
6808_2__6810_3,6808,6808_2,6810,6810_3,709,7,10.983333333333348,09:21:00,09:33:00,9
6808_2__6810_3,6808,6808_2,6810,6810_3,1577,8,10.866666666666674,09:21:00,09:33:00,9
6808_2__6810_3,6808,6808_2,6810,6810_3,990,9,9.516666666666765,09:21:00,09:33:00,9
6808_2__6810_3,6808,6808_2,6810,6810_3,109,10,9.283333333333303,09:21:00,09:33:00,9
6808_2__6810_3,6808,6808_2,6810,6810_3,396,11,8.816666666666606,09:21:00,09:33:00,9
6808_2__6810_3,6808,6808_2,6810,6810_3,1253,12,9.766666666666652,09:21:00,09:33:00,9
6808_2__6810_3,6808,6808_2,6810,6810_3,1554,13,8.933333333333394,09:21:00,09:33:00,9
6808_2__6810_3,6808,6808_2,6810,6810_3,1099,14,9.299999999999955,09:21:00,09:33:00,9
6808_2__6810_3,6808,6808_2,6810,6810_3,168,15,8.083333333333371,09:21:00,09:33:00,9
6808_2__6810_3,6808,6808_2,6810,6810_3,929,16,6.8333333333332575,09:21:00,09:33:00,9
6808_2__6810_3,6808,6808_2,6810,6810_3,94,17,7.68333333333328,09:21:00,09:33:00,9
6808_2__6810_3,6808,6808_2,6810,6810_3,1080,18,8.049999999999955,09:21:00,09:33:00,9
6808_2__6810_3,6808,6808_2,6810,6810_3,146,19,6.783333333333303,09:21:00,09:33:00,9
6808_2__6810_3,6808,6808_2,6810,6810_3,1089,20,6.9500000000000455,09:21:00,09:33:00,9
6808_2__6810_3,6808,6808_2,6810,6810_3,213,21,5.916666666666629,09:21:00,09:33:00,9
6808_2__6810_3,6808,6808_2,6810,6810_3,3907,22,6.466666666666697,09:21:00,09:33:00,9
6808_2__6810_3,6808,6808_2,6810,6810_3,949,23,5.083333333333371,09:21:00,09:33:00,9
6808_2__6810_3,6808,6808_2,6810,6810_3,913,24,5.816666666666606,09:21:00,09:33:00,9
6808_2__6810_3,6808,6808_2,6810,6810_3,307,25,4.916666666666629,09:21:00,09:33:00,9
6808_2__6810_3,6808,6808_2,6810,6810_3,212,26,4.4500000000000455,09:21:00,09:33:00,9
6808_2__6810_3,6808,6808_2,6810,6810_3,2665,27,4.93333333333328,09:21:00,09:33:00,9
6808_2__6810_3,6808,6808_2,6810,6810_3,2736,28,4.0,09:21:00,09:33:00,9
6808_2__6810_3,6808,6808_2,6810,6810_3,705,29,2.9333333333332803,09:21:00,09:33:00,9
6808_2__6810_3,6808,6808_2,6810,6810_3,9979,30,1.2000000000000455,09:21:00,09:33:00,9
6808_2__6810_3,6808,6808_2,6810,6810_3,2492,31,1.7000000000000455,09:21:00,09:33:00,9
6808_2__6810_3,6808,6808_2,6810,6810_3,946,32,1.5833333333332575,09:21:00,09:33:00,9
6808_2__6810_3,6808,6808_2,6810,6810_3,947,33,2.1499999999999773,09:21:00,09:33:00,9
6808_2__6810_3,6808,6808_2,6810,6810_3,327,34,1.8000000000000682,09:21:00,09:33:00,9
6808_2__6810_3,6808,6808_2,6810,6810_3,3284,35,1.8666666666666742,09:21:00,09:33:00,9
6808_2__6810_3,6808,6808_2,6810,6810_3,3282,36,1.066666666666606,09:21:00,09:33:00,9
6808_3__6810_4,6808,6808_3,6810,6810_4,3797,1,12.0,12:07:59,12:19:59,12
6808_3__6810_4,6808,6808_3,6810,6810_4,2984,2,12.916666666666742,12:07:59,12:19:59,12
6808_3__6810_4,6808,6808_3,6810,6810_4,2685,3,12.716666666666697,12:07:59,12:19:59,12
6808_3__6810_4,6808,6808_3,6810,6810_4,3649,4,14.633333333333326,12:07:59,12:19:59,12
6808_3__6810_4,6808,6808_3,6810,6810_4,3747,5,14.0,12:07:59,12:19:59,12
6808_3__6810_4,6808,6808_3,6810,6810_4,482,6,13.633333333333326,12:07:59,12:19:59,12
6808_3__6810_4,6808,6808_3,6810,6810_4,709,7,12.649999999999977,12:07:59,12:19:59,12
6808_3__6810_4,6808,6808_3,6810,6810_4,1577,8,10.700000000000045,12:07:59,12:19:59,12
6808_3__6810_4,6808,6808_3,6810,6810_4,109,10,12.533333333333303,12:07:59,12:19:59,12
6808_3__6810_4,6808,6808_3,6810,6810_4,396,11,10.950000000000045,12:07:59,12:19:59,12
6808_3__6810_4,6808,6808_3,6810,6810_4,1253,12,11.266666666666765,12:07:59,12:19:59,12
6808_3__6810_4,6808,6808_3,6810,6810_4,1554,13,10.850000000000023,12:07:59,12:19:59,12
6808_3__6810_4,6808,6808_3,6810,6810_4,1099,14,11.083333333333258,12:07:59,12:19:59,12
6808_3__6810_4,6808,6808_3,6810,6810_4,168,15,11.766666666666652,12:07:59,12:19:59,12
6808_3__6810_4,6808,6808_3,6810,6810_4,929,16,11.06666666666672,12:07:59,12:19:59,12
6808_3__6810_4,6808,6808_3,6810,6810_4,94,17,10.983333333333235,12:07:59,12:19:59,12
6808_3__6810_4,6808,6808_3,6810,6810_4,1080,18,11.716666666666583,12:07:59,12:19:59,12
6808_3__6810_4,6808,6808_3,6810,6810_4,146,19,10.450000000000045,12:07:59,12:19:59,12
6808_3__6810_4,6808,6808_3,6810,6810_4,1089,20,10.450000000000045,12:07:59,12:19:59,12
6808_3__6810_4,6808,6808_3,6810,6810_4,213,21,10.75,12:07:59,12:19:59,12
6808_3__6810_4,6808,6808_3,6810,6810_4,3907,22,9.566666666666606,12:07:59,12:19:59,12
6808_3__6810_4,6808,6808_3,6810,6810_4,949,23,9.166666666666629,12:07:59,12:19:59,12
6808_3__6810_4,6808,6808_3,6810,6810_4,913,24,10.0,12:07:59,12:19:59,12
6808_3__6810_4,6808,6808_3,6810,6810_4,307,25,10.600000000000023,12:07:59,12:19:59,12
6808_3__6810_4,6808,6808_3,6810,6810_4,212,26,10.283333333333303,12:07:59,12:19:59,12
6808_3__6810_4,6808,6808_3,6810,6810_4,2665,27,10.600000000000023,12:07:59,12:19:59,12
6808_3__6810_4,6808,6808_3,6810,6810_4,2736,28,10.449999999999932,12:07:59,12:19:59,12
6808_3__6810_4,6808,6808_3,6810,6810_4,705,29,9.283333333333303,12:07:59,12:19:59,12
6808_3__6810_4,6808,6808_3,6810,6810_4,9979,30,10.649999999999977,12:07:59,12:19:59,12
6808_3__6810_4,6808,6808_3,6810,6810_4,2492,31,10.600000000000023,12:07:59,12:19:59,12
6808_3__6810_4,6808,6808_3,6810,6810_4,946,32,10.083333333333371,12:07:59,12:19:59,12
6808_3__6810_4,6808,6808_3,6810,6810_4,947,33,9.68333333333328,12:07:59,12:19:59,12
6808_3__6810_4,6808,6808_3,6810,6810_4,327,34,9.81666666666672,12:07:59,12:19:59,12
6808_3__6810_4,6808,6808_3,6810,6810_4,3284,35,10.43333333333328,12:07:59,12:19:59,12
6808_3__6810_4,6808,6808_3,6810,6810_4,3282,36,10.983333333333348,12:07:59,12:19:59,12
6808_3__6810_4,6808,6808_3,6810,6810_4,2583,37,10.583333333333371,12:07:59,12:19:59,12
6808_3__6810_4,6808,6808_3,6810,6810_4,2590,38,10.566666666666606,12:07:59,12:19:59,12
6808_3__6810_4,6808,6808_3,6810,6810_4,603,39,10.216666666666697,12:07:59,12:19:59,12
6808_4__6810_5,6808,6808_4,6810,6810_5,3797,1,13.016666666666652,14:48:59,15:02:00,14
6808_4__6810_5,6808,6808_4,6810,6810_5,2984,2,12.833333333333258,14:48:59,15:02:00,14
6808_4__6810_5,6808,6808_4,6810,6810_5,2685,3,12.899999999999977,14:48:59,15:02:00,14
6808_4__6810_5,6808,6808_4,6810,6810_5,3649,4,12.783333333333303,14:48:59,15:02:00,14
6808_4__6810_5,6808,6808_4,6810,6810_5,3747,5,12.399999999999977,14:48:59,15:02:00,14
6808_4__6810_5,6808,6808_4,6810,6810_5,482,6,12.666666666666629,14:48:59,15:02:00,14
6808_4__6810_5,6808,6808_4,6810,6810_5,709,7,13.066666666666606,14:48:59,15:02:00,14
6808_4__6810_5,6808,6808_4,6810,6810_5,1577,8,12.81666666666672,14:48:59,15:02:00,14
6808_4__6810_5,6808,6808_4,6810,6810_5,990,9,14.050000000000068,14:48:59,15:02:00,14
6808_4__6810_5,6808,6808_4,6810,6810_5,109,10,13.533333333333303,14:48:59,15:02:00,14
6808_4__6810_5,6808,6808_4,6810,6810_5,396,11,14.216666666666697,14:48:59,15:02:00,14
6808_4__6810_5,6808,6808_4,6810,6810_5,1253,12,14.649999999999977,14:48:59,15:02:00,14
6808_4__6810_5,6808,6808_4,6810,6810_5,1554,13,14.233333333333348,14:48:59,15:02:00,14
6808_4__6810_5,6808,6808_4,6810,6810_5,1099,14,14.449999999999932,14:48:59,15:02:00,14
6808_4__6810_5,6808,6808_4,6810,6810_5,168,15,15.966666666666697,14:48:59,15:02:00,14
6808_4__6810_5,6808,6808_4,6810,6810_5,929,16,15.450000000000045,14:48:59,15:02:00,14
6808_4__6810_5,6808,6808_4,6810,6810_5,94,17,15.916666666666629,14:48:59,15:02:00,14
6808_4__6810_5,6808,6808_4,6810,6810_5,1080,18,16.5,14:48:59,15:02:00,14
6808_4__6810_5,6808,6808_4,6810,6810_5,146,19,16.133333333333326,14:48:59,15:02:00,14
6808_4__6810_5,6808,6808_4,6810,6810_5,1089,20,16.416666666666742,14:48:59,15:02:00,14
6808_4__6810_5,6808,6808_4,6810,6810_5,213,21,17.83333333333337,14:48:59,15:02:00,14
6808_4__6810_5,6808,6808_4,6810,6810_5,3907,22,17.5,14:48:59,15:02:00,14
6808_4__6810_5,6808,6808_4,6810,6810_5,949,23,17.633333333333326,14:48:59,15:02:00,14
6808_4__6810_5,6808,6808_4,6810,6810_5,913,24,18.23333333333335,14:48:59,15:02:00,14
6808_4__6810_5,6808,6808_4,6810,6810_5,307,25,18.75,14:48:59,15:02:00,14
6808_4__6810_5,6808,6808_4,6810,6810_5,212,26,18.199999999999932,14:48:59,15:02:00,14
6808_4__6810_5,6808,6808_4,6810,6810_5,2665,27,18.200000000000045,14:48:59,15:02:00,14
6808_4__6810_5,6808,6808_4,6810,6810_5,2736,28,17.850000000000023,14:48:59,15:02:00,14
6808_4__6810_5,6808,6808_4,6810,6810_5,705,29,18.899999999999977,14:48:59,15:02:00,14
6808_4__6810_5,6808,6808_4,6810,6810_5,9979,30,18.68333333333328,14:48:59,15:02:00,14
6808_4__6810_5,6808,6808_4,6810,6810_5,2492,31,17.949999999999932,14:48:59,15:02:00,14
6808_4__6810_5,6808,6808_4,6810,6810_5,946,32,18.299999999999955,14:48:59,15:02:00,14
6808_4__6810_5,6808,6808_4,6810,6810_5,947,33,18.25,14:48:59,15:02:00,14
6808_4__6810_5,6808,6808_4,6810,6810_5,327,34,17.616666666666674,14:48:59,15:02:00,14
6808_4__6810_5,6808,6808_4,6810,6810_5,3284,35,17.366666666666674,14:48:59,15:02:00,14
6808_4__6810_5,6808,6808_4,6810,6810_5,3282,36,17.65000000000009,14:48:59,15:02:00,14
6808_4__6810_5,6808,6808_4,6810,6810_5,2583,37,18.81666666666672,14:48:59,15:02:00,14
6808_4__6810_5,6808,6808_4,6810,6810_5,2590,38,18.166666666666742,14:48:59,15:02:00,14
6808_4__6810_5,6808,6808_4,6810,6810_5,603,39,18.899999999999977,14:48:59,15:02:00,14
6808_5__6810_6,6808,6808_5,6810,6810_6,3797,1,13.0,17:40:00,17:53:00,17
6808_5__6810_6,6808,6808_5,6810,6810_6,2984,2,14.299999999999955,17:40:00,17:53:00,17
6808_5__6810_6,6808,6808_5,6810,6810_6,2685,3,14.900000000000091,17:40:00,17:53:00,17
6808_5__6810_6,6808,6808_5,6810,6810_6,3649,4,16.84999999999991,17:40:00,17:53:00,17
6808_5__6810_6,6808,6808_5,6810,6810_6,3747,5,17.86666666666656,17:40:00,17:53:00,17
6808_5__6810_6,6808,6808_5,6810,6810_6,482,6,17.833333333333258,17:40:00,17:53:00,17
6808_5__6810_6,6808,6808_5,6810,6810_6,709,7,18.59999999999991,17:40:00,17:53:00,17
6808_5__6810_6,6808,6808_5,6810,6810_6,1577,8,20.683333333333394,17:40:00,17:53:00,17
6808_5__6810_6,6808,6808_5,6810,6810_6,990,9,20.583333333333258,17:40:00,17:53:00,17
6808_5__6810_6,6808,6808_5,6810,6810_6,109,10,20.600000000000136,17:40:00,17:53:00,17
6808_5__6810_6,6808,6808_5,6810,6810_6,396,11,20.433333333333394,17:40:00,17:53:00,17
6808_5__6810_6,6808,6808_5,6810,6810_6,1253,12,20.200000000000045,17:40:00,17:53:00,17
6808_5__6810_6,6808,6808_5,6810,6810_6,1554,13,21.666666666666742,17:40:00,17:53:00,17
6808_5__6810_6,6808,6808_5,6810,6810_6,1099,14,19.649999999999864,17:40:00,17:53:00,17
6808_5__6810_6,6808,6808_5,6810,6810_6,168,15,22.216666666666697,17:40:00,17:53:00,17
6808_5__6810_6,6808,6808_5,6810,6810_6,929,16,22.26666666666665,17:40:00,17:53:00,17
6808_5__6810_6,6808,6808_5,6810,6810_6,94,17,22.450000000000045,17:40:00,17:53:00,17
6808_5__6810_6,6808,6808_5,6810,6810_6,1080,18,22.26666666666665,17:40:00,17:53:00,17
6808_5__6810_6,6808,6808_5,6810,6810_6,146,19,23.049999999999955,17:40:00,17:53:00,17
6808_5__6810_6,6808,6808_5,6810,6810_6,1089,20,22.166666666666742,17:40:00,17:53:00,17
6808_5__6810_6,6808,6808_5,6810,6810_6,213,21,23.666666666666742,17:40:00,17:53:00,17
6808_5__6810_6,6808,6808_5,6810,6810_6,3907,22,22.200000000000045,17:40:00,17:53:00,17
6808_5__6810_6,6808,6808_5,6810,6810_6,949,23,22.88333333333344,17:40:00,17:53:00,17
6808_5__6810_6,6808,6808_5,6810,6810_6,913,24,23.066666666666606,17:40:00,17:53:00,17
6808_5__6810_6,6808,6808_5,6810,6810_6,307,25,22.700000000000045,17:40:00,17:53:00,17
6808_5__6810_6,6808,6808_5,6810,6810_6,212,26,22.84999999999991,17:40:00,17:53:00,17
6808_5__6810_6,6808,6808_5,6810,6810_6,2665,27,23.100000000000136,17:40:00,17:53:00,17
6808_5__6810_6,6808,6808_5,6810,6810_6,2736,28,22.216666666666697,17:40:00,17:53:00,17
6808_5__6810_6,6808,6808_5,6810,6810_6,946,32,23.84999999999991,17:40:00,17:53:00,17
6808_5__6810_6,6808,6808_5,6810,6810_6,947,33,22.799999999999955,17:40:00,17:53:00,17
6808_5__6810_6,6808,6808_5,6810,6810_6,327,34,23.966666666666697,17:40:00,17:53:00,17
6808_5__6810_6,6808,6808_5,6810,6810_6,3284,35,23.316666666666833,17:40:00,17:53:00,17
6808_5__6810_6,6808,6808_5,6810,6810_6,3282,36,22.200000000000045,17:40:00,17:53:00,17
6808_5__6810_6,6808,6808_5,6810,6810_6,2583,37,22.90000000000009,17:40:00,17:53:00,17
6808_5__6810_6,6808,6808_5,6810,6810_6,2590,38,23.450000000000045,17:40:00,17:53:00,17
6809_1__6810_1,6809,6809_1,6810,6810_1,2685,3,16.48333333333332,04:09:25,04:25:54,4
6809_1__6810_1,6809,6809_1,6810,6810_1,3649,4,16.98333333333335,04:09:25,04:25:54,4
6809_1__6810_1,6809,6809_1,6810,6810_1,3747,5,17.166666666666657,04:09:25,04:25:54,4
6809_1__6810_1,6809,6809_1,6810,6810_1,482,6,17.100000000000023,04:09:25,04:25:54,4
6809_1__6810_1,6809,6809_1,6810,6810_1,709,7,17.366666666666674,04:09:25,04:25:54,4
6809_1__6810_1,6809,6809_1,6810,6810_1,1577,8,18.649999999999977,04:09:25,04:25:54,4
6809_1__6810_1,6809,6809_1,6810,6810_1,990,9,18.25,04:09:25,04:25:54,4
6809_1__6810_1,6809,6809_1,6810,6810_1,109,10,17.80000000000001,04:09:25,04:25:54,4
6809_1__6810_1,6809,6809_1,6810,6810_1,396,11,18.19999999999999,04:09:25,04:25:54,4
6809_1__6810_1,6809,6809_1,6810,6810_1,1253,12,18.450000000000045,04:09:25,04:25:54,4
6809_1__6810_1,6809,6809_1,6810,6810_1,1099,14,19.716666666666697,04:09:25,04:25:54,4
6809_1__6810_1,6809,6809_1,6810,6810_1,168,15,19.80000000000001,04:09:25,04:25:54,4
6809_1__6810_1,6809,6809_1,6810,6810_1,929,16,20.21666666666664,04:09:25,04:25:54,4
6809_1__6810_1,6809,6809_1,6810,6810_1,94,17,21.116666666666674,04:09:25,04:25:54,4
6809_1__6810_1,6809,6809_1,6810,6810_1,1080,18,21.78333333333336,04:09:25,04:25:54,4
6809_1__6810_1,6809,6809_1,6810,6810_1,146,19,21.899999999999977,04:09:25,04:25:54,4
6809_1__6810_1,6809,6809_1,6810,6810_1,213,21,19.98333333333329,04:09:25,04:25:54,4
6809_1__6810_1,6809,6809_1,6810,6810_1,3907,22,21.03333333333336,04:09:25,04:25:54,4
6809_1__6810_1,6809,6809_1,6810,6810_1,949,23,20.933333333333337,04:09:25,04:25:54,4
6809_1__6810_1,6809,6809_1,6810,6810_1,913,24,22.0,04:09:25,04:25:54,4
6809_1__6810_1,6809,6809_1,6810,6810_1,307,25,21.649999999999977,04:09:25,04:25:54,4
6809_1__6810_1,6809,6809_1,6810,6810_1,2665,27,22.19999999999999,04:09:25,04:25:54,4
6809_1__6810_1,6809,6809_1,6810,6810_1,2736,28,22.69999999999999,04:09:25,04:25:54,4
6809_1__6810_1,6809,6809_1,6810,6810_1,705,29,23.25,04:09:25,04:25:54,4
6809_1__6810_1,6809,6809_1,6810,6810_1,9979,30,23.399999999999977,04:09:25,04:25:54,4
6809_1__6810_1,6809,6809_1,6810,6810_1,2492,31,23.616666666666674,04:09:25,04:25:54,4
6809_1__6810_1,6809,6809_1,6810,6810_1,946,32,23.73333333333329,04:09:25,04:25:54,4
6809_1__6810_1,6809,6809_1,6810,6810_1,947,33,23.44999999999999,04:09:25,04:25:54,4
6809_1__6810_1,6809,6809_1,6810,6810_1,327,34,23.100000000000023,04:09:25,04:25:54,4
6809_1__6810_1,6809,6809_1,6810,6810_1,3284,35,22.83333333333337,04:09:25,04:25:54,4
6809_1__6810_1,6809,6809_1,6810,6810_1,3282,36,22.433333333333337,04:09:25,04:25:54,4
6809_1__6810_1,6809,6809_1,6810,6810_1,2583,37,21.26666666666671,04:09:25,04:25:54,4
6809_1__6810_1,6809,6809_1,6810,6810_1,2590,38,21.46666666666664,04:09:25,04:25:54,4
6809_1__6810_1,6809,6809_1,6810,6810_1,603,39,21.166666666666686,04:09:25,04:25:54,4
6809_2__6808_1,6809,6809_2,6808,6808_1,3797,1,12.0,06:29:00,06:41:00,6
6809_2__6808_1,6809,6809_2,6808,6808_1,2984,2,13.099999999999966,06:29:00,06:41:00,6
6809_2__6808_1,6809,6809_2,6808,6808_1,2685,3,12.566666666666663,06:29:00,06:41:00,6
6809_2__6808_1,6809,6809_2,6808,6808_1,3649,4,12.550000000000011,06:29:00,06:41:00,6
6809_2__6808_1,6809,6809_2,6808,6808_1,3747,5,12.733333333333348,06:29:00,06:41:00,6
6809_2__6808_1,6809,6809_2,6808,6808_1,482,6,12.650000000000034,06:29:00,06:41:00,6
6809_2__6808_1,6809,6809_2,6808,6808_1,709,7,12.600000000000023,06:29:00,06:41:00,6
6809_2__6808_1,6809,6809_2,6808,6808_1,1577,8,12.5,06:29:00,06:41:00,6
6809_2__6808_1,6809,6809_2,6808,6808_1,990,9,11.850000000000023,06:29:00,06:41:00,6
6809_2__6808_1,6809,6809_2,6808,6808_1,109,10,12.583333333333314,06:29:00,06:41:00,6
6809_2__6808_1,6809,6809_2,6808,6808_1,396,11,14.583333333333371,06:29:00,06:41:00,6
6809_2__6808_1,6809,6809_2,6808,6808_1,1253,12,13.983333333333292,06:29:00,06:41:00,6
6809_2__6808_1,6809,6809_2,6808,6808_1,1554,13,14.916666666666686,06:29:00,06:41:00,6
6809_2__6808_1,6809,6809_2,6808,6808_1,1099,14,13.850000000000023,06:29:00,06:41:00,6
6809_2__6808_1,6809,6809_2,6808,6808_1,168,15,13.883333333333326,06:29:00,06:41:00,6
6809_2__6808_1,6809,6809_2,6808,6808_1,929,16,15.066666666666663,06:29:00,06:41:00,6
6809_2__6808_1,6809,6809_2,6808,6808_1,94,17,14.600000000000023,06:29:00,06:41:00,6
6809_2__6808_1,6809,6809_2,6808,6808_1,1080,18,14.616666666666674,06:29:00,06:41:00,6
6809_2__6808_1,6809,6809_2,6808,6808_1,146,19,14.233333333333348,06:29:00,06:41:00,6
6809_2__6808_1,6809,6809_2,6808,6808_1,1089,20,14.25,06:29:00,06:41:00,6
6809_2__6808_1,6809,6809_2,6808,6808_1,213,21,14.200000000000045,06:29:00,06:41:00,6
6809_2__6808_1,6809,6809_2,6808,6808_1,3907,22,14.883333333333326,06:29:00,06:41:00,6
6809_2__6808_1,6809,6809_2,6808,6808_1,949,23,15.183333333333337,06:29:00,06:41:00,6
6809_2__6808_1,6809,6809_2,6808,6808_1,913,24,15.050000000000011,06:29:00,06:41:00,6
6809_2__6808_1,6809,6809_2,6808,6808_1,307,25,15.25,06:29:00,06:41:00,6
6809_2__6808_1,6809,6809_2,6808,6808_1,212,26,14.5,06:29:00,06:41:00,6
6809_2__6808_1,6809,6809_2,6808,6808_1,2665,27,14.28333333333336,06:29:00,06:41:00,6
6809_2__6808_1,6809,6809_2,6808,6808_1,2736,28,15.799999999999955,06:29:00,06:41:00,6
6809_2__6808_1,6809,6809_2,6808,6808_1,705,29,16.466666666666697,06:29:00,06:41:00,6
6809_2__6808_1,6809,6809_2,6808,6808_1,9979,30,16.75,06:29:00,06:41:00,6
6809_2__6808_1,6809,6809_2,6808,6808_1,2492,31,16.399999999999977,06:29:00,06:41:00,6
6809_2__6808_1,6809,6809_2,6808,6808_1,946,32,16.23333333333329,06:29:00,06:41:00,6
6809_2__6808_1,6809,6809_2,6808,6808_1,947,33,16.58333333333337,06:29:00,06:41:00,6
6809_2__6808_1,6809,6809_2,6808,6808_1,327,34,17.549999999999955,06:29:00,06:41:00,6
6809_2__6808_1,6809,6809_2,6808,6808_1,3284,35,17.75,06:29:00,06:41:00,6
6809_2__6808_1,6809,6809_2,6808,6808_1,3282,36,16.48333333333329,06:29:00,06:41:00,6
6809_2__6808_1,6809,6809_2,6808,6808_1,2583,37,18.366666666666674,06:29:00,06:41:00,6
6809_2__6808_1,6809,6809_2,6808,6808_1,2590,38,18.466666666666697,06:29:00,06:41:00,6
6809_2__6808_1,6809,6809_2,6808,6808_1,603,39,16.683333333333337,06:29:00,06:41:00,6
6809_3__6808_2,6809,6809_3,6808,6808_2,3797,1,13.016666666666652,09:07:59,09:21:00,9
6809_3__6808_2,6809,6809_3,6808,6808_2,2984,2,13.583333333333258,09:07:59,09:21:00,9
6809_3__6808_2,6809,6809_3,6808,6808_2,2685,3,13.133333333333326,09:07:59,09:21:00,9
6809_3__6808_2,6809,6809_3,6808,6808_2,3649,4,13.216666666666697,09:07:59,09:21:00,9
6809_3__6808_2,6809,6809_3,6808,6808_2,3747,5,13.116666666666674,09:07:59,09:21:00,9
6809_3__6808_2,6809,6809_3,6808,6808_2,482,6,13.0,09:07:59,09:21:00,9
6809_3__6808_2,6809,6809_3,6808,6808_2,709,7,12.783333333333303,09:07:59,09:21:00,9
6809_3__6808_2,6809,6809_3,6808,6808_2,1577,8,13.366666666666674,09:07:59,09:21:00,9
6809_3__6808_2,6809,6809_3,6808,6808_2,990,9,14.533333333333303,09:07:59,09:21:00,9
6809_3__6808_2,6809,6809_3,6808,6808_2,109,10,14.183333333333394,09:07:59,09:21:00,9
6809_3__6808_2,6809,6809_3,6808,6808_2,396,11,13.75,09:07:59,09:21:00,9
6809_3__6808_2,6809,6809_3,6808,6808_2,1253,12,13.216666666666697,09:07:59,09:21:00,9
6809_3__6808_2,6809,6809_3,6808,6808_2,1554,13,12.866666666666674,09:07:59,09:21:00,9
6809_3__6808_2,6809,6809_3,6808,6808_2,1099,14,13.716666666666697,09:07:59,09:21:00,9
6809_3__6808_2,6809,6809_3,6808,6808_2,168,15,12.93333333333328,09:07:59,09:21:00,9
6809_3__6808_2,6809,6809_3,6808,6808_2,929,16,13.25,09:07:59,09:21:00,9
6809_3__6808_2,6809,6809_3,6808,6808_2,94,17,12.833333333333371,09:07:59,09:21:00,9
6809_3__6808_2,6809,6809_3,6808,6808_2,1080,18,12.050000000000068,09:07:59,09:21:00,9
6809_3__6808_2,6809,6809_3,6808,6808_2,146,19,14.549999999999955,09:07:59,09:21:00,9
6809_3__6808_2,6809,6809_3,6808,6808_2,1089,20,12.883333333333326,09:07:59,09:21:00,9
6809_3__6808_2,6809,6809_3,6808,6808_2,213,21,13.666666666666629,09:07:59,09:21:00,9
6809_3__6808_2,6809,6809_3,6808,6808_2,3907,22,13.883333333333326,09:07:59,09:21:00,9
6809_3__6808_2,6809,6809_3,6808,6808_2,949,23,14.933333333333394,09:07:59,09:21:00,9
6809_3__6808_2,6809,6809_3,6808,6808_2,913,24,14.966666666666697,09:07:59,09:21:00,9
6809_3__6808_2,6809,6809_3,6808,6808_2,307,25,15.166666666666629,09:07:59,09:21:00,9
6809_3__6808_2,6809,6809_3,6808,6808_2,212,26,15.533333333333303,09:07:59,09:21:00,9
6809_3__6808_2,6809,6809_3,6808,6808_2,2665,27,14.950000000000045,09:07:59,09:21:00,9
6809_3__6808_2,6809,6809_3,6808,6808_2,2736,28,15.93333333333328,09:07:59,09:21:00,9
6809_3__6808_2,6809,6809_3,6808,6808_2,705,29,15.883333333333326,09:07:59,09:21:00,9
6809_3__6808_2,6809,6809_3,6808,6808_2,9979,30,16.799999999999955,09:07:59,09:21:00,9
6809_3__6808_2,6809,6809_3,6808,6808_2,2492,31,16.133333333333326,09:07:59,09:21:00,9
6809_3__6808_2,6809,6809_3,6808,6808_2,946,32,16.33333333333337,09:07:59,09:21:00,9
6809_3__6808_2,6809,6809_3,6808,6808_2,947,33,16.883333333333326,09:07:59,09:21:00,9
6809_3__6808_2,6809,6809_3,6808,6808_2,327,34,16.299999999999955,09:07:59,09:21:00,9
6809_3__6808_2,6809,6809_3,6808,6808_2,3284,35,16.783333333333303,09:07:59,09:21:00,9
6809_3__6808_2,6809,6809_3,6808,6808_2,3282,36,14.533333333333303,09:07:59,09:21:00,9
6809_3__6808_2,6809,6809_3,6808,6808_2,2583,37,15.233333333333348,09:07:59,09:21:00,9
6809_3__6808_2,6809,6809_3,6808,6808_2,2590,38,15.516666666666765,09:07:59,09:21:00,9
6809_4__6808_3,6809,6809_4,6808,6808_3,3797,1,12.983333333333348,11:55:00,12:07:59,11
6809_4__6808_3,6809,6809_4,6808,6808_3,2984,2,12.466666666666697,11:55:00,12:07:59,11
6809_4__6808_3,6809,6809_4,6808,6808_3,2685,3,12.600000000000023,11:55:00,12:07:59,11
6809_4__6808_3,6809,6809_4,6808,6808_3,3649,4,12.0,11:55:00,12:07:59,11
6809_4__6808_3,6809,6809_4,6808,6808_3,3747,5,12.18333333333328,11:55:00,12:07:59,11
6809_4__6808_3,6809,6809_4,6808,6808_3,482,6,12.733333333333348,11:55:00,12:07:59,11
6809_4__6808_3,6809,6809_4,6808,6808_3,709,7,12.850000000000023,11:55:00,12:07:59,11
6809_4__6808_3,6809,6809_4,6808,6808_3,1577,8,13.18333333333328,11:55:00,12:07:59,11
6809_4__6808_3,6809,6809_4,6808,6808_3,109,10,9.233333333333348,11:55:00,12:07:59,11
6809_4__6808_3,6809,6809_4,6808,6808_3,396,11,11.116666666666674,11:55:00,12:07:59,11
6809_4__6808_3,6809,6809_4,6808,6808_3,1253,12,10.75,11:55:00,12:07:59,11
6809_4__6808_3,6809,6809_4,6808,6808_3,1554,13,11.25,11:55:00,12:07:59,11
6809_4__6808_3,6809,6809_4,6808,6808_3,1099,14,10.950000000000045,11:55:00,12:07:59,11
6809_4__6808_3,6809,6809_4,6808,6808_3,168,15,10.166666666666742,11:55:00,12:07:59,11
6809_4__6808_3,6809,6809_4,6808,6808_3,929,16,12.0,11:55:00,12:07:59,11
6809_4__6808_3,6809,6809_4,6808,6808_3,94,17,10.850000000000023,11:55:00,12:07:59,11
6809_4__6808_3,6809,6809_4,6808,6808_3,1080,18,10.63333333333344,11:55:00,12:07:59,11
6809_4__6808_3,6809,6809_4,6808,6808_3,146,19,11.716666666666697,11:55:00,12:07:59,11
6809_4__6808_3,6809,6809_4,6808,6808_3,1089,20,10.883333333333326,11:55:00,12:07:59,11
6809_4__6808_3,6809,6809_4,6808,6808_3,213,21,9.616666666666674,11:55:00,12:07:59,11
6809_4__6808_3,6809,6809_4,6808,6808_3,3907,22,11.133333333333326,11:55:00,12:07:59,11
6809_4__6808_3,6809,6809_4,6808,6808_3,949,23,11.400000000000091,11:55:00,12:07:59,11
6809_4__6808_3,6809,6809_4,6808,6808_3,913,24,10.93333333333328,11:55:00,12:07:59,11
6809_4__6808_3,6809,6809_4,6808,6808_3,307,25,12.083333333333371,11:55:00,12:07:59,11
6809_4__6808_3,6809,6809_4,6808,6808_3,212,26,12.166666666666742,11:55:00,12:07:59,11
6809_4__6808_3,6809,6809_4,6808,6808_3,2665,27,12.083333333333371,11:55:00,12:07:59,11
6809_4__6808_3,6809,6809_4,6808,6808_3,2736,28,12.350000000000023,11:55:00,12:07:59,11
6809_4__6808_3,6809,6809_4,6808,6808_3,705,29,12.533333333333417,11:55:00,12:07:59,11
6809_4__6808_3,6809,6809_4,6808,6808_3,9979,30,10.800000000000068,11:55:00,12:07:59,11
6809_4__6808_3,6809,6809_4,6808,6808_3,2492,31,10.733333333333348,11:55:00,12:07:59,11
6809_4__6808_3,6809,6809_4,6808,6808_3,946,32,11.883333333333326,11:55:00,12:07:59,11
6809_4__6808_3,6809,6809_4,6808,6808_3,947,33,13.633333333333326,11:55:00,12:07:59,11
6809_4__6808_3,6809,6809_4,6808,6808_3,327,34,13.266666666666652,11:55:00,12:07:59,11
6809_4__6808_3,6809,6809_4,6808,6808_3,3284,35,13.266666666666652,11:55:00,12:07:59,11
6809_4__6808_3,6809,6809_4,6808,6808_3,3282,36,11.766666666666652,11:55:00,12:07:59,11
6809_4__6808_3,6809,6809_4,6808,6808_3,2583,37,11.949999999999932,11:55:00,12:07:59,11
6809_4__6808_3,6809,6809_4,6808,6808_3,2590,38,12.483333333333348,11:55:00,12:07:59,11
6809_4__6808_3,6809,6809_4,6808,6808_3,603,39,13.116666666666674,11:55:00,12:07:59,11
6809_5__6808_4,6809,6809_5,6808,6808_4,3797,1,12.983333333333348,14:36:00,14:48:59,14
6809_5__6808_4,6809,6809_5,6808,6808_4,2984,2,12.933333333333394,14:36:00,14:48:59,14
6809_5__6808_4,6809,6809_5,6808,6808_4,2685,3,12.25,14:36:00,14:48:59,14
6809_5__6808_4,6809,6809_5,6808,6808_4,3649,4,14.483333333333348,14:36:00,14:48:59,14
6809_5__6808_4,6809,6809_5,6808,6808_4,3747,5,14.766666666666652,14:36:00,14:48:59,14
6809_5__6808_4,6809,6809_5,6808,6808_4,482,6,14.550000000000068,14:36:00,14:48:59,14
6809_5__6808_4,6809,6809_5,6808,6808_4,709,7,15.183333333333394,14:36:00,14:48:59,14
6809_5__6808_4,6809,6809_5,6808,6808_4,1577,8,14.649999999999977,14:36:00,14:48:59,14
6809_5__6808_4,6809,6809_5,6808,6808_4,990,9,14.299999999999955,14:36:00,14:48:59,14
6809_5__6808_4,6809,6809_5,6808,6808_4,109,10,13.950000000000045,14:36:00,14:48:59,14
6809_5__6808_4,6809,6809_5,6808,6808_4,396,11,14.283333333333303,14:36:00,14:48:59,14
6809_5__6808_4,6809,6809_5,6808,6808_4,1253,12,14.533333333333417,14:36:00,14:48:59,14
6809_5__6808_4,6809,6809_5,6808,6808_4,1554,13,15.816666666666606,14:36:00,14:48:59,14
6809_5__6808_4,6809,6809_5,6808,6808_4,1099,14,15.333333333333371,14:36:00,14:48:59,14
6809_5__6808_4,6809,6809_5,6808,6808_4,168,15,15.133333333333326,14:36:00,14:48:59,14
6809_5__6808_4,6809,6809_5,6808,6808_4,929,16,14.5,14:36:00,14:48:59,14
6809_5__6808_4,6809,6809_5,6808,6808_4,94,17,13.983333333333348,14:36:00,14:48:59,14
6809_5__6808_4,6809,6809_5,6808,6808_4,1080,18,13.899999999999977,14:36:00,14:48:59,14
6809_5__6808_4,6809,6809_5,6808,6808_4,146,19,12.666666666666629,14:36:00,14:48:59,14
6809_5__6808_4,6809,6809_5,6808,6808_4,1089,20,13.283333333333303,14:36:00,14:48:59,14
6809_5__6808_4,6809,6809_5,6808,6808_4,213,21,12.399999999999977,14:36:00,14:48:59,14
6809_5__6808_4,6809,6809_5,6808,6808_4,3907,22,12.833333333333371,14:36:00,14:48:59,14
6809_5__6808_4,6809,6809_5,6808,6808_4,949,23,12.316666666666606,14:36:00,14:48:59,14
6809_5__6808_4,6809,6809_5,6808,6808_4,913,24,12.5,14:36:00,14:48:59,14
6809_5__6808_4,6809,6809_5,6808,6808_4,307,25,11.850000000000023,14:36:00,14:48:59,14
6809_5__6808_4,6809,6809_5,6808,6808_4,212,26,12.550000000000068,14:36:00,14:48:59,14
6809_5__6808_4,6809,6809_5,6808,6808_4,2665,27,12.216666666666583,14:36:00,14:48:59,14
6809_5__6808_4,6809,6809_5,6808,6808_4,2736,28,12.766666666666652,14:36:00,14:48:59,14
6809_5__6808_4,6809,6809_5,6808,6808_4,705,29,12.050000000000068,14:36:00,14:48:59,14
6809_5__6808_4,6809,6809_5,6808,6808_4,9979,30,12.866666666666674,14:36:00,14:48:59,14
6809_5__6808_4,6809,6809_5,6808,6808_4,2492,31,13.233333333333348,14:36:00,14:48:59,14
6809_5__6808_4,6809,6809_5,6808,6808_4,946,32,13.5,14:36:00,14:48:59,14
6809_5__6808_4,6809,6809_5,6808,6808_4,947,33,12.283333333333303,14:36:00,14:48:59,14
6809_5__6808_4,6809,6809_5,6808,6808_4,327,34,12.416666666666629,14:36:00,14:48:59,14
6809_5__6808_4,6809,6809_5,6808,6808_4,3284,35,13.06666666666672,14:36:00,14:48:59,14
6809_5__6808_4,6809,6809_5,6808,6808_4,3282,36,12.766666666666652,14:36:00,14:48:59,14
6809_5__6808_4,6809,6809_5,6808,6808_4,2583,37,12.299999999999955,14:36:00,14:48:59,14
6809_5__6808_4,6809,6809_5,6808,6808_4,2590,38,13.216666666666583,14:36:00,14:48:59,14
6809_5__6808_4,6809,6809_5,6808,6808_4,603,39,12.766666666666765,14:36:00,14:48:59,14
6809_6__6808_5,6809,6809_6,6808,6808_5,3797,1,14.0,17:26:00,17:40:00,17
6809_6__6808_5,6809,6809_6,6808,6808_5,2984,2,12.600000000000136,17:26:00,17:40:00,17
6809_6__6808_5,6809,6809_6,6808,6808_5,2685,3,13.266666666666652,17:26:00,17:40:00,17
6809_6__6808_5,6809,6809_6,6808,6808_5,3649,4,10.150000000000091,17:26:00,17:40:00,17
6809_6__6808_5,6809,6809_6,6808,6808_5,3747,5,9.800000000000182,17:26:00,17:40:00,17
6809_6__6808_5,6809,6809_6,6808,6808_5,482,6,9.766666666666652,17:26:00,17:40:00,17
6809_6__6808_5,6809,6809_6,6808,6808_5,709,7,9.016666666666652,17:26:00,17:40:00,17
6809_6__6808_5,6809,6809_6,6808,6808_5,1577,8,7.2666666666666515,17:26:00,17:40:00,17
6809_6__6808_5,6809,6809_6,6808,6808_5,990,9,7.0833333333332575,17:26:00,17:40:00,17
6809_6__6808_5,6809,6809_6,6808,6808_5,109,10,7.46666666666647,17:26:00,17:40:00,17
6809_6__6808_5,6809,6809_6,6808,6808_5,396,11,8.599999999999909,17:26:00,17:40:00,17
6809_6__6808_5,6809,6809_6,6808,6808_5,1253,12,7.600000000000136,17:26:00,17:40:00,17
6809_6__6808_5,6809,6809_6,6808,6808_5,1554,13,7.416666666666515,17:26:00,17:40:00,17
6809_6__6808_5,6809,6809_6,6808,6808_5,1099,14,8.800000000000182,17:26:00,17:40:00,17
6809_6__6808_5,6809,6809_6,6808,6808_5,168,15,6.0,17:26:00,17:40:00,17
6809_6__6808_5,6809,6809_6,6808,6808_5,929,16,6.066666666666833,17:26:00,17:40:00,17
6809_6__6808_5,6809,6809_6,6808,6808_5,94,17,6.816666666666606,17:26:00,17:40:00,17
6809_6__6808_5,6809,6809_6,6808,6808_5,1080,18,6.25,17:26:00,17:40:00,17
6809_6__6808_5,6809,6809_6,6808,6808_5,146,19,6.866666666666788,17:26:00,17:40:00,17
6809_6__6808_5,6809,6809_6,6808,6808_5,1089,20,6.8333333333332575,17:26:00,17:40:00,17
6809_6__6808_5,6809,6809_6,6808,6808_5,213,21,5.966666666666697,17:26:00,17:40:00,17
6809_6__6808_5,6809,6809_6,6808,6808_5,3907,22,6.5,17:26:00,17:40:00,17
6809_6__6808_5,6809,6809_6,6808,6808_5,949,23,5.933333333333394,17:26:00,17:40:00,17
6809_6__6808_5,6809,6809_6,6808,6808_5,913,24,6.099999999999909,17:26:00,17:40:00,17
6809_6__6808_5,6809,6809_6,6808,6808_5,307,25,6.400000000000091,17:26:00,17:40:00,17
6809_6__6808_5,6809,6809_6,6808,6808_5,212,26,6.0,17:26:00,17:40:00,17
6809_6__6808_5,6809,6809_6,6808,6808_5,2665,27,5.866666666666561,17:26:00,17:40:00,17
6809_6__6808_5,6809,6809_6,6808,6808_5,2736,28,6.883333333333439,17:26:00,17:40:00,17
6809_6__6808_5,6809,6809_6,6808,6808_5,705,29,6.599999999999909,17:26:00,17:40:00,17
6809_6__6808_5,6809,6809_6,6808,6808_5,9979,30,5.033333333333303,17:26:00,17:40:00,17
6809_6__6808_5,6809,6809_6,6808,6808_5,2492,31,5.5499999999999545,17:26:00,17:40:00,17
6809_6__6808_5,6809,6809_6,6808,6808_5,946,32,5.216666666666697,17:26:00,17:40:00,17
6809_6__6808_5,6809,6809_6,6808,6808_5,947,33,6.75,17:26:00,17:40:00,17
6809_6__6808_5,6809,6809_6,6808,6808_5,327,34,5.899999999999864,17:26:00,17:40:00,17
6809_6__6808_5,6809,6809_6,6808,6808_5,3284,35,7.849999999999909,17:26:00,17:40:00,17
6809_6__6808_5,6809,6809_6,6808,6808_5,3282,36,7.416666666666515,17:26:00,17:40:00,17
6809_6__6808_5,6809,6809_6,6808,6808_5,2583,37,6.933333333333167,17:26:00,17:40:00,17
6809_6__6808_5,6809,6809_6,6808,6808_5,2590,38,7.0166666666666515,17:26:00,17:40:00,17
6809_6__6808_5,6809,6809_6,6808,6808_5,603,39,7.75,17:26:00,17:40:00,17
6809_7__6810_7,6809,6809_7,6810,6810_7,3797,1,14.983333333333348,20:20:00,20:34:59,20
6809_7__6810_7,6809,6809_7,6810,6810_7,2984,2,14.933333333333394,20:20:00,20:34:59,20
6809_7__6810_7,6809,6809_7,6810,6810_7,2685,3,15.650000000000091,20:20:00,20:34:59,20
6809_7__6810_7,6809,6809_7,6810,6810_7,3649,4,16.700000000000045,20:20:00,20:34:59,20
6809_7__6810_7,6809,6809_7,6810,6810_7,3747,5,17.399999999999864,20:20:00,20:34:59,20
6809_7__6810_7,6809,6809_7,6810,6810_7,482,6,17.783333333333303,20:20:00,20:34:59,20
6809_7__6810_7,6809,6809_7,6810,6810_7,709,7,18.116666666666788,20:20:00,20:34:59,20
6809_7__6810_7,6809,6809_7,6810,6810_7,1577,8,18.51666666666665,20:20:00,20:34:59,20
6809_7__6810_7,6809,6809_7,6810,6810_7,990,9,18.449999999999818,20:20:00,20:34:59,20
6809_7__6810_7,6809,6809_7,6810,6810_7,109,10,19.0,20:20:00,20:34:59,20
6809_7__6810_7,6809,6809_7,6810,6810_7,396,11,17.5,20:20:00,20:34:59,20
6809_7__6810_7,6809,6809_7,6810,6810_7,1253,12,17.850000000000136,20:20:00,20:34:59,20
6809_7__6810_7,6809,6809_7,6810,6810_7,1554,13,19.100000000000136,20:20:00,20:34:59,20
6809_7__6810_7,6809,6809_7,6810,6810_7,1099,14,19.549999999999955,20:20:00,20:34:59,20
6809_7__6810_7,6809,6809_7,6810,6810_7,168,15,19.933333333333394,20:20:00,20:34:59,20
6809_7__6810_7,6809,6809_7,6810,6810_7,929,16,19.416666666666515,20:20:00,20:34:59,20
6809_7__6810_7,6809,6809_7,6810,6810_7,94,17,19.283333333333303,20:20:00,20:34:59,20
6809_7__6810_7,6809,6809_7,6810,6810_7,1080,18,19.533333333333303,20:20:00,20:34:59,20
6809_7__6810_7,6809,6809_7,6810,6810_7,146,19,18.350000000000136,20:20:00,20:34:59,20
6809_7__6810_7,6809,6809_7,6810,6810_7,1089,20,17.566666666666606,20:20:00,20:34:59,20
6809_7__6810_7,6809,6809_7,6810,6810_7,213,21,17.433333333333394,20:20:00,20:34:59,20
6809_7__6810_7,6809,6809_7,6810,6810_7,3907,22,17.36666666666656,20:20:00,20:34:59,20
6809_7__6810_7,6809,6809_7,6810,6810_7,949,23,17.950000000000045,20:20:00,20:34:59,20
6809_7__6810_7,6809,6809_7,6810,6810_7,913,24,18.15000000000009,20:20:00,20:34:59,20
6809_7__6810_7,6809,6809_7,6810,6810_7,307,25,18.26666666666665,20:20:00,20:34:59,20
6809_7__6810_7,6809,6809_7,6810,6810_7,212,26,17.950000000000045,20:20:00,20:34:59,20
6809_7__6810_7,6809,6809_7,6810,6810_7,2665,27,18.399999999999864,20:20:00,20:34:59,20
6809_7__6810_7,6809,6809_7,6810,6810_7,2736,28,18.333333333333485,20:20:00,20:34:59,20
6809_7__6810_7,6809,6809_7,6810,6810_7,705,29,18.549999999999955,20:20:00,20:34:59,20
6809_7__6810_7,6809,6809_7,6810,6810_7,9979,30,17.23333333333335,20:20:00,20:34:59,20
6809_7__6810_7,6809,6809_7,6810,6810_7,2492,31,17.0,20:20:00,20:34:59,20
6809_7__6810_7,6809,6809_7,6810,6810_7,946,32,17.01666666666665,20:20:00,20:34:59,20
6809_7__6810_7,6809,6809_7,6810,6810_7,947,33,16.966666666666697,20:20:00,20:34:59,20
6809_7__6810_7,6809,6809_7,6810,6810_7,327,34,17.100000000000136,20:20:00,20:34:59,20
6809_7__6810_7,6809,6809_7,6810,6810_7,3284,35,17.25,20:20:00,20:34:59,20
6809_7__6810_7,6809,6809_7,6810,6810_7,3282,36,17.116666666666788,20:20:00,20:34:59,20
6809_7__6810_7,6809,6809_7,6810,6810_7,2583,37,17.116666666666788,20:20:00,20:34:59,20
6809_7__6810_7,6809,6809_7,6810,6810_7,2590,38,16.683333333333167,20:20:00,20:34:59,20
6809_7__6810_7,6809,6809_7,6810,6810_7,603,39,16.833333333333258,20:20:00,20:34:59,20
6810_1__6818_1,6810,6810_1,6818,6818_1,2685,3,16.83333333333337,04:25:54,04:42:44,4
6810_1__6818_1,6810,6810_1,6818,6818_1,3649,4,15.933333333333337,04:25:54,04:42:44,4
6810_1__6818_1,6810,6810_1,6818,6818_1,3747,5,15.100000000000023,04:25:54,04:42:44,4
6810_1__6818_1,6810,6810_1,6818,6818_1,482,6,14.75,04:25:54,04:42:44,4
6810_1__6818_1,6810,6810_1,6818,6818_1,709,7,14.633333333333326,04:25:54,04:42:44,4
6810_1__6818_1,6810,6810_1,6818,6818_1,1577,8,13.383333333333326,04:25:54,04:42:44,4
6810_1__6818_1,6810,6810_1,6818,6818_1,990,9,12.949999999999989,04:25:54,04:42:44,4
6810_1__6818_1,6810,6810_1,6818,6818_1,109,10,13.016666666666652,04:25:54,04:42:44,4
6810_1__6818_1,6810,6810_1,6818,6818_1,396,11,11.166666666666686,04:25:54,04:42:44,4
6810_1__6818_1,6810,6810_1,6818,6818_1,1253,12,11.083333333333314,04:25:54,04:42:44,4
6810_1__6818_1,6810,6810_1,6818,6818_1,1099,14,10.0,04:25:54,04:42:44,4
6810_1__6818_1,6810,6810_1,6818,6818_1,168,15,10.800000000000011,04:25:54,04:42:44,4
6810_1__6818_1,6810,6810_1,6818,6818_1,929,16,11.833333333333314,04:25:54,04:42:44,4
6810_1__6818_1,6810,6810_1,6818,6818_1,94,17,11.799999999999955,04:25:54,04:42:44,4
6810_1__6818_1,6810,6810_1,6818,6818_1,1080,18,12.199999999999989,04:25:54,04:42:44,4
6810_1__6818_1,6810,6810_1,6818,6818_1,146,19,12.183333333333337,04:25:54,04:42:44,4
6810_1__6818_1,6810,6810_1,6818,6818_1,213,21,13.116666666666674,04:25:54,04:42:44,4
6810_1__6818_1,6810,6810_1,6818,6818_1,3907,22,12.616666666666674,04:25:54,04:42:44,4
6810_1__6818_1,6810,6810_1,6818,6818_1,949,23,14.266666666666652,04:25:54,04:42:44,4
6810_1__6818_1,6810,6810_1,6818,6818_1,913,24,13.033333333333303,04:25:54,04:42:44,4
6810_1__6818_1,6810,6810_1,6818,6818_1,307,25,13.550000000000011,04:25:54,04:42:44,4
6810_1__6818_1,6810,6810_1,6818,6818_1,212,26,13.466666666666697,04:25:54,04:42:44,4
6810_1__6818_1,6810,6810_1,6818,6818_1,2665,27,13.366666666666674,04:25:54,04:42:44,4
6810_1__6818_1,6810,6810_1,6818,6818_1,2736,28,13.666666666666629,04:25:54,04:42:44,4
6810_1__6818_1,6810,6810_1,6818,6818_1,705,29,13.933333333333337,04:25:54,04:42:44,4
6810_1__6818_1,6810,6810_1,6818,6818_1,9979,30,13.883333333333326,04:25:54,04:42:44,4
6810_1__6818_1,6810,6810_1,6818,6818_1,2492,31,13.649999999999977,04:25:54,04:42:44,4
6810_1__6818_1,6810,6810_1,6818,6818_1,946,32,12.983333333333348,04:25:54,04:42:44,4
6810_1__6818_1,6810,6810_1,6818,6818_1,947,33,13.516666666666652,04:25:54,04:42:44,4
6810_1__6818_1,6810,6810_1,6818,6818_1,327,34,13.066666666666663,04:25:54,04:42:44,4
6810_1__6818_1,6810,6810_1,6818,6818_1,3284,35,13.550000000000011,04:25:54,04:42:44,4
6810_1__6818_1,6810,6810_1,6818,6818_1,3282,36,14.100000000000023,04:25:54,04:42:44,4
6810_1__6818_1,6810,6810_1,6818,6818_1,2583,37,13.71666666666664,04:25:54,04:42:44,4
6810_1__6818_1,6810,6810_1,6818,6818_1,2590,38,14.116666666666674,04:25:54,04:42:44,4
6810_1__6818_1,6810,6810_1,6818,6818_1,603,39,14.833333333333314,04:25:54,04:42:44,4
6810_2__6818_2,6810,6810_2,6818,6818_2,2984,2,10.516666666666708,06:53:54,07:04:25,6
6810_2__6818_2,6810,6810_2,6818,6818_2,2685,3,10.949999999999989,06:53:54,07:04:25,6
6810_2__6818_2,6810,6810_2,6818,6818_2,3649,4,11.516666666666652,06:53:54,07:04:25,6
6810_2__6818_2,6810,6810_2,6818,6818_2,3747,5,10.849999999999966,06:53:54,07:04:25,6
6810_2__6818_2,6810,6810_2,6818,6818_2,482,6,11.683333333333337,06:53:54,07:04:25,6
6810_2__6818_2,6810,6810_2,6818,6818_2,709,7,13.283333333333303,06:53:54,07:04:25,6
6810_2__6818_2,6810,6810_2,6818,6818_2,1577,8,13.016666666666708,06:53:54,07:04:25,6
6810_2__6818_2,6810,6810_2,6818,6818_2,990,9,12.533333333333303,06:53:54,07:04:25,6
6810_2__6818_2,6810,6810_2,6818,6818_2,109,10,13.75,06:53:54,07:04:25,6
6810_2__6818_2,6810,6810_2,6818,6818_2,396,11,14.516666666666708,06:53:54,07:04:25,6
6810_2__6818_2,6810,6810_2,6818,6818_2,1253,12,14.516666666666652,06:53:54,07:04:25,6
6810_2__6818_2,6810,6810_2,6818,6818_2,1554,13,13.366666666666674,06:53:54,07:04:25,6
6810_2__6818_2,6810,6810_2,6818,6818_2,1099,14,13.066666666666663,06:53:54,07:04:25,6
6810_2__6818_2,6810,6810_2,6818,6818_2,168,15,12.866666666666674,06:53:54,07:04:25,6
6810_2__6818_2,6810,6810_2,6818,6818_2,929,16,12.833333333333314,06:53:54,07:04:25,6
6810_2__6818_2,6810,6810_2,6818,6818_2,94,17,12.916666666666686,06:53:54,07:04:25,6
6810_2__6818_2,6810,6810_2,6818,6818_2,1080,18,13.316666666666663,06:53:54,07:04:25,6
6810_2__6818_2,6810,6810_2,6818,6818_2,146,19,13.949999999999989,06:53:54,07:04:25,6
6810_2__6818_2,6810,6810_2,6818,6818_2,1089,20,15.300000000000011,06:53:54,07:04:25,6
6810_2__6818_2,6810,6810_2,6818,6818_2,213,21,13.883333333333326,06:53:54,07:04:25,6
6810_2__6818_2,6810,6810_2,6818,6818_2,3907,22,14.75,06:53:54,07:04:25,6
6810_2__6818_2,6810,6810_2,6818,6818_2,949,23,13.883333333333326,06:53:54,07:04:25,6
6810_2__6818_2,6810,6810_2,6818,6818_2,913,24,13.366666666666674,06:53:54,07:04:25,6
6810_2__6818_2,6810,6810_2,6818,6818_2,307,25,13.75,06:53:54,07:04:25,6
6810_2__6818_2,6810,6810_2,6818,6818_2,212,26,13.21666666666664,06:53:54,07:04:25,6
6810_2__6818_2,6810,6810_2,6818,6818_2,2665,27,13.349999999999966,06:53:54,07:04:25,6
6810_2__6818_2,6810,6810_2,6818,6818_2,2736,28,12.53333333333336,06:53:54,07:04:25,6
6810_2__6818_2,6810,6810_2,6818,6818_2,705,29,13.316666666666663,06:53:54,07:04:25,6
6810_2__6818_2,6810,6810_2,6818,6818_2,9979,30,14.21666666666664,06:53:54,07:04:25,6
6810_2__6818_2,6810,6810_2,6818,6818_2,2492,31,13.683333333333337,06:53:54,07:04:25,6
6810_2__6818_2,6810,6810_2,6818,6818_2,946,32,14.849999999999966,06:53:54,07:04:25,6
6810_2__6818_2,6810,6810_2,6818,6818_2,947,33,15.083333333333371,06:53:54,07:04:25,6
6810_2__6818_2,6810,6810_2,6818,6818_2,327,34,13.583333333333371,06:53:54,07:04:25,6
6810_2__6818_2,6810,6810_2,6818,6818_2,3284,35,13.566666666666663,06:53:54,07:04:25,6
6810_2__6818_2,6810,6810_2,6818,6818_2,3282,36,12.766666666666652,06:53:54,07:04:25,6
6810_2__6818_2,6810,6810_2,6818,6818_2,2583,37,13.633333333333326,06:53:54,07:04:25,6
6810_2__6818_2,6810,6810_2,6818,6818_2,2590,38,13.416666666666686,06:53:54,07:04:25,6
6810_2__6818_2,6810,6810_2,6818,6818_2,603,39,13.633333333333326,06:53:54,07:04:25,6
6810_3__6818_3,6810,6810_3,6818,6818_3,3797,1,12.983333333333348,09:33:00,09:45:59,9
6810_3__6818_3,6810,6810_3,6818,6818_3,2984,2,14.066666666666606,09:33:00,09:45:59,9
6810_3__6818_3,6810,6810_3,6818,6818_3,2685,3,14.316666666666606,09:33:00,09:45:59,9
6810_3__6818_3,6810,6810_3,6818,6818_3,3649,4,14.433333333333394,09:33:00,09:45:59,9
6810_3__6818_3,6810,6810_3,6818,6818_3,3747,5,13.933333333333394,09:33:00,09:45:59,9
6810_3__6818_3,6810,6810_3,6818,6818_3,482,6,14.850000000000023,09:33:00,09:45:59,9
6810_3__6818_3,6810,6810_3,6818,6818_3,709,7,14.766666666666652,09:33:00,09:45:59,9
6810_3__6818_3,6810,6810_3,6818,6818_3,1577,8,14.350000000000023,09:33:00,09:45:59,9
6810_3__6818_3,6810,6810_3,6818,6818_3,990,9,14.766666666666652,09:33:00,09:45:59,9
6810_3__6818_3,6810,6810_3,6818,6818_3,109,10,14.716666666666697,09:33:00,09:45:59,9
6810_3__6818_3,6810,6810_3,6818,6818_3,396,11,14.583333333333371,09:33:00,09:45:59,9
6810_3__6818_3,6810,6810_3,6818,6818_3,1253,12,13.866666666666674,09:33:00,09:45:59,9
6810_3__6818_3,6810,6810_3,6818,6818_3,1554,13,14.533333333333303,09:33:00,09:45:59,9
6810_3__6818_3,6810,6810_3,6818,6818_3,1099,14,13.75,09:33:00,09:45:59,9
6810_3__6818_3,6810,6810_3,6818,6818_3,168,15,16.100000000000023,09:33:00,09:45:59,9
6810_3__6818_3,6810,6810_3,6818,6818_3,929,16,17.33333333333337,09:33:00,09:45:59,9
6810_3__6818_3,6810,6810_3,6818,6818_3,94,17,15.56666666666672,09:33:00,09:45:59,9
6810_3__6818_3,6810,6810_3,6818,6818_3,1080,18,16.0,09:33:00,09:45:59,9
6810_3__6818_3,6810,6810_3,6818,6818_3,146,19,15.866666666666674,09:33:00,09:45:59,9
6810_3__6818_3,6810,6810_3,6818,6818_3,1089,20,15.383333333333326,09:33:00,09:45:59,9
6810_3__6818_3,6810,6810_3,6818,6818_3,213,21,16.533333333333417,09:33:00,09:45:59,9
6810_3__6818_3,6810,6810_3,6818,6818_3,3907,22,16.033333333333303,09:33:00,09:45:59,9
6810_3__6818_3,6810,6810_3,6818,6818_3,949,23,16.91666666666663,09:33:00,09:45:59,9
6810_3__6818_3,6810,6810_3,6818,6818_3,913,24,16.633333333333326,09:33:00,09:45:59,9
6810_3__6818_3,6810,6810_3,6818,6818_3,307,25,18.616666666666674,09:33:00,09:45:59,9
6810_3__6818_3,6810,6810_3,6818,6818_3,212,26,18.81666666666672,09:33:00,09:45:59,9
6810_3__6818_3,6810,6810_3,6818,6818_3,2665,27,19.56666666666672,09:33:00,09:45:59,9
6810_3__6818_3,6810,6810_3,6818,6818_3,2736,28,19.700000000000045,09:33:00,09:45:59,9
6810_3__6818_3,6810,6810_3,6818,6818_3,705,29,20.950000000000045,09:33:00,09:45:59,9
6810_3__6818_3,6810,6810_3,6818,6818_3,9979,30,22.133333333333326,09:33:00,09:45:59,9
6810_3__6818_3,6810,6810_3,6818,6818_3,2492,31,22.216666666666697,09:33:00,09:45:59,9
6810_4__6818_4,6810,6810_4,6818,6818_4,3797,1,12.016666666666652,12:19:59,12:32:00,12
6810_4__6818_4,6810,6810_4,6818,6818_4,2984,2,11.216666666666583,12:19:59,12:32:00,12
6810_4__6818_4,6810,6810_4,6818,6818_4,2685,3,11.75,12:19:59,12:32:00,12
6810_4__6818_4,6810,6810_4,6818,6818_4,3649,4,10.350000000000023,12:19:59,12:32:00,12
6810_4__6818_4,6810,6810_4,6818,6818_4,3747,5,10.0,12:19:59,12:32:00,12
6810_4__6818_4,6810,6810_4,6818,6818_4,482,6,10.166666666666629,12:19:59,12:32:00,12
6810_4__6818_4,6810,6810_4,6818,6818_4,709,7,10.716666666666697,12:19:59,12:32:00,12
6810_4__6818_4,6810,6810_4,6818,6818_4,1577,8,11.266666666666652,12:19:59,12:32:00,12
6810_4__6818_4,6810,6810_4,6818,6818_4,990,9,10.866666666666674,12:19:59,12:32:00,12
6810_4__6818_4,6810,6810_4,6818,6818_4,109,10,11.833333333333371,12:19:59,12:32:00,12
6810_4__6818_4,6810,6810_4,6818,6818_4,396,11,11.283333333333303,12:19:59,12:32:00,12
6810_4__6818_4,6810,6810_4,6818,6818_4,1253,12,10.833333333333258,12:19:59,12:32:00,12
6810_4__6818_4,6810,6810_4,6818,6818_4,1554,13,10.25,12:19:59,12:32:00,12
6810_4__6818_4,6810,6810_4,6818,6818_4,1099,14,9.56666666666672,12:19:59,12:32:00,12
6810_4__6818_4,6810,6810_4,6818,6818_4,168,15,8.866666666666674,12:19:59,12:32:00,12
6810_4__6818_4,6810,6810_4,6818,6818_4,929,16,9.049999999999955,12:19:59,12:32:00,12
6810_4__6818_4,6810,6810_4,6818,6818_4,94,17,10.116666666666674,12:19:59,12:32:00,12
6810_4__6818_4,6810,6810_4,6818,6818_4,1080,18,9.683333333333394,12:19:59,12:32:00,12
6810_4__6818_4,6810,6810_4,6818,6818_4,146,19,9.399999999999977,12:19:59,12:32:00,12
6810_4__6818_4,6810,6810_4,6818,6818_4,1089,20,9.399999999999977,12:19:59,12:32:00,12
6810_4__6818_4,6810,6810_4,6818,6818_4,213,21,10.649999999999977,12:19:59,12:32:00,12
6810_4__6818_4,6810,6810_4,6818,6818_4,3907,22,11.06666666666672,12:19:59,12:32:00,12
6810_4__6818_4,6810,6810_4,6818,6818_4,949,23,12.56666666666672,12:19:59,12:32:00,12
6810_4__6818_4,6810,6810_4,6818,6818_4,913,24,12.766666666666652,12:19:59,12:32:00,12
6810_4__6818_4,6810,6810_4,6818,6818_4,307,25,11.633333333333326,12:19:59,12:32:00,12
6810_4__6818_4,6810,6810_4,6818,6818_4,212,26,12.333333333333371,12:19:59,12:32:00,12
6810_4__6818_4,6810,6810_4,6818,6818_4,2665,27,11.766666666666652,12:19:59,12:32:00,12
6810_4__6818_4,6810,6810_4,6818,6818_4,2736,28,11.916666666666742,12:19:59,12:32:00,12
6810_4__6818_4,6810,6810_4,6818,6818_4,705,29,13.316666666666606,12:19:59,12:32:00,12
6810_4__6818_4,6810,6810_4,6818,6818_4,9979,30,12.633333333333326,12:19:59,12:32:00,12
6810_4__6818_4,6810,6810_4,6818,6818_4,2492,31,12.616666666666674,12:19:59,12:32:00,12
6810_4__6818_4,6810,6810_4,6818,6818_4,946,32,13.483333333333348,12:19:59,12:32:00,12
6810_4__6818_4,6810,6810_4,6818,6818_4,947,33,13.333333333333371,12:19:59,12:32:00,12
6810_4__6818_4,6810,6810_4,6818,6818_4,327,34,14.283333333333303,12:19:59,12:32:00,12
6810_4__6818_4,6810,6810_4,6818,6818_4,3284,35,13.81666666666672,12:19:59,12:32:00,12
6810_4__6818_4,6810,6810_4,6818,6818_4,3282,36,13.100000000000023,12:19:59,12:32:00,12
6810_4__6818_4,6810,6810_4,6818,6818_4,2583,37,13.25,12:19:59,12:32:00,12
6810_4__6818_4,6810,6810_4,6818,6818_4,2590,38,13.583333333333371,12:19:59,12:32:00,12
6810_4__6818_4,6810,6810_4,6818,6818_4,603,39,13.75,12:19:59,12:32:00,12
6810_5__6818_5,6810,6810_5,6818,6818_5,3797,1,13.0,15:02:00,15:15:00,15
6810_5__6818_5,6810,6810_5,6818,6818_5,2984,2,12.666666666666742,15:02:00,15:15:00,15
6810_5__6818_5,6810,6810_5,6818,6818_5,2685,3,13.683333333333394,15:02:00,15:15:00,15
6810_5__6818_5,6810,6810_5,6818,6818_5,3649,4,12.116666666666674,15:02:00,15:15:00,15
6810_5__6818_5,6810,6810_5,6818,6818_5,3747,5,11.400000000000091,15:02:00,15:15:00,15
6810_5__6818_5,6810,6810_5,6818,6818_5,482,6,11.083333333333371,15:02:00,15:15:00,15
6810_5__6818_5,6810,6810_5,6818,6818_5,709,7,11.733333333333348,15:02:00,15:15:00,15
6810_5__6818_5,6810,6810_5,6818,6818_5,1577,8,11.383333333333326,15:02:00,15:15:00,15
6810_5__6818_5,6810,6810_5,6818,6818_5,990,9,9.866666666666674,15:02:00,15:15:00,15
6810_5__6818_5,6810,6810_5,6818,6818_5,109,10,9.950000000000045,15:02:00,15:15:00,15
6810_5__6818_5,6810,6810_5,6818,6818_5,396,11,10.0,15:02:00,15:15:00,15
6810_5__6818_5,6810,6810_5,6818,6818_5,1253,12,8.983333333333348,15:02:00,15:15:00,15
6810_5__6818_5,6810,6810_5,6818,6818_5,1554,13,9.666666666666742,15:02:00,15:15:00,15
6810_5__6818_5,6810,6810_5,6818,6818_5,1099,14,9.166666666666742,15:02:00,15:15:00,15
6810_5__6818_5,6810,6810_5,6818,6818_5,168,15,7.666666666666629,15:02:00,15:15:00,15
6810_5__6818_5,6810,6810_5,6818,6818_5,929,16,8.883333333333326,15:02:00,15:15:00,15
6810_5__6818_5,6810,6810_5,6818,6818_5,94,17,8.0,15:02:00,15:15:00,15
6810_5__6818_5,6810,6810_5,6818,6818_5,1080,18,7.716666666666697,15:02:00,15:15:00,15
6810_5__6818_5,6810,6810_5,6818,6818_5,146,19,7.9833333333333485,15:02:00,15:15:00,15
6810_5__6818_5,6810,6810_5,6818,6818_5,1089,20,6.7666666666666515,15:02:00,15:15:00,15
6810_5__6818_5,6810,6810_5,6818,6818_5,213,21,7.566666666666606,15:02:00,15:15:00,15
6810_5__6818_5,6810,6810_5,6818,6818_5,3907,22,8.050000000000068,15:02:00,15:15:00,15
6810_5__6818_5,6810,6810_5,6818,6818_5,949,23,7.933333333333394,15:02:00,15:15:00,15
6810_5__6818_5,6810,6810_5,6818,6818_5,913,24,7.633333333333326,15:02:00,15:15:00,15
6810_5__6818_5,6810,6810_5,6818,6818_5,307,25,7.2333333333333485,15:02:00,15:15:00,15
6810_5__6818_5,6810,6810_5,6818,6818_5,212,26,7.533333333333303,15:02:00,15:15:00,15
6810_5__6818_5,6810,6810_5,6818,6818_5,2665,27,7.966666666666697,15:02:00,15:15:00,15
6810_5__6818_5,6810,6810_5,6818,6818_5,2736,28,7.533333333333303,15:02:00,15:15:00,15
6810_5__6818_5,6810,6810_5,6818,6818_5,705,29,7.399999999999977,15:02:00,15:15:00,15
6810_5__6818_5,6810,6810_5,6818,6818_5,9979,30,7.216666666666697,15:02:00,15:15:00,15
6810_5__6818_5,6810,6810_5,6818,6818_5,2492,31,7.2000000000000455,15:02:00,15:15:00,15
6810_5__6818_5,6810,6810_5,6818,6818_5,946,32,8.383333333333326,15:02:00,15:15:00,15
6810_5__6818_5,6810,6810_5,6818,6818_5,947,33,8.399999999999977,15:02:00,15:15:00,15
6810_5__6818_5,6810,6810_5,6818,6818_5,327,34,9.350000000000023,15:02:00,15:15:00,15
6810_5__6818_5,6810,6810_5,6818,6818_5,3284,35,10.083333333333258,15:02:00,15:15:00,15
6810_5__6818_5,6810,6810_5,6818,6818_5,3282,36,8.733333333333235,15:02:00,15:15:00,15
6810_5__6818_5,6810,6810_5,6818,6818_5,2583,37,8.583333333333371,15:02:00,15:15:00,15
6810_5__6818_5,6810,6810_5,6818,6818_5,2590,38,9.199999999999932,15:02:00,15:15:00,15
6810_5__6818_5,6810,6810_5,6818,6818_5,603,39,9.449999999999932,15:02:00,15:15:00,15
6810_6__6818_6,6810,6810_6,6818,6818_6,3797,1,14.0,17:53:00,18:07:00,17
6810_6__6818_6,6810,6810_6,6818,6818_6,2984,2,11.61666666666656,17:53:00,18:07:00,17
6810_6__6818_6,6810,6810_6,6818,6818_6,2685,3,10.366666666666788,17:53:00,18:07:00,17
6810_6__6818_6,6810,6810_6,6818,6818_6,3649,4,10.933333333333394,17:53:00,18:07:00,17
6810_6__6818_6,6810,6810_6,6818,6818_6,3747,5,11.433333333333394,17:53:00,18:07:00,17
6810_6__6818_6,6810,6810_6,6818,6818_6,482,6,11.666666666666742,17:53:00,18:07:00,17
6810_6__6818_6,6810,6810_6,6818,6818_6,709,7,11.416666666666742,17:53:00,18:07:00,17
6810_6__6818_6,6810,6810_6,6818,6818_6,1577,8,10.649999999999864,17:53:00,18:07:00,17
6810_6__6818_6,6810,6810_6,6818,6818_6,990,9,11.533333333333303,17:53:00,18:07:00,17
6810_6__6818_6,6810,6810_6,6818,6818_6,109,10,11.983333333333348,17:53:00,18:07:00,17
6810_6__6818_6,6810,6810_6,6818,6818_6,396,11,13.25,17:53:00,18:07:00,17
6810_6__6818_6,6810,6810_6,6818,6818_6,1253,12,13.199999999999818,17:53:00,18:07:00,17
6810_6__6818_6,6810,6810_6,6818,6818_6,1554,13,12.100000000000136,17:53:00,18:07:00,17
6810_6__6818_6,6810,6810_6,6818,6818_6,1099,14,13.466666666666697,17:53:00,18:07:00,17
6810_6__6818_6,6810,6810_6,6818,6818_6,168,15,13.300000000000182,17:53:00,18:07:00,17
6810_6__6818_6,6810,6810_6,6818,6818_6,929,16,12.766666666666652,17:53:00,18:07:00,17
6810_6__6818_6,6810,6810_6,6818,6818_6,94,17,12.733333333333348,17:53:00,18:07:00,17
6810_6__6818_6,6810,6810_6,6818,6818_6,1080,18,12.416666666666515,17:53:00,18:07:00,17
6810_6__6818_6,6810,6810_6,6818,6818_6,146,19,11.983333333333348,17:53:00,18:07:00,17
6810_6__6818_6,6810,6810_6,6818,6818_6,1089,20,12.199999999999818,17:53:00,18:07:00,17
6810_6__6818_6,6810,6810_6,6818,6818_6,213,21,11.633333333333212,17:53:00,18:07:00,17
6810_6__6818_6,6810,6810_6,6818,6818_6,3907,22,12.36666666666656,17:53:00,18:07:00,17
6810_6__6818_6,6810,6810_6,6818,6818_6,949,23,12.533333333333303,17:53:00,18:07:00,17
6810_6__6818_6,6810,6810_6,6818,6818_6,913,24,13.183333333333394,17:53:00,18:07:00,17
6810_6__6818_6,6810,6810_6,6818,6818_6,307,25,13.733333333333348,17:53:00,18:07:00,17
6810_6__6818_6,6810,6810_6,6818,6818_6,212,26,14.200000000000045,17:53:00,18:07:00,17
6810_6__6818_6,6810,6810_6,6818,6818_6,2665,27,13.816666666666606,17:53:00,18:07:00,17
6810_6__6818_6,6810,6810_6,6818,6818_6,2736,28,13.933333333333167,17:53:00,18:07:00,17
6810_6__6818_6,6810,6810_6,6818,6818_6,946,32,13.116666666666788,17:53:00,18:07:00,17
6810_6__6818_6,6810,6810_6,6818,6818_6,947,33,13.149999999999864,17:53:00,18:07:00,17
6810_6__6818_6,6810,6810_6,6818,6818_6,327,34,13.316666666666606,17:53:00,18:07:00,17
6810_6__6818_6,6810,6810_6,6818,6818_6,3284,35,13.483333333333348,17:53:00,18:07:00,17
6810_6__6818_6,6810,6810_6,6818,6818_6,3282,36,14.150000000000091,17:53:00,18:07:00,17
6810_6__6818_6,6810,6810_6,6818,6818_6,2583,37,13.766666666666652,17:53:00,18:07:00,17
6810_6__6818_6,6810,6810_6,6818,6818_6,2590,38,13.283333333333303,17:53:00,18:07:00,17
6810_7__6818_7,6810,6810_7,6818,6818_7,3797,1,15.016666666666652,20:34:59,20:50:00,20
6810_7__6818_7,6810,6810_7,6818,6818_7,2984,2,13.11666666666656,20:34:59,20:50:00,20
6810_7__6818_7,6810,6810_7,6818,6818_7,2685,3,11.849999999999909,20:34:59,20:50:00,20
6810_7__6818_7,6810,6810_7,6818,6818_7,3649,4,10.950000000000045,20:34:59,20:50:00,20
6810_7__6818_7,6810,6810_7,6818,6818_7,3747,5,9.5,20:34:59,20:50:00,20
6810_7__6818_7,6810,6810_7,6818,6818_7,482,6,9.200000000000045,20:34:59,20:50:00,20
6810_7__6818_7,6810,6810_7,6818,6818_7,709,7,7.383333333333212,20:34:59,20:50:00,20
6810_7__6818_7,6810,6810_7,6818,6818_7,1577,8,7.150000000000091,20:34:59,20:50:00,20
6810_7__6818_7,6810,6810_7,6818,6818_7,990,9,6.516666666666879,20:34:59,20:50:00,20
6810_7__6818_7,6810,6810_7,6818,6818_7,109,10,6.616666666666561,20:34:59,20:50:00,20
6810_7__6818_7,6810,6810_7,6818,6818_7,396,11,7.78333333333353,20:34:59,20:50:00,20
6810_7__6818_7,6810,6810_7,6818,6818_7,1253,12,7.899999999999864,20:34:59,20:50:00,20
6810_7__6818_7,6810,6810_7,6818,6818_7,1554,13,6.2666666666666515,20:34:59,20:50:00,20
6810_7__6818_7,6810,6810_7,6818,6818_7,1099,14,6.183333333333394,20:34:59,20:50:00,20
6810_7__6818_7,6810,6810_7,6818,6818_7,168,15,6.0833333333332575,20:34:59,20:50:00,20
6810_7__6818_7,6810,6810_7,6818,6818_7,929,16,6.75,20:34:59,20:50:00,20
6810_7__6818_7,6810,6810_7,6818,6818_7,94,17,6.216666666666697,20:34:59,20:50:00,20
6810_7__6818_7,6810,6810_7,6818,6818_7,1080,18,6.366666666666788,20:34:59,20:50:00,20
6810_7__6818_7,6810,6810_7,6818,6818_7,146,19,6.7999999999999545,20:34:59,20:50:00,20
6810_7__6818_7,6810,6810_7,6818,6818_7,1089,20,7.966666666666697,20:34:59,20:50:00,20
6810_7__6818_7,6810,6810_7,6818,6818_7,213,21,8.133333333333212,20:34:59,20:50:00,20
6810_7__6818_7,6810,6810_7,6818,6818_7,3907,22,8.416666666666742,20:34:59,20:50:00,20
6810_7__6818_7,6810,6810_7,6818,6818_7,949,23,9.049999999999955,20:34:59,20:50:00,20
6810_7__6818_7,6810,6810_7,6818,6818_7,913,24,9.066666666666606,20:34:59,20:50:00,20
6810_7__6818_7,6810,6810_7,6818,6818_7,307,25,9.649999999999864,20:34:59,20:50:00,20
6810_7__6818_7,6810,6810_7,6818,6818_7,212,26,9.299999999999955,20:34:59,20:50:00,20
6810_7__6818_7,6810,6810_7,6818,6818_7,2665,27,8.816666666666606,20:34:59,20:50:00,20
6810_7__6818_7,6810,6810_7,6818,6818_7,2736,28,8.516666666666652,20:34:59,20:50:00,20
6810_7__6818_7,6810,6810_7,6818,6818_7,705,29,7.6666666666667425,20:34:59,20:50:00,20
6810_7__6818_7,6810,6810_7,6818,6818_7,9979,30,8.783333333333303,20:34:59,20:50:00,20
6810_7__6818_7,6810,6810_7,6818,6818_7,2492,31,9.833333333333258,20:34:59,20:50:00,20
6810_7__6818_7,6810,6810_7,6818,6818_7,946,32,9.233333333333348,20:34:59,20:50:00,20
6810_7__6818_7,6810,6810_7,6818,6818_7,947,33,9.783333333333303,20:34:59,20:50:00,20
6810_7__6818_7,6810,6810_7,6818,6818_7,327,34,7.933333333333394,20:34:59,20:50:00,20
6810_7__6818_7,6810,6810_7,6818,6818_7,3284,35,8.166666666666515,20:34:59,20:50:00,20
6810_7__6818_7,6810,6810_7,6818,6818_7,3282,36,9.200000000000045,20:34:59,20:50:00,20
6810_7__6818_7,6810,6810_7,6818,6818_7,2583,37,9.049999999999955,20:34:59,20:50:00,20
6810_7__6818_7,6810,6810_7,6818,6818_7,2590,38,9.183333333333394,20:34:59,20:50:00,20
6810_7__6818_7,6810,6810_7,6818,6818_7,603,39,9.766666666666652,20:34:59,20:50:00,20
6812_1__6800_2,6812,6812_1,6800,6800_2,3797,1,15.0,04:55:00,05:10:00,4
6812_1__6800_2,6812,6812_1,6800,6800_2,2984,2,16.866666666666674,04:55:00,05:10:00,4
6812_1__6800_2,6812,6812_1,6800,6800_2,2685,3,16.69999999999999,04:55:00,05:10:00,4
6812_1__6800_2,6812,6812_1,6800,6800_2,3649,4,17.149999999999977,04:55:00,05:10:00,4
6812_1__6800_2,6812,6812_1,6800,6800_2,3747,5,17.383333333333326,04:55:00,05:10:00,4
6812_1__6800_2,6812,6812_1,6800,6800_2,482,6,16.850000000000023,04:55:00,05:10:00,4
6812_1__6800_2,6812,6812_1,6800,6800_2,709,7,17.350000000000023,04:55:00,05:10:00,4
6812_1__6800_2,6812,6812_1,6800,6800_2,1577,8,18.433333333333337,04:55:00,05:10:00,4
6812_1__6800_2,6812,6812_1,6800,6800_2,990,9,17.633333333333326,04:55:00,05:10:00,4
6812_1__6800_2,6812,6812_1,6800,6800_2,109,10,18.41666666666663,04:55:00,05:10:00,4
6812_1__6800_2,6812,6812_1,6800,6800_2,396,11,18.41666666666663,04:55:00,05:10:00,4
6812_1__6800_2,6812,6812_1,6800,6800_2,1253,12,18.23333333333329,04:55:00,05:10:00,4
6812_1__6800_2,6812,6812_1,6800,6800_2,1554,13,16.23333333333335,04:55:00,05:10:00,4
6812_1__6800_2,6812,6812_1,6800,6800_2,1099,14,16.58333333333337,04:55:00,05:10:00,4
6812_1__6800_2,6812,6812_1,6800,6800_2,168,15,16.816666666666663,04:55:00,05:10:00,4
6812_1__6800_2,6812,6812_1,6800,6800_2,929,16,16.5,04:55:00,05:10:00,4
6812_1__6800_2,6812,6812_1,6800,6800_2,94,17,16.916666666666686,04:55:00,05:10:00,4
6812_1__6800_2,6812,6812_1,6800,6800_2,1080,18,17.333333333333314,04:55:00,05:10:00,4
6812_1__6800_2,6812,6812_1,6800,6800_2,146,19,16.916666666666686,04:55:00,05:10:00,4
6812_1__6800_2,6812,6812_1,6800,6800_2,1089,20,17.0,04:55:00,05:10:00,4
6812_1__6800_2,6812,6812_1,6800,6800_2,213,21,17.649999999999977,04:55:00,05:10:00,4
6812_1__6800_2,6812,6812_1,6800,6800_2,3907,22,16.69999999999999,04:55:00,05:10:00,4
6812_1__6800_2,6812,6812_1,6800,6800_2,949,23,16.366666666666674,04:55:00,05:10:00,4
6812_1__6800_2,6812,6812_1,6800,6800_2,913,24,15.816666666666663,04:55:00,05:10:00,4
6812_1__6800_2,6812,6812_1,6800,6800_2,307,25,16.25,04:55:00,05:10:00,4
6812_1__6800_2,6812,6812_1,6800,6800_2,212,26,17.150000000000034,04:55:00,05:10:00,4
6812_1__6800_2,6812,6812_1,6800,6800_2,2665,27,16.51666666666671,04:55:00,05:10:00,4
6812_1__6800_2,6812,6812_1,6800,6800_2,2736,28,15.800000000000011,04:55:00,05:10:00,4
6812_1__6800_2,6812,6812_1,6800,6800_2,705,29,15.966666666666697,04:55:00,05:10:00,4
6812_1__6800_2,6812,6812_1,6800,6800_2,9979,30,15.433333333333337,04:55:00,05:10:00,4
6812_1__6800_2,6812,6812_1,6800,6800_2,2492,31,15.649999999999977,04:55:00,05:10:00,4
6812_1__6800_2,6812,6812_1,6800,6800_2,946,32,15.816666666666663,04:55:00,05:10:00,4
6812_1__6800_2,6812,6812_1,6800,6800_2,947,33,15.016666666666708,04:55:00,05:10:00,4
6812_1__6800_2,6812,6812_1,6800,6800_2,327,34,14.933333333333337,04:55:00,05:10:00,4
6812_1__6800_2,6812,6812_1,6800,6800_2,3284,35,15.71666666666664,04:55:00,05:10:00,4
6812_1__6800_2,6812,6812_1,6800,6800_2,3282,36,15.366666666666674,04:55:00,05:10:00,4
6812_1__6800_2,6812,6812_1,6800,6800_2,603,39,15.233333333333292,04:55:00,05:10:00,4
6812_2__6800_3,6812,6812_2,6800,6800_3,3797,1,11.983333333333348,07:17:00,07:28:59,7
6812_2__6800_3,6812,6812_2,6800,6800_3,2984,2,14.050000000000011,07:17:00,07:28:59,7
6812_2__6800_3,6812,6812_2,6800,6800_3,2685,3,14.25,07:17:00,07:28:59,7
6812_2__6800_3,6812,6812_2,6800,6800_3,3649,4,13.316666666666663,07:17:00,07:28:59,7
6812_2__6800_3,6812,6812_2,6800,6800_3,3747,5,13.949999999999989,07:17:00,07:28:59,7
6812_2__6800_3,6812,6812_2,6800,6800_3,482,6,16.05000000000001,07:17:00,07:28:59,7
6812_2__6800_3,6812,6812_2,6800,6800_3,709,7,17.116666666666674,07:17:00,07:28:59,7
6812_2__6800_3,6812,6812_2,6800,6800_3,1577,8,16.433333333333337,07:17:00,07:28:59,7
6812_2__6800_3,6812,6812_2,6800,6800_3,990,9,15.916666666666686,07:17:00,07:28:59,7
6812_2__6800_3,6812,6812_2,6800,6800_3,109,10,16.53333333333336,07:17:00,07:28:59,7
6812_2__6800_3,6812,6812_2,6800,6800_3,396,11,16.183333333333337,07:17:00,07:28:59,7
6812_2__6800_3,6812,6812_2,6800,6800_3,1253,12,16.366666666666617,07:17:00,07:28:59,7
6812_2__6800_3,6812,6812_2,6800,6800_3,1554,13,17.399999999999977,07:17:00,07:28:59,7
6812_2__6800_3,6812,6812_2,6800,6800_3,1099,14,17.76666666666671,07:17:00,07:28:59,7
6812_2__6800_3,6812,6812_2,6800,6800_3,168,15,17.25,07:17:00,07:28:59,7
6812_2__6800_3,6812,6812_2,6800,6800_3,929,16,17.58333333333337,07:17:00,07:28:59,7
6812_2__6800_3,6812,6812_2,6800,6800_3,94,17,18.5,07:17:00,07:28:59,7
6812_2__6800_3,6812,6812_2,6800,6800_3,1080,18,17.966666666666697,07:17:00,07:28:59,7
6812_2__6800_3,6812,6812_2,6800,6800_3,146,19,17.366666666666674,07:17:00,07:28:59,7
6812_2__6800_3,6812,6812_2,6800,6800_3,1089,20,16.94999999999999,07:17:00,07:28:59,7
6812_2__6800_3,6812,6812_2,6800,6800_3,213,21,17.383333333333326,07:17:00,07:28:59,7
6812_2__6800_3,6812,6812_2,6800,6800_3,3907,22,17.98333333333335,07:17:00,07:28:59,7
6812_2__6800_3,6812,6812_2,6800,6800_3,949,23,16.133333333333326,07:17:00,07:28:59,7
6812_2__6800_3,6812,6812_2,6800,6800_3,913,24,16.933333333333337,07:17:00,07:28:59,7
6812_2__6800_3,6812,6812_2,6800,6800_3,307,25,16.51666666666665,07:17:00,07:28:59,7
6812_2__6800_3,6812,6812_2,6800,6800_3,212,26,16.866666666666674,07:17:00,07:28:59,7
6812_2__6800_3,6812,6812_2,6800,6800_3,2665,27,16.616666666666674,07:17:00,07:28:59,7
6812_2__6800_3,6812,6812_2,6800,6800_3,2736,28,16.75,07:17:00,07:28:59,7
6812_2__6800_3,6812,6812_2,6800,6800_3,705,29,18.150000000000034,07:17:00,07:28:59,7
6812_2__6800_3,6812,6812_2,6800,6800_3,9979,30,18.116666666666617,07:17:00,07:28:59,7
6812_2__6800_3,6812,6812_2,6800,6800_3,2492,31,18.19999999999999,07:17:00,07:28:59,7
6812_2__6800_3,6812,6812_2,6800,6800_3,946,32,19.299999999999955,07:17:00,07:28:59,7
6812_2__6800_3,6812,6812_2,6800,6800_3,947,33,19.950000000000045,07:17:00,07:28:59,7
6812_2__6800_3,6812,6812_2,6800,6800_3,327,34,19.383333333333326,07:17:00,07:28:59,7
6812_2__6800_3,6812,6812_2,6800,6800_3,3284,35,18.600000000000023,07:17:00,07:28:59,7
6812_2__6800_3,6812,6812_2,6800,6800_3,3282,36,18.25,07:17:00,07:28:59,7
6812_2__6800_3,6812,6812_2,6800,6800_3,2583,37,19.150000000000034,07:17:00,07:28:59,7
6812_2__6800_3,6812,6812_2,6800,6800_3,2590,38,19.083333333333314,07:17:00,07:28:59,7
6812_2__6800_3,6812,6812_2,6800,6800_3,603,39,19.816666666666663,07:17:00,07:28:59,7
6812_3__6800_4,6812,6812_3,6800,6800_4,3797,1,13.0,09:59:00,10:12:00,9
6812_3__6800_4,6812,6812_3,6800,6800_4,2984,2,14.75,09:59:00,10:12:00,9
6812_3__6800_4,6812,6812_3,6800,6800_4,2685,3,13.966666666666697,09:59:00,10:12:00,9
6812_3__6800_4,6812,6812_3,6800,6800_4,3649,4,15.0,09:59:00,10:12:00,9
6812_3__6800_4,6812,6812_3,6800,6800_4,3747,5,15.649999999999977,09:59:00,10:12:00,9
6812_3__6800_4,6812,6812_3,6800,6800_4,482,6,16.883333333333326,09:59:00,10:12:00,9
6812_3__6800_4,6812,6812_3,6800,6800_4,709,7,15.216666666666697,09:59:00,10:12:00,9
6812_3__6800_4,6812,6812_3,6800,6800_4,1577,8,16.600000000000023,09:59:00,10:12:00,9
6812_3__6800_4,6812,6812_3,6800,6800_4,990,9,17.40000000000009,09:59:00,10:12:00,9
6812_3__6800_4,6812,6812_3,6800,6800_4,109,10,17.366666666666674,09:59:00,10:12:00,9
6812_3__6800_4,6812,6812_3,6800,6800_4,396,11,15.983333333333348,09:59:00,10:12:00,9
6812_3__6800_4,6812,6812_3,6800,6800_4,1253,12,16.416666666666742,09:59:00,10:12:00,9
6812_3__6800_4,6812,6812_3,6800,6800_4,1554,13,15.416666666666629,09:59:00,10:12:00,9
6812_3__6800_4,6812,6812_3,6800,6800_4,1099,14,15.783333333333303,09:59:00,10:12:00,9
6812_3__6800_4,6812,6812_3,6800,6800_4,168,15,15.866666666666674,09:59:00,10:12:00,9
6812_3__6800_4,6812,6812_3,6800,6800_4,929,16,16.5,09:59:00,10:12:00,9
6812_3__6800_4,6812,6812_3,6800,6800_4,94,17,18.299999999999955,09:59:00,10:12:00,9
6812_3__6800_4,6812,6812_3,6800,6800_4,1080,18,19.5,09:59:00,10:12:00,9
6812_3__6800_4,6812,6812_3,6800,6800_4,146,19,19.08333333333337,09:59:00,10:12:00,9
6812_3__6800_4,6812,6812_3,6800,6800_4,1089,20,18.366666666666674,09:59:00,10:12:00,9
6812_3__6800_4,6812,6812_3,6800,6800_4,213,21,17.73333333333335,09:59:00,10:12:00,9
6812_3__6800_4,6812,6812_3,6800,6800_4,3907,22,17.81666666666672,09:59:00,10:12:00,9
6812_3__6800_4,6812,6812_3,6800,6800_4,949,23,17.916666666666742,09:59:00,10:12:00,9
6812_3__6800_4,6812,6812_3,6800,6800_4,913,24,16.633333333333326,09:59:00,10:12:00,9
6812_3__6800_4,6812,6812_3,6800,6800_4,307,25,17.51666666666665,09:59:00,10:12:00,9
6812_3__6800_4,6812,6812_3,6800,6800_4,212,26,19.066666666666606,09:59:00,10:12:00,9
6812_3__6800_4,6812,6812_3,6800,6800_4,2665,27,19.51666666666665,09:59:00,10:12:00,9
6812_3__6800_4,6812,6812_3,6800,6800_4,2736,28,20.066666666666606,09:59:00,10:12:00,9
6812_3__6800_4,6812,6812_3,6800,6800_4,705,29,22.100000000000023,09:59:00,10:12:00,9
6812_3__6800_4,6812,6812_3,6800,6800_4,9979,30,22.183333333333394,09:59:00,10:12:00,9
6812_3__6800_4,6812,6812_3,6800,6800_4,2492,31,22.616666666666674,09:59:00,10:12:00,9
6812_3__6800_4,6812,6812_3,6800,6800_4,946,32,21.916666666666742,09:59:00,10:12:00,9
6812_3__6800_4,6812,6812_3,6800,6800_4,947,33,21.550000000000068,09:59:00,10:12:00,9
6812_3__6800_4,6812,6812_3,6800,6800_4,327,34,21.966666666666583,09:59:00,10:12:00,9
6812_3__6800_4,6812,6812_3,6800,6800_4,3284,35,21.5,09:59:00,10:12:00,9
6812_3__6800_4,6812,6812_3,6800,6800_4,3282,36,23.133333333333326,09:59:00,10:12:00,9
6812_3__6800_4,6812,6812_3,6800,6800_4,2583,37,23.549999999999955,09:59:00,10:12:00,9
6812_3__6800_4,6812,6812_3,6800,6800_4,2590,38,23.899999999999977,09:59:00,10:12:00,9
6812_3__6800_4,6812,6812_3,6800,6800_4,603,39,23.783333333333303,09:59:00,10:12:00,9
6812_4__6800_5,6812,6812_4,6800,6800_5,3797,1,12.983333333333348,12:45:00,12:57:59,12
6812_4__6800_5,6812,6812_4,6800,6800_5,2984,2,10.933333333333394,12:45:00,12:57:59,12
6812_4__6800_5,6812,6812_4,6800,6800_5,2685,3,11.133333333333326,12:45:00,12:57:59,12
6812_4__6800_5,6812,6812_4,6800,6800_5,3649,4,9.333333333333258,12:45:00,12:57:59,12
6812_4__6800_5,6812,6812_4,6800,6800_5,3747,5,9.300000000000068,12:45:00,12:57:59,12
6812_4__6800_5,6812,6812_4,6800,6800_5,482,6,9.81666666666672,12:45:00,12:57:59,12
6812_4__6800_5,6812,6812_4,6800,6800_5,709,7,9.75,12:45:00,12:57:59,12
6812_4__6800_5,6812,6812_4,6800,6800_5,1577,8,10.899999999999977,12:45:00,12:57:59,12
6812_4__6800_5,6812,6812_4,6800,6800_5,990,9,11.083333333333258,12:45:00,12:57:59,12
6812_4__6800_5,6812,6812_4,6800,6800_5,109,10,11.033333333333303,12:45:00,12:57:59,12
6812_4__6800_5,6812,6812_4,6800,6800_5,396,11,9.666666666666629,12:45:00,12:57:59,12
6812_4__6800_5,6812,6812_4,6800,6800_5,1253,12,9.0,12:45:00,12:57:59,12
6812_4__6800_5,6812,6812_4,6800,6800_5,1554,13,8.916666666666629,12:45:00,12:57:59,12
6812_4__6800_5,6812,6812_4,6800,6800_5,1099,14,9.93333333333328,12:45:00,12:57:59,12
6812_4__6800_5,6812,6812_4,6800,6800_5,168,15,8.733333333333348,12:45:00,12:57:59,12
6812_4__6800_5,6812,6812_4,6800,6800_5,929,16,8.533333333333303,12:45:00,12:57:59,12
6812_4__6800_5,6812,6812_4,6800,6800_5,94,17,7.25,12:45:00,12:57:59,12
6812_4__6800_5,6812,6812_4,6800,6800_5,1080,18,8.550000000000068,12:45:00,12:57:59,12
6812_4__6800_5,6812,6812_4,6800,6800_5,146,19,8.233333333333348,12:45:00,12:57:59,12
6812_4__6800_5,6812,6812_4,6800,6800_5,1089,20,7.75,12:45:00,12:57:59,12
6812_4__6800_5,6812,6812_4,6800,6800_5,213,21,8.016666666666652,12:45:00,12:57:59,12
6812_4__6800_5,6812,6812_4,6800,6800_5,3907,22,7.5833333333332575,12:45:00,12:57:59,12
6812_4__6800_5,6812,6812_4,6800,6800_5,949,23,7.2999999999999545,12:45:00,12:57:59,12
6812_4__6800_5,6812,6812_4,6800,6800_5,913,24,7.083333333333371,12:45:00,12:57:59,12
6812_4__6800_5,6812,6812_4,6800,6800_5,307,25,7.5,12:45:00,12:57:59,12
6812_4__6800_5,6812,6812_4,6800,6800_5,212,26,6.783333333333303,12:45:00,12:57:59,12
6812_4__6800_5,6812,6812_4,6800,6800_5,2665,27,6.466666666666697,12:45:00,12:57:59,12
6812_4__6800_5,6812,6812_4,6800,6800_5,2736,28,6.916666666666629,12:45:00,12:57:59,12
6812_4__6800_5,6812,6812_4,6800,6800_5,705,29,7.433333333333394,12:45:00,12:57:59,12
6812_4__6800_5,6812,6812_4,6800,6800_5,9979,30,7.56666666666672,12:45:00,12:57:59,12
6812_4__6800_5,6812,6812_4,6800,6800_5,2492,31,7.733333333333235,12:45:00,12:57:59,12
6812_4__6800_5,6812,6812_4,6800,6800_5,946,32,7.0166666666666515,12:45:00,12:57:59,12
6812_4__6800_5,6812,6812_4,6800,6800_5,947,33,6.666666666666629,12:45:00,12:57:59,12
6812_4__6800_5,6812,6812_4,6800,6800_5,327,34,6.816666666666606,12:45:00,12:57:59,12
6812_4__6800_5,6812,6812_4,6800,6800_5,3284,35,6.2000000000000455,12:45:00,12:57:59,12
6812_4__6800_5,6812,6812_4,6800,6800_5,3282,36,5.133333333333326,12:45:00,12:57:59,12
6812_4__6800_5,6812,6812_4,6800,6800_5,2583,37,4.166666666666629,12:45:00,12:57:59,12
6812_4__6800_5,6812,6812_4,6800,6800_5,2590,38,3.9833333333333485,12:45:00,12:57:59,12
6812_4__6800_5,6812,6812_4,6800,6800_5,603,39,4.366666666666674,12:45:00,12:57:59,12
6812_5__6800_6,6812,6812_5,6800,6800_6,3797,1,11.983333333333348,15:28:00,15:39:59,15
6812_5__6800_6,6812,6812_5,6800,6800_6,2984,2,10.966666666666697,15:28:00,15:39:59,15
6812_5__6800_6,6812,6812_5,6800,6800_6,2685,3,11.416666666666629,15:28:00,15:39:59,15
6812_5__6800_6,6812,6812_5,6800,6800_6,3649,4,10.383333333333326,15:28:00,15:39:59,15
6812_5__6800_6,6812,6812_5,6800,6800_6,3747,5,9.75,15:28:00,15:39:59,15
6812_5__6800_6,6812,6812_5,6800,6800_6,482,6,8.866666666666674,15:28:00,15:39:59,15
6812_5__6800_6,6812,6812_5,6800,6800_6,709,7,9.350000000000023,15:28:00,15:39:59,15
6812_5__6800_6,6812,6812_5,6800,6800_6,1577,8,11.066666666666606,15:28:00,15:39:59,15
6812_5__6800_6,6812,6812_5,6800,6800_6,990,9,10.75,15:28:00,15:39:59,15
6812_5__6800_6,6812,6812_5,6800,6800_6,109,10,12.216666666666697,15:28:00,15:39:59,15
6812_5__6800_6,6812,6812_5,6800,6800_6,396,11,11.75,15:28:00,15:39:59,15
6812_5__6800_6,6812,6812_5,6800,6800_6,1253,12,11.733333333333235,15:28:00,15:39:59,15
6812_5__6800_6,6812,6812_5,6800,6800_6,1554,13,12.849999999999909,15:28:00,15:39:59,15
6812_5__6800_6,6812,6812_5,6800,6800_6,1099,14,12.916666666666742,15:28:00,15:39:59,15
6812_5__6800_6,6812,6812_5,6800,6800_6,168,15,13.0,15:28:00,15:39:59,15
6812_5__6800_6,6812,6812_5,6800,6800_6,929,16,12.483333333333235,15:28:00,15:39:59,15
6812_5__6800_6,6812,6812_5,6800,6800_6,94,17,12.700000000000045,15:28:00,15:39:59,15
6812_5__6800_6,6812,6812_5,6800,6800_6,1080,18,12.533333333333303,15:28:00,15:39:59,15
6812_5__6800_6,6812,6812_5,6800,6800_6,146,19,12.850000000000023,15:28:00,15:39:59,15
6812_5__6800_6,6812,6812_5,6800,6800_6,1089,20,12.833333333333371,15:28:00,15:39:59,15
6812_5__6800_6,6812,6812_5,6800,6800_6,213,21,12.399999999999977,15:28:00,15:39:59,15
6812_5__6800_6,6812,6812_5,6800,6800_6,3907,22,14.183333333333394,15:28:00,15:39:59,15
6812_5__6800_6,6812,6812_5,6800,6800_6,949,23,14.75,15:28:00,15:39:59,15
6812_5__6800_6,6812,6812_5,6800,6800_6,913,24,15.133333333333326,15:28:00,15:39:59,15
6812_5__6800_6,6812,6812_5,6800,6800_6,307,25,15.43333333333328,15:28:00,15:39:59,15
6812_5__6800_6,6812,6812_5,6800,6800_6,212,26,15.216666666666583,15:28:00,15:39:59,15
6812_5__6800_6,6812,6812_5,6800,6800_6,2665,27,15.733333333333348,15:28:00,15:39:59,15
6812_5__6800_6,6812,6812_5,6800,6800_6,2736,28,15.733333333333348,15:28:00,15:39:59,15
6812_5__6800_6,6812,6812_5,6800,6800_6,705,29,16.56666666666672,15:28:00,15:39:59,15
6812_5__6800_6,6812,6812_5,6800,6800_6,9979,30,15.983333333333348,15:28:00,15:39:59,15
6812_5__6800_6,6812,6812_5,6800,6800_6,2492,31,16.633333333333326,15:28:00,15:39:59,15
6812_5__6800_6,6812,6812_5,6800,6800_6,946,32,16.299999999999955,15:28:00,15:39:59,15
6812_5__6800_6,6812,6812_5,6800,6800_6,947,33,16.73333333333335,15:28:00,15:39:59,15
6812_5__6800_6,6812,6812_5,6800,6800_6,327,34,16.350000000000023,15:28:00,15:39:59,15
6812_5__6800_6,6812,6812_5,6800,6800_6,3284,35,16.049999999999955,15:28:00,15:39:59,15
6812_5__6800_6,6812,6812_5,6800,6800_6,3282,36,16.83333333333337,15:28:00,15:39:59,15
6812_5__6800_6,6812,6812_5,6800,6800_6,2583,37,15.75,15:28:00,15:39:59,15
6812_5__6800_6,6812,6812_5,6800,6800_6,2590,38,14.68333333333328,15:28:00,15:39:59,15
6812_5__6800_6,6812,6812_5,6800,6800_6,603,39,15.25,15:28:00,15:39:59,15
6812_6__6800_7,6812,6812_6,6800,6800_7,3797,1,14.0,18:21:00,18:35:00,18
6812_6__6800_7,6812,6812_6,6800,6800_7,2984,2,14.099999999999909,18:21:00,18:35:00,18
6812_6__6800_7,6812,6812_6,6800,6800_7,2685,3,15.049999999999955,18:21:00,18:35:00,18
6812_6__6800_7,6812,6812_6,6800,6800_7,3649,4,13.466666666666697,18:21:00,18:35:00,18
6812_6__6800_7,6812,6812_6,6800,6800_7,3747,5,12.566666666666606,18:21:00,18:35:00,18
6812_6__6800_7,6812,6812_6,6800,6800_7,482,6,12.0,18:21:00,18:35:00,18
6812_6__6800_7,6812,6812_6,6800,6800_7,709,7,10.900000000000091,18:21:00,18:35:00,18
6812_6__6800_7,6812,6812_6,6800,6800_7,1577,8,10.666666666666515,18:21:00,18:35:00,18
6812_6__6800_7,6812,6812_6,6800,6800_7,990,9,10.716666666666697,18:21:00,18:35:00,18
6812_6__6800_7,6812,6812_6,6800,6800_7,109,10,10.183333333333394,18:21:00,18:35:00,18
6812_6__6800_7,6812,6812_6,6800,6800_7,396,11,9.833333333333485,18:21:00,18:35:00,18
6812_6__6800_7,6812,6812_6,6800,6800_7,1253,12,9.449999999999818,18:21:00,18:35:00,18
6812_6__6800_7,6812,6812_6,6800,6800_7,1554,13,10.983333333333348,18:21:00,18:35:00,18
6812_6__6800_7,6812,6812_6,6800,6800_7,1099,14,10.900000000000091,18:21:00,18:35:00,18
6812_6__6800_7,6812,6812_6,6800,6800_7,168,15,12.150000000000091,18:21:00,18:35:00,18
6812_6__6800_7,6812,6812_6,6800,6800_7,929,16,13.149999999999864,18:21:00,18:35:00,18
6812_6__6800_7,6812,6812_6,6800,6800_7,94,17,12.5,18:21:00,18:35:00,18
6812_6__6800_7,6812,6812_6,6800,6800_7,1080,18,12.63333333333344,18:21:00,18:35:00,18
6812_6__6800_7,6812,6812_6,6800,6800_7,146,19,12.566666666666606,18:21:00,18:35:00,18
6812_6__6800_7,6812,6812_6,6800,6800_7,1089,20,13.033333333333303,18:21:00,18:35:00,18
6812_6__6800_7,6812,6812_6,6800,6800_7,213,21,12.416666666666742,18:21:00,18:35:00,18
6812_6__6800_7,6812,6812_6,6800,6800_7,3907,22,12.650000000000091,18:21:00,18:35:00,18
6812_6__6800_7,6812,6812_6,6800,6800_7,949,23,11.099999999999909,18:21:00,18:35:00,18
6812_6__6800_7,6812,6812_6,6800,6800_7,913,24,11.983333333333348,18:21:00,18:35:00,18
6812_6__6800_7,6812,6812_6,6800,6800_7,307,25,11.833333333333258,18:21:00,18:35:00,18
6812_6__6800_7,6812,6812_6,6800,6800_7,212,26,11.299999999999955,18:21:00,18:35:00,18
6812_6__6800_7,6812,6812_6,6800,6800_7,2665,27,11.450000000000045,18:21:00,18:35:00,18
6812_6__6800_7,6812,6812_6,6800,6800_7,2736,28,12.200000000000045,18:21:00,18:35:00,18
6812_6__6800_7,6812,6812_6,6800,6800_7,705,29,9.683333333333394,18:21:00,18:35:00,18
6812_6__6800_7,6812,6812_6,6800,6800_7,9979,30,9.483333333333348,18:21:00,18:35:00,18
6812_6__6800_7,6812,6812_6,6800,6800_7,2492,31,9.566666666666833,18:21:00,18:35:00,18
6812_6__6800_7,6812,6812_6,6800,6800_7,946,32,9.783333333333303,18:21:00,18:35:00,18
6812_6__6800_7,6812,6812_6,6800,6800_7,947,33,9.666666666666515,18:21:00,18:35:00,18
6812_6__6800_7,6812,6812_6,6800,6800_7,327,34,10.75,18:21:00,18:35:00,18
6812_6__6800_7,6812,6812_6,6800,6800_7,3284,35,9.900000000000091,18:21:00,18:35:00,18
6812_6__6800_7,6812,6812_6,6800,6800_7,3282,36,9.683333333333394,18:21:00,18:35:00,18
6812_6__6800_7,6812,6812_6,6800,6800_7,2583,37,9.733333333333348,18:21:00,18:35:00,18
6812_6__6800_7,6812,6812_6,6800,6800_7,2590,38,11.283333333333303,18:21:00,18:35:00,18
6812_6__6800_7,6812,6812_6,6800,6800_7,603,39,12.049999999999955,18:21:00,18:35:00,18
6815_1__6007_3,6815,6815_1,6007,6007_3,3797,1,12.0,08:32:00,08:44:00,8
6815_1__6007_3,6815,6815_1,6007,6007_3,2984,2,12.466666666666697,08:32:00,08:44:00,8
6815_1__6007_3,6815,6815_1,6007,6007_3,2685,3,12.983333333333348,08:32:00,08:44:00,8
6815_1__6007_3,6815,6815_1,6007,6007_3,3649,4,12.833333333333258,08:32:00,08:44:00,8
6815_1__6007_3,6815,6815_1,6007,6007_3,3747,5,13.0,08:32:00,08:44:00,8
6815_1__6007_3,6815,6815_1,6007,6007_3,482,6,12.666666666666742,08:32:00,08:44:00,8
6815_1__6007_3,6815,6815_1,6007,6007_3,709,7,12.283333333333303,08:32:00,08:44:00,8
6815_1__6007_3,6815,6815_1,6007,6007_3,1577,8,12.93333333333328,08:32:00,08:44:00,8
6815_1__6007_3,6815,6815_1,6007,6007_3,990,9,13.116666666666674,08:32:00,08:44:00,8
6815_1__6007_3,6815,6815_1,6007,6007_3,109,10,11.699999999999932,08:32:00,08:44:00,8
6815_1__6007_3,6815,6815_1,6007,6007_3,396,11,12.866666666666674,08:32:00,08:44:00,8
6815_1__6007_3,6815,6815_1,6007,6007_3,1253,12,13.450000000000045,08:32:00,08:44:00,8
6815_1__6007_3,6815,6815_1,6007,6007_3,1554,13,13.166666666666629,08:32:00,08:44:00,8
6815_1__6007_3,6815,6815_1,6007,6007_3,1099,14,12.699999999999932,08:32:00,08:44:00,8
6815_1__6007_3,6815,6815_1,6007,6007_3,168,15,12.733333333333348,08:32:00,08:44:00,8
6815_1__6007_3,6815,6815_1,6007,6007_3,929,16,10.350000000000023,08:32:00,08:44:00,8
6815_1__6007_3,6815,6815_1,6007,6007_3,94,17,8.916666666666742,08:32:00,08:44:00,8
6815_1__6007_3,6815,6815_1,6007,6007_3,1080,18,9.916666666666629,08:32:00,08:44:00,8
6815_1__6007_3,6815,6815_1,6007,6007_3,146,19,9.783333333333417,08:32:00,08:44:00,8
6815_1__6007_3,6815,6815_1,6007,6007_3,1089,20,9.300000000000068,08:32:00,08:44:00,8
6815_1__6007_3,6815,6815_1,6007,6007_3,213,21,9.833333333333371,08:32:00,08:44:00,8
6815_1__6007_3,6815,6815_1,6007,6007_3,3907,22,10.983333333333235,08:32:00,08:44:00,8
6815_1__6007_3,6815,6815_1,6007,6007_3,949,23,10.366666666666674,08:32:00,08:44:00,8
6815_1__6007_3,6815,6815_1,6007,6007_3,913,24,10.633333333333326,08:32:00,08:44:00,8
6815_1__6007_3,6815,6815_1,6007,6007_3,307,25,11.216666666666583,08:32:00,08:44:00,8
6815_1__6007_3,6815,6815_1,6007,6007_3,212,26,11.599999999999909,08:32:00,08:44:00,8
6815_1__6007_3,6815,6815_1,6007,6007_3,2665,27,12.216666666666697,08:32:00,08:44:00,8
6815_1__6007_3,6815,6815_1,6007,6007_3,2736,28,12.533333333333303,08:32:00,08:44:00,8
6815_1__6007_3,6815,6815_1,6007,6007_3,705,29,13.233333333333348,08:32:00,08:44:00,8
6815_1__6007_3,6815,6815_1,6007,6007_3,9979,30,13.433333333333394,08:32:00,08:44:00,8
6815_1__6007_3,6815,6815_1,6007,6007_3,2492,31,14.31666666666672,08:32:00,08:44:00,8
6815_1__6007_3,6815,6815_1,6007,6007_3,946,32,14.616666666666674,08:32:00,08:44:00,8
6815_1__6007_3,6815,6815_1,6007,6007_3,947,33,15.18333333333328,08:32:00,08:44:00,8
6815_1__6007_3,6815,6815_1,6007,6007_3,327,34,15.200000000000045,08:32:00,08:44:00,8
6815_1__6007_3,6815,6815_1,6007,6007_3,3284,35,14.31666666666672,08:32:00,08:44:00,8
6815_1__6007_3,6815,6815_1,6007,6007_3,3282,36,15.200000000000045,08:32:00,08:44:00,8
6815_1__6007_3,6815,6815_1,6007,6007_3,2583,37,16.98333333333335,08:32:00,08:44:00,8
6815_1__6007_3,6815,6815_1,6007,6007_3,2590,38,16.0,08:32:00,08:44:00,8
6815_1__6007_3,6815,6815_1,6007,6007_3,603,39,16.116666666666674,08:32:00,08:44:00,8
6815_2__6007_4,6815,6815_2,6007,6007_4,3797,1,12.0,11:17:00,11:29:00,11
6815_2__6007_4,6815,6815_2,6007,6007_4,2984,2,11.033333333333303,11:17:00,11:29:00,11
6815_2__6007_4,6815,6815_2,6007,6007_4,2685,3,10.56666666666672,11:17:00,11:29:00,11
6815_2__6007_4,6815,6815_2,6007,6007_4,3649,4,9.549999999999955,11:17:00,11:29:00,11
6815_2__6007_4,6815,6815_2,6007,6007_4,3747,5,9.550000000000068,11:17:00,11:29:00,11
6815_2__6007_4,6815,6815_2,6007,6007_4,482,6,9.43333333333328,11:17:00,11:29:00,11
6815_2__6007_4,6815,6815_2,6007,6007_4,709,7,9.866666666666674,11:17:00,11:29:00,11
6815_2__6007_4,6815,6815_2,6007,6007_4,1577,8,11.033333333333417,11:17:00,11:29:00,11
6815_2__6007_4,6815,6815_2,6007,6007_4,990,9,11.233333333333348,11:17:00,11:29:00,11
6815_2__6007_4,6815,6815_2,6007,6007_4,109,10,12.0,11:17:00,11:29:00,11
6815_2__6007_4,6815,6815_2,6007,6007_4,396,11,12.333333333333258,11:17:00,11:29:00,11
6815_2__6007_4,6815,6815_2,6007,6007_4,1253,12,13.533333333333417,11:17:00,11:29:00,11
6815_2__6007_4,6815,6815_2,6007,6007_4,1554,13,12.966666666666583,11:17:00,11:29:00,11
6815_2__6007_4,6815,6815_2,6007,6007_4,1099,14,13.633333333333326,11:17:00,11:29:00,11
6815_2__6007_4,6815,6815_2,6007,6007_4,168,15,14.88333333333344,11:17:00,11:29:00,11
6815_2__6007_4,6815,6815_2,6007,6007_4,929,16,14.25,11:17:00,11:29:00,11
6815_2__6007_4,6815,6815_2,6007,6007_4,94,17,14.533333333333303,11:17:00,11:29:00,11
6815_2__6007_4,6815,6815_2,6007,6007_4,1080,18,14.950000000000045,11:17:00,11:29:00,11
6815_2__6007_4,6815,6815_2,6007,6007_4,146,19,13.950000000000045,11:17:00,11:29:00,11
6815_2__6007_4,6815,6815_2,6007,6007_4,1089,20,13.533333333333417,11:17:00,11:29:00,11
6815_2__6007_4,6815,6815_2,6007,6007_4,213,21,12.516666666666652,11:17:00,11:29:00,11
6815_2__6007_4,6815,6815_2,6007,6007_4,3907,22,12.649999999999977,11:17:00,11:29:00,11
6815_2__6007_4,6815,6815_2,6007,6007_4,949,23,13.06666666666672,11:17:00,11:29:00,11
6815_2__6007_4,6815,6815_2,6007,6007_4,913,24,13.149999999999977,11:17:00,11:29:00,11
6815_2__6007_4,6815,6815_2,6007,6007_4,307,25,13.36666666666656,11:17:00,11:29:00,11
6815_2__6007_4,6815,6815_2,6007,6007_4,212,26,13.533333333333303,11:17:00,11:29:00,11
6815_2__6007_4,6815,6815_2,6007,6007_4,2665,27,14.233333333333235,11:17:00,11:29:00,11
6815_2__6007_4,6815,6815_2,6007,6007_4,2736,28,13.383333333333326,11:17:00,11:29:00,11
6815_2__6007_4,6815,6815_2,6007,6007_4,705,29,13.0,11:17:00,11:29:00,11
6815_2__6007_4,6815,6815_2,6007,6007_4,9979,30,12.983333333333348,11:17:00,11:29:00,11
6815_2__6007_4,6815,6815_2,6007,6007_4,2492,31,12.816666666666606,11:17:00,11:29:00,11
6815_2__6007_4,6815,6815_2,6007,6007_4,946,32,13.350000000000023,11:17:00,11:29:00,11
6815_2__6007_4,6815,6815_2,6007,6007_4,947,33,13.983333333333348,11:17:00,11:29:00,11
6815_2__6007_4,6815,6815_2,6007,6007_4,327,34,14.766666666666652,11:17:00,11:29:00,11
6815_2__6007_4,6815,6815_2,6007,6007_4,3284,35,13.866666666666674,11:17:00,11:29:00,11
6815_2__6007_4,6815,6815_2,6007,6007_4,3282,36,13.950000000000045,11:17:00,11:29:00,11
6815_2__6007_4,6815,6815_2,6007,6007_4,2583,37,13.416666666666742,11:17:00,11:29:00,11
6815_2__6007_4,6815,6815_2,6007,6007_4,2590,38,13.350000000000023,11:17:00,11:29:00,11
6815_2__6007_4,6815,6815_2,6007,6007_4,603,39,13.649999999999977,11:17:00,11:29:00,11
6815_3__6007_5,6815,6815_3,6007,6007_5,2984,2,13.25,13:59:33,14:12:48,13
6815_3__6007_5,6815,6815_3,6007,6007_5,2685,3,12.799999999999955,13:59:33,14:12:48,13
6815_3__6007_5,6815,6815_3,6007,6007_5,3649,4,12.283333333333417,13:59:33,14:12:48,13
6815_3__6007_5,6815,6815_3,6007,6007_5,3747,5,11.11666666666656,13:59:33,14:12:48,13
6815_3__6007_5,6815,6815_3,6007,6007_5,482,6,11.533333333333417,13:59:33,14:12:48,13
6815_3__6007_5,6815,6815_3,6007,6007_5,709,7,10.783333333333303,13:59:33,14:12:48,13
6815_3__6007_5,6815,6815_3,6007,6007_5,1577,8,8.916666666666629,13:59:33,14:12:48,13
6815_3__6007_5,6815,6815_3,6007,6007_5,990,9,9.649999999999977,13:59:33,14:12:48,13
6815_3__6007_5,6815,6815_3,6007,6007_5,109,10,9.883333333333326,13:59:33,14:12:48,13
6815_3__6007_5,6815,6815_3,6007,6007_5,396,11,10.383333333333326,13:59:33,14:12:48,13
6815_3__6007_5,6815,6815_3,6007,6007_5,1253,12,11.049999999999955,13:59:33,14:12:48,13
6815_3__6007_5,6815,6815_3,6007,6007_5,1554,13,10.683333333333394,13:59:33,14:12:48,13
6815_3__6007_5,6815,6815_3,6007,6007_5,1099,14,11.033333333333417,13:59:33,14:12:48,13
6815_3__6007_5,6815,6815_3,6007,6007_5,168,15,10.533333333333303,13:59:33,14:12:48,13
6815_3__6007_5,6815,6815_3,6007,6007_5,929,16,9.833333333333371,13:59:33,14:12:48,13
6815_3__6007_5,6815,6815_3,6007,6007_5,94,17,9.183333333333394,13:59:33,14:12:48,13
6815_3__6007_5,6815,6815_3,6007,6007_5,1080,18,9.93333333333328,13:59:33,14:12:48,13
6815_3__6007_5,6815,6815_3,6007,6007_5,146,19,9.733333333333348,13:59:33,14:12:48,13
6815_3__6007_5,6815,6815_3,6007,6007_5,1089,20,11.050000000000068,13:59:33,14:12:48,13
6815_3__6007_5,6815,6815_3,6007,6007_5,213,21,10.899999999999977,13:59:33,14:12:48,13
6815_3__6007_5,6815,6815_3,6007,6007_5,3907,22,11.083333333333371,13:59:33,14:12:48,13
6815_3__6007_5,6815,6815_3,6007,6007_5,949,23,11.11666666666656,13:59:33,14:12:48,13
6815_3__6007_5,6815,6815_3,6007,6007_5,913,24,10.583333333333258,13:59:33,14:12:48,13
6815_3__6007_5,6815,6815_3,6007,6007_5,307,25,10.649999999999977,13:59:33,14:12:48,13
6815_3__6007_5,6815,6815_3,6007,6007_5,212,26,10.966666666666697,13:59:33,14:12:48,13
6815_3__6007_5,6815,6815_3,6007,6007_5,2665,27,10.549999999999955,13:59:33,14:12:48,13
6815_3__6007_5,6815,6815_3,6007,6007_5,2736,28,11.666666666666742,13:59:33,14:12:48,13
6815_3__6007_5,6815,6815_3,6007,6007_5,705,29,10.766666666666652,13:59:33,14:12:48,13
6815_3__6007_5,6815,6815_3,6007,6007_5,9979,30,11.216666666666697,13:59:33,14:12:48,13
6815_3__6007_5,6815,6815_3,6007,6007_5,2492,31,11.633333333333326,13:59:33,14:12:48,13
6815_3__6007_5,6815,6815_3,6007,6007_5,946,32,12.866666666666674,13:59:33,14:12:48,13
6815_3__6007_5,6815,6815_3,6007,6007_5,947,33,12.799999999999955,13:59:33,14:12:48,13
6815_3__6007_5,6815,6815_3,6007,6007_5,327,34,10.166666666666629,13:59:33,14:12:48,13
6815_3__6007_5,6815,6815_3,6007,6007_5,3284,35,9.866666666666674,13:59:33,14:12:48,13
6815_3__6007_5,6815,6815_3,6007,6007_5,3282,36,9.233333333333348,13:59:33,14:12:48,13
6815_3__6007_5,6815,6815_3,6007,6007_5,2583,37,9.433333333333394,13:59:33,14:12:48,13
6815_3__6007_5,6815,6815_3,6007,6007_5,2590,38,9.199999999999932,13:59:33,14:12:48,13
6815_3__6007_5,6815,6815_3,6007,6007_5,603,39,7.5,13:59:33,14:12:48,13
6818_1__6812_1,6818,6818_1,6812,6812_1,3797,1,16.01666666666665,04:38:59,04:55:00,4
6818_1__6812_1,6818,6818_1,6812,6812_1,2984,2,16.133333333333326,04:38:59,04:55:00,4
6818_1__6812_1,6818,6818_1,6812,6812_1,2685,3,15.083333333333314,04:38:59,04:55:00,4
6818_1__6812_1,6818,6818_1,6812,6812_1,3649,4,15.25,04:38:59,04:55:00,4
6818_1__6812_1,6818,6818_1,6812,6812_1,3747,5,15.766666666666652,04:38:59,04:55:00,4
6818_1__6812_1,6818,6818_1,6812,6812_1,482,6,16.23333333333329,04:38:59,04:55:00,4
6818_1__6812_1,6818,6818_1,6812,6812_1,709,7,16.649999999999977,04:38:59,04:55:00,4
6818_1__6812_1,6818,6818_1,6812,6812_1,1577,8,16.03333333333336,04:38:59,04:55:00,4
6818_1__6812_1,6818,6818_1,6812,6812_1,990,9,17.216666666666697,04:38:59,04:55:00,4
6818_1__6812_1,6818,6818_1,6812,6812_1,109,10,17.58333333333337,04:38:59,04:55:00,4
6818_1__6812_1,6818,6818_1,6812,6812_1,396,11,18.78333333333336,04:38:59,04:55:00,4
6818_1__6812_1,6818,6818_1,6812,6812_1,1253,12,19.05000000000001,04:38:59,04:55:00,4
6818_1__6812_1,6818,6818_1,6812,6812_1,1554,13,20.566666666666663,04:38:59,04:55:00,4
6818_1__6812_1,6818,6818_1,6812,6812_1,1099,14,22.099999999999966,04:38:59,04:55:00,4
6818_1__6812_1,6818,6818_1,6812,6812_1,168,15,22.0,04:38:59,04:55:00,4
6818_1__6812_1,6818,6818_1,6812,6812_1,929,16,21.0,04:38:59,04:55:00,4
6818_1__6812_1,6818,6818_1,6812,6812_1,94,17,20.5,04:38:59,04:55:00,4
6818_1__6812_1,6818,6818_1,6812,6812_1,1080,18,20.73333333333335,04:38:59,04:55:00,4
6818_1__6812_1,6818,6818_1,6812,6812_1,146,19,21.166666666666686,04:38:59,04:55:00,4
6818_1__6812_1,6818,6818_1,6812,6812_1,213,21,20.916666666666686,04:38:59,04:55:00,4
6818_1__6812_1,6818,6818_1,6812,6812_1,3907,22,21.083333333333314,04:38:59,04:55:00,4
6818_1__6812_1,6818,6818_1,6812,6812_1,949,23,20.866666666666674,04:38:59,04:55:00,4
6818_1__6812_1,6818,6818_1,6812,6812_1,913,24,21.03333333333336,04:38:59,04:55:00,4
6818_1__6812_1,6818,6818_1,6812,6812_1,307,25,20.433333333333337,04:38:59,04:55:00,4
6818_1__6812_1,6818,6818_1,6812,6812_1,212,26,20.083333333333314,04:38:59,04:55:00,4
6818_1__6812_1,6818,6818_1,6812,6812_1,2665,27,20.48333333333329,04:38:59,04:55:00,4
6818_1__6812_1,6818,6818_1,6812,6812_1,2736,28,21.28333333333336,04:38:59,04:55:00,4
6818_1__6812_1,6818,6818_1,6812,6812_1,705,29,21.933333333333337,04:38:59,04:55:00,4
6818_1__6812_1,6818,6818_1,6812,6812_1,9979,30,21.78333333333336,04:38:59,04:55:00,4
6818_1__6812_1,6818,6818_1,6812,6812_1,2492,31,21.666666666666686,04:38:59,04:55:00,4
6818_1__6812_1,6818,6818_1,6812,6812_1,946,32,23.166666666666686,04:38:59,04:55:00,4
6818_1__6812_1,6818,6818_1,6812,6812_1,947,33,23.366666666666674,04:38:59,04:55:00,4
6818_1__6812_1,6818,6818_1,6812,6812_1,327,34,23.899999999999977,04:38:59,04:55:00,4
6818_1__6812_1,6818,6818_1,6812,6812_1,3284,35,23.833333333333314,04:38:59,04:55:00,4
6818_1__6812_1,6818,6818_1,6812,6812_1,3282,36,23.833333333333314,04:38:59,04:55:00,4
6818_1__6812_1,6818,6818_1,6812,6812_1,603,39,22.80000000000001,04:38:59,04:55:00,4
6818_2__6812_2,6818,6818_2,6812,6812_2,2984,2,13.916666666666629,07:04:25,07:18:20,7
6818_2__6812_2,6818,6818_2,6812,6812_2,2685,3,13.416666666666686,07:04:25,07:18:20,7
6818_2__6812_2,6818,6818_2,6812,6812_2,3649,4,13.300000000000011,07:04:25,07:18:20,7
6818_2__6812_2,6818,6818_2,6812,6812_2,3747,5,13.150000000000034,07:04:25,07:18:20,7
6818_2__6812_2,6818,6818_2,6812,6812_2,482,6,12.333333333333314,07:04:25,07:18:20,7
6818_2__6812_2,6818,6818_2,6812,6812_2,709,7,11.100000000000023,07:04:25,07:18:20,7
6818_2__6812_2,6818,6818_2,6812,6812_2,1577,8,13.516666666666652,07:04:25,07:18:20,7
6818_2__6812_2,6818,6818_2,6812,6812_2,990,9,14.066666666666663,07:04:25,07:18:20,7
6818_2__6812_2,6818,6818_2,6812,6812_2,109,10,13.533333333333303,07:04:25,07:18:20,7
6818_2__6812_2,6818,6818_2,6812,6812_2,396,11,14.483333333333292,07:04:25,07:18:20,7
6818_2__6812_2,6818,6818_2,6812,6812_2,1253,12,14.78333333333336,07:04:25,07:18:20,7
6818_2__6812_2,6818,6818_2,6812,6812_2,1554,13,14.666666666666686,07:04:25,07:18:20,7
6818_2__6812_2,6818,6818_2,6812,6812_2,1099,14,14.399999999999977,07:04:25,07:18:20,7
6818_2__6812_2,6818,6818_2,6812,6812_2,168,15,14.266666666666652,07:04:25,07:18:20,7
6818_2__6812_2,6818,6818_2,6812,6812_2,929,16,14.933333333333337,07:04:25,07:18:20,7
6818_2__6812_2,6818,6818_2,6812,6812_2,94,17,14.0,07:04:25,07:18:20,7
6818_2__6812_2,6818,6818_2,6812,6812_2,1080,18,14.149999999999977,07:04:25,07:18:20,7
6818_2__6812_2,6818,6818_2,6812,6812_2,146,19,14.350000000000023,07:04:25,07:18:20,7
6818_2__6812_2,6818,6818_2,6812,6812_2,1089,20,13.800000000000011,07:04:25,07:18:20,7
6818_2__6812_2,6818,6818_2,6812,6812_2,213,21,13.033333333333303,07:04:25,07:18:20,7
6818_2__6812_2,6818,6818_2,6812,6812_2,3907,22,12.166666666666686,07:04:25,07:18:20,7
6818_2__6812_2,6818,6818_2,6812,6812_2,949,23,13.816666666666663,07:04:25,07:18:20,7
6818_2__6812_2,6818,6818_2,6812,6812_2,913,24,14.100000000000023,07:04:25,07:18:20,7
6818_2__6812_2,6818,6818_2,6812,6812_2,307,25,14.050000000000011,07:04:25,07:18:20,7
6818_2__6812_2,6818,6818_2,6812,6812_2,212,26,14.266666666666652,07:04:25,07:18:20,7
6818_2__6812_2,6818,6818_2,6812,6812_2,2665,27,14.25,07:04:25,07:18:20,7
6818_2__6812_2,6818,6818_2,6812,6812_2,2736,28,14.816666666666663,07:04:25,07:18:20,7
6818_2__6812_2,6818,6818_2,6812,6812_2,705,29,14.46666666666664,07:04:25,07:18:20,7
6818_2__6812_2,6818,6818_2,6812,6812_2,9979,30,14.883333333333383,07:04:25,07:18:20,7
6818_2__6812_2,6818,6818_2,6812,6812_2,2492,31,15.166666666666686,07:04:25,07:18:20,7
6818_2__6812_2,6818,6818_2,6812,6812_2,946,32,12.56666666666672,07:04:25,07:18:20,7
6818_2__6812_2,6818,6818_2,6812,6812_2,947,33,11.616666666666617,07:04:25,07:18:20,7
6818_2__6812_2,6818,6818_2,6812,6812_2,327,34,14.266666666666652,07:04:25,07:18:20,7
6818_2__6812_2,6818,6818_2,6812,6812_2,3284,35,15.533333333333303,07:04:25,07:18:20,7
6818_2__6812_2,6818,6818_2,6812,6812_2,3282,36,15.816666666666663,07:04:25,07:18:20,7
6818_2__6812_2,6818,6818_2,6812,6812_2,2583,37,15.583333333333371,07:04:25,07:18:20,7
6818_2__6812_2,6818,6818_2,6812,6812_2,2590,38,16.133333333333326,07:04:25,07:18:20,7
6818_2__6812_2,6818,6818_2,6812,6812_2,603,39,16.533333333333303,07:04:25,07:18:20,7
6818_3__6812_3,6818,6818_3,6812,6812_3,3797,1,13.016666666666652,09:45:59,09:59:00,9
6818_3__6812_3,6818,6818_3,6812,6812_3,2984,2,11.183333333333394,09:45:59,09:59:00,9
6818_3__6812_3,6818,6818_3,6812,6812_3,2685,3,11.583333333333371,09:45:59,09:59:00,9
6818_3__6812_3,6818,6818_3,6812,6812_3,3649,4,10.5,09:45:59,09:59:00,9
6818_3__6812_3,6818,6818_3,6812,6812_3,3747,5,9.666666666666629,09:45:59,09:59:00,9
6818_3__6812_3,6818,6818_3,6812,6812_3,482,6,8.883333333333326,09:45:59,09:59:00,9
6818_3__6812_3,6818,6818_3,6812,6812_3,709,7,10.266666666666652,09:45:59,09:59:00,9
6818_3__6812_3,6818,6818_3,6812,6812_3,1577,8,9.116666666666674,09:45:59,09:59:00,9
6818_3__6812_3,6818,6818_3,6812,6812_3,990,9,9.333333333333258,09:45:59,09:59:00,9
6818_3__6812_3,6818,6818_3,6812,6812_3,109,10,9.116666666666674,09:45:59,09:59:00,9
6818_3__6812_3,6818,6818_3,6812,6812_3,396,11,9.68333333333328,09:45:59,09:59:00,9
6818_3__6812_3,6818,6818_3,6812,6812_3,1253,12,10.166666666666629,09:45:59,09:59:00,9
6818_3__6812_3,6818,6818_3,6812,6812_3,1554,13,10.266666666666652,09:45:59,09:59:00,9
6818_3__6812_3,6818,6818_3,6812,6812_3,1099,14,9.850000000000023,09:45:59,09:59:00,9
6818_3__6812_3,6818,6818_3,6812,6812_3,168,15,10.216666666666697,09:45:59,09:59:00,9
6818_3__6812_3,6818,6818_3,6812,6812_3,929,16,9.100000000000023,09:45:59,09:59:00,9
6818_3__6812_3,6818,6818_3,6812,6812_3,94,17,9.600000000000023,09:45:59,09:59:00,9
6818_3__6812_3,6818,6818_3,6812,6812_3,1080,18,9.133333333333326,09:45:59,09:59:00,9
6818_3__6812_3,6818,6818_3,6812,6812_3,146,19,9.766666666666652,09:45:59,09:59:00,9
6818_3__6812_3,6818,6818_3,6812,6812_3,1089,20,11.016666666666652,09:45:59,09:59:00,9
6818_3__6812_3,6818,6818_3,6812,6812_3,213,21,10.949999999999932,09:45:59,09:59:00,9
6818_3__6812_3,6818,6818_3,6812,6812_3,3907,22,11.199999999999932,09:45:59,09:59:00,9
6818_3__6812_3,6818,6818_3,6812,6812_3,949,23,11.18333333333328,09:45:59,09:59:00,9
6818_3__6812_3,6818,6818_3,6812,6812_3,913,24,12.466666666666697,09:45:59,09:59:00,9
6818_3__6812_3,6818,6818_3,6812,6812_3,307,25,11.366666666666674,09:45:59,09:59:00,9
6818_3__6812_3,6818,6818_3,6812,6812_3,212,26,10.649999999999977,09:45:59,09:59:00,9
6818_3__6812_3,6818,6818_3,6812,6812_3,2665,27,9.399999999999977,09:45:59,09:59:00,9
6818_3__6812_3,6818,6818_3,6812,6812_3,2736,28,9.983333333333348,09:45:59,09:59:00,9
6818_3__6812_3,6818,6818_3,6812,6812_3,705,29,8.0,09:45:59,09:59:00,9
6818_3__6812_3,6818,6818_3,6812,6812_3,9979,30,7.633333333333326,09:45:59,09:59:00,9
6818_3__6812_3,6818,6818_3,6812,6812_3,2492,31,7.633333333333326,09:45:59,09:59:00,9
6818_4__6812_4,6818,6818_4,6812,6812_4,3797,1,13.0,12:32:00,12:45:00,12
6818_4__6812_4,6818,6818_4,6812,6812_4,2984,2,14.633333333333326,12:32:00,12:45:00,12
6818_4__6812_4,6818,6818_4,6812,6812_4,2685,3,14.383333333333326,12:32:00,12:45:00,12
6818_4__6812_4,6818,6818_4,6812,6812_4,3649,4,15.133333333333326,12:32:00,12:45:00,12
6818_4__6812_4,6818,6818_4,6812,6812_4,3747,5,16.26666666666665,12:32:00,12:45:00,12
6818_4__6812_4,6818,6818_4,6812,6812_4,482,6,16.133333333333326,12:32:00,12:45:00,12
6818_4__6812_4,6818,6818_4,6812,6812_4,709,7,15.31666666666672,12:32:00,12:45:00,12
6818_4__6812_4,6818,6818_4,6812,6812_4,1577,8,16.133333333333326,12:32:00,12:45:00,12
6818_4__6812_4,6818,6818_4,6812,6812_4,990,9,16.83333333333337,12:32:00,12:45:00,12
6818_4__6812_4,6818,6818_4,6812,6812_4,109,10,15.600000000000023,12:32:00,12:45:00,12
6818_4__6812_4,6818,6818_4,6812,6812_4,396,11,16.416666666666742,12:32:00,12:45:00,12
6818_4__6812_4,6818,6818_4,6812,6812_4,1253,12,16.81666666666672,12:32:00,12:45:00,12
6818_4__6812_4,6818,6818_4,6812,6812_4,1554,13,17.76666666666665,12:32:00,12:45:00,12
6818_4__6812_4,6818,6818_4,6812,6812_4,1099,14,17.616666666666674,12:32:00,12:45:00,12
6818_4__6812_4,6818,6818_4,6812,6812_4,168,15,18.883333333333326,12:32:00,12:45:00,12
6818_4__6812_4,6818,6818_4,6812,6812_4,929,16,19.08333333333337,12:32:00,12:45:00,12
6818_4__6812_4,6818,6818_4,6812,6812_4,94,17,19.700000000000045,12:32:00,12:45:00,12
6818_4__6812_4,6818,6818_4,6812,6812_4,1080,18,18.93333333333328,12:32:00,12:45:00,12
6818_4__6812_4,6818,6818_4,6812,6812_4,146,19,18.75,12:32:00,12:45:00,12
6818_4__6812_4,6818,6818_4,6812,6812_4,1089,20,19.58333333333337,12:32:00,12:45:00,12
6818_4__6812_4,6818,6818_4,6812,6812_4,213,21,19.383333333333326,12:32:00,12:45:00,12
6818_4__6812_4,6818,6818_4,6812,6812_4,3907,22,19.83333333333337,12:32:00,12:45:00,12
6818_4__6812_4,6818,6818_4,6812,6812_4,949,23,19.033333333333303,12:32:00,12:45:00,12
6818_4__6812_4,6818,6818_4,6812,6812_4,913,24,18.533333333333303,12:32:00,12:45:00,12
6818_4__6812_4,6818,6818_4,6812,6812_4,307,25,18.316666666666606,12:32:00,12:45:00,12
6818_4__6812_4,6818,6818_4,6812,6812_4,212,26,18.566666666666606,12:32:00,12:45:00,12
6818_4__6812_4,6818,6818_4,6812,6812_4,2665,27,18.59999999999991,12:32:00,12:45:00,12
6818_4__6812_4,6818,6818_4,6812,6812_4,2736,28,18.399999999999977,12:32:00,12:45:00,12
6818_4__6812_4,6818,6818_4,6812,6812_4,705,29,16.866666666666674,12:32:00,12:45:00,12
6818_4__6812_4,6818,6818_4,6812,6812_4,9979,30,16.649999999999977,12:32:00,12:45:00,12
6818_4__6812_4,6818,6818_4,6812,6812_4,2492,31,16.58333333333337,12:32:00,12:45:00,12
6818_4__6812_4,6818,6818_4,6812,6812_4,946,32,16.26666666666665,12:32:00,12:45:00,12
6818_4__6812_4,6818,6818_4,6812,6812_4,947,33,17.0,12:32:00,12:45:00,12
6818_4__6812_4,6818,6818_4,6812,6812_4,327,34,15.800000000000068,12:32:00,12:45:00,12
6818_4__6812_4,6818,6818_4,6812,6812_4,3284,35,16.383333333333326,12:32:00,12:45:00,12
6818_4__6812_4,6818,6818_4,6812,6812_4,3282,36,17.733333333333235,12:32:00,12:45:00,12
6818_4__6812_4,6818,6818_4,6812,6812_4,2583,37,17.76666666666665,12:32:00,12:45:00,12
6818_4__6812_4,6818,6818_4,6812,6812_4,2590,38,17.0,12:32:00,12:45:00,12
6818_4__6812_4,6818,6818_4,6812,6812_4,603,39,16.75,12:32:00,12:45:00,12
6818_5__6812_5,6818,6818_5,6812,6812_5,3797,1,13.0,15:15:00,15:28:00,15
6818_5__6812_5,6818,6818_5,6812,6812_5,2984,2,14.416666666666629,15:15:00,15:28:00,15
6818_5__6812_5,6818,6818_5,6812,6812_5,2685,3,13.450000000000045,15:15:00,15:28:00,15
6818_5__6812_5,6818,6818_5,6812,6812_5,3649,4,15.399999999999977,15:15:00,15:28:00,15
6818_5__6812_5,6818,6818_5,6812,6812_5,3747,5,16.116666666666674,15:15:00,15:28:00,15
6818_5__6812_5,6818,6818_5,6812,6812_5,482,6,16.5,15:15:00,15:28:00,15
6818_5__6812_5,6818,6818_5,6812,6812_5,709,7,15.600000000000023,15:15:00,15:28:00,15
6818_5__6812_5,6818,6818_5,6812,6812_5,1577,8,14.233333333333348,15:15:00,15:28:00,15
6818_5__6812_5,6818,6818_5,6812,6812_5,990,9,15.100000000000023,15:15:00,15:28:00,15
6818_5__6812_5,6818,6818_5,6812,6812_5,109,10,14.083333333333258,15:15:00,15:28:00,15
6818_5__6812_5,6818,6818_5,6812,6812_5,396,11,13.766666666666652,15:15:00,15:28:00,15
6818_5__6812_5,6818,6818_5,6812,6812_5,1253,12,14.233333333333348,15:15:00,15:28:00,15
6818_5__6812_5,6818,6818_5,6812,6812_5,1554,13,13.016666666666652,15:15:00,15:28:00,15
6818_5__6812_5,6818,6818_5,6812,6812_5,1099,14,13.216666666666583,15:15:00,15:28:00,15
6818_5__6812_5,6818,6818_5,6812,6812_5,168,15,13.083333333333371,15:15:00,15:28:00,15
6818_5__6812_5,6818,6818_5,6812,6812_5,929,16,12.933333333333394,15:15:00,15:28:00,15
6818_5__6812_5,6818,6818_5,6812,6812_5,94,17,13.233333333333348,15:15:00,15:28:00,15
6818_5__6812_5,6818,6818_5,6812,6812_5,1080,18,12.733333333333348,15:15:00,15:28:00,15
6818_5__6812_5,6818,6818_5,6812,6812_5,146,19,12.149999999999977,15:15:00,15:28:00,15
6818_5__6812_5,6818,6818_5,6812,6812_5,1089,20,12.349999999999909,15:15:00,15:28:00,15
6818_5__6812_5,6818,6818_5,6812,6812_5,213,21,12.016666666666765,15:15:00,15:28:00,15
6818_5__6812_5,6818,6818_5,6812,6812_5,3907,22,11.316666666666606,15:15:00,15:28:00,15
6818_5__6812_5,6818,6818_5,6812,6812_5,949,23,10.766666666666652,15:15:00,15:28:00,15
6818_5__6812_5,6818,6818_5,6812,6812_5,913,24,10.633333333333326,15:15:00,15:28:00,15
6818_5__6812_5,6818,6818_5,6812,6812_5,307,25,10.466666666666697,15:15:00,15:28:00,15
6818_5__6812_5,6818,6818_5,6812,6812_5,212,26,10.916666666666742,15:15:00,15:28:00,15
6818_5__6812_5,6818,6818_5,6812,6812_5,2665,27,10.649999999999977,15:15:00,15:28:00,15
6818_5__6812_5,6818,6818_5,6812,6812_5,2736,28,10.733333333333348,15:15:00,15:28:00,15
6818_5__6812_5,6818,6818_5,6812,6812_5,705,29,10.616666666666674,15:15:00,15:28:00,15
6818_5__6812_5,6818,6818_5,6812,6812_5,9979,30,11.25,15:15:00,15:28:00,15
6818_5__6812_5,6818,6818_5,6812,6812_5,2492,31,10.833333333333258,15:15:00,15:28:00,15
6818_5__6812_5,6818,6818_5,6812,6812_5,946,32,10.083333333333371,15:15:00,15:28:00,15
6818_5__6812_5,6818,6818_5,6812,6812_5,947,33,9.950000000000045,15:15:00,15:28:00,15
6818_5__6812_5,6818,6818_5,6812,6812_5,327,34,9.166666666666629,15:15:00,15:28:00,15
6818_5__6812_5,6818,6818_5,6812,6812_5,3284,35,8.783333333333417,15:15:00,15:28:00,15
6818_5__6812_5,6818,6818_5,6812,6812_5,3282,36,8.616666666666674,15:15:00,15:28:00,15
6818_5__6812_5,6818,6818_5,6812,6812_5,2583,37,10.233333333333235,15:15:00,15:28:00,15
6818_5__6812_5,6818,6818_5,6812,6812_5,2590,38,8.683333333333394,15:15:00,15:28:00,15
6818_5__6812_5,6818,6818_5,6812,6812_5,603,39,6.966666666666697,15:15:00,15:28:00,15
6818_6__6812_6,6818,6818_6,6812,6812_6,3797,1,14.0,18:07:00,18:21:00,18
6818_6__6812_6,6818,6818_6,6812,6812_6,2984,2,14.416666666666742,18:07:00,18:21:00,18
6818_6__6812_6,6818,6818_6,6812,6812_6,2685,3,14.799999999999955,18:07:00,18:21:00,18
6818_6__6812_6,6818,6818_6,6812,6812_6,3649,4,14.75,18:07:00,18:21:00,18
6818_6__6812_6,6818,6818_6,6812,6812_6,3747,5,14.049999999999955,18:07:00,18:21:00,18
6818_6__6812_6,6818,6818_6,6812,6812_6,482,6,14.36666666666656,18:07:00,18:21:00,18
6818_6__6812_6,6818,6818_6,6812,6812_6,709,7,15.033333333333303,18:07:00,18:21:00,18
6818_6__6812_6,6818,6818_6,6812,6812_6,1577,8,14.616666666666788,18:07:00,18:21:00,18
6818_6__6812_6,6818,6818_6,6812,6812_6,990,9,14.616666666666788,18:07:00,18:21:00,18
6818_6__6812_6,6818,6818_6,6812,6812_6,109,10,14.416666666666515,18:07:00,18:21:00,18
6818_6__6812_6,6818,6818_6,6812,6812_6,396,11,12.699999999999818,18:07:00,18:21:00,18
6818_6__6812_6,6818,6818_6,6812,6812_6,1253,12,13.300000000000182,18:07:00,18:21:00,18
6818_6__6812_6,6818,6818_6,6812,6812_6,1554,13,11.766666666666652,18:07:00,18:21:00,18
6818_6__6812_6,6818,6818_6,6812,6812_6,1099,14,10.349999999999909,18:07:00,18:21:00,18
6818_6__6812_6,6818,6818_6,6812,6812_6,168,15,9.649999999999864,18:07:00,18:21:00,18
6818_6__6812_6,6818,6818_6,6812,6812_6,929,16,9.983333333333348,18:07:00,18:21:00,18
6818_6__6812_6,6818,6818_6,6812,6812_6,94,17,9.716666666666697,18:07:00,18:21:00,18
6818_6__6812_6,6818,6818_6,6812,6812_6,1080,18,10.416666666666742,18:07:00,18:21:00,18
6818_6__6812_6,6818,6818_6,6812,6812_6,146,19,9.266666666666652,18:07:00,18:21:00,18
6818_6__6812_6,6818,6818_6,6812,6812_6,1089,20,9.03333333333353,18:07:00,18:21:00,18
6818_6__6812_6,6818,6818_6,6812,6812_6,213,21,7.933333333333394,18:07:00,18:21:00,18
6818_6__6812_6,6818,6818_6,6812,6812_6,3907,22,8.38333333333344,18:07:00,18:21:00,18
6818_6__6812_6,6818,6818_6,6812,6812_6,949,23,8.716666666666697,18:07:00,18:21:00,18
6818_6__6812_6,6818,6818_6,6812,6812_6,913,24,8.016666666666652,18:07:00,18:21:00,18
6818_6__6812_6,6818,6818_6,6812,6812_6,307,25,7.533333333333303,18:07:00,18:21:00,18
6818_6__6812_6,6818,6818_6,6812,6812_6,212,26,7.466666666666697,18:07:00,18:21:00,18
6818_6__6812_6,6818,6818_6,6812,6812_6,2665,27,7.5833333333332575,18:07:00,18:21:00,18
6818_6__6812_6,6818,6818_6,6812,6812_6,2736,28,7.883333333333439,18:07:00,18:21:00,18
6818_6__6812_6,6818,6818_6,6812,6812_6,705,29,9.46666666666647,18:07:00,18:21:00,18
6818_6__6812_6,6818,6818_6,6812,6812_6,9979,30,9.049999999999955,18:07:00,18:21:00,18
6818_6__6812_6,6818,6818_6,6812,6812_6,2492,31,9.016666666666652,18:07:00,18:21:00,18
6818_6__6812_6,6818,6818_6,6812,6812_6,946,32,8.566666666666606,18:07:00,18:21:00,18
6818_6__6812_6,6818,6818_6,6812,6812_6,947,33,9.03333333333353,18:07:00,18:21:00,18
6818_6__6812_6,6818,6818_6,6812,6812_6,327,34,7.900000000000091,18:07:00,18:21:00,18
6818_6__6812_6,6818,6818_6,6812,6812_6,3284,35,7.199999999999818,18:07:00,18:21:00,18
6818_6__6812_6,6818,6818_6,6812,6812_6,3282,36,7.149999999999864,18:07:00,18:21:00,18
6818_6__6812_6,6818,6818_6,6812,6812_6,2583,37,7.599999999999909,18:07:00,18:21:00,18
6818_6__6812_6,6818,6818_6,6812,6812_6,2590,38,6.75,18:07:00,18:21:00,18
6818_6__6812_6,6818,6818_6,6812,6812_6,603,39,6.933333333333394,18:07:00,18:21:00,18
6818_7__6800_8,6818,6818_7,6800,6800_8,3797,1,15.0,20:50:00,21:05:00,20
6818_7__6800_8,6818,6818_7,6800,6800_8,2984,2,15.416666666666742,20:50:00,21:05:00,20
6818_7__6800_8,6818,6818_7,6800,6800_8,2685,3,16.066666666666606,20:50:00,21:05:00,20
6818_7__6800_8,6818,6818_7,6800,6800_8,3649,4,16.59999999999991,20:50:00,21:05:00,20
6818_7__6800_8,6818,6818_7,6800,6800_8,3747,5,17.083333333333485,20:50:00,21:05:00,20
6818_7__6800_8,6818,6818_7,6800,6800_8,482,6,17.416666666666742,20:50:00,21:05:00,20
6818_7__6800_8,6818,6818_7,6800,6800_8,709,7,17.033333333333303,20:50:00,21:05:00,20
6818_7__6800_8,6818,6818_7,6800,6800_8,1577,8,17.033333333333303,20:50:00,21:05:00,20
6818_7__6800_8,6818,6818_7,6800,6800_8,990,9,17.333333333333258,20:50:00,21:05:00,20
6818_7__6800_8,6818,6818_7,6800,6800_8,109,10,16.73333333333335,20:50:00,21:05:00,20
6818_7__6800_8,6818,6818_7,6800,6800_8,396,11,16.449999999999818,20:50:00,21:05:00,20
6818_7__6800_8,6818,6818_7,6800,6800_8,1253,12,16.116666666666788,20:50:00,21:05:00,20
6818_7__6800_8,6818,6818_7,6800,6800_8,1554,13,15.950000000000045,20:50:00,21:05:00,20
6818_7__6800_8,6818,6818_7,6800,6800_8,1099,14,16.083333333333258,20:50:00,21:05:00,20
6818_7__6800_8,6818,6818_7,6800,6800_8,168,15,15.866666666666788,20:50:00,21:05:00,20
6818_7__6800_8,6818,6818_7,6800,6800_8,929,16,16.75,20:50:00,21:05:00,20
6818_7__6800_8,6818,6818_7,6800,6800_8,94,17,15.866666666666788,20:50:00,21:05:00,20
6818_7__6800_8,6818,6818_7,6800,6800_8,1080,18,15.899999999999864,20:50:00,21:05:00,20
6818_7__6800_8,6818,6818_7,6800,6800_8,146,19,16.0,20:50:00,21:05:00,20
6818_7__6800_8,6818,6818_7,6800,6800_8,1089,20,15.5,20:50:00,21:05:00,20
6818_7__6800_8,6818,6818_7,6800,6800_8,213,21,12.950000000000045,20:50:00,21:05:00,20
6818_7__6800_8,6818,6818_7,6800,6800_8,3907,22,11.61666666666656,20:50:00,21:05:00,20
6818_7__6800_8,6818,6818_7,6800,6800_8,949,23,10.800000000000182,20:50:00,21:05:00,20
6818_7__6800_8,6818,6818_7,6800,6800_8,913,24,10.616666666666788,20:50:00,21:05:00,20
6818_7__6800_8,6818,6818_7,6800,6800_8,307,25,10.25,20:50:00,21:05:00,20
6818_7__6800_8,6818,6818_7,6800,6800_8,212,26,10.616666666666788,20:50:00,21:05:00,20
6818_7__6800_8,6818,6818_7,6800,6800_8,2665,27,10.75,20:50:00,21:05:00,20
6818_7__6800_8,6818,6818_7,6800,6800_8,2736,28,10.61666666666656,20:50:00,21:05:00,20
6818_7__6800_8,6818,6818_7,6800,6800_8,705,29,10.699999999999818,20:50:00,21:05:00,20
6818_7__6800_8,6818,6818_7,6800,6800_8,9979,30,10.583333333333485,20:50:00,21:05:00,20
6818_7__6800_8,6818,6818_7,6800,6800_8,2492,31,9.75,20:50:00,21:05:00,20
6818_7__6800_8,6818,6818_7,6800,6800_8,946,32,9.666666666666515,20:50:00,21:05:00,20
6818_7__6800_8,6818,6818_7,6800,6800_8,947,33,10.216666666666697,20:50:00,21:05:00,20
6818_7__6800_8,6818,6818_7,6800,6800_8,327,34,12.066666666666606,20:50:00,21:05:00,20
6818_7__6800_8,6818,6818_7,6800,6800_8,3284,35,11.066666666666833,20:50:00,21:05:00,20
6818_7__6800_8,6818,6818_7,6800,6800_8,2590,38,9.933333333333394,20:50:00,21:05:00,20
6818_7__6800_8,6818,6818_7,6800,6800_8,603,39,9.983333333333348,20:50:00,21:05:00,20
