par_id,bus_delante,trip_delante,bus_detras,trip_detras,codi_parada,ordre,headway_pair,hora_delante_str,hora_detras_str,franja_hora
1403_2__6026_3,1403,1403_2,6026,6026_3,3797,1,9.016666666666652,10:30:59,10:40:00,10
1403_2__6026_3,1403,1403_2,6026,6026_3,2984,2,9.466666666666697,10:30:59,10:40:00,10
1403_2__6026_3,1403,1403_2,6026,6026_3,2685,3,9.150000000000091,10:30:59,10:40:00,10
1403_2__6026_3,1403,1403_2,6026,6026_3,109,10,10.983333333333348,10:30:59,10:40:00,10
1403_2__6026_3,1403,1403_2,6026,6026_3,396,11,9.983333333333235,10:30:59,10:40:00,10
1403_2__6026_3,1403,1403_2,6026,6026_3,1253,12,10.466666666666583,10:30:59,10:40:00,10
1403_2__6026_3,1403,1403_2,6026,6026_3,1554,13,10.033333333333303,10:30:59,10:40:00,10
1403_2__6026_3,1403,1403_2,6026,6026_3,1099,14,9.949999999999932,10:30:59,10:40:00,10
1403_2__6026_3,1403,1403_2,6026,6026_3,94,17,11.75,10:30:59,10:40:00,10
1403_2__6026_3,1403,1403_2,6026,6026_3,1080,18,10.016666666666652,10:30:59,10:40:00,10
1403_2__6026_3,1403,1403_2,6026,6026_3,146,19,9.783333333333303,10:30:59,10:40:00,10
1403_2__6026_3,1403,1403_2,6026,6026_3,3907,22,10.666666666666629,10:30:59,10:40:00,10
1403_2__6026_3,1403,1403_2,6026,6026_3,913,24,9.033333333333303,10:30:59,10:40:00,10
1403_2__6026_3,1403,1403_2,6026,6026_3,307,25,9.483333333333235,10:30:59,10:40:00,10
1403_2__6026_3,1403,1403_2,6026,6026_3,2736,28,7.033333333333303,10:30:59,10:40:00,10
1403_2__6026_3,1403,1403_2,6026,6026_3,705,29,5.716666666666697,10:30:59,10:40:00,10
1403_2__6026_3,1403,1403_2,6026,6026_3,9979,30,7.216666666666697,10:30:59,10:40:00,10
1403_2__6026_3,1403,1403_2,6026,6026_3,2492,31,8.350000000000023,10:30:59,10:40:00,10
1403_2__6026_3,1403,1403_2,6026,6026_3,946,32,7.699999999999932,10:30:59,10:40:00,10
1403_2__6026_3,1403,1403_2,6026,6026_3,947,33,7.9833333333333485,10:30:59,10:40:00,10
1403_2__6026_3,1403,1403_2,6026,6026_3,327,34,8.016666666666652,10:30:59,10:40:00,10
1403_2__6026_3,1403,1403_2,6026,6026_3,3284,35,7.566666666666606,10:30:59,10:40:00,10
1403_2__6026_3,1403,1403_2,6026,6026_3,3282,36,7.949999999999932,10:30:59,10:40:00,10
1403_2__6026_3,1403,1403_2,6026,6026_3,2583,37,7.75,10:30:59,10:40:00,10
1403_2__6026_3,1403,1403_2,6026,6026_3,2590,38,6.31666666666672,10:30:59,10:40:00,10
1403_2__6026_3,1403,1403_2,6026,6026_3,603,39,6.93333333333328,10:30:59,10:40:00,10
1626_1__6206_2,1626,1626_1,6206,6206_2,3797,1,10.516666666666652,07:18:29,07:29:00,7
1626_1__6206_2,1626,1626_1,6206,6206_2,2984,2,11.25,07:18:29,07:29:00,7
1626_1__6206_2,1626,1626_1,6206,6206_2,2685,3,10.78333333333336,07:18:29,07:29:00,7
1626_1__6206_2,1626,1626_1,6206,6206_2,3649,4,10.916666666666686,07:18:29,07:29:00,7
1626_1__6206_2,1626,1626_1,6206,6206_2,3747,5,11.050000000000011,07:18:29,07:29:00,7
1626_1__6206_2,1626,1626_1,6206,6206_2,482,6,11.133333333333326,07:18:29,07:29:00,7
1626_1__6206_2,1626,1626_1,6206,6206_2,709,7,10.550000000000011,07:18:29,07:29:00,7
1626_1__6206_2,1626,1626_1,6206,6206_2,1577,8,10.416666666666686,07:18:29,07:29:00,7
1626_1__6206_2,1626,1626_1,6206,6206_2,990,9,12.233333333333348,07:18:29,07:29:00,7
1626_1__6206_2,1626,1626_1,6206,6206_2,109,10,11.46666666666664,07:18:29,07:29:00,7
1626_1__6206_2,1626,1626_1,6206,6206_2,396,11,12.533333333333303,07:18:29,07:29:00,7
1626_1__6206_2,1626,1626_1,6206,6206_2,1253,12,12.366666666666674,07:18:29,07:29:00,7
1626_1__6206_2,1626,1626_1,6206,6206_2,1554,13,13.516666666666652,07:18:29,07:29:00,7
1626_1__6206_2,1626,1626_1,6206,6206_2,1099,14,12.916666666666686,07:18:29,07:29:00,7
1626_1__6206_2,1626,1626_1,6206,6206_2,168,15,14.266666666666652,07:18:29,07:29:00,7
1626_1__6206_2,1626,1626_1,6206,6206_2,929,16,14.199999999999989,07:18:29,07:29:00,7
1626_1__6206_2,1626,1626_1,6206,6206_2,94,17,14.21666666666664,07:18:29,07:29:00,7
1626_1__6206_2,1626,1626_1,6206,6206_2,1080,18,14.399999999999977,07:18:29,07:29:00,7
1626_1__6206_2,1626,1626_1,6206,6206_2,146,19,15.233333333333292,07:18:29,07:29:00,7
1626_1__6206_2,1626,1626_1,6206,6206_2,1089,20,14.466666666666697,07:18:29,07:29:00,7
1626_1__6206_2,1626,1626_1,6206,6206_2,213,21,13.716666666666697,07:18:29,07:29:00,7
1626_1__6206_2,1626,1626_1,6206,6206_2,3907,22,13.166666666666686,07:18:29,07:29:00,7
1626_1__6206_2,1626,1626_1,6206,6206_2,913,24,13.850000000000023,07:18:29,07:29:00,7
1626_1__6206_2,1626,1626_1,6206,6206_2,307,25,13.883333333333326,07:18:29,07:29:00,7
1626_1__6206_2,1626,1626_1,6206,6206_2,212,26,16.083333333333314,07:18:29,07:29:00,7
1626_1__6206_2,1626,1626_1,6206,6206_2,2665,27,15.533333333333303,07:18:29,07:29:00,7
1626_1__6206_2,1626,1626_1,6206,6206_2,2736,28,14.550000000000011,07:18:29,07:29:00,7
1626_1__6206_2,1626,1626_1,6206,6206_2,705,29,14.766666666666652,07:18:29,07:29:00,7
1626_1__6206_2,1626,1626_1,6206,6206_2,9979,30,15.583333333333371,07:18:29,07:29:00,7
1626_1__6206_2,1626,1626_1,6206,6206_2,2492,31,14.583333333333314,07:18:29,07:29:00,7
1626_1__6206_2,1626,1626_1,6206,6206_2,946,32,14.083333333333371,07:18:29,07:29:00,7
1626_1__6206_2,1626,1626_1,6206,6206_2,947,33,14.949999999999989,07:18:29,07:29:00,7
1626_1__6206_2,1626,1626_1,6206,6206_2,327,34,13.866666666666731,07:18:29,07:29:00,7
1626_1__6206_2,1626,1626_1,6206,6206_2,3284,35,15.083333333333371,07:18:29,07:29:00,7
1626_1__6206_2,1626,1626_1,6206,6206_2,3282,36,15.099999999999966,07:18:29,07:29:00,7
1626_1__6206_2,1626,1626_1,6206,6206_2,2583,37,14.633333333333269,07:18:29,07:29:00,7
1626_1__6206_2,1626,1626_1,6206,6206_2,2590,38,15.083333333333314,07:18:29,07:29:00,7
1626_2__6206_3,1626,1626_2,6206,6206_3,2984,2,5.2000000000000455,10:08:46,10:13:58,10
1626_2__6206_3,1626,1626_2,6206,6206_3,2685,3,5.216666666666697,10:08:46,10:13:58,10
1626_2__6206_3,1626,1626_2,6206,6206_3,3649,4,6.033333333333303,10:08:46,10:13:58,10
1626_2__6206_3,1626,1626_2,6206,6206_3,3747,5,6.033333333333303,10:08:46,10:13:58,10
1626_2__6206_3,1626,1626_2,6206,6206_3,482,6,6.0166666666666515,10:08:46,10:13:58,10
1626_2__6206_3,1626,1626_2,6206,6206_3,709,7,5.25,10:08:46,10:13:58,10
1626_2__6206_3,1626,1626_2,6206,6206_3,1577,8,4.9500000000000455,10:08:46,10:13:58,10
1626_2__6206_3,1626,1626_2,6206,6206_3,990,9,6.5499999999999545,10:08:46,10:13:58,10
1626_2__6206_3,1626,1626_2,6206,6206_3,109,10,6.966666666666697,10:08:46,10:13:58,10
1626_2__6206_3,1626,1626_2,6206,6206_3,396,11,6.133333333333326,10:08:46,10:13:58,10
1626_2__6206_3,1626,1626_2,6206,6206_3,1253,12,6.366666666666674,10:08:46,10:13:58,10
1626_2__6206_3,1626,1626_2,6206,6206_3,1554,13,7.533333333333303,10:08:46,10:13:58,10
1626_2__6206_3,1626,1626_2,6206,6206_3,1099,14,8.300000000000068,10:08:46,10:13:58,10
1626_2__6206_3,1626,1626_2,6206,6206_3,168,15,9.533333333333417,10:08:46,10:13:58,10
1626_2__6206_3,1626,1626_2,6206,6206_3,929,16,9.433333333333394,10:08:46,10:13:58,10
1626_2__6206_3,1626,1626_2,6206,6206_3,94,17,9.583333333333371,10:08:46,10:13:58,10
1626_2__6206_3,1626,1626_2,6206,6206_3,1080,18,7.816666666666606,10:08:46,10:13:58,10
1626_2__6206_3,1626,1626_2,6206,6206_3,146,19,8.666666666666742,10:08:46,10:13:58,10
1626_2__6206_3,1626,1626_2,6206,6206_3,1089,20,7.75,10:08:46,10:13:58,10
1626_2__6206_3,1626,1626_2,6206,6206_3,213,21,8.133333333333326,10:08:46,10:13:58,10
1626_2__6206_3,1626,1626_2,6206,6206_3,3907,22,8.166666666666742,10:08:46,10:13:58,10
1626_2__6206_3,1626,1626_2,6206,6206_3,949,23,8.100000000000023,10:08:46,10:13:58,10
1626_2__6206_3,1626,1626_2,6206,6206_3,913,24,6.449999999999932,10:08:46,10:13:58,10
1626_2__6206_3,1626,1626_2,6206,6206_3,307,25,7.166666666666629,10:08:46,10:13:58,10
1626_2__6206_3,1626,1626_2,6206,6206_3,212,26,7.100000000000023,10:08:46,10:13:58,10
1626_2__6206_3,1626,1626_2,6206,6206_3,2665,27,7.350000000000023,10:08:46,10:13:58,10
1626_2__6206_3,1626,1626_2,6206,6206_3,2736,28,8.549999999999955,10:08:46,10:13:58,10
1626_2__6206_3,1626,1626_2,6206,6206_3,705,29,7.9833333333333485,10:08:46,10:13:58,10
1626_2__6206_3,1626,1626_2,6206,6206_3,9979,30,7.866666666666674,10:08:46,10:13:58,10
1626_2__6206_3,1626,1626_2,6206,6206_3,2492,31,8.233333333333235,10:08:46,10:13:58,10
1626_2__6206_3,1626,1626_2,6206,6206_3,946,32,6.75,10:08:46,10:13:58,10
1626_2__6206_3,1626,1626_2,6206,6206_3,947,33,6.566666666666606,10:08:46,10:13:58,10
1626_2__6206_3,1626,1626_2,6206,6206_3,327,34,6.616666666666674,10:08:46,10:13:58,10
1626_2__6206_3,1626,1626_2,6206,6206_3,3284,35,6.866666666666674,10:08:46,10:13:58,10
1626_2__6206_3,1626,1626_2,6206,6206_3,3282,36,7.216666666666583,10:08:46,10:13:58,10
1626_2__6206_3,1626,1626_2,6206,6206_3,2583,37,6.949999999999932,10:08:46,10:13:58,10
1626_2__6206_3,1626,1626_2,6206,6206_3,2590,38,6.366666666666674,10:08:46,10:13:58,10
1626_2__6206_3,1626,1626_2,6206,6206_3,603,39,5.31666666666672,10:08:46,10:13:58,10
6024_1__6408_2,6024,6024_1,6408,6408_2,3797,1,9.0,06:39:00,06:48:00,6
6024_1__6408_2,6024,6024_1,6408,6408_2,2984,2,9.266666666666652,06:39:00,06:48:00,6
6024_1__6408_2,6024,6024_1,6408,6408_2,2685,3,9.833333333333314,06:39:00,06:48:00,6
6024_1__6408_2,6024,6024_1,6408,6408_2,3649,4,9.366666666666674,06:39:00,06:48:00,6
6024_1__6408_2,6024,6024_1,6408,6408_2,3747,5,9.416666666666686,06:39:00,06:48:00,6
6024_1__6408_2,6024,6024_1,6408,6408_2,482,6,9.53333333333336,06:39:00,06:48:00,6
6024_1__6408_2,6024,6024_1,6408,6408_2,709,7,9.083333333333371,06:39:00,06:48:00,6
6024_1__6408_2,6024,6024_1,6408,6408_2,1577,8,9.366666666666617,06:39:00,06:48:00,6
6024_1__6408_2,6024,6024_1,6408,6408_2,990,9,7.449999999999989,06:39:00,06:48:00,6
6024_1__6408_2,6024,6024_1,6408,6408_2,109,10,6.316666666666663,06:39:00,06:48:00,6
6024_1__6408_2,6024,6024_1,6408,6408_2,396,11,7.099999999999966,06:39:00,06:48:00,6
6024_1__6408_2,6024,6024_1,6408,6408_2,1253,12,6.050000000000011,06:39:00,06:48:00,6
6024_1__6408_2,6024,6024_1,6408,6408_2,1554,13,6.016666666666708,06:39:00,06:48:00,6
6024_1__6408_2,6024,6024_1,6408,6408_2,1099,14,6.683333333333337,06:39:00,06:48:00,6
6024_1__6408_2,6024,6024_1,6408,6408_2,168,15,6.199999999999989,06:39:00,06:48:00,6
6024_1__6408_2,6024,6024_1,6408,6408_2,929,16,5.933333333333337,06:39:00,06:48:00,6
6024_1__6408_2,6024,6024_1,6408,6408_2,94,17,6.366666666666674,06:39:00,06:48:00,6
6024_1__6408_2,6024,6024_1,6408,6408_2,1080,18,4.866666666666674,06:39:00,06:48:00,6
6024_1__6408_2,6024,6024_1,6408,6408_2,146,19,4.03333333333336,06:39:00,06:48:00,6
6024_1__6408_2,6024,6024_1,6408,6408_2,1089,20,4.199999999999989,06:39:00,06:48:00,6
6024_1__6408_2,6024,6024_1,6408,6408_2,213,21,2.8333333333333712,06:39:00,06:48:00,6
6024_1__6408_2,6024,6024_1,6408,6408_2,3907,22,3.3333333333333144,06:39:00,06:48:00,6
6024_1__6408_2,6024,6024_1,6408,6408_2,949,23,3.25,06:39:00,06:48:00,6
6024_1__6408_2,6024,6024_1,6408,6408_2,913,24,2.6000000000000227,06:39:00,06:48:00,6
6024_1__6408_2,6024,6024_1,6408,6408_2,307,25,2.0166666666666515,06:39:00,06:48:00,6
6024_1__6408_2,6024,6024_1,6408,6408_2,212,26,1.3833333333333258,06:39:00,06:48:00,6
6024_1__6408_2,6024,6024_1,6408,6408_2,2665,27,2.0500000000000114,06:39:00,06:48:00,6
6024_1__6408_2,6024,6024_1,6408,6408_2,2736,28,2.7333333333333485,06:39:00,06:48:00,6
6024_1__6408_2,6024,6024_1,6408,6408_2,705,29,3.533333333333303,06:39:00,06:48:00,6
6024_1__6408_2,6024,6024_1,6408,6408_2,9979,30,3.4833333333332916,06:39:00,06:48:00,6
6024_1__6408_2,6024,6024_1,6408,6408_2,2492,31,3.5499999999999545,06:39:00,06:48:00,6
6024_1__6408_2,6024,6024_1,6408,6408_2,946,32,5.199999999999989,06:39:00,06:48:00,6
6024_1__6408_2,6024,6024_1,6408,6408_2,947,33,5.46666666666664,06:39:00,06:48:00,6
6024_1__6408_2,6024,6024_1,6408,6408_2,327,34,4.7333333333333485,06:39:00,06:48:00,6
6024_1__6408_2,6024,6024_1,6408,6408_2,3284,35,4.0499999999999545,06:39:00,06:48:00,6
6024_1__6408_2,6024,6024_1,6408,6408_2,3282,36,4.050000000000011,06:39:00,06:48:00,6
6024_1__6408_2,6024,6024_1,6408,6408_2,603,39,3.4166666666666288,06:39:00,06:48:00,6
6024_2__6408_3,6024,6024_2,6408,6408_3,3797,1,9.0,09:30:00,09:39:00,9
6024_2__6408_3,6024,6024_2,6408,6408_3,2984,2,9.216666666666583,09:30:00,09:39:00,9
6024_2__6408_3,6024,6024_2,6408,6408_3,2685,3,9.633333333333326,09:30:00,09:39:00,9
6024_2__6408_3,6024,6024_2,6408,6408_3,3649,4,10.600000000000023,09:30:00,09:39:00,9
6024_2__6408_3,6024,6024_2,6408,6408_3,3747,5,9.483333333333348,09:30:00,09:39:00,9
6024_2__6408_3,6024,6024_2,6408,6408_3,482,6,9.283333333333303,09:30:00,09:39:00,9
6024_2__6408_3,6024,6024_2,6408,6408_3,709,7,9.066666666666606,09:30:00,09:39:00,9
6024_2__6408_3,6024,6024_2,6408,6408_3,1577,8,11.333333333333258,09:30:00,09:39:00,9
6024_2__6408_3,6024,6024_2,6408,6408_3,990,9,9.5,09:30:00,09:39:00,9
6024_2__6408_3,6024,6024_2,6408,6408_3,109,10,8.849999999999909,09:30:00,09:39:00,9
6024_2__6408_3,6024,6024_2,6408,6408_3,396,11,9.716666666666697,09:30:00,09:39:00,9
6024_2__6408_3,6024,6024_2,6408,6408_3,1253,12,9.899999999999977,09:30:00,09:39:00,9
6024_2__6408_3,6024,6024_2,6408,6408_3,1554,13,9.566666666666606,09:30:00,09:39:00,9
6024_2__6408_3,6024,6024_2,6408,6408_3,1099,14,9.5,09:30:00,09:39:00,9
6024_2__6408_3,6024,6024_2,6408,6408_3,168,15,10.0,09:30:00,09:39:00,9
6024_2__6408_3,6024,6024_2,6408,6408_3,929,16,9.266666666666652,09:30:00,09:39:00,9
6024_2__6408_3,6024,6024_2,6408,6408_3,94,17,9.166666666666629,09:30:00,09:39:00,9
6024_2__6408_3,6024,6024_2,6408,6408_3,1080,18,8.683333333333394,09:30:00,09:39:00,9
6024_2__6408_3,6024,6024_2,6408,6408_3,146,19,8.266666666666652,09:30:00,09:39:00,9
6024_2__6408_3,6024,6024_2,6408,6408_3,1089,20,9.799999999999955,09:30:00,09:39:00,9
6024_2__6408_3,6024,6024_2,6408,6408_3,213,21,9.350000000000023,09:30:00,09:39:00,9
6024_2__6408_3,6024,6024_2,6408,6408_3,3907,22,7.9833333333333485,09:30:00,09:39:00,9
6024_2__6408_3,6024,6024_2,6408,6408_3,949,23,8.766666666666652,09:30:00,09:39:00,9
6024_2__6408_3,6024,6024_2,6408,6408_3,913,24,8.283333333333417,09:30:00,09:39:00,9
6024_2__6408_3,6024,6024_2,6408,6408_3,307,25,8.333333333333371,09:30:00,09:39:00,9
6024_2__6408_3,6024,6024_2,6408,6408_3,212,26,7.416666666666629,09:30:00,09:39:00,9
6024_2__6408_3,6024,6024_2,6408,6408_3,2665,27,6.883333333333326,09:30:00,09:39:00,9
6024_2__6408_3,6024,6024_2,6408,6408_3,2736,28,7.2000000000000455,09:30:00,09:39:00,9
6024_2__6408_3,6024,6024_2,6408,6408_3,705,29,6.133333333333326,09:30:00,09:39:00,9
6024_2__6408_3,6024,6024_2,6408,6408_3,9979,30,5.583333333333371,09:30:00,09:39:00,9
6024_2__6408_3,6024,6024_2,6408,6408_3,2492,31,4.949999999999932,09:30:00,09:39:00,9
6024_2__6408_3,6024,6024_2,6408,6408_3,946,32,3.933333333333394,09:30:00,09:39:00,9
6024_2__6408_3,6024,6024_2,6408,6408_3,947,33,4.883333333333326,09:30:00,09:39:00,9
6024_2__6408_3,6024,6024_2,6408,6408_3,327,34,5.0,09:30:00,09:39:00,9
6024_2__6408_3,6024,6024_2,6408,6408_3,3284,35,6.016666666666765,09:30:00,09:39:00,9
6024_2__6408_3,6024,6024_2,6408,6408_3,3282,36,5.783333333333417,09:30:00,09:39:00,9
6024_2__6408_3,6024,6024_2,6408,6408_3,2583,37,6.0166666666666515,09:30:00,09:39:00,9
6024_2__6408_3,6024,6024_2,6408,6408_3,2590,38,6.283333333333303,09:30:00,09:39:00,9
6024_2__6408_3,6024,6024_2,6408,6408_3,603,39,5.2000000000000455,09:30:00,09:39:00,9
6024_3__6408_4,6024,6024_3,6408,6408_4,3797,1,9.016666666666652,12:14:59,12:24:00,12
6024_3__6408_4,6024,6024_3,6408,6408_4,2984,2,7.800000000000068,12:14:59,12:24:00,12
6024_3__6408_4,6024,6024_3,6408,6408_4,2685,3,6.6666666666667425,12:14:59,12:24:00,12
6024_3__6408_4,6024,6024_3,6408,6408_4,3649,4,6.949999999999932,12:14:59,12:24:00,12
6024_3__6408_4,6024,6024_3,6408,6408_4,3747,5,5.9833333333333485,12:14:59,12:24:00,12
6024_3__6408_4,6024,6024_3,6408,6408_4,482,6,7.0,12:14:59,12:24:00,12
6024_3__6408_4,6024,6024_3,6408,6408_4,709,7,5.616666666666674,12:14:59,12:24:00,12
6024_3__6408_4,6024,6024_3,6408,6408_4,1577,8,7.399999999999977,12:14:59,12:24:00,12
6024_3__6408_4,6024,6024_3,6408,6408_4,990,9,7.850000000000023,12:14:59,12:24:00,12
6024_3__6408_4,6024,6024_3,6408,6408_4,109,10,7.883333333333326,12:14:59,12:24:00,12
6024_3__6408_4,6024,6024_3,6408,6408_4,396,11,8.016666666666652,12:14:59,12:24:00,12
6024_3__6408_4,6024,6024_3,6408,6408_4,1253,12,7.966666666666697,12:14:59,12:24:00,12
6024_3__6408_4,6024,6024_3,6408,6408_4,1554,13,6.5,12:14:59,12:24:00,12
6024_3__6408_4,6024,6024_3,6408,6408_4,1099,14,6.166666666666629,12:14:59,12:24:00,12
6024_3__6408_4,6024,6024_3,6408,6408_4,168,15,6.06666666666672,12:14:59,12:24:00,12
6024_3__6408_4,6024,6024_3,6408,6408_4,929,16,7.0499999999999545,12:14:59,12:24:00,12
6024_3__6408_4,6024,6024_3,6408,6408_4,94,17,6.633333333333439,12:14:59,12:24:00,12
6024_3__6408_4,6024,6024_3,6408,6408_4,1080,18,6.600000000000023,12:14:59,12:24:00,12
6024_3__6408_4,6024,6024_3,6408,6408_4,146,19,4.850000000000023,12:14:59,12:24:00,12
6024_3__6408_4,6024,6024_3,6408,6408_4,1089,20,6.416666666666629,12:14:59,12:24:00,12
6024_3__6408_4,6024,6024_3,6408,6408_4,213,21,6.866666666666674,12:14:59,12:24:00,12
6024_3__6408_4,6024,6024_3,6408,6408_4,3907,22,7.0166666666666515,12:14:59,12:24:00,12
6024_3__6408_4,6024,6024_3,6408,6408_4,949,23,8.100000000000023,12:14:59,12:24:00,12
6024_3__6408_4,6024,6024_3,6408,6408_4,913,24,8.93333333333328,12:14:59,12:24:00,12
6024_3__6408_4,6024,6024_3,6408,6408_4,307,25,8.950000000000045,12:14:59,12:24:00,12
6024_3__6408_4,6024,6024_3,6408,6408_4,212,26,8.766666666666652,12:14:59,12:24:00,12
6024_3__6408_4,6024,6024_3,6408,6408_4,2665,27,10.016666666666652,12:14:59,12:24:00,12
6024_3__6408_4,6024,6024_3,6408,6408_4,2736,28,9.616666666666674,12:14:59,12:24:00,12
6024_3__6408_4,6024,6024_3,6408,6408_4,705,29,10.833333333333371,12:14:59,12:24:00,12
6024_3__6408_4,6024,6024_3,6408,6408_4,9979,30,10.333333333333371,12:14:59,12:24:00,12
6024_3__6408_4,6024,6024_3,6408,6408_4,2492,31,9.799999999999955,12:14:59,12:24:00,12
6024_3__6408_4,6024,6024_3,6408,6408_4,946,32,10.766666666666652,12:14:59,12:24:00,12
6024_3__6408_4,6024,6024_3,6408,6408_4,947,33,11.233333333333348,12:14:59,12:24:00,12
6024_3__6408_4,6024,6024_3,6408,6408_4,327,34,12.116666666666674,12:14:59,12:24:00,12
6024_3__6408_4,6024,6024_3,6408,6408_4,3284,35,12.100000000000023,12:14:59,12:24:00,12
6024_3__6408_4,6024,6024_3,6408,6408_4,3282,36,12.466666666666697,12:14:59,12:24:00,12
6024_3__6408_4,6024,6024_3,6408,6408_4,2583,37,13.533333333333303,12:14:59,12:24:00,12
6024_3__6408_4,6024,6024_3,6408,6408_4,2590,38,14.049999999999955,12:14:59,12:24:00,12
6024_3__6408_4,6024,6024_3,6408,6408_4,603,39,13.533333333333303,12:14:59,12:24:00,12
6024_4__6408_5,6024,6024_4,6408,6408_5,3797,1,9.75,15:01:34,15:11:19,15
6024_4__6408_5,6024,6024_4,6408,6408_5,2984,2,9.483333333333235,15:01:34,15:11:19,15
6024_4__6408_5,6024,6024_4,6408,6408_5,2685,3,9.149999999999977,15:01:34,15:11:19,15
6024_4__6408_5,6024,6024_4,6408,6408_5,3649,4,9.0,15:01:34,15:11:19,15
6024_4__6408_5,6024,6024_4,6408,6408_5,3747,5,8.900000000000091,15:01:34,15:11:19,15
6024_4__6408_5,6024,6024_4,6408,6408_5,482,6,9.75,15:01:34,15:11:19,15
6024_4__6408_5,6024,6024_4,6408,6408_5,709,7,10.050000000000068,15:01:34,15:11:19,15
6024_4__6408_5,6024,6024_4,6408,6408_5,1577,8,8.033333333333303,15:01:34,15:11:19,15
6024_4__6408_5,6024,6024_4,6408,6408_5,990,9,9.216666666666583,15:01:34,15:11:19,15
6024_4__6408_5,6024,6024_4,6408,6408_5,109,10,10.300000000000068,15:01:34,15:11:19,15
6024_4__6408_5,6024,6024_4,6408,6408_5,396,11,10.450000000000045,15:01:34,15:11:19,15
6024_4__6408_5,6024,6024_4,6408,6408_5,1253,12,10.683333333333394,15:01:34,15:11:19,15
6024_4__6408_5,6024,6024_4,6408,6408_5,1554,13,11.299999999999955,15:01:34,15:11:19,15
6024_4__6408_5,6024,6024_4,6408,6408_5,1099,14,11.150000000000091,15:01:34,15:11:19,15
6024_4__6408_5,6024,6024_4,6408,6408_5,168,15,12.0,15:01:34,15:11:19,15
6024_4__6408_5,6024,6024_4,6408,6408_5,929,16,12.783333333333303,15:01:34,15:11:19,15
6024_4__6408_5,6024,6024_4,6408,6408_5,94,17,12.216666666666697,15:01:34,15:11:19,15
6024_4__6408_5,6024,6024_4,6408,6408_5,1080,18,10.883333333333326,15:01:34,15:11:19,15
6024_4__6408_5,6024,6024_4,6408,6408_5,146,19,11.083333333333258,15:01:34,15:11:19,15
6024_4__6408_5,6024,6024_4,6408,6408_5,1089,20,10.666666666666629,15:01:34,15:11:19,15
6024_4__6408_5,6024,6024_4,6408,6408_5,213,21,8.950000000000045,15:01:34,15:11:19,15
6024_4__6408_5,6024,6024_4,6408,6408_5,3907,22,9.083333333333371,15:01:34,15:11:19,15
6024_4__6408_5,6024,6024_4,6408,6408_5,949,23,9.31666666666672,15:01:34,15:11:19,15
6024_4__6408_5,6024,6024_4,6408,6408_5,913,24,9.483333333333235,15:01:34,15:11:19,15
6024_4__6408_5,6024,6024_4,6408,6408_5,307,25,9.733333333333348,15:01:34,15:11:19,15
6024_4__6408_5,6024,6024_4,6408,6408_5,212,26,9.050000000000068,15:01:34,15:11:19,15
6024_4__6408_5,6024,6024_4,6408,6408_5,2665,27,9.066666666666606,15:01:34,15:11:19,15
6024_4__6408_5,6024,6024_4,6408,6408_5,2736,28,7.633333333333326,15:01:34,15:11:19,15
6024_4__6408_5,6024,6024_4,6408,6408_5,705,29,7.216666666666697,15:01:34,15:11:19,15
6024_4__6408_5,6024,6024_4,6408,6408_5,9979,30,9.56666666666672,15:01:34,15:11:19,15
6024_4__6408_5,6024,6024_4,6408,6408_5,2492,31,8.733333333333348,15:01:34,15:11:19,15
6024_4__6408_5,6024,6024_4,6408,6408_5,946,32,8.466666666666697,15:01:34,15:11:19,15
6024_4__6408_5,6024,6024_4,6408,6408_5,947,33,9.983333333333235,15:01:34,15:11:19,15
6024_4__6408_5,6024,6024_4,6408,6408_5,327,34,10.11666666666656,15:01:34,15:11:19,15
6024_4__6408_5,6024,6024_4,6408,6408_5,3284,35,9.583333333333371,15:01:34,15:11:19,15
6024_4__6408_5,6024,6024_4,6408,6408_5,3282,36,8.68333333333328,15:01:34,15:11:19,15
6024_4__6408_5,6024,6024_4,6408,6408_5,2583,37,10.38333333333344,15:01:34,15:11:19,15
6024_4__6408_5,6024,6024_4,6408,6408_5,2590,38,10.783333333333303,15:01:34,15:11:19,15
6024_4__6408_5,6024,6024_4,6408,6408_5,603,39,9.950000000000045,15:01:34,15:11:19,15
6026_1__6800_1,6026,6026_1,6800,6800_1,2984,2,9.933333333333337,05:03:25,05:13:21,5
6026_1__6800_1,6026,6026_1,6800,6800_1,2685,3,9.600000000000023,05:03:25,05:13:21,5
6026_1__6800_1,6026,6026_1,6800,6800_1,3649,4,8.733333333333348,05:03:25,05:13:21,5
6026_1__6800_1,6026,6026_1,6800,6800_1,3747,5,9.733333333333348,05:03:25,05:13:21,5
6026_1__6800_1,6026,6026_1,6800,6800_1,482,6,9.650000000000034,05:03:25,05:13:21,5
6026_1__6800_1,6026,6026_1,6800,6800_1,709,7,8.850000000000023,05:03:25,05:13:21,5
6026_1__6800_1,6026,6026_1,6800,6800_1,1577,8,8.916666666666629,05:03:25,05:13:21,5
6026_1__6800_1,6026,6026_1,6800,6800_1,990,9,9.116666666666674,05:03:25,05:13:21,5
6026_1__6800_1,6026,6026_1,6800,6800_1,109,10,10.649999999999977,05:03:25,05:13:21,5
6026_1__6800_1,6026,6026_1,6800,6800_1,396,11,9.566666666666663,05:03:25,05:13:21,5
6026_1__6800_1,6026,6026_1,6800,6800_1,1253,12,9.816666666666663,05:03:25,05:13:21,5
6026_1__6800_1,6026,6026_1,6800,6800_1,1554,13,9.800000000000011,05:03:25,05:13:21,5
6026_1__6800_1,6026,6026_1,6800,6800_1,1099,14,10.050000000000011,05:03:25,05:13:21,5
6026_1__6800_1,6026,6026_1,6800,6800_1,168,15,8.066666666666663,05:03:25,05:13:21,5
6026_1__6800_1,6026,6026_1,6800,6800_1,929,16,8.0,05:03:25,05:13:21,5
6026_1__6800_1,6026,6026_1,6800,6800_1,94,17,7.916666666666686,05:03:25,05:13:21,5
6026_1__6800_1,6026,6026_1,6800,6800_1,1080,18,8.5,05:03:25,05:13:21,5
6026_1__6800_1,6026,6026_1,6800,6800_1,146,19,7.949999999999989,05:03:25,05:13:21,5
6026_1__6800_1,6026,6026_1,6800,6800_1,1089,20,7.599999999999966,05:03:25,05:13:21,5
6026_1__6800_1,6026,6026_1,6800,6800_1,213,21,8.183333333333337,05:03:25,05:13:21,5
6026_1__6800_1,6026,6026_1,6800,6800_1,3907,22,7.5,05:03:25,05:13:21,5
6026_1__6800_1,6026,6026_1,6800,6800_1,949,23,8.333333333333314,05:03:25,05:13:21,5
6026_1__6800_1,6026,6026_1,6800,6800_1,913,24,8.183333333333337,05:03:25,05:13:21,5
6026_1__6800_1,6026,6026_1,6800,6800_1,307,25,7.9833333333333485,05:03:25,05:13:21,5
6026_1__6800_1,6026,6026_1,6800,6800_1,212,26,6.350000000000023,05:03:25,05:13:21,5
6026_1__6800_1,6026,6026_1,6800,6800_1,2665,27,6.183333333333337,05:03:25,05:13:21,5
6026_1__6800_1,6026,6026_1,6800,6800_1,2736,28,6.583333333333314,05:03:25,05:13:21,5
6026_1__6800_1,6026,6026_1,6800,6800_1,705,29,5.9833333333333485,05:03:25,05:13:21,5
6026_1__6800_1,6026,6026_1,6800,6800_1,9979,30,5.916666666666686,05:03:25,05:13:21,5
6026_1__6800_1,6026,6026_1,6800,6800_1,2492,31,5.866666666666674,05:03:25,05:13:21,5
6026_1__6800_1,6026,6026_1,6800,6800_1,946,32,6.833333333333314,05:03:25,05:13:21,5
6026_1__6800_1,6026,6026_1,6800,6800_1,947,33,6.75,05:03:25,05:13:21,5
6026_1__6800_1,6026,6026_1,6800,6800_1,327,34,7.133333333333326,05:03:25,05:13:21,5
6026_1__6800_1,6026,6026_1,6800,6800_1,3284,35,6.149999999999977,05:03:25,05:13:21,5
6026_1__6800_1,6026,6026_1,6800,6800_1,3282,36,6.350000000000023,05:03:25,05:13:21,5
6026_1__6800_1,6026,6026_1,6800,6800_1,2583,37,6.149999999999977,05:03:25,05:13:21,5
6026_1__6800_1,6026,6026_1,6800,6800_1,603,39,6.849999999999966,05:03:25,05:13:21,5
6026_2__6800_2,6026,6026_2,6800,6800_2,2984,2,6.666666666666686,07:59:31,08:06:11,7
6026_2__6800_2,6026,6026_2,6800,6800_2,2685,3,7.183333333333337,07:59:31,08:06:11,7
6026_2__6800_2,6026,6026_2,6800,6800_2,3649,4,8.099999999999966,07:59:31,08:06:11,7
6026_2__6800_2,6026,6026_2,6800,6800_2,3747,5,8.300000000000011,07:59:31,08:06:11,7
6026_2__6800_2,6026,6026_2,6800,6800_2,482,6,9.133333333333326,07:59:31,08:06:11,7
6026_2__6800_2,6026,6026_2,6800,6800_2,709,7,9.383333333333326,07:59:31,08:06:11,7
6026_2__6800_2,6026,6026_2,6800,6800_2,1577,8,8.949999999999989,07:59:31,08:06:11,7
6026_2__6800_2,6026,6026_2,6800,6800_2,990,9,8.78333333333336,07:59:31,08:06:11,7
6026_2__6800_2,6026,6026_2,6800,6800_2,109,10,8.0,07:59:31,08:06:11,7
6026_2__6800_2,6026,6026_2,6800,6800_2,396,11,7.650000000000034,07:59:31,08:06:11,7
6026_2__6800_2,6026,6026_2,6800,6800_2,1253,12,8.533333333333303,07:59:31,08:06:11,7
6026_2__6800_2,6026,6026_2,6800,6800_2,1554,13,7.866666666666674,07:59:31,08:06:11,7
6026_2__6800_2,6026,6026_2,6800,6800_2,1099,14,7.400000000000034,07:59:31,08:06:11,7
6026_2__6800_2,6026,6026_2,6800,6800_2,168,15,7.900000000000034,07:59:31,08:06:11,7
6026_2__6800_2,6026,6026_2,6800,6800_2,929,16,7.916666666666686,07:59:31,08:06:11,7
6026_2__6800_2,6026,6026_2,6800,6800_2,94,17,7.916666666666686,07:59:31,08:06:11,7
6026_2__6800_2,6026,6026_2,6800,6800_2,1080,18,9.749999999999943,07:59:31,08:06:11,7
6026_2__6800_2,6026,6026_2,6800,6800_2,146,19,10.949999999999932,07:59:31,08:06:11,7
6026_2__6800_2,6026,6026_2,6800,6800_2,1089,20,12.466666666666697,07:59:31,08:06:11,7
6026_2__6800_2,6026,6026_2,6800,6800_2,213,21,12.566666666666606,07:59:31,08:06:11,7
6026_2__6800_2,6026,6026_2,6800,6800_2,3907,22,11.18333333333328,07:59:31,08:06:11,7
6026_2__6800_2,6026,6026_2,6800,6800_2,949,23,11.649999999999977,07:59:31,08:06:11,7
6026_2__6800_2,6026,6026_2,6800,6800_2,913,24,12.100000000000023,07:59:31,08:06:11,7
6026_2__6800_2,6026,6026_2,6800,6800_2,307,25,12.199999999999932,07:59:31,08:06:11,7
6026_2__6800_2,6026,6026_2,6800,6800_2,212,26,13.366666666666674,07:59:31,08:06:11,7
6026_2__6800_2,6026,6026_2,6800,6800_2,2665,27,13.983333333333348,07:59:31,08:06:11,7
6026_2__6800_2,6026,6026_2,6800,6800_2,2736,28,13.733333333333348,07:59:31,08:06:11,7
6026_2__6800_2,6026,6026_2,6800,6800_2,705,29,13.416666666666629,07:59:31,08:06:11,7
6026_2__6800_2,6026,6026_2,6800,6800_2,9979,30,13.333333333333258,07:59:31,08:06:11,7
6026_2__6800_2,6026,6026_2,6800,6800_2,2492,31,13.016666666666652,07:59:31,08:06:11,7
6026_2__6800_2,6026,6026_2,6800,6800_2,946,32,12.950000000000045,07:59:31,08:06:11,7
6026_2__6800_2,6026,6026_2,6800,6800_2,947,33,13.033333333333303,07:59:31,08:06:11,7
6026_2__6800_2,6026,6026_2,6800,6800_2,327,34,12.733333333333348,07:59:31,08:06:11,7
6026_2__6800_2,6026,6026_2,6800,6800_2,3284,35,14.049999999999955,07:59:31,08:06:11,7
6026_2__6800_2,6026,6026_2,6800,6800_2,3282,36,13.0,07:59:31,08:06:11,7
6026_2__6800_2,6026,6026_2,6800,6800_2,2583,37,13.649999999999977,07:59:31,08:06:11,7
6026_2__6800_2,6026,6026_2,6800,6800_2,2590,38,14.666666666666629,07:59:31,08:06:11,7
6026_2__6800_2,6026,6026_2,6800,6800_2,603,39,15.300000000000068,07:59:31,08:06:11,7
6026_3__6800_3,6026,6026_3,6800,6800_3,3797,1,9.0,10:40:00,10:49:00,10
6026_3__6800_3,6026,6026_3,6800,6800_3,2984,2,6.916666666666629,10:40:00,10:49:00,10
6026_3__6800_3,6026,6026_3,6800,6800_3,2685,3,7.099999999999909,10:40:00,10:49:00,10
6026_3__6800_3,6026,6026_3,6800,6800_3,3649,4,6.06666666666672,10:40:00,10:49:00,10
6026_3__6800_3,6026,6026_3,6800,6800_3,3747,5,6.716666666666583,10:40:00,10:49:00,10
6026_3__6800_3,6026,6026_3,6800,6800_3,482,6,5.466666666666697,10:40:00,10:49:00,10
6026_3__6800_3,6026,6026_3,6800,6800_3,709,7,5.3333333333332575,10:40:00,10:49:00,10
6026_3__6800_3,6026,6026_3,6800,6800_3,1577,8,4.866666666666674,10:40:00,10:49:00,10
6026_3__6800_3,6026,6026_3,6800,6800_3,990,9,5.116666666666674,10:40:00,10:49:00,10
6026_3__6800_3,6026,6026_3,6800,6800_3,109,10,6.066666666666606,10:40:00,10:49:00,10
6026_3__6800_3,6026,6026_3,6800,6800_3,396,11,6.266666666666765,10:40:00,10:49:00,10
6026_3__6800_3,6026,6026_3,6800,6800_3,1253,12,6.0,10:40:00,10:49:00,10
6026_3__6800_3,6026,6026_3,6800,6800_3,1554,13,5.800000000000068,10:40:00,10:49:00,10
6026_3__6800_3,6026,6026_3,6800,6800_3,1099,14,5.899999999999977,10:40:00,10:49:00,10
6026_3__6800_3,6026,6026_3,6800,6800_3,168,15,5.850000000000023,10:40:00,10:49:00,10
6026_3__6800_3,6026,6026_3,6800,6800_3,929,16,5.033333333333303,10:40:00,10:49:00,10
6026_3__6800_3,6026,6026_3,6800,6800_3,94,17,5.0499999999999545,10:40:00,10:49:00,10
6026_3__6800_3,6026,6026_3,6800,6800_3,1080,18,5.81666666666672,10:40:00,10:49:00,10
6026_3__6800_3,6026,6026_3,6800,6800_3,146,19,5.9500000000000455,10:40:00,10:49:00,10
6026_3__6800_3,6026,6026_3,6800,6800_3,1089,20,5.916666666666629,10:40:00,10:49:00,10
6026_3__6800_3,6026,6026_3,6800,6800_3,213,21,5.4500000000000455,10:40:00,10:49:00,10
6026_3__6800_3,6026,6026_3,6800,6800_3,3907,22,4.666666666666629,10:40:00,10:49:00,10
6026_3__6800_3,6026,6026_3,6800,6800_3,949,23,4.75,10:40:00,10:49:00,10
6026_3__6800_3,6026,6026_3,6800,6800_3,913,24,3.683333333333394,10:40:00,10:49:00,10
6026_3__6800_3,6026,6026_3,6800,6800_3,307,25,2.6166666666666742,10:40:00,10:49:00,10
6026_3__6800_3,6026,6026_3,6800,6800_3,212,26,3.8333333333333712,10:40:00,10:49:00,10
6026_3__6800_3,6026,6026_3,6800,6800_3,2665,27,3.0833333333333712,10:40:00,10:49:00,10
6026_3__6800_3,6026,6026_3,6800,6800_3,2736,28,3.1333333333333258,10:40:00,10:49:00,10
6026_3__6800_3,6026,6026_3,6800,6800_3,705,29,3.783333333333303,10:40:00,10:49:00,10
6026_3__6800_3,6026,6026_3,6800,6800_3,9979,30,2.1166666666666742,10:40:00,10:49:00,10
6026_3__6800_3,6026,6026_3,6800,6800_3,2492,31,1.7666666666666515,10:40:00,10:49:00,10
6026_3__6800_3,6026,6026_3,6800,6800_3,946,32,1.0166666666666515,10:40:00,10:49:00,10
6026_3__6800_3,6026,6026_3,6800,6800_3,947,33,2.1666666666666288,10:40:00,10:49:00,10
6026_3__6800_3,6026,6026_3,6800,6800_3,327,34,1.2666666666666515,10:40:00,10:49:00,10
6026_4__6407_4,6026,6026_4,6407,6407_4,2984,2,14.650000000000091,13:25:40,13:40:19,13
6026_4__6407_4,6026,6026_4,6407,6407_4,2685,3,14.883333333333326,13:25:40,13:40:19,13
6026_4__6407_4,6026,6026_4,6407,6407_4,3649,4,15.75,13:25:40,13:40:19,13
6026_4__6407_4,6026,6026_4,6407,6407_4,3747,5,16.58333333333337,13:25:40,13:40:19,13
6026_4__6407_4,6026,6026_4,6407,6407_4,482,6,16.199999999999932,13:25:40,13:40:19,13
6026_4__6407_4,6026,6026_4,6407,6407_4,709,7,16.16666666666663,13:25:40,13:40:19,13
6026_4__6407_4,6026,6026_4,6407,6407_4,1577,8,16.366666666666674,13:25:40,13:40:19,13
6026_4__6407_4,6026,6026_4,6407,6407_4,990,9,15.81666666666672,13:25:40,13:40:19,13
6026_4__6407_4,6026,6026_4,6407,6407_4,109,10,18.033333333333303,13:25:40,13:40:19,13
6026_4__6407_4,6026,6026_4,6407,6407_4,396,11,17.06666666666672,13:25:40,13:40:19,13
6026_4__6407_4,6026,6026_4,6407,6407_4,1253,12,17.199999999999932,13:25:40,13:40:19,13
6026_4__6407_4,6026,6026_4,6407,6407_4,1554,13,18.116666666666674,13:25:40,13:40:19,13
6026_4__6407_4,6026,6026_4,6407,6407_4,1099,14,18.68333333333328,13:25:40,13:40:19,13
6026_4__6407_4,6026,6026_4,6407,6407_4,168,15,17.600000000000023,13:25:40,13:40:19,13
6026_4__6407_4,6026,6026_4,6407,6407_4,929,16,17.43333333333328,13:25:40,13:40:19,13
6026_4__6407_4,6026,6026_4,6407,6407_4,94,17,17.56666666666672,13:25:40,13:40:19,13
6026_4__6407_4,6026,6026_4,6407,6407_4,1080,18,16.766666666666765,13:25:40,13:40:19,13
6026_4__6407_4,6026,6026_4,6407,6407_4,146,19,17.233333333333235,13:25:40,13:40:19,13
6026_4__6407_4,6026,6026_4,6407,6407_4,1089,20,17.283333333333417,13:25:40,13:40:19,13
6026_4__6407_4,6026,6026_4,6407,6407_4,213,21,18.0,13:25:40,13:40:19,13
6026_4__6407_4,6026,6026_4,6407,6407_4,3907,22,18.616666666666674,13:25:40,13:40:19,13
6026_4__6407_4,6026,6026_4,6407,6407_4,949,23,20.316666666666606,13:25:40,13:40:19,13
6026_4__6407_4,6026,6026_4,6407,6407_4,913,24,20.183333333333394,13:25:40,13:40:19,13
6026_4__6407_4,6026,6026_4,6407,6407_4,307,25,19.216666666666583,13:25:40,13:40:19,13
6026_4__6407_4,6026,6026_4,6407,6407_4,705,29,20.33333333333337,13:25:40,13:40:19,13
6026_4__6407_4,6026,6026_4,6407,6407_4,9979,30,19.850000000000023,13:25:40,13:40:19,13
6026_4__6407_4,6026,6026_4,6407,6407_4,946,32,22.01666666666665,13:25:40,13:40:19,13
6026_4__6407_4,6026,6026_4,6407,6407_4,947,33,20.73333333333335,13:25:40,13:40:19,13
6026_4__6407_4,6026,6026_4,6407,6407_4,327,34,22.616666666666674,13:25:40,13:40:19,13
6026_4__6407_4,6026,6026_4,6407,6407_4,3284,35,22.38333333333344,13:25:40,13:40:19,13
6026_4__6407_4,6026,6026_4,6407,6407_4,3282,36,22.916666666666742,13:25:40,13:40:19,13
6026_4__6407_4,6026,6026_4,6407,6407_4,2583,37,22.283333333333417,13:25:40,13:40:19,13
6026_4__6407_4,6026,6026_4,6407,6407_4,2590,38,22.899999999999977,13:25:40,13:40:19,13
6026_4__6407_4,6026,6026_4,6407,6407_4,603,39,18.98333333333335,13:25:40,13:40:19,13
6026_5__6113_1,6026,6026_5,6113,6113_1,2685,3,7.783333333333417,16:17:26,16:25:13,16
6026_5__6113_1,6026,6026_5,6113,6113_1,3649,4,10.416666666666629,16:17:26,16:25:13,16
6026_5__6113_1,6026,6026_5,6113,6113_1,3747,5,10.883333333333326,16:17:26,16:25:13,16
6026_5__6113_1,6026,6026_5,6113,6113_1,482,6,11.416666666666629,16:17:26,16:25:13,16
6026_5__6113_1,6026,6026_5,6113,6113_1,1554,13,13.916666666666629,16:17:26,16:25:13,16
6026_5__6113_1,6026,6026_5,6113,6113_1,1099,14,14.016666666666652,16:17:26,16:25:13,16
6026_5__6113_1,6026,6026_5,6113,6113_1,168,15,13.43333333333328,16:17:26,16:25:13,16
6026_5__6113_1,6026,6026_5,6113,6113_1,929,16,12.700000000000045,16:17:26,16:25:13,16
6026_5__6113_1,6026,6026_5,6113,6113_1,94,17,11.983333333333348,16:17:26,16:25:13,16
6026_5__6113_1,6026,6026_5,6113,6113_1,1080,18,12.233333333333348,16:17:26,16:25:13,16
6026_5__6113_1,6026,6026_5,6113,6113_1,146,19,11.25,16:17:26,16:25:13,16
6026_5__6113_1,6026,6026_5,6113,6113_1,1089,20,12.700000000000045,16:17:26,16:25:13,16
6026_5__6113_1,6026,6026_5,6113,6113_1,213,21,12.43333333333328,16:17:26,16:25:13,16
6026_5__6113_1,6026,6026_5,6113,6113_1,3907,22,12.799999999999955,16:17:26,16:25:13,16
6026_5__6113_1,6026,6026_5,6113,6113_1,949,23,12.600000000000023,16:17:26,16:25:13,16
6026_5__6113_1,6026,6026_5,6113,6113_1,913,24,12.583333333333371,16:17:26,16:25:13,16
6026_5__6113_1,6026,6026_5,6113,6113_1,307,25,12.966666666666583,16:17:26,16:25:13,16
6026_5__6113_1,6026,6026_5,6113,6113_1,212,26,13.61666666666656,16:17:26,16:25:13,16
6026_5__6113_1,6026,6026_5,6113,6113_1,2665,27,14.383333333333212,16:17:26,16:25:13,16
6026_5__6113_1,6026,6026_5,6113,6113_1,2736,28,12.75,16:17:26,16:25:13,16
6026_5__6113_1,6026,6026_5,6113,6113_1,705,29,13.149999999999864,16:17:26,16:25:13,16
6026_5__6113_1,6026,6026_5,6113,6113_1,9979,30,12.483333333333348,16:17:26,16:25:13,16
6026_5__6113_1,6026,6026_5,6113,6113_1,2492,31,12.066666666666606,16:17:26,16:25:13,16
6026_5__6113_1,6026,6026_5,6113,6113_1,946,32,12.233333333333348,16:17:26,16:25:13,16
6026_5__6113_1,6026,6026_5,6113,6113_1,947,33,11.683333333333394,16:17:26,16:25:13,16
6026_5__6113_1,6026,6026_5,6113,6113_1,327,34,11.566666666666606,16:17:26,16:25:13,16
6026_5__6113_1,6026,6026_5,6113,6113_1,3284,35,12.11666666666656,16:17:26,16:25:13,16
6026_5__6113_1,6026,6026_5,6113,6113_1,3282,36,12.233333333333348,16:17:26,16:25:13,16
6026_5__6113_1,6026,6026_5,6113,6113_1,2583,37,11.800000000000182,16:17:26,16:25:13,16
6026_5__6113_1,6026,6026_5,6113,6113_1,2590,38,12.25,16:17:26,16:25:13,16
6026_5__6113_1,6026,6026_5,6113,6113_1,603,39,12.966666666666697,16:17:26,16:25:13,16
6056_1__6206_1,6056,6056_1,6206,6206_1,3649,4,9.416666666666629,04:36:51,04:46:16,4
6056_1__6206_1,6056,6056_1,6206,6206_1,3747,5,9.916666666666686,04:36:51,04:46:16,4
6056_1__6206_1,6056,6056_1,6206,6206_1,482,6,9.316666666666663,04:36:51,04:46:16,4
6056_1__6206_1,6056,6056_1,6206,6206_1,709,7,8.816666666666663,04:36:51,04:46:16,4
6056_1__6206_1,6056,6056_1,6206,6206_1,1577,8,8.816666666666663,04:36:51,04:46:16,4
6056_1__6206_1,6056,6056_1,6206,6206_1,109,10,9.53333333333336,04:36:51,04:46:16,4
6056_1__6206_1,6056,6056_1,6206,6206_1,396,11,8.616666666666674,04:36:51,04:46:16,4
6056_1__6206_1,6056,6056_1,6206,6206_1,1253,12,9.433333333333337,04:36:51,04:46:16,4
6056_1__6206_1,6056,6056_1,6206,6206_1,1554,13,7.899999999999977,04:36:51,04:46:16,4
6056_1__6206_1,6056,6056_1,6206,6206_1,1099,14,7.066666666666663,04:36:51,04:46:16,4
6056_1__6206_1,6056,6056_1,6206,6206_1,168,15,6.566666666666663,04:36:51,04:46:16,4
6056_1__6206_1,6056,6056_1,6206,6206_1,929,16,6.9833333333333485,04:36:51,04:46:16,4
6056_1__6206_1,6056,6056_1,6206,6206_1,94,17,7.333333333333371,04:36:51,04:46:16,4
6056_1__6206_1,6056,6056_1,6206,6206_1,1080,18,7.699999999999989,04:36:51,04:46:16,4
6056_1__6206_1,6056,6056_1,6206,6206_1,146,19,10.116666666666674,04:36:51,04:46:16,4
6056_1__6206_1,6056,6056_1,6206,6206_1,1089,20,9.533333333333303,04:36:51,04:46:16,4
6056_1__6206_1,6056,6056_1,6206,6206_1,213,21,9.616666666666617,04:36:51,04:46:16,4
6056_1__6206_1,6056,6056_1,6206,6206_1,3907,22,9.566666666666663,04:36:51,04:46:16,4
6056_1__6206_1,6056,6056_1,6206,6206_1,949,23,9.166666666666686,04:36:51,04:46:16,4
6056_1__6206_1,6056,6056_1,6206,6206_1,913,24,8.983333333333348,04:36:51,04:46:16,4
6056_1__6206_1,6056,6056_1,6206,6206_1,307,25,9.566666666666663,04:36:51,04:46:16,4
6056_1__6206_1,6056,6056_1,6206,6206_1,212,26,10.300000000000011,04:36:51,04:46:16,4
6056_1__6206_1,6056,6056_1,6206,6206_1,2665,27,9.300000000000011,04:36:51,04:46:16,4
6056_1__6206_1,6056,6056_1,6206,6206_1,705,29,12.766666666666652,04:36:51,04:46:16,4
6056_1__6206_1,6056,6056_1,6206,6206_1,9979,30,12.683333333333337,04:36:51,04:46:16,4
6056_1__6206_1,6056,6056_1,6206,6206_1,2492,31,11.816666666666663,04:36:51,04:46:16,4
6056_1__6206_1,6056,6056_1,6206,6206_1,946,32,13.5,04:36:51,04:46:16,4
6056_1__6206_1,6056,6056_1,6206,6206_1,947,33,14.28333333333336,04:36:51,04:46:16,4
6056_1__6206_1,6056,6056_1,6206,6206_1,327,34,13.933333333333337,04:36:51,04:46:16,4
6056_1__6206_1,6056,6056_1,6206,6206_1,3284,35,14.616666666666674,04:36:51,04:46:16,4
6056_1__6206_1,6056,6056_1,6206,6206_1,3282,36,15.983333333333348,04:36:51,04:46:16,4
6056_1__6206_1,6056,6056_1,6206,6206_1,2583,37,17.46666666666664,04:36:51,04:46:16,4
6056_1__6206_1,6056,6056_1,6206,6206_1,2590,38,16.83333333333337,04:36:51,04:46:16,4
6056_1__6206_1,6056,6056_1,6206,6206_1,603,39,16.69999999999999,04:36:51,04:46:16,4
6056_2__1626_1,6056,6056_2,1626,1626_1,3797,1,6.4833333333333485,07:12:00,07:18:29,7
6056_2__1626_1,6056,6056_2,1626,1626_1,2984,2,4.333333333333314,07:12:00,07:18:29,7
6056_2__1626_1,6056,6056_2,1626,1626_1,2685,3,4.7333333333333485,07:12:00,07:18:29,7
6056_2__1626_1,6056,6056_2,1626,1626_1,3649,4,1.2166666666666401,07:12:00,07:18:29,7
6056_2__1626_1,6056,6056_2,1626,1626_1,482,6,4.333333333333314,07:12:00,07:18:29,7
6056_2__1626_1,6056,6056_2,1626,1626_1,709,7,4.066666666666663,07:12:00,07:18:29,7
6056_2__1626_1,6056,6056_2,1626,1626_1,1577,8,5.666666666666629,07:12:00,07:18:29,7
6056_2__1626_1,6056,6056_2,1626,1626_1,990,9,4.2333333333333485,07:12:00,07:18:29,7
6056_2__1626_1,6056,6056_2,1626,1626_1,109,10,5.25,07:12:00,07:18:29,7
6056_2__1626_1,6056,6056_2,1626,1626_1,396,11,2.6000000000000227,07:12:00,07:18:29,7
6056_2__1626_1,6056,6056_2,1626,1626_1,1253,12,1.8666666666666742,07:12:00,07:18:29,7
6056_2__1626_1,6056,6056_2,1626,1626_1,1554,13,1.25,07:12:00,07:18:29,7
6056_2__1626_1,6056,6056_2,1626,1626_1,1099,14,1.0166666666666515,07:12:00,07:18:29,7
6056_2__1626_1,6056,6056_2,1626,1626_1,94,17,4.5,07:12:00,07:18:29,7
6056_2__1626_1,6056,6056_2,1626,1626_1,1080,18,3.933333333333337,07:12:00,07:18:29,7
6056_2__1626_1,6056,6056_2,1626,1626_1,146,19,2.78333333333336,07:12:00,07:18:29,7
6056_2__1626_1,6056,6056_2,1626,1626_1,1089,20,1.6499999999999773,07:12:00,07:18:29,7
6056_2__1626_1,6056,6056_2,1626,1626_1,213,21,2.3833333333333258,07:12:00,07:18:29,7
6056_2__1626_1,6056,6056_2,1626,1626_1,3907,22,1.9666666666666401,07:12:00,07:18:29,7
6056_2__1626_1,6056,6056_2,1626,1626_1,212,26,2.966666666666697,07:12:00,07:18:29,7
6056_2__1626_1,6056,6056_2,1626,1626_1,2665,27,2.8833333333333258,07:12:00,07:18:29,7
6056_2__1626_1,6056,6056_2,1626,1626_1,2736,28,3.25,07:12:00,07:18:29,7
6056_2__1626_1,6056,6056_2,1626,1626_1,705,29,3.4166666666666856,07:12:00,07:18:29,7
6056_2__1626_1,6056,6056_2,1626,1626_1,9979,30,3.1333333333333258,07:12:00,07:18:29,7
6056_2__1626_1,6056,6056_2,1626,1626_1,2492,31,3.1666666666666856,07:12:00,07:18:29,7
6056_2__1626_1,6056,6056_2,1626,1626_1,946,32,1.7666666666666515,07:12:00,07:18:29,7
6056_2__1626_1,6056,6056_2,1626,1626_1,947,33,1.849999999999966,07:12:00,07:18:29,7
6056_2__1626_1,6056,6056_2,1626,1626_1,327,34,2.6666666666666288,07:12:00,07:18:29,7
6056_2__1626_1,6056,6056_2,1626,1626_1,3284,35,1.5833333333333144,07:12:00,07:18:29,7
6056_2__1626_1,6056,6056_2,1626,1626_1,3282,36,2.066666666666663,07:12:00,07:18:29,7
6056_2__1626_1,6056,6056_2,1626,1626_1,2583,37,3.0833333333333712,07:12:00,07:18:29,7
6056_2__1626_1,6056,6056_2,1626,1626_1,2590,38,1.0166666666666515,07:12:00,07:18:29,7
6056_3__1626_2,6056,6056_3,1626,1626_2,3797,1,9.0,09:56:00,10:05:00,9
6056_3__1626_2,6056,6056_3,1626,1626_2,2984,2,10.733333333333348,09:56:00,10:05:00,9
6056_3__1626_2,6056,6056_3,1626,1626_2,2685,3,11.116666666666674,09:56:00,10:05:00,9
6056_3__1626_2,6056,6056_3,1626,1626_2,3649,4,12.0,09:56:00,10:05:00,9
6056_3__1626_2,6056,6056_3,1626,1626_2,3747,5,12.816666666666606,09:56:00,10:05:00,9
6056_3__1626_2,6056,6056_3,1626,1626_2,482,6,12.333333333333371,09:56:00,10:05:00,9
6056_3__1626_2,6056,6056_3,1626,1626_2,709,7,12.18333333333328,09:56:00,10:05:00,9
6056_3__1626_2,6056,6056_3,1626,1626_2,1577,8,13.066666666666606,09:56:00,10:05:00,9
6056_3__1626_2,6056,6056_3,1626,1626_2,990,9,12.75,09:56:00,10:05:00,9
6056_3__1626_2,6056,6056_3,1626,1626_2,109,10,13.116666666666674,09:56:00,10:05:00,9
6056_3__1626_2,6056,6056_3,1626,1626_2,396,11,14.883333333333326,09:56:00,10:05:00,9
6056_3__1626_2,6056,6056_3,1626,1626_2,1253,12,13.666666666666629,09:56:00,10:05:00,9
6056_3__1626_2,6056,6056_3,1626,1626_2,1554,13,12.850000000000023,09:56:00,10:05:00,9
6056_3__1626_2,6056,6056_3,1626,1626_2,1099,14,12.666666666666629,09:56:00,10:05:00,9
6056_3__1626_2,6056,6056_3,1626,1626_2,168,15,12.033333333333303,09:56:00,10:05:00,9
6056_3__1626_2,6056,6056_3,1626,1626_2,929,16,12.666666666666629,09:56:00,10:05:00,9
6056_3__1626_2,6056,6056_3,1626,1626_2,94,17,13.416666666666629,09:56:00,10:05:00,9
6056_3__1626_2,6056,6056_3,1626,1626_2,1080,18,14.916666666666742,09:56:00,10:05:00,9
6056_3__1626_2,6056,6056_3,1626,1626_2,146,19,13.75,09:56:00,10:05:00,9
6056_3__1626_2,6056,6056_3,1626,1626_2,1089,20,16.0,09:56:00,10:05:00,9
6056_3__1626_2,6056,6056_3,1626,1626_2,213,21,16.116666666666674,09:56:00,10:05:00,9
6056_3__1626_2,6056,6056_3,1626,1626_2,3907,22,15.883333333333326,09:56:00,10:05:00,9
6056_3__1626_2,6056,6056_3,1626,1626_2,949,23,15.716666666666697,09:56:00,10:05:00,9
6056_3__1626_2,6056,6056_3,1626,1626_2,913,24,16.616666666666674,09:56:00,10:05:00,9
6056_3__1626_2,6056,6056_3,1626,1626_2,307,25,17.100000000000023,09:56:00,10:05:00,9
6056_3__1626_2,6056,6056_3,1626,1626_2,212,26,16.783333333333417,09:56:00,10:05:00,9
6056_3__1626_2,6056,6056_3,1626,1626_2,2665,27,16.783333333333303,09:56:00,10:05:00,9
6056_3__1626_2,6056,6056_3,1626,1626_2,2736,28,16.800000000000068,09:56:00,10:05:00,9
6056_3__1626_2,6056,6056_3,1626,1626_2,705,29,17.93333333333328,09:56:00,10:05:00,9
6056_3__1626_2,6056,6056_3,1626,1626_2,9979,30,18.25,09:56:00,10:05:00,9
6056_3__1626_2,6056,6056_3,1626,1626_2,2492,31,18.25,09:56:00,10:05:00,9
6056_3__1626_2,6056,6056_3,1626,1626_2,947,33,18.866666666666674,09:56:00,10:05:00,9
6056_3__1626_2,6056,6056_3,1626,1626_2,327,34,18.966666666666697,09:56:00,10:05:00,9
6056_3__1626_2,6056,6056_3,1626,1626_2,3284,35,18.966666666666697,09:56:00,10:05:00,9
6056_3__1626_2,6056,6056_3,1626,1626_2,3282,36,19.216666666666697,09:56:00,10:05:00,9
6056_3__1626_2,6056,6056_3,1626,1626_2,2583,37,18.666666666666742,09:56:00,10:05:00,9
6056_3__1626_2,6056,6056_3,1626,1626_2,2590,38,18.25,09:56:00,10:05:00,9
6056_3__1626_2,6056,6056_3,1626,1626_2,603,39,17.75,09:56:00,10:05:00,9
6056_4__1626_3,6056,6056_4,1626,1626_3,2984,2,3.75,12:45:51,12:49:36,12
6056_4__1626_3,6056,6056_4,1626,1626_3,2685,3,2.9166666666666288,12:45:51,12:49:36,12
6056_4__1626_3,6056,6056_4,1626,1626_3,3649,4,3.3666666666666742,12:45:51,12:49:36,12
6056_4__1626_3,6056,6056_4,1626,1626_3,3747,5,3.1666666666667425,12:45:51,12:49:36,12
6056_4__1626_3,6056,6056_4,1626,1626_3,482,6,3.033333333333303,12:45:51,12:49:36,12
6056_4__1626_3,6056,6056_4,1626,1626_3,709,7,2.75,12:45:51,12:49:36,12
6056_4__1626_3,6056,6056_4,1626,1626_3,1577,8,3.8500000000000227,12:45:51,12:49:36,12
6056_4__1626_3,6056,6056_4,1626,1626_3,990,9,2.7833333333334167,12:45:51,12:49:36,12
6056_4__1626_3,6056,6056_4,1626,1626_3,109,10,4.149999999999977,12:45:51,12:49:36,12
6056_4__1626_3,6056,6056_4,1626,1626_3,396,11,2.7666666666666515,12:45:51,12:49:36,12
6056_4__1626_3,6056,6056_4,1626,1626_3,1253,12,2.466666666666697,12:45:51,12:49:36,12
6056_4__1626_3,6056,6056_4,1626,1626_3,1554,13,1.75,12:45:51,12:49:36,12
6056_4__1626_3,6056,6056_4,1626,1626_3,3907,22,1.4833333333333485,12:45:51,12:49:36,12
6056_4__1626_3,6056,6056_4,1626,1626_3,949,23,1.0166666666666515,12:45:51,12:49:36,12
6056_4__1626_3,6056,6056_4,1626,1626_3,3282,36,10.933333333333394,12:45:51,12:49:36,12
6056_6__6409_6,6056,6056_6,6409,6409_6,2984,2,1.3999999999998636,18:22:24,18:23:48,18
6056_6__6409_6,6056,6056_6,6409,6409_6,2685,3,1.5,18:22:24,18:23:48,18
6056_6__6409_6,6056,6056_6,6409,6409_6,146,19,10.0,18:22:24,18:23:48,18
6056_6__6409_6,6056,6056_6,6409,6409_6,1089,20,11.283333333333303,18:22:24,18:23:48,18
6056_6__6409_6,6056,6056_6,6409,6409_6,213,21,10.899999999999864,18:22:24,18:23:48,18
6056_6__6409_6,6056,6056_6,6409,6409_6,3907,22,10.966666666666697,18:22:24,18:23:48,18
6056_6__6409_6,6056,6056_6,6409,6409_6,949,23,12.049999999999955,18:22:24,18:23:48,18
6056_6__6409_6,6056,6056_6,6409,6409_6,913,24,12.366666666666788,18:22:24,18:23:48,18
6056_6__6409_6,6056,6056_6,6409,6409_6,307,25,12.066666666666833,18:22:24,18:23:48,18
6056_6__6409_6,6056,6056_6,6409,6409_6,212,26,12.483333333333348,18:22:24,18:23:48,18
6056_6__6409_6,6056,6056_6,6409,6409_6,2665,27,12.483333333333348,18:22:24,18:23:48,18
6056_6__6409_6,6056,6056_6,6409,6409_6,2736,28,11.516666666666652,18:22:24,18:23:48,18
6056_6__6409_6,6056,6056_6,6409,6409_6,705,29,13.033333333333303,18:22:24,18:23:48,18
6056_6__6409_6,6056,6056_6,6409,6409_6,9979,30,13.416666666666742,18:22:24,18:23:48,18
6056_6__6409_6,6056,6056_6,6409,6409_6,2492,31,13.666666666666742,18:22:24,18:23:48,18
6056_6__6409_6,6056,6056_6,6409,6409_6,946,32,10.549999999999955,18:22:24,18:23:48,18
6056_6__6409_6,6056,6056_6,6409,6409_6,947,33,9.800000000000182,18:22:24,18:23:48,18
6056_6__6409_6,6056,6056_6,6409,6409_6,327,34,9.683333333333394,18:22:24,18:23:48,18
6056_6__6409_6,6056,6056_6,6409,6409_6,3284,35,11.399999999999864,18:22:24,18:23:48,18
6056_6__6409_6,6056,6056_6,6409,6409_6,3282,36,10.866666666666788,18:22:24,18:23:48,18
6056_6__6409_6,6056,6056_6,6409,6409_6,2583,37,10.666666666666742,18:22:24,18:23:48,18
6056_6__6409_6,6056,6056_6,6409,6409_6,2590,38,11.283333333333303,18:22:24,18:23:48,18
6056_6__6409_6,6056,6056_6,6409,6409_6,603,39,11.0,18:22:24,18:23:48,18
6059_2__6407_1,6059,6059_2,6407,6407_1,2685,3,6.616666666666674,05:23:46,05:30:23,5
6059_2__6407_1,6059,6059_2,6407,6407_1,3649,4,6.916666666666629,05:23:46,05:30:23,5
6059_2__6407_1,6059,6059_2,6407,6407_1,3747,5,7.949999999999989,05:23:46,05:30:23,5
6059_2__6407_1,6059,6059_2,6407,6407_1,482,6,8.03333333333336,05:23:46,05:30:23,5
6059_2__6407_1,6059,6059_2,6407,6407_1,709,7,7.366666666666674,05:23:46,05:30:23,5
6059_2__6407_1,6059,6059_2,6407,6407_1,1577,8,9.349999999999966,05:23:46,05:30:23,5
6059_2__6407_1,6059,6059_2,6407,6407_1,990,9,10.050000000000011,05:23:46,05:30:23,5
6059_2__6407_1,6059,6059_2,6407,6407_1,109,10,9.683333333333337,05:23:46,05:30:23,5
6059_2__6407_1,6059,6059_2,6407,6407_1,396,11,9.566666666666663,05:23:46,05:30:23,5
6059_2__6407_1,6059,6059_2,6407,6407_1,1253,12,9.850000000000023,05:23:46,05:30:23,5
6059_2__6407_1,6059,6059_2,6407,6407_1,1554,13,10.149999999999977,05:23:46,05:30:23,5
6059_2__6407_1,6059,6059_2,6407,6407_1,1099,14,8.75,05:23:46,05:30:23,5
6059_2__6407_1,6059,6059_2,6407,6407_1,168,15,7.9833333333333485,05:23:46,05:30:23,5
6059_2__6407_1,6059,6059_2,6407,6407_1,94,17,7.816666666666663,05:23:46,05:30:23,5
6059_2__6407_1,6059,6059_2,6407,6407_1,1080,18,7.333333333333314,05:23:46,05:30:23,5
6059_2__6407_1,6059,6059_2,6407,6407_1,146,19,6.699999999999989,05:23:46,05:30:23,5
6059_2__6407_1,6059,6059_2,6407,6407_1,1089,20,8.283333333333303,05:23:46,05:30:23,5
6059_2__6407_1,6059,6059_2,6407,6407_1,213,21,7.7333333333333485,05:23:46,05:30:23,5
6059_2__6407_1,6059,6059_2,6407,6407_1,3907,22,8.683333333333337,05:23:46,05:30:23,5
6059_2__6407_1,6059,6059_2,6407,6407_1,949,23,7.5166666666666515,05:23:46,05:30:23,5
6059_2__6407_1,6059,6059_2,6407,6407_1,913,24,7.616666666666674,05:23:46,05:30:23,5
6059_2__6407_1,6059,6059_2,6407,6407_1,307,25,7.5,05:23:46,05:30:23,5
6059_2__6407_1,6059,6059_2,6407,6407_1,212,26,6.866666666666674,05:23:46,05:30:23,5
6059_2__6407_1,6059,6059_2,6407,6407_1,2665,27,8.03333333333336,05:23:46,05:30:23,5
6059_2__6407_1,6059,6059_2,6407,6407_1,2736,28,7.016666666666708,05:23:46,05:30:23,5
6059_2__6407_1,6059,6059_2,6407,6407_1,705,29,6.116666666666674,05:23:46,05:30:23,5
6059_2__6407_1,6059,6059_2,6407,6407_1,9979,30,7.233333333333292,05:23:46,05:30:23,5
6059_2__6407_1,6059,6059_2,6407,6407_1,2492,31,6.300000000000011,05:23:46,05:30:23,5
6059_2__6407_1,6059,6059_2,6407,6407_1,946,32,6.0166666666666515,05:23:46,05:30:23,5
6059_2__6407_1,6059,6059_2,6407,6407_1,947,33,6.25,05:23:46,05:30:23,5
6059_2__6407_1,6059,6059_2,6407,6407_1,327,34,6.21666666666664,05:23:46,05:30:23,5
6059_2__6407_1,6059,6059_2,6407,6407_1,3284,35,5.833333333333314,05:23:46,05:30:23,5
6059_2__6407_1,6059,6059_2,6407,6407_1,3282,36,6.21666666666664,05:23:46,05:30:23,5
6059_2__6407_1,6059,6059_2,6407,6407_1,2583,37,5.75,05:23:46,05:30:23,5
6059_2__6407_1,6059,6059_2,6407,6407_1,2590,38,5.916666666666686,05:23:46,05:30:23,5
6059_2__6407_1,6059,6059_2,6407,6407_1,603,39,5.616666666666674,05:23:46,05:30:23,5
6074_1__6206_5,6074,6074_1,6206,6206_5,2984,2,9.56666666666672,15:37:40,15:47:14,15
6074_1__6206_5,6074,6074_1,6206,6206_5,3747,5,6.75,15:37:40,15:47:14,15
6074_1__6206_5,6074,6074_1,6206,6206_5,482,6,6.75,15:37:40,15:47:14,15
6074_1__6206_5,6074,6074_1,6206,6206_5,1577,8,11.149999999999977,15:37:40,15:47:14,15
6074_1__6206_5,6074,6074_1,6206,6206_5,990,9,10.933333333333394,15:37:40,15:47:14,15
6074_1__6206_5,6074,6074_1,6206,6206_5,1253,12,9.466666666666697,15:37:40,15:47:14,15
6074_1__6206_5,6074,6074_1,6206,6206_5,1554,13,11.199999999999932,15:37:40,15:47:14,15
6074_1__6206_5,6074,6074_1,6206,6206_5,1099,14,11.333333333333371,15:37:40,15:47:14,15
6074_1__6206_5,6074,6074_1,6206,6206_5,168,15,11.699999999999932,15:37:40,15:47:14,15
6074_1__6206_5,6074,6074_1,6206,6206_5,929,16,13.43333333333328,15:37:40,15:47:14,15
6074_1__6206_5,6074,6074_1,6206,6206_5,94,17,13.766666666666652,15:37:40,15:47:14,15
6074_1__6206_5,6074,6074_1,6206,6206_5,1080,18,16.649999999999977,15:37:40,15:47:14,15
6074_1__6206_5,6074,6074_1,6206,6206_5,146,19,17.466666666666583,15:37:40,15:47:14,15
6074_1__6206_5,6074,6074_1,6206,6206_5,1089,20,17.783333333333303,15:37:40,15:47:14,15
6074_1__6206_5,6074,6074_1,6206,6206_5,213,21,17.566666666666606,15:37:40,15:47:14,15
6074_1__6206_5,6074,6074_1,6206,6206_5,3907,22,18.01666666666665,15:37:40,15:47:14,15
6074_1__6206_5,6074,6074_1,6206,6206_5,949,23,18.26666666666665,15:37:40,15:47:14,15
6074_1__6206_5,6074,6074_1,6206,6206_5,913,24,18.13333333333344,15:37:40,15:47:14,15
6074_1__6206_5,6074,6074_1,6206,6206_5,307,25,19.0,15:37:40,15:47:14,15
6074_1__6206_5,6074,6074_1,6206,6206_5,212,26,17.73333333333335,15:37:40,15:47:14,15
6074_1__6206_5,6074,6074_1,6206,6206_5,2665,27,18.73333333333335,15:37:40,15:47:14,15
6074_1__6206_5,6074,6074_1,6206,6206_5,2736,28,19.783333333333417,15:37:40,15:47:14,15
6074_1__6206_5,6074,6074_1,6206,6206_5,705,29,20.41666666666663,15:37:40,15:47:14,15
6074_1__6206_5,6074,6074_1,6206,6206_5,9979,30,19.399999999999977,15:37:40,15:47:14,15
6074_1__6206_5,6074,6074_1,6206,6206_5,2492,31,20.383333333333326,15:37:40,15:47:14,15
6074_1__6206_5,6074,6074_1,6206,6206_5,946,32,19.51666666666665,15:37:40,15:47:14,15
6074_1__6206_5,6074,6074_1,6206,6206_5,947,33,20.16666666666663,15:37:40,15:47:14,15
6074_1__6206_5,6074,6074_1,6206,6206_5,327,34,20.21666666666681,15:37:40,15:47:14,15
6074_1__6206_5,6074,6074_1,6206,6206_5,3284,35,20.716666666666697,15:37:40,15:47:14,15
6074_1__6206_5,6074,6074_1,6206,6206_5,3282,36,20.949999999999932,15:37:40,15:47:14,15
6074_1__6206_5,6074,6074_1,6206,6206_5,2583,37,21.06666666666672,15:37:40,15:47:14,15
6074_1__6206_5,6074,6074_1,6206,6206_5,2590,38,21.583333333333258,15:37:40,15:47:14,15
6074_1__6206_5,6074,6074_1,6206,6206_5,603,39,20.816666666666606,15:37:40,15:47:14,15
6074_2__6206_6,6074,6074_2,6206,6206_6,3797,1,11.983333333333348,18:32:00,18:43:59,18
6074_2__6206_6,6074,6074_2,6206,6206_6,2984,2,11.533333333333303,18:32:00,18:43:59,18
6074_2__6206_6,6074,6074_2,6206,6206_6,2685,3,10.849999999999909,18:32:00,18:43:59,18
6074_2__6206_6,6074,6074_2,6206,6206_6,3649,4,10.849999999999909,18:32:00,18:43:59,18
6074_2__6206_6,6074,6074_2,6206,6206_6,3747,5,10.899999999999864,18:32:00,18:43:59,18
6074_2__6206_6,6074,6074_2,6206,6206_6,482,6,9.71666666666647,18:32:00,18:43:59,18
6074_2__6206_6,6074,6074_2,6206,6206_6,709,7,9.650000000000091,18:32:00,18:43:59,18
6074_2__6206_6,6074,6074_2,6206,6206_6,1577,8,9.633333333333212,18:32:00,18:43:59,18
6074_2__6206_6,6074,6074_2,6206,6206_6,990,9,8.216666666666697,18:32:00,18:43:59,18
6074_2__6206_6,6074,6074_2,6206,6206_6,109,10,9.450000000000045,18:32:00,18:43:59,18
6074_2__6206_6,6074,6074_2,6206,6206_6,396,11,9.38333333333344,18:32:00,18:43:59,18
6074_2__6206_6,6074,6074_2,6206,6206_6,1253,12,9.816666666666606,18:32:00,18:43:59,18
6074_2__6206_6,6074,6074_2,6206,6206_6,1554,13,9.86666666666656,18:32:00,18:43:59,18
6074_2__6206_6,6074,6074_2,6206,6206_6,1099,14,9.950000000000045,18:32:00,18:43:59,18
6074_2__6206_6,6074,6074_2,6206,6206_6,168,15,10.799999999999955,18:32:00,18:43:59,18
6074_2__6206_6,6074,6074_2,6206,6206_6,929,16,11.199999999999818,18:32:00,18:43:59,18
6074_2__6206_6,6074,6074_2,6206,6206_6,94,17,11.033333333333303,18:32:00,18:43:59,18
6074_2__6206_6,6074,6074_2,6206,6206_6,1080,18,11.283333333333303,18:32:00,18:43:59,18
6074_2__6206_6,6074,6074_2,6206,6206_6,146,19,11.0,18:32:00,18:43:59,18
6074_2__6206_6,6074,6074_2,6206,6206_6,1089,20,11.766666666666652,18:32:00,18:43:59,18
6074_2__6206_6,6074,6074_2,6206,6206_6,213,21,12.366666666666788,18:32:00,18:43:59,18
6074_2__6206_6,6074,6074_2,6206,6206_6,3907,22,12.299999999999955,18:32:00,18:43:59,18
6074_2__6206_6,6074,6074_2,6206,6206_6,949,23,12.899999999999864,18:32:00,18:43:59,18
6074_2__6206_6,6074,6074_2,6206,6206_6,913,24,12.966666666666697,18:32:00,18:43:59,18
6074_2__6206_6,6074,6074_2,6206,6206_6,307,25,12.950000000000045,18:32:00,18:43:59,18
6074_2__6206_6,6074,6074_2,6206,6206_6,212,26,12.11666666666656,18:32:00,18:43:59,18
6074_2__6206_6,6074,6074_2,6206,6206_6,2736,28,13.049999999999955,18:32:00,18:43:59,18
6074_2__6206_6,6074,6074_2,6206,6206_6,946,32,11.316666666666606,18:32:00,18:43:59,18
6074_2__6206_6,6074,6074_2,6206,6206_6,947,33,11.5,18:32:00,18:43:59,18
6074_2__6206_6,6074,6074_2,6206,6206_6,327,34,11.050000000000182,18:32:00,18:43:59,18
6074_2__6206_6,6074,6074_2,6206,6206_6,3284,35,10.366666666666788,18:32:00,18:43:59,18
6074_2__6206_6,6074,6074_2,6206,6206_6,3282,36,12.299999999999955,18:32:00,18:43:59,18
6074_2__6206_6,6074,6074_2,6206,6206_6,2583,37,12.083333333333258,18:32:00,18:43:59,18
6075_1__6026_4,6075,6075_1,6026,6026_4,3747,5,2.216666666666697,13:29:48,13:32:01,13
6075_1__6026_4,6075,6075_1,6026,6026_4,709,7,3.2833333333334167,13:29:48,13:32:01,13
6075_1__6026_4,6075,6075_1,6026,6026_4,990,9,3.1666666666666288,13:29:48,13:32:01,13
6075_1__6026_4,6075,6075_1,6026,6026_4,396,11,3.2166666666665833,13:29:48,13:32:01,13
6075_1__6026_4,6075,6075_1,6026,6026_4,1253,12,2.6666666666667425,13:29:48,13:32:01,13
6075_1__6026_4,6075,6075_1,6026,6026_4,1554,13,3.1499999999999773,13:29:48,13:32:01,13
6075_1__6026_4,6075,6075_1,6026,6026_4,1099,14,3.1000000000000227,13:29:48,13:32:01,13
6075_1__6026_4,6075,6075_1,6026,6026_4,168,15,4.75,13:29:48,13:32:01,13
6075_1__6026_4,6075,6075_1,6026,6026_4,929,16,4.533333333333303,13:29:48,13:32:01,13
6075_1__6026_4,6075,6075_1,6026,6026_4,1080,18,2.533333333333303,13:29:48,13:32:01,13
6075_1__6026_4,6075,6075_1,6026,6026_4,213,21,1.4166666666667425,13:29:48,13:32:01,13
6075_1__6026_4,6075,6075_1,6026,6026_4,3907,22,2.1000000000000227,13:29:48,13:32:01,13
6075_1__6026_4,6075,6075_1,6026,6026_4,949,23,1.6166666666666742,13:29:48,13:32:01,13
6075_1__6026_4,6075,6075_1,6026,6026_4,913,24,1.716666666666697,13:29:48,13:32:01,13
6075_1__6026_4,6075,6075_1,6026,6026_4,307,25,1.9500000000000455,13:29:48,13:32:01,13
6075_1__6026_4,6075,6075_1,6026,6026_4,705,29,1.0499999999999545,13:29:48,13:32:01,13
6075_1__6026_4,6075,6075_1,6026,6026_4,9979,30,1.8666666666666742,13:29:48,13:32:01,13
6075_1__6026_4,6075,6075_1,6026,6026_4,946,32,2.1833333333332803,13:29:48,13:32:01,13
6075_1__6026_4,6075,6075_1,6026,6026_4,947,33,2.7999999999999545,13:29:48,13:32:01,13
6075_1__6026_4,6075,6075_1,6026,6026_4,327,34,3.0833333333333712,13:29:48,13:32:01,13
6075_1__6026_4,6075,6075_1,6026,6026_4,3284,35,3.25,13:29:48,13:32:01,13
6075_1__6026_4,6075,6075_1,6026,6026_4,3282,36,3.3333333333332575,13:29:48,13:32:01,13
6075_1__6026_4,6075,6075_1,6026,6026_4,2583,37,3.4333333333332803,13:29:48,13:32:01,13
6075_1__6026_4,6075,6075_1,6026,6026_4,2590,38,3.1166666666666742,13:29:48,13:32:01,13
6075_1__6026_4,6075,6075_1,6026,6026_4,603,39,2.8666666666666742,13:29:48,13:32:01,13
6075_3__6407_6,6075,6075_3,6407,6407_6,2984,2,9.283333333333303,19:04:58,19:14:15,19
6075_3__6407_6,6075,6075_3,6407,6407_6,2685,3,9.450000000000045,19:04:58,19:14:15,19
6075_3__6407_6,6075,6075_3,6407,6407_6,3649,4,6.916666666666515,19:04:58,19:14:15,19
6075_3__6407_6,6075,6075_3,6407,6407_6,3747,5,6.133333333333439,19:04:58,19:14:15,19
6075_3__6407_6,6075,6075_3,6407,6407_6,482,6,5.783333333333303,19:04:58,19:14:15,19
6075_3__6407_6,6075,6075_3,6407,6407_6,709,7,5.9166666666667425,19:04:58,19:14:15,19
6075_3__6407_6,6075,6075_3,6407,6407_6,1577,8,3.0,19:04:58,19:14:15,19
6075_3__6407_6,6075,6075_3,6407,6407_6,990,9,3.0166666666666515,19:04:58,19:14:15,19
6075_3__6407_6,6075,6075_3,6407,6407_6,109,10,3.4833333333333485,19:04:58,19:14:15,19
6075_3__6407_6,6075,6075_3,6407,6407_6,396,11,3.116666666666788,19:04:58,19:14:15,19
6075_3__6407_6,6075,6075_3,6407,6407_6,1253,12,2.933333333333394,19:04:58,19:14:15,19
6075_3__6407_6,6075,6075_3,6407,6407_6,1554,13,3.5833333333332575,19:04:58,19:14:15,19
6075_3__6407_6,6075,6075_3,6407,6407_6,1099,14,3.6166666666665606,19:04:58,19:14:15,19
6075_3__6407_6,6075,6075_3,6407,6407_6,168,15,4.216666666666697,19:04:58,19:14:15,19
6075_3__6407_6,6075,6075_3,6407,6407_6,929,16,4.283333333333303,19:04:58,19:14:15,19
6075_3__6407_6,6075,6075_3,6407,6407_6,94,17,4.7666666666666515,19:04:58,19:14:15,19
6075_3__6407_6,6075,6075_3,6407,6407_6,1080,18,5.050000000000182,19:04:58,19:14:15,19
6075_3__6407_6,6075,6075_3,6407,6407_6,146,19,4.150000000000091,19:04:58,19:14:15,19
6075_3__6407_6,6075,6075_3,6407,6407_6,1089,20,4.0166666666666515,19:04:58,19:14:15,19
6075_3__6407_6,6075,6075_3,6407,6407_6,213,21,4.566666666666606,19:04:58,19:14:15,19
6075_3__6407_6,6075,6075_3,6407,6407_6,3907,22,4.783333333333303,19:04:58,19:14:15,19
6075_3__6407_6,6075,6075_3,6407,6407_6,949,23,5.2000000000000455,19:04:58,19:14:15,19
6075_3__6407_6,6075,6075_3,6407,6407_6,913,24,4.616666666666561,19:04:58,19:14:15,19
6075_3__6407_6,6075,6075_3,6407,6407_6,307,25,4.75,19:04:58,19:14:15,19
6075_3__6407_6,6075,6075_3,6407,6407_6,212,26,4.399999999999864,19:04:58,19:14:15,19
6075_3__6407_6,6075,6075_3,6407,6407_6,2665,27,4.7000000000000455,19:04:58,19:14:15,19
6075_3__6407_6,6075,6075_3,6407,6407_6,2736,28,4.566666666666606,19:04:58,19:14:15,19
6075_3__6407_6,6075,6075_3,6407,6407_6,705,29,3.6000000000001364,19:04:58,19:14:15,19
6075_3__6407_6,6075,6075_3,6407,6407_6,9979,30,3.5,19:04:58,19:14:15,19
6075_3__6407_6,6075,6075_3,6407,6407_6,2492,31,4.5499999999999545,19:04:58,19:14:15,19
6075_3__6407_6,6075,6075_3,6407,6407_6,946,32,4.4166666666667425,19:04:58,19:14:15,19
6075_3__6407_6,6075,6075_3,6407,6407_6,947,33,4.716666666666697,19:04:58,19:14:15,19
6075_3__6407_6,6075,6075_3,6407,6407_6,327,34,4.7333333333333485,19:04:58,19:14:15,19
6075_3__6407_6,6075,6075_3,6407,6407_6,3284,35,5.816666666666606,19:04:58,19:14:15,19
6075_3__6407_6,6075,6075_3,6407,6407_6,3282,36,5.116666666666788,19:04:58,19:14:15,19
6075_3__6407_6,6075,6075_3,6407,6407_6,2583,37,5.4833333333333485,19:04:58,19:14:15,19
6075_3__6407_6,6075,6075_3,6407,6407_6,2590,38,5.966666666666697,19:04:58,19:14:15,19
6075_3__6407_6,6075,6075_3,6407,6407_6,603,39,5.783333333333303,19:04:58,19:14:15,19
6121_1__6409_1,6121,6121_1,6409,6409_1,3797,1,9.01666666666668,04:12:59,04:22:00,4
6121_1__6409_1,6121,6121_1,6409,6409_1,2984,2,9.150000000000006,04:12:59,04:22:00,4
6121_1__6409_1,6121,6121_1,6409,6409_1,2685,3,8.683333333333337,04:12:59,04:22:00,4
6121_1__6409_1,6121,6121_1,6409,6409_1,3649,4,8.550000000000011,04:12:59,04:22:00,4
6121_1__6409_1,6121,6121_1,6409,6409_1,3747,5,8.533333333333303,04:12:59,04:22:00,4
6121_1__6409_1,6121,6121_1,6409,6409_1,482,6,8.516666666666652,04:12:59,04:22:00,4
6121_1__6409_1,6121,6121_1,6409,6409_1,1577,8,9.300000000000011,04:12:59,04:22:00,4
6121_1__6409_1,6121,6121_1,6409,6409_1,990,9,9.583333333333314,04:12:59,04:22:00,4
6121_1__6409_1,6121,6121_1,6409,6409_1,109,10,10.0,04:12:59,04:22:00,4
6121_1__6409_1,6121,6121_1,6409,6409_1,396,11,9.78333333333336,04:12:59,04:22:00,4
6121_1__6409_1,6121,6121_1,6409,6409_1,1253,12,10.766666666666652,04:12:59,04:22:00,4
6121_1__6409_1,6121,6121_1,6409,6409_1,1554,13,10.333333333333314,04:12:59,04:22:00,4
6121_1__6409_1,6121,6121_1,6409,6409_1,1099,14,10.916666666666686,04:12:59,04:22:00,4
6121_1__6409_1,6121,6121_1,6409,6409_1,168,15,13.166666666666686,04:12:59,04:22:00,4
6121_1__6409_1,6121,6121_1,6409,6409_1,929,16,12.683333333333337,04:12:59,04:22:00,4
6121_1__6409_1,6121,6121_1,6409,6409_1,94,17,12.800000000000011,04:12:59,04:22:00,4
6121_1__6409_1,6121,6121_1,6409,6409_1,1080,18,11.816666666666663,04:12:59,04:22:00,4
6121_1__6409_1,6121,6121_1,6409,6409_1,146,19,12.849999999999966,04:12:59,04:22:00,4
6121_1__6409_1,6121,6121_1,6409,6409_1,1089,20,12.666666666666686,04:12:59,04:22:00,4
6121_1__6409_1,6121,6121_1,6409,6409_1,213,21,12.550000000000011,04:12:59,04:22:00,4
6121_1__6409_1,6121,6121_1,6409,6409_1,3907,22,12.516666666666652,04:12:59,04:22:00,4
6121_1__6409_1,6121,6121_1,6409,6409_1,949,23,11.96666666666664,04:12:59,04:22:00,4
6121_1__6409_1,6121,6121_1,6409,6409_1,913,24,10.383333333333326,04:12:59,04:22:00,4
6121_1__6409_1,6121,6121_1,6409,6409_1,307,25,10.149999999999977,04:12:59,04:22:00,4
6121_1__6409_1,6121,6121_1,6409,6409_1,212,26,9.516666666666652,04:12:59,04:22:00,4
6121_1__6409_1,6121,6121_1,6409,6409_1,2665,27,8.716666666666697,04:12:59,04:22:00,4
6121_1__6409_1,6121,6121_1,6409,6409_1,2736,28,8.449999999999989,04:12:59,04:22:00,4
6121_1__6409_1,6121,6121_1,6409,6409_1,705,29,8.666666666666686,04:12:59,04:22:00,4
6121_1__6409_1,6121,6121_1,6409,6409_1,9979,30,9.0,04:12:59,04:22:00,4
6121_1__6409_1,6121,6121_1,6409,6409_1,2492,31,8.916666666666686,04:12:59,04:22:00,4
6121_1__6409_1,6121,6121_1,6409,6409_1,946,32,8.650000000000034,04:12:59,04:22:00,4
6121_1__6409_1,6121,6121_1,6409,6409_1,947,33,9.25,04:12:59,04:22:00,4
6121_1__6409_1,6121,6121_1,6409,6409_1,327,34,9.75,04:12:59,04:22:00,4
6121_1__6409_1,6121,6121_1,6409,6409_1,3284,35,9.333333333333314,04:12:59,04:22:00,4
6121_1__6409_1,6121,6121_1,6409,6409_1,3282,36,8.766666666666708,04:12:59,04:22:00,4
6121_1__6409_1,6121,6121_1,6409,6409_1,2583,37,8.199999999999989,04:12:59,04:22:00,4
6121_1__6409_1,6121,6121_1,6409,6409_1,2590,38,7.183333333333337,04:12:59,04:22:00,4
6121_1__6409_1,6121,6121_1,6409,6409_1,603,39,6.333333333333371,04:12:59,04:22:00,4
6121_2__6409_2,6121,6121_2,6409,6409_2,3797,1,8.0,06:56:00,07:04:00,6
6121_2__6409_2,6121,6121_2,6409,6409_2,2984,2,7.199999999999989,06:56:00,07:04:00,6
6121_2__6409_2,6121,6121_2,6409,6409_2,2685,3,7.883333333333326,06:56:00,07:04:00,6
6121_2__6409_2,6121,6121_2,6409,6409_2,3649,4,9.433333333333337,06:56:00,07:04:00,6
6121_2__6409_2,6121,6121_2,6409,6409_2,3747,5,10.066666666666663,06:56:00,07:04:00,6
6121_2__6409_2,6121,6121_2,6409,6409_2,482,6,9.966666666666697,06:56:00,07:04:00,6
6121_2__6409_2,6121,6121_2,6409,6409_2,709,7,10.166666666666686,06:56:00,07:04:00,6
6121_2__6409_2,6121,6121_2,6409,6409_2,1577,8,9.166666666666686,06:56:00,07:04:00,6
6121_2__6409_2,6121,6121_2,6409,6409_2,990,9,8.716666666666697,06:56:00,07:04:00,6
6121_2__6409_2,6121,6121_2,6409,6409_2,109,10,9.683333333333337,06:56:00,07:04:00,6
6121_2__6409_2,6121,6121_2,6409,6409_2,396,11,9.866666666666674,06:56:00,07:04:00,6
6121_2__6409_2,6121,6121_2,6409,6409_2,1253,12,8.949999999999989,06:56:00,07:04:00,6
6121_2__6409_2,6121,6121_2,6409,6409_2,1554,13,9.333333333333371,06:56:00,07:04:00,6
6121_2__6409_2,6121,6121_2,6409,6409_2,1099,14,10.21666666666664,06:56:00,07:04:00,6
6121_2__6409_2,6121,6121_2,6409,6409_2,168,15,9.533333333333303,06:56:00,07:04:00,6
6121_2__6409_2,6121,6121_2,6409,6409_2,929,16,10.350000000000023,06:56:00,07:04:00,6
6121_2__6409_2,6121,6121_2,6409,6409_2,94,17,10.633333333333326,06:56:00,07:04:00,6
6121_2__6409_2,6121,6121_2,6409,6409_2,1080,18,8.066666666666663,06:56:00,07:04:00,6
6121_2__6409_2,6121,6121_2,6409,6409_2,146,19,7.383333333333326,06:56:00,07:04:00,6
6121_2__6409_2,6121,6121_2,6409,6409_2,1089,20,7.899999999999977,06:56:00,07:04:00,6
6121_2__6409_2,6121,6121_2,6409,6409_2,213,21,7.666666666666629,06:56:00,07:04:00,6
6121_2__6409_2,6121,6121_2,6409,6409_2,3907,22,7.983333333333292,06:56:00,07:04:00,6
6121_2__6409_2,6121,6121_2,6409,6409_2,949,23,7.983333333333292,06:56:00,07:04:00,6
6121_2__6409_2,6121,6121_2,6409,6409_2,913,24,7.083333333333314,06:56:00,07:04:00,6
6121_2__6409_2,6121,6121_2,6409,6409_2,307,25,6.783333333333303,06:56:00,07:04:00,6
6121_2__6409_2,6121,6121_2,6409,6409_2,212,26,7.666666666666686,06:56:00,07:04:00,6
6121_2__6409_2,6121,6121_2,6409,6409_2,2665,27,7.21666666666664,06:56:00,07:04:00,6
6121_2__6409_2,6121,6121_2,6409,6409_2,2736,28,7.616666666666674,06:56:00,07:04:00,6
6121_2__6409_2,6121,6121_2,6409,6409_2,705,29,6.116666666666674,06:56:00,07:04:00,6
6121_2__6409_2,6121,6121_2,6409,6409_2,9979,30,4.966666666666697,06:56:00,07:04:00,6
6121_2__6409_2,6121,6121_2,6409,6409_2,2492,31,5.166666666666686,06:56:00,07:04:00,6
6121_2__6409_2,6121,6121_2,6409,6409_2,946,32,4.716666666666697,06:56:00,07:04:00,6
6121_2__6409_2,6121,6121_2,6409,6409_2,947,33,4.866666666666674,06:56:00,07:04:00,6
6121_2__6409_2,6121,6121_2,6409,6409_2,327,34,5.883333333333326,06:56:00,07:04:00,6
6121_2__6409_2,6121,6121_2,6409,6409_2,3284,35,5.216666666666697,06:56:00,07:04:00,6
6121_2__6409_2,6121,6121_2,6409,6409_2,3282,36,4.949999999999989,06:56:00,07:04:00,6
6121_2__6409_2,6121,6121_2,6409,6409_2,2583,37,3.9166666666666856,06:56:00,07:04:00,6
6121_2__6409_2,6121,6121_2,6409,6409_2,2590,38,4.316666666666663,06:56:00,07:04:00,6
6121_2__6409_2,6121,6121_2,6409,6409_2,603,39,3.933333333333337,06:56:00,07:04:00,6
6121_3__6401_5,6121,6121_3,6401,6401_5,2984,2,10.25,14:02:37,14:12:52,14
6121_3__6401_5,6121,6121_3,6401,6401_5,2685,3,9.899999999999977,14:02:37,14:12:52,14
6121_3__6401_5,6121,6121_3,6401,6401_5,3649,4,10.533333333333303,14:02:37,14:12:52,14
6121_3__6401_5,6121,6121_3,6401,6401_5,3747,5,10.399999999999977,14:02:37,14:12:52,14
6121_3__6401_5,6121,6121_3,6401,6401_5,482,6,10.983333333333348,14:02:37,14:12:52,14
6121_3__6401_5,6121,6121_3,6401,6401_5,709,7,11.316666666666606,14:02:37,14:12:52,14
6121_3__6401_5,6121,6121_3,6401,6401_5,1577,8,11.016666666666652,14:02:37,14:12:52,14
6121_3__6401_5,6121,6121_3,6401,6401_5,990,9,12.75,14:02:37,14:12:52,14
6121_3__6401_5,6121,6121_3,6401,6401_5,109,10,11.983333333333348,14:02:37,14:12:52,14
6121_3__6401_5,6121,6121_3,6401,6401_5,396,11,13.050000000000068,14:02:37,14:12:52,14
6121_3__6401_5,6121,6121_3,6401,6401_5,1253,12,13.233333333333348,14:02:37,14:12:52,14
6121_3__6401_5,6121,6121_3,6401,6401_5,1554,13,14.283333333333303,14:02:37,14:12:52,14
6121_3__6401_5,6121,6121_3,6401,6401_5,1099,14,15.283333333333417,14:02:37,14:12:52,14
6121_3__6401_5,6121,6121_3,6401,6401_5,168,15,16.0,14:02:37,14:12:52,14
6121_3__6401_5,6121,6121_3,6401,6401_5,929,16,15.600000000000023,14:02:37,14:12:52,14
6121_3__6401_5,6121,6121_3,6401,6401_5,94,17,16.15000000000009,14:02:37,14:12:52,14
6121_3__6401_5,6121,6121_3,6401,6401_5,1080,18,17.699999999999932,14:02:37,14:12:52,14
6121_3__6401_5,6121,6121_3,6401,6401_5,146,19,16.899999999999977,14:02:37,14:12:52,14
6121_3__6401_5,6121,6121_3,6401,6401_5,1089,20,17.81666666666672,14:02:37,14:12:52,14
6121_3__6401_5,6121,6121_3,6401,6401_5,213,21,17.48333333333335,14:02:37,14:12:52,14
6121_3__6401_5,6121,6121_3,6401,6401_5,3907,22,17.449999999999932,14:02:37,14:12:52,14
6121_3__6401_5,6121,6121_3,6401,6401_5,949,23,18.06666666666672,14:02:37,14:12:52,14
6121_3__6401_5,6121,6121_3,6401,6401_5,913,24,19.466666666666583,14:02:37,14:12:52,14
6121_3__6401_5,6121,6121_3,6401,6401_5,307,25,19.533333333333303,14:02:37,14:12:52,14
6121_3__6401_5,6121,6121_3,6401,6401_5,212,26,19.68333333333328,14:02:37,14:12:52,14
6121_3__6401_5,6121,6121_3,6401,6401_5,2665,27,20.56666666666672,14:02:37,14:12:52,14
6121_3__6401_5,6121,6121_3,6401,6401_5,2736,28,21.100000000000023,14:02:37,14:12:52,14
6121_3__6401_5,6121,6121_3,6401,6401_5,705,29,20.666666666666742,14:02:37,14:12:52,14
6121_3__6401_5,6121,6121_3,6401,6401_5,9979,30,21.316666666666606,14:02:37,14:12:52,14
6121_3__6401_5,6121,6121_3,6401,6401_5,2492,31,22.033333333333303,14:02:37,14:12:52,14
6121_3__6401_5,6121,6121_3,6401,6401_5,946,32,23.016666666666765,14:02:37,14:12:52,14
6121_5__6800_6,6121,6121_5,6800,6800_6,3797,1,10.016666666666652,19:44:59,19:55:00,19
6121_5__6800_6,6121,6121_5,6800,6800_6,2984,2,10.683333333333394,19:44:59,19:55:00,19
6121_5__6800_6,6121,6121_5,6800,6800_6,2685,3,10.450000000000045,19:44:59,19:55:00,19
6121_5__6800_6,6121,6121_5,6800,6800_6,3649,4,11.600000000000136,19:44:59,19:55:00,19
6121_5__6800_6,6121,6121_5,6800,6800_6,3747,5,11.700000000000045,19:44:59,19:55:00,19
6121_5__6800_6,6121,6121_5,6800,6800_6,482,6,10.933333333333394,19:44:59,19:55:00,19
6121_5__6800_6,6121,6121_5,6800,6800_6,1577,8,13.266666666666652,19:44:59,19:55:00,19
6121_5__6800_6,6121,6121_5,6800,6800_6,990,9,14.099999999999909,19:44:59,19:55:00,19
6121_5__6800_6,6121,6121_5,6800,6800_6,109,10,13.066666666666606,19:44:59,19:55:00,19
6121_5__6800_6,6121,6121_5,6800,6800_6,1253,12,12.5,19:44:59,19:55:00,19
6121_5__6800_6,6121,6121_5,6800,6800_6,1554,13,12.633333333333212,19:44:59,19:55:00,19
6121_5__6800_6,6121,6121_5,6800,6800_6,1099,14,12.516666666666652,19:44:59,19:55:00,19
6121_5__6800_6,6121,6121_5,6800,6800_6,168,15,12.216666666666697,19:44:59,19:55:00,19
6121_5__6800_6,6121,6121_5,6800,6800_6,929,16,12.25,19:44:59,19:55:00,19
6121_5__6800_6,6121,6121_5,6800,6800_6,94,17,12.86666666666656,19:44:59,19:55:00,19
6121_5__6800_6,6121,6121_5,6800,6800_6,1080,18,13.066666666666606,19:44:59,19:55:00,19
6121_5__6800_6,6121,6121_5,6800,6800_6,3907,22,12.366666666666788,19:44:59,19:55:00,19
6121_5__6800_6,6121,6121_5,6800,6800_6,949,23,12.466666666666697,19:44:59,19:55:00,19
6121_5__6800_6,6121,6121_5,6800,6800_6,327,34,10.233333333333121,19:44:59,19:55:00,19
6121_5__6800_6,6121,6121_5,6800,6800_6,3284,35,10.233333333333348,19:44:59,19:55:00,19
6121_5__6800_6,6121,6121_5,6800,6800_6,3282,36,10.700000000000045,19:44:59,19:55:00,19
6121_5__6800_6,6121,6121_5,6800,6800_6,2583,37,8.899999999999864,19:44:59,19:55:00,19
6121_5__6800_6,6121,6121_5,6800,6800_6,2590,38,9.266666666666652,19:44:59,19:55:00,19
6121_5__6800_6,6121,6121_5,6800,6800_6,603,39,8.650000000000091,19:44:59,19:55:00,19
6206_1__6413_1,6206,6206_1,6413,6413_1,3797,1,9.016666666666652,04:39:59,04:49:00,4
6206_1__6413_1,6206,6206_1,6413,6413_1,2984,2,7.149999999999977,04:39:59,04:49:00,4
6206_1__6413_1,6206,6206_1,6413,6413_1,2685,3,6.71666666666664,04:39:59,04:49:00,4
6206_1__6413_1,6206,6206_1,6413,6413_1,3649,4,5.716666666666697,04:39:59,04:49:00,4
6206_1__6413_1,6206,6206_1,6413,6413_1,3747,5,6.316666666666663,04:39:59,04:49:00,4
6206_1__6413_1,6206,6206_1,6413,6413_1,482,6,7.800000000000011,04:39:59,04:49:00,4
6206_1__6413_1,6206,6206_1,6413,6413_1,709,7,8.133333333333326,04:39:59,04:49:00,4
6206_1__6413_1,6206,6206_1,6413,6413_1,1577,8,9.150000000000034,04:39:59,04:49:00,4
6206_1__6413_1,6206,6206_1,6413,6413_1,990,9,9.716666666666697,04:39:59,04:49:00,4
6206_1__6413_1,6206,6206_1,6413,6413_1,109,10,10.333333333333314,04:39:59,04:49:00,4
6206_1__6413_1,6206,6206_1,6413,6413_1,396,11,11.533333333333303,04:39:59,04:49:00,4
6206_1__6413_1,6206,6206_1,6413,6413_1,1253,12,11.53333333333336,04:39:59,04:49:00,4
6206_1__6413_1,6206,6206_1,6413,6413_1,1554,13,11.550000000000011,04:39:59,04:49:00,4
6206_1__6413_1,6206,6206_1,6413,6413_1,1099,14,11.78333333333336,04:39:59,04:49:00,4
6206_1__6413_1,6206,6206_1,6413,6413_1,168,15,12.466666666666697,04:39:59,04:49:00,4
6206_1__6413_1,6206,6206_1,6413,6413_1,929,16,13.0,04:39:59,04:49:00,4
6206_1__6413_1,6206,6206_1,6413,6413_1,94,17,12.766666666666652,04:39:59,04:49:00,4
6206_1__6413_1,6206,6206_1,6413,6413_1,1080,18,12.816666666666663,04:39:59,04:49:00,4
6206_1__6413_1,6206,6206_1,6413,6413_1,146,19,11.21666666666664,04:39:59,04:49:00,4
6206_1__6413_1,6206,6206_1,6413,6413_1,1089,20,11.449999999999989,04:39:59,04:49:00,4
6206_1__6413_1,6206,6206_1,6413,6413_1,213,21,11.0,04:39:59,04:49:00,4
6206_1__6413_1,6206,6206_1,6413,6413_1,3907,22,11.78333333333336,04:39:59,04:49:00,4
6206_1__6413_1,6206,6206_1,6413,6413_1,949,23,11.433333333333337,04:39:59,04:49:00,4
6206_1__6413_1,6206,6206_1,6413,6413_1,913,24,12.149999999999977,04:39:59,04:49:00,4
6206_1__6413_1,6206,6206_1,6413,6413_1,307,25,12.366666666666674,04:39:59,04:49:00,4
6206_1__6413_1,6206,6206_1,6413,6413_1,212,26,12.583333333333314,04:39:59,04:49:00,4
6206_1__6413_1,6206,6206_1,6413,6413_1,2665,27,12.5,04:39:59,04:49:00,4
6206_1__6413_1,6206,6206_1,6413,6413_1,2736,28,13.266666666666652,04:39:59,04:49:00,4
6206_1__6413_1,6206,6206_1,6413,6413_1,705,29,12.150000000000034,04:39:59,04:49:00,4
6206_1__6413_1,6206,6206_1,6413,6413_1,9979,30,10.78333333333336,04:39:59,04:49:00,4
6206_1__6413_1,6206,6206_1,6413,6413_1,2492,31,11.050000000000011,04:39:59,04:49:00,4
6206_1__6413_1,6206,6206_1,6413,6413_1,946,32,10.566666666666663,04:39:59,04:49:00,4
6206_1__6413_1,6206,6206_1,6413,6413_1,947,33,9.733333333333292,04:39:59,04:49:00,4
6206_1__6413_1,6206,6206_1,6413,6413_1,327,34,10.266666666666652,04:39:59,04:49:00,4
6206_1__6413_1,6206,6206_1,6413,6413_1,3284,35,9.833333333333371,04:39:59,04:49:00,4
6206_1__6413_1,6206,6206_1,6413,6413_1,3282,36,9.616666666666674,04:39:59,04:49:00,4
6206_1__6413_1,6206,6206_1,6413,6413_1,2583,37,8.150000000000034,04:39:59,04:49:00,4
6206_1__6413_1,6206,6206_1,6413,6413_1,2590,38,7.7999999999999545,04:39:59,04:49:00,4
6206_1__6413_1,6206,6206_1,6413,6413_1,603,39,8.116666666666674,04:39:59,04:49:00,4
6206_2__6413_2,6206,6206_2,6413,6413_2,2984,2,6.833333333333371,07:30:35,07:37:25,7
6206_2__6413_2,6206,6206_2,6413,6413_2,2685,3,7.366666666666674,07:30:35,07:37:25,7
6206_2__6413_2,6206,6206_2,6413,6413_2,3649,4,8.083333333333314,07:30:35,07:37:25,7
6206_2__6413_2,6206,6206_2,6413,6413_2,3747,5,7.833333333333371,07:30:35,07:37:25,7
6206_2__6413_2,6206,6206_2,6413,6413_2,482,6,8.199999999999989,07:30:35,07:37:25,7
6206_2__6413_2,6206,6206_2,6413,6413_2,709,7,8.050000000000011,07:30:35,07:37:25,7
6206_2__6413_2,6206,6206_2,6413,6413_2,1577,8,7.9833333333333485,07:30:35,07:37:25,7
6206_2__6413_2,6206,6206_2,6413,6413_2,990,9,6.183333333333337,07:30:35,07:37:25,7
6206_2__6413_2,6206,6206_2,6413,6413_2,109,10,6.366666666666674,07:30:35,07:37:25,7
6206_2__6413_2,6206,6206_2,6413,6413_2,396,11,5.133333333333383,07:30:35,07:37:25,7
6206_2__6413_2,6206,6206_2,6413,6413_2,1253,12,5.233333333333292,07:30:35,07:37:25,7
6206_2__6413_2,6206,6206_2,6413,6413_2,1554,13,4.350000000000023,07:30:35,07:37:25,7
6206_2__6413_2,6206,6206_2,6413,6413_2,1099,14,4.316666666666663,07:30:35,07:37:25,7
6206_2__6413_2,6206,6206_2,6413,6413_2,168,15,3.6333333333333258,07:30:35,07:37:25,7
6206_2__6413_2,6206,6206_2,6413,6413_2,929,16,3.03333333333336,07:30:35,07:37:25,7
6206_2__6413_2,6206,6206_2,6413,6413_2,94,17,2.966666666666697,07:30:35,07:37:25,7
6206_2__6413_2,6206,6206_2,6413,6413_2,1080,18,2.716666666666697,07:30:35,07:37:25,7
6206_2__6413_2,6206,6206_2,6413,6413_2,146,19,2.816666666666663,07:30:35,07:37:25,7
6206_2__6413_2,6206,6206_2,6413,6413_2,1089,20,3.5500000000000114,07:30:35,07:37:25,7
6206_2__6413_2,6206,6206_2,6413,6413_2,213,21,3.5166666666666515,07:30:35,07:37:25,7
6206_2__6413_2,6206,6206_2,6413,6413_2,3907,22,3.5,07:30:35,07:37:25,7
6206_2__6413_2,6206,6206_2,6413,6413_2,949,23,1.9499999999999886,07:30:35,07:37:25,7
6206_2__6413_2,6206,6206_2,6413,6413_2,913,24,2.3999999999999773,07:30:35,07:37:25,7
6206_2__6413_2,6206,6206_2,6413,6413_2,307,25,3.3333333333333144,07:30:35,07:37:25,7
6206_2__6413_2,6206,6206_2,6413,6413_2,212,26,2.1000000000000227,07:30:35,07:37:25,7
6206_2__6413_2,6206,6206_2,6413,6413_2,2665,27,2.5,07:30:35,07:37:25,7
6206_2__6413_2,6206,6206_2,6413,6413_2,2736,28,2.8833333333333258,07:30:35,07:37:25,7
6206_2__6413_2,6206,6206_2,6413,6413_2,705,29,2.53333333333336,07:30:35,07:37:25,7
6206_2__6413_2,6206,6206_2,6413,6413_2,9979,30,2.383333333333269,07:30:35,07:37:25,7
6206_2__6413_2,6206,6206_2,6413,6413_2,2492,31,3.96666666666664,07:30:35,07:37:25,7
6206_2__6413_2,6206,6206_2,6413,6413_2,946,32,3.6833333333332803,07:30:35,07:37:25,7
6206_2__6413_2,6206,6206_2,6413,6413_2,947,33,3.0166666666666515,07:30:35,07:37:25,7
6206_2__6413_2,6206,6206_2,6413,6413_2,327,34,4.116666666666674,07:30:35,07:37:25,7
6206_2__6413_2,6206,6206_2,6413,6413_2,3284,35,3.6333333333333258,07:30:35,07:37:25,7
6206_2__6413_2,6206,6206_2,6413,6413_2,3282,36,3.7000000000000455,07:30:35,07:37:25,7
6206_2__6413_2,6206,6206_2,6413,6413_2,2583,37,3.8166666666667197,07:30:35,07:37:25,7
6206_2__6413_2,6206,6206_2,6413,6413_2,2590,38,3.8833333333333258,07:30:35,07:37:25,7
6206_2__6413_2,6206,6206_2,6413,6413_2,603,39,3.8500000000000227,07:30:35,07:37:25,7
6206_3__6413_3,6206,6206_3,6413,6413_3,2984,2,11.533333333333303,10:13:58,10:25:30,10
6206_3__6413_3,6206,6206_3,6413,6413_3,2685,3,10.916666666666629,10:13:58,10:25:30,10
6206_3__6413_3,6206,6206_3,6413,6413_3,3649,4,10.233333333333348,10:13:58,10:25:30,10
6206_3__6413_3,6206,6206_3,6413,6413_3,3747,5,9.75,10:13:58,10:25:30,10
6206_3__6413_3,6206,6206_3,6413,6413_3,482,6,10.166666666666629,10:13:58,10:25:30,10
6206_3__6413_3,6206,6206_3,6413,6413_3,709,7,10.733333333333348,10:13:58,10:25:30,10
6206_3__6413_3,6206,6206_3,6413,6413_3,1577,8,11.283333333333303,10:13:58,10:25:30,10
6206_3__6413_3,6206,6206_3,6413,6413_3,990,9,11.116666666666674,10:13:58,10:25:30,10
6206_3__6413_3,6206,6206_3,6413,6413_3,109,10,10.266666666666652,10:13:58,10:25:30,10
6206_3__6413_3,6206,6206_3,6413,6413_3,396,11,9.483333333333348,10:13:58,10:25:30,10
6206_3__6413_3,6206,6206_3,6413,6413_3,1253,12,9.966666666666697,10:13:58,10:25:30,10
6206_3__6413_3,6206,6206_3,6413,6413_3,1554,13,9.666666666666629,10:13:58,10:25:30,10
6206_3__6413_3,6206,6206_3,6413,6413_3,1099,14,10.116666666666674,10:13:58,10:25:30,10
6206_3__6413_3,6206,6206_3,6413,6413_3,168,15,10.36666666666656,10:13:58,10:25:30,10
6206_3__6413_3,6206,6206_3,6413,6413_3,929,16,9.766666666666652,10:13:58,10:25:30,10
6206_3__6413_3,6206,6206_3,6413,6413_3,94,17,9.799999999999955,10:13:58,10:25:30,10
6206_3__6413_3,6206,6206_3,6413,6413_3,1080,18,9.516666666666652,10:13:58,10:25:30,10
6206_3__6413_3,6206,6206_3,6413,6413_3,146,19,10.083333333333258,10:13:58,10:25:30,10
6206_3__6413_3,6206,6206_3,6413,6413_3,1089,20,9.799999999999955,10:13:58,10:25:30,10
6206_3__6413_3,6206,6206_3,6413,6413_3,213,21,9.266666666666765,10:13:58,10:25:30,10
6206_3__6413_3,6206,6206_3,6413,6413_3,3907,22,8.049999999999955,10:13:58,10:25:30,10
6206_3__6413_3,6206,6206_3,6413,6413_3,949,23,8.166666666666629,10:13:58,10:25:30,10
6206_3__6413_3,6206,6206_3,6413,6413_3,913,24,9.333333333333371,10:13:58,10:25:30,10
6206_3__6413_3,6206,6206_3,6413,6413_3,307,25,8.950000000000045,10:13:58,10:25:30,10
6206_3__6413_3,6206,6206_3,6413,6413_3,212,26,8.93333333333328,10:13:58,10:25:30,10
6206_3__6413_3,6206,6206_3,6413,6413_3,2665,27,10.350000000000023,10:13:58,10:25:30,10
6206_3__6413_3,6206,6206_3,6413,6413_3,2736,28,8.966666666666697,10:13:58,10:25:30,10
6206_3__6413_3,6206,6206_3,6413,6413_3,705,29,9.266666666666652,10:13:58,10:25:30,10
6206_3__6413_3,6206,6206_3,6413,6413_3,9979,30,8.600000000000023,10:13:58,10:25:30,10
6206_3__6413_3,6206,6206_3,6413,6413_3,2492,31,8.766666666666765,10:13:58,10:25:30,10
6206_3__6413_3,6206,6206_3,6413,6413_3,946,32,9.950000000000045,10:13:58,10:25:30,10
6206_3__6413_3,6206,6206_3,6413,6413_3,947,33,9.616666666666674,10:13:58,10:25:30,10
6206_3__6413_3,6206,6206_3,6413,6413_3,327,34,9.93333333333328,10:13:58,10:25:30,10
6206_3__6413_3,6206,6206_3,6413,6413_3,3284,35,9.199999999999932,10:13:58,10:25:30,10
6206_3__6413_3,6206,6206_3,6413,6413_3,3282,36,7.9500000000000455,10:13:58,10:25:30,10
6206_3__6413_3,6206,6206_3,6413,6413_3,2583,37,7.5,10:13:58,10:25:30,10
6206_3__6413_3,6206,6206_3,6413,6413_3,2590,38,9.133333333333326,10:13:58,10:25:30,10
6206_3__6413_3,6206,6206_3,6413,6413_3,603,39,11.383333333333326,10:13:58,10:25:30,10
6206_4__6413_4,6206,6206_4,6413,6413_4,3797,1,9.5,12:57:00,13:06:30,12
6206_4__6413_4,6206,6206_4,6413,6413_4,2984,2,9.383333333333326,12:57:00,13:06:30,12
6206_4__6413_4,6206,6206_4,6413,6413_4,2685,3,9.649999999999977,12:57:00,13:06:30,12
6206_4__6413_4,6206,6206_4,6413,6413_4,3649,4,12.033333333333303,12:57:00,13:06:30,12
6206_4__6413_4,6206,6206_4,6413,6413_4,3747,5,12.549999999999955,12:57:00,13:06:30,12
6206_4__6413_4,6206,6206_4,6413,6413_4,482,6,13.083333333333371,12:57:00,13:06:30,12
6206_4__6413_4,6206,6206_4,6413,6413_4,709,7,13.25,12:57:00,13:06:30,12
6206_4__6413_4,6206,6206_4,6413,6413_4,1577,8,12.983333333333235,12:57:00,13:06:30,12
6206_4__6413_4,6206,6206_4,6413,6413_4,990,9,13.649999999999977,12:57:00,13:06:30,12
6206_4__6413_4,6206,6206_4,6413,6413_4,109,10,12.0,12:57:00,13:06:30,12
6206_4__6413_4,6206,6206_4,6413,6413_4,396,11,12.299999999999955,12:57:00,13:06:30,12
6206_4__6413_4,6206,6206_4,6413,6413_4,1253,12,13.200000000000045,12:57:00,13:06:30,12
6206_4__6413_4,6206,6206_4,6413,6413_4,1554,13,12.116666666666674,12:57:00,13:06:30,12
6206_4__6413_4,6206,6206_4,6413,6413_4,1099,14,13.450000000000045,12:57:00,13:06:30,12
6206_4__6413_4,6206,6206_4,6413,6413_4,168,15,14.416666666666742,12:57:00,13:06:30,12
6206_4__6413_4,6206,6206_4,6413,6413_4,929,16,15.06666666666672,12:57:00,13:06:30,12
6206_4__6413_4,6206,6206_4,6413,6413_4,94,17,15.899999999999977,12:57:00,13:06:30,12
6206_4__6413_4,6206,6206_4,6413,6413_4,1080,18,16.699999999999932,12:57:00,13:06:30,12
6206_4__6413_4,6206,6206_4,6413,6413_4,146,19,16.866666666666674,12:57:00,13:06:30,12
6206_4__6413_4,6206,6206_4,6413,6413_4,1089,20,18.399999999999977,12:57:00,13:06:30,12
6206_4__6413_4,6206,6206_4,6413,6413_4,213,21,19.199999999999932,12:57:00,13:06:30,12
6206_4__6413_4,6206,6206_4,6413,6413_4,3907,22,19.049999999999955,12:57:00,13:06:30,12
6206_4__6413_4,6206,6206_4,6413,6413_4,949,23,19.550000000000068,12:57:00,13:06:30,12
6206_4__6413_4,6206,6206_4,6413,6413_4,913,24,19.883333333333326,12:57:00,13:06:30,12
6206_4__6413_4,6206,6206_4,6413,6413_4,307,25,20.51666666666665,12:57:00,13:06:30,12
6206_4__6413_4,6206,6206_4,6413,6413_4,212,26,20.98333333333335,12:57:00,13:06:30,12
6206_4__6413_4,6206,6206_4,6413,6413_4,2665,27,21.716666666666697,12:57:00,13:06:30,12
6206_4__6413_4,6206,6206_4,6413,6413_4,2736,28,21.683333333333394,12:57:00,13:06:30,12
6206_4__6413_4,6206,6206_4,6413,6413_4,705,29,20.966666666666697,12:57:00,13:06:30,12
6206_4__6413_4,6206,6206_4,6413,6413_4,9979,30,20.93333333333328,12:57:00,13:06:30,12
6206_4__6413_4,6206,6206_4,6413,6413_4,2492,31,18.950000000000045,12:57:00,13:06:30,12
6206_4__6413_4,6206,6206_4,6413,6413_4,946,32,18.66666666666663,12:57:00,13:06:30,12
6206_4__6413_4,6206,6206_4,6413,6413_4,947,33,18.783333333333303,12:57:00,13:06:30,12
6206_4__6413_4,6206,6206_4,6413,6413_4,327,34,18.383333333333326,12:57:00,13:06:30,12
6206_4__6413_4,6206,6206_4,6413,6413_4,3284,35,18.09999999999991,12:57:00,13:06:30,12
6206_4__6413_4,6206,6206_4,6413,6413_4,3282,36,17.700000000000045,12:57:00,13:06:30,12
6206_4__6413_4,6206,6206_4,6413,6413_4,2583,37,17.666666666666742,12:57:00,13:06:30,12
6206_4__6413_4,6206,6206_4,6413,6413_4,2590,38,19.81666666666672,12:57:00,13:06:30,12
6206_4__6413_4,6206,6206_4,6413,6413_4,603,39,20.216666666666697,12:57:00,13:06:30,12
6206_5__6413_5,6206,6206_5,6413,6413_5,2984,2,12.533333333333303,15:47:14,15:59:46,15
6206_5__6413_5,6206,6206_5,6413,6413_5,2685,3,11.066666666666606,15:47:14,15:59:46,15
6206_5__6413_5,6206,6206_5,6413,6413_5,3649,4,11.783333333333417,15:47:14,15:59:46,15
6206_5__6413_5,6206,6206_5,6413,6413_5,3747,5,10.316666666666606,15:47:14,15:59:46,15
6206_5__6413_5,6206,6206_5,6413,6413_5,482,6,10.533333333333303,15:47:14,15:59:46,15
6206_5__6413_5,6206,6206_5,6413,6413_5,709,7,10.566666666666606,15:47:14,15:59:46,15
6206_5__6413_5,6206,6206_5,6413,6413_5,1577,8,10.5,15:47:14,15:59:46,15
6206_5__6413_5,6206,6206_5,6413,6413_5,990,9,9.616666666666674,15:47:14,15:59:46,15
6206_5__6413_5,6206,6206_5,6413,6413_5,1253,12,10.416666666666629,15:47:14,15:59:46,15
6206_5__6413_5,6206,6206_5,6413,6413_5,1554,13,9.166666666666742,15:47:14,15:59:46,15
6206_5__6413_5,6206,6206_5,6413,6413_5,1099,14,9.266666666666652,15:47:14,15:59:46,15
6206_5__6413_5,6206,6206_5,6413,6413_5,168,15,10.883333333333326,15:47:14,15:59:46,15
6206_5__6413_5,6206,6206_5,6413,6413_5,929,16,8.850000000000023,15:47:14,15:59:46,15
6206_5__6413_5,6206,6206_5,6413,6413_5,94,17,7.899999999999977,15:47:14,15:59:46,15
6206_5__6413_5,6206,6206_5,6413,6413_5,1080,18,4.7333333333333485,15:47:14,15:59:46,15
6206_5__6413_5,6206,6206_5,6413,6413_5,146,19,3.6666666666667425,15:47:14,15:59:46,15
6206_5__6413_5,6206,6206_5,6413,6413_5,1089,20,5.033333333333417,15:47:14,15:59:46,15
6206_5__6413_5,6206,6206_5,6413,6413_5,213,21,4.7666666666666515,15:47:14,15:59:46,15
6206_5__6413_5,6206,6206_5,6413,6413_5,3907,22,4.716666666666697,15:47:14,15:59:46,15
6206_5__6413_5,6206,6206_5,6413,6413_5,949,23,4.2000000000000455,15:47:14,15:59:46,15
6206_5__6413_5,6206,6206_5,6413,6413_5,913,24,4.366666666666561,15:47:14,15:59:46,15
6206_5__6413_5,6206,6206_5,6413,6413_5,307,25,3.816666666666606,15:47:14,15:59:46,15
6206_5__6413_5,6206,6206_5,6413,6413_5,212,26,3.800000000000068,15:47:14,15:59:46,15
6206_5__6413_5,6206,6206_5,6413,6413_5,2665,27,2.8333333333332575,15:47:14,15:59:46,15
6206_5__6413_5,6206,6206_5,6413,6413_5,2736,28,2.2666666666666515,15:47:14,15:59:46,15
6206_5__6413_5,6206,6206_5,6413,6413_5,705,29,1.3666666666666742,15:47:14,15:59:46,15
6206_5__6413_5,6206,6206_5,6413,6413_5,9979,30,1.75,15:47:14,15:59:46,15
6206_5__6413_5,6206,6206_5,6413,6413_5,2492,31,1.4833333333333485,15:47:14,15:59:46,15
6206_5__6413_5,6206,6206_5,6413,6413_5,946,32,2.050000000000068,15:47:14,15:59:46,15
6206_5__6413_5,6206,6206_5,6413,6413_5,947,33,1.8500000000001364,15:47:14,15:59:46,15
6206_5__6413_5,6206,6206_5,6413,6413_5,327,34,1.816666666666606,15:47:14,15:59:46,15
6206_5__6413_5,6206,6206_5,6413,6413_5,3284,35,2.3666666666665606,15:47:14,15:59:46,15
6206_5__6413_5,6206,6206_5,6413,6413_5,3282,36,1.583333333333485,15:47:14,15:59:46,15
6206_5__6413_5,6206,6206_5,6413,6413_5,2583,37,2.133333333333212,15:47:14,15:59:46,15
6206_5__6413_5,6206,6206_5,6413,6413_5,2590,38,2.533333333333303,15:47:14,15:59:46,15
6206_5__6413_5,6206,6206_5,6413,6413_5,603,39,2.4166666666667425,15:47:14,15:59:46,15
6206_6__6413_6,6206,6206_6,6413,6413_6,3797,1,10.516666666666652,18:43:59,18:54:30,18
6206_6__6413_6,6206,6206_6,6413,6413_6,2984,2,12.700000000000045,18:43:59,18:54:30,18
6206_6__6413_6,6206,6206_6,6413,6413_6,2685,3,13.233333333333348,18:43:59,18:54:30,18
6206_6__6413_6,6206,6206_6,6413,6413_6,3649,4,13.100000000000136,18:43:59,18:54:30,18
6206_6__6413_6,6206,6206_6,6413,6413_6,3747,5,13.050000000000182,18:43:59,18:54:30,18
6206_6__6413_6,6206,6206_6,6413,6413_6,482,6,14.03333333333353,18:43:59,18:54:30,18
6206_6__6413_6,6206,6206_6,6413,6413_6,709,7,14.233333333333348,18:43:59,18:54:30,18
6206_6__6413_6,6206,6206_6,6413,6413_6,1577,8,16.066666666666833,18:43:59,18:54:30,18
6206_6__6413_6,6206,6206_6,6413,6413_6,990,9,16.633333333333212,18:43:59,18:54:30,18
6206_6__6413_6,6206,6206_6,6413,6413_6,109,10,15.966666666666697,18:43:59,18:54:30,18
6206_6__6413_6,6206,6206_6,6413,6413_6,396,11,15.96666666666647,18:43:59,18:54:30,18
6206_6__6413_6,6206,6206_6,6413,6413_6,1253,12,16.38333333333344,18:43:59,18:54:30,18
6206_6__6413_6,6206,6206_6,6413,6413_6,1554,13,17.01666666666665,18:43:59,18:54:30,18
6206_6__6413_6,6206,6206_6,6413,6413_6,1099,14,16.84999999999991,18:43:59,18:54:30,18
6206_6__6413_6,6206,6206_6,6413,6413_6,168,15,16.216666666666697,18:43:59,18:54:30,18
6206_6__6413_6,6206,6206_6,6413,6413_6,929,16,15.916666666666742,18:43:59,18:54:30,18
6206_6__6413_6,6206,6206_6,6413,6413_6,94,17,16.216666666666697,18:43:59,18:54:30,18
6206_6__6413_6,6206,6206_6,6413,6413_6,1080,18,16.049999999999955,18:43:59,18:54:30,18
6206_6__6413_6,6206,6206_6,6413,6413_6,146,19,16.916666666666515,18:43:59,18:54:30,18
6206_6__6413_6,6206,6206_6,6413,6413_6,1089,20,15.733333333333348,18:43:59,18:54:30,18
6206_6__6413_6,6206,6206_6,6413,6413_6,213,21,15.933333333333394,18:43:59,18:54:30,18
6206_6__6413_6,6206,6206_6,6413,6413_6,3907,22,16.133333333333212,18:43:59,18:54:30,18
6206_6__6413_6,6206,6206_6,6413,6413_6,949,23,15.78333333333353,18:43:59,18:54:30,18
6206_6__6413_6,6206,6206_6,6413,6413_6,913,24,13.850000000000136,18:43:59,18:54:30,18
6206_6__6413_6,6206,6206_6,6413,6413_6,307,25,14.599999999999909,18:43:59,18:54:30,18
6206_6__6413_6,6206,6206_6,6413,6413_6,212,26,14.533333333333303,18:43:59,18:54:30,18
6206_6__6413_6,6206,6206_6,6413,6413_6,2665,27,14.466666666666697,18:43:59,18:54:30,18
6206_6__6413_6,6206,6206_6,6413,6413_6,2736,28,14.516666666666652,18:43:59,18:54:30,18
6206_6__6413_6,6206,6206_6,6413,6413_6,705,29,14.25,18:43:59,18:54:30,18
6206_6__6413_6,6206,6206_6,6413,6413_6,9979,30,15.400000000000091,18:43:59,18:54:30,18
6206_6__6413_6,6206,6206_6,6413,6413_6,2492,31,14.633333333333212,18:43:59,18:54:30,18
6206_6__6413_6,6206,6206_6,6413,6413_6,946,32,14.450000000000045,18:43:59,18:54:30,18
6206_6__6413_6,6206,6206_6,6413,6413_6,947,33,14.483333333333348,18:43:59,18:54:30,18
6206_6__6413_6,6206,6206_6,6413,6413_6,327,34,14.816666666666606,18:43:59,18:54:30,18
6206_6__6413_6,6206,6206_6,6413,6413_6,3284,35,14.349999999999909,18:43:59,18:54:30,18
6206_6__6413_6,6206,6206_6,6413,6413_6,3282,36,13.783333333333303,18:43:59,18:54:30,18
6206_6__6413_6,6206,6206_6,6413,6413_6,2583,37,14.0,18:43:59,18:54:30,18
6206_6__6413_6,6206,6206_6,6413,6413_6,2590,38,13.849999999999909,18:43:59,18:54:30,18
6206_6__6413_6,6206,6206_6,6413,6413_6,603,39,13.133333333333212,18:43:59,18:54:30,18
6209_1__6211_1,6209,6209_1,6211,6211_1,2984,2,9.650000000000006,03:37:10,03:46:49,3
6209_1__6211_1,6209,6209_1,6211,6211_1,2685,3,9.349999999999994,03:37:10,03:46:49,3
6209_1__6211_1,6209,6209_1,6211,6211_1,3649,4,9.26666666666668,03:37:10,03:46:49,3
6209_1__6211_1,6209,6209_1,6211,6211_1,3747,5,9.400000000000006,03:37:10,03:46:49,3
6209_1__6211_1,6209,6209_1,6211,6211_1,482,6,10.25,03:37:10,03:46:49,3
6209_1__6211_1,6209,6209_1,6211,6211_1,709,7,8.400000000000006,03:37:10,03:46:49,3
6209_1__6211_1,6209,6209_1,6211,6211_1,1577,8,9.23333333333332,03:37:10,03:46:49,3
6209_1__6211_1,6209,6209_1,6211,6211_1,990,9,7.949999999999989,03:37:10,03:46:49,3
6209_1__6211_1,6209,6209_1,6211,6211_1,109,10,8.099999999999994,03:37:10,03:46:49,3
6209_1__6211_1,6209,6209_1,6211,6211_1,396,11,8.183333333333337,03:37:10,03:46:49,3
6209_1__6211_1,6209,6209_1,6211,6211_1,1253,12,7.133333333333354,03:37:10,03:46:49,3
6209_1__6211_1,6209,6209_1,6211,6211_1,1554,13,7.7666666666666515,03:37:10,03:46:49,3
6209_1__6211_1,6209,6209_1,6211,6211_1,1099,14,6.533333333333331,03:37:10,03:46:49,3
6209_1__6211_1,6209,6209_1,6211,6211_1,168,15,5.083333333333314,03:37:10,03:46:49,3
6209_1__6211_1,6209,6209_1,6211,6211_1,929,16,4.933333333333309,03:37:10,03:46:49,3
6209_1__6211_1,6209,6209_1,6211,6211_1,94,17,3.816666666666663,03:37:10,03:46:49,3
6209_1__6211_1,6209,6209_1,6211,6211_1,1080,18,5.2333333333333485,03:37:10,03:46:49,3
6209_1__6211_1,6209,6209_1,6211,6211_1,146,19,4.166666666666657,03:37:10,03:46:49,3
6209_1__6211_1,6209,6209_1,6211,6211_1,1089,20,3.9833333333333485,03:37:10,03:46:49,3
6209_1__6211_1,6209,6209_1,6211,6211_1,213,21,5.216666666666669,03:37:10,03:46:49,3
6209_1__6211_1,6209,6209_1,6211,6211_1,3907,22,5.216666666666669,03:37:10,03:46:49,3
6209_1__6211_1,6209,6209_1,6211,6211_1,949,23,3.549999999999983,03:37:10,03:46:49,3
6209_1__6211_1,6209,6209_1,6211,6211_1,913,24,3.8999999999999773,03:37:10,03:46:49,3
6209_1__6211_1,6209,6209_1,6211,6211_1,307,25,3.9666666666666686,03:37:10,03:46:49,3
6209_1__6211_1,6209,6209_1,6211,6211_1,212,26,4.066666666666663,03:37:10,03:46:49,3
6209_1__6211_1,6209,6209_1,6211,6211_1,2665,27,3.049999999999983,03:37:10,03:46:49,3
6209_1__6211_1,6209,6209_1,6211,6211_1,2736,28,2.8000000000000114,03:37:10,03:46:49,3
6209_1__6211_1,6209,6209_1,6211,6211_1,705,29,3.7666666666666515,03:37:10,03:46:49,3
6209_1__6211_1,6209,6209_1,6211,6211_1,9979,30,2.4499999999999886,03:37:10,03:46:49,3
6209_1__6211_1,6209,6209_1,6211,6211_1,2492,31,2.6666666666666288,03:37:10,03:46:49,3
6209_1__6211_1,6209,6209_1,6211,6211_1,946,32,2.1666666666666856,03:37:10,03:46:49,3
6209_1__6211_1,6209,6209_1,6211,6211_1,947,33,2.0,03:37:10,03:46:49,3
6209_1__6211_1,6209,6209_1,6211,6211_1,327,34,1.3333333333333144,03:37:10,03:46:49,3
6209_1__6211_1,6209,6209_1,6211,6211_1,3284,35,1.5,03:37:10,03:46:49,3
6209_1__6211_1,6209,6209_1,6211,6211_1,3282,36,1.4333333333333371,03:37:10,03:46:49,3
6209_1__6211_1,6209,6209_1,6211,6211_1,2583,37,1.6166666666666742,03:37:10,03:46:49,3
6209_1__6211_1,6209,6209_1,6211,6211_1,2590,38,1.6000000000000227,03:37:10,03:46:49,3
6209_1__6211_1,6209,6209_1,6211,6211_1,603,39,1.0833333333333144,03:37:10,03:46:49,3
6209_2__6403_1,6209,6209_2,6403,6403_1,3797,1,8.0,05:58:00,06:06:00,5
6209_2__6403_1,6209,6209_2,6403,6403_1,2984,2,10.633333333333326,05:58:00,06:06:00,5
6209_2__6403_1,6209,6209_2,6403,6403_1,2685,3,11.083333333333314,05:58:00,06:06:00,5
6209_2__6403_1,6209,6209_2,6403,6403_1,3649,4,12.599999999999966,05:58:00,06:06:00,5
6209_2__6403_1,6209,6209_2,6403,6403_1,3747,5,13.716666666666697,05:58:00,06:06:00,5
6209_2__6403_1,6209,6209_2,6403,6403_1,482,6,13.43333333333328,05:58:00,06:06:00,5
6209_2__6403_1,6209,6209_2,6403,6403_1,709,7,12.316666666666663,05:58:00,06:06:00,5
6209_2__6403_1,6209,6209_2,6403,6403_1,1577,8,13.083333333333314,05:58:00,06:06:00,5
6209_2__6403_1,6209,6209_2,6403,6403_1,990,9,12.833333333333314,05:58:00,06:06:00,5
6209_2__6403_1,6209,6209_2,6403,6403_1,109,10,13.850000000000023,05:58:00,06:06:00,5
6209_2__6403_1,6209,6209_2,6403,6403_1,396,11,14.616666666666674,05:58:00,06:06:00,5
6209_2__6403_1,6209,6209_2,6403,6403_1,1253,12,14.199999999999989,05:58:00,06:06:00,5
6209_2__6403_1,6209,6209_2,6403,6403_1,1554,13,14.766666666666652,05:58:00,06:06:00,5
6209_2__6403_1,6209,6209_2,6403,6403_1,1099,14,15.449999999999989,05:58:00,06:06:00,5
6209_2__6403_1,6209,6209_2,6403,6403_1,168,15,15.699999999999989,05:58:00,06:06:00,5
6209_2__6403_1,6209,6209_2,6403,6403_1,929,16,13.666666666666686,05:58:00,06:06:00,5
6209_2__6403_1,6209,6209_2,6403,6403_1,94,17,14.333333333333314,05:58:00,06:06:00,5
6209_2__6403_1,6209,6209_2,6403,6403_1,1080,18,12.716666666666697,05:58:00,06:06:00,5
6209_2__6403_1,6209,6209_2,6403,6403_1,146,19,12.416666666666629,05:58:00,06:06:00,5
6209_2__6403_1,6209,6209_2,6403,6403_1,1089,20,12.866666666666674,05:58:00,06:06:00,5
6209_2__6403_1,6209,6209_2,6403,6403_1,213,21,13.183333333333337,05:58:00,06:06:00,5
6209_2__6403_1,6209,6209_2,6403,6403_1,3907,22,12.949999999999989,05:58:00,06:06:00,5
6209_2__6403_1,6209,6209_2,6403,6403_1,949,23,12.399999999999977,05:58:00,06:06:00,5
6209_2__6403_1,6209,6209_2,6403,6403_1,913,24,13.866666666666674,05:58:00,06:06:00,5
6209_2__6403_1,6209,6209_2,6403,6403_1,307,25,13.766666666666652,05:58:00,06:06:00,5
6209_2__6403_1,6209,6209_2,6403,6403_1,212,26,13.400000000000034,05:58:00,06:06:00,5
6209_2__6403_1,6209,6209_2,6403,6403_1,2665,27,13.849999999999966,05:58:00,06:06:00,5
6209_2__6403_1,6209,6209_2,6403,6403_1,2736,28,12.81666666666672,05:58:00,06:06:00,5
6209_2__6403_1,6209,6209_2,6403,6403_1,705,29,13.216666666666697,05:58:00,06:06:00,5
6209_2__6403_1,6209,6209_2,6403,6403_1,9979,30,12.866666666666617,05:58:00,06:06:00,5
6209_2__6403_1,6209,6209_2,6403,6403_1,2492,31,12.566666666666663,05:58:00,06:06:00,5
6209_2__6403_1,6209,6209_2,6403,6403_1,946,32,13.016666666666652,05:58:00,06:06:00,5
6209_2__6403_1,6209,6209_2,6403,6403_1,947,33,14.083333333333314,05:58:00,06:06:00,5
6209_2__6403_1,6209,6209_2,6403,6403_1,327,34,13.733333333333348,05:58:00,06:06:00,5
6209_2__6403_1,6209,6209_2,6403,6403_1,3284,35,15.78333333333336,05:58:00,06:06:00,5
6209_2__6403_1,6209,6209_2,6403,6403_1,3282,36,15.100000000000023,05:58:00,06:06:00,5
6209_2__6403_1,6209,6209_2,6403,6403_1,2583,37,12.850000000000023,05:58:00,06:06:00,5
6209_2__6403_1,6209,6209_2,6403,6403_1,2590,38,11.583333333333314,05:58:00,06:06:00,5
6209_3__6403_2,6209,6209_3,6403,6403_2,3797,1,8.016666666666652,08:47:59,08:56:00,8
6209_3__6403_2,6209,6209_3,6403,6403_2,2984,2,9.63333333333344,08:47:59,08:56:00,8
6209_3__6403_2,6209,6209_3,6403,6403_2,2685,3,10.350000000000023,08:47:59,08:56:00,8
6209_3__6403_2,6209,6209_3,6403,6403_2,3649,4,11.633333333333326,08:47:59,08:56:00,8
6209_3__6403_2,6209,6209_3,6403,6403_2,3747,5,11.649999999999977,08:47:59,08:56:00,8
6209_3__6403_2,6209,6209_3,6403,6403_2,482,6,11.866666666666674,08:47:59,08:56:00,8
6209_3__6403_2,6209,6209_3,6403,6403_2,1577,8,14.899999999999977,08:47:59,08:56:00,8
6209_3__6403_2,6209,6209_3,6403,6403_2,990,9,14.166666666666629,08:47:59,08:56:00,8
6209_3__6403_2,6209,6209_3,6403,6403_2,109,10,15.949999999999932,08:47:59,08:56:00,8
6209_3__6403_2,6209,6209_3,6403,6403_2,396,11,17.266666666666765,08:47:59,08:56:00,8
6209_3__6403_2,6209,6209_3,6403,6403_2,1253,12,17.966666666666697,08:47:59,08:56:00,8
6209_3__6403_2,6209,6209_3,6403,6403_2,1554,13,16.68333333333328,08:47:59,08:56:00,8
6209_3__6403_2,6209,6209_3,6403,6403_2,929,16,17.883333333333326,08:47:59,08:56:00,8
6209_3__6403_2,6209,6209_3,6403,6403_2,1080,18,19.01666666666665,08:47:59,08:56:00,8
6209_3__6403_2,6209,6209_3,6403,6403_2,1089,20,17.116666666666674,08:47:59,08:56:00,8
6209_3__6403_2,6209,6209_3,6403,6403_2,213,21,17.48333333333335,08:47:59,08:56:00,8
6209_3__6403_2,6209,6209_3,6403,6403_2,3907,22,18.58333333333337,08:47:59,08:56:00,8
6209_3__6403_2,6209,6209_3,6403,6403_2,949,23,19.83333333333337,08:47:59,08:56:00,8
6209_3__6403_2,6209,6209_3,6403,6403_2,913,24,19.65000000000009,08:47:59,08:56:00,8
6209_3__6403_2,6209,6209_3,6403,6403_2,307,25,19.633333333333326,08:47:59,08:56:00,8
6209_3__6403_2,6209,6209_3,6403,6403_2,212,26,19.350000000000023,08:47:59,08:56:00,8
6209_3__6403_2,6209,6209_3,6403,6403_2,2665,27,18.950000000000045,08:47:59,08:56:00,8
6209_3__6403_2,6209,6209_3,6403,6403_2,2736,28,19.76666666666665,08:47:59,08:56:00,8
6209_3__6403_2,6209,6209_3,6403,6403_2,705,29,17.850000000000023,08:47:59,08:56:00,8
6209_3__6403_2,6209,6209_3,6403,6403_2,9979,30,16.26666666666665,08:47:59,08:56:00,8
6209_3__6403_2,6209,6209_3,6403,6403_2,2492,31,16.0,08:47:59,08:56:00,8
6209_3__6403_2,6209,6209_3,6403,6403_2,946,32,16.633333333333326,08:47:59,08:56:00,8
6209_3__6403_2,6209,6209_3,6403,6403_2,947,33,17.133333333333326,08:47:59,08:56:00,8
6209_3__6403_2,6209,6209_3,6403,6403_2,327,34,16.350000000000023,08:47:59,08:56:00,8
6209_3__6403_2,6209,6209_3,6403,6403_2,3284,35,16.41666666666663,08:47:59,08:56:00,8
6209_3__6403_2,6209,6209_3,6403,6403_2,3282,36,16.76666666666665,08:47:59,08:56:00,8
6209_3__6403_2,6209,6209_3,6403,6403_2,2583,37,16.450000000000045,08:47:59,08:56:00,8
6209_3__6403_2,6209,6209_3,6403,6403_2,2590,38,17.149999999999977,08:47:59,08:56:00,8
6209_3__6403_2,6209,6209_3,6403,6403_2,603,39,16.399999999999977,08:47:59,08:56:00,8
6211_1__6406_1,6211,6211_1,6406,6406_1,2685,3,10.900000000000006,03:47:42,03:58:36,3
6211_1__6406_1,6211,6211_1,6406,6406_1,3649,4,12.083333333333314,03:47:42,03:58:36,3
6211_1__6406_1,6211,6211_1,6406,6406_1,3747,5,12.449999999999989,03:47:42,03:58:36,3
6211_1__6406_1,6211,6211_1,6406,6406_1,482,6,11.966666666666669,03:47:42,03:58:36,3
6211_1__6406_1,6211,6211_1,6406,6406_1,709,7,12.683333333333337,03:47:42,03:58:36,3
6211_1__6406_1,6211,6211_1,6406,6406_1,1577,8,13.566666666666663,03:47:42,03:58:36,3
6211_1__6406_1,6211,6211_1,6406,6406_1,990,9,13.23333333333332,03:47:42,03:58:36,3
6211_1__6406_1,6211,6211_1,6406,6406_1,109,10,13.666666666666686,03:47:42,03:58:36,3
6211_1__6406_1,6211,6211_1,6406,6406_1,396,11,13.516666666666652,03:47:42,03:58:36,3
6211_1__6406_1,6211,6211_1,6406,6406_1,1253,12,14.516666666666652,03:47:42,03:58:36,3
6211_1__6406_1,6211,6211_1,6406,6406_1,1554,13,14.450000000000017,03:47:42,03:58:36,3
6211_1__6406_1,6211,6211_1,6406,6406_1,1099,14,15.333333333333314,03:47:42,03:58:36,3
6211_1__6406_1,6211,6211_1,6406,6406_1,168,15,16.26666666666665,03:47:42,03:58:36,3
6211_1__6406_1,6211,6211_1,6406,6406_1,929,16,16.400000000000006,03:47:42,03:58:36,3
6211_1__6406_1,6211,6211_1,6406,6406_1,94,17,17.816666666666663,03:47:42,03:58:36,3
6211_1__6406_1,6211,6211_1,6406,6406_1,1080,18,17.99999999999997,03:47:42,03:58:36,3
6211_1__6406_1,6211,6211_1,6406,6406_1,146,19,18.19999999999999,03:47:42,03:58:36,3
6211_1__6406_1,6211,6211_1,6406,6406_1,1089,20,18.916666666666657,03:47:42,03:58:36,3
6211_1__6406_1,6211,6211_1,6406,6406_1,213,21,19.75,03:47:42,03:58:36,3
6211_1__6406_1,6211,6211_1,6406,6406_1,3907,22,19.94999999999999,03:47:42,03:58:36,3
6211_1__6406_1,6211,6211_1,6406,6406_1,949,23,21.116666666666674,03:47:42,03:58:36,3
6211_1__6406_1,6211,6211_1,6406,6406_1,913,24,21.150000000000034,03:47:42,03:58:36,3
6211_1__6406_1,6211,6211_1,6406,6406_1,307,25,22.149999999999977,03:47:42,03:58:36,3
6211_1__6406_1,6211,6211_1,6406,6406_1,212,26,22.399999999999977,03:47:42,03:58:36,3
6211_1__6406_1,6211,6211_1,6406,6406_1,2665,27,22.33333333333337,03:47:42,03:58:36,3
6211_1__6406_1,6211,6211_1,6406,6406_1,2736,28,22.533333333333303,03:47:42,03:58:36,3
6211_1__6406_1,6211,6211_1,6406,6406_1,705,29,23.616666666666674,03:47:42,03:58:36,3
6211_3__6414_1,6211,6211_3,6414,6414_1,3797,1,8.0,06:14:00,06:22:00,6
6211_3__6414_1,6211,6211_3,6414,6414_1,2984,2,6.4833333333333485,06:14:00,06:22:00,6
6211_3__6414_1,6211,6211_3,6414,6414_1,2685,3,4.78333333333336,06:14:00,06:22:00,6
6211_3__6414_1,6211,6211_3,6414,6414_1,3649,4,4.599999999999966,06:14:00,06:22:00,6
6211_3__6414_1,6211,6211_3,6414,6414_1,3747,5,4.849999999999966,06:14:00,06:22:00,6
6211_3__6414_1,6211,6211_3,6414,6414_1,482,6,3.46666666666664,06:14:00,06:22:00,6
6211_3__6414_1,6211,6211_3,6414,6414_1,709,7,3.816666666666663,06:14:00,06:22:00,6
6211_3__6414_1,6211,6211_3,6414,6414_1,1577,8,3.400000000000034,06:14:00,06:22:00,6
6211_3__6414_1,6211,6211_3,6414,6414_1,990,9,2.78333333333336,06:14:00,06:22:00,6
6211_3__6414_1,6211,6211_3,6414,6414_1,109,10,3.0833333333333144,06:14:00,06:22:00,6
6211_3__6414_1,6211,6211_3,6414,6414_1,396,11,1.6166666666666742,06:14:00,06:22:00,6
6211_3__6414_1,6211,6211_3,6414,6414_1,1253,12,1.6000000000000227,06:14:00,06:22:00,6
6211_3__6414_1,6211,6211_3,6414,6414_1,1554,13,1.0500000000000114,06:14:00,06:22:00,6
6211_3__6414_1,6211,6211_3,6414,6414_1,168,15,1.0833333333333712,06:14:00,06:22:00,6
6211_3__6414_1,6211,6211_3,6414,6414_1,94,17,1.4499999999999886,06:14:00,06:22:00,6
6211_3__6414_1,6211,6211_3,6414,6414_1,1080,18,1.6833333333333371,06:14:00,06:22:00,6
6211_3__6414_1,6211,6211_3,6414,6414_1,146,19,2.2333333333333485,06:14:00,06:22:00,6
6211_3__6414_1,6211,6211_3,6414,6414_1,1089,20,1.7666666666667084,06:14:00,06:22:00,6
6211_3__6414_1,6211,6211_3,6414,6414_1,213,21,1.4666666666666401,06:14:00,06:22:00,6
6211_3__6414_1,6211,6211_3,6414,6414_1,3907,22,1.8166666666666629,06:14:00,06:22:00,6
6211_3__6414_1,6211,6211_3,6414,6414_1,949,23,2.1166666666666742,06:14:00,06:22:00,6
6211_3__6414_1,6211,6211_3,6414,6414_1,913,24,2.099999999999966,06:14:00,06:22:00,6
6211_3__6414_1,6211,6211_3,6414,6414_1,307,25,1.7666666666667084,06:14:00,06:22:00,6
6211_3__6414_1,6211,6211_3,6414,6414_1,212,26,1.9333333333332803,06:14:00,06:22:00,6
6211_3__6414_1,6211,6211_3,6414,6414_1,2665,27,2.53333333333336,06:14:00,06:22:00,6
6211_3__6414_1,6211,6211_3,6414,6414_1,2736,28,2.933333333333337,06:14:00,06:22:00,6
6211_3__6414_1,6211,6211_3,6414,6414_1,705,29,2.6999999999999886,06:14:00,06:22:00,6
6211_3__6414_1,6211,6211_3,6414,6414_1,9979,30,2.8666666666666742,06:14:00,06:22:00,6
6211_3__6414_1,6211,6211_3,6414,6414_1,2492,31,4.0,06:14:00,06:22:00,6
6211_3__6414_1,6211,6211_3,6414,6414_1,946,32,3.28333333333336,06:14:00,06:22:00,6
6211_3__6414_1,6211,6211_3,6414,6414_1,947,33,3.4833333333333485,06:14:00,06:22:00,6
6211_3__6414_1,6211,6211_3,6414,6414_1,327,34,4.9833333333333485,06:14:00,06:22:00,6
6211_3__6414_1,6211,6211_3,6414,6414_1,603,39,4.583333333333314,06:14:00,06:22:00,6
6211_4__6414_2,6211,6211_4,6414,6414_2,3797,1,9.0,09:04:00,09:13:00,9
6211_4__6414_2,6211,6211_4,6414,6414_2,2984,2,7.966666666666697,09:04:00,09:13:00,9
6211_4__6414_2,6211,6211_4,6414,6414_2,2685,3,7.900000000000091,09:04:00,09:13:00,9
6211_4__6414_2,6211,6211_4,6414,6414_2,3649,4,8.18333333333328,09:04:00,09:13:00,9
6211_4__6414_2,6211,6211_4,6414,6414_2,3747,5,7.866666666666674,09:04:00,09:13:00,9
6211_4__6414_2,6211,6211_4,6414,6414_2,482,6,7.966666666666697,09:04:00,09:13:00,9
6211_4__6414_2,6211,6211_4,6414,6414_2,709,7,8.600000000000023,09:04:00,09:13:00,9
6211_4__6414_2,6211,6211_4,6414,6414_2,1577,8,7.81666666666672,09:04:00,09:13:00,9
6211_4__6414_2,6211,6211_4,6414,6414_2,990,9,7.31666666666672,09:04:00,09:13:00,9
6211_4__6414_2,6211,6211_4,6414,6414_2,109,10,6.433333333333394,09:04:00,09:13:00,9
6211_4__6414_2,6211,6211_4,6414,6414_2,396,11,7.0,09:04:00,09:13:00,9
6211_4__6414_2,6211,6211_4,6414,6414_2,1253,12,8.233333333333235,09:04:00,09:13:00,9
6211_4__6414_2,6211,6211_4,6414,6414_2,1099,14,10.483333333333348,09:04:00,09:13:00,9
6211_4__6414_2,6211,6211_4,6414,6414_2,168,15,9.700000000000045,09:04:00,09:13:00,9
6211_4__6414_2,6211,6211_4,6414,6414_2,94,17,11.033333333333303,09:04:00,09:13:00,9
6211_4__6414_2,6211,6211_4,6414,6414_2,1080,18,9.43333333333328,09:04:00,09:13:00,9
6211_4__6414_2,6211,6211_4,6414,6414_2,146,19,9.566666666666606,09:04:00,09:13:00,9
6211_4__6414_2,6211,6211_4,6414,6414_2,1089,20,9.100000000000023,09:04:00,09:13:00,9
6211_4__6414_2,6211,6211_4,6414,6414_2,213,21,8.43333333333328,09:04:00,09:13:00,9
6211_4__6414_2,6211,6211_4,6414,6414_2,3907,22,7.783333333333303,09:04:00,09:13:00,9
6211_4__6414_2,6211,6211_4,6414,6414_2,949,23,7.5499999999999545,09:04:00,09:13:00,9
6211_4__6414_2,6211,6211_4,6414,6414_2,913,24,7.4833333333333485,09:04:00,09:13:00,9
6211_4__6414_2,6211,6211_4,6414,6414_2,307,25,7.133333333333326,09:04:00,09:13:00,9
6211_4__6414_2,6211,6211_4,6414,6414_2,212,26,7.899999999999977,09:04:00,09:13:00,9
6211_4__6414_2,6211,6211_4,6414,6414_2,2665,27,8.316666666666606,09:04:00,09:13:00,9
6211_4__6414_2,6211,6211_4,6414,6414_2,2736,28,9.066666666666606,09:04:00,09:13:00,9
6211_4__6414_2,6211,6211_4,6414,6414_2,705,29,9.233333333333348,09:04:00,09:13:00,9
6211_4__6414_2,6211,6211_4,6414,6414_2,9979,30,8.666666666666629,09:04:00,09:13:00,9
6211_4__6414_2,6211,6211_4,6414,6414_2,2492,31,9.599999999999909,09:04:00,09:13:00,9
6211_4__6414_2,6211,6211_4,6414,6414_2,946,32,10.616666666666674,09:04:00,09:13:00,9
6211_4__6414_2,6211,6211_4,6414,6414_2,947,33,10.183333333333394,09:04:00,09:13:00,9
6211_4__6414_2,6211,6211_4,6414,6414_2,327,34,10.533333333333303,09:04:00,09:13:00,9
6211_4__6414_2,6211,6211_4,6414,6414_2,3284,35,11.25,09:04:00,09:13:00,9
6211_4__6414_2,6211,6211_4,6414,6414_2,3282,36,12.100000000000023,09:04:00,09:13:00,9
6211_4__6414_2,6211,6211_4,6414,6414_2,2583,37,12.083333333333371,09:04:00,09:13:00,9
6211_4__6414_2,6211,6211_4,6414,6414_2,2590,38,12.600000000000023,09:04:00,09:13:00,9
6211_4__6414_2,6211,6211_4,6414,6414_2,603,39,12.466666666666697,09:04:00,09:13:00,9
6211_5__6414_3,6211,6211_5,6414,6414_3,3797,1,9.0,11:49:00,11:58:00,11
6211_5__6414_3,6211,6211_5,6414,6414_3,2984,2,9.099999999999909,11:49:00,11:58:00,11
6211_5__6414_3,6211,6211_5,6414,6414_3,2685,3,8.93333333333328,11:49:00,11:58:00,11
6211_5__6414_3,6211,6211_5,6414,6414_3,3649,4,10.649999999999977,11:49:00,11:58:00,11
6211_5__6414_3,6211,6211_5,6414,6414_3,3747,5,11.18333333333328,11:49:00,11:58:00,11
6211_5__6414_3,6211,6211_5,6414,6414_3,482,6,11.366666666666674,11:49:00,11:58:00,11
6211_5__6414_3,6211,6211_5,6414,6414_3,709,7,13.300000000000068,11:49:00,11:58:00,11
6211_5__6414_3,6211,6211_5,6414,6414_3,1577,8,14.983333333333348,11:49:00,11:58:00,11
6211_5__6414_3,6211,6211_5,6414,6414_3,990,9,14.399999999999977,11:49:00,11:58:00,11
6211_5__6414_3,6211,6211_5,6414,6414_3,109,10,14.783333333333417,11:49:00,11:58:00,11
6211_5__6414_3,6211,6211_5,6414,6414_3,396,11,15.25,11:49:00,11:58:00,11
6211_5__6414_3,6211,6211_5,6414,6414_3,1253,12,15.06666666666672,11:49:00,11:58:00,11
6211_5__6414_3,6211,6211_5,6414,6414_3,1554,13,14.366666666666674,11:49:00,11:58:00,11
6211_5__6414_3,6211,6211_5,6414,6414_3,1099,14,14.016666666666652,11:49:00,11:58:00,11
6211_5__6414_3,6211,6211_5,6414,6414_3,168,15,13.766666666666652,11:49:00,11:58:00,11
6211_5__6414_3,6211,6211_5,6414,6414_3,929,16,14.083333333333371,11:49:00,11:58:00,11
6211_5__6414_3,6211,6211_5,6414,6414_3,94,17,13.283333333333303,11:49:00,11:58:00,11
6211_5__6414_3,6211,6211_5,6414,6414_3,1080,18,13.916666666666629,11:49:00,11:58:00,11
6211_5__6414_3,6211,6211_5,6414,6414_3,146,19,13.950000000000045,11:49:00,11:58:00,11
6211_5__6414_3,6211,6211_5,6414,6414_3,1089,20,13.116666666666674,11:49:00,11:58:00,11
6211_5__6414_3,6211,6211_5,6414,6414_3,213,21,12.650000000000091,11:49:00,11:58:00,11
6211_5__6414_3,6211,6211_5,6414,6414_3,3907,22,12.516666666666652,11:49:00,11:58:00,11
6211_5__6414_3,6211,6211_5,6414,6414_3,949,23,13.81666666666672,11:49:00,11:58:00,11
6211_5__6414_3,6211,6211_5,6414,6414_3,913,24,13.550000000000068,11:49:00,11:58:00,11
6211_5__6414_3,6211,6211_5,6414,6414_3,2665,27,14.483333333333235,11:49:00,11:58:00,11
6211_5__6414_3,6211,6211_5,6414,6414_3,2736,28,15.350000000000023,11:49:00,11:58:00,11
6211_5__6414_3,6211,6211_5,6414,6414_3,705,29,15.200000000000045,11:49:00,11:58:00,11
6211_5__6414_3,6211,6211_5,6414,6414_3,9979,30,16.06666666666672,11:49:00,11:58:00,11
6211_5__6414_3,6211,6211_5,6414,6414_3,2492,31,17.466666666666697,11:49:00,11:58:00,11
6211_5__6414_3,6211,6211_5,6414,6414_3,946,32,18.899999999999977,11:49:00,11:58:00,11
6211_5__6414_3,6211,6211_5,6414,6414_3,947,33,18.16666666666663,11:49:00,11:58:00,11
6211_5__6414_3,6211,6211_5,6414,6414_3,327,34,19.133333333333326,11:49:00,11:58:00,11
6211_6__6414_4,6211,6211_6,6414,6414_4,3797,1,9.549999999999955,14:36:30,14:46:03,14
6211_6__6414_4,6211,6211_6,6414,6414_4,2984,2,11.966666666666697,14:36:30,14:46:03,14
6211_6__6414_4,6211,6211_6,6414,6414_4,2685,3,12.43333333333328,14:36:30,14:46:03,14
6211_6__6414_4,6211,6211_6,6414,6414_4,3649,4,12.849999999999909,14:36:30,14:46:03,14
6211_6__6414_4,6211,6211_6,6414,6414_4,3747,5,12.899999999999977,14:36:30,14:46:03,14
6211_6__6414_4,6211,6211_6,6414,6414_4,482,6,12.583333333333258,14:36:30,14:46:03,14
6211_6__6414_4,6211,6211_6,6414,6414_4,709,7,13.233333333333348,14:36:30,14:46:03,14
6211_6__6414_4,6211,6211_6,6414,6414_4,1577,8,13.399999999999977,14:36:30,14:46:03,14
6211_6__6414_4,6211,6211_6,6414,6414_4,990,9,14.150000000000091,14:36:30,14:46:03,14
6211_6__6414_4,6211,6211_6,6414,6414_4,109,10,14.649999999999977,14:36:30,14:46:03,14
6211_6__6414_4,6211,6211_6,6414,6414_4,1253,12,9.81666666666672,14:36:30,14:46:03,14
6211_6__6414_4,6211,6211_6,6414,6414_4,1554,13,8.850000000000023,14:36:30,14:46:03,14
6211_6__6414_4,6211,6211_6,6414,6414_4,1099,14,9.299999999999955,14:36:30,14:46:03,14
6211_6__6414_4,6211,6211_6,6414,6414_4,168,15,9.283333333333417,14:36:30,14:46:03,14
6211_6__6414_4,6211,6211_6,6414,6414_4,929,16,10.899999999999977,14:36:30,14:46:03,14
6211_6__6414_4,6211,6211_6,6414,6414_4,94,17,9.283333333333417,14:36:30,14:46:03,14
6211_6__6414_4,6211,6211_6,6414,6414_4,1080,18,9.983333333333348,14:36:30,14:46:03,14
6211_6__6414_4,6211,6211_6,6414,6414_4,146,19,9.75,14:36:30,14:46:03,14
6211_6__6414_4,6211,6211_6,6414,6414_4,1089,20,11.666666666666742,14:36:30,14:46:03,14
6211_6__6414_4,6211,6211_6,6414,6414_4,213,21,11.350000000000023,14:36:30,14:46:03,14
6211_6__6414_4,6211,6211_6,6414,6414_4,3907,22,10.816666666666606,14:36:30,14:46:03,14
6211_6__6414_4,6211,6211_6,6414,6414_4,949,23,10.766666666666652,14:36:30,14:46:03,14
6211_6__6414_4,6211,6211_6,6414,6414_4,913,24,11.766666666666652,14:36:30,14:46:03,14
6211_6__6414_4,6211,6211_6,6414,6414_4,307,25,11.81666666666672,14:36:30,14:46:03,14
6211_6__6414_4,6211,6211_6,6414,6414_4,212,26,12.199999999999932,14:36:30,14:46:03,14
6211_6__6414_4,6211,6211_6,6414,6414_4,2665,27,12.18333333333328,14:36:30,14:46:03,14
6211_6__6414_4,6211,6211_6,6414,6414_4,2736,28,12.233333333333348,14:36:30,14:46:03,14
6211_6__6414_4,6211,6211_6,6414,6414_4,705,29,12.066666666666606,14:36:30,14:46:03,14
6211_6__6414_4,6211,6211_6,6414,6414_4,9979,30,10.883333333333326,14:36:30,14:46:03,14
6211_6__6414_4,6211,6211_6,6414,6414_4,2492,31,10.56666666666672,14:36:30,14:46:03,14
6211_6__6414_4,6211,6211_6,6414,6414_4,946,32,11.866666666666674,14:36:30,14:46:03,14
6211_6__6414_4,6211,6211_6,6414,6414_4,947,33,11.600000000000023,14:36:30,14:46:03,14
6211_6__6414_4,6211,6211_6,6414,6414_4,327,34,11.683333333333394,14:36:30,14:46:03,14
6211_6__6414_4,6211,6211_6,6414,6414_4,3284,35,10.0,14:36:30,14:46:03,14
6211_6__6414_4,6211,6211_6,6414,6414_4,3282,36,16.0,14:36:30,14:46:03,14
6211_6__6414_4,6211,6211_6,6414,6414_4,2583,37,16.0,14:36:30,14:46:03,14
6211_6__6414_4,6211,6211_6,6414,6414_4,2590,38,15.983333333333348,14:36:30,14:46:03,14
6211_6__6414_4,6211,6211_6,6414,6414_4,603,39,15.933333333333394,14:36:30,14:46:03,14
6211_7__6414_5,6211,6211_7,6414,6414_5,2984,2,13.933333333333394,17:32:50,17:46:46,17
6211_7__6414_5,6211,6211_7,6414,6414_5,2685,3,14.916666666666742,17:32:50,17:46:46,17
6211_7__6414_5,6211,6211_7,6414,6414_5,3649,4,15.216666666666697,17:32:50,17:46:46,17
6211_7__6414_5,6211,6211_7,6414,6414_5,3747,5,13.516666666666652,17:32:50,17:46:46,17
6211_7__6414_5,6211,6211_7,6414,6414_5,482,6,13.699999999999818,17:32:50,17:46:46,17
6211_7__6414_5,6211,6211_7,6414,6414_5,709,7,12.966666666666697,17:32:50,17:46:46,17
6211_7__6414_5,6211,6211_7,6414,6414_5,1577,8,11.083333333333258,17:32:50,17:46:46,17
6211_7__6414_5,6211,6211_7,6414,6414_5,990,9,12.0,17:32:50,17:46:46,17
6211_7__6414_5,6211,6211_7,6414,6414_5,109,10,11.616666666666788,17:32:50,17:46:46,17
6211_7__6414_5,6211,6211_7,6414,6414_5,396,11,10.200000000000045,17:32:50,17:46:46,17
6211_7__6414_5,6211,6211_7,6414,6414_5,1253,12,9.049999999999955,17:32:50,17:46:46,17
6211_7__6414_5,6211,6211_7,6414,6414_5,1554,13,9.63333333333344,17:32:50,17:46:46,17
6211_7__6414_5,6211,6211_7,6414,6414_5,1099,14,9.549999999999955,17:32:50,17:46:46,17
6211_7__6414_5,6211,6211_7,6414,6414_5,168,15,7.683333333333394,17:32:50,17:46:46,17
6211_7__6414_5,6211,6211_7,6414,6414_5,929,16,8.516666666666652,17:32:50,17:46:46,17
6211_7__6414_5,6211,6211_7,6414,6414_5,94,17,7.316666666666606,17:32:50,17:46:46,17
6211_7__6414_5,6211,6211_7,6414,6414_5,1080,18,7.883333333333212,17:32:50,17:46:46,17
6211_7__6414_5,6211,6211_7,6414,6414_5,146,19,8.766666666666652,17:32:50,17:46:46,17
6211_7__6414_5,6211,6211_7,6414,6414_5,1089,20,8.666666666666742,17:32:50,17:46:46,17
6211_7__6414_5,6211,6211_7,6414,6414_5,213,21,8.666666666666742,17:32:50,17:46:46,17
6211_7__6414_5,6211,6211_7,6414,6414_5,3907,22,7.666666666666515,17:32:50,17:46:46,17
6211_7__6414_5,6211,6211_7,6414,6414_5,949,23,7.783333333333303,17:32:50,17:46:46,17
6211_7__6414_5,6211,6211_7,6414,6414_5,913,24,7.9500000000000455,17:32:50,17:46:46,17
6211_7__6414_5,6211,6211_7,6414,6414_5,307,25,8.183333333333394,17:32:50,17:46:46,17
6211_7__6414_5,6211,6211_7,6414,6414_5,212,26,7.533333333333303,17:32:50,17:46:46,17
6211_7__6414_5,6211,6211_7,6414,6414_5,2665,27,7.866666666666561,17:32:50,17:46:46,17
6211_7__6414_5,6211,6211_7,6414,6414_5,2736,28,6.7999999999999545,17:32:50,17:46:46,17
6211_7__6414_5,6211,6211_7,6414,6414_5,705,29,5.5499999999999545,17:32:50,17:46:46,17
6211_7__6414_5,6211,6211_7,6414,6414_5,9979,30,5.5166666666666515,17:32:50,17:46:46,17
6211_7__6414_5,6211,6211_7,6414,6414_5,2492,31,5.349999999999909,17:32:50,17:46:46,17
6211_7__6414_5,6211,6211_7,6414,6414_5,946,32,3.3333333333332575,17:32:50,17:46:46,17
6211_7__6414_5,6211,6211_7,6414,6414_5,947,33,3.4500000000000455,17:32:50,17:46:46,17
6211_7__6414_5,6211,6211_7,6414,6414_5,327,34,2.866666666666788,17:32:50,17:46:46,17
6211_7__6414_5,6211,6211_7,6414,6414_5,3284,35,2.6833333333331666,17:32:50,17:46:46,17
6211_7__6414_5,6211,6211_7,6414,6414_5,3282,36,2.6166666666665606,17:32:50,17:46:46,17
6211_7__6414_5,6211,6211_7,6414,6414_5,2583,37,2.7666666666666515,17:32:50,17:46:46,17
6211_7__6414_5,6211,6211_7,6414,6414_5,2590,38,3.533333333333303,17:32:50,17:46:46,17
6211_7__6414_5,6211,6211_7,6414,6414_5,603,39,3.033333333333303,17:32:50,17:46:46,17
6211_8__6406_7,6211,6211_8,6406,6406_7,3797,1,15.0,20:10:00,20:25:00,20
6211_8__6406_7,6211,6211_8,6406,6406_7,2984,2,16.98333333333335,20:10:00,20:25:00,20
6211_8__6406_7,6211,6211_8,6406,6406_7,2685,3,16.84999999999991,20:10:00,20:25:00,20
6211_8__6406_7,6211,6211_8,6406,6406_7,3649,4,18.316666666666833,20:10:00,20:25:00,20
6211_8__6406_7,6211,6211_8,6406,6406_7,3747,5,19.26666666666665,20:10:00,20:25:00,20
6211_8__6406_7,6211,6211_8,6406,6406_7,482,6,20.333333333333258,20:10:00,20:25:00,20
6211_8__6406_7,6211,6211_8,6406,6406_7,709,7,20.11666666666656,20:10:00,20:25:00,20
6211_8__6406_7,6211,6211_8,6406,6406_7,1577,8,21.916666666666515,20:10:00,20:25:00,20
6211_8__6406_7,6211,6211_8,6406,6406_7,990,9,20.799999999999955,20:10:00,20:25:00,20
6211_8__6406_7,6211,6211_8,6406,6406_7,109,10,21.799999999999955,20:10:00,20:25:00,20
6211_8__6406_7,6211,6211_8,6406,6406_7,396,11,21.716666666666697,20:10:00,20:25:00,20
6211_8__6406_7,6211,6211_8,6406,6406_7,1253,12,20.75,20:10:00,20:25:00,20
6211_8__6406_7,6211,6211_8,6406,6406_7,1554,13,21.066666666666833,20:10:00,20:25:00,20
6211_8__6406_7,6211,6211_8,6406,6406_7,1099,14,21.23333333333312,20:10:00,20:25:00,20
6211_8__6406_7,6211,6211_8,6406,6406_7,168,15,20.699999999999818,20:10:00,20:25:00,20
6211_8__6406_7,6211,6211_8,6406,6406_7,929,16,21.049999999999955,20:10:00,20:25:00,20
6211_8__6406_7,6211,6211_8,6406,6406_7,94,17,20.799999999999955,20:10:00,20:25:00,20
6211_8__6406_7,6211,6211_8,6406,6406_7,1080,18,20.61666666666656,20:10:00,20:25:00,20
6211_8__6406_7,6211,6211_8,6406,6406_7,146,19,21.23333333333335,20:10:00,20:25:00,20
6211_8__6406_7,6211,6211_8,6406,6406_7,1089,20,19.700000000000045,20:10:00,20:25:00,20
6211_8__6406_7,6211,6211_8,6406,6406_7,213,21,19.300000000000182,20:10:00,20:25:00,20
6211_8__6406_7,6211,6211_8,6406,6406_7,3907,22,19.98333333333335,20:10:00,20:25:00,20
6211_8__6406_7,6211,6211_8,6406,6406_7,949,23,20.09999999999991,20:10:00,20:25:00,20
6211_8__6406_7,6211,6211_8,6406,6406_7,913,24,20.183333333333167,20:10:00,20:25:00,20
6211_8__6406_7,6211,6211_8,6406,6406_7,307,25,20.116666666666788,20:10:00,20:25:00,20
6211_8__6406_7,6211,6211_8,6406,6406_7,212,26,20.48333333333335,20:10:00,20:25:00,20
6211_8__6406_7,6211,6211_8,6406,6406_7,2665,27,20.51666666666665,20:10:00,20:25:00,20
6211_8__6406_7,6211,6211_8,6406,6406_7,2736,28,20.783333333333303,20:10:00,20:25:00,20
6211_8__6406_7,6211,6211_8,6406,6406_7,705,29,20.916666666666742,20:10:00,20:25:00,20
6211_8__6406_7,6211,6211_8,6406,6406_7,9979,30,21.23333333333335,20:10:00,20:25:00,20
6211_8__6406_7,6211,6211_8,6406,6406_7,2492,31,21.450000000000045,20:10:00,20:25:00,20
6211_8__6406_7,6211,6211_8,6406,6406_7,946,32,21.450000000000045,20:10:00,20:25:00,20
6211_8__6406_7,6211,6211_8,6406,6406_7,947,33,21.38333333333344,20:10:00,20:25:00,20
6211_8__6406_7,6211,6211_8,6406,6406_7,327,34,21.36666666666656,20:10:00,20:25:00,20
6211_8__6406_7,6211,6211_8,6406,6406_7,3284,35,21.200000000000045,20:10:00,20:25:00,20
6211_8__6406_7,6211,6211_8,6406,6406_7,3282,36,21.200000000000045,20:10:00,20:25:00,20
6211_8__6406_7,6211,6211_8,6406,6406_7,2583,37,21.26666666666665,20:10:00,20:25:00,20
6211_8__6406_7,6211,6211_8,6406,6406_7,2590,38,21.149999999999864,20:10:00,20:25:00,20
6211_8__6406_7,6211,6211_8,6406,6406_7,603,39,21.116666666666788,20:10:00,20:25:00,20
6400_2__6401_2,6400,6400_2,6401,6401_2,3797,1,7.9833333333333485,05:42:00,05:49:59,5
6400_2__6401_2,6400,6400_2,6401,6401_2,2984,2,9.21666666666664,05:42:00,05:49:59,5
6400_2__6401_2,6400,6400_2,6401,6401_2,2685,3,8.583333333333314,05:42:00,05:49:59,5
6400_2__6401_2,6400,6400_2,6401,6401_2,3649,4,9.516666666666652,05:42:00,05:49:59,5
6400_2__6401_2,6400,6400_2,6401,6401_2,3747,5,9.216666666666697,05:42:00,05:49:59,5
6400_2__6401_2,6400,6400_2,6401,6401_2,482,6,9.100000000000023,05:42:00,05:49:59,5
6400_2__6401_2,6400,6400_2,6401,6401_2,709,7,9.466666666666697,05:42:00,05:49:59,5
6400_2__6401_2,6400,6400_2,6401,6401_2,1577,8,9.366666666666674,05:42:00,05:49:59,5
6400_2__6401_2,6400,6400_2,6401,6401_2,990,9,9.816666666666663,05:42:00,05:49:59,5
6400_2__6401_2,6400,6400_2,6401,6401_2,109,10,9.583333333333314,05:42:00,05:49:59,5
6400_2__6401_2,6400,6400_2,6401,6401_2,396,11,11.133333333333326,05:42:00,05:49:59,5
6400_2__6401_2,6400,6400_2,6401,6401_2,1253,12,11.600000000000023,05:42:00,05:49:59,5
6400_2__6401_2,6400,6400_2,6401,6401_2,1554,13,11.0,05:42:00,05:49:59,5
6400_2__6401_2,6400,6400_2,6401,6401_2,1099,14,11.149999999999977,05:42:00,05:49:59,5
6400_2__6401_2,6400,6400_2,6401,6401_2,168,15,10.583333333333314,05:42:00,05:49:59,5
6400_2__6401_2,6400,6400_2,6401,6401_2,929,16,12.633333333333326,05:42:00,05:49:59,5
6400_2__6401_2,6400,6400_2,6401,6401_2,94,17,12.333333333333314,05:42:00,05:49:59,5
6400_2__6401_2,6400,6400_2,6401,6401_2,1080,18,12.949999999999989,05:42:00,05:49:59,5
6400_2__6401_2,6400,6400_2,6401,6401_2,146,19,12.433333333333337,05:42:00,05:49:59,5
6400_2__6401_2,6400,6400_2,6401,6401_2,1089,20,12.433333333333337,05:42:00,05:49:59,5
6400_2__6401_2,6400,6400_2,6401,6401_2,213,21,12.333333333333371,05:42:00,05:49:59,5
6400_2__6401_2,6400,6400_2,6401,6401_2,3907,22,13.366666666666674,05:42:00,05:49:59,5
6400_2__6401_2,6400,6400_2,6401,6401_2,949,23,12.183333333333337,05:42:00,05:49:59,5
6400_2__6401_2,6400,6400_2,6401,6401_2,913,24,13.533333333333303,05:42:00,05:49:59,5
6400_2__6401_2,6400,6400_2,6401,6401_2,307,25,13.733333333333348,05:42:00,05:49:59,5
6400_2__6401_2,6400,6400_2,6401,6401_2,212,26,13.583333333333371,05:42:00,05:49:59,5
6400_2__6401_2,6400,6400_2,6401,6401_2,2665,27,13.799999999999955,05:42:00,05:49:59,5
6400_2__6401_2,6400,6400_2,6401,6401_2,2736,28,13.25,05:42:00,05:49:59,5
6400_2__6401_2,6400,6400_2,6401,6401_2,705,29,13.75,05:42:00,05:49:59,5
6400_2__6401_2,6400,6400_2,6401,6401_2,9979,30,14.483333333333348,05:42:00,05:49:59,5
6400_2__6401_2,6400,6400_2,6401,6401_2,2492,31,15.333333333333314,05:42:00,05:49:59,5
6400_2__6401_2,6400,6400_2,6401,6401_2,946,32,14.283333333333303,05:42:00,05:49:59,5
6400_2__6401_2,6400,6400_2,6401,6401_2,947,33,15.016666666666652,05:42:00,05:49:59,5
6400_2__6401_2,6400,6400_2,6401,6401_2,327,34,15.850000000000023,05:42:00,05:49:59,5
6400_2__6401_2,6400,6400_2,6401,6401_2,3284,35,15.899999999999977,05:42:00,05:49:59,5
6400_2__6401_2,6400,6400_2,6401,6401_2,3282,36,18.05000000000001,05:42:00,05:49:59,5
6400_2__6401_2,6400,6400_2,6401,6401_2,2583,37,20.316666666666663,05:42:00,05:49:59,5
6400_2__6401_2,6400,6400_2,6401,6401_2,2590,38,21.26666666666665,05:42:00,05:49:59,5
6400_2__6401_2,6400,6400_2,6401,6401_2,603,39,21.849999999999966,05:42:00,05:49:59,5
6400_3__6401_3,6400,6400_3,6401,6401_3,3797,1,9.016666666666652,08:29:59,08:39:00,8
6400_3__6401_3,6400,6400_3,6401,6401_3,2984,2,7.783333333333303,08:29:59,08:39:00,8
6400_3__6401_3,6400,6400_3,6401,6401_3,2685,3,7.783333333333303,08:29:59,08:39:00,8
6400_3__6401_3,6400,6400_3,6401,6401_3,3649,4,7.56666666666672,08:29:59,08:39:00,8
6400_3__6401_3,6400,6400_3,6401,6401_3,3747,5,8.11666666666656,08:29:59,08:39:00,8
6400_3__6401_3,6400,6400_3,6401,6401_3,482,6,7.4500000000000455,08:29:59,08:39:00,8
6400_3__6401_3,6400,6400_3,6401,6401_3,709,7,7.100000000000023,08:29:59,08:39:00,8
6400_3__6401_3,6400,6400_3,6401,6401_3,1577,8,7.2333333333333485,08:29:59,08:39:00,8
6400_3__6401_3,6400,6400_3,6401,6401_3,990,9,6.833333333333371,08:29:59,08:39:00,8
6400_3__6401_3,6400,6400_3,6401,6401_3,109,10,7.216666666666697,08:29:59,08:39:00,8
6400_3__6401_3,6400,6400_3,6401,6401_3,396,11,7.933333333333394,08:29:59,08:39:00,8
6400_3__6401_3,6400,6400_3,6401,6401_3,1253,12,7.816666666666606,08:29:59,08:39:00,8
6400_3__6401_3,6400,6400_3,6401,6401_3,1554,13,7.866666666666674,08:29:59,08:39:00,8
6400_3__6401_3,6400,6400_3,6401,6401_3,1099,14,8.949999999999932,08:29:59,08:39:00,8
6400_3__6401_3,6400,6400_3,6401,6401_3,168,15,5.383333333333326,08:29:59,08:39:00,8
6400_3__6401_3,6400,6400_3,6401,6401_3,929,16,4.466666666666697,08:29:59,08:39:00,8
6400_3__6401_3,6400,6400_3,6401,6401_3,94,17,4.68333333333328,08:29:59,08:39:00,8
6400_3__6401_3,6400,6400_3,6401,6401_3,1080,18,4.883333333333326,08:29:59,08:39:00,8
6400_3__6401_3,6400,6400_3,6401,6401_3,146,19,5.100000000000023,08:29:59,08:39:00,8
6400_3__6401_3,6400,6400_3,6401,6401_3,1089,20,5.2333333333333485,08:29:59,08:39:00,8
6400_3__6401_3,6400,6400_3,6401,6401_3,213,21,4.350000000000023,08:29:59,08:39:00,8
6400_3__6401_3,6400,6400_3,6401,6401_3,3907,22,3.3333333333332575,08:29:59,08:39:00,8
6400_3__6401_3,6400,6400_3,6401,6401_3,949,23,3.349999999999909,08:29:59,08:39:00,8
6400_3__6401_3,6400,6400_3,6401,6401_3,913,24,3.400000000000091,08:29:59,08:39:00,8
6400_3__6401_3,6400,6400_3,6401,6401_3,307,25,3.1666666666666288,08:29:59,08:39:00,8
6400_3__6401_3,6400,6400_3,6401,6401_3,212,26,2.9333333333332803,08:29:59,08:39:00,8
6400_3__6401_3,6400,6400_3,6401,6401_3,2665,27,3.216666666666697,08:29:59,08:39:00,8
6400_3__6401_3,6400,6400_3,6401,6401_3,2736,28,3.216666666666697,08:29:59,08:39:00,8
6400_3__6401_3,6400,6400_3,6401,6401_3,705,29,2.433333333333394,08:29:59,08:39:00,8
6400_3__6401_3,6400,6400_3,6401,6401_3,9979,30,1.8333333333333712,08:29:59,08:39:00,8
6400_3__6401_3,6400,6400_3,6401,6401_3,2492,31,1.4333333333332803,08:29:59,08:39:00,8
6400_3__6401_3,6400,6400_3,6401,6401_3,946,32,2.3999999999999773,08:29:59,08:39:00,8
6400_3__6401_3,6400,6400_3,6401,6401_3,947,33,1.6000000000000227,08:29:59,08:39:00,8
6400_3__6401_3,6400,6400_3,6401,6401_3,327,34,1.900000000000091,08:29:59,08:39:00,8
6400_3__6401_3,6400,6400_3,6401,6401_3,3284,35,1.8166666666667197,08:29:59,08:39:00,8
6400_3__6401_3,6400,6400_3,6401,6401_3,3282,36,1.1000000000000227,08:29:59,08:39:00,8
6400_3__6401_3,6400,6400_3,6401,6401_3,2583,37,2.1499999999999773,08:29:59,08:39:00,8
6400_3__6401_3,6400,6400_3,6401,6401_3,2590,38,1.1166666666666742,08:29:59,08:39:00,8
6400_3__6401_3,6400,6400_3,6401,6401_3,603,39,1.4833333333333485,08:29:59,08:39:00,8
6400_4__6401_4,6400,6400_4,6401,6401_4,3797,1,9.0,11:15:00,11:24:00,11
6400_4__6401_4,6400,6400_4,6401,6401_4,2984,2,8.25,11:15:00,11:24:00,11
6400_4__6401_4,6400,6400_4,6401,6401_4,2685,3,8.0,11:15:00,11:24:00,11
6400_4__6401_4,6400,6400_4,6401,6401_4,3649,4,8.0,11:15:00,11:24:00,11
6400_4__6401_4,6400,6400_4,6401,6401_4,3747,5,9.083333333333371,11:15:00,11:24:00,11
6400_4__6401_4,6400,6400_4,6401,6401_4,482,6,7.649999999999977,11:15:00,11:24:00,11
6400_4__6401_4,6400,6400_4,6401,6401_4,709,7,6.8333333333332575,11:15:00,11:24:00,11
6400_4__6401_4,6400,6400_4,6401,6401_4,1577,8,7.7333333333333485,11:15:00,11:24:00,11
6400_4__6401_4,6400,6400_4,6401,6401_4,990,9,5.900000000000091,11:15:00,11:24:00,11
6400_4__6401_4,6400,6400_4,6401,6401_4,109,10,4.399999999999977,11:15:00,11:24:00,11
6400_4__6401_4,6400,6400_4,6401,6401_4,396,11,3.1166666666666742,11:15:00,11:24:00,11
6400_4__6401_4,6400,6400_4,6401,6401_4,1253,12,3.783333333333303,11:15:00,11:24:00,11
6400_4__6401_4,6400,6400_4,6401,6401_4,1554,13,3.216666666666697,11:15:00,11:24:00,11
6400_4__6401_4,6400,6400_4,6401,6401_4,1099,14,3.1666666666666288,11:15:00,11:24:00,11
6400_4__6401_4,6400,6400_4,6401,6401_4,168,15,4.433333333333394,11:15:00,11:24:00,11
6400_4__6401_4,6400,6400_4,6401,6401_4,929,16,4.666666666666629,11:15:00,11:24:00,11
6400_4__6401_4,6400,6400_4,6401,6401_4,94,17,4.350000000000023,11:15:00,11:24:00,11
6400_4__6401_4,6400,6400_4,6401,6401_4,1080,18,4.866666666666674,11:15:00,11:24:00,11
6400_4__6401_4,6400,6400_4,6401,6401_4,146,19,4.600000000000023,11:15:00,11:24:00,11
6400_4__6401_4,6400,6400_4,6401,6401_4,1089,20,4.649999999999977,11:15:00,11:24:00,11
6400_4__6401_4,6400,6400_4,6401,6401_4,213,21,4.616666666666674,11:15:00,11:24:00,11
6400_4__6401_4,6400,6400_4,6401,6401_4,3907,22,4.766666666666765,11:15:00,11:24:00,11
6400_4__6401_4,6400,6400_4,6401,6401_4,949,23,5.466666666666697,11:15:00,11:24:00,11
6400_4__6401_4,6400,6400_4,6401,6401_4,913,24,6.116666666666674,11:15:00,11:24:00,11
6400_4__6401_4,6400,6400_4,6401,6401_4,307,25,6.333333333333371,11:15:00,11:24:00,11
6400_4__6401_4,6400,6400_4,6401,6401_4,212,26,7.633333333333326,11:15:00,11:24:00,11
6400_4__6401_4,6400,6400_4,6401,6401_4,2665,27,6.616666666666674,11:15:00,11:24:00,11
6400_4__6401_4,6400,6400_4,6401,6401_4,2736,28,5.900000000000091,11:15:00,11:24:00,11
6400_4__6401_4,6400,6400_4,6401,6401_4,705,29,5.7333333333333485,11:15:00,11:24:00,11
6400_4__6401_4,6400,6400_4,6401,6401_4,9979,30,4.599999999999909,11:15:00,11:24:00,11
6400_4__6401_4,6400,6400_4,6401,6401_4,2492,31,4.466666666666697,11:15:00,11:24:00,11
6400_4__6401_4,6400,6400_4,6401,6401_4,946,32,3.783333333333303,11:15:00,11:24:00,11
6400_4__6401_4,6400,6400_4,6401,6401_4,947,33,3.5333333333334167,11:15:00,11:24:00,11
6400_4__6401_4,6400,6400_4,6401,6401_4,327,34,3.0499999999999545,11:15:00,11:24:00,11
6400_4__6401_4,6400,6400_4,6401,6401_4,3284,35,3.183333333333394,11:15:00,11:24:00,11
6400_4__6401_4,6400,6400_4,6401,6401_4,3282,36,3.5166666666666515,11:15:00,11:24:00,11
6400_4__6401_4,6400,6400_4,6401,6401_4,2583,37,3.0,11:15:00,11:24:00,11
6400_4__6401_4,6400,6400_4,6401,6401_4,2590,38,3.050000000000068,11:15:00,11:24:00,11
6400_4__6401_4,6400,6400_4,6401,6401_4,603,39,3.566666666666606,11:15:00,11:24:00,11
6400_7__6407_5,6400,6400_7,6407,6407_5,2984,2,8.950000000000045,16:41:45,16:50:42,16
6400_7__6407_5,6400,6400_7,6407,6407_5,2685,3,8.216666666666583,16:41:45,16:50:42,16
6400_7__6407_5,6400,6400_7,6407,6407_5,3649,4,8.050000000000068,16:41:45,16:50:42,16
6400_7__6407_5,6400,6400_7,6407,6407_5,3747,5,6.899999999999977,16:41:45,16:50:42,16
6400_7__6407_5,6400,6400_7,6407,6407_5,482,6,7.9833333333333485,16:41:45,16:50:42,16
6400_7__6407_5,6400,6400_7,6407,6407_5,709,7,7.7333333333333485,16:41:45,16:50:42,16
6400_7__6407_5,6400,6400_7,6407,6407_5,1577,8,9.633333333333326,16:41:45,16:50:42,16
6400_7__6407_5,6400,6400_7,6407,6407_5,990,9,9.75,16:41:45,16:50:42,16
6400_7__6407_5,6400,6400_7,6407,6407_5,109,10,7.550000000000068,16:41:45,16:50:42,16
6400_7__6407_5,6400,6400_7,6407,6407_5,396,11,7.3333333333332575,16:41:45,16:50:42,16
6400_7__6407_5,6400,6400_7,6407,6407_5,1253,12,8.216666666666697,16:41:45,16:50:42,16
6400_7__6407_5,6400,6400_7,6407,6407_5,1554,13,7.9500000000000455,16:41:45,16:50:42,16
6400_7__6407_5,6400,6400_7,6407,6407_5,1099,14,8.083333333333258,16:41:45,16:50:42,16
6400_7__6407_5,6400,6400_7,6407,6407_5,168,15,8.133333333333212,16:41:45,16:50:42,16
6400_7__6407_5,6400,6400_7,6407,6407_5,929,16,6.2666666666666515,16:41:45,16:50:42,16
6400_7__6407_5,6400,6400_7,6407,6407_5,94,17,5.883333333333212,16:41:45,16:50:42,16
6400_7__6407_5,6400,6400_7,6407,6407_5,1080,18,5.8333333333332575,16:41:45,16:50:42,16
6400_7__6407_5,6400,6400_7,6407,6407_5,146,19,7.116666666666788,16:41:45,16:50:42,16
6400_7__6407_5,6400,6400_7,6407,6407_5,1089,20,6.649999999999864,16:41:45,16:50:42,16
6400_7__6407_5,6400,6400_7,6407,6407_5,213,21,5.0833333333332575,16:41:45,16:50:42,16
6400_7__6407_5,6400,6400_7,6407,6407_5,3907,22,4.9500000000000455,16:41:45,16:50:42,16
6400_7__6407_5,6400,6400_7,6407,6407_5,949,23,4.6666666666667425,16:41:45,16:50:42,16
6400_7__6407_5,6400,6400_7,6407,6407_5,913,24,3.816666666666606,16:41:45,16:50:42,16
6400_7__6407_5,6400,6400_7,6407,6407_5,307,25,5.183333333333394,16:41:45,16:50:42,16
6400_7__6407_5,6400,6400_7,6407,6407_5,946,32,1.7000000000000455,16:41:45,16:50:42,16
6400_7__6407_5,6400,6400_7,6407,6407_5,3282,36,10.25,16:41:45,16:50:42,16
6400_7__6407_5,6400,6400_7,6407,6407_5,2590,38,10.450000000000045,16:41:45,16:50:42,16
6400_7__6407_5,6400,6400_7,6407,6407_5,603,39,9.983333333333348,16:41:45,16:50:42,16
6400_8__6121_5,6400,6400_8,6121,6121_5,3797,1,10.0,19:34:59,19:44:59,19
6400_8__6121_5,6400,6400_8,6121,6121_5,2984,2,8.299999999999955,19:34:59,19:44:59,19
6400_8__6121_5,6400,6400_8,6121,6121_5,2685,3,7.949999999999818,19:34:59,19:44:59,19
6400_8__6121_5,6400,6400_8,6121,6121_5,3649,4,5.366666666666561,19:34:59,19:44:59,19
6400_8__6121_5,6400,6400_8,6121,6121_5,3747,5,4.7333333333333485,19:34:59,19:44:59,19
6400_8__6121_5,6400,6400_8,6121,6121_5,482,6,3.466666666666697,19:34:59,19:44:59,19
6400_8__6121_5,6400,6400_8,6121,6121_5,1577,8,2.0499999999999545,19:34:59,19:44:59,19
6400_8__6121_5,6400,6400_8,6121,6121_5,109,10,2.3666666666665606,19:34:59,19:44:59,19
6400_8__6121_5,6400,6400_8,6121,6121_5,1253,12,1.433333333333394,19:34:59,19:44:59,19
6400_8__6121_5,6400,6400_8,6121,6121_5,1554,13,1.1333333333334394,19:34:59,19:44:59,19
6400_8__6121_5,6400,6400_8,6121,6121_5,1099,14,1.7999999999999545,19:34:59,19:44:59,19
6400_8__6121_5,6400,6400_8,6121,6121_5,168,15,1.383333333333212,19:34:59,19:44:59,19
6400_8__6121_5,6400,6400_8,6121,6121_5,929,16,1.533333333333303,19:34:59,19:44:59,19
6400_8__6121_5,6400,6400_8,6121,6121_5,94,17,2.1666666666667425,19:34:59,19:44:59,19
6400_8__6121_5,6400,6400_8,6121,6121_5,1080,18,1.4833333333333485,19:34:59,19:44:59,19
6401_2__6209_2,6401,6401_2,6209,6209_2,3797,1,8.016666666666652,05:49:59,05:58:00,5
6401_2__6209_2,6401,6401_2,6209,6209_2,2984,2,6.28333333333336,05:49:59,05:58:00,5
6401_2__6209_2,6401,6401_2,6209,6209_2,2685,3,6.666666666666686,05:49:59,05:58:00,5
6401_2__6209_2,6401,6401_2,6209,6209_2,3649,4,5.216666666666697,05:49:59,05:58:00,5
6401_2__6209_2,6401,6401_2,6209,6209_2,3747,5,4.283333333333303,05:49:59,05:58:00,5
6401_2__6209_2,6401,6401_2,6209,6209_2,482,6,4.75,05:49:59,05:58:00,5
6401_2__6209_2,6401,6401_2,6209,6209_2,709,7,5.366666666666617,05:49:59,05:58:00,5
6401_2__6209_2,6401,6401_2,6209,6209_2,1577,8,3.316666666666663,05:49:59,05:58:00,5
6401_2__6209_2,6401,6401_2,6209,6209_2,990,9,3.2333333333333485,05:49:59,05:58:00,5
6401_2__6209_2,6401,6401_2,6209,6209_2,109,10,2.6999999999999886,05:49:59,05:58:00,5
6401_2__6209_2,6401,6401_2,6209,6209_2,396,11,1.5666666666666629,05:49:59,05:58:00,5
6401_2__6209_2,6401,6401_2,6209,6209_2,1253,12,1.5500000000000114,05:49:59,05:58:00,5
6401_2__6209_2,6401,6401_2,6209,6209_2,1554,13,1.3166666666666629,05:49:59,05:58:00,5
6401_2__6209_2,6401,6401_2,6209,6209_2,1099,14,1.400000000000034,05:49:59,05:58:00,5
6401_2__6209_2,6401,6401_2,6209,6209_2,168,15,2.7333333333333485,05:49:59,05:58:00,5
6401_2__6209_2,6401,6401_2,6209,6209_2,929,16,2.316666666666663,05:49:59,05:58:00,5
6401_2__6209_2,6401,6401_2,6209,6209_2,94,17,3.1166666666666742,05:49:59,05:58:00,5
6401_2__6209_2,6401,6401_2,6209,6209_2,1080,18,2.8333333333333144,05:49:59,05:58:00,5
6401_2__6209_2,6401,6401_2,6209,6209_2,146,19,3.5166666666667084,05:49:59,05:58:00,5
6401_2__6209_2,6401,6401_2,6209,6209_2,1089,20,2.816666666666663,05:49:59,05:58:00,5
6401_2__6209_2,6401,6401_2,6209,6209_2,213,21,3.0833333333333144,05:49:59,05:58:00,5
6401_2__6209_2,6401,6401_2,6209,6209_2,3907,22,2.8833333333333258,05:49:59,05:58:00,5
6401_2__6209_2,6401,6401_2,6209,6209_2,949,23,3.8000000000000114,05:49:59,05:58:00,5
6401_2__6209_2,6401,6401_2,6209,6209_2,913,24,1.466666666666697,05:49:59,05:58:00,5
6401_2__6209_2,6401,6401_2,6209,6209_2,307,25,1.1000000000000227,05:49:59,05:58:00,5
6401_2__6209_2,6401,6401_2,6209,6209_2,212,26,1.9666666666666401,05:49:59,05:58:00,5
6401_2__6209_2,6401,6401_2,6209,6209_2,2665,27,1.5833333333333712,05:49:59,05:58:00,5
6401_2__6209_2,6401,6401_2,6209,6209_2,2736,28,2.5166666666666515,05:49:59,05:58:00,5
6401_2__6209_2,6401,6401_2,6209,6209_2,705,29,2.033333333333303,05:49:59,05:58:00,5
6401_2__6209_2,6401,6401_2,6209,6209_2,9979,30,1.6166666666666742,05:49:59,05:58:00,5
6401_2__6209_2,6401,6401_2,6209,6209_2,2492,31,1.6666666666666856,05:49:59,05:58:00,5
6401_2__6209_2,6401,6401_2,6209,6209_2,946,32,2.5500000000000114,05:49:59,05:58:00,5
6401_2__6209_2,6401,6401_2,6209,6209_2,947,33,1.966666666666697,05:49:59,05:58:00,5
6401_2__6209_2,6401,6401_2,6209,6209_2,327,34,2.21666666666664,05:49:59,05:58:00,5
6401_2__6209_2,6401,6401_2,6209,6209_2,3284,35,2.4499999999999886,05:49:59,05:58:00,5
6401_2__6209_2,6401,6401_2,6209,6209_2,3282,36,1.0666666666666629,05:49:59,05:58:00,5
6401_2__6209_2,6401,6401_2,6209,6209_2,2583,37,1.5166666666666515,05:49:59,05:58:00,5
6401_2__6209_2,6401,6401_2,6209,6209_2,2590,38,1.5333333333333599,05:49:59,05:58:00,5
6401_3__6209_3,6401,6401_3,6209,6209_3,3797,1,8.983333333333348,08:39:00,08:47:59,8
6401_3__6209_3,6401,6401_3,6209,6209_3,2984,2,7.883333333333326,08:39:00,08:47:59,8
6401_3__6209_3,6401,6401_3,6209,6209_3,2685,3,8.299999999999955,08:39:00,08:47:59,8
6401_3__6209_3,6401,6401_3,6209,6209_3,3649,4,8.016666666666652,08:39:00,08:47:59,8
6401_3__6209_3,6401,6401_3,6209,6209_3,3747,5,8.200000000000045,08:39:00,08:47:59,8
6401_3__6209_3,6401,6401_3,6209,6209_3,482,6,7.783333333333303,08:39:00,08:47:59,8
6401_3__6209_3,6401,6401_3,6209,6209_3,1577,8,5.383333333333326,08:39:00,08:47:59,8
6401_3__6209_3,6401,6401_3,6209,6209_3,990,9,6.2666666666666515,08:39:00,08:47:59,8
6401_3__6209_3,6401,6401_3,6209,6209_3,109,10,3.6000000000000227,08:39:00,08:47:59,8
6401_3__6209_3,6401,6401_3,6209,6209_3,396,11,2.983333333333235,08:39:00,08:47:59,8
6401_3__6209_3,6401,6401_3,6209,6209_3,1253,12,2.800000000000068,08:39:00,08:47:59,8
6401_3__6209_3,6401,6401_3,6209,6209_3,1554,13,4.083333333333371,08:39:00,08:47:59,8
6401_3__6209_3,6401,6401_3,6209,6209_3,1099,14,2.433333333333394,08:39:00,08:47:59,8
6401_3__6209_3,6401,6401_3,6209,6209_3,168,15,2.9333333333332803,08:39:00,08:47:59,8
6401_3__6209_3,6401,6401_3,6209,6209_3,929,16,5.0,08:39:00,08:47:59,8
6401_3__6209_3,6401,6401_3,6209,6209_3,94,17,4.899999999999977,08:39:00,08:47:59,8
6401_3__6209_3,6401,6401_3,6209,6209_3,1080,18,4.7666666666666515,08:39:00,08:47:59,8
6401_3__6209_3,6401,6401_3,6209,6209_3,146,19,4.4833333333333485,08:39:00,08:47:59,8
6401_3__6209_3,6401,6401_3,6209,6209_3,1089,20,6.416666666666629,08:39:00,08:47:59,8
6401_3__6209_3,6401,6401_3,6209,6209_3,213,21,6.399999999999977,08:39:00,08:47:59,8
6401_3__6209_3,6401,6401_3,6209,6209_3,3907,22,6.399999999999977,08:39:00,08:47:59,8
6401_3__6209_3,6401,6401_3,6209,6209_3,949,23,6.333333333333371,08:39:00,08:47:59,8
6401_3__6209_3,6401,6401_3,6209,6209_3,913,24,6.233333333333235,08:39:00,08:47:59,8
6401_3__6209_3,6401,6401_3,6209,6209_3,307,25,5.833333333333371,08:39:00,08:47:59,8
6401_3__6209_3,6401,6401_3,6209,6209_3,212,26,6.116666666666674,08:39:00,08:47:59,8
6401_3__6209_3,6401,6401_3,6209,6209_3,2665,27,5.816666666666606,08:39:00,08:47:59,8
6401_3__6209_3,6401,6401_3,6209,6209_3,2736,28,5.399999999999977,08:39:00,08:47:59,8
6401_3__6209_3,6401,6401_3,6209,6209_3,705,29,7.533333333333303,08:39:00,08:47:59,8
6401_3__6209_3,6401,6401_3,6209,6209_3,9979,30,8.866666666666674,08:39:00,08:47:59,8
6401_3__6209_3,6401,6401_3,6209,6209_3,2492,31,9.033333333333303,08:39:00,08:47:59,8
6401_3__6209_3,6401,6401_3,6209,6209_3,946,32,6.533333333333303,08:39:00,08:47:59,8
6401_3__6209_3,6401,6401_3,6209,6209_3,947,33,6.216666666666697,08:39:00,08:47:59,8
6401_3__6209_3,6401,6401_3,6209,6209_3,327,34,6.149999999999977,08:39:00,08:47:59,8
6401_3__6209_3,6401,6401_3,6209,6209_3,3284,35,5.716666666666697,08:39:00,08:47:59,8
6401_3__6209_3,6401,6401_3,6209,6209_3,3282,36,5.7333333333333485,08:39:00,08:47:59,8
6401_3__6209_3,6401,6401_3,6209,6209_3,2583,37,4.883333333333326,08:39:00,08:47:59,8
6401_3__6209_3,6401,6401_3,6209,6209_3,2590,38,4.5,08:39:00,08:47:59,8
6401_3__6209_3,6401,6401_3,6209,6209_3,603,39,5.916666666666629,08:39:00,08:47:59,8
6401_4__6209_4,6401,6401_4,6209,6209_4,3797,1,8.983333333333348,11:24:00,11:32:59,11
6401_4__6209_4,6401,6401_4,6209,6209_4,2984,2,9.75,11:24:00,11:32:59,11
6401_4__6209_4,6401,6401_4,6209,6209_4,2685,3,10.066666666666606,11:24:00,11:32:59,11
6401_4__6209_4,6401,6401_4,6209,6209_4,3649,4,11.183333333333394,11:24:00,11:32:59,11
6401_4__6209_4,6401,6401_4,6209,6209_4,3747,5,11.31666666666672,11:24:00,11:32:59,11
6401_4__6209_4,6401,6401_4,6209,6209_4,482,6,11.616666666666674,11:24:00,11:32:59,11
6401_4__6209_4,6401,6401_4,6209,6209_4,709,7,13.083333333333371,11:24:00,11:32:59,11
6401_4__6209_4,6401,6401_4,6209,6209_4,1577,8,12.699999999999932,11:24:00,11:32:59,11
6401_4__6209_4,6401,6401_4,6209,6209_4,990,9,12.75,11:24:00,11:32:59,11
6401_4__6209_4,6401,6401_4,6209,6209_4,109,10,14.18333333333328,11:24:00,11:32:59,11
6401_4__6209_4,6401,6401_4,6209,6209_4,396,11,14.833333333333371,11:24:00,11:32:59,11
6401_4__6209_4,6401,6401_4,6209,6209_4,1253,12,14.850000000000023,11:24:00,11:32:59,11
6401_4__6209_4,6401,6401_4,6209,6209_4,1554,13,15.366666666666674,11:24:00,11:32:59,11
6401_4__6209_4,6401,6401_4,6209,6209_4,1099,14,16.48333333333335,11:24:00,11:32:59,11
6401_4__6209_4,6401,6401_4,6209,6209_4,168,15,15.68333333333328,11:24:00,11:32:59,11
6401_4__6209_4,6401,6401_4,6209,6209_4,929,16,15.633333333333326,11:24:00,11:32:59,11
6401_4__6209_4,6401,6401_4,6209,6209_4,94,17,15.616666666666674,11:24:00,11:32:59,11
6401_4__6209_4,6401,6401_4,6209,6209_4,146,19,19.066666666666606,11:24:00,11:32:59,11
6401_4__6209_4,6401,6401_4,6209,6209_4,1089,20,20.51666666666665,11:24:00,11:32:59,11
6401_4__6209_4,6401,6401_4,6209,6209_4,213,21,22.283333333333417,11:24:00,11:32:59,11
6401_4__6209_4,6401,6401_4,6209,6209_4,3907,22,22.51666666666665,11:24:00,11:32:59,11
6401_4__6209_4,6401,6401_4,6209,6209_4,949,23,21.91666666666663,11:24:00,11:32:59,11
6401_4__6209_4,6401,6401_4,6209,6209_4,913,24,21.199999999999932,11:24:00,11:32:59,11
6401_4__6209_4,6401,6401_4,6209,6209_4,307,25,20.75,11:24:00,11:32:59,11
6401_4__6209_4,6401,6401_4,6209,6209_4,212,26,20.066666666666606,11:24:00,11:32:59,11
6401_4__6209_4,6401,6401_4,6209,6209_4,2736,28,21.76666666666665,11:24:00,11:32:59,11
6401_4__6209_4,6401,6401_4,6209,6209_4,705,29,21.33333333333337,11:24:00,11:32:59,11
6401_4__6209_4,6401,6401_4,6209,6209_4,9979,30,20.65000000000009,11:24:00,11:32:59,11
6401_4__6209_4,6401,6401_4,6209,6209_4,2492,31,21.600000000000023,11:24:00,11:32:59,11
6401_4__6209_4,6401,6401_4,6209,6209_4,946,32,21.75,11:24:00,11:32:59,11
6401_4__6209_4,6401,6401_4,6209,6209_4,947,33,23.966666666666583,11:24:00,11:32:59,11
6401_4__6209_4,6401,6401_4,6209,6209_4,327,34,23.81666666666672,11:24:00,11:32:59,11
6401_4__6209_4,6401,6401_4,6209,6209_4,3284,35,24.649999999999977,11:24:00,11:32:59,11
6401_4__6209_4,6401,6401_4,6209,6209_4,3282,36,25.133333333333326,11:24:00,11:32:59,11
6401_4__6209_4,6401,6401_4,6209,6209_4,2583,37,24.5,11:24:00,11:32:59,11
6401_4__6209_4,6401,6401_4,6209,6209_4,2590,38,25.333333333333258,11:24:00,11:32:59,11
6401_4__6209_4,6401,6401_4,6209,6209_4,603,39,25.0,11:24:00,11:32:59,11
6401_5__6209_5,6401,6401_5,6209,6209_5,2984,2,8.149999999999977,14:12:52,14:21:01,14
6401_5__6209_5,6401,6401_5,6209,6209_5,2685,3,8.899999999999977,14:12:52,14:21:01,14
6401_5__6209_5,6401,6401_5,6209,6209_5,3649,4,8.183333333333394,14:12:52,14:21:01,14
6401_5__6209_5,6401,6401_5,6209,6209_5,3747,5,8.350000000000023,14:12:52,14:21:01,14
6401_5__6209_5,6401,6401_5,6209,6209_5,482,6,7.6666666666667425,14:12:52,14:21:01,14
6401_5__6209_5,6401,6401_5,6209,6209_5,709,7,8.200000000000045,14:12:52,14:21:01,14
6401_5__6209_5,6401,6401_5,6209,6209_5,1577,8,6.7666666666666515,14:12:52,14:21:01,14
6401_5__6209_5,6401,6401_5,6209,6209_5,990,9,6.949999999999932,14:12:52,14:21:01,14
6401_5__6209_5,6401,6401_5,6209,6209_5,109,10,5.9500000000000455,14:12:52,14:21:01,14
6401_5__6209_5,6401,6401_5,6209,6209_5,396,11,5.4833333333333485,14:12:52,14:21:01,14
6401_5__6209_5,6401,6401_5,6209,6209_5,1253,12,6.2333333333333485,14:12:52,14:21:01,14
6401_5__6209_5,6401,6401_5,6209,6209_5,1554,13,6.5,14:12:52,14:21:01,14
6401_5__6209_5,6401,6401_5,6209,6209_5,1099,14,6.633333333333326,14:12:52,14:21:01,14
6401_5__6209_5,6401,6401_5,6209,6209_5,168,15,6.449999999999932,14:12:52,14:21:01,14
6401_5__6209_5,6401,6401_5,6209,6209_5,929,16,6.649999999999977,14:12:52,14:21:01,14
6401_5__6209_5,6401,6401_5,6209,6209_5,94,17,6.966666666666583,14:12:52,14:21:01,14
6401_5__6209_5,6401,6401_5,6209,6209_5,1080,18,8.350000000000023,14:12:52,14:21:01,14
6401_5__6209_5,6401,6401_5,6209,6209_5,146,19,10.016666666666652,14:12:52,14:21:01,14
6401_5__6209_5,6401,6401_5,6209,6209_5,1089,20,9.25,14:12:52,14:21:01,14
6401_5__6209_5,6401,6401_5,6209,6209_5,213,21,9.649999999999977,14:12:52,14:21:01,14
6401_5__6209_5,6401,6401_5,6209,6209_5,3907,22,9.666666666666742,14:12:52,14:21:01,14
6401_5__6209_5,6401,6401_5,6209,6209_5,949,23,9.516666666666652,14:12:52,14:21:01,14
6401_5__6209_5,6401,6401_5,6209,6209_5,913,24,7.783333333333417,14:12:52,14:21:01,14
6401_5__6209_5,6401,6401_5,6209,6209_5,307,25,8.25,14:12:52,14:21:01,14
6401_5__6209_5,6401,6401_5,6209,6209_5,212,26,8.716666666666697,14:12:52,14:21:01,14
6401_5__6209_5,6401,6401_5,6209,6209_5,2736,28,9.06666666666672,14:12:52,14:21:01,14
6401_5__6209_5,6401,6401_5,6209,6209_5,705,29,8.75,14:12:52,14:21:01,14
6401_5__6209_5,6401,6401_5,6209,6209_5,9979,30,8.5,14:12:52,14:21:01,14
6401_5__6209_5,6401,6401_5,6209,6209_5,2492,31,7.866666666666674,14:12:52,14:21:01,14
6401_5__6209_5,6401,6401_5,6209,6209_5,946,32,6.7999999999999545,14:12:52,14:21:01,14
6401_6__6800_5,6401,6401_6,6800,6800_5,3747,5,9.466666666666697,17:14:42,17:24:10,17
6401_6__6800_5,6401,6401_6,6800,6800_5,482,6,9.299999999999955,17:14:42,17:24:10,17
6401_6__6800_5,6401,6401_6,6800,6800_5,709,7,10.049999999999955,17:14:42,17:24:10,17
6401_6__6800_5,6401,6401_6,6800,6800_5,1577,8,9.0,17:14:42,17:24:10,17
6401_6__6800_5,6401,6401_6,6800,6800_5,990,9,9.916666666666515,17:14:42,17:24:10,17
6401_6__6800_5,6401,6401_6,6800,6800_5,109,10,9.316666666666606,17:14:42,17:24:10,17
6401_6__6800_5,6401,6401_6,6800,6800_5,396,11,9.533333333333303,17:14:42,17:24:10,17
6401_6__6800_5,6401,6401_6,6800,6800_5,1253,12,9.783333333333303,17:14:42,17:24:10,17
6401_6__6800_5,6401,6401_6,6800,6800_5,1554,13,9.183333333333394,17:14:42,17:24:10,17
6401_6__6800_5,6401,6401_6,6800,6800_5,1099,14,8.766666666666652,17:14:42,17:24:10,17
6401_6__6800_5,6401,6401_6,6800,6800_5,168,15,9.633333333333212,17:14:42,17:24:10,17
6401_6__6800_5,6401,6401_6,6800,6800_5,929,16,9.400000000000091,17:14:42,17:24:10,17
6401_6__6800_5,6401,6401_6,6800,6800_5,94,17,9.25,17:14:42,17:24:10,17
6401_6__6800_5,6401,6401_6,6800,6800_5,1080,18,9.233333333333348,17:14:42,17:24:10,17
6401_6__6800_5,6401,6401_6,6800,6800_5,146,19,8.200000000000045,17:14:42,17:24:10,17
6401_6__6800_5,6401,6401_6,6800,6800_5,1089,20,7.533333333333303,17:14:42,17:24:10,17
6401_6__6800_5,6401,6401_6,6800,6800_5,213,21,6.2000000000000455,17:14:42,17:24:10,17
6401_6__6800_5,6401,6401_6,6800,6800_5,3907,22,6.78333333333353,17:14:42,17:24:10,17
6401_6__6800_5,6401,6401_6,6800,6800_5,949,23,5.900000000000091,17:14:42,17:24:10,17
6401_6__6800_5,6401,6401_6,6800,6800_5,913,24,5.883333333333212,17:14:42,17:24:10,17
6401_6__6800_5,6401,6401_6,6800,6800_5,307,25,6.433333333333167,17:14:42,17:24:10,17
6401_6__6800_5,6401,6401_6,6800,6800_5,212,26,5.7666666666666515,17:14:42,17:24:10,17
6401_6__6800_5,6401,6401_6,6800,6800_5,2665,27,5.883333333333212,17:14:42,17:24:10,17
6401_6__6800_5,6401,6401_6,6800,6800_5,2736,28,3.916666666666515,17:14:42,17:24:10,17
6401_6__6800_5,6401,6401_6,6800,6800_5,705,29,3.9166666666667425,17:14:42,17:24:10,17
6401_6__6800_5,6401,6401_6,6800,6800_5,9979,30,1.5166666666666515,17:14:42,17:24:10,17
6401_6__6800_5,6401,6401_6,6800,6800_5,2492,31,1.150000000000091,17:14:42,17:24:10,17
6401_6__6800_5,6401,6401_6,6800,6800_5,3284,35,1.150000000000091,17:14:42,17:24:10,17
6401_6__6800_5,6401,6401_6,6800,6800_5,603,39,1.383333333333212,17:14:42,17:24:10,17
6402_1__6400_2,6402,6402_1,6400,6400_2,3797,1,8.0,05:34:00,05:42:00,5
6402_1__6400_2,6402,6402_1,6400,6400_2,2984,2,8.300000000000011,05:34:00,05:42:00,5
6402_1__6400_2,6402,6402_1,6400,6400_2,2685,3,8.666666666666686,05:34:00,05:42:00,5
6402_1__6400_2,6402,6402_1,6400,6400_2,3649,4,8.233333333333348,05:34:00,05:42:00,5
6402_1__6400_2,6402,6402_1,6400,6400_2,3747,5,7.9833333333333485,05:34:00,05:42:00,5
6402_1__6400_2,6402,6402_1,6400,6400_2,482,6,7.9833333333333485,05:34:00,05:42:00,5
6402_1__6400_2,6402,6402_1,6400,6400_2,709,7,8.016666666666652,05:34:00,05:42:00,5
6402_1__6400_2,6402,6402_1,6400,6400_2,1577,8,9.066666666666663,05:34:00,05:42:00,5
6402_1__6400_2,6402,6402_1,6400,6400_2,990,9,8.0,05:34:00,05:42:00,5
6402_1__6400_2,6402,6402_1,6400,6400_2,109,10,7.916666666666686,05:34:00,05:42:00,5
6402_1__6400_2,6402,6402_1,6400,6400_2,396,11,7.81666666666672,05:34:00,05:42:00,5
6402_1__6400_2,6402,6402_1,6400,6400_2,1253,12,7.2666666666666515,05:34:00,05:42:00,5
6402_1__6400_2,6402,6402_1,6400,6400_2,1554,13,8.850000000000023,05:34:00,05:42:00,5
6402_1__6400_2,6402,6402_1,6400,6400_2,1099,14,8.300000000000011,05:34:00,05:42:00,5
6402_1__6400_2,6402,6402_1,6400,6400_2,168,15,9.133333333333326,05:34:00,05:42:00,5
6402_1__6400_2,6402,6402_1,6400,6400_2,929,16,9.683333333333337,05:34:00,05:42:00,5
6402_1__6400_2,6402,6402_1,6400,6400_2,94,17,9.916666666666686,05:34:00,05:42:00,5
6402_1__6400_2,6402,6402_1,6400,6400_2,1080,18,9.083333333333371,05:34:00,05:42:00,5
6402_1__6400_2,6402,6402_1,6400,6400_2,146,19,8.033333333333303,05:34:00,05:42:00,5
6402_1__6400_2,6402,6402_1,6400,6400_2,1089,20,8.066666666666663,05:34:00,05:42:00,5
6402_1__6400_2,6402,6402_1,6400,6400_2,213,21,7.666666666666629,05:34:00,05:42:00,5
6402_1__6400_2,6402,6402_1,6400,6400_2,3907,22,8.050000000000011,05:34:00,05:42:00,5
6402_1__6400_2,6402,6402_1,6400,6400_2,949,23,7.899999999999977,05:34:00,05:42:00,5
6402_1__6400_2,6402,6402_1,6400,6400_2,913,24,6.966666666666697,05:34:00,05:42:00,5
6402_1__6400_2,6402,6402_1,6400,6400_2,307,25,8.0,05:34:00,05:42:00,5
6402_1__6400_2,6402,6402_1,6400,6400_2,212,26,6.816666666666663,05:34:00,05:42:00,5
6402_1__6400_2,6402,6402_1,6400,6400_2,2665,27,7.03333333333336,05:34:00,05:42:00,5
6402_1__6400_2,6402,6402_1,6400,6400_2,2736,28,7.050000000000011,05:34:00,05:42:00,5
6402_1__6400_2,6402,6402_1,6400,6400_2,705,29,6.31666666666672,05:34:00,05:42:00,5
6402_1__6400_2,6402,6402_1,6400,6400_2,9979,30,5.583333333333314,05:34:00,05:42:00,5
6402_1__6400_2,6402,6402_1,6400,6400_2,2492,31,5.066666666666663,05:34:00,05:42:00,5
6402_1__6400_2,6402,6402_1,6400,6400_2,946,32,5.516666666666708,05:34:00,05:42:00,5
6402_1__6400_2,6402,6402_1,6400,6400_2,947,33,6.699999999999989,05:34:00,05:42:00,5
6402_1__6400_2,6402,6402_1,6400,6400_2,327,34,4.133333333333326,05:34:00,05:42:00,5
6402_1__6400_2,6402,6402_1,6400,6400_2,3284,35,4.150000000000034,05:34:00,05:42:00,5
6402_1__6400_2,6402,6402_1,6400,6400_2,3282,36,4.666666666666629,05:34:00,05:42:00,5
6402_1__6400_2,6402,6402_1,6400,6400_2,2583,37,3.5166666666666515,05:34:00,05:42:00,5
6402_1__6400_2,6402,6402_1,6400,6400_2,2590,38,3.0,05:34:00,05:42:00,5
6402_1__6400_2,6402,6402_1,6400,6400_2,603,39,3.183333333333337,05:34:00,05:42:00,5
6402_2__6400_3,6402,6402_2,6400,6400_3,3797,1,9.0,08:20:59,08:29:59,8
6402_2__6400_3,6402,6402_2,6400,6400_3,2984,2,9.833333333333314,08:20:59,08:29:59,8
6402_2__6400_3,6402,6402_2,6400,6400_3,2685,3,8.53333333333336,08:20:59,08:29:59,8
6402_2__6400_3,6402,6402_2,6400,6400_3,3649,4,8.083333333333314,08:20:59,08:29:59,8
6402_2__6400_3,6402,6402_2,6400,6400_3,3747,5,7.433333333333394,08:20:59,08:29:59,8
6402_2__6400_3,6402,6402_2,6400,6400_3,482,6,8.25,08:20:59,08:29:59,8
6402_2__6400_3,6402,6402_2,6400,6400_3,709,7,9.899999999999977,08:20:59,08:29:59,8
6402_2__6400_3,6402,6402_2,6400,6400_3,1577,8,9.416666666666742,08:20:59,08:29:59,8
6402_2__6400_3,6402,6402_2,6400,6400_3,990,9,9.083333333333371,08:20:59,08:29:59,8
6402_2__6400_3,6402,6402_2,6400,6400_3,109,10,10.583333333333371,08:20:59,08:29:59,8
6402_2__6400_3,6402,6402_2,6400,6400_3,396,11,9.633333333333326,08:20:59,08:29:59,8
6402_2__6400_3,6402,6402_2,6400,6400_3,1253,12,9.916666666666629,08:20:59,08:29:59,8
6402_2__6400_3,6402,6402_2,6400,6400_3,1554,13,9.266666666666652,08:20:59,08:29:59,8
6402_2__6400_3,6402,6402_2,6400,6400_3,1099,14,9.483333333333348,08:20:59,08:29:59,8
6402_2__6400_3,6402,6402_2,6400,6400_3,168,15,12.600000000000023,08:20:59,08:29:59,8
6402_2__6400_3,6402,6402_2,6400,6400_3,929,16,13.450000000000045,08:20:59,08:29:59,8
6402_2__6400_3,6402,6402_2,6400,6400_3,94,17,12.416666666666742,08:20:59,08:29:59,8
6402_2__6400_3,6402,6402_2,6400,6400_3,1080,18,12.666666666666629,08:20:59,08:29:59,8
6402_2__6400_3,6402,6402_2,6400,6400_3,146,19,14.216666666666697,08:20:59,08:29:59,8
6402_2__6400_3,6402,6402_2,6400,6400_3,1089,20,12.899999999999977,08:20:59,08:29:59,8
6402_2__6400_3,6402,6402_2,6400,6400_3,213,21,13.0,08:20:59,08:29:59,8
6402_2__6400_3,6402,6402_2,6400,6400_3,3907,22,14.300000000000068,08:20:59,08:29:59,8
6402_2__6400_3,6402,6402_2,6400,6400_3,949,23,14.13333333333344,08:20:59,08:29:59,8
6402_2__6400_3,6402,6402_2,6400,6400_3,913,24,14.066666666666606,08:20:59,08:29:59,8
6402_2__6400_3,6402,6402_2,6400,6400_3,307,25,15.266666666666652,08:20:59,08:29:59,8
6402_2__6400_3,6402,6402_2,6400,6400_3,212,26,13.766666666666652,08:20:59,08:29:59,8
6402_2__6400_3,6402,6402_2,6400,6400_3,2665,27,13.483333333333348,08:20:59,08:29:59,8
6402_2__6400_3,6402,6402_2,6400,6400_3,2736,28,13.833333333333371,08:20:59,08:29:59,8
6402_2__6400_3,6402,6402_2,6400,6400_3,705,29,14.5,08:20:59,08:29:59,8
6402_2__6400_3,6402,6402_2,6400,6400_3,9979,30,14.816666666666606,08:20:59,08:29:59,8
6402_2__6400_3,6402,6402_2,6400,6400_3,2492,31,14.733333333333348,08:20:59,08:29:59,8
6402_2__6400_3,6402,6402_2,6400,6400_3,946,32,15.466666666666697,08:20:59,08:29:59,8
6402_2__6400_3,6402,6402_2,6400,6400_3,947,33,17.033333333333303,08:20:59,08:29:59,8
6402_2__6400_3,6402,6402_2,6400,6400_3,327,34,17.399999999999977,08:20:59,08:29:59,8
6402_2__6400_3,6402,6402_2,6400,6400_3,3284,35,17.049999999999955,08:20:59,08:29:59,8
6402_2__6400_3,6402,6402_2,6400,6400_3,3282,36,17.01666666666665,08:20:59,08:29:59,8
6402_2__6400_3,6402,6402_2,6400,6400_3,2583,37,16.33333333333337,08:20:59,08:29:59,8
6402_2__6400_3,6402,6402_2,6400,6400_3,2590,38,16.08333333333337,08:20:59,08:29:59,8
6402_2__6400_3,6402,6402_2,6400,6400_3,603,39,16.200000000000045,08:20:59,08:29:59,8
6402_3__6400_4,6402,6402_3,6400,6400_4,3797,1,9.0,11:06:00,11:15:00,11
6402_3__6400_4,6402,6402_3,6400,6400_4,2984,2,9.149999999999977,11:06:00,11:15:00,11
6402_3__6400_4,6402,6402_3,6400,6400_4,2685,3,9.033333333333417,11:06:00,11:15:00,11
6402_3__6400_4,6402,6402_3,6400,6400_4,3649,4,9.299999999999955,11:06:00,11:15:00,11
6402_3__6400_4,6402,6402_3,6400,6400_4,3747,5,8.366666666666674,11:06:00,11:15:00,11
6402_3__6400_4,6402,6402_3,6400,6400_4,482,6,9.516666666666652,11:06:00,11:15:00,11
6402_3__6400_4,6402,6402_3,6400,6400_4,709,7,9.716666666666697,11:06:00,11:15:00,11
6402_3__6400_4,6402,6402_3,6400,6400_4,1577,8,8.883333333333326,11:06:00,11:15:00,11
6402_3__6400_4,6402,6402_3,6400,6400_4,990,9,10.333333333333258,11:06:00,11:15:00,11
6402_3__6400_4,6402,6402_3,6400,6400_4,109,10,9.833333333333371,11:06:00,11:15:00,11
6402_3__6400_4,6402,6402_3,6400,6400_4,396,11,11.083333333333258,11:06:00,11:15:00,11
6402_3__6400_4,6402,6402_3,6400,6400_4,1253,12,11.050000000000068,11:06:00,11:15:00,11
6402_3__6400_4,6402,6402_3,6400,6400_4,1554,13,12.68333333333328,11:06:00,11:15:00,11
6402_3__6400_4,6402,6402_3,6400,6400_4,1099,14,12.283333333333303,11:06:00,11:15:00,11
6402_3__6400_4,6402,6402_3,6400,6400_4,168,15,10.816666666666606,11:06:00,11:15:00,11
6402_3__6400_4,6402,6402_3,6400,6400_4,929,16,11.683333333333394,11:06:00,11:15:00,11
6402_3__6400_4,6402,6402_3,6400,6400_4,94,17,11.516666666666652,11:06:00,11:15:00,11
6402_3__6400_4,6402,6402_3,6400,6400_4,1080,18,10.633333333333326,11:06:00,11:15:00,11
6402_3__6400_4,6402,6402_3,6400,6400_4,146,19,9.31666666666672,11:06:00,11:15:00,11
6402_3__6400_4,6402,6402_3,6400,6400_4,1089,20,8.116666666666674,11:06:00,11:15:00,11
6402_3__6400_4,6402,6402_3,6400,6400_4,213,21,8.366666666666674,11:06:00,11:15:00,11
6402_3__6400_4,6402,6402_3,6400,6400_4,3907,22,8.116666666666674,11:06:00,11:15:00,11
6402_3__6400_4,6402,6402_3,6400,6400_4,949,23,8.883333333333326,11:06:00,11:15:00,11
6402_3__6400_4,6402,6402_3,6400,6400_4,913,24,8.383333333333326,11:06:00,11:15:00,11
6402_3__6400_4,6402,6402_3,6400,6400_4,307,25,7.800000000000068,11:06:00,11:15:00,11
6402_3__6400_4,6402,6402_3,6400,6400_4,212,26,7.366666666666674,11:06:00,11:15:00,11
6402_3__6400_4,6402,6402_3,6400,6400_4,2665,27,8.150000000000091,11:06:00,11:15:00,11
6402_3__6400_4,6402,6402_3,6400,6400_4,2736,28,8.533333333333303,11:06:00,11:15:00,11
6402_3__6400_4,6402,6402_3,6400,6400_4,705,29,8.883333333333326,11:06:00,11:15:00,11
6402_3__6400_4,6402,6402_3,6400,6400_4,9979,30,11.583333333333371,11:06:00,11:15:00,11
6402_3__6400_4,6402,6402_3,6400,6400_4,2492,31,10.733333333333235,11:06:00,11:15:00,11
6402_3__6400_4,6402,6402_3,6400,6400_4,946,32,10.266666666666652,11:06:00,11:15:00,11
6402_3__6400_4,6402,6402_3,6400,6400_4,947,33,9.549999999999955,11:06:00,11:15:00,11
6402_3__6400_4,6402,6402_3,6400,6400_4,327,34,10.316666666666606,11:06:00,11:15:00,11
6402_3__6400_4,6402,6402_3,6400,6400_4,3284,35,8.899999999999977,11:06:00,11:15:00,11
6402_3__6400_4,6402,6402_3,6400,6400_4,3282,36,9.733333333333348,11:06:00,11:15:00,11
6402_3__6400_4,6402,6402_3,6400,6400_4,2583,37,10.033333333333417,11:06:00,11:15:00,11
6402_3__6400_4,6402,6402_3,6400,6400_4,2590,38,10.466666666666697,11:06:00,11:15:00,11
6402_3__6400_4,6402,6402_3,6400,6400_4,603,39,9.733333333333348,11:06:00,11:15:00,11
6402_4__6121_3,6402,6402_4,6121,6121_3,2984,2,12.616666666666674,13:50:00,14:02:37,13
6402_4__6121_3,6402,6402_4,6121,6121_3,2685,3,12.600000000000023,13:50:00,14:02:37,13
6402_4__6121_3,6402,6402_4,6121,6121_3,3649,4,13.100000000000023,13:50:00,14:02:37,13
6402_4__6121_3,6402,6402_4,6121,6121_3,3747,5,12.983333333333348,13:50:00,14:02:37,13
6402_4__6121_3,6402,6402_4,6121,6121_3,482,6,12.633333333333326,13:50:00,14:02:37,13
6402_4__6121_3,6402,6402_4,6121,6121_3,709,7,12.416666666666742,13:50:00,14:02:37,13
6402_4__6121_3,6402,6402_4,6121,6121_3,1577,8,13.81666666666672,13:50:00,14:02:37,13
6402_4__6121_3,6402,6402_4,6121,6121_3,990,9,12.633333333333326,13:50:00,14:02:37,13
6402_4__6121_3,6402,6402_4,6121,6121_3,109,10,13.799999999999955,13:50:00,14:02:37,13
6402_4__6121_3,6402,6402_4,6121,6121_3,396,11,13.033333333333303,13:50:00,14:02:37,13
6402_4__6121_3,6402,6402_4,6121,6121_3,1253,12,13.083333333333371,13:50:00,14:02:37,13
6402_4__6121_3,6402,6402_4,6121,6121_3,1554,13,11.466666666666697,13:50:00,14:02:37,13
6402_4__6121_3,6402,6402_4,6121,6121_3,1099,14,11.466666666666583,13:50:00,14:02:37,13
6402_4__6121_3,6402,6402_4,6121,6121_3,168,15,9.75,13:50:00,14:02:37,13
6402_4__6121_3,6402,6402_4,6121,6121_3,929,16,9.899999999999977,13:50:00,14:02:37,13
6402_4__6121_3,6402,6402_4,6121,6121_3,94,17,9.61666666666656,13:50:00,14:02:37,13
6402_4__6121_3,6402,6402_4,6121,6121_3,1080,18,9.850000000000023,13:50:00,14:02:37,13
6402_4__6121_3,6402,6402_4,6121,6121_3,146,19,10.316666666666606,13:50:00,14:02:37,13
6402_4__6121_3,6402,6402_4,6121,6121_3,1089,20,9.983333333333348,13:50:00,14:02:37,13
6402_4__6121_3,6402,6402_4,6121,6121_3,213,21,9.516666666666652,13:50:00,14:02:37,13
6402_4__6121_3,6402,6402_4,6121,6121_3,3907,22,9.899999999999977,13:50:00,14:02:37,13
6402_4__6121_3,6402,6402_4,6121,6121_3,949,23,9.466666666666697,13:50:00,14:02:37,13
6402_4__6121_3,6402,6402_4,6121,6121_3,913,24,9.550000000000068,13:50:00,14:02:37,13
6402_4__6121_3,6402,6402_4,6121,6121_3,307,25,9.233333333333348,13:50:00,14:02:37,13
6402_4__6121_3,6402,6402_4,6121,6121_3,212,26,9.150000000000091,13:50:00,14:02:37,13
6402_4__6121_3,6402,6402_4,6121,6121_3,2665,27,9.033333333333303,13:50:00,14:02:37,13
6402_4__6121_3,6402,6402_4,6121,6121_3,2736,28,7.883333333333326,13:50:00,14:02:37,13
6402_4__6121_3,6402,6402_4,6121,6121_3,705,29,8.733333333333235,13:50:00,14:02:37,13
6402_4__6121_3,6402,6402_4,6121,6121_3,9979,30,8.883333333333326,13:50:00,14:02:37,13
6402_4__6121_3,6402,6402_4,6121,6121_3,2492,31,9.233333333333348,13:50:00,14:02:37,13
6402_4__6121_3,6402,6402_4,6121,6121_3,946,32,9.099999999999909,13:50:00,14:02:37,13
6402_4__6121_3,6402,6402_4,6121,6121_3,947,33,9.849999999999909,13:50:00,14:02:37,13
6402_4__6121_3,6402,6402_4,6121,6121_3,603,39,11.483333333333348,13:50:00,14:02:37,13
6402_6__6400_8,6402,6402_6,6400,6400_8,3797,1,10.5,19:24:29,19:34:59,19
6402_6__6400_8,6402,6402_6,6400,6400_8,2984,2,12.516666666666652,19:24:29,19:34:59,19
6402_6__6400_8,6402,6402_6,6400,6400_8,2685,3,13.166666666666742,19:24:29,19:34:59,19
6402_6__6400_8,6402,6402_6,6400,6400_8,3649,4,14.450000000000045,19:24:29,19:34:59,19
6402_6__6400_8,6402,6402_6,6400,6400_8,3747,5,15.566666666666606,19:24:29,19:34:59,19
6402_6__6400_8,6402,6402_6,6400,6400_8,482,6,16.916666666666515,19:24:29,19:34:59,19
6402_6__6400_8,6402,6402_6,6400,6400_8,709,7,18.133333333333212,19:24:29,19:34:59,19
6402_6__6400_8,6402,6402_6,6400,6400_8,1577,8,18.283333333333303,19:24:29,19:34:59,19
6402_6__6400_8,6402,6402_6,6400,6400_8,109,10,18.083333333333485,19:24:29,19:34:59,19
6402_6__6400_8,6402,6402_6,6400,6400_8,396,11,19.283333333333303,19:24:29,19:34:59,19
6402_6__6400_8,6402,6402_6,6400,6400_8,1253,12,19.066666666666606,19:24:29,19:34:59,19
6402_6__6400_8,6402,6402_6,6400,6400_8,1554,13,19.666666666666742,19:24:29,19:34:59,19
6402_6__6400_8,6402,6402_6,6400,6400_8,1099,14,19.5,19:24:29,19:34:59,19
6402_6__6400_8,6402,6402_6,6400,6400_8,168,15,18.25,19:24:29,19:34:59,19
6402_6__6400_8,6402,6402_6,6400,6400_8,929,16,17.683333333333394,19:24:29,19:34:59,19
6402_6__6400_8,6402,6402_6,6400,6400_8,94,17,16.90000000000009,19:24:29,19:34:59,19
6402_6__6400_8,6402,6402_6,6400,6400_8,1080,18,17.59999999999991,19:24:29,19:34:59,19
6402_6__6400_8,6402,6402_6,6400,6400_8,146,19,18.0,19:24:29,19:34:59,19
6402_6__6400_8,6402,6402_6,6400,6400_8,1089,20,16.98333333333335,19:24:29,19:34:59,19
6402_6__6400_8,6402,6402_6,6400,6400_8,213,21,16.383333333333212,19:24:29,19:34:59,19
6402_6__6400_8,6402,6402_6,6400,6400_8,913,24,17.833333333333258,19:24:29,19:34:59,19
6402_6__6400_8,6402,6402_6,6400,6400_8,307,25,18.46666666666647,19:24:29,19:34:59,19
6402_6__6400_8,6402,6402_6,6400,6400_8,212,26,18.149999999999864,19:24:29,19:34:59,19
6402_6__6400_8,6402,6402_6,6400,6400_8,2665,27,18.616666666666788,19:24:29,19:34:59,19
6402_6__6400_8,6402,6402_6,6400,6400_8,2736,28,19.01666666666665,19:24:29,19:34:59,19
6402_6__6400_8,6402,6402_6,6400,6400_8,705,29,19.916666666666742,19:24:29,19:34:59,19
6402_6__6400_8,6402,6402_6,6400,6400_8,9979,30,20.083333333333485,19:24:29,19:34:59,19
6402_6__6400_8,6402,6402_6,6400,6400_8,2492,31,20.28333333333353,19:24:29,19:34:59,19
6402_6__6400_8,6402,6402_6,6400,6400_8,946,32,20.966666666666697,19:24:29,19:34:59,19
6402_6__6400_8,6402,6402_6,6400,6400_8,947,33,19.61666666666656,19:24:29,19:34:59,19
6403_1__6211_3,6403,6403_1,6211,6211_3,3797,1,8.0,06:06:00,06:14:00,6
6403_1__6211_3,6403,6403_1,6211,6211_3,2984,2,7.066666666666663,06:06:00,06:14:00,6
6403_1__6211_3,6403,6403_1,6211,6211_3,2685,3,7.5166666666666515,06:06:00,06:14:00,6
6403_1__6211_3,6403,6403_1,6211,6211_3,3649,4,6.4833333333333485,06:06:00,06:14:00,6
6403_1__6211_3,6403,6403_1,6211,6211_3,3747,5,5.699999999999989,06:06:00,06:14:00,6
6403_1__6211_3,6403,6403_1,6211,6211_3,482,6,6.516666666666708,06:06:00,06:14:00,6
6403_1__6211_3,6403,6403_1,6211,6211_3,709,7,5.78333333333336,06:06:00,06:14:00,6
6403_1__6211_3,6403,6403_1,6211,6211_3,1577,8,7.866666666666674,06:06:00,06:14:00,6
6403_1__6211_3,6403,6403_1,6211,6211_3,990,9,8.866666666666674,06:06:00,06:14:00,6
6403_1__6211_3,6403,6403_1,6211,6211_3,109,10,7.933333333333337,06:06:00,06:14:00,6
6403_1__6211_3,6403,6403_1,6211,6211_3,396,11,7.699999999999989,06:06:00,06:14:00,6
6403_1__6211_3,6403,6403_1,6211,6211_3,1253,12,8.316666666666663,06:06:00,06:14:00,6
6403_1__6211_3,6403,6403_1,6211,6211_3,1554,13,8.133333333333326,06:06:00,06:14:00,6
6403_1__6211_3,6403,6403_1,6211,6211_3,1099,14,7.883333333333326,06:06:00,06:14:00,6
6403_1__6211_3,6403,6403_1,6211,6211_3,168,15,6.316666666666663,06:06:00,06:14:00,6
6403_1__6211_3,6403,6403_1,6211,6211_3,94,17,6.583333333333371,06:06:00,06:14:00,6
6403_1__6211_3,6403,6403_1,6211,6211_3,1080,18,6.666666666666629,06:06:00,06:14:00,6
6403_1__6211_3,6403,6403_1,6211,6211_3,146,19,7.25,06:06:00,06:14:00,6
6403_1__6211_3,6403,6403_1,6211,6211_3,1089,20,7.96666666666664,06:06:00,06:14:00,6
6403_1__6211_3,6403,6403_1,6211,6211_3,213,21,8.433333333333337,06:06:00,06:14:00,6
6403_1__6211_3,6403,6403_1,6211,6211_3,3907,22,7.7666666666666515,06:06:00,06:14:00,6
6403_1__6211_3,6403,6403_1,6211,6211_3,949,23,7.766666666666708,06:06:00,06:14:00,6
6403_1__6211_3,6403,6403_1,6211,6211_3,913,24,7.066666666666663,06:06:00,06:14:00,6
6403_1__6211_3,6403,6403_1,6211,6211_3,307,25,6.899999999999977,06:06:00,06:14:00,6
6403_1__6211_3,6403,6403_1,6211,6211_3,212,26,7.366666666666674,06:06:00,06:14:00,6
6403_1__6211_3,6403,6403_1,6211,6211_3,2665,27,6.166666666666686,06:06:00,06:14:00,6
6403_1__6211_3,6403,6403_1,6211,6211_3,2736,28,6.233333333333292,06:06:00,06:14:00,6
6403_1__6211_3,6403,6403_1,6211,6211_3,705,29,5.5,06:06:00,06:14:00,6
6403_1__6211_3,6403,6403_1,6211,6211_3,9979,30,5.100000000000023,06:06:00,06:14:00,6
6403_1__6211_3,6403,6403_1,6211,6211_3,2492,31,5.0,06:06:00,06:14:00,6
6403_1__6211_3,6403,6403_1,6211,6211_3,946,32,5.383333333333326,06:06:00,06:14:00,6
6403_1__6211_3,6403,6403_1,6211,6211_3,947,33,3.75,06:06:00,06:14:00,6
6403_1__6211_3,6403,6403_1,6211,6211_3,327,34,3.033333333333303,06:06:00,06:14:00,6
6403_1__6211_3,6403,6403_1,6211,6211_3,603,39,1.0666666666666629,06:06:00,06:14:00,6
6403_3__6211_5,6403,6403_3,6211,6211_5,3797,1,8.016666666666652,11:40:59,11:49:00,11
6403_3__6211_5,6403,6403_3,6211,6211_5,2984,2,8.050000000000068,11:40:59,11:49:00,11
6403_3__6211_5,6403,6403_3,6211,6211_5,2685,3,7.416666666666629,11:40:59,11:49:00,11
6403_3__6211_5,6403,6403_3,6211,6211_5,3649,4,6.933333333333394,11:40:59,11:49:00,11
6403_3__6211_5,6403,6403_3,6211,6211_5,482,6,7.183333333333394,11:40:59,11:49:00,11
6403_3__6211_5,6403,6403_3,6211,6211_5,709,7,5.2333333333333485,11:40:59,11:49:00,11
6403_3__6211_5,6403,6403_3,6211,6211_5,1577,8,5.616666666666674,11:40:59,11:49:00,11
6403_3__6211_5,6403,6403_3,6211,6211_5,990,9,4.816666666666606,11:40:59,11:49:00,11
6403_3__6211_5,6403,6403_3,6211,6211_5,109,10,4.199999999999932,11:40:59,11:49:00,11
6403_3__6211_5,6403,6403_3,6211,6211_5,396,11,3.8166666666667197,11:40:59,11:49:00,11
6403_3__6211_5,6403,6403_3,6211,6211_5,1253,12,4.2333333333333485,11:40:59,11:49:00,11
6403_3__6211_5,6403,6403_3,6211,6211_5,1554,13,5.883333333333326,11:40:59,11:49:00,11
6403_3__6211_5,6403,6403_3,6211,6211_5,1099,14,6.149999999999977,11:40:59,11:49:00,11
6403_3__6211_5,6403,6403_3,6211,6211_5,168,15,5.649999999999977,11:40:59,11:49:00,11
6403_3__6211_5,6403,6403_3,6211,6211_5,929,16,4.93333333333328,11:40:59,11:49:00,11
6403_3__6211_5,6403,6403_3,6211,6211_5,94,17,5.9500000000000455,11:40:59,11:49:00,11
6403_3__6211_5,6403,6403_3,6211,6211_5,1080,18,4.7666666666666515,11:40:59,11:49:00,11
6403_3__6211_5,6403,6403_3,6211,6211_5,213,21,3.0833333333332575,11:40:59,11:49:00,11
6403_3__6211_5,6403,6403_3,6211,6211_5,3907,22,3.5,11:40:59,11:49:00,11
6403_3__6211_5,6403,6403_3,6211,6211_5,949,23,3.2666666666666515,11:40:59,11:49:00,11
6403_3__6211_5,6403,6403_3,6211,6211_5,913,24,3.3999999999999773,11:40:59,11:49:00,11
6403_3__6211_5,6403,6403_3,6211,6211_5,2665,27,1.7833333333334167,11:40:59,11:49:00,11
6403_3__6211_5,6403,6403_3,6211,6211_5,2736,28,2.050000000000068,11:40:59,11:49:00,11
6403_3__6211_5,6403,6403_3,6211,6211_5,705,29,1.2166666666665833,11:40:59,11:49:00,11
6403_3__6211_5,6403,6403_3,6211,6211_5,9979,30,1.5166666666666515,11:40:59,11:49:00,11
6403_3__6211_5,6403,6403_3,6211,6211_5,2492,31,1.283333333333303,11:40:59,11:49:00,11
6403_3__6211_5,6403,6403_3,6211,6211_5,946,32,1.25,11:40:59,11:49:00,11
6403_3__6211_5,6403,6403_3,6211,6211_5,947,33,1.8000000000000682,11:40:59,11:49:00,11
6403_4__6211_6,6403,6403_4,6211,6211_6,2984,2,7.0,14:30:44,14:37:44,14
6403_4__6211_6,6403,6403_4,6211,6211_6,2685,3,7.433333333333394,14:30:44,14:37:44,14
6403_4__6211_6,6403,6403_4,6211,6211_6,3649,4,7.716666666666697,14:30:44,14:37:44,14
6403_4__6211_6,6403,6403_4,6211,6211_6,3747,5,5.633333333333326,14:30:44,14:37:44,14
6403_4__6211_6,6403,6403_4,6211,6211_6,482,6,6.366666666666674,14:30:44,14:37:44,14
6403_4__6211_6,6403,6403_4,6211,6211_6,709,7,5.93333333333328,14:30:44,14:37:44,14
6403_4__6211_6,6403,6403_4,6211,6211_6,1577,8,4.600000000000023,14:30:44,14:37:44,14
6403_4__6211_6,6403,6403_4,6211,6211_6,990,9,4.8333333333332575,14:30:44,14:37:44,14
6403_4__6211_6,6403,6403_4,6211,6211_6,109,10,4.866666666666674,14:30:44,14:37:44,14
6403_4__6211_6,6403,6403_4,6211,6211_6,396,11,3.533333333333303,14:30:44,14:37:44,14
6403_4__6211_6,6403,6403_4,6211,6211_6,1253,12,3.5,14:30:44,14:37:44,14
6403_4__6211_6,6403,6403_4,6211,6211_6,1554,13,3.5833333333332575,14:30:44,14:37:44,14
6403_4__6211_6,6403,6403_4,6211,6211_6,1099,14,3.4500000000000455,14:30:44,14:37:44,14
6403_4__6211_6,6403,6403_4,6211,6211_6,168,15,3.9666666666665833,14:30:44,14:37:44,14
6403_4__6211_6,6403,6403_4,6211,6211_6,929,16,3.2000000000000455,14:30:44,14:37:44,14
6403_4__6211_6,6403,6403_4,6211,6211_6,94,17,4.199999999999932,14:30:44,14:37:44,14
6403_4__6211_6,6403,6403_4,6211,6211_6,1080,18,4.0833333333332575,14:30:44,14:37:44,14
6403_4__6211_6,6403,6403_4,6211,6211_6,146,19,5.266666666666765,14:30:44,14:37:44,14
6403_4__6211_6,6403,6403_4,6211,6211_6,1089,20,4.316666666666606,14:30:44,14:37:44,14
6403_4__6211_6,6403,6403_4,6211,6211_6,213,21,4.7666666666666515,14:30:44,14:37:44,14
6403_4__6211_6,6403,6403_4,6211,6211_6,3907,22,6.283333333333303,14:30:44,14:37:44,14
6403_4__6211_6,6403,6403_4,6211,6211_6,949,23,6.083333333333371,14:30:44,14:37:44,14
6403_4__6211_6,6403,6403_4,6211,6211_6,913,24,5.899999999999977,14:30:44,14:37:44,14
6403_4__6211_6,6403,6403_4,6211,6211_6,307,25,5.883333333333326,14:30:44,14:37:44,14
6403_4__6211_6,6403,6403_4,6211,6211_6,2665,27,6.300000000000068,14:30:44,14:37:44,14
6403_4__6211_6,6403,6403_4,6211,6211_6,2736,28,5.4833333333333485,14:30:44,14:37:44,14
6403_4__6211_6,6403,6403_4,6211,6211_6,705,29,6.466666666666697,14:30:44,14:37:44,14
6403_4__6211_6,6403,6403_4,6211,6211_6,9979,30,6.949999999999932,14:30:44,14:37:44,14
6403_4__6211_6,6403,6403_4,6211,6211_6,2492,31,7.5166666666666515,14:30:44,14:37:44,14
6403_4__6211_6,6403,6403_4,6211,6211_6,946,32,7.316666666666606,14:30:44,14:37:44,14
6403_4__6211_6,6403,6403_4,6211,6211_6,947,33,8.5,14:30:44,14:37:44,14
6403_4__6211_6,6403,6403_4,6211,6211_6,327,34,7.566666666666606,14:30:44,14:37:44,14
6403_4__6211_6,6403,6403_4,6211,6211_6,2583,37,10.050000000000068,14:30:44,14:37:44,14
6403_4__6211_6,6403,6403_4,6211,6211_6,2590,38,9.850000000000023,14:30:44,14:37:44,14
6403_4__6211_6,6403,6403_4,6211,6211_6,603,39,8.733333333333235,14:30:44,14:37:44,14
6403_5__6211_7,6403,6403_5,6211,6211_7,2984,2,8.36666666666656,17:24:28,17:32:50,17
6403_5__6211_7,6403,6403_5,6211,6211_7,2685,3,8.416666666666515,17:24:28,17:32:50,17
6403_5__6211_7,6403,6403_5,6211,6211_7,3649,4,8.199999999999818,17:24:28,17:32:50,17
6403_5__6211_7,6403,6403_5,6211,6211_7,3747,5,8.733333333333348,17:24:28,17:32:50,17
6403_5__6211_7,6403,6403_5,6211,6211_7,482,6,7.7333333333333485,17:24:28,17:32:50,17
6403_5__6211_7,6403,6403_5,6211,6211_7,709,7,7.633333333333439,17:24:28,17:32:50,17
6403_5__6211_7,6403,6403_5,6211,6211_7,1577,8,11.100000000000136,17:24:28,17:32:50,17
6403_5__6211_7,6403,6403_5,6211,6211_7,990,9,10.483333333333348,17:24:28,17:32:50,17
6403_5__6211_7,6403,6403_5,6211,6211_7,109,10,9.599999999999909,17:24:28,17:32:50,17
6403_5__6211_7,6403,6403_5,6211,6211_7,396,11,8.950000000000045,17:24:28,17:32:50,17
6403_5__6211_7,6403,6403_5,6211,6211_7,1253,12,9.433333333333394,17:24:28,17:32:50,17
6403_5__6211_7,6403,6403_5,6211,6211_7,1554,13,9.316666666666606,17:24:28,17:32:50,17
6403_5__6211_7,6403,6403_5,6211,6211_7,1099,14,9.233333333333348,17:24:28,17:32:50,17
6403_5__6211_7,6403,6403_5,6211,6211_7,168,15,9.983333333333121,17:24:28,17:32:50,17
6403_5__6211_7,6403,6403_5,6211,6211_7,929,16,8.61666666666656,17:24:28,17:32:50,17
6403_5__6211_7,6403,6403_5,6211,6211_7,94,17,9.566666666666606,17:24:28,17:32:50,17
6403_5__6211_7,6403,6403_5,6211,6211_7,1080,18,7.266666666666879,17:24:28,17:32:50,17
6403_5__6211_7,6403,6403_5,6211,6211_7,146,19,6.9833333333333485,17:24:28,17:32:50,17
6403_5__6211_7,6403,6403_5,6211,6211_7,1089,20,7.599999999999909,17:24:28,17:32:50,17
6403_5__6211_7,6403,6403_5,6211,6211_7,213,21,5.916666666666515,17:24:28,17:32:50,17
6403_5__6211_7,6403,6403_5,6211,6211_7,3907,22,6.333333333333485,17:24:28,17:32:50,17
6403_5__6211_7,6403,6403_5,6211,6211_7,949,23,6.116666666666561,17:24:28,17:32:50,17
6403_5__6211_7,6403,6403_5,6211,6211_7,913,24,6.316666666666606,17:24:28,17:32:50,17
6403_5__6211_7,6403,6403_5,6211,6211_7,307,25,5.9500000000000455,17:24:28,17:32:50,17
6403_5__6211_7,6403,6403_5,6211,6211_7,212,26,6.616666666666561,17:24:28,17:32:50,17
6403_5__6211_7,6403,6403_5,6211,6211_7,2665,27,6.1666666666667425,17:24:28,17:32:50,17
6403_5__6211_7,6403,6403_5,6211,6211_7,2736,28,6.116666666666788,17:24:28,17:32:50,17
6403_5__6211_7,6403,6403_5,6211,6211_7,705,29,7.53333333333353,17:24:28,17:32:50,17
6403_5__6211_7,6403,6403_5,6211,6211_7,9979,30,7.283333333333303,17:24:28,17:32:50,17
6403_5__6211_7,6403,6403_5,6211,6211_7,2492,31,7.316666666666606,17:24:28,17:32:50,17
6403_5__6211_7,6403,6403_5,6211,6211_7,946,32,9.700000000000045,17:24:28,17:32:50,17
6403_5__6211_7,6403,6403_5,6211,6211_7,947,33,10.083333333333485,17:24:28,17:32:50,17
6403_5__6211_7,6403,6403_5,6211,6211_7,327,34,9.666666666666515,17:24:28,17:32:50,17
6403_5__6211_7,6403,6403_5,6211,6211_7,3284,35,9.566666666666833,17:24:28,17:32:50,17
6403_5__6211_7,6403,6403_5,6211,6211_7,3282,36,9.600000000000136,17:24:28,17:32:50,17
6403_5__6211_7,6403,6403_5,6211,6211_7,2583,37,8.283333333333303,17:24:28,17:32:50,17
6403_5__6211_7,6403,6403_5,6211,6211_7,2590,38,6.7000000000000455,17:24:28,17:32:50,17
6403_5__6211_7,6403,6403_5,6211,6211_7,603,39,8.733333333333348,17:24:28,17:32:50,17
6406_1__6408_1,6406,6406_1,6408,6408_1,2685,3,8.083333333333343,03:58:36,04:06:41,3
6406_1__6408_1,6406,6406_1,6408,6408_1,3649,4,8.01666666666668,03:58:36,04:06:41,3
6406_1__6408_1,6406,6406_1,6408,6408_1,3747,5,6.666666666666686,03:58:36,04:06:41,3
6406_1__6408_1,6406,6406_1,6408,6408_1,482,6,6.566666666666663,03:58:36,04:06:41,3
6406_1__6408_1,6406,6406_1,6408,6408_1,709,7,7.883333333333326,03:58:36,04:06:41,3
6406_1__6408_1,6406,6406_1,6408,6408_1,1577,8,6.966666666666669,03:58:36,04:06:41,3
6406_1__6408_1,6406,6406_1,6408,6408_1,990,9,7.716666666666669,03:58:36,04:06:41,3
6406_1__6408_1,6406,6406_1,6408,6408_1,109,10,7.299999999999983,03:58:36,04:06:41,3
6406_1__6408_1,6406,6406_1,6408,6408_1,396,11,5.750000000000028,03:58:36,04:06:41,3
6406_1__6408_1,6406,6406_1,6408,6408_1,1253,12,4.566666666666663,03:58:36,04:06:41,3
6406_1__6408_1,6406,6406_1,6408,6408_1,1554,13,4.533333333333331,03:58:36,04:06:41,3
6406_1__6408_1,6406,6406_1,6408,6408_1,1099,14,4.866666666666674,03:58:36,04:06:41,3
6406_1__6408_1,6406,6406_1,6408,6408_1,168,15,4.4833333333333485,03:58:36,04:06:41,3
6406_1__6408_1,6406,6406_1,6408,6408_1,929,16,3.4833333333333485,03:58:36,04:06:41,3
6406_1__6408_1,6406,6406_1,6408,6408_1,94,17,2.6999999999999886,03:58:36,04:06:41,3
6406_1__6408_1,6406,6406_1,6408,6408_1,1080,18,2.9833333333333485,03:58:36,04:06:41,3
6406_1__6408_1,6406,6406_1,6408,6408_1,146,19,3.0833333333333712,03:58:36,04:06:41,3
6406_1__6408_1,6406,6406_1,6408,6408_1,1089,20,2.7666666666666515,03:58:36,04:06:41,3
6406_1__6408_1,6406,6406_1,6408,6408_1,3907,22,1.6833333333333371,03:58:36,04:06:41,3
6406_1__6408_1,6406,6406_1,6408,6408_1,949,23,1.8999999999999773,03:58:36,04:06:41,3
6406_1__6408_1,6406,6406_1,6408,6408_1,913,24,1.7333333333332916,03:58:36,04:06:41,3
6406_1__6408_1,6406,6406_1,6408,6408_1,307,25,1.650000000000034,03:58:36,04:06:41,3
6406_1__6408_1,6406,6406_1,6408,6408_1,212,26,1.7000000000000455,03:58:36,04:06:41,3
6406_1__6408_1,6406,6406_1,6408,6408_1,2665,27,1.4666666666666401,03:58:36,04:06:41,3
6406_1__6408_1,6406,6406_1,6408,6408_1,2736,28,1.8666666666666742,03:58:36,04:06:41,3
6406_1__6408_1,6406,6406_1,6408,6408_1,705,29,2.0833333333333712,03:58:36,04:06:41,3
6406_2__6024_1,6406,6406_2,6024,6024_1,3797,1,8.0,06:31:00,06:39:00,6
6406_2__6024_1,6406,6406_2,6024,6024_1,2984,2,7.883333333333326,06:31:00,06:39:00,6
6406_2__6024_1,6406,6406_2,6024,6024_1,2685,3,8.03333333333336,06:31:00,06:39:00,6
6406_2__6024_1,6406,6406_2,6024,6024_1,3649,4,6.7999999999999545,06:31:00,06:39:00,6
6406_2__6024_1,6406,6406_2,6024,6024_1,3747,5,6.2999999999999545,06:31:00,06:39:00,6
6406_2__6024_1,6406,6406_2,6024,6024_1,482,6,5.7999999999999545,06:31:00,06:39:00,6
6406_2__6024_1,6406,6406_2,6024,6024_1,709,7,6.599999999999966,06:31:00,06:39:00,6
6406_2__6024_1,6406,6406_2,6024,6024_1,1577,8,5.53333333333336,06:31:00,06:39:00,6
6406_2__6024_1,6406,6406_2,6024,6024_1,990,9,5.9833333333333485,06:31:00,06:39:00,6
6406_2__6024_1,6406,6406_2,6024,6024_1,109,10,5.683333333333337,06:31:00,06:39:00,6
6406_2__6024_1,6406,6406_2,6024,6024_1,396,11,6.316666666666663,06:31:00,06:39:00,6
6406_2__6024_1,6406,6406_2,6024,6024_1,1253,12,6.199999999999989,06:31:00,06:39:00,6
6406_2__6024_1,6406,6406_2,6024,6024_1,1554,13,6.300000000000011,06:31:00,06:39:00,6
6406_2__6024_1,6406,6406_2,6024,6024_1,1099,14,6.300000000000011,06:31:00,06:39:00,6
6406_2__6024_1,6406,6406_2,6024,6024_1,168,15,6.633333333333326,06:31:00,06:39:00,6
6406_2__6024_1,6406,6406_2,6024,6024_1,929,16,5.916666666666686,06:31:00,06:39:00,6
6406_2__6024_1,6406,6406_2,6024,6024_1,94,17,6.650000000000034,06:31:00,06:39:00,6
6406_2__6024_1,6406,6406_2,6024,6024_1,1080,18,7.5166666666666515,06:31:00,06:39:00,6
6406_2__6024_1,6406,6406_2,6024,6024_1,146,19,7.699999999999989,06:31:00,06:39:00,6
6406_2__6024_1,6406,6406_2,6024,6024_1,1089,20,6.183333333333337,06:31:00,06:39:00,6
6406_2__6024_1,6406,6406_2,6024,6024_1,213,21,6.483333333333292,06:31:00,06:39:00,6
6406_2__6024_1,6406,6406_2,6024,6024_1,3907,22,4.883333333333326,06:31:00,06:39:00,6
6406_2__6024_1,6406,6406_2,6024,6024_1,949,23,4.600000000000023,06:31:00,06:39:00,6
6406_2__6024_1,6406,6406_2,6024,6024_1,913,24,4.783333333333303,06:31:00,06:39:00,6
6406_2__6024_1,6406,6406_2,6024,6024_1,307,25,5.683333333333337,06:31:00,06:39:00,6
6406_2__6024_1,6406,6406_2,6024,6024_1,212,26,6.150000000000034,06:31:00,06:39:00,6
6406_2__6024_1,6406,6406_2,6024,6024_1,2665,27,4.900000000000034,06:31:00,06:39:00,6
6406_2__6024_1,6406,6406_2,6024,6024_1,2736,28,4.25,06:31:00,06:39:00,6
6406_2__6024_1,6406,6406_2,6024,6024_1,705,29,3.2333333333333485,06:31:00,06:39:00,6
6406_2__6024_1,6406,6406_2,6024,6024_1,9979,30,3.433333333333337,06:31:00,06:39:00,6
6406_2__6024_1,6406,6406_2,6024,6024_1,2492,31,3.6166666666666742,06:31:00,06:39:00,6
6406_2__6024_1,6406,6406_2,6024,6024_1,946,32,1.1666666666666856,06:31:00,06:39:00,6
6406_2__6024_1,6406,6406_2,6024,6024_1,947,33,2.066666666666663,06:31:00,06:39:00,6
6406_2__6024_1,6406,6406_2,6024,6024_1,327,34,1.6666666666666856,06:31:00,06:39:00,6
6406_2__6024_1,6406,6406_2,6024,6024_1,3284,35,1.8000000000000114,06:31:00,06:39:00,6
6406_2__6024_1,6406,6406_2,6024,6024_1,3282,36,1.1333333333333258,06:31:00,06:39:00,6
6406_3__6024_2,6406,6406_3,6024,6024_2,3797,1,9.016666666666652,09:20:59,09:30:00,9
6406_3__6024_2,6406,6406_3,6024,6024_2,2984,2,10.216666666666697,09:20:59,09:30:00,9
6406_3__6024_2,6406,6406_3,6024,6024_2,2685,3,9.75,09:20:59,09:30:00,9
6406_3__6024_2,6406,6406_3,6024,6024_2,3649,4,9.649999999999977,09:20:59,09:30:00,9
6406_3__6024_2,6406,6406_3,6024,6024_2,3747,5,9.766666666666652,09:20:59,09:30:00,9
6406_3__6024_2,6406,6406_3,6024,6024_2,482,6,10.366666666666674,09:20:59,09:30:00,9
6406_3__6024_2,6406,6406_3,6024,6024_2,709,7,9.233333333333348,09:20:59,09:30:00,9
6406_3__6024_2,6406,6406_3,6024,6024_2,1577,8,8.81666666666672,09:20:59,09:30:00,9
6406_3__6024_2,6406,6406_3,6024,6024_2,990,9,9.883333333333326,09:20:59,09:30:00,9
6406_3__6024_2,6406,6406_3,6024,6024_2,109,10,9.183333333333394,09:20:59,09:30:00,9
6406_3__6024_2,6406,6406_3,6024,6024_2,396,11,8.133333333333326,09:20:59,09:30:00,9
6406_3__6024_2,6406,6406_3,6024,6024_2,1253,12,7.81666666666672,09:20:59,09:30:00,9
6406_3__6024_2,6406,6406_3,6024,6024_2,1554,13,8.016666666666652,09:20:59,09:30:00,9
6406_3__6024_2,6406,6406_3,6024,6024_2,1099,14,7.5499999999999545,09:20:59,09:30:00,9
6406_3__6024_2,6406,6406_3,6024,6024_2,168,15,8.016666666666652,09:20:59,09:30:00,9
6406_3__6024_2,6406,6406_3,6024,6024_2,929,16,7.966666666666697,09:20:59,09:30:00,9
6406_3__6024_2,6406,6406_3,6024,6024_2,94,17,7.9500000000000455,09:20:59,09:30:00,9
6406_3__6024_2,6406,6406_3,6024,6024_2,1080,18,7.616666666666674,09:20:59,09:30:00,9
6406_3__6024_2,6406,6406_3,6024,6024_2,146,19,7.633333333333326,09:20:59,09:30:00,9
6406_3__6024_2,6406,6406_3,6024,6024_2,1089,20,7.883333333333326,09:20:59,09:30:00,9
6406_3__6024_2,6406,6406_3,6024,6024_2,213,21,8.033333333333417,09:20:59,09:30:00,9
6406_3__6024_2,6406,6406_3,6024,6024_2,3907,22,9.516666666666652,09:20:59,09:30:00,9
6406_3__6024_2,6406,6406_3,6024,6024_2,949,23,9.533333333333303,09:20:59,09:30:00,9
6406_3__6024_2,6406,6406_3,6024,6024_2,913,24,10.75,09:20:59,09:30:00,9
6406_3__6024_2,6406,6406_3,6024,6024_2,307,25,10.533333333333303,09:20:59,09:30:00,9
6406_3__6024_2,6406,6406_3,6024,6024_2,212,26,10.733333333333348,09:20:59,09:30:00,9
6406_3__6024_2,6406,6406_3,6024,6024_2,2665,27,11.116666666666674,09:20:59,09:30:00,9
6406_3__6024_2,6406,6406_3,6024,6024_2,2736,28,11.266666666666652,09:20:59,09:30:00,9
6406_3__6024_2,6406,6406_3,6024,6024_2,705,29,12.5,09:20:59,09:30:00,9
6406_3__6024_2,6406,6406_3,6024,6024_2,9979,30,11.93333333333328,09:20:59,09:30:00,9
6406_3__6024_2,6406,6406_3,6024,6024_2,2492,31,11.233333333333348,09:20:59,09:30:00,9
6406_3__6024_2,6406,6406_3,6024,6024_2,946,32,10.849999999999909,09:20:59,09:30:00,9
6406_3__6024_2,6406,6406_3,6024,6024_2,947,33,10.333333333333371,09:20:59,09:30:00,9
6406_3__6024_2,6406,6406_3,6024,6024_2,327,34,10.416666666666629,09:20:59,09:30:00,9
6406_3__6024_2,6406,6406_3,6024,6024_2,3284,35,9.783333333333303,09:20:59,09:30:00,9
6406_3__6024_2,6406,6406_3,6024,6024_2,3282,36,9.633333333333326,09:20:59,09:30:00,9
6406_3__6024_2,6406,6406_3,6024,6024_2,2583,37,10.350000000000023,09:20:59,09:30:00,9
6406_3__6024_2,6406,6406_3,6024,6024_2,2590,38,10.299999999999955,09:20:59,09:30:00,9
6406_3__6024_2,6406,6406_3,6024,6024_2,603,39,11.5,09:20:59,09:30:00,9
6406_4__6024_3,6406,6406_4,6024,6024_3,3797,1,8.983333333333348,12:06:00,12:14:59,12
6406_4__6024_3,6406,6406_4,6024,6024_3,2984,2,8.566666666666606,12:06:00,12:14:59,12
6406_4__6024_3,6406,6406_4,6024,6024_3,2685,3,8.716666666666583,12:06:00,12:14:59,12
6406_4__6024_3,6406,6406_4,6024,6024_3,3649,4,8.233333333333348,12:06:00,12:14:59,12
6406_4__6024_3,6406,6406_4,6024,6024_3,3747,5,7.916666666666629,12:06:00,12:14:59,12
6406_4__6024_3,6406,6406_4,6024,6024_3,482,6,7.283333333333303,12:06:00,12:14:59,12
6406_4__6024_3,6406,6406_4,6024,6024_3,709,7,7.850000000000023,12:06:00,12:14:59,12
6406_4__6024_3,6406,6406_4,6024,6024_3,1577,8,7.5,12:06:00,12:14:59,12
6406_4__6024_3,6406,6406_4,6024,6024_3,990,9,6.466666666666697,12:06:00,12:14:59,12
6406_4__6024_3,6406,6406_4,6024,6024_3,109,10,7.56666666666672,12:06:00,12:14:59,12
6406_4__6024_3,6406,6406_4,6024,6024_3,396,11,7.9500000000000455,12:06:00,12:14:59,12
6406_4__6024_3,6406,6406_4,6024,6024_3,1253,12,8.049999999999955,12:06:00,12:14:59,12
6406_4__6024_3,6406,6406_4,6024,6024_3,1554,13,7.600000000000023,12:06:00,12:14:59,12
6406_4__6024_3,6406,6406_4,6024,6024_3,1099,14,7.75,12:06:00,12:14:59,12
6406_4__6024_3,6406,6406_4,6024,6024_3,168,15,6.166666666666629,12:06:00,12:14:59,12
6406_4__6024_3,6406,6406_4,6024,6024_3,929,16,6.366666666666674,12:06:00,12:14:59,12
6406_4__6024_3,6406,6406_4,6024,6024_3,94,17,6.566666666666606,12:06:00,12:14:59,12
6406_4__6024_3,6406,6406_4,6024,6024_3,1080,18,5.916666666666629,12:06:00,12:14:59,12
6406_4__6024_3,6406,6406_4,6024,6024_3,146,19,8.06666666666672,12:06:00,12:14:59,12
6406_4__6024_3,6406,6406_4,6024,6024_3,1089,20,6.399999999999977,12:06:00,12:14:59,12
6406_4__6024_3,6406,6406_4,6024,6024_3,213,21,6.466666666666697,12:06:00,12:14:59,12
6406_4__6024_3,6406,6406_4,6024,6024_3,3907,22,5.349999999999909,12:06:00,12:14:59,12
6406_4__6024_3,6406,6406_4,6024,6024_3,949,23,5.149999999999977,12:06:00,12:14:59,12
6406_4__6024_3,6406,6406_4,6024,6024_3,913,24,4.899999999999977,12:06:00,12:14:59,12
6406_4__6024_3,6406,6406_4,6024,6024_3,307,25,4.649999999999977,12:06:00,12:14:59,12
6406_4__6024_3,6406,6406_4,6024,6024_3,212,26,4.383333333333326,12:06:00,12:14:59,12
6406_4__6024_3,6406,6406_4,6024,6024_3,2665,27,4.100000000000023,12:06:00,12:14:59,12
6406_4__6024_3,6406,6406_4,6024,6024_3,2736,28,5.083333333333371,12:06:00,12:14:59,12
6406_4__6024_3,6406,6406_4,6024,6024_3,705,29,2.8666666666666742,12:06:00,12:14:59,12
6406_4__6024_3,6406,6406_4,6024,6024_3,9979,30,5.533333333333303,12:06:00,12:14:59,12
6406_4__6024_3,6406,6406_4,6024,6024_3,2492,31,5.833333333333371,12:06:00,12:14:59,12
6406_4__6024_3,6406,6406_4,6024,6024_3,946,32,5.616666666666674,12:06:00,12:14:59,12
6406_4__6024_3,6406,6406_4,6024,6024_3,947,33,5.100000000000023,12:06:00,12:14:59,12
6406_4__6024_3,6406,6406_4,6024,6024_3,327,34,3.9333333333332803,12:06:00,12:14:59,12
6406_4__6024_3,6406,6406_4,6024,6024_3,3284,35,2.8166666666667197,12:06:00,12:14:59,12
6406_4__6024_3,6406,6406_4,6024,6024_3,3282,36,2.6333333333333258,12:06:00,12:14:59,12
6406_4__6024_3,6406,6406_4,6024,6024_3,2583,37,2.8500000000000227,12:06:00,12:14:59,12
6406_4__6024_3,6406,6406_4,6024,6024_3,2590,38,3.2666666666666515,12:06:00,12:14:59,12
6406_4__6024_3,6406,6406_4,6024,6024_3,603,39,3.1000000000000227,12:06:00,12:14:59,12
6406_5__6024_4,6406,6406_5,6024,6024_4,3797,1,9.06666666666672,14:52:30,15:01:34,14
6406_5__6024_4,6406,6406_5,6024,6024_4,2984,2,10.216666666666697,14:52:30,15:01:34,14
6406_5__6024_4,6406,6406_5,6024,6024_4,2685,3,9.783333333333303,14:52:30,15:01:34,14
6406_5__6024_4,6406,6406_5,6024,6024_4,3649,4,8.916666666666629,14:52:30,15:01:34,14
6406_5__6024_4,6406,6406_5,6024,6024_4,3747,5,7.383333333333326,14:52:30,15:01:34,14
6406_5__6024_4,6406,6406_5,6024,6024_4,482,6,7.399999999999977,14:52:30,15:01:34,14
6406_5__6024_4,6406,6406_5,6024,6024_4,709,7,7.383333333333326,14:52:30,15:01:34,14
6406_5__6024_4,6406,6406_5,6024,6024_4,1577,8,7.900000000000091,14:52:30,15:01:34,14
6406_5__6024_4,6406,6406_5,6024,6024_4,990,9,7.75,14:52:30,15:01:34,14
6406_5__6024_4,6406,6406_5,6024,6024_4,109,10,8.133333333333326,14:52:30,15:01:34,14
6406_5__6024_4,6406,6406_5,6024,6024_4,396,11,8.366666666666674,14:52:30,15:01:34,14
6406_5__6024_4,6406,6406_5,6024,6024_4,1253,12,8.43333333333328,14:52:30,15:01:34,14
6406_5__6024_4,6406,6406_5,6024,6024_4,1554,13,7.933333333333394,14:52:30,15:01:34,14
6406_5__6024_4,6406,6406_5,6024,6024_4,1099,14,7.883333333333326,14:52:30,15:01:34,14
6406_5__6024_4,6406,6406_5,6024,6024_4,168,15,8.333333333333258,14:52:30,15:01:34,14
6406_5__6024_4,6406,6406_5,6024,6024_4,929,16,7.93333333333328,14:52:30,15:01:34,14
6406_5__6024_4,6406,6406_5,6024,6024_4,94,17,8.600000000000023,14:52:30,15:01:34,14
6406_5__6024_4,6406,6406_5,6024,6024_4,1080,18,12.449999999999932,14:52:30,15:01:34,14
6406_5__6024_4,6406,6406_5,6024,6024_4,146,19,11.950000000000045,14:52:30,15:01:34,14
6406_5__6024_4,6406,6406_5,6024,6024_4,1089,20,13.31666666666672,14:52:30,15:01:34,14
6406_5__6024_4,6406,6406_5,6024,6024_4,213,21,14.083333333333371,14:52:30,15:01:34,14
6406_5__6024_4,6406,6406_5,6024,6024_4,3907,22,14.466666666666583,14:52:30,15:01:34,14
6406_5__6024_4,6406,6406_5,6024,6024_4,949,23,14.383333333333326,14:52:30,15:01:34,14
6406_5__6024_4,6406,6406_5,6024,6024_4,913,24,14.466666666666697,14:52:30,15:01:34,14
6406_5__6024_4,6406,6406_5,6024,6024_4,307,25,15.016666666666652,14:52:30,15:01:34,14
6406_5__6024_4,6406,6406_5,6024,6024_4,212,26,14.699999999999932,14:52:30,15:01:34,14
6406_5__6024_4,6406,6406_5,6024,6024_4,2665,27,15.166666666666742,14:52:30,15:01:34,14
6406_5__6024_4,6406,6406_5,6024,6024_4,2736,28,15.333333333333371,14:52:30,15:01:34,14
6406_5__6024_4,6406,6406_5,6024,6024_4,705,29,14.866666666666674,14:52:30,15:01:34,14
6406_5__6024_4,6406,6406_5,6024,6024_4,9979,30,15.549999999999955,14:52:30,15:01:34,14
6406_5__6024_4,6406,6406_5,6024,6024_4,2492,31,15.833333333333258,14:52:30,15:01:34,14
6406_5__6024_4,6406,6406_5,6024,6024_4,946,32,16.83333333333337,14:52:30,15:01:34,14
6406_5__6024_4,6406,6406_5,6024,6024_4,947,33,14.866666666666674,14:52:30,15:01:34,14
6406_5__6024_4,6406,6406_5,6024,6024_4,327,34,15.166666666666742,14:52:30,15:01:34,14
6406_5__6024_4,6406,6406_5,6024,6024_4,3284,35,13.850000000000023,14:52:30,15:01:34,14
6406_5__6024_4,6406,6406_5,6024,6024_4,3282,36,12.450000000000045,14:52:30,15:01:34,14
6406_5__6024_4,6406,6406_5,6024,6024_4,2583,37,12.233333333333235,14:52:30,15:01:34,14
6406_5__6024_4,6406,6406_5,6024,6024_4,2590,38,11.833333333333371,14:52:30,15:01:34,14
6406_5__6024_4,6406,6406_5,6024,6024_4,603,39,13.266666666666652,14:52:30,15:01:34,14
6406_6__6408_6,6406,6406_6,6408,6408_6,3797,1,15.983333333333348,17:50:30,18:06:29,17
6406_6__6408_6,6406,6406_6,6408,6408_6,2984,2,12.299999999999955,17:50:30,18:06:29,17
6406_6__6408_6,6406,6406_6,6408,6408_6,2685,3,12.316666666666833,17:50:30,18:06:29,17
6406_6__6408_6,6406,6406_6,6408,6408_6,3649,4,12.783333333333303,17:50:30,18:06:29,17
6406_6__6408_6,6406,6406_6,6408,6408_6,3747,5,12.816666666666833,17:50:30,18:06:29,17
6406_6__6408_6,6406,6406_6,6408,6408_6,482,6,13.066666666666606,17:50:30,18:06:29,17
6406_6__6408_6,6406,6406_6,6408,6408_6,709,7,14.5,17:50:30,18:06:29,17
6406_6__6408_6,6406,6406_6,6408,6408_6,1577,8,13.166666666666515,17:50:30,18:06:29,17
6406_6__6408_6,6406,6406_6,6408,6408_6,990,9,12.833333333333258,17:50:30,18:06:29,17
6406_6__6408_6,6406,6406_6,6408,6408_6,109,10,13.88333333333344,17:50:30,18:06:29,17
6406_6__6408_6,6406,6406_6,6408,6408_6,1253,12,12.450000000000045,17:50:30,18:06:29,17
6406_6__6408_6,6406,6406_6,6408,6408_6,1554,13,12.433333333333394,17:50:30,18:06:29,17
6406_6__6408_6,6406,6406_6,6408,6408_6,1099,14,12.25,17:50:30,18:06:29,17
6406_6__6408_6,6406,6406_6,6408,6408_6,168,15,11.63333333333344,17:50:30,18:06:29,17
6406_6__6408_6,6406,6406_6,6408,6408_6,929,16,13.549999999999955,17:50:30,18:06:29,17
6406_6__6408_6,6406,6406_6,6408,6408_6,94,17,12.549999999999955,17:50:30,18:06:29,17
6406_6__6408_6,6406,6406_6,6408,6408_6,1080,18,13.950000000000045,17:50:30,18:06:29,17
6406_6__6408_6,6406,6406_6,6408,6408_6,146,19,14.466666666666697,17:50:30,18:06:29,17
6406_6__6408_6,6406,6406_6,6408,6408_6,1089,20,14.449999999999818,17:50:30,18:06:29,17
6406_6__6408_6,6406,6406_6,6408,6408_6,213,21,14.433333333333394,17:50:30,18:06:29,17
6406_6__6408_6,6406,6406_6,6408,6408_6,3907,22,15.166666666666742,17:50:30,18:06:29,17
6406_6__6408_6,6406,6406_6,6408,6408_6,949,23,15.383333333333212,17:50:30,18:06:29,17
6406_6__6408_6,6406,6406_6,6408,6408_6,913,24,16.216666666666697,17:50:30,18:06:29,17
6406_6__6408_6,6406,6406_6,6408,6408_6,307,25,15.683333333333394,17:50:30,18:06:29,17
6406_6__6408_6,6406,6406_6,6408,6408_6,212,26,15.816666666666606,17:50:30,18:06:29,17
6406_6__6408_6,6406,6406_6,6408,6408_6,2665,27,15.049999999999955,17:50:30,18:06:29,17
6406_6__6408_6,6406,6406_6,6408,6408_6,2736,28,14.983333333333348,17:50:30,18:06:29,17
6406_6__6408_6,6406,6406_6,6408,6408_6,705,29,14.950000000000045,17:50:30,18:06:29,17
6406_6__6408_6,6406,6406_6,6408,6408_6,947,33,15.616666666666788,17:50:30,18:06:29,17
6406_6__6408_6,6406,6406_6,6408,6408_6,327,34,15.016666666666652,17:50:30,18:06:29,17
6406_6__6408_6,6406,6406_6,6408,6408_6,3284,35,14.916666666666742,17:50:30,18:06:29,17
6406_6__6408_6,6406,6406_6,6408,6408_6,2583,37,15.46666666666647,17:50:30,18:06:29,17
6406_6__6408_6,6406,6406_6,6408,6408_6,2590,38,15.600000000000136,17:50:30,18:06:29,17
6406_6__6408_6,6406,6406_6,6408,6408_6,603,39,15.549999999999955,17:50:30,18:06:29,17
6407_1__6402_1,6407,6407_1,6402,6402_1,2685,3,6.933333333333337,05:30:23,05:37:19,5
6407_1__6402_1,6407,6407_1,6402,6402_1,3649,4,7.666666666666686,05:30:23,05:37:19,5
6407_1__6402_1,6407,6407_1,6402,6402_1,3747,5,8.566666666666663,05:30:23,05:37:19,5
6407_1__6402_1,6407,6407_1,6402,6402_1,482,6,8.083333333333314,05:30:23,05:37:19,5
6407_1__6402_1,6407,6407_1,6402,6402_1,709,7,8.216666666666697,05:30:23,05:37:19,5
6407_1__6402_1,6407,6407_1,6402,6402_1,1577,8,6.800000000000011,05:30:23,05:37:19,5
6407_1__6402_1,6407,6407_1,6402,6402_1,990,9,7.199999999999989,05:30:23,05:37:19,5
6407_1__6402_1,6407,6407_1,6402,6402_1,109,10,7.96666666666664,05:30:23,05:37:19,5
6407_1__6402_1,6407,6407_1,6402,6402_1,396,11,8.116666666666617,05:30:23,05:37:19,5
6407_1__6402_1,6407,6407_1,6402,6402_1,1253,12,8.333333333333314,05:30:23,05:37:19,5
6407_1__6402_1,6407,6407_1,6402,6402_1,1554,13,7.25,05:30:23,05:37:19,5
6407_1__6402_1,6407,6407_1,6402,6402_1,1099,14,7.683333333333337,05:30:23,05:37:19,5
6407_1__6402_1,6407,6407_1,6402,6402_1,168,15,8.066666666666663,05:30:23,05:37:19,5
6407_1__6402_1,6407,6407_1,6402,6402_1,94,17,7.833333333333314,05:30:23,05:37:19,5
6407_1__6402_1,6407,6407_1,6402,6402_1,1080,18,8.633333333333326,05:30:23,05:37:19,5
6407_1__6402_1,6407,6407_1,6402,6402_1,146,19,9.416666666666686,05:30:23,05:37:19,5
6407_1__6402_1,6407,6407_1,6402,6402_1,1089,20,8.666666666666686,05:30:23,05:37:19,5
6407_1__6402_1,6407,6407_1,6402,6402_1,213,21,8.316666666666663,05:30:23,05:37:19,5
6407_1__6402_1,6407,6407_1,6402,6402_1,3907,22,7.449999999999989,05:30:23,05:37:19,5
6407_1__6402_1,6407,6407_1,6402,6402_1,949,23,8.616666666666674,05:30:23,05:37:19,5
6407_1__6402_1,6407,6407_1,6402,6402_1,913,24,9.46666666666664,05:30:23,05:37:19,5
6407_1__6402_1,6407,6407_1,6402,6402_1,307,25,8.666666666666629,05:30:23,05:37:19,5
6407_1__6402_1,6407,6407_1,6402,6402_1,212,26,10.21666666666664,05:30:23,05:37:19,5
6407_1__6402_1,6407,6407_1,6402,6402_1,2665,27,8.883333333333326,05:30:23,05:37:19,5
6407_1__6402_1,6407,6407_1,6402,6402_1,2736,28,9.616666666666617,05:30:23,05:37:19,5
6407_1__6402_1,6407,6407_1,6402,6402_1,705,29,10.96666666666664,05:30:23,05:37:19,5
6407_1__6402_1,6407,6407_1,6402,6402_1,9979,30,11.383333333333383,05:30:23,05:37:19,5
6407_1__6402_1,6407,6407_1,6402,6402_1,2492,31,11.28333333333336,05:30:23,05:37:19,5
6407_1__6402_1,6407,6407_1,6402,6402_1,946,32,10.149999999999977,05:30:23,05:37:19,5
6407_1__6402_1,6407,6407_1,6402,6402_1,947,33,8.683333333333337,05:30:23,05:37:19,5
6407_1__6402_1,6407,6407_1,6402,6402_1,327,34,10.716666666666697,05:30:23,05:37:19,5
6407_1__6402_1,6407,6407_1,6402,6402_1,3284,35,11.116666666666674,05:30:23,05:37:19,5
6407_1__6402_1,6407,6407_1,6402,6402_1,3282,36,11.03333333333336,05:30:23,05:37:19,5
6407_1__6402_1,6407,6407_1,6402,6402_1,2583,37,12.050000000000011,05:30:23,05:37:19,5
6407_1__6402_1,6407,6407_1,6402,6402_1,2590,38,12.533333333333303,05:30:23,05:37:19,5
6407_1__6402_1,6407,6407_1,6402,6402_1,603,39,12.25,05:30:23,05:37:19,5
6407_2__6402_2,6407,6407_2,6402,6402_2,3797,1,7.9833333333333485,08:13:00,08:20:59,8
6407_2__6402_2,6407,6407_2,6402,6402_2,2984,2,7.850000000000023,08:13:00,08:20:59,8
6407_2__6402_2,6407,6407_2,6402,6402_2,2685,3,8.600000000000023,08:13:00,08:20:59,8
6407_2__6402_2,6407,6407_2,6402,6402_2,3649,4,9.5,08:13:00,08:20:59,8
6407_2__6402_2,6407,6407_2,6402,6402_2,3747,5,9.283333333333303,08:13:00,08:20:59,8
6407_2__6402_2,6407,6407_2,6402,6402_2,482,6,9.483333333333292,08:13:00,08:20:59,8
6407_2__6402_2,6407,6407_2,6402,6402_2,709,7,9.416666666666686,08:13:00,08:20:59,8
6407_2__6402_2,6407,6407_2,6402,6402_2,1577,8,8.616666666666617,08:13:00,08:20:59,8
6407_2__6402_2,6407,6407_2,6402,6402_2,990,9,8.316666666666606,08:13:00,08:20:59,8
6407_2__6402_2,6407,6407_2,6402,6402_2,109,10,8.049999999999955,08:13:00,08:20:59,8
6407_2__6402_2,6407,6407_2,6402,6402_2,396,11,8.333333333333371,08:13:00,08:20:59,8
6407_2__6402_2,6407,6407_2,6402,6402_2,1253,12,7.516666666666765,08:13:00,08:20:59,8
6407_2__6402_2,6407,6407_2,6402,6402_2,1554,13,7.81666666666672,08:13:00,08:20:59,8
6407_2__6402_2,6407,6407_2,6402,6402_2,1099,14,7.5166666666666515,08:13:00,08:20:59,8
6407_2__6402_2,6407,6407_2,6402,6402_2,168,15,6.399999999999977,08:13:00,08:20:59,8
6407_2__6402_2,6407,6407_2,6402,6402_2,929,16,5.649999999999977,08:13:00,08:20:59,8
6407_2__6402_2,6407,6407_2,6402,6402_2,94,17,6.2666666666666515,08:13:00,08:20:59,8
6407_2__6402_2,6407,6407_2,6402,6402_2,1080,18,6.033333333333417,08:13:00,08:20:59,8
6407_2__6402_2,6407,6407_2,6402,6402_2,146,19,5.7666666666666515,08:13:00,08:20:59,8
6407_2__6402_2,6407,6407_2,6402,6402_2,1089,20,7.4500000000000455,08:13:00,08:20:59,8
6407_2__6402_2,6407,6407_2,6402,6402_2,213,21,8.43333333333328,08:13:00,08:20:59,8
6407_2__6402_2,6407,6407_2,6402,6402_2,3907,22,6.533333333333303,08:13:00,08:20:59,8
6407_2__6402_2,6407,6407_2,6402,6402_2,949,23,6.466666666666583,08:13:00,08:20:59,8
6407_2__6402_2,6407,6407_2,6402,6402_2,913,24,6.433333333333394,08:13:00,08:20:59,8
6407_2__6402_2,6407,6407_2,6402,6402_2,307,25,5.616666666666674,08:13:00,08:20:59,8
6407_2__6402_2,6407,6407_2,6402,6402_2,212,26,7.4833333333333485,08:13:00,08:20:59,8
6407_2__6402_2,6407,6407_2,6402,6402_2,2665,27,7.649999999999977,08:13:00,08:20:59,8
6407_2__6402_2,6407,6407_2,6402,6402_2,2736,28,7.866666666666674,08:13:00,08:20:59,8
6407_2__6402_2,6407,6407_2,6402,6402_2,705,29,7.366666666666674,08:13:00,08:20:59,8
6407_2__6402_2,6407,6407_2,6402,6402_2,9979,30,7.366666666666674,08:13:00,08:20:59,8
6407_2__6402_2,6407,6407_2,6402,6402_2,2492,31,8.149999999999977,08:13:00,08:20:59,8
6407_2__6402_2,6407,6407_2,6402,6402_2,946,32,6.649999999999977,08:13:00,08:20:59,8
6407_2__6402_2,6407,6407_2,6402,6402_2,947,33,6.2333333333333485,08:13:00,08:20:59,8
6407_2__6402_2,6407,6407_2,6402,6402_2,327,34,5.716666666666583,08:13:00,08:20:59,8
6407_2__6402_2,6407,6407_2,6402,6402_2,3284,35,6.216666666666697,08:13:00,08:20:59,8
6407_2__6402_2,6407,6407_2,6402,6402_2,3282,36,5.5499999999999545,08:13:00,08:20:59,8
6407_2__6402_2,6407,6407_2,6402,6402_2,2583,37,6.466666666666697,08:13:00,08:20:59,8
6407_2__6402_2,6407,6407_2,6402,6402_2,2590,38,6.600000000000023,08:13:00,08:20:59,8
6407_2__6402_2,6407,6407_2,6402,6402_2,603,39,6.133333333333326,08:13:00,08:20:59,8
6407_3__6402_3,6407,6407_3,6402,6402_3,3797,1,8.0,10:58:00,11:06:00,10
6407_3__6402_3,6407,6407_3,6402,6402_3,2984,2,9.449999999999932,10:58:00,11:06:00,10
6407_3__6402_3,6407,6407_3,6402,6402_3,2685,3,10.033333333333303,10:58:00,11:06:00,10
6407_3__6402_3,6407,6407_3,6402,6402_3,3649,4,9.616666666666674,10:58:00,11:06:00,10
6407_3__6402_3,6407,6407_3,6402,6402_3,3747,5,9.349999999999909,10:58:00,11:06:00,10
6407_3__6402_3,6407,6407_3,6402,6402_3,482,6,9.633333333333326,10:58:00,11:06:00,10
6407_3__6402_3,6407,6407_3,6402,6402_3,709,7,9.633333333333326,10:58:00,11:06:00,10
6407_3__6402_3,6407,6407_3,6402,6402_3,1577,8,9.416666666666629,10:58:00,11:06:00,10
6407_3__6402_3,6407,6407_3,6402,6402_3,990,9,7.56666666666672,10:58:00,11:06:00,10
6407_3__6402_3,6407,6407_3,6402,6402_3,109,10,9.583333333333371,10:58:00,11:06:00,10
6407_3__6402_3,6407,6407_3,6402,6402_3,396,11,9.700000000000045,10:58:00,11:06:00,10
6407_3__6402_3,6407,6407_3,6402,6402_3,1253,12,9.199999999999932,10:58:00,11:06:00,10
6407_3__6402_3,6407,6407_3,6402,6402_3,1554,13,8.399999999999977,10:58:00,11:06:00,10
6407_3__6402_3,6407,6407_3,6402,6402_3,1099,14,8.366666666666674,10:58:00,11:06:00,10
6407_3__6402_3,6407,6407_3,6402,6402_3,168,15,9.200000000000045,10:58:00,11:06:00,10
6407_3__6402_3,6407,6407_3,6402,6402_3,929,16,7.916666666666629,10:58:00,11:06:00,10
6407_3__6402_3,6407,6407_3,6402,6402_3,94,17,7.866666666666674,10:58:00,11:06:00,10
6407_3__6402_3,6407,6407_3,6402,6402_3,1080,18,6.616666666666674,10:58:00,11:06:00,10
6407_3__6402_3,6407,6407_3,6402,6402_3,146,19,8.516666666666652,10:58:00,11:06:00,10
6407_3__6402_3,6407,6407_3,6402,6402_3,1089,20,7.850000000000023,10:58:00,11:06:00,10
6407_3__6402_3,6407,6407_3,6402,6402_3,213,21,8.016666666666652,10:58:00,11:06:00,10
6407_3__6402_3,6407,6407_3,6402,6402_3,3907,22,8.0,10:58:00,11:06:00,10
6407_3__6402_3,6407,6407_3,6402,6402_3,949,23,6.75,10:58:00,11:06:00,10
6407_3__6402_3,6407,6407_3,6402,6402_3,913,24,7.033333333333417,10:58:00,11:06:00,10
6407_3__6402_3,6407,6407_3,6402,6402_3,307,25,6.949999999999932,10:58:00,11:06:00,10
6407_3__6402_3,6407,6407_3,6402,6402_3,212,26,6.016666666666765,10:58:00,11:06:00,10
6407_3__6402_3,6407,6407_3,6402,6402_3,2665,27,6.2666666666666515,10:58:00,11:06:00,10
6407_3__6402_3,6407,6407_3,6402,6402_3,2736,28,5.716666666666697,10:58:00,11:06:00,10
6407_3__6402_3,6407,6407_3,6402,6402_3,705,29,6.449999999999932,10:58:00,11:06:00,10
6407_3__6402_3,6407,6407_3,6402,6402_3,9979,30,5.31666666666672,10:58:00,11:06:00,10
6407_3__6402_3,6407,6407_3,6402,6402_3,2492,31,6.016666666666765,10:58:00,11:06:00,10
6407_3__6402_3,6407,6407_3,6402,6402_3,946,32,7.7999999999999545,10:58:00,11:06:00,10
6407_3__6402_3,6407,6407_3,6402,6402_3,947,33,8.333333333333371,10:58:00,11:06:00,10
6407_3__6402_3,6407,6407_3,6402,6402_3,327,34,8.31666666666672,10:58:00,11:06:00,10
6407_3__6402_3,6407,6407_3,6402,6402_3,3284,35,8.25,10:58:00,11:06:00,10
6407_3__6402_3,6407,6407_3,6402,6402_3,3282,36,7.25,10:58:00,11:06:00,10
6407_3__6402_3,6407,6407_3,6402,6402_3,2583,37,7.949999999999932,10:58:00,11:06:00,10
6407_3__6402_3,6407,6407_3,6402,6402_3,2590,38,6.0166666666666515,10:58:00,11:06:00,10
6407_3__6402_3,6407,6407_3,6402,6402_3,603,39,6.633333333333326,10:58:00,11:06:00,10
6407_4__6402_4,6407,6407_4,6402,6402_4,2984,2,9.68333333333328,13:40:19,13:50:00,13
6407_4__6402_4,6407,6407_4,6402,6402_4,2685,3,8.616666666666674,13:40:19,13:50:00,13
6407_4__6402_4,6407,6407_4,6402,6402_4,3649,4,8.016666666666652,13:40:19,13:50:00,13
6407_4__6402_4,6407,6407_4,6402,6402_4,3747,5,8.049999999999955,13:40:19,13:50:00,13
6407_4__6402_4,6407,6407_4,6402,6402_4,482,6,8.233333333333348,13:40:19,13:50:00,13
6407_4__6402_4,6407,6407_4,6402,6402_4,709,7,8.166666666666629,13:40:19,13:50:00,13
6407_4__6402_4,6407,6407_4,6402,6402_4,1577,8,7.166666666666629,13:40:19,13:50:00,13
6407_4__6402_4,6407,6407_4,6402,6402_4,990,9,8.333333333333371,13:40:19,13:50:00,13
6407_4__6402_4,6407,6407_4,6402,6402_4,109,10,6.2333333333333485,13:40:19,13:50:00,13
6407_4__6402_4,6407,6407_4,6402,6402_4,396,11,6.649999999999977,13:40:19,13:50:00,13
6407_4__6402_4,6407,6407_4,6402,6402_4,1253,12,6.533333333333303,13:40:19,13:50:00,13
6407_4__6402_4,6407,6407_4,6402,6402_4,1554,13,6.0166666666666515,13:40:19,13:50:00,13
6407_4__6402_4,6407,6407_4,6402,6402_4,1099,14,5.050000000000068,13:40:19,13:50:00,13
6407_4__6402_4,6407,6407_4,6402,6402_4,168,15,6.466666666666697,13:40:19,13:50:00,13
6407_4__6402_4,6407,6407_4,6402,6402_4,929,16,6.466666666666697,13:40:19,13:50:00,13
6407_4__6402_4,6407,6407_4,6402,6402_4,94,17,6.2333333333333485,13:40:19,13:50:00,13
6407_4__6402_4,6407,6407_4,6402,6402_4,1080,18,6.166666666666629,13:40:19,13:50:00,13
6407_4__6402_4,6407,6407_4,6402,6402_4,146,19,4.766666666666765,13:40:19,13:50:00,13
6407_4__6402_4,6407,6407_4,6402,6402_4,1089,20,4.5833333333332575,13:40:19,13:50:00,13
6407_4__6402_4,6407,6407_4,6402,6402_4,213,21,5.283333333333303,13:40:19,13:50:00,13
6407_4__6402_4,6407,6407_4,6402,6402_4,3907,22,4.866666666666674,13:40:19,13:50:00,13
6407_4__6402_4,6407,6407_4,6402,6402_4,949,23,3.7666666666666515,13:40:19,13:50:00,13
6407_4__6402_4,6407,6407_4,6402,6402_4,913,24,3.9666666666665833,13:40:19,13:50:00,13
6407_4__6402_4,6407,6407_4,6402,6402_4,307,25,4.583333333333371,13:40:19,13:50:00,13
6407_4__6402_4,6407,6407_4,6402,6402_4,212,26,4.633333333333326,13:40:19,13:50:00,13
6407_4__6402_4,6407,6407_4,6402,6402_4,2665,27,4.333333333333371,13:40:19,13:50:00,13
6407_4__6402_4,6407,6407_4,6402,6402_4,2736,28,4.7666666666666515,13:40:19,13:50:00,13
6407_4__6402_4,6407,6407_4,6402,6402_4,705,29,4.2333333333333485,13:40:19,13:50:00,13
6407_4__6402_4,6407,6407_4,6402,6402_4,9979,30,3.4500000000000455,13:40:19,13:50:00,13
6407_4__6402_4,6407,6407_4,6402,6402_4,2492,31,3.5,13:40:19,13:50:00,13
6407_4__6402_4,6407,6407_4,6402,6402_4,946,32,2.150000000000091,13:40:19,13:50:00,13
6407_4__6402_4,6407,6407_4,6402,6402_4,947,33,2.0666666666667197,13:40:19,13:50:00,13
6407_4__6402_4,6407,6407_4,6402,6402_4,603,39,2.0833333333332575,13:40:19,13:50:00,13
6407_6__6402_6,6407,6407_6,6402,6402_6,2984,2,10.266666666666652,19:14:15,19:24:31,19
6407_6__6402_6,6407,6407_6,6402,6402_6,2685,3,9.400000000000091,19:14:15,19:24:31,19
6407_6__6402_6,6407,6407_6,6402,6402_6,3649,4,10.216666666666697,19:14:15,19:24:31,19
6407_6__6402_6,6407,6407_6,6402,6402_6,3747,5,9.233333333333348,19:14:15,19:24:31,19
6407_6__6402_6,6407,6407_6,6402,6402_6,482,6,9.150000000000091,19:14:15,19:24:31,19
6407_6__6402_6,6407,6407_6,6402,6402_6,709,7,8.150000000000091,19:14:15,19:24:31,19
6407_6__6402_6,6407,6407_6,6402,6402_6,1577,8,9.283333333333303,19:14:15,19:24:31,19
6407_6__6402_6,6407,6407_6,6402,6402_6,990,9,9.916666666666742,19:14:15,19:24:31,19
6407_6__6402_6,6407,6407_6,6402,6402_6,109,10,9.649999999999864,19:14:15,19:24:31,19
6407_6__6402_6,6407,6407_6,6402,6402_6,396,11,10.016666666666652,19:14:15,19:24:31,19
6407_6__6402_6,6407,6407_6,6402,6402_6,1253,12,9.666666666666742,19:14:15,19:24:31,19
6407_6__6402_6,6407,6407_6,6402,6402_6,1554,13,8.86666666666656,19:14:15,19:24:31,19
6407_6__6402_6,6407,6407_6,6402,6402_6,1099,14,9.066666666666833,19:14:15,19:24:31,19
6407_6__6402_6,6407,6407_6,6402,6402_6,168,15,10.200000000000045,19:14:15,19:24:31,19
6407_6__6402_6,6407,6407_6,6402,6402_6,929,16,9.583333333333258,19:14:15,19:24:31,19
6407_6__6402_6,6407,6407_6,6402,6402_6,94,17,10.133333333333212,19:14:15,19:24:31,19
6407_6__6402_6,6407,6407_6,6402,6402_6,1080,18,9.283333333333303,19:14:15,19:24:31,19
6407_6__6402_6,6407,6407_6,6402,6402_6,146,19,9.583333333333258,19:14:15,19:24:31,19
6407_6__6402_6,6407,6407_6,6402,6402_6,1089,20,10.5,19:14:15,19:24:31,19
6407_6__6402_6,6407,6407_6,6402,6402_6,213,21,10.38333333333344,19:14:15,19:24:31,19
6407_6__6402_6,6407,6407_6,6402,6402_6,3907,22,9.333333333333258,19:14:15,19:24:31,19
6407_6__6402_6,6407,6407_6,6402,6402_6,949,23,9.049999999999955,19:14:15,19:24:31,19
6407_6__6402_6,6407,6407_6,6402,6402_6,913,24,9.616666666666788,19:14:15,19:24:31,19
6407_6__6402_6,6407,6407_6,6402,6402_6,307,25,8.616666666666788,19:14:15,19:24:31,19
6407_6__6402_6,6407,6407_6,6402,6402_6,212,26,9.400000000000091,19:14:15,19:24:31,19
6407_6__6402_6,6407,6407_6,6402,6402_6,2665,27,9.166666666666515,19:14:15,19:24:31,19
6407_6__6402_6,6407,6407_6,6402,6402_6,2736,28,7.9500000000000455,19:14:15,19:24:31,19
6407_6__6402_6,6407,6407_6,6402,6402_6,705,29,8.649999999999864,19:14:15,19:24:31,19
6407_6__6402_6,6407,6407_6,6402,6402_6,9979,30,9.299999999999955,19:14:15,19:24:31,19
6407_6__6402_6,6407,6407_6,6402,6402_6,2492,31,8.416666666666515,19:14:15,19:24:31,19
6407_6__6402_6,6407,6407_6,6402,6402_6,946,32,7.783333333333303,19:14:15,19:24:31,19
6407_6__6402_6,6407,6407_6,6402,6402_6,947,33,8.666666666666742,19:14:15,19:24:31,19
6407_6__6402_6,6407,6407_6,6402,6402_6,327,34,7.883333333333212,19:14:15,19:24:31,19
6407_6__6402_6,6407,6407_6,6402,6402_6,3284,35,7.5,19:14:15,19:24:31,19
6407_6__6402_6,6407,6407_6,6402,6402_6,3282,36,7.0499999999999545,19:14:15,19:24:31,19
6407_6__6402_6,6407,6407_6,6402,6402_6,2583,37,7.333333333333485,19:14:15,19:24:31,19
6407_6__6402_6,6407,6407_6,6402,6402_6,2590,38,7.7666666666666515,19:14:15,19:24:31,19
6407_6__6402_6,6407,6407_6,6402,6402_6,603,39,7.566666666666606,19:14:15,19:24:31,19
6408_1__6121_1,6408,6408_1,6121,6121_1,3797,1,9.0,04:03:59,04:12:59,4
6408_1__6121_1,6408,6408_1,6121,6121_1,2984,2,10.116666666666674,04:03:59,04:12:59,4
6408_1__6121_1,6408,6408_1,6121,6121_1,2685,3,9.96666666666664,04:03:59,04:12:59,4
6408_1__6121_1,6408,6408_1,6121,6121_1,3649,4,9.933333333333337,04:03:59,04:12:59,4
6408_1__6121_1,6408,6408_1,6121,6121_1,3747,5,11.166666666666657,04:03:59,04:12:59,4
6408_1__6121_1,6408,6408_1,6121,6121_1,482,6,11.566666666666691,04:03:59,04:12:59,4
6408_1__6121_1,6408,6408_1,6121,6121_1,1577,8,9.100000000000023,04:03:59,04:12:59,4
6408_1__6121_1,6408,6408_1,6121,6121_1,990,9,9.233333333333348,04:03:59,04:12:59,4
6408_1__6121_1,6408,6408_1,6121,6121_1,109,10,8.816666666666663,04:03:59,04:12:59,4
6408_1__6121_1,6408,6408_1,6121,6121_1,396,11,11.116666666666617,04:03:59,04:12:59,4
6408_1__6121_1,6408,6408_1,6121,6121_1,1253,12,11.683333333333337,04:03:59,04:12:59,4
6408_1__6121_1,6408,6408_1,6121,6121_1,1554,13,12.416666666666686,04:03:59,04:12:59,4
6408_1__6121_1,6408,6408_1,6121,6121_1,1099,14,12.166666666666686,04:03:59,04:12:59,4
6408_1__6121_1,6408,6408_1,6121,6121_1,168,15,11.616666666666674,04:03:59,04:12:59,4
6408_1__6121_1,6408,6408_1,6121,6121_1,929,16,13.46666666666664,04:03:59,04:12:59,4
6408_1__6121_1,6408,6408_1,6121,6121_1,94,17,13.816666666666663,04:03:59,04:12:59,4
6408_1__6121_1,6408,6408_1,6121,6121_1,1080,18,12.850000000000023,04:03:59,04:12:59,4
6408_1__6121_1,6408,6408_1,6121,6121_1,146,19,13.0,04:03:59,04:12:59,4
6408_1__6121_1,6408,6408_1,6121,6121_1,1089,20,12.983333333333348,04:03:59,04:12:59,4
6408_1__6121_1,6408,6408_1,6121,6121_1,3907,22,14.733333333333348,04:03:59,04:12:59,4
6408_1__6121_1,6408,6408_1,6121,6121_1,949,23,13.833333333333371,04:03:59,04:12:59,4
6408_1__6121_1,6408,6408_1,6121,6121_1,913,24,15.600000000000023,04:03:59,04:12:59,4
6408_1__6121_1,6408,6408_1,6121,6121_1,307,25,14.96666666666664,04:03:59,04:12:59,4
6408_1__6121_1,6408,6408_1,6121,6121_1,212,26,14.833333333333314,04:03:59,04:12:59,4
6408_1__6121_1,6408,6408_1,6121,6121_1,2665,27,15.816666666666663,04:03:59,04:12:59,4
6408_1__6121_1,6408,6408_1,6121,6121_1,2736,28,16.05000000000001,04:03:59,04:12:59,4
6408_1__6121_1,6408,6408_1,6121,6121_1,705,29,15.166666666666629,04:03:59,04:12:59,4
6408_1__6121_1,6408,6408_1,6121,6121_1,9979,30,14.383333333333326,04:03:59,04:12:59,4
6408_1__6121_1,6408,6408_1,6121,6121_1,947,33,12.050000000000011,04:03:59,04:12:59,4
6408_1__6121_1,6408,6408_1,6121,6121_1,327,34,12.78333333333336,04:03:59,04:12:59,4
6408_1__6121_1,6408,6408_1,6121,6121_1,3284,35,14.016666666666652,04:03:59,04:12:59,4
6408_1__6121_1,6408,6408_1,6121,6121_1,3282,36,13.533333333333303,04:03:59,04:12:59,4
6408_1__6121_1,6408,6408_1,6121,6121_1,2583,37,14.216666666666697,04:03:59,04:12:59,4
6408_1__6121_1,6408,6408_1,6121,6121_1,2590,38,15.53333333333336,04:03:59,04:12:59,4
6408_1__6121_1,6408,6408_1,6121,6121_1,603,39,15.199999999999989,04:03:59,04:12:59,4
6408_2__6121_2,6408,6408_2,6121,6121_2,3797,1,8.0,06:48:00,06:56:00,6
6408_2__6121_2,6408,6408_2,6121,6121_2,2984,2,8.866666666666674,06:48:00,06:56:00,6
6408_2__6121_2,6408,6408_2,6121,6121_2,2685,3,8.733333333333348,06:48:00,06:56:00,6
6408_2__6121_2,6408,6408_2,6121,6121_2,3649,4,9.449999999999989,06:48:00,06:56:00,6
6408_2__6121_2,6408,6408_2,6121,6121_2,3747,5,9.25,06:48:00,06:56:00,6
6408_2__6121_2,6408,6408_2,6121,6121_2,482,6,9.46666666666664,06:48:00,06:56:00,6
6408_2__6121_2,6408,6408_2,6121,6121_2,709,7,9.149999999999977,06:48:00,06:56:00,6
6408_2__6121_2,6408,6408_2,6121,6121_2,1577,8,10.100000000000023,06:48:00,06:56:00,6
6408_2__6121_2,6408,6408_2,6121,6121_2,990,9,10.433333333333337,06:48:00,06:56:00,6
6408_2__6121_2,6408,6408_2,6121,6121_2,109,10,11.96666666666664,06:48:00,06:56:00,6
6408_2__6121_2,6408,6408_2,6121,6121_2,396,11,10.150000000000034,06:48:00,06:56:00,6
6408_2__6121_2,6408,6408_2,6121,6121_2,1253,12,12.21666666666664,06:48:00,06:56:00,6
6408_2__6121_2,6408,6408_2,6121,6121_2,1554,13,11.866666666666617,06:48:00,06:56:00,6
6408_2__6121_2,6408,6408_2,6121,6121_2,1099,14,10.600000000000023,06:48:00,06:56:00,6
6408_2__6121_2,6408,6408_2,6121,6121_2,168,15,11.150000000000034,06:48:00,06:56:00,6
6408_2__6121_2,6408,6408_2,6121,6121_2,929,16,10.866666666666617,06:48:00,06:56:00,6
6408_2__6121_2,6408,6408_2,6121,6121_2,94,17,10.133333333333326,06:48:00,06:56:00,6
6408_2__6121_2,6408,6408_2,6121,6121_2,1080,18,12.550000000000011,06:48:00,06:56:00,6
6408_2__6121_2,6408,6408_2,6121,6121_2,146,19,12.916666666666629,06:48:00,06:56:00,6
6408_2__6121_2,6408,6408_2,6121,6121_2,1089,20,12.333333333333371,06:48:00,06:56:00,6
6408_2__6121_2,6408,6408_2,6121,6121_2,213,21,12.699999999999989,06:48:00,06:56:00,6
6408_2__6121_2,6408,6408_2,6121,6121_2,3907,22,12.833333333333371,06:48:00,06:56:00,6
6408_2__6121_2,6408,6408_2,6121,6121_2,949,23,13.366666666666674,06:48:00,06:56:00,6
6408_2__6121_2,6408,6408_2,6121,6121_2,913,24,14.316666666666663,06:48:00,06:56:00,6
6408_2__6121_2,6408,6408_2,6121,6121_2,307,25,14.466666666666697,06:48:00,06:56:00,6
6408_2__6121_2,6408,6408_2,6121,6121_2,212,26,13.916666666666629,06:48:00,06:56:00,6
6408_2__6121_2,6408,6408_2,6121,6121_2,2665,27,14.25,06:48:00,06:56:00,6
6408_2__6121_2,6408,6408_2,6121,6121_2,2736,28,14.166666666666629,06:48:00,06:56:00,6
6408_2__6121_2,6408,6408_2,6121,6121_2,705,29,14.816666666666663,06:48:00,06:56:00,6
6408_2__6121_2,6408,6408_2,6121,6121_2,9979,30,14.933333333333337,06:48:00,06:56:00,6
6408_2__6121_2,6408,6408_2,6121,6121_2,2492,31,15.166666666666686,06:48:00,06:56:00,6
6408_2__6121_2,6408,6408_2,6121,6121_2,946,32,14.616666666666674,06:48:00,06:56:00,6
6408_2__6121_2,6408,6408_2,6121,6121_2,947,33,13.100000000000023,06:48:00,06:56:00,6
6408_2__6121_2,6408,6408_2,6121,6121_2,327,34,14.199999999999989,06:48:00,06:56:00,6
6408_2__6121_2,6408,6408_2,6121,6121_2,3284,35,15.0,06:48:00,06:56:00,6
6408_2__6121_2,6408,6408_2,6121,6121_2,3282,36,14.483333333333348,06:48:00,06:56:00,6
6408_2__6121_2,6408,6408_2,6121,6121_2,2583,37,15.566666666666663,06:48:00,06:56:00,6
6408_2__6121_2,6408,6408_2,6121,6121_2,2590,38,15.516666666666652,06:48:00,06:56:00,6
6408_2__6121_2,6408,6408_2,6121,6121_2,603,39,14.833333333333371,06:48:00,06:56:00,6
6408_3__6409_3,6408,6408_3,6409,6409_3,3797,1,8.983333333333348,09:39:00,09:47:59,9
6408_3__6409_3,6408,6408_3,6409,6409_3,2984,2,7.900000000000091,09:39:00,09:47:59,9
6408_3__6409_3,6408,6408_3,6409,6409_3,2685,3,7.06666666666672,09:39:00,09:47:59,9
6408_3__6409_3,6408,6408_3,6409,6409_3,3649,4,7.0,09:39:00,09:47:59,9
6408_3__6409_3,6408,6408_3,6409,6409_3,3747,5,8.716666666666697,09:39:00,09:47:59,9
6408_3__6409_3,6408,6408_3,6409,6409_3,482,6,8.81666666666672,09:39:00,09:47:59,9
6408_3__6409_3,6408,6408_3,6409,6409_3,709,7,9.0,09:39:00,09:47:59,9
6408_3__6409_3,6408,6408_3,6409,6409_3,1577,8,7.2333333333333485,09:39:00,09:47:59,9
6408_3__6409_3,6408,6408_3,6409,6409_3,990,9,8.333333333333371,09:39:00,09:47:59,9
6408_3__6409_3,6408,6408_3,6409,6409_3,109,10,9.766666666666765,09:39:00,09:47:59,9
6408_3__6409_3,6408,6408_3,6409,6409_3,396,11,11.083333333333371,09:39:00,09:47:59,9
6408_3__6409_3,6408,6408_3,6409,6409_3,1253,12,11.016666666666652,09:39:00,09:47:59,9
6408_3__6409_3,6408,6408_3,6409,6409_3,1554,13,11.683333333333394,09:39:00,09:47:59,9
6408_3__6409_3,6408,6408_3,6409,6409_3,1099,14,11.533333333333417,09:39:00,09:47:59,9
6408_3__6409_3,6408,6408_3,6409,6409_3,168,15,10.366666666666674,09:39:00,09:47:59,9
6408_3__6409_3,6408,6408_3,6409,6409_3,929,16,11.866666666666674,09:39:00,09:47:59,9
6408_3__6409_3,6408,6408_3,6409,6409_3,94,17,10.950000000000045,09:39:00,09:47:59,9
6408_3__6409_3,6408,6408_3,6409,6409_3,1080,18,11.566666666666606,09:39:00,09:47:59,9
6408_3__6409_3,6408,6408_3,6409,6409_3,146,19,11.416666666666629,09:39:00,09:47:59,9
6408_3__6409_3,6408,6408_3,6409,6409_3,1089,20,10.75,09:39:00,09:47:59,9
6408_3__6409_3,6408,6408_3,6409,6409_3,213,21,11.716666666666583,09:39:00,09:47:59,9
6408_3__6409_3,6408,6408_3,6409,6409_3,3907,22,11.0,09:39:00,09:47:59,9
6408_3__6409_3,6408,6408_3,6409,6409_3,949,23,10.399999999999977,09:39:00,09:47:59,9
6408_3__6409_3,6408,6408_3,6409,6409_3,913,24,9.566666666666606,09:39:00,09:47:59,9
6408_3__6409_3,6408,6408_3,6409,6409_3,307,25,9.666666666666629,09:39:00,09:47:59,9
6408_3__6409_3,6408,6408_3,6409,6409_3,212,26,10.466666666666697,09:39:00,09:47:59,9
6408_3__6409_3,6408,6408_3,6409,6409_3,2665,27,10.416666666666742,09:39:00,09:47:59,9
6408_3__6409_3,6408,6408_3,6409,6409_3,2736,28,10.433333333333394,09:39:00,09:47:59,9
6408_3__6409_3,6408,6408_3,6409,6409_3,705,29,10.366666666666674,09:39:00,09:47:59,9
6408_3__6409_3,6408,6408_3,6409,6409_3,9979,30,10.483333333333348,09:39:00,09:47:59,9
6408_3__6409_3,6408,6408_3,6409,6409_3,946,32,17.93333333333328,09:39:00,09:47:59,9
6408_3__6409_3,6408,6408_3,6409,6409_3,2583,37,9.016666666666652,09:39:00,09:47:59,9
6408_3__6409_3,6408,6408_3,6409,6409_3,2590,38,8.716666666666697,09:39:00,09:47:59,9
6408_3__6409_3,6408,6408_3,6409,6409_3,603,39,10.25,09:39:00,09:47:59,9
6408_4__6409_4,6408,6408_4,6409,6409_4,3797,1,9.0,12:24:00,12:33:00,12
6408_4__6409_4,6408,6408_4,6409,6409_4,2984,2,8.75,12:24:00,12:33:00,12
6408_4__6409_4,6408,6408_4,6409,6409_4,2685,3,10.266666666666652,12:24:00,12:33:00,12
6408_4__6409_4,6408,6408_4,6409,6409_4,3649,4,9.633333333333326,12:24:00,12:33:00,12
6408_4__6409_4,6408,6408_4,6409,6409_4,3747,5,10.433333333333394,12:24:00,12:33:00,12
6408_4__6409_4,6408,6408_4,6409,6409_4,482,6,9.650000000000091,12:24:00,12:33:00,12
6408_4__6409_4,6408,6408_4,6409,6409_4,709,7,10.633333333333326,12:24:00,12:33:00,12
6408_4__6409_4,6408,6408_4,6409,6409_4,1577,8,8.716666666666697,12:24:00,12:33:00,12
6408_4__6409_4,6408,6408_4,6409,6409_4,990,9,9.116666666666674,12:24:00,12:33:00,12
6408_4__6409_4,6408,6408_4,6409,6409_4,109,10,8.349999999999909,12:24:00,12:33:00,12
6408_4__6409_4,6408,6408_4,6409,6409_4,396,11,7.899999999999977,12:24:00,12:33:00,12
6408_4__6409_4,6408,6408_4,6409,6409_4,1253,12,8.416666666666629,12:24:00,12:33:00,12
6408_4__6409_4,6408,6408_4,6409,6409_4,1554,13,8.233333333333348,12:24:00,12:33:00,12
6408_4__6409_4,6408,6408_4,6409,6409_4,1099,14,8.933333333333394,12:24:00,12:33:00,12
6408_4__6409_4,6408,6408_4,6409,6409_4,168,15,10.866666666666674,12:24:00,12:33:00,12
6408_4__6409_4,6408,6408_4,6409,6409_4,929,16,8.800000000000068,12:24:00,12:33:00,12
6408_4__6409_4,6408,6408_4,6409,6409_4,94,17,9.75,12:24:00,12:33:00,12
6408_4__6409_4,6408,6408_4,6409,6409_4,1080,18,9.56666666666672,12:24:00,12:33:00,12
6408_4__6409_4,6408,6408_4,6409,6409_4,146,19,9.199999999999932,12:24:00,12:33:00,12
6408_4__6409_4,6408,6408_4,6409,6409_4,1089,20,7.933333333333394,12:24:00,12:33:00,12
6408_4__6409_4,6408,6408_4,6409,6409_4,213,21,7.616666666666674,12:24:00,12:33:00,12
6408_4__6409_4,6408,6408_4,6409,6409_4,3907,22,7.100000000000023,12:24:00,12:33:00,12
6408_4__6409_4,6408,6408_4,6409,6409_4,949,23,6.5166666666666515,12:24:00,12:33:00,12
6408_4__6409_4,6408,6408_4,6409,6409_4,913,24,5.4833333333333485,12:24:00,12:33:00,12
6408_4__6409_4,6408,6408_4,6409,6409_4,307,25,6.216666666666583,12:24:00,12:33:00,12
6408_4__6409_4,6408,6408_4,6409,6409_4,212,26,6.2666666666666515,12:24:00,12:33:00,12
6408_4__6409_4,6408,6408_4,6409,6409_4,2665,27,5.883333333333326,12:24:00,12:33:00,12
6408_4__6409_4,6408,6408_4,6409,6409_4,2736,28,5.599999999999909,12:24:00,12:33:00,12
6408_4__6409_4,6408,6408_4,6409,6409_4,705,29,5.7333333333333485,12:24:00,12:33:00,12
6408_4__6409_4,6408,6408_4,6409,6409_4,9979,30,4.699999999999932,12:24:00,12:33:00,12
6408_4__6409_4,6408,6408_4,6409,6409_4,2492,31,8.366666666666674,12:24:00,12:33:00,12
6408_4__6409_4,6408,6408_4,6409,6409_4,946,32,6.583333333333371,12:24:00,12:33:00,12
6408_4__6409_4,6408,6408_4,6409,6409_4,947,33,6.9833333333333485,12:24:00,12:33:00,12
6408_4__6409_4,6408,6408_4,6409,6409_4,327,34,7.383333333333326,12:24:00,12:33:00,12
6408_4__6409_4,6408,6408_4,6409,6409_4,3284,35,8.43333333333328,12:24:00,12:33:00,12
6408_4__6409_4,6408,6408_4,6409,6409_4,3282,36,9.116666666666674,12:24:00,12:33:00,12
6408_4__6409_4,6408,6408_4,6409,6409_4,2583,37,7.7000000000000455,12:24:00,12:33:00,12
6408_4__6409_4,6408,6408_4,6409,6409_4,2590,38,7.600000000000023,12:24:00,12:33:00,12
6408_4__6409_4,6408,6408_4,6409,6409_4,603,39,7.583333333333371,12:24:00,12:33:00,12
6408_5__6409_5,6408,6408_5,6409,6409_5,3797,1,15.86666666666656,15:11:19,15:27:11,15
6408_5__6409_5,6408,6408_5,6409,6409_5,2984,2,14.800000000000068,15:11:19,15:27:11,15
6408_5__6409_5,6408,6408_5,6409,6409_5,3747,5,9.649999999999977,15:11:19,15:27:11,15
6408_5__6409_5,6408,6408_5,6409,6409_5,482,6,9.016666666666652,15:11:19,15:27:11,15
6408_5__6409_5,6408,6408_5,6409,6409_5,709,7,9.766666666666652,15:11:19,15:27:11,15
6408_5__6409_5,6408,6408_5,6409,6409_5,1577,8,10.316666666666606,15:11:19,15:27:11,15
6408_5__6409_5,6408,6408_5,6409,6409_5,990,9,8.833333333333371,15:11:19,15:27:11,15
6408_5__6409_5,6408,6408_5,6409,6409_5,109,10,7.816666666666606,15:11:19,15:27:11,15
6408_5__6409_5,6408,6408_5,6409,6409_5,396,11,6.699999999999932,15:11:19,15:27:11,15
6408_5__6409_5,6408,6408_5,6409,6409_5,1253,12,7.0833333333332575,15:11:19,15:27:11,15
6408_5__6409_5,6408,6408_5,6409,6409_5,1554,13,6.4500000000000455,15:11:19,15:27:11,15
6408_5__6409_5,6408,6408_5,6409,6409_5,1099,14,7.033333333333303,15:11:19,15:27:11,15
6408_5__6409_5,6408,6408_5,6409,6409_5,168,15,5.56666666666672,15:11:19,15:27:11,15
6408_5__6409_5,6408,6408_5,6409,6409_5,929,16,4.783333333333417,15:11:19,15:27:11,15
6408_5__6409_5,6408,6408_5,6409,6409_5,94,17,6.449999999999932,15:11:19,15:27:11,15
6408_5__6409_5,6408,6408_5,6409,6409_5,1080,18,6.533333333333417,15:11:19,15:27:11,15
6408_5__6409_5,6408,6408_5,6409,6409_5,146,19,3.7333333333333485,15:11:19,15:27:11,15
6408_5__6409_5,6408,6408_5,6409,6409_5,1089,20,4.083333333333371,15:11:19,15:27:11,15
6408_5__6409_5,6408,6408_5,6409,6409_5,213,21,4.949999999999932,15:11:19,15:27:11,15
6408_5__6409_5,6408,6408_5,6409,6409_5,3907,22,5.416666666666629,15:11:19,15:27:11,15
6408_5__6409_5,6408,6408_5,6409,6409_5,949,23,5.133333333333326,15:11:19,15:27:11,15
6408_5__6409_5,6408,6408_5,6409,6409_5,913,24,4.900000000000091,15:11:19,15:27:11,15
6408_5__6409_5,6408,6408_5,6409,6409_5,307,25,4.4833333333333485,15:11:19,15:27:11,15
6408_5__6409_5,6408,6408_5,6409,6409_5,212,26,5.5499999999999545,15:11:19,15:27:11,15
6408_5__6409_5,6408,6408_5,6409,6409_5,2665,27,4.866666666666674,15:11:19,15:27:11,15
6408_5__6409_5,6408,6408_5,6409,6409_5,2736,28,6.2000000000000455,15:11:19,15:27:11,15
6408_5__6409_5,6408,6408_5,6409,6409_5,705,29,6.866666666666674,15:11:19,15:27:11,15
6408_5__6409_5,6408,6408_5,6409,6409_5,9979,30,5.8333333333332575,15:11:19,15:27:11,15
6408_5__6409_5,6408,6408_5,6409,6409_5,2492,31,5.883333333333326,15:11:19,15:27:11,15
6408_5__6409_5,6408,6408_5,6409,6409_5,946,32,5.7333333333333485,15:11:19,15:27:11,15
6408_5__6409_5,6408,6408_5,6409,6409_5,947,33,5.25,15:11:19,15:27:11,15
6408_5__6409_5,6408,6408_5,6409,6409_5,327,34,5.100000000000023,15:11:19,15:27:11,15
6408_5__6409_5,6408,6408_5,6409,6409_5,3284,35,4.816666666666606,15:11:19,15:27:11,15
6408_5__6409_5,6408,6408_5,6409,6409_5,3282,36,5.0,15:11:19,15:27:11,15
6408_5__6409_5,6408,6408_5,6409,6409_5,2583,37,4.0499999999999545,15:11:19,15:27:11,15
6408_5__6409_5,6408,6408_5,6409,6409_5,2590,38,5.083333333333371,15:11:19,15:27:11,15
6408_5__6409_5,6408,6408_5,6409,6409_5,603,39,3.6499999999999773,15:11:19,15:27:11,15
6408_6__6056_6,6408,6408_6,6056,6056_6,3797,1,13.299999999999955,18:06:29,18:19:47,18
6408_6__6056_6,6408,6408_6,6056,6056_6,2984,2,15.416666666666742,18:06:29,18:19:47,18
6408_6__6056_6,6408,6408_6,6056,6056_6,2685,3,14.783333333333303,18:06:29,18:19:47,18
6408_6__6056_6,6408,6408_6,6056,6056_6,1253,12,17.166666666666742,18:06:29,18:19:47,18
6408_6__6056_6,6408,6408_6,6056,6056_6,1554,13,16.76666666666665,18:06:29,18:19:47,18
6408_6__6056_6,6408,6408_6,6056,6056_6,1099,14,16.700000000000045,18:06:29,18:19:47,18
6408_6__6056_6,6408,6408_6,6056,6056_6,146,19,5.6666666666667425,18:06:29,18:19:47,18
6408_6__6056_6,6408,6408_6,6056,6056_6,1089,20,4.75,18:06:29,18:19:47,18
6408_6__6056_6,6408,6408_6,6056,6056_6,213,21,4.683333333333394,18:06:29,18:19:47,18
6408_6__6056_6,6408,6408_6,6056,6056_6,3907,22,3.849999999999909,18:06:29,18:19:47,18
6408_6__6056_6,6408,6408_6,6056,6056_6,949,23,3.150000000000091,18:06:29,18:19:47,18
6408_6__6056_6,6408,6408_6,6056,6056_6,913,24,1.8999999999998636,18:06:29,18:19:47,18
6408_6__6056_6,6408,6408_6,6056,6056_6,307,25,2.1499999999998636,18:06:29,18:19:47,18
6408_6__6056_6,6408,6408_6,6056,6056_6,212,26,1.4500000000000455,18:06:29,18:19:47,18
6408_6__6056_6,6408,6408_6,6056,6056_6,2665,27,1.5833333333332575,18:06:29,18:19:47,18
6408_6__6056_6,6408,6408_6,6056,6056_6,2736,28,2.216666666666697,18:06:29,18:19:47,18
6408_6__6056_6,6408,6408_6,6056,6056_6,705,29,1.5166666666666515,18:06:29,18:19:47,18
6408_6__6056_6,6408,6408_6,6056,6056_6,9979,30,1.0499999999999545,18:06:29,18:19:47,18
6408_6__6056_6,6408,6408_6,6056,6056_6,2492,31,1.349999999999909,18:06:29,18:19:47,18
6408_6__6056_6,6408,6408_6,6056,6056_6,946,32,3.766666666666879,18:06:29,18:19:47,18
6408_6__6056_6,6408,6408_6,6056,6056_6,947,33,3.133333333333212,18:06:29,18:19:47,18
6408_6__6056_6,6408,6408_6,6056,6056_6,327,34,2.2000000000000455,18:06:29,18:19:47,18
6408_6__6056_6,6408,6408_6,6056,6056_6,3284,35,1.0166666666666515,18:06:29,18:19:47,18
6408_6__6056_6,6408,6408_6,6056,6056_6,3282,36,1.816666666666606,18:06:29,18:19:47,18
6408_6__6056_6,6408,6408_6,6056,6056_6,2583,37,2.2333333333333485,18:06:29,18:19:47,18
6408_6__6056_6,6408,6408_6,6056,6056_6,2590,38,2.5166666666666515,18:06:29,18:19:47,18
6408_6__6056_6,6408,6408_6,6056,6056_6,603,39,2.599999999999909,18:06:29,18:19:47,18
6409_1__6056_1,6409,6409_1,6056,6056_1,3649,4,9.116666666666674,04:27:44,04:36:51,4
6409_1__6056_1,6409,6409_1,6056,6056_1,3747,5,8.216666666666697,04:27:44,04:36:51,4
6409_1__6056_1,6409,6409_1,6056,6056_1,482,6,7.75,04:27:44,04:36:51,4
6409_1__6056_1,6409,6409_1,6056,6056_1,709,7,8.066666666666663,04:27:44,04:36:51,4
6409_1__6056_1,6409,6409_1,6056,6056_1,1577,8,7.866666666666617,04:27:44,04:36:51,4
6409_1__6056_1,6409,6409_1,6056,6056_1,109,10,6.5166666666666515,04:27:44,04:36:51,4
6409_1__6056_1,6409,6409_1,6056,6056_1,396,11,7.566666666666663,04:27:44,04:36:51,4
6409_1__6056_1,6409,6409_1,6056,6056_1,1253,12,5.616666666666674,04:27:44,04:36:51,4
6409_1__6056_1,6409,6409_1,6056,6056_1,1554,13,6.633333333333326,04:27:44,04:36:51,4
6409_1__6056_1,6409,6409_1,6056,6056_1,1099,14,7.7999999999999545,04:27:44,04:36:51,4
6409_1__6056_1,6409,6409_1,6056,6056_1,168,15,6.5166666666666515,04:27:44,04:36:51,4
6409_1__6056_1,6409,6409_1,6056,6056_1,929,16,6.133333333333326,04:27:44,04:36:51,4
6409_1__6056_1,6409,6409_1,6056,6056_1,94,17,5.566666666666663,04:27:44,04:36:51,4
6409_1__6056_1,6409,6409_1,6056,6056_1,1080,18,6.300000000000011,04:27:44,04:36:51,4
6409_1__6056_1,6409,6409_1,6056,6056_1,146,19,4.866666666666674,04:27:44,04:36:51,4
6409_1__6056_1,6409,6409_1,6056,6056_1,1089,20,5.616666666666674,04:27:44,04:36:51,4
6409_1__6056_1,6409,6409_1,6056,6056_1,213,21,5.300000000000011,04:27:44,04:36:51,4
6409_1__6056_1,6409,6409_1,6056,6056_1,3907,22,4.75,04:27:44,04:36:51,4
6409_1__6056_1,6409,6409_1,6056,6056_1,949,23,5.683333333333337,04:27:44,04:36:51,4
6409_1__6056_1,6409,6409_1,6056,6056_1,913,24,6.383333333333326,04:27:44,04:36:51,4
6409_1__6056_1,6409,6409_1,6056,6056_1,307,25,5.800000000000011,04:27:44,04:36:51,4
6409_1__6056_1,6409,6409_1,6056,6056_1,212,26,5.949999999999989,04:27:44,04:36:51,4
6409_1__6056_1,6409,6409_1,6056,6056_1,2665,27,6.666666666666629,04:27:44,04:36:51,4
6409_1__6056_1,6409,6409_1,6056,6056_1,705,29,3.7666666666666515,04:27:44,04:36:51,4
6409_1__6056_1,6409,6409_1,6056,6056_1,9979,30,4.399999999999977,04:27:44,04:36:51,4
6409_1__6056_1,6409,6409_1,6056,6056_1,2492,31,4.399999999999977,04:27:44,04:36:51,4
6409_1__6056_1,6409,6409_1,6056,6056_1,946,32,4.149999999999977,04:27:44,04:36:51,4
6409_1__6056_1,6409,6409_1,6056,6056_1,947,33,4.433333333333337,04:27:44,04:36:51,4
6409_1__6056_1,6409,6409_1,6056,6056_1,327,34,3.283333333333303,04:27:44,04:36:51,4
6409_1__6056_1,6409,6409_1,6056,6056_1,3284,35,3.6999999999999886,04:27:44,04:36:51,4
6409_1__6056_1,6409,6409_1,6056,6056_1,3282,36,3.3333333333333144,04:27:44,04:36:51,4
6409_1__6056_1,6409,6409_1,6056,6056_1,2583,37,3.066666666666663,04:27:44,04:36:51,4
6409_1__6056_1,6409,6409_1,6056,6056_1,2590,38,3.849999999999966,04:27:44,04:36:51,4
6409_1__6056_1,6409,6409_1,6056,6056_1,603,39,4.833333333333314,04:27:44,04:36:51,4
6409_2__6056_2,6409,6409_2,6056,6056_2,3797,1,8.0,07:04:00,07:12:00,7
6409_2__6056_2,6409,6409_2,6056,6056_2,2984,2,8.433333333333337,07:04:00,07:12:00,7
6409_2__6056_2,6409,6409_2,6056,6056_2,2685,3,7.583333333333314,07:04:00,07:12:00,7
6409_2__6056_2,6409,6409_2,6056,6056_2,3649,4,8.383333333333383,07:04:00,07:12:00,7
6409_2__6056_2,6409,6409_2,6056,6056_2,482,6,4.866666666666674,07:04:00,07:12:00,7
6409_2__6056_2,6409,6409_2,6056,6056_2,709,7,5.0499999999999545,07:04:00,07:12:00,7
6409_2__6056_2,6409,6409_2,6056,6056_2,1577,8,3.8833333333333258,07:04:00,07:12:00,7
6409_2__6056_2,6409,6409_2,6056,6056_2,990,9,4.616666666666617,07:04:00,07:12:00,7
6409_2__6056_2,6409,6409_2,6056,6056_2,109,10,2.9166666666666856,07:04:00,07:12:00,7
6409_2__6056_2,6409,6409_2,6056,6056_2,396,11,5.483333333333292,07:04:00,07:12:00,7
6409_2__6056_2,6409,6409_2,6056,6056_2,1253,12,6.083333333333371,07:04:00,07:12:00,7
6409_2__6056_2,6409,6409_2,6056,6056_2,1554,13,6.316666666666663,07:04:00,07:12:00,7
6409_2__6056_2,6409,6409_2,6056,6056_2,1099,14,6.350000000000023,07:04:00,07:12:00,7
6409_2__6056_2,6409,6409_2,6056,6056_2,94,17,2.1166666666666742,07:04:00,07:12:00,7
6409_2__6056_2,6409,6409_2,6056,6056_2,1080,18,3.2666666666666515,07:04:00,07:12:00,7
6409_2__6056_2,6409,6409_2,6056,6056_2,146,19,4.600000000000023,07:04:00,07:12:00,7
6409_2__6056_2,6409,6409_2,6056,6056_2,1089,20,5.866666666666674,07:04:00,07:12:00,7
6409_2__6056_2,6409,6409_2,6056,6056_2,213,21,6.600000000000023,07:04:00,07:12:00,7
6409_2__6056_2,6409,6409_2,6056,6056_2,3907,22,7.083333333333371,07:04:00,07:12:00,7
6409_2__6056_2,6409,6409_2,6056,6056_2,949,23,7.03333333333336,07:04:00,07:12:00,7
6409_2__6056_2,6409,6409_2,6056,6056_2,212,26,4.5166666666666515,07:04:00,07:12:00,7
6409_2__6056_2,6409,6409_2,6056,6056_2,2665,27,5.03333333333336,07:04:00,07:12:00,7
6409_2__6056_2,6409,6409_2,6056,6056_2,2736,28,4.433333333333337,07:04:00,07:12:00,7
6409_2__6056_2,6409,6409_2,6056,6056_2,705,29,5.083333333333314,07:04:00,07:12:00,7
6409_2__6056_2,6409,6409_2,6056,6056_2,9979,30,5.416666666666629,07:04:00,07:12:00,7
6409_2__6056_2,6409,6409_2,6056,6056_2,2492,31,5.5166666666666515,07:04:00,07:12:00,7
6409_2__6056_2,6409,6409_2,6056,6056_2,946,32,7.899999999999977,07:04:00,07:12:00,7
6409_2__6056_2,6409,6409_2,6056,6056_2,947,33,8.366666666666674,07:04:00,07:12:00,7
6409_2__6056_2,6409,6409_2,6056,6056_2,327,34,6.433333333333337,07:04:00,07:12:00,7
6409_2__6056_2,6409,6409_2,6056,6056_2,3284,35,7.683333333333337,07:04:00,07:12:00,7
6409_2__6056_2,6409,6409_2,6056,6056_2,3282,36,7.5166666666666515,07:04:00,07:12:00,7
6409_2__6056_2,6409,6409_2,6056,6056_2,2583,37,7.849999999999966,07:04:00,07:12:00,7
6409_2__6056_2,6409,6409_2,6056,6056_2,2590,38,9.28333333333336,07:04:00,07:12:00,7
6409_2__6056_2,6409,6409_2,6056,6056_2,603,39,10.25,07:04:00,07:12:00,7
6409_3__6056_3,6409,6409_3,6056,6056_3,3797,1,8.016666666666652,09:47:59,09:56:00,9
6409_3__6056_3,6409,6409_3,6056,6056_3,2984,2,8.333333333333258,09:47:59,09:56:00,9
6409_3__6056_3,6409,6409_3,6056,6056_3,2685,3,8.416666666666629,09:47:59,09:56:00,9
6409_3__6056_3,6409,6409_3,6056,6056_3,3649,4,6.9500000000000455,09:47:59,09:56:00,9
6409_3__6056_3,6409,6409_3,6056,6056_3,3747,5,6.083333333333371,09:47:59,09:56:00,9
6409_3__6056_3,6409,6409_3,6056,6056_3,482,6,6.25,09:47:59,09:56:00,9
6409_3__6056_3,6409,6409_3,6056,6056_3,709,7,5.9166666666667425,09:47:59,09:56:00,9
6409_3__6056_3,6409,6409_3,6056,6056_3,1577,8,5.4166666666667425,09:47:59,09:56:00,9
6409_3__6056_3,6409,6409_3,6056,6056_3,990,9,4.933333333333394,09:47:59,09:56:00,9
6409_3__6056_3,6409,6409_3,6056,6056_3,109,10,3.949999999999932,09:47:59,09:56:00,9
6409_3__6056_3,6409,6409_3,6056,6056_3,396,11,3.0,09:47:59,09:56:00,9
6409_3__6056_3,6409,6409_3,6056,6056_3,1253,12,3.2666666666666515,09:47:59,09:56:00,9
6409_3__6056_3,6409,6409_3,6056,6056_3,1554,13,3.3666666666666742,09:47:59,09:56:00,9
6409_3__6056_3,6409,6409_3,6056,6056_3,1099,14,2.7999999999999545,09:47:59,09:56:00,9
6409_3__6056_3,6409,6409_3,6056,6056_3,168,15,4.333333333333371,09:47:59,09:56:00,9
6409_3__6056_3,6409,6409_3,6056,6056_3,929,16,3.25,09:47:59,09:56:00,9
6409_3__6056_3,6409,6409_3,6056,6056_3,94,17,3.4333333333332803,09:47:59,09:56:00,9
6409_3__6056_3,6409,6409_3,6056,6056_3,1080,18,2.8999999999999773,09:47:59,09:56:00,9
6409_3__6056_3,6409,6409_3,6056,6056_3,146,19,3.283333333333303,09:47:59,09:56:00,9
6409_3__6056_3,6409,6409_3,6056,6056_3,1089,20,1.9500000000000455,09:47:59,09:56:00,9
6409_3__6056_3,6409,6409_3,6056,6056_3,213,21,1.2666666666666515,09:47:59,09:56:00,9
6409_3__6056_3,6409,6409_3,6056,6056_3,3907,22,3.1166666666666742,09:47:59,09:56:00,9
6409_3__6056_3,6409,6409_3,6056,6056_3,949,23,4.033333333333303,09:47:59,09:56:00,9
6409_3__6056_3,6409,6409_3,6056,6056_3,913,24,4.56666666666672,09:47:59,09:56:00,9
6409_3__6056_3,6409,6409_3,6056,6056_3,307,25,4.583333333333371,09:47:59,09:56:00,9
6409_3__6056_3,6409,6409_3,6056,6056_3,212,26,4.699999999999932,09:47:59,09:56:00,9
6409_3__6056_3,6409,6409_3,6056,6056_3,2665,27,4.816666666666606,09:47:59,09:56:00,9
6409_3__6056_3,6409,6409_3,6056,6056_3,2736,28,4.483333333333235,09:47:59,09:56:00,9
6409_3__6056_3,6409,6409_3,6056,6056_3,705,29,5.2333333333333485,09:47:59,09:56:00,9
6409_3__6056_3,6409,6409_3,6056,6056_3,9979,30,5.600000000000023,09:47:59,09:56:00,9
6409_3__6056_3,6409,6409_3,6056,6056_3,2583,37,9.266666666666652,09:47:59,09:56:00,9
6409_3__6056_3,6409,6409_3,6056,6056_3,2590,38,9.333333333333371,09:47:59,09:56:00,9
6409_3__6056_3,6409,6409_3,6056,6056_3,603,39,9.199999999999932,09:47:59,09:56:00,9
6409_4__6056_4,6409,6409_4,6056,6056_4,3797,1,7.9833333333333485,12:33:00,12:40:59,12
6409_4__6056_4,6409,6409_4,6056,6056_4,2984,2,11.616666666666674,12:33:00,12:40:59,12
6409_4__6056_4,6409,6409_4,6056,6056_4,2685,3,11.216666666666697,12:33:00,12:40:59,12
6409_4__6056_4,6409,6409_4,6056,6056_4,3649,4,11.800000000000068,12:33:00,12:40:59,12
6409_4__6056_4,6409,6409_4,6056,6056_4,3747,5,12.716666666666583,12:33:00,12:40:59,12
6409_4__6056_4,6409,6409_4,6056,6056_4,482,6,12.949999999999932,12:33:00,12:40:59,12
6409_4__6056_4,6409,6409_4,6056,6056_4,709,7,12.583333333333258,12:33:00,12:40:59,12
6409_4__6056_4,6409,6409_4,6056,6056_4,1577,8,13.43333333333328,12:33:00,12:40:59,12
6409_4__6056_4,6409,6409_4,6056,6056_4,990,9,12.849999999999909,12:33:00,12:40:59,12
6409_4__6056_4,6409,6409_4,6056,6056_4,109,10,12.06666666666672,12:33:00,12:40:59,12
6409_4__6056_4,6409,6409_4,6056,6056_4,396,11,13.266666666666652,12:33:00,12:40:59,12
6409_4__6056_4,6409,6409_4,6056,6056_4,1253,12,13.116666666666674,12:33:00,12:40:59,12
6409_4__6056_4,6409,6409_4,6056,6056_4,1554,13,14.266666666666652,12:33:00,12:40:59,12
6409_4__6056_4,6409,6409_4,6056,6056_4,1099,14,13.849999999999909,12:33:00,12:40:59,12
6409_4__6056_4,6409,6409_4,6056,6056_4,168,15,13.333333333333371,12:33:00,12:40:59,12
6409_4__6056_4,6409,6409_4,6056,6056_4,929,16,14.833333333333258,12:33:00,12:40:59,12
6409_4__6056_4,6409,6409_4,6056,6056_4,94,17,13.849999999999909,12:33:00,12:40:59,12
6409_4__6056_4,6409,6409_4,6056,6056_4,1089,20,17.833333333333258,12:33:00,12:40:59,12
6409_4__6056_4,6409,6409_4,6056,6056_4,213,21,18.850000000000023,12:33:00,12:40:59,12
6409_4__6056_4,6409,6409_4,6056,6056_4,3907,22,19.08333333333337,12:33:00,12:40:59,12
6409_4__6056_4,6409,6409_4,6056,6056_4,949,23,19.48333333333335,12:33:00,12:40:59,12
6409_4__6056_4,6409,6409_4,6056,6056_4,913,24,20.050000000000068,12:33:00,12:40:59,12
6409_4__6056_4,6409,6409_4,6056,6056_4,307,25,19.950000000000045,12:33:00,12:40:59,12
6409_4__6056_4,6409,6409_4,6056,6056_4,212,26,20.0,12:33:00,12:40:59,12
6409_4__6056_4,6409,6409_4,6056,6056_4,2665,27,19.533333333333417,12:33:00,12:40:59,12
6409_4__6056_4,6409,6409_4,6056,6056_4,2736,28,20.050000000000068,12:33:00,12:40:59,12
6409_4__6056_4,6409,6409_4,6056,6056_4,705,29,21.333333333333258,12:33:00,12:40:59,12
6409_4__6056_4,6409,6409_4,6056,6056_4,9979,30,22.016666666666765,12:33:00,12:40:59,12
6409_4__6056_4,6409,6409_4,6056,6056_4,3282,36,23.68333333333328,12:33:00,12:40:59,12
6409_5__6074_1,6409,6409_5,6074,6074_1,2984,2,8.18333333333328,15:29:29,15:37:40,15
6409_5__6074_1,6409,6409_5,6074,6074_1,3747,5,18.350000000000023,15:29:29,15:37:40,15
6409_5__6074_1,6409,6409_5,6074,6074_1,482,6,18.350000000000023,15:29:29,15:37:40,15
6409_5__6074_1,6409,6409_5,6074,6074_1,1577,8,14.083333333333371,15:29:29,15:37:40,15
6409_5__6074_1,6409,6409_5,6074,6074_1,990,9,14.93333333333328,15:29:29,15:37:40,15
6409_5__6074_1,6409,6409_5,6074,6074_1,109,10,15.583333333333371,15:29:29,15:37:40,15
6409_5__6074_1,6409,6409_5,6074,6074_1,396,11,17.300000000000068,15:29:29,15:37:40,15
6409_5__6074_1,6409,6409_5,6074,6074_1,1253,12,16.73333333333335,15:29:29,15:37:40,15
6409_5__6074_1,6409,6409_5,6074,6074_1,1554,13,16.26666666666665,15:29:29,15:37:40,15
6409_5__6074_1,6409,6409_5,6074,6074_1,1099,14,15.533333333333303,15:29:29,15:37:40,15
6409_5__6074_1,6409,6409_5,6074,6074_1,168,15,15.483333333333348,15:29:29,15:37:40,15
6409_5__6074_1,6409,6409_5,6074,6074_1,929,16,16.41666666666663,15:29:29,15:37:40,15
6409_5__6074_1,6409,6409_5,6074,6074_1,94,17,14.716666666666697,15:29:29,15:37:40,15
6409_5__6074_1,6409,6409_5,6074,6074_1,1080,18,13.533333333333303,15:29:29,15:37:40,15
6409_5__6074_1,6409,6409_5,6074,6074_1,146,19,15.416666666666742,15:29:29,15:37:40,15
6409_5__6074_1,6409,6409_5,6074,6074_1,1089,20,14.533333333333303,15:29:29,15:37:40,15
6409_5__6074_1,6409,6409_5,6074,6074_1,213,21,16.050000000000068,15:29:29,15:37:40,15
6409_5__6074_1,6409,6409_5,6074,6074_1,3907,22,15.616666666666674,15:29:29,15:37:40,15
6409_5__6074_1,6409,6409_5,6074,6074_1,949,23,15.43333333333328,15:29:29,15:37:40,15
6409_5__6074_1,6409,6409_5,6074,6074_1,913,24,15.349999999999909,15:29:29,15:37:40,15
6409_5__6074_1,6409,6409_5,6074,6074_1,307,25,15.283333333333303,15:29:29,15:37:40,15
6409_5__6074_1,6409,6409_5,6074,6074_1,212,26,15.316666666666606,15:29:29,15:37:40,15
6409_5__6074_1,6409,6409_5,6074,6074_1,2665,27,16.58333333333337,15:29:29,15:37:40,15
6409_5__6074_1,6409,6409_5,6074,6074_1,2736,28,14.849999999999909,15:29:29,15:37:40,15
6409_5__6074_1,6409,6409_5,6074,6074_1,705,29,14.866666666666674,15:29:29,15:37:40,15
6409_5__6074_1,6409,6409_5,6074,6074_1,9979,30,13.716666666666697,15:29:29,15:37:40,15
6409_5__6074_1,6409,6409_5,6074,6074_1,2492,31,13.0,15:29:29,15:37:40,15
6409_5__6074_1,6409,6409_5,6074,6074_1,946,32,13.333333333333258,15:29:29,15:37:40,15
6409_5__6074_1,6409,6409_5,6074,6074_1,947,33,12.81666666666672,15:29:29,15:37:40,15
6409_5__6074_1,6409,6409_5,6074,6074_1,327,34,12.883333333333326,15:29:29,15:37:40,15
6409_5__6074_1,6409,6409_5,6074,6074_1,3284,35,13.016666666666652,15:29:29,15:37:40,15
6409_5__6074_1,6409,6409_5,6074,6074_1,3282,36,13.466666666666697,15:29:29,15:37:40,15
6409_5__6074_1,6409,6409_5,6074,6074_1,2583,37,13.716666666666697,15:29:29,15:37:40,15
6409_5__6074_1,6409,6409_5,6074,6074_1,2590,38,12.883333333333326,15:29:29,15:37:40,15
6409_5__6074_1,6409,6409_5,6074,6074_1,603,39,14.75,15:29:29,15:37:40,15
6409_6__6074_2,6409,6409_6,6074,6074_2,2984,2,9.200000000000045,18:23:48,18:33:00,18
6409_6__6074_2,6409,6409_6,6074,6074_2,2685,3,9.283333333333303,18:23:48,18:33:00,18
6409_6__6074_2,6409,6409_6,6074,6074_2,3649,4,7.283333333333303,18:23:48,18:33:00,18
6409_6__6074_2,6409,6409_6,6074,6074_2,3747,5,6.133333333333439,18:23:48,18:33:00,18
6409_6__6074_2,6409,6409_6,6074,6074_2,482,6,6.53333333333353,18:23:48,18:33:00,18
6409_6__6074_2,6409,6409_6,6074,6074_2,709,7,5.966666666666697,18:23:48,18:33:00,18
6409_6__6074_2,6409,6409_6,6074,6074_2,1577,8,5.9166666666667425,18:23:48,18:33:00,18
6409_6__6074_2,6409,6409_6,6074,6074_2,990,9,6.1666666666667425,18:23:48,18:33:00,18
6409_6__6074_2,6409,6409_6,6074,6074_2,109,10,6.2666666666666515,18:23:48,18:33:00,18
6409_6__6074_2,6409,6409_6,6074,6074_2,396,11,5.25,18:23:48,18:33:00,18
6409_6__6074_2,6409,6409_6,6074,6074_2,168,15,3.2000000000000455,18:23:48,18:33:00,18
6409_6__6074_2,6409,6409_6,6074,6074_2,929,16,3.0333333333335304,18:23:48,18:33:00,18
6409_6__6074_2,6409,6409_6,6074,6074_2,94,17,3.133333333333212,18:23:48,18:33:00,18
6409_6__6074_2,6409,6409_6,6074,6074_2,1080,18,2.9166666666667425,18:23:48,18:33:00,18
6409_6__6074_2,6409,6409_6,6074,6074_2,146,19,3.0499999999999545,18:23:48,18:33:00,18
6409_6__6074_2,6409,6409_6,6074,6074_2,1089,20,2.7333333333333485,18:23:48,18:33:00,18
6409_6__6074_2,6409,6409_6,6074,6074_2,213,21,2.216666666666697,18:23:48,18:33:00,18
6409_6__6074_2,6409,6409_6,6074,6074_2,3907,22,1.333333333333485,18:23:48,18:33:00,18
6409_6__6074_2,6409,6409_6,6074,6074_2,949,23,1.2000000000000455,18:23:48,18:33:00,18
6409_6__6074_2,6409,6409_6,6074,6074_2,913,24,1.3999999999998636,18:23:48,18:33:00,18
6409_6__6074_2,6409,6409_6,6074,6074_2,307,25,1.1166666666665606,18:23:48,18:33:00,18
6409_6__6074_2,6409,6409_6,6074,6074_2,212,26,2.0166666666666515,18:23:48,18:33:00,18
6409_6__6074_2,6409,6409_6,6074,6074_2,2736,28,1.4500000000000455,18:23:48,18:33:00,18
6409_6__6074_2,6409,6409_6,6074,6074_2,946,32,1.599999999999909,18:23:48,18:33:00,18
6409_6__6074_2,6409,6409_6,6074,6074_2,947,33,2.033333333333303,18:23:48,18:33:00,18
6409_6__6074_2,6409,6409_6,6074,6074_2,327,34,3.133333333333212,18:23:48,18:33:00,18
6409_6__6074_2,6409,6409_6,6074,6074_2,3284,35,3.25,18:23:48,18:33:00,18
6409_6__6074_2,6409,6409_6,6074,6074_2,3282,36,1.383333333333212,18:23:48,18:33:00,18
6409_6__6074_2,6409,6409_6,6074,6074_2,2583,37,1.4833333333333485,18:23:48,18:33:00,18
6413_1__6026_1,6413,6413_1,6026,6026_1,2984,2,13.966666666666697,04:49:27,05:03:25,4
6413_1__6026_1,6413,6413_1,6026,6026_1,2685,3,15.133333333333326,04:49:27,05:03:25,4
6413_1__6026_1,6413,6413_1,6026,6026_1,3649,4,16.44999999999999,04:49:27,05:03:25,4
6413_1__6026_1,6413,6413_1,6026,6026_1,3747,5,16.533333333333303,04:49:27,05:03:25,4
6413_1__6026_1,6413,6413_1,6026,6026_1,482,6,15.666666666666629,04:49:27,05:03:25,4
6413_1__6026_1,6413,6413_1,6026,6026_1,709,7,16.933333333333337,04:49:27,05:03:25,4
6413_1__6026_1,6413,6413_1,6026,6026_1,1577,8,16.933333333333337,04:49:27,05:03:25,4
6413_1__6026_1,6413,6413_1,6026,6026_1,990,9,16.71666666666664,04:49:27,05:03:25,4
6413_1__6026_1,6413,6413_1,6026,6026_1,109,10,16.150000000000034,04:49:27,05:03:25,4
6413_1__6026_1,6413,6413_1,6026,6026_1,396,11,15.900000000000034,04:49:27,05:03:25,4
6413_1__6026_1,6413,6413_1,6026,6026_1,1253,12,16.69999999999999,04:49:27,05:03:25,4
6413_1__6026_1,6413,6413_1,6026,6026_1,1554,13,17.366666666666674,04:49:27,05:03:25,4
6413_1__6026_1,6413,6413_1,6026,6026_1,1099,14,17.149999999999977,04:49:27,05:03:25,4
6413_1__6026_1,6413,6413_1,6026,6026_1,168,15,18.083333333333314,04:49:27,05:03:25,4
6413_1__6026_1,6413,6413_1,6026,6026_1,929,16,17.883333333333326,04:49:27,05:03:25,4
6413_1__6026_1,6413,6413_1,6026,6026_1,94,17,17.96666666666664,04:49:27,05:03:25,4
6413_1__6026_1,6413,6413_1,6026,6026_1,1080,18,17.98333333333335,04:49:27,05:03:25,4
6413_1__6026_1,6413,6413_1,6026,6026_1,146,19,19.100000000000023,04:49:27,05:03:25,4
6413_1__6026_1,6413,6413_1,6026,6026_1,1089,20,18.966666666666697,04:49:27,05:03:25,4
6413_1__6026_1,6413,6413_1,6026,6026_1,213,21,19.28333333333336,04:49:27,05:03:25,4
6413_1__6026_1,6413,6413_1,6026,6026_1,3907,22,19.299999999999955,04:49:27,05:03:25,4
6413_1__6026_1,6413,6413_1,6026,6026_1,949,23,19.933333333333337,04:49:27,05:03:25,4
6413_1__6026_1,6413,6413_1,6026,6026_1,913,24,19.80000000000001,04:49:27,05:03:25,4
6413_1__6026_1,6413,6413_1,6026,6026_1,307,25,19.816666666666663,04:49:27,05:03:25,4
6413_1__6026_1,6413,6413_1,6026,6026_1,212,26,20.350000000000023,04:49:27,05:03:25,4
6413_1__6026_1,6413,6413_1,6026,6026_1,2665,27,21.44999999999999,04:49:27,05:03:25,4
6413_1__6026_1,6413,6413_1,6026,6026_1,2736,28,21.55000000000001,04:49:27,05:03:25,4
6413_1__6026_1,6413,6413_1,6026,6026_1,705,29,22.533333333333303,04:49:27,05:03:25,4
6413_1__6026_1,6413,6413_1,6026,6026_1,9979,30,23.383333333333326,04:49:27,05:03:25,4
6413_1__6026_1,6413,6413_1,6026,6026_1,2492,31,23.716666666666697,04:49:27,05:03:25,4
6413_1__6026_1,6413,6413_1,6026,6026_1,946,32,23.650000000000034,04:49:27,05:03:25,4
6413_1__6026_1,6413,6413_1,6026,6026_1,947,33,23.316666666666663,04:49:27,05:03:25,4
6413_1__6026_1,6413,6413_1,6026,6026_1,327,34,23.01666666666671,04:49:27,05:03:25,4
6413_1__6026_1,6413,6413_1,6026,6026_1,3284,35,23.333333333333314,04:49:27,05:03:25,4
6413_1__6026_1,6413,6413_1,6026,6026_1,3282,36,23.799999999999955,04:49:27,05:03:25,4
6413_1__6026_1,6413,6413_1,6026,6026_1,2583,37,23.883333333333326,04:49:27,05:03:25,4
6413_1__6026_1,6413,6413_1,6026,6026_1,603,39,23.23333333333335,04:49:27,05:03:25,4
6413_3__1403_2,6413,6413_3,1403,1403_2,3797,1,9.0,10:21:59,10:30:59,10
6413_3__1403_2,6413,6413_3,1403,1403_2,2984,2,7.7999999999999545,10:21:59,10:30:59,10
6413_3__1403_2,6413,6413_3,1403,1403_2,2685,3,8.18333333333328,10:21:59,10:30:59,10
6413_3__1403_2,6413,6413_3,1403,1403_2,109,10,7.600000000000023,10:21:59,10:30:59,10
6413_3__1403_2,6413,6413_3,1403,1403_2,396,11,8.083333333333371,10:21:59,10:30:59,10
6413_3__1403_2,6413,6413_3,1403,1403_2,1253,12,7.966666666666697,10:21:59,10:30:59,10
6413_3__1403_2,6413,6413_3,1403,1403_2,1554,13,7.75,10:21:59,10:30:59,10
6413_3__1403_2,6413,6413_3,1403,1403_2,1099,14,7.2333333333333485,10:21:59,10:30:59,10
6413_3__1403_2,6413,6413_3,1403,1403_2,94,17,5.766666666666765,10:21:59,10:30:59,10
6413_3__1403_2,6413,6413_3,1403,1403_2,1080,18,7.56666666666672,10:21:59,10:30:59,10
6413_3__1403_2,6413,6413_3,1403,1403_2,146,19,7.650000000000091,10:21:59,10:30:59,10
6413_3__1403_2,6413,6413_3,1403,1403_2,3907,22,8.483333333333348,10:21:59,10:30:59,10
6413_3__1403_2,6413,6413_3,1403,1403_2,913,24,9.033333333333303,10:21:59,10:30:59,10
6413_3__1403_2,6413,6413_3,1403,1403_2,307,25,8.600000000000023,10:21:59,10:30:59,10
6413_3__1403_2,6413,6413_3,1403,1403_2,2736,28,10.5,10:21:59,10:30:59,10
6413_3__1403_2,6413,6413_3,1403,1403_2,705,29,11.0,10:21:59,10:30:59,10
6413_3__1403_2,6413,6413_3,1403,1403_2,9979,30,11.099999999999909,10:21:59,10:30:59,10
6413_3__1403_2,6413,6413_3,1403,1403_2,2492,31,10.783333333333303,10:21:59,10:30:59,10
6413_3__1403_2,6413,6413_3,1403,1403_2,946,32,10.466666666666697,10:21:59,10:30:59,10
6413_3__1403_2,6413,6413_3,1403,1403_2,947,33,10.06666666666672,10:21:59,10:30:59,10
6413_3__1403_2,6413,6413_3,1403,1403_2,327,34,10.0,10:21:59,10:30:59,10
6413_3__1403_2,6413,6413_3,1403,1403_2,3284,35,10.433333333333394,10:21:59,10:30:59,10
6413_3__1403_2,6413,6413_3,1403,1403_2,3282,36,10.350000000000023,10:21:59,10:30:59,10
6413_3__1403_2,6413,6413_3,1403,1403_2,2583,37,10.933333333333394,10:21:59,10:30:59,10
6413_3__1403_2,6413,6413_3,1403,1403_2,2590,38,11.349999999999909,10:21:59,10:30:59,10
6413_3__1403_2,6413,6413_3,1403,1403_2,603,39,9.866666666666674,10:21:59,10:30:59,10
6413_4__6075_1,6413,6413_4,6075,6075_1,3747,5,13.549999999999955,13:16:15,13:29:48,13
6413_4__6075_1,6413,6413_4,6075,6075_1,709,7,11.966666666666583,13:16:15,13:29:48,13
6413_4__6075_1,6413,6413_4,6075,6075_1,990,9,12.600000000000023,13:16:15,13:29:48,13
6413_4__6075_1,6413,6413_4,6075,6075_1,396,11,13.266666666666765,13:16:15,13:29:48,13
6413_4__6075_1,6413,6413_4,6075,6075_1,1253,12,13.166666666666629,13:16:15,13:29:48,13
6413_4__6075_1,6413,6413_4,6075,6075_1,1554,13,13.25,13:16:15,13:29:48,13
6413_4__6075_1,6413,6413_4,6075,6075_1,1099,14,12.5,13:16:15,13:29:48,13
6413_4__6075_1,6413,6413_4,6075,6075_1,168,15,11.166666666666629,13:16:15,13:29:48,13
6413_4__6075_1,6413,6413_4,6075,6075_1,929,16,11.383333333333326,13:16:15,13:29:48,13
6413_4__6075_1,6413,6413_4,6075,6075_1,1080,18,12.216666666666697,13:16:15,13:29:48,13
6413_4__6075_1,6413,6413_4,6075,6075_1,213,21,10.766666666666652,13:16:15,13:29:48,13
6413_4__6075_1,6413,6413_4,6075,6075_1,3907,22,9.333333333333371,13:16:15,13:29:48,13
6413_4__6075_1,6413,6413_4,6075,6075_1,949,23,9.5,13:16:15,13:29:48,13
6413_4__6075_1,6413,6413_4,6075,6075_1,913,24,8.583333333333258,13:16:15,13:29:48,13
6413_4__6075_1,6413,6413_4,6075,6075_1,307,25,8.299999999999955,13:16:15,13:29:48,13
6413_4__6075_1,6413,6413_4,6075,6075_1,212,26,9.083333333333371,13:16:15,13:29:48,13
6413_4__6075_1,6413,6413_4,6075,6075_1,2665,27,8.716666666666583,13:16:15,13:29:48,13
6413_4__6075_1,6413,6413_4,6075,6075_1,2736,28,7.866666666666674,13:16:15,13:29:48,13
6413_4__6075_1,6413,6413_4,6075,6075_1,705,29,6.966666666666697,13:16:15,13:29:48,13
6413_4__6075_1,6413,6413_4,6075,6075_1,9979,30,6.7999999999999545,13:16:15,13:29:48,13
6413_4__6075_1,6413,6413_4,6075,6075_1,2492,31,6.633333333333326,13:16:15,13:29:48,13
6413_4__6075_1,6413,6413_4,6075,6075_1,946,32,3.9500000000000455,13:16:15,13:29:48,13
6413_4__6075_1,6413,6413_4,6075,6075_1,947,33,4.2000000000000455,13:16:15,13:29:48,13
6413_4__6075_1,6413,6413_4,6075,6075_1,327,34,2.9500000000000455,13:16:15,13:29:48,13
6413_4__6075_1,6413,6413_4,6075,6075_1,3284,35,3.7666666666666515,13:16:15,13:29:48,13
6413_4__6075_1,6413,6413_4,6075,6075_1,3282,36,3.3666666666666742,13:16:15,13:29:48,13
6413_4__6075_1,6413,6413_4,6075,6075_1,2583,37,3.3999999999999773,13:16:15,13:29:48,13
6413_4__6075_1,6413,6413_4,6075,6075_1,2590,38,1.2666666666666515,13:16:15,13:29:48,13
6413_4__6075_1,6413,6413_4,6075,6075_1,603,39,6.18333333333328,13:16:15,13:29:48,13
6413_5__6075_2,6413,6413_5,6075,6075_2,2984,2,15.833333333333371,15:59:46,16:15:36,15
6413_5__6075_2,6413,6413_5,6075,6075_2,1577,8,12.833333333333371,15:59:46,16:15:36,15
6413_5__6075_2,6413,6413_5,6075,6075_2,1099,14,16.350000000000023,15:59:46,16:15:36,15
6413_5__6075_2,6413,6413_5,6075,6075_2,168,15,15.450000000000045,15:59:46,16:15:36,15
6413_5__6075_2,6413,6413_5,6075,6075_2,929,16,15.116666666666674,15:59:46,16:15:36,15
6413_5__6075_2,6413,6413_5,6075,6075_2,94,17,16.783333333333417,15:59:46,16:15:36,15
6413_5__6075_2,6413,6413_5,6075,6075_2,1080,18,15.799999999999955,15:59:46,16:15:36,15
6413_5__6075_2,6413,6413_5,6075,6075_2,1089,20,13.850000000000023,15:59:46,16:15:36,15
6413_5__6075_2,6413,6413_5,6075,6075_2,212,26,13.549999999999955,15:59:46,16:15:36,15
6413_5__6075_2,6413,6413_5,6075,6075_2,2492,31,18.5,15:59:46,16:15:36,15
6413_5__6075_2,6413,6413_5,6075,6075_2,946,32,17.716666666666697,15:59:46,16:15:36,15
6413_5__6075_2,6413,6413_5,6075,6075_2,947,33,18.34999999999991,15:59:46,16:15:36,15
6413_5__6075_2,6413,6413_5,6075,6075_2,327,34,18.549999999999955,15:59:46,16:15:36,15
6413_5__6075_2,6413,6413_5,6075,6075_2,3284,35,18.13333333333344,15:59:46,16:15:36,15
6413_5__6075_2,6413,6413_5,6075,6075_2,2590,38,11.0,15:59:46,16:15:36,15
6413_5__6075_2,6413,6413_5,6075,6075_2,603,39,10.200000000000045,15:59:46,16:15:36,15
6413_6__6075_3,6413,6413_6,6075,6075_3,3797,1,9.983333333333348,18:54:30,19:04:29,18
6413_6__6075_3,6413,6413_6,6075,6075_3,2984,2,7.7333333333333485,18:54:30,19:04:29,18
6413_6__6075_3,6413,6413_6,6075,6075_3,2685,3,8.316666666666606,18:54:30,19:04:29,18
6413_6__6075_3,6413,6413_6,6075,6075_3,3649,4,10.450000000000045,18:54:30,19:04:29,18
6413_6__6075_3,6413,6413_6,6075,6075_3,3747,5,11.449999999999818,18:54:30,19:04:29,18
6413_6__6075_3,6413,6413_6,6075,6075_3,482,6,11.599999999999909,18:54:30,19:04:29,18
6413_6__6075_3,6413,6413_6,6075,6075_3,709,7,11.416666666666515,18:54:30,19:04:29,18
6413_6__6075_3,6413,6413_6,6075,6075_3,1577,8,11.25,18:54:30,19:04:29,18
6413_6__6075_3,6413,6413_6,6075,6075_3,990,9,11.25,18:54:30,19:04:29,18
6413_6__6075_3,6413,6413_6,6075,6075_3,109,10,10.516666666666652,18:54:30,19:04:29,18
6413_6__6075_3,6413,6413_6,6075,6075_3,396,11,11.25,18:54:30,19:04:29,18
6413_6__6075_3,6413,6413_6,6075,6075_3,1253,12,10.949999999999818,18:54:30,19:04:29,18
6413_6__6075_3,6413,6413_6,6075,6075_3,1554,13,10.116666666666788,18:54:30,19:04:29,18
6413_6__6075_3,6413,6413_6,6075,6075_3,1099,14,9.466666666666697,18:54:30,19:04:29,18
6413_6__6075_3,6413,6413_6,6075,6075_3,168,15,9.549999999999955,18:54:30,19:04:29,18
6413_6__6075_3,6413,6413_6,6075,6075_3,929,16,10.233333333333348,18:54:30,19:04:29,18
6413_6__6075_3,6413,6413_6,6075,6075_3,94,17,9.13333333333344,18:54:30,19:04:29,18
6413_6__6075_3,6413,6413_6,6075,6075_3,1080,18,9.399999999999864,18:54:30,19:04:29,18
6413_6__6075_3,6413,6413_6,6075,6075_3,146,19,8.966666666666697,18:54:30,19:04:29,18
6413_6__6075_3,6413,6413_6,6075,6075_3,1089,20,9.450000000000045,18:54:30,19:04:29,18
6413_6__6075_3,6413,6413_6,6075,6075_3,213,21,8.133333333333212,18:54:30,19:04:29,18
6413_6__6075_3,6413,6413_6,6075,6075_3,3907,22,8.416666666666742,18:54:30,19:04:29,18
6413_6__6075_3,6413,6413_6,6075,6075_3,949,23,7.883333333333212,18:54:30,19:04:29,18
6413_6__6075_3,6413,6413_6,6075,6075_3,913,24,9.049999999999955,18:54:30,19:04:29,18
6413_6__6075_3,6413,6413_6,6075,6075_3,307,25,8.683333333333394,18:54:30,19:04:29,18
6413_6__6075_3,6413,6413_6,6075,6075_3,212,26,9.066666666666833,18:54:30,19:04:29,18
6413_6__6075_3,6413,6413_6,6075,6075_3,2665,27,9.033333333333303,18:54:30,19:04:29,18
6413_6__6075_3,6413,6413_6,6075,6075_3,2736,28,9.716666666666697,18:54:30,19:04:29,18
6413_6__6075_3,6413,6413_6,6075,6075_3,705,29,9.399999999999864,18:54:30,19:04:29,18
6413_6__6075_3,6413,6413_6,6075,6075_3,9979,30,8.599999999999909,18:54:30,19:04:29,18
6413_6__6075_3,6413,6413_6,6075,6075_3,2492,31,8.816666666666833,18:54:30,19:04:29,18
6413_6__6075_3,6413,6413_6,6075,6075_3,946,32,9.799999999999955,18:54:30,19:04:29,18
6413_6__6075_3,6413,6413_6,6075,6075_3,947,33,8.86666666666656,18:54:30,19:04:29,18
6413_6__6075_3,6413,6413_6,6075,6075_3,327,34,9.216666666666697,18:54:30,19:04:29,18
6413_6__6075_3,6413,6413_6,6075,6075_3,3284,35,8.966666666666697,18:54:30,19:04:29,18
6413_6__6075_3,6413,6413_6,6075,6075_3,3282,36,9.933333333333394,18:54:30,19:04:29,18
6413_6__6075_3,6413,6413_6,6075,6075_3,2583,37,9.516666666666652,18:54:30,19:04:29,18
6413_6__6075_3,6413,6413_6,6075,6075_3,2590,38,9.200000000000045,18:54:30,19:04:29,18
6413_6__6075_3,6413,6413_6,6075,6075_3,603,39,10.716666666666697,18:54:30,19:04:29,18
6414_1__6406_2,6414,6414_1,6406,6406_2,3797,1,9.0,06:22:00,06:31:00,6
6414_1__6406_2,6414,6414_1,6406,6406_2,2984,2,9.25,06:22:00,06:31:00,6
6414_1__6406_2,6414,6414_1,6406,6406_2,2685,3,10.033333333333303,06:22:00,06:31:00,6
6414_1__6406_2,6414,6414_1,6406,6406_2,3649,4,11.633333333333383,06:22:00,06:31:00,6
6414_1__6406_2,6414,6414_1,6406,6406_2,3747,5,11.583333333333371,06:22:00,06:31:00,6
6414_1__6406_2,6414,6414_1,6406,6406_2,482,6,12.833333333333371,06:22:00,06:31:00,6
6414_1__6406_2,6414,6414_1,6406,6406_2,709,7,13.28333333333336,06:22:00,06:31:00,6
6414_1__6406_2,6414,6414_1,6406,6406_2,1577,8,13.333333333333314,06:22:00,06:31:00,6
6414_1__6406_2,6414,6414_1,6406,6406_2,990,9,14.849999999999966,06:22:00,06:31:00,6
6414_1__6406_2,6414,6414_1,6406,6406_2,109,10,15.350000000000023,06:22:00,06:31:00,6
6414_1__6406_2,6414,6414_1,6406,6406_2,396,11,16.183333333333337,06:22:00,06:31:00,6
6414_1__6406_2,6414,6414_1,6406,6406_2,1253,12,16.01666666666665,06:22:00,06:31:00,6
6414_1__6406_2,6414,6414_1,6406,6406_2,1554,13,16.283333333333303,06:22:00,06:31:00,6
6414_1__6406_2,6414,6414_1,6406,6406_2,168,15,16.349999999999966,06:22:00,06:31:00,6
6414_1__6406_2,6414,6414_1,6406,6406_2,929,16,16.466666666666697,06:22:00,06:31:00,6
6414_1__6406_2,6414,6414_1,6406,6406_2,94,17,15.033333333333303,06:22:00,06:31:00,6
6414_1__6406_2,6414,6414_1,6406,6406_2,1080,18,16.100000000000023,06:22:00,06:31:00,6
6414_1__6406_2,6414,6414_1,6406,6406_2,146,19,16.25,06:22:00,06:31:00,6
6414_1__6406_2,6414,6414_1,6406,6406_2,1089,20,17.48333333333329,06:22:00,06:31:00,6
6414_1__6406_2,6414,6414_1,6406,6406_2,213,21,17.81666666666672,06:22:00,06:31:00,6
6414_1__6406_2,6414,6414_1,6406,6406_2,3907,22,19.166666666666686,06:22:00,06:31:00,6
6414_1__6406_2,6414,6414_1,6406,6406_2,949,23,19.099999999999966,06:22:00,06:31:00,6
6414_1__6406_2,6414,6414_1,6406,6406_2,913,24,19.466666666666697,06:22:00,06:31:00,6
6414_1__6406_2,6414,6414_1,6406,6406_2,307,25,19.96666666666664,06:22:00,06:31:00,6
6414_1__6406_2,6414,6414_1,6406,6406_2,212,26,19.30000000000001,06:22:00,06:31:00,6
6414_1__6406_2,6414,6414_1,6406,6406_2,2665,27,20.23333333333329,06:22:00,06:31:00,6
6414_1__6406_2,6414,6414_1,6406,6406_2,2736,28,20.23333333333335,06:22:00,06:31:00,6
6414_1__6406_2,6414,6414_1,6406,6406_2,705,29,21.066666666666663,06:22:00,06:31:00,6
6414_1__6406_2,6414,6414_1,6406,6406_2,9979,30,21.98333333333335,06:22:00,06:31:00,6
6414_1__6406_2,6414,6414_1,6406,6406_2,2492,31,20.366666666666674,06:22:00,06:31:00,6
6414_1__6406_2,6414,6414_1,6406,6406_2,946,32,21.599999999999966,06:22:00,06:31:00,6
6414_1__6406_2,6414,6414_1,6406,6406_2,947,33,21.116666666666674,06:22:00,06:31:00,6
6414_1__6406_2,6414,6414_1,6406,6406_2,327,34,20.5,06:22:00,06:31:00,6
6414_1__6406_2,6414,6414_1,6406,6406_2,3284,35,20.25,06:22:00,06:31:00,6
6414_1__6406_2,6414,6414_1,6406,6406_2,3282,36,20.76666666666665,06:22:00,06:31:00,6
6414_1__6406_2,6414,6414_1,6406,6406_2,2583,37,20.900000000000034,06:22:00,06:31:00,6
6414_1__6406_2,6414,6414_1,6406,6406_2,2590,38,20.866666666666617,06:22:00,06:31:00,6
6414_2__6406_3,6414,6414_2,6406,6406_3,3797,1,7.9833333333333485,09:13:00,09:20:59,9
6414_2__6406_3,6414,6414_2,6406,6406_3,2984,2,8.033333333333303,09:13:00,09:20:59,9
6414_2__6406_3,6414,6414_2,6406,6406_3,2685,3,8.799999999999955,09:13:00,09:20:59,9
6414_2__6406_3,6414,6414_2,6406,6406_3,3649,4,8.533333333333303,09:13:00,09:20:59,9
6414_2__6406_3,6414,6414_2,6406,6406_3,3747,5,9.399999999999977,09:13:00,09:20:59,9
6414_2__6406_3,6414,6414_2,6406,6406_3,482,6,9.916666666666629,09:13:00,09:20:59,9
6414_2__6406_3,6414,6414_2,6406,6406_3,709,7,11.266666666666652,09:13:00,09:20:59,9
6414_2__6406_3,6414,6414_2,6406,6406_3,1577,8,11.216666666666583,09:13:00,09:20:59,9
6414_2__6406_3,6414,6414_2,6406,6406_3,990,9,11.199999999999932,09:13:00,09:20:59,9
6414_2__6406_3,6414,6414_2,6406,6406_3,109,10,11.68333333333328,09:13:00,09:20:59,9
6414_2__6406_3,6414,6414_2,6406,6406_3,396,11,11.383333333333326,09:13:00,09:20:59,9
6414_2__6406_3,6414,6414_2,6406,6406_3,1253,12,11.31666666666672,09:13:00,09:20:59,9
6414_2__6406_3,6414,6414_2,6406,6406_3,1554,13,11.31666666666672,09:13:00,09:20:59,9
6414_2__6406_3,6414,6414_2,6406,6406_3,1099,14,11.333333333333371,09:13:00,09:20:59,9
6414_2__6406_3,6414,6414_2,6406,6406_3,168,15,9.583333333333258,09:13:00,09:20:59,9
6414_2__6406_3,6414,6414_2,6406,6406_3,929,16,10.06666666666672,09:13:00,09:20:59,9
6414_2__6406_3,6414,6414_2,6406,6406_3,94,17,9.0,09:13:00,09:20:59,9
6414_2__6406_3,6414,6414_2,6406,6406_3,1080,18,10.733333333333348,09:13:00,09:20:59,9
6414_2__6406_3,6414,6414_2,6406,6406_3,146,19,10.31666666666672,09:13:00,09:20:59,9
6414_2__6406_3,6414,6414_2,6406,6406_3,1089,20,11.033333333333303,09:13:00,09:20:59,9
6414_2__6406_3,6414,6414_2,6406,6406_3,213,21,10.93333333333328,09:13:00,09:20:59,9
6414_2__6406_3,6414,6414_2,6406,6406_3,3907,22,11.416666666666629,09:13:00,09:20:59,9
6414_2__6406_3,6414,6414_2,6406,6406_3,949,23,10.81666666666672,09:13:00,09:20:59,9
6414_2__6406_3,6414,6414_2,6406,6406_3,913,24,10.599999999999909,09:13:00,09:20:59,9
6414_2__6406_3,6414,6414_2,6406,6406_3,307,25,10.68333333333328,09:13:00,09:20:59,9
6414_2__6406_3,6414,6414_2,6406,6406_3,212,26,10.75,09:13:00,09:20:59,9
6414_2__6406_3,6414,6414_2,6406,6406_3,2665,27,10.483333333333348,09:13:00,09:20:59,9
6414_2__6406_3,6414,6414_2,6406,6406_3,2736,28,10.399999999999977,09:13:00,09:20:59,9
6414_2__6406_3,6414,6414_2,6406,6406_3,705,29,9.350000000000023,09:13:00,09:20:59,9
6414_2__6406_3,6414,6414_2,6406,6406_3,9979,30,10.31666666666672,09:13:00,09:20:59,9
6414_2__6406_3,6414,6414_2,6406,6406_3,2492,31,10.700000000000045,09:13:00,09:20:59,9
6414_2__6406_3,6414,6414_2,6406,6406_3,946,32,10.800000000000068,09:13:00,09:20:59,9
6414_2__6406_3,6414,6414_2,6406,6406_3,947,33,11.316666666666606,09:13:00,09:20:59,9
6414_2__6406_3,6414,6414_2,6406,6406_3,327,34,10.966666666666697,09:13:00,09:20:59,9
6414_2__6406_3,6414,6414_2,6406,6406_3,3284,35,11.066666666666606,09:13:00,09:20:59,9
6414_2__6406_3,6414,6414_2,6406,6406_3,3282,36,10.599999999999909,09:13:00,09:20:59,9
6414_2__6406_3,6414,6414_2,6406,6406_3,2583,37,9.166666666666629,09:13:00,09:20:59,9
6414_2__6406_3,6414,6414_2,6406,6406_3,2590,38,8.866666666666674,09:13:00,09:20:59,9
6414_2__6406_3,6414,6414_2,6406,6406_3,603,39,8.100000000000023,09:13:00,09:20:59,9
6414_3__6406_4,6414,6414_3,6406,6406_4,3797,1,8.0,11:58:00,12:06:00,11
6414_3__6406_4,6414,6414_3,6406,6406_4,2984,2,8.183333333333394,11:58:00,12:06:00,11
6414_3__6406_4,6414,6414_3,6406,6406_4,2685,3,8.150000000000091,11:58:00,12:06:00,11
6414_3__6406_4,6414,6414_3,6406,6406_4,3649,4,8.200000000000045,11:58:00,12:06:00,11
6414_3__6406_4,6414,6414_3,6406,6406_4,3747,5,8.31666666666672,11:58:00,12:06:00,11
6414_3__6406_4,6414,6414_3,6406,6406_4,482,6,8.799999999999955,11:58:00,12:06:00,11
6414_3__6406_4,6414,6414_3,6406,6406_4,709,7,8.266666666666652,11:58:00,12:06:00,11
6414_3__6406_4,6414,6414_3,6406,6406_4,1577,8,7.133333333333326,11:58:00,12:06:00,11
6414_3__6406_4,6414,6414_3,6406,6406_4,990,9,8.350000000000023,11:58:00,12:06:00,11
6414_3__6406_4,6414,6414_3,6406,6406_4,109,10,7.68333333333328,11:58:00,12:06:00,11
6414_3__6406_4,6414,6414_3,6406,6406_4,396,11,7.7999999999999545,11:58:00,12:06:00,11
6414_3__6406_4,6414,6414_3,6406,6406_4,1253,12,7.399999999999977,11:58:00,12:06:00,11
6414_3__6406_4,6414,6414_3,6406,6406_4,1554,13,8.483333333333348,11:58:00,12:06:00,11
6414_3__6406_4,6414,6414_3,6406,6406_4,1099,14,8.450000000000045,11:58:00,12:06:00,11
6414_3__6406_4,6414,6414_3,6406,6406_4,168,15,9.516666666666652,11:58:00,12:06:00,11
6414_3__6406_4,6414,6414_3,6406,6406_4,929,16,9.533333333333303,11:58:00,12:06:00,11
6414_3__6406_4,6414,6414_3,6406,6406_4,94,17,9.450000000000045,11:58:00,12:06:00,11
6414_3__6406_4,6414,6414_3,6406,6406_4,1080,18,10.216666666666697,11:58:00,12:06:00,11
6414_3__6406_4,6414,6414_3,6406,6406_4,146,19,9.36666666666656,11:58:00,12:06:00,11
6414_3__6406_4,6414,6414_3,6406,6406_4,1089,20,10.900000000000091,11:58:00,12:06:00,11
6414_3__6406_4,6414,6414_3,6406,6406_4,213,21,11.316666666666606,11:58:00,12:06:00,11
6414_3__6406_4,6414,6414_3,6406,6406_4,3907,22,12.916666666666742,11:58:00,12:06:00,11
6414_3__6406_4,6414,6414_3,6406,6406_4,949,23,11.883333333333326,11:58:00,12:06:00,11
6414_3__6406_4,6414,6414_3,6406,6406_4,913,24,12.233333333333348,11:58:00,12:06:00,11
6414_3__6406_4,6414,6414_3,6406,6406_4,307,25,11.649999999999977,11:58:00,12:06:00,11
6414_3__6406_4,6414,6414_3,6406,6406_4,212,26,12.100000000000023,11:58:00,12:06:00,11
6414_3__6406_4,6414,6414_3,6406,6406_4,2665,27,12.850000000000023,11:58:00,12:06:00,11
6414_3__6406_4,6414,6414_3,6406,6406_4,2736,28,11.93333333333328,11:58:00,12:06:00,11
6414_3__6406_4,6414,6414_3,6406,6406_4,705,29,13.516666666666652,11:58:00,12:06:00,11
6414_3__6406_4,6414,6414_3,6406,6406_4,9979,30,11.783333333333303,11:58:00,12:06:00,11
6414_3__6406_4,6414,6414_3,6406,6406_4,2492,31,11.299999999999955,11:58:00,12:06:00,11
6414_3__6406_4,6414,6414_3,6406,6406_4,946,32,11.200000000000045,11:58:00,12:06:00,11
6414_3__6406_4,6414,6414_3,6406,6406_4,947,33,11.916666666666629,11:58:00,12:06:00,11
6414_3__6406_4,6414,6414_3,6406,6406_4,327,34,11.800000000000068,11:58:00,12:06:00,11
6414_3__6406_4,6414,6414_3,6406,6406_4,3284,35,13.116666666666674,11:58:00,12:06:00,11
6414_3__6406_4,6414,6414_3,6406,6406_4,3282,36,12.716666666666697,11:58:00,12:06:00,11
6414_3__6406_4,6414,6414_3,6406,6406_4,2583,37,12.166666666666629,11:58:00,12:06:00,11
6414_3__6406_4,6414,6414_3,6406,6406_4,2590,38,11.600000000000023,11:58:00,12:06:00,11
6414_3__6406_4,6414,6414_3,6406,6406_4,603,39,13.416666666666742,11:58:00,12:06:00,11
6414_4__6406_5,6414,6414_4,6406,6406_5,3797,1,6.4500000000000455,14:46:03,14:52:30,14
6414_4__6406_5,6414,6414_4,6406,6406_5,2984,2,5.283333333333303,14:46:03,14:52:30,14
6414_4__6406_5,6414,6414_4,6406,6406_5,2685,3,6.2000000000000455,14:46:03,14:52:30,14
6414_4__6406_5,6414,6414_4,6406,6406_5,3649,4,7.266666666666765,14:46:03,14:52:30,14
6414_4__6406_5,6414,6414_4,6406,6406_5,3747,5,8.783333333333303,14:46:03,14:52:30,14
6414_4__6406_5,6414,6414_4,6406,6406_5,482,6,8.700000000000045,14:46:03,14:52:30,14
6414_4__6406_5,6414,6414_4,6406,6406_5,709,7,8.566666666666606,14:46:03,14:52:30,14
6414_4__6406_5,6414,6414_4,6406,6406_5,1577,8,8.899999999999977,14:46:03,14:52:30,14
6414_4__6406_5,6414,6414_4,6406,6406_5,990,9,8.233333333333348,14:46:03,14:52:30,14
6414_4__6406_5,6414,6414_4,6406,6406_5,109,10,7.7333333333333485,14:46:03,14:52:30,14
6414_4__6406_5,6414,6414_4,6406,6406_5,1253,12,12.200000000000045,14:46:03,14:52:30,14
6414_4__6406_5,6414,6414_4,6406,6406_5,1554,13,13.366666666666674,14:46:03,14:52:30,14
6414_4__6406_5,6414,6414_4,6406,6406_5,1099,14,13.016666666666652,14:46:03,14:52:30,14
6414_4__6406_5,6414,6414_4,6406,6406_5,168,15,12.516666666666652,14:46:03,14:52:30,14
6414_4__6406_5,6414,6414_4,6406,6406_5,929,16,11.466666666666697,14:46:03,14:52:30,14
6414_4__6406_5,6414,6414_4,6406,6406_5,94,17,11.566666666666606,14:46:03,14:52:30,14
6414_4__6406_5,6414,6414_4,6406,6406_5,1080,18,10.933333333333394,14:46:03,14:52:30,14
6414_4__6406_5,6414,6414_4,6406,6406_5,146,19,11.699999999999932,14:46:03,14:52:30,14
6414_4__6406_5,6414,6414_4,6406,6406_5,1089,20,9.966666666666583,14:46:03,14:52:30,14
6414_4__6406_5,6414,6414_4,6406,6406_5,213,21,9.399999999999977,14:46:03,14:52:30,14
6414_4__6406_5,6414,6414_4,6406,6406_5,3907,22,8.38333333333344,14:46:03,14:52:30,14
6414_4__6406_5,6414,6414_4,6406,6406_5,949,23,8.399999999999977,14:46:03,14:52:30,14
6414_4__6406_5,6414,6414_4,6406,6406_5,913,24,7.833333333333371,14:46:03,14:52:30,14
6414_4__6406_5,6414,6414_4,6406,6406_5,307,25,7.4833333333333485,14:46:03,14:52:30,14
6414_4__6406_5,6414,6414_4,6406,6406_5,212,26,7.533333333333417,14:46:03,14:52:30,14
6414_4__6406_5,6414,6414_4,6406,6406_5,2665,27,7.283333333333303,14:46:03,14:52:30,14
6414_4__6406_5,6414,6414_4,6406,6406_5,2736,28,9.0,14:46:03,14:52:30,14
6414_4__6406_5,6414,6414_4,6406,6406_5,705,29,8.966666666666697,14:46:03,14:52:30,14
6414_4__6406_5,6414,6414_4,6406,6406_5,9979,30,9.56666666666672,14:46:03,14:52:30,14
6414_4__6406_5,6414,6414_4,6406,6406_5,2492,31,10.233333333333348,14:46:03,14:52:30,14
6414_4__6406_5,6414,6414_4,6406,6406_5,946,32,8.916666666666629,14:46:03,14:52:30,14
6414_4__6406_5,6414,6414_4,6406,6406_5,947,33,10.083333333333371,14:46:03,14:52:30,14
6414_4__6406_5,6414,6414_4,6406,6406_5,327,34,9.533333333333303,14:46:03,14:52:30,14
6414_4__6406_5,6414,6414_4,6406,6406_5,3284,35,11.166666666666629,14:46:03,14:52:30,14
6414_4__6406_5,6414,6414_4,6406,6406_5,3282,36,4.566666666666606,14:46:03,14:52:30,14
6414_4__6406_5,6414,6414_4,6406,6406_5,2583,37,4.966666666666697,14:46:03,14:52:30,14
6414_4__6406_5,6414,6414_4,6406,6406_5,2590,38,4.783333333333303,14:46:03,14:52:30,14
6414_4__6406_5,6414,6414_4,6406,6406_5,603,39,4.616666666666674,14:46:03,14:52:30,14
6414_5__6406_6,6414,6414_5,6406,6406_6,2984,2,7.9166666666667425,17:46:46,17:54:41,17
6414_5__6406_6,6414,6414_5,6406,6406_6,2685,3,7.7999999999999545,17:46:46,17:54:41,17
6414_5__6406_6,6414,6414_5,6406,6406_6,3649,4,6.850000000000136,17:46:46,17:54:41,17
6414_5__6406_6,6414,6414_5,6406,6406_6,3747,5,8.0,17:46:46,17:54:41,17
6414_5__6406_6,6414,6414_5,6406,6406_6,482,6,7.933333333333394,17:46:46,17:54:41,17
6414_5__6406_6,6414,6414_5,6406,6406_6,709,7,8.5,17:46:46,17:54:41,17
6414_5__6406_6,6414,6414_5,6406,6406_6,1577,8,9.183333333333394,17:46:46,17:54:41,17
6414_5__6406_6,6414,6414_5,6406,6406_6,990,9,8.650000000000091,17:46:46,17:54:41,17
6414_5__6406_6,6414,6414_5,6406,6406_6,109,10,8.86666666666656,17:46:46,17:54:41,17
6414_5__6406_6,6414,6414_5,6406,6406_6,396,11,11.083333333333258,17:46:46,17:54:41,17
6414_5__6406_6,6414,6414_5,6406,6406_6,1253,12,11.483333333333348,17:46:46,17:54:41,17
6414_5__6406_6,6414,6414_5,6406,6406_6,1554,13,11.466666666666697,17:46:46,17:54:41,17
6414_5__6406_6,6414,6414_5,6406,6406_6,1099,14,11.066666666666606,17:46:46,17:54:41,17
6414_5__6406_6,6414,6414_5,6406,6406_6,168,15,11.716666666666697,17:46:46,17:54:41,17
6414_5__6406_6,6414,6414_5,6406,6406_6,929,16,10.900000000000091,17:46:46,17:54:41,17
6414_5__6406_6,6414,6414_5,6406,6406_6,94,17,11.5,17:46:46,17:54:41,17
6414_5__6406_6,6414,6414_5,6406,6406_6,1080,18,11.483333333333348,17:46:46,17:54:41,17
6414_5__6406_6,6414,6414_5,6406,6406_6,146,19,10.233333333333348,17:46:46,17:54:41,17
6414_5__6406_6,6414,6414_5,6406,6406_6,1089,20,10.416666666666742,17:46:46,17:54:41,17
6414_5__6406_6,6414,6414_5,6406,6406_6,213,21,10.833333333333258,17:46:46,17:54:41,17
6414_5__6406_6,6414,6414_5,6406,6406_6,3907,22,11.983333333333348,17:46:46,17:54:41,17
6414_5__6406_6,6414,6414_5,6406,6406_6,949,23,11.566666666666833,17:46:46,17:54:41,17
6414_5__6406_6,6414,6414_5,6406,6406_6,913,24,11.466666666666697,17:46:46,17:54:41,17
6414_5__6406_6,6414,6414_5,6406,6406_6,307,25,12.349999999999909,17:46:46,17:54:41,17
6414_5__6406_6,6414,6414_5,6406,6406_6,212,26,12.88333333333344,17:46:46,17:54:41,17
6414_5__6406_6,6414,6414_5,6406,6406_6,2665,27,13.350000000000136,17:46:46,17:54:41,17
6414_5__6406_6,6414,6414_5,6406,6406_6,2736,28,13.583333333333258,17:46:46,17:54:41,17
6414_5__6406_6,6414,6414_5,6406,6406_6,705,29,14.533333333333303,17:46:46,17:54:41,17
6414_5__6406_6,6414,6414_5,6406,6406_6,947,33,14.449999999999818,17:46:46,17:54:41,17
6414_5__6406_6,6414,6414_5,6406,6406_6,327,34,16.333333333333258,17:46:46,17:54:41,17
6414_5__6406_6,6414,6414_5,6406,6406_6,3284,35,16.90000000000009,17:46:46,17:54:41,17
6414_5__6406_6,6414,6414_5,6406,6406_6,2583,37,15.116666666666788,17:46:46,17:54:41,17
6414_5__6406_6,6414,6414_5,6406,6406_6,2590,38,15.0,17:46:46,17:54:41,17
6414_5__6406_6,6414,6414_5,6406,6406_6,603,39,14.766666666666652,17:46:46,17:54:41,17
6800_1__6059_2,6800,6800_1,6059,6059_2,3797,1,7.0,05:11:00,05:18:00,5
6800_1__6059_2,6800,6800_1,6059,6059_2,2984,2,9.383333333333326,05:11:00,05:18:00,5
6800_1__6059_2,6800,6800_1,6059,6059_2,2685,3,9.033333333333303,05:11:00,05:18:00,5
6800_1__6059_2,6800,6800_1,6059,6059_2,3649,4,9.066666666666663,05:11:00,05:18:00,5
6800_1__6059_2,6800,6800_1,6059,6059_2,3747,5,7.883333333333326,05:11:00,05:18:00,5
6800_1__6059_2,6800,6800_1,6059,6059_2,482,6,8.21666666666664,05:11:00,05:18:00,5
6800_1__6059_2,6800,6800_1,6059,6059_2,709,7,8.983333333333292,05:11:00,05:18:00,5
6800_1__6059_2,6800,6800_1,6059,6059_2,1577,8,7.4500000000000455,05:11:00,05:18:00,5
6800_1__6059_2,6800,6800_1,6059,6059_2,990,9,7.433333333333337,05:11:00,05:18:00,5
6800_1__6059_2,6800,6800_1,6059,6059_2,109,10,6.2333333333333485,05:11:00,05:18:00,5
6800_1__6059_2,6800,6800_1,6059,6059_2,396,11,6.666666666666686,05:11:00,05:18:00,5
6800_1__6059_2,6800,6800_1,6059,6059_2,1253,12,6.316666666666663,05:11:00,05:18:00,5
6800_1__6059_2,6800,6800_1,6059,6059_2,1554,13,6.050000000000011,05:11:00,05:18:00,5
6800_1__6059_2,6800,6800_1,6059,6059_2,1099,14,7.183333333333337,05:11:00,05:18:00,5
6800_1__6059_2,6800,6800_1,6059,6059_2,168,15,8.25,05:11:00,05:18:00,5
6800_1__6059_2,6800,6800_1,6059,6059_2,929,16,8.166666666666686,05:11:00,05:18:00,5
6800_1__6059_2,6800,6800_1,6059,6059_2,94,17,7.866666666666674,05:11:00,05:18:00,5
6800_1__6059_2,6800,6800_1,6059,6059_2,1080,18,7.949999999999989,05:11:00,05:18:00,5
6800_1__6059_2,6800,6800_1,6059,6059_2,146,19,8.050000000000011,05:11:00,05:18:00,5
6800_1__6059_2,6800,6800_1,6059,6059_2,1089,20,7.9500000000000455,05:11:00,05:18:00,5
6800_1__6059_2,6800,6800_1,6059,6059_2,213,21,8.133333333333326,05:11:00,05:18:00,5
6800_1__6059_2,6800,6800_1,6059,6059_2,3907,22,7.516666666666708,05:11:00,05:18:00,5
6800_1__6059_2,6800,6800_1,6059,6059_2,949,23,7.550000000000011,05:11:00,05:18:00,5
6800_1__6059_2,6800,6800_1,6059,6059_2,913,24,7.183333333333337,05:11:00,05:18:00,5
6800_1__6059_2,6800,6800_1,6059,6059_2,307,25,7.550000000000011,05:11:00,05:18:00,5
6800_1__6059_2,6800,6800_1,6059,6059_2,212,26,8.149999999999977,05:11:00,05:18:00,5
6800_1__6059_2,6800,6800_1,6059,6059_2,2665,27,8.133333333333326,05:11:00,05:18:00,5
6800_1__6059_2,6800,6800_1,6059,6059_2,2736,28,8.133333333333326,05:11:00,05:18:00,5
6800_1__6059_2,6800,6800_1,6059,6059_2,705,29,8.25,05:11:00,05:18:00,5
6800_1__6059_2,6800,6800_1,6059,6059_2,9979,30,6.883333333333326,05:11:00,05:18:00,5
6800_1__6059_2,6800,6800_1,6059,6059_2,2492,31,7.866666666666617,05:11:00,05:18:00,5
6800_1__6059_2,6800,6800_1,6059,6059_2,946,32,8.03333333333336,05:11:00,05:18:00,5
6800_1__6059_2,6800,6800_1,6059,6059_2,947,33,8.600000000000023,05:11:00,05:18:00,5
6800_1__6059_2,6800,6800_1,6059,6059_2,327,34,8.583333333333314,05:11:00,05:18:00,5
6800_1__6059_2,6800,6800_1,6059,6059_2,3284,35,9.03333333333336,05:11:00,05:18:00,5
6800_1__6059_2,6800,6800_1,6059,6059_2,3282,36,8.600000000000023,05:11:00,05:18:00,5
6800_1__6059_2,6800,6800_1,6059,6059_2,2583,37,9.600000000000023,05:11:00,05:18:00,5
6800_1__6059_2,6800,6800_1,6059,6059_2,2590,38,9.600000000000023,05:11:00,05:18:00,5
6800_1__6059_2,6800,6800_1,6059,6059_2,603,39,9.166666666666686,05:11:00,05:18:00,5
6800_2__6407_2,6800,6800_2,6407,6407_2,3797,1,9.0,08:04:00,08:13:00,8
6800_2__6407_2,6800,6800_2,6407,6407_2,2984,2,9.399999999999977,08:04:00,08:13:00,8
6800_2__6407_2,6800,6800_2,6407,6407_2,2685,3,9.616666666666674,08:04:00,08:13:00,8
6800_2__6407_2,6800,6800_2,6407,6407_2,3649,4,7.900000000000034,08:04:00,08:13:00,8
6800_2__6407_2,6800,6800_2,6407,6407_2,3747,5,7.683333333333337,08:04:00,08:13:00,8
6800_2__6407_2,6800,6800_2,6407,6407_2,482,6,7.7333333333333485,08:04:00,08:13:00,8
6800_2__6407_2,6800,6800_2,6407,6407_2,709,7,6.150000000000034,08:04:00,08:13:00,8
6800_2__6407_2,6800,6800_2,6407,6407_2,1577,8,7.833333333333314,08:04:00,08:13:00,8
6800_2__6407_2,6800,6800_2,6407,6407_2,990,9,8.233333333333348,08:04:00,08:13:00,8
6800_2__6407_2,6800,6800_2,6407,6407_2,109,10,8.150000000000034,08:04:00,08:13:00,8
6800_2__6407_2,6800,6800_2,6407,6407_2,396,11,7.999999999999943,08:04:00,08:13:00,8
6800_2__6407_2,6800,6800_2,6407,6407_2,1253,12,8.483333333333292,08:04:00,08:13:00,8
6800_2__6407_2,6800,6800_2,6407,6407_2,1554,13,8.566666666666606,08:04:00,08:13:00,8
6800_2__6407_2,6800,6800_2,6407,6407_2,1099,14,8.766666666666708,08:04:00,08:13:00,8
6800_2__6407_2,6800,6800_2,6407,6407_2,168,15,9.649999999999977,08:04:00,08:13:00,8
6800_2__6407_2,6800,6800_2,6407,6407_2,929,16,9.916666666666629,08:04:00,08:13:00,8
6800_2__6407_2,6800,6800_2,6407,6407_2,94,17,10.216666666666583,08:04:00,08:13:00,8
6800_2__6407_2,6800,6800_2,6407,6407_2,1080,18,8.366666666666674,08:04:00,08:13:00,8
6800_2__6407_2,6800,6800_2,6407,6407_2,146,19,6.600000000000023,08:04:00,08:13:00,8
6800_2__6407_2,6800,6800_2,6407,6407_2,1089,20,4.966666666666583,08:04:00,08:13:00,8
6800_2__6407_2,6800,6800_2,6407,6407_2,213,21,4.9166666666667425,08:04:00,08:13:00,8
6800_2__6407_2,6800,6800_2,6407,6407_2,3907,22,6.31666666666672,08:04:00,08:13:00,8
6800_2__6407_2,6800,6800_2,6407,6407_2,949,23,5.600000000000023,08:04:00,08:13:00,8
6800_2__6407_2,6800,6800_2,6407,6407_2,913,24,6.033333333333303,08:04:00,08:13:00,8
6800_2__6407_2,6800,6800_2,6407,6407_2,307,25,6.050000000000068,08:04:00,08:13:00,8
6800_2__6407_2,6800,6800_2,6407,6407_2,212,26,4.550000000000068,08:04:00,08:13:00,8
6800_2__6407_2,6800,6800_2,6407,6407_2,2665,27,4.600000000000023,08:04:00,08:13:00,8
6800_2__6407_2,6800,6800_2,6407,6407_2,2736,28,4.2999999999999545,08:04:00,08:13:00,8
6800_2__6407_2,6800,6800_2,6407,6407_2,705,29,4.350000000000023,08:04:00,08:13:00,8
6800_2__6407_2,6800,6800_2,6407,6407_2,9979,30,4.9500000000000455,08:04:00,08:13:00,8
6800_2__6407_2,6800,6800_2,6407,6407_2,2492,31,5.833333333333371,08:04:00,08:13:00,8
6800_2__6407_2,6800,6800_2,6407,6407_2,946,32,7.216666666666697,08:04:00,08:13:00,8
6800_2__6407_2,6800,6800_2,6407,6407_2,947,33,6.899999999999977,08:04:00,08:13:00,8
6800_2__6407_2,6800,6800_2,6407,6407_2,327,34,7.0,08:04:00,08:13:00,8
6800_2__6407_2,6800,6800_2,6407,6407_2,3284,35,6.649999999999977,08:04:00,08:13:00,8
6800_2__6407_2,6800,6800_2,6407,6407_2,3282,36,7.933333333333394,08:04:00,08:13:00,8
6800_2__6407_2,6800,6800_2,6407,6407_2,2583,37,7.416666666666629,08:04:00,08:13:00,8
6800_2__6407_2,6800,6800_2,6407,6407_2,2590,38,7.399999999999977,08:04:00,08:13:00,8
6800_2__6407_2,6800,6800_2,6407,6407_2,603,39,7.666666666666629,08:04:00,08:13:00,8
6800_3__6407_3,6800,6800_3,6407,6407_3,3797,1,9.0,10:49:00,10:58:00,10
6800_3__6407_3,6800,6800_3,6407,6407_3,2984,2,9.38333333333344,10:49:00,10:58:00,10
6800_3__6407_3,6800,6800_3,6407,6407_3,2685,3,8.966666666666697,10:49:00,10:58:00,10
6800_3__6407_3,6800,6800_3,6407,6407_3,3649,4,10.033333333333303,10:49:00,10:58:00,10
6800_3__6407_3,6800,6800_3,6407,6407_3,3747,5,10.266666666666765,10:49:00,10:58:00,10
6800_3__6407_3,6800,6800_3,6407,6407_3,482,6,10.06666666666672,10:49:00,10:58:00,10
6800_3__6407_3,6800,6800_3,6407,6407_3,709,7,11.300000000000068,10:49:00,10:58:00,10
6800_3__6407_3,6800,6800_3,6407,6407_3,1577,8,11.133333333333326,10:49:00,10:58:00,10
6800_3__6407_3,6800,6800_3,6407,6407_3,990,9,12.299999999999955,10:49:00,10:58:00,10
6800_3__6407_3,6800,6800_3,6407,6407_3,109,10,9.649999999999977,10:49:00,10:58:00,10
6800_3__6407_3,6800,6800_3,6407,6407_3,396,11,9.316666666666606,10:49:00,10:58:00,10
6800_3__6407_3,6800,6800_3,6407,6407_3,1253,12,9.266666666666765,10:49:00,10:58:00,10
6800_3__6407_3,6800,6800_3,6407,6407_3,1554,13,9.5,10:49:00,10:58:00,10
6800_3__6407_3,6800,6800_3,6407,6407_3,1099,14,9.550000000000068,10:49:00,10:58:00,10
6800_3__6407_3,6800,6800_3,6407,6407_3,168,15,10.216666666666583,10:49:00,10:58:00,10
6800_3__6407_3,6800,6800_3,6407,6407_3,929,16,11.31666666666672,10:49:00,10:58:00,10
6800_3__6407_3,6800,6800_3,6407,6407_3,94,17,10.850000000000023,10:49:00,10:58:00,10
6800_3__6407_3,6800,6800_3,6407,6407_3,1080,18,11.783333333333303,10:49:00,10:58:00,10
6800_3__6407_3,6800,6800_3,6407,6407_3,146,19,10.949999999999932,10:49:00,10:58:00,10
6800_3__6407_3,6800,6800_3,6407,6407_3,1089,20,12.333333333333371,10:49:00,10:58:00,10
6800_3__6407_3,6800,6800_3,6407,6407_3,213,21,11.333333333333258,10:49:00,10:58:00,10
6800_3__6407_3,6800,6800_3,6407,6407_3,3907,22,11.25,10:49:00,10:58:00,10
6800_3__6407_3,6800,6800_3,6407,6407_3,949,23,11.583333333333258,10:49:00,10:58:00,10
6800_3__6407_3,6800,6800_3,6407,6407_3,913,24,12.799999999999955,10:49:00,10:58:00,10
6800_3__6407_3,6800,6800_3,6407,6407_3,307,25,14.31666666666672,10:49:00,10:58:00,10
6800_3__6407_3,6800,6800_3,6407,6407_3,212,26,13.61666666666656,10:49:00,10:58:00,10
6800_3__6407_3,6800,6800_3,6407,6407_3,2665,27,12.699999999999932,10:49:00,10:58:00,10
6800_3__6407_3,6800,6800_3,6407,6407_3,2736,28,13.149999999999977,10:49:00,10:58:00,10
6800_3__6407_3,6800,6800_3,6407,6407_3,705,29,12.450000000000045,10:49:00,10:58:00,10
6800_3__6407_3,6800,6800_3,6407,6407_3,9979,30,12.666666666666629,10:49:00,10:58:00,10
6800_3__6407_3,6800,6800_3,6407,6407_3,2492,31,12.083333333333258,10:49:00,10:58:00,10
6800_3__6407_3,6800,6800_3,6407,6407_3,946,32,11.266666666666765,10:49:00,10:58:00,10
6800_3__6407_3,6800,6800_3,6407,6407_3,947,33,9.93333333333328,10:49:00,10:58:00,10
6800_3__6407_3,6800,6800_3,6407,6407_3,327,34,10.31666666666672,10:49:00,10:58:00,10
6800_5__6403_5,6800,6800_5,6403,6403_5,2984,2,6.650000000000091,17:17:49,17:24:28,17
6800_5__6403_5,6800,6800_5,6403,6403_5,2685,3,6.600000000000136,17:17:49,17:24:28,17
6800_5__6403_5,6800,6800_5,6403,6403_5,3649,4,6.583333333333485,17:17:49,17:24:28,17
6800_5__6403_5,6800,6800_5,6403,6403_5,3747,5,6.449999999999818,17:17:49,17:24:28,17
6800_5__6403_5,6800,6800_5,6403,6403_5,482,6,7.100000000000136,17:17:49,17:24:28,17
6800_5__6403_5,6800,6800_5,6403,6403_5,709,7,6.2999999999999545,17:17:49,17:24:28,17
6800_5__6403_5,6800,6800_5,6403,6403_5,1577,8,5.816666666666606,17:17:49,17:24:28,17
6800_5__6403_5,6800,6800_5,6403,6403_5,990,9,5.4500000000000455,17:17:49,17:24:28,17
6800_5__6403_5,6800,6800_5,6403,6403_5,109,10,6.583333333333485,17:17:49,17:24:28,17
6800_5__6403_5,6800,6800_5,6403,6403_5,396,11,6.9833333333333485,17:17:49,17:24:28,17
6800_5__6403_5,6800,6800_5,6403,6403_5,1253,12,6.866666666666561,17:17:49,17:24:28,17
6800_5__6403_5,6800,6800_5,6403,6403_5,1554,13,6.5166666666666515,17:17:49,17:24:28,17
6800_5__6403_5,6800,6800_5,6403,6403_5,1099,14,7.2000000000000455,17:17:49,17:24:28,17
6800_5__6403_5,6800,6800_5,6403,6403_5,168,15,6.766666666666879,17:17:49,17:24:28,17
6800_5__6403_5,6800,6800_5,6403,6403_5,929,16,6.9500000000000455,17:17:49,17:24:28,17
6800_5__6403_5,6800,6800_5,6403,6403_5,94,17,6.7666666666666515,17:17:49,17:24:28,17
6800_5__6403_5,6800,6800_5,6403,6403_5,1080,18,7.133333333333212,17:17:49,17:24:28,17
6800_5__6403_5,6800,6800_5,6403,6403_5,146,19,7.883333333333212,17:17:49,17:24:28,17
6800_5__6403_5,6800,6800_5,6403,6403_5,1089,20,6.850000000000136,17:17:49,17:24:28,17
6800_5__6403_5,6800,6800_5,6403,6403_5,213,21,8.533333333333303,17:17:49,17:24:28,17
6800_5__6403_5,6800,6800_5,6403,6403_5,3907,22,7.949999999999818,17:17:49,17:24:28,17
6800_5__6403_5,6800,6800_5,6403,6403_5,949,23,7.816666666666606,17:17:49,17:24:28,17
6800_5__6403_5,6800,6800_5,6403,6403_5,913,24,7.850000000000136,17:17:49,17:24:28,17
6800_5__6403_5,6800,6800_5,6403,6403_5,307,25,7.216666666666697,17:17:49,17:24:28,17
6800_5__6403_5,6800,6800_5,6403,6403_5,212,26,7.03333333333353,17:17:49,17:24:28,17
6800_5__6403_5,6800,6800_5,6403,6403_5,2665,27,7.216666666666697,17:17:49,17:24:28,17
6800_5__6403_5,6800,6800_5,6403,6403_5,2736,28,9.0,17:17:49,17:24:28,17
6800_5__6403_5,6800,6800_5,6403,6403_5,705,29,7.949999999999818,17:17:49,17:24:28,17
6800_5__6403_5,6800,6800_5,6403,6403_5,9979,30,9.200000000000045,17:17:49,17:24:28,17
6800_5__6403_5,6800,6800_5,6403,6403_5,2492,31,9.299999999999955,17:17:49,17:24:28,17
6800_5__6403_5,6800,6800_5,6403,6403_5,327,34,8.016666666666652,17:17:49,17:24:28,17
6800_5__6403_5,6800,6800_5,6403,6403_5,3284,35,6.899999999999864,17:17:49,17:24:28,17
6800_5__6403_5,6800,6800_5,6403,6403_5,603,39,6.550000000000182,17:17:49,17:24:28,17
6800_6__6211_8,6800,6800_6,6211,6211_8,3797,1,15.0,19:55:00,20:10:00,19
6800_6__6211_8,6800,6800_6,6211,6211_8,2984,2,14.933333333333394,19:55:00,20:10:00,19
6800_6__6211_8,6800,6800_6,6211,6211_8,2685,3,15.216666666666697,19:55:00,20:10:00,19
6800_6__6211_8,6800,6800_6,6211,6211_8,3649,4,14.36666666666656,19:55:00,20:10:00,19
6800_6__6211_8,6800,6800_6,6211,6211_8,3747,5,14.183333333333394,19:55:00,20:10:00,19
6800_6__6211_8,6800,6800_6,6211,6211_8,482,6,14.900000000000091,19:55:00,20:10:00,19
6800_6__6211_8,6800,6800_6,6211,6211_8,709,7,14.600000000000136,19:55:00,20:10:00,19
6800_6__6211_8,6800,6800_6,6211,6211_8,1577,8,12.666666666666742,19:55:00,20:10:00,19
6800_6__6211_8,6800,6800_6,6211,6211_8,990,9,12.583333333333485,19:55:00,20:10:00,19
6800_6__6211_8,6800,6800_6,6211,6211_8,109,10,11.700000000000045,19:55:00,20:10:00,19
6800_6__6211_8,6800,6800_6,6211,6211_8,396,11,11.016666666666652,19:55:00,20:10:00,19
6800_6__6211_8,6800,6800_6,6211,6211_8,1253,12,11.266666666666652,19:55:00,20:10:00,19
6800_6__6211_8,6800,6800_6,6211,6211_8,1554,13,11.316666666666606,19:55:00,20:10:00,19
6800_6__6211_8,6800,6800_6,6211,6211_8,1099,14,11.166666666666742,19:55:00,20:10:00,19
6800_6__6211_8,6800,6800_6,6211,6211_8,168,15,11.316666666666833,19:55:00,20:10:00,19
6800_6__6211_8,6800,6800_6,6211,6211_8,929,16,11.38333333333344,19:55:00,20:10:00,19
6800_6__6211_8,6800,6800_6,6211,6211_8,94,17,11.150000000000091,19:55:00,20:10:00,19
6800_6__6211_8,6800,6800_6,6211,6211_8,1080,18,11.100000000000136,19:55:00,20:10:00,19
6800_6__6211_8,6800,6800_6,6211,6211_8,146,19,10.983333333333348,19:55:00,20:10:00,19
6800_6__6211_8,6800,6800_6,6211,6211_8,1089,20,12.416666666666515,19:55:00,20:10:00,19
6800_6__6211_8,6800,6800_6,6211,6211_8,213,21,14.033333333333303,19:55:00,20:10:00,19
6800_6__6211_8,6800,6800_6,6211,6211_8,3907,22,13.899999999999864,19:55:00,20:10:00,19
6800_6__6211_8,6800,6800_6,6211,6211_8,949,23,13.466666666666697,19:55:00,20:10:00,19
6800_6__6211_8,6800,6800_6,6211,6211_8,913,24,13.866666666666788,19:55:00,20:10:00,19
6800_6__6211_8,6800,6800_6,6211,6211_8,307,25,13.700000000000045,19:55:00,20:10:00,19
6800_6__6211_8,6800,6800_6,6211,6211_8,212,26,13.966666666666697,19:55:00,20:10:00,19
6800_6__6211_8,6800,6800_6,6211,6211_8,2665,27,13.866666666666788,19:55:00,20:10:00,19
6800_6__6211_8,6800,6800_6,6211,6211_8,2736,28,13.700000000000045,19:55:00,20:10:00,19
6800_6__6211_8,6800,6800_6,6211,6211_8,705,29,13.450000000000045,19:55:00,20:10:00,19
6800_6__6211_8,6800,6800_6,6211,6211_8,9979,30,12.933333333333394,19:55:00,20:10:00,19
6800_6__6211_8,6800,6800_6,6211,6211_8,2492,31,13.25,19:55:00,20:10:00,19
6800_6__6211_8,6800,6800_6,6211,6211_8,946,32,13.650000000000091,19:55:00,20:10:00,19
6800_6__6211_8,6800,6800_6,6211,6211_8,947,33,14.166666666666742,19:55:00,20:10:00,19
6800_6__6211_8,6800,6800_6,6211,6211_8,327,34,14.13333333333344,19:55:00,20:10:00,19
6800_6__6211_8,6800,6800_6,6211,6211_8,3284,35,13.849999999999909,19:55:00,20:10:00,19
6800_6__6211_8,6800,6800_6,6211,6211_8,3282,36,13.883333333333212,19:55:00,20:10:00,19
6800_6__6211_8,6800,6800_6,6211,6211_8,2583,37,15.116666666666788,19:55:00,20:10:00,19
6800_6__6211_8,6800,6800_6,6211,6211_8,2590,38,15.13333333333344,19:55:00,20:10:00,19
6800_6__6211_8,6800,6800_6,6211,6211_8,603,39,15.199999999999818,19:55:00,20:10:00,19
