par_id,bus_delante,trip_delante,bus_detras,trip_detras,codi_parada,ordre,headway_pair,hora_delante_str,hora_detras_str,franja_hora
1558_1__6125_1,1558,1558_1,6125,6125_1,3797,1,6.9833333333333485,05:03:30,05:10:29,5
1558_1__6125_1,1558,1558_1,6125,6125_1,2984,2,8.483333333333348,05:03:30,05:10:29,5
1558_1__6125_1,1558,1558_1,6125,6125_1,2685,3,8.583333333333314,05:03:30,05:10:29,5
1558_1__6125_1,1558,1558_1,6125,6125_1,3649,4,9.099999999999966,05:03:30,05:10:29,5
1558_1__6125_1,1558,1558_1,6125,6125_1,3747,5,7.833333333333314,05:03:30,05:10:29,5
1558_1__6125_1,1558,1558_1,6125,6125_1,482,6,8.449999999999989,05:03:30,05:10:29,5
1558_1__6125_1,1558,1558_1,6125,6125_1,709,7,7.0,05:03:30,05:10:29,5
1558_1__6125_1,1558,1558_1,6125,6125_1,1577,8,9.466666666666697,05:03:30,05:10:29,5
1558_1__6125_1,1558,1558_1,6125,6125_1,990,9,9.366666666666674,05:03:30,05:10:29,5
1558_1__6125_1,1558,1558_1,6125,6125_1,109,10,8.71666666666664,05:03:30,05:10:29,5
1558_1__6125_1,1558,1558_1,6125,6125_1,396,11,8.016666666666652,05:03:30,05:10:29,5
1558_1__6125_1,1558,1558_1,6125,6125_1,1253,12,7.933333333333337,05:03:30,05:10:29,5
1558_1__6125_1,1558,1558_1,6125,6125_1,1554,13,8.75,05:03:30,05:10:29,5
1558_1__6125_1,1558,1558_1,6125,6125_1,1099,14,8.0,05:03:30,05:10:29,5
1558_1__6125_1,1558,1558_1,6125,6125_1,168,15,7.800000000000011,05:03:30,05:10:29,5
1558_1__6125_1,1558,1558_1,6125,6125_1,929,16,8.066666666666663,05:03:30,05:10:29,5
1558_1__6125_1,1558,1558_1,6125,6125_1,94,17,8.599999999999966,05:03:30,05:10:29,5
1558_1__6125_1,1558,1558_1,6125,6125_1,1080,18,8.166666666666629,05:03:30,05:10:29,5
1558_1__6125_1,1558,1558_1,6125,6125_1,146,19,8.266666666666708,05:03:30,05:10:29,5
1558_1__6125_1,1558,1558_1,6125,6125_1,1089,20,7.75,05:03:30,05:10:29,5
1558_1__6125_1,1558,1558_1,6125,6125_1,213,21,6.25,05:03:30,05:10:29,5
1558_1__6125_1,1558,1558_1,6125,6125_1,3907,22,6.2333333333333485,05:03:30,05:10:29,5
1558_1__6125_1,1558,1558_1,6125,6125_1,949,23,6.2666666666666515,05:03:30,05:10:29,5
1558_1__6125_1,1558,1558_1,6125,6125_1,913,24,5.550000000000011,05:03:30,05:10:29,5
1558_1__6125_1,1558,1558_1,6125,6125_1,307,25,6.25,05:03:30,05:10:29,5
1558_1__6125_1,1558,1558_1,6125,6125_1,212,26,5.866666666666674,05:03:30,05:10:29,5
1558_1__6125_1,1558,1558_1,6125,6125_1,2665,27,6.116666666666674,05:03:30,05:10:29,5
1558_1__6125_1,1558,1558_1,6125,6125_1,2736,28,5.816666666666663,05:03:30,05:10:29,5
1558_1__6125_1,1558,1558_1,6125,6125_1,705,29,5.71666666666664,05:03:30,05:10:29,5
1558_1__6125_1,1558,1558_1,6125,6125_1,9979,30,5.616666666666674,05:03:30,05:10:29,5
1558_1__6125_1,1558,1558_1,6125,6125_1,2492,31,4.566666666666663,05:03:30,05:10:29,5
1558_1__6125_1,1558,1558_1,6125,6125_1,946,32,6.53333333333336,05:03:30,05:10:29,5
1558_1__6125_1,1558,1558_1,6125,6125_1,947,33,5.7000000000000455,05:03:30,05:10:29,5
1558_1__6125_1,1558,1558_1,6125,6125_1,327,34,5.433333333333337,05:03:30,05:10:29,5
1558_1__6125_1,1558,1558_1,6125,6125_1,3284,35,5.716666666666697,05:03:30,05:10:29,5
1558_1__6125_1,1558,1558_1,6125,6125_1,3282,36,5.583333333333314,05:03:30,05:10:29,5
1558_1__6125_1,1558,1558_1,6125,6125_1,2583,37,6.316666666666663,05:03:30,05:10:29,5
1558_1__6125_1,1558,1558_1,6125,6125_1,2590,38,7.533333333333303,05:03:30,05:10:29,5
1558_1__6125_1,1558,1558_1,6125,6125_1,603,39,7.2666666666666515,05:03:30,05:10:29,5
1914_1__6400_2,1914,1914_1,6400,6400_2,3649,4,7.733333333333292,05:45:59,05:53:43,5
1914_1__6400_2,1914,1914_1,6400,6400_2,3747,5,8.166666666666629,05:45:59,05:53:43,5
1914_1__6400_2,1914,1914_1,6400,6400_2,482,6,8.516666666666652,05:45:59,05:53:43,5
1914_1__6400_2,1914,1914_1,6400,6400_2,709,7,8.449999999999989,05:45:59,05:53:43,5
1914_1__6400_2,1914,1914_1,6400,6400_2,1577,8,7.050000000000011,05:45:59,05:53:43,5
1914_1__6400_2,1914,1914_1,6400,6400_2,990,9,7.633333333333383,05:45:59,05:53:43,5
1914_1__6400_2,1914,1914_1,6400,6400_2,109,10,7.5166666666666515,05:45:59,05:53:43,5
1914_1__6400_2,1914,1914_1,6400,6400_2,396,11,7.833333333333314,05:45:59,05:53:43,5
1914_1__6400_2,1914,1914_1,6400,6400_2,1253,12,7.516666666666708,05:45:59,05:53:43,5
1914_1__6400_2,1914,1914_1,6400,6400_2,1554,13,7.050000000000011,05:45:59,05:53:43,5
1914_1__6400_2,1914,1914_1,6400,6400_2,1099,14,6.9500000000000455,05:45:59,05:53:43,5
1914_1__6400_2,1914,1914_1,6400,6400_2,168,15,6.833333333333371,05:45:59,05:53:43,5
1914_1__6400_2,1914,1914_1,6400,6400_2,929,16,6.666666666666686,05:45:59,05:53:43,5
1914_1__6400_2,1914,1914_1,6400,6400_2,94,17,6.533333333333303,05:45:59,05:53:43,5
1914_1__6400_2,1914,1914_1,6400,6400_2,1080,18,6.900000000000034,05:45:59,05:53:43,5
1914_1__6400_2,1914,1914_1,6400,6400_2,146,19,5.883333333333383,05:45:59,05:53:43,5
1914_1__6400_2,1914,1914_1,6400,6400_2,1089,20,5.916666666666686,05:45:59,05:53:43,5
1914_1__6400_2,1914,1914_1,6400,6400_2,213,21,6.649999999999977,05:45:59,05:53:43,5
1914_1__6400_2,1914,1914_1,6400,6400_2,3907,22,6.216666666666697,05:45:59,05:53:43,5
1914_1__6400_2,1914,1914_1,6400,6400_2,949,23,5.2333333333333485,05:45:59,05:53:43,5
1914_1__6400_2,1914,1914_1,6400,6400_2,913,24,6.333333333333371,05:45:59,05:53:43,5
1914_1__6400_2,1914,1914_1,6400,6400_2,307,25,6.2333333333333485,05:45:59,05:53:43,5
1914_1__6400_2,1914,1914_1,6400,6400_2,212,26,6.183333333333337,05:45:59,05:53:43,5
1914_1__6400_2,1914,1914_1,6400,6400_2,2665,27,6.033333333333303,05:45:59,05:53:43,5
1914_1__6400_2,1914,1914_1,6400,6400_2,2736,28,6.2999999999999545,05:45:59,05:53:43,5
1914_1__6400_2,1914,1914_1,6400,6400_2,705,29,6.449999999999989,05:45:59,05:53:43,5
1914_1__6400_2,1914,1914_1,6400,6400_2,9979,30,5.850000000000023,05:45:59,05:53:43,5
1914_1__6400_2,1914,1914_1,6400,6400_2,2492,31,6.066666666666663,05:45:59,05:53:43,5
1914_1__6400_2,1914,1914_1,6400,6400_2,946,32,5.75,05:45:59,05:53:43,5
1914_1__6400_2,1914,1914_1,6400,6400_2,947,33,6.199999999999989,05:45:59,05:53:43,5
1914_1__6400_2,1914,1914_1,6400,6400_2,327,34,6.083333333333314,05:45:59,05:53:43,5
1914_1__6400_2,1914,1914_1,6400,6400_2,3284,35,4.833333333333371,05:45:59,05:53:43,5
1914_1__6400_2,1914,1914_1,6400,6400_2,3282,36,5.100000000000023,05:45:59,05:53:43,5
1914_1__6400_2,1914,1914_1,6400,6400_2,2583,37,5.5166666666666515,05:45:59,05:53:43,5
1914_1__6400_2,1914,1914_1,6400,6400_2,2590,38,6.050000000000011,05:45:59,05:53:43,5
1914_1__6400_2,1914,1914_1,6400,6400_2,603,39,6.2333333333333485,05:45:59,05:53:43,5
1914_2__6400_3,1914,1914_2,6400,6400_3,3797,1,9.0,08:37:29,08:46:29,8
1914_2__6400_3,1914,1914_2,6400,6400_3,2984,2,8.283333333333303,08:37:29,08:46:29,8
1914_2__6400_3,1914,1914_2,6400,6400_3,2685,3,8.0,08:37:29,08:46:29,8
1914_2__6400_3,1914,1914_2,6400,6400_3,3649,4,7.466666666666697,08:37:29,08:46:29,8
1914_2__6400_3,1914,1914_2,6400,6400_3,3747,5,8.033333333333303,08:37:29,08:46:29,8
1914_2__6400_3,1914,1914_2,6400,6400_3,482,6,8.016666666666652,08:37:29,08:46:29,8
1914_2__6400_3,1914,1914_2,6400,6400_3,709,7,7.600000000000023,08:37:29,08:46:29,8
1914_2__6400_3,1914,1914_2,6400,6400_3,1577,8,5.149999999999977,08:37:29,08:46:29,8
1914_2__6400_3,1914,1914_2,6400,6400_3,990,9,5.116666666666674,08:37:29,08:46:29,8
1914_2__6400_3,1914,1914_2,6400,6400_3,109,10,6.149999999999977,08:37:29,08:46:29,8
1914_2__6400_3,1914,1914_2,6400,6400_3,396,11,5.399999999999977,08:37:29,08:46:29,8
1914_2__6400_3,1914,1914_2,6400,6400_3,1253,12,5.2000000000000455,08:37:29,08:46:29,8
1914_2__6400_3,1914,1914_2,6400,6400_3,1554,13,4.850000000000023,08:37:29,08:46:29,8
1914_2__6400_3,1914,1914_2,6400,6400_3,1099,14,4.216666666666697,08:37:29,08:46:29,8
1914_2__6400_3,1914,1914_2,6400,6400_3,168,15,3.6166666666666742,08:37:29,08:46:29,8
1914_2__6400_3,1914,1914_2,6400,6400_3,929,16,2.6666666666666288,08:37:29,08:46:29,8
1914_2__6400_3,1914,1914_2,6400,6400_3,94,17,3.1666666666666288,08:37:29,08:46:29,8
1914_2__6400_3,1914,1914_2,6400,6400_3,1080,18,2.4166666666666288,08:37:29,08:46:29,8
1914_2__6400_3,1914,1914_2,6400,6400_3,146,19,2.8333333333332575,08:37:29,08:46:29,8
1914_2__6400_3,1914,1914_2,6400,6400_3,1089,20,1.433333333333394,08:37:29,08:46:29,8
1914_2__6400_3,1914,1914_2,6400,6400_3,3907,22,1.3833333333333258,08:37:29,08:46:29,8
1914_2__6400_3,1914,1914_2,6400,6400_3,949,23,2.0,08:37:29,08:46:29,8
1914_2__6400_3,1914,1914_2,6400,6400_3,913,24,2.6000000000000227,08:37:29,08:46:29,8
1914_2__6400_3,1914,1914_2,6400,6400_3,307,25,2.8166666666667197,08:37:29,08:46:29,8
1914_2__6400_3,1914,1914_2,6400,6400_3,212,26,4.4500000000000455,08:37:29,08:46:29,8
1914_2__6400_3,1914,1914_2,6400,6400_3,2665,27,4.699999999999932,08:37:29,08:46:29,8
1914_2__6400_3,1914,1914_2,6400,6400_3,2736,28,4.399999999999977,08:37:29,08:46:29,8
1914_2__6400_3,1914,1914_2,6400,6400_3,705,29,5.18333333333328,08:37:29,08:46:29,8
1914_2__6400_3,1914,1914_2,6400,6400_3,9979,30,5.0166666666666515,08:37:29,08:46:29,8
1914_2__6400_3,1914,1914_2,6400,6400_3,2492,31,5.933333333333394,08:37:29,08:46:29,8
1914_2__6400_3,1914,1914_2,6400,6400_3,946,32,4.43333333333328,08:37:29,08:46:29,8
1914_2__6400_3,1914,1914_2,6400,6400_3,947,33,4.666666666666629,08:37:29,08:46:29,8
1914_2__6400_3,1914,1914_2,6400,6400_3,327,34,4.583333333333371,08:37:29,08:46:29,8
1914_2__6400_3,1914,1914_2,6400,6400_3,3284,35,4.4833333333333485,08:37:29,08:46:29,8
1914_2__6400_3,1914,1914_2,6400,6400_3,3282,36,4.533333333333303,08:37:29,08:46:29,8
1914_2__6400_3,1914,1914_2,6400,6400_3,2583,37,5.3333333333332575,08:37:29,08:46:29,8
1914_2__6400_3,1914,1914_2,6400,6400_3,2590,38,4.2999999999999545,08:37:29,08:46:29,8
1914_2__6400_3,1914,1914_2,6400,6400_3,603,39,3.816666666666606,08:37:29,08:46:29,8
1914_3__6400_4,1914,1914_3,6400,6400_4,3797,1,8.0,11:37:58,11:45:58,11
1914_3__6400_4,1914,1914_3,6400,6400_4,2984,2,7.2999999999999545,11:37:58,11:45:58,11
1914_3__6400_4,1914,1914_3,6400,6400_4,2685,3,7.0166666666666515,11:37:58,11:45:58,11
1914_3__6400_4,1914,1914_3,6400,6400_4,3649,4,7.149999999999977,11:37:58,11:45:58,11
1914_3__6400_4,1914,1914_3,6400,6400_4,3747,5,8.516666666666652,11:37:58,11:45:58,11
1914_3__6400_4,1914,1914_3,6400,6400_4,482,6,8.083333333333371,11:37:58,11:45:58,11
1914_3__6400_4,1914,1914_3,6400,6400_4,709,7,7.966666666666697,11:37:58,11:45:58,11
1914_3__6400_4,1914,1914_3,6400,6400_4,1577,8,9.416666666666629,11:37:58,11:45:58,11
1914_3__6400_4,1914,1914_3,6400,6400_4,990,9,9.850000000000023,11:37:58,11:45:58,11
1914_3__6400_4,1914,1914_3,6400,6400_4,109,10,9.933333333333394,11:37:58,11:45:58,11
1914_3__6400_4,1914,1914_3,6400,6400_4,396,11,10.983333333333348,11:37:58,11:45:58,11
1914_3__6400_4,1914,1914_3,6400,6400_4,1253,12,11.216666666666583,11:37:58,11:45:58,11
1914_3__6400_4,1914,1914_3,6400,6400_4,1554,13,11.350000000000023,11:37:58,11:45:58,11
1914_3__6400_4,1914,1914_3,6400,6400_4,1099,14,11.516666666666652,11:37:58,11:45:58,11
1914_3__6400_4,1914,1914_3,6400,6400_4,168,15,11.666666666666629,11:37:58,11:45:58,11
1914_3__6400_4,1914,1914_3,6400,6400_4,929,16,12.683333333333394,11:37:58,11:45:58,11
1914_3__6400_4,1914,1914_3,6400,6400_4,94,17,12.933333333333394,11:37:58,11:45:58,11
1914_3__6400_4,1914,1914_3,6400,6400_4,1080,18,14.299999999999955,11:37:58,11:45:58,11
1914_3__6400_4,1914,1914_3,6400,6400_4,146,19,12.983333333333348,11:37:58,11:45:58,11
1914_3__6400_4,1914,1914_3,6400,6400_4,1089,20,12.733333333333348,11:37:58,11:45:58,11
1914_3__6400_4,1914,1914_3,6400,6400_4,213,21,12.549999999999955,11:37:58,11:45:58,11
1914_3__6400_4,1914,1914_3,6400,6400_4,3907,22,12.466666666666697,11:37:58,11:45:58,11
1914_3__6400_4,1914,1914_3,6400,6400_4,949,23,13.5,11:37:58,11:45:58,11
1914_3__6400_4,1914,1914_3,6400,6400_4,913,24,12.583333333333371,11:37:58,11:45:58,11
1914_3__6400_4,1914,1914_3,6400,6400_4,307,25,13.416666666666742,11:37:58,11:45:58,11
1914_3__6400_4,1914,1914_3,6400,6400_4,212,26,14.06666666666672,11:37:58,11:45:58,11
1914_3__6400_4,1914,1914_3,6400,6400_4,2665,27,13.266666666666652,11:37:58,11:45:58,11
1914_3__6400_4,1914,1914_3,6400,6400_4,2736,28,14.0,11:37:58,11:45:58,11
1914_3__6400_4,1914,1914_3,6400,6400_4,705,29,14.43333333333328,11:37:58,11:45:58,11
1914_3__6400_4,1914,1914_3,6400,6400_4,327,34,14.983333333333348,11:37:58,11:45:58,11
1914_3__6400_4,1914,1914_3,6400,6400_4,3284,35,11.233333333333235,11:37:58,11:45:58,11
1914_3__6400_4,1914,1914_3,6400,6400_4,3282,36,11.93333333333328,11:37:58,11:45:58,11
1914_3__6400_4,1914,1914_3,6400,6400_4,2583,37,11.283333333333303,11:37:58,11:45:58,11
1914_5__6400_6,1914,1914_5,6400,6400_6,3797,1,9.016666666666652,17:33:58,17:42:59,17
1914_5__6400_6,1914,1914_5,6400,6400_6,2984,2,7.333333333333485,17:33:58,17:42:59,17
1914_5__6400_6,1914,1914_5,6400,6400_6,2685,3,7.816666666666606,17:33:58,17:42:59,17
1914_5__6400_6,1914,1914_5,6400,6400_6,3649,4,7.0833333333332575,17:33:58,17:42:59,17
1914_5__6400_6,1914,1914_5,6400,6400_6,3747,5,6.8333333333332575,17:33:58,17:42:59,17
1914_5__6400_6,1914,1914_5,6400,6400_6,482,6,7.2999999999999545,17:33:58,17:42:59,17
1914_5__6400_6,1914,1914_5,6400,6400_6,709,7,7.7000000000000455,17:33:58,17:42:59,17
1914_5__6400_6,1914,1914_5,6400,6400_6,1577,8,7.316666666666606,17:33:58,17:42:59,17
1914_5__6400_6,1914,1914_5,6400,6400_6,990,9,8.066666666666606,17:33:58,17:42:59,17
1914_5__6400_6,1914,1914_5,6400,6400_6,109,10,7.849999999999909,17:33:58,17:42:59,17
1914_5__6400_6,1914,1914_5,6400,6400_6,396,11,8.799999999999955,17:33:58,17:42:59,17
1914_5__6400_6,1914,1914_5,6400,6400_6,1253,12,7.183333333333394,17:33:58,17:42:59,17
1914_5__6400_6,1914,1914_5,6400,6400_6,1554,13,7.8333333333332575,17:33:58,17:42:59,17
1914_5__6400_6,1914,1914_5,6400,6400_6,1099,14,9.933333333333394,17:33:58,17:42:59,17
1914_5__6400_6,1914,1914_5,6400,6400_6,168,15,9.883333333333212,17:33:58,17:42:59,17
1914_5__6400_6,1914,1914_5,6400,6400_6,929,16,9.816666666666606,17:33:58,17:42:59,17
1914_5__6400_6,1914,1914_5,6400,6400_6,94,17,9.616666666666788,17:33:58,17:42:59,17
1914_5__6400_6,1914,1914_5,6400,6400_6,1080,18,10.066666666666606,17:33:58,17:42:59,17
1914_5__6400_6,1914,1914_5,6400,6400_6,146,19,8.5,17:33:58,17:42:59,17
1914_5__6400_6,1914,1914_5,6400,6400_6,1089,20,8.400000000000091,17:33:58,17:42:59,17
1914_5__6400_6,1914,1914_5,6400,6400_6,213,21,7.866666666666788,17:33:58,17:42:59,17
1914_5__6400_6,1914,1914_5,6400,6400_6,3907,22,8.166666666666742,17:33:58,17:42:59,17
1914_5__6400_6,1914,1914_5,6400,6400_6,949,23,8.433333333333394,17:33:58,17:42:59,17
1914_5__6400_6,1914,1914_5,6400,6400_6,913,24,8.150000000000091,17:33:58,17:42:59,17
1914_5__6400_6,1914,1914_5,6400,6400_6,307,25,7.4500000000000455,17:33:58,17:42:59,17
1914_5__6400_6,1914,1914_5,6400,6400_6,212,26,7.783333333333303,17:33:58,17:42:59,17
1914_5__6400_6,1914,1914_5,6400,6400_6,2665,27,7.699999999999818,17:33:58,17:42:59,17
1914_5__6400_6,1914,1914_5,6400,6400_6,2736,28,7.5499999999999545,17:33:58,17:42:59,17
1914_5__6400_6,1914,1914_5,6400,6400_6,705,29,7.099999999999909,17:33:58,17:42:59,17
1914_5__6400_6,1914,1914_5,6400,6400_6,9979,30,7.2000000000000455,17:33:58,17:42:59,17
1914_5__6400_6,1914,1914_5,6400,6400_6,2492,31,6.333333333333485,17:33:58,17:42:59,17
1914_5__6400_6,1914,1914_5,6400,6400_6,946,32,8.033333333333303,17:33:58,17:42:59,17
1914_5__6400_6,1914,1914_5,6400,6400_6,947,33,8.36666666666656,17:33:58,17:42:59,17
1914_5__6400_6,1914,1914_5,6400,6400_6,327,34,7.933333333333394,17:33:58,17:42:59,17
1914_5__6400_6,1914,1914_5,6400,6400_6,3284,35,8.883333333333212,17:33:58,17:42:59,17
1914_5__6400_6,1914,1914_5,6400,6400_6,3282,36,9.75,17:33:58,17:42:59,17
1914_5__6400_6,1914,1914_5,6400,6400_6,2583,37,9.666666666666742,17:33:58,17:42:59,17
1914_5__6400_6,1914,1914_5,6400,6400_6,2590,38,9.63333333333344,17:33:58,17:42:59,17
1914_5__6400_6,1914,1914_5,6400,6400_6,603,39,11.016666666666652,17:33:58,17:42:59,17
6027_1__6200_2,6027,6027_1,6200,6200_2,3797,1,8.0,06:18:30,06:26:30,6
6027_1__6200_2,6027,6027_1,6200,6200_2,2984,2,7.416666666666686,06:18:30,06:26:30,6
6027_1__6200_2,6027,6027_1,6200,6200_2,2685,3,8.099999999999966,06:18:30,06:26:30,6
6027_1__6200_2,6027,6027_1,6200,6200_2,3649,4,9.149999999999977,06:18:30,06:26:30,6
6027_1__6200_2,6027,6027_1,6200,6200_2,3747,5,9.71666666666664,06:18:30,06:26:30,6
6027_1__6200_2,6027,6027_1,6200,6200_2,482,6,9.666666666666686,06:18:30,06:26:30,6
6027_1__6200_2,6027,6027_1,6200,6200_2,709,7,9.833333333333314,06:18:30,06:26:30,6
6027_1__6200_2,6027,6027_1,6200,6200_2,1577,8,9.433333333333337,06:18:30,06:26:30,6
6027_1__6200_2,6027,6027_1,6200,6200_2,990,9,10.5,06:18:30,06:26:30,6
6027_1__6200_2,6027,6027_1,6200,6200_2,109,10,10.833333333333314,06:18:30,06:26:30,6
6027_1__6200_2,6027,6027_1,6200,6200_2,396,11,9.850000000000023,06:18:30,06:26:30,6
6027_1__6200_2,6027,6027_1,6200,6200_2,1253,12,9.25,06:18:30,06:26:30,6
6027_1__6200_2,6027,6027_1,6200,6200_2,1554,13,9.133333333333326,06:18:30,06:26:30,6
6027_1__6200_2,6027,6027_1,6200,6200_2,1099,14,9.5,06:18:30,06:26:30,6
6027_1__6200_2,6027,6027_1,6200,6200_2,168,15,9.583333333333314,06:18:30,06:26:30,6
6027_1__6200_2,6027,6027_1,6200,6200_2,929,16,10.866666666666674,06:18:30,06:26:30,6
6027_1__6200_2,6027,6027_1,6200,6200_2,94,17,10.75,06:18:30,06:26:30,6
6027_1__6200_2,6027,6027_1,6200,6200_2,1080,18,11.366666666666674,06:18:30,06:26:30,6
6027_1__6200_2,6027,6027_1,6200,6200_2,146,19,10.75,06:18:30,06:26:30,6
6027_1__6200_2,6027,6027_1,6200,6200_2,1089,20,9.366666666666674,06:18:30,06:26:30,6
6027_1__6200_2,6027,6027_1,6200,6200_2,213,21,9.083333333333371,06:18:30,06:26:30,6
6027_1__6200_2,6027,6027_1,6200,6200_2,3907,22,10.083333333333314,06:18:30,06:26:30,6
6027_1__6200_2,6027,6027_1,6200,6200_2,949,23,9.583333333333314,06:18:30,06:26:30,6
6027_1__6200_2,6027,6027_1,6200,6200_2,913,24,10.599999999999966,06:18:30,06:26:30,6
6027_1__6200_2,6027,6027_1,6200,6200_2,307,25,10.649999999999977,06:18:30,06:26:30,6
6027_1__6200_2,6027,6027_1,6200,6200_2,212,26,9.183333333333337,06:18:30,06:26:30,6
6027_1__6200_2,6027,6027_1,6200,6200_2,2665,27,9.0,06:18:30,06:26:30,6
6027_1__6200_2,6027,6027_1,6200,6200_2,2736,28,9.449999999999989,06:18:30,06:26:30,6
6027_1__6200_2,6027,6027_1,6200,6200_2,705,29,8.766666666666708,06:18:30,06:26:30,6
6027_1__6200_2,6027,6027_1,6200,6200_2,9979,30,8.616666666666674,06:18:30,06:26:30,6
6027_1__6200_2,6027,6027_1,6200,6200_2,2492,31,9.716666666666697,06:18:30,06:26:30,6
6027_1__6200_2,6027,6027_1,6200,6200_2,946,32,9.03333333333336,06:18:30,06:26:30,6
6027_1__6200_2,6027,6027_1,6200,6200_2,947,33,8.050000000000011,06:18:30,06:26:30,6
6027_1__6200_2,6027,6027_1,6200,6200_2,327,34,8.050000000000011,06:18:30,06:26:30,6
6027_1__6200_2,6027,6027_1,6200,6200_2,3284,35,8.366666666666674,06:18:30,06:26:30,6
6027_1__6200_2,6027,6027_1,6200,6200_2,3282,36,6.833333333333314,06:18:30,06:26:30,6
6027_1__6200_2,6027,6027_1,6200,6200_2,2583,37,8.883333333333326,06:18:30,06:26:30,6
6027_1__6200_2,6027,6027_1,6200,6200_2,2590,38,8.866666666666617,06:18:30,06:26:30,6
6027_1__6200_2,6027,6027_1,6200,6200_2,603,39,7.716666666666697,06:18:30,06:26:30,6
6027_2__6200_3,6027,6027_2,6200,6200_3,3797,1,9.983333333333348,09:19:30,09:29:29,9
6027_2__6200_3,6027,6027_2,6200,6200_3,2984,2,9.766666666666652,09:19:30,09:29:29,9
6027_2__6200_3,6027,6027_2,6200,6200_3,2685,3,9.983333333333348,09:19:30,09:29:29,9
6027_2__6200_3,6027,6027_2,6200,6200_3,3649,4,9.75,09:19:30,09:29:29,9
6027_2__6200_3,6027,6027_2,6200,6200_3,3747,5,10.149999999999977,09:19:30,09:29:29,9
6027_2__6200_3,6027,6027_2,6200,6200_3,482,6,9.483333333333348,09:19:30,09:29:29,9
6027_2__6200_3,6027,6027_2,6200,6200_3,709,7,8.68333333333328,09:19:30,09:29:29,9
6027_2__6200_3,6027,6027_2,6200,6200_3,1577,8,7.4166666666667425,09:19:30,09:29:29,9
6027_2__6200_3,6027,6027_2,6200,6200_3,990,9,7.383333333333326,09:19:30,09:29:29,9
6027_2__6200_3,6027,6027_2,6200,6200_3,109,10,8.31666666666672,09:19:30,09:29:29,9
6027_2__6200_3,6027,6027_2,6200,6200_3,396,11,8.18333333333328,09:19:30,09:29:29,9
6027_2__6200_3,6027,6027_2,6200,6200_3,1253,12,8.25,09:19:30,09:29:29,9
6027_2__6200_3,6027,6027_2,6200,6200_3,1554,13,7.683333333333394,09:19:30,09:29:29,9
6027_2__6200_3,6027,6027_2,6200,6200_3,1099,14,7.81666666666672,09:19:30,09:29:29,9
6027_2__6200_3,6027,6027_2,6200,6200_3,168,15,8.033333333333303,09:19:30,09:29:29,9
6027_2__6200_3,6027,6027_2,6200,6200_3,929,16,7.2666666666666515,09:19:30,09:29:29,9
6027_2__6200_3,6027,6027_2,6200,6200_3,94,17,8.916666666666629,09:19:30,09:29:29,9
6027_2__6200_3,6027,6027_2,6200,6200_3,1080,18,8.733333333333235,09:19:30,09:29:29,9
6027_2__6200_3,6027,6027_2,6200,6200_3,146,19,9.866666666666674,09:19:30,09:29:29,9
6027_2__6200_3,6027,6027_2,6200,6200_3,1089,20,11.050000000000068,09:19:30,09:29:29,9
6027_2__6200_3,6027,6027_2,6200,6200_3,213,21,10.43333333333328,09:19:30,09:29:29,9
6027_2__6200_3,6027,6027_2,6200,6200_3,3907,22,10.933333333333394,09:19:30,09:29:29,9
6027_2__6200_3,6027,6027_2,6200,6200_3,949,23,12.600000000000023,09:19:30,09:29:29,9
6027_2__6200_3,6027,6027_2,6200,6200_3,913,24,13.399999999999977,09:19:30,09:29:29,9
6027_2__6200_3,6027,6027_2,6200,6200_3,307,25,15.266666666666652,09:19:30,09:29:29,9
6027_2__6200_3,6027,6027_2,6200,6200_3,212,26,15.600000000000023,09:19:30,09:29:29,9
6027_2__6200_3,6027,6027_2,6200,6200_3,2665,27,15.650000000000091,09:19:30,09:29:29,9
6027_2__6200_3,6027,6027_2,6200,6200_3,2736,28,18.683333333333394,09:19:30,09:29:29,9
6027_2__6200_3,6027,6027_2,6200,6200_3,705,29,17.966666666666583,09:19:30,09:29:29,9
6027_2__6200_3,6027,6027_2,6200,6200_3,9979,30,18.73333333333335,09:19:30,09:29:29,9
6027_2__6200_3,6027,6027_2,6200,6200_3,2492,31,17.783333333333303,09:19:30,09:29:29,9
6027_2__6200_3,6027,6027_2,6200,6200_3,946,32,17.23333333333335,09:19:30,09:29:29,9
6027_2__6200_3,6027,6027_2,6200,6200_3,947,33,16.299999999999955,09:19:30,09:29:29,9
6027_2__6200_3,6027,6027_2,6200,6200_3,327,34,17.48333333333335,09:19:30,09:29:29,9
6027_2__6200_3,6027,6027_2,6200,6200_3,3284,35,17.866666666666674,09:19:30,09:29:29,9
6027_2__6200_3,6027,6027_2,6200,6200_3,3282,36,17.633333333333326,09:19:30,09:29:29,9
6027_2__6200_3,6027,6027_2,6200,6200_3,2583,37,16.23333333333335,09:19:30,09:29:29,9
6027_2__6200_3,6027,6027_2,6200,6200_3,2590,38,16.350000000000023,09:19:30,09:29:29,9
6027_2__6200_3,6027,6027_2,6200,6200_3,603,39,15.916666666666629,09:19:30,09:29:29,9
6027_3__6200_4,6027,6027_3,6200,6200_4,3797,1,9.0,12:21:59,12:30:59,12
6027_3__6200_4,6027,6027_3,6200,6200_4,2984,2,9.450000000000045,12:21:59,12:30:59,12
6027_3__6200_4,6027,6027_3,6200,6200_4,2685,3,9.633333333333326,12:21:59,12:30:59,12
6027_3__6200_4,6027,6027_3,6200,6200_4,3649,4,11.0,12:21:59,12:30:59,12
6027_3__6200_4,6027,6027_3,6200,6200_4,3747,5,11.350000000000023,12:21:59,12:30:59,12
6027_3__6200_4,6027,6027_3,6200,6200_4,482,6,10.966666666666697,12:21:59,12:30:59,12
6027_3__6200_4,6027,6027_3,6200,6200_4,709,7,11.649999999999977,12:21:59,12:30:59,12
6027_3__6200_4,6027,6027_3,6200,6200_4,1577,8,10.733333333333235,12:21:59,12:30:59,12
6027_3__6200_4,6027,6027_3,6200,6200_4,990,9,11.933333333333394,12:21:59,12:30:59,12
6027_3__6200_4,6027,6027_3,6200,6200_4,109,10,11.81666666666672,12:21:59,12:30:59,12
6027_3__6200_4,6027,6027_3,6200,6200_4,396,11,11.433333333333394,12:21:59,12:30:59,12
6027_3__6200_4,6027,6027_3,6200,6200_4,1253,12,13.25,12:21:59,12:30:59,12
6027_3__6200_4,6027,6027_3,6200,6200_4,1554,13,12.699999999999932,12:21:59,12:30:59,12
6027_3__6200_4,6027,6027_3,6200,6200_4,1099,14,13.150000000000091,12:21:59,12:30:59,12
6027_3__6200_4,6027,6027_3,6200,6200_4,168,15,13.833333333333371,12:21:59,12:30:59,12
6027_3__6200_4,6027,6027_3,6200,6200_4,929,16,14.116666666666674,12:21:59,12:30:59,12
6027_3__6200_4,6027,6027_3,6200,6200_4,94,17,15.516666666666652,12:21:59,12:30:59,12
6027_3__6200_4,6027,6027_3,6200,6200_4,1080,18,15.066666666666606,12:21:59,12:30:59,12
6027_3__6200_4,6027,6027_3,6200,6200_4,146,19,14.699999999999932,12:21:59,12:30:59,12
6027_3__6200_4,6027,6027_3,6200,6200_4,1089,20,14.633333333333326,12:21:59,12:30:59,12
6027_3__6200_4,6027,6027_3,6200,6200_4,213,21,16.433333333333394,12:21:59,12:30:59,12
6027_3__6200_4,6027,6027_3,6200,6200_4,3907,22,17.533333333333303,12:21:59,12:30:59,12
6027_3__6200_4,6027,6027_3,6200,6200_4,949,23,16.816666666666606,12:21:59,12:30:59,12
6027_3__6200_4,6027,6027_3,6200,6200_4,913,24,17.399999999999977,12:21:59,12:30:59,12
6027_3__6200_4,6027,6027_3,6200,6200_4,307,25,17.049999999999955,12:21:59,12:30:59,12
6027_3__6200_4,6027,6027_3,6200,6200_4,212,26,17.199999999999932,12:21:59,12:30:59,12
6027_3__6200_4,6027,6027_3,6200,6200_4,2665,27,16.616666666666674,12:21:59,12:30:59,12
6027_3__6200_4,6027,6027_3,6200,6200_4,705,29,19.399999999999977,12:21:59,12:30:59,12
6027_3__6200_4,6027,6027_3,6200,6200_4,9979,30,17.81666666666672,12:21:59,12:30:59,12
6027_3__6200_4,6027,6027_3,6200,6200_4,946,32,19.383333333333326,12:21:59,12:30:59,12
6027_3__6200_4,6027,6027_3,6200,6200_4,947,33,20.166666666666742,12:21:59,12:30:59,12
6027_3__6200_4,6027,6027_3,6200,6200_4,327,34,22.033333333333303,12:21:59,12:30:59,12
6027_3__6200_4,6027,6027_3,6200,6200_4,3284,35,21.73333333333335,12:21:59,12:30:59,12
6027_3__6200_4,6027,6027_3,6200,6200_4,3282,36,21.283333333333303,12:21:59,12:30:59,12
6027_3__6200_4,6027,6027_3,6200,6200_4,2583,37,20.84999999999991,12:21:59,12:30:59,12
6027_3__6200_4,6027,6027_3,6200,6200_4,2590,38,21.699999999999932,12:21:59,12:30:59,12
6027_3__6200_4,6027,6027_3,6200,6200_4,603,39,22.299999999999955,12:21:59,12:30:59,12
6027_4__6200_5,6027,6027_4,6200,6200_5,3797,1,9.0,15:23:59,15:32:59,15
6027_4__6200_5,6027,6027_4,6200,6200_5,2984,2,9.0,15:23:59,15:32:59,15
6027_4__6200_5,6027,6027_4,6200,6200_5,2685,3,9.833333333333371,15:23:59,15:32:59,15
6027_4__6200_5,6027,6027_4,6200,6200_5,3649,4,9.833333333333371,15:23:59,15:32:59,15
6027_4__6200_5,6027,6027_4,6200,6200_5,3747,5,9.766666666666652,15:23:59,15:32:59,15
6027_4__6200_5,6027,6027_4,6200,6200_5,482,6,9.650000000000091,15:23:59,15:32:59,15
6027_4__6200_5,6027,6027_4,6200,6200_5,709,7,9.633333333333326,15:23:59,15:32:59,15
6027_4__6200_5,6027,6027_4,6200,6200_5,1577,8,11.416666666666629,15:23:59,15:32:59,15
6027_4__6200_5,6027,6027_4,6200,6200_5,990,9,11.299999999999955,15:23:59,15:32:59,15
6027_4__6200_5,6027,6027_4,6200,6200_5,109,10,8.950000000000045,15:23:59,15:32:59,15
6027_4__6200_5,6027,6027_4,6200,6200_5,396,11,9.75,15:23:59,15:32:59,15
6027_4__6200_5,6027,6027_4,6200,6200_5,1253,12,9.266666666666652,15:23:59,15:32:59,15
6027_4__6200_5,6027,6027_4,6200,6200_5,1554,13,9.683333333333394,15:23:59,15:32:59,15
6027_4__6200_5,6027,6027_4,6200,6200_5,1099,14,9.483333333333348,15:23:59,15:32:59,15
6027_4__6200_5,6027,6027_4,6200,6200_5,168,15,10.0,15:23:59,15:32:59,15
6027_4__6200_5,6027,6027_4,6200,6200_5,929,16,9.116666666666674,15:23:59,15:32:59,15
6027_4__6200_5,6027,6027_4,6200,6200_5,94,17,11.049999999999955,15:23:59,15:32:59,15
6027_4__6200_5,6027,6027_4,6200,6200_5,1080,18,8.93333333333328,15:23:59,15:32:59,15
6027_4__6200_5,6027,6027_4,6200,6200_5,146,19,9.183333333333394,15:23:59,15:32:59,15
6027_4__6200_5,6027,6027_4,6200,6200_5,1089,20,9.56666666666672,15:23:59,15:32:59,15
6027_4__6200_5,6027,6027_4,6200,6200_5,213,21,9.016666666666652,15:23:59,15:32:59,15
6027_4__6200_5,6027,6027_4,6200,6200_5,3907,22,9.916666666666742,15:23:59,15:32:59,15
6027_4__6200_5,6027,6027_4,6200,6200_5,949,23,9.633333333333326,15:23:59,15:32:59,15
6027_4__6200_5,6027,6027_4,6200,6200_5,913,24,10.333333333333258,15:23:59,15:32:59,15
6027_4__6200_5,6027,6027_4,6200,6200_5,307,25,10.583333333333258,15:23:59,15:32:59,15
6027_4__6200_5,6027,6027_4,6200,6200_5,212,26,10.516666666666652,15:23:59,15:32:59,15
6027_4__6200_5,6027,6027_4,6200,6200_5,2665,27,10.350000000000023,15:23:59,15:32:59,15
6027_4__6200_5,6027,6027_4,6200,6200_5,2736,28,11.166666666666629,15:23:59,15:32:59,15
6027_4__6200_5,6027,6027_4,6200,6200_5,705,29,10.833333333333371,15:23:59,15:32:59,15
6027_4__6200_5,6027,6027_4,6200,6200_5,9979,30,11.183333333333394,15:23:59,15:32:59,15
6027_4__6200_5,6027,6027_4,6200,6200_5,2492,31,11.783333333333303,15:23:59,15:32:59,15
6027_4__6200_5,6027,6027_4,6200,6200_5,946,32,11.43333333333328,15:23:59,15:32:59,15
6027_4__6200_5,6027,6027_4,6200,6200_5,947,33,12.133333333333326,15:23:59,15:32:59,15
6027_4__6200_5,6027,6027_4,6200,6200_5,327,34,12.016666666666652,15:23:59,15:32:59,15
6027_4__6200_5,6027,6027_4,6200,6200_5,3284,35,13.116666666666674,15:23:59,15:32:59,15
6027_4__6200_5,6027,6027_4,6200,6200_5,3282,36,13.25,15:23:59,15:32:59,15
6027_4__6200_5,6027,6027_4,6200,6200_5,2583,37,11.616666666666674,15:23:59,15:32:59,15
6027_4__6200_5,6027,6027_4,6200,6200_5,2590,38,11.383333333333326,15:23:59,15:32:59,15
6027_4__6200_5,6027,6027_4,6200,6200_5,603,39,10.383333333333326,15:23:59,15:32:59,15
6030_1__6401_4,6030,6030_1,6401,6401_4,3797,1,7.0,15:00:58,15:07:58,15
6030_1__6401_4,6030,6030_1,6401,6401_4,2984,2,6.516666666666765,15:00:58,15:07:58,15
6030_1__6401_4,6030,6030_1,6401,6401_4,2685,3,7.133333333333326,15:00:58,15:07:58,15
6030_1__6401_4,6030,6030_1,6401,6401_4,3649,4,8.350000000000023,15:00:58,15:07:58,15
6030_1__6401_4,6030,6030_1,6401,6401_4,3747,5,8.166666666666629,15:00:58,15:07:58,15
6030_1__6401_4,6030,6030_1,6401,6401_4,482,6,7.93333333333328,15:00:58,15:07:58,15
6030_1__6401_4,6030,6030_1,6401,6401_4,709,7,8.033333333333303,15:00:58,15:07:58,15
6030_1__6401_4,6030,6030_1,6401,6401_4,1577,8,9.25,15:00:58,15:07:58,15
6030_1__6401_4,6030,6030_1,6401,6401_4,990,9,7.6666666666667425,15:00:58,15:07:58,15
6030_1__6401_4,6030,6030_1,6401,6401_4,109,10,9.450000000000045,15:00:58,15:07:58,15
6030_1__6401_4,6030,6030_1,6401,6401_4,396,11,8.383333333333326,15:00:58,15:07:58,15
6030_1__6401_4,6030,6030_1,6401,6401_4,1253,12,10.133333333333326,15:00:58,15:07:58,15
6030_1__6401_4,6030,6030_1,6401,6401_4,1554,13,9.633333333333326,15:00:58,15:07:58,15
6030_1__6401_4,6030,6030_1,6401,6401_4,1099,14,9.833333333333258,15:00:58,15:07:58,15
6030_1__6401_4,6030,6030_1,6401,6401_4,168,15,10.31666666666672,15:00:58,15:07:58,15
6030_1__6401_4,6030,6030_1,6401,6401_4,929,16,9.400000000000091,15:00:58,15:07:58,15
6030_1__6401_4,6030,6030_1,6401,6401_4,94,17,6.0166666666666515,15:00:58,15:07:58,15
6030_1__6401_4,6030,6030_1,6401,6401_4,1080,18,5.833333333333371,15:00:58,15:07:58,15
6030_1__6401_4,6030,6030_1,6401,6401_4,146,19,7.600000000000023,15:00:58,15:07:58,15
6030_1__6401_4,6030,6030_1,6401,6401_4,1089,20,8.933333333333394,15:00:58,15:07:58,15
6030_1__6401_4,6030,6030_1,6401,6401_4,213,21,9.18333333333328,15:00:58,15:07:58,15
6030_1__6401_4,6030,6030_1,6401,6401_4,3907,22,9.299999999999955,15:00:58,15:07:58,15
6030_1__6401_4,6030,6030_1,6401,6401_4,949,23,10.666666666666742,15:00:58,15:07:58,15
6030_1__6401_4,6030,6030_1,6401,6401_4,913,24,10.649999999999977,15:00:58,15:07:58,15
6030_1__6401_4,6030,6030_1,6401,6401_4,307,25,10.550000000000068,15:00:58,15:07:58,15
6030_1__6401_4,6030,6030_1,6401,6401_4,212,26,9.083333333333371,15:00:58,15:07:58,15
6030_1__6401_4,6030,6030_1,6401,6401_4,2665,27,9.18333333333328,15:00:58,15:07:58,15
6030_1__6401_4,6030,6030_1,6401,6401_4,2736,28,8.016666666666652,15:00:58,15:07:58,15
6030_1__6401_4,6030,6030_1,6401,6401_4,705,29,7.399999999999977,15:00:58,15:07:58,15
6030_1__6401_4,6030,6030_1,6401,6401_4,9979,30,7.083333333333371,15:00:58,15:07:58,15
6030_1__6401_4,6030,6030_1,6401,6401_4,2492,31,6.9833333333333485,15:00:58,15:07:58,15
6030_1__6401_4,6030,6030_1,6401,6401_4,946,32,6.966666666666583,15:00:58,15:07:58,15
6030_1__6401_4,6030,6030_1,6401,6401_4,947,33,6.93333333333328,15:00:58,15:07:58,15
6030_1__6401_4,6030,6030_1,6401,6401_4,327,34,7.133333333333326,15:00:58,15:07:58,15
6030_1__6401_4,6030,6030_1,6401,6401_4,3284,35,7.649999999999977,15:00:58,15:07:58,15
6030_1__6401_4,6030,6030_1,6401,6401_4,3282,36,7.216666666666697,15:00:58,15:07:58,15
6030_1__6401_4,6030,6030_1,6401,6401_4,2583,37,7.849999999999909,15:00:58,15:07:58,15
6030_1__6401_4,6030,6030_1,6401,6401_4,2590,38,6.716666666666697,15:00:58,15:07:58,15
6037_1__6056_1,6037,6037_1,6056,6056_1,3649,4,9.850000000000023,04:27:08,04:36:59,4
6037_1__6056_1,6037,6037_1,6056,6056_1,3747,5,10.46666666666664,04:27:08,04:36:59,4
6037_1__6056_1,6037,6037_1,6056,6056_1,482,6,11.5,04:27:08,04:36:59,4
6037_1__6056_1,6037,6037_1,6056,6056_1,709,7,11.983333333333348,04:27:08,04:36:59,4
6037_1__6056_1,6037,6037_1,6056,6056_1,1577,8,12.46666666666664,04:27:08,04:36:59,4
6037_1__6056_1,6037,6037_1,6056,6056_1,990,9,12.350000000000023,04:27:08,04:36:59,4
6037_1__6056_1,6037,6037_1,6056,6056_1,109,10,12.350000000000023,04:27:08,04:36:59,4
6037_1__6056_1,6037,6037_1,6056,6056_1,396,11,12.333333333333314,04:27:08,04:36:59,4
6037_1__6056_1,6037,6037_1,6056,6056_1,1253,12,12.983333333333292,04:27:08,04:36:59,4
6037_1__6056_1,6037,6037_1,6056,6056_1,1554,13,13.316666666666663,04:27:08,04:36:59,4
6037_1__6056_1,6037,6037_1,6056,6056_1,1099,14,12.699999999999989,04:27:08,04:36:59,4
6037_1__6056_1,6037,6037_1,6056,6056_1,168,15,12.666666666666686,04:27:08,04:36:59,4
6037_1__6056_1,6037,6037_1,6056,6056_1,929,16,12.950000000000045,04:27:08,04:36:59,4
6037_1__6056_1,6037,6037_1,6056,6056_1,94,17,13.399999999999977,04:27:08,04:36:59,4
6037_1__6056_1,6037,6037_1,6056,6056_1,1080,18,13.100000000000023,04:27:08,04:36:59,4
6037_1__6056_1,6037,6037_1,6056,6056_1,146,19,13.416666666666686,04:27:08,04:36:59,4
6037_1__6056_1,6037,6037_1,6056,6056_1,1089,20,14.816666666666663,04:27:08,04:36:59,4
6037_1__6056_1,6037,6037_1,6056,6056_1,213,21,15.050000000000011,04:27:08,04:36:59,4
6037_1__6056_1,6037,6037_1,6056,6056_1,3907,22,16.25,04:27:08,04:36:59,4
6037_1__6056_1,6037,6037_1,6056,6056_1,949,23,15.050000000000011,04:27:08,04:36:59,4
6037_1__6056_1,6037,6037_1,6056,6056_1,913,24,16.816666666666663,04:27:08,04:36:59,4
6037_1__6056_1,6037,6037_1,6056,6056_1,307,25,16.116666666666674,04:27:08,04:36:59,4
6037_1__6056_1,6037,6037_1,6056,6056_1,212,26,15.849999999999966,04:27:08,04:36:59,4
6037_1__6056_1,6037,6037_1,6056,6056_1,2665,27,15.516666666666652,04:27:08,04:36:59,4
6037_1__6056_1,6037,6037_1,6056,6056_1,2736,28,16.5,04:27:08,04:36:59,4
6037_1__6056_1,6037,6037_1,6056,6056_1,705,29,15.333333333333314,04:27:08,04:36:59,4
6037_1__6056_1,6037,6037_1,6056,6056_1,9979,30,15.25,04:27:08,04:36:59,4
6037_1__6056_1,6037,6037_1,6056,6056_1,2492,31,15.699999999999989,04:27:08,04:36:59,4
6037_1__6056_1,6037,6037_1,6056,6056_1,946,32,15.799999999999955,04:27:08,04:36:59,4
6037_1__6056_1,6037,6037_1,6056,6056_1,947,33,16.533333333333303,04:27:08,04:36:59,4
6037_1__6056_1,6037,6037_1,6056,6056_1,327,34,16.683333333333337,04:27:08,04:36:59,4
6037_1__6056_1,6037,6037_1,6056,6056_1,3284,35,14.949999999999989,04:27:08,04:36:59,4
6037_1__6056_1,6037,6037_1,6056,6056_1,3282,36,16.133333333333326,04:27:08,04:36:59,4
6037_1__6056_1,6037,6037_1,6056,6056_1,2583,37,14.799999999999955,04:27:08,04:36:59,4
6037_1__6056_1,6037,6037_1,6056,6056_1,2590,38,16.26666666666671,04:27:08,04:36:59,4
6037_1__6056_1,6037,6037_1,6056,6056_1,603,39,16.566666666666663,04:27:08,04:36:59,4
6037_4__6056_5,6037,6037_4,6056,6056_5,3747,5,8.183333333333394,16:20:32,16:28:43,16
6037_4__6056_5,6037,6037_4,6056,6056_5,990,9,10.18333333333328,16:20:32,16:28:43,16
6037_4__6056_5,6037,6037_4,6056,6056_5,109,10,9.633333333333326,16:20:32,16:28:43,16
6037_4__6056_5,6037,6037_4,6056,6056_5,396,11,8.25,16:20:32,16:28:43,16
6037_4__6056_5,6037,6037_4,6056,6056_5,1253,12,11.56666666666672,16:20:32,16:28:43,16
6037_4__6056_5,6037,6037_4,6056,6056_5,146,19,9.866666666666674,16:20:32,16:28:43,16
6037_4__6056_5,6037,6037_4,6056,6056_5,213,21,10.949999999999932,16:20:32,16:28:43,16
6037_4__6056_5,6037,6037_4,6056,6056_5,3907,22,9.716666666666583,16:20:32,16:28:43,16
6037_4__6056_5,6037,6037_4,6056,6056_5,913,24,11.083333333333371,16:20:32,16:28:43,16
6037_4__6056_5,6037,6037_4,6056,6056_5,307,25,10.399999999999977,16:20:32,16:28:43,16
6037_4__6056_5,6037,6037_4,6056,6056_5,2665,27,11.11666666666656,16:20:32,16:28:43,16
6037_4__6056_5,6037,6037_4,6056,6056_5,2736,28,9.88333333333344,16:20:32,16:28:43,16
6037_4__6056_5,6037,6037_4,6056,6056_5,705,29,11.116666666666788,16:20:32,16:28:43,16
6037_4__6056_5,6037,6037_4,6056,6056_5,2492,31,9.25,16:20:32,16:28:43,16
6037_4__6056_5,6037,6037_4,6056,6056_5,947,33,9.25,16:20:32,16:28:43,16
6037_4__6056_5,6037,6037_4,6056,6056_5,2583,37,8.683333333333167,16:20:32,16:28:43,16
6037_4__6056_5,6037,6037_4,6056,6056_5,2590,38,8.833333333333258,16:20:32,16:28:43,16
6037_4__6056_5,6037,6037_4,6056,6056_5,603,39,8.466666666666697,16:20:32,16:28:43,16
6041_1__6411_1,6041,6041_1,6411,6411_1,3797,1,9.016666666666652,04:39:59,04:49:00,4
6041_1__6411_1,6041,6041_1,6411,6411_1,2984,2,7.96666666666664,04:39:59,04:49:00,4
6041_1__6411_1,6041,6041_1,6411,6411_1,2685,3,7.583333333333371,04:39:59,04:49:00,4
6041_1__6411_1,6041,6041_1,6411,6411_1,3649,4,6.900000000000034,04:39:59,04:49:00,4
6041_1__6411_1,6041,6041_1,6411,6411_1,3747,5,6.5,04:39:59,04:49:00,4
6041_1__6411_1,6041,6041_1,6411,6411_1,482,6,6.416666666666686,04:39:59,04:49:00,4
6041_1__6411_1,6041,6041_1,6411,6411_1,709,7,6.383333333333326,04:39:59,04:49:00,4
6041_1__6411_1,6041,6041_1,6411,6411_1,1577,8,5.866666666666674,04:39:59,04:49:00,4
6041_1__6411_1,6041,6041_1,6411,6411_1,990,9,6.316666666666663,04:39:59,04:49:00,4
6041_1__6411_1,6041,6041_1,6411,6411_1,109,10,5.949999999999989,04:39:59,04:49:00,4
6041_1__6411_1,6041,6041_1,6411,6411_1,396,11,5.366666666666674,04:39:59,04:49:00,4
6041_1__6411_1,6041,6041_1,6411,6411_1,1253,12,4.71666666666664,04:39:59,04:49:00,4
6041_1__6411_1,6041,6041_1,6411,6411_1,1554,13,2.9166666666666856,04:39:59,04:49:00,4
6041_1__6411_1,6041,6041_1,6411,6411_1,1099,14,3.5500000000000114,04:39:59,04:49:00,4
6041_1__6411_1,6041,6041_1,6411,6411_1,168,15,3.6333333333333258,04:39:59,04:49:00,4
6041_1__6411_1,6041,6041_1,6411,6411_1,929,16,5.699999999999989,04:39:59,04:49:00,4
6041_1__6411_1,6041,6041_1,6411,6411_1,94,17,4.383333333333326,04:39:59,04:49:00,4
6041_1__6411_1,6041,6041_1,6411,6411_1,1080,18,4.783333333333303,04:39:59,04:49:00,4
6041_1__6411_1,6041,6041_1,6411,6411_1,146,19,4.5,04:39:59,04:49:00,4
6041_1__6411_1,6041,6041_1,6411,6411_1,1089,20,4.5,04:39:59,04:49:00,4
6041_1__6411_1,6041,6041_1,6411,6411_1,213,21,4.916666666666686,04:39:59,04:49:00,4
6041_1__6411_1,6041,6041_1,6411,6411_1,3907,22,5.25,04:39:59,04:49:00,4
6041_1__6411_1,6041,6041_1,6411,6411_1,949,23,5.766666666666708,04:39:59,04:49:00,4
6041_1__6411_1,6041,6041_1,6411,6411_1,913,24,6.166666666666629,04:39:59,04:49:00,4
6041_1__6411_1,6041,6041_1,6411,6411_1,307,25,6.166666666666629,04:39:59,04:49:00,4
6041_1__6411_1,6041,6041_1,6411,6411_1,212,26,6.100000000000023,04:39:59,04:49:00,4
6041_1__6411_1,6041,6041_1,6411,6411_1,2665,27,6.300000000000011,04:39:59,04:49:00,4
6041_1__6411_1,6041,6041_1,6411,6411_1,2736,28,5.550000000000011,04:39:59,04:49:00,4
6041_1__6411_1,6041,6041_1,6411,6411_1,705,29,5.900000000000034,04:39:59,04:49:00,4
6041_1__6411_1,6041,6041_1,6411,6411_1,9979,30,6.900000000000034,04:39:59,04:49:00,4
6041_1__6411_1,6041,6041_1,6411,6411_1,2492,31,8.06666666666672,04:39:59,04:49:00,4
6041_1__6411_1,6041,6041_1,6411,6411_1,946,32,7.350000000000023,04:39:59,04:49:00,4
6041_1__6411_1,6041,6041_1,6411,6411_1,947,33,6.899999999999977,04:39:59,04:49:00,4
6041_1__6411_1,6041,6041_1,6411,6411_1,327,34,6.316666666666663,04:39:59,04:49:00,4
6041_1__6411_1,6041,6041_1,6411,6411_1,3284,35,5.866666666666674,04:39:59,04:49:00,4
6041_1__6411_1,6041,6041_1,6411,6411_1,3282,36,7.28333333333336,04:39:59,04:49:00,4
6041_1__6411_1,6041,6041_1,6411,6411_1,2583,37,6.816666666666663,04:39:59,04:49:00,4
6041_1__6411_1,6041,6041_1,6411,6411_1,2590,38,7.7333333333333485,04:39:59,04:49:00,4
6041_1__6411_1,6041,6041_1,6411,6411_1,603,39,8.033333333333303,04:39:59,04:49:00,4
6041_2__6411_2,6041,6041_2,6411,6411_2,3797,1,9.016666666666652,07:31:29,07:40:30,7
6041_2__6411_2,6041,6041_2,6411,6411_2,2984,2,9.633333333333383,07:31:29,07:40:30,7
6041_2__6411_2,6041,6041_2,6411,6411_2,2685,3,9.483333333333292,07:31:29,07:40:30,7
6041_2__6411_2,6041,6041_2,6411,6411_2,3649,4,9.766666666666652,07:31:29,07:40:30,7
6041_2__6411_2,6041,6041_2,6411,6411_2,482,6,8.416666666666686,07:31:29,07:40:30,7
6041_2__6411_2,6041,6041_2,6411,6411_2,709,7,8.349999999999966,07:31:29,07:40:30,7
6041_2__6411_2,6041,6041_2,6411,6411_2,1577,8,7.0499999999999545,07:31:29,07:40:30,7
6041_2__6411_2,6041,6041_2,6411,6411_2,990,9,8.150000000000034,07:31:29,07:40:30,7
6041_2__6411_2,6041,6041_2,6411,6411_2,109,10,7.949999999999989,07:31:29,07:40:30,7
6041_2__6411_2,6041,6041_2,6411,6411_2,396,11,5.683333333333337,07:31:29,07:40:30,7
6041_2__6411_2,6041,6041_2,6411,6411_2,1253,12,6.03333333333336,07:31:29,07:40:30,7
6041_2__6411_2,6041,6041_2,6411,6411_2,1554,13,6.149999999999977,07:31:29,07:40:30,7
6041_2__6411_2,6041,6041_2,6411,6411_2,1099,14,6.533333333333303,07:31:29,07:40:30,7
6041_2__6411_2,6041,6041_2,6411,6411_2,168,15,7.716666666666697,07:31:29,07:40:30,7
6041_2__6411_2,6041,6041_2,6411,6411_2,929,16,7.316666666666663,07:31:29,07:40:30,7
6041_2__6411_2,6041,6041_2,6411,6411_2,94,17,7.5,07:31:29,07:40:30,7
6041_2__6411_2,6041,6041_2,6411,6411_2,1080,18,7.350000000000023,07:31:29,07:40:30,7
6041_2__6411_2,6041,6041_2,6411,6411_2,146,19,8.133333333333326,07:31:29,07:40:30,7
6041_2__6411_2,6041,6041_2,6411,6411_2,1089,20,6.2333333333333485,07:31:29,07:40:30,7
6041_2__6411_2,6041,6041_2,6411,6411_2,213,21,6.683333333333337,07:31:29,07:40:30,7
6041_2__6411_2,6041,6041_2,6411,6411_2,3907,22,6.21666666666664,07:31:29,07:40:30,7
6041_2__6411_2,6041,6041_2,6411,6411_2,949,23,4.899999999999977,07:31:29,07:40:30,7
6041_2__6411_2,6041,6041_2,6411,6411_2,913,24,4.399999999999977,07:31:29,07:40:30,7
6041_2__6411_2,6041,6041_2,6411,6411_2,307,25,4.666666666666686,07:31:29,07:40:30,7
6041_2__6411_2,6041,6041_2,6411,6411_2,212,26,4.5,07:31:29,07:40:30,7
6041_2__6411_2,6041,6041_2,6411,6411_2,2665,27,4.350000000000023,07:31:29,07:40:30,7
6041_2__6411_2,6041,6041_2,6411,6411_2,2736,28,4.116666666666674,07:31:29,07:40:30,7
6041_2__6411_2,6041,6041_2,6411,6411_2,705,29,3.349999999999966,07:31:29,07:40:30,7
6041_2__6411_2,6041,6041_2,6411,6411_2,9979,30,1.3500000000000227,07:31:29,07:40:30,7
6041_2__6411_2,6041,6041_2,6411,6411_2,2492,31,1.5166666666666515,07:31:29,07:40:30,7
6041_2__6411_2,6041,6041_2,6411,6411_2,946,32,1.8500000000000227,07:31:29,07:40:30,7
6041_2__6411_2,6041,6041_2,6411,6411_2,947,33,3.2666666666666515,07:31:29,07:40:30,7
6041_2__6411_2,6041,6041_2,6411,6411_2,327,34,3.8833333333333258,07:31:29,07:40:30,7
6041_2__6411_2,6041,6041_2,6411,6411_2,3284,35,2.8666666666666742,07:31:29,07:40:30,7
6041_2__6411_2,6041,6041_2,6411,6411_2,3282,36,2.3833333333333258,07:31:29,07:40:30,7
6041_2__6411_2,6041,6041_2,6411,6411_2,2583,37,3.016666666666765,07:31:29,07:40:30,7
6041_2__6411_2,6041,6041_2,6411,6411_2,2590,38,1.3666666666666742,07:31:29,07:40:30,7
6041_2__6411_2,6041,6041_2,6411,6411_2,603,39,3.2000000000000455,07:31:29,07:40:30,7
6041_3__6411_3,6041,6041_3,6411,6411_3,3797,1,10.0,10:29:30,10:39:30,10
6041_3__6411_3,6041,6041_3,6411,6411_3,2984,2,10.616666666666674,10:29:30,10:39:30,10
6041_3__6411_3,6041,6041_3,6411,6411_3,2685,3,10.799999999999955,10:29:30,10:39:30,10
6041_3__6411_3,6041,6041_3,6411,6411_3,3649,4,8.766666666666652,10:29:30,10:39:30,10
6041_3__6411_3,6041,6041_3,6411,6411_3,3747,5,7.8333333333332575,10:29:30,10:39:30,10
6041_3__6411_3,6041,6041_3,6411,6411_3,482,6,7.900000000000091,10:29:30,10:39:30,10
6041_3__6411_3,6041,6041_3,6411,6411_3,709,7,7.666666666666629,10:29:30,10:39:30,10
6041_3__6411_3,6041,6041_3,6411,6411_3,1577,8,9.183333333333394,10:29:30,10:39:30,10
6041_3__6411_3,6041,6041_3,6411,6411_3,990,9,8.583333333333371,10:29:30,10:39:30,10
6041_3__6411_3,6041,6041_3,6411,6411_3,109,10,7.683333333333394,10:29:30,10:39:30,10
6041_3__6411_3,6041,6041_3,6411,6411_3,396,11,7.716666666666697,10:29:30,10:39:30,10
6041_3__6411_3,6041,6041_3,6411,6411_3,1253,12,8.083333333333258,10:29:30,10:39:30,10
6041_3__6411_3,6041,6041_3,6411,6411_3,1554,13,8.449999999999932,10:29:30,10:39:30,10
6041_3__6411_3,6041,6041_3,6411,6411_3,1099,14,8.083333333333371,10:29:30,10:39:30,10
6041_3__6411_3,6041,6041_3,6411,6411_3,168,15,7.900000000000091,10:29:30,10:39:30,10
6041_3__6411_3,6041,6041_3,6411,6411_3,929,16,7.366666666666674,10:29:30,10:39:30,10
6041_3__6411_3,6041,6041_3,6411,6411_3,94,17,7.7999999999999545,10:29:30,10:39:30,10
6041_3__6411_3,6041,6041_3,6411,6411_3,1080,18,6.533333333333303,10:29:30,10:39:30,10
6041_3__6411_3,6041,6041_3,6411,6411_3,146,19,7.2999999999999545,10:29:30,10:39:30,10
6041_3__6411_3,6041,6041_3,6411,6411_3,1089,20,5.883333333333326,10:29:30,10:39:30,10
6041_3__6411_3,6041,6041_3,6411,6411_3,213,21,5.350000000000023,10:29:30,10:39:30,10
6041_3__6411_3,6041,6041_3,6411,6411_3,3907,22,6.550000000000068,10:29:30,10:39:30,10
6041_3__6411_3,6041,6041_3,6411,6411_3,949,23,7.5499999999999545,10:29:30,10:39:30,10
6041_3__6411_3,6041,6041_3,6411,6411_3,913,24,6.5499999999999545,10:29:30,10:39:30,10
6041_3__6411_3,6041,6041_3,6411,6411_3,307,25,5.766666666666765,10:29:30,10:39:30,10
6041_3__6411_3,6041,6041_3,6411,6411_3,212,26,5.399999999999977,10:29:30,10:39:30,10
6041_3__6411_3,6041,6041_3,6411,6411_3,2665,27,5.916666666666629,10:29:30,10:39:30,10
6041_3__6411_3,6041,6041_3,6411,6411_3,2736,28,5.900000000000091,10:29:30,10:39:30,10
6041_3__6411_3,6041,6041_3,6411,6411_3,705,29,6.100000000000023,10:29:30,10:39:30,10
6041_3__6411_3,6041,6041_3,6411,6411_3,9979,30,5.416666666666629,10:29:30,10:39:30,10
6041_3__6411_3,6041,6041_3,6411,6411_3,2492,31,5.366666666666674,10:29:30,10:39:30,10
6041_3__6411_3,6041,6041_3,6411,6411_3,946,32,5.783333333333303,10:29:30,10:39:30,10
6041_3__6411_3,6041,6041_3,6411,6411_3,947,33,4.616666666666674,10:29:30,10:39:30,10
6041_3__6411_3,6041,6041_3,6411,6411_3,327,34,4.850000000000023,10:29:30,10:39:30,10
6041_3__6411_3,6041,6041_3,6411,6411_3,3284,35,4.533333333333303,10:29:30,10:39:30,10
6041_3__6411_3,6041,6041_3,6411,6411_3,3282,36,4.56666666666672,10:29:30,10:39:30,10
6041_3__6411_3,6041,6041_3,6411,6411_3,2583,37,4.149999999999977,10:29:30,10:39:30,10
6041_3__6411_3,6041,6041_3,6411,6411_3,2590,38,4.183333333333394,10:29:30,10:39:30,10
6041_3__6411_3,6041,6041_3,6411,6411_3,603,39,4.2999999999999545,10:29:30,10:39:30,10
6041_4__6411_4,6041,6041_4,6411,6411_4,3797,1,10.0,13:28:59,13:38:59,13
6041_4__6411_4,6041,6041_4,6411,6411_4,2984,2,10.116666666666674,13:28:59,13:38:59,13
6041_4__6411_4,6041,6041_4,6411,6411_4,2685,3,10.133333333333326,13:28:59,13:38:59,13
6041_4__6411_4,6041,6041_4,6411,6411_4,3649,4,11.716666666666697,13:28:59,13:38:59,13
6041_4__6411_4,6041,6041_4,6411,6411_4,3747,5,9.766666666666652,13:28:59,13:38:59,13
6041_4__6411_4,6041,6041_4,6411,6411_4,709,7,11.166666666666629,13:28:59,13:38:59,13
6041_4__6411_4,6041,6041_4,6411,6411_4,1577,8,11.083333333333258,13:28:59,13:38:59,13
6041_4__6411_4,6041,6041_4,6411,6411_4,990,9,11.350000000000023,13:28:59,13:38:59,13
6041_4__6411_4,6041,6041_4,6411,6411_4,109,10,10.483333333333348,13:28:59,13:38:59,13
6041_4__6411_4,6041,6041_4,6411,6411_4,396,11,10.683333333333394,13:28:59,13:38:59,13
6041_4__6411_4,6041,6041_4,6411,6411_4,1253,12,10.166666666666742,13:28:59,13:38:59,13
6041_4__6411_4,6041,6041_4,6411,6411_4,1554,13,9.68333333333328,13:28:59,13:38:59,13
6041_4__6411_4,6041,6041_4,6411,6411_4,1099,14,10.099999999999909,13:28:59,13:38:59,13
6041_4__6411_4,6041,6041_4,6411,6411_4,168,15,9.583333333333258,13:28:59,13:38:59,13
6041_4__6411_4,6041,6041_4,6411,6411_4,929,16,9.733333333333235,13:28:59,13:38:59,13
6041_4__6411_4,6041,6041_4,6411,6411_4,94,17,9.149999999999977,13:28:59,13:38:59,13
6041_4__6411_4,6041,6041_4,6411,6411_4,1080,18,10.083333333333371,13:28:59,13:38:59,13
6041_4__6411_4,6041,6041_4,6411,6411_4,146,19,11.699999999999932,13:28:59,13:38:59,13
6041_4__6411_4,6041,6041_4,6411,6411_4,1089,20,8.949999999999932,13:28:59,13:38:59,13
6041_4__6411_4,6041,6041_4,6411,6411_4,213,21,8.383333333333326,13:28:59,13:38:59,13
6041_4__6411_4,6041,6041_4,6411,6411_4,3907,22,8.533333333333303,13:28:59,13:38:59,13
6041_4__6411_4,6041,6041_4,6411,6411_4,949,23,8.983333333333348,13:28:59,13:38:59,13
6041_4__6411_4,6041,6041_4,6411,6411_4,913,24,10.700000000000045,13:28:59,13:38:59,13
6041_4__6411_4,6041,6041_4,6411,6411_4,307,25,11.0,13:28:59,13:38:59,13
6041_4__6411_4,6041,6041_4,6411,6411_4,212,26,12.550000000000068,13:28:59,13:38:59,13
6041_4__6411_4,6041,6041_4,6411,6411_4,2665,27,11.349999999999909,13:28:59,13:38:59,13
6041_4__6411_4,6041,6041_4,6411,6411_4,2736,28,12.933333333333394,13:28:59,13:38:59,13
6041_4__6411_4,6041,6041_4,6411,6411_4,705,29,12.800000000000068,13:28:59,13:38:59,13
6041_4__6411_4,6041,6041_4,6411,6411_4,9979,30,12.599999999999909,13:28:59,13:38:59,13
6041_4__6411_4,6041,6041_4,6411,6411_4,2492,31,13.283333333333417,13:28:59,13:38:59,13
6041_4__6411_4,6041,6041_4,6411,6411_4,946,32,12.333333333333258,13:28:59,13:38:59,13
6041_4__6411_4,6041,6041_4,6411,6411_4,947,33,13.5,13:28:59,13:38:59,13
6041_4__6411_4,6041,6041_4,6411,6411_4,327,34,13.600000000000023,13:28:59,13:38:59,13
6041_4__6411_4,6041,6041_4,6411,6411_4,3284,35,13.899999999999977,13:28:59,13:38:59,13
6041_4__6411_4,6041,6041_4,6411,6411_4,3282,36,13.583333333333258,13:28:59,13:38:59,13
6041_4__6411_4,6041,6041_4,6411,6411_4,2583,37,13.366666666666674,13:28:59,13:38:59,13
6041_4__6411_4,6041,6041_4,6411,6411_4,2590,38,13.533333333333303,13:28:59,13:38:59,13
6041_4__6411_4,6041,6041_4,6411,6411_4,603,39,14.416666666666629,13:28:59,13:38:59,13
6041_5__6411_5,6041,6041_5,6411,6411_5,3797,1,9.983333333333348,16:30:59,16:40:58,16
6041_5__6411_5,6041,6041_5,6411,6411_5,2984,2,12.833333333333371,16:30:59,16:40:58,16
6041_5__6411_5,6041,6041_5,6411,6411_5,2685,3,13.366666666666674,16:30:59,16:40:58,16
6041_5__6411_5,6041,6041_5,6411,6411_5,3649,4,13.916666666666629,16:30:59,16:40:58,16
6041_5__6411_5,6041,6041_5,6411,6411_5,3747,5,14.850000000000023,16:30:59,16:40:58,16
6041_5__6411_5,6041,6041_5,6411,6411_5,482,6,14.700000000000045,16:30:59,16:40:58,16
6041_5__6411_5,6041,6041_5,6411,6411_5,709,7,14.183333333333394,16:30:59,16:40:58,16
6041_5__6411_5,6041,6041_5,6411,6411_5,1577,8,15.56666666666672,16:30:59,16:40:58,16
6041_5__6411_5,6041,6041_5,6411,6411_5,990,9,14.033333333333303,16:30:59,16:40:58,16
6041_5__6411_5,6041,6041_5,6411,6411_5,109,10,14.800000000000068,16:30:59,16:40:58,16
6041_5__6411_5,6041,6041_5,6411,6411_5,396,11,15.633333333333212,16:30:59,16:40:58,16
6041_5__6411_5,6041,6041_5,6411,6411_5,1253,12,15.416666666666629,16:30:59,16:40:58,16
6041_5__6411_5,6041,6041_5,6411,6411_5,1554,13,16.299999999999955,16:30:59,16:40:58,16
6041_5__6411_5,6041,6041_5,6411,6411_5,1099,14,15.800000000000068,16:30:59,16:40:58,16
6041_5__6411_5,6041,6041_5,6411,6411_5,168,15,16.33333333333337,16:30:59,16:40:58,16
6041_5__6411_5,6041,6041_5,6411,6411_5,929,16,15.416666666666515,16:30:59,16:40:58,16
6041_5__6411_5,6041,6041_5,6411,6411_5,94,17,16.23333333333335,16:30:59,16:40:58,16
6041_5__6411_5,6041,6041_5,6411,6411_5,1080,18,16.883333333333326,16:30:59,16:40:58,16
6041_5__6411_5,6041,6041_5,6411,6411_5,146,19,15.850000000000136,16:30:59,16:40:58,16
6041_5__6411_5,6041,6041_5,6411,6411_5,1089,20,15.88333333333344,16:30:59,16:40:58,16
6041_5__6411_5,6041,6041_5,6411,6411_5,213,21,16.09999999999991,16:30:59,16:40:58,16
6041_5__6411_5,6041,6041_5,6411,6411_5,3907,22,15.916666666666742,16:30:59,16:40:58,16
6041_5__6411_5,6041,6041_5,6411,6411_5,949,23,16.816666666666833,16:30:59,16:40:58,16
6041_5__6411_5,6041,6041_5,6411,6411_5,913,24,17.75,16:30:59,16:40:58,16
6041_5__6411_5,6041,6041_5,6411,6411_5,307,25,18.416666666666742,16:30:59,16:40:58,16
6041_5__6411_5,6041,6041_5,6411,6411_5,212,26,19.549999999999955,16:30:59,16:40:58,16
6041_5__6411_5,6041,6041_5,6411,6411_5,2665,27,19.416666666666515,16:30:59,16:40:58,16
6041_5__6411_5,6041,6041_5,6411,6411_5,2736,28,19.13333333333344,16:30:59,16:40:58,16
6041_5__6411_5,6041,6041_5,6411,6411_5,705,29,18.76666666666665,16:30:59,16:40:58,16
6041_5__6411_5,6041,6041_5,6411,6411_5,9979,30,18.25,16:30:59,16:40:58,16
6041_5__6411_5,6041,6041_5,6411,6411_5,2492,31,19.199999999999818,16:30:59,16:40:58,16
6041_5__6411_5,6041,6041_5,6411,6411_5,946,32,20.583333333333485,16:30:59,16:40:58,16
6041_5__6411_5,6041,6041_5,6411,6411_5,947,33,19.833333333333485,16:30:59,16:40:58,16
6041_5__6411_5,6041,6041_5,6411,6411_5,327,34,19.13333333333344,16:30:59,16:40:58,16
6041_5__6411_5,6041,6041_5,6411,6411_5,3284,35,19.36666666666656,16:30:59,16:40:58,16
6041_5__6411_5,6041,6041_5,6411,6411_5,3282,36,19.866666666666788,16:30:59,16:40:58,16
6041_5__6411_5,6041,6041_5,6411,6411_5,2583,37,19.11666666666656,16:30:59,16:40:58,16
6041_5__6411_5,6041,6041_5,6411,6411_5,2590,38,19.049999999999955,16:30:59,16:40:58,16
6041_5__6411_5,6041,6041_5,6411,6411_5,603,39,17.75,16:30:59,16:40:58,16
6041_6__6411_6,6041,6041_6,6411,6411_6,3797,1,10.0,19:24:59,19:34:59,19
6041_6__6411_6,6041,6041_6,6411,6411_6,2984,2,11.233333333333348,19:24:59,19:34:59,19
6041_6__6411_6,6041,6041_6,6411,6411_6,2685,3,11.233333333333348,19:24:59,19:34:59,19
6041_6__6411_6,6041,6041_6,6411,6411_6,3649,4,11.266666666666652,19:24:59,19:34:59,19
6041_6__6411_6,6041,6041_6,6411,6411_6,3747,5,10.783333333333303,19:24:59,19:34:59,19
6041_6__6411_6,6041,6041_6,6411,6411_6,482,6,12.38333333333344,19:24:59,19:34:59,19
6041_6__6411_6,6041,6041_6,6411,6411_6,709,7,13.050000000000182,19:24:59,19:34:59,19
6041_6__6411_6,6041,6041_6,6411,6411_6,1577,8,12.599999999999909,19:24:59,19:34:59,19
6041_6__6411_6,6041,6041_6,6411,6411_6,990,9,14.433333333333167,19:24:59,19:34:59,19
6041_6__6411_6,6041,6041_6,6411,6411_6,109,10,13.099999999999909,19:24:59,19:34:59,19
6041_6__6411_6,6041,6041_6,6411,6411_6,396,11,11.466666666666697,19:24:59,19:34:59,19
6041_6__6411_6,6041,6041_6,6411,6411_6,1253,12,11.566666666666833,19:24:59,19:34:59,19
6041_6__6411_6,6041,6041_6,6411,6411_6,1554,13,12.783333333333303,19:24:59,19:34:59,19
6041_6__6411_6,6041,6041_6,6411,6411_6,1099,14,13.600000000000136,19:24:59,19:34:59,19
6041_6__6411_6,6041,6041_6,6411,6411_6,168,15,14.083333333333258,19:24:59,19:34:59,19
6041_6__6411_6,6041,6041_6,6411,6411_6,929,16,14.433333333333394,19:24:59,19:34:59,19
6041_6__6411_6,6041,6041_6,6411,6411_6,94,17,14.133333333333212,19:24:59,19:34:59,19
6041_6__6411_6,6041,6041_6,6411,6411_6,1080,18,14.233333333333348,19:24:59,19:34:59,19
6041_6__6411_6,6041,6041_6,6411,6411_6,146,19,13.833333333333258,19:24:59,19:34:59,19
6041_6__6411_6,6041,6041_6,6411,6411_6,1089,20,13.549999999999955,19:24:59,19:34:59,19
6041_6__6411_6,6041,6041_6,6411,6411_6,213,21,14.416666666666742,19:24:59,19:34:59,19
6041_6__6411_6,6041,6041_6,6411,6411_6,3907,22,15.083333333333258,19:24:59,19:34:59,19
6041_6__6411_6,6041,6041_6,6411,6411_6,949,23,14.900000000000091,19:24:59,19:34:59,19
6041_6__6411_6,6041,6041_6,6411,6411_6,913,24,14.75,19:24:59,19:34:59,19
6041_6__6411_6,6041,6041_6,6411,6411_6,307,25,14.516666666666879,19:24:59,19:34:59,19
6041_6__6411_6,6041,6041_6,6411,6411_6,212,26,15.066666666666606,19:24:59,19:34:59,19
6041_6__6411_6,6041,6041_6,6411,6411_6,2665,27,15.366666666666788,19:24:59,19:34:59,19
6041_6__6411_6,6041,6041_6,6411,6411_6,2736,28,15.683333333333394,19:24:59,19:34:59,19
6041_6__6411_6,6041,6041_6,6411,6411_6,705,29,14.666666666666742,19:24:59,19:34:59,19
6041_6__6411_6,6041,6041_6,6411,6411_6,9979,30,14.383333333333212,19:24:59,19:34:59,19
6041_6__6411_6,6041,6041_6,6411,6411_6,2492,31,14.583333333333258,19:24:59,19:34:59,19
6041_6__6411_6,6041,6041_6,6411,6411_6,946,32,14.0,19:24:59,19:34:59,19
6041_6__6411_6,6041,6041_6,6411,6411_6,947,33,13.36666666666656,19:24:59,19:34:59,19
6041_6__6411_6,6041,6041_6,6411,6411_6,327,34,13.083333333333485,19:24:59,19:34:59,19
6041_6__6411_6,6041,6041_6,6411,6411_6,3284,35,13.783333333333303,19:24:59,19:34:59,19
6041_6__6411_6,6041,6041_6,6411,6411_6,3282,36,13.949999999999818,19:24:59,19:34:59,19
6041_6__6411_6,6041,6041_6,6411,6411_6,2583,37,14.11666666666656,19:24:59,19:34:59,19
6041_6__6411_6,6041,6041_6,6411,6411_6,2590,38,14.883333333333212,19:24:59,19:34:59,19
6041_6__6411_6,6041,6041_6,6411,6411_6,603,39,14.299999999999955,19:24:59,19:34:59,19
6055_1__6037_1,6055,6055_1,6037,6037_1,3649,4,9.0,04:18:08,04:27:08,4
6055_1__6037_1,6055,6055_1,6037,6037_1,3747,5,9.150000000000034,04:18:08,04:27:08,4
6055_1__6037_1,6055,6055_1,6037,6037_1,482,6,8.983333333333348,04:18:08,04:27:08,4
6055_1__6037_1,6055,6055_1,6037,6037_1,709,7,9.083333333333314,04:18:08,04:27:08,4
6055_1__6037_1,6055,6055_1,6037,6037_1,1577,8,7.28333333333336,04:18:08,04:27:08,4
6055_1__6037_1,6055,6055_1,6037,6037_1,990,9,7.5166666666666515,04:18:08,04:27:08,4
6055_1__6037_1,6055,6055_1,6037,6037_1,109,10,7.666666666666686,04:18:08,04:27:08,4
6055_1__6037_1,6055,6055_1,6037,6037_1,396,11,8.583333333333314,04:18:08,04:27:08,4
6055_1__6037_1,6055,6055_1,6037,6037_1,1253,12,8.066666666666663,04:18:08,04:27:08,4
6055_1__6037_1,6055,6055_1,6037,6037_1,1554,13,8.0,04:18:08,04:27:08,4
6055_1__6037_1,6055,6055_1,6037,6037_1,1099,14,7.050000000000011,04:18:08,04:27:08,4
6055_1__6037_1,6055,6055_1,6037,6037_1,168,15,7.366666666666617,04:18:08,04:27:08,4
6055_1__6037_1,6055,6055_1,6037,6037_1,929,16,8.533333333333303,04:18:08,04:27:08,4
6055_1__6037_1,6055,6055_1,6037,6037_1,94,17,7.633333333333326,04:18:08,04:27:08,4
6055_1__6037_1,6055,6055_1,6037,6037_1,1080,18,8.166666666666686,04:18:08,04:27:08,4
6055_1__6037_1,6055,6055_1,6037,6037_1,146,19,7.75,04:18:08,04:27:08,4
6055_1__6037_1,6055,6055_1,6037,6037_1,1089,20,7.0166666666666515,04:18:08,04:27:08,4
6055_1__6037_1,6055,6055_1,6037,6037_1,213,21,7.833333333333314,04:18:08,04:27:08,4
6055_1__6037_1,6055,6055_1,6037,6037_1,3907,22,7.166666666666686,04:18:08,04:27:08,4
6055_1__6037_1,6055,6055_1,6037,6037_1,949,23,5.899999999999977,04:18:08,04:27:08,4
6055_1__6037_1,6055,6055_1,6037,6037_1,913,24,4.4500000000000455,04:18:08,04:27:08,4
6055_1__6037_1,6055,6055_1,6037,6037_1,212,26,8.050000000000011,04:18:08,04:27:08,4
6055_1__6037_1,6055,6055_1,6037,6037_1,2665,27,7.116666666666674,04:18:08,04:27:08,4
6055_1__6037_1,6055,6055_1,6037,6037_1,2736,28,6.650000000000034,04:18:08,04:27:08,4
6055_1__6037_1,6055,6055_1,6037,6037_1,705,29,7.2666666666666515,04:18:08,04:27:08,4
6055_1__6037_1,6055,6055_1,6037,6037_1,9979,30,7.050000000000011,04:18:08,04:27:08,4
6055_1__6037_1,6055,6055_1,6037,6037_1,2492,31,7.633333333333326,04:18:08,04:27:08,4
6055_1__6037_1,6055,6055_1,6037,6037_1,946,32,7.050000000000011,04:18:08,04:27:08,4
6055_1__6037_1,6055,6055_1,6037,6037_1,947,33,6.333333333333314,04:18:08,04:27:08,4
6055_1__6037_1,6055,6055_1,6037,6037_1,327,34,7.133333333333326,04:18:08,04:27:08,4
6055_1__6037_1,6055,6055_1,6037,6037_1,3284,35,8.316666666666663,04:18:08,04:27:08,4
6055_1__6037_1,6055,6055_1,6037,6037_1,3282,36,7.383333333333326,04:18:08,04:27:08,4
6055_1__6037_1,6055,6055_1,6037,6037_1,2583,37,8.433333333333337,04:18:08,04:27:08,4
6055_1__6037_1,6055,6055_1,6037,6037_1,2590,38,7.68333333333328,04:18:08,04:27:08,4
6055_1__6037_1,6055,6055_1,6037,6037_1,603,39,8.25,04:18:08,04:27:08,4
6055_4__6201_2,6055,6055_4,6201,6201_2,3797,1,10.0,12:58:58,13:08:58,12
6055_4__6201_2,6055,6055_4,6201,6201_2,2984,2,9.416666666666629,12:58:58,13:08:58,12
6055_4__6201_2,6055,6055_4,6201,6201_2,2685,3,9.366666666666674,12:58:58,13:08:58,12
6055_4__6201_2,6055,6055_4,6201,6201_2,3649,4,9.399999999999977,12:58:58,13:08:58,12
6055_4__6201_2,6055,6055_4,6201,6201_2,3747,5,9.86666666666656,12:58:58,13:08:58,12
6055_4__6201_2,6055,6055_4,6201,6201_2,482,6,9.516666666666652,12:58:58,13:08:58,12
6055_4__6201_2,6055,6055_4,6201,6201_2,709,7,9.583333333333371,12:58:58,13:08:58,12
6055_4__6201_2,6055,6055_4,6201,6201_2,1577,8,8.866666666666674,12:58:58,13:08:58,12
6055_4__6201_2,6055,6055_4,6201,6201_2,990,9,8.983333333333235,12:58:58,13:08:58,12
6055_4__6201_2,6055,6055_4,6201,6201_2,109,10,9.666666666666629,12:58:58,13:08:58,12
6055_4__6201_2,6055,6055_4,6201,6201_2,396,11,10.050000000000068,12:58:58,13:08:58,12
6055_4__6201_2,6055,6055_4,6201,6201_2,1253,12,9.549999999999955,12:58:58,13:08:58,12
6055_4__6201_2,6055,6055_4,6201,6201_2,1554,13,9.799999999999955,12:58:58,13:08:58,12
6055_4__6201_2,6055,6055_4,6201,6201_2,1099,14,8.233333333333348,12:58:58,13:08:58,12
6055_4__6201_2,6055,6055_4,6201,6201_2,168,15,6.616666666666674,12:58:58,13:08:58,12
6055_4__6201_2,6055,6055_4,6201,6201_2,929,16,5.75,12:58:58,13:08:58,12
6055_4__6201_2,6055,6055_4,6201,6201_2,94,17,4.666666666666629,12:58:58,13:08:58,12
6055_4__6201_2,6055,6055_4,6201,6201_2,1080,18,4.583333333333371,12:58:58,13:08:58,12
6055_4__6201_2,6055,6055_4,6201,6201_2,146,19,7.4833333333333485,12:58:58,13:08:58,12
6055_4__6201_2,6055,6055_4,6201,6201_2,1089,20,7.033333333333303,12:58:58,13:08:58,12
6055_4__6201_2,6055,6055_4,6201,6201_2,213,21,5.2999999999999545,12:58:58,13:08:58,12
6055_4__6201_2,6055,6055_4,6201,6201_2,3907,22,4.816666666666606,12:58:58,13:08:58,12
6055_4__6201_2,6055,6055_4,6201,6201_2,949,23,4.5166666666666515,12:58:58,13:08:58,12
6055_4__6201_2,6055,6055_4,6201,6201_2,913,24,4.316666666666606,12:58:58,13:08:58,12
6055_4__6201_2,6055,6055_4,6201,6201_2,307,25,4.583333333333371,12:58:58,13:08:58,12
6055_4__6201_2,6055,6055_4,6201,6201_2,212,26,4.68333333333328,12:58:58,13:08:58,12
6055_4__6201_2,6055,6055_4,6201,6201_2,2665,27,4.366666666666674,12:58:58,13:08:58,12
6055_4__6201_2,6055,6055_4,6201,6201_2,2736,28,5.06666666666672,12:58:58,13:08:58,12
6055_4__6201_2,6055,6055_4,6201,6201_2,705,29,4.416666666666629,12:58:58,13:08:58,12
6055_4__6201_2,6055,6055_4,6201,6201_2,9979,30,3.400000000000091,12:58:58,13:08:58,12
6055_4__6201_2,6055,6055_4,6201,6201_2,2492,31,3.6666666666666288,12:58:58,13:08:58,12
6055_4__6201_2,6055,6055_4,6201,6201_2,946,32,2.8833333333333258,12:58:58,13:08:58,12
6055_4__6201_2,6055,6055_4,6201,6201_2,947,33,3.8500000000000227,12:58:58,13:08:58,12
6055_4__6201_2,6055,6055_4,6201,6201_2,327,34,2.7999999999999545,12:58:58,13:08:58,12
6055_4__6201_2,6055,6055_4,6201,6201_2,3284,35,3.216666666666697,12:58:58,13:08:58,12
6055_4__6201_2,6055,6055_4,6201,6201_2,3282,36,2.716666666666697,12:58:58,13:08:58,12
6055_4__6201_2,6055,6055_4,6201,6201_2,2583,37,2.4333333333332803,12:58:58,13:08:58,12
6055_4__6201_2,6055,6055_4,6201,6201_2,603,39,1.0666666666667197,12:58:58,13:08:58,12
6055_5__6037_4,6055,6055_5,6037,6037_4,3747,5,7.883333333333326,16:12:39,16:20:32,16
6055_5__6037_4,6055,6055_5,6037,6037_4,990,9,6.933333333333394,16:12:39,16:20:32,16
6055_5__6037_4,6055,6055_5,6037,6037_4,109,10,6.666666666666629,16:12:39,16:20:32,16
6055_5__6037_4,6055,6055_5,6037,6037_4,396,11,8.233333333333348,16:12:39,16:20:32,16
6055_5__6037_4,6055,6055_5,6037,6037_4,1253,12,6.2999999999999545,16:12:39,16:20:32,16
6055_5__6037_4,6055,6055_5,6037,6037_4,146,19,7.81666666666672,16:12:39,16:20:32,16
6055_5__6037_4,6055,6055_5,6037,6037_4,213,21,8.766666666666652,16:12:39,16:20:32,16
6055_5__6037_4,6055,6055_5,6037,6037_4,3907,22,8.900000000000091,16:12:39,16:20:32,16
6055_5__6037_4,6055,6055_5,6037,6037_4,913,24,9.300000000000068,16:12:39,16:20:32,16
6055_5__6037_4,6055,6055_5,6037,6037_4,307,25,9.050000000000068,16:12:39,16:20:32,16
6055_5__6037_4,6055,6055_5,6037,6037_4,2665,27,11.083333333333371,16:12:39,16:20:32,16
6055_5__6037_4,6055,6055_5,6037,6037_4,2736,28,11.716666666666583,16:12:39,16:20:32,16
6055_5__6037_4,6055,6055_5,6037,6037_4,705,29,11.516666666666538,16:12:39,16:20:32,16
6055_5__6037_4,6055,6055_5,6037,6037_4,2492,31,14.483333333333235,16:12:39,16:20:32,16
6055_5__6037_4,6055,6055_5,6037,6037_4,947,33,15.016666666666652,16:12:39,16:20:32,16
6055_5__6037_4,6055,6055_5,6037,6037_4,2590,38,19.066666666666606,16:12:39,16:20:32,16
6055_5__6037_4,6055,6055_5,6037,6037_4,603,39,19.26666666666665,16:12:39,16:20:32,16
6055_6__6201_4,6055,6055_6,6201,6201_4,2984,2,10.049999999999955,18:58:19,19:08:22,18
6055_6__6201_4,6055,6055_6,6201,6201_4,2685,3,10.033333333333303,18:58:19,19:08:22,18
6055_6__6201_4,6055,6055_6,6201,6201_4,3747,5,10.166666666666742,18:58:19,19:08:22,18
6055_6__6201_4,6055,6055_6,6201,6201_4,482,6,10.100000000000136,18:58:19,19:08:22,18
6055_6__6201_4,6055,6055_6,6201,6201_4,709,7,10.366666666666788,18:58:19,19:08:22,18
6055_6__6201_4,6055,6055_6,6201,6201_4,1577,8,10.466666666666697,18:58:19,19:08:22,18
6055_6__6201_4,6055,6055_6,6201,6201_4,1253,12,9.950000000000045,18:58:19,19:08:22,18
6055_6__6201_4,6055,6055_6,6201,6201_4,1554,13,9.649999999999864,18:58:19,19:08:22,18
6055_6__6201_4,6055,6055_6,6201,6201_4,1099,14,9.316666666666606,18:58:19,19:08:22,18
6055_6__6201_4,6055,6055_6,6201,6201_4,168,15,9.533333333333303,18:58:19,19:08:22,18
6055_6__6201_4,6055,6055_6,6201,6201_4,929,16,9.766666666666652,18:58:19,19:08:22,18
6055_6__6201_4,6055,6055_6,6201,6201_4,94,17,9.949999999999818,18:58:19,19:08:22,18
6055_6__6201_4,6055,6055_6,6201,6201_4,1080,18,9.800000000000182,18:58:19,19:08:22,18
6055_6__6201_4,6055,6055_6,6201,6201_4,146,19,9.400000000000091,18:58:19,19:08:22,18
6055_6__6201_4,6055,6055_6,6201,6201_4,1089,20,8.199999999999818,18:58:19,19:08:22,18
6055_6__6201_4,6055,6055_6,6201,6201_4,213,21,10.86666666666656,18:58:19,19:08:22,18
6055_6__6201_4,6055,6055_6,6201,6201_4,3907,22,12.466666666666697,18:58:19,19:08:22,18
6055_6__6201_4,6055,6055_6,6201,6201_4,949,23,14.0,18:58:19,19:08:22,18
6055_6__6201_4,6055,6055_6,6201,6201_4,913,24,13.700000000000045,18:58:19,19:08:22,18
6055_6__6201_4,6055,6055_6,6201,6201_4,307,25,13.183333333333394,18:58:19,19:08:22,18
6055_6__6201_4,6055,6055_6,6201,6201_4,212,26,14.38333333333344,18:58:19,19:08:22,18
6055_6__6201_4,6055,6055_6,6201,6201_4,2665,27,13.633333333333212,18:58:19,19:08:22,18
6055_6__6201_4,6055,6055_6,6201,6201_4,2736,28,14.36666666666656,18:58:19,19:08:22,18
6055_6__6201_4,6055,6055_6,6201,6201_4,705,29,14.866666666666788,18:58:19,19:08:22,18
6055_6__6201_4,6055,6055_6,6201,6201_4,9979,30,15.299999999999955,18:58:19,19:08:22,18
6055_6__6201_4,6055,6055_6,6201,6201_4,2492,31,15.049999999999955,18:58:19,19:08:22,18
6055_6__6201_4,6055,6055_6,6201,6201_4,946,32,14.61666666666656,18:58:19,19:08:22,18
6055_6__6201_4,6055,6055_6,6201,6201_4,947,33,16.0,18:58:19,19:08:22,18
6055_6__6201_4,6055,6055_6,6201,6201_4,2590,38,19.633333333333212,18:58:19,19:08:22,18
6055_6__6201_4,6055,6055_6,6201,6201_4,603,39,19.166666666666742,18:58:19,19:08:22,18
6056_1__6041_1,6056,6056_1,6041,6041_1,3649,4,9.849999999999966,04:36:59,04:46:50,4
6056_1__6041_1,6056,6056_1,6041,6041_1,3747,5,9.650000000000034,04:36:59,04:46:50,4
6056_1__6041_1,6056,6056_1,6041,6041_1,482,6,8.933333333333337,04:36:59,04:46:50,4
6056_1__6041_1,6056,6056_1,6041,6041_1,709,7,8.349999999999966,04:36:59,04:46:50,4
6056_1__6041_1,6056,6056_1,6041,6041_1,1577,8,9.433333333333337,04:36:59,04:46:50,4
6056_1__6041_1,6056,6056_1,6041,6041_1,990,9,9.583333333333314,04:36:59,04:46:50,4
6056_1__6041_1,6056,6056_1,6041,6041_1,109,10,9.633333333333326,04:36:59,04:46:50,4
6056_1__6041_1,6056,6056_1,6041,6041_1,396,11,9.166666666666686,04:36:59,04:46:50,4
6056_1__6041_1,6056,6056_1,6041,6041_1,1253,12,9.583333333333371,04:36:59,04:46:50,4
6056_1__6041_1,6056,6056_1,6041,6041_1,1554,13,9.633333333333326,04:36:59,04:46:50,4
6056_1__6041_1,6056,6056_1,6041,6041_1,1099,14,10.033333333333303,04:36:59,04:46:50,4
6056_1__6041_1,6056,6056_1,6041,6041_1,168,15,10.416666666666686,04:36:59,04:46:50,4
6056_1__6041_1,6056,6056_1,6041,6041_1,929,16,8.566666666666663,04:36:59,04:46:50,4
6056_1__6041_1,6056,6056_1,6041,6041_1,94,17,9.5,04:36:59,04:46:50,4
6056_1__6041_1,6056,6056_1,6041,6041_1,1080,18,9.266666666666652,04:36:59,04:46:50,4
6056_1__6041_1,6056,6056_1,6041,6041_1,146,19,9.633333333333326,04:36:59,04:46:50,4
6056_1__6041_1,6056,6056_1,6041,6041_1,1089,20,8.466666666666697,04:36:59,04:46:50,4
6056_1__6041_1,6056,6056_1,6041,6041_1,213,21,7.933333333333337,04:36:59,04:46:50,4
6056_1__6041_1,6056,6056_1,6041,6041_1,3907,22,6.883333333333326,04:36:59,04:46:50,4
6056_1__6041_1,6056,6056_1,6041,6041_1,949,23,8.449999999999989,04:36:59,04:46:50,4
6056_1__6041_1,6056,6056_1,6041,6041_1,913,24,7.75,04:36:59,04:46:50,4
6056_1__6041_1,6056,6056_1,6041,6041_1,307,25,8.066666666666663,04:36:59,04:46:50,4
6056_1__6041_1,6056,6056_1,6041,6041_1,212,26,8.449999999999989,04:36:59,04:46:50,4
6056_1__6041_1,6056,6056_1,6041,6041_1,2665,27,8.899999999999977,04:36:59,04:46:50,4
6056_1__6041_1,6056,6056_1,6041,6041_1,2736,28,8.616666666666617,04:36:59,04:46:50,4
6056_1__6041_1,6056,6056_1,6041,6041_1,705,29,8.266666666666652,04:36:59,04:46:50,4
6056_1__6041_1,6056,6056_1,6041,6041_1,9979,30,7.2999999999999545,04:36:59,04:46:50,4
6056_1__6041_1,6056,6056_1,6041,6041_1,2492,31,5.649999999999977,04:36:59,04:46:50,4
6056_1__6041_1,6056,6056_1,6041,6041_1,946,32,6.75,04:36:59,04:46:50,4
6056_1__6041_1,6056,6056_1,6041,6041_1,947,33,6.650000000000034,04:36:59,04:46:50,4
6056_1__6041_1,6056,6056_1,6041,6041_1,327,34,6.46666666666664,04:36:59,04:46:50,4
6056_1__6041_1,6056,6056_1,6041,6041_1,3284,35,7.966666666666697,04:36:59,04:46:50,4
6056_1__6041_1,6056,6056_1,6041,6041_1,3282,36,6.316666666666663,04:36:59,04:46:50,4
6056_1__6041_1,6056,6056_1,6041,6041_1,2583,37,7.683333333333337,04:36:59,04:46:50,4
6056_1__6041_1,6056,6056_1,6041,6041_1,2590,38,6.283333333333303,04:36:59,04:46:50,4
6056_1__6041_1,6056,6056_1,6041,6041_1,603,39,5.9833333333333485,04:36:59,04:46:50,4
6056_2__6041_2,6056,6056_2,6041,6041_2,3797,1,8.983333333333348,07:22:30,07:31:29,7
6056_2__6041_2,6056,6056_2,6041,6041_2,2984,2,9.5,07:22:30,07:31:29,7
6056_2__6041_2,6056,6056_2,6041,6041_2,2685,3,9.266666666666708,07:22:30,07:31:29,7
6056_2__6041_2,6056,6056_2,6041,6041_2,3649,4,8.383333333333326,07:22:30,07:31:29,7
6056_2__6041_2,6056,6056_2,6041,6041_2,3747,5,10.149999999999977,07:22:30,07:31:29,7
6056_2__6041_2,6056,6056_2,6041,6041_2,482,6,10.099999999999966,07:22:30,07:31:29,7
6056_2__6041_2,6056,6056_2,6041,6041_2,709,7,9.983333333333348,07:22:30,07:31:29,7
6056_2__6041_2,6056,6056_2,6041,6041_2,1577,8,9.200000000000045,07:22:30,07:31:29,7
6056_2__6041_2,6056,6056_2,6041,6041_2,990,9,9.366666666666617,07:22:30,07:31:29,7
6056_2__6041_2,6056,6056_2,6041,6041_2,109,10,8.433333333333337,07:22:30,07:31:29,7
6056_2__6041_2,6056,6056_2,6041,6041_2,396,11,10.233333333333292,07:22:30,07:31:29,7
6056_2__6041_2,6056,6056_2,6041,6041_2,1253,12,7.883333333333326,07:22:30,07:31:29,7
6056_2__6041_2,6056,6056_2,6041,6041_2,1554,13,7.166666666666686,07:22:30,07:31:29,7
6056_2__6041_2,6056,6056_2,6041,6041_2,1099,14,7.699999999999989,07:22:30,07:31:29,7
6056_2__6041_2,6056,6056_2,6041,6041_2,168,15,7.18333333333328,07:22:30,07:31:29,7
6056_2__6041_2,6056,6056_2,6041,6041_2,929,16,8.316666666666663,07:22:30,07:31:29,7
6056_2__6041_2,6056,6056_2,6041,6041_2,94,17,7.683333333333337,07:22:30,07:31:29,7
6056_2__6041_2,6056,6056_2,6041,6041_2,1080,18,7.183333333333337,07:22:30,07:31:29,7
6056_2__6041_2,6056,6056_2,6041,6041_2,146,19,6.25,07:22:30,07:31:29,7
6056_2__6041_2,6056,6056_2,6041,6041_2,1089,20,7.300000000000011,07:22:30,07:31:29,7
6056_2__6041_2,6056,6056_2,6041,6041_2,213,21,7.883333333333326,07:22:30,07:31:29,7
6056_2__6041_2,6056,6056_2,6041,6041_2,3907,22,7.916666666666686,07:22:30,07:31:29,7
6056_2__6041_2,6056,6056_2,6041,6041_2,949,23,4.916666666666686,07:22:30,07:31:29,7
6056_2__6041_2,6056,6056_2,6041,6041_2,913,24,4.25,07:22:30,07:31:29,7
6056_2__6041_2,6056,6056_2,6041,6041_2,307,25,3.966666666666697,07:22:30,07:31:29,7
6056_2__6041_2,6056,6056_2,6041,6041_2,212,26,5.0,07:22:30,07:31:29,7
6056_2__6041_2,6056,6056_2,6041,6041_2,2665,27,4.96666666666664,07:22:30,07:31:29,7
6056_2__6041_2,6056,6056_2,6041,6041_2,2736,28,4.0166666666666515,07:22:30,07:31:29,7
6056_2__6041_2,6056,6056_2,6041,6041_2,705,29,4.4833333333333485,07:22:30,07:31:29,7
6056_2__6041_2,6056,6056_2,6041,6041_2,9979,30,6.0,07:22:30,07:31:29,7
6056_2__6041_2,6056,6056_2,6041,6041_2,2492,31,6.2666666666666515,07:22:30,07:31:29,7
6056_2__6041_2,6056,6056_2,6041,6041_2,946,32,4.899999999999977,07:22:30,07:31:29,7
6056_2__6041_2,6056,6056_2,6041,6041_2,947,33,4.533333333333303,07:22:30,07:31:29,7
6056_2__6041_2,6056,6056_2,6041,6041_2,327,34,5.0166666666666515,07:22:30,07:31:29,7
6056_2__6041_2,6056,6056_2,6041,6041_2,3284,35,5.0,07:22:30,07:31:29,7
6056_2__6041_2,6056,6056_2,6041,6041_2,3282,36,5.43333333333328,07:22:30,07:31:29,7
6056_2__6041_2,6056,6056_2,6041,6041_2,2583,37,5.2999999999999545,07:22:30,07:31:29,7
6056_2__6041_2,6056,6056_2,6041,6041_2,2590,38,6.149999999999977,07:22:30,07:31:29,7
6056_2__6041_2,6056,6056_2,6041,6041_2,603,39,5.0166666666666515,07:22:30,07:31:29,7
6056_3__6041_3,6056,6056_3,6041,6041_3,3797,1,7.0,10:22:30,10:29:30,10
6056_3__6041_3,6056,6056_3,6041,6041_3,2984,2,8.466666666666697,10:22:30,10:29:30,10
6056_3__6041_3,6056,6056_3,6041,6041_3,2685,3,9.683333333333394,10:22:30,10:29:30,10
6056_3__6041_3,6056,6056_3,6041,6041_3,3649,4,11.283333333333417,10:22:30,10:29:30,10
6056_3__6041_3,6056,6056_3,6041,6041_3,3747,5,11.300000000000068,10:22:30,10:29:30,10
6056_3__6041_3,6056,6056_3,6041,6041_3,482,6,10.799999999999955,10:22:30,10:29:30,10
6056_3__6041_3,6056,6056_3,6041,6041_3,709,7,10.5,10:22:30,10:29:30,10
6056_3__6041_3,6056,6056_3,6041,6041_3,1577,8,9.316666666666606,10:22:30,10:29:30,10
6056_3__6041_3,6056,6056_3,6041,6041_3,990,9,8.583333333333371,10:22:30,10:29:30,10
6056_3__6041_3,6056,6056_3,6041,6041_3,109,10,9.549999999999955,10:22:30,10:29:30,10
6056_3__6041_3,6056,6056_3,6041,6041_3,396,11,9.366666666666674,10:22:30,10:29:30,10
6056_3__6041_3,6056,6056_3,6041,6041_3,1253,12,9.466666666666697,10:22:30,10:29:30,10
6056_3__6041_3,6056,6056_3,6041,6041_3,1554,13,9.100000000000023,10:22:30,10:29:30,10
6056_3__6041_3,6056,6056_3,6041,6041_3,1099,14,10.100000000000023,10:22:30,10:29:30,10
6056_3__6041_3,6056,6056_3,6041,6041_3,168,15,10.25,10:22:30,10:29:30,10
6056_3__6041_3,6056,6056_3,6041,6041_3,929,16,9.25,10:22:30,10:29:30,10
6056_3__6041_3,6056,6056_3,6041,6041_3,94,17,9.216666666666697,10:22:30,10:29:30,10
6056_3__6041_3,6056,6056_3,6041,6041_3,1080,18,9.600000000000023,10:22:30,10:29:30,10
6056_3__6041_3,6056,6056_3,6041,6041_3,146,19,8.816666666666606,10:22:30,10:29:30,10
6056_3__6041_3,6056,6056_3,6041,6041_3,1089,20,8.950000000000045,10:22:30,10:29:30,10
6056_3__6041_3,6056,6056_3,6041,6041_3,213,21,7.583333333333371,10:22:30,10:29:30,10
6056_3__6041_3,6056,6056_3,6041,6041_3,3907,22,6.566666666666606,10:22:30,10:29:30,10
6056_3__6041_3,6056,6056_3,6041,6041_3,949,23,6.100000000000023,10:22:30,10:29:30,10
6056_3__6041_3,6056,6056_3,6041,6041_3,913,24,6.600000000000023,10:22:30,10:29:30,10
6056_3__6041_3,6056,6056_3,6041,6041_3,307,25,7.666666666666629,10:22:30,10:29:30,10
6056_3__6041_3,6056,6056_3,6041,6041_3,212,26,6.633333333333326,10:22:30,10:29:30,10
6056_3__6041_3,6056,6056_3,6041,6041_3,2665,27,6.266666666666765,10:22:30,10:29:30,10
6056_3__6041_3,6056,6056_3,6041,6041_3,2736,28,5.866666666666674,10:22:30,10:29:30,10
6056_3__6041_3,6056,6056_3,6041,6041_3,705,29,5.4833333333333485,10:22:30,10:29:30,10
6056_3__6041_3,6056,6056_3,6041,6041_3,9979,30,5.633333333333439,10:22:30,10:29:30,10
6056_3__6041_3,6056,6056_3,6041,6041_3,2492,31,5.716666666666697,10:22:30,10:29:30,10
6056_3__6041_3,6056,6056_3,6041,6041_3,946,32,4.399999999999977,10:22:30,10:29:30,10
6056_3__6041_3,6056,6056_3,6041,6041_3,947,33,5.033333333333303,10:22:30,10:29:30,10
6056_3__6041_3,6056,6056_3,6041,6041_3,327,34,4.9833333333333485,10:22:30,10:29:30,10
6056_3__6041_3,6056,6056_3,6041,6041_3,3284,35,5.166666666666629,10:22:30,10:29:30,10
6056_3__6041_3,6056,6056_3,6041,6041_3,3282,36,4.7666666666666515,10:22:30,10:29:30,10
6056_3__6041_3,6056,6056_3,6041,6041_3,2583,37,4.533333333333417,10:22:30,10:29:30,10
6056_3__6041_3,6056,6056_3,6041,6041_3,2590,38,4.866666666666674,10:22:30,10:29:30,10
6056_3__6041_3,6056,6056_3,6041,6041_3,603,39,4.350000000000023,10:22:30,10:29:30,10
6056_4__6041_4,6056,6056_4,6041,6041_4,3797,1,10.016666666666652,13:18:58,13:28:59,13
6056_4__6041_4,6056,6056_4,6041,6041_4,2984,2,8.716666666666697,13:18:58,13:28:59,13
6056_4__6041_4,6056,6056_4,6041,6041_4,2685,3,8.466666666666697,13:18:58,13:28:59,13
6056_4__6041_4,6056,6056_4,6041,6041_4,3649,4,6.18333333333328,13:18:58,13:28:59,13
6056_4__6041_4,6056,6056_4,6041,6041_4,3747,5,8.016666666666652,13:18:58,13:28:59,13
6056_4__6041_4,6056,6056_4,6041,6041_4,709,7,4.716666666666697,13:18:58,13:28:59,13
6056_4__6041_4,6056,6056_4,6041,6041_4,1577,8,5.283333333333303,13:18:58,13:28:59,13
6056_4__6041_4,6056,6056_4,6041,6041_4,990,9,4.75,13:18:58,13:28:59,13
6056_4__6041_4,6056,6056_4,6041,6041_4,109,10,5.9500000000000455,13:18:58,13:28:59,13
6056_4__6041_4,6056,6056_4,6041,6041_4,396,11,5.7333333333333485,13:18:58,13:28:59,13
6056_4__6041_4,6056,6056_4,6041,6041_4,1253,12,5.7333333333333485,13:18:58,13:28:59,13
6056_4__6041_4,6056,6056_4,6041,6041_4,1554,13,6.300000000000068,13:18:58,13:28:59,13
6056_4__6041_4,6056,6056_4,6041,6041_4,1099,14,5.866666666666674,13:18:58,13:28:59,13
6056_4__6041_4,6056,6056_4,6041,6041_4,168,15,5.783333333333417,13:18:58,13:28:59,13
6056_4__6041_4,6056,6056_4,6041,6041_4,929,16,6.300000000000068,13:18:58,13:28:59,13
6056_4__6041_4,6056,6056_4,6041,6041_4,94,17,6.633333333333326,13:18:58,13:28:59,13
6056_4__6041_4,6056,6056_4,6041,6041_4,1080,18,5.666666666666629,13:18:58,13:28:59,13
6056_4__6041_4,6056,6056_4,6041,6041_4,146,19,6.06666666666672,13:18:58,13:28:59,13
6056_4__6041_4,6056,6056_4,6041,6041_4,1089,20,9.083333333333371,13:18:58,13:28:59,13
6056_4__6041_4,6056,6056_4,6041,6041_4,213,21,8.649999999999977,13:18:58,13:28:59,13
6056_4__6041_4,6056,6056_4,6041,6041_4,3907,22,8.883333333333326,13:18:58,13:28:59,13
6056_4__6041_4,6056,6056_4,6041,6041_4,949,23,7.449999999999932,13:18:58,13:28:59,13
6056_4__6041_4,6056,6056_4,6041,6041_4,913,24,7.883333333333326,13:18:58,13:28:59,13
6056_4__6041_4,6056,6056_4,6041,6041_4,307,25,7.366666666666674,13:18:58,13:28:59,13
6056_4__6041_4,6056,6056_4,6041,6041_4,212,26,7.68333333333328,13:18:58,13:28:59,13
6056_4__6041_4,6056,6056_4,6041,6041_4,2665,27,7.933333333333394,13:18:58,13:28:59,13
6056_4__6041_4,6056,6056_4,6041,6041_4,2736,28,7.149999999999977,13:18:58,13:28:59,13
6056_4__6041_4,6056,6056_4,6041,6041_4,705,29,7.283333333333303,13:18:58,13:28:59,13
6056_4__6041_4,6056,6056_4,6041,6041_4,9979,30,7.716666666666697,13:18:58,13:28:59,13
6056_4__6041_4,6056,6056_4,6041,6041_4,2492,31,5.949999999999932,13:18:58,13:28:59,13
6056_4__6041_4,6056,6056_4,6041,6041_4,946,32,5.5166666666666515,13:18:58,13:28:59,13
6056_4__6041_4,6056,6056_4,6041,6041_4,947,33,5.399999999999977,13:18:58,13:28:59,13
6056_4__6041_4,6056,6056_4,6041,6041_4,327,34,5.2999999999999545,13:18:58,13:28:59,13
6056_4__6041_4,6056,6056_4,6041,6041_4,3284,35,4.93333333333328,13:18:58,13:28:59,13
6056_4__6041_4,6056,6056_4,6041,6041_4,3282,36,4.650000000000091,13:18:58,13:28:59,13
6056_4__6041_4,6056,6056_4,6041,6041_4,2583,37,3.7000000000000455,13:18:58,13:28:59,13
6056_4__6041_4,6056,6056_4,6041,6041_4,2590,38,3.8666666666666742,13:18:58,13:28:59,13
6056_4__6041_4,6056,6056_4,6041,6041_4,603,39,3.5333333333334167,13:18:58,13:28:59,13
6056_5__6041_5,6056,6056_5,6041,6041_5,3797,1,10.016666666666652,16:20:58,16:30:59,16
6056_5__6041_5,6056,6056_5,6041,6041_5,2984,2,9.799999999999955,16:20:58,16:30:59,16
6056_5__6041_5,6056,6056_5,6041,6041_5,2685,3,10.133333333333326,16:20:58,16:30:59,16
6056_5__6041_5,6056,6056_5,6041,6041_5,3649,4,10.416666666666742,16:20:58,16:30:59,16
6056_5__6041_5,6056,6056_5,6041,6041_5,3747,5,9.199999999999932,16:20:58,16:30:59,16
6056_5__6041_5,6056,6056_5,6041,6041_5,482,6,9.350000000000023,16:20:58,16:30:59,16
6056_5__6041_5,6056,6056_5,6041,6041_5,709,7,9.949999999999932,16:20:58,16:30:59,16
6056_5__6041_5,6056,6056_5,6041,6041_5,1577,8,8.483333333333348,16:20:58,16:30:59,16
6056_5__6041_5,6056,6056_5,6041,6041_5,990,9,8.933333333333394,16:20:58,16:30:59,16
6056_5__6041_5,6056,6056_5,6041,6041_5,109,10,9.600000000000023,16:20:58,16:30:59,16
6056_5__6041_5,6056,6056_5,6041,6041_5,396,11,9.950000000000045,16:20:58,16:30:59,16
6056_5__6041_5,6056,6056_5,6041,6041_5,1253,12,8.049999999999955,16:20:58,16:30:59,16
6056_5__6041_5,6056,6056_5,6041,6041_5,1554,13,7.899999999999977,16:20:58,16:30:59,16
6056_5__6041_5,6056,6056_5,6041,6041_5,1099,14,8.649999999999977,16:20:58,16:30:59,16
6056_5__6041_5,6056,6056_5,6041,6041_5,168,15,7.283333333333303,16:20:58,16:30:59,16
6056_5__6041_5,6056,6056_5,6041,6041_5,929,16,7.783333333333417,16:20:58,16:30:59,16
6056_5__6041_5,6056,6056_5,6041,6041_5,94,17,4.4833333333333485,16:20:58,16:30:59,16
6056_5__6041_5,6056,6056_5,6041,6041_5,1080,18,4.166666666666629,16:20:58,16:30:59,16
6056_5__6041_5,6056,6056_5,6041,6041_5,146,19,6.383333333333212,16:20:58,16:30:59,16
6056_5__6041_5,6056,6056_5,6041,6041_5,1089,20,4.3333333333332575,16:20:58,16:30:59,16
6056_5__6041_5,6056,6056_5,6041,6041_5,213,21,4.433333333333394,16:20:58,16:30:59,16
6056_5__6041_5,6056,6056_5,6041,6041_5,3907,22,4.75,16:20:58,16:30:59,16
6056_5__6041_5,6056,6056_5,6041,6041_5,949,23,3.9833333333333485,16:20:58,16:30:59,16
6056_5__6041_5,6056,6056_5,6041,6041_5,913,24,2.5166666666666515,16:20:58,16:30:59,16
6056_5__6041_5,6056,6056_5,6041,6041_5,307,25,3.383333333333212,16:20:58,16:30:59,16
6056_5__6041_5,6056,6056_5,6041,6041_5,212,26,1.7833333333335304,16:20:58,16:30:59,16
6056_5__6041_5,6056,6056_5,6041,6041_5,2665,27,1.366666666666788,16:20:58,16:30:59,16
6056_5__6041_5,6056,6056_5,6041,6041_5,2736,28,1.316666666666606,16:20:58,16:30:59,16
6056_5__6041_5,6056,6056_5,6041,6041_5,705,29,1.7333333333333485,16:20:58,16:30:59,16
6056_5__6041_5,6056,6056_5,6041,6041_5,9979,30,1.5499999999999545,16:20:58,16:30:59,16
6056_5__6041_5,6056,6056_5,6041,6041_5,2492,31,2.7833333333335304,16:20:58,16:30:59,16
6056_5__6041_5,6056,6056_5,6041,6041_5,946,32,1.033333333333303,16:20:58,16:30:59,16
6056_5__6041_5,6056,6056_5,6041,6041_5,947,33,1.416666666666515,16:20:58,16:30:59,16
6056_5__6041_5,6056,6056_5,6041,6041_5,327,34,1.8666666666665606,16:20:58,16:30:59,16
6056_5__6041_5,6056,6056_5,6041,6041_5,3284,35,1.9166666666667425,16:20:58,16:30:59,16
6056_5__6041_5,6056,6056_5,6041,6041_5,3282,36,1.5166666666666515,16:20:58,16:30:59,16
6056_5__6041_5,6056,6056_5,6041,6041_5,2583,37,1.8166666666668334,16:20:58,16:30:59,16
6056_5__6041_5,6056,6056_5,6041,6041_5,2590,38,1.4500000000000455,16:20:58,16:30:59,16
6056_5__6041_5,6056,6056_5,6041,6041_5,603,39,2.2333333333333485,16:20:58,16:30:59,16
6056_6__6041_6,6056,6056_6,6041,6041_6,3797,1,10.016666666666652,19:14:58,19:24:59,19
6056_6__6041_6,6056,6056_6,6041,6041_6,2984,2,10.166666666666742,19:14:58,19:24:59,19
6056_6__6041_6,6056,6056_6,6041,6041_6,2685,3,10.5,19:14:58,19:24:59,19
6056_6__6041_6,6056,6056_6,6041,6041_6,3649,4,9.566666666666606,19:14:58,19:24:59,19
6056_6__6041_6,6056,6056_6,6041,6041_6,3747,5,9.283333333333303,19:14:58,19:24:59,19
6056_6__6041_6,6056,6056_6,6041,6041_6,482,6,9.549999999999955,19:14:58,19:24:59,19
6056_6__6041_6,6056,6056_6,6041,6041_6,709,7,10.083333333333258,19:14:58,19:24:59,19
6056_6__6041_6,6056,6056_6,6041,6041_6,1577,8,9.116666666666788,19:14:58,19:24:59,19
6056_6__6041_6,6056,6056_6,6041,6041_6,990,9,8.400000000000091,19:14:58,19:24:59,19
6056_6__6041_6,6056,6056_6,6041,6041_6,109,10,9.350000000000136,19:14:58,19:24:59,19
6056_6__6041_6,6056,6056_6,6041,6041_6,396,11,9.833333333333258,19:14:58,19:24:59,19
6056_6__6041_6,6056,6056_6,6041,6041_6,1253,12,10.183333333333167,19:14:58,19:24:59,19
6056_6__6041_6,6056,6056_6,6041,6041_6,1554,13,9.666666666666742,19:14:58,19:24:59,19
6056_6__6041_6,6056,6056_6,6041,6041_6,1099,14,9.333333333333258,19:14:58,19:24:59,19
6056_6__6041_6,6056,6056_6,6041,6041_6,168,15,9.866666666666788,19:14:58,19:24:59,19
6056_6__6041_6,6056,6056_6,6041,6041_6,929,16,9.200000000000045,19:14:58,19:24:59,19
6056_6__6041_6,6056,6056_6,6041,6041_6,94,17,9.63333333333344,19:14:58,19:24:59,19
6056_6__6041_6,6056,6056_6,6041,6041_6,1080,18,9.716666666666697,19:14:58,19:24:59,19
6056_6__6041_6,6056,6056_6,6041,6041_6,146,19,10.216666666666697,19:14:58,19:24:59,19
6056_6__6041_6,6056,6056_6,6041,6041_6,1089,20,8.700000000000045,19:14:58,19:24:59,19
6056_6__6041_6,6056,6056_6,6041,6041_6,213,21,7.900000000000091,19:14:58,19:24:59,19
6056_6__6041_6,6056,6056_6,6041,6041_6,3907,22,8.183333333333394,19:14:58,19:24:59,19
6056_6__6041_6,6056,6056_6,6041,6041_6,949,23,7.566666666666606,19:14:58,19:24:59,19
6056_6__6041_6,6056,6056_6,6041,6041_6,913,24,6.7999999999999545,19:14:58,19:24:59,19
6056_6__6041_6,6056,6056_6,6041,6041_6,307,25,7.199999999999818,19:14:58,19:24:59,19
6056_6__6041_6,6056,6056_6,6041,6041_6,212,26,5.883333333333439,19:14:58,19:24:59,19
6056_6__6041_6,6056,6056_6,6041,6041_6,2665,27,6.416666666666515,19:14:58,19:24:59,19
6056_6__6041_6,6056,6056_6,6041,6041_6,2736,28,4.75,19:14:58,19:24:59,19
6056_6__6041_6,6056,6056_6,6041,6041_6,705,29,4.883333333333212,19:14:58,19:24:59,19
6056_6__6041_6,6056,6056_6,6041,6041_6,9979,30,5.5166666666666515,19:14:58,19:24:59,19
6056_6__6041_6,6056,6056_6,6041,6041_6,2492,31,5.933333333333394,19:14:58,19:24:59,19
6056_6__6041_6,6056,6056_6,6041,6041_6,946,32,5.900000000000091,19:14:58,19:24:59,19
6056_6__6041_6,6056,6056_6,6041,6041_6,947,33,6.100000000000136,19:14:58,19:24:59,19
6056_6__6041_6,6056,6056_6,6041,6041_6,327,34,6.5833333333332575,19:14:58,19:24:59,19
6056_6__6041_6,6056,6056_6,6041,6041_6,3284,35,5.599999999999909,19:14:58,19:24:59,19
6056_6__6041_6,6056,6056_6,6041,6041_6,3282,36,6.116666666666788,19:14:58,19:24:59,19
6056_6__6041_6,6056,6056_6,6041,6041_6,2583,37,5.6666666666667425,19:14:58,19:24:59,19
6056_6__6041_6,6056,6056_6,6041,6041_6,2590,38,5.2000000000000455,19:14:58,19:24:59,19
6056_6__6041_6,6056,6056_6,6041,6041_6,603,39,5.116666666666561,19:14:58,19:24:59,19
6083_1__6125_4,6083,6083_1,6125,6125_4,2685,3,8.06666666666672,14:03:30,14:11:34,14
6083_1__6125_4,6083,6083_1,6125,6125_4,3649,4,7.7999999999999545,14:03:30,14:11:34,14
6083_1__6125_4,6083,6083_1,6125,6125_4,3747,5,9.550000000000068,14:03:30,14:11:34,14
6083_1__6125_4,6083,6083_1,6125,6125_4,482,6,9.183333333333394,14:03:30,14:11:34,14
6083_1__6125_4,6083,6083_1,6125,6125_4,709,7,9.450000000000045,14:03:30,14:11:34,14
6083_1__6125_4,6083,6083_1,6125,6125_4,1577,8,9.516666666666652,14:03:30,14:11:34,14
6083_1__6125_4,6083,6083_1,6125,6125_4,990,9,9.0,14:03:30,14:11:34,14
6083_1__6125_4,6083,6083_1,6125,6125_4,109,10,9.883333333333326,14:03:30,14:11:34,14
6083_1__6125_4,6083,6083_1,6125,6125_4,396,11,10.866666666666674,14:03:30,14:11:34,14
6083_1__6125_4,6083,6083_1,6125,6125_4,1253,12,10.866666666666674,14:03:30,14:11:34,14
6083_1__6125_4,6083,6083_1,6125,6125_4,1554,13,9.31666666666672,14:03:30,14:11:34,14
6083_1__6125_4,6083,6083_1,6125,6125_4,1099,14,9.050000000000068,14:03:30,14:11:34,14
6083_1__6125_4,6083,6083_1,6125,6125_4,168,15,8.449999999999932,14:03:30,14:11:34,14
6083_1__6125_4,6083,6083_1,6125,6125_4,929,16,11.399999999999977,14:03:30,14:11:34,14
6083_1__6125_4,6083,6083_1,6125,6125_4,94,17,11.549999999999955,14:03:30,14:11:34,14
6083_1__6125_4,6083,6083_1,6125,6125_4,1080,18,11.133333333333326,14:03:30,14:11:34,14
6083_1__6125_4,6083,6083_1,6125,6125_4,146,19,11.833333333333258,14:03:30,14:11:34,14
6083_1__6125_4,6083,6083_1,6125,6125_4,1089,20,12.800000000000068,14:03:30,14:11:34,14
6083_1__6125_4,6083,6083_1,6125,6125_4,213,21,12.316666666666606,14:03:30,14:11:34,14
6083_1__6125_4,6083,6083_1,6125,6125_4,3907,22,12.149999999999977,14:03:30,14:11:34,14
6083_1__6125_4,6083,6083_1,6125,6125_4,949,23,10.816666666666606,14:03:30,14:11:34,14
6083_1__6125_4,6083,6083_1,6125,6125_4,913,24,11.300000000000068,14:03:30,14:11:34,14
6083_1__6125_4,6083,6083_1,6125,6125_4,307,25,11.383333333333326,14:03:30,14:11:34,14
6083_1__6125_4,6083,6083_1,6125,6125_4,212,26,11.283333333333417,14:03:30,14:11:34,14
6083_1__6125_4,6083,6083_1,6125,6125_4,2665,27,11.033333333333303,14:03:30,14:11:34,14
6083_1__6125_4,6083,6083_1,6125,6125_4,2736,28,11.016666666666765,14:03:30,14:11:34,14
6083_1__6125_4,6083,6083_1,6125,6125_4,705,29,11.31666666666672,14:03:30,14:11:34,14
6083_1__6125_4,6083,6083_1,6125,6125_4,9979,30,13.533333333333303,14:03:30,14:11:34,14
6083_1__6125_4,6083,6083_1,6125,6125_4,2492,31,12.56666666666672,14:03:30,14:11:34,14
6083_1__6125_4,6083,6083_1,6125,6125_4,946,32,15.666666666666629,14:03:30,14:11:34,14
6083_1__6125_4,6083,6083_1,6125,6125_4,947,33,14.933333333333394,14:03:30,14:11:34,14
6083_1__6125_4,6083,6083_1,6125,6125_4,327,34,14.516666666666652,14:03:30,14:11:34,14
6083_1__6125_4,6083,6083_1,6125,6125_4,3284,35,15.75,14:03:30,14:11:34,14
6083_1__6125_4,6083,6083_1,6125,6125_4,3282,36,16.5,14:03:30,14:11:34,14
6083_1__6125_4,6083,6083_1,6125,6125_4,2583,37,17.51666666666665,14:03:30,14:11:34,14
6083_1__6125_4,6083,6083_1,6125,6125_4,2590,38,17.883333333333326,14:03:30,14:11:34,14
6083_1__6125_4,6083,6083_1,6125,6125_4,603,39,17.09999999999991,14:03:30,14:11:34,14
6083_2__6125_5,6083,6083_2,6125,6125_5,3797,1,8.0,16:58:58,17:06:58,16
6083_2__6125_5,6083,6083_2,6125,6125_5,2984,2,8.883333333333326,16:58:58,17:06:58,16
6083_2__6125_5,6083,6083_2,6125,6125_5,2685,3,8.950000000000045,16:58:58,17:06:58,16
6083_2__6125_5,6083,6083_2,6125,6125_5,3649,4,9.116666666666788,16:58:58,17:06:58,16
6083_2__6125_5,6083,6083_2,6125,6125_5,482,6,9.25,16:58:58,17:06:58,16
6083_2__6125_5,6083,6083_2,6125,6125_5,709,7,9.716666666666697,16:58:58,17:06:58,16
6083_2__6125_5,6083,6083_2,6125,6125_5,990,9,8.066666666666606,16:58:58,17:06:58,16
6083_2__6125_5,6083,6083_2,6125,6125_5,109,10,6.9500000000000455,16:58:58,17:06:58,16
6083_2__6125_5,6083,6083_2,6125,6125_5,1099,14,6.0,16:58:58,17:06:58,16
6083_2__6125_5,6083,6083_2,6125,6125_5,1080,18,8.816666666666606,16:58:58,17:06:58,16
6083_2__6125_5,6083,6083_2,6125,6125_5,146,19,9.116666666666788,16:58:58,17:06:58,16
6083_2__6125_5,6083,6083_2,6125,6125_5,949,23,9.11666666666656,16:58:58,17:06:58,16
6083_2__6125_5,6083,6083_2,6125,6125_5,913,24,10.36666666666656,16:58:58,17:06:58,16
6083_2__6125_5,6083,6083_2,6125,6125_5,212,26,9.850000000000136,16:58:58,17:06:58,16
6083_2__6125_5,6083,6083_2,6125,6125_5,2736,28,9.966666666666697,16:58:58,17:06:58,16
6083_2__6125_5,6083,6083_2,6125,6125_5,2492,31,13.200000000000045,16:58:58,17:06:58,16
6083_2__6125_5,6083,6083_2,6125,6125_5,946,32,12.933333333333394,16:58:58,17:06:58,16
6083_2__6125_5,6083,6083_2,6125,6125_5,947,33,12.86666666666656,16:58:58,17:06:58,16
6083_2__6125_5,6083,6083_2,6125,6125_5,2590,38,13.833333333333485,16:58:58,17:06:58,16
6083_2__6125_5,6083,6083_2,6125,6125_5,603,39,13.583333333333258,16:58:58,17:06:58,16
6083_3__6125_6,6083,6083_3,6125,6125_6,3797,1,10.016666666666652,19:44:58,19:54:59,19
6083_3__6125_6,6083,6083_3,6125,6125_6,2984,2,9.633333333333212,19:44:58,19:54:59,19
6083_3__6125_6,6083,6083_3,6125,6125_6,2685,3,10.049999999999955,19:44:58,19:54:59,19
6083_3__6125_6,6083,6083_3,6125,6125_6,3649,4,11.716666666666697,19:44:58,19:54:59,19
6083_3__6125_6,6083,6083_3,6125,6125_6,3747,5,13.316666666666606,19:44:58,19:54:59,19
6083_3__6125_6,6083,6083_3,6125,6125_6,482,6,13.533333333333303,19:44:58,19:54:59,19
6083_3__6125_6,6083,6083_3,6125,6125_6,709,7,12.916666666666742,19:44:58,19:54:59,19
6083_3__6125_6,6083,6083_3,6125,6125_6,1577,8,12.650000000000091,19:44:58,19:54:59,19
6083_3__6125_6,6083,6083_3,6125,6125_6,990,9,13.566666666666606,19:44:58,19:54:59,19
6083_3__6125_6,6083,6083_3,6125,6125_6,109,10,13.683333333333167,19:44:58,19:54:59,19
6083_3__6125_6,6083,6083_3,6125,6125_6,396,11,14.033333333333303,19:44:58,19:54:59,19
6083_3__6125_6,6083,6083_3,6125,6125_6,1253,12,14.350000000000136,19:44:58,19:54:59,19
6083_3__6125_6,6083,6083_3,6125,6125_6,1554,13,14.200000000000045,19:44:58,19:54:59,19
6083_3__6125_6,6083,6083_3,6125,6125_6,1099,14,14.75,19:44:58,19:54:59,19
6083_3__6125_6,6083,6083_3,6125,6125_6,168,15,13.516666666666652,19:44:58,19:54:59,19
6083_3__6125_6,6083,6083_3,6125,6125_6,929,16,11.949999999999818,19:44:58,19:54:59,19
6083_3__6125_6,6083,6083_3,6125,6125_6,94,17,12.86666666666656,19:44:58,19:54:59,19
6083_3__6125_6,6083,6083_3,6125,6125_6,1080,18,12.716666666666697,19:44:58,19:54:59,19
6083_3__6125_6,6083,6083_3,6125,6125_6,146,19,13.133333333333212,19:44:58,19:54:59,19
6083_3__6125_6,6083,6083_3,6125,6125_6,1089,20,12.75,19:44:58,19:54:59,19
6083_3__6125_6,6083,6083_3,6125,6125_6,213,21,7.7999999999999545,19:44:58,19:54:59,19
6083_3__6125_6,6083,6083_3,6125,6125_6,3907,22,7.9833333333333485,19:44:58,19:54:59,19
6083_3__6125_6,6083,6083_3,6125,6125_6,949,23,7.2666666666666515,19:44:58,19:54:59,19
6083_3__6125_6,6083,6083_3,6125,6125_6,913,24,7.7666666666666515,19:44:58,19:54:59,19
6083_3__6125_6,6083,6083_3,6125,6125_6,307,25,7.2999999999999545,19:44:58,19:54:59,19
6083_3__6125_6,6083,6083_3,6125,6125_6,212,26,7.96666666666647,19:44:58,19:54:59,19
6083_3__6125_6,6083,6083_3,6125,6125_6,2665,27,7.566666666666833,19:44:58,19:54:59,19
6083_3__6125_6,6083,6083_3,6125,6125_6,2736,28,8.450000000000045,19:44:58,19:54:59,19
6083_3__6125_6,6083,6083_3,6125,6125_6,705,29,7.5499999999999545,19:44:58,19:54:59,19
6083_3__6125_6,6083,6083_3,6125,6125_6,9979,30,7.816666666666606,19:44:58,19:54:59,19
6083_3__6125_6,6083,6083_3,6125,6125_6,2492,31,7.366666666666561,19:44:58,19:54:59,19
6083_3__6125_6,6083,6083_3,6125,6125_6,946,32,8.183333333333394,19:44:58,19:54:59,19
6083_3__6125_6,6083,6083_3,6125,6125_6,947,33,8.116666666666788,19:44:58,19:54:59,19
6083_3__6125_6,6083,6083_3,6125,6125_6,327,34,7.75,19:44:58,19:54:59,19
6083_3__6125_6,6083,6083_3,6125,6125_6,3284,35,7.649999999999864,19:44:58,19:54:59,19
6083_3__6125_6,6083,6083_3,6125,6125_6,3282,36,7.7999999999999545,19:44:58,19:54:59,19
6083_3__6125_6,6083,6083_3,6125,6125_6,2583,37,8.366666666666788,19:44:58,19:54:59,19
6083_3__6125_6,6083,6083_3,6125,6125_6,2590,38,8.13333333333344,19:44:58,19:54:59,19
6083_3__6125_6,6083,6083_3,6125,6125_6,603,39,7.25,19:44:58,19:54:59,19
6085_1__6055_1,6085,6085_1,6055,6055_1,3649,4,9.466666666666669,04:08:40,04:18:08,4
6085_1__6055_1,6085,6085_1,6055,6055_1,3747,5,9.166666666666629,04:08:40,04:18:08,4
6085_1__6055_1,6085,6085_1,6055,6055_1,482,6,9.033333333333303,04:08:40,04:18:08,4
6085_1__6055_1,6085,6085_1,6055,6055_1,709,7,8.650000000000034,04:08:40,04:18:08,4
6085_1__6055_1,6085,6085_1,6055,6055_1,1577,8,9.150000000000006,04:08:40,04:18:08,4
6085_1__6055_1,6085,6085_1,6055,6055_1,990,9,6.883333333333326,04:08:40,04:18:08,4
6085_1__6055_1,6085,6085_1,6055,6055_1,109,10,7.233333333333292,04:08:40,04:18:08,4
6085_1__6055_1,6085,6085_1,6055,6055_1,396,11,5.5,04:08:40,04:18:08,4
6085_1__6055_1,6085,6085_1,6055,6055_1,1253,12,5.03333333333336,04:08:40,04:18:08,4
6085_1__6055_1,6085,6085_1,6055,6055_1,1554,13,5.166666666666686,04:08:40,04:18:08,4
6085_1__6055_1,6085,6085_1,6055,6055_1,1099,14,6.0166666666666515,04:08:40,04:18:08,4
6085_1__6055_1,6085,6085_1,6055,6055_1,168,15,5.633333333333383,04:08:40,04:18:08,4
6085_1__6055_1,6085,6085_1,6055,6055_1,929,16,6.133333333333326,04:08:40,04:18:08,4
6085_1__6055_1,6085,6085_1,6055,6055_1,94,17,6.466666666666697,04:08:40,04:18:08,4
6085_1__6055_1,6085,6085_1,6055,6055_1,1080,18,6.099999999999966,04:08:40,04:18:08,4
6085_1__6055_1,6085,6085_1,6055,6055_1,146,19,5.850000000000023,04:08:40,04:18:08,4
6085_1__6055_1,6085,6085_1,6055,6055_1,1089,20,7.100000000000023,04:08:40,04:18:08,4
6085_1__6055_1,6085,6085_1,6055,6055_1,213,21,5.699999999999989,04:08:40,04:18:08,4
6085_1__6055_1,6085,6085_1,6055,6055_1,3907,22,5.883333333333326,04:08:40,04:18:08,4
6085_1__6055_1,6085,6085_1,6055,6055_1,949,23,6.116666666666674,04:08:40,04:18:08,4
6085_1__6055_1,6085,6085_1,6055,6055_1,913,24,5.21666666666664,04:08:40,04:18:08,4
6085_1__6055_1,6085,6085_1,6055,6055_1,212,26,2.0500000000000114,04:08:40,04:18:08,4
6085_1__6055_1,6085,6085_1,6055,6055_1,2665,27,4.016666666666708,04:08:40,04:18:08,4
6085_1__6055_1,6085,6085_1,6055,6055_1,2736,28,4.800000000000011,04:08:40,04:18:08,4
6085_1__6055_1,6085,6085_1,6055,6055_1,705,29,4.81666666666672,04:08:40,04:18:08,4
6085_1__6055_1,6085,6085_1,6055,6055_1,9979,30,5.150000000000034,04:08:40,04:18:08,4
6085_1__6055_1,6085,6085_1,6055,6055_1,2492,31,4.300000000000011,04:08:40,04:18:08,4
6085_1__6055_1,6085,6085_1,6055,6055_1,946,32,3.8666666666666742,04:08:40,04:18:08,4
6085_1__6055_1,6085,6085_1,6055,6055_1,947,33,4.31666666666672,04:08:40,04:18:08,4
6085_1__6055_1,6085,6085_1,6055,6055_1,327,34,4.850000000000023,04:08:40,04:18:08,4
6085_1__6055_1,6085,6085_1,6055,6055_1,3284,35,4.149999999999977,04:08:40,04:18:08,4
6085_1__6055_1,6085,6085_1,6055,6055_1,3282,36,5.366666666666674,04:08:40,04:18:08,4
6085_1__6055_1,6085,6085_1,6055,6055_1,2583,37,5.716666666666697,04:08:40,04:18:08,4
6085_1__6055_1,6085,6085_1,6055,6055_1,2590,38,6.2000000000000455,04:08:40,04:18:08,4
6085_1__6055_1,6085,6085_1,6055,6055_1,603,39,5.9833333333333485,04:08:40,04:18:08,4
6085_2__6055_2,6085,6085_2,6055,6055_2,3797,1,7.0,06:55:30,07:02:30,6
6085_2__6055_2,6085,6085_2,6055,6055_2,2984,2,7.566666666666663,06:55:30,07:02:30,6
6085_2__6055_2,6085,6085_2,6055,6055_2,2685,3,9.516666666666652,06:55:30,07:02:30,6
6085_2__6055_2,6085,6085_2,6055,6055_2,3649,4,9.650000000000034,06:55:30,07:02:30,6
6085_2__6055_2,6085,6085_2,6055,6055_2,3747,5,9.699999999999989,06:55:30,07:02:30,6
6085_2__6055_2,6085,6085_2,6055,6055_2,482,6,9.316666666666663,06:55:30,07:02:30,6
6085_2__6055_2,6085,6085_2,6055,6055_2,709,7,9.96666666666664,06:55:30,07:02:30,6
6085_2__6055_2,6085,6085_2,6055,6055_2,1577,8,8.816666666666663,06:55:30,07:02:30,6
6085_2__6055_2,6085,6085_2,6055,6055_2,990,9,9.433333333333337,06:55:30,07:02:30,6
6085_2__6055_2,6085,6085_2,6055,6055_2,109,10,8.899999999999977,06:55:30,07:02:30,6
6085_2__6055_2,6085,6085_2,6055,6055_2,396,11,10.100000000000023,06:55:30,07:02:30,6
6085_2__6055_2,6085,6085_2,6055,6055_2,1253,12,9.833333333333371,06:55:30,07:02:30,6
6085_2__6055_2,6085,6085_2,6055,6055_2,1554,13,10.199999999999989,06:55:30,07:02:30,6
6085_2__6055_2,6085,6085_2,6055,6055_2,1099,14,9.416666666666686,06:55:30,07:02:30,6
6085_2__6055_2,6085,6085_2,6055,6055_2,168,15,9.96666666666664,06:55:30,07:02:30,6
6085_2__6055_2,6085,6085_2,6055,6055_2,929,16,9.916666666666686,06:55:30,07:02:30,6
6085_2__6055_2,6085,6085_2,6055,6055_2,94,17,9.933333333333337,06:55:30,07:02:30,6
6085_2__6055_2,6085,6085_2,6055,6055_2,1080,18,9.983333333333348,06:55:30,07:02:30,6
6085_2__6055_2,6085,6085_2,6055,6055_2,146,19,9.75,06:55:30,07:02:30,6
6085_2__6055_2,6085,6085_2,6055,6055_2,1089,20,9.716666666666697,06:55:30,07:02:30,6
6085_2__6055_2,6085,6085_2,6055,6055_2,213,21,7.683333333333337,06:55:30,07:02:30,6
6085_2__6055_2,6085,6085_2,6055,6055_2,3907,22,7.616666666666617,06:55:30,07:02:30,6
6085_2__6055_2,6085,6085_2,6055,6055_2,949,23,7.816666666666663,06:55:30,07:02:30,6
6085_2__6055_2,6085,6085_2,6055,6055_2,913,24,7.550000000000011,06:55:30,07:02:30,6
6085_2__6055_2,6085,6085_2,6055,6055_2,307,25,7.183333333333337,06:55:30,07:02:30,6
6085_2__6055_2,6085,6085_2,6055,6055_2,212,26,7.0166666666666515,06:55:30,07:02:30,6
6085_2__6055_2,6085,6085_2,6055,6055_2,2665,27,7.53333333333336,06:55:30,07:02:30,6
6085_2__6055_2,6085,6085_2,6055,6055_2,2736,28,7.2333333333333485,06:55:30,07:02:30,6
6085_2__6055_2,6085,6085_2,6055,6055_2,705,29,7.116666666666674,06:55:30,07:02:30,6
6085_2__6055_2,6085,6085_2,6055,6055_2,9979,30,5.849999999999966,06:55:30,07:02:30,6
6085_2__6055_2,6085,6085_2,6055,6055_2,2492,31,5.583333333333314,06:55:30,07:02:30,6
6085_2__6055_2,6085,6085_2,6055,6055_2,946,32,4.416666666666686,06:55:30,07:02:30,6
6085_2__6055_2,6085,6085_2,6055,6055_2,947,33,4.5166666666666515,06:55:30,07:02:30,6
6085_2__6055_2,6085,6085_2,6055,6055_2,327,34,5.166666666666686,06:55:30,07:02:30,6
6085_2__6055_2,6085,6085_2,6055,6055_2,3284,35,4.949999999999989,06:55:30,07:02:30,6
6085_2__6055_2,6085,6085_2,6055,6055_2,3282,36,5.300000000000011,06:55:30,07:02:30,6
6085_2__6055_2,6085,6085_2,6055,6055_2,2583,37,5.033333333333303,06:55:30,07:02:30,6
6085_2__6055_2,6085,6085_2,6055,6055_2,2590,38,4.333333333333371,06:55:30,07:02:30,6
6114_1__6055_3,6114,6114_1,6055,6055_3,3797,1,11.983333333333348,09:50:30,10:02:29,9
6114_1__6055_3,6114,6114_1,6055,6055_3,2984,2,11.266666666666652,09:50:30,10:02:29,9
6114_1__6055_3,6114,6114_1,6055,6055_3,2685,3,10.683333333333394,09:50:30,10:02:29,9
6114_1__6055_3,6114,6114_1,6055,6055_3,3649,4,11.316666666666606,09:50:30,10:02:29,9
6114_1__6055_3,6114,6114_1,6055,6055_3,3747,5,11.100000000000023,09:50:30,10:02:29,9
6114_1__6055_3,6114,6114_1,6055,6055_3,482,6,11.516666666666652,09:50:30,10:02:29,9
6114_1__6055_3,6114,6114_1,6055,6055_3,709,7,11.699999999999932,09:50:30,10:02:29,9
6114_1__6055_3,6114,6114_1,6055,6055_3,1577,8,10.366666666666674,09:50:30,10:02:29,9
6114_1__6055_3,6114,6114_1,6055,6055_3,990,9,11.183333333333394,09:50:30,10:02:29,9
6114_1__6055_3,6114,6114_1,6055,6055_3,109,10,11.56666666666672,09:50:30,10:02:29,9
6114_1__6055_3,6114,6114_1,6055,6055_3,396,11,11.516666666666652,09:50:30,10:02:29,9
6114_1__6055_3,6114,6114_1,6055,6055_3,1253,12,10.716666666666697,09:50:30,10:02:29,9
6114_1__6055_3,6114,6114_1,6055,6055_3,1554,13,11.050000000000068,09:50:30,10:02:29,9
6114_1__6055_3,6114,6114_1,6055,6055_3,1099,14,11.199999999999932,09:50:30,10:02:29,9
6114_1__6055_3,6114,6114_1,6055,6055_3,168,15,11.75,09:50:30,10:02:29,9
6114_1__6055_3,6114,6114_1,6055,6055_3,929,16,12.100000000000023,09:50:30,10:02:29,9
6114_1__6055_3,6114,6114_1,6055,6055_3,94,17,16.066666666666606,09:50:30,10:02:29,9
6114_1__6055_3,6114,6114_1,6055,6055_3,1080,18,15.933333333333394,09:50:30,10:02:29,9
6114_1__6055_3,6114,6114_1,6055,6055_3,146,19,16.050000000000068,09:50:30,10:02:29,9
6114_1__6055_3,6114,6114_1,6055,6055_3,1089,20,15.916666666666629,09:50:30,10:02:29,9
6114_1__6055_3,6114,6114_1,6055,6055_3,213,21,16.366666666666674,09:50:30,10:02:29,9
6114_1__6055_3,6114,6114_1,6055,6055_3,3907,22,16.316666666666606,09:50:30,10:02:29,9
6114_1__6055_3,6114,6114_1,6055,6055_3,949,23,16.799999999999955,09:50:30,10:02:29,9
6114_1__6055_3,6114,6114_1,6055,6055_3,913,24,18.033333333333417,09:50:30,10:02:29,9
6114_1__6055_3,6114,6114_1,6055,6055_3,307,25,18.58333333333337,09:50:30,10:02:29,9
6114_1__6055_3,6114,6114_1,6055,6055_3,212,26,18.399999999999977,09:50:30,10:02:29,9
6114_1__6055_3,6114,6114_1,6055,6055_3,2665,27,17.633333333333326,09:50:30,10:02:29,9
6114_1__6055_3,6114,6114_1,6055,6055_3,2736,28,17.850000000000023,09:50:30,10:02:29,9
6114_1__6055_3,6114,6114_1,6055,6055_3,705,29,16.449999999999932,09:50:30,10:02:29,9
6114_1__6055_3,6114,6114_1,6055,6055_3,9979,30,18.350000000000023,09:50:30,10:02:29,9
6114_1__6055_3,6114,6114_1,6055,6055_3,2492,31,18.049999999999955,09:50:30,10:02:29,9
6114_1__6055_3,6114,6114_1,6055,6055_3,946,32,17.11666666666656,09:50:30,10:02:29,9
6114_1__6055_3,6114,6114_1,6055,6055_3,947,33,16.850000000000023,09:50:30,10:02:29,9
6114_1__6055_3,6114,6114_1,6055,6055_3,327,34,17.116666666666674,09:50:30,10:02:29,9
6114_1__6055_3,6114,6114_1,6055,6055_3,3284,35,20.816666666666606,09:50:30,10:02:29,9
6114_1__6055_3,6114,6114_1,6055,6055_3,3282,36,21.133333333333326,09:50:30,10:02:29,9
6114_1__6055_3,6114,6114_1,6055,6055_3,2583,37,21.350000000000023,09:50:30,10:02:29,9
6114_1__6055_3,6114,6114_1,6055,6055_3,2590,38,20.93333333333328,09:50:30,10:02:29,9
6114_1__6055_3,6114,6114_1,6055,6055_3,603,39,21.350000000000023,09:50:30,10:02:29,9
6114_2__6055_4,6114,6114_2,6055,6055_4,3797,1,10.0,12:48:58,12:58:58,12
6114_2__6055_4,6114,6114_2,6055,6055_4,2984,2,10.100000000000023,12:48:58,12:58:58,12
6114_2__6055_4,6114,6114_2,6055,6055_4,2685,3,9.966666666666697,12:48:58,12:58:58,12
6114_2__6055_4,6114,6114_2,6055,6055_4,3747,5,9.850000000000023,12:48:58,12:58:58,12
6114_2__6055_4,6114,6114_2,6055,6055_4,482,6,10.56666666666672,12:48:58,12:58:58,12
6114_2__6055_4,6114,6114_2,6055,6055_4,709,7,10.81666666666672,12:48:58,12:58:58,12
6114_2__6055_4,6114,6114_2,6055,6055_4,109,10,13.100000000000023,12:48:58,12:58:58,12
6114_2__6055_4,6114,6114_2,6055,6055_4,1253,12,13.0,12:48:58,12:58:58,12
6114_2__6055_4,6114,6114_2,6055,6055_4,1554,13,13.649999999999977,12:48:58,12:58:58,12
6114_2__6055_4,6114,6114_2,6055,6055_4,1099,14,14.216666666666697,12:48:58,12:58:58,12
6114_2__6055_4,6114,6114_2,6055,6055_4,168,15,15.633333333333326,12:48:58,12:58:58,12
6114_2__6055_4,6114,6114_2,6055,6055_4,929,16,16.48333333333335,12:48:58,12:58:58,12
6114_2__6055_4,6114,6114_2,6055,6055_4,94,17,17.350000000000023,12:48:58,12:58:58,12
6114_2__6055_4,6114,6114_2,6055,6055_4,1080,18,17.149999999999977,12:48:58,12:58:58,12
6114_2__6055_4,6114,6114_2,6055,6055_4,146,19,16.799999999999955,12:48:58,12:58:58,12
6114_2__6055_4,6114,6114_2,6055,6055_4,1089,20,16.216666666666697,12:48:58,12:58:58,12
6114_2__6055_4,6114,6114_2,6055,6055_4,213,21,17.850000000000023,12:48:58,12:58:58,12
6114_2__6055_4,6114,6114_2,6055,6055_4,3907,22,18.200000000000045,12:48:58,12:58:58,12
6114_2__6055_4,6114,6114_2,6055,6055_4,949,23,18.51666666666665,12:48:58,12:58:58,12
6114_2__6055_4,6114,6114_2,6055,6055_4,913,24,18.98333333333335,12:48:58,12:58:58,12
6114_2__6055_4,6114,6114_2,6055,6055_4,307,25,18.23333333333335,12:48:58,12:58:58,12
6114_2__6055_4,6114,6114_2,6055,6055_4,212,26,18.283333333333303,12:48:58,12:58:58,12
6114_2__6055_4,6114,6114_2,6055,6055_4,2665,27,18.68333333333328,12:48:58,12:58:58,12
6114_2__6055_4,6114,6114_2,6055,6055_4,2736,28,18.549999999999955,12:48:58,12:58:58,12
6114_2__6055_4,6114,6114_2,6055,6055_4,705,29,19.899999999999977,12:48:58,12:58:58,12
6114_2__6055_4,6114,6114_2,6055,6055_4,9979,30,20.116666666666674,12:48:58,12:58:58,12
6114_2__6055_4,6114,6114_2,6055,6055_4,2492,31,20.433333333333394,12:48:58,12:58:58,12
6114_2__6055_4,6114,6114_2,6055,6055_4,946,32,19.98333333333335,12:48:58,12:58:58,12
6114_2__6055_4,6114,6114_2,6055,6055_4,947,33,18.883333333333326,12:48:58,12:58:58,12
6114_2__6055_4,6114,6114_2,6055,6055_4,327,34,18.283333333333303,12:48:58,12:58:58,12
6114_2__6055_4,6114,6114_2,6055,6055_4,3284,35,17.633333333333326,12:48:58,12:58:58,12
6114_2__6055_4,6114,6114_2,6055,6055_4,3282,36,18.48333333333335,12:48:58,12:58:58,12
6114_2__6055_4,6114,6114_2,6055,6055_4,2583,37,16.850000000000023,12:48:58,12:58:58,12
6114_2__6055_4,6114,6114_2,6055,6055_4,2590,38,18.083333333333258,12:48:58,12:58:58,12
6114_2__6055_4,6114,6114_2,6055,6055_4,603,39,17.84999999999991,12:48:58,12:58:58,12
6114_3__6055_5,6114,6114_3,6055,6055_5,3797,1,8.983333333333348,15:51:59,16:00:58,15
6114_3__6055_5,6114,6114_3,6055,6055_5,2984,2,9.916666666666629,15:51:59,16:00:58,15
6114_3__6055_5,6114,6114_3,6055,6055_5,2685,3,9.233333333333348,15:51:59,16:00:58,15
6114_3__6055_5,6114,6114_3,6055,6055_5,3649,4,10.049999999999955,15:51:59,16:00:58,15
6114_3__6055_5,6114,6114_3,6055,6055_5,3747,5,9.799999999999955,15:51:59,16:00:58,15
6114_3__6055_5,6114,6114_3,6055,6055_5,709,7,10.56666666666672,15:51:59,16:00:58,15
6114_3__6055_5,6114,6114_3,6055,6055_5,1577,8,10.25,15:51:59,16:00:58,15
6114_3__6055_5,6114,6114_3,6055,6055_5,990,9,9.733333333333348,15:51:59,16:00:58,15
6114_3__6055_5,6114,6114_3,6055,6055_5,396,11,9.016666666666652,15:51:59,16:00:58,15
6114_3__6055_5,6114,6114_3,6055,6055_5,1099,14,8.833333333333371,15:51:59,16:00:58,15
6114_3__6055_5,6114,6114_3,6055,6055_5,929,16,9.466666666666697,15:51:59,16:00:58,15
6114_3__6055_5,6114,6114_3,6055,6055_5,94,17,9.649999999999977,15:51:59,16:00:58,15
6114_3__6055_5,6114,6114_3,6055,6055_5,146,19,7.850000000000023,15:51:59,16:00:58,15
6114_3__6055_5,6114,6114_3,6055,6055_5,949,23,7.7999999999999545,15:51:59,16:00:58,15
6114_3__6055_5,6114,6114_3,6055,6055_5,913,24,6.316666666666606,15:51:59,16:00:58,15
6114_3__6055_5,6114,6114_3,6055,6055_5,307,25,6.816666666666606,15:51:59,16:00:58,15
6114_3__6055_5,6114,6114_3,6055,6055_5,212,26,6.8333333333332575,15:51:59,16:00:58,15
6114_3__6055_5,6114,6114_3,6055,6055_5,2665,27,5.900000000000091,15:51:59,16:00:58,15
6114_3__6055_5,6114,6114_3,6055,6055_5,2736,28,5.816666666666606,15:51:59,16:00:58,15
6114_3__6055_5,6114,6114_3,6055,6055_5,705,29,4.433333333333394,15:51:59,16:00:58,15
6114_3__6055_5,6114,6114_3,6055,6055_5,9979,30,2.466666666666697,15:51:59,16:00:58,15
6114_3__6055_5,6114,6114_3,6055,6055_5,2492,31,3.966666666666697,15:51:59,16:00:58,15
6114_3__6055_5,6114,6114_3,6055,6055_5,946,32,3.449999999999932,15:51:59,16:00:58,15
6114_3__6055_5,6114,6114_3,6055,6055_5,947,33,4.433333333333394,15:51:59,16:00:58,15
6114_3__6055_5,6114,6114_3,6055,6055_5,327,34,4.916666666666515,15:51:59,16:00:58,15
6114_3__6055_5,6114,6114_3,6055,6055_5,3284,35,5.0,15:51:59,16:00:58,15
6114_3__6055_5,6114,6114_3,6055,6055_5,3282,36,3.933333333333394,15:51:59,16:00:58,15
6114_3__6055_5,6114,6114_3,6055,6055_5,2590,38,2.283333333333303,15:51:59,16:00:58,15
6114_3__6055_5,6114,6114_3,6055,6055_5,603,39,2.150000000000091,15:51:59,16:00:58,15
6117_1__1914_1,6117,6117_1,1914,1914_1,3649,4,9.716666666666697,05:36:16,05:45:59,5
6117_1__1914_1,6117,6117_1,1914,1914_1,3747,5,9.166666666666686,05:36:16,05:45:59,5
6117_1__1914_1,6117,6117_1,1914,1914_1,482,6,9.433333333333337,05:36:16,05:45:59,5
6117_1__1914_1,6117,6117_1,1914,1914_1,709,7,9.516666666666708,05:36:16,05:45:59,5
6117_1__1914_1,6117,6117_1,1914,1914_1,1577,8,11.016666666666652,05:36:16,05:45:59,5
6117_1__1914_1,6117,6117_1,1914,1914_1,990,9,11.016666666666652,05:36:16,05:45:59,5
6117_1__1914_1,6117,6117_1,1914,1914_1,109,10,10.633333333333383,05:36:16,05:45:59,5
6117_1__1914_1,6117,6117_1,1914,1914_1,396,11,9.783333333333303,05:36:16,05:45:59,5
6117_1__1914_1,6117,6117_1,1914,1914_1,1253,12,9.699999999999989,05:36:16,05:45:59,5
6117_1__1914_1,6117,6117_1,1914,1914_1,1554,13,9.366666666666674,05:36:16,05:45:59,5
6117_1__1914_1,6117,6117_1,1914,1914_1,1099,14,9.766666666666652,05:36:16,05:45:59,5
6117_1__1914_1,6117,6117_1,1914,1914_1,168,15,9.433333333333337,05:36:16,05:45:59,5
6117_1__1914_1,6117,6117_1,1914,1914_1,929,16,9.100000000000023,05:36:16,05:45:59,5
6117_1__1914_1,6117,6117_1,1914,1914_1,94,17,9.700000000000045,05:36:16,05:45:59,5
6117_1__1914_1,6117,6117_1,1914,1914_1,1080,18,9.21666666666664,05:36:16,05:45:59,5
6117_1__1914_1,6117,6117_1,1914,1914_1,146,19,9.399999999999977,05:36:16,05:45:59,5
6117_1__1914_1,6117,6117_1,1914,1914_1,1089,20,8.299999999999955,05:36:16,05:45:59,5
6117_1__1914_1,6117,6117_1,1914,1914_1,213,21,8.06666666666672,05:36:16,05:45:59,5
6117_1__1914_1,6117,6117_1,1914,1914_1,3907,22,8.599999999999966,05:36:16,05:45:59,5
6117_1__1914_1,6117,6117_1,1914,1914_1,949,23,8.71666666666664,05:36:16,05:45:59,5
6117_1__1914_1,6117,6117_1,1914,1914_1,913,24,7.733333333333292,05:36:16,05:45:59,5
6117_1__1914_1,6117,6117_1,1914,1914_1,307,25,7.400000000000034,05:36:16,05:45:59,5
6117_1__1914_1,6117,6117_1,1914,1914_1,212,26,7.816666666666663,05:36:16,05:45:59,5
6117_1__1914_1,6117,6117_1,1914,1914_1,2665,27,7.7333333333333485,05:36:16,05:45:59,5
6117_1__1914_1,6117,6117_1,1914,1914_1,2736,28,8.083333333333371,05:36:16,05:45:59,5
6117_1__1914_1,6117,6117_1,1914,1914_1,705,29,8.116666666666674,05:36:16,05:45:59,5
6117_1__1914_1,6117,6117_1,1914,1914_1,9979,30,8.550000000000011,05:36:16,05:45:59,5
6117_1__1914_1,6117,6117_1,1914,1914_1,2492,31,9.116666666666617,05:36:16,05:45:59,5
6117_1__1914_1,6117,6117_1,1914,1914_1,946,32,7.716666666666697,05:36:16,05:45:59,5
6117_1__1914_1,6117,6117_1,1914,1914_1,947,33,8.28333333333336,05:36:16,05:45:59,5
6117_1__1914_1,6117,6117_1,1914,1914_1,327,34,8.316666666666663,05:36:16,05:45:59,5
6117_1__1914_1,6117,6117_1,1914,1914_1,3284,35,9.399999999999977,05:36:16,05:45:59,5
6117_1__1914_1,6117,6117_1,1914,1914_1,3282,36,8.483333333333292,05:36:16,05:45:59,5
6117_1__1914_1,6117,6117_1,1914,1914_1,2583,37,8.416666666666686,05:36:16,05:45:59,5
6117_1__1914_1,6117,6117_1,1914,1914_1,2590,38,8.899999999999977,05:36:16,05:45:59,5
6117_1__1914_1,6117,6117_1,1914,1914_1,603,39,8.850000000000023,05:36:16,05:45:59,5
6117_2__1914_2,6117,6117_2,1914,1914_2,3797,1,9.983333333333348,08:27:30,08:37:29,8
6117_2__1914_2,6117,6117_2,1914,1914_2,2984,2,9.183333333333337,08:27:30,08:37:29,8
6117_2__1914_2,6117,6117_2,1914,1914_2,2685,3,10.28333333333336,08:27:30,08:37:29,8
6117_2__1914_2,6117,6117_2,1914,1914_2,3649,4,9.533333333333303,08:27:30,08:37:29,8
6117_2__1914_2,6117,6117_2,1914,1914_2,3747,5,9.450000000000045,08:27:30,08:37:29,8
6117_2__1914_2,6117,6117_2,1914,1914_2,482,6,9.566666666666606,08:27:30,08:37:29,8
6117_2__1914_2,6117,6117_2,1914,1914_2,709,7,10.966666666666583,08:27:30,08:37:29,8
6117_2__1914_2,6117,6117_2,1914,1914_2,1577,8,13.416666666666742,08:27:30,08:37:29,8
6117_2__1914_2,6117,6117_2,1914,1914_2,990,9,12.866666666666674,08:27:30,08:37:29,8
6117_2__1914_2,6117,6117_2,1914,1914_2,109,10,11.366666666666674,08:27:30,08:37:29,8
6117_2__1914_2,6117,6117_2,1914,1914_2,396,11,13.083333333333371,08:27:30,08:37:29,8
6117_2__1914_2,6117,6117_2,1914,1914_2,1253,12,12.716666666666583,08:27:30,08:37:29,8
6117_2__1914_2,6117,6117_2,1914,1914_2,1554,13,13.183333333333394,08:27:30,08:37:29,8
6117_2__1914_2,6117,6117_2,1914,1914_2,1099,14,13.949999999999932,08:27:30,08:37:29,8
6117_2__1914_2,6117,6117_2,1914,1914_2,168,15,13.866666666666674,08:27:30,08:37:29,8
6117_2__1914_2,6117,6117_2,1914,1914_2,929,16,13.933333333333394,08:27:30,08:37:29,8
6117_2__1914_2,6117,6117_2,1914,1914_2,94,17,13.68333333333328,08:27:30,08:37:29,8
6117_2__1914_2,6117,6117_2,1914,1914_2,1080,18,13.633333333333326,08:27:30,08:37:29,8
6117_2__1914_2,6117,6117_2,1914,1914_2,146,19,14.31666666666672,08:27:30,08:37:29,8
6117_2__1914_2,6117,6117_2,1914,1914_2,1089,20,15.916666666666629,08:27:30,08:37:29,8
6117_2__1914_2,6117,6117_2,1914,1914_2,213,21,16.06666666666672,08:27:30,08:37:29,8
6117_2__1914_2,6117,6117_2,1914,1914_2,3907,22,15.466666666666697,08:27:30,08:37:29,8
6117_2__1914_2,6117,6117_2,1914,1914_2,949,23,15.766666666666652,08:27:30,08:37:29,8
6117_2__1914_2,6117,6117_2,1914,1914_2,913,24,16.533333333333303,08:27:30,08:37:29,8
6117_2__1914_2,6117,6117_2,1914,1914_2,307,25,16.48333333333335,08:27:30,08:37:29,8
6117_2__1914_2,6117,6117_2,1914,1914_2,212,26,16.66666666666663,08:27:30,08:37:29,8
6117_2__1914_2,6117,6117_2,1914,1914_2,2665,27,17.0,08:27:30,08:37:29,8
6117_2__1914_2,6117,6117_2,1914,1914_2,2736,28,17.26666666666665,08:27:30,08:37:29,8
6117_2__1914_2,6117,6117_2,1914,1914_2,705,29,16.283333333333303,08:27:30,08:37:29,8
6117_2__1914_2,6117,6117_2,1914,1914_2,9979,30,16.850000000000023,08:27:30,08:37:29,8
6117_2__1914_2,6117,6117_2,1914,1914_2,2492,31,15.833333333333258,08:27:30,08:37:29,8
6117_2__1914_2,6117,6117_2,1914,1914_2,946,32,17.88333333333344,08:27:30,08:37:29,8
6117_2__1914_2,6117,6117_2,1914,1914_2,947,33,16.533333333333303,08:27:30,08:37:29,8
6117_2__1914_2,6117,6117_2,1914,1914_2,327,34,16.950000000000045,08:27:30,08:37:29,8
6117_2__1914_2,6117,6117_2,1914,1914_2,3284,35,15.116666666666674,08:27:30,08:37:29,8
6117_2__1914_2,6117,6117_2,1914,1914_2,3282,36,14.900000000000091,08:27:30,08:37:29,8
6117_2__1914_2,6117,6117_2,1914,1914_2,2583,37,14.766666666666652,08:27:30,08:37:29,8
6117_2__1914_2,6117,6117_2,1914,1914_2,2590,38,16.899999999999977,08:27:30,08:37:29,8
6117_2__1914_2,6117,6117_2,1914,1914_2,603,39,16.450000000000045,08:27:30,08:37:29,8
6117_3__1914_3,6117,6117_3,1914,1914_3,3797,1,8.983333333333348,11:28:59,11:37:58,11
6117_3__1914_3,6117,6117_3,1914,1914_3,2984,2,8.866666666666674,11:28:59,11:37:58,11
6117_3__1914_3,6117,6117_3,1914,1914_3,2685,3,9.450000000000045,11:28:59,11:37:58,11
6117_3__1914_3,6117,6117_3,1914,1914_3,3649,4,8.63333333333344,11:28:59,11:37:58,11
6117_3__1914_3,6117,6117_3,1914,1914_3,3747,5,7.616666666666674,11:28:59,11:37:58,11
6117_3__1914_3,6117,6117_3,1914,1914_3,482,6,8.43333333333328,11:28:59,11:37:58,11
6117_3__1914_3,6117,6117_3,1914,1914_3,709,7,7.2333333333333485,11:28:59,11:37:58,11
6117_3__1914_3,6117,6117_3,1914,1914_3,1577,8,6.366666666666674,11:28:59,11:37:58,11
6117_3__1914_3,6117,6117_3,1914,1914_3,990,9,7.18333333333328,11:28:59,11:37:58,11
6117_3__1914_3,6117,6117_3,1914,1914_3,109,10,8.166666666666629,11:28:59,11:37:58,11
6117_3__1914_3,6117,6117_3,1914,1914_3,396,11,6.899999999999977,11:28:59,11:37:58,11
6117_3__1914_3,6117,6117_3,1914,1914_3,1253,12,6.6666666666667425,11:28:59,11:37:58,11
6117_3__1914_3,6117,6117_3,1914,1914_3,1554,13,6.633333333333326,11:28:59,11:37:58,11
6117_3__1914_3,6117,6117_3,1914,1914_3,1099,14,6.283333333333417,11:28:59,11:37:58,11
6117_3__1914_3,6117,6117_3,1914,1914_3,168,15,5.933333333333394,11:28:59,11:37:58,11
6117_3__1914_3,6117,6117_3,1914,1914_3,929,16,4.666666666666629,11:28:59,11:37:58,11
6117_3__1914_3,6117,6117_3,1914,1914_3,94,17,4.600000000000023,11:28:59,11:37:58,11
6117_3__1914_3,6117,6117_3,1914,1914_3,1080,18,4.916666666666629,11:28:59,11:37:58,11
6117_3__1914_3,6117,6117_3,1914,1914_3,146,19,4.3333333333332575,11:28:59,11:37:58,11
6117_3__1914_3,6117,6117_3,1914,1914_3,1089,20,5.533333333333303,11:28:59,11:37:58,11
6117_3__1914_3,6117,6117_3,1914,1914_3,213,21,3.1333333333333258,11:28:59,11:37:58,11
6117_3__1914_3,6117,6117_3,1914,1914_3,3907,22,3.3833333333333258,11:28:59,11:37:58,11
6117_3__1914_3,6117,6117_3,1914,1914_3,949,23,3.1166666666666742,11:28:59,11:37:58,11
6117_3__1914_3,6117,6117_3,1914,1914_3,913,24,2.733333333333235,11:28:59,11:37:58,11
6117_3__1914_3,6117,6117_3,1914,1914_3,307,25,1.0833333333332575,11:28:59,11:37:58,11
6117_3__1914_3,6117,6117_3,1914,1914_3,212,26,1.7666666666666515,11:28:59,11:37:58,11
6117_3__1914_3,6117,6117_3,1914,1914_3,2665,27,1.75,11:28:59,11:37:58,11
6117_3__1914_3,6117,6117_3,1914,1914_3,2736,28,1.1333333333333258,11:28:59,11:37:58,11
6117_3__1914_3,6117,6117_3,1914,1914_3,3284,35,1.966666666666697,11:28:59,11:37:58,11
6117_3__1914_3,6117,6117_3,1914,1914_3,3282,36,2.433333333333394,11:28:59,11:37:58,11
6117_3__1914_3,6117,6117_3,1914,1914_3,2583,37,1.716666666666697,11:28:59,11:37:58,11
6117_4__1914_4,6117,6117_4,1914,1914_4,2685,3,-5.31666666666672,14:31:14,14:25:55,14
6117_4__1914_4,6117,6117_4,1914,1914_4,3649,4,9.416666666666742,14:31:14,14:25:55,14
6117_4__1914_4,6117,6117_4,1914,1914_4,3747,5,9.916666666666629,14:31:14,14:25:55,14
6117_4__1914_4,6117,6117_4,1914,1914_4,482,6,9.116666666666674,14:31:14,14:25:55,14
6117_4__1914_4,6117,6117_4,1914,1914_4,709,7,9.949999999999932,14:31:14,14:25:55,14
6117_4__1914_4,6117,6117_4,1914,1914_4,1577,8,9.600000000000023,14:31:14,14:25:55,14
6117_4__1914_4,6117,6117_4,1914,1914_4,990,9,10.566666666666606,14:31:14,14:25:55,14
6117_4__1914_4,6117,6117_4,1914,1914_4,109,10,9.916666666666629,14:31:14,14:25:55,14
6117_4__1914_4,6117,6117_4,1914,1914_4,396,11,9.650000000000091,14:31:14,14:25:55,14
6117_4__1914_4,6117,6117_4,1914,1914_4,1253,12,9.449999999999932,14:31:14,14:25:55,14
6117_4__1914_4,6117,6117_4,1914,1914_4,1554,13,9.18333333333328,14:31:14,14:25:55,14
6117_4__1914_4,6117,6117_4,1914,1914_4,1099,14,8.299999999999955,14:31:14,14:25:55,14
6117_4__1914_4,6117,6117_4,1914,1914_4,168,15,8.63333333333344,14:31:14,14:25:55,14
6117_4__1914_4,6117,6117_4,1914,1914_4,929,16,6.5499999999999545,14:31:14,14:25:55,14
6117_4__1914_4,6117,6117_4,1914,1914_4,94,17,6.399999999999977,14:31:14,14:25:55,14
6117_4__1914_4,6117,6117_4,1914,1914_4,1080,18,4.466666666666697,14:31:14,14:25:55,14
6117_4__1914_4,6117,6117_4,1914,1914_4,146,19,4.833333333333371,14:31:14,14:25:55,14
6117_4__1914_4,6117,6117_4,1914,1914_4,1089,20,6.283333333333303,14:31:14,14:25:55,14
6117_4__1914_4,6117,6117_4,1914,1914_4,213,21,6.149999999999977,14:31:14,14:25:55,14
6117_4__1914_4,6117,6117_4,1914,1914_4,949,23,7.833333333333371,14:31:14,14:25:55,14
6117_4__1914_4,6117,6117_4,1914,1914_4,913,24,7.583333333333371,14:31:14,14:25:55,14
6117_4__1914_4,6117,6117_4,1914,1914_4,307,25,7.8333333333332575,14:31:14,14:25:55,14
6117_4__1914_4,6117,6117_4,1914,1914_4,212,26,7.8333333333332575,14:31:14,14:25:55,14
6117_4__1914_4,6117,6117_4,1914,1914_4,2665,27,7.5833333333332575,14:31:14,14:25:55,14
6117_4__1914_4,6117,6117_4,1914,1914_4,2736,28,7.2000000000000455,14:31:14,14:25:55,14
6117_4__1914_4,6117,6117_4,1914,1914_4,705,29,7.433333333333394,14:31:14,14:25:55,14
6117_4__1914_4,6117,6117_4,1914,1914_4,9979,30,7.399999999999977,14:31:14,14:25:55,14
6117_4__1914_4,6117,6117_4,1914,1914_4,947,33,8.283333333333303,14:31:14,14:25:55,14
6117_4__1914_4,6117,6117_4,1914,1914_4,327,34,7.850000000000023,14:31:14,14:25:55,14
6117_5__1914_5,6117,6117_5,1914,1914_5,3797,1,7.0,17:26:58,17:33:58,17
6117_5__1914_5,6117,6117_5,1914,1914_5,2984,2,8.183333333333167,17:26:58,17:33:58,17
6117_5__1914_5,6117,6117_5,1914,1914_5,2685,3,7.916666666666515,17:26:58,17:33:58,17
6117_5__1914_5,6117,6117_5,1914,1914_5,3649,4,7.783333333333303,17:26:58,17:33:58,17
6117_5__1914_5,6117,6117_5,1914,1914_5,3747,5,7.4166666666667425,17:26:58,17:33:58,17
6117_5__1914_5,6117,6117_5,1914,1914_5,482,6,7.349999999999909,17:26:58,17:33:58,17
6117_5__1914_5,6117,6117_5,1914,1914_5,709,7,6.133333333333212,17:26:58,17:33:58,17
6117_5__1914_5,6117,6117_5,1914,1914_5,1577,8,6.966666666666697,17:26:58,17:33:58,17
6117_5__1914_5,6117,6117_5,1914,1914_5,990,9,6.1666666666667425,17:26:58,17:33:58,17
6117_5__1914_5,6117,6117_5,1914,1914_5,109,10,7.433333333333394,17:26:58,17:33:58,17
6117_5__1914_5,6117,6117_5,1914,1914_5,396,11,7.0166666666666515,17:26:58,17:33:58,17
6117_5__1914_5,6117,6117_5,1914,1914_5,1253,12,8.166666666666515,17:26:58,17:33:58,17
6117_5__1914_5,6117,6117_5,1914,1914_5,1554,13,8.549999999999955,17:26:58,17:33:58,17
6117_5__1914_5,6117,6117_5,1914,1914_5,929,16,7.616666666666561,17:26:58,17:33:58,17
6117_5__1914_5,6117,6117_5,1914,1914_5,94,17,8.11666666666656,17:26:58,17:33:58,17
6117_5__1914_5,6117,6117_5,1914,1914_5,213,21,9.533333333333303,17:26:58,17:33:58,17
6117_5__1914_5,6117,6117_5,1914,1914_5,3907,22,9.583333333333258,17:26:58,17:33:58,17
6117_5__1914_5,6117,6117_5,1914,1914_5,949,23,8.166666666666515,17:26:58,17:33:58,17
6117_5__1914_5,6117,6117_5,1914,1914_5,913,24,8.5,17:26:58,17:33:58,17
6117_5__1914_5,6117,6117_5,1914,1914_5,307,25,8.650000000000091,17:26:58,17:33:58,17
6117_5__1914_5,6117,6117_5,1914,1914_5,212,26,8.75,17:26:58,17:33:58,17
6117_5__1914_5,6117,6117_5,1914,1914_5,2665,27,9.366666666666788,17:26:58,17:33:58,17
6117_5__1914_5,6117,6117_5,1914,1914_5,2736,28,9.916666666666742,17:26:58,17:33:58,17
6117_5__1914_5,6117,6117_5,1914,1914_5,705,29,9.900000000000091,17:26:58,17:33:58,17
6117_5__1914_5,6117,6117_5,1914,1914_5,9979,30,9.666666666666742,17:26:58,17:33:58,17
6117_5__1914_5,6117,6117_5,1914,1914_5,2492,31,9.666666666666515,17:26:58,17:33:58,17
6117_5__1914_5,6117,6117_5,1914,1914_5,946,32,8.38333333333344,17:26:58,17:33:58,17
6117_5__1914_5,6117,6117_5,1914,1914_5,947,33,7.75,17:26:58,17:33:58,17
6117_5__1914_5,6117,6117_5,1914,1914_5,327,34,8.266666666666652,17:26:58,17:33:58,17
6117_5__1914_5,6117,6117_5,1914,1914_5,3284,35,6.9833333333333485,17:26:58,17:33:58,17
6117_5__1914_5,6117,6117_5,1914,1914_5,3282,36,7.149999999999864,17:26:58,17:33:58,17
6117_5__1914_5,6117,6117_5,1914,1914_5,2583,37,7.466666666666697,17:26:58,17:33:58,17
6117_5__1914_5,6117,6117_5,1914,1914_5,2590,38,8.516666666666652,17:26:58,17:33:58,17
6117_5__1914_5,6117,6117_5,1914,1914_5,603,39,7.7666666666666515,17:26:58,17:33:58,17
6125_1__6414_1,6125,6125_1,6414,6414_1,3797,1,11.0,05:10:29,05:21:29,5
6125_1__6414_1,6125,6125_1,6414,6414_1,2984,2,11.149999999999977,05:10:29,05:21:29,5
6125_1__6414_1,6125,6125_1,6414,6414_1,2685,3,10.833333333333371,05:10:29,05:21:29,5
6125_1__6414_1,6125,6125_1,6414,6414_1,3649,4,9.449999999999989,05:10:29,05:21:29,5
6125_1__6414_1,6125,6125_1,6414,6414_1,3747,5,9.600000000000023,05:10:29,05:21:29,5
6125_1__6414_1,6125,6125_1,6414,6414_1,482,6,9.633333333333326,05:10:29,05:21:29,5
6125_1__6414_1,6125,6125_1,6414,6414_1,709,7,10.833333333333371,05:10:29,05:21:29,5
6125_1__6414_1,6125,6125_1,6414,6414_1,1577,8,9.149999999999977,05:10:29,05:21:29,5
6125_1__6414_1,6125,6125_1,6414,6414_1,990,9,8.283333333333303,05:10:29,05:21:29,5
6125_1__6414_1,6125,6125_1,6414,6414_1,109,10,9.566666666666663,05:10:29,05:21:29,5
6125_1__6414_1,6125,6125_1,6414,6414_1,396,11,10.333333333333314,05:10:29,05:21:29,5
6125_1__6414_1,6125,6125_1,6414,6414_1,1253,12,10.0,05:10:29,05:21:29,5
6125_1__6414_1,6125,6125_1,6414,6414_1,1554,13,9.416666666666686,05:10:29,05:21:29,5
6125_1__6414_1,6125,6125_1,6414,6414_1,1099,14,9.516666666666708,05:10:29,05:21:29,5
6125_1__6414_1,6125,6125_1,6414,6414_1,168,15,10.050000000000011,05:10:29,05:21:29,5
6125_1__6414_1,6125,6125_1,6414,6414_1,929,16,9.933333333333337,05:10:29,05:21:29,5
6125_1__6414_1,6125,6125_1,6414,6414_1,94,17,9.416666666666686,05:10:29,05:21:29,5
6125_1__6414_1,6125,6125_1,6414,6414_1,1080,18,10.066666666666663,05:10:29,05:21:29,5
6125_1__6414_1,6125,6125_1,6414,6414_1,146,19,9.333333333333314,05:10:29,05:21:29,5
6125_1__6414_1,6125,6125_1,6414,6414_1,1089,20,9.266666666666652,05:10:29,05:21:29,5
6125_1__6414_1,6125,6125_1,6414,6414_1,213,21,9.666666666666686,05:10:29,05:21:29,5
6125_1__6414_1,6125,6125_1,6414,6414_1,3907,22,9.550000000000011,05:10:29,05:21:29,5
6125_1__6414_1,6125,6125_1,6414,6414_1,949,23,9.083333333333371,05:10:29,05:21:29,5
6125_1__6414_1,6125,6125_1,6414,6414_1,913,24,9.0,05:10:29,05:21:29,5
6125_1__6414_1,6125,6125_1,6414,6414_1,307,25,9.600000000000023,05:10:29,05:21:29,5
6125_1__6414_1,6125,6125_1,6414,6414_1,212,26,9.066666666666663,05:10:29,05:21:29,5
6125_1__6414_1,6125,6125_1,6414,6414_1,2665,27,8.666666666666686,05:10:29,05:21:29,5
6125_1__6414_1,6125,6125_1,6414,6414_1,2736,28,8.966666666666697,05:10:29,05:21:29,5
6125_1__6414_1,6125,6125_1,6414,6414_1,705,29,8.883333333333383,05:10:29,05:21:29,5
6125_1__6414_1,6125,6125_1,6414,6414_1,9979,30,9.5,05:10:29,05:21:29,5
6125_1__6414_1,6125,6125_1,6414,6414_1,2492,31,9.316666666666663,05:10:29,05:21:29,5
6125_1__6414_1,6125,6125_1,6414,6414_1,946,32,8.866666666666674,05:10:29,05:21:29,5
6125_1__6414_1,6125,6125_1,6414,6414_1,947,33,9.533333333333303,05:10:29,05:21:29,5
6125_1__6414_1,6125,6125_1,6414,6414_1,327,34,9.616666666666674,05:10:29,05:21:29,5
6125_1__6414_1,6125,6125_1,6414,6414_1,3284,35,9.483333333333348,05:10:29,05:21:29,5
6125_1__6414_1,6125,6125_1,6414,6414_1,3282,36,9.850000000000023,05:10:29,05:21:29,5
6125_1__6414_1,6125,6125_1,6414,6414_1,2583,37,10.416666666666686,05:10:29,05:21:29,5
6125_1__6414_1,6125,6125_1,6414,6414_1,2590,38,9.366666666666674,05:10:29,05:21:29,5
6125_1__6414_1,6125,6125_1,6414,6414_1,603,39,10.083333333333314,05:10:29,05:21:29,5
6125_4__6414_4,6125,6125_4,6414,6414_4,3797,1,11.016666666666652,14:06:58,14:17:59,14
6125_4__6414_4,6125,6125_4,6414,6414_4,2984,2,15.100000000000023,14:06:58,14:17:59,14
6125_4__6414_4,6125,6125_4,6414,6414_4,3649,4,14.833333333333371,14:06:58,14:17:59,14
6125_4__6414_4,6125,6125_4,6414,6414_4,3747,5,14.733333333333348,14:06:58,14:17:59,14
6125_4__6414_4,6125,6125_4,6414,6414_4,482,6,15.0,14:06:58,14:17:59,14
6125_4__6414_4,6125,6125_4,6414,6414_4,709,7,14.566666666666606,14:06:58,14:17:59,14
6125_4__6414_4,6125,6125_4,6414,6414_4,1577,8,14.866666666666674,14:06:58,14:17:59,14
6125_4__6414_4,6125,6125_4,6414,6414_4,990,9,14.75,14:06:58,14:17:59,14
6125_4__6414_4,6125,6125_4,6414,6414_4,109,10,16.01666666666665,14:06:58,14:17:59,14
6125_4__6414_4,6125,6125_4,6414,6414_4,396,11,17.966666666666697,14:06:58,14:17:59,14
6125_4__6414_4,6125,6125_4,6414,6414_4,1253,12,17.98333333333335,14:06:58,14:17:59,14
6125_4__6414_4,6125,6125_4,6414,6414_4,1554,13,19.366666666666674,14:06:58,14:17:59,14
6125_4__6414_4,6125,6125_4,6414,6414_4,1099,14,19.883333333333326,14:06:58,14:17:59,14
6125_4__6414_4,6125,6125_4,6414,6414_4,168,15,21.366666666666674,14:06:58,14:17:59,14
6125_4__6414_4,6125,6125_4,6414,6414_4,929,16,20.200000000000045,14:06:58,14:17:59,14
6125_4__6414_4,6125,6125_4,6414,6414_4,94,17,20.65000000000009,14:06:58,14:17:59,14
6125_4__6414_4,6125,6125_4,6414,6414_4,1080,18,20.51666666666665,14:06:58,14:17:59,14
6125_4__6414_4,6125,6125_4,6414,6414_4,146,19,18.06666666666672,14:06:58,14:17:59,14
6125_4__6414_4,6125,6125_4,6414,6414_4,1089,20,17.43333333333328,14:06:58,14:17:59,14
6125_4__6414_4,6125,6125_4,6414,6414_4,3907,22,17.716666666666697,14:06:58,14:17:59,14
6125_4__6414_4,6125,6125_4,6414,6414_4,913,24,19.033333333333303,14:06:58,14:17:59,14
6125_4__6414_4,6125,6125_4,6414,6414_4,307,25,20.0,14:06:58,14:17:59,14
6125_4__6414_4,6125,6125_4,6414,6414_4,212,26,20.100000000000023,14:06:58,14:17:59,14
6125_4__6414_4,6125,6125_4,6414,6414_4,2665,27,20.866666666666674,14:06:58,14:17:59,14
6125_4__6414_4,6125,6125_4,6414,6414_4,2736,28,21.983333333333235,14:06:58,14:17:59,14
6125_4__6414_4,6125,6125_4,6414,6414_4,705,29,22.600000000000023,14:06:58,14:17:59,14
6125_4__6414_4,6125,6125_4,6414,6414_4,9979,30,23.866666666666674,14:06:58,14:17:59,14
6125_4__6414_4,6125,6125_4,6414,6414_4,2492,31,26.51666666666665,14:06:58,14:17:59,14
6125_4__6414_4,6125,6125_4,6414,6414_4,946,32,22.416666666666742,14:06:58,14:17:59,14
6125_4__6414_4,6125,6125_4,6414,6414_4,947,33,23.51666666666665,14:06:58,14:17:59,14
6125_4__6414_4,6125,6125_4,6414,6414_4,327,34,23.299999999999955,14:06:58,14:17:59,14
6125_4__6414_4,6125,6125_4,6414,6414_4,3284,35,22.299999999999955,14:06:58,14:17:59,14
6125_4__6414_4,6125,6125_4,6414,6414_4,3282,36,21.31666666666672,14:06:58,14:17:59,14
6125_4__6414_4,6125,6125_4,6414,6414_4,2583,37,21.466666666666697,14:06:58,14:17:59,14
6125_4__6414_4,6125,6125_4,6414,6414_4,2590,38,21.366666666666674,14:06:58,14:17:59,14
6125_4__6414_4,6125,6125_4,6414,6414_4,603,39,21.100000000000023,14:06:58,14:17:59,14
6125_5__6414_5,6125,6125_5,6414,6414_5,3797,1,11.016666666666652,17:06:58,17:17:59,17
6125_5__6414_5,6125,6125_5,6414,6414_5,2984,2,11.216666666666697,17:06:58,17:17:59,17
6125_5__6414_5,6125,6125_5,6414,6414_5,2685,3,11.983333333333348,17:06:58,17:17:59,17
6125_5__6414_5,6125,6125_5,6414,6414_5,3649,4,13.599999999999909,17:06:58,17:17:59,17
6125_5__6414_5,6125,6125_5,6414,6414_5,482,6,13.033333333333303,17:06:58,17:17:59,17
6125_5__6414_5,6125,6125_5,6414,6414_5,709,7,12.466666666666697,17:06:58,17:17:59,17
6125_5__6414_5,6125,6125_5,6414,6414_5,990,9,13.066666666666606,17:06:58,17:17:59,17
6125_5__6414_5,6125,6125_5,6414,6414_5,109,10,13.666666666666515,17:06:58,17:17:59,17
6125_5__6414_5,6125,6125_5,6414,6414_5,1099,14,14.599999999999909,17:06:58,17:17:59,17
6125_5__6414_5,6125,6125_5,6414,6414_5,1080,18,13.416666666666742,17:06:58,17:17:59,17
6125_5__6414_5,6125,6125_5,6414,6414_5,146,19,13.96666666666647,17:06:58,17:17:59,17
6125_5__6414_5,6125,6125_5,6414,6414_5,2492,31,12.633333333333212,17:06:58,17:17:59,17
6125_5__6414_5,6125,6125_5,6414,6414_5,946,32,15.5,17:06:58,17:17:59,17
6125_5__6414_5,6125,6125_5,6414,6414_5,947,33,15.483333333333348,17:06:58,17:17:59,17
6125_5__6414_5,6125,6125_5,6414,6414_5,2590,38,14.899999999999864,17:06:58,17:17:59,17
6125_5__6414_5,6125,6125_5,6414,6414_5,603,39,16.03333333333353,17:06:58,17:17:59,17
6125_6__6414_6,6125,6125_6,6414,6414_6,3797,1,9.983333333333348,19:54:59,20:04:58,19
6125_6__6414_6,6125,6125_6,6414,6414_6,2984,2,11.366666666666788,19:54:59,20:04:58,19
6125_6__6414_6,6125,6125_6,6414,6414_6,2685,3,10.75,19:54:59,20:04:58,19
6125_6__6414_6,6125,6125_6,6414,6414_6,3649,4,9.683333333333394,19:54:59,20:04:58,19
6125_6__6414_6,6125,6125_6,6414,6414_6,3747,5,9.38333333333344,19:54:59,20:04:58,19
6125_6__6414_6,6125,6125_6,6414,6414_6,482,6,9.166666666666515,19:54:59,20:04:58,19
6125_6__6414_6,6125,6125_6,6414,6414_6,709,7,10.466666666666697,19:54:59,20:04:58,19
6125_6__6414_6,6125,6125_6,6414,6414_6,1577,8,10.983333333333348,19:54:59,20:04:58,19
6125_6__6414_6,6125,6125_6,6414,6414_6,990,9,10.966666666666697,19:54:59,20:04:58,19
6125_6__6414_6,6125,6125_6,6414,6414_6,109,10,10.75,19:54:59,20:04:58,19
6125_6__6414_6,6125,6125_6,6414,6414_6,396,11,10.88333333333344,19:54:59,20:04:58,19
6125_6__6414_6,6125,6125_6,6414,6414_6,1253,12,10.783333333333303,19:54:59,20:04:58,19
6125_6__6414_6,6125,6125_6,6414,6414_6,1554,13,12.716666666666697,19:54:59,20:04:58,19
6125_6__6414_6,6125,6125_6,6414,6414_6,1099,14,13.283333333333303,19:54:59,20:04:58,19
6125_6__6414_6,6125,6125_6,6414,6414_6,168,15,12.399999999999864,19:54:59,20:04:58,19
6125_6__6414_6,6125,6125_6,6414,6414_6,929,16,13.366666666666788,19:54:59,20:04:58,19
6125_6__6414_6,6125,6125_6,6414,6414_6,94,17,12.88333333333344,19:54:59,20:04:58,19
6125_6__6414_6,6125,6125_6,6414,6414_6,1080,18,12.950000000000045,19:54:59,20:04:58,19
6125_6__6414_6,6125,6125_6,6414,6414_6,146,19,12.233333333333348,19:54:59,20:04:58,19
6125_6__6414_6,6125,6125_6,6414,6414_6,1089,20,13.633333333333212,19:54:59,20:04:58,19
6125_6__6414_6,6125,6125_6,6414,6414_6,213,21,15.416666666666742,19:54:59,20:04:58,19
6125_6__6414_6,6125,6125_6,6414,6414_6,3907,22,15.466666666666697,19:54:59,20:04:58,19
6125_6__6414_6,6125,6125_6,6414,6414_6,949,23,16.799999999999955,19:54:59,20:04:58,19
6125_6__6414_6,6125,6125_6,6414,6414_6,913,24,16.933333333333394,19:54:59,20:04:58,19
6125_6__6414_6,6125,6125_6,6414,6414_6,307,25,17.549999999999955,19:54:59,20:04:58,19
6125_6__6414_6,6125,6125_6,6414,6414_6,212,26,16.800000000000182,19:54:59,20:04:58,19
6125_6__6414_6,6125,6125_6,6414,6414_6,2665,27,17.283333333333303,19:54:59,20:04:58,19
6125_6__6414_6,6125,6125_6,6414,6414_6,2736,28,16.549999999999955,19:54:59,20:04:58,19
6125_6__6414_6,6125,6125_6,6414,6414_6,705,29,16.866666666666788,19:54:59,20:04:58,19
6125_6__6414_6,6125,6125_6,6414,6414_6,9979,30,16.316666666666606,19:54:59,20:04:58,19
6125_6__6414_6,6125,6125_6,6414,6414_6,2492,31,16.700000000000045,19:54:59,20:04:58,19
6125_6__6414_6,6125,6125_6,6414,6414_6,946,32,17.049999999999955,19:54:59,20:04:58,19
6125_6__6414_6,6125,6125_6,6414,6414_6,947,33,15.416666666666742,19:54:59,20:04:58,19
6125_6__6414_6,6125,6125_6,6414,6414_6,327,34,15.233333333333348,19:54:59,20:04:58,19
6125_6__6414_6,6125,6125_6,6414,6414_6,3284,35,14.533333333333303,19:54:59,20:04:58,19
6125_6__6414_6,6125,6125_6,6414,6414_6,3282,36,15.049999999999955,19:54:59,20:04:58,19
6125_6__6414_6,6125,6125_6,6414,6414_6,2583,37,14.950000000000045,19:54:59,20:04:58,19
6125_6__6414_6,6125,6125_6,6414,6414_6,2590,38,15.733333333333348,19:54:59,20:04:58,19
6125_6__6414_6,6125,6125_6,6414,6414_6,603,39,16.416666666666742,19:54:59,20:04:58,19
6200_1__6406_1,6200,6200_1,6406,6406_1,2984,2,9.5,03:46:48,03:56:18,3
6200_1__6406_1,6200,6200_1,6406,6406_1,2685,3,10.400000000000006,03:46:48,03:56:18,3
6200_1__6406_1,6200,6200_1,6406,6406_1,3649,4,10.016666666666652,03:46:48,03:56:18,3
6200_1__6406_1,6200,6200_1,6406,6406_1,3747,5,9.833333333333343,03:46:48,03:56:18,3
6200_1__6406_1,6200,6200_1,6406,6406_1,482,6,10.099999999999994,03:46:48,03:56:18,3
6200_1__6406_1,6200,6200_1,6406,6406_1,709,7,9.349999999999994,03:46:48,03:56:18,3
6200_1__6406_1,6200,6200_1,6406,6406_1,1577,8,9.73333333333332,03:46:48,03:56:18,3
6200_1__6406_1,6200,6200_1,6406,6406_1,990,9,10.583333333333343,03:46:48,03:56:18,3
6200_1__6406_1,6200,6200_1,6406,6406_1,109,10,11.300000000000011,03:46:48,03:56:18,3
6200_1__6406_1,6200,6200_1,6406,6406_1,396,11,12.71666666666664,03:46:48,03:56:18,3
6200_1__6406_1,6200,6200_1,6406,6406_1,1253,12,14.566666666666663,03:46:48,03:56:18,3
6200_1__6406_1,6200,6200_1,6406,6406_1,1554,13,14.066666666666663,03:46:48,03:56:18,3
6200_1__6406_1,6200,6200_1,6406,6406_1,1099,14,14.683333333333309,03:46:48,03:56:18,3
6200_1__6406_1,6200,6200_1,6406,6406_1,168,15,14.166666666666657,03:46:48,03:56:18,3
6200_1__6406_1,6200,6200_1,6406,6406_1,929,16,14.416666666666657,03:46:48,03:56:18,3
6200_1__6406_1,6200,6200_1,6406,6406_1,94,17,15.21666666666664,03:46:48,03:56:18,3
6200_1__6406_1,6200,6200_1,6406,6406_1,1080,18,16.03333333333336,03:46:48,03:56:18,3
6200_1__6406_1,6200,6200_1,6406,6406_1,146,19,16.099999999999994,03:46:48,03:56:18,3
6200_1__6406_1,6200,6200_1,6406,6406_1,1089,20,16.25,03:46:48,03:56:18,3
6200_1__6406_1,6200,6200_1,6406,6406_1,213,21,16.350000000000023,03:46:48,03:56:18,3
6200_1__6406_1,6200,6200_1,6406,6406_1,3907,22,16.69999999999999,03:46:48,03:56:18,3
6200_1__6406_1,6200,6200_1,6406,6406_1,949,23,15.933333333333337,03:46:48,03:56:18,3
6200_1__6406_1,6200,6200_1,6406,6406_1,913,24,15.950000000000045,03:46:48,03:56:18,3
6200_1__6406_1,6200,6200_1,6406,6406_1,307,25,15.799999999999955,03:46:48,03:56:18,3
6200_1__6406_1,6200,6200_1,6406,6406_1,212,26,14.766666666666652,03:46:48,03:56:18,3
6200_1__6406_1,6200,6200_1,6406,6406_1,2665,27,15.600000000000023,03:46:48,03:56:18,3
6200_1__6406_1,6200,6200_1,6406,6406_1,2736,28,14.666666666666686,03:46:48,03:56:18,3
6200_1__6406_1,6200,6200_1,6406,6406_1,705,29,14.566666666666663,03:46:48,03:56:18,3
6200_1__6406_1,6200,6200_1,6406,6406_1,9979,30,14.949999999999989,03:46:48,03:56:18,3
6200_1__6406_1,6200,6200_1,6406,6406_1,2492,31,14.366666666666674,03:46:48,03:56:18,3
6200_1__6406_1,6200,6200_1,6406,6406_1,946,32,14.183333333333337,03:46:48,03:56:18,3
6200_1__6406_1,6200,6200_1,6406,6406_1,947,33,14.916666666666629,03:46:48,03:56:18,3
6200_1__6406_1,6200,6200_1,6406,6406_1,327,34,15.216666666666697,03:46:48,03:56:18,3
6200_1__6406_1,6200,6200_1,6406,6406_1,3284,35,15.199999999999989,03:46:48,03:56:18,3
6200_1__6406_1,6200,6200_1,6406,6406_1,3282,36,14.983333333333348,03:46:48,03:56:18,3
6200_1__6406_1,6200,6200_1,6406,6406_1,2583,37,15.733333333333348,03:46:48,03:56:18,3
6200_1__6406_1,6200,6200_1,6406,6406_1,2590,38,15.983333333333348,03:46:48,03:56:18,3
6200_1__6406_1,6200,6200_1,6406,6406_1,603,39,16.283333333333303,03:46:48,03:56:18,3
6200_2__6802_1,6200,6200_2,6802,6802_1,3797,1,8.983333333333348,06:26:30,06:35:29,6
6200_2__6802_1,6200,6200_2,6802,6802_1,2984,2,8.349999999999966,06:26:30,06:35:29,6
6200_2__6802_1,6200,6200_2,6802,6802_1,2685,3,7.350000000000023,06:26:30,06:35:29,6
6200_2__6802_1,6200,6200_2,6802,6802_1,3649,4,6.683333333333337,06:26:30,06:35:29,6
6200_2__6802_1,6200,6200_2,6802,6802_1,3747,5,6.5,06:26:30,06:35:29,6
6200_2__6802_1,6200,6200_2,6802,6802_1,482,6,6.349999999999966,06:26:30,06:35:29,6
6200_2__6802_1,6200,6200_2,6802,6802_1,709,7,6.7333333333333485,06:26:30,06:35:29,6
6200_2__6802_1,6200,6200_2,6802,6802_1,1577,8,5.383333333333326,06:26:30,06:35:29,6
6200_2__6802_1,6200,6200_2,6802,6802_1,990,9,4.5166666666666515,06:26:30,06:35:29,6
6200_2__6802_1,6200,6200_2,6802,6802_1,109,10,4.0,06:26:30,06:35:29,6
6200_2__6802_1,6200,6200_2,6802,6802_1,396,11,4.350000000000023,06:26:30,06:35:29,6
6200_2__6802_1,6200,6200_2,6802,6802_1,1253,12,5.25,06:26:30,06:35:29,6
6200_2__6802_1,6200,6200_2,6802,6802_1,1554,13,4.833333333333371,06:26:30,06:35:29,6
6200_2__6802_1,6200,6200_2,6802,6802_1,1099,14,4.216666666666697,06:26:30,06:35:29,6
6200_2__6802_1,6200,6200_2,6802,6802_1,168,15,6.75,06:26:30,06:35:29,6
6200_2__6802_1,6200,6200_2,6802,6802_1,929,16,4.949999999999989,06:26:30,06:35:29,6
6200_2__6802_1,6200,6200_2,6802,6802_1,94,17,5.78333333333336,06:26:30,06:35:29,6
6200_2__6802_1,6200,6200_2,6802,6802_1,1080,18,5.933333333333337,06:26:30,06:35:29,6
6200_2__6802_1,6200,6200_2,6802,6802_1,146,19,6.25,06:26:30,06:35:29,6
6200_2__6802_1,6200,6200_2,6802,6802_1,1089,20,6.399999999999977,06:26:30,06:35:29,6
6200_2__6802_1,6200,6200_2,6802,6802_1,213,21,6.433333333333337,06:26:30,06:35:29,6
6200_2__6802_1,6200,6200_2,6802,6802_1,3907,22,6.816666666666663,06:26:30,06:35:29,6
6200_2__6802_1,6200,6200_2,6802,6802_1,949,23,6.28333333333336,06:26:30,06:35:29,6
6200_2__6802_1,6200,6200_2,6802,6802_1,913,24,4.550000000000011,06:26:30,06:35:29,6
6200_2__6802_1,6200,6200_2,6802,6802_1,307,25,4.350000000000023,06:26:30,06:35:29,6
6200_2__6802_1,6200,6200_2,6802,6802_1,212,26,6.149999999999977,06:26:30,06:35:29,6
6200_2__6802_1,6200,6200_2,6802,6802_1,2665,27,6.083333333333314,06:26:30,06:35:29,6
6200_2__6802_1,6200,6200_2,6802,6802_1,2736,28,5.433333333333337,06:26:30,06:35:29,6
6200_2__6802_1,6200,6200_2,6802,6802_1,705,29,4.7666666666666515,06:26:30,06:35:29,6
6200_2__6802_1,6200,6200_2,6802,6802_1,9979,30,3.96666666666664,06:26:30,06:35:29,6
6200_2__6802_1,6200,6200_2,6802,6802_1,2492,31,2.71666666666664,06:26:30,06:35:29,6
6200_2__6802_1,6200,6200_2,6802,6802_1,946,32,3.0833333333333144,06:26:30,06:35:29,6
6200_2__6802_1,6200,6200_2,6802,6802_1,947,33,3.1499999999999773,06:26:30,06:35:29,6
6200_2__6802_1,6200,6200_2,6802,6802_1,327,34,2.6666666666666856,06:26:30,06:35:29,6
6200_2__6802_1,6200,6200_2,6802,6802_1,3284,35,2.21666666666664,06:26:30,06:35:29,6
6200_2__6802_1,6200,6200_2,6802,6802_1,3282,36,3.066666666666663,06:26:30,06:35:29,6
6200_2__6802_1,6200,6200_2,6802,6802_1,2583,37,2.599999999999966,06:26:30,06:35:29,6
6200_2__6802_1,6200,6200_2,6802,6802_1,2590,38,3.0166666666667084,06:26:30,06:35:29,6
6200_2__6802_1,6200,6200_2,6802,6802_1,603,39,2.3999999999999773,06:26:30,06:35:29,6
6200_5__6802_4,6200,6200_5,6802,6802_4,3797,1,10.0,15:32:59,15:42:59,15
6200_5__6802_4,6200,6200_5,6802,6802_4,2984,2,9.049999999999955,15:32:59,15:42:59,15
6200_5__6802_4,6200,6200_5,6802,6802_4,2685,3,8.25,15:32:59,15:42:59,15
6200_5__6802_4,6200,6200_5,6802,6802_4,3649,4,7.983333333333235,15:32:59,15:42:59,15
6200_5__6802_4,6200,6200_5,6802,6802_4,3747,5,8.283333333333417,15:32:59,15:42:59,15
6200_5__6802_4,6200,6200_5,6802,6802_4,482,6,7.866666666666674,15:32:59,15:42:59,15
6200_5__6802_4,6200,6200_5,6802,6802_4,709,7,8.233333333333348,15:32:59,15:42:59,15
6200_5__6802_4,6200,6200_5,6802,6802_4,1577,8,7.600000000000023,15:32:59,15:42:59,15
6200_5__6802_4,6200,6200_5,6802,6802_4,990,9,7.25,15:32:59,15:42:59,15
6200_5__6802_4,6200,6200_5,6802,6802_4,109,10,7.883333333333326,15:32:59,15:42:59,15
6200_5__6802_4,6200,6200_5,6802,6802_4,396,11,8.100000000000023,15:32:59,15:42:59,15
6200_5__6802_4,6200,6200_5,6802,6802_4,1253,12,8.116666666666674,15:32:59,15:42:59,15
6200_5__6802_4,6200,6200_5,6802,6802_4,1554,13,7.43333333333328,15:32:59,15:42:59,15
6200_5__6802_4,6200,6200_5,6802,6802_4,1099,14,6.199999999999932,15:32:59,15:42:59,15
6200_5__6802_4,6200,6200_5,6802,6802_4,168,15,6.31666666666672,15:32:59,15:42:59,15
6200_5__6802_4,6200,6200_5,6802,6802_4,929,16,7.216666666666583,15:32:59,15:42:59,15
6200_5__6802_4,6200,6200_5,6802,6802_4,94,17,6.366666666666674,15:32:59,15:42:59,15
6200_5__6802_4,6200,6200_5,6802,6802_4,1080,18,7.033333333333303,15:32:59,15:42:59,15
6200_5__6802_4,6200,6200_5,6802,6802_4,146,19,5.416666666666629,15:32:59,15:42:59,15
6200_5__6802_4,6200,6200_5,6802,6802_4,1089,20,6.0499999999999545,15:32:59,15:42:59,15
6200_5__6802_4,6200,6200_5,6802,6802_4,213,21,5.9833333333333485,15:32:59,15:42:59,15
6200_5__6802_4,6200,6200_5,6802,6802_4,3907,22,6.350000000000023,15:32:59,15:42:59,15
6200_5__6802_4,6200,6200_5,6802,6802_4,949,23,6.9833333333333485,15:32:59,15:42:59,15
6200_5__6802_4,6200,6200_5,6802,6802_4,913,24,5.966666666666697,15:32:59,15:42:59,15
6200_5__6802_4,6200,6200_5,6802,6802_4,307,25,6.4166666666667425,15:32:59,15:42:59,15
6200_5__6802_4,6200,6200_5,6802,6802_4,212,26,5.7000000000000455,15:32:59,15:42:59,15
6200_5__6802_4,6200,6200_5,6802,6802_4,2665,27,6.416666666666629,15:32:59,15:42:59,15
6200_5__6802_4,6200,6200_5,6802,6802_4,2736,28,5.333333333333371,15:32:59,15:42:59,15
6200_5__6802_4,6200,6200_5,6802,6802_4,705,29,6.0,15:32:59,15:42:59,15
6200_5__6802_4,6200,6200_5,6802,6802_4,9979,30,4.949999999999932,15:32:59,15:42:59,15
6200_5__6802_4,6200,6200_5,6802,6802_4,2492,31,4.06666666666672,15:32:59,15:42:59,15
6200_5__6802_4,6200,6200_5,6802,6802_4,946,32,5.366666666666674,15:32:59,15:42:59,15
6200_5__6802_4,6200,6200_5,6802,6802_4,947,33,4.966666666666697,15:32:59,15:42:59,15
6200_5__6802_4,6200,6200_5,6802,6802_4,327,34,5.266666666666765,15:32:59,15:42:59,15
6200_5__6802_4,6200,6200_5,6802,6802_4,3284,35,3.6833333333332803,15:32:59,15:42:59,15
6200_5__6802_4,6200,6200_5,6802,6802_4,3282,36,3.783333333333303,15:32:59,15:42:59,15
6200_5__6802_4,6200,6200_5,6802,6802_4,2583,37,2.5833333333333712,15:32:59,15:42:59,15
6200_5__6802_4,6200,6200_5,6802,6802_4,2590,38,3.783333333333303,15:32:59,15:42:59,15
6200_5__6802_4,6200,6200_5,6802,6802_4,603,39,5.0166666666666515,15:32:59,15:42:59,15
6200_6__6802_5,6200,6200_6,6802,6802_5,3797,1,10.016666666666652,18:26:58,18:36:59,18
6200_6__6802_5,6200,6200_6,6802,6802_5,2984,2,11.833333333333258,18:26:58,18:36:59,18
6200_6__6802_5,6200,6200_6,6802,6802_5,2685,3,11.583333333333258,18:26:58,18:36:59,18
6200_6__6802_5,6200,6200_6,6802,6802_5,3649,4,12.699999999999818,18:26:58,18:36:59,18
6200_6__6802_5,6200,6200_6,6802,6802_5,3747,5,13.266666666666652,18:26:58,18:36:59,18
6200_6__6802_5,6200,6200_6,6802,6802_5,482,6,13.450000000000045,18:26:58,18:36:59,18
6200_6__6802_5,6200,6200_6,6802,6802_5,709,7,12.916666666666742,18:26:58,18:36:59,18
6200_6__6802_5,6200,6200_6,6802,6802_5,1577,8,12.616666666666788,18:26:58,18:36:59,18
6200_6__6802_5,6200,6200_6,6802,6802_5,990,9,10.850000000000136,18:26:58,18:36:59,18
6200_6__6802_5,6200,6200_6,6802,6802_5,109,10,10.299999999999955,18:26:58,18:36:59,18
6200_6__6802_5,6200,6200_6,6802,6802_5,396,11,10.516666666666879,18:26:58,18:36:59,18
6200_6__6802_5,6200,6200_6,6802,6802_5,1253,12,10.716666666666697,18:26:58,18:36:59,18
6200_6__6802_5,6200,6200_6,6802,6802_5,1554,13,9.799999999999955,18:26:58,18:36:59,18
6200_6__6802_5,6200,6200_6,6802,6802_5,1099,14,8.36666666666656,18:26:58,18:36:59,18
6200_6__6802_5,6200,6200_6,6802,6802_5,168,15,8.450000000000045,18:26:58,18:36:59,18
6200_6__6802_5,6200,6200_6,6802,6802_5,929,16,8.86666666666656,18:26:58,18:36:59,18
6200_6__6802_5,6200,6200_6,6802,6802_5,94,17,7.966666666666697,18:26:58,18:36:59,18
6200_6__6802_5,6200,6200_6,6802,6802_5,1080,18,6.566666666666606,18:26:58,18:36:59,18
6200_6__6802_5,6200,6200_6,6802,6802_5,146,19,5.899999999999864,18:26:58,18:36:59,18
6200_6__6802_5,6200,6200_6,6802,6802_5,1089,20,7.783333333333303,18:26:58,18:36:59,18
6200_6__6802_5,6200,6200_6,6802,6802_5,213,21,6.75,18:26:58,18:36:59,18
6200_6__6802_5,6200,6200_6,6802,6802_5,3907,22,6.5499999999999545,18:26:58,18:36:59,18
6200_6__6802_5,6200,6200_6,6802,6802_5,949,23,6.383333333333439,18:26:58,18:36:59,18
6200_6__6802_5,6200,6200_6,6802,6802_5,913,24,5.900000000000091,18:26:58,18:36:59,18
6200_6__6802_5,6200,6200_6,6802,6802_5,307,25,6.5,18:26:58,18:36:59,18
6200_6__6802_5,6200,6200_6,6802,6802_5,212,26,6.183333333333394,18:26:58,18:36:59,18
6200_6__6802_5,6200,6200_6,6802,6802_5,2665,27,5.883333333333212,18:26:58,18:36:59,18
6200_6__6802_5,6200,6200_6,6802,6802_5,2736,28,6.183333333333394,18:26:58,18:36:59,18
6200_6__6802_5,6200,6200_6,6802,6802_5,705,29,5.666666666666515,18:26:58,18:36:59,18
6200_6__6802_5,6200,6200_6,6802,6802_5,9979,30,5.133333333333212,18:26:58,18:36:59,18
6200_6__6802_5,6200,6200_6,6802,6802_5,2492,31,5.400000000000091,18:26:58,18:36:59,18
6200_6__6802_5,6200,6200_6,6802,6802_5,946,32,5.783333333333303,18:26:58,18:36:59,18
6200_6__6802_5,6200,6200_6,6802,6802_5,947,33,5.5166666666666515,18:26:58,18:36:59,18
6200_6__6802_5,6200,6200_6,6802,6802_5,327,34,5.183333333333394,18:26:58,18:36:59,18
6200_6__6802_5,6200,6200_6,6802,6802_5,3284,35,4.2000000000000455,18:26:58,18:36:59,18
6200_6__6802_5,6200,6200_6,6802,6802_5,3282,36,4.599999999999909,18:26:58,18:36:59,18
6200_6__6802_5,6200,6200_6,6802,6802_5,2583,37,5.2333333333333485,18:26:58,18:36:59,18
6200_6__6802_5,6200,6200_6,6802,6802_5,2590,38,4.666666666666515,18:26:58,18:36:59,18
6200_6__6802_5,6200,6200_6,6802,6802_5,603,39,5.283333333333303,18:26:58,18:36:59,18
6201_2__6056_4,6201,6201_2,6056,6056_4,3797,1,10.0,13:08:58,13:18:58,13
6201_2__6056_4,6201,6201_2,6056,6056_4,2984,2,11.066666666666606,13:08:58,13:18:58,13
6201_2__6056_4,6201,6201_2,6056,6056_4,2685,3,11.366666666666674,13:08:58,13:18:58,13
6201_2__6056_4,6201,6201_2,6056,6056_4,3649,4,12.700000000000045,13:08:58,13:18:58,13
6201_2__6056_4,6201,6201_2,6056,6056_4,3747,5,12.550000000000068,13:08:58,13:18:58,13
6201_2__6056_4,6201,6201_2,6056,6056_4,482,6,13.133333333333326,13:08:58,13:18:58,13
6201_2__6056_4,6201,6201_2,6056,6056_4,709,7,12.849999999999909,13:08:58,13:18:58,13
6201_2__6056_4,6201,6201_2,6056,6056_4,1577,8,12.866666666666674,13:08:58,13:18:58,13
6201_2__6056_4,6201,6201_2,6056,6056_4,990,9,12.366666666666674,13:08:58,13:18:58,13
6201_2__6056_4,6201,6201_2,6056,6056_4,109,10,11.016666666666652,13:08:58,13:18:58,13
6201_2__6056_4,6201,6201_2,6056,6056_4,396,11,12.299999999999955,13:08:58,13:18:58,13
6201_2__6056_4,6201,6201_2,6056,6056_4,1253,12,10.883333333333326,13:08:58,13:18:58,13
6201_2__6056_4,6201,6201_2,6056,6056_4,1554,13,10.649999999999977,13:08:58,13:18:58,13
6201_2__6056_4,6201,6201_2,6056,6056_4,1099,14,10.966666666666697,13:08:58,13:18:58,13
6201_2__6056_4,6201,6201_2,6056,6056_4,168,15,11.849999999999909,13:08:58,13:18:58,13
6201_2__6056_4,6201,6201_2,6056,6056_4,929,16,11.649999999999977,13:08:58,13:18:58,13
6201_2__6056_4,6201,6201_2,6056,6056_4,94,17,11.166666666666742,13:08:58,13:18:58,13
6201_2__6056_4,6201,6201_2,6056,6056_4,1080,18,13.233333333333348,13:08:58,13:18:58,13
6201_2__6056_4,6201,6201_2,6056,6056_4,146,19,8.866666666666674,13:08:58,13:18:58,13
6201_2__6056_4,6201,6201_2,6056,6056_4,1089,20,8.983333333333348,13:08:58,13:18:58,13
6201_2__6056_4,6201,6201_2,6056,6056_4,213,21,9.966666666666697,13:08:58,13:18:58,13
6201_2__6056_4,6201,6201_2,6056,6056_4,3907,22,10.050000000000068,13:08:58,13:18:58,13
6201_2__6056_4,6201,6201_2,6056,6056_4,949,23,10.933333333333394,13:08:58,13:18:58,13
6201_2__6056_4,6201,6201_2,6056,6056_4,913,24,10.333333333333371,13:08:58,13:18:58,13
6201_2__6056_4,6201,6201_2,6056,6056_4,307,25,10.799999999999955,13:08:58,13:18:58,13
6201_2__6056_4,6201,6201_2,6056,6056_4,212,26,10.683333333333394,13:08:58,13:18:58,13
6201_2__6056_4,6201,6201_2,6056,6056_4,2665,27,10.616666666666674,13:08:58,13:18:58,13
6201_2__6056_4,6201,6201_2,6056,6056_4,2736,28,10.43333333333328,13:08:58,13:18:58,13
6201_2__6056_4,6201,6201_2,6056,6056_4,705,29,10.683333333333394,13:08:58,13:18:58,13
6201_2__6056_4,6201,6201_2,6056,6056_4,9979,30,10.666666666666629,13:08:58,13:18:58,13
6201_2__6056_4,6201,6201_2,6056,6056_4,2492,31,12.466666666666697,13:08:58,13:18:58,13
6201_2__6056_4,6201,6201_2,6056,6056_4,946,32,14.050000000000068,13:08:58,13:18:58,13
6201_2__6056_4,6201,6201_2,6056,6056_4,947,33,13.033333333333303,13:08:58,13:18:58,13
6201_2__6056_4,6201,6201_2,6056,6056_4,327,34,14.06666666666672,13:08:58,13:18:58,13
6201_2__6056_4,6201,6201_2,6056,6056_4,3284,35,14.083333333333371,13:08:58,13:18:58,13
6201_2__6056_4,6201,6201_2,6056,6056_4,3282,36,14.599999999999909,13:08:58,13:18:58,13
6201_2__6056_4,6201,6201_2,6056,6056_4,2583,37,17.5,13:08:58,13:18:58,13
6201_2__6056_4,6201,6201_2,6056,6056_4,603,39,18.66666666666663,13:08:58,13:18:58,13
6201_4__6056_6,6201,6201_4,6056,6056_6,2984,2,7.2000000000000455,19:08:22,19:15:34,19
6201_4__6056_6,6201,6201_4,6056,6056_6,2685,3,6.883333333333439,19:08:22,19:15:34,19
6201_4__6056_6,6201,6201_4,6056,6056_6,3747,5,7.033333333333303,19:08:22,19:15:34,19
6201_4__6056_6,6201,6201_4,6056,6056_6,482,6,7.116666666666561,19:08:22,19:15:34,19
6201_4__6056_6,6201,6201_4,6056,6056_6,709,7,6.066666666666606,19:08:22,19:15:34,19
6201_4__6056_6,6201,6201_4,6056,6056_6,1577,8,7.2333333333333485,19:08:22,19:15:34,19
6201_4__6056_6,6201,6201_4,6056,6056_6,1253,12,8.066666666666833,19:08:22,19:15:34,19
6201_4__6056_6,6201,6201_4,6056,6056_6,1554,13,7.783333333333303,19:08:22,19:15:34,19
6201_4__6056_6,6201,6201_4,6056,6056_6,1099,14,8.416666666666742,19:08:22,19:15:34,19
6201_4__6056_6,6201,6201_4,6056,6056_6,168,15,8.149999999999864,19:08:22,19:15:34,19
6201_4__6056_6,6201,6201_4,6056,6056_6,929,16,7.5499999999999545,19:08:22,19:15:34,19
6201_4__6056_6,6201,6201_4,6056,6056_6,94,17,8.166666666666742,19:08:22,19:15:34,19
6201_4__6056_6,6201,6201_4,6056,6056_6,1080,18,7.983333333333121,19:08:22,19:15:34,19
6201_4__6056_6,6201,6201_4,6056,6056_6,146,19,7.166666666666515,19:08:22,19:15:34,19
6201_4__6056_6,6201,6201_4,6056,6056_6,1089,20,9.683333333333394,19:08:22,19:15:34,19
6201_4__6056_6,6201,6201_4,6056,6056_6,213,21,9.066666666666606,19:08:22,19:15:34,19
6201_4__6056_6,6201,6201_4,6056,6056_6,3907,22,7.75,19:08:22,19:15:34,19
6201_4__6056_6,6201,6201_4,6056,6056_6,949,23,7.400000000000091,19:08:22,19:15:34,19
6201_4__6056_6,6201,6201_4,6056,6056_6,913,24,7.2666666666666515,19:08:22,19:15:34,19
6201_4__6056_6,6201,6201_4,6056,6056_6,307,25,7.383333333333439,19:08:22,19:15:34,19
6201_4__6056_6,6201,6201_4,6056,6056_6,212,26,7.149999999999864,19:08:22,19:15:34,19
6201_4__6056_6,6201,6201_4,6056,6056_6,2665,27,6.833333333333485,19:08:22,19:15:34,19
6201_4__6056_6,6201,6201_4,6056,6056_6,2736,28,8.166666666666742,19:08:22,19:15:34,19
6201_4__6056_6,6201,6201_4,6056,6056_6,705,29,7.7333333333333485,19:08:22,19:15:34,19
6201_4__6056_6,6201,6201_4,6056,6056_6,9979,30,7.100000000000136,19:08:22,19:15:34,19
6201_4__6056_6,6201,6201_4,6056,6056_6,2492,31,7.116666666666561,19:08:22,19:15:34,19
6201_4__6056_6,6201,6201_4,6056,6056_6,946,32,7.1666666666667425,19:08:22,19:15:34,19
6201_4__6056_6,6201,6201_4,6056,6056_6,947,33,7.25,19:08:22,19:15:34,19
6201_4__6056_6,6201,6201_4,6056,6056_6,327,34,6.116666666666788,19:08:22,19:15:34,19
6201_4__6056_6,6201,6201_4,6056,6056_6,3284,35,6.600000000000136,19:08:22,19:15:34,19
6201_4__6056_6,6201,6201_4,6056,6056_6,3282,36,5.933333333333394,19:08:22,19:15:34,19
6201_4__6056_6,6201,6201_4,6056,6056_6,2583,37,5.4833333333333485,19:08:22,19:15:34,19
6201_4__6056_6,6201,6201_4,6056,6056_6,2590,38,5.7000000000000455,19:08:22,19:15:34,19
6201_4__6056_6,6201,6201_4,6056,6056_6,603,39,5.7000000000000455,19:08:22,19:15:34,19
6212_2__6401_1,6212,6212_2,6401,6401_1,3797,1,7.0,05:55:30,06:02:30,5
6212_2__6401_1,6212,6212_2,6401,6401_1,2984,2,8.0,05:55:30,06:02:30,5
6212_2__6401_1,6212,6212_2,6401,6401_1,2685,3,8.71666666666664,05:55:30,06:02:30,5
6212_2__6401_1,6212,6212_2,6401,6401_1,3649,4,7.983333333333292,05:55:30,06:02:30,5
6212_2__6401_1,6212,6212_2,6401,6401_1,3747,5,8.033333333333303,05:55:30,06:02:30,5
6212_2__6401_1,6212,6212_2,6401,6401_1,482,6,8.083333333333371,05:55:30,06:02:30,5
6212_2__6401_1,6212,6212_2,6401,6401_1,709,7,8.166666666666686,05:55:30,06:02:30,5
6212_2__6401_1,6212,6212_2,6401,6401_1,1577,8,8.866666666666674,05:55:30,06:02:30,5
6212_2__6401_1,6212,6212_2,6401,6401_1,990,9,8.449999999999989,05:55:30,06:02:30,5
6212_2__6401_1,6212,6212_2,6401,6401_1,109,10,8.183333333333337,05:55:30,06:02:30,5
6212_2__6401_1,6212,6212_2,6401,6401_1,396,11,7.4833333333333485,05:55:30,06:02:30,5
6212_2__6401_1,6212,6212_2,6401,6401_1,1253,12,8.333333333333314,05:55:30,06:02:30,5
6212_2__6401_1,6212,6212_2,6401,6401_1,1554,13,7.96666666666664,05:55:30,06:02:30,5
6212_2__6401_1,6212,6212_2,6401,6401_1,1099,14,6.96666666666664,05:55:30,06:02:30,5
6212_2__6401_1,6212,6212_2,6401,6401_1,168,15,5.883333333333326,05:55:30,06:02:30,5
6212_2__6401_1,6212,6212_2,6401,6401_1,929,16,4.550000000000011,05:55:30,06:02:30,5
6212_2__6401_1,6212,6212_2,6401,6401_1,94,17,4.850000000000023,05:55:30,06:02:30,5
6212_2__6401_1,6212,6212_2,6401,6401_1,1080,18,4.516666666666708,05:55:30,06:02:30,5
6212_2__6401_1,6212,6212_2,6401,6401_1,146,19,4.616666666666674,05:55:30,06:02:30,5
6212_2__6401_1,6212,6212_2,6401,6401_1,1089,20,5.0,05:55:30,06:02:30,5
6212_2__6401_1,6212,6212_2,6401,6401_1,213,21,4.983333333333292,05:55:30,06:02:30,5
6212_2__6401_1,6212,6212_2,6401,6401_1,3907,22,4.916666666666686,05:55:30,06:02:30,5
6212_2__6401_1,6212,6212_2,6401,6401_1,949,23,4.7333333333333485,05:55:30,06:02:30,5
6212_2__6401_1,6212,6212_2,6401,6401_1,913,24,4.75,05:55:30,06:02:30,5
6212_2__6401_1,6212,6212_2,6401,6401_1,307,25,4.383333333333326,05:55:30,06:02:30,5
6212_2__6401_1,6212,6212_2,6401,6401_1,212,26,4.599999999999966,05:55:30,06:02:30,5
6212_2__6401_1,6212,6212_2,6401,6401_1,2665,27,4.583333333333314,05:55:30,06:02:30,5
6212_2__6401_1,6212,6212_2,6401,6401_1,2736,28,4.216666666666697,05:55:30,06:02:30,5
6212_2__6401_1,6212,6212_2,6401,6401_1,705,29,3.7333333333332916,05:55:30,06:02:30,5
6212_2__6401_1,6212,6212_2,6401,6401_1,9979,30,5.333333333333314,05:55:30,06:02:30,5
6212_2__6401_1,6212,6212_2,6401,6401_1,2492,31,5.566666666666663,05:55:30,06:02:30,5
6212_2__6401_1,6212,6212_2,6401,6401_1,946,32,6.166666666666686,05:55:30,06:02:30,5
6212_2__6401_1,6212,6212_2,6401,6401_1,947,33,7.050000000000011,05:55:30,06:02:30,5
6212_2__6401_1,6212,6212_2,6401,6401_1,327,34,5.116666666666674,05:55:30,06:02:30,5
6212_2__6401_1,6212,6212_2,6401,6401_1,3284,35,5.849999999999966,05:55:30,06:02:30,5
6212_2__6401_1,6212,6212_2,6401,6401_1,3282,36,6.833333333333314,05:55:30,06:02:30,5
6212_2__6401_1,6212,6212_2,6401,6401_1,2583,37,5.7666666666666515,05:55:30,06:02:30,5
6212_2__6401_1,6212,6212_2,6401,6401_1,2590,38,6.066666666666663,05:55:30,06:02:30,5
6212_2__6401_1,6212,6212_2,6401,6401_1,603,39,4.7333333333333485,05:55:30,06:02:30,5
6212_3__6401_2,6212,6212_3,6401,6401_2,3797,1,9.016666666666652,08:53:29,09:02:30,8
6212_3__6401_2,6212,6212_3,6401,6401_2,2984,2,8.383333333333326,08:53:29,09:02:30,8
6212_3__6401_2,6212,6212_3,6401,6401_2,2685,3,10.116666666666674,08:53:29,09:02:30,8
6212_3__6401_2,6212,6212_3,6401,6401_2,3649,4,11.166666666666742,08:53:29,09:02:30,8
6212_3__6401_2,6212,6212_3,6401,6401_2,3747,5,11.5,08:53:29,09:02:30,8
6212_3__6401_2,6212,6212_3,6401,6401_2,482,6,11.5,08:53:29,09:02:30,8
6212_3__6401_2,6212,6212_3,6401,6401_2,709,7,11.550000000000068,08:53:29,09:02:30,8
6212_3__6401_2,6212,6212_3,6401,6401_2,1577,8,13.300000000000068,08:53:29,09:02:30,8
6212_3__6401_2,6212,6212_3,6401,6401_2,109,10,12.600000000000023,08:53:29,09:02:30,8
6212_3__6401_2,6212,6212_3,6401,6401_2,396,11,12.700000000000045,08:53:29,09:02:30,8
6212_3__6401_2,6212,6212_3,6401,6401_2,1253,12,12.56666666666672,08:53:29,09:02:30,8
6212_3__6401_2,6212,6212_3,6401,6401_2,1554,13,12.583333333333371,08:53:29,09:02:30,8
6212_3__6401_2,6212,6212_3,6401,6401_2,1099,14,13.299999999999955,08:53:29,09:02:30,8
6212_3__6401_2,6212,6212_3,6401,6401_2,168,15,14.466666666666697,08:53:29,09:02:30,8
6212_3__6401_2,6212,6212_3,6401,6401_2,929,16,14.383333333333326,08:53:29,09:02:30,8
6212_3__6401_2,6212,6212_3,6401,6401_2,94,17,14.299999999999955,08:53:29,09:02:30,8
6212_3__6401_2,6212,6212_3,6401,6401_2,1080,18,16.199999999999932,08:53:29,09:02:30,8
6212_3__6401_2,6212,6212_3,6401,6401_2,146,19,15.883333333333326,08:53:29,09:02:30,8
6212_3__6401_2,6212,6212_3,6401,6401_2,1089,20,17.149999999999977,08:53:29,09:02:30,8
6212_3__6401_2,6212,6212_3,6401,6401_2,213,21,15.950000000000045,08:53:29,09:02:30,8
6212_3__6401_2,6212,6212_3,6401,6401_2,3907,22,15.733333333333348,08:53:29,09:02:30,8
6212_3__6401_2,6212,6212_3,6401,6401_2,949,23,16.283333333333303,08:53:29,09:02:30,8
6212_3__6401_2,6212,6212_3,6401,6401_2,913,24,16.06666666666672,08:53:29,09:02:30,8
6212_3__6401_2,6212,6212_3,6401,6401_2,307,25,16.116666666666674,08:53:29,09:02:30,8
6212_3__6401_2,6212,6212_3,6401,6401_2,212,26,13.366666666666674,08:53:29,09:02:30,8
6212_3__6401_2,6212,6212_3,6401,6401_2,2665,27,13.716666666666697,08:53:29,09:02:30,8
6212_3__6401_2,6212,6212_3,6401,6401_2,2736,28,13.016666666666652,08:53:29,09:02:30,8
6212_3__6401_2,6212,6212_3,6401,6401_2,705,29,13.966666666666697,08:53:29,09:02:30,8
6212_3__6401_2,6212,6212_3,6401,6401_2,9979,30,14.666666666666629,08:53:29,09:02:30,8
6212_3__6401_2,6212,6212_3,6401,6401_2,2492,31,14.81666666666672,08:53:29,09:02:30,8
6212_3__6401_2,6212,6212_3,6401,6401_2,946,32,13.850000000000023,08:53:29,09:02:30,8
6212_3__6401_2,6212,6212_3,6401,6401_2,947,33,14.06666666666672,08:53:29,09:02:30,8
6212_3__6401_2,6212,6212_3,6401,6401_2,327,34,15.366666666666674,08:53:29,09:02:30,8
6212_3__6401_2,6212,6212_3,6401,6401_2,3284,35,15.733333333333348,08:53:29,09:02:30,8
6212_3__6401_2,6212,6212_3,6401,6401_2,3282,36,16.06666666666672,08:53:29,09:02:30,8
6212_3__6401_2,6212,6212_3,6401,6401_2,2583,37,15.916666666666629,08:53:29,09:02:30,8
6212_3__6401_2,6212,6212_3,6401,6401_2,2590,38,15.133333333333326,08:53:29,09:02:30,8
6212_3__6401_2,6212,6212_3,6401,6401_2,603,39,15.883333333333326,08:53:29,09:02:30,8
6212_5__6030_1,6212,6212_5,6030,6030_1,3797,1,9.0,14:51:58,15:00:58,14
6212_5__6030_1,6212,6212_5,6030,6030_1,2984,2,9.733333333333235,14:51:58,15:00:58,14
6212_5__6030_1,6212,6212_5,6030,6030_1,2685,3,10.016666666666765,14:51:58,15:00:58,14
6212_5__6030_1,6212,6212_5,6030,6030_1,3649,4,9.200000000000045,14:51:58,15:00:58,14
6212_5__6030_1,6212,6212_5,6030,6030_1,3747,5,9.333333333333371,14:51:58,15:00:58,14
6212_5__6030_1,6212,6212_5,6030,6030_1,482,6,9.300000000000068,14:51:58,15:00:58,14
6212_5__6030_1,6212,6212_5,6030,6030_1,709,7,10.166666666666742,14:51:58,15:00:58,14
6212_5__6030_1,6212,6212_5,6030,6030_1,1577,8,9.233333333333348,14:51:58,15:00:58,14
6212_5__6030_1,6212,6212_5,6030,6030_1,990,9,10.483333333333235,14:51:58,15:00:58,14
6212_5__6030_1,6212,6212_5,6030,6030_1,109,10,9.566666666666606,14:51:58,15:00:58,14
6212_5__6030_1,6212,6212_5,6030,6030_1,396,11,9.06666666666672,14:51:58,15:00:58,14
6212_5__6030_1,6212,6212_5,6030,6030_1,1253,12,8.68333333333328,14:51:58,15:00:58,14
6212_5__6030_1,6212,6212_5,6030,6030_1,1554,13,9.450000000000045,14:51:58,15:00:58,14
6212_5__6030_1,6212,6212_5,6030,6030_1,1099,14,8.766666666666652,14:51:58,15:00:58,14
6212_5__6030_1,6212,6212_5,6030,6030_1,168,15,8.066666666666606,14:51:58,15:00:58,14
6212_5__6030_1,6212,6212_5,6030,6030_1,929,16,10.466666666666583,14:51:58,15:00:58,14
6212_5__6030_1,6212,6212_5,6030,6030_1,94,17,10.799999999999955,14:51:58,15:00:58,14
6212_5__6030_1,6212,6212_5,6030,6030_1,1080,18,10.966666666666697,14:51:58,15:00:58,14
6212_5__6030_1,6212,6212_5,6030,6030_1,146,19,11.483333333333348,14:51:58,15:00:58,14
6212_5__6030_1,6212,6212_5,6030,6030_1,1089,20,10.350000000000023,14:51:58,15:00:58,14
6212_5__6030_1,6212,6212_5,6030,6030_1,213,21,10.083333333333371,14:51:58,15:00:58,14
6212_5__6030_1,6212,6212_5,6030,6030_1,3907,22,9.216666666666697,14:51:58,15:00:58,14
6212_5__6030_1,6212,6212_5,6030,6030_1,949,23,8.68333333333328,14:51:58,15:00:58,14
6212_5__6030_1,6212,6212_5,6030,6030_1,913,24,8.716666666666697,14:51:58,15:00:58,14
6212_5__6030_1,6212,6212_5,6030,6030_1,307,25,9.483333333333348,14:51:58,15:00:58,14
6212_5__6030_1,6212,6212_5,6030,6030_1,212,26,10.950000000000045,14:51:58,15:00:58,14
6212_5__6030_1,6212,6212_5,6030,6030_1,2665,27,10.68333333333328,14:51:58,15:00:58,14
6212_5__6030_1,6212,6212_5,6030,6030_1,2736,28,11.966666666666697,14:51:58,15:00:58,14
6212_5__6030_1,6212,6212_5,6030,6030_1,705,29,14.149999999999977,14:51:58,15:00:58,14
6212_5__6030_1,6212,6212_5,6030,6030_1,9979,30,14.983333333333348,14:51:58,15:00:58,14
6212_5__6030_1,6212,6212_5,6030,6030_1,2492,31,14.816666666666606,14:51:58,15:00:58,14
6212_5__6030_1,6212,6212_5,6030,6030_1,946,32,15.200000000000045,14:51:58,15:00:58,14
6212_5__6030_1,6212,6212_5,6030,6030_1,947,33,14.150000000000091,14:51:58,15:00:58,14
6212_5__6030_1,6212,6212_5,6030,6030_1,327,34,14.533333333333303,14:51:58,15:00:58,14
6212_5__6030_1,6212,6212_5,6030,6030_1,3284,35,14.133333333333326,14:51:58,15:00:58,14
6212_5__6030_1,6212,6212_5,6030,6030_1,3282,36,14.866666666666674,14:51:58,15:00:58,14
6212_5__6030_1,6212,6212_5,6030,6030_1,2583,37,15.900000000000091,14:51:58,15:00:58,14
6212_5__6030_1,6212,6212_5,6030,6030_1,2590,38,16.333333333333258,14:51:58,15:00:58,14
6212_6__6409_2,6212,6212_6,6409,6409_2,3797,1,8.983333333333348,17:50:59,17:59:58,17
6212_6__6409_2,6212,6212_6,6409,6409_2,2984,2,10.116666666666788,17:50:59,17:59:58,17
6212_6__6409_2,6212,6212_6,6409,6409_2,2685,3,9.799999999999955,17:50:59,17:59:58,17
6212_6__6409_2,6212,6212_6,6409,6409_2,3649,4,10.316666666666606,17:50:59,17:59:58,17
6212_6__6409_2,6212,6212_6,6409,6409_2,709,7,11.333333333333258,17:50:59,17:59:58,17
6212_6__6409_2,6212,6212_6,6409,6409_2,990,9,11.88333333333344,17:50:59,17:59:58,17
6212_6__6409_2,6212,6212_6,6409,6409_2,109,10,11.133333333333212,17:50:59,17:59:58,17
6212_6__6409_2,6212,6212_6,6409,6409_2,1554,13,12.166666666666742,17:50:59,17:59:58,17
6212_6__6409_2,6212,6212_6,6409,6409_2,1099,14,11.36666666666656,17:50:59,17:59:58,17
6212_6__6409_2,6212,6212_6,6409,6409_2,168,15,10.966666666666697,17:50:59,17:59:58,17
6212_6__6409_2,6212,6212_6,6409,6409_2,929,16,12.599999999999909,17:50:59,17:59:58,17
6212_6__6409_2,6212,6212_6,6409,6409_2,94,17,12.916666666666742,17:50:59,17:59:58,17
6212_6__6409_2,6212,6212_6,6409,6409_2,146,19,11.816666666666606,17:50:59,17:59:58,17
6212_6__6409_2,6212,6212_6,6409,6409_2,213,21,13.016666666666652,17:50:59,17:59:58,17
6212_6__6409_2,6212,6212_6,6409,6409_2,3907,22,12.933333333333167,17:50:59,17:59:58,17
6212_6__6409_2,6212,6212_6,6409,6409_2,949,23,11.683333333333394,17:50:59,17:59:58,17
6212_6__6409_2,6212,6212_6,6409,6409_2,913,24,11.700000000000045,17:50:59,17:59:58,17
6212_6__6409_2,6212,6212_6,6409,6409_2,307,25,12.549999999999955,17:50:59,17:59:58,17
6212_6__6409_2,6212,6212_6,6409,6409_2,212,26,11.716666666666697,17:50:59,17:59:58,17
6212_6__6409_2,6212,6212_6,6409,6409_2,2665,27,11.466666666666697,17:50:59,17:59:58,17
6212_6__6409_2,6212,6212_6,6409,6409_2,2736,28,11.666666666666742,17:50:59,17:59:58,17
6212_6__6409_2,6212,6212_6,6409,6409_2,705,29,11.86666666666656,17:50:59,17:59:58,17
6212_6__6409_2,6212,6212_6,6409,6409_2,9979,30,12.38333333333344,17:50:59,17:59:58,17
6212_6__6409_2,6212,6212_6,6409,6409_2,2492,31,12.466666666666697,17:50:59,17:59:58,17
6212_6__6409_2,6212,6212_6,6409,6409_2,3284,35,12.366666666666788,17:50:59,17:59:58,17
6212_6__6409_2,6212,6212_6,6409,6409_2,3282,36,12.766666666666652,17:50:59,17:59:58,17
6212_6__6409_2,6212,6212_6,6409,6409_2,2583,37,12.933333333333394,17:50:59,17:59:58,17
6212_6__6409_2,6212,6212_6,6409,6409_2,603,39,11.599999999999909,17:50:59,17:59:58,17
6212_7__6409_3,6212,6212_7,6409,6409_3,3797,1,16.0,20:23:59,20:39:59,20
6212_7__6409_3,6212,6212_7,6409,6409_3,2984,2,16.666666666666515,20:23:59,20:39:59,20
6212_7__6409_3,6212,6212_7,6409,6409_3,2685,3,16.799999999999955,20:23:59,20:39:59,20
6212_7__6409_3,6212,6212_7,6409,6409_3,3649,4,17.600000000000136,20:23:59,20:39:59,20
6212_7__6409_3,6212,6212_7,6409,6409_3,3747,5,17.066666666666833,20:23:59,20:39:59,20
6212_7__6409_3,6212,6212_7,6409,6409_3,482,6,17.600000000000136,20:23:59,20:39:59,20
6212_7__6409_3,6212,6212_7,6409,6409_3,709,7,17.23333333333335,20:23:59,20:39:59,20
6212_7__6409_3,6212,6212_7,6409,6409_3,1577,8,17.450000000000045,20:23:59,20:39:59,20
6212_7__6409_3,6212,6212_7,6409,6409_3,990,9,18.616666666666788,20:23:59,20:39:59,20
6212_7__6409_3,6212,6212_7,6409,6409_3,109,10,18.61666666666656,20:23:59,20:39:59,20
6212_7__6409_3,6212,6212_7,6409,6409_3,396,11,17.916666666666515,20:23:59,20:39:59,20
6212_7__6409_3,6212,6212_7,6409,6409_3,1253,12,19.333333333333258,20:23:59,20:39:59,20
6212_7__6409_3,6212,6212_7,6409,6409_3,1554,13,18.300000000000182,20:23:59,20:39:59,20
6212_7__6409_3,6212,6212_7,6409,6409_3,1099,14,17.566666666666606,20:23:59,20:39:59,20
6212_7__6409_3,6212,6212_7,6409,6409_3,168,15,17.966666666666697,20:23:59,20:39:59,20
6212_7__6409_3,6212,6212_7,6409,6409_3,929,16,17.083333333333485,20:23:59,20:39:59,20
6212_7__6409_3,6212,6212_7,6409,6409_3,1089,20,17.84999999999991,20:23:59,20:39:59,20
6212_7__6409_3,6212,6212_7,6409,6409_3,213,21,18.25,20:23:59,20:39:59,20
6212_7__6409_3,6212,6212_7,6409,6409_3,307,25,18.0,20:23:59,20:39:59,20
6212_7__6409_3,6212,6212_7,6409,6409_3,705,29,17.71666666666647,20:23:59,20:39:59,20
6212_7__6409_3,6212,6212_7,6409,6409_3,9979,30,18.049999999999955,20:23:59,20:39:59,20
6212_7__6409_3,6212,6212_7,6409,6409_3,2492,31,18.216666666666697,20:23:59,20:39:59,20
6212_7__6409_3,6212,6212_7,6409,6409_3,327,34,18.316666666666606,20:23:59,20:39:59,20
6212_7__6409_3,6212,6212_7,6409,6409_3,3284,35,18.01666666666665,20:23:59,20:39:59,20
6212_7__6409_3,6212,6212_7,6409,6409_3,3282,36,15.833333333333485,20:23:59,20:39:59,20
6212_7__6409_3,6212,6212_7,6409,6409_3,2583,37,15.700000000000045,20:23:59,20:39:59,20
6212_7__6409_3,6212,6212_7,6409,6409_3,2590,38,15.200000000000045,20:23:59,20:39:59,20
6212_7__6409_3,6212,6212_7,6409,6409_3,603,39,16.53333333333353,20:23:59,20:39:59,20
6400_2__6212_2,6400,6400_2,6212,6212_2,3797,1,8.0,05:47:30,05:55:30,5
6400_2__6212_2,6400,6400_2,6212,6212_2,2984,2,8.96666666666664,05:47:30,05:55:30,5
6400_2__6212_2,6400,6400_2,6212,6212_2,2685,3,8.600000000000023,05:47:30,05:55:30,5
6400_2__6212_2,6400,6400_2,6212,6212_2,3649,4,10.06666666666672,05:47:30,05:55:30,5
6400_2__6212_2,6400,6400_2,6212,6212_2,3747,5,9.766666666666708,05:47:30,05:55:30,5
6400_2__6212_2,6400,6400_2,6212,6212_2,482,6,9.199999999999989,05:47:30,05:55:30,5
6400_2__6212_2,6400,6400_2,6212,6212_2,709,7,9.533333333333303,05:47:30,05:55:30,5
6400_2__6212_2,6400,6400_2,6212,6212_2,1577,8,10.016666666666652,05:47:30,05:55:30,5
6400_2__6212_2,6400,6400_2,6212,6212_2,990,9,9.75,05:47:30,05:55:30,5
6400_2__6212_2,6400,6400_2,6212,6212_2,109,10,9.399999999999977,05:47:30,05:55:30,5
6400_2__6212_2,6400,6400_2,6212,6212_2,396,11,10.0,05:47:30,05:55:30,5
6400_2__6212_2,6400,6400_2,6212,6212_2,1253,12,9.699999999999989,05:47:30,05:55:30,5
6400_2__6212_2,6400,6400_2,6212,6212_2,1554,13,10.866666666666674,05:47:30,05:55:30,5
6400_2__6212_2,6400,6400_2,6212,6212_2,1099,14,11.71666666666664,05:47:30,05:55:30,5
6400_2__6212_2,6400,6400_2,6212,6212_2,168,15,12.25,05:47:30,05:55:30,5
6400_2__6212_2,6400,6400_2,6212,6212_2,929,16,12.516666666666652,05:47:30,05:55:30,5
6400_2__6212_2,6400,6400_2,6212,6212_2,94,17,12.833333333333314,05:47:30,05:55:30,5
6400_2__6212_2,6400,6400_2,6212,6212_2,1080,18,12.916666666666629,05:47:30,05:55:30,5
6400_2__6212_2,6400,6400_2,6212,6212_2,146,19,12.799999999999955,05:47:30,05:55:30,5
6400_2__6212_2,6400,6400_2,6212,6212_2,1089,20,12.883333333333326,05:47:30,05:55:30,5
6400_2__6212_2,6400,6400_2,6212,6212_2,213,21,12.550000000000011,05:47:30,05:55:30,5
6400_2__6212_2,6400,6400_2,6212,6212_2,3907,22,12.533333333333303,05:47:30,05:55:30,5
6400_2__6212_2,6400,6400_2,6212,6212_2,949,23,13.149999999999977,05:47:30,05:55:30,5
6400_2__6212_2,6400,6400_2,6212,6212_2,913,24,13.166666666666629,05:47:30,05:55:30,5
6400_2__6212_2,6400,6400_2,6212,6212_2,307,25,13.733333333333292,05:47:30,05:55:30,5
6400_2__6212_2,6400,6400_2,6212,6212_2,212,26,13.216666666666697,05:47:30,05:55:30,5
6400_2__6212_2,6400,6400_2,6212,6212_2,2665,27,13.366666666666674,05:47:30,05:55:30,5
6400_2__6212_2,6400,6400_2,6212,6212_2,2736,28,12.600000000000023,05:47:30,05:55:30,5
6400_2__6212_2,6400,6400_2,6212,6212_2,705,29,12.266666666666708,05:47:30,05:55:30,5
6400_2__6212_2,6400,6400_2,6212,6212_2,9979,30,11.083333333333314,05:47:30,05:55:30,5
6400_2__6212_2,6400,6400_2,6212,6212_2,2492,31,10.31666666666672,05:47:30,05:55:30,5
6400_2__6212_2,6400,6400_2,6212,6212_2,946,32,10.699999999999989,05:47:30,05:55:30,5
6400_2__6212_2,6400,6400_2,6212,6212_2,947,33,10.516666666666652,05:47:30,05:55:30,5
6400_2__6212_2,6400,6400_2,6212,6212_2,327,34,11.433333333333337,05:47:30,05:55:30,5
6400_2__6212_2,6400,6400_2,6212,6212_2,3284,35,11.383333333333326,05:47:30,05:55:30,5
6400_2__6212_2,6400,6400_2,6212,6212_2,3282,36,11.133333333333326,05:47:30,05:55:30,5
6400_2__6212_2,6400,6400_2,6212,6212_2,2583,37,12.350000000000023,05:47:30,05:55:30,5
6400_2__6212_2,6400,6400_2,6212,6212_2,2590,38,11.616666666666674,05:47:30,05:55:30,5
6400_2__6212_2,6400,6400_2,6212,6212_2,603,39,11.733333333333292,05:47:30,05:55:30,5
6400_3__6212_3,6400,6400_3,6212,6212_3,3797,1,7.0,08:46:29,08:53:29,8
6400_3__6212_3,6400,6400_3,6212,6212_3,2984,2,8.450000000000045,08:46:29,08:53:29,8
6400_3__6212_3,6400,6400_3,6212,6212_3,2685,3,6.966666666666583,08:46:29,08:53:29,8
6400_3__6212_3,6400,6400_3,6212,6212_3,3649,4,7.0166666666666515,08:46:29,08:53:29,8
6400_3__6212_3,6400,6400_3,6212,6212_3,3747,5,6.5166666666666515,08:46:29,08:53:29,8
6400_3__6212_3,6400,6400_3,6212,6212_3,482,6,6.06666666666672,08:46:29,08:53:29,8
6400_3__6212_3,6400,6400_3,6212,6212_3,709,7,6.166666666666629,08:46:29,08:53:29,8
6400_3__6212_3,6400,6400_3,6212,6212_3,1577,8,7.0499999999999545,08:46:29,08:53:29,8
6400_3__6212_3,6400,6400_3,6212,6212_3,990,9,6.183333333333394,08:46:29,08:53:29,8
6400_3__6212_3,6400,6400_3,6212,6212_3,109,10,5.5166666666666515,08:46:29,08:53:29,8
6400_3__6212_3,6400,6400_3,6212,6212_3,396,11,5.716666666666583,08:46:29,08:53:29,8
6400_3__6212_3,6400,6400_3,6212,6212_3,1253,12,6.43333333333328,08:46:29,08:53:29,8
6400_3__6212_3,6400,6400_3,6212,6212_3,1554,13,6.68333333333328,08:46:29,08:53:29,8
6400_3__6212_3,6400,6400_3,6212,6212_3,1099,14,6.183333333333394,08:46:29,08:53:29,8
6400_3__6212_3,6400,6400_3,6212,6212_3,168,15,5.566666666666606,08:46:29,08:53:29,8
6400_3__6212_3,6400,6400_3,6212,6212_3,929,16,6.333333333333371,08:46:29,08:53:29,8
6400_3__6212_3,6400,6400_3,6212,6212_3,94,17,6.06666666666672,08:46:29,08:53:29,8
6400_3__6212_3,6400,6400_3,6212,6212_3,1080,18,6.583333333333371,08:46:29,08:53:29,8
6400_3__6212_3,6400,6400_3,6212,6212_3,146,19,5.7000000000000455,08:46:29,08:53:29,8
6400_3__6212_3,6400,6400_3,6212,6212_3,1089,20,5.5166666666666515,08:46:29,08:53:29,8
6400_3__6212_3,6400,6400_3,6212,6212_3,3907,22,7.0499999999999545,08:46:29,08:53:29,8
6400_3__6212_3,6400,6400_3,6212,6212_3,949,23,6.850000000000023,08:46:29,08:53:29,8
6400_3__6212_3,6400,6400_3,6212,6212_3,913,24,6.483333333333235,08:46:29,08:53:29,8
6400_3__6212_3,6400,6400_3,6212,6212_3,307,25,6.600000000000023,08:46:29,08:53:29,8
6400_3__6212_3,6400,6400_3,6212,6212_3,212,26,6.133333333333326,08:46:29,08:53:29,8
6400_3__6212_3,6400,6400_3,6212,6212_3,2665,27,6.0,08:46:29,08:53:29,8
6400_3__6212_3,6400,6400_3,6212,6212_3,2736,28,6.81666666666672,08:46:29,08:53:29,8
6400_3__6212_3,6400,6400_3,6212,6212_3,705,29,6.2000000000000455,08:46:29,08:53:29,8
6400_3__6212_3,6400,6400_3,6212,6212_3,9979,30,5.833333333333371,08:46:29,08:53:29,8
6400_3__6212_3,6400,6400_3,6212,6212_3,2492,31,5.2999999999999545,08:46:29,08:53:29,8
6400_3__6212_3,6400,6400_3,6212,6212_3,946,32,6.883333333333326,08:46:29,08:53:29,8
6400_3__6212_3,6400,6400_3,6212,6212_3,947,33,6.883333333333326,08:46:29,08:53:29,8
6400_3__6212_3,6400,6400_3,6212,6212_3,327,34,6.5166666666666515,08:46:29,08:53:29,8
6400_3__6212_3,6400,6400_3,6212,6212_3,3284,35,7.4833333333333485,08:46:29,08:53:29,8
6400_3__6212_3,6400,6400_3,6212,6212_3,3282,36,8.083333333333258,08:46:29,08:53:29,8
6400_3__6212_3,6400,6400_3,6212,6212_3,2583,37,6.800000000000068,08:46:29,08:53:29,8
6400_3__6212_3,6400,6400_3,6212,6212_3,2590,38,6.583333333333371,08:46:29,08:53:29,8
6400_3__6212_3,6400,6400_3,6212,6212_3,603,39,5.9833333333333485,08:46:29,08:53:29,8
6400_4__6212_4,6400,6400_4,6212,6212_4,3797,1,8.0,11:45:58,11:53:58,11
6400_4__6212_4,6400,6400_4,6212,6212_4,2984,2,8.81666666666672,11:45:58,11:53:58,11
6400_4__6212_4,6400,6400_4,6212,6212_4,2685,3,10.016666666666652,11:45:58,11:53:58,11
6400_4__6212_4,6400,6400_4,6212,6212_4,3649,4,11.199999999999932,11:45:58,11:53:58,11
6400_4__6212_4,6400,6400_4,6212,6212_4,3747,5,11.5,11:45:58,11:53:58,11
6400_4__6212_4,6400,6400_4,6212,6212_4,482,6,11.016666666666652,11:45:58,11:53:58,11
6400_4__6212_4,6400,6400_4,6212,6212_4,709,7,11.25,11:45:58,11:53:58,11
6400_4__6212_4,6400,6400_4,6212,6212_4,1577,8,10.75,11:45:58,11:53:58,11
6400_4__6212_4,6400,6400_4,6212,6212_4,990,9,11.483333333333348,11:45:58,11:53:58,11
6400_4__6212_4,6400,6400_4,6212,6212_4,109,10,10.18333333333328,11:45:58,11:53:58,11
6400_4__6212_4,6400,6400_4,6212,6212_4,396,11,9.449999999999932,11:45:58,11:53:58,11
6400_4__6212_4,6400,6400_4,6212,6212_4,1253,12,9.600000000000023,11:45:58,11:53:58,11
6400_4__6212_4,6400,6400_4,6212,6212_4,1554,13,9.649999999999977,11:45:58,11:53:58,11
6400_4__6212_4,6400,6400_4,6212,6212_4,1099,14,9.216666666666697,11:45:58,11:53:58,11
6400_4__6212_4,6400,6400_4,6212,6212_4,168,15,8.75,11:45:58,11:53:58,11
6400_4__6212_4,6400,6400_4,6212,6212_4,929,16,9.766666666666652,11:45:58,11:53:58,11
6400_4__6212_4,6400,6400_4,6212,6212_4,94,17,9.316666666666606,11:45:58,11:53:58,11
6400_4__6212_4,6400,6400_4,6212,6212_4,1080,18,9.700000000000045,11:45:58,11:53:58,11
6400_4__6212_4,6400,6400_4,6212,6212_4,146,19,9.583333333333371,11:45:58,11:53:58,11
6400_4__6212_4,6400,6400_4,6212,6212_4,1089,20,8.883333333333326,11:45:58,11:53:58,11
6400_4__6212_4,6400,6400_4,6212,6212_4,213,21,11.233333333333348,11:45:58,11:53:58,11
6400_4__6212_4,6400,6400_4,6212,6212_4,3907,22,11.149999999999977,11:45:58,11:53:58,11
6400_4__6212_4,6400,6400_4,6212,6212_4,949,23,10.200000000000045,11:45:58,11:53:58,11
6400_4__6212_4,6400,6400_4,6212,6212_4,913,24,10.666666666666629,11:45:58,11:53:58,11
6400_4__6212_4,6400,6400_4,6212,6212_4,307,25,10.766666666666652,11:45:58,11:53:58,11
6400_4__6212_4,6400,6400_4,6212,6212_4,212,26,9.649999999999977,11:45:58,11:53:58,11
6400_4__6212_4,6400,6400_4,6212,6212_4,2665,27,10.883333333333326,11:45:58,11:53:58,11
6400_4__6212_4,6400,6400_4,6212,6212_4,2736,28,11.0,11:45:58,11:53:58,11
6400_4__6212_4,6400,6400_4,6212,6212_4,9979,30,9.966666666666697,11:45:58,11:53:58,11
6400_4__6212_4,6400,6400_4,6212,6212_4,2492,31,10.483333333333235,11:45:58,11:53:58,11
6400_4__6212_4,6400,6400_4,6212,6212_4,946,32,9.933333333333394,11:45:58,11:53:58,11
6400_4__6212_4,6400,6400_4,6212,6212_4,947,33,9.600000000000023,11:45:58,11:53:58,11
6400_4__6212_4,6400,6400_4,6212,6212_4,327,34,10.0,11:45:58,11:53:58,11
6400_4__6212_4,6400,6400_4,6212,6212_4,3284,35,11.81666666666672,11:45:58,11:53:58,11
6400_4__6212_4,6400,6400_4,6212,6212_4,3282,36,11.550000000000068,11:45:58,11:53:58,11
6400_4__6212_4,6400,6400_4,6212,6212_4,2583,37,12.75,11:45:58,11:53:58,11
6400_4__6212_4,6400,6400_4,6212,6212_4,2590,38,12.666666666666629,11:45:58,11:53:58,11
6400_4__6212_4,6400,6400_4,6212,6212_4,603,39,12.716666666666697,11:45:58,11:53:58,11
6400_5__6212_5,6400,6400_5,6212,6212_5,3797,1,7.9833333333333485,14:43:59,14:51:58,14
6400_5__6212_5,6400,6400_5,6212,6212_5,2984,2,7.433333333333394,14:43:59,14:51:58,14
6400_5__6212_5,6400,6400_5,6212,6212_5,2685,3,7.699999999999932,14:43:59,14:51:58,14
6400_5__6212_5,6400,6400_5,6212,6212_5,3649,4,8.149999999999977,14:43:59,14:51:58,14
6400_5__6212_5,6400,6400_5,6212,6212_5,3747,5,7.833333333333371,14:43:59,14:51:58,14
6400_5__6212_5,6400,6400_5,6212,6212_5,482,6,8.116666666666674,14:43:59,14:51:58,14
6400_5__6212_5,6400,6400_5,6212,6212_5,709,7,7.866666666666674,14:43:59,14:51:58,14
6400_5__6212_5,6400,6400_5,6212,6212_5,1577,8,8.25,14:43:59,14:51:58,14
6400_5__6212_5,6400,6400_5,6212,6212_5,990,9,8.583333333333371,14:43:59,14:51:58,14
6400_5__6212_5,6400,6400_5,6212,6212_5,109,10,8.649999999999977,14:43:59,14:51:58,14
6400_5__6212_5,6400,6400_5,6212,6212_5,396,11,9.18333333333328,14:43:59,14:51:58,14
6400_5__6212_5,6400,6400_5,6212,6212_5,1253,12,8.5,14:43:59,14:51:58,14
6400_5__6212_5,6400,6400_5,6212,6212_5,1554,13,8.25,14:43:59,14:51:58,14
6400_5__6212_5,6400,6400_5,6212,6212_5,1099,14,9.25,14:43:59,14:51:58,14
6400_5__6212_5,6400,6400_5,6212,6212_5,168,15,9.516666666666652,14:43:59,14:51:58,14
6400_5__6212_5,6400,6400_5,6212,6212_5,929,16,9.5,14:43:59,14:51:58,14
6400_5__6212_5,6400,6400_5,6212,6212_5,94,17,11.200000000000045,14:43:59,14:51:58,14
6400_5__6212_5,6400,6400_5,6212,6212_5,1080,18,11.25,14:43:59,14:51:58,14
6400_5__6212_5,6400,6400_5,6212,6212_5,146,19,10.899999999999977,14:43:59,14:51:58,14
6400_5__6212_5,6400,6400_5,6212,6212_5,1089,20,12.866666666666674,14:43:59,14:51:58,14
6400_5__6212_5,6400,6400_5,6212,6212_5,213,21,11.649999999999977,14:43:59,14:51:58,14
6400_5__6212_5,6400,6400_5,6212,6212_5,3907,22,12.266666666666652,14:43:59,14:51:58,14
6400_5__6212_5,6400,6400_5,6212,6212_5,949,23,12.383333333333326,14:43:59,14:51:58,14
6400_5__6212_5,6400,6400_5,6212,6212_5,913,24,12.816666666666606,14:43:59,14:51:58,14
6400_5__6212_5,6400,6400_5,6212,6212_5,307,25,12.68333333333328,14:43:59,14:51:58,14
6400_5__6212_5,6400,6400_5,6212,6212_5,212,26,11.483333333333348,14:43:59,14:51:58,14
6400_5__6212_5,6400,6400_5,6212,6212_5,2665,27,12.75,14:43:59,14:51:58,14
6400_5__6212_5,6400,6400_5,6212,6212_5,2736,28,12.466666666666583,14:43:59,14:51:58,14
6400_5__6212_5,6400,6400_5,6212,6212_5,705,29,10.366666666666674,14:43:59,14:51:58,14
6400_5__6212_5,6400,6400_5,6212,6212_5,9979,30,10.0,14:43:59,14:51:58,14
6400_5__6212_5,6400,6400_5,6212,6212_5,2492,31,9.166666666666742,14:43:59,14:51:58,14
6400_5__6212_5,6400,6400_5,6212,6212_5,946,32,8.799999999999955,14:43:59,14:51:58,14
6400_5__6212_5,6400,6400_5,6212,6212_5,947,33,10.916666666666629,14:43:59,14:51:58,14
6400_5__6212_5,6400,6400_5,6212,6212_5,327,34,9.899999999999977,14:43:59,14:51:58,14
6400_5__6212_5,6400,6400_5,6212,6212_5,3284,35,9.56666666666672,14:43:59,14:51:58,14
6400_5__6212_5,6400,6400_5,6212,6212_5,3282,36,9.066666666666606,14:43:59,14:51:58,14
6400_5__6212_5,6400,6400_5,6212,6212_5,2583,37,8.483333333333235,14:43:59,14:51:58,14
6400_5__6212_5,6400,6400_5,6212,6212_5,2590,38,8.25,14:43:59,14:51:58,14
6400_5__6212_5,6400,6400_5,6212,6212_5,603,39,9.566666666666606,14:43:59,14:51:58,14
6400_6__6212_6,6400,6400_6,6212,6212_6,3797,1,8.0,17:42:59,17:50:59,17
6400_6__6212_6,6400,6400_6,6212,6212_6,2984,2,8.21666666666647,17:42:59,17:50:59,17
6400_6__6212_6,6400,6400_6,6212,6212_6,2685,3,8.416666666666742,17:42:59,17:50:59,17
6400_6__6212_6,6400,6400_6,6212,6212_6,3649,4,9.116666666666788,17:42:59,17:50:59,17
6400_6__6212_6,6400,6400_6,6212,6212_6,3747,5,10.03333333333353,17:42:59,17:50:59,17
6400_6__6212_6,6400,6400_6,6212,6212_6,482,6,9.933333333333394,17:42:59,17:50:59,17
6400_6__6212_6,6400,6400_6,6212,6212_6,709,7,10.016666666666652,17:42:59,17:50:59,17
6400_6__6212_6,6400,6400_6,6212,6212_6,1577,8,11.366666666666788,17:42:59,17:50:59,17
6400_6__6212_6,6400,6400_6,6212,6212_6,990,9,10.549999999999955,17:42:59,17:50:59,17
6400_6__6212_6,6400,6400_6,6212,6212_6,109,10,10.433333333333394,17:42:59,17:50:59,17
6400_6__6212_6,6400,6400_6,6212,6212_6,396,11,9.86666666666656,17:42:59,17:50:59,17
6400_6__6212_6,6400,6400_6,6212,6212_6,1253,12,9.733333333333348,17:42:59,17:50:59,17
6400_6__6212_6,6400,6400_6,6212,6212_6,1554,13,10.849999999999909,17:42:59,17:50:59,17
6400_6__6212_6,6400,6400_6,6212,6212_6,1099,14,9.316666666666606,17:42:59,17:50:59,17
6400_6__6212_6,6400,6400_6,6212,6212_6,168,15,9.950000000000045,17:42:59,17:50:59,17
6400_6__6212_6,6400,6400_6,6212,6212_6,929,16,9.583333333333485,17:42:59,17:50:59,17
6400_6__6212_6,6400,6400_6,6212,6212_6,94,17,8.833333333333258,17:42:59,17:50:59,17
6400_6__6212_6,6400,6400_6,6212,6212_6,1080,18,9.433333333333394,17:42:59,17:50:59,17
6400_6__6212_6,6400,6400_6,6212,6212_6,146,19,10.333333333333485,17:42:59,17:50:59,17
6400_6__6212_6,6400,6400_6,6212,6212_6,1089,20,11.200000000000045,17:42:59,17:50:59,17
6400_6__6212_6,6400,6400_6,6212,6212_6,213,21,11.61666666666656,17:42:59,17:50:59,17
6400_6__6212_6,6400,6400_6,6212,6212_6,3907,22,11.233333333333348,17:42:59,17:50:59,17
6400_6__6212_6,6400,6400_6,6212,6212_6,949,23,12.566666666666606,17:42:59,17:50:59,17
6400_6__6212_6,6400,6400_6,6212,6212_6,913,24,12.416666666666515,17:42:59,17:50:59,17
6400_6__6212_6,6400,6400_6,6212,6212_6,307,25,12.083333333333258,17:42:59,17:50:59,17
6400_6__6212_6,6400,6400_6,6212,6212_6,212,26,12.88333333333344,17:42:59,17:50:59,17
6400_6__6212_6,6400,6400_6,6212,6212_6,2665,27,12.533333333333303,17:42:59,17:50:59,17
6400_6__6212_6,6400,6400_6,6212,6212_6,2736,28,11.933333333333394,17:42:59,17:50:59,17
6400_6__6212_6,6400,6400_6,6212,6212_6,705,29,10.433333333333394,17:42:59,17:50:59,17
6400_6__6212_6,6400,6400_6,6212,6212_6,9979,30,10.683333333333167,17:42:59,17:50:59,17
6400_6__6212_6,6400,6400_6,6212,6212_6,2492,31,11.549999999999955,17:42:59,17:50:59,17
6400_6__6212_6,6400,6400_6,6212,6212_6,946,32,12.833333333333258,17:42:59,17:50:59,17
6400_6__6212_6,6400,6400_6,6212,6212_6,947,33,12.300000000000182,17:42:59,17:50:59,17
6400_6__6212_6,6400,6400_6,6212,6212_6,327,34,12.216666666666697,17:42:59,17:50:59,17
6400_6__6212_6,6400,6400_6,6212,6212_6,3284,35,10.916666666666742,17:42:59,17:50:59,17
6400_6__6212_6,6400,6400_6,6212,6212_6,3282,36,9.799999999999955,17:42:59,17:50:59,17
6400_6__6212_6,6400,6400_6,6212,6212_6,2583,37,8.86666666666656,17:42:59,17:50:59,17
6400_6__6212_6,6400,6400_6,6212,6212_6,2590,38,8.333333333333258,17:42:59,17:50:59,17
6400_6__6212_6,6400,6400_6,6212,6212_6,603,39,9.200000000000045,17:42:59,17:50:59,17
6401_1__6402_2,6401,6401_1,6402,6402_2,3797,1,8.0,06:02:30,06:10:30,6
6401_1__6402_2,6401,6401_1,6402,6402_2,2984,2,7.31666666666672,06:02:30,06:10:30,6
6401_1__6402_2,6401,6401_1,6402,6402_2,2685,3,6.75,06:02:30,06:10:30,6
6401_1__6402_2,6401,6401_1,6402,6402_2,3649,4,6.083333333333371,06:02:30,06:10:30,6
6401_1__6402_2,6401,6401_1,6402,6402_2,3747,5,6.333333333333314,06:02:30,06:10:30,6
6401_1__6402_2,6401,6401_1,6402,6402_2,482,6,6.199999999999989,06:02:30,06:10:30,6
6401_1__6402_2,6401,6401_1,6402,6402_2,709,7,6.433333333333337,06:02:30,06:10:30,6
6401_1__6402_2,6401,6401_1,6402,6402_2,1577,8,5.150000000000034,06:02:30,06:10:30,6
6401_1__6402_2,6401,6401_1,6402,6402_2,990,9,5.7666666666666515,06:02:30,06:10:30,6
6401_1__6402_2,6401,6401_1,6402,6402_2,109,10,6.4833333333333485,06:02:30,06:10:30,6
6401_1__6402_2,6401,6401_1,6402,6402_2,396,11,6.566666666666663,06:02:30,06:10:30,6
6401_1__6402_2,6401,6401_1,6402,6402_2,1253,12,6.166666666666686,06:02:30,06:10:30,6
6401_1__6402_2,6401,6401_1,6402,6402_2,1554,13,5.9833333333333485,06:02:30,06:10:30,6
6401_1__6402_2,6401,6401_1,6402,6402_2,1099,14,6.050000000000011,06:02:30,06:10:30,6
6401_1__6402_2,6401,6401_1,6402,6402_2,168,15,7.566666666666663,06:02:30,06:10:30,6
6401_1__6402_2,6401,6401_1,6402,6402_2,929,16,8.516666666666652,06:02:30,06:10:30,6
6401_1__6402_2,6401,6401_1,6402,6402_2,94,17,7.583333333333314,06:02:30,06:10:30,6
6401_1__6402_2,6401,6401_1,6402,6402_2,1080,18,8.649999999999977,06:02:30,06:10:30,6
6401_1__6402_2,6401,6401_1,6402,6402_2,146,19,9.266666666666652,06:02:30,06:10:30,6
6401_1__6402_2,6401,6401_1,6402,6402_2,1089,20,9.199999999999989,06:02:30,06:10:30,6
6401_1__6402_2,6401,6401_1,6402,6402_2,213,21,9.966666666666697,06:02:30,06:10:30,6
6401_1__6402_2,6401,6401_1,6402,6402_2,3907,22,9.600000000000023,06:02:30,06:10:30,6
6401_1__6402_2,6401,6401_1,6402,6402_2,949,23,9.5,06:02:30,06:10:30,6
6401_1__6402_2,6401,6401_1,6402,6402_2,913,24,9.133333333333383,06:02:30,06:10:30,6
6401_1__6402_2,6401,6401_1,6402,6402_2,307,25,9.350000000000023,06:02:30,06:10:30,6
6401_1__6402_2,6401,6401_1,6402,6402_2,212,26,9.300000000000011,06:02:30,06:10:30,6
6401_1__6402_2,6401,6401_1,6402,6402_2,2665,27,9.066666666666663,06:02:30,06:10:30,6
6401_1__6402_2,6401,6401_1,6402,6402_2,2736,28,9.099999999999966,06:02:30,06:10:30,6
6401_1__6402_2,6401,6401_1,6402,6402_2,705,29,9.566666666666663,06:02:30,06:10:30,6
6401_1__6402_2,6401,6401_1,6402,6402_2,9979,30,8.666666666666686,06:02:30,06:10:30,6
6401_1__6402_2,6401,6401_1,6402,6402_2,2492,31,9.166666666666629,06:02:30,06:10:30,6
6401_1__6402_2,6401,6401_1,6402,6402_2,946,32,8.783333333333303,06:02:30,06:10:30,6
6401_1__6402_2,6401,6401_1,6402,6402_2,947,33,7.333333333333314,06:02:30,06:10:30,6
6401_1__6402_2,6401,6401_1,6402,6402_2,327,34,8.216666666666697,06:02:30,06:10:30,6
6401_1__6402_2,6401,6401_1,6402,6402_2,3284,35,7.616666666666674,06:02:30,06:10:30,6
6401_1__6402_2,6401,6401_1,6402,6402_2,3282,36,6.333333333333371,06:02:30,06:10:30,6
6401_1__6402_2,6401,6401_1,6402,6402_2,2583,37,6.283333333333303,06:02:30,06:10:30,6
6401_1__6402_2,6401,6401_1,6402,6402_2,2590,38,6.616666666666674,06:02:30,06:10:30,6
6401_1__6402_2,6401,6401_1,6402,6402_2,603,39,7.050000000000011,06:02:30,06:10:30,6
6401_2__6402_3,6401,6401_2,6402,6402_3,3797,1,8.0,09:02:30,09:10:30,9
6401_2__6402_3,6401,6401_2,6402,6402_3,2984,2,7.616666666666674,09:02:30,09:10:30,9
6401_2__6402_3,6401,6401_2,6402,6402_3,2685,3,6.75,09:02:30,09:10:30,9
6401_2__6402_3,6401,6401_2,6402,6402_3,3649,4,6.5,09:02:30,09:10:30,9
6401_2__6402_3,6401,6401_2,6402,6402_3,3747,5,6.133333333333326,09:02:30,09:10:30,9
6401_2__6402_3,6401,6401_2,6402,6402_3,482,6,6.7000000000000455,09:02:30,09:10:30,9
6401_2__6402_3,6401,6401_2,6402,6402_3,709,7,7.0,09:02:30,09:10:30,9
6401_2__6402_3,6401,6401_2,6402,6402_3,1577,8,5.066666666666606,09:02:30,09:10:30,9
6401_2__6402_3,6401,6401_2,6402,6402_3,109,10,5.7000000000000455,09:02:30,09:10:30,9
6401_2__6402_3,6401,6401_2,6402,6402_3,396,11,5.4500000000000455,09:02:30,09:10:30,9
6401_2__6402_3,6401,6401_2,6402,6402_3,1253,12,5.5499999999999545,09:02:30,09:10:30,9
6401_2__6402_3,6401,6401_2,6402,6402_3,1554,13,4.866666666666674,09:02:30,09:10:30,9
6401_2__6402_3,6401,6401_2,6402,6402_3,1099,14,4.399999999999977,09:02:30,09:10:30,9
6401_2__6402_3,6401,6401_2,6402,6402_3,168,15,4.566666666666606,09:02:30,09:10:30,9
6401_2__6402_3,6401,6401_2,6402,6402_3,929,16,5.18333333333328,09:02:30,09:10:30,9
6401_2__6402_3,6401,6401_2,6402,6402_3,94,17,4.866666666666674,09:02:30,09:10:30,9
6401_2__6402_3,6401,6401_2,6402,6402_3,1080,18,3.1499999999999773,09:02:30,09:10:30,9
6401_2__6402_3,6401,6401_2,6402,6402_3,146,19,4.616666666666674,09:02:30,09:10:30,9
6401_2__6402_3,6401,6401_2,6402,6402_3,1089,20,4.533333333333417,09:02:30,09:10:30,9
6401_2__6402_3,6401,6401_2,6402,6402_3,213,21,4.68333333333328,09:02:30,09:10:30,9
6401_2__6402_3,6401,6401_2,6402,6402_3,3907,22,5.100000000000023,09:02:30,09:10:30,9
6401_2__6402_3,6401,6401_2,6402,6402_3,949,23,4.0166666666666515,09:02:30,09:10:30,9
6401_2__6402_3,6401,6401_2,6402,6402_3,913,24,3.2000000000000455,09:02:30,09:10:30,9
6401_2__6402_3,6401,6401_2,6402,6402_3,307,25,3.483333333333235,09:02:30,09:10:30,9
6401_2__6402_3,6401,6401_2,6402,6402_3,212,26,4.566666666666606,09:02:30,09:10:30,9
6401_2__6402_3,6401,6401_2,6402,6402_3,2665,27,4.433333333333394,09:02:30,09:10:30,9
6401_2__6402_3,6401,6401_2,6402,6402_3,2736,28,4.2000000000000455,09:02:30,09:10:30,9
6401_2__6402_3,6401,6401_2,6402,6402_3,705,29,3.983333333333235,09:02:30,09:10:30,9
6401_2__6402_3,6401,6401_2,6402,6402_3,9979,30,3.6000000000000227,09:02:30,09:10:30,9
6401_2__6402_3,6401,6401_2,6402,6402_3,2492,31,5.199999999999932,09:02:30,09:10:30,9
6401_2__6402_3,6401,6401_2,6402,6402_3,946,32,4.600000000000023,09:02:30,09:10:30,9
6401_2__6402_3,6401,6401_2,6402,6402_3,947,33,4.316666666666606,09:02:30,09:10:30,9
6401_2__6402_3,6401,6401_2,6402,6402_3,327,34,3.599999999999909,09:02:30,09:10:30,9
6401_2__6402_3,6401,6401_2,6402,6402_3,3284,35,2.6833333333332803,09:02:30,09:10:30,9
6401_2__6402_3,6401,6401_2,6402,6402_3,3282,36,2.5666666666667197,09:02:30,09:10:30,9
6401_2__6402_3,6401,6401_2,6402,6402_3,2583,37,2.3166666666667197,09:02:30,09:10:30,9
6401_2__6402_3,6401,6401_2,6402,6402_3,2590,38,3.4166666666666288,09:02:30,09:10:30,9
6401_2__6402_3,6401,6401_2,6402,6402_3,603,39,4.06666666666672,09:02:30,09:10:30,9
6401_3__6402_4,6401,6401_3,6402,6402_4,3797,1,9.516666666666652,12:01:58,12:11:29,12
6401_3__6402_4,6401,6401_3,6402,6402_4,2984,2,8.299999999999955,12:01:58,12:11:29,12
6401_3__6402_4,6401,6401_3,6402,6402_4,2685,3,8.0,12:01:58,12:11:29,12
6401_3__6402_4,6401,6401_3,6402,6402_4,3649,4,9.150000000000091,12:01:58,12:11:29,12
6401_3__6402_4,6401,6401_3,6402,6402_4,3747,5,9.950000000000045,12:01:58,12:11:29,12
6401_3__6402_4,6401,6401_3,6402,6402_4,482,6,9.783333333333303,12:01:58,12:11:29,12
6401_3__6402_4,6401,6401_3,6402,6402_4,709,7,8.899999999999977,12:01:58,12:11:29,12
6401_3__6402_4,6401,6401_3,6402,6402_4,1577,8,10.950000000000045,12:01:58,12:11:29,12
6401_3__6402_4,6401,6401_3,6402,6402_4,990,9,11.116666666666674,12:01:58,12:11:29,12
6401_3__6402_4,6401,6401_3,6402,6402_4,109,10,13.483333333333348,12:01:58,12:11:29,12
6401_3__6402_4,6401,6401_3,6402,6402_4,396,11,15.483333333333348,12:01:58,12:11:29,12
6401_3__6402_4,6401,6401_3,6402,6402_4,1253,12,13.966666666666583,12:01:58,12:11:29,12
6401_3__6402_4,6401,6401_3,6402,6402_4,1554,13,14.200000000000045,12:01:58,12:11:29,12
6401_3__6402_4,6401,6401_3,6402,6402_4,1099,14,14.133333333333326,12:01:58,12:11:29,12
6401_3__6402_4,6401,6401_3,6402,6402_4,168,15,16.76666666666665,12:01:58,12:11:29,12
6401_3__6402_4,6401,6401_3,6402,6402_4,929,16,15.049999999999955,12:01:58,12:11:29,12
6401_3__6402_4,6401,6401_3,6402,6402_4,94,17,14.816666666666606,12:01:58,12:11:29,12
6401_3__6402_4,6401,6401_3,6402,6402_4,1080,18,15.783333333333303,12:01:58,12:11:29,12
6401_3__6402_4,6401,6401_3,6402,6402_4,146,19,17.100000000000023,12:01:58,12:11:29,12
6401_3__6402_4,6401,6401_3,6402,6402_4,1089,20,16.73333333333335,12:01:58,12:11:29,12
6401_3__6402_4,6401,6401_3,6402,6402_4,213,21,17.23333333333335,12:01:58,12:11:29,12
6401_3__6402_4,6401,6401_3,6402,6402_4,3907,22,17.75,12:01:58,12:11:29,12
6401_3__6402_4,6401,6401_3,6402,6402_4,949,23,17.700000000000045,12:01:58,12:11:29,12
6401_3__6402_4,6401,6401_3,6402,6402_4,913,24,17.98333333333335,12:01:58,12:11:29,12
6401_3__6402_4,6401,6401_3,6402,6402_4,307,25,18.299999999999955,12:01:58,12:11:29,12
6401_3__6402_4,6401,6401_3,6402,6402_4,212,26,18.316666666666606,12:01:58,12:11:29,12
6401_3__6402_4,6401,6401_3,6402,6402_4,705,29,19.283333333333303,12:01:58,12:11:29,12
6401_3__6402_4,6401,6401_3,6402,6402_4,9979,30,21.11666666666656,12:01:58,12:11:29,12
6401_3__6402_4,6401,6401_3,6402,6402_4,2492,31,21.51666666666665,12:01:58,12:11:29,12
6401_3__6402_4,6401,6401_3,6402,6402_4,946,32,21.18333333333328,12:01:58,12:11:29,12
6401_3__6402_4,6401,6401_3,6402,6402_4,947,33,20.066666666666606,12:01:58,12:11:29,12
6401_3__6402_4,6401,6401_3,6402,6402_4,327,34,20.633333333333326,12:01:58,12:11:29,12
6401_3__6402_4,6401,6401_3,6402,6402_4,3284,35,20.31666666666672,12:01:58,12:11:29,12
6401_3__6402_4,6401,6401_3,6402,6402_4,3282,36,19.316666666666606,12:01:58,12:11:29,12
6401_3__6402_4,6401,6401_3,6402,6402_4,2583,37,18.333333333333258,12:01:58,12:11:29,12
6401_3__6402_4,6401,6401_3,6402,6402_4,2590,38,18.59999999999991,12:01:58,12:11:29,12
6401_3__6402_4,6401,6401_3,6402,6402_4,603,39,18.933333333333394,12:01:58,12:11:29,12
6401_4__6027_4,6401,6401_4,6027,6027_4,3797,1,16.01666666666665,15:07:58,15:23:59,15
6401_4__6027_4,6401,6401_4,6027,6027_4,2984,2,16.033333333333303,15:07:58,15:23:59,15
6401_4__6027_4,6401,6401_4,6027,6027_4,2685,3,14.649999999999977,15:07:58,15:23:59,15
6401_4__6027_4,6401,6401_4,6027,6027_4,3649,4,14.25,15:07:58,15:23:59,15
6401_4__6027_4,6401,6401_4,6027,6027_4,3747,5,14.166666666666629,15:07:58,15:23:59,15
6401_4__6027_4,6401,6401_4,6027,6027_4,482,6,14.666666666666629,15:07:58,15:23:59,15
6401_4__6027_4,6401,6401_4,6027,6027_4,709,7,13.93333333333328,15:07:58,15:23:59,15
6401_4__6027_4,6401,6401_4,6027,6027_4,1577,8,12.56666666666672,15:07:58,15:23:59,15
6401_4__6027_4,6401,6401_4,6027,6027_4,990,9,13.283333333333303,15:07:58,15:23:59,15
6401_4__6027_4,6401,6401_4,6027,6027_4,109,10,13.416666666666629,15:07:58,15:23:59,15
6401_4__6027_4,6401,6401_4,6027,6027_4,396,11,13.166666666666629,15:07:58,15:23:59,15
6401_4__6027_4,6401,6401_4,6027,6027_4,1253,12,12.483333333333348,15:07:58,15:23:59,15
6401_4__6027_4,6401,6401_4,6027,6027_4,1554,13,12.699999999999932,15:07:58,15:23:59,15
6401_4__6027_4,6401,6401_4,6027,6027_4,1099,14,12.333333333333371,15:07:58,15:23:59,15
6401_4__6027_4,6401,6401_4,6027,6027_4,168,15,11.516666666666652,15:07:58,15:23:59,15
6401_4__6027_4,6401,6401_4,6027,6027_4,929,16,10.383333333333326,15:07:58,15:23:59,15
6401_4__6027_4,6401,6401_4,6027,6027_4,94,17,11.683333333333394,15:07:58,15:23:59,15
6401_4__6027_4,6401,6401_4,6027,6027_4,1080,18,12.100000000000023,15:07:58,15:23:59,15
6401_4__6027_4,6401,6401_4,6027,6027_4,146,19,11.316666666666606,15:07:58,15:23:59,15
6401_4__6027_4,6401,6401_4,6027,6027_4,1089,20,9.86666666666656,15:07:58,15:23:59,15
6401_4__6027_4,6401,6401_4,6027,6027_4,213,21,9.866666666666674,15:07:58,15:23:59,15
6401_4__6027_4,6401,6401_4,6027,6027_4,3907,22,9.533333333333303,15:07:58,15:23:59,15
6401_4__6027_4,6401,6401_4,6027,6027_4,949,23,8.18333333333328,15:07:58,15:23:59,15
6401_4__6027_4,6401,6401_4,6027,6027_4,913,24,7.583333333333371,15:07:58,15:23:59,15
6401_4__6027_4,6401,6401_4,6027,6027_4,307,25,7.399999999999977,15:07:58,15:23:59,15
6401_4__6027_4,6401,6401_4,6027,6027_4,212,26,7.7999999999999545,15:07:58,15:23:59,15
6401_4__6027_4,6401,6401_4,6027,6027_4,2665,27,7.183333333333394,15:07:58,15:23:59,15
6401_4__6027_4,6401,6401_4,6027,6027_4,2736,28,7.616666666666674,15:07:58,15:23:59,15
6401_4__6027_4,6401,6401_4,6027,6027_4,705,29,7.56666666666672,15:07:58,15:23:59,15
6401_4__6027_4,6401,6401_4,6027,6027_4,9979,30,7.699999999999932,15:07:58,15:23:59,15
6401_4__6027_4,6401,6401_4,6027,6027_4,2492,31,7.399999999999977,15:07:58,15:23:59,15
6401_4__6027_4,6401,6401_4,6027,6027_4,946,32,7.9166666666667425,15:07:58,15:23:59,15
6401_4__6027_4,6401,6401_4,6027,6027_4,947,33,8.216666666666697,15:07:58,15:23:59,15
6401_4__6027_4,6401,6401_4,6027,6027_4,327,34,8.266666666666652,15:07:58,15:23:59,15
6401_4__6027_4,6401,6401_4,6027,6027_4,3284,35,8.0,15:07:58,15:23:59,15
6401_4__6027_4,6401,6401_4,6027,6027_4,3282,36,8.016666666666652,15:07:58,15:23:59,15
6401_4__6027_4,6401,6401_4,6027,6027_4,2583,37,7.9500000000000455,15:07:58,15:23:59,15
6401_4__6027_4,6401,6401_4,6027,6027_4,2590,38,8.600000000000023,15:07:58,15:23:59,15
6401_4__6027_4,6401,6401_4,6027,6027_4,603,39,8.450000000000045,15:07:58,15:23:59,15
6402_1__6200_1,6402,6402_1,6200,6200_1,2984,2,10.283333333333331,03:36:31,03:46:48,3
6402_1__6200_1,6402,6402_1,6200,6200_1,2685,3,9.383333333333326,03:36:31,03:46:48,3
6402_1__6200_1,6402,6402_1,6200,6200_1,3649,4,9.316666666666663,03:36:31,03:46:48,3
6402_1__6200_1,6402,6402_1,6200,6200_1,3747,5,9.833333333333314,03:36:31,03:46:48,3
6402_1__6200_1,6402,6402_1,6200,6200_1,482,6,9.116666666666674,03:36:31,03:46:48,3
6402_1__6200_1,6402,6402_1,6200,6200_1,709,7,9.400000000000006,03:36:31,03:46:48,3
6402_1__6200_1,6402,6402_1,6200,6200_1,1577,8,9.450000000000017,03:36:31,03:46:48,3
6402_1__6200_1,6402,6402_1,6200,6200_1,990,9,8.316666666666663,03:36:31,03:46:48,3
6402_1__6200_1,6402,6402_1,6200,6200_1,109,10,7.533333333333331,03:36:31,03:46:48,3
6402_1__6200_1,6402,6402_1,6200,6200_1,396,11,6.600000000000023,03:36:31,03:46:48,3
6402_1__6200_1,6402,6402_1,6200,6200_1,1253,12,6.01666666666668,03:36:31,03:46:48,3
6402_1__6200_1,6402,6402_1,6200,6200_1,1554,13,6.01666666666668,03:36:31,03:46:48,3
6402_1__6200_1,6402,6402_1,6200,6200_1,1099,14,6.300000000000011,03:36:31,03:46:48,3
6402_1__6200_1,6402,6402_1,6200,6200_1,168,15,5.816666666666663,03:36:31,03:46:48,3
6402_1__6200_1,6402,6402_1,6200,6200_1,929,16,6.466666666666669,03:36:31,03:46:48,3
6402_1__6200_1,6402,6402_1,6200,6200_1,94,17,5.333333333333343,03:36:31,03:46:48,3
6402_1__6200_1,6402,6402_1,6200,6200_1,1080,18,5.433333333333337,03:36:31,03:46:48,3
6402_1__6200_1,6402,6402_1,6200,6200_1,146,19,6.600000000000023,03:36:31,03:46:48,3
6402_1__6200_1,6402,6402_1,6200,6200_1,1089,20,6.533333333333331,03:36:31,03:46:48,3
6402_1__6200_1,6402,6402_1,6200,6200_1,213,21,6.333333333333314,03:36:31,03:46:48,3
6402_1__6200_1,6402,6402_1,6200,6200_1,3907,22,6.533333333333331,03:36:31,03:46:48,3
6402_1__6200_1,6402,6402_1,6200,6200_1,949,23,6.583333333333343,03:36:31,03:46:48,3
6402_1__6200_1,6402,6402_1,6200,6200_1,913,24,7.2666666666666515,03:36:31,03:46:48,3
6402_1__6200_1,6402,6402_1,6200,6200_1,307,25,7.166666666666686,03:36:31,03:46:48,3
6402_1__6200_1,6402,6402_1,6200,6200_1,212,26,7.849999999999994,03:36:31,03:46:48,3
6402_1__6200_1,6402,6402_1,6200,6200_1,2665,27,7.199999999999989,03:36:31,03:46:48,3
6402_1__6200_1,6402,6402_1,6200,6200_1,2736,28,8.46666666666664,03:36:31,03:46:48,3
6402_1__6200_1,6402,6402_1,6200,6200_1,705,29,9.149999999999977,03:36:31,03:46:48,3
6402_1__6200_1,6402,6402_1,6200,6200_1,9979,30,9.083333333333314,03:36:31,03:46:48,3
6402_1__6200_1,6402,6402_1,6200,6200_1,2492,31,9.649999999999977,03:36:31,03:46:48,3
6402_1__6200_1,6402,6402_1,6200,6200_1,946,32,9.333333333333314,03:36:31,03:46:48,3
6402_1__6200_1,6402,6402_1,6200,6200_1,947,33,8.016666666666708,03:36:31,03:46:48,3
6402_1__6200_1,6402,6402_1,6200,6200_1,327,34,8.383333333333326,03:36:31,03:46:48,3
6402_1__6200_1,6402,6402_1,6200,6200_1,3284,35,8.166666666666686,03:36:31,03:46:48,3
6402_1__6200_1,6402,6402_1,6200,6200_1,3282,36,8.266666666666652,03:36:31,03:46:48,3
6402_1__6200_1,6402,6402_1,6200,6200_1,2583,37,8.399999999999977,03:36:31,03:46:48,3
6402_1__6200_1,6402,6402_1,6200,6200_1,2590,38,8.78333333333336,03:36:31,03:46:48,3
6402_1__6200_1,6402,6402_1,6200,6200_1,603,39,8.516666666666652,03:36:31,03:46:48,3
6402_2__6027_1,6402,6402_2,6027,6027_1,3797,1,8.0,06:10:30,06:18:30,6
6402_2__6027_1,6402,6402_2,6027,6027_1,2984,2,7.416666666666629,06:10:30,06:18:30,6
6402_2__6027_1,6402,6402_2,6027,6027_1,2685,3,7.03333333333336,06:10:30,06:18:30,6
6402_2__6027_1,6402,6402_2,6027,6027_1,3649,4,6.949999999999989,06:10:30,06:18:30,6
6402_2__6027_1,6402,6402_2,6027,6027_1,3747,5,6.400000000000034,06:10:30,06:18:30,6
6402_2__6027_1,6402,6402_2,6027,6027_1,482,6,6.449999999999989,06:10:30,06:18:30,6
6402_2__6027_1,6402,6402_2,6027,6027_1,709,7,6.199999999999989,06:10:30,06:18:30,6
6402_2__6027_1,6402,6402_2,6027,6027_1,1577,8,7.333333333333314,06:10:30,06:18:30,6
6402_2__6027_1,6402,6402_2,6027,6027_1,990,9,6.800000000000011,06:10:30,06:18:30,6
6402_2__6027_1,6402,6402_2,6027,6027_1,109,10,7.100000000000023,06:10:30,06:18:30,6
6402_2__6027_1,6402,6402_2,6027,6027_1,396,11,8.066666666666663,06:10:30,06:18:30,6
6402_2__6027_1,6402,6402_2,6027,6027_1,1253,12,8.066666666666663,06:10:30,06:18:30,6
6402_2__6027_1,6402,6402_2,6027,6027_1,1554,13,8.649999999999977,06:10:30,06:18:30,6
6402_2__6027_1,6402,6402_2,6027,6027_1,1099,14,9.199999999999989,06:10:30,06:18:30,6
6402_2__6027_1,6402,6402_2,6027,6027_1,168,15,8.300000000000011,06:10:30,06:18:30,6
6402_2__6027_1,6402,6402_2,6027,6027_1,929,16,8.199999999999989,06:10:30,06:18:30,6
6402_2__6027_1,6402,6402_2,6027,6027_1,94,17,8.75,06:10:30,06:18:30,6
6402_2__6027_1,6402,6402_2,6027,6027_1,1080,18,7.583333333333314,06:10:30,06:18:30,6
6402_2__6027_1,6402,6402_2,6027,6027_1,146,19,8.050000000000011,06:10:30,06:18:30,6
6402_2__6027_1,6402,6402_2,6027,6027_1,1089,20,8.366666666666674,06:10:30,06:18:30,6
6402_2__6027_1,6402,6402_2,6027,6027_1,213,21,8.149999999999977,06:10:30,06:18:30,6
6402_2__6027_1,6402,6402_2,6027,6027_1,3907,22,8.116666666666674,06:10:30,06:18:30,6
6402_2__6027_1,6402,6402_2,6027,6027_1,949,23,8.933333333333337,06:10:30,06:18:30,6
6402_2__6027_1,6402,6402_2,6027,6027_1,913,24,9.0,06:10:30,06:18:30,6
6402_2__6027_1,6402,6402_2,6027,6027_1,307,25,9.066666666666663,06:10:30,06:18:30,6
6402_2__6027_1,6402,6402_2,6027,6027_1,212,26,10.483333333333348,06:10:30,06:18:30,6
6402_2__6027_1,6402,6402_2,6027,6027_1,2665,27,10.716666666666697,06:10:30,06:18:30,6
6402_2__6027_1,6402,6402_2,6027,6027_1,2736,28,11.466666666666697,06:10:30,06:18:30,6
6402_2__6027_1,6402,6402_2,6027,6027_1,705,29,12.383333333333326,06:10:30,06:18:30,6
6402_2__6027_1,6402,6402_2,6027,6027_1,9979,30,13.5,06:10:30,06:18:30,6
6402_2__6027_1,6402,6402_2,6027,6027_1,2492,31,13.25,06:10:30,06:18:30,6
6402_2__6027_1,6402,6402_2,6027,6027_1,946,32,12.949999999999989,06:10:30,06:18:30,6
6402_2__6027_1,6402,6402_2,6027,6027_1,947,33,13.916666666666686,06:10:30,06:18:30,6
6402_2__6027_1,6402,6402_2,6027,6027_1,327,34,13.983333333333292,06:10:30,06:18:30,6
6402_2__6027_1,6402,6402_2,6027,6027_1,3284,35,13.78333333333336,06:10:30,06:18:30,6
6402_2__6027_1,6402,6402_2,6027,6027_1,3282,36,15.016666666666652,06:10:30,06:18:30,6
6402_2__6027_1,6402,6402_2,6027,6027_1,2583,37,13.200000000000045,06:10:30,06:18:30,6
6402_2__6027_1,6402,6402_2,6027,6027_1,2590,38,12.183333333333337,06:10:30,06:18:30,6
6402_2__6027_1,6402,6402_2,6027,6027_1,603,39,13.149999999999977,06:10:30,06:18:30,6
6402_3__6027_2,6402,6402_3,6027,6027_2,3797,1,9.0,09:10:30,09:19:30,9
6402_3__6027_2,6402,6402_3,6027,6027_2,2984,2,10.799999999999955,09:10:30,09:19:30,9
6402_3__6027_2,6402,6402_3,6027,6027_2,2685,3,10.616666666666674,09:10:30,09:19:30,9
6402_3__6027_2,6402,6402_3,6027,6027_2,3649,4,9.316666666666606,09:10:30,09:19:30,9
6402_3__6027_2,6402,6402_3,6027,6027_2,3747,5,9.966666666666697,09:10:30,09:19:30,9
6402_3__6027_2,6402,6402_3,6027,6027_2,482,6,9.766666666666652,09:10:30,09:19:30,9
6402_3__6027_2,6402,6402_3,6027,6027_2,709,7,11.0,09:10:30,09:19:30,9
6402_3__6027_2,6402,6402_3,6027,6027_2,1577,8,10.983333333333348,09:10:30,09:19:30,9
6402_3__6027_2,6402,6402_3,6027,6027_2,990,9,11.466666666666697,09:10:30,09:19:30,9
6402_3__6027_2,6402,6402_3,6027,6027_2,109,10,10.049999999999955,09:10:30,09:19:30,9
6402_3__6027_2,6402,6402_3,6027,6027_2,396,11,10.649999999999977,09:10:30,09:19:30,9
6402_3__6027_2,6402,6402_3,6027,6027_2,1253,12,10.483333333333348,09:10:30,09:19:30,9
6402_3__6027_2,6402,6402_3,6027,6027_2,1554,13,11.43333333333328,09:10:30,09:19:30,9
6402_3__6027_2,6402,6402_3,6027,6027_2,1099,14,11.616666666666674,09:10:30,09:19:30,9
6402_3__6027_2,6402,6402_3,6027,6027_2,168,15,11.683333333333394,09:10:30,09:19:30,9
6402_3__6027_2,6402,6402_3,6027,6027_2,929,16,11.399999999999977,09:10:30,09:19:30,9
6402_3__6027_2,6402,6402_3,6027,6027_2,94,17,11.800000000000068,09:10:30,09:19:30,9
6402_3__6027_2,6402,6402_3,6027,6027_2,1080,18,13.266666666666765,09:10:30,09:19:30,9
6402_3__6027_2,6402,6402_3,6027,6027_2,146,19,13.18333333333328,09:10:30,09:19:30,9
6402_3__6027_2,6402,6402_3,6027,6027_2,1089,20,11.216666666666583,09:10:30,09:19:30,9
6402_3__6027_2,6402,6402_3,6027,6027_2,213,21,11.56666666666672,09:10:30,09:19:30,9
6402_3__6027_2,6402,6402_3,6027,6027_2,3907,22,10.899999999999977,09:10:30,09:19:30,9
6402_3__6027_2,6402,6402_3,6027,6027_2,949,23,10.883333333333326,09:10:30,09:19:30,9
6402_3__6027_2,6402,6402_3,6027,6027_2,913,24,11.18333333333328,09:10:30,09:19:30,9
6402_3__6027_2,6402,6402_3,6027,6027_2,307,25,11.200000000000045,09:10:30,09:19:30,9
6402_3__6027_2,6402,6402_3,6027,6027_2,212,26,11.899999999999977,09:10:30,09:19:30,9
6402_3__6027_2,6402,6402_3,6027,6027_2,2665,27,12.216666666666583,09:10:30,09:19:30,9
6402_3__6027_2,6402,6402_3,6027,6027_2,2736,28,12.566666666666606,09:10:30,09:19:30,9
6402_3__6027_2,6402,6402_3,6027,6027_2,705,29,13.016666666666765,09:10:30,09:19:30,9
6402_3__6027_2,6402,6402_3,6027,6027_2,9979,30,12.366666666666674,09:10:30,09:19:30,9
6402_3__6027_2,6402,6402_3,6027,6027_2,2492,31,11.333333333333371,09:10:30,09:19:30,9
6402_3__6027_2,6402,6402_3,6027,6027_2,946,32,12.68333333333328,09:10:30,09:19:30,9
6402_3__6027_2,6402,6402_3,6027,6027_2,947,33,13.683333333333394,09:10:30,09:19:30,9
6402_3__6027_2,6402,6402_3,6027,6027_2,327,34,12.950000000000045,09:10:30,09:19:30,9
6402_3__6027_2,6402,6402_3,6027,6027_2,3284,35,13.083333333333371,09:10:30,09:19:30,9
6402_3__6027_2,6402,6402_3,6027,6027_2,3282,36,12.25,09:10:30,09:19:30,9
6402_3__6027_2,6402,6402_3,6027,6027_2,2583,37,13.949999999999932,09:10:30,09:19:30,9
6402_3__6027_2,6402,6402_3,6027,6027_2,2590,38,12.933333333333394,09:10:30,09:19:30,9
6402_3__6027_2,6402,6402_3,6027,6027_2,603,39,13.25,09:10:30,09:19:30,9
6402_4__6027_3,6402,6402_4,6027,6027_3,3797,1,10.5,12:11:29,12:21:59,12
6402_4__6027_3,6402,6402_4,6027,6027_3,2984,2,11.616666666666674,12:11:29,12:21:59,12
6402_4__6027_3,6402,6402_4,6027,6027_3,2685,3,11.533333333333303,12:11:29,12:21:59,12
6402_4__6027_3,6402,6402_4,6027,6027_3,3649,4,11.516666666666652,12:11:29,12:21:59,12
6402_4__6027_3,6402,6402_4,6027,6027_3,3747,5,11.583333333333258,12:11:29,12:21:59,12
6402_4__6027_3,6402,6402_4,6027,6027_3,482,6,11.416666666666629,12:11:29,12:21:59,12
6402_4__6027_3,6402,6402_4,6027,6027_3,709,7,11.716666666666697,12:11:29,12:21:59,12
6402_4__6027_3,6402,6402_4,6027,6027_3,1577,8,10.883333333333326,12:11:29,12:21:59,12
6402_4__6027_3,6402,6402_4,6027,6027_3,990,9,10.716666666666583,12:11:29,12:21:59,12
6402_4__6027_3,6402,6402_4,6027,6027_3,109,10,10.43333333333328,12:11:29,12:21:59,12
6402_4__6027_3,6402,6402_4,6027,6027_3,396,11,9.516666666666652,12:11:29,12:21:59,12
6402_4__6027_3,6402,6402_4,6027,6027_3,1253,12,9.166666666666742,12:11:29,12:21:59,12
6402_4__6027_3,6402,6402_4,6027,6027_3,1554,13,10.116666666666674,12:11:29,12:21:59,12
6402_4__6027_3,6402,6402_4,6027,6027_3,1099,14,8.93333333333328,12:11:29,12:21:59,12
6402_4__6027_3,6402,6402_4,6027,6027_3,168,15,7.966666666666697,12:11:29,12:21:59,12
6402_4__6027_3,6402,6402_4,6027,6027_3,929,16,8.033333333333417,12:11:29,12:21:59,12
6402_4__6027_3,6402,6402_4,6027,6027_3,94,17,7.966666666666697,12:11:29,12:21:59,12
6402_4__6027_3,6402,6402_4,6027,6027_3,1080,18,5.966666666666697,12:11:29,12:21:59,12
6402_4__6027_3,6402,6402_4,6027,6027_3,146,19,6.850000000000023,12:11:29,12:21:59,12
6402_4__6027_3,6402,6402_4,6027,6027_3,1089,20,5.699999999999932,12:11:29,12:21:59,12
6402_4__6027_3,6402,6402_4,6027,6027_3,213,21,5.149999999999977,12:11:29,12:21:59,12
6402_4__6027_3,6402,6402_4,6027,6027_3,3907,22,5.100000000000023,12:11:29,12:21:59,12
6402_4__6027_3,6402,6402_4,6027,6027_3,949,23,6.116666666666674,12:11:29,12:21:59,12
6402_4__6027_3,6402,6402_4,6027,6027_3,913,24,6.350000000000023,12:11:29,12:21:59,12
6402_4__6027_3,6402,6402_4,6027,6027_3,307,25,5.966666666666697,12:11:29,12:21:59,12
6402_4__6027_3,6402,6402_4,6027,6027_3,212,26,6.1666666666667425,12:11:29,12:21:59,12
6402_4__6027_3,6402,6402_4,6027,6027_3,2665,27,6.2333333333333485,12:11:29,12:21:59,12
6402_4__6027_3,6402,6402_4,6027,6027_3,2736,28,6.316666666666606,12:11:29,12:21:59,12
6402_4__6027_3,6402,6402_4,6027,6027_3,705,29,5.116666666666674,12:11:29,12:21:59,12
6402_4__6027_3,6402,6402_4,6027,6027_3,9979,30,5.350000000000023,12:11:29,12:21:59,12
6402_4__6027_3,6402,6402_4,6027,6027_3,2492,31,4.783333333333303,12:11:29,12:21:59,12
6402_4__6027_3,6402,6402_4,6027,6027_3,946,32,4.383333333333326,12:11:29,12:21:59,12
6402_4__6027_3,6402,6402_4,6027,6027_3,947,33,4.866666666666674,12:11:29,12:21:59,12
6402_4__6027_3,6402,6402_4,6027,6027_3,327,34,4.2666666666666515,12:11:29,12:21:59,12
6402_4__6027_3,6402,6402_4,6027,6027_3,3284,35,3.8999999999999773,12:11:29,12:21:59,12
6402_4__6027_3,6402,6402_4,6027,6027_3,3282,36,4.900000000000091,12:11:29,12:21:59,12
6402_4__6027_3,6402,6402_4,6027,6027_3,2583,37,5.933333333333394,12:11:29,12:21:59,12
6402_4__6027_3,6402,6402_4,6027,6027_3,2590,38,5.283333333333417,12:11:29,12:21:59,12
6402_4__6027_3,6402,6402_4,6027,6027_3,603,39,5.383333333333326,12:11:29,12:21:59,12
6402_6__6802_6,6402,6402_6,6802,6802_6,3797,1,15.0,20:54:59,21:09:59,20
6402_6__6802_6,6402,6402_6,6802,6802_6,2984,2,16.01666666666688,20:54:59,21:09:59,20
6402_6__6802_6,6402,6402_6,6802,6802_6,2685,3,16.73333333333335,20:54:59,21:09:59,20
6402_6__6802_6,6402,6402_6,6802,6802_6,3649,4,18.0,20:54:59,21:09:59,20
6402_6__6802_6,6402,6402_6,6802,6802_6,482,6,18.416666666666515,20:54:59,21:09:59,20
6402_6__6802_6,6402,6402_6,6802,6802_6,709,7,18.083333333333258,20:54:59,21:09:59,20
6402_6__6802_6,6402,6402_6,6802,6802_6,1577,8,19.799999999999955,20:54:59,21:09:59,20
6402_6__6802_6,6402,6402_6,6802,6802_6,990,9,20.48333333333335,20:54:59,21:09:59,20
6402_6__6802_6,6402,6402_6,6802,6802_6,109,10,21.23333333333335,20:54:59,21:09:59,20
6402_6__6802_6,6402,6402_6,6802,6802_6,396,11,21.75,20:54:59,21:09:59,20
6402_6__6802_6,6402,6402_6,6802,6802_6,1253,12,22.533333333333303,20:54:59,21:09:59,20
6402_6__6802_6,6402,6402_6,6802,6802_6,1554,13,24.38333333333344,20:54:59,21:09:59,20
6402_6__6802_6,6402,6402_6,6802,6802_6,1099,14,24.899999999999864,20:54:59,21:09:59,20
6402_6__6802_6,6402,6402_6,6802,6802_6,9979,30,25.0,20:54:59,21:09:59,20
6406_1__6085_1,6406,6406_1,6085,6085_1,2685,3,8.699999999999989,03:57:45,04:06:27,3
6406_1__6085_1,6406,6406_1,6085,6085_1,3649,4,8.25,03:57:45,04:06:27,3
6406_1__6085_1,6406,6406_1,6085,6085_1,3747,5,8.483333333333348,03:57:45,04:06:27,3
6406_1__6085_1,6406,6406_1,6085,6085_1,482,6,8.716666666666669,03:57:45,04:06:27,3
6406_1__6085_1,6406,6406_1,6085,6085_1,709,7,9.349999999999994,03:57:45,04:06:27,3
6406_1__6085_1,6406,6406_1,6085,6085_1,1577,8,9.466666666666669,03:57:45,04:06:27,3
6406_1__6085_1,6406,6406_1,6085,6085_1,990,9,10.366666666666674,03:57:45,04:06:27,3
6406_1__6085_1,6406,6406_1,6085,6085_1,109,10,9.800000000000011,03:57:45,04:06:27,3
6406_1__6085_1,6406,6406_1,6085,6085_1,396,11,10.183333333333366,03:57:45,04:06:27,3
6406_1__6085_1,6406,6406_1,6085,6085_1,1253,12,9.883333333333326,03:57:45,04:06:27,3
6406_1__6085_1,6406,6406_1,6085,6085_1,1554,13,9.883333333333326,03:57:45,04:06:27,3
6406_1__6085_1,6406,6406_1,6085,6085_1,1099,14,10.083333333333371,03:57:45,04:06:27,3
6406_1__6085_1,6406,6406_1,6085,6085_1,168,15,10.633333333333326,03:57:45,04:06:27,3
6406_1__6085_1,6406,6406_1,6085,6085_1,929,16,9.03333333333336,03:57:45,04:06:27,3
6406_1__6085_1,6406,6406_1,6085,6085_1,94,17,9.616666666666674,03:57:45,04:06:27,3
6406_1__6085_1,6406,6406_1,6085,6085_1,1080,18,8.816666666666663,03:57:45,04:06:27,3
6406_1__6085_1,6406,6406_1,6085,6085_1,146,19,8.333333333333314,03:57:45,04:06:27,3
6406_1__6085_1,6406,6406_1,6085,6085_1,1089,20,7.599999999999966,03:57:45,04:06:27,3
6406_1__6085_1,6406,6406_1,6085,6085_1,213,21,7.933333333333337,03:57:45,04:06:27,3
6406_1__6085_1,6406,6406_1,6085,6085_1,3907,22,7.633333333333326,03:57:45,04:06:27,3
6406_1__6085_1,6406,6406_1,6085,6085_1,949,23,9.333333333333314,03:57:45,04:06:27,3
6406_1__6085_1,6406,6406_1,6085,6085_1,913,24,10.649999999999977,03:57:45,04:06:27,3
6406_1__6085_1,6406,6406_1,6085,6085_1,307,25,10.700000000000045,03:57:45,04:06:27,3
6406_1__6085_1,6406,6406_1,6085,6085_1,212,26,11.166666666666686,03:57:45,04:06:27,3
6406_1__6085_1,6406,6406_1,6085,6085_1,2665,27,9.549999999999955,03:57:45,04:06:27,3
6406_1__6085_1,6406,6406_1,6085,6085_1,2736,28,9.46666666666664,03:57:45,04:06:27,3
6406_1__6085_1,6406,6406_1,6085,6085_1,705,29,10.0,03:57:45,04:06:27,3
6406_1__6085_1,6406,6406_1,6085,6085_1,9979,30,9.75,03:57:45,04:06:27,3
6406_1__6085_1,6406,6406_1,6085,6085_1,2492,31,10.666666666666686,03:57:45,04:06:27,3
6406_1__6085_1,6406,6406_1,6085,6085_1,946,32,10.883333333333326,03:57:45,04:06:27,3
6406_1__6085_1,6406,6406_1,6085,6085_1,947,33,11.066666666666663,03:57:45,04:06:27,3
6406_1__6085_1,6406,6406_1,6085,6085_1,327,34,10.333333333333314,03:57:45,04:06:27,3
6406_1__6085_1,6406,6406_1,6085,6085_1,3284,35,10.716666666666697,03:57:45,04:06:27,3
6406_1__6085_1,6406,6406_1,6085,6085_1,3282,36,10.616666666666674,03:57:45,04:06:27,3
6406_1__6085_1,6406,6406_1,6085,6085_1,2583,37,9.566666666666663,03:57:45,04:06:27,3
6406_1__6085_1,6406,6406_1,6085,6085_1,2590,38,8.849999999999966,03:57:45,04:06:27,3
6406_1__6085_1,6406,6406_1,6085,6085_1,603,39,8.666666666666686,03:57:45,04:06:27,3
6406_5__6055_6,6406,6406_5,6055,6055_6,3797,1,9.016666666666652,18:46:58,18:55:59,18
6406_5__6055_6,6406,6406_5,6055,6055_6,709,7,9.433333333333167,18:46:58,18:55:59,18
6406_5__6055_6,6406,6406_5,6055,6055_6,1577,8,8.683333333333167,18:46:58,18:55:59,18
6406_5__6055_6,6406,6406_5,6055,6055_6,109,10,8.0,18:46:58,18:55:59,18
6406_5__6055_6,6406,6406_5,6055,6055_6,396,11,7.883333333333212,18:46:58,18:55:59,18
6406_5__6055_6,6406,6406_5,6055,6055_6,1554,13,8.450000000000045,18:46:58,18:55:59,18
6406_5__6055_6,6406,6406_5,6055,6055_6,1099,14,8.13333333333344,18:46:58,18:55:59,18
6406_5__6055_6,6406,6406_5,6055,6055_6,168,15,8.900000000000091,18:46:58,18:55:59,18
6406_5__6055_6,6406,6406_5,6055,6055_6,929,16,9.083333333333258,18:46:58,18:55:59,18
6406_5__6055_6,6406,6406_5,6055,6055_6,94,17,8.78333333333353,18:46:58,18:55:59,18
6406_5__6055_6,6406,6406_5,6055,6055_6,213,21,5.833333333333485,18:46:58,18:55:59,18
6406_5__6055_6,6406,6406_5,6055,6055_6,3907,22,5.149999999999864,18:46:58,18:55:59,18
6406_5__6055_6,6406,6406_5,6055,6055_6,307,25,5.2999999999999545,18:46:58,18:55:59,18
6406_5__6055_6,6406,6406_5,6055,6055_6,2736,28,3.2999999999999545,18:46:58,18:55:59,18
6406_5__6055_6,6406,6406_5,6055,6055_6,705,29,3.2000000000000455,18:46:58,18:55:59,18
6406_5__6055_6,6406,6406_5,6055,6055_6,9979,30,3.816666666666606,18:46:58,18:55:59,18
6406_5__6055_6,6406,6406_5,6055,6055_6,2590,38,1.183333333333394,18:46:58,18:55:59,18
6407_1__1558_1,6407,6407_1,1558,1558_1,3797,1,7.0166666666666515,04:56:29,05:03:30,4
6407_1__1558_1,6407,6407_1,1558,1558_1,2984,2,6.616666666666674,04:56:29,05:03:30,4
6407_1__1558_1,6407,6407_1,1558,1558_1,2685,3,6.800000000000011,04:56:29,05:03:30,4
6407_1__1558_1,6407,6407_1,1558,1558_1,3649,4,6.466666666666697,04:56:29,05:03:30,4
6407_1__1558_1,6407,6407_1,1558,1558_1,3747,5,6.5,04:56:29,05:03:30,4
6407_1__1558_1,6407,6407_1,1558,1558_1,482,6,6.683333333333337,04:56:29,05:03:30,4
6407_1__1558_1,6407,6407_1,1558,1558_1,709,7,6.783333333333303,04:56:29,05:03:30,4
6407_1__1558_1,6407,6407_1,1558,1558_1,1577,8,5.416666666666629,04:56:29,05:03:30,4
6407_1__1558_1,6407,6407_1,1558,1558_1,990,9,6.5,04:56:29,05:03:30,4
6407_1__1558_1,6407,6407_1,1558,1558_1,109,10,6.2333333333333485,04:56:29,05:03:30,4
6407_1__1558_1,6407,6407_1,1558,1558_1,396,11,6.083333333333371,04:56:29,05:03:30,4
6407_1__1558_1,6407,6407_1,1558,1558_1,1253,12,6.416666666666686,04:56:29,05:03:30,4
6407_1__1558_1,6407,6407_1,1558,1558_1,1554,13,5.783333333333303,04:56:29,05:03:30,4
6407_1__1558_1,6407,6407_1,1558,1558_1,1099,14,6.0166666666666515,04:56:29,05:03:30,4
6407_1__1558_1,6407,6407_1,1558,1558_1,168,15,5.96666666666664,04:56:29,05:03:30,4
6407_1__1558_1,6407,6407_1,1558,1558_1,929,16,6.0,04:56:29,05:03:30,4
6407_1__1558_1,6407,6407_1,1558,1558_1,94,17,6.383333333333326,04:56:29,05:03:30,4
6407_1__1558_1,6407,6407_1,1558,1558_1,1080,18,5.9833333333333485,04:56:29,05:03:30,4
6407_1__1558_1,6407,6407_1,1558,1558_1,146,19,6.7666666666666515,04:56:29,05:03:30,4
6407_1__1558_1,6407,6407_1,1558,1558_1,1089,20,7.2333333333333485,04:56:29,05:03:30,4
6407_1__1558_1,6407,6407_1,1558,1558_1,213,21,8.46666666666664,04:56:29,05:03:30,4
6407_1__1558_1,6407,6407_1,1558,1558_1,3907,22,7.816666666666663,04:56:29,05:03:30,4
6407_1__1558_1,6407,6407_1,1558,1558_1,949,23,8.100000000000023,04:56:29,05:03:30,4
6407_1__1558_1,6407,6407_1,1558,1558_1,913,24,9.416666666666629,04:56:29,05:03:30,4
6407_1__1558_1,6407,6407_1,1558,1558_1,307,25,8.550000000000011,04:56:29,05:03:30,4
6407_1__1558_1,6407,6407_1,1558,1558_1,212,26,9.266666666666652,04:56:29,05:03:30,4
6407_1__1558_1,6407,6407_1,1558,1558_1,2665,27,8.799999999999955,04:56:29,05:03:30,4
6407_1__1558_1,6407,6407_1,1558,1558_1,2736,28,9.21666666666664,04:56:29,05:03:30,4
6407_1__1558_1,6407,6407_1,1558,1558_1,705,29,9.100000000000023,04:56:29,05:03:30,4
6407_1__1558_1,6407,6407_1,1558,1558_1,9979,30,9.049999999999955,04:56:29,05:03:30,4
6407_1__1558_1,6407,6407_1,1558,1558_1,2492,31,9.28333333333336,04:56:29,05:03:30,4
6407_1__1558_1,6407,6407_1,1558,1558_1,946,32,8.300000000000011,04:56:29,05:03:30,4
6407_1__1558_1,6407,6407_1,1558,1558_1,947,33,9.799999999999955,04:56:29,05:03:30,4
6407_1__1558_1,6407,6407_1,1558,1558_1,327,34,9.833333333333314,04:56:29,05:03:30,4
6407_1__1558_1,6407,6407_1,1558,1558_1,3284,35,9.699999999999989,04:56:29,05:03:30,4
6407_1__1558_1,6407,6407_1,1558,1558_1,3282,36,8.983333333333348,04:56:29,05:03:30,4
6407_1__1558_1,6407,6407_1,1558,1558_1,2583,37,10.283333333333303,04:56:29,05:03:30,4
6407_1__1558_1,6407,6407_1,1558,1558_1,2590,38,9.366666666666674,04:56:29,05:03:30,4
6407_1__1558_1,6407,6407_1,1558,1558_1,603,39,9.933333333333337,04:56:29,05:03:30,4
6407_2__1558_2,6407,6407_2,1558,1558_2,2984,2,7.616666666666674,07:52:35,08:00:12,7
6407_2__1558_2,6407,6407_2,1558,1558_2,2685,3,7.033333333333303,07:52:35,08:00:12,7
6407_2__1558_2,6407,6407_2,1558,1558_2,3649,4,7.199999999999989,07:52:35,08:00:12,7
6407_2__1558_2,6407,6407_2,1558,1558_2,1577,8,9.366666666666617,07:52:35,08:00:12,7
6407_2__1558_2,6407,6407_2,1558,1558_2,1554,13,8.350000000000023,07:52:35,08:00:12,7
6407_2__1558_2,6407,6407_2,1558,1558_2,1099,14,7.666666666666686,07:52:35,08:00:12,7
6407_2__1558_2,6407,6407_2,1558,1558_2,168,15,7.433333333333337,07:52:35,08:00:12,7
6407_2__1558_2,6407,6407_2,1558,1558_2,94,17,7.4833333333333485,07:52:35,08:00:12,7
6407_2__1558_2,6407,6407_2,1558,1558_2,2665,27,6.050000000000068,07:52:35,08:00:12,7
6407_2__1558_2,6407,6407_2,1558,1558_2,705,29,4.800000000000068,07:52:35,08:00:12,7
6407_2__1558_2,6407,6407_2,1558,1558_2,946,32,5.383333333333326,07:52:35,08:00:12,7
6407_2__1558_2,6407,6407_2,1558,1558_2,947,33,6.633333333333326,07:52:35,08:00:12,7
6407_2__1558_2,6407,6407_2,1558,1558_2,327,34,6.949999999999932,07:52:35,08:00:12,7
6407_2__1558_2,6407,6407_2,1558,1558_2,3284,35,7.5833333333332575,07:52:35,08:00:12,7
6407_2__1558_2,6407,6407_2,1558,1558_2,3282,36,5.783333333333303,07:52:35,08:00:12,7
6407_2__1558_2,6407,6407_2,1558,1558_2,2583,37,6.616666666666674,07:52:35,08:00:12,7
6407_2__1558_2,6407,6407_2,1558,1558_2,2590,38,6.5833333333332575,07:52:35,08:00:12,7
6407_3__6125_3,6407,6407_3,6125,6125_3,2984,2,7.716666666666697,10:52:21,11:00:04,10
6407_3__6125_3,6407,6407_3,6125,6125_3,2685,3,7.7999999999999545,10:52:21,11:00:04,10
6407_3__6125_3,6407,6407_3,6125,6125_3,3649,4,8.399999999999977,10:52:21,11:00:04,10
6407_3__6125_3,6407,6407_3,6125,6125_3,3747,5,9.56666666666672,10:52:21,11:00:04,10
6407_3__6125_3,6407,6407_3,6125,6125_3,482,6,9.533333333333303,10:52:21,11:00:04,10
6407_3__6125_3,6407,6407_3,6125,6125_3,709,7,8.633333333333326,10:52:21,11:00:04,10
6407_3__6125_3,6407,6407_3,6125,6125_3,1577,8,9.399999999999977,10:52:21,11:00:04,10
6407_3__6125_3,6407,6407_3,6125,6125_3,109,10,8.233333333333235,10:52:21,11:00:04,10
6407_3__6125_3,6407,6407_3,6125,6125_3,396,11,9.066666666666606,10:52:21,11:00:04,10
6407_3__6125_3,6407,6407_3,6125,6125_3,1253,12,8.916666666666742,10:52:21,11:00:04,10
6407_3__6125_3,6407,6407_3,6125,6125_3,1554,13,9.31666666666672,10:52:21,11:00:04,10
6407_3__6125_3,6407,6407_3,6125,6125_3,1099,14,9.283333333333303,10:52:21,11:00:04,10
6407_3__6125_3,6407,6407_3,6125,6125_3,168,15,9.616666666666674,10:52:21,11:00:04,10
6407_3__6125_3,6407,6407_3,6125,6125_3,929,16,9.25,10:52:21,11:00:04,10
6407_3__6125_3,6407,6407_3,6125,6125_3,94,17,9.450000000000045,10:52:21,11:00:04,10
6407_3__6125_3,6407,6407_3,6125,6125_3,1080,18,11.383333333333326,10:52:21,11:00:04,10
6407_3__6125_3,6407,6407_3,6125,6125_3,146,19,10.266666666666652,10:52:21,11:00:04,10
6407_3__6125_3,6407,6407_3,6125,6125_3,1089,20,10.93333333333328,10:52:21,11:00:04,10
6407_3__6125_3,6407,6407_3,6125,6125_3,213,21,10.68333333333328,10:52:21,11:00:04,10
6407_3__6125_3,6407,6407_3,6125,6125_3,3907,22,11.316666666666606,10:52:21,11:00:04,10
6407_3__6125_3,6407,6407_3,6125,6125_3,949,23,11.550000000000068,10:52:21,11:00:04,10
6407_3__6125_3,6407,6407_3,6125,6125_3,913,24,9.849999999999909,10:52:21,11:00:04,10
6407_3__6125_3,6407,6407_3,6125,6125_3,307,25,10.06666666666672,10:52:21,11:00:04,10
6407_3__6125_3,6407,6407_3,6125,6125_3,212,26,9.833333333333371,10:52:21,11:00:04,10
6407_3__6125_3,6407,6407_3,6125,6125_3,2665,27,10.516666666666652,10:52:21,11:00:04,10
6407_3__6125_3,6407,6407_3,6125,6125_3,2736,28,10.399999999999977,10:52:21,11:00:04,10
6407_3__6125_3,6407,6407_3,6125,6125_3,705,29,10.483333333333348,10:52:21,11:00:04,10
6407_3__6125_3,6407,6407_3,6125,6125_3,9979,30,11.216666666666697,10:52:21,11:00:04,10
6407_3__6125_3,6407,6407_3,6125,6125_3,2492,31,10.966666666666583,10:52:21,11:00:04,10
6407_3__6125_3,6407,6407_3,6125,6125_3,946,32,10.933333333333394,10:52:21,11:00:04,10
6407_3__6125_3,6407,6407_3,6125,6125_3,947,33,11.399999999999977,10:52:21,11:00:04,10
6407_3__6125_3,6407,6407_3,6125,6125_3,327,34,11.149999999999977,10:52:21,11:00:04,10
6407_3__6125_3,6407,6407_3,6125,6125_3,3284,35,11.949999999999932,10:52:21,11:00:04,10
6407_3__6125_3,6407,6407_3,6125,6125_3,3282,36,12.300000000000068,10:52:21,11:00:04,10
6407_3__6125_3,6407,6407_3,6125,6125_3,2583,37,12.916666666666629,10:52:21,11:00:04,10
6407_3__6125_3,6407,6407_3,6125,6125_3,2590,38,13.233333333333348,10:52:21,11:00:04,10
6407_3__6125_3,6407,6407_3,6125,6125_3,603,39,12.733333333333348,10:52:21,11:00:04,10
6407_4__6083_1,6407,6407_4,6083,6083_1,2685,3,10.5,13:53:00,14:03:30,13
6407_4__6083_1,6407,6407_4,6083,6083_1,3649,4,11.083333333333371,13:53:00,14:03:30,13
6407_4__6083_1,6407,6407_4,6083,6083_1,3747,5,9.966666666666583,13:53:00,14:03:30,13
6407_4__6083_1,6407,6407_4,6083,6083_1,482,6,9.549999999999955,13:53:00,14:03:30,13
6407_4__6083_1,6407,6407_4,6083,6083_1,709,7,9.366666666666674,13:53:00,14:03:30,13
6407_4__6083_1,6407,6407_4,6083,6083_1,1577,8,8.700000000000045,13:53:00,14:03:30,13
6407_4__6083_1,6407,6407_4,6083,6083_1,990,9,9.799999999999955,13:53:00,14:03:30,13
6407_4__6083_1,6407,6407_4,6083,6083_1,109,10,8.383333333333326,13:53:00,14:03:30,13
6407_4__6083_1,6407,6407_4,6083,6083_1,396,11,7.866666666666674,13:53:00,14:03:30,13
6407_4__6083_1,6407,6407_4,6083,6083_1,1253,12,8.366666666666674,13:53:00,14:03:30,13
6407_4__6083_1,6407,6407_4,6083,6083_1,1554,13,8.816666666666606,13:53:00,14:03:30,13
6407_4__6083_1,6407,6407_4,6083,6083_1,1099,14,8.799999999999955,13:53:00,14:03:30,13
6407_4__6083_1,6407,6407_4,6083,6083_1,168,15,9.100000000000023,13:53:00,14:03:30,13
6407_4__6083_1,6407,6407_4,6083,6083_1,929,16,7.883333333333326,13:53:00,14:03:30,13
6407_4__6083_1,6407,6407_4,6083,6083_1,94,17,7.883333333333326,13:53:00,14:03:30,13
6407_4__6083_1,6407,6407_4,6083,6083_1,1080,18,9.18333333333328,13:53:00,14:03:30,13
6407_4__6083_1,6407,6407_4,6083,6083_1,146,19,11.900000000000091,13:53:00,14:03:30,13
6407_4__6083_1,6407,6407_4,6083,6083_1,1089,20,11.983333333333348,13:53:00,14:03:30,13
6407_4__6083_1,6407,6407_4,6083,6083_1,213,21,13.299999999999955,13:53:00,14:03:30,13
6407_4__6083_1,6407,6407_4,6083,6083_1,3907,22,13.166666666666742,13:53:00,14:03:30,13
6407_4__6083_1,6407,6407_4,6083,6083_1,949,23,13.716666666666697,13:53:00,14:03:30,13
6407_4__6083_1,6407,6407_4,6083,6083_1,913,24,13.25,13:53:00,14:03:30,13
6407_4__6083_1,6407,6407_4,6083,6083_1,307,25,13.350000000000023,13:53:00,14:03:30,13
6407_4__6083_1,6407,6407_4,6083,6083_1,212,26,14.349999999999909,13:53:00,14:03:30,13
6407_4__6083_1,6407,6407_4,6083,6083_1,2665,27,13.883333333333326,13:53:00,14:03:30,13
6407_4__6083_1,6407,6407_4,6083,6083_1,2736,28,12.916666666666629,13:53:00,14:03:30,13
6407_4__6083_1,6407,6407_4,6083,6083_1,705,29,13.733333333333235,13:53:00,14:03:30,13
6407_4__6083_1,6407,6407_4,6083,6083_1,9979,30,13.0,13:53:00,14:03:30,13
6407_4__6083_1,6407,6407_4,6083,6083_1,2492,31,12.5,13:53:00,14:03:30,13
6407_4__6083_1,6407,6407_4,6083,6083_1,946,32,12.850000000000023,13:53:00,14:03:30,13
6407_4__6083_1,6407,6407_4,6083,6083_1,947,33,13.483333333333235,13:53:00,14:03:30,13
6407_4__6083_1,6407,6407_4,6083,6083_1,327,34,13.75,13:53:00,14:03:30,13
6407_4__6083_1,6407,6407_4,6083,6083_1,3284,35,13.700000000000045,13:53:00,14:03:30,13
6407_4__6083_1,6407,6407_4,6083,6083_1,3282,36,14.333333333333371,13:53:00,14:03:30,13
6407_4__6083_1,6407,6407_4,6083,6083_1,2583,37,13.850000000000023,13:53:00,14:03:30,13
6407_4__6083_1,6407,6407_4,6083,6083_1,2590,38,14.233333333333348,13:53:00,14:03:30,13
6407_4__6083_1,6407,6407_4,6083,6083_1,603,39,15.233333333333348,13:53:00,14:03:30,13
6407_5__6083_2,6407,6407_5,6083,6083_2,3797,1,8.983333333333348,16:49:59,16:58:58,16
6407_5__6083_2,6407,6407_5,6083,6083_2,2984,2,8.516666666666652,16:49:59,16:58:58,16
6407_5__6083_2,6407,6407_5,6083,6083_2,2685,3,8.483333333333348,16:49:59,16:58:58,16
6407_5__6083_2,6407,6407_5,6083,6083_2,3649,4,8.066666666666606,16:49:59,16:58:58,16
6407_5__6083_2,6407,6407_5,6083,6083_2,3747,5,8.166666666666629,16:49:59,16:58:58,16
6407_5__6083_2,6407,6407_5,6083,6083_2,482,6,8.333333333333371,16:49:59,16:58:58,16
6407_5__6083_2,6407,6407_5,6083,6083_2,709,7,7.583333333333371,16:49:59,16:58:58,16
6407_5__6083_2,6407,6407_5,6083,6083_2,1577,8,9.666666666666629,16:49:59,16:58:58,16
6407_5__6083_2,6407,6407_5,6083,6083_2,990,9,10.933333333333394,16:49:59,16:58:58,16
6407_5__6083_2,6407,6407_5,6083,6083_2,109,10,11.416666666666742,16:49:59,16:58:58,16
6407_5__6083_2,6407,6407_5,6083,6083_2,396,11,11.61666666666656,16:49:59,16:58:58,16
6407_5__6083_2,6407,6407_5,6083,6083_2,1253,12,14.75,16:49:59,16:58:58,16
6407_5__6083_2,6407,6407_5,6083,6083_2,1554,13,14.700000000000045,16:49:59,16:58:58,16
6407_5__6083_2,6407,6407_5,6083,6083_2,1099,14,13.066666666666606,16:49:59,16:58:58,16
6407_5__6083_2,6407,6407_5,6083,6083_2,168,15,14.38333333333344,16:49:59,16:58:58,16
6407_5__6083_2,6407,6407_5,6083,6083_2,929,16,13.549999999999955,16:49:59,16:58:58,16
6407_5__6083_2,6407,6407_5,6083,6083_2,1080,18,8.466666666666697,16:49:59,16:58:58,16
6407_5__6083_2,6407,6407_5,6083,6083_2,146,19,8.683333333333394,16:49:59,16:58:58,16
6407_5__6083_2,6407,6407_5,6083,6083_2,1089,20,8.533333333333303,16:49:59,16:58:58,16
6407_5__6083_2,6407,6407_5,6083,6083_2,213,21,9.866666666666788,16:49:59,16:58:58,16
6407_5__6083_2,6407,6407_5,6083,6083_2,3907,22,9.75,16:49:59,16:58:58,16
6407_5__6083_2,6407,6407_5,6083,6083_2,949,23,9.733333333333348,16:49:59,16:58:58,16
6407_5__6083_2,6407,6407_5,6083,6083_2,913,24,9.200000000000045,16:49:59,16:58:58,16
6407_5__6083_2,6407,6407_5,6083,6083_2,307,25,9.483333333333348,16:49:59,16:58:58,16
6407_5__6083_2,6407,6407_5,6083,6083_2,212,26,8.416666666666515,16:49:59,16:58:58,16
6407_5__6083_2,6407,6407_5,6083,6083_2,2665,27,9.299999999999955,16:49:59,16:58:58,16
6407_5__6083_2,6407,6407_5,6083,6083_2,2736,28,7.849999999999909,16:49:59,16:58:58,16
6407_5__6083_2,6407,6407_5,6083,6083_2,705,29,5.899999999999864,16:49:59,16:58:58,16
6407_5__6083_2,6407,6407_5,6083,6083_2,9979,30,4.850000000000136,16:49:59,16:58:58,16
6407_5__6083_2,6407,6407_5,6083,6083_2,2492,31,3.9833333333333485,16:49:59,16:58:58,16
6407_5__6083_2,6407,6407_5,6083,6083_2,946,32,3.0166666666666515,16:49:59,16:58:58,16
6407_5__6083_2,6407,6407_5,6083,6083_2,947,33,3.75,16:49:59,16:58:58,16
6407_5__6083_2,6407,6407_5,6083,6083_2,327,34,2.5499999999999545,16:49:59,16:58:58,16
6407_5__6083_2,6407,6407_5,6083,6083_2,3284,35,2.8833333333334394,16:49:59,16:58:58,16
6407_5__6083_2,6407,6407_5,6083,6083_2,3282,36,2.7000000000000455,16:49:59,16:58:58,16
6407_5__6083_2,6407,6407_5,6083,6083_2,2583,37,2.4500000000000455,16:49:59,16:58:58,16
6407_5__6083_2,6407,6407_5,6083,6083_2,2590,38,4.5833333333332575,16:49:59,16:58:58,16
6407_5__6083_2,6407,6407_5,6083,6083_2,603,39,5.0499999999999545,16:49:59,16:58:58,16
6409_2__6401_5,6409,6409_2,6401,6401_5,3797,1,8.016666666666652,17:59:58,18:07:59,17
6409_2__6401_5,6409,6409_2,6401,6401_5,2984,2,7.7333333333333485,17:59:58,18:07:59,17
6409_2__6401_5,6409,6409_2,6401,6401_5,2685,3,7.75,17:59:58,18:07:59,17
6409_2__6401_5,6409,6409_2,6401,6401_5,3649,4,6.2333333333333485,17:59:58,18:07:59,17
6409_2__6401_5,6409,6409_2,6401,6401_5,709,7,7.100000000000136,17:59:58,18:07:59,17
6409_2__6401_5,6409,6409_2,6401,6401_5,990,9,5.0833333333332575,17:59:58,18:07:59,17
6409_2__6401_5,6409,6409_2,6401,6401_5,109,10,5.2000000000000455,17:59:58,18:07:59,17
6409_2__6401_5,6409,6409_2,6401,6401_5,1554,13,2.966666666666697,17:59:58,18:07:59,17
6409_2__6401_5,6409,6409_2,6401,6401_5,1099,14,4.816666666666833,17:59:58,18:07:59,17
6409_2__6401_5,6409,6409_2,6401,6401_5,168,15,4.4500000000000455,17:59:58,18:07:59,17
6409_2__6401_5,6409,6409_2,6401,6401_5,929,16,3.533333333333303,17:59:58,18:07:59,17
6409_2__6401_5,6409,6409_2,6401,6401_5,94,17,3.533333333333303,17:59:58,18:07:59,17
6409_2__6401_5,6409,6409_2,6401,6401_5,146,19,4.1666666666667425,17:59:58,18:07:59,17
6409_2__6401_5,6409,6409_2,6401,6401_5,213,21,2.616666666666788,17:59:58,18:07:59,17
6409_2__6401_5,6409,6409_2,6401,6401_5,3907,22,3.1000000000001364,17:59:58,18:07:59,17
6409_2__6401_5,6409,6409_2,6401,6401_5,949,23,2.933333333333394,17:59:58,18:07:59,17
6409_2__6401_5,6409,6409_2,6401,6401_5,913,24,3.25,17:59:58,18:07:59,17
6409_2__6401_5,6409,6409_2,6401,6401_5,307,25,3.216666666666697,17:59:58,18:07:59,17
6409_2__6401_5,6409,6409_2,6401,6401_5,212,26,2.6499999999998636,17:59:58,18:07:59,17
6409_2__6401_5,6409,6409_2,6401,6401_5,2665,27,3.183333333333394,17:59:58,18:07:59,17
6409_2__6401_5,6409,6409_2,6401,6401_5,2736,28,2.3999999999998636,17:59:58,18:07:59,17
6409_2__6401_5,6409,6409_2,6401,6401_5,705,29,4.316666666666833,17:59:58,18:07:59,17
6409_2__6401_5,6409,6409_2,6401,6401_5,9979,30,3.933333333333394,17:59:58,18:07:59,17
6409_2__6401_5,6409,6409_2,6401,6401_5,2492,31,3.816666666666606,17:59:58,18:07:59,17
6409_2__6401_5,6409,6409_2,6401,6401_5,3284,35,2.8999999999998636,17:59:58,18:07:59,17
6409_2__6401_5,6409,6409_2,6401,6401_5,3282,36,2.5166666666666515,17:59:58,18:07:59,17
6409_2__6401_5,6409,6409_2,6401,6401_5,2583,37,2.8333333333332575,17:59:58,18:07:59,17
6409_2__6401_5,6409,6409_2,6401,6401_5,603,39,3.183333333333394,17:59:58,18:07:59,17
6409_3__6402_6,6409,6409_3,6402,6402_6,3797,1,15.0,20:39:59,20:54:59,20
6409_3__6402_6,6409,6409_3,6402,6402_6,2984,2,12.5,20:39:59,20:54:59,20
6409_3__6402_6,6409,6409_3,6402,6402_6,2685,3,11.200000000000045,20:39:59,20:54:59,20
6409_3__6402_6,6409,6409_3,6402,6402_6,3649,4,11.266666666666652,20:39:59,20:54:59,20
6409_3__6402_6,6409,6409_3,6402,6402_6,482,6,9.766666666666652,20:39:59,20:54:59,20
6409_3__6402_6,6409,6409_3,6402,6402_6,709,7,10.016666666666652,20:39:59,20:54:59,20
6409_3__6402_6,6409,6409_3,6402,6402_6,1577,8,8.400000000000091,20:39:59,20:54:59,20
6409_3__6402_6,6409,6409_3,6402,6402_6,990,9,6.0166666666666515,20:39:59,20:54:59,20
6409_3__6402_6,6409,6409_3,6402,6402_6,109,10,5.9500000000000455,20:39:59,20:54:59,20
6409_3__6402_6,6409,6409_3,6402,6402_6,396,11,6.366666666666788,20:39:59,20:54:59,20
6409_3__6402_6,6409,6409_3,6402,6402_6,1253,12,4.400000000000091,20:39:59,20:54:59,20
6409_3__6402_6,6409,6409_3,6402,6402_6,1554,13,4.133333333333212,20:39:59,20:54:59,20
6409_3__6402_6,6409,6409_3,6402,6402_6,1099,14,3.6333333333334394,20:39:59,20:54:59,20
6409_3__6402_6,6409,6409_3,6402,6402_6,168,15,3.949999999999818,20:39:59,20:54:59,20
6409_3__6402_6,6409,6409_3,6402,6402_6,929,16,3.416666666666515,20:39:59,20:54:59,20
6409_3__6402_6,6409,6409_3,6402,6402_6,1089,20,3.150000000000091,20:39:59,20:54:59,20
6409_3__6402_6,6409,6409_3,6402,6402_6,213,21,2.75,20:39:59,20:54:59,20
6409_3__6402_6,6409,6409_3,6402,6402_6,307,25,2.5166666666666515,20:39:59,20:54:59,20
6409_3__6402_6,6409,6409_3,6402,6402_6,705,29,2.366666666666788,20:39:59,20:54:59,20
6409_3__6402_6,6409,6409_3,6402,6402_6,9979,30,1.966666666666697,20:39:59,20:54:59,20
6409_3__6402_6,6409,6409_3,6402,6402_6,2492,31,1.099999999999909,20:39:59,20:54:59,20
6409_3__6402_6,6409,6409_3,6402,6402_6,2590,38,2.0,20:39:59,20:54:59,20
6411_1__6407_1,6411,6411_1,6407,6407_1,3797,1,7.4833333333333485,04:49:00,04:56:29,4
6411_1__6407_1,6411,6411_1,6407,6407_1,2984,2,7.25,04:49:00,04:56:29,4
6411_1__6407_1,6411,6411_1,6407,6407_1,2685,3,7.7999999999999545,04:49:00,04:56:29,4
6411_1__6407_1,6411,6411_1,6407,6407_1,3649,4,9.083333333333314,04:49:00,04:56:29,4
6411_1__6407_1,6411,6411_1,6407,6407_1,3747,5,9.816666666666663,04:49:00,04:56:29,4
6411_1__6407_1,6411,6411_1,6407,6407_1,482,6,9.699999999999989,04:49:00,04:56:29,4
6411_1__6407_1,6411,6411_1,6407,6407_1,709,7,10.650000000000034,04:49:00,04:56:29,4
6411_1__6407_1,6411,6411_1,6407,6407_1,1577,8,10.683333333333337,04:49:00,04:56:29,4
6411_1__6407_1,6411,6411_1,6407,6407_1,990,9,9.733333333333348,04:49:00,04:56:29,4
6411_1__6407_1,6411,6411_1,6407,6407_1,109,10,10.383333333333326,04:49:00,04:56:29,4
6411_1__6407_1,6411,6411_1,6407,6407_1,396,11,12.033333333333303,04:49:00,04:56:29,4
6411_1__6407_1,6411,6411_1,6407,6407_1,1253,12,12.066666666666663,04:49:00,04:56:29,4
6411_1__6407_1,6411,6411_1,6407,6407_1,1554,13,14.333333333333314,04:49:00,04:56:29,4
6411_1__6407_1,6411,6411_1,6407,6407_1,1099,14,14.116666666666674,04:49:00,04:56:29,4
6411_1__6407_1,6411,6411_1,6407,6407_1,168,15,14.25,04:49:00,04:56:29,4
6411_1__6407_1,6411,6411_1,6407,6407_1,929,16,13.033333333333303,04:49:00,04:56:29,4
6411_1__6407_1,6411,6411_1,6407,6407_1,94,17,12.700000000000045,04:49:00,04:56:29,4
6411_1__6407_1,6411,6411_1,6407,6407_1,1080,18,12.78333333333336,04:49:00,04:56:29,4
6411_1__6407_1,6411,6411_1,6407,6407_1,146,19,12.783333333333303,04:49:00,04:56:29,4
6411_1__6407_1,6411,6411_1,6407,6407_1,1089,20,12.783333333333303,04:49:00,04:56:29,4
6411_1__6407_1,6411,6411_1,6407,6407_1,213,21,12.616666666666674,04:49:00,04:56:29,4
6411_1__6407_1,6411,6411_1,6407,6407_1,3907,22,13.25,04:49:00,04:56:29,4
6411_1__6407_1,6411,6411_1,6407,6407_1,949,23,11.666666666666629,04:49:00,04:56:29,4
6411_1__6407_1,6411,6411_1,6407,6407_1,913,24,11.150000000000034,04:49:00,04:56:29,4
6411_1__6407_1,6411,6411_1,6407,6407_1,307,25,10.816666666666663,04:49:00,04:56:29,4
6411_1__6407_1,6411,6411_1,6407,6407_1,212,26,10.633333333333326,04:49:00,04:56:29,4
6411_1__6407_1,6411,6411_1,6407,6407_1,2665,27,10.850000000000023,04:49:00,04:56:29,4
6411_1__6407_1,6411,6411_1,6407,6407_1,2736,28,11.28333333333336,04:49:00,04:56:29,4
6411_1__6407_1,6411,6411_1,6407,6407_1,705,29,11.099999999999966,04:49:00,04:56:29,4
6411_1__6407_1,6411,6411_1,6407,6407_1,9979,30,10.683333333333337,04:49:00,04:56:29,4
6411_1__6407_1,6411,6411_1,6407,6407_1,2492,31,11.033333333333303,04:49:00,04:56:29,4
6411_1__6407_1,6411,6411_1,6407,6407_1,946,32,11.083333333333314,04:49:00,04:56:29,4
6411_1__6407_1,6411,6411_1,6407,6407_1,947,33,9.966666666666697,04:49:00,04:56:29,4
6411_1__6407_1,6411,6411_1,6407,6407_1,327,34,10.233333333333348,04:49:00,04:56:29,4
6411_1__6407_1,6411,6411_1,6407,6407_1,3284,35,10.983333333333292,04:49:00,04:56:29,4
6411_1__6407_1,6411,6411_1,6407,6407_1,3282,36,10.983333333333292,04:49:00,04:56:29,4
6411_1__6407_1,6411,6411_1,6407,6407_1,2583,37,9.266666666666708,04:49:00,04:56:29,4
6411_1__6407_1,6411,6411_1,6407,6407_1,2590,38,8.800000000000011,04:49:00,04:56:29,4
6411_1__6407_1,6411,6411_1,6407,6407_1,603,39,7.9833333333333485,04:49:00,04:56:29,4
6411_2__6407_2,6411,6411_2,6407,6407_2,3797,1,9.983333333333348,07:40:30,07:50:29,7
6411_2__6407_2,6411,6411_2,6407,6407_2,2984,2,9.233333333333292,07:40:30,07:50:29,7
6411_2__6407_2,6411,6411_2,6407,6407_2,2685,3,9.966666666666697,07:40:30,07:50:29,7
6411_2__6407_2,6411,6411_2,6407,6407_2,3649,4,9.950000000000045,07:40:30,07:50:29,7
6411_2__6407_2,6411,6411_2,6407,6407_2,482,6,10.866666666666674,07:40:30,07:50:29,7
6411_2__6407_2,6411,6411_2,6407,6407_2,709,7,10.75,07:40:30,07:50:29,7
6411_2__6407_2,6411,6411_2,6407,6407_2,1577,8,10.700000000000045,07:40:30,07:50:29,7
6411_2__6407_2,6411,6411_2,6407,6407_2,990,9,10.533333333333303,07:40:30,07:50:29,7
6411_2__6407_2,6411,6411_2,6407,6407_2,109,10,10.466666666666697,07:40:30,07:50:29,7
6411_2__6407_2,6411,6411_2,6407,6407_2,396,11,12.383333333333326,07:40:30,07:50:29,7
6411_2__6407_2,6411,6411_2,6407,6407_2,1253,12,13.316666666666663,07:40:30,07:50:29,7
6411_2__6407_2,6411,6411_2,6407,6407_2,1554,13,12.933333333333337,07:40:30,07:50:29,7
6411_2__6407_2,6411,6411_2,6407,6407_2,1099,14,13.600000000000023,07:40:30,07:50:29,7
6411_2__6407_2,6411,6411_2,6407,6407_2,168,15,13.183333333333337,07:40:30,07:50:29,7
6411_2__6407_2,6411,6411_2,6407,6407_2,929,16,13.049999999999955,07:40:30,07:50:29,7
6411_2__6407_2,6411,6411_2,6407,6407_2,94,17,13.399999999999977,07:40:30,07:50:29,7
6411_2__6407_2,6411,6411_2,6407,6407_2,1080,18,13.349999999999966,07:40:30,07:50:29,7
6411_2__6407_2,6411,6411_2,6407,6407_2,146,19,12.516666666666708,07:40:30,07:50:29,7
6411_2__6407_2,6411,6411_2,6407,6407_2,1089,20,13.116666666666674,07:40:30,07:50:29,7
6411_2__6407_2,6411,6411_2,6407,6407_2,213,21,12.916666666666686,07:40:30,07:50:29,7
6411_2__6407_2,6411,6411_2,6407,6407_2,3907,22,13.033333333333303,07:40:30,07:50:29,7
6411_2__6407_2,6411,6411_2,6407,6407_2,949,23,12.800000000000011,07:40:30,07:50:29,7
6411_2__6407_2,6411,6411_2,6407,6407_2,913,24,13.383333333333383,07:40:30,07:50:29,7
6411_2__6407_2,6411,6411_2,6407,6407_2,307,25,13.266666666666595,07:40:30,07:50:29,7
6411_2__6407_2,6411,6411_2,6407,6407_2,212,26,13.93333333333328,07:40:30,07:50:29,7
6411_2__6407_2,6411,6411_2,6407,6407_2,2665,27,13.983333333333292,07:40:30,07:50:29,7
6411_2__6407_2,6411,6411_2,6407,6407_2,2736,28,13.566666666666663,07:40:30,07:50:29,7
6411_2__6407_2,6411,6411_2,6407,6407_2,705,29,14.5,07:40:30,07:50:29,7
6411_2__6407_2,6411,6411_2,6407,6407_2,9979,30,15.166666666666629,07:40:30,07:50:29,7
6411_2__6407_2,6411,6411_2,6407,6407_2,2492,31,14.600000000000023,07:40:30,07:50:29,7
6411_2__6407_2,6411,6411_2,6407,6407_2,946,32,15.0,07:40:30,07:50:29,7
6411_2__6407_2,6411,6411_2,6407,6407_2,947,33,13.200000000000045,07:40:30,07:50:29,7
6411_2__6407_2,6411,6411_2,6407,6407_2,327,34,13.416666666666742,07:40:30,07:50:29,7
6411_2__6407_2,6411,6411_2,6407,6407_2,3284,35,13.016666666666652,07:40:30,07:50:29,7
6411_2__6407_2,6411,6411_2,6407,6407_2,3282,36,13.88333333333344,07:40:30,07:50:29,7
6411_2__6407_2,6411,6411_2,6407,6407_2,2583,37,13.016666666666652,07:40:30,07:50:29,7
6411_2__6407_2,6411,6411_2,6407,6407_2,2590,38,13.833333333333371,07:40:30,07:50:29,7
6411_2__6407_2,6411,6411_2,6407,6407_2,603,39,13.166666666666629,07:40:30,07:50:29,7
6411_3__6407_3,6411,6411_3,6407,6407_3,3797,1,10.983333333333348,10:39:30,10:50:29,10
6411_3__6407_3,6411,6411_3,6407,6407_3,2984,2,8.983333333333348,10:39:30,10:50:29,10
6411_3__6407_3,6411,6411_3,6407,6407_3,2685,3,8.350000000000023,10:39:30,10:50:29,10
6411_3__6407_3,6411,6411_3,6407,6407_3,3649,4,7.899999999999977,10:39:30,10:50:29,10
6411_3__6407_3,6411,6411_3,6407,6407_3,3747,5,7.75,10:39:30,10:50:29,10
6411_3__6407_3,6411,6411_3,6407,6407_3,482,6,7.783333333333303,10:39:30,10:50:29,10
6411_3__6407_3,6411,6411_3,6407,6407_3,709,7,8.033333333333417,10:39:30,10:50:29,10
6411_3__6407_3,6411,6411_3,6407,6407_3,1577,8,7.149999999999977,10:39:30,10:50:29,10
6411_3__6407_3,6411,6411_3,6407,6407_3,990,9,8.283333333333303,10:39:30,10:50:29,10
6411_3__6407_3,6411,6411_3,6407,6407_3,109,10,8.100000000000023,10:39:30,10:50:29,10
6411_3__6407_3,6411,6411_3,6407,6407_3,396,11,7.616666666666674,10:39:30,10:50:29,10
6411_3__6407_3,6411,6411_3,6407,6407_3,1253,12,7.2666666666666515,10:39:30,10:50:29,10
6411_3__6407_3,6411,6411_3,6407,6407_3,1554,13,6.466666666666697,10:39:30,10:50:29,10
6411_3__6407_3,6411,6411_3,6407,6407_3,1099,14,6.5,10:39:30,10:50:29,10
6411_3__6407_3,6411,6411_3,6407,6407_3,168,15,5.93333333333328,10:39:30,10:50:29,10
6411_3__6407_3,6411,6411_3,6407,6407_3,929,16,6.600000000000023,10:39:30,10:50:29,10
6411_3__6407_3,6411,6411_3,6407,6407_3,94,17,5.5,10:39:30,10:50:29,10
6411_3__6407_3,6411,6411_3,6407,6407_3,1080,18,4.0,10:39:30,10:50:29,10
6411_3__6407_3,6411,6411_3,6407,6407_3,146,19,4.466666666666697,10:39:30,10:50:29,10
6411_3__6407_3,6411,6411_3,6407,6407_3,1089,20,4.866666666666674,10:39:30,10:50:29,10
6411_3__6407_3,6411,6411_3,6407,6407_3,213,21,5.7666666666666515,10:39:30,10:50:29,10
6411_3__6407_3,6411,6411_3,6407,6407_3,3907,22,5.0,10:39:30,10:50:29,10
6411_3__6407_3,6411,6411_3,6407,6407_3,949,23,3.4833333333333485,10:39:30,10:50:29,10
6411_3__6407_3,6411,6411_3,6407,6407_3,913,24,4.4166666666667425,10:39:30,10:50:29,10
6411_3__6407_3,6411,6411_3,6407,6407_3,307,25,4.616666666666561,10:39:30,10:50:29,10
6411_3__6407_3,6411,6411_3,6407,6407_3,212,26,4.699999999999932,10:39:30,10:50:29,10
6411_3__6407_3,6411,6411_3,6407,6407_3,2665,27,4.716666666666697,10:39:30,10:50:29,10
6411_3__6407_3,6411,6411_3,6407,6407_3,2736,28,4.8333333333332575,10:39:30,10:50:29,10
6411_3__6407_3,6411,6411_3,6407,6407_3,705,29,4.3333333333332575,10:39:30,10:50:29,10
6411_3__6407_3,6411,6411_3,6407,6407_3,9979,30,5.649999999999977,10:39:30,10:50:29,10
6411_3__6407_3,6411,6411_3,6407,6407_3,2492,31,5.833333333333371,10:39:30,10:50:29,10
6411_3__6407_3,6411,6411_3,6407,6407_3,946,32,5.716666666666697,10:39:30,10:50:29,10
6411_3__6407_3,6411,6411_3,6407,6407_3,947,33,5.2999999999999545,10:39:30,10:50:29,10
6411_3__6407_3,6411,6411_3,6407,6407_3,327,34,5.149999999999977,10:39:30,10:50:29,10
6411_3__6407_3,6411,6411_3,6407,6407_3,3284,35,5.06666666666672,10:39:30,10:50:29,10
6411_3__6407_3,6411,6411_3,6407,6407_3,3282,36,5.849999999999909,10:39:30,10:50:29,10
6411_3__6407_3,6411,6411_3,6407,6407_3,2583,37,6.583333333333371,10:39:30,10:50:29,10
6411_3__6407_3,6411,6411_3,6407,6407_3,2590,38,5.5833333333332575,10:39:30,10:50:29,10
6411_3__6407_3,6411,6411_3,6407,6407_3,603,39,5.81666666666672,10:39:30,10:50:29,10
6411_4__6407_4,6411,6411_4,6407,6407_4,3797,1,10.0,13:38:59,13:48:59,13
6411_4__6407_4,6411,6411_4,6407,6407_4,2984,2,11.766666666666652,13:38:59,13:48:59,13
6411_4__6407_4,6411,6411_4,6407,6407_4,2685,3,11.649999999999977,13:38:59,13:48:59,13
6411_4__6407_4,6411,6411_4,6407,6407_4,3649,4,11.166666666666629,13:38:59,13:48:59,13
6411_4__6407_4,6411,6411_4,6407,6407_4,3747,5,11.06666666666672,13:38:59,13:48:59,13
6411_4__6407_4,6411,6411_4,6407,6407_4,482,6,12.133333333333326,13:38:59,13:48:59,13
6411_4__6407_4,6411,6411_4,6407,6407_4,709,7,13.216666666666697,13:38:59,13:48:59,13
6411_4__6407_4,6411,6411_4,6407,6407_4,1577,8,13.25,13:38:59,13:48:59,13
6411_4__6407_4,6411,6411_4,6407,6407_4,990,9,12.950000000000045,13:38:59,13:48:59,13
6411_4__6407_4,6411,6411_4,6407,6407_4,109,10,13.783333333333303,13:38:59,13:48:59,13
6411_4__6407_4,6411,6411_4,6407,6407_4,396,11,13.416666666666629,13:38:59,13:48:59,13
6411_4__6407_4,6411,6411_4,6407,6407_4,1253,12,14.283333333333303,13:38:59,13:48:59,13
6411_4__6407_4,6411,6411_4,6407,6407_4,1554,13,14.200000000000045,13:38:59,13:48:59,13
6411_4__6407_4,6411,6411_4,6407,6407_4,1099,14,14.200000000000045,13:38:59,13:48:59,13
6411_4__6407_4,6411,6411_4,6407,6407_4,168,15,14.083333333333371,13:38:59,13:48:59,13
6411_4__6407_4,6411,6411_4,6407,6407_4,929,16,13.550000000000068,13:38:59,13:48:59,13
6411_4__6407_4,6411,6411_4,6407,6407_4,94,17,14.25,13:38:59,13:48:59,13
6411_4__6407_4,6411,6411_4,6407,6407_4,1080,18,14.016666666666652,13:38:59,13:48:59,13
6411_4__6407_4,6411,6411_4,6407,6407_4,146,19,11.133333333333326,13:38:59,13:48:59,13
6411_4__6407_4,6411,6411_4,6407,6407_4,1089,20,11.783333333333303,13:38:59,13:48:59,13
6411_4__6407_4,6411,6411_4,6407,6407_4,213,21,10.650000000000091,13:38:59,13:48:59,13
6411_4__6407_4,6411,6411_4,6407,6407_4,3907,22,12.033333333333303,13:38:59,13:48:59,13
6411_4__6407_4,6411,6411_4,6407,6407_4,949,23,12.200000000000045,13:38:59,13:48:59,13
6411_4__6407_4,6411,6411_4,6407,6407_4,913,24,10.716666666666583,13:38:59,13:48:59,13
6411_4__6407_4,6411,6411_4,6407,6407_4,307,25,10.399999999999977,13:38:59,13:48:59,13
6411_4__6407_4,6411,6411_4,6407,6407_4,212,26,8.383333333333326,13:38:59,13:48:59,13
6411_4__6407_4,6411,6411_4,6407,6407_4,2665,27,9.300000000000068,13:38:59,13:48:59,13
6411_4__6407_4,6411,6411_4,6407,6407_4,2736,28,8.549999999999955,13:38:59,13:48:59,13
6411_4__6407_4,6411,6411_4,6407,6407_4,705,29,7.633333333333326,13:38:59,13:48:59,13
6411_4__6407_4,6411,6411_4,6407,6407_4,9979,30,7.150000000000091,13:38:59,13:48:59,13
6411_4__6407_4,6411,6411_4,6407,6407_4,2492,31,7.116666666666561,13:38:59,13:48:59,13
6411_4__6407_4,6411,6411_4,6407,6407_4,946,32,7.466666666666697,13:38:59,13:48:59,13
6411_4__6407_4,6411,6411_4,6407,6407_4,947,33,6.533333333333417,13:38:59,13:48:59,13
6411_4__6407_4,6411,6411_4,6407,6407_4,327,34,6.100000000000023,13:38:59,13:48:59,13
6411_4__6407_4,6411,6411_4,6407,6407_4,3284,35,5.81666666666672,13:38:59,13:48:59,13
6411_4__6407_4,6411,6411_4,6407,6407_4,3282,36,6.133333333333326,13:38:59,13:48:59,13
6411_4__6407_4,6411,6411_4,6407,6407_4,2583,37,6.099999999999909,13:38:59,13:48:59,13
6411_4__6407_4,6411,6411_4,6407,6407_4,2590,38,5.4500000000000455,13:38:59,13:48:59,13
6411_4__6407_4,6411,6411_4,6407,6407_4,603,39,4.600000000000023,13:38:59,13:48:59,13
6411_5__6407_5,6411,6411_5,6407,6407_5,3797,1,9.016666666666652,16:40:58,16:49:59,16
6411_5__6407_5,6411,6411_5,6407,6407_5,2984,2,7.5166666666666515,16:40:58,16:49:59,16
6411_5__6407_5,6411,6411_5,6407,6407_5,2685,3,6.800000000000068,16:40:58,16:49:59,16
6411_5__6407_5,6411,6411_5,6407,6407_5,3649,4,6.2333333333333485,16:40:58,16:49:59,16
6411_5__6407_5,6411,6411_5,6407,6407_5,3747,5,6.133333333333326,16:40:58,16:49:59,16
6411_5__6407_5,6411,6411_5,6407,6407_5,482,6,6.5499999999999545,16:40:58,16:49:59,16
6411_5__6407_5,6411,6411_5,6407,6407_5,709,7,6.633333333333326,16:40:58,16:49:59,16
6411_5__6407_5,6411,6411_5,6407,6407_5,1577,8,5.116666666666561,16:40:58,16:49:59,16
6411_5__6407_5,6411,6411_5,6407,6407_5,990,9,5.666666666666629,16:40:58,16:49:59,16
6411_5__6407_5,6411,6411_5,6407,6407_5,109,10,5.499999999999886,16:40:58,16:49:59,16
6411_5__6407_5,6411,6411_5,6407,6407_5,396,11,4.550000000000182,16:40:58,16:49:59,16
6411_5__6407_5,6411,6411_5,6407,6407_5,1253,12,2.833333333333485,16:40:58,16:49:59,16
6411_5__6407_5,6411,6411_5,6407,6407_5,1554,13,2.7999999999999545,16:40:58,16:49:59,16
6411_5__6407_5,6411,6411_5,6407,6407_5,1099,14,3.7000000000000455,16:40:58,16:49:59,16
6411_5__6407_5,6411,6411_5,6407,6407_5,168,15,3.816666666666606,16:40:58,16:49:59,16
6411_5__6407_5,6411,6411_5,6407,6407_5,929,16,4.850000000000136,16:40:58,16:49:59,16
6411_5__6407_5,6411,6411_5,6407,6407_5,94,17,5.5833333333332575,16:40:58,16:49:59,16
6411_5__6407_5,6411,6411_5,6407,6407_5,1080,18,6.933333333333394,16:40:58,16:49:59,16
6411_5__6407_5,6411,6411_5,6407,6407_5,146,19,5.883333333333212,16:40:58,16:49:59,16
6411_5__6407_5,6411,6411_5,6407,6407_5,1089,20,6.25,16:40:58,16:49:59,16
6411_5__6407_5,6411,6411_5,6407,6407_5,213,21,6.2666666666666515,16:40:58,16:49:59,16
6411_5__6407_5,6411,6411_5,6407,6407_5,3907,22,6.716666666666697,16:40:58,16:49:59,16
6411_5__6407_5,6411,6411_5,6407,6407_5,949,23,5.866666666666561,16:40:58,16:49:59,16
6411_5__6407_5,6411,6411_5,6407,6407_5,913,24,5.2333333333333485,16:40:58,16:49:59,16
6411_5__6407_5,6411,6411_5,6407,6407_5,307,25,4.3333333333332575,16:40:58,16:49:59,16
6411_5__6407_5,6411,6411_5,6407,6407_5,212,26,4.4833333333333485,16:40:58,16:49:59,16
6411_5__6407_5,6411,6411_5,6407,6407_5,2665,27,3.7333333333333485,16:40:58,16:49:59,16
6411_5__6407_5,6411,6411_5,6407,6407_5,2736,28,5.0,16:40:58,16:49:59,16
6411_5__6407_5,6411,6411_5,6407,6407_5,705,29,5.683333333333394,16:40:58,16:49:59,16
6411_5__6407_5,6411,6411_5,6407,6407_5,9979,30,6.0499999999999545,16:40:58,16:49:59,16
6411_5__6407_5,6411,6411_5,6407,6407_5,2492,31,5.1666666666667425,16:40:58,16:49:59,16
6411_5__6407_5,6411,6411_5,6407,6407_5,946,32,5.2999999999999545,16:40:58,16:49:59,16
6411_5__6407_5,6411,6411_5,6407,6407_5,947,33,4.783333333333303,16:40:58,16:49:59,16
6411_5__6407_5,6411,6411_5,6407,6407_5,327,34,5.3333333333332575,16:40:58,16:49:59,16
6411_5__6407_5,6411,6411_5,6407,6407_5,3284,35,4.7333333333333485,16:40:58,16:49:59,16
6411_5__6407_5,6411,6411_5,6407,6407_5,3282,36,3.5166666666666515,16:40:58,16:49:59,16
6411_5__6407_5,6411,6411_5,6407,6407_5,2583,37,4.116666666666561,16:40:58,16:49:59,16
6411_5__6407_5,6411,6411_5,6407,6407_5,2590,38,3.4500000000000455,16:40:58,16:49:59,16
6411_5__6407_5,6411,6411_5,6407,6407_5,603,39,3.816666666666606,16:40:58,16:49:59,16
6411_6__6083_3,6411,6411_6,6083,6083_3,3797,1,9.983333333333348,19:34:59,19:44:58,19
6411_6__6083_3,6411,6411_6,6083,6083_3,2984,2,9.5,19:34:59,19:44:58,19
6411_6__6083_3,6411,6411_6,6083,6083_3,2685,3,9.766666666666652,19:34:59,19:44:58,19
6411_6__6083_3,6411,6411_6,6083,6083_3,3649,4,9.016666666666652,19:34:59,19:44:58,19
6411_6__6083_3,6411,6411_6,6083,6083_3,3747,5,8.966666666666697,19:34:59,19:44:58,19
6411_6__6083_3,6411,6411_6,6083,6083_3,482,6,7.1666666666667425,19:34:59,19:44:58,19
6411_6__6083_3,6411,6411_6,6083,6083_3,709,7,6.866666666666561,19:34:59,19:44:58,19
6411_6__6083_3,6411,6411_6,6083,6083_3,1577,8,8.316666666666606,19:34:59,19:44:58,19
6411_6__6083_3,6411,6411_6,6083,6083_3,990,9,6.1666666666667425,19:34:59,19:44:58,19
6411_6__6083_3,6411,6411_6,6083,6083_3,109,10,6.833333333333485,19:34:59,19:44:58,19
6411_6__6083_3,6411,6411_6,6083,6083_3,396,11,7.816666666666606,19:34:59,19:44:58,19
6411_6__6083_3,6411,6411_6,6083,6083_3,1253,12,6.949999999999818,19:34:59,19:44:58,19
6411_6__6083_3,6411,6411_6,6083,6083_3,1554,13,6.5166666666666515,19:34:59,19:44:58,19
6411_6__6083_3,6411,6411_6,6083,6083_3,1099,14,5.5499999999999545,19:34:59,19:44:58,19
6411_6__6083_3,6411,6411_6,6083,6083_3,168,15,6.083333333333485,19:34:59,19:44:58,19
6411_6__6083_3,6411,6411_6,6083,6083_3,929,16,7.1666666666667425,19:34:59,19:44:58,19
6411_6__6083_3,6411,6411_6,6083,6083_3,94,17,6.4500000000000455,19:34:59,19:44:58,19
6411_6__6083_3,6411,6411_6,6083,6083_3,1080,18,6.466666666666697,19:34:59,19:44:58,19
6411_6__6083_3,6411,6411_6,6083,6083_3,146,19,6.566666666666833,19:34:59,19:44:58,19
6411_6__6083_3,6411,6411_6,6083,6083_3,1089,20,7.100000000000136,19:34:59,19:44:58,19
6411_6__6083_3,6411,6411_6,6083,6083_3,213,21,9.916666666666515,19:34:59,19:44:58,19
6411_6__6083_3,6411,6411_6,6083,6083_3,3907,22,9.533333333333303,19:34:59,19:44:58,19
6411_6__6083_3,6411,6411_6,6083,6083_3,949,23,9.649999999999864,19:34:59,19:44:58,19
6411_6__6083_3,6411,6411_6,6083,6083_3,913,24,9.716666666666697,19:34:59,19:44:58,19
6411_6__6083_3,6411,6411_6,6083,6083_3,307,25,9.86666666666656,19:34:59,19:44:58,19
6411_6__6083_3,6411,6411_6,6083,6083_3,212,26,10.666666666666742,19:34:59,19:44:58,19
6411_6__6083_3,6411,6411_6,6083,6083_3,2665,27,10.416666666666515,19:34:59,19:44:58,19
6411_6__6083_3,6411,6411_6,6083,6083_3,2736,28,9.733333333333348,19:34:59,19:44:58,19
6411_6__6083_3,6411,6411_6,6083,6083_3,705,29,11.049999999999955,19:34:59,19:44:58,19
6411_6__6083_3,6411,6411_6,6083,6083_3,9979,30,10.866666666666788,19:34:59,19:44:58,19
6411_6__6083_3,6411,6411_6,6083,6083_3,2492,31,10.88333333333344,19:34:59,19:44:58,19
6411_6__6083_3,6411,6411_6,6083,6083_3,946,32,10.916666666666515,19:34:59,19:44:58,19
6411_6__6083_3,6411,6411_6,6083,6083_3,947,33,11.86666666666656,19:34:59,19:44:58,19
6411_6__6083_3,6411,6411_6,6083,6083_3,327,34,11.799999999999955,19:34:59,19:44:58,19
6411_6__6083_3,6411,6411_6,6083,6083_3,3284,35,12.316666666666833,19:34:59,19:44:58,19
6411_6__6083_3,6411,6411_6,6083,6083_3,3282,36,11.316666666666833,19:34:59,19:44:58,19
6411_6__6083_3,6411,6411_6,6083,6083_3,2583,37,11.266666666666652,19:34:59,19:44:58,19
6411_6__6083_3,6411,6411_6,6083,6083_3,2590,38,10.200000000000045,19:34:59,19:44:58,19
6411_6__6083_3,6411,6411_6,6083,6083_3,603,39,11.216666666666697,19:34:59,19:44:58,19
6414_1__6117_1,6414,6414_1,6117,6117_1,3797,1,9.016666666666652,05:21:29,05:30:30,5
6414_1__6117_1,6414,6414_1,6117,6117_1,2984,2,7.966666666666697,05:21:29,05:30:30,5
6414_1__6117_1,6414,6414_1,6117,6117_1,2685,3,7.649999999999977,05:21:29,05:30:30,5
6414_1__6117_1,6414,6414_1,6117,6117_1,3649,4,8.433333333333337,05:21:29,05:30:30,5
6414_1__6117_1,6414,6414_1,6117,6117_1,3747,5,10.199999999999989,05:21:29,05:30:30,5
6414_1__6117_1,6414,6414_1,6117,6117_1,482,6,9.416666666666686,05:21:29,05:30:30,5
6414_1__6117_1,6414,6414_1,6117,6117_1,709,7,8.916666666666629,05:21:29,05:30:30,5
6414_1__6117_1,6414,6414_1,6117,6117_1,1577,8,9.166666666666686,05:21:29,05:30:30,5
6414_1__6117_1,6414,6414_1,6117,6117_1,990,9,10.116666666666674,05:21:29,05:30:30,5
6414_1__6117_1,6414,6414_1,6117,6117_1,109,10,10.5,05:21:29,05:30:30,5
6414_1__6117_1,6414,6414_1,6117,6117_1,396,11,11.016666666666708,05:21:29,05:30:30,5
6414_1__6117_1,6414,6414_1,6117,6117_1,1253,12,11.949999999999989,05:21:29,05:30:30,5
6414_1__6117_1,6414,6414_1,6117,6117_1,1554,13,11.566666666666663,05:21:29,05:30:30,5
6414_1__6117_1,6414,6414_1,6117,6117_1,1099,14,12.149999999999977,05:21:29,05:30:30,5
6414_1__6117_1,6414,6414_1,6117,6117_1,168,15,12.149999999999977,05:21:29,05:30:30,5
6414_1__6117_1,6414,6414_1,6117,6117_1,929,16,13.116666666666674,05:21:29,05:30:30,5
6414_1__6117_1,6414,6414_1,6117,6117_1,94,17,12.516666666666652,05:21:29,05:30:30,5
6414_1__6117_1,6414,6414_1,6117,6117_1,1080,18,12.53333333333336,05:21:29,05:30:30,5
6414_1__6117_1,6414,6414_1,6117,6117_1,146,19,13.433333333333337,05:21:29,05:30:30,5
6414_1__6117_1,6414,6414_1,6117,6117_1,1089,20,14.133333333333383,05:21:29,05:30:30,5
6414_1__6117_1,6414,6414_1,6117,6117_1,213,21,14.049999999999955,05:21:29,05:30:30,5
6414_1__6117_1,6414,6414_1,6117,6117_1,3907,22,14.183333333333337,05:21:29,05:30:30,5
6414_1__6117_1,6414,6414_1,6117,6117_1,949,23,15.016666666666652,05:21:29,05:30:30,5
6414_1__6117_1,6414,6414_1,6117,6117_1,913,24,15.28333333333336,05:21:29,05:30:30,5
6414_1__6117_1,6414,6414_1,6117,6117_1,307,25,15.033333333333303,05:21:29,05:30:30,5
6414_1__6117_1,6414,6414_1,6117,6117_1,212,26,15.066666666666663,05:21:29,05:30:30,5
6414_1__6117_1,6414,6414_1,6117,6117_1,2665,27,15.866666666666674,05:21:29,05:30:30,5
6414_1__6117_1,6414,6414_1,6117,6117_1,2736,28,15.849999999999966,05:21:29,05:30:30,5
6414_1__6117_1,6414,6414_1,6117,6117_1,705,29,16.849999999999966,05:21:29,05:30:30,5
6414_1__6117_1,6414,6414_1,6117,6117_1,9979,30,17.05000000000001,05:21:29,05:30:30,5
6414_1__6117_1,6414,6414_1,6117,6117_1,2492,31,17.05000000000001,05:21:29,05:30:30,5
6414_1__6117_1,6414,6414_1,6117,6117_1,946,32,17.91666666666663,05:21:29,05:30:30,5
6414_1__6117_1,6414,6414_1,6117,6117_1,947,33,17.133333333333326,05:21:29,05:30:30,5
6414_1__6117_1,6414,6414_1,6117,6117_1,327,34,17.433333333333337,05:21:29,05:30:30,5
6414_1__6117_1,6414,6414_1,6117,6117_1,3284,35,17.083333333333314,05:21:29,05:30:30,5
6414_1__6117_1,6414,6414_1,6117,6117_1,3282,36,18.28333333333336,05:21:29,05:30:30,5
6414_1__6117_1,6414,6414_1,6117,6117_1,2583,37,17.066666666666663,05:21:29,05:30:30,5
6414_1__6117_1,6414,6414_1,6117,6117_1,2590,38,18.03333333333336,05:21:29,05:30:30,5
6414_1__6117_1,6414,6414_1,6117,6117_1,603,39,17.933333333333337,05:21:29,05:30:30,5
6414_2__6117_2,6414,6414_2,6117,6117_2,3797,1,11.0,08:16:30,08:27:30,8
6414_2__6117_2,6414,6414_2,6117,6117_2,2984,2,11.899999999999977,08:16:30,08:27:30,8
6414_2__6117_2,6414,6414_2,6117,6117_2,2685,3,11.100000000000023,08:16:30,08:27:30,8
6414_2__6117_2,6414,6414_2,6117,6117_2,3649,4,12.416666666666629,08:16:30,08:27:30,8
6414_2__6117_2,6414,6414_2,6117,6117_2,3747,5,12.5,08:16:30,08:27:30,8
6414_2__6117_2,6414,6414_2,6117,6117_2,482,6,12.433333333333337,08:16:30,08:27:30,8
6414_2__6117_2,6414,6414_2,6117,6117_2,709,7,11.35000000000008,08:16:30,08:27:30,8
6414_2__6117_2,6414,6414_2,6117,6117_2,1577,8,11.133333333333269,08:16:30,08:27:30,8
6414_2__6117_2,6414,6414_2,6117,6117_2,990,9,11.549999999999955,08:16:30,08:27:30,8
6414_2__6117_2,6414,6414_2,6117,6117_2,109,10,12.416666666666629,08:16:30,08:27:30,8
6414_2__6117_2,6414,6414_2,6117,6117_2,396,11,12.06666666666672,08:16:30,08:27:30,8
6414_2__6117_2,6414,6414_2,6117,6117_2,1253,12,12.116666666666674,08:16:30,08:27:30,8
6414_2__6117_2,6414,6414_2,6117,6117_2,1554,13,12.916666666666629,08:16:30,08:27:30,8
6414_2__6117_2,6414,6414_2,6117,6117_2,1099,14,11.966666666666697,08:16:30,08:27:30,8
6414_2__6117_2,6414,6414_2,6117,6117_2,168,15,12.866666666666674,08:16:30,08:27:30,8
6414_2__6117_2,6414,6414_2,6117,6117_2,929,16,12.166666666666629,08:16:30,08:27:30,8
6414_2__6117_2,6414,6414_2,6117,6117_2,94,17,12.716666666666697,08:16:30,08:27:30,8
6414_2__6117_2,6414,6414_2,6117,6117_2,1080,18,12.950000000000045,08:16:30,08:27:30,8
6414_2__6117_2,6414,6414_2,6117,6117_2,146,19,11.566666666666606,08:16:30,08:27:30,8
6414_2__6117_2,6414,6414_2,6117,6117_2,1089,20,11.166666666666629,08:16:30,08:27:30,8
6414_2__6117_2,6414,6414_2,6117,6117_2,213,21,11.816666666666606,08:16:30,08:27:30,8
6414_2__6117_2,6414,6414_2,6117,6117_2,3907,22,11.466666666666583,08:16:30,08:27:30,8
6414_2__6117_2,6414,6414_2,6117,6117_2,949,23,10.116666666666674,08:16:30,08:27:30,8
6414_2__6117_2,6414,6414_2,6117,6117_2,913,24,11.050000000000068,08:16:30,08:27:30,8
6414_2__6117_2,6414,6414_2,6117,6117_2,307,25,10.75,08:16:30,08:27:30,8
6414_2__6117_2,6414,6414_2,6117,6117_2,212,26,11.033333333333417,08:16:30,08:27:30,8
6414_2__6117_2,6414,6414_2,6117,6117_2,2665,27,10.333333333333371,08:16:30,08:27:30,8
6414_2__6117_2,6414,6414_2,6117,6117_2,2736,28,11.06666666666672,08:16:30,08:27:30,8
6414_2__6117_2,6414,6414_2,6117,6117_2,705,29,11.333333333333371,08:16:30,08:27:30,8
6414_2__6117_2,6414,6414_2,6117,6117_2,9979,30,10.949999999999932,08:16:30,08:27:30,8
6414_2__6117_2,6414,6414_2,6117,6117_2,2492,31,11.683333333333394,08:16:30,08:27:30,8
6414_2__6117_2,6414,6414_2,6117,6117_2,946,32,10.466666666666583,08:16:30,08:27:30,8
6414_2__6117_2,6414,6414_2,6117,6117_2,947,33,11.700000000000045,08:16:30,08:27:30,8
6414_2__6117_2,6414,6414_2,6117,6117_2,327,34,11.483333333333348,08:16:30,08:27:30,8
6414_2__6117_2,6414,6414_2,6117,6117_2,3284,35,13.43333333333328,08:16:30,08:27:30,8
6414_2__6117_2,6414,6414_2,6117,6117_2,3282,36,14.149999999999977,08:16:30,08:27:30,8
6414_2__6117_2,6414,6414_2,6117,6117_2,2583,37,14.600000000000023,08:16:30,08:27:30,8
6414_2__6117_2,6414,6414_2,6117,6117_2,2590,38,14.0,08:16:30,08:27:30,8
6414_2__6117_2,6414,6414_2,6117,6117_2,603,39,14.516666666666652,08:16:30,08:27:30,8
6414_3__6117_3,6414,6414_3,6117,6117_3,2984,2,11.850000000000023,11:19:15,11:31:06,11
6414_3__6117_3,6414,6414_3,6117,6117_3,2685,3,10.049999999999955,11:19:15,11:31:06,11
6414_3__6117_3,6414,6414_3,6117,6117_3,3649,4,9.649999999999977,11:19:15,11:31:06,11
6414_3__6117_3,6414,6414_3,6117,6117_3,3747,5,9.383333333333326,11:19:15,11:31:06,11
6414_3__6117_3,6414,6414_3,6117,6117_3,482,6,9.100000000000023,11:19:15,11:31:06,11
6414_3__6117_3,6414,6414_3,6117,6117_3,709,7,8.383333333333326,11:19:15,11:31:06,11
6414_3__6117_3,6414,6414_3,6117,6117_3,1577,8,8.116666666666674,11:19:15,11:31:06,11
6414_3__6117_3,6414,6414_3,6117,6117_3,109,10,6.2000000000000455,11:19:15,11:31:06,11
6414_3__6117_3,6414,6414_3,6117,6117_3,396,11,6.300000000000068,11:19:15,11:31:06,11
6414_3__6117_3,6414,6414_3,6117,6117_3,1253,12,6.4833333333333485,11:19:15,11:31:06,11
6414_3__6117_3,6414,6414_3,6117,6117_3,1099,14,6.533333333333303,11:19:15,11:31:06,11
6802_2__6114_1,6802,6802_2,6114,6114_1,3797,1,10.0,09:40:30,09:50:30,9
6802_2__6114_1,6802,6802_2,6114,6114_1,2984,2,12.283333333333303,09:40:30,09:50:30,9
6802_2__6114_1,6802,6802_2,6114,6114_1,2685,3,13.383333333333326,09:40:30,09:50:30,9
6802_2__6114_1,6802,6802_2,6114,6114_1,3649,4,12.5,09:40:30,09:50:30,9
6802_2__6114_1,6802,6802_2,6114,6114_1,3747,5,13.116666666666674,09:40:30,09:50:30,9
6802_2__6114_1,6802,6802_2,6114,6114_1,482,6,12.766666666666652,09:40:30,09:50:30,9
6802_2__6114_1,6802,6802_2,6114,6114_1,709,7,13.016666666666765,09:40:30,09:50:30,9
6802_2__6114_1,6802,6802_2,6114,6114_1,1577,8,14.366666666666674,09:40:30,09:50:30,9
6802_2__6114_1,6802,6802_2,6114,6114_1,990,9,14.883333333333326,09:40:30,09:50:30,9
6802_2__6114_1,6802,6802_2,6114,6114_1,109,10,13.916666666666629,09:40:30,09:50:30,9
6802_2__6114_1,6802,6802_2,6114,6114_1,396,11,14.06666666666672,09:40:30,09:50:30,9
6802_2__6114_1,6802,6802_2,6114,6114_1,1253,12,14.916666666666742,09:40:30,09:50:30,9
6802_2__6114_1,6802,6802_2,6114,6114_1,1554,13,14.649999999999977,09:40:30,09:50:30,9
6802_2__6114_1,6802,6802_2,6114,6114_1,1099,14,14.033333333333417,09:40:30,09:50:30,9
6802_2__6114_1,6802,6802_2,6114,6114_1,168,15,13.733333333333348,09:40:30,09:50:30,9
6802_2__6114_1,6802,6802_2,6114,6114_1,929,16,13.983333333333348,09:40:30,09:50:30,9
6802_2__6114_1,6802,6802_2,6114,6114_1,94,17,13.533333333333417,09:40:30,09:50:30,9
6802_2__6114_1,6802,6802_2,6114,6114_1,1080,18,16.283333333333303,09:40:30,09:50:30,9
6802_2__6114_1,6802,6802_2,6114,6114_1,146,19,16.716666666666583,09:40:30,09:50:30,9
6802_2__6114_1,6802,6802_2,6114,6114_1,1089,20,16.616666666666674,09:40:30,09:50:30,9
6802_2__6114_1,6802,6802_2,6114,6114_1,213,21,17.68333333333328,09:40:30,09:50:30,9
6802_2__6114_1,6802,6802_2,6114,6114_1,3907,22,17.800000000000068,09:40:30,09:50:30,9
6802_2__6114_1,6802,6802_2,6114,6114_1,949,23,17.98333333333335,09:40:30,09:50:30,9
6802_2__6114_1,6802,6802_2,6114,6114_1,307,25,17.200000000000045,09:40:30,09:50:30,9
6802_2__6114_1,6802,6802_2,6114,6114_1,212,26,16.283333333333303,09:40:30,09:50:30,9
6802_2__6114_1,6802,6802_2,6114,6114_1,2665,27,16.700000000000045,09:40:30,09:50:30,9
6802_2__6114_1,6802,6802_2,6114,6114_1,2736,28,15.949999999999932,09:40:30,09:50:30,9
6802_2__6114_1,6802,6802_2,6114,6114_1,705,29,16.383333333333326,09:40:30,09:50:30,9
6802_2__6114_1,6802,6802_2,6114,6114_1,9979,30,15.866666666666674,09:40:30,09:50:30,9
6802_2__6114_1,6802,6802_2,6114,6114_1,2492,31,16.40000000000009,09:40:30,09:50:30,9
6802_2__6114_1,6802,6802_2,6114,6114_1,946,32,16.433333333333394,09:40:30,09:50:30,9
6802_2__6114_1,6802,6802_2,6114,6114_1,947,33,16.966666666666697,09:40:30,09:50:30,9
6802_2__6114_1,6802,6802_2,6114,6114_1,327,34,17.100000000000023,09:40:30,09:50:30,9
6802_2__6114_1,6802,6802_2,6114,6114_1,3284,35,16.649999999999977,09:40:30,09:50:30,9
6802_2__6114_1,6802,6802_2,6114,6114_1,3282,36,16.25,09:40:30,09:50:30,9
6802_2__6114_1,6802,6802_2,6114,6114_1,2583,37,16.716666666666583,09:40:30,09:50:30,9
6802_2__6114_1,6802,6802_2,6114,6114_1,2590,38,17.90000000000009,09:40:30,09:50:30,9
6802_2__6114_1,6802,6802_2,6114,6114_1,603,39,17.91666666666663,09:40:30,09:50:30,9
6802_3__6114_2,6802,6802_3,6114,6114_2,3797,1,8.983333333333348,12:39:59,12:48:58,12
6802_3__6114_2,6802,6802_3,6114,6114_2,2984,2,9.183333333333394,12:39:59,12:48:58,12
6802_3__6114_2,6802,6802_3,6114,6114_2,2685,3,9.133333333333326,12:39:59,12:48:58,12
6802_3__6114_2,6802,6802_3,6114,6114_2,3747,5,9.25,12:39:59,12:48:58,12
6802_3__6114_2,6802,6802_3,6114,6114_2,482,6,9.066666666666606,12:39:59,12:48:58,12
6802_3__6114_2,6802,6802_3,6114,6114_2,709,7,8.633333333333326,12:39:59,12:48:58,12
6802_3__6114_2,6802,6802_3,6114,6114_2,109,10,7.850000000000023,12:39:59,12:48:58,12
6802_3__6114_2,6802,6802_3,6114,6114_2,1253,12,8.033333333333303,12:39:59,12:48:58,12
6802_3__6114_2,6802,6802_3,6114,6114_2,1554,13,7.133333333333326,12:39:59,12:48:58,12
6802_3__6114_2,6802,6802_3,6114,6114_2,1099,14,8.083333333333258,12:39:59,12:48:58,12
6802_3__6114_2,6802,6802_3,6114,6114_2,168,15,8.200000000000045,12:39:59,12:48:58,12
6802_3__6114_2,6802,6802_3,6114,6114_2,929,16,7.9833333333333485,12:39:59,12:48:58,12
6802_3__6114_2,6802,6802_3,6114,6114_2,94,17,7.399999999999977,12:39:59,12:48:58,12
6802_3__6114_2,6802,6802_3,6114,6114_2,1080,18,5.716666666666697,12:39:59,12:48:58,12
6802_3__6114_2,6802,6802_3,6114,6114_2,146,19,5.0499999999999545,12:39:59,12:48:58,12
6802_3__6114_2,6802,6802_3,6114,6114_2,1089,20,4.93333333333328,12:39:59,12:48:58,12
6802_3__6114_2,6802,6802_3,6114,6114_2,213,21,4.716666666666697,12:39:59,12:48:58,12
6802_3__6114_2,6802,6802_3,6114,6114_2,3907,22,4.43333333333328,12:39:59,12:48:58,12
6802_3__6114_2,6802,6802_3,6114,6114_2,913,24,3.9333333333332803,12:39:59,12:48:58,12
6802_3__6114_2,6802,6802_3,6114,6114_2,307,25,4.25,12:39:59,12:48:58,12
6802_3__6114_2,6802,6802_3,6114,6114_2,2736,28,4.583333333333371,12:39:59,12:48:58,12
6802_3__6114_2,6802,6802_3,6114,6114_2,705,29,4.350000000000023,12:39:59,12:48:58,12
6802_3__6114_2,6802,6802_3,6114,6114_2,9979,30,4.949999999999932,12:39:59,12:48:58,12
6802_3__6114_2,6802,6802_3,6114,6114_2,2492,31,2.6666666666666288,12:39:59,12:48:58,12
6802_3__6114_2,6802,6802_3,6114,6114_2,946,32,3.3666666666666742,12:39:59,12:48:58,12
6802_3__6114_2,6802,6802_3,6114,6114_2,947,33,3.8166666666667197,12:39:59,12:48:58,12
6802_3__6114_2,6802,6802_3,6114,6114_2,327,34,3.7666666666666515,12:39:59,12:48:58,12
6802_3__6114_2,6802,6802_3,6114,6114_2,3284,35,4.166666666666629,12:39:59,12:48:58,12
6802_3__6114_2,6802,6802_3,6114,6114_2,3282,36,4.600000000000023,12:39:59,12:48:58,12
6802_3__6114_2,6802,6802_3,6114,6114_2,2583,37,7.0,12:39:59,12:48:58,12
6802_3__6114_2,6802,6802_3,6114,6114_2,2590,38,6.4166666666667425,12:39:59,12:48:58,12
6802_3__6114_2,6802,6802_3,6114,6114_2,603,39,6.4833333333333485,12:39:59,12:48:58,12
6802_4__6114_3,6802,6802_4,6114,6114_3,3797,1,9.0,15:42:59,15:51:59,15
6802_4__6114_3,6802,6802_4,6114,6114_3,2984,2,9.966666666666697,15:42:59,15:51:59,15
6802_4__6114_3,6802,6802_4,6114,6114_3,2685,3,11.783333333333303,15:42:59,15:51:59,15
6802_4__6114_3,6802,6802_4,6114,6114_3,3649,4,12.150000000000091,15:42:59,15:51:59,15
6802_4__6114_3,6802,6802_4,6114,6114_3,3747,5,12.266666666666652,15:42:59,15:51:59,15
6802_4__6114_3,6802,6802_4,6114,6114_3,709,7,11.649999999999977,15:42:59,15:51:59,15
6802_4__6114_3,6802,6802_4,6114,6114_3,1577,8,10.699999999999932,15:42:59,15:51:59,15
6802_4__6114_3,6802,6802_4,6114,6114_3,990,9,11.366666666666674,15:42:59,15:51:59,15
6802_4__6114_3,6802,6802_4,6114,6114_3,396,11,12.850000000000023,15:42:59,15:51:59,15
6802_4__6114_3,6802,6802_4,6114,6114_3,1099,14,15.100000000000023,15:42:59,15:51:59,15
6802_4__6114_3,6802,6802_4,6114,6114_3,929,16,15.483333333333348,15:42:59,15:51:59,15
6802_4__6114_3,6802,6802_4,6114,6114_3,94,17,14.283333333333303,15:42:59,15:51:59,15
6802_4__6114_3,6802,6802_4,6114,6114_3,146,19,17.533333333333303,15:42:59,15:51:59,15
6802_4__6114_3,6802,6802_4,6114,6114_3,949,23,16.25,15:42:59,15:51:59,15
6802_4__6114_3,6802,6802_4,6114,6114_3,913,24,18.100000000000023,15:42:59,15:51:59,15
6802_4__6114_3,6802,6802_4,6114,6114_3,307,25,17.23333333333335,15:42:59,15:51:59,15
6802_4__6114_3,6802,6802_4,6114,6114_3,212,26,17.75,15:42:59,15:51:59,15
6802_4__6114_3,6802,6802_4,6114,6114_3,2665,27,18.033333333333303,15:42:59,15:51:59,15
6802_4__6114_3,6802,6802_4,6114,6114_3,2736,28,17.933333333333394,15:42:59,15:51:59,15
6802_4__6114_3,6802,6802_4,6114,6114_3,705,29,18.216666666666583,15:42:59,15:51:59,15
6802_4__6114_3,6802,6802_4,6114,6114_3,9979,30,18.700000000000045,15:42:59,15:51:59,15
6802_4__6114_3,6802,6802_4,6114,6114_3,2492,31,18.299999999999955,15:42:59,15:51:59,15
6802_4__6114_3,6802,6802_4,6114,6114_3,946,32,17.01666666666665,15:42:59,15:51:59,15
6802_4__6114_3,6802,6802_4,6114,6114_3,947,33,16.149999999999977,15:42:59,15:51:59,15
6802_4__6114_3,6802,6802_4,6114,6114_3,327,34,15.866666666666674,15:42:59,15:51:59,15
6802_4__6114_3,6802,6802_4,6114,6114_3,3284,35,16.033333333333417,15:42:59,15:51:59,15
6802_4__6114_3,6802,6802_4,6114,6114_3,3282,36,15.766666666666652,15:42:59,15:51:59,15
6802_4__6114_3,6802,6802_4,6114,6114_3,2583,37,14.916666666666629,15:42:59,15:51:59,15
6802_4__6114_3,6802,6802_4,6114,6114_3,2590,38,13.983333333333462,15:42:59,15:51:59,15
6802_4__6114_3,6802,6802_4,6114,6114_3,603,39,13.549999999999955,15:42:59,15:51:59,15
6802_5__6114_4,6802,6802_5,6114,6114_4,2984,2,9.13333333333344,18:39:49,18:48:57,18
6802_5__6114_4,6802,6802_5,6114,6114_4,2685,3,8.950000000000045,18:39:49,18:48:57,18
6802_5__6114_4,6802,6802_5,6114,6114_4,3649,4,7.6666666666667425,18:39:49,18:48:57,18
6802_5__6114_4,6802,6802_5,6114,6114_4,3747,5,6.633333333333439,18:39:49,18:48:57,18
6802_5__6114_4,6802,6802_5,6114,6114_4,482,6,6.433333333333394,18:39:49,18:48:57,18
6802_5__6114_4,6802,6802_5,6114,6114_4,990,9,6.066666666666606,18:39:49,18:48:57,18
6802_5__6114_4,6802,6802_5,6114,6114_4,1253,12,7.783333333333303,18:39:49,18:48:57,18
6802_5__6114_4,6802,6802_5,6114,6114_4,1554,13,8.066666666666606,18:39:49,18:48:57,18
6802_5__6114_4,6802,6802_5,6114,6114_4,1099,14,8.63333333333344,18:39:49,18:48:57,18
6802_5__6114_4,6802,6802_5,6114,6114_4,94,17,6.2000000000000455,18:39:49,18:48:57,18
6802_5__6114_4,6802,6802_5,6114,6114_4,1080,18,5.5,18:39:49,18:48:57,18
6802_5__6114_4,6802,6802_5,6114,6114_4,146,19,6.7333333333333485,18:39:49,18:48:57,18
6802_5__6114_4,6802,6802_5,6114,6114_4,1089,20,5.683333333333394,18:39:49,18:48:57,18
6802_5__6114_4,6802,6802_5,6114,6114_4,949,23,7.7666666666666515,18:39:49,18:48:57,18
6802_5__6114_4,6802,6802_5,6114,6114_4,913,24,8.11666666666656,18:39:49,18:48:57,18
6802_5__6114_4,6802,6802_5,6114,6114_4,212,26,8.333333333333258,18:39:49,18:48:57,18
6802_5__6114_4,6802,6802_5,6114,6114_4,2665,27,8.0,18:39:49,18:48:57,18
6802_5__6114_4,6802,6802_5,6114,6114_4,2492,31,7.366666666666561,18:39:49,18:48:57,18
6802_5__6114_4,6802,6802_5,6114,6114_4,946,32,7.7666666666666515,18:39:49,18:48:57,18
6802_5__6114_4,6802,6802_5,6114,6114_4,947,33,8.016666666666652,18:39:49,18:48:57,18
6802_5__6114_4,6802,6802_5,6114,6114_4,327,34,7.883333333333212,18:39:49,18:48:57,18
6802_5__6114_4,6802,6802_5,6114,6114_4,603,39,6.5499999999999545,18:39:49,18:48:57,18
6802_6__6055_7,6802,6802_6,6055,6055_7,2984,2,10.899999999999864,21:11:23,21:22:17,21
6802_6__6055_7,6802,6802_6,6055,6055_7,2685,3,10.633333333333212,21:11:23,21:22:17,21
6802_6__6055_7,6802,6802_6,6055,6055_7,3649,4,9.566666666666606,21:11:23,21:22:17,21
6802_6__6055_7,6802,6802_6,6055,6055_7,482,6,8.333333333333485,21:11:23,21:22:17,21
6802_6__6055_7,6802,6802_6,6055,6055_7,709,7,8.549999999999955,21:11:23,21:22:17,21
6802_6__6055_7,6802,6802_6,6055,6055_7,1577,8,8.583333333333258,21:11:23,21:22:17,21
6802_6__6055_7,6802,6802_6,6055,6055_7,990,9,8.533333333333303,21:11:23,21:22:17,21
6802_6__6055_7,6802,6802_6,6055,6055_7,109,10,8.549999999999955,21:11:23,21:22:17,21
6802_6__6055_7,6802,6802_6,6055,6055_7,396,11,7.4500000000000455,21:11:23,21:22:17,21
6802_6__6055_7,6802,6802_6,6055,6055_7,1253,12,7.9166666666667425,21:11:23,21:22:17,21
6802_6__6055_7,6802,6802_6,6055,6055_7,1554,13,7.0,21:11:23,21:22:17,21
6802_6__6055_7,6802,6802_6,6055,6055_7,1099,14,6.716666666666697,21:11:23,21:22:17,21
6802_6__6055_7,6802,6802_6,6055,6055_7,9979,30,2.283333333333303,21:11:23,21:22:17,21
