par_id,bus_delante,trip_delante,bus_detras,trip_detras,codi_parada,ordre,headway_pair,hora_delante_str,hora_detras_str,franja_hora
1562_2__6411_2,1562,1562_2,6411,6411_2,2685,3,2.1000000000000227,09:15:01,09:17:07,9
1562_2__6411_2,1562,1562_2,6411,6411_2,3649,4,2.2666666666666515,09:15:01,09:17:07,9
1562_2__6411_2,1562,1562_2,6411,6411_2,482,6,6.2999999999999545,09:15:01,09:17:07,9
1562_2__6411_2,1562,1562_2,6411,6411_2,709,7,7.149999999999977,09:15:01,09:17:07,9
1562_2__6411_2,1562,1562_2,6411,6411_2,1577,8,7.949999999999932,09:15:01,09:17:07,9
1562_2__6411_2,1562,1562_2,6411,6411_2,990,9,8.483333333333348,09:15:01,09:17:07,9
1562_2__6411_2,1562,1562_2,6411,6411_2,109,10,9.149999999999977,09:15:01,09:17:07,9
1562_2__6411_2,1562,1562_2,6411,6411_2,396,11,9.75,09:15:01,09:17:07,9
1562_2__6411_2,1562,1562_2,6411,6411_2,929,16,18.700000000000045,09:15:01,09:17:07,9
1562_2__6411_2,1562,1562_2,6411,6411_2,94,17,17.666666666666742,09:15:01,09:17:07,9
1562_2__6411_2,1562,1562_2,6411,6411_2,1080,18,19.26666666666665,09:15:01,09:17:07,9
1562_2__6411_2,1562,1562_2,6411,6411_2,146,19,19.850000000000023,09:15:01,09:17:07,9
1562_2__6411_2,1562,1562_2,6411,6411_2,1089,20,22.23333333333335,09:15:01,09:17:07,9
1562_2__6411_2,1562,1562_2,6411,6411_2,213,21,22.25,09:15:01,09:17:07,9
1562_2__6411_2,1562,1562_2,6411,6411_2,3907,22,22.43333333333328,09:15:01,09:17:07,9
1562_2__6411_2,1562,1562_2,6411,6411_2,949,23,22.966666666666697,09:15:01,09:17:07,9
1562_2__6411_2,1562,1562_2,6411,6411_2,913,24,23.01666666666665,09:15:01,09:17:07,9
1562_2__6411_2,1562,1562_2,6411,6411_2,307,25,23.06666666666672,09:15:01,09:17:07,9
1562_2__6411_2,1562,1562_2,6411,6411_2,212,26,22.75,09:15:01,09:17:07,9
1562_2__6411_2,1562,1562_2,6411,6411_2,2665,27,22.699999999999932,09:15:01,09:17:07,9
1562_2__6411_2,1562,1562_2,6411,6411_2,2736,28,23.533333333333303,09:15:01,09:17:07,9
1562_2__6411_2,1562,1562_2,6411,6411_2,705,29,22.98333333333335,09:15:01,09:17:07,9
1562_2__6411_2,1562,1562_2,6411,6411_2,9979,30,23.616666666666674,09:15:01,09:17:07,9
1562_2__6411_2,1562,1562_2,6411,6411_2,2492,31,22.93333333333328,09:15:01,09:17:07,9
1562_2__6411_2,1562,1562_2,6411,6411_2,946,32,21.81666666666672,09:15:01,09:17:07,9
1562_2__6411_2,1562,1562_2,6411,6411_2,947,33,23.26666666666665,09:15:01,09:17:07,9
1562_2__6411_2,1562,1562_2,6411,6411_2,327,34,23.133333333333326,09:15:01,09:17:07,9
1562_3__6402_4,1562,1562_3,6402,6402_4,3797,1,-1.8999999999999773,11:41:58,11:40:04,11
1562_3__6402_4,1562,1562_3,6402,6402_4,2984,2,1.3500000000000227,11:41:58,11:40:04,11
1562_3__6402_4,1562,1562_3,6402,6402_4,2685,3,1.683333333333394,11:41:58,11:40:04,11
1562_3__6402_4,1562,1562_3,6402,6402_4,3747,5,2.1166666666666742,11:41:58,11:40:04,11
1562_3__6402_4,1562,1562_3,6402,6402_4,482,6,2.3666666666666742,11:41:58,11:40:04,11
1562_3__6402_4,1562,1562_3,6402,6402_4,709,7,1.1333333333333258,11:41:58,11:40:04,11
1562_3__6402_4,1562,1562_3,6402,6402_4,1577,8,1.466666666666697,11:41:58,11:40:04,11
1562_3__6402_4,1562,1562_3,6402,6402_4,396,11,2.3833333333333258,11:41:58,11:40:04,11
1562_3__6402_4,1562,1562_3,6402,6402_4,1253,12,1.8833333333333258,11:41:58,11:40:04,11
1562_3__6402_4,1562,1562_3,6402,6402_4,1554,13,2.6666666666667425,11:41:58,11:40:04,11
1562_3__6402_4,1562,1562_3,6402,6402_4,1099,14,3.7999999999999545,11:41:58,11:40:04,11
1562_3__6402_4,1562,1562_3,6402,6402_4,168,15,1.683333333333394,11:41:58,11:40:04,11
1562_3__6402_4,1562,1562_3,6402,6402_4,929,16,2.75,11:41:58,11:40:04,11
1562_3__6402_4,1562,1562_3,6402,6402_4,94,17,1.0666666666667197,11:41:58,11:40:04,11
1562_3__6402_4,1562,1562_3,6402,6402_4,1080,18,1.5,11:41:58,11:40:04,11
1562_3__6402_4,1562,1562_3,6402,6402_4,146,19,1.1333333333333258,11:41:58,11:40:04,11
1562_3__6402_4,1562,1562_3,6402,6402_4,1089,20,1.6166666666666742,11:41:58,11:40:04,11
1562_3__6402_4,1562,1562_3,6402,6402_4,213,21,1.6499999999999773,11:41:58,11:40:04,11
1562_3__6402_4,1562,1562_3,6402,6402_4,3907,22,2.0499999999999545,11:41:58,11:40:04,11
1562_3__6402_4,1562,1562_3,6402,6402_4,949,23,2.1333333333333258,11:41:58,11:40:04,11
1562_4__6401_5,1562,1562_4,6401,6401_5,3797,1,10.350000000000023,14:29:59,14:40:20,14
1562_4__6401_5,1562,1562_4,6401,6401_5,2984,2,15.799999999999955,14:29:59,14:40:20,14
1562_4__6401_5,1562,1562_4,6401,6401_5,2685,3,17.299999999999955,14:29:59,14:40:20,14
1562_4__6401_5,1562,1562_4,6401,6401_5,3649,4,17.100000000000023,14:29:59,14:40:20,14
1562_4__6401_5,1562,1562_4,6401,6401_5,3747,5,18.23333333333335,14:29:59,14:40:20,14
1562_4__6401_5,1562,1562_4,6401,6401_5,482,6,17.866666666666674,14:29:59,14:40:20,14
1562_4__6401_5,1562,1562_4,6401,6401_5,709,7,17.783333333333303,14:29:59,14:40:20,14
1562_4__6401_5,1562,1562_4,6401,6401_5,1577,8,20.0,14:29:59,14:40:20,14
1562_4__6401_5,1562,1562_4,6401,6401_5,990,9,19.483333333333235,14:29:59,14:40:20,14
1562_4__6401_5,1562,1562_4,6401,6401_5,109,10,18.116666666666674,14:29:59,14:40:20,14
1562_4__6401_5,1562,1562_4,6401,6401_5,396,11,17.216666666666697,14:29:59,14:40:20,14
1562_4__6401_5,1562,1562_4,6401,6401_5,1253,12,17.966666666666583,14:29:59,14:40:20,14
1562_4__6401_5,1562,1562_4,6401,6401_5,1554,13,17.549999999999955,14:29:59,14:40:20,14
1562_4__6401_5,1562,1562_4,6401,6401_5,1099,14,16.01666666666665,14:29:59,14:40:20,14
1562_4__6401_5,1562,1562_4,6401,6401_5,168,15,17.58333333333337,14:29:59,14:40:20,14
1562_4__6401_5,1562,1562_4,6401,6401_5,929,16,15.25,14:29:59,14:40:20,14
1562_4__6401_5,1562,1562_4,6401,6401_5,94,17,16.01666666666665,14:29:59,14:40:20,14
1562_4__6401_5,1562,1562_4,6401,6401_5,1080,18,16.933333333333394,14:29:59,14:40:20,14
1562_4__6401_5,1562,1562_4,6401,6401_5,146,19,15.11666666666656,14:29:59,14:40:20,14
1562_4__6401_5,1562,1562_4,6401,6401_5,1089,20,15.966666666666697,14:29:59,14:40:20,14
1562_4__6401_5,1562,1562_4,6401,6401_5,213,21,15.983333333333348,14:29:59,14:40:20,14
1562_4__6401_5,1562,1562_4,6401,6401_5,3907,22,16.049999999999955,14:29:59,14:40:20,14
1562_4__6401_5,1562,1562_4,6401,6401_5,949,23,16.199999999999932,14:29:59,14:40:20,14
1562_4__6401_5,1562,1562_4,6401,6401_5,913,24,16.283333333333303,14:29:59,14:40:20,14
1562_4__6401_5,1562,1562_4,6401,6401_5,307,25,16.40000000000009,14:29:59,14:40:20,14
1562_4__6401_5,1562,1562_4,6401,6401_5,212,26,17.916666666666742,14:29:59,14:40:20,14
1562_4__6401_5,1562,1562_4,6401,6401_5,2665,27,22.033333333333303,14:29:59,14:40:20,14
1562_4__6401_5,1562,1562_4,6401,6401_5,2736,28,22.93333333333328,14:29:59,14:40:20,14
1562_4__6401_5,1562,1562_4,6401,6401_5,705,29,22.41666666666663,14:29:59,14:40:20,14
1562_4__6401_5,1562,1562_4,6401,6401_5,9979,30,21.716666666666583,14:29:59,14:40:20,14
1562_4__6401_5,1562,1562_4,6401,6401_5,2492,31,22.533333333333417,14:29:59,14:40:20,14
1562_4__6401_5,1562,1562_4,6401,6401_5,946,32,22.216666666666697,14:29:59,14:40:20,14
1562_4__6401_5,1562,1562_4,6401,6401_5,947,33,23.166666666666742,14:29:59,14:40:20,14
1562_4__6401_5,1562,1562_4,6401,6401_5,327,34,22.31666666666672,14:29:59,14:40:20,14
1562_4__6401_5,1562,1562_4,6401,6401_5,3284,35,21.76666666666665,14:29:59,14:40:20,14
1562_4__6401_5,1562,1562_4,6401,6401_5,2583,37,22.25,14:29:59,14:40:20,14
1562_4__6401_5,1562,1562_4,6401,6401_5,2590,38,22.049999999999955,14:29:59,14:40:20,14
1562_4__6401_5,1562,1562_4,6401,6401_5,603,39,22.633333333333326,14:29:59,14:40:20,14
1620_3__6063_1,1620,1620_3,6063,6063_1,3747,5,12.766666666666652,12:53:51,13:06:37,12
1620_3__6063_1,1620,1620_3,6063,6063_1,482,6,12.533333333333417,12:53:51,13:06:37,12
1620_3__6063_1,1620,1620_3,6063,6063_1,709,7,12.233333333333348,12:53:51,13:06:37,12
1620_3__6063_1,1620,1620_3,6063,6063_1,1577,8,11.116666666666674,12:53:51,13:06:37,12
1620_3__6063_1,1620,1620_3,6063,6063_1,990,9,11.916666666666629,12:53:51,13:06:37,12
1620_3__6063_1,1620,1620_3,6063,6063_1,109,10,10.816666666666606,12:53:51,13:06:37,12
1620_3__6063_1,1620,1620_3,6063,6063_1,396,11,11.133333333333326,12:53:51,13:06:37,12
1620_3__6063_1,1620,1620_3,6063,6063_1,1253,12,12.483333333333348,12:53:51,13:06:37,12
1620_3__6063_1,1620,1620_3,6063,6063_1,1554,13,11.916666666666629,12:53:51,13:06:37,12
1620_3__6063_1,1620,1620_3,6063,6063_1,1099,14,11.533333333333303,12:53:51,13:06:37,12
1620_3__6063_1,1620,1620_3,6063,6063_1,168,15,11.399999999999977,12:53:51,13:06:37,12
1620_3__6063_1,1620,1620_3,6063,6063_1,929,16,11.933333333333394,12:53:51,13:06:37,12
1620_3__6063_1,1620,1620_3,6063,6063_1,94,17,14.016666666666652,12:53:51,13:06:37,12
1620_3__6063_1,1620,1620_3,6063,6063_1,1080,18,12.199999999999932,12:53:51,13:06:37,12
1620_3__6063_1,1620,1620_3,6063,6063_1,1089,20,10.200000000000045,12:53:51,13:06:37,12
1620_3__6063_1,1620,1620_3,6063,6063_1,213,21,9.766666666666652,12:53:51,13:06:37,12
1620_3__6063_1,1620,1620_3,6063,6063_1,3907,22,9.616666666666674,12:53:51,13:06:37,12
1620_3__6063_1,1620,1620_3,6063,6063_1,949,23,9.450000000000045,12:53:51,13:06:37,12
1620_3__6063_1,1620,1620_3,6063,6063_1,913,24,9.383333333333326,12:53:51,13:06:37,12
1620_3__6063_1,1620,1620_3,6063,6063_1,307,25,9.133333333333326,12:53:51,13:06:37,12
1620_3__6063_1,1620,1620_3,6063,6063_1,212,26,9.983333333333348,12:53:51,13:06:37,12
1620_3__6063_1,1620,1620_3,6063,6063_1,2665,27,9.183333333333394,12:53:51,13:06:37,12
1620_3__6063_1,1620,1620_3,6063,6063_1,2736,28,9.733333333333348,12:53:51,13:06:37,12
1620_3__6063_1,1620,1620_3,6063,6063_1,705,29,9.116666666666674,12:53:51,13:06:37,12
1620_3__6063_1,1620,1620_3,6063,6063_1,9979,30,9.166666666666629,12:53:51,13:06:37,12
1620_3__6063_1,1620,1620_3,6063,6063_1,2492,31,9.899999999999977,12:53:51,13:06:37,12
1620_3__6063_1,1620,1620_3,6063,6063_1,946,32,9.100000000000023,12:53:51,13:06:37,12
1620_3__6063_1,1620,1620_3,6063,6063_1,947,33,10.516666666666652,12:53:51,13:06:37,12
1620_3__6063_1,1620,1620_3,6063,6063_1,327,34,10.966666666666697,12:53:51,13:06:37,12
1620_3__6063_1,1620,1620_3,6063,6063_1,3284,35,11.066666666666606,12:53:51,13:06:37,12
1620_3__6063_1,1620,1620_3,6063,6063_1,3282,36,11.533333333333417,12:53:51,13:06:37,12
1620_3__6063_1,1620,1620_3,6063,6063_1,2583,37,10.966666666666697,12:53:51,13:06:37,12
1620_3__6063_1,1620,1620_3,6063,6063_1,2590,38,10.816666666666606,12:53:51,13:06:37,12
1620_3__6063_1,1620,1620_3,6063,6063_1,603,39,11.18333333333328,12:53:51,13:06:37,12
6030_1__6124_1,6030,6030_1,6124,6124_1,3649,4,7.066666666666663,05:16:36,05:23:40,5
6030_1__6124_1,6030,6030_1,6124,6124_1,3747,5,6.866666666666617,05:16:36,05:23:40,5
6030_1__6124_1,6030,6030_1,6124,6124_1,482,6,6.066666666666663,05:16:36,05:23:40,5
6030_1__6124_1,6030,6030_1,6124,6124_1,709,7,6.4833333333333485,05:16:36,05:23:40,5
6030_1__6124_1,6030,6030_1,6124,6124_1,1577,8,7.383333333333326,05:16:36,05:23:40,5
6030_1__6124_1,6030,6030_1,6124,6124_1,990,9,7.366666666666617,05:16:36,05:23:40,5
6030_1__6124_1,6030,6030_1,6124,6124_1,109,10,6.2333333333333485,05:16:36,05:23:40,5
6030_1__6124_1,6030,6030_1,6124,6124_1,396,11,6.900000000000034,05:16:36,05:23:40,5
6030_1__6124_1,6030,6030_1,6124,6124_1,1253,12,6.5166666666666515,05:16:36,05:23:40,5
6030_1__6124_1,6030,6030_1,6124,6124_1,1554,13,6.366666666666674,05:16:36,05:23:40,5
6030_1__6124_1,6030,6030_1,6124,6124_1,1099,14,6.96666666666664,05:16:36,05:23:40,5
6030_1__6124_1,6030,6030_1,6124,6124_1,168,15,10.016666666666652,05:16:36,05:23:40,5
6030_1__6124_1,6030,6030_1,6124,6124_1,929,16,9.600000000000023,05:16:36,05:23:40,5
6030_1__6124_1,6030,6030_1,6124,6124_1,94,17,9.650000000000034,05:16:36,05:23:40,5
6030_1__6124_1,6030,6030_1,6124,6124_1,1080,18,9.766666666666708,05:16:36,05:23:40,5
6030_1__6124_1,6030,6030_1,6124,6124_1,146,19,8.866666666666674,05:16:36,05:23:40,5
6030_1__6124_1,6030,6030_1,6124,6124_1,1089,20,9.599999999999966,05:16:36,05:23:40,5
6030_1__6124_1,6030,6030_1,6124,6124_1,213,21,10.183333333333337,05:16:36,05:23:40,5
6030_1__6124_1,6030,6030_1,6124,6124_1,3907,22,9.716666666666697,05:16:36,05:23:40,5
6030_1__6124_1,6030,6030_1,6124,6124_1,949,23,9.183333333333337,05:16:36,05:23:40,5
6030_1__6124_1,6030,6030_1,6124,6124_1,913,24,9.149999999999977,05:16:36,05:23:40,5
6030_1__6124_1,6030,6030_1,6124,6124_1,307,25,9.166666666666686,05:16:36,05:23:40,5
6030_1__6124_1,6030,6030_1,6124,6124_1,212,26,8.833333333333371,05:16:36,05:23:40,5
6030_1__6124_1,6030,6030_1,6124,6124_1,2665,27,9.416666666666686,05:16:36,05:23:40,5
6030_1__6124_1,6030,6030_1,6124,6124_1,2736,28,8.216666666666697,05:16:36,05:23:40,5
6030_1__6124_1,6030,6030_1,6124,6124_1,705,29,8.933333333333337,05:16:36,05:23:40,5
6030_1__6124_1,6030,6030_1,6124,6124_1,9979,30,9.683333333333337,05:16:36,05:23:40,5
6030_1__6124_1,6030,6030_1,6124,6124_1,2492,31,9.316666666666663,05:16:36,05:23:40,5
6030_1__6124_1,6030,6030_1,6124,6124_1,946,32,10.949999999999989,05:16:36,05:23:40,5
6030_1__6124_1,6030,6030_1,6124,6124_1,947,33,11.850000000000023,05:16:36,05:23:40,5
6030_1__6124_1,6030,6030_1,6124,6124_1,327,34,11.733333333333348,05:16:36,05:23:40,5
6030_1__6124_1,6030,6030_1,6124,6124_1,3284,35,11.53333333333336,05:16:36,05:23:40,5
6030_1__6124_1,6030,6030_1,6124,6124_1,3282,36,11.166666666666629,05:16:36,05:23:40,5
6030_1__6124_1,6030,6030_1,6124,6124_1,2583,37,9.800000000000011,05:16:36,05:23:40,5
6030_1__6124_1,6030,6030_1,6124,6124_1,2590,38,8.800000000000011,05:16:36,05:23:40,5
6030_1__6124_1,6030,6030_1,6124,6124_1,603,39,9.050000000000011,05:16:36,05:23:40,5
6030_2__6407_2,6030,6030_2,6407,6407_2,3797,1,9.183333333333337,08:04:00,08:13:11,8
6030_2__6407_2,6030,6030_2,6407,6407_2,2984,2,15.366666666666674,08:04:00,08:13:11,8
6030_2__6407_2,6030,6030_2,6407,6407_2,2685,3,14.916666666666686,08:04:00,08:13:11,8
6030_2__6407_2,6030,6030_2,6407,6407_2,3649,4,15.183333333333337,08:04:00,08:13:11,8
6030_2__6407_2,6030,6030_2,6407,6407_2,3747,5,14.516666666666652,08:04:00,08:13:11,8
6030_2__6407_2,6030,6030_2,6407,6407_2,482,6,15.75,08:04:00,08:13:11,8
6030_2__6407_2,6030,6030_2,6407,6407_2,709,7,15.433333333333337,08:04:00,08:13:11,8
6030_2__6407_2,6030,6030_2,6407,6407_2,1577,8,16.150000000000034,08:04:00,08:13:11,8
6030_2__6407_2,6030,6030_2,6407,6407_2,396,11,11.949999999999932,08:04:00,08:13:11,8
6030_2__6407_2,6030,6030_2,6407,6407_2,1253,12,11.433333333333337,08:04:00,08:13:11,8
6030_2__6407_2,6030,6030_2,6407,6407_2,1554,13,9.46666666666664,08:04:00,08:13:11,8
6030_2__6407_2,6030,6030_2,6407,6407_2,1099,14,8.950000000000045,08:04:00,08:13:11,8
6030_2__6407_2,6030,6030_2,6407,6407_2,168,15,8.216666666666697,08:04:00,08:13:11,8
6030_2__6407_2,6030,6030_2,6407,6407_2,929,16,8.233333333333348,08:04:00,08:13:11,8
6030_2__6407_2,6030,6030_2,6407,6407_2,94,17,6.733333333333235,08:04:00,08:13:11,8
6030_2__6407_2,6030,6030_2,6407,6407_2,1080,18,8.133333333333326,08:04:00,08:13:11,8
6030_2__6407_2,6030,6030_2,6407,6407_2,146,19,8.733333333333348,08:04:00,08:13:11,8
6030_2__6407_2,6030,6030_2,6407,6407_2,1089,20,9.516666666666652,08:04:00,08:13:11,8
6030_2__6407_2,6030,6030_2,6407,6407_2,213,21,7.7000000000000455,08:04:00,08:13:11,8
6030_2__6407_2,6030,6030_2,6407,6407_2,3907,22,8.216666666666697,08:04:00,08:13:11,8
6030_2__6407_2,6030,6030_2,6407,6407_2,949,23,7.600000000000023,08:04:00,08:13:11,8
6030_2__6407_2,6030,6030_2,6407,6407_2,913,24,7.550000000000068,08:04:00,08:13:11,8
6030_2__6407_2,6030,6030_2,6407,6407_2,307,25,7.366666666666674,08:04:00,08:13:11,8
6030_2__6407_2,6030,6030_2,6407,6407_2,212,26,7.31666666666672,08:04:00,08:13:11,8
6030_2__6407_2,6030,6030_2,6407,6407_2,2665,27,7.3333333333332575,08:04:00,08:13:11,8
6030_2__6407_2,6030,6030_2,6407,6407_2,2736,28,7.283333333333303,08:04:00,08:13:11,8
6030_2__6407_2,6030,6030_2,6407,6407_2,705,29,7.5,08:04:00,08:13:11,8
6030_2__6407_2,6030,6030_2,6407,6407_2,9979,30,7.0,08:04:00,08:13:11,8
6030_2__6407_2,6030,6030_2,6407,6407_2,2492,31,6.833333333333371,08:04:00,08:13:11,8
6030_2__6407_2,6030,6030_2,6407,6407_2,946,32,6.68333333333328,08:04:00,08:13:11,8
6030_2__6407_2,6030,6030_2,6407,6407_2,947,33,8.600000000000023,08:04:00,08:13:11,8
6030_2__6407_2,6030,6030_2,6407,6407_2,327,34,6.850000000000023,08:04:00,08:13:11,8
6030_2__6407_2,6030,6030_2,6407,6407_2,3284,35,7.75,08:04:00,08:13:11,8
6030_2__6407_2,6030,6030_2,6407,6407_2,2583,37,4.633333333333326,08:04:00,08:13:11,8
6030_2__6407_2,6030,6030_2,6407,6407_2,2590,38,4.7999999999999545,08:04:00,08:13:11,8
6030_2__6407_2,6030,6030_2,6407,6407_2,603,39,4.5499999999999545,08:04:00,08:13:11,8
6030_4__6408_4,6030,6030_4,6408,6408_4,2984,2,7.616666666666674,13:41:58,13:49:35,13
6030_4__6408_4,6030,6030_4,6408,6408_4,2685,3,9.06666666666672,13:41:58,13:49:35,13
6030_4__6408_4,6030,6030_4,6408,6408_4,3649,4,7.866666666666674,13:41:58,13:49:35,13
6030_4__6408_4,6030,6030_4,6408,6408_4,3747,5,7.899999999999977,13:41:58,13:49:35,13
6030_4__6408_4,6030,6030_4,6408,6408_4,482,6,7.7333333333333485,13:41:58,13:49:35,13
6030_4__6408_4,6030,6030_4,6408,6408_4,709,7,7.93333333333328,13:41:58,13:49:35,13
6030_4__6408_4,6030,6030_4,6408,6408_4,1577,8,9.083333333333371,13:41:58,13:49:35,13
6030_4__6408_4,6030,6030_4,6408,6408_4,990,9,8.216666666666583,13:41:58,13:49:35,13
6030_4__6408_4,6030,6030_4,6408,6408_4,109,10,7.75,13:41:58,13:49:35,13
6030_4__6408_4,6030,6030_4,6408,6408_4,396,11,7.4500000000000455,13:41:58,13:49:35,13
6030_4__6408_4,6030,6030_4,6408,6408_4,1253,12,8.050000000000068,13:41:58,13:49:35,13
6030_4__6408_4,6030,6030_4,6408,6408_4,1554,13,8.166666666666629,13:41:58,13:49:35,13
6030_4__6408_4,6030,6030_4,6408,6408_4,1099,14,8.466666666666697,13:41:58,13:49:35,13
6030_4__6408_4,6030,6030_4,6408,6408_4,168,15,7.2000000000000455,13:41:58,13:49:35,13
6030_4__6408_4,6030,6030_4,6408,6408_4,929,16,10.533333333333303,13:41:58,13:49:35,13
6030_4__6408_4,6030,6030_4,6408,6408_4,94,17,11.233333333333348,13:41:58,13:49:35,13
6030_4__6408_4,6030,6030_4,6408,6408_4,1080,18,15.5,13:41:58,13:49:35,13
6030_4__6408_4,6030,6030_4,6408,6408_4,146,19,14.916666666666742,13:41:58,13:49:35,13
6030_4__6408_4,6030,6030_4,6408,6408_4,1089,20,13.116666666666674,13:41:58,13:49:35,13
6030_4__6408_4,6030,6030_4,6408,6408_4,213,21,12.599999999999909,13:41:58,13:49:35,13
6030_4__6408_4,6030,6030_4,6408,6408_4,3907,22,12.966666666666697,13:41:58,13:49:35,13
6030_4__6408_4,6030,6030_4,6408,6408_4,949,23,12.016666666666765,13:41:58,13:49:35,13
6030_4__6408_4,6030,6030_4,6408,6408_4,913,24,11.666666666666629,13:41:58,13:49:35,13
6030_4__6408_4,6030,6030_4,6408,6408_4,307,25,12.116666666666674,13:41:58,13:49:35,13
6030_4__6408_4,6030,6030_4,6408,6408_4,212,26,10.516666666666652,13:41:58,13:49:35,13
6030_4__6408_4,6030,6030_4,6408,6408_4,2665,27,10.966666666666697,13:41:58,13:49:35,13
6030_4__6408_4,6030,6030_4,6408,6408_4,2736,28,8.516666666666652,13:41:58,13:49:35,13
6030_4__6408_4,6030,6030_4,6408,6408_4,705,29,7.43333333333328,13:41:58,13:49:35,13
6030_4__6408_4,6030,6030_4,6408,6408_4,9979,30,6.216666666666697,13:41:58,13:49:35,13
6030_4__6408_4,6030,6030_4,6408,6408_4,2492,31,5.18333333333328,13:41:58,13:49:35,13
6030_4__6408_4,6030,6030_4,6408,6408_4,946,32,6.0499999999999545,13:41:58,13:49:35,13
6030_4__6408_4,6030,6030_4,6408,6408_4,947,33,5.0,13:41:58,13:49:35,13
6030_4__6408_4,6030,6030_4,6408,6408_4,327,34,4.083333333333371,13:41:58,13:49:35,13
6030_4__6408_4,6030,6030_4,6408,6408_4,2583,37,4.2666666666666515,13:41:58,13:49:35,13
6030_4__6408_4,6030,6030_4,6408,6408_4,2590,38,4.383333333333439,13:41:58,13:49:35,13
6063_2__6413_5,6063,6063_2,6413,6413_5,3797,1,16.26666666666665,16:05:37,16:21:53,16
6063_2__6413_5,6063,6063_2,6413,6413_5,2984,2,15.283333333333303,16:05:37,16:21:53,16
6063_2__6413_5,6063,6063_2,6413,6413_5,2685,3,15.700000000000045,16:05:37,16:21:53,16
6063_2__6413_5,6063,6063_2,6413,6413_5,3649,4,13.966666666666697,16:05:37,16:21:53,16
6063_2__6413_5,6063,6063_2,6413,6413_5,3747,5,13.233333333333348,16:05:37,16:21:53,16
6063_2__6413_5,6063,6063_2,6413,6413_5,482,6,12.633333333333326,16:05:37,16:21:53,16
6063_2__6413_5,6063,6063_2,6413,6413_5,709,7,12.75,16:05:37,16:21:53,16
6063_2__6413_5,6063,6063_2,6413,6413_5,1577,8,12.033333333333303,16:05:37,16:21:53,16
6063_2__6413_5,6063,6063_2,6413,6413_5,990,9,10.75,16:05:37,16:21:53,16
6063_2__6413_5,6063,6063_2,6413,6413_5,109,10,10.633333333333326,16:05:37,16:21:53,16
6063_2__6413_5,6063,6063_2,6413,6413_5,396,11,10.483333333333348,16:05:37,16:21:53,16
6063_2__6413_5,6063,6063_2,6413,6413_5,1253,12,10.166666666666629,16:05:37,16:21:53,16
6063_2__6413_5,6063,6063_2,6413,6413_5,1554,13,8.933333333333394,16:05:37,16:21:53,16
6063_2__6413_5,6063,6063_2,6413,6413_5,1099,14,9.016666666666652,16:05:37,16:21:53,16
6063_2__6413_5,6063,6063_2,6413,6413_5,168,15,11.016666666666652,16:05:37,16:21:53,16
6063_2__6413_5,6063,6063_2,6413,6413_5,929,16,12.466666666666697,16:05:37,16:21:53,16
6063_2__6413_5,6063,6063_2,6413,6413_5,94,17,6.8333333333332575,16:05:37,16:21:53,16
6063_2__6413_5,6063,6063_2,6413,6413_5,1080,18,8.399999999999977,16:05:37,16:21:53,16
6063_2__6413_5,6063,6063_2,6413,6413_5,146,19,9.433333333333167,16:05:37,16:21:53,16
6063_2__6413_5,6063,6063_2,6413,6413_5,1089,20,9.616666666666788,16:05:37,16:21:53,16
6063_2__6413_5,6063,6063_2,6413,6413_5,213,21,9.450000000000045,16:05:37,16:21:53,16
6063_2__6413_5,6063,6063_2,6413,6413_5,3907,22,8.900000000000091,16:05:37,16:21:53,16
6063_2__6413_5,6063,6063_2,6413,6413_5,949,23,7.900000000000091,16:05:37,16:21:53,16
6063_2__6413_5,6063,6063_2,6413,6413_5,913,24,7.716666666666697,16:05:37,16:21:53,16
6063_2__6413_5,6063,6063_2,6413,6413_5,307,25,7.916666666666515,16:05:37,16:21:53,16
6063_2__6413_5,6063,6063_2,6413,6413_5,212,26,9.333333333333258,16:05:37,16:21:53,16
6063_2__6413_5,6063,6063_2,6413,6413_5,2665,27,8.916666666666515,16:05:37,16:21:53,16
6063_2__6413_5,6063,6063_2,6413,6413_5,2736,28,8.483333333333348,16:05:37,16:21:53,16
6063_2__6413_5,6063,6063_2,6413,6413_5,705,29,8.099999999999909,16:05:37,16:21:53,16
6063_2__6413_5,6063,6063_2,6413,6413_5,9979,30,7.433333333333394,16:05:37,16:21:53,16
6063_2__6413_5,6063,6063_2,6413,6413_5,2492,31,6.866666666666788,16:05:37,16:21:53,16
6063_2__6413_5,6063,6063_2,6413,6413_5,946,32,8.033333333333303,16:05:37,16:21:53,16
6063_2__6413_5,6063,6063_2,6413,6413_5,947,33,8.266666666666652,16:05:37,16:21:53,16
6063_2__6413_5,6063,6063_2,6413,6413_5,327,34,8.683333333333394,16:05:37,16:21:53,16
6063_2__6413_5,6063,6063_2,6413,6413_5,3284,35,9.216666666666697,16:05:37,16:21:53,16
6063_2__6413_5,6063,6063_2,6413,6413_5,3282,36,7.350000000000136,16:05:37,16:21:53,16
6063_2__6413_5,6063,6063_2,6413,6413_5,2583,37,6.883333333333439,16:05:37,16:21:53,16
6063_2__6413_5,6063,6063_2,6413,6413_5,2590,38,5.966666666666697,16:05:37,16:21:53,16
6063_2__6413_5,6063,6063_2,6413,6413_5,603,39,5.3333333333332575,16:05:37,16:21:53,16
6063_4__6413_7,6063,6063_4,6413,6413_7,2984,2,14.616666666666788,21:12:16,21:26:53,21
6063_4__6413_7,6063,6063_4,6413,6413_7,2685,3,12.900000000000091,21:12:16,21:26:53,21
6063_4__6413_7,6063,6063_4,6413,6413_7,3649,4,12.433333333333394,21:12:16,21:26:53,21
6063_4__6413_7,6063,6063_4,6413,6413_7,3747,5,12.21666666666647,21:12:16,21:26:53,21
6063_4__6413_7,6063,6063_4,6413,6413_7,482,6,12.316666666666606,21:12:16,21:26:53,21
6063_4__6413_7,6063,6063_4,6413,6413_7,709,7,12.900000000000091,21:12:16,21:26:53,21
6063_4__6413_7,6063,6063_4,6413,6413_7,1577,8,12.866666666666788,21:12:16,21:26:53,21
6063_4__6413_7,6063,6063_4,6413,6413_7,990,9,12.316666666666833,21:12:16,21:26:53,21
6063_4__6413_7,6063,6063_4,6413,6413_7,109,10,11.833333333333258,21:12:16,21:26:53,21
6063_4__6413_7,6063,6063_4,6413,6413_7,396,11,11.333333333333258,21:12:16,21:26:53,21
6063_4__6413_7,6063,6063_4,6413,6413_7,1253,12,11.0,21:12:16,21:26:53,21
6063_4__6413_7,6063,6063_4,6413,6413_7,1554,13,10.200000000000045,21:12:16,21:26:53,21
6078_2__6409_5,6078,6078_2,6409,6409_5,3797,1,6.93333333333328,15:32:58,15:39:54,15
6078_2__6409_5,6078,6078_2,6409,6409_5,2984,2,12.233333333333348,15:32:58,15:39:54,15
6078_2__6409_5,6078,6078_2,6409,6409_5,2685,3,13.016666666666652,15:32:58,15:39:54,15
6078_2__6409_5,6078,6078_2,6409,6409_5,3649,4,12.950000000000045,15:32:58,15:39:54,15
6078_2__6409_5,6078,6078_2,6409,6409_5,3747,5,12.733333333333235,15:32:58,15:39:54,15
6078_2__6409_5,6078,6078_2,6409,6409_5,482,6,12.68333333333328,15:32:58,15:39:54,15
6078_2__6409_5,6078,6078_2,6409,6409_5,709,7,13.183333333333394,15:32:58,15:39:54,15
6078_2__6409_5,6078,6078_2,6409,6409_5,1577,8,12.633333333333326,15:32:58,15:39:54,15
6078_2__6409_5,6078,6078_2,6409,6409_5,990,9,13.166666666666629,15:32:58,15:39:54,15
6078_2__6409_5,6078,6078_2,6409,6409_5,109,10,13.533333333333303,15:32:58,15:39:54,15
6078_2__6409_5,6078,6078_2,6409,6409_5,396,11,12.75,15:32:58,15:39:54,15
6078_2__6409_5,6078,6078_2,6409,6409_5,1253,12,12.283333333333417,15:32:58,15:39:54,15
6078_2__6409_5,6078,6078_2,6409,6409_5,1554,13,12.383333333333326,15:32:58,15:39:54,15
6078_2__6409_5,6078,6078_2,6409,6409_5,1099,14,12.299999999999955,15:32:58,15:39:54,15
6078_2__6409_5,6078,6078_2,6409,6409_5,168,15,9.849999999999909,15:32:58,15:39:54,15
6078_2__6409_5,6078,6078_2,6409,6409_5,929,16,12.649999999999977,15:32:58,15:39:54,15
6078_2__6409_5,6078,6078_2,6409,6409_5,94,17,9.75,15:32:58,15:39:54,15
6078_2__6409_5,6078,6078_2,6409,6409_5,1080,18,8.833333333333258,15:32:58,15:39:54,15
6078_2__6409_5,6078,6078_2,6409,6409_5,146,19,9.016666666666652,15:32:58,15:39:54,15
6078_2__6409_5,6078,6078_2,6409,6409_5,1089,20,8.06666666666672,15:32:58,15:39:54,15
6078_2__6409_5,6078,6078_2,6409,6409_5,213,21,8.050000000000068,15:32:58,15:39:54,15
6078_2__6409_5,6078,6078_2,6409,6409_5,3907,22,8.383333333333326,15:32:58,15:39:54,15
6078_2__6409_5,6078,6078_2,6409,6409_5,949,23,8.25,15:32:58,15:39:54,15
6078_2__6409_5,6078,6078_2,6409,6409_5,913,24,7.583333333333371,15:32:58,15:39:54,15
6078_2__6409_5,6078,6078_2,6409,6409_5,307,25,7.43333333333328,15:32:58,15:39:54,15
6078_2__6409_5,6078,6078_2,6409,6409_5,212,26,7.083333333333371,15:32:58,15:39:54,15
6078_2__6409_5,6078,6078_2,6409,6409_5,2665,27,7.166666666666629,15:32:58,15:39:54,15
6078_2__6409_5,6078,6078_2,6409,6409_5,2736,28,6.716666666666697,15:32:58,15:39:54,15
6078_2__6409_5,6078,6078_2,6409,6409_5,705,29,5.466666666666697,15:32:58,15:39:54,15
6078_2__6409_5,6078,6078_2,6409,6409_5,9979,30,5.03333333333353,15:32:58,15:39:54,15
6078_2__6409_5,6078,6078_2,6409,6409_5,2492,31,3.9833333333333485,15:32:58,15:39:54,15
6078_2__6409_5,6078,6078_2,6409,6409_5,946,32,2.966666666666697,15:32:58,15:39:54,15
6078_2__6409_5,6078,6078_2,6409,6409_5,947,33,1.900000000000091,15:32:58,15:39:54,15
6078_2__6409_5,6078,6078_2,6409,6409_5,327,34,2.433333333333394,15:32:58,15:39:54,15
6078_2__6409_5,6078,6078_2,6409,6409_5,3284,35,2.083333333333485,15:32:58,15:39:54,15
6078_2__6409_5,6078,6078_2,6409,6409_5,3282,36,2.5,15:32:58,15:39:54,15
6078_2__6409_5,6078,6078_2,6409,6409_5,2583,37,2.683333333333394,15:32:58,15:39:54,15
6078_2__6409_5,6078,6078_2,6409,6409_5,2590,38,3.2333333333333485,15:32:58,15:39:54,15
6078_2__6409_5,6078,6078_2,6409,6409_5,603,39,1.183333333333394,15:32:58,15:39:54,15
6083_1__6030_1,6083,6083_1,6030,6030_1,3649,4,5.016666666666708,05:11:35,05:16:36,5
6083_1__6030_1,6083,6083_1,6030,6030_1,3747,5,6.166666666666686,05:11:35,05:16:36,5
6083_1__6030_1,6083,6083_1,6030,6030_1,482,6,6.766666666666708,05:11:35,05:16:36,5
6083_1__6030_1,6083,6083_1,6030,6030_1,709,7,6.733333333333292,05:11:35,05:16:36,5
6083_1__6030_1,6083,6083_1,6030,6030_1,1577,8,5.4833333333333485,05:11:35,05:16:36,5
6083_1__6030_1,6083,6083_1,6030,6030_1,990,9,6.516666666666708,05:11:35,05:16:36,5
6083_1__6030_1,6083,6083_1,6030,6030_1,109,10,5.550000000000011,05:11:35,05:16:36,5
6083_1__6030_1,6083,6083_1,6030,6030_1,396,11,5.199999999999989,05:11:35,05:16:36,5
6083_1__6030_1,6083,6083_1,6030,6030_1,1253,12,6.583333333333314,05:11:35,05:16:36,5
6083_1__6030_1,6083,6083_1,6030,6030_1,1554,13,6.333333333333314,05:11:35,05:16:36,5
6083_1__6030_1,6083,6083_1,6030,6030_1,1099,14,6.566666666666663,05:11:35,05:16:36,5
6083_1__6030_1,6083,6083_1,6030,6030_1,168,15,6.0166666666666515,05:11:35,05:16:36,5
6083_1__6030_1,6083,6083_1,6030,6030_1,929,16,6.583333333333314,05:11:35,05:16:36,5
6083_1__6030_1,6083,6083_1,6030,6030_1,94,17,6.316666666666663,05:11:35,05:16:36,5
6083_1__6030_1,6083,6083_1,6030,6030_1,1080,18,6.366666666666674,05:11:35,05:16:36,5
6083_1__6030_1,6083,6083_1,6030,6030_1,146,19,6.5166666666666515,05:11:35,05:16:36,5
6083_1__6030_1,6083,6083_1,6030,6030_1,1089,20,4.9833333333333485,05:11:35,05:16:36,5
6083_1__6030_1,6083,6083_1,6030,6030_1,213,21,4.866666666666674,05:11:35,05:16:36,5
6083_1__6030_1,6083,6083_1,6030,6030_1,3907,22,4.899999999999977,05:11:35,05:16:36,5
6083_1__6030_1,6083,6083_1,6030,6030_1,949,23,5.133333333333326,05:11:35,05:16:36,5
6083_1__6030_1,6083,6083_1,6030,6030_1,913,24,6.083333333333314,05:11:35,05:16:36,5
6083_1__6030_1,6083,6083_1,6030,6030_1,307,25,6.216666666666697,05:11:35,05:16:36,5
6083_1__6030_1,6083,6083_1,6030,6030_1,212,26,6.0,05:11:35,05:16:36,5
6083_1__6030_1,6083,6083_1,6030,6030_1,2665,27,6.050000000000011,05:11:35,05:16:36,5
6083_1__6030_1,6083,6083_1,6030,6030_1,2736,28,7.066666666666663,05:11:35,05:16:36,5
6083_1__6030_1,6083,6083_1,6030,6030_1,705,29,5.516666666666708,05:11:35,05:16:36,5
6083_1__6030_1,6083,6083_1,6030,6030_1,9979,30,5.300000000000011,05:11:35,05:16:36,5
6083_1__6030_1,6083,6083_1,6030,6030_1,2492,31,5.699999999999989,05:11:35,05:16:36,5
6083_1__6030_1,6083,6083_1,6030,6030_1,946,32,4.866666666666674,05:11:35,05:16:36,5
6083_1__6030_1,6083,6083_1,6030,6030_1,947,33,4.449999999999989,05:11:35,05:16:36,5
6083_1__6030_1,6083,6083_1,6030,6030_1,327,34,5.133333333333326,05:11:35,05:16:36,5
6083_1__6030_1,6083,6083_1,6030,6030_1,3284,35,5.2666666666666515,05:11:35,05:16:36,5
6083_1__6030_1,6083,6083_1,6030,6030_1,3282,36,2.433333333333337,05:11:35,05:16:36,5
6083_1__6030_1,6083,6083_1,6030,6030_1,2583,37,2.8333333333333144,05:11:35,05:16:36,5
6083_1__6030_1,6083,6083_1,6030,6030_1,2590,38,3.4499999999999886,05:11:35,05:16:36,5
6083_1__6030_1,6083,6083_1,6030,6030_1,603,39,2.2333333333333485,05:11:35,05:16:36,5
6083_2__6030_2,6083,6083_2,6030,6030_2,3797,1,4.833333333333314,07:59:10,08:04:00,7
6083_2__6030_2,6083,6083_2,6030,6030_2,2984,2,4.366666666666674,07:59:10,08:04:00,7
6083_2__6030_2,6083,6083_2,6030,6030_2,2685,3,4.633333333333326,07:59:10,08:04:00,7
6083_2__6030_2,6083,6083_2,6030,6030_2,3649,4,4.4500000000000455,07:59:10,08:04:00,7
6083_2__6030_2,6083,6083_2,6030,6030_2,3747,5,4.699999999999989,07:59:10,08:04:00,7
6083_2__6030_2,6083,6083_2,6030,6030_2,482,6,3.5833333333333144,07:59:10,08:04:00,7
6083_2__6030_2,6083,6083_2,6030,6030_2,709,7,3.5499999999999545,07:59:10,08:04:00,7
6083_2__6030_2,6083,6083_2,6030,6030_2,1577,8,2.5833333333333144,07:59:10,08:04:00,7
6083_2__6030_2,6083,6083_2,6030,6030_2,990,9,1.9666666666666401,07:59:10,08:04:00,7
6083_2__6030_2,6083,6083_2,6030,6030_2,109,10,2.9500000000000455,07:59:10,08:04:00,7
6083_2__6030_2,6083,6083_2,6030,6030_2,396,11,3.466666666666697,07:59:10,08:04:00,7
6083_2__6030_2,6083,6083_2,6030,6030_2,1253,12,3.8000000000000114,07:59:10,08:04:00,7
6083_2__6030_2,6083,6083_2,6030,6030_2,929,16,11.099999999999966,07:59:10,08:04:00,7
6083_2__6030_2,6083,6083_2,6030,6030_2,94,17,12.150000000000034,07:59:10,08:04:00,7
6083_2__6030_2,6083,6083_2,6030,6030_2,1080,18,11.400000000000034,07:59:10,08:04:00,7
6083_2__6030_2,6083,6083_2,6030,6030_2,146,19,12.116666666666617,07:59:10,08:04:00,7
6083_2__6030_2,6083,6083_2,6030,6030_2,1089,20,11.733333333333348,07:59:10,08:04:00,7
6083_2__6030_2,6083,6083_2,6030,6030_2,213,21,12.533333333333303,07:59:10,08:04:00,7
6083_2__6030_2,6083,6083_2,6030,6030_2,3907,22,10.200000000000045,07:59:10,08:04:00,7
6083_2__6030_2,6083,6083_2,6030,6030_2,949,23,11.25,07:59:10,08:04:00,7
6083_2__6030_2,6083,6083_2,6030,6030_2,913,24,12.133333333333326,07:59:10,08:04:00,7
6083_2__6030_2,6083,6083_2,6030,6030_2,307,25,12.216666666666697,07:59:10,08:04:00,7
6083_2__6030_2,6083,6083_2,6030,6030_2,212,26,10.983333333333348,07:59:10,08:04:00,7
6083_2__6030_2,6083,6083_2,6030,6030_2,2665,27,10.516666666666652,07:59:10,08:04:00,7
6083_2__6030_2,6083,6083_2,6030,6030_2,2736,28,10.25,07:59:10,08:04:00,7
6083_2__6030_2,6083,6083_2,6030,6030_2,705,29,10.600000000000023,07:59:10,08:04:00,7
6083_2__6030_2,6083,6083_2,6030,6030_2,9979,30,10.899999999999977,07:59:10,08:04:00,7
6083_2__6030_2,6083,6083_2,6030,6030_2,2492,31,9.549999999999955,07:59:10,08:04:00,7
6083_2__6030_2,6083,6083_2,6030,6030_2,946,32,9.416666666666742,07:59:10,08:04:00,7
6083_2__6030_2,6083,6083_2,6030,6030_2,947,33,8.43333333333328,07:59:10,08:04:00,7
6083_2__6030_2,6083,6083_2,6030,6030_2,327,34,9.483333333333348,07:59:10,08:04:00,7
6083_2__6030_2,6083,6083_2,6030,6030_2,3284,35,8.633333333333326,07:59:10,08:04:00,7
6083_2__6030_2,6083,6083_2,6030,6030_2,3282,36,9.899999999999977,07:59:10,08:04:00,7
6083_2__6030_2,6083,6083_2,6030,6030_2,2583,37,9.883333333333326,07:59:10,08:04:00,7
6083_2__6030_2,6083,6083_2,6030,6030_2,2590,38,8.700000000000045,07:59:10,08:04:00,7
6083_2__6030_2,6083,6083_2,6030,6030_2,603,39,8.416666666666629,07:59:10,08:04:00,7
6083_3__6030_3,6083,6083_3,6030,6030_3,3797,1,6.2333333333333485,10:42:45,10:48:59,10
6083_3__6030_3,6083,6083_3,6030,6030_3,2984,2,1.8666666666666742,10:42:45,10:48:59,10
6083_3__6030_3,6083,6083_3,6030,6030_3,2685,3,1.25,10:42:45,10:48:59,10
6083_3__6030_3,6083,6083_3,6030,6030_3,482,6,1.0166666666666515,10:42:45,10:48:59,10
6083_3__6030_3,6083,6083_3,6030,6030_3,709,7,1.25,10:42:45,10:48:59,10
6083_3__6030_3,6083,6083_3,6030,6030_3,1577,8,1.1000000000000227,10:42:45,10:48:59,10
6083_3__6030_3,6083,6083_3,6030,6030_3,990,9,1.216666666666697,10:42:45,10:48:59,10
6083_3__6030_3,6083,6083_3,6030,6030_3,109,10,1.783333333333303,10:42:45,10:48:59,10
6083_3__6030_3,6083,6083_3,6030,6030_3,396,11,1.2666666666666515,10:42:45,10:48:59,10
6083_3__6030_3,6083,6083_3,6030,6030_3,168,15,1.683333333333394,10:42:45,10:48:59,10
6083_3__6030_3,6083,6083_3,6030,6030_3,929,16,1.1166666666666742,10:42:45,10:48:59,10
6083_3__6030_3,6083,6083_3,6030,6030_3,94,17,1.2999999999999545,10:42:45,10:48:59,10
6083_3__6030_3,6083,6083_3,6030,6030_3,1080,18,1.8500000000000227,10:42:45,10:48:59,10
6083_3__6030_3,6083,6083_3,6030,6030_3,146,19,3.9833333333333485,10:42:45,10:48:59,10
6083_3__6030_3,6083,6083_3,6030,6030_3,1089,20,2.2333333333333485,10:42:45,10:48:59,10
6083_3__6030_3,6083,6083_3,6030,6030_3,213,21,1.7166666666665833,10:42:45,10:48:59,10
6083_3__6030_3,6083,6083_3,6030,6030_3,212,26,1.566666666666606,10:42:45,10:48:59,10
6083_3__6030_3,6083,6083_3,6030,6030_3,2665,27,2.2333333333333485,10:42:45,10:48:59,10
6083_3__6030_3,6083,6083_3,6030,6030_3,2736,28,1.5,10:42:45,10:48:59,10
6083_3__6030_3,6083,6083_3,6030,6030_3,705,29,1.4500000000000455,10:42:45,10:48:59,10
6083_3__6030_3,6083,6083_3,6030,6030_3,3282,36,1.0333333333334167,10:42:45,10:48:59,10
6083_4__6804_1,6083,6083_4,6804,6804_1,3797,1,16.350000000000023,13:49:38,14:05:59,13
6083_4__6804_1,6083,6083_4,6804,6804_1,2984,2,11.033333333333417,13:49:38,14:05:59,13
6083_4__6804_1,6083,6083_4,6804,6804_1,2685,3,10.75,13:49:38,14:05:59,13
6083_4__6804_1,6083,6083_4,6804,6804_1,3649,4,11.0,13:49:38,14:05:59,13
6083_4__6804_1,6083,6083_4,6804,6804_1,3747,5,11.166666666666742,13:49:38,14:05:59,13
6083_4__6804_1,6083,6083_4,6804,6804_1,482,6,11.266666666666652,13:49:38,14:05:59,13
6083_4__6804_1,6083,6083_4,6804,6804_1,709,7,10.683333333333394,13:49:38,14:05:59,13
6083_4__6804_1,6083,6083_4,6804,6804_1,1577,8,11.199999999999932,13:49:38,14:05:59,13
6083_4__6804_1,6083,6083_4,6804,6804_1,990,9,11.25,13:49:38,14:05:59,13
6083_4__6804_1,6083,6083_4,6804,6804_1,109,10,12.100000000000023,13:49:38,14:05:59,13
6083_4__6804_1,6083,6083_4,6804,6804_1,396,11,12.68333333333328,13:49:38,14:05:59,13
6083_4__6804_1,6083,6083_4,6804,6804_1,1253,12,11.18333333333328,13:49:38,14:05:59,13
6083_4__6804_1,6083,6083_4,6804,6804_1,1554,13,11.183333333333394,13:49:38,14:05:59,13
6083_4__6804_1,6083,6083_4,6804,6804_1,1099,14,11.883333333333326,13:49:38,14:05:59,13
6083_4__6804_1,6083,6083_4,6804,6804_1,168,15,8.86666666666656,13:49:38,14:05:59,13
6083_4__6804_1,6083,6083_4,6804,6804_1,929,16,9.266666666666652,13:49:38,14:05:59,13
6083_4__6804_1,6083,6083_4,6804,6804_1,94,17,9.016666666666652,13:49:38,14:05:59,13
6083_4__6804_1,6083,6083_4,6804,6804_1,1080,18,9.583333333333371,13:49:38,14:05:59,13
6083_4__6804_1,6083,6083_4,6804,6804_1,146,19,7.883333333333326,13:49:38,14:05:59,13
6083_4__6804_1,6083,6083_4,6804,6804_1,1089,20,8.183333333333394,13:49:38,14:05:59,13
6083_4__6804_1,6083,6083_4,6804,6804_1,213,21,8.450000000000045,13:49:38,14:05:59,13
6083_4__6804_1,6083,6083_4,6804,6804_1,3907,22,8.0,13:49:38,14:05:59,13
6083_4__6804_1,6083,6083_4,6804,6804_1,949,23,8.366666666666674,13:49:38,14:05:59,13
6083_4__6804_1,6083,6083_4,6804,6804_1,913,24,9.133333333333326,13:49:38,14:05:59,13
6083_4__6804_1,6083,6083_4,6804,6804_1,212,26,10.933333333333394,13:49:38,14:05:59,13
6083_4__6804_1,6083,6083_4,6804,6804_1,2665,27,12.416666666666742,13:49:38,14:05:59,13
6083_4__6804_1,6083,6083_4,6804,6804_1,2736,28,12.716666666666697,13:49:38,14:05:59,13
6083_4__6804_1,6083,6083_4,6804,6804_1,705,29,13.0,13:49:38,14:05:59,13
6083_4__6804_1,6083,6083_4,6804,6804_1,9979,30,13.133333333333326,13:49:38,14:05:59,13
6083_4__6804_1,6083,6083_4,6804,6804_1,2492,31,12.533333333333303,13:49:38,14:05:59,13
6083_4__6804_1,6083,6083_4,6804,6804_1,946,32,12.100000000000023,13:49:38,14:05:59,13
6083_4__6804_1,6083,6083_4,6804,6804_1,947,33,11.18333333333328,13:49:38,14:05:59,13
6083_4__6804_1,6083,6083_4,6804,6804_1,327,34,11.216666666666583,13:49:38,14:05:59,13
6083_4__6804_1,6083,6083_4,6804,6804_1,3284,35,11.550000000000068,13:49:38,14:05:59,13
6083_4__6804_1,6083,6083_4,6804,6804_1,3282,36,11.733333333333235,13:49:38,14:05:59,13
6083_4__6804_1,6083,6083_4,6804,6804_1,2583,37,12.266666666666652,13:49:38,14:05:59,13
6083_4__6804_1,6083,6083_4,6804,6804_1,2590,38,11.75,13:49:38,14:05:59,13
6083_4__6804_1,6083,6083_4,6804,6804_1,603,39,13.483333333333348,13:49:38,14:05:59,13
6121_1__6409_1,6121,6121_1,6409,6409_1,3797,1,8.983333333333348,04:13:00,04:21:59,4
6121_1__6409_1,6121,6121_1,6409,6409_1,2984,2,7.333333333333314,04:13:00,04:21:59,4
6121_1__6409_1,6121,6121_1,6409,6409_1,2685,3,7.7666666666666515,04:13:00,04:21:59,4
6121_1__6409_1,6121,6121_1,6409,6409_1,3649,4,8.116666666666674,04:13:00,04:21:59,4
6121_1__6409_1,6121,6121_1,6409,6409_1,3747,5,7.899999999999977,04:13:00,04:21:59,4
6121_1__6409_1,6121,6121_1,6409,6409_1,482,6,8.5,04:13:00,04:21:59,4
6121_1__6409_1,6121,6121_1,6409,6409_1,709,7,9.0,04:13:00,04:21:59,4
6121_1__6409_1,6121,6121_1,6409,6409_1,1577,8,9.949999999999989,04:13:00,04:21:59,4
6121_1__6409_1,6121,6121_1,6409,6409_1,990,9,9.949999999999989,04:13:00,04:21:59,4
6121_1__6409_1,6121,6121_1,6409,6409_1,109,10,10.133333333333326,04:13:00,04:21:59,4
6121_1__6409_1,6121,6121_1,6409,6409_1,396,11,10.666666666666686,04:13:00,04:21:59,4
6121_1__6409_1,6121,6121_1,6409,6409_1,1554,13,7.78333333333336,04:13:00,04:21:59,4
6121_1__6409_1,6121,6121_1,6409,6409_1,1099,14,8.050000000000011,04:13:00,04:21:59,4
6121_1__6409_1,6121,6121_1,6409,6409_1,168,15,9.433333333333337,04:13:00,04:21:59,4
6121_1__6409_1,6121,6121_1,6409,6409_1,929,16,9.983333333333292,04:13:00,04:21:59,4
6121_1__6409_1,6121,6121_1,6409,6409_1,94,17,10.050000000000011,04:13:00,04:21:59,4
6121_1__6409_1,6121,6121_1,6409,6409_1,1080,18,10.333333333333314,04:13:00,04:21:59,4
6121_1__6409_1,6121,6121_1,6409,6409_1,146,19,10.766666666666652,04:13:00,04:21:59,4
6121_1__6409_1,6121,6121_1,6409,6409_1,1089,20,10.633333333333326,04:13:00,04:21:59,4
6121_1__6409_1,6121,6121_1,6409,6409_1,213,21,11.366666666666674,04:13:00,04:21:59,4
6121_1__6409_1,6121,6121_1,6409,6409_1,3907,22,10.666666666666629,04:13:00,04:21:59,4
6121_1__6409_1,6121,6121_1,6409,6409_1,949,23,10.233333333333348,04:13:00,04:21:59,4
6121_1__6409_1,6121,6121_1,6409,6409_1,913,24,11.599999999999966,04:13:00,04:21:59,4
6121_1__6409_1,6121,6121_1,6409,6409_1,307,25,10.316666666666663,04:13:00,04:21:59,4
6121_1__6409_1,6121,6121_1,6409,6409_1,212,26,9.283333333333303,04:13:00,04:21:59,4
6121_1__6409_1,6121,6121_1,6409,6409_1,2665,27,9.833333333333314,04:13:00,04:21:59,4
6121_1__6409_1,6121,6121_1,6409,6409_1,2736,28,9.583333333333314,04:13:00,04:21:59,4
6121_1__6409_1,6121,6121_1,6409,6409_1,705,29,9.566666666666663,04:13:00,04:21:59,4
6121_1__6409_1,6121,6121_1,6409,6409_1,9979,30,9.633333333333326,04:13:00,04:21:59,4
6121_1__6409_1,6121,6121_1,6409,6409_1,2492,31,9.283333333333303,04:13:00,04:21:59,4
6121_1__6409_1,6121,6121_1,6409,6409_1,946,32,9.483333333333348,04:13:00,04:21:59,4
6121_1__6409_1,6121,6121_1,6409,6409_1,947,33,8.650000000000034,04:13:00,04:21:59,4
6121_1__6409_1,6121,6121_1,6409,6409_1,327,34,8.233333333333292,04:13:00,04:21:59,4
6121_1__6409_1,6121,6121_1,6409,6409_1,3284,35,8.25,04:13:00,04:21:59,4
6121_1__6409_1,6121,6121_1,6409,6409_1,3282,36,9.716666666666697,04:13:00,04:21:59,4
6121_1__6409_1,6121,6121_1,6409,6409_1,2583,37,10.5,04:13:00,04:21:59,4
6121_1__6409_1,6121,6121_1,6409,6409_1,2590,38,9.350000000000023,04:13:00,04:21:59,4
6121_1__6409_1,6121,6121_1,6409,6409_1,603,39,10.733333333333292,04:13:00,04:21:59,4
6124_1__6407_1,6124,6124_1,6407,6407_1,3797,1,8.016666666666652,05:17:59,05:26:00,5
6124_1__6407_1,6124,6124_1,6407,6407_1,2984,2,9.5,05:17:59,05:26:00,5
6124_1__6407_1,6124,6124_1,6407,6407_1,2685,3,10.0,05:17:59,05:26:00,5
6124_1__6407_1,6124,6124_1,6407,6407_1,3649,4,9.349999999999966,05:17:59,05:26:00,5
6124_1__6407_1,6124,6124_1,6407,6407_1,3747,5,9.683333333333337,05:17:59,05:26:00,5
6124_1__6407_1,6124,6124_1,6407,6407_1,482,6,9.683333333333337,05:17:59,05:26:00,5
6124_1__6407_1,6124,6124_1,6407,6407_1,709,7,9.883333333333326,05:17:59,05:26:00,5
6124_1__6407_1,6124,6124_1,6407,6407_1,1577,8,9.199999999999989,05:17:59,05:26:00,5
6124_1__6407_1,6124,6124_1,6407,6407_1,990,9,9.066666666666663,05:17:59,05:26:00,5
6124_1__6407_1,6124,6124_1,6407,6407_1,109,10,9.899999999999977,05:17:59,05:26:00,5
6124_1__6407_1,6124,6124_1,6407,6407_1,396,11,9.583333333333314,05:17:59,05:26:00,5
6124_1__6407_1,6124,6124_1,6407,6407_1,1253,12,9.100000000000023,05:17:59,05:26:00,5
6124_1__6407_1,6124,6124_1,6407,6407_1,1554,13,9.683333333333337,05:17:59,05:26:00,5
6124_1__6407_1,6124,6124_1,6407,6407_1,1099,14,8.733333333333348,05:17:59,05:26:00,5
6124_1__6407_1,6124,6124_1,6407,6407_1,168,15,5.883333333333326,05:17:59,05:26:00,5
6124_1__6407_1,6124,6124_1,6407,6407_1,929,16,6.416666666666629,05:17:59,05:26:00,5
6124_1__6407_1,6124,6124_1,6407,6407_1,94,17,6.666666666666629,05:17:59,05:26:00,5
6124_1__6407_1,6124,6124_1,6407,6407_1,1080,18,6.683333333333337,05:17:59,05:26:00,5
6124_1__6407_1,6124,6124_1,6407,6407_1,146,19,6.4833333333333485,05:17:59,05:26:00,5
6124_1__6407_1,6124,6124_1,6407,6407_1,1089,20,8.0,05:17:59,05:26:00,5
6124_1__6407_1,6124,6124_1,6407,6407_1,213,21,7.600000000000023,05:17:59,05:26:00,5
6124_1__6407_1,6124,6124_1,6407,6407_1,3907,22,7.5499999999999545,05:17:59,05:26:00,5
6124_1__6407_1,6124,6124_1,6407,6407_1,949,23,8.283333333333303,05:17:59,05:26:00,5
6124_1__6407_1,6124,6124_1,6407,6407_1,913,24,9.066666666666663,05:17:59,05:26:00,5
6124_1__6407_1,6124,6124_1,6407,6407_1,307,25,8.849999999999966,05:17:59,05:26:00,5
6124_1__6407_1,6124,6124_1,6407,6407_1,212,26,9.0,05:17:59,05:26:00,5
6124_1__6407_1,6124,6124_1,6407,6407_1,2665,27,9.316666666666663,05:17:59,05:26:00,5
6124_1__6407_1,6124,6124_1,6407,6407_1,2736,28,11.116666666666674,05:17:59,05:26:00,5
6124_1__6407_1,6124,6124_1,6407,6407_1,705,29,9.383333333333326,05:17:59,05:26:00,5
6124_1__6407_1,6124,6124_1,6407,6407_1,9979,30,9.133333333333326,05:17:59,05:26:00,5
6124_1__6407_1,6124,6124_1,6407,6407_1,2492,31,9.050000000000011,05:17:59,05:26:00,5
6124_1__6407_1,6124,6124_1,6407,6407_1,946,32,8.300000000000011,05:17:59,05:26:00,5
6124_1__6407_1,6124,6124_1,6407,6407_1,947,33,8.366666666666617,05:17:59,05:26:00,5
6124_1__6407_1,6124,6124_1,6407,6407_1,327,34,8.516666666666652,05:17:59,05:26:00,5
6124_1__6407_1,6124,6124_1,6407,6407_1,3284,35,9.366666666666617,05:17:59,05:26:00,5
6124_1__6407_1,6124,6124_1,6407,6407_1,3282,36,9.716666666666697,05:17:59,05:26:00,5
6124_1__6407_1,6124,6124_1,6407,6407_1,2583,37,9.683333333333337,05:17:59,05:26:00,5
6124_1__6407_1,6124,6124_1,6407,6407_1,2590,38,10.733333333333292,05:17:59,05:26:00,5
6124_1__6407_1,6124,6124_1,6407,6407_1,603,39,11.099999999999966,05:17:59,05:26:00,5
6202_1__6406_1,6202,6202_1,6406,6406_1,3649,4,11.216666666666669,03:50:14,04:01:27,3
6202_1__6406_1,6202,6202_1,6406,6406_1,3747,5,10.833333333333343,03:50:14,04:01:27,3
6202_1__6406_1,6202,6202_1,6406,6406_1,482,6,11.150000000000006,03:50:14,04:01:27,3
6202_1__6406_1,6202,6202_1,6406,6406_1,709,7,11.299999999999983,03:50:14,04:01:27,3
6202_1__6406_1,6202,6202_1,6406,6406_1,1577,8,12.01666666666668,03:50:14,04:01:27,3
6202_1__6406_1,6202,6202_1,6406,6406_1,990,9,12.949999999999989,03:50:14,04:01:27,3
6202_1__6406_1,6202,6202_1,6406,6406_1,109,10,12.199999999999989,03:50:14,04:01:27,3
6202_1__6406_1,6202,6202_1,6406,6406_1,396,11,13.333333333333314,03:50:14,04:01:27,3
6202_1__6406_1,6202,6202_1,6406,6406_1,1253,12,14.299999999999983,03:50:14,04:01:27,3
6202_1__6406_1,6202,6202_1,6406,6406_1,1554,13,14.616666666666674,03:50:14,04:01:27,3
6202_1__6406_1,6202,6202_1,6406,6406_1,1099,14,15.083333333333314,03:50:14,04:01:27,3
6202_1__6406_1,6202,6202_1,6406,6406_1,168,15,15.983333333333348,03:50:14,04:01:27,3
6202_1__6406_1,6202,6202_1,6406,6406_1,929,16,16.833333333333343,03:50:14,04:01:27,3
6202_1__6406_1,6202,6202_1,6406,6406_1,94,17,16.50000000000003,03:50:14,04:01:27,3
6202_1__6406_1,6202,6202_1,6406,6406_1,1080,18,16.49999999999997,03:50:14,04:01:27,3
6202_1__6406_1,6202,6202_1,6406,6406_1,146,19,15.916666666666686,03:50:14,04:01:27,3
6202_1__6406_1,6202,6202_1,6406,6406_1,1089,20,16.116666666666646,03:50:14,04:01:27,3
6202_1__6406_1,6202,6202_1,6406,6406_1,213,21,16.46666666666664,03:50:14,04:01:27,3
6202_1__6406_1,6202,6202_1,6406,6406_1,3907,22,16.700000000000017,03:50:14,04:01:27,3
6202_1__6406_1,6202,6202_1,6406,6406_1,949,23,16.80000000000001,03:50:14,04:01:27,3
6202_1__6406_1,6202,6202_1,6406,6406_1,913,24,17.16666666666663,03:50:14,04:01:27,3
6202_1__6406_1,6202,6202_1,6406,6406_1,307,25,16.933333333333337,03:50:14,04:01:27,3
6202_1__6406_1,6202,6202_1,6406,6406_1,212,26,17.149999999999977,03:50:14,04:01:27,3
6202_1__6406_1,6202,6202_1,6406,6406_1,2665,27,17.399999999999977,03:50:14,04:01:27,3
6202_1__6406_1,6202,6202_1,6406,6406_1,2736,28,17.0,03:50:14,04:01:27,3
6202_1__6406_1,6202,6202_1,6406,6406_1,705,29,17.383333333333383,03:50:14,04:01:27,3
6202_1__6406_1,6202,6202_1,6406,6406_1,9979,30,17.03333333333336,03:50:14,04:01:27,3
6202_1__6406_1,6202,6202_1,6406,6406_1,2492,31,16.133333333333326,03:50:14,04:01:27,3
6202_1__6406_1,6202,6202_1,6406,6406_1,946,32,17.80000000000001,03:50:14,04:01:27,3
6202_1__6406_1,6202,6202_1,6406,6406_1,947,33,17.78333333333336,03:50:14,04:01:27,3
6202_1__6406_1,6202,6202_1,6406,6406_1,327,34,17.94999999999999,03:50:14,04:01:27,3
6202_1__6406_1,6202,6202_1,6406,6406_1,3284,35,16.91666666666663,03:50:14,04:01:27,3
6202_1__6406_1,6202,6202_1,6406,6406_1,2583,37,18.416666666666686,03:50:14,04:01:27,3
6202_1__6406_1,6202,6202_1,6406,6406_1,2590,38,18.80000000000001,03:50:14,04:01:27,3
6202_1__6406_1,6202,6202_1,6406,6406_1,603,39,18.900000000000034,03:50:14,04:01:27,3
6209_1__6121_1,6209,6209_1,6121,6121_1,2984,2,8.433333333333337,04:07:37,04:16:03,4
6209_1__6121_1,6209,6209_1,6121,6121_1,2685,3,8.200000000000017,04:07:37,04:16:03,4
6209_1__6121_1,6209,6209_1,6121,6121_1,3649,4,9.066666666666691,04:07:37,04:16:03,4
6209_1__6121_1,6209,6209_1,6121,6121_1,3747,5,9.51666666666668,04:07:37,04:16:03,4
6209_1__6121_1,6209,6209_1,6121,6121_1,482,6,10.516666666666652,04:07:37,04:16:03,4
6209_1__6121_1,6209,6209_1,6121,6121_1,709,7,10.183333333333337,04:07:37,04:16:03,4
6209_1__6121_1,6209,6209_1,6121,6121_1,1577,8,9.066666666666663,04:07:37,04:16:03,4
6209_1__6121_1,6209,6209_1,6121,6121_1,990,9,8.883333333333383,04:07:37,04:16:03,4
6209_1__6121_1,6209,6209_1,6121,6121_1,109,10,9.25,04:07:37,04:16:03,4
6209_1__6121_1,6209,6209_1,6121,6121_1,396,11,8.949999999999989,04:07:37,04:16:03,4
6209_1__6121_1,6209,6209_1,6121,6121_1,1253,12,9.266666666666652,04:07:37,04:16:03,4
6209_1__6121_1,6209,6209_1,6121,6121_1,1554,13,9.916666666666686,04:07:37,04:16:03,4
6209_1__6121_1,6209,6209_1,6121,6121_1,1099,14,10.0,04:07:37,04:16:03,4
6209_1__6121_1,6209,6209_1,6121,6121_1,168,15,9.049999999999955,04:07:37,04:16:03,4
6209_1__6121_1,6209,6209_1,6121,6121_1,929,16,9.066666666666663,04:07:37,04:16:03,4
6209_1__6121_1,6209,6209_1,6121,6121_1,94,17,10.516666666666652,04:07:37,04:16:03,4
6209_1__6121_1,6209,6209_1,6121,6121_1,1080,18,9.983333333333348,04:07:37,04:16:03,4
6209_1__6121_1,6209,6209_1,6121,6121_1,146,19,9.633333333333326,04:07:37,04:16:03,4
6209_1__6121_1,6209,6209_1,6121,6121_1,1089,20,9.266666666666652,04:07:37,04:16:03,4
6209_1__6121_1,6209,6209_1,6121,6121_1,213,21,9.0,04:07:37,04:16:03,4
6209_1__6121_1,6209,6209_1,6121,6121_1,3907,22,9.316666666666663,04:07:37,04:16:03,4
6209_1__6121_1,6209,6209_1,6121,6121_1,949,23,9.483333333333292,04:07:37,04:16:03,4
6209_1__6121_1,6209,6209_1,6121,6121_1,913,24,9.516666666666652,04:07:37,04:16:03,4
6209_1__6121_1,6209,6209_1,6121,6121_1,307,25,10.866666666666674,04:07:37,04:16:03,4
6209_1__6121_1,6209,6209_1,6121,6121_1,212,26,11.166666666666686,04:07:37,04:16:03,4
6209_1__6121_1,6209,6209_1,6121,6121_1,2665,27,10.899999999999977,04:07:37,04:16:03,4
6209_1__6121_1,6209,6209_1,6121,6121_1,2736,28,11.766666666666652,04:07:37,04:16:03,4
6209_1__6121_1,6209,6209_1,6121,6121_1,705,29,12.483333333333348,04:07:37,04:16:03,4
6209_1__6121_1,6209,6209_1,6121,6121_1,9979,30,12.666666666666686,04:07:37,04:16:03,4
6209_1__6121_1,6209,6209_1,6121,6121_1,2492,31,12.800000000000011,04:07:37,04:16:03,4
6209_3__6409_3,6209,6209_3,6409,6409_3,3797,1,11.549999999999955,09:38:59,09:50:32,9
6209_3__6409_3,6209,6209_3,6409,6409_3,2984,2,11.733333333333348,09:38:59,09:50:32,9
6209_3__6409_3,6209,6209_3,6409,6409_3,2685,3,12.516666666666652,09:38:59,09:50:32,9
6209_3__6409_3,6209,6209_3,6409,6409_3,3649,4,10.666666666666629,09:38:59,09:50:32,9
6209_3__6409_3,6209,6209_3,6409,6409_3,3747,5,9.099999999999909,09:38:59,09:50:32,9
6209_3__6409_3,6209,6209_3,6409,6409_3,482,6,8.933333333333394,09:38:59,09:50:32,9
6209_3__6409_3,6209,6209_3,6409,6409_3,709,7,10.700000000000045,09:38:59,09:50:32,9
6209_3__6409_3,6209,6209_3,6409,6409_3,168,15,6.283333333333303,09:38:59,09:50:32,9
6209_3__6409_3,6209,6209_3,6409,6409_3,929,16,7.333333333333371,09:38:59,09:50:32,9
6209_3__6409_3,6209,6209_3,6409,6409_3,94,17,6.116666666666674,09:38:59,09:50:32,9
6209_3__6409_3,6209,6209_3,6409,6409_3,1080,18,7.9833333333333485,09:38:59,09:50:32,9
6209_3__6409_3,6209,6209_3,6409,6409_3,146,19,9.649999999999977,09:38:59,09:50:32,9
6209_3__6409_3,6209,6209_3,6409,6409_3,1089,20,8.583333333333371,09:38:59,09:50:32,9
6209_3__6409_3,6209,6209_3,6409,6409_3,3907,22,8.349999999999909,09:38:59,09:50:32,9
6209_3__6409_3,6209,6209_3,6409,6409_3,949,23,8.466666666666697,09:38:59,09:50:32,9
6209_3__6409_3,6209,6209_3,6409,6409_3,913,24,9.216666666666583,09:38:59,09:50:32,9
6209_3__6409_3,6209,6209_3,6409,6409_3,307,25,9.850000000000023,09:38:59,09:50:32,9
6209_3__6409_3,6209,6209_3,6409,6409_3,212,26,10.783333333333417,09:38:59,09:50:32,9
6209_3__6409_3,6209,6209_3,6409,6409_3,2665,27,10.299999999999955,09:38:59,09:50:32,9
6209_3__6409_3,6209,6209_3,6409,6409_3,2736,28,10.43333333333328,09:38:59,09:50:32,9
6209_3__6409_3,6209,6209_3,6409,6409_3,2583,37,7.6666666666667425,09:38:59,09:50:32,9
6209_3__6409_3,6209,6209_3,6409,6409_3,2590,38,8.450000000000045,09:38:59,09:50:32,9
6209_3__6409_3,6209,6209_3,6409,6409_3,603,39,8.299999999999955,09:38:59,09:50:32,9
6209_4__6409_4,6209,6209_4,6409,6409_4,3797,1,5.866666666666674,12:30:50,12:36:42,12
6209_4__6409_4,6209,6209_4,6409,6409_4,2984,2,5.9833333333333485,12:30:50,12:36:42,12
6209_4__6409_4,6209,6209_4,6409,6409_4,2685,3,6.916666666666629,12:30:50,12:36:42,12
6209_4__6409_4,6209,6209_4,6409,6409_4,3649,4,6.850000000000023,12:30:50,12:36:42,12
6209_4__6409_4,6209,6209_4,6409,6409_4,3747,5,8.25,12:30:50,12:36:42,12
6209_4__6409_4,6209,6209_4,6409,6409_4,482,6,8.383333333333326,12:30:50,12:36:42,12
6209_4__6409_4,6209,6209_4,6409,6409_4,709,7,9.883333333333326,12:30:50,12:36:42,12
6209_4__6409_4,6209,6209_4,6409,6409_4,1577,8,10.25,12:30:50,12:36:42,12
6209_4__6409_4,6209,6209_4,6409,6409_4,990,9,11.06666666666672,12:30:50,12:36:42,12
6209_4__6409_4,6209,6209_4,6409,6409_4,109,10,10.199999999999932,12:30:50,12:36:42,12
6209_4__6409_4,6209,6209_4,6409,6409_4,396,11,11.350000000000023,12:30:50,12:36:42,12
6209_4__6409_4,6209,6209_4,6409,6409_4,1253,12,13.083333333333371,12:30:50,12:36:42,12
6209_4__6409_4,6209,6209_4,6409,6409_4,1554,13,14.300000000000068,12:30:50,12:36:42,12
6209_4__6409_4,6209,6209_4,6409,6409_4,1099,14,14.049999999999955,12:30:50,12:36:42,12
6209_4__6409_4,6209,6209_4,6409,6409_4,929,16,16.16666666666663,12:30:50,12:36:42,12
6209_4__6409_4,6209,6209_4,6409,6409_4,146,19,12.68333333333328,12:30:50,12:36:42,12
6209_4__6409_4,6209,6209_4,6409,6409_4,1089,20,12.700000000000045,12:30:50,12:36:42,12
6209_4__6409_4,6209,6209_4,6409,6409_4,213,21,13.066666666666606,12:30:50,12:36:42,12
6209_4__6409_4,6209,6209_4,6409,6409_4,3907,22,13.083333333333371,12:30:50,12:36:42,12
6209_4__6409_4,6209,6209_4,6409,6409_4,949,23,13.366666666666674,12:30:50,12:36:42,12
6209_4__6409_4,6209,6209_4,6409,6409_4,913,24,15.116666666666674,12:30:50,12:36:42,12
6209_4__6409_4,6209,6209_4,6409,6409_4,946,32,13.083333333333371,12:30:50,12:36:42,12
6209_4__6409_4,6209,6209_4,6409,6409_4,947,33,14.150000000000091,12:30:50,12:36:42,12
6209_4__6409_4,6209,6209_4,6409,6409_4,327,34,12.966666666666583,12:30:50,12:36:42,12
6209_4__6409_4,6209,6209_4,6409,6409_4,3284,35,11.966666666666697,12:30:50,12:36:42,12
6209_4__6409_4,6209,6209_4,6409,6409_4,2590,38,12.016666666666652,12:30:50,12:36:42,12
6209_4__6409_4,6209,6209_4,6409,6409_4,603,39,12.100000000000023,12:30:50,12:36:42,12
6209_5__6211_4,6209,6209_5,6211,6211_4,3797,1,-1.3166666666667197,15:08:59,15:07:40,15
6209_5__6211_4,6209,6209_5,6211,6211_4,2984,2,15.933333333333394,15:08:59,15:07:40,15
6209_5__6211_4,6209,6209_5,6211,6211_4,2685,3,14.966666666666697,15:08:59,15:07:40,15
6209_5__6211_4,6209,6209_5,6211,6211_4,3649,4,14.93333333333328,15:08:59,15:07:40,15
6209_5__6211_4,6209,6209_5,6211,6211_4,3747,5,14.816666666666606,15:08:59,15:07:40,15
6209_5__6211_4,6209,6209_5,6211,6211_4,482,6,15.616666666666674,15:08:59,15:07:40,15
6209_5__6211_4,6209,6209_5,6211,6211_4,709,7,14.116666666666674,15:08:59,15:07:40,15
6209_5__6211_4,6209,6209_5,6211,6211_4,1577,8,13.93333333333328,15:08:59,15:07:40,15
6209_5__6211_4,6209,6209_5,6211,6211_4,990,9,13.233333333333348,15:08:59,15:07:40,15
6209_5__6211_4,6209,6209_5,6211,6211_4,109,10,14.149999999999977,15:08:59,15:07:40,15
6209_5__6211_4,6209,6209_5,6211,6211_4,396,11,14.716666666666583,15:08:59,15:07:40,15
6209_5__6211_4,6209,6209_5,6211,6211_4,1253,12,14.349999999999909,15:08:59,15:07:40,15
6209_5__6211_4,6209,6209_5,6211,6211_4,1554,13,14.533333333333303,15:08:59,15:07:40,15
6209_5__6211_4,6209,6209_5,6211,6211_4,1099,14,13.766666666666652,15:08:59,15:07:40,15
6209_5__6211_4,6209,6209_5,6211,6211_4,168,15,16.366666666666674,15:08:59,15:07:40,15
6209_5__6211_4,6209,6209_5,6211,6211_4,213,21,26.949999999999932,15:08:59,15:07:40,15
6209_5__6211_4,6209,6209_5,6211,6211_4,3907,22,27.33333333333337,15:08:59,15:07:40,15
6211_1__6406_2,6211,6211_1,6406,6406_2,3797,1,9.0,06:22:00,06:31:00,6
6211_1__6406_2,6211,6211_1,6406,6406_2,2984,2,11.0,06:22:00,06:31:00,6
6211_1__6406_2,6211,6211_1,6406,6406_2,2685,3,11.833333333333314,06:22:00,06:31:00,6
6211_1__6406_2,6211,6211_1,6406,6406_2,709,7,13.083333333333314,06:22:00,06:31:00,6
6211_1__6406_2,6211,6211_1,6406,6406_2,1577,8,12.866666666666674,06:22:00,06:31:00,6
6211_1__6406_2,6211,6211_1,6406,6406_2,2590,38,19.166666666666686,06:22:00,06:31:00,6
6211_1__6406_2,6211,6211_1,6406,6406_2,603,39,20.116666666666674,06:22:00,06:31:00,6
6211_2__1562_2,6211,6211_2,1562,1562_2,2984,2,6.56666666666672,09:08:01,09:14:35,9
6211_2__1562_2,6211,6211_2,1562,1562_2,2685,3,5.5166666666666515,09:08:01,09:14:35,9
6211_2__1562_2,6211,6211_2,1562,1562_2,3649,4,4.583333333333371,09:08:01,09:14:35,9
6211_2__1562_2,6211,6211_2,1562,1562_2,482,6,4.533333333333417,09:08:01,09:14:35,9
6211_2__1562_2,6211,6211_2,1562,1562_2,709,7,5.68333333333328,09:08:01,09:14:35,9
6211_2__1562_2,6211,6211_2,1562,1562_2,1577,8,5.683333333333394,09:08:01,09:14:35,9
6211_2__1562_2,6211,6211_2,1562,1562_2,990,9,7.866666666666561,09:08:01,09:14:35,9
6211_2__1562_2,6211,6211_2,1562,1562_2,109,10,7.900000000000091,09:08:01,09:14:35,9
6211_2__1562_2,6211,6211_2,1562,1562_2,396,11,7.9500000000000455,09:08:01,09:14:35,9
6211_2__1562_2,6211,6211_2,1562,1562_2,929,16,4.0166666666666515,09:08:01,09:14:35,9
6211_2__1562_2,6211,6211_2,1562,1562_2,94,17,4.466666666666583,09:08:01,09:14:35,9
6211_2__1562_2,6211,6211_2,1562,1562_2,1080,18,4.783333333333303,09:08:01,09:14:35,9
6211_2__1562_2,6211,6211_2,1562,1562_2,146,19,3.283333333333303,09:08:01,09:14:35,9
6211_2__1562_2,6211,6211_2,1562,1562_2,1089,20,2.6499999999999773,09:08:01,09:14:35,9
6211_2__1562_2,6211,6211_2,1562,1562_2,213,21,3.150000000000091,09:08:01,09:14:35,9
6211_2__1562_2,6211,6211_2,1562,1562_2,3907,22,3.3333333333333712,09:08:01,09:14:35,9
6211_2__1562_2,6211,6211_2,1562,1562_2,949,23,3.25,09:08:01,09:14:35,9
6211_2__1562_2,6211,6211_2,1562,1562_2,913,24,2.433333333333394,09:08:01,09:14:35,9
6211_2__1562_2,6211,6211_2,1562,1562_2,307,25,2.949999999999932,09:08:01,09:14:35,9
6211_2__1562_2,6211,6211_2,1562,1562_2,212,26,2.9833333333333485,09:08:01,09:14:35,9
6211_2__1562_2,6211,6211_2,1562,1562_2,2665,27,2.9833333333333485,09:08:01,09:14:35,9
6211_2__1562_2,6211,6211_2,1562,1562_2,2736,28,2.4500000000000455,09:08:01,09:14:35,9
6211_2__1562_2,6211,6211_2,1562,1562_2,705,29,2.449999999999932,09:08:01,09:14:35,9
6211_2__1562_2,6211,6211_2,1562,1562_2,9979,30,2.2666666666666515,09:08:01,09:14:35,9
6211_2__1562_2,6211,6211_2,1562,1562_2,2492,31,3.5166666666666515,09:08:01,09:14:35,9
6211_2__1562_2,6211,6211_2,1562,1562_2,946,32,3.6333333333333258,09:08:01,09:14:35,9
6211_2__1562_2,6211,6211_2,1562,1562_2,947,33,3.1499999999999773,09:08:01,09:14:35,9
6211_2__1562_2,6211,6211_2,1562,1562_2,327,34,3.449999999999932,09:08:01,09:14:35,9
6211_2__1562_2,6211,6211_2,1562,1562_2,3284,35,2.449999999999932,09:08:01,09:14:35,9
6211_2__1562_2,6211,6211_2,1562,1562_2,3282,36,2.5166666666666515,09:08:01,09:14:35,9
6211_2__1562_2,6211,6211_2,1562,1562_2,2583,37,1.900000000000091,09:08:01,09:14:35,9
6211_2__1562_2,6211,6211_2,1562,1562_2,2590,38,1.0166666666666515,09:08:01,09:14:35,9
6216_1__6413_1,6216,6216_1,6413,6413_1,3797,1,9.016666666666652,04:39:59,04:49:00,4
6216_1__6413_1,6216,6216_1,6413,6413_1,2984,2,7.75,04:39:59,04:49:00,4
6216_1__6413_1,6216,6216_1,6413,6413_1,2685,3,7.71666666666664,04:39:59,04:49:00,4
6216_1__6413_1,6216,6216_1,6413,6413_1,3649,4,7.100000000000023,04:39:59,04:49:00,4
6216_1__6413_1,6216,6216_1,6413,6413_1,3747,5,8.233333333333348,04:39:59,04:49:00,4
6216_1__6413_1,6216,6216_1,6413,6413_1,482,6,8.416666666666686,04:39:59,04:49:00,4
6216_1__6413_1,6216,6216_1,6413,6413_1,709,7,8.766666666666652,04:39:59,04:49:00,4
6216_1__6413_1,6216,6216_1,6413,6413_1,1577,8,9.466666666666697,04:39:59,04:49:00,4
6216_1__6413_1,6216,6216_1,6413,6413_1,990,9,9.416666666666686,04:39:59,04:49:00,4
6216_1__6413_1,6216,6216_1,6413,6413_1,109,10,9.683333333333337,04:39:59,04:49:00,4
6216_1__6413_1,6216,6216_1,6413,6413_1,396,11,10.78333333333336,04:39:59,04:49:00,4
6216_1__6413_1,6216,6216_1,6413,6413_1,1253,12,11.150000000000034,04:39:59,04:49:00,4
6216_1__6413_1,6216,6216_1,6413,6413_1,1554,13,11.616666666666617,04:39:59,04:49:00,4
6216_1__6413_1,6216,6216_1,6413,6413_1,1099,14,11.766666666666708,04:39:59,04:49:00,4
6216_1__6413_1,6216,6216_1,6413,6413_1,168,15,11.633333333333326,04:39:59,04:49:00,4
6216_1__6413_1,6216,6216_1,6413,6413_1,929,16,12.0,04:39:59,04:49:00,4
6216_1__6413_1,6216,6216_1,6413,6413_1,94,17,10.75,04:39:59,04:49:00,4
6216_1__6413_1,6216,6216_1,6413,6413_1,1080,18,10.916666666666629,04:39:59,04:49:00,4
6216_1__6413_1,6216,6216_1,6413,6413_1,146,19,11.550000000000011,04:39:59,04:49:00,4
6216_1__6413_1,6216,6216_1,6413,6413_1,1089,20,11.533333333333303,04:39:59,04:49:00,4
6216_1__6413_1,6216,6216_1,6413,6413_1,213,21,11.766666666666652,04:39:59,04:49:00,4
6216_1__6413_1,6216,6216_1,6413,6413_1,3907,22,11.233333333333348,04:39:59,04:49:00,4
6216_1__6413_1,6216,6216_1,6413,6413_1,949,23,10.916666666666629,04:39:59,04:49:00,4
6216_1__6413_1,6216,6216_1,6413,6413_1,913,24,12.31666666666672,04:39:59,04:49:00,4
6216_1__6413_1,6216,6216_1,6413,6413_1,307,25,12.483333333333348,04:39:59,04:49:00,4
6216_1__6413_1,6216,6216_1,6413,6413_1,212,26,14.433333333333337,04:39:59,04:49:00,4
6216_1__6413_1,6216,6216_1,6413,6413_1,2665,27,13.03333333333336,04:39:59,04:49:00,4
6216_1__6413_1,6216,6216_1,6413,6413_1,2736,28,15.600000000000023,04:39:59,04:49:00,4
6216_1__6413_1,6216,6216_1,6413,6413_1,705,29,14.75,04:39:59,04:49:00,4
6216_1__6413_1,6216,6216_1,6413,6413_1,9979,30,15.25,04:39:59,04:49:00,4
6216_1__6413_1,6216,6216_1,6413,6413_1,2492,31,15.066666666666663,04:39:59,04:49:00,4
6216_1__6413_1,6216,6216_1,6413,6413_1,946,32,13.699999999999989,04:39:59,04:49:00,4
6216_1__6413_1,6216,6216_1,6413,6413_1,947,33,13.866666666666674,04:39:59,04:49:00,4
6216_1__6413_1,6216,6216_1,6413,6413_1,327,34,14.416666666666629,04:39:59,04:49:00,4
6216_1__6413_1,6216,6216_1,6413,6413_1,3284,35,15.699999999999989,04:39:59,04:49:00,4
6216_1__6413_1,6216,6216_1,6413,6413_1,3282,36,15.650000000000034,04:39:59,04:49:00,4
6216_1__6413_1,6216,6216_1,6413,6413_1,2583,37,15.699999999999989,04:39:59,04:49:00,4
6216_1__6413_1,6216,6216_1,6413,6413_1,2590,38,15.25,04:39:59,04:49:00,4
6216_1__6413_1,6216,6216_1,6413,6413_1,603,39,15.28333333333336,04:39:59,04:49:00,4
6216_2__1620_1,6216,6216_2,1620,1620_1,3797,1,-5.699999999999989,07:33:18,07:27:36,7
6216_2__1620_1,6216,6216_2,1620,1620_1,2984,2,2.1166666666666742,07:33:18,07:27:36,7
6216_2__1620_1,6216,6216_2,1620,1620_1,2685,3,2.683333333333337,07:33:18,07:27:36,7
6216_2__1620_1,6216,6216_2,1620,1620_1,3649,4,3.5,07:33:18,07:27:36,7
6216_2__1620_1,6216,6216_2,1620,1620_1,3747,5,4.466666666666697,07:33:18,07:27:36,7
6216_2__1620_1,6216,6216_2,1620,1620_1,482,6,4.216666666666697,07:33:18,07:27:36,7
6216_2__1620_1,6216,6216_2,1620,1620_1,709,7,3.8333333333333144,07:33:18,07:27:36,7
6216_2__1620_1,6216,6216_2,1620,1620_1,1577,8,3.7666666666666515,07:33:18,07:27:36,7
6216_2__1620_1,6216,6216_2,1620,1620_1,990,9,3.75,07:33:18,07:27:36,7
6216_2__1620_1,6216,6216_2,1620,1620_1,109,10,3.6333333333333258,07:33:18,07:27:36,7
6216_2__1620_1,6216,6216_2,1620,1620_1,396,11,5.166666666666629,07:33:18,07:27:36,7
6216_2__1620_1,6216,6216_2,1620,1620_1,1253,12,5.9500000000000455,07:33:18,07:27:36,7
6216_2__1620_1,6216,6216_2,1620,1620_1,1554,13,5.833333333333314,07:33:18,07:27:36,7
6216_2__1620_1,6216,6216_2,1620,1620_1,1099,14,5.816666666666663,07:33:18,07:27:36,7
6217_2__6401_2,6217,6217_2,6401,6401_2,3797,1,8.016666666666652,05:41:59,05:50:00,5
6217_2__6401_2,6217,6217_2,6401,6401_2,2984,2,8.050000000000011,05:41:59,05:50:00,5
6217_2__6401_2,6217,6217_2,6401,6401_2,2685,3,8.183333333333337,05:41:59,05:50:00,5
6217_2__6401_2,6217,6217_2,6401,6401_2,3649,4,7.850000000000023,05:41:59,05:50:00,5
6217_2__6401_2,6217,6217_2,6401,6401_2,3747,5,7.633333333333383,05:41:59,05:50:00,5
6217_2__6401_2,6217,6217_2,6401,6401_2,482,6,7.03333333333336,05:41:59,05:50:00,5
6217_2__6401_2,6217,6217_2,6401,6401_2,709,7,6.300000000000011,05:41:59,05:50:00,5
6217_2__6401_2,6217,6217_2,6401,6401_2,1577,8,7.650000000000034,05:41:59,05:50:00,5
6217_2__6401_2,6217,6217_2,6401,6401_2,109,10,7.533333333333303,05:41:59,05:50:00,5
6217_2__6401_2,6217,6217_2,6401,6401_2,396,11,8.46666666666664,05:41:59,05:50:00,5
6217_2__6401_2,6217,6217_2,6401,6401_2,1253,12,8.5,05:41:59,05:50:00,5
6217_2__6401_2,6217,6217_2,6401,6401_2,1554,13,8.466666666666697,05:41:59,05:50:00,5
6217_2__6401_2,6217,6217_2,6401,6401_2,1099,14,8.366666666666674,05:41:59,05:50:00,5
6217_2__6401_2,6217,6217_2,6401,6401_2,168,15,7.93333333333328,05:41:59,05:50:00,5
6217_2__6401_2,6217,6217_2,6401,6401_2,929,16,8.549999999999955,05:41:59,05:50:00,5
6217_2__6401_2,6217,6217_2,6401,6401_2,94,17,8.083333333333371,05:41:59,05:50:00,5
6217_2__6401_2,6217,6217_2,6401,6401_2,1080,18,7.599999999999966,05:41:59,05:50:00,5
6217_2__6401_2,6217,6217_2,6401,6401_2,146,19,8.616666666666674,05:41:59,05:50:00,5
6217_2__6401_2,6217,6217_2,6401,6401_2,1089,20,9.850000000000023,05:41:59,05:50:00,5
6217_2__6401_2,6217,6217_2,6401,6401_2,213,21,9.199999999999989,05:41:59,05:50:00,5
6217_2__6401_2,6217,6217_2,6401,6401_2,3907,22,9.150000000000034,05:41:59,05:50:00,5
6217_2__6401_2,6217,6217_2,6401,6401_2,949,23,9.300000000000011,05:41:59,05:50:00,5
6217_2__6401_2,6217,6217_2,6401,6401_2,913,24,8.933333333333337,05:41:59,05:50:00,5
6217_2__6401_2,6217,6217_2,6401,6401_2,307,25,8.699999999999989,05:41:59,05:50:00,5
6217_2__6401_2,6217,6217_2,6401,6401_2,212,26,9.099999999999966,05:41:59,05:50:00,5
6217_2__6401_2,6217,6217_2,6401,6401_2,2665,27,9.53333333333336,05:41:59,05:50:00,5
6217_2__6401_2,6217,6217_2,6401,6401_2,2736,28,10.600000000000023,05:41:59,05:50:00,5
6217_2__6401_2,6217,6217_2,6401,6401_2,705,29,8.933333333333337,05:41:59,05:50:00,5
6217_2__6401_2,6217,6217_2,6401,6401_2,9979,30,9.78333333333336,05:41:59,05:50:00,5
6217_2__6401_2,6217,6217_2,6401,6401_2,2492,31,9.083333333333371,05:41:59,05:50:00,5
6217_2__6401_2,6217,6217_2,6401,6401_2,946,32,8.983333333333348,05:41:59,05:50:00,5
6217_2__6401_2,6217,6217_2,6401,6401_2,947,33,8.733333333333348,05:41:59,05:50:00,5
6217_2__6401_2,6217,6217_2,6401,6401_2,327,34,7.816666666666663,05:41:59,05:50:00,5
6217_2__6401_2,6217,6217_2,6401,6401_2,3284,35,7.633333333333326,05:41:59,05:50:00,5
6217_2__6401_2,6217,6217_2,6401,6401_2,3282,36,9.366666666666674,05:41:59,05:50:00,5
6217_2__6401_2,6217,6217_2,6401,6401_2,2583,37,8.68333333333328,05:41:59,05:50:00,5
6217_2__6401_2,6217,6217_2,6401,6401_2,2590,38,9.03333333333336,05:41:59,05:50:00,5
6217_2__6401_2,6217,6217_2,6401,6401_2,603,39,9.266666666666708,05:41:59,05:50:00,5
6401_2__6402_2,6401,6401_2,6402,6402_2,3797,1,8.0,05:50:00,05:58:00,5
6401_2__6402_2,6401,6401_2,6402,6402_2,2984,2,6.350000000000023,05:50:00,05:58:00,5
6401_2__6402_2,6401,6401_2,6402,6402_2,2685,3,5.333333333333314,05:50:00,05:58:00,5
6401_2__6402_2,6401,6401_2,6402,6402_2,3649,4,5.25,05:50:00,05:58:00,5
6401_2__6402_2,6401,6401_2,6402,6402_2,3747,5,4.349999999999966,05:50:00,05:58:00,5
6401_2__6402_2,6401,6401_2,6402,6402_2,482,6,4.96666666666664,05:50:00,05:58:00,5
6401_2__6402_2,6401,6401_2,6402,6402_2,709,7,6.600000000000023,05:50:00,05:58:00,5
6401_2__6402_2,6401,6401_2,6402,6402_2,1577,8,5.2666666666666515,05:50:00,05:58:00,5
6401_2__6402_2,6401,6401_2,6402,6402_2,990,9,5.333333333333314,05:50:00,05:58:00,5
6401_2__6402_2,6401,6401_2,6402,6402_2,109,10,4.583333333333371,05:50:00,05:58:00,5
6401_2__6402_2,6401,6401_2,6402,6402_2,396,11,3.1666666666666856,05:50:00,05:58:00,5
6401_2__6402_2,6401,6401_2,6402,6402_2,1253,12,4.800000000000011,05:50:00,05:58:00,5
6401_2__6402_2,6401,6401_2,6402,6402_2,1554,13,4.800000000000011,05:50:00,05:58:00,5
6401_2__6402_2,6401,6401_2,6402,6402_2,1099,14,4.816666666666663,05:50:00,05:58:00,5
6401_2__6402_2,6401,6401_2,6402,6402_2,168,15,6.25,05:50:00,05:58:00,5
6401_2__6402_2,6401,6401_2,6402,6402_2,929,16,6.28333333333336,05:50:00,05:58:00,5
6401_2__6402_2,6401,6401_2,6402,6402_2,94,17,6.433333333333337,05:50:00,05:58:00,5
6401_2__6402_2,6401,6401_2,6402,6402_2,1080,18,6.433333333333337,05:50:00,05:58:00,5
6401_2__6402_2,6401,6401_2,6402,6402_2,146,19,6.316666666666663,05:50:00,05:58:00,5
6401_2__6402_2,6401,6401_2,6402,6402_2,1089,20,6.433333333333337,05:50:00,05:58:00,5
6401_2__6402_2,6401,6401_2,6402,6402_2,213,21,6.566666666666663,05:50:00,05:58:00,5
6401_2__6402_2,6401,6401_2,6402,6402_2,3907,22,6.666666666666629,05:50:00,05:58:00,5
6401_2__6402_2,6401,6401_2,6402,6402_2,949,23,6.633333333333326,05:50:00,05:58:00,5
6401_2__6402_2,6401,6401_2,6402,6402_2,913,24,6.18333333333328,05:50:00,05:58:00,5
6401_2__6402_2,6401,6401_2,6402,6402_2,307,25,6.050000000000011,05:50:00,05:58:00,5
6401_2__6402_2,6401,6401_2,6402,6402_2,212,26,6.016666666666708,05:50:00,05:58:00,5
6401_2__6402_2,6401,6401_2,6402,6402_2,2665,27,6.199999999999989,05:50:00,05:58:00,5
6401_2__6402_2,6401,6401_2,6402,6402_2,2736,28,5.4833333333333485,05:50:00,05:58:00,5
6401_2__6402_2,6401,6401_2,6402,6402_2,705,29,6.666666666666629,05:50:00,05:58:00,5
6401_2__6402_2,6401,6401_2,6402,6402_2,9979,30,5.583333333333314,05:50:00,05:58:00,5
6401_2__6402_2,6401,6401_2,6402,6402_2,2492,31,5.933333333333337,05:50:00,05:58:00,5
6401_2__6402_2,6401,6401_2,6402,6402_2,946,32,5.416666666666686,05:50:00,05:58:00,5
6401_2__6402_2,6401,6401_2,6402,6402_2,947,33,5.899999999999977,05:50:00,05:58:00,5
6401_2__6402_2,6401,6401_2,6402,6402_2,327,34,6.149999999999977,05:50:00,05:58:00,5
6401_2__6402_2,6401,6401_2,6402,6402_2,3284,35,6.75,05:50:00,05:58:00,5
6401_2__6402_2,6401,6401_2,6402,6402_2,3282,36,7.650000000000034,05:50:00,05:58:00,5
6401_2__6402_2,6401,6401_2,6402,6402_2,2583,37,7.53333333333336,05:50:00,05:58:00,5
6401_2__6402_2,6401,6401_2,6402,6402_2,2590,38,9.133333333333326,05:50:00,05:58:00,5
6401_2__6402_2,6401,6401_2,6402,6402_2,603,39,9.416666666666629,05:50:00,05:58:00,5
6401_3__6402_3,6401,6401_3,6402,6402_3,2984,2,11.700000000000045,08:37:37,08:49:19,8
6401_3__6402_3,6401,6401_3,6402,6402_3,2685,3,11.616666666666674,08:37:37,08:49:19,8
6401_3__6402_3,6401,6401_3,6402,6402_3,3649,4,11.133333333333326,08:37:37,08:49:19,8
6401_3__6402_3,6401,6401_3,6402,6402_3,3747,5,11.616666666666674,08:37:37,08:49:19,8
6401_3__6402_3,6401,6401_3,6402,6402_3,482,6,11.616666666666674,08:37:37,08:49:19,8
6401_3__6402_3,6401,6401_3,6402,6402_3,709,7,11.516666666666652,08:37:37,08:49:19,8
6401_3__6402_3,6401,6401_3,6402,6402_3,1577,8,10.899999999999977,08:37:37,08:49:19,8
6401_3__6402_3,6401,6401_3,6402,6402_3,990,9,10.983333333333235,08:37:37,08:49:19,8
6401_3__6402_3,6401,6401_3,6402,6402_3,109,10,9.850000000000023,08:37:37,08:49:19,8
6401_3__6402_3,6401,6401_3,6402,6402_3,396,11,9.950000000000045,08:37:37,08:49:19,8
6401_3__6402_3,6401,6401_3,6402,6402_3,1253,12,8.933333333333394,08:37:37,08:49:19,8
6401_3__6402_3,6401,6401_3,6402,6402_3,1554,13,9.533333333333303,08:37:37,08:49:19,8
6401_3__6402_3,6401,6401_3,6402,6402_3,1099,14,7.533333333333303,08:37:37,08:49:19,8
6401_3__6402_3,6401,6401_3,6402,6402_3,168,15,5.883333333333439,08:37:37,08:49:19,8
6401_3__6402_3,6401,6401_3,6402,6402_3,929,16,7.2666666666666515,08:37:37,08:49:19,8
6401_3__6402_3,6401,6401_3,6402,6402_3,94,17,6.766666666666765,08:37:37,08:49:19,8
6401_3__6402_3,6401,6401_3,6402,6402_3,1080,18,7.350000000000023,08:37:37,08:49:19,8
6401_3__6402_3,6401,6401_3,6402,6402_3,146,19,8.433333333333394,08:37:37,08:49:19,8
6401_3__6402_3,6401,6401_3,6402,6402_3,1089,20,7.866666666666674,08:37:37,08:49:19,8
6401_3__6402_3,6401,6401_3,6402,6402_3,213,21,7.616666666666674,08:37:37,08:49:19,8
6401_3__6402_3,6401,6401_3,6402,6402_3,3907,22,8.383333333333326,08:37:37,08:49:19,8
6401_3__6402_3,6401,6401_3,6402,6402_3,949,23,8.133333333333326,08:37:37,08:49:19,8
6401_3__6402_3,6401,6401_3,6402,6402_3,913,24,7.68333333333328,08:37:37,08:49:19,8
6401_3__6402_3,6401,6401_3,6402,6402_3,307,25,7.800000000000068,08:37:37,08:49:19,8
6401_3__6402_3,6401,6401_3,6402,6402_3,212,26,7.06666666666672,08:37:37,08:49:19,8
6401_3__6402_3,6401,6401_3,6402,6402_3,2665,27,7.3333333333332575,08:37:37,08:49:19,8
6401_3__6402_3,6401,6401_3,6402,6402_3,2736,28,7.06666666666672,08:37:37,08:49:19,8
6401_3__6402_3,6401,6401_3,6402,6402_3,705,29,6.550000000000068,08:37:37,08:49:19,8
6401_3__6402_3,6401,6401_3,6402,6402_3,9979,30,7.7333333333333485,08:37:37,08:49:19,8
6401_3__6402_3,6401,6401_3,6402,6402_3,2492,31,7.566666666666606,08:37:37,08:49:19,8
6401_3__6402_3,6401,6401_3,6402,6402_3,946,32,6.883333333333326,08:37:37,08:49:19,8
6401_3__6402_3,6401,6401_3,6402,6402_3,947,33,7.033333333333303,08:37:37,08:49:19,8
6401_3__6402_3,6401,6401_3,6402,6402_3,327,34,7.283333333333417,08:37:37,08:49:19,8
6401_3__6402_3,6401,6401_3,6402,6402_3,3284,35,7.0,08:37:37,08:49:19,8
6401_3__6402_3,6401,6401_3,6402,6402_3,3282,36,7.100000000000023,08:37:37,08:49:19,8
6401_3__6402_3,6401,6401_3,6402,6402_3,2583,37,4.283333333333303,08:37:37,08:49:19,8
6401_3__6402_3,6401,6401_3,6402,6402_3,2590,38,4.133333333333326,08:37:37,08:49:19,8
6401_3__6402_3,6401,6401_3,6402,6402_3,603,39,4.4833333333333485,08:37:37,08:49:19,8
6401_5__6406_5,6401,6401_5,6406,6406_5,3797,1,10.633333333333326,14:40:20,14:50:58,14
6401_5__6406_5,6401,6401_5,6406,6406_5,2984,2,11.683333333333394,14:40:20,14:50:58,14
6401_5__6406_5,6401,6401_5,6406,6406_5,2685,3,11.016666666666652,14:40:20,14:50:58,14
6401_5__6406_5,6401,6401_5,6406,6406_5,3649,4,11.0,14:40:20,14:50:58,14
6401_5__6406_5,6401,6401_5,6406,6406_5,3747,5,9.649999999999977,14:40:20,14:50:58,14
6401_5__6406_5,6401,6401_5,6406,6406_5,482,6,11.033333333333303,14:40:20,14:50:58,14
6401_5__6406_5,6401,6401_5,6406,6406_5,709,7,11.616666666666674,14:40:20,14:50:58,14
6401_5__6406_5,6401,6401_5,6406,6406_5,1577,8,10.616666666666674,14:40:20,14:50:58,14
6401_5__6406_5,6401,6401_5,6406,6406_5,990,9,11.216666666666697,14:40:20,14:50:58,14
6401_5__6406_5,6401,6401_5,6406,6406_5,109,10,12.183333333333394,14:40:20,14:50:58,14
6401_5__6406_5,6401,6401_5,6406,6406_5,396,11,12.983333333333348,14:40:20,14:50:58,14
6401_5__6406_5,6401,6401_5,6406,6406_5,1253,12,12.966666666666697,14:40:20,14:50:58,14
6401_5__6406_5,6401,6401_5,6406,6406_5,1554,13,13.100000000000023,14:40:20,14:50:58,14
6401_5__6406_5,6401,6401_5,6406,6406_5,1099,14,13.366666666666674,14:40:20,14:50:58,14
6401_5__6406_5,6401,6401_5,6406,6406_5,168,15,13.033333333333303,14:40:20,14:50:58,14
6401_5__6406_5,6401,6401_5,6406,6406_5,929,16,10.416666666666629,14:40:20,14:50:58,14
6401_5__6406_5,6401,6401_5,6406,6406_5,94,17,12.866666666666674,14:40:20,14:50:58,14
6401_5__6406_5,6401,6401_5,6406,6406_5,1080,18,12.099999999999909,14:40:20,14:50:58,14
6401_5__6406_5,6401,6401_5,6406,6406_5,146,19,11.800000000000068,14:40:20,14:50:58,14
6401_5__6406_5,6401,6401_5,6406,6406_5,1089,20,11.983333333333348,14:40:20,14:50:58,14
6401_5__6406_5,6401,6401_5,6406,6406_5,213,21,12.899999999999977,14:40:20,14:50:58,14
6401_5__6406_5,6401,6401_5,6406,6406_5,3907,22,13.049999999999955,14:40:20,14:50:58,14
6401_5__6406_5,6401,6401_5,6406,6406_5,949,23,12.600000000000023,14:40:20,14:50:58,14
6401_5__6406_5,6401,6401_5,6406,6406_5,913,24,12.549999999999955,14:40:20,14:50:58,14
6401_5__6406_5,6401,6401_5,6406,6406_5,307,25,12.483333333333235,14:40:20,14:50:58,14
6401_5__6406_5,6401,6401_5,6406,6406_5,212,26,9.333333333333258,14:40:20,14:50:58,14
6401_5__6406_5,6401,6401_5,6406,6406_5,2665,27,5.75,14:40:20,14:50:58,14
6401_5__6406_5,6401,6401_5,6406,6406_5,2736,28,6.2000000000000455,14:40:20,14:50:58,14
6401_5__6406_5,6401,6401_5,6406,6406_5,705,29,5.383333333333326,14:40:20,14:50:58,14
6401_5__6406_5,6401,6401_5,6406,6406_5,9979,30,5.7000000000000455,14:40:20,14:50:58,14
6401_5__6406_5,6401,6401_5,6406,6406_5,2492,31,4.633333333333326,14:40:20,14:50:58,14
6401_5__6406_5,6401,6401_5,6406,6406_5,946,32,4.81666666666672,14:40:20,14:50:58,14
6401_5__6406_5,6401,6401_5,6406,6406_5,947,33,3.9833333333333485,14:40:20,14:50:58,14
6401_5__6406_5,6401,6401_5,6406,6406_5,327,34,4.68333333333328,14:40:20,14:50:58,14
6401_5__6406_5,6401,6401_5,6406,6406_5,3284,35,4.150000000000091,14:40:20,14:50:58,14
6401_5__6406_5,6401,6401_5,6406,6406_5,3282,36,3.8999999999999773,14:40:20,14:50:58,14
6401_5__6406_5,6401,6401_5,6406,6406_5,2583,37,4.7333333333333485,14:40:20,14:50:58,14
6401_5__6406_5,6401,6401_5,6406,6406_5,2590,38,5.583333333333371,14:40:20,14:50:58,14
6401_5__6406_5,6401,6401_5,6406,6406_5,603,39,4.333333333333371,14:40:20,14:50:58,14
6402_1__6202_1,6402,6402_1,6202,6202_1,3649,4,10.5,03:39:44,03:50:14,3
6402_1__6202_1,6402,6402_1,6202,6202_1,3747,5,10.916666666666657,03:39:44,03:50:14,3
6402_1__6202_1,6402,6402_1,6202,6202_1,482,6,11.033333333333331,03:39:44,03:50:14,3
6402_1__6202_1,6402,6402_1,6202,6202_1,709,7,11.833333333333343,03:39:44,03:50:14,3
6402_1__6202_1,6402,6402_1,6202,6202_1,1577,8,11.299999999999983,03:39:44,03:50:14,3
6402_1__6202_1,6402,6402_1,6202,6202_1,990,9,10.550000000000011,03:39:44,03:50:14,3
6402_1__6202_1,6402,6402_1,6202,6202_1,109,10,10.583333333333343,03:39:44,03:50:14,3
6402_1__6202_1,6402,6402_1,6202,6202_1,396,11,9.76666666666668,03:39:44,03:50:14,3
6402_1__6202_1,6402,6402_1,6202,6202_1,1253,12,9.849999999999994,03:39:44,03:50:14,3
6402_1__6202_1,6402,6402_1,6202,6202_1,1554,13,9.066666666666663,03:39:44,03:50:14,3
6402_1__6202_1,6402,6402_1,6202,6202_1,1099,14,9.666666666666686,03:39:44,03:50:14,3
6402_1__6202_1,6402,6402_1,6202,6202_1,168,15,10.216666666666669,03:39:44,03:50:14,3
6402_1__6202_1,6402,6402_1,6202,6202_1,929,16,9.25,03:39:44,03:50:14,3
6402_1__6202_1,6402,6402_1,6202,6202_1,94,17,9.599999999999994,03:39:44,03:50:14,3
6402_1__6202_1,6402,6402_1,6202,6202_1,1080,18,10.933333333333337,03:39:44,03:50:14,3
6402_1__6202_1,6402,6402_1,6202,6202_1,146,19,11.48333333333332,03:39:44,03:50:14,3
6402_1__6202_1,6402,6402_1,6202,6202_1,1089,20,11.433333333333337,03:39:44,03:50:14,3
6402_1__6202_1,6402,6402_1,6202,6202_1,213,21,11.616666666666674,03:39:44,03:50:14,3
6402_1__6202_1,6402,6402_1,6202,6202_1,3907,22,11.566666666666663,03:39:44,03:50:14,3
6402_1__6202_1,6402,6402_1,6202,6202_1,949,23,11.799999999999983,03:39:44,03:50:14,3
6402_1__6202_1,6402,6402_1,6202,6202_1,913,24,10.866666666666674,03:39:44,03:50:14,3
6402_1__6202_1,6402,6402_1,6202,6202_1,307,25,11.566666666666634,03:39:44,03:50:14,3
6402_1__6202_1,6402,6402_1,6202,6202_1,212,26,11.233333333333348,03:39:44,03:50:14,3
6402_1__6202_1,6402,6402_1,6202,6202_1,2665,27,11.716666666666669,03:39:44,03:50:14,3
6402_1__6202_1,6402,6402_1,6202,6202_1,2736,28,11.28333333333336,03:39:44,03:50:14,3
6402_1__6202_1,6402,6402_1,6202,6202_1,705,29,11.166666666666629,03:39:44,03:50:14,3
6402_1__6202_1,6402,6402_1,6202,6202_1,9979,30,10.599999999999966,03:39:44,03:50:14,3
6402_1__6202_1,6402,6402_1,6202,6202_1,2492,31,11.550000000000011,03:39:44,03:50:14,3
6402_1__6202_1,6402,6402_1,6202,6202_1,946,32,10.5,03:39:44,03:50:14,3
6402_1__6202_1,6402,6402_1,6202,6202_1,947,33,11.0,03:39:44,03:50:14,3
6402_1__6202_1,6402,6402_1,6202,6202_1,327,34,10.666666666666686,03:39:44,03:50:14,3
6402_1__6202_1,6402,6402_1,6202,6202_1,3284,35,11.216666666666697,03:39:44,03:50:14,3
6402_1__6202_1,6402,6402_1,6202,6202_1,2583,37,10.133333333333326,03:39:44,03:50:14,3
6402_1__6202_1,6402,6402_1,6202,6202_1,2590,38,10.300000000000011,03:39:44,03:50:14,3
6402_1__6202_1,6402,6402_1,6202,6202_1,603,39,10.049999999999955,03:39:44,03:50:14,3
6402_2__6202_2,6402,6402_2,6202,6202_2,3797,1,16.0,05:58:00,06:14:00,5
6402_2__6202_2,6402,6402_2,6202,6202_2,2984,2,16.30000000000001,05:58:00,06:14:00,5
6402_2__6202_2,6402,6402_2,6202,6202_2,2685,3,22.566666666666663,05:58:00,06:14:00,5
6402_2__6202_2,6402,6402_2,6202,6202_2,990,9,26.850000000000023,05:58:00,06:14:00,5
6402_2__6202_2,6402,6402_2,6202,6202_2,109,10,27.75,05:58:00,06:14:00,5
6402_2__6202_2,6402,6402_2,6202,6202_2,396,11,28.01666666666665,05:58:00,06:14:00,5
6402_2__6202_2,6402,6402_2,6202,6202_2,1253,12,27.25,05:58:00,06:14:00,5
6402_2__6202_2,6402,6402_2,6202,6202_2,1080,18,27.48333333333335,05:58:00,06:14:00,5
6402_2__6202_2,6402,6402_2,6202,6202_2,146,19,28.78333333333336,05:58:00,06:14:00,5
6402_2__6202_2,6402,6402_2,6202,6202_2,213,21,28.633333333333326,05:58:00,06:14:00,5
6402_2__6202_2,6402,6402_2,6202,6202_2,3907,22,28.466666666666697,05:58:00,06:14:00,5
6402_2__6202_2,6402,6402_2,6202,6202_2,949,23,29.149999999999977,05:58:00,06:14:00,5
6402_2__6202_2,6402,6402_2,6202,6202_2,705,29,30.30000000000001,05:58:00,06:14:00,5
6402_2__6202_2,6402,6402_2,6202,6202_2,3284,35,28.933333333333337,05:58:00,06:14:00,5
6402_2__6202_2,6402,6402_2,6202,6202_2,3282,36,27.066666666666663,05:58:00,06:14:00,5
6402_2__6202_2,6402,6402_2,6202,6202_2,2583,37,26.0,05:58:00,06:14:00,5
6402_2__6202_2,6402,6402_2,6202,6202_2,2590,38,24.03333333333336,05:58:00,06:14:00,5
6402_2__6202_2,6402,6402_2,6202,6202_2,603,39,23.666666666666686,05:58:00,06:14:00,5
6402_5__1562_4,6402,6402_5,1562,1562_4,3797,1,8.0,14:21:59,14:29:59,14
6402_5__1562_4,6402,6402_5,1562,1562_4,2984,2,11.016666666666652,14:21:59,14:29:59,14
6402_5__1562_4,6402,6402_5,1562,1562_4,2685,3,10.283333333333417,14:21:59,14:29:59,14
6402_5__1562_4,6402,6402_5,1562,1562_4,3649,4,11.266666666666652,14:21:59,14:29:59,14
6402_5__1562_4,6402,6402_5,1562,1562_4,1253,12,23.350000000000023,14:21:59,14:29:59,14
6402_5__1562_4,6402,6402_5,1562,1562_4,1554,13,23.933333333333394,14:21:59,14:29:59,14
6402_5__1562_4,6402,6402_5,1562,1562_4,1099,14,25.100000000000023,14:21:59,14:29:59,14
6402_5__1562_4,6402,6402_5,1562,1562_4,168,15,21.48333333333335,14:21:59,14:29:59,14
6402_5__1562_4,6402,6402_5,1562,1562_4,929,16,25.116666666666674,14:21:59,14:29:59,14
6402_5__1562_4,6402,6402_5,1562,1562_4,94,17,22.75,14:21:59,14:29:59,14
6402_5__1562_4,6402,6402_5,1562,1562_4,1080,18,23.73333333333335,14:21:59,14:29:59,14
6402_5__1562_4,6402,6402_5,1562,1562_4,146,19,24.266666666666765,14:21:59,14:29:59,14
6402_5__1562_4,6402,6402_5,1562,1562_4,213,21,23.883333333333326,14:21:59,14:29:59,14
6402_5__1562_4,6402,6402_5,1562,1562_4,3907,22,23.800000000000068,14:21:59,14:29:59,14
6402_5__1562_4,6402,6402_5,1562,1562_4,949,23,24.23333333333335,14:21:59,14:29:59,14
6402_5__1562_4,6402,6402_5,1562,1562_4,307,25,23.93333333333328,14:21:59,14:29:59,14
6402_5__1562_4,6402,6402_5,1562,1562_4,212,26,21.983333333333235,14:21:59,14:29:59,14
6402_5__1562_4,6402,6402_5,1562,1562_4,705,29,19.90000000000009,14:21:59,14:29:59,14
6402_5__1562_4,6402,6402_5,1562,1562_4,9979,30,20.40000000000009,14:21:59,14:29:59,14
6402_5__1562_4,6402,6402_5,1562,1562_4,2492,31,19.983333333333235,14:21:59,14:29:59,14
6402_5__1562_4,6402,6402_5,1562,1562_4,946,32,20.583333333333258,14:21:59,14:29:59,14
6402_5__1562_4,6402,6402_5,1562,1562_4,947,33,20.91666666666663,14:21:59,14:29:59,14
6402_5__1562_4,6402,6402_5,1562,1562_4,327,34,21.26666666666665,14:21:59,14:29:59,14
6402_5__1562_4,6402,6402_5,1562,1562_4,2583,37,21.066666666666606,14:21:59,14:29:59,14
6402_5__1562_4,6402,6402_5,1562,1562_4,2590,38,20.533333333333417,14:21:59,14:29:59,14
6402_5__1562_4,6402,6402_5,1562,1562_4,603,39,19.73333333333335,14:21:59,14:29:59,14
6406_1__6209_1,6406,6406_1,6209,6209_1,2984,2,10.25,03:57:22,04:07:37,3
6406_1__6209_1,6406,6406_1,6209,6209_1,2685,3,10.050000000000011,03:57:22,04:07:37,3
6406_1__6209_1,6406,6406_1,6209,6209_1,3649,4,8.716666666666669,03:57:22,04:07:37,3
6406_1__6209_1,6406,6406_1,6209,6209_1,3747,5,8.98333333333332,03:57:22,04:07:37,3
6406_1__6209_1,6406,6406_1,6209,6209_1,482,6,7.73333333333332,03:57:22,04:07:37,3
6406_1__6209_1,6406,6406_1,6209,6209_1,709,7,7.75,03:57:22,04:07:37,3
6406_1__6209_1,6406,6406_1,6209,6209_1,1577,8,7.533333333333331,03:57:22,04:07:37,3
6406_1__6209_1,6406,6406_1,6209,6209_1,990,9,6.73333333333332,03:57:22,04:07:37,3
6406_1__6209_1,6406,6406_1,6209,6209_1,109,10,7.350000000000023,03:57:22,04:07:37,3
6406_1__6209_1,6406,6406_1,6209,6209_1,396,11,7.316666666666691,03:57:22,04:07:37,3
6406_1__6209_1,6406,6406_1,6209,6209_1,1253,12,6.500000000000028,03:57:22,04:07:37,3
6406_1__6209_1,6406,6406_1,6209,6209_1,1554,13,6.083333333333314,03:57:22,04:07:37,3
6406_1__6209_1,6406,6406_1,6209,6209_1,1099,14,5.4833333333333485,03:57:22,04:07:37,3
6406_1__6209_1,6406,6406_1,6209,6209_1,168,15,4.050000000000011,03:57:22,04:07:37,3
6406_1__6209_1,6406,6406_1,6209,6209_1,929,16,3.8000000000000114,03:57:22,04:07:37,3
6406_1__6209_1,6406,6406_1,6209,6209_1,94,17,2.033333333333303,03:57:22,04:07:37,3
6406_1__6209_1,6406,6406_1,6209,6209_1,1080,18,2.28333333333336,03:57:22,04:07:37,3
6406_1__6209_1,6406,6406_1,6209,6209_1,146,19,2.3833333333333258,03:57:22,04:07:37,3
6406_1__6209_1,6406,6406_1,6209,6209_1,1089,20,2.433333333333337,03:57:22,04:07:37,3
6406_1__6209_1,6406,6406_1,6209,6209_1,213,21,2.2666666666667084,03:57:22,04:07:37,3
6406_1__6209_1,6406,6406_1,6209,6209_1,3907,22,2.066666666666663,03:57:22,04:07:37,3
6406_1__6209_1,6406,6406_1,6209,6209_1,949,23,2.03333333333336,03:57:22,04:07:37,3
6406_1__6209_1,6406,6406_1,6209,6209_1,913,24,2.3166666666667197,03:57:22,04:07:37,3
6406_1__6209_1,6406,6406_1,6209,6209_1,307,25,2.3000000000000114,03:57:22,04:07:37,3
6406_1__6209_1,6406,6406_1,6209,6209_1,212,26,1.75,03:57:22,04:07:37,3
6406_1__6209_1,6406,6406_1,6209,6209_1,2665,27,1.150000000000034,03:57:22,04:07:37,3
6406_1__6209_1,6406,6406_1,6209,6209_1,2736,28,1.0666666666666629,03:57:22,04:07:37,3
6406_1__6209_1,6406,6406_1,6209,6209_1,705,29,1.3333333333333144,03:57:22,04:07:37,3
6406_1__6209_1,6406,6406_1,6209,6209_1,9979,30,2.0833333333333144,03:57:22,04:07:37,3
6406_1__6209_1,6406,6406_1,6209,6209_1,2492,31,2.1166666666666742,03:57:22,04:07:37,3
6406_2__6411_1,6406,6406_2,6411,6411_1,3797,1,7.9833333333333485,06:31:00,06:38:59,6
6406_2__6411_1,6406,6406_2,6411,6411_1,2984,2,6.416666666666629,06:31:00,06:38:59,6
6406_2__6411_1,6406,6406_2,6411,6411_1,2685,3,5.800000000000011,06:31:00,06:38:59,6
6406_2__6411_1,6406,6406_2,6411,6411_1,3649,4,6.216666666666697,06:31:00,06:38:59,6
6406_2__6411_1,6406,6406_2,6411,6411_1,3747,5,5.916666666666686,06:31:00,06:38:59,6
6406_2__6411_1,6406,6406_2,6411,6411_1,482,6,7.0166666666666515,06:31:00,06:38:59,6
6406_2__6411_1,6406,6406_2,6411,6411_1,709,7,5.78333333333336,06:31:00,06:38:59,6
6406_2__6411_1,6406,6406_2,6411,6411_1,1577,8,7.78333333333336,06:31:00,06:38:59,6
6406_2__6411_1,6406,6406_2,6411,6411_1,990,9,6.21666666666664,06:31:00,06:38:59,6
6406_2__6411_1,6406,6406_2,6411,6411_1,109,10,6.366666666666674,06:31:00,06:38:59,6
6406_2__6411_1,6406,6406_2,6411,6411_1,396,11,7.916666666666686,06:31:00,06:38:59,6
6406_2__6411_1,6406,6406_2,6411,6411_1,1253,12,8.083333333333371,06:31:00,06:38:59,6
6406_2__6411_1,6406,6406_2,6411,6411_1,1554,13,9.100000000000023,06:31:00,06:38:59,6
6406_2__6411_1,6406,6406_2,6411,6411_1,1099,14,6.883333333333383,06:31:00,06:38:59,6
6406_2__6411_1,6406,6406_2,6411,6411_1,168,15,7.199999999999989,06:31:00,06:38:59,6
6406_2__6411_1,6406,6406_2,6411,6411_1,929,16,7.383333333333326,06:31:00,06:38:59,6
6406_2__6411_1,6406,6406_2,6411,6411_1,94,17,6.966666666666697,06:31:00,06:38:59,6
6406_2__6411_1,6406,6406_2,6411,6411_1,1080,18,7.866666666666674,06:31:00,06:38:59,6
6406_2__6411_1,6406,6406_2,6411,6411_1,146,19,5.216666666666697,06:31:00,06:38:59,6
6406_2__6411_1,6406,6406_2,6411,6411_1,1089,20,5.666666666666686,06:31:00,06:38:59,6
6406_2__6411_1,6406,6406_2,6411,6411_1,213,21,5.316666666666663,06:31:00,06:38:59,6
6406_2__6411_1,6406,6406_2,6411,6411_1,3907,22,5.03333333333336,06:31:00,06:38:59,6
6406_2__6411_1,6406,6406_2,6411,6411_1,949,23,5.033333333333303,06:31:00,06:38:59,6
6406_2__6411_1,6406,6406_2,6411,6411_1,913,24,4.333333333333314,06:31:00,06:38:59,6
6406_2__6411_1,6406,6406_2,6411,6411_1,307,25,5.050000000000011,06:31:00,06:38:59,6
6406_2__6411_1,6406,6406_2,6411,6411_1,212,26,4.71666666666664,06:31:00,06:38:59,6
6406_2__6411_1,6406,6406_2,6411,6411_1,2665,27,2.8833333333333826,06:31:00,06:38:59,6
6406_2__6411_1,6406,6406_2,6411,6411_1,2736,28,2.8833333333333826,06:31:00,06:38:59,6
6406_2__6411_1,6406,6406_2,6411,6411_1,705,29,1.4166666666666856,06:31:00,06:38:59,6
6406_2__6411_1,6406,6406_2,6411,6411_1,9979,30,1.5833333333333712,06:31:00,06:38:59,6
6406_2__6411_1,6406,6406_2,6411,6411_1,2492,31,2.03333333333336,06:31:00,06:38:59,6
6406_2__6411_1,6406,6406_2,6411,6411_1,946,32,1.0166666666667084,06:31:00,06:38:59,6
6406_2__6411_1,6406,6406_2,6411,6411_1,3284,35,4.066666666666663,06:31:00,06:38:59,6
6406_2__6411_1,6406,6406_2,6411,6411_1,3282,36,4.333333333333371,06:31:00,06:38:59,6
6406_2__6411_1,6406,6406_2,6411,6411_1,2583,37,3.3333333333333144,06:31:00,06:38:59,6
6406_2__6411_1,6406,6406_2,6411,6411_1,2590,38,3.316666666666663,06:31:00,06:38:59,6
6406_2__6411_1,6406,6406_2,6411,6411_1,603,39,3.2999999999999545,06:31:00,06:38:59,6
6406_4__6411_3,6406,6406_4,6411,6411_3,3797,1,12.149999999999977,12:03:59,12:16:08,12
6406_4__6411_3,6406,6406_4,6411,6411_3,2984,2,12.049999999999955,12:03:59,12:16:08,12
6406_4__6411_3,6406,6406_4,6411,6411_3,2685,3,11.933333333333394,12:03:59,12:16:08,12
6406_4__6411_3,6406,6406_4,6411,6411_3,3649,4,13.5,12:03:59,12:16:08,12
6406_4__6411_3,6406,6406_4,6411,6411_3,3747,5,14.949999999999932,12:03:59,12:16:08,12
6406_4__6411_3,6406,6406_4,6411,6411_3,482,6,15.083333333333258,12:03:59,12:16:08,12
6406_4__6411_3,6406,6406_4,6411,6411_3,1577,8,17.316666666666606,12:03:59,12:16:08,12
6406_4__6411_3,6406,6406_4,6411,6411_3,1253,12,19.76666666666665,12:03:59,12:16:08,12
6406_4__6411_3,6406,6406_4,6411,6411_3,1554,13,21.18333333333328,12:03:59,12:16:08,12
6406_4__6411_3,6406,6406_4,6411,6411_3,1099,14,21.549999999999955,12:03:59,12:16:08,12
6406_4__6411_3,6406,6406_4,6411,6411_3,168,15,22.649999999999977,12:03:59,12:16:08,12
6406_4__6411_3,6406,6406_4,6411,6411_3,94,17,23.0,12:03:59,12:16:08,12
6406_4__6411_3,6406,6406_4,6411,6411_3,1080,18,24.316666666666606,12:03:59,12:16:08,12
6406_4__6411_3,6406,6406_4,6411,6411_3,146,19,23.68333333333328,12:03:59,12:16:08,12
6406_4__6411_3,6406,6406_4,6411,6411_3,1089,20,23.283333333333417,12:03:59,12:16:08,12
6406_4__6411_3,6406,6406_4,6411,6411_3,213,21,22.450000000000045,12:03:59,12:16:08,12
6406_4__6411_3,6406,6406_4,6411,6411_3,3907,22,22.033333333333303,12:03:59,12:16:08,12
6406_4__6411_3,6406,6406_4,6411,6411_3,949,23,22.566666666666606,12:03:59,12:16:08,12
6406_4__6411_3,6406,6406_4,6411,6411_3,913,24,22.600000000000023,12:03:59,12:16:08,12
6406_4__6411_3,6406,6406_4,6411,6411_3,307,25,22.149999999999977,12:03:59,12:16:08,12
6406_4__6411_3,6406,6406_4,6411,6411_3,212,26,22.633333333333326,12:03:59,12:16:08,12
6406_4__6411_3,6406,6406_4,6411,6411_3,2665,27,22.550000000000068,12:03:59,12:16:08,12
6406_4__6411_3,6406,6406_4,6411,6411_3,2736,28,22.649999999999977,12:03:59,12:16:08,12
6406_4__6411_3,6406,6406_4,6411,6411_3,705,29,23.08333333333337,12:03:59,12:16:08,12
6406_4__6411_3,6406,6406_4,6411,6411_3,9979,30,22.88333333333344,12:03:59,12:16:08,12
6406_4__6411_3,6406,6406_4,6411,6411_3,2492,31,22.100000000000023,12:03:59,12:16:08,12
6406_4__6411_3,6406,6406_4,6411,6411_3,946,32,21.23333333333335,12:03:59,12:16:08,12
6406_4__6411_3,6406,6406_4,6411,6411_3,947,33,21.450000000000045,12:03:59,12:16:08,12
6406_4__6411_3,6406,6406_4,6411,6411_3,327,34,22.350000000000023,12:03:59,12:16:08,12
6406_4__6411_3,6406,6406_4,6411,6411_3,3284,35,23.183333333333394,12:03:59,12:16:08,12
6406_4__6411_3,6406,6406_4,6411,6411_3,3282,36,23.049999999999955,12:03:59,12:16:08,12
6406_4__6411_3,6406,6406_4,6411,6411_3,2583,37,22.399999999999977,12:03:59,12:16:08,12
6406_4__6411_3,6406,6406_4,6411,6411_3,2590,38,21.149999999999977,12:03:59,12:16:08,12
6406_4__6411_3,6406,6406_4,6411,6411_3,603,39,21.200000000000045,12:03:59,12:16:08,12
6407_1__6408_1,6407,6407_1,6408,6408_1,3797,1,8.0,05:26:00,05:34:00,5
6407_1__6408_1,6407,6407_1,6408,6408_1,2984,2,6.733333333333292,05:26:00,05:34:00,5
6407_1__6408_1,6407,6407_1,6408,6408_1,2685,3,6.650000000000034,05:26:00,05:34:00,5
6407_1__6408_1,6407,6407_1,6408,6408_1,3649,4,6.5,05:26:00,05:34:00,5
6407_1__6408_1,6407,6407_1,6408,6408_1,3747,5,6.116666666666674,05:26:00,05:34:00,5
6407_1__6408_1,6407,6407_1,6408,6408_1,482,6,5.5166666666666515,05:26:00,05:34:00,5
6407_1__6408_1,6407,6407_1,6408,6408_1,709,7,5.0,05:26:00,05:34:00,5
6407_1__6408_1,6407,6407_1,6408,6408_1,1577,8,3.8833333333333258,05:26:00,05:34:00,5
6407_1__6408_1,6407,6407_1,6408,6408_1,990,9,4.300000000000011,05:26:00,05:34:00,5
6407_1__6408_1,6407,6407_1,6408,6408_1,109,10,4.383333333333326,05:26:00,05:34:00,5
6407_1__6408_1,6407,6407_1,6408,6408_1,396,11,3.6000000000000227,05:26:00,05:34:00,5
6407_1__6408_1,6407,6407_1,6408,6408_1,1253,12,3.3666666666666742,05:26:00,05:34:00,5
6407_1__6408_1,6407,6407_1,6408,6408_1,1554,13,3.0500000000000114,05:26:00,05:34:00,5
6407_1__6408_1,6407,6407_1,6408,6408_1,1099,14,3.3500000000000227,05:26:00,05:34:00,5
6407_1__6408_1,6407,6407_1,6408,6408_1,168,15,5.216666666666697,05:26:00,05:34:00,5
6407_1__6408_1,6407,6407_1,6408,6408_1,929,16,5.0166666666666515,05:26:00,05:34:00,5
6407_1__6408_1,6407,6407_1,6408,6408_1,94,17,5.06666666666672,05:26:00,05:34:00,5
6407_1__6408_1,6407,6407_1,6408,6408_1,1080,18,4.75,05:26:00,05:34:00,5
6407_1__6408_1,6407,6407_1,6408,6408_1,146,19,5.5499999999999545,05:26:00,05:34:00,5
6407_1__6408_1,6407,6407_1,6408,6408_1,1089,20,4.433333333333337,05:26:00,05:34:00,5
6407_1__6408_1,6407,6407_1,6408,6408_1,213,21,4.71666666666664,05:26:00,05:34:00,5
6407_1__6408_1,6407,6407_1,6408,6408_1,3907,22,5.183333333333337,05:26:00,05:34:00,5
6407_1__6408_1,6407,6407_1,6408,6408_1,949,23,4.566666666666663,05:26:00,05:34:00,5
6407_1__6408_1,6407,6407_1,6408,6408_1,913,24,2.9166666666666856,05:26:00,05:34:00,5
6407_1__6408_1,6407,6407_1,6408,6408_1,307,25,3.0,05:26:00,05:34:00,5
6407_1__6408_1,6407,6407_1,6408,6408_1,212,26,3.46666666666664,05:26:00,05:34:00,5
6407_1__6408_1,6407,6407_1,6408,6408_1,2665,27,3.2666666666666515,05:26:00,05:34:00,5
6407_1__6408_1,6407,6407_1,6408,6408_1,2736,28,1.5833333333333144,05:26:00,05:34:00,5
6407_1__6408_1,6407,6407_1,6408,6408_1,705,29,3.183333333333337,05:26:00,05:34:00,5
6407_1__6408_1,6407,6407_1,6408,6408_1,9979,30,3.1333333333333258,05:26:00,05:34:00,5
6407_1__6408_1,6407,6407_1,6408,6408_1,2492,31,3.6666666666666856,05:26:00,05:34:00,5
6407_1__6408_1,6407,6407_1,6408,6408_1,946,32,6.0,05:26:00,05:34:00,5
6407_1__6408_1,6407,6407_1,6408,6408_1,947,33,5.03333333333336,05:26:00,05:34:00,5
6407_1__6408_1,6407,6407_1,6408,6408_1,327,34,5.03333333333336,05:26:00,05:34:00,5
6407_1__6408_1,6407,6407_1,6408,6408_1,3284,35,4.78333333333336,05:26:00,05:34:00,5
6407_1__6408_1,6407,6407_1,6408,6408_1,3282,36,5.25,05:26:00,05:34:00,5
6407_1__6408_1,6407,6407_1,6408,6408_1,2583,37,5.2666666666666515,05:26:00,05:34:00,5
6407_1__6408_1,6407,6407_1,6408,6408_1,2590,38,4.716666666666697,05:26:00,05:34:00,5
6407_1__6408_1,6407,6407_1,6408,6408_1,603,39,4.666666666666686,05:26:00,05:34:00,5
6407_2__6408_2,6407,6407_2,6408,6408_2,3797,1,7.816666666666663,08:13:11,08:21:00,8
6407_2__6408_2,6407,6407_2,6408,6408_2,482,6,1.1166666666666742,08:13:11,08:21:00,8
6407_2__6408_2,6407,6407_2,6408,6408_2,709,7,1.8833333333333826,08:13:11,08:21:00,8
6407_2__6408_2,6407,6407_2,6408,6408_2,1577,8,3.6333333333333258,08:13:11,08:21:00,8
6407_2__6408_2,6407,6407_2,6408,6408_2,396,11,7.4833333333333485,08:13:11,08:21:00,8
6407_2__6408_2,6407,6407_2,6408,6408_2,1253,12,8.216666666666697,08:13:11,08:21:00,8
6407_2__6408_2,6407,6407_2,6408,6408_2,1554,13,10.283333333333417,08:13:11,08:21:00,8
6407_2__6408_2,6407,6407_2,6408,6408_2,1099,14,11.100000000000023,08:13:11,08:21:00,8
6407_2__6408_2,6407,6407_2,6408,6408_2,168,15,10.733333333333348,08:13:11,08:21:00,8
6407_2__6408_2,6407,6407_2,6408,6408_2,929,16,11.266666666666652,08:13:11,08:21:00,8
6407_2__6408_2,6407,6407_2,6408,6408_2,94,17,11.700000000000045,08:13:11,08:21:00,8
6407_2__6408_2,6407,6407_2,6408,6408_2,1080,18,11.0,08:13:11,08:21:00,8
6407_2__6408_2,6407,6407_2,6408,6408_2,146,19,8.850000000000023,08:13:11,08:21:00,8
6407_2__6408_2,6407,6407_2,6408,6408_2,1089,20,9.116666666666674,08:13:11,08:21:00,8
6407_2__6408_2,6407,6407_2,6408,6408_2,213,21,9.61666666666656,08:13:11,08:21:00,8
6407_2__6408_2,6407,6407_2,6408,6408_2,3907,22,9.68333333333328,08:13:11,08:21:00,8
6407_2__6408_2,6407,6407_2,6408,6408_2,949,23,10.133333333333326,08:13:11,08:21:00,8
6407_2__6408_2,6407,6407_2,6408,6408_2,913,24,9.166666666666629,08:13:11,08:21:00,8
6407_2__6408_2,6407,6407_2,6408,6408_2,307,25,9.333333333333371,08:13:11,08:21:00,8
6407_2__6408_2,6407,6407_2,6408,6408_2,212,26,11.016666666666652,08:13:11,08:21:00,8
6407_2__6408_2,6407,6407_2,6408,6408_2,2665,27,10.983333333333348,08:13:11,08:21:00,8
6407_2__6408_2,6407,6407_2,6408,6408_2,2736,28,11.233333333333348,08:13:11,08:21:00,8
6407_2__6408_2,6407,6407_2,6408,6408_2,705,29,12.649999999999977,08:13:11,08:21:00,8
6407_2__6408_2,6407,6407_2,6408,6408_2,9979,30,12.983333333333348,08:13:11,08:21:00,8
6407_2__6408_2,6407,6407_2,6408,6408_2,2492,31,13.600000000000023,08:13:11,08:21:00,8
6407_2__6408_2,6407,6407_2,6408,6408_2,946,32,14.433333333333394,08:13:11,08:21:00,8
6407_2__6408_2,6407,6407_2,6408,6408_2,947,33,13.016666666666652,08:13:11,08:21:00,8
6407_2__6408_2,6407,6407_2,6408,6408_2,327,34,13.31666666666672,08:13:11,08:21:00,8
6407_2__6408_2,6407,6407_2,6408,6408_2,3284,35,12.399999999999977,08:13:11,08:21:00,8
6407_2__6408_2,6407,6407_2,6408,6408_2,2583,37,15.266666666666765,08:13:11,08:21:00,8
6407_2__6408_2,6407,6407_2,6408,6408_2,2590,38,16.966666666666697,08:13:11,08:21:00,8
6407_2__6408_2,6407,6407_2,6408,6408_2,603,39,16.716666666666697,08:13:11,08:21:00,8
6407_3__6114_1,6407,6407_3,6114,6114_1,3797,1,9.06666666666672,11:05:55,11:14:59,11
6407_3__6114_1,6407,6407_3,6114,6114_1,2984,2,6.4500000000000455,11:05:55,11:14:59,11
6407_3__6114_1,6407,6407_3,6114,6114_1,482,6,3.25,11:05:55,11:14:59,11
6407_3__6114_1,6407,6407_3,6114,6114_1,1577,8,2.216666666666697,11:05:55,11:14:59,11
6407_3__6114_1,6407,6407_3,6114,6114_1,94,17,1.099999999999909,11:05:55,11:14:59,11
6407_3__6114_1,6407,6407_3,6114,6114_1,146,19,1.8999999999999773,11:05:55,11:14:59,11
6407_3__6114_1,6407,6407_3,6114,6114_1,1089,20,1.0833333333333712,11:05:55,11:14:59,11
6407_3__6114_1,6407,6407_3,6114,6114_1,949,23,2.199999999999932,11:05:55,11:14:59,11
6407_3__6114_1,6407,6407_3,6114,6114_1,212,26,1.849999999999909,11:05:55,11:14:59,11
6407_3__6114_1,6407,6407_3,6114,6114_1,2665,27,1.4833333333333485,11:05:55,11:14:59,11
6407_3__6114_1,6407,6407_3,6114,6114_1,2736,28,1.2999999999999545,11:05:55,11:14:59,11
6407_3__6114_1,6407,6407_3,6114,6114_1,947,33,1.0166666666666515,11:05:55,11:14:59,11
6407_3__6114_1,6407,6407_3,6114,6114_1,327,34,1.5333333333334167,11:05:55,11:14:59,11
6407_3__6114_1,6407,6407_3,6114,6114_1,2590,38,1.7666666666666515,11:05:55,11:14:59,11
6407_6__6804_2,6407,6407_6,6804,6804_2,2984,2,-1.6166666666665606,17:14:46,17:13:09,17
6407_6__6804_2,6407,6407_6,6804,6804_2,2685,3,-1.699999999999818,17:14:46,17:13:09,17
6407_6__6804_2,6407,6407_6,6804,6804_2,3649,4,-1.650000000000091,17:14:46,17:13:09,17
6407_6__6804_2,6407,6407_6,6804,6804_2,990,9,2.6000000000001364,17:14:46,17:13:09,17
6407_6__6804_2,6407,6407_6,6804,6804_2,109,10,3.3666666666665606,17:14:46,17:13:09,17
6407_6__6804_2,6407,6407_6,6804,6804_2,396,11,5.2666666666666515,17:14:46,17:13:09,17
6407_6__6804_2,6407,6407_6,6804,6804_2,1253,12,6.616666666666788,17:14:46,17:13:09,17
6407_6__6804_2,6407,6407_6,6804,6804_2,1554,13,7.9166666666667425,17:14:46,17:13:09,17
6407_6__6804_2,6407,6407_6,6804,6804_2,1099,14,8.099999999999909,17:14:46,17:13:09,17
6407_6__6804_2,6407,6407_6,6804,6804_2,168,15,9.933333333333394,17:14:46,17:13:09,17
6407_6__6804_2,6407,6407_6,6804,6804_2,929,16,11.316666666666606,17:14:46,17:13:09,17
6407_6__6804_2,6407,6407_6,6804,6804_2,94,17,10.049999999999955,17:14:46,17:13:09,17
6407_6__6804_2,6407,6407_6,6804,6804_2,1080,18,8.733333333333348,17:14:46,17:13:09,17
6407_6__6804_2,6407,6407_6,6804,6804_2,146,19,9.516666666666652,17:14:46,17:13:09,17
6407_6__6804_2,6407,6407_6,6804,6804_2,1089,20,9.033333333333303,17:14:46,17:13:09,17
6407_6__6804_2,6407,6407_6,6804,6804_2,213,21,9.949999999999818,17:14:46,17:13:09,17
6407_6__6804_2,6407,6407_6,6804,6804_2,3907,22,9.850000000000136,17:14:46,17:13:09,17
6407_6__6804_2,6407,6407_6,6804,6804_2,949,23,9.666666666666742,17:14:46,17:13:09,17
6407_6__6804_2,6407,6407_6,6804,6804_2,913,24,9.099999999999909,17:14:46,17:13:09,17
6407_6__6804_2,6407,6407_6,6804,6804_2,307,25,9.049999999999955,17:14:46,17:13:09,17
6407_6__6804_2,6407,6407_6,6804,6804_2,212,26,8.933333333333394,17:14:46,17:13:09,17
6407_6__6804_2,6407,6407_6,6804,6804_2,2665,27,8.983333333333348,17:14:46,17:13:09,17
6407_6__6804_2,6407,6407_6,6804,6804_2,2736,28,8.650000000000091,17:14:46,17:13:09,17
6407_6__6804_2,6407,6407_6,6804,6804_2,705,29,9.38333333333344,17:14:46,17:13:09,17
6407_6__6804_2,6407,6407_6,6804,6804_2,9979,30,9.416666666666515,17:14:46,17:13:09,17
6407_6__6804_2,6407,6407_6,6804,6804_2,2492,31,8.933333333333394,17:14:46,17:13:09,17
6407_6__6804_2,6407,6407_6,6804,6804_2,946,32,9.100000000000136,17:14:46,17:13:09,17
6407_6__6804_2,6407,6407_6,6804,6804_2,947,33,7.900000000000091,17:14:46,17:13:09,17
6407_6__6804_2,6407,6407_6,6804,6804_2,327,34,8.916666666666742,17:14:46,17:13:09,17
6407_6__6804_2,6407,6407_6,6804,6804_2,3284,35,7.4166666666667425,17:14:46,17:13:09,17
6407_6__6804_2,6407,6407_6,6804,6804_2,3282,36,7.833333333333485,17:14:46,17:13:09,17
6407_6__6804_2,6407,6407_6,6804,6804_2,2583,37,6.466666666666697,17:14:46,17:13:09,17
6407_6__6804_2,6407,6407_6,6804,6804_2,2590,38,4.5833333333332575,17:14:46,17:13:09,17
6407_6__6804_2,6407,6407_6,6804,6804_2,603,39,4.283333333333303,17:14:46,17:13:09,17
6408_1__6217_2,6408,6408_1,6217,6217_2,3797,1,7.9833333333333485,05:34:00,05:41:59,5
6408_1__6217_2,6408,6408_1,6217,6217_2,2984,2,9.566666666666663,05:34:00,05:41:59,5
6408_1__6217_2,6408,6408_1,6217,6217_2,2685,3,10.283333333333303,05:34:00,05:41:59,5
6408_1__6217_2,6408,6408_1,6217,6217_2,3649,4,11.416666666666686,05:34:00,05:41:59,5
6408_1__6217_2,6408,6408_1,6217,6217_2,3747,5,11.383333333333326,05:34:00,05:41:59,5
6408_1__6217_2,6408,6408_1,6217,6217_2,482,6,11.899999999999977,05:34:00,05:41:59,5
6408_1__6217_2,6408,6408_1,6217,6217_2,709,7,12.133333333333326,05:34:00,05:41:59,5
6408_1__6217_2,6408,6408_1,6217,6217_2,1577,8,12.766666666666652,05:34:00,05:41:59,5
6408_1__6217_2,6408,6408_1,6217,6217_2,109,10,11.450000000000045,05:34:00,05:41:59,5
6408_1__6217_2,6408,6408_1,6217,6217_2,396,11,12.233333333333348,05:34:00,05:41:59,5
6408_1__6217_2,6408,6408_1,6217,6217_2,1253,12,12.583333333333314,05:34:00,05:41:59,5
6408_1__6217_2,6408,6408_1,6217,6217_2,1554,13,12.899999999999977,05:34:00,05:41:59,5
6408_1__6217_2,6408,6408_1,6217,6217_2,1099,14,12.816666666666663,05:34:00,05:41:59,5
6408_1__6217_2,6408,6408_1,6217,6217_2,168,15,11.050000000000011,05:34:00,05:41:59,5
6408_1__6217_2,6408,6408_1,6217,6217_2,929,16,10.200000000000045,05:34:00,05:41:59,5
6408_1__6217_2,6408,6408_1,6217,6217_2,94,17,10.983333333333292,05:34:00,05:41:59,5
6408_1__6217_2,6408,6408_1,6217,6217_2,1080,18,11.949999999999989,05:34:00,05:41:59,5
6408_1__6217_2,6408,6408_1,6217,6217_2,146,19,10.683333333333337,05:34:00,05:41:59,5
6408_1__6217_2,6408,6408_1,6217,6217_2,1089,20,9.633333333333326,05:34:00,05:41:59,5
6408_1__6217_2,6408,6408_1,6217,6217_2,213,21,9.666666666666686,05:34:00,05:41:59,5
6408_1__6217_2,6408,6408_1,6217,6217_2,3907,22,9.933333333333337,05:34:00,05:41:59,5
6408_1__6217_2,6408,6408_1,6217,6217_2,949,23,9.850000000000023,05:34:00,05:41:59,5
6408_1__6217_2,6408,6408_1,6217,6217_2,913,24,11.100000000000023,05:34:00,05:41:59,5
6408_1__6217_2,6408,6408_1,6217,6217_2,307,25,11.133333333333326,05:34:00,05:41:59,5
6408_1__6217_2,6408,6408_1,6217,6217_2,212,26,10.666666666666686,05:34:00,05:41:59,5
6408_1__6217_2,6408,6408_1,6217,6217_2,2665,27,10.399999999999977,05:34:00,05:41:59,5
6408_1__6217_2,6408,6408_1,6217,6217_2,2736,28,9.783333333333303,05:34:00,05:41:59,5
6408_1__6217_2,6408,6408_1,6217,6217_2,705,29,10.383333333333326,05:34:00,05:41:59,5
6408_1__6217_2,6408,6408_1,6217,6217_2,9979,30,10.699999999999989,05:34:00,05:41:59,5
6408_1__6217_2,6408,6408_1,6217,6217_2,2492,31,10.983333333333292,05:34:00,05:41:59,5
6408_1__6217_2,6408,6408_1,6217,6217_2,946,32,9.133333333333326,05:34:00,05:41:59,5
6408_1__6217_2,6408,6408_1,6217,6217_2,947,33,9.949999999999989,05:34:00,05:41:59,5
6408_1__6217_2,6408,6408_1,6217,6217_2,327,34,10.816666666666663,05:34:00,05:41:59,5
6408_1__6217_2,6408,6408_1,6217,6217_2,3284,35,10.883333333333326,05:34:00,05:41:59,5
6408_1__6217_2,6408,6408_1,6217,6217_2,3282,36,8.849999999999966,05:34:00,05:41:59,5
6408_1__6217_2,6408,6408_1,6217,6217_2,2583,37,9.31666666666672,05:34:00,05:41:59,5
6408_1__6217_2,6408,6408_1,6217,6217_2,2590,38,8.849999999999966,05:34:00,05:41:59,5
6408_1__6217_2,6408,6408_1,6217,6217_2,603,39,8.399999999999977,05:34:00,05:41:59,5
6408_2__6401_3,6408,6408_2,6401,6401_3,482,6,15.866666666666617,08:29:34,08:45:26,8
6408_2__6401_3,6408,6408_2,6401,6401_3,709,7,16.166666666666686,08:29:34,08:45:26,8
6408_2__6401_3,6408,6408_2,6401,6401_3,1577,8,15.25,08:29:34,08:45:26,8
6408_2__6401_3,6408,6408_2,6401,6401_3,990,9,16.016666666666765,08:29:34,08:45:26,8
6408_2__6401_3,6408,6408_2,6401,6401_3,109,10,16.51666666666665,08:29:34,08:45:26,8
6408_2__6401_3,6408,6408_2,6401,6401_3,396,11,15.75,08:29:34,08:45:26,8
6408_2__6401_3,6408,6408_2,6401,6401_3,1253,12,16.43333333333328,08:29:34,08:45:26,8
6408_2__6401_3,6408,6408_2,6401,6401_3,1554,13,16.316666666666606,08:29:34,08:45:26,8
6408_2__6401_3,6408,6408_2,6401,6401_3,1099,14,17.049999999999955,08:29:34,08:45:26,8
6408_2__6401_3,6408,6408_2,6401,6401_3,168,15,17.949999999999932,08:29:34,08:45:26,8
6408_2__6401_3,6408,6408_2,6401,6401_3,929,16,17.40000000000009,08:29:34,08:45:26,8
6408_2__6401_3,6408,6408_2,6401,6401_3,94,17,17.799999999999955,08:29:34,08:45:26,8
6408_2__6401_3,6408,6408_2,6401,6401_3,1080,18,18.43333333333328,08:29:34,08:45:26,8
6408_2__6401_3,6408,6408_2,6401,6401_3,146,19,18.299999999999955,08:29:34,08:45:26,8
6408_2__6401_3,6408,6408_2,6401,6401_3,1089,20,19.31666666666672,08:29:34,08:45:26,8
6408_2__6401_3,6408,6408_2,6401,6401_3,213,21,19.466666666666697,08:29:34,08:45:26,8
6408_2__6401_3,6408,6408_2,6401,6401_3,3907,22,19.216666666666697,08:29:34,08:45:26,8
6408_2__6401_3,6408,6408_2,6401,6401_3,949,23,18.866666666666674,08:29:34,08:45:26,8
6408_2__6401_3,6408,6408_2,6401,6401_3,913,24,19.600000000000023,08:29:34,08:45:26,8
6408_2__6401_3,6408,6408_2,6401,6401_3,307,25,19.699999999999932,08:29:34,08:45:26,8
6408_2__6401_3,6408,6408_2,6401,6401_3,212,26,18.41666666666663,08:29:34,08:45:26,8
6408_2__6401_3,6408,6408_2,6401,6401_3,2665,27,18.06666666666672,08:29:34,08:45:26,8
6408_2__6401_3,6408,6408_2,6401,6401_3,2736,28,18.583333333333258,08:29:34,08:45:26,8
6408_2__6401_3,6408,6408_2,6401,6401_3,705,29,17.383333333333326,08:29:34,08:45:26,8
6408_2__6401_3,6408,6408_2,6401,6401_3,9979,30,15.716666666666697,08:29:34,08:45:26,8
6408_2__6401_3,6408,6408_2,6401,6401_3,2492,31,16.08333333333337,08:29:34,08:45:26,8
6408_2__6401_3,6408,6408_2,6401,6401_3,946,32,15.93333333333328,08:29:34,08:45:26,8
6408_2__6401_3,6408,6408_2,6401,6401_3,947,33,16.466666666666697,08:29:34,08:45:26,8
6408_2__6401_3,6408,6408_2,6401,6401_3,327,34,16.34999999999991,08:29:34,08:45:26,8
6408_2__6401_3,6408,6408_2,6401,6401_3,3284,35,16.800000000000068,08:29:34,08:45:26,8
6408_2__6401_3,6408,6408_2,6401,6401_3,3282,36,16.866666666666674,08:29:34,08:45:26,8
6408_2__6401_3,6408,6408_2,6401,6401_3,2583,37,19.01666666666665,08:29:34,08:45:26,8
6408_2__6401_3,6408,6408_2,6401,6401_3,2590,38,17.683333333333394,08:29:34,08:45:26,8
6408_2__6401_3,6408,6408_2,6401,6401_3,603,39,17.5,08:29:34,08:45:26,8
6408_3__6407_3,6408,6408_3,6407,6407_3,3797,1,-6.350000000000023,11:12:16,11:05:55,11
6408_3__6407_3,6408,6408_3,6407,6407_3,2984,2,-1.183333333333394,11:12:16,11:05:55,11
6408_3__6407_3,6408,6408_3,6407,6407_3,990,9,1.5499999999999545,11:12:16,11:05:55,11
6408_3__6407_3,6408,6408_3,6407,6407_3,109,10,2.033333333333303,11:12:16,11:05:55,11
6408_3__6407_3,6408,6408_3,6407,6407_3,168,15,11.0,11:12:16,11:05:55,11
6408_3__6407_3,6408,6408_3,6407,6407_3,94,17,12.933333333333394,11:12:16,11:05:55,11
6408_3__6407_3,6408,6408_3,6407,6407_3,1080,18,10.899999999999977,11:12:16,11:05:55,11
6408_3__6407_3,6408,6408_3,6407,6407_3,146,19,11.666666666666629,11:12:16,11:05:55,11
6408_3__6407_3,6408,6408_3,6407,6407_3,1089,20,12.899999999999977,11:12:16,11:05:55,11
6408_3__6407_3,6408,6408_3,6407,6407_3,213,21,10.849999999999909,11:12:16,11:05:55,11
6408_3__6407_3,6408,6408_3,6407,6407_3,3907,22,11.133333333333326,11:12:16,11:05:55,11
6408_3__6407_3,6408,6408_3,6407,6407_3,949,23,10.016666666666652,11:12:16,11:05:55,11
6408_3__6407_3,6408,6408_3,6407,6407_3,913,24,10.699999999999932,11:12:16,11:05:55,11
6408_3__6407_3,6408,6408_3,6407,6407_3,307,25,11.916666666666742,11:12:16,11:05:55,11
6408_3__6407_3,6408,6408_3,6407,6407_3,212,26,11.13333333333344,11:12:16,11:05:55,11
6408_3__6407_3,6408,6408_3,6407,6407_3,2665,27,11.116666666666674,11:12:16,11:05:55,11
6408_3__6407_3,6408,6408_3,6407,6407_3,2736,28,11.133333333333326,11:12:16,11:05:55,11
6408_3__6407_3,6408,6408_3,6407,6407_3,705,29,12.733333333333348,11:12:16,11:05:55,11
6408_3__6407_3,6408,6408_3,6407,6407_3,9979,30,14.366666666666674,11:12:16,11:05:55,11
6408_3__6407_3,6408,6408_3,6407,6407_3,2492,31,15.216666666666697,11:12:16,11:05:55,11
6408_3__6407_3,6408,6408_3,6407,6407_3,946,32,14.800000000000068,11:12:16,11:05:55,11
6408_3__6407_3,6408,6408_3,6407,6407_3,947,33,13.833333333333371,11:12:16,11:05:55,11
6408_3__6407_3,6408,6408_3,6407,6407_3,327,34,13.483333333333348,11:12:16,11:05:55,11
6408_3__6407_3,6408,6408_3,6407,6407_3,3284,35,14.699999999999932,11:12:16,11:05:55,11
6408_3__6407_3,6408,6408_3,6407,6407_3,3282,36,15.833333333333371,11:12:16,11:05:55,11
6408_3__6407_3,6408,6408_3,6407,6407_3,2583,37,15.416666666666742,11:12:16,11:05:55,11
6408_3__6407_3,6408,6408_3,6407,6407_3,2590,38,14.666666666666742,11:12:16,11:05:55,11
6408_3__6407_3,6408,6408_3,6407,6407_3,603,39,14.949999999999932,11:12:16,11:05:55,11
6408_4__6083_4,6408,6408_4,6083,6083_4,2984,2,11.199999999999932,13:49:35,14:00:47,13
6408_4__6083_4,6408,6408_4,6083,6083_4,2685,3,10.216666666666583,13:49:35,14:00:47,13
6408_4__6083_4,6408,6408_4,6083,6083_4,3649,4,9.733333333333348,13:49:35,14:00:47,13
6408_4__6083_4,6408,6408_4,6083,6083_4,3747,5,9.733333333333348,13:49:35,14:00:47,13
6408_4__6083_4,6408,6408_4,6083,6083_4,482,6,9.800000000000068,13:49:35,14:00:47,13
6408_4__6083_4,6408,6408_4,6083,6083_4,709,7,9.483333333333348,13:49:35,14:00:47,13
6408_4__6083_4,6408,6408_4,6083,6083_4,1577,8,9.31666666666672,13:49:35,14:00:47,13
6408_4__6083_4,6408,6408_4,6083,6083_4,990,9,9.666666666666742,13:49:35,14:00:47,13
6408_4__6083_4,6408,6408_4,6083,6083_4,109,10,8.833333333333258,13:49:35,14:00:47,13
6408_4__6083_4,6408,6408_4,6083,6083_4,396,11,8.733333333333348,13:49:35,14:00:47,13
6408_4__6083_4,6408,6408_4,6083,6083_4,1253,12,9.633333333333326,13:49:35,14:00:47,13
6408_4__6083_4,6408,6408_4,6083,6083_4,1554,13,9.316666666666606,13:49:35,14:00:47,13
6408_4__6083_4,6408,6408_4,6083,6083_4,1099,14,9.600000000000023,13:49:35,14:00:47,13
6408_4__6083_4,6408,6408_4,6083,6083_4,168,15,12.583333333333371,13:49:35,14:00:47,13
6408_4__6083_4,6408,6408_4,6083,6083_4,929,16,12.06666666666672,13:49:35,14:00:47,13
6408_4__6083_4,6408,6408_4,6083,6083_4,94,17,15.366666666666674,13:49:35,14:00:47,13
6408_4__6083_4,6408,6408_4,6083,6083_4,1080,18,15.416666666666629,13:49:35,14:00:47,13
6408_4__6083_4,6408,6408_4,6083,6083_4,146,19,19.59999999999991,13:49:35,14:00:47,13
6408_4__6083_4,6408,6408_4,6083,6083_4,1089,20,19.949999999999932,13:49:35,14:00:47,13
6408_4__6083_4,6408,6408_4,6083,6083_4,213,21,19.200000000000045,13:49:35,14:00:47,13
6408_4__6083_4,6408,6408_4,6083,6083_4,3907,22,19.26666666666665,13:49:35,14:00:47,13
6408_4__6083_4,6408,6408_4,6083,6083_4,949,23,19.333333333333258,13:49:35,14:00:47,13
6408_4__6083_4,6408,6408_4,6083,6083_4,913,24,19.966666666666697,13:49:35,14:00:47,13
6408_4__6083_4,6408,6408_4,6083,6083_4,307,25,19.533333333333303,13:49:35,14:00:47,13
6408_4__6083_4,6408,6408_4,6083,6083_4,212,26,20.5,13:49:35,14:00:47,13
6408_4__6083_4,6408,6408_4,6083,6083_4,2665,27,19.049999999999955,13:49:35,14:00:47,13
6408_4__6083_4,6408,6408_4,6083,6083_4,2736,28,19.366666666666674,13:49:35,14:00:47,13
6408_4__6083_4,6408,6408_4,6083,6083_4,705,29,20.183333333333394,13:49:35,14:00:47,13
6408_4__6083_4,6408,6408_4,6083,6083_4,9979,30,19.81666666666672,13:49:35,14:00:47,13
6408_4__6083_4,6408,6408_4,6083,6083_4,2492,31,20.0,13:49:35,14:00:47,13
6408_4__6083_4,6408,6408_4,6083,6083_4,946,32,20.83333333333337,13:49:35,14:00:47,13
6408_4__6083_4,6408,6408_4,6083,6083_4,947,33,21.76666666666665,13:49:35,14:00:47,13
6408_4__6083_4,6408,6408_4,6083,6083_4,327,34,21.866666666666674,13:49:35,14:00:47,13
6408_4__6083_4,6408,6408_4,6083,6083_4,3284,35,21.816666666666606,13:49:35,14:00:47,13
6408_4__6083_4,6408,6408_4,6083,6083_4,3282,36,22.48333333333335,13:49:35,14:00:47,13
6408_4__6083_4,6408,6408_4,6083,6083_4,2583,37,22.183333333333394,13:49:35,14:00:47,13
6408_4__6083_4,6408,6408_4,6083,6083_4,2590,38,22.066666666666606,13:49:35,14:00:47,13
6408_4__6083_4,6408,6408_4,6083,6083_4,603,39,21.716666666666697,13:49:35,14:00:47,13
6409_4__1620_3,6409,6409_4,1620,1620_3,2984,2,9.983333333333348,12:39:14,12:49:13,12
6409_4__1620_3,6409,6409_4,1620,1620_3,2685,3,9.350000000000023,12:39:14,12:49:13,12
6409_4__1620_3,6409,6409_4,1620,1620_3,3649,4,8.450000000000045,12:39:14,12:49:13,12
6409_4__1620_3,6409,6409_4,1620,1620_3,3747,5,7.933333333333394,12:39:14,12:49:13,12
6409_4__1620_3,6409,6409_4,1620,1620_3,482,6,8.116666666666674,12:39:14,12:49:13,12
6409_4__1620_3,6409,6409_4,1620,1620_3,709,7,8.216666666666697,12:39:14,12:49:13,12
6409_4__1620_3,6409,6409_4,1620,1620_3,1577,8,7.9833333333333485,12:39:14,12:49:13,12
6409_4__1620_3,6409,6409_4,1620,1620_3,990,9,7.5166666666666515,12:39:14,12:49:13,12
6409_4__1620_3,6409,6409_4,1620,1620_3,109,10,9.900000000000091,12:39:14,12:49:13,12
6409_4__1620_3,6409,6409_4,1620,1620_3,396,11,9.483333333333348,12:39:14,12:49:13,12
6409_4__1620_3,6409,6409_4,1620,1620_3,1253,12,7.216666666666697,12:39:14,12:49:13,12
6409_4__1620_3,6409,6409_4,1620,1620_3,1554,13,7.866666666666674,12:39:14,12:49:13,12
6409_4__1620_3,6409,6409_4,1620,1620_3,1099,14,8.050000000000068,12:39:14,12:49:13,12
6409_4__1620_3,6409,6409_4,1620,1620_3,168,15,6.816666666666606,12:39:14,12:49:13,12
6409_4__1620_3,6409,6409_4,1620,1620_3,929,16,5.916666666666629,12:39:14,12:49:13,12
6409_4__1620_3,6409,6409_4,1620,1620_3,94,17,4.0,12:39:14,12:49:13,12
6409_4__1620_3,6409,6409_4,1620,1620_3,1080,18,6.866666666666674,12:39:14,12:49:13,12
6409_4__1620_3,6409,6409_4,1620,1620_3,146,19,8.583333333333371,12:39:14,12:49:13,12
6409_4__1620_3,6409,6409_4,1620,1620_3,1089,20,7.7999999999999545,12:39:14,12:49:13,12
6409_4__1620_3,6409,6409_4,1620,1620_3,213,21,7.6666666666667425,12:39:14,12:49:13,12
6409_4__1620_3,6409,6409_4,1620,1620_3,3907,22,7.866666666666674,12:39:14,12:49:13,12
6409_4__1620_3,6409,6409_4,1620,1620_3,949,23,7.68333333333328,12:39:14,12:49:13,12
6409_4__1620_3,6409,6409_4,1620,1620_3,913,24,5.93333333333328,12:39:14,12:49:13,12
6409_4__1620_3,6409,6409_4,1620,1620_3,307,25,2.8833333333333258,12:39:14,12:49:13,12
6409_4__1620_3,6409,6409_4,1620,1620_3,2665,27,5.916666666666629,12:39:14,12:49:13,12
6409_4__1620_3,6409,6409_4,1620,1620_3,2736,28,6.2666666666666515,12:39:14,12:49:13,12
6409_4__1620_3,6409,6409_4,1620,1620_3,705,29,7.81666666666672,12:39:14,12:49:13,12
6409_4__1620_3,6409,6409_4,1620,1620_3,9979,30,7.2666666666666515,12:39:14,12:49:13,12
6409_4__1620_3,6409,6409_4,1620,1620_3,2492,31,7.866666666666674,12:39:14,12:49:13,12
6409_4__1620_3,6409,6409_4,1620,1620_3,946,32,6.93333333333328,12:39:14,12:49:13,12
6409_4__1620_3,6409,6409_4,1620,1620_3,947,33,5.68333333333328,12:39:14,12:49:13,12
6409_4__1620_3,6409,6409_4,1620,1620_3,327,34,6.100000000000023,12:39:14,12:49:13,12
6409_4__1620_3,6409,6409_4,1620,1620_3,3284,35,7.2000000000000455,12:39:14,12:49:13,12
6409_4__1620_3,6409,6409_4,1620,1620_3,3282,36,7.199999999999932,12:39:14,12:49:13,12
6409_4__1620_3,6409,6409_4,1620,1620_3,2583,37,7.616666666666674,12:39:14,12:49:13,12
6409_4__1620_3,6409,6409_4,1620,1620_3,2590,38,7.333333333333371,12:39:14,12:49:13,12
6409_4__1620_3,6409,6409_4,1620,1620_3,603,39,7.9833333333333485,12:39:14,12:49:13,12
6409_5__1620_4,6409,6409_5,1620,1620_4,3797,1,4.7666666666666515,15:39:54,15:44:40,15
6409_5__1620_4,6409,6409_5,1620,1620_4,2984,2,9.0,15:39:54,15:44:40,15
6409_5__1620_4,6409,6409_5,1620,1620_4,2685,3,8.083333333333371,15:39:54,15:44:40,15
6409_5__1620_4,6409,6409_5,1620,1620_4,3649,4,7.9833333333333485,15:39:54,15:44:40,15
6409_5__1620_4,6409,6409_5,1620,1620_4,3747,5,7.81666666666672,15:39:54,15:44:40,15
6409_5__1620_4,6409,6409_5,1620,1620_4,482,6,8.333333333333371,15:39:54,15:44:40,15
6409_5__1620_4,6409,6409_5,1620,1620_4,709,7,8.066666666666606,15:39:54,15:44:40,15
6409_5__1620_4,6409,6409_5,1620,1620_4,1577,8,9.233333333333348,15:39:54,15:44:40,15
6409_5__1620_4,6409,6409_5,1620,1620_4,990,9,9.533333333333303,15:39:54,15:44:40,15
6409_5__1620_4,6409,6409_5,1620,1620_4,109,10,8.666666666666629,15:39:54,15:44:40,15
6409_5__1620_4,6409,6409_5,1620,1620_4,396,11,8.083333333333371,15:39:54,15:44:40,15
6409_5__1620_4,6409,6409_5,1620,1620_4,1253,12,8.43333333333328,15:39:54,15:44:40,15
6409_5__1620_4,6409,6409_5,1620,1620_4,1554,13,7.850000000000023,15:39:54,15:44:40,15
6409_5__1620_4,6409,6409_5,1620,1620_4,1099,14,7.93333333333328,15:39:54,15:44:40,15
6409_5__1620_4,6409,6409_5,1620,1620_4,168,15,8.950000000000045,15:39:54,15:44:40,15
6409_5__1620_4,6409,6409_5,1620,1620_4,929,16,4.866666666666674,15:39:54,15:44:40,15
6409_5__1620_4,6409,6409_5,1620,1620_4,94,17,6.0499999999999545,15:39:54,15:44:40,15
6409_5__1620_4,6409,6409_5,1620,1620_4,1080,18,5.4500000000000455,15:39:54,15:44:40,15
6409_5__1620_4,6409,6409_5,1620,1620_4,146,19,4.150000000000091,15:39:54,15:44:40,15
6409_5__1620_4,6409,6409_5,1620,1620_4,1089,20,4.716666666666583,15:39:54,15:44:40,15
6409_5__1620_4,6409,6409_5,1620,1620_4,213,21,4.649999999999977,15:39:54,15:44:40,15
6409_5__1620_4,6409,6409_5,1620,1620_4,3907,22,3.9500000000000455,15:39:54,15:44:40,15
6409_5__1620_4,6409,6409_5,1620,1620_4,949,23,4.783333333333303,15:39:54,15:44:40,15
6409_5__1620_4,6409,6409_5,1620,1620_4,913,24,4.599999999999909,15:39:54,15:44:40,15
6409_5__1620_4,6409,6409_5,1620,1620_4,307,25,4.2000000000000455,15:39:54,15:44:40,15
6409_5__1620_4,6409,6409_5,1620,1620_4,212,26,4.7333333333333485,15:39:54,15:44:40,15
6409_5__1620_4,6409,6409_5,1620,1620_4,2665,27,4.7666666666666515,15:39:54,15:44:40,15
6409_5__1620_4,6409,6409_5,1620,1620_4,2736,28,5.716666666666697,15:39:54,15:44:40,15
6409_5__1620_4,6409,6409_5,1620,1620_4,705,29,6.133333333333212,15:39:54,15:44:40,15
6409_5__1620_4,6409,6409_5,1620,1620_4,9979,30,5.199999999999818,15:39:54,15:44:40,15
6409_5__1620_4,6409,6409_5,1620,1620_4,2492,31,6.4833333333333485,15:39:54,15:44:40,15
6409_5__1620_4,6409,6409_5,1620,1620_4,946,32,7.033333333333303,15:39:54,15:44:40,15
6409_5__1620_4,6409,6409_5,1620,1620_4,947,33,8.5,15:39:54,15:44:40,15
6409_5__1620_4,6409,6409_5,1620,1620_4,327,34,7.566666666666606,15:39:54,15:44:40,15
6409_5__1620_4,6409,6409_5,1620,1620_4,3284,35,6.666666666666515,15:39:54,15:44:40,15
6409_5__1620_4,6409,6409_5,1620,1620_4,3282,36,7.066666666666606,15:39:54,15:44:40,15
6409_5__1620_4,6409,6409_5,1620,1620_4,2583,37,7.683333333333394,15:39:54,15:44:40,15
6409_5__1620_4,6409,6409_5,1620,1620_4,2590,38,7.366666666666788,15:39:54,15:44:40,15
6409_5__1620_4,6409,6409_5,1620,1620_4,603,39,9.350000000000136,15:39:54,15:44:40,15
6411_2__6406_3,6411,6411_2,6406,6406_3,2685,3,6.966666666666697,09:17:07,09:24:05,9
6411_2__6406_3,6411,6411_2,6406,6406_3,3649,4,5.816666666666606,09:17:07,09:24:05,9
6411_2__6406_3,6411,6411_2,6406,6406_3,482,6,4.149999999999977,09:17:07,09:24:05,9
6411_2__6406_3,6411,6411_2,6406,6406_3,709,7,4.583333333333371,09:17:07,09:24:05,9
6411_2__6406_3,6411,6411_2,6406,6406_3,1577,8,3.050000000000068,09:17:07,09:24:05,9
6411_2__6406_3,6411,6411_2,6406,6406_3,990,9,1.1666666666667425,09:17:07,09:24:05,9
6411_2__6406_3,6411,6411_2,6406,6406_3,109,10,1.533333333333303,09:17:07,09:24:05,9
6411_2__6406_3,6411,6411_2,6406,6406_3,396,11,1.4166666666666288,09:17:07,09:24:05,9
6411_2__6406_3,6411,6411_2,6406,6406_3,1554,13,1.683333333333394,09:17:07,09:24:05,9
6411_2__6406_3,6411,6411_2,6406,6406_3,1099,14,1.1666666666666288,09:17:07,09:24:05,9
6411_2__6406_3,6411,6411_2,6406,6406_3,168,15,4.216666666666583,09:17:07,09:24:05,9
6411_2__6406_3,6411,6411_2,6406,6406_3,929,16,4.5166666666666515,09:17:07,09:24:05,9
6411_2__6406_3,6411,6411_2,6406,6406_3,94,17,5.2999999999999545,09:17:07,09:24:05,9
6411_2__6406_3,6411,6411_2,6406,6406_3,1080,18,4.68333333333328,09:17:07,09:24:05,9
6411_2__6406_3,6411,6411_2,6406,6406_3,146,19,4.2333333333333485,09:17:07,09:24:05,9
6411_2__6406_3,6411,6411_2,6406,6406_3,1089,20,2.6499999999999773,09:17:07,09:24:05,9
6411_2__6406_3,6411,6411_2,6406,6406_3,213,21,1.7166666666665833,09:17:07,09:24:05,9
6411_2__6406_3,6411,6411_2,6406,6406_3,3907,22,1.9833333333333485,09:17:07,09:24:05,9
6411_2__6406_3,6411,6411_2,6406,6406_3,913,24,1.6000000000000227,09:17:07,09:24:05,9
6411_2__6406_3,6411,6411_2,6406,6406_3,307,25,1.533333333333303,09:17:07,09:24:05,9
6411_2__6406_3,6411,6411_2,6406,6406_3,212,26,1.9666666666665833,09:17:07,09:24:05,9
6411_2__6406_3,6411,6411_2,6406,6406_3,2665,27,1.8333333333333712,09:17:07,09:24:05,9
6411_2__6406_3,6411,6411_2,6406,6406_3,2736,28,1.4833333333333485,09:17:07,09:24:05,9
6411_2__6406_3,6411,6411_2,6406,6406_3,705,29,1.3000000000000682,09:17:07,09:24:05,9
6411_2__6406_3,6411,6411_2,6406,6406_3,9979,30,1.2333333333333485,09:17:07,09:24:05,9
6411_2__6406_3,6411,6411_2,6406,6406_3,2492,31,1.650000000000091,09:17:07,09:24:05,9
6411_2__6406_3,6411,6411_2,6406,6406_3,946,32,2.5,09:17:07,09:24:05,9
6411_2__6406_3,6411,6411_2,6406,6406_3,947,33,2.3166666666667197,09:17:07,09:24:05,9
6411_2__6406_3,6411,6411_2,6406,6406_3,327,34,1.4500000000000455,09:17:07,09:24:05,9
6411_3__6209_4,6411,6411_3,6209,6209_4,3797,1,14.700000000000045,12:16:08,12:30:50,12
6411_3__6209_4,6411,6411_3,6209,6209_4,2984,2,12.450000000000045,12:16:08,12:30:50,12
6411_3__6209_4,6411,6411_3,6209,6209_4,2685,3,11.916666666666629,12:16:08,12:30:50,12
6411_3__6209_4,6411,6411_3,6209,6209_4,3649,4,10.833333333333258,12:16:08,12:30:50,12
6411_3__6209_4,6411,6411_3,6209,6209_4,3747,5,8.633333333333326,12:16:08,12:30:50,12
6411_3__6209_4,6411,6411_3,6209,6209_4,482,6,8.616666666666674,12:16:08,12:30:50,12
6411_3__6209_4,6411,6411_3,6209,6209_4,709,7,7.866666666666674,12:16:08,12:30:50,12
6411_3__6209_4,6411,6411_3,6209,6209_4,1577,8,6.9500000000000455,12:16:08,12:30:50,12
6411_3__6209_4,6411,6411_3,6209,6209_4,990,9,6.599999999999909,12:16:08,12:30:50,12
6411_3__6209_4,6411,6411_3,6209,6209_4,109,10,7.1666666666667425,12:16:08,12:30:50,12
6411_3__6209_4,6411,6411_3,6209,6209_4,396,11,4.199999999999932,12:16:08,12:30:50,12
6411_3__6209_4,6411,6411_3,6209,6209_4,1253,12,3.316666666666606,12:16:08,12:30:50,12
6411_3__6209_4,6411,6411_3,6209,6209_4,1554,13,1.1000000000000227,12:16:08,12:30:50,12
6411_3__6209_4,6411,6411_3,6209,6209_4,1099,14,1.216666666666697,12:16:08,12:30:50,12
6411_3__6209_4,6411,6411_3,6209,6209_4,146,19,1.650000000000091,12:16:08,12:30:50,12
6411_3__6209_4,6411,6411_3,6209,6209_4,1089,20,1.2333333333332348,12:16:08,12:30:50,12
6411_3__6209_4,6411,6411_3,6209,6209_4,213,21,1.5166666666666515,12:16:08,12:30:50,12
6411_3__6209_4,6411,6411_3,6209,6209_4,3907,22,1.9166666666666288,12:16:08,12:30:50,12
6411_3__6209_4,6411,6411_3,6209,6209_4,949,23,1.5666666666667197,12:16:08,12:30:50,12
6411_3__6209_4,6411,6411_3,6209,6209_4,913,24,1.5666666666667197,12:16:08,12:30:50,12
6411_3__6209_4,6411,6411_3,6209,6209_4,946,32,2.066666666666606,12:16:08,12:30:50,12
6411_3__6209_4,6411,6411_3,6209,6209_4,947,33,1.7166666666665833,12:16:08,12:30:50,12
6411_3__6209_4,6411,6411_3,6209,6209_4,327,34,1.4833333333333485,12:16:08,12:30:50,12
6411_3__6209_4,6411,6411_3,6209,6209_4,3284,35,1.6833333333332803,12:16:08,12:30:50,12
6411_3__6209_4,6411,6411_3,6209,6209_4,2590,38,1.8500000000000227,12:16:08,12:30:50,12
6411_3__6209_4,6411,6411_3,6209,6209_4,603,39,1.7166666666665833,12:16:08,12:30:50,12
6413_1__6414_1,6413,6413_1,6414,6414_1,3797,1,8.0,04:49:00,04:57:00,4
6413_1__6414_1,6413,6413_1,6414,6414_1,2984,2,9.483333333333348,04:49:00,04:57:00,4
6413_1__6414_1,6413,6413_1,6414,6414_1,2685,3,9.566666666666663,04:49:00,04:57:00,4
6413_1__6414_1,6413,6413_1,6414,6414_1,3649,4,9.46666666666664,04:49:00,04:57:00,4
6413_1__6414_1,6413,6413_1,6414,6414_1,3747,5,9.733333333333292,04:49:00,04:57:00,4
6413_1__6414_1,6413,6413_1,6414,6414_1,482,6,9.5,04:49:00,04:57:00,4
6413_1__6414_1,6413,6413_1,6414,6414_1,709,7,10.316666666666663,04:49:00,04:57:00,4
6413_1__6414_1,6413,6413_1,6414,6414_1,1577,8,10.333333333333314,04:49:00,04:57:00,4
6413_1__6414_1,6413,6413_1,6414,6414_1,990,9,10.75,04:49:00,04:57:00,4
6413_1__6414_1,6413,6413_1,6414,6414_1,109,10,10.816666666666663,04:49:00,04:57:00,4
6413_1__6414_1,6413,6413_1,6414,6414_1,396,11,10.600000000000023,04:49:00,04:57:00,4
6413_1__6414_1,6413,6413_1,6414,6414_1,1253,12,10.349999999999966,04:49:00,04:57:00,4
6413_1__6414_1,6413,6413_1,6414,6414_1,1554,13,9.400000000000034,04:49:00,04:57:00,4
6413_1__6414_1,6413,6413_1,6414,6414_1,1099,14,8.883333333333326,04:49:00,04:57:00,4
6413_1__6414_1,6413,6413_1,6414,6414_1,168,15,10.583333333333314,04:49:00,04:57:00,4
6413_1__6414_1,6413,6413_1,6414,6414_1,929,16,10.983333333333348,04:49:00,04:57:00,4
6413_1__6414_1,6413,6413_1,6414,6414_1,94,17,10.866666666666674,04:49:00,04:57:00,4
6413_1__6414_1,6413,6413_1,6414,6414_1,1080,18,11.233333333333348,04:49:00,04:57:00,4
6413_1__6414_1,6413,6413_1,6414,6414_1,146,19,12.766666666666652,04:49:00,04:57:00,4
6413_1__6414_1,6413,6413_1,6414,6414_1,1089,20,11.383333333333383,04:49:00,04:57:00,4
6413_1__6414_1,6413,6413_1,6414,6414_1,213,21,10.683333333333337,04:49:00,04:57:00,4
6413_1__6414_1,6413,6413_1,6414,6414_1,3907,22,10.899999999999977,04:49:00,04:57:00,4
6413_1__6414_1,6413,6413_1,6414,6414_1,949,23,11.183333333333337,04:49:00,04:57:00,4
6413_1__6414_1,6413,6413_1,6414,6414_1,913,24,11.116666666666617,04:49:00,04:57:00,4
6413_1__6414_1,6413,6413_1,6414,6414_1,307,25,11.283333333333303,04:49:00,04:57:00,4
6413_1__6414_1,6413,6413_1,6414,6414_1,212,26,10.283333333333303,04:49:00,04:57:00,4
6413_1__6414_1,6413,6413_1,6414,6414_1,2665,27,11.383333333333326,04:49:00,04:57:00,4
6413_1__6414_1,6413,6413_1,6414,6414_1,2736,28,9.383333333333326,04:49:00,04:57:00,4
6413_1__6414_1,6413,6413_1,6414,6414_1,705,29,10.699999999999989,04:49:00,04:57:00,4
6413_1__6414_1,6413,6413_1,6414,6414_1,9979,30,10.399999999999977,04:49:00,04:57:00,4
6413_1__6414_1,6413,6413_1,6414,6414_1,2492,31,10.349999999999966,04:49:00,04:57:00,4
6413_1__6414_1,6413,6413_1,6414,6414_1,946,32,11.183333333333337,04:49:00,04:57:00,4
6413_1__6414_1,6413,6413_1,6414,6414_1,947,33,10.949999999999989,04:49:00,04:57:00,4
6413_1__6414_1,6413,6413_1,6414,6414_1,327,34,12.016666666666652,04:49:00,04:57:00,4
6413_1__6414_1,6413,6413_1,6414,6414_1,3284,35,11.616666666666674,04:49:00,04:57:00,4
6413_1__6414_1,6413,6413_1,6414,6414_1,3282,36,11.449999999999989,04:49:00,04:57:00,4
6413_1__6414_1,6413,6413_1,6414,6414_1,2583,37,12.366666666666674,04:49:00,04:57:00,4
6413_1__6414_1,6413,6413_1,6414,6414_1,2590,38,13.71666666666664,04:49:00,04:57:00,4
6413_1__6414_1,6413,6413_1,6414,6414_1,603,39,13.366666666666674,04:49:00,04:57:00,4
6413_3__6414_3,6413,6413_3,6414,6414_3,3797,1,5.433333333333394,10:26:33,10:31:59,10
6413_3__6414_3,6413,6413_3,6414,6414_3,2984,2,5.883333333333326,10:26:33,10:31:59,10
6413_3__6414_3,6413,6413_3,6414,6414_3,2685,3,5.366666666666674,10:26:33,10:31:59,10
6413_3__6414_3,6413,6413_3,6414,6414_3,3649,4,5.9500000000000455,10:26:33,10:31:59,10
6413_3__6414_3,6413,6413_3,6414,6414_3,3747,5,6.2333333333333485,10:26:33,10:31:59,10
6413_3__6414_3,6413,6413_3,6414,6414_3,482,6,6.783333333333303,10:26:33,10:31:59,10
6413_3__6414_3,6413,6413_3,6414,6414_3,709,7,6.466666666666697,10:26:33,10:31:59,10
6413_3__6414_3,6413,6413_3,6414,6414_3,1577,8,6.116666666666561,10:26:33,10:31:59,10
6413_3__6414_3,6413,6413_3,6414,6414_3,990,9,5.383333333333326,10:26:33,10:31:59,10
6413_3__6414_3,6413,6413_3,6414,6414_3,109,10,5.18333333333328,10:26:33,10:31:59,10
6413_3__6414_3,6413,6413_3,6414,6414_3,396,11,5.033333333333417,10:26:33,10:31:59,10
6413_3__6414_3,6413,6413_3,6414,6414_3,929,16,13.149999999999977,10:26:33,10:31:59,10
6413_3__6414_3,6413,6413_3,6414,6414_3,94,17,12.649999999999977,10:26:33,10:31:59,10
6413_3__6414_3,6413,6413_3,6414,6414_3,1089,20,16.933333333333394,10:26:33,10:31:59,10
6413_3__6414_3,6413,6413_3,6414,6414_3,213,21,17.48333333333335,10:26:33,10:31:59,10
6413_3__6414_3,6413,6413_3,6414,6414_3,3907,22,17.216666666666697,10:26:33,10:31:59,10
6413_3__6414_3,6413,6413_3,6414,6414_3,949,23,18.133333333333326,10:26:33,10:31:59,10
6413_3__6414_3,6413,6413_3,6414,6414_3,913,24,17.933333333333394,10:26:33,10:31:59,10
6413_3__6414_3,6413,6413_3,6414,6414_3,2665,27,17.93333333333328,10:26:33,10:31:59,10
6413_3__6414_3,6413,6413_3,6414,6414_3,2492,31,14.06666666666672,10:26:33,10:31:59,10
6413_3__6414_3,6413,6413_3,6414,6414_3,946,32,14.016666666666652,10:26:33,10:31:59,10
6413_3__6414_3,6413,6413_3,6414,6414_3,947,33,11.899999999999977,10:26:33,10:31:59,10
6413_3__6414_3,6413,6413_3,6414,6414_3,327,34,11.966666666666697,10:26:33,10:31:59,10
6413_4__6030_4,6413,6413_4,6030,6030_4,2984,2,12.81666666666672,13:29:09,13:41:58,13
6413_4__6030_4,6413,6413_4,6030,6030_4,2685,3,12.93333333333328,13:29:09,13:41:58,13
6413_4__6030_4,6413,6413_4,6030,6030_4,3649,4,14.450000000000045,13:29:09,13:41:58,13
6413_4__6030_4,6413,6413_4,6030,6030_4,3747,5,13.783333333333303,13:29:09,13:41:58,13
6413_4__6030_4,6413,6413_4,6030,6030_4,482,6,14.483333333333348,13:29:09,13:41:58,13
6413_4__6030_4,6413,6413_4,6030,6030_4,709,7,14.700000000000045,13:29:09,13:41:58,13
6413_4__6030_4,6413,6413_4,6030,6030_4,1577,8,13.216666666666583,13:29:09,13:41:58,13
6413_4__6030_4,6413,6413_4,6030,6030_4,990,9,12.400000000000091,13:29:09,13:41:58,13
6413_4__6030_4,6413,6413_4,6030,6030_4,396,11,14.633333333333326,13:29:09,13:41:58,13
6413_4__6030_4,6413,6413_4,6030,6030_4,1253,12,14.966666666666583,13:29:09,13:41:58,13
6413_4__6030_4,6413,6413_4,6030,6030_4,1554,13,14.466666666666697,13:29:09,13:41:58,13
6413_4__6030_4,6413,6413_4,6030,6030_4,1099,14,14.316666666666606,13:29:09,13:41:58,13
6413_4__6030_4,6413,6413_4,6030,6030_4,168,15,16.350000000000023,13:29:09,13:41:58,13
6413_4__6030_4,6413,6413_4,6030,6030_4,929,16,15.716666666666697,13:29:09,13:41:58,13
6413_4__6030_4,6413,6413_4,6030,6030_4,94,17,17.033333333333417,13:29:09,13:41:58,13
6413_4__6030_4,6413,6413_4,6030,6030_4,1080,18,16.033333333333417,13:29:09,13:41:58,13
6413_4__6030_4,6413,6413_4,6030,6030_4,146,19,15.783333333333303,13:29:09,13:41:58,13
6413_4__6030_4,6413,6413_4,6030,6030_4,1089,20,17.06666666666672,13:29:09,13:41:58,13
6413_4__6030_4,6413,6413_4,6030,6030_4,213,21,17.633333333333326,13:29:09,13:41:58,13
6413_4__6030_4,6413,6413_4,6030,6030_4,3907,22,17.300000000000068,13:29:09,13:41:58,13
6413_4__6030_4,6413,6413_4,6030,6030_4,949,23,18.366666666666674,13:29:09,13:41:58,13
6413_4__6030_4,6413,6413_4,6030,6030_4,913,24,18.31666666666672,13:29:09,13:41:58,13
6413_4__6030_4,6413,6413_4,6030,6030_4,307,25,18.266666666666765,13:29:09,13:41:58,13
6413_4__6030_4,6413,6413_4,6030,6030_4,212,26,19.700000000000045,13:29:09,13:41:58,13
6413_4__6030_4,6413,6413_4,6030,6030_4,2665,27,20.18333333333328,13:29:09,13:41:58,13
6413_4__6030_4,6413,6413_4,6030,6030_4,2736,28,22.283333333333303,13:29:09,13:41:58,13
6413_4__6030_4,6413,6413_4,6030,6030_4,705,29,23.166666666666742,13:29:09,13:41:58,13
6413_4__6030_4,6413,6413_4,6030,6030_4,9979,30,24.66666666666663,13:29:09,13:41:58,13
6413_4__6030_4,6413,6413_4,6030,6030_4,2492,31,24.183333333333394,13:29:09,13:41:58,13
6413_4__6030_4,6413,6413_4,6030,6030_4,946,32,23.149999999999977,13:29:09,13:41:58,13
6413_4__6030_4,6413,6413_4,6030,6030_4,947,33,23.0,13:29:09,13:41:58,13
6413_4__6030_4,6413,6413_4,6030,6030_4,327,34,24.816666666666606,13:29:09,13:41:58,13
6413_4__6030_4,6413,6413_4,6030,6030_4,2583,37,25.133333333333326,13:29:09,13:41:58,13
6413_4__6030_4,6413,6413_4,6030,6030_4,2590,38,26.633333333333326,13:29:09,13:41:58,13
6413_5__6414_5,6413,6413_5,6414,6414_5,3797,1,14.133333333333326,16:21:53,16:36:01,16
6413_5__6414_5,6413,6413_5,6414,6414_5,3747,5,29.833333333333258,16:21:53,16:36:01,16
6413_5__6414_5,6413,6413_5,6414,6414_5,482,6,30.200000000000045,16:21:53,16:36:01,16
6413_5__6414_5,6413,6413_5,6414,6414_5,709,7,30.41666666666663,16:21:53,16:36:01,16
6413_5__6414_5,6413,6413_5,6414,6414_5,1577,8,29.199999999999932,16:21:53,16:36:01,16
6413_5__6414_5,6413,6413_5,6414,6414_5,990,9,30.100000000000023,16:21:53,16:36:01,16
6413_5__6414_5,6413,6413_5,6414,6414_5,109,10,29.233333333333462,16:21:53,16:36:01,16
6413_5__6414_5,6413,6413_5,6414,6414_5,396,11,29.91666666666663,16:21:53,16:36:01,16
6413_5__6414_5,6413,6413_5,6414,6414_5,1253,12,30.149999999999977,16:21:53,16:36:01,16
6413_5__6414_5,6413,6413_5,6414,6414_5,1554,13,30.916666666666742,16:21:53,16:36:01,16
6413_5__6414_5,6413,6413_5,6414,6414_5,1099,14,31.249999999999886,16:21:53,16:36:01,16
6413_5__6414_5,6413,6413_5,6414,6414_5,168,15,28.300000000000068,16:21:53,16:36:01,16
6413_5__6414_5,6413,6413_5,6414,6414_5,929,16,26.433333333333394,16:21:53,16:36:01,16
6413_5__6414_5,6413,6413_5,6414,6414_5,94,17,32.39999999999998,16:21:53,16:36:01,16
6413_5__6414_5,6413,6413_5,6414,6414_5,1080,18,35.01666666666665,16:21:53,16:36:01,16
6413_5__6414_5,6413,6413_5,6414,6414_5,146,19,37.583333333333485,16:21:53,16:36:01,16
6413_5__6414_5,6413,6413_5,6414,6414_5,1089,20,36.26666666666665,16:21:53,16:36:01,16
6413_5__6414_5,6413,6413_5,6414,6414_5,213,21,36.69999999999982,16:21:53,16:36:01,16
6413_5__6414_5,6413,6413_5,6414,6414_5,3907,22,36.51666666666665,16:21:53,16:36:01,16
6413_5__6414_5,6413,6413_5,6414,6414_5,949,23,36.066666666666606,16:21:53,16:36:01,16
6413_5__6414_5,6413,6413_5,6414,6414_5,913,24,36.399999999999864,16:21:53,16:36:01,16
6413_5__6414_5,6413,6413_5,6414,6414_5,307,25,37.56666666666683,16:21:53,16:36:01,16
6413_5__6414_5,6413,6413_5,6414,6414_5,212,26,36.5333333333333,16:21:53,16:36:01,16
6413_5__6414_5,6413,6413_5,6414,6414_5,2665,27,36.05000000000018,16:21:53,16:36:01,16
6413_5__6414_5,6413,6413_5,6414,6414_5,2736,28,36.11666666666656,16:21:53,16:36:01,16
6413_5__6414_5,6413,6413_5,6414,6414_5,705,29,37.4666666666667,16:21:53,16:36:01,16
6413_5__6414_5,6413,6413_5,6414,6414_5,9979,30,38.51666666666665,16:21:53,16:36:01,16
6413_5__6414_5,6413,6413_5,6414,6414_5,2492,31,39.0,16:21:53,16:36:01,16
6413_5__6414_5,6413,6413_5,6414,6414_5,946,32,37.11666666666656,16:21:53,16:36:01,16
6413_5__6414_5,6413,6413_5,6414,6414_5,947,33,36.84999999999991,16:21:53,16:36:01,16
6413_5__6414_5,6413,6413_5,6414,6414_5,327,34,36.75,16:21:53,16:36:01,16
6413_5__6414_5,6413,6413_5,6414,6414_5,3284,35,36.600000000000136,16:21:53,16:36:01,16
6413_5__6414_5,6413,6413_5,6414,6414_5,3282,36,37.48333333333335,16:21:53,16:36:01,16
6413_5__6414_5,6413,6413_5,6414,6414_5,2583,37,37.049999999999955,16:21:53,16:36:01,16
6413_5__6414_5,6413,6413_5,6414,6414_5,2590,38,37.59999999999991,16:21:53,16:36:01,16
6413_5__6414_5,6413,6413_5,6414,6414_5,603,39,37.91666666666674,16:21:53,16:36:01,16
6414_1__6083_1,6414,6414_1,6083,6083_1,2685,3,8.583333333333371,04:59:46,05:08:21,4
6414_1__6083_1,6414,6414_1,6083,6083_1,3649,4,9.866666666666674,04:59:46,05:08:21,4
6414_1__6083_1,6414,6414_1,6083,6083_1,3747,5,10.03333333333336,04:59:46,05:08:21,4
6414_1__6083_1,6414,6414_1,6083,6083_1,482,6,10.399999999999977,04:59:46,05:08:21,4
6414_1__6083_1,6414,6414_1,6083,6083_1,709,7,9.900000000000034,04:59:46,05:08:21,4
6414_1__6083_1,6414,6414_1,6083,6083_1,1577,8,11.25,04:59:46,05:08:21,4
6414_1__6083_1,6414,6414_1,6083,6083_1,990,9,11.149999999999977,04:59:46,05:08:21,4
6414_1__6083_1,6414,6414_1,6083,6083_1,109,10,12.083333333333314,04:59:46,05:08:21,4
6414_1__6083_1,6414,6414_1,6083,6083_1,396,11,12.983333333333292,04:59:46,05:08:21,4
6414_1__6083_1,6414,6414_1,6083,6083_1,1253,12,12.81666666666672,04:59:46,05:08:21,4
6414_1__6083_1,6414,6414_1,6083,6083_1,1554,13,13.016666666666652,04:59:46,05:08:21,4
6414_1__6083_1,6414,6414_1,6083,6083_1,1099,14,13.0,04:59:46,05:08:21,4
6414_1__6083_1,6414,6414_1,6083,6083_1,168,15,12.016666666666708,04:59:46,05:08:21,4
6414_1__6083_1,6414,6414_1,6083,6083_1,929,16,11.433333333333337,04:59:46,05:08:21,4
6414_1__6083_1,6414,6414_1,6083,6083_1,94,17,11.71666666666664,04:59:46,05:08:21,4
6414_1__6083_1,6414,6414_1,6083,6083_1,1080,18,11.149999999999977,04:59:46,05:08:21,4
6414_1__6083_1,6414,6414_1,6083,6083_1,146,19,10.53333333333336,04:59:46,05:08:21,4
6414_1__6083_1,6414,6414_1,6083,6083_1,1089,20,11.149999999999977,04:59:46,05:08:21,4
6414_1__6083_1,6414,6414_1,6083,6083_1,213,21,11.066666666666663,04:59:46,05:08:21,4
6414_1__6083_1,6414,6414_1,6083,6083_1,3907,22,11.733333333333348,04:59:46,05:08:21,4
6414_1__6083_1,6414,6414_1,6083,6083_1,949,23,12.03333333333336,04:59:46,05:08:21,4
6414_1__6083_1,6414,6414_1,6083,6083_1,913,24,10.633333333333383,04:59:46,05:08:21,4
6414_1__6083_1,6414,6414_1,6083,6083_1,307,25,10.25,04:59:46,05:08:21,4
6414_1__6083_1,6414,6414_1,6083,6083_1,212,26,10.766666666666652,04:59:46,05:08:21,4
6414_1__6083_1,6414,6414_1,6083,6083_1,2665,27,9.949999999999989,04:59:46,05:08:21,4
6414_1__6083_1,6414,6414_1,6083,6083_1,2736,28,10.816666666666663,04:59:46,05:08:21,4
6414_1__6083_1,6414,6414_1,6083,6083_1,705,29,11.116666666666674,04:59:46,05:08:21,4
6414_1__6083_1,6414,6414_1,6083,6083_1,9979,30,11.183333333333337,04:59:46,05:08:21,4
6414_1__6083_1,6414,6414_1,6083,6083_1,2492,31,11.03333333333336,04:59:46,05:08:21,4
6414_1__6083_1,6414,6414_1,6083,6083_1,946,32,10.833333333333314,04:59:46,05:08:21,4
6414_1__6083_1,6414,6414_1,6083,6083_1,947,33,10.583333333333371,04:59:46,05:08:21,4
6414_1__6083_1,6414,6414_1,6083,6083_1,327,34,9.650000000000034,04:59:46,05:08:21,4
6414_1__6083_1,6414,6414_1,6083,6083_1,3284,35,9.366666666666674,04:59:46,05:08:21,4
6414_1__6083_1,6414,6414_1,6083,6083_1,3282,36,13.483333333333348,04:59:46,05:08:21,4
6414_1__6083_1,6414,6414_1,6083,6083_1,2583,37,14.116666666666674,04:59:46,05:08:21,4
6414_1__6083_1,6414,6414_1,6083,6083_1,2590,38,13.716666666666697,04:59:46,05:08:21,4
6414_1__6083_1,6414,6414_1,6083,6083_1,603,39,13.783333333333303,04:59:46,05:08:21,4
6414_2__6083_2,6414,6414_2,6083,6083_2,3797,1,12.166666666666686,07:47:00,07:59:10,7
6414_2__6083_2,6414,6414_2,6083,6083_2,2984,2,11.366666666666617,07:47:00,07:59:10,7
6414_2__6083_2,6414,6414_2,6083,6083_2,2685,3,11.433333333333337,07:47:00,07:59:10,7
6414_2__6083_2,6414,6414_2,6083,6083_2,3649,4,11.333333333333314,07:47:00,07:59:10,7
6414_2__6083_2,6414,6414_2,6083,6083_2,3747,5,11.28333333333336,07:47:00,07:59:10,7
6414_2__6083_2,6414,6414_2,6083,6083_2,482,6,9.433333333333337,07:47:00,07:59:10,7
6414_2__6083_2,6414,6414_2,6083,6083_2,709,7,9.516666666666708,07:47:00,07:59:10,7
6414_2__6083_2,6414,6414_2,6083,6083_2,1577,8,10.350000000000023,07:47:00,07:59:10,7
6414_2__6083_2,6414,6414_2,6083,6083_2,990,9,10.150000000000034,07:47:00,07:59:10,7
6414_2__6083_2,6414,6414_2,6083,6083_2,109,10,10.016666666666652,07:47:00,07:59:10,7
6414_2__6083_2,6414,6414_2,6083,6083_2,396,11,9.566666666666663,07:47:00,07:59:10,7
6414_2__6083_2,6414,6414_2,6083,6083_2,1253,12,11.116666666666674,07:47:00,07:59:10,7
6414_2__6083_2,6414,6414_2,6083,6083_2,929,16,2.033333333333303,07:47:00,07:59:10,7
6414_2__6083_2,6414,6414_2,6083,6083_2,94,17,1.3666666666666742,07:47:00,07:59:10,7
6414_2__6083_2,6414,6414_2,6083,6083_2,1080,18,1.6666666666666856,07:47:00,07:59:10,7
6414_2__6083_2,6414,6414_2,6083,6083_2,146,19,2.5166666666667084,07:47:00,07:59:10,7
6414_2__6083_2,6414,6414_2,6083,6083_2,1089,20,2.566666666666606,07:47:00,07:59:10,7
6414_2__6083_2,6414,6414_2,6083,6083_2,213,21,3.5833333333333712,07:47:00,07:59:10,7
6414_2__6083_2,6414,6414_2,6083,6083_2,3907,22,5.0166666666666515,07:47:00,07:59:10,7
6414_2__6083_2,6414,6414_2,6083,6083_2,949,23,4.9500000000000455,07:47:00,07:59:10,7
6414_2__6083_2,6414,6414_2,6083,6083_2,913,24,4.233333333333235,07:47:00,07:59:10,7
6414_2__6083_2,6414,6414_2,6083,6083_2,307,25,4.2666666666666515,07:47:00,07:59:10,7
6414_2__6083_2,6414,6414_2,6083,6083_2,212,26,5.033333333333303,07:47:00,07:59:10,7
6414_2__6083_2,6414,6414_2,6083,6083_2,2665,27,6.1666666666667425,07:47:00,07:59:10,7
6414_2__6083_2,6414,6414_2,6083,6083_2,2736,28,6.533333333333417,07:47:00,07:59:10,7
6414_2__6083_2,6414,6414_2,6083,6083_2,705,29,7.916666666666629,07:47:00,07:59:10,7
6414_2__6083_2,6414,6414_2,6083,6083_2,9979,30,7.916666666666629,07:47:00,07:59:10,7
6414_2__6083_2,6414,6414_2,6083,6083_2,2492,31,8.166666666666629,07:47:00,07:59:10,7
6414_2__6083_2,6414,6414_2,6083,6083_2,946,32,9.233333333333235,07:47:00,07:59:10,7
6414_2__6083_2,6414,6414_2,6083,6083_2,947,33,10.049999999999955,07:47:00,07:59:10,7
6414_2__6083_2,6414,6414_2,6083,6083_2,2590,38,11.25,07:47:00,07:59:10,7
6414_3__6083_3,6414,6414_3,6083,6083_3,3797,1,10.766666666666652,10:31:59,10:42:45,10
6414_3__6083_3,6414,6414_3,6083,6083_3,2984,2,13.933333333333394,10:31:59,10:42:45,10
6414_3__6083_3,6414,6414_3,6083,6083_3,2685,3,14.283333333333303,10:31:59,10:42:45,10
6414_3__6083_3,6414,6414_3,6083,6083_3,3649,4,14.516666666666652,10:31:59,10:42:45,10
6414_3__6083_3,6414,6414_3,6083,6083_3,3747,5,14.93333333333328,10:31:59,10:42:45,10
6414_3__6083_3,6414,6414_3,6083,6083_3,482,6,13.450000000000045,10:31:59,10:42:45,10
6414_3__6083_3,6414,6414_3,6083,6083_3,709,7,12.666666666666629,10:31:59,10:42:45,10
6414_3__6083_3,6414,6414_3,6083,6083_3,1577,8,13.56666666666672,10:31:59,10:42:45,10
6414_3__6083_3,6414,6414_3,6083,6083_3,990,9,14.533333333333303,10:31:59,10:42:45,10
6414_3__6083_3,6414,6414_3,6083,6083_3,109,10,13.800000000000068,10:31:59,10:42:45,10
6414_3__6083_3,6414,6414_3,6083,6083_3,396,11,13.866666666666674,10:31:59,10:42:45,10
6414_3__6083_3,6414,6414_3,6083,6083_3,1253,12,13.033333333333303,10:31:59,10:42:45,10
6414_3__6083_3,6414,6414_3,6083,6083_3,1554,13,14.31666666666672,10:31:59,10:42:45,10
6414_3__6083_3,6414,6414_3,6083,6083_3,1099,14,15.283333333333417,10:31:59,10:42:45,10
6414_3__6083_3,6414,6414_3,6083,6083_3,168,15,14.199999999999932,10:31:59,10:42:45,10
6414_3__6083_3,6414,6414_3,6083,6083_3,929,16,14.466666666666697,10:31:59,10:42:45,10
6414_3__6083_3,6414,6414_3,6083,6083_3,94,17,13.783333333333417,10:31:59,10:42:45,10
6414_3__6083_3,6414,6414_3,6083,6083_3,1080,18,14.366666666666674,10:31:59,10:42:45,10
6414_3__6083_3,6414,6414_3,6083,6083_3,146,19,13.483333333333348,10:31:59,10:42:45,10
6414_3__6083_3,6414,6414_3,6083,6083_3,1089,20,14.583333333333258,10:31:59,10:42:45,10
6414_3__6083_3,6414,6414_3,6083,6083_3,213,21,14.366666666666674,10:31:59,10:42:45,10
6414_3__6083_3,6414,6414_3,6083,6083_3,3907,22,14.833333333333258,10:31:59,10:42:45,10
6414_3__6083_3,6414,6414_3,6083,6083_3,949,23,14.400000000000091,10:31:59,10:42:45,10
6414_3__6083_3,6414,6414_3,6083,6083_3,913,24,13.816666666666606,10:31:59,10:42:45,10
6414_3__6083_3,6414,6414_3,6083,6083_3,307,25,14.700000000000045,10:31:59,10:42:45,10
6414_3__6083_3,6414,6414_3,6083,6083_3,212,26,13.933333333333394,10:31:59,10:42:45,10
6414_3__6083_3,6414,6414_3,6083,6083_3,2665,27,13.616666666666674,10:31:59,10:42:45,10
6414_3__6083_3,6414,6414_3,6083,6083_3,2736,28,14.93333333333328,10:31:59,10:42:45,10
6414_3__6083_3,6414,6414_3,6083,6083_3,705,29,15.450000000000045,10:31:59,10:42:45,10
6414_3__6083_3,6414,6414_3,6083,6083_3,9979,30,15.783333333333303,10:31:59,10:42:45,10
6414_3__6083_3,6414,6414_3,6083,6083_3,946,32,17.700000000000045,10:31:59,10:42:45,10
6414_3__6083_3,6414,6414_3,6083,6083_3,3284,35,17.08333333333337,10:31:59,10:42:45,10
6414_3__6083_3,6414,6414_3,6083,6083_3,3282,36,17.066666666666606,10:31:59,10:42:45,10
6414_3__6083_3,6414,6414_3,6083,6083_3,2583,37,16.450000000000045,10:31:59,10:42:45,10
6414_3__6083_3,6414,6414_3,6083,6083_3,2590,38,16.283333333333303,10:31:59,10:42:45,10
6414_3__6083_3,6414,6414_3,6083,6083_3,603,39,16.300000000000068,10:31:59,10:42:45,10
6804_1__6114_2,6804,6804_1,6114,6114_2,2984,2,12.316666666666606,14:11:49,14:24:08,14
6804_1__6114_2,6804,6804_1,6114,6114_2,2685,3,11.5,14:11:49,14:24:08,14
6804_1__6114_2,6804,6804_1,6114,6114_2,3649,4,12.600000000000023,14:11:49,14:24:08,14
6804_1__6114_2,6804,6804_1,6114,6114_2,3747,5,12.899999999999977,14:11:49,14:24:08,14
6804_1__6114_2,6804,6804_1,6114,6114_2,482,6,12.25,14:11:49,14:24:08,14
6804_1__6114_2,6804,6804_1,6114,6114_2,709,7,12.949999999999932,14:11:49,14:24:08,14
6804_1__6114_2,6804,6804_1,6114,6114_2,1577,8,12.983333333333348,14:11:49,14:24:08,14
6804_1__6114_2,6804,6804_1,6114,6114_2,990,9,13.883333333333326,14:11:49,14:24:08,14
6804_1__6114_2,6804,6804_1,6114,6114_2,109,10,13.283333333333303,14:11:49,14:24:08,14
6804_1__6114_2,6804,6804_1,6114,6114_2,396,11,13.666666666666742,14:11:49,14:24:08,14
6804_1__6114_2,6804,6804_1,6114,6114_2,1253,12,13.25,14:11:49,14:24:08,14
6804_1__6114_2,6804,6804_1,6114,6114_2,1554,13,12.799999999999955,14:11:49,14:24:08,14
6804_1__6114_2,6804,6804_1,6114,6114_2,1099,14,12.849999999999909,14:11:49,14:24:08,14
6804_1__6114_2,6804,6804_1,6114,6114_2,168,15,13.516666666666765,14:11:49,14:24:08,14
6804_1__6114_2,6804,6804_1,6114,6114_2,929,16,19.66666666666663,14:11:49,14:24:08,14
6804_1__6114_2,6804,6804_1,6114,6114_2,94,17,15.366666666666674,14:11:49,14:24:08,14
6804_1__6114_2,6804,6804_1,6114,6114_2,1080,18,12.783333333333303,14:11:49,14:24:08,14
6804_1__6114_2,6804,6804_1,6114,6114_2,146,19,11.850000000000023,14:11:49,14:24:08,14
6804_1__6114_2,6804,6804_1,6114,6114_2,1089,20,12.049999999999955,14:11:49,14:24:08,14
6804_1__6114_2,6804,6804_1,6114,6114_2,213,21,12.583333333333258,14:11:49,14:24:08,14
6804_1__6114_2,6804,6804_1,6114,6114_2,3907,22,12.833333333333258,14:11:49,14:24:08,14
6804_1__6114_2,6804,6804_1,6114,6114_2,949,23,13.5,14:11:49,14:24:08,14
6804_1__6114_2,6804,6804_1,6114,6114_2,913,24,12.18333333333328,14:11:49,14:24:08,14
6804_1__6114_2,6804,6804_1,6114,6114_2,212,26,9.75,14:11:49,14:24:08,14
6804_1__6114_2,6804,6804_1,6114,6114_2,2665,27,8.949999999999932,14:11:49,14:24:08,14
6804_1__6114_2,6804,6804_1,6114,6114_2,2736,28,8.866666666666674,14:11:49,14:24:08,14
6804_1__6114_2,6804,6804_1,6114,6114_2,705,29,7.68333333333328,14:11:49,14:24:08,14
6804_1__6114_2,6804,6804_1,6114,6114_2,9979,30,6.166666666666629,14:11:49,14:24:08,14
6804_1__6114_2,6804,6804_1,6114,6114_2,2492,31,7.583333333333371,14:11:49,14:24:08,14
6804_1__6114_2,6804,6804_1,6114,6114_2,946,32,6.0833333333332575,14:11:49,14:24:08,14
6804_1__6114_2,6804,6804_1,6114,6114_2,947,33,6.9166666666667425,14:11:49,14:24:08,14
6804_1__6114_2,6804,6804_1,6114,6114_2,327,34,6.150000000000091,14:11:49,14:24:08,14
6804_1__6114_2,6804,6804_1,6114,6114_2,3284,35,5.18333333333328,14:11:49,14:24:08,14
6804_1__6114_2,6804,6804_1,6114,6114_2,3282,36,5.2000000000000455,14:11:49,14:24:08,14
6804_1__6114_2,6804,6804_1,6114,6114_2,2583,37,5.4833333333333485,14:11:49,14:24:08,14
6804_1__6114_2,6804,6804_1,6114,6114_2,2590,38,5.883333333333326,14:11:49,14:24:08,14
6804_1__6114_2,6804,6804_1,6114,6114_2,603,39,4.9500000000000455,14:11:49,14:24:08,14
6804_2__6411_6,6804,6804_2,6411,6411_6,2984,2,14.683333333333167,17:13:09,17:27:50,17
6804_2__6411_6,6804,6804_2,6411,6411_6,2685,3,13.75,17:13:09,17:27:50,17
6804_2__6411_6,6804,6804_2,6411,6411_6,3649,4,11.650000000000091,17:13:09,17:27:50,17
6804_2__6411_6,6804,6804_2,6411,6411_6,3747,5,10.216666666666697,17:13:09,17:27:50,17
6804_2__6411_6,6804,6804_2,6411,6411_6,709,7,9.75,17:13:09,17:27:50,17
6804_2__6411_6,6804,6804_2,6411,6411_6,990,9,6.2666666666666515,17:13:09,17:27:50,17
6804_2__6411_6,6804,6804_2,6411,6411_6,109,10,6.5,17:13:09,17:27:50,17
6804_2__6411_6,6804,6804_2,6411,6411_6,396,11,6.6666666666667425,17:13:09,17:27:50,17
6804_2__6411_6,6804,6804_2,6411,6411_6,1253,12,6.716666666666697,17:13:09,17:27:50,17
6804_2__6411_6,6804,6804_2,6411,6411_6,1554,13,5.3333333333332575,17:13:09,17:27:50,17
6804_2__6411_6,6804,6804_2,6411,6411_6,1099,14,5.7000000000000455,17:13:09,17:27:50,17
6804_2__6411_6,6804,6804_2,6411,6411_6,168,15,5.616666666666561,17:13:09,17:27:50,17
6804_2__6411_6,6804,6804_2,6411,6411_6,929,16,3.216666666666697,17:13:09,17:27:50,17
6804_2__6411_6,6804,6804_2,6411,6411_6,94,17,3.1666666666667425,17:13:09,17:27:50,17
6804_2__6411_6,6804,6804_2,6411,6411_6,1080,18,1.5166666666666515,17:13:09,17:27:50,17
6804_2__6411_6,6804,6804_2,6411,6411_6,146,19,3.3833333333334394,17:13:09,17:27:50,17
6804_2__6411_6,6804,6804_2,6411,6411_6,1089,20,3.0,17:13:09,17:27:50,17
6804_2__6411_6,6804,6804_2,6411,6411_6,213,21,3.116666666666788,17:13:09,17:27:50,17
6804_2__6411_6,6804,6804_2,6411,6411_6,3907,22,2.883333333333212,17:13:09,17:27:50,17
6804_2__6411_6,6804,6804_2,6411,6411_6,949,23,2.9500000000000455,17:13:09,17:27:50,17
6804_2__6411_6,6804,6804_2,6411,6411_6,913,24,3.016666666666879,17:13:09,17:27:50,17
6804_2__6411_6,6804,6804_2,6411,6411_6,307,25,3.433333333333394,17:13:09,17:27:50,17
6804_2__6411_6,6804,6804_2,6411,6411_6,212,26,2.9833333333333485,17:13:09,17:27:50,17
6804_2__6411_6,6804,6804_2,6411,6411_6,2665,27,2.5833333333332575,17:13:09,17:27:50,17
6804_2__6411_6,6804,6804_2,6411,6411_6,2736,28,2.566666666666606,17:13:09,17:27:50,17
6804_2__6411_6,6804,6804_2,6411,6411_6,705,29,2.349999999999909,17:13:09,17:27:50,17
6804_2__6411_6,6804,6804_2,6411,6411_6,9979,30,1.8500000000001364,17:13:09,17:27:50,17
6804_2__6411_6,6804,6804_2,6411,6411_6,2492,31,3.0499999999999545,17:13:09,17:27:50,17
6804_2__6411_6,6804,6804_2,6411,6411_6,946,32,1.6499999999998636,17:13:09,17:27:50,17
6804_2__6411_6,6804,6804_2,6411,6411_6,947,33,1.5166666666666515,17:13:09,17:27:50,17
6804_2__6411_6,6804,6804_2,6411,6411_6,3284,35,2.2666666666666515,17:13:09,17:27:50,17
6804_2__6411_6,6804,6804_2,6411,6411_6,3282,36,2.633333333333212,17:13:09,17:27:50,17
6804_2__6411_6,6804,6804_2,6411,6411_6,2583,37,2.666666666666515,17:13:09,17:27:50,17
6804_2__6411_6,6804,6804_2,6411,6411_6,2590,38,3.183333333333394,17:13:09,17:27:50,17
6804_2__6411_6,6804,6804_2,6411,6411_6,603,39,3.5833333333332575,17:13:09,17:27:50,17
