par_id,bus_delante,trip_delante,bus_detras,trip_detras,codi_parada,ordre,headway_pair,hora_delante_str,hora_detras_str,franja_hora
1530_2__6037_6,1530,1530_2,6037,6037_6,3797,1,9.0,17:43:00,17:52:00,17
1530_2__6037_6,1530,1530_2,6037,6037_6,2984,2,7.9500000000000455,17:43:00,17:52:00,17
1530_2__6037_6,1530,1530_2,6037,6037_6,2685,3,8.266666666666652,17:43:00,17:52:00,17
1530_2__6037_6,1530,1530_2,6037,6037_6,3649,4,8.533333333333303,17:43:00,17:52:00,17
1530_2__6037_6,1530,1530_2,6037,6037_6,3747,5,10.299999999999955,17:43:00,17:52:00,17
1530_2__6037_6,1530,1530_2,6037,6037_6,482,6,9.416666666666515,17:43:00,17:52:00,17
1530_2__6037_6,1530,1530_2,6037,6037_6,709,7,10.600000000000136,17:43:00,17:52:00,17
1530_2__6037_6,1530,1530_2,6037,6037_6,1577,8,10.566666666666606,17:43:00,17:52:00,17
1530_2__6037_6,1530,1530_2,6037,6037_6,990,9,9.650000000000091,17:43:00,17:52:00,17
1530_2__6037_6,1530,1530_2,6037,6037_6,109,10,9.86666666666656,17:43:00,17:52:00,17
1530_2__6037_6,1530,1530_2,6037,6037_6,396,11,10.816666666666606,17:43:00,17:52:00,17
1530_2__6037_6,1530,1530_2,6037,6037_6,1253,12,10.033333333333303,17:43:00,17:52:00,17
1530_2__6037_6,1530,1530_2,6037,6037_6,1554,13,10.283333333333303,17:43:00,17:52:00,17
1530_2__6037_6,1530,1530_2,6037,6037_6,1099,14,9.883333333333212,17:43:00,17:52:00,17
1530_2__6037_6,1530,1530_2,6037,6037_6,168,15,10.450000000000045,17:43:00,17:52:00,17
1530_2__6037_6,1530,1530_2,6037,6037_6,929,16,10.38333333333344,17:43:00,17:52:00,17
1530_2__6037_6,1530,1530_2,6037,6037_6,94,17,9.916666666666515,17:43:00,17:52:00,17
1530_2__6037_6,1530,1530_2,6037,6037_6,1080,18,9.399999999999864,17:43:00,17:52:00,17
1530_2__6037_6,1530,1530_2,6037,6037_6,146,19,9.5,17:43:00,17:52:00,17
1530_2__6037_6,1530,1530_2,6037,6037_6,1089,20,10.75,17:43:00,17:52:00,17
1530_2__6037_6,1530,1530_2,6037,6037_6,213,21,10.166666666666742,17:43:00,17:52:00,17
1530_2__6037_6,1530,1530_2,6037,6037_6,3907,22,11.450000000000045,17:43:00,17:52:00,17
1530_2__6037_6,1530,1530_2,6037,6037_6,949,23,13.049999999999955,17:43:00,17:52:00,17
1530_2__6037_6,1530,1530_2,6037,6037_6,913,24,13.75,17:43:00,17:52:00,17
1530_2__6037_6,1530,1530_2,6037,6037_6,307,25,13.650000000000091,17:43:00,17:52:00,17
1530_2__6037_6,1530,1530_2,6037,6037_6,212,26,12.950000000000045,17:43:00,17:52:00,17
1530_2__6037_6,1530,1530_2,6037,6037_6,2665,27,14.11666666666656,17:43:00,17:52:00,17
1530_2__6037_6,1530,1530_2,6037,6037_6,2736,28,13.88333333333344,17:43:00,17:52:00,17
1530_2__6037_6,1530,1530_2,6037,6037_6,705,29,15.716666666666697,17:43:00,17:52:00,17
1530_2__6037_6,1530,1530_2,6037,6037_6,9979,30,17.0,17:43:00,17:52:00,17
1530_2__6037_6,1530,1530_2,6037,6037_6,2492,31,16.066666666666606,17:43:00,17:52:00,17
1530_2__6037_6,1530,1530_2,6037,6037_6,946,32,17.416666666666515,17:43:00,17:52:00,17
1530_2__6037_6,1530,1530_2,6037,6037_6,947,33,18.466666666666697,17:43:00,17:52:00,17
1530_2__6037_6,1530,1530_2,6037,6037_6,327,34,18.88333333333344,17:43:00,17:52:00,17
1530_2__6037_6,1530,1530_2,6037,6037_6,3284,35,17.866666666666788,17:43:00,17:52:00,17
1530_2__6037_6,1530,1530_2,6037,6037_6,3282,36,17.96666666666647,17:43:00,17:52:00,17
1530_2__6037_6,1530,1530_2,6037,6037_6,2583,37,18.116666666666788,17:43:00,17:52:00,17
1530_2__6037_6,1530,1530_2,6037,6037_6,2590,38,17.583333333333485,17:43:00,17:52:00,17
1530_2__6037_6,1530,1530_2,6037,6037_6,603,39,19.333333333333258,17:43:00,17:52:00,17
1543_1__6056_2,1543,1543_1,6056,6056_2,2984,2,11.366666666666617,07:26:17,07:37:39,7
1543_1__6056_2,1543,1543_1,6056,6056_2,2685,3,11.683333333333337,07:26:17,07:37:39,7
1543_1__6056_2,1543,1543_1,6056,6056_2,3649,4,11.283333333333303,07:26:17,07:37:39,7
1543_1__6056_2,1543,1543_1,6056,6056_2,3747,5,11.78333333333336,07:26:17,07:37:39,7
1543_1__6056_2,1543,1543_1,6056,6056_2,482,6,11.53333333333336,07:26:17,07:37:39,7
1543_1__6056_2,1543,1543_1,6056,6056_2,709,7,10.483333333333348,07:26:17,07:37:39,7
1543_1__6056_2,1543,1543_1,6056,6056_2,1577,8,12.983333333333348,07:26:17,07:37:39,7
1543_1__6056_2,1543,1543_1,6056,6056_2,990,9,11.133333333333383,07:26:17,07:37:39,7
1543_1__6056_2,1543,1543_1,6056,6056_2,109,10,11.599999999999966,07:26:17,07:37:39,7
1543_1__6056_2,1543,1543_1,6056,6056_2,396,11,11.416666666666686,07:26:17,07:37:39,7
1543_1__6056_2,1543,1543_1,6056,6056_2,1253,12,11.649999999999977,07:26:17,07:37:39,7
1543_1__6056_2,1543,1543_1,6056,6056_2,1554,13,12.533333333333303,07:26:17,07:37:39,7
1543_1__6056_2,1543,1543_1,6056,6056_2,1099,14,13.366666666666674,07:26:17,07:37:39,7
1543_1__6056_2,1543,1543_1,6056,6056_2,168,15,13.78333333333336,07:26:17,07:37:39,7
1543_1__6056_2,1543,1543_1,6056,6056_2,929,16,14.21666666666664,07:26:17,07:37:39,7
1543_1__6056_2,1543,1543_1,6056,6056_2,94,17,14.53333333333336,07:26:17,07:37:39,7
1543_1__6056_2,1543,1543_1,6056,6056_2,1080,18,13.233333333333348,07:26:17,07:37:39,7
1543_1__6056_2,1543,1543_1,6056,6056_2,146,19,13.150000000000034,07:26:17,07:37:39,7
1543_1__6056_2,1543,1543_1,6056,6056_2,1089,20,12.350000000000023,07:26:17,07:37:39,7
1543_1__6056_2,1543,1543_1,6056,6056_2,213,21,13.166666666666686,07:26:17,07:37:39,7
1543_1__6056_2,1543,1543_1,6056,6056_2,3907,22,12.516666666666708,07:26:17,07:37:39,7
1543_1__6056_2,1543,1543_1,6056,6056_2,949,23,12.416666666666686,07:26:17,07:37:39,7
1543_1__6056_2,1543,1543_1,6056,6056_2,913,24,12.28333333333336,07:26:17,07:37:39,7
1543_1__6056_2,1543,1543_1,6056,6056_2,307,25,12.016666666666652,07:26:17,07:37:39,7
1543_1__6056_2,1543,1543_1,6056,6056_2,212,26,11.81666666666672,07:26:17,07:37:39,7
1543_1__6056_2,1543,1543_1,6056,6056_2,2665,27,11.949999999999989,07:26:17,07:37:39,7
1543_1__6056_2,1543,1543_1,6056,6056_2,2736,28,12.266666666666652,07:26:17,07:37:39,7
1543_1__6056_2,1543,1543_1,6056,6056_2,705,29,13.800000000000011,07:26:17,07:37:39,7
1543_1__6056_2,1543,1543_1,6056,6056_2,9979,30,14.06666666666672,07:26:17,07:37:39,7
1543_1__6056_2,1543,1543_1,6056,6056_2,2492,31,15.049999999999955,07:26:17,07:37:39,7
1543_1__6056_2,1543,1543_1,6056,6056_2,946,32,15.083333333333314,07:26:17,07:37:39,7
1543_1__6056_2,1543,1543_1,6056,6056_2,947,33,15.099999999999966,07:26:17,07:37:39,7
1543_1__6056_2,1543,1543_1,6056,6056_2,327,34,14.883333333333269,07:26:17,07:37:39,7
1543_1__6056_2,1543,1543_1,6056,6056_2,3284,35,15.483333333333348,07:26:17,07:37:39,7
1543_1__6056_2,1543,1543_1,6056,6056_2,3282,36,15.416666666666629,07:26:17,07:37:39,7
1543_1__6056_2,1543,1543_1,6056,6056_2,2590,38,16.933333333333394,07:26:17,07:37:39,7
1543_1__6056_2,1543,1543_1,6056,6056_2,603,39,15.883333333333326,07:26:17,07:37:39,7
1543_2__6105_1,1543,1543_2,6105,6105_1,3797,1,8.416666666666629,10:20:15,10:28:40,10
1543_2__6105_1,1543,1543_2,6105,6105_1,2984,2,7.533333333333303,10:20:15,10:28:40,10
1543_2__6105_1,1543,1543_2,6105,6105_1,2685,3,9.233333333333348,10:20:15,10:28:40,10
1543_2__6105_1,1543,1543_2,6105,6105_1,3649,4,6.4833333333333485,10:20:15,10:28:40,10
1543_2__6105_1,1543,1543_2,6105,6105_1,3747,5,6.350000000000023,10:20:15,10:28:40,10
1543_2__6105_1,1543,1543_2,6105,6105_1,482,6,6.2999999999999545,10:20:15,10:28:40,10
1543_2__6105_1,1543,1543_2,6105,6105_1,709,7,4.033333333333303,10:20:15,10:28:40,10
1543_2__6105_1,1543,1543_2,6105,6105_1,1577,8,5.616666666666674,10:20:15,10:28:40,10
1543_2__6105_1,1543,1543_2,6105,6105_1,990,9,4.833333333333371,10:20:15,10:28:40,10
1543_2__6105_1,1543,1543_2,6105,6105_1,109,10,3.4666666666665833,10:20:15,10:28:40,10
1543_2__6105_1,1543,1543_2,6105,6105_1,396,11,3.5,10:20:15,10:28:40,10
1543_2__6105_1,1543,1543_2,6105,6105_1,1253,12,4.033333333333303,10:20:15,10:28:40,10
1543_2__6105_1,1543,1543_2,6105,6105_1,1554,13,2.8833333333333258,10:20:15,10:28:40,10
1543_2__6105_1,1543,1543_2,6105,6105_1,1099,14,3.5833333333333712,10:20:15,10:28:40,10
1543_2__6105_1,1543,1543_2,6105,6105_1,168,15,5.18333333333328,10:20:15,10:28:40,10
1543_2__6105_1,1543,1543_2,6105,6105_1,929,16,6.25,10:20:15,10:28:40,10
1543_2__6105_1,1543,1543_2,6105,6105_1,94,17,6.350000000000023,10:20:15,10:28:40,10
1543_2__6105_1,1543,1543_2,6105,6105_1,1080,18,6.199999999999932,10:20:15,10:28:40,10
1543_2__6105_1,1543,1543_2,6105,6105_1,146,19,5.75,10:20:15,10:28:40,10
1543_2__6105_1,1543,1543_2,6105,6105_1,1089,20,5.966666666666697,10:20:15,10:28:40,10
1543_2__6105_1,1543,1543_2,6105,6105_1,213,21,6.583333333333371,10:20:15,10:28:40,10
1543_2__6105_1,1543,1543_2,6105,6105_1,3907,22,7.75,10:20:15,10:28:40,10
1543_2__6105_1,1543,1543_2,6105,6105_1,949,23,7.716666666666583,10:20:15,10:28:40,10
1543_2__6105_1,1543,1543_2,6105,6105_1,913,24,7.43333333333328,10:20:15,10:28:40,10
1543_2__6105_1,1543,1543_2,6105,6105_1,307,25,7.283333333333417,10:20:15,10:28:40,10
1543_2__6105_1,1543,1543_2,6105,6105_1,212,26,8.233333333333348,10:20:15,10:28:40,10
1543_2__6105_1,1543,1543_2,6105,6105_1,2665,27,8.433333333333394,10:20:15,10:28:40,10
1543_2__6105_1,1543,1543_2,6105,6105_1,2736,28,7.7333333333333485,10:20:15,10:28:40,10
1543_2__6105_1,1543,1543_2,6105,6105_1,705,29,9.200000000000045,10:20:15,10:28:40,10
1543_2__6105_1,1543,1543_2,6105,6105_1,9979,30,8.799999999999955,10:20:15,10:28:40,10
1543_2__6105_1,1543,1543_2,6105,6105_1,2492,31,9.116666666666674,10:20:15,10:28:40,10
1543_2__6105_1,1543,1543_2,6105,6105_1,946,32,9.433333333333394,10:20:15,10:28:40,10
1543_2__6105_1,1543,1543_2,6105,6105_1,947,33,9.450000000000045,10:20:15,10:28:40,10
1543_2__6105_1,1543,1543_2,6105,6105_1,327,34,9.899999999999977,10:20:15,10:28:40,10
1543_2__6105_1,1543,1543_2,6105,6105_1,3284,35,9.583333333333371,10:20:15,10:28:40,10
1543_2__6105_1,1543,1543_2,6105,6105_1,3282,36,9.533333333333417,10:20:15,10:28:40,10
1543_2__6105_1,1543,1543_2,6105,6105_1,2583,37,9.850000000000023,10:20:15,10:28:40,10
1543_2__6105_1,1543,1543_2,6105,6105_1,2590,38,9.916666666666742,10:20:15,10:28:40,10
1543_2__6105_1,1543,1543_2,6105,6105_1,603,39,11.449999999999932,10:20:15,10:28:40,10
1543_3__6105_2,1543,1543_3,6105,6105_2,3797,1,10.349999999999909,13:13:12,13:23:33,13
1543_3__6105_2,1543,1543_3,6105,6105_2,2984,2,11.533333333333303,13:13:12,13:23:33,13
1543_3__6105_2,1543,1543_3,6105,6105_2,2685,3,8.633333333333326,13:13:12,13:23:33,13
1543_3__6105_2,1543,1543_3,6105,6105_2,3747,5,8.966666666666583,13:13:12,13:23:33,13
1543_3__6105_2,1543,1543_3,6105,6105_2,1577,8,9.116666666666674,13:13:12,13:23:33,13
1543_3__6105_2,1543,1543_3,6105,6105_2,990,9,9.483333333333348,13:13:12,13:23:33,13
1543_3__6105_2,1543,1543_3,6105,6105_2,929,16,11.933333333333394,13:13:12,13:23:33,13
1543_3__6105_2,1543,1543_3,6105,6105_2,94,17,11.416666666666742,13:13:12,13:23:33,13
1543_3__6105_2,1543,1543_3,6105,6105_2,213,21,13.983333333333348,13:13:12,13:23:33,13
1543_3__6105_2,1543,1543_3,6105,6105_2,2665,27,16.083333333333258,13:13:12,13:23:33,13
1543_3__6105_2,1543,1543_3,6105,6105_2,2736,28,17.316666666666606,13:13:12,13:23:33,13
1543_3__6105_2,1543,1543_3,6105,6105_2,9979,30,19.316666666666606,13:13:12,13:23:33,13
1543_3__6105_2,1543,1543_3,6105,6105_2,2492,31,19.33333333333337,13:13:12,13:23:33,13
1543_3__6105_2,1543,1543_3,6105,6105_2,946,32,20.299999999999955,13:13:12,13:23:33,13
1543_3__6105_2,1543,1543_3,6105,6105_2,947,33,19.950000000000045,13:13:12,13:23:33,13
1543_3__6105_2,1543,1543_3,6105,6105_2,327,34,20.06666666666672,13:13:12,13:23:33,13
1543_3__6105_2,1543,1543_3,6105,6105_2,3284,35,20.333333333333258,13:13:12,13:23:33,13
1543_3__6105_2,1543,1543_3,6105,6105_2,3282,36,19.566666666666606,13:13:12,13:23:33,13
1543_3__6105_2,1543,1543_3,6105,6105_2,2590,38,19.966666666666697,13:13:12,13:23:33,13
1543_3__6105_2,1543,1543_3,6105,6105_2,603,39,19.68333333333328,13:13:12,13:23:33,13
1543_4__6105_3,1543,1543_4,6105,6105_3,3797,1,10.333333333333258,16:14:12,16:24:32,16
1543_4__6105_3,1543,1543_4,6105,6105_3,2984,2,10.75,16:14:12,16:24:32,16
1543_4__6105_3,1543,1543_4,6105,6105_3,2685,3,10.649999999999977,16:14:12,16:24:32,16
1543_4__6105_3,1543,1543_4,6105,6105_3,3649,4,13.299999999999955,16:14:12,16:24:32,16
1543_4__6105_3,1543,1543_4,6105,6105_3,3747,5,13.200000000000045,16:14:12,16:24:32,16
1543_4__6105_3,1543,1543_4,6105,6105_3,482,6,13.183333333333394,16:14:12,16:24:32,16
1543_4__6105_3,1543,1543_4,6105,6105_3,709,7,12.983333333333348,16:14:12,16:24:32,16
1543_4__6105_3,1543,1543_4,6105,6105_3,1577,8,12.300000000000068,16:14:12,16:24:32,16
1543_4__6105_3,1543,1543_4,6105,6105_3,990,9,12.766666666666652,16:14:12,16:24:32,16
1543_4__6105_3,1543,1543_4,6105,6105_3,109,10,13.816666666666606,16:14:12,16:24:32,16
1543_4__6105_3,1543,1543_4,6105,6105_3,396,11,14.516666666666652,16:14:12,16:24:32,16
1543_4__6105_3,1543,1543_4,6105,6105_3,1253,12,15.016666666666652,16:14:12,16:24:32,16
1543_4__6105_3,1543,1543_4,6105,6105_3,1554,13,14.649999999999977,16:14:12,16:24:32,16
1543_4__6105_3,1543,1543_4,6105,6105_3,1099,14,13.899999999999977,16:14:12,16:24:32,16
1543_4__6105_3,1543,1543_4,6105,6105_3,168,15,13.799999999999955,16:14:12,16:24:32,16
1543_4__6105_3,1543,1543_4,6105,6105_3,929,16,13.349999999999909,16:14:12,16:24:32,16
1543_4__6105_3,1543,1543_4,6105,6105_3,94,17,12.633333333333326,16:14:12,16:24:32,16
1543_4__6105_3,1543,1543_4,6105,6105_3,1080,18,13.18333333333328,16:14:12,16:24:32,16
1543_4__6105_3,1543,1543_4,6105,6105_3,146,19,12.233333333333235,16:14:12,16:24:32,16
1543_4__6105_3,1543,1543_4,6105,6105_3,1089,20,13.18333333333328,16:14:12,16:24:32,16
1543_4__6105_3,1543,1543_4,6105,6105_3,213,21,13.799999999999955,16:14:12,16:24:32,16
1543_4__6105_3,1543,1543_4,6105,6105_3,3907,22,14.083333333333371,16:14:12,16:24:32,16
1543_4__6105_3,1543,1543_4,6105,6105_3,949,23,13.966666666666583,16:14:12,16:24:32,16
1543_4__6105_3,1543,1543_4,6105,6105_3,212,26,15.299999999999955,16:14:12,16:24:32,16
1543_4__6105_3,1543,1543_4,6105,6105_3,2665,27,15.816666666666606,16:14:12,16:24:32,16
1543_4__6105_3,1543,1543_4,6105,6105_3,705,29,15.050000000000182,16:14:12,16:24:32,16
1543_4__6105_3,1543,1543_4,6105,6105_3,9979,30,13.766666666666652,16:14:12,16:24:32,16
1543_4__6105_3,1543,1543_4,6105,6105_3,946,32,13.25,16:14:12,16:24:32,16
1543_4__6105_3,1543,1543_4,6105,6105_3,947,33,13.033333333333303,16:14:12,16:24:32,16
1543_4__6105_3,1543,1543_4,6105,6105_3,2590,38,14.533333333333303,16:14:12,16:24:32,16
1543_4__6105_3,1543,1543_4,6105,6105_3,603,39,14.950000000000045,16:14:12,16:24:32,16
1546_1__6055_2,1546,1546_1,6055,6055_2,2984,2,10.300000000000011,07:55:20,08:05:38,7
1546_1__6055_2,1546,1546_1,6055,6055_2,2685,3,11.616666666666674,07:55:20,08:05:38,7
1546_1__6055_2,1546,1546_1,6055,6055_2,3649,4,11.616666666666674,07:55:20,08:05:38,7
1546_1__6055_2,1546,1546_1,6055,6055_2,3747,5,11.300000000000011,07:55:20,08:05:38,7
1546_1__6055_2,1546,1546_1,6055,6055_2,482,6,10.683333333333337,07:55:20,08:05:38,7
1546_1__6055_2,1546,1546_1,6055,6055_2,709,7,11.100000000000023,07:55:20,08:05:38,7
1546_1__6055_2,1546,1546_1,6055,6055_2,1577,8,10.449999999999989,07:55:20,08:05:38,7
1546_1__6055_2,1546,1546_1,6055,6055_2,990,9,11.75,07:55:20,08:05:38,7
1546_1__6055_2,1546,1546_1,6055,6055_2,109,10,11.800000000000011,07:55:20,08:05:38,7
1546_1__6055_2,1546,1546_1,6055,6055_2,396,11,12.583333333333314,07:55:20,08:05:38,7
1546_1__6055_2,1546,1546_1,6055,6055_2,1253,12,12.75,07:55:20,08:05:38,7
1546_1__6055_2,1546,1546_1,6055,6055_2,1554,13,12.733333333333348,07:55:20,08:05:38,7
1546_1__6055_2,1546,1546_1,6055,6055_2,1099,14,12.550000000000011,07:55:20,08:05:38,7
1546_1__6055_2,1546,1546_1,6055,6055_2,168,15,10.699999999999989,07:55:20,08:05:38,7
1546_1__6055_2,1546,1546_1,6055,6055_2,929,16,11.399999999999977,07:55:20,08:05:38,7
1546_1__6055_2,1546,1546_1,6055,6055_2,94,17,11.583333333333314,07:55:20,08:05:38,7
1546_1__6055_2,1546,1546_1,6055,6055_2,1080,18,9.68333333333328,07:55:20,08:05:38,7
1546_1__6055_2,1546,1546_1,6055,6055_2,146,19,10.733333333333348,07:55:20,08:05:38,7
1546_1__6055_2,1546,1546_1,6055,6055_2,1089,20,9.866666666666674,07:55:20,08:05:38,7
1546_1__6055_2,1546,1546_1,6055,6055_2,213,21,9.68333333333328,07:55:20,08:05:38,7
1546_1__6055_2,1546,1546_1,6055,6055_2,3907,22,9.850000000000023,07:55:20,08:05:38,7
1546_1__6055_2,1546,1546_1,6055,6055_2,949,23,8.383333333333326,07:55:20,08:05:38,7
1546_1__6055_2,1546,1546_1,6055,6055_2,913,24,7.033333333333303,07:55:20,08:05:38,7
1546_1__6055_2,1546,1546_1,6055,6055_2,307,25,6.783333333333303,07:55:20,08:05:38,7
1546_1__6055_2,1546,1546_1,6055,6055_2,212,26,6.75,07:55:20,08:05:38,7
1546_1__6055_2,1546,1546_1,6055,6055_2,2665,27,5.966666666666697,07:55:20,08:05:38,7
1546_1__6055_2,1546,1546_1,6055,6055_2,2736,28,6.133333333333326,07:55:20,08:05:38,7
1546_1__6055_2,1546,1546_1,6055,6055_2,705,29,6.433333333333394,07:55:20,08:05:38,7
1546_1__6055_2,1546,1546_1,6055,6055_2,9979,30,5.400000000000091,07:55:20,08:05:38,7
1546_1__6055_2,1546,1546_1,6055,6055_2,2492,31,4.933333333333394,07:55:20,08:05:38,7
1546_1__6055_2,1546,1546_1,6055,6055_2,946,32,5.683333333333394,07:55:20,08:05:38,7
1546_1__6055_2,1546,1546_1,6055,6055_2,947,33,6.3333333333332575,07:55:20,08:05:38,7
1546_1__6055_2,1546,1546_1,6055,6055_2,327,34,6.616666666666674,07:55:20,08:05:38,7
1546_1__6055_2,1546,1546_1,6055,6055_2,3284,35,5.2333333333333485,07:55:20,08:05:38,7
1546_1__6055_2,1546,1546_1,6055,6055_2,3282,36,5.533333333333303,07:55:20,08:05:38,7
1546_1__6055_2,1546,1546_1,6055,6055_2,2583,37,5.7666666666666515,07:55:20,08:05:38,7
1546_1__6055_2,1546,1546_1,6055,6055_2,2590,38,5.583333333333371,07:55:20,08:05:38,7
1546_1__6055_2,1546,1546_1,6055,6055_2,603,39,5.31666666666672,07:55:20,08:05:38,7
1546_2__6055_3,1546,1546_2,6055,6055_3,3797,1,7.366666666666561,10:53:49,11:01:11,10
1546_2__6055_3,1546,1546_2,6055,6055_3,2984,2,6.216666666666583,10:53:49,11:01:11,10
1546_2__6055_3,1546,1546_2,6055,6055_3,2685,3,6.3333333333332575,10:53:49,11:01:11,10
1546_2__6055_3,1546,1546_2,6055,6055_3,3649,4,6.333333333333371,10:53:49,11:01:11,10
1546_2__6055_3,1546,1546_2,6055,6055_3,3747,5,6.899999999999977,10:53:49,11:01:11,10
1546_2__6055_3,1546,1546_2,6055,6055_3,482,6,6.566666666666606,10:53:49,11:01:11,10
1546_2__6055_3,1546,1546_2,6055,6055_3,709,7,6.599999999999909,10:53:49,11:01:11,10
1546_2__6055_3,1546,1546_2,6055,6055_3,1577,8,5.633333333333326,10:53:49,11:01:11,10
1546_2__6055_3,1546,1546_2,6055,6055_3,990,9,5.5,10:53:49,11:01:11,10
1546_2__6055_3,1546,1546_2,6055,6055_3,109,10,3.7666666666666515,10:53:49,11:01:11,10
1546_2__6055_3,1546,1546_2,6055,6055_3,396,11,4.2666666666666515,10:53:49,11:01:11,10
1546_2__6055_3,1546,1546_2,6055,6055_3,1253,12,5.583333333333371,10:53:49,11:01:11,10
1546_2__6055_3,1546,1546_2,6055,6055_3,1554,13,4.75,10:53:49,11:01:11,10
1546_2__6055_3,1546,1546_2,6055,6055_3,1099,14,4.7666666666666515,10:53:49,11:01:11,10
1546_2__6055_3,1546,1546_2,6055,6055_3,168,15,4.083333333333371,10:53:49,11:01:11,10
1546_2__6055_3,1546,1546_2,6055,6055_3,929,16,2.783333333333303,10:53:49,11:01:11,10
1546_2__6055_3,1546,1546_2,6055,6055_3,94,17,3.1499999999999773,10:53:49,11:01:11,10
1546_2__6055_3,1546,1546_2,6055,6055_3,1080,18,4.9500000000000455,10:53:49,11:01:11,10
1546_2__6055_3,1546,1546_2,6055,6055_3,146,19,6.1666666666667425,10:53:49,11:01:11,10
1546_2__6055_3,1546,1546_2,6055,6055_3,1089,20,6.350000000000023,10:53:49,11:01:11,10
1546_2__6055_3,1546,1546_2,6055,6055_3,213,21,6.383333333333326,10:53:49,11:01:11,10
1546_2__6055_3,1546,1546_2,6055,6055_3,3907,22,7.083333333333371,10:53:49,11:01:11,10
1546_2__6055_3,1546,1546_2,6055,6055_3,949,23,5.833333333333371,10:53:49,11:01:11,10
1546_2__6055_3,1546,1546_2,6055,6055_3,913,24,5.966666666666697,10:53:49,11:01:11,10
1546_2__6055_3,1546,1546_2,6055,6055_3,307,25,6.43333333333328,10:53:49,11:01:11,10
1546_2__6055_3,1546,1546_2,6055,6055_3,212,26,6.966666666666697,10:53:49,11:01:11,10
1546_2__6055_3,1546,1546_2,6055,6055_3,2665,27,7.5,10:53:49,11:01:11,10
1546_2__6055_3,1546,1546_2,6055,6055_3,2736,28,8.333333333333371,10:53:49,11:01:11,10
1546_2__6055_3,1546,1546_2,6055,6055_3,705,29,7.25,10:53:49,11:01:11,10
1546_2__6055_3,1546,1546_2,6055,6055_3,9979,30,8.866666666666674,10:53:49,11:01:11,10
1546_2__6055_3,1546,1546_2,6055,6055_3,2492,31,8.149999999999977,10:53:49,11:01:11,10
1546_2__6055_3,1546,1546_2,6055,6055_3,946,32,9.616666666666674,10:53:49,11:01:11,10
1546_2__6055_3,1546,1546_2,6055,6055_3,947,33,9.633333333333326,10:53:49,11:01:11,10
1546_2__6055_3,1546,1546_2,6055,6055_3,327,34,9.283333333333417,10:53:49,11:01:11,10
1546_2__6055_3,1546,1546_2,6055,6055_3,3284,35,9.816666666666606,10:53:49,11:01:11,10
1546_2__6055_3,1546,1546_2,6055,6055_3,3282,36,9.333333333333371,10:53:49,11:01:11,10
1546_2__6055_3,1546,1546_2,6055,6055_3,2583,37,8.966666666666697,10:53:49,11:01:11,10
1546_2__6055_3,1546,1546_2,6055,6055_3,2590,38,9.833333333333258,10:53:49,11:01:11,10
1546_2__6055_3,1546,1546_2,6055,6055_3,603,39,9.450000000000045,10:53:49,11:01:11,10
1546_3__6055_4,1546,1546_3,6055,6055_4,3797,1,10.283333333333303,13:46:31,13:56:48,13
1546_3__6055_4,1546,1546_3,6055,6055_4,2984,2,10.68333333333328,13:46:31,13:56:48,13
1546_3__6055_4,1546,1546_3,6055,6055_4,2685,3,11.699999999999932,13:46:31,13:56:48,13
1546_3__6055_4,1546,1546_3,6055,6055_4,3747,5,11.533333333333303,13:46:31,13:56:48,13
1546_3__6055_4,1546,1546_3,6055,6055_4,482,6,11.266666666666652,13:46:31,13:56:48,13
1546_3__6055_4,1546,1546_3,6055,6055_4,709,7,11.050000000000068,13:46:31,13:56:48,13
1546_3__6055_4,1546,1546_3,6055,6055_4,1577,8,11.233333333333348,13:46:31,13:56:48,13
1546_3__6055_4,1546,1546_3,6055,6055_4,990,9,11.383333333333326,13:46:31,13:56:48,13
1546_3__6055_4,1546,1546_3,6055,6055_4,109,10,10.450000000000045,13:46:31,13:56:48,13
1546_3__6055_4,1546,1546_3,6055,6055_4,396,11,9.266666666666652,13:46:31,13:56:48,13
1546_3__6055_4,1546,1546_3,6055,6055_4,1253,12,9.599999999999909,13:46:31,13:56:48,13
1546_3__6055_4,1546,1546_3,6055,6055_4,1554,13,9.466666666666697,13:46:31,13:56:48,13
1546_3__6055_4,1546,1546_3,6055,6055_4,1099,14,9.733333333333348,13:46:31,13:56:48,13
1546_3__6055_4,1546,1546_3,6055,6055_4,168,15,8.699999999999932,13:46:31,13:56:48,13
1546_3__6055_4,1546,1546_3,6055,6055_4,929,16,8.033333333333417,13:46:31,13:56:48,13
1546_3__6055_4,1546,1546_3,6055,6055_4,94,17,8.483333333333348,13:46:31,13:56:48,13
1546_3__6055_4,1546,1546_3,6055,6055_4,1080,18,7.849999999999909,13:46:31,13:56:48,13
1546_3__6055_4,1546,1546_3,6055,6055_4,146,19,8.416666666666629,13:46:31,13:56:48,13
1546_3__6055_4,1546,1546_3,6055,6055_4,1089,20,8.799999999999955,13:46:31,13:56:48,13
1546_3__6055_4,1546,1546_3,6055,6055_4,213,21,8.433333333333394,13:46:31,13:56:48,13
1546_3__6055_4,1546,1546_3,6055,6055_4,3907,22,9.25,13:46:31,13:56:48,13
1546_3__6055_4,1546,1546_3,6055,6055_4,949,23,9.633333333333326,13:46:31,13:56:48,13
1546_3__6055_4,1546,1546_3,6055,6055_4,913,24,10.849999999999909,13:46:31,13:56:48,13
1546_3__6055_4,1546,1546_3,6055,6055_4,307,25,11.399999999999977,13:46:31,13:56:48,13
1546_3__6055_4,1546,1546_3,6055,6055_4,212,26,10.200000000000045,13:46:31,13:56:48,13
1546_3__6055_4,1546,1546_3,6055,6055_4,2665,27,11.0,13:46:31,13:56:48,13
1546_3__6055_4,1546,1546_3,6055,6055_4,2736,28,11.033333333333303,13:46:31,13:56:48,13
1546_3__6055_4,1546,1546_3,6055,6055_4,705,29,10.100000000000023,13:46:31,13:56:48,13
1546_3__6055_4,1546,1546_3,6055,6055_4,9979,30,12.56666666666672,13:46:31,13:56:48,13
1546_3__6055_4,1546,1546_3,6055,6055_4,2492,31,11.666666666666742,13:46:31,13:56:48,13
1546_3__6055_4,1546,1546_3,6055,6055_4,946,32,10.083333333333371,13:46:31,13:56:48,13
1546_3__6055_4,1546,1546_3,6055,6055_4,947,33,9.899999999999977,13:46:31,13:56:48,13
1546_3__6055_4,1546,1546_3,6055,6055_4,327,34,9.816666666666606,13:46:31,13:56:48,13
1546_3__6055_4,1546,1546_3,6055,6055_4,3284,35,9.766666666666765,13:46:31,13:56:48,13
1546_3__6055_4,1546,1546_3,6055,6055_4,3282,36,10.416666666666742,13:46:31,13:56:48,13
1546_3__6055_4,1546,1546_3,6055,6055_4,603,39,13.116666666666674,13:46:31,13:56:48,13
1548_1__6211_2,1548,1548_1,6211,6211_2,3797,1,7.199999999999989,05:39:46,05:46:58,5
1548_1__6211_2,1548,1548_1,6211,6211_2,2984,2,8.03333333333336,05:39:46,05:46:58,5
1548_1__6211_2,1548,1548_1,6211,6211_2,2685,3,8.433333333333337,05:39:46,05:46:58,5
1548_1__6211_2,1548,1548_1,6211,6211_2,3649,4,9.599999999999966,05:39:46,05:46:58,5
1548_1__6211_2,1548,1548_1,6211,6211_2,3747,5,9.433333333333337,05:39:46,05:46:58,5
1548_1__6211_2,1548,1548_1,6211,6211_2,482,6,9.366666666666674,05:39:46,05:46:58,5
1548_1__6211_2,1548,1548_1,6211,6211_2,709,7,9.899999999999977,05:39:46,05:46:58,5
1548_1__6211_2,1548,1548_1,6211,6211_2,1577,8,11.0,05:39:46,05:46:58,5
1548_1__6211_2,1548,1548_1,6211,6211_2,990,9,13.116666666666674,05:39:46,05:46:58,5
1548_1__6211_2,1548,1548_1,6211,6211_2,109,10,13.600000000000023,05:39:46,05:46:58,5
1548_1__6211_2,1548,1548_1,6211,6211_2,396,11,13.333333333333314,05:39:46,05:46:58,5
1548_1__6211_2,1548,1548_1,6211,6211_2,1253,12,12.466666666666697,05:39:46,05:46:58,5
1548_1__6211_2,1548,1548_1,6211,6211_2,1554,13,12.866666666666674,05:39:46,05:46:58,5
1548_1__6211_2,1548,1548_1,6211,6211_2,1099,14,12.083333333333314,05:39:46,05:46:58,5
1548_1__6211_2,1548,1548_1,6211,6211_2,168,15,12.399999999999977,05:39:46,05:46:58,5
1548_1__6211_2,1548,1548_1,6211,6211_2,929,16,11.566666666666663,05:39:46,05:46:58,5
1548_1__6211_2,1548,1548_1,6211,6211_2,94,17,11.800000000000011,05:39:46,05:46:58,5
1548_1__6211_2,1548,1548_1,6211,6211_2,1080,18,11.149999999999977,05:39:46,05:46:58,5
1548_1__6211_2,1548,1548_1,6211,6211_2,146,19,11.28333333333336,05:39:46,05:46:58,5
1548_1__6211_2,1548,1548_1,6211,6211_2,1089,20,11.133333333333326,05:39:46,05:46:58,5
1548_1__6211_2,1548,1548_1,6211,6211_2,213,21,11.183333333333337,05:39:46,05:46:58,5
1548_1__6211_2,1548,1548_1,6211,6211_2,3907,22,11.550000000000011,05:39:46,05:46:58,5
1548_1__6211_2,1548,1548_1,6211,6211_2,949,23,12.016666666666652,05:39:46,05:46:58,5
1548_1__6211_2,1548,1548_1,6211,6211_2,913,24,10.733333333333348,05:39:46,05:46:58,5
1548_1__6211_2,1548,1548_1,6211,6211_2,307,25,10.616666666666674,05:39:46,05:46:58,5
1548_1__6211_2,1548,1548_1,6211,6211_2,212,26,9.416666666666686,05:39:46,05:46:58,5
1548_1__6211_2,1548,1548_1,6211,6211_2,2665,27,8.933333333333337,05:39:46,05:46:58,5
1548_1__6211_2,1548,1548_1,6211,6211_2,2736,28,8.383333333333326,05:39:46,05:46:58,5
1548_1__6211_2,1548,1548_1,6211,6211_2,705,29,9.049999999999955,05:39:46,05:46:58,5
1548_1__6211_2,1548,1548_1,6211,6211_2,9979,30,9.849999999999966,05:39:46,05:46:58,5
1548_1__6211_2,1548,1548_1,6211,6211_2,2492,31,9.633333333333326,05:39:46,05:46:58,5
1548_1__6211_2,1548,1548_1,6211,6211_2,946,32,11.766666666666652,05:39:46,05:46:58,5
1548_1__6211_2,1548,1548_1,6211,6211_2,947,33,9.983333333333292,05:39:46,05:46:58,5
1548_1__6211_2,1548,1548_1,6211,6211_2,327,34,10.099999999999966,05:39:46,05:46:58,5
1548_1__6211_2,1548,1548_1,6211,6211_2,3284,35,10.03333333333336,05:39:46,05:46:58,5
1548_1__6211_2,1548,1548_1,6211,6211_2,3282,36,9.433333333333337,05:39:46,05:46:58,5
1548_1__6211_2,1548,1548_1,6211,6211_2,2583,37,10.399999999999977,05:39:46,05:46:58,5
1548_1__6211_2,1548,1548_1,6211,6211_2,2590,38,10.483333333333348,05:39:46,05:46:58,5
1548_1__6211_2,1548,1548_1,6211,6211_2,603,39,10.21666666666664,05:39:46,05:46:58,5
1548_2__6211_3,1548,1548_2,6211,6211_3,3797,1,9.466666666666697,08:37:29,08:46:57,8
1548_2__6211_3,1548,1548_2,6211,6211_3,2984,2,9.799999999999955,08:37:29,08:46:57,8
1548_2__6211_3,1548,1548_2,6211,6211_3,2685,3,9.516666666666652,08:37:29,08:46:57,8
1548_2__6211_3,1548,1548_2,6211,6211_3,3649,4,9.75,08:37:29,08:46:57,8
1548_2__6211_3,1548,1548_2,6211,6211_3,3747,5,9.43333333333328,08:37:29,08:46:57,8
1548_2__6211_3,1548,1548_2,6211,6211_3,482,6,10.149999999999977,08:37:29,08:46:57,8
1548_2__6211_3,1548,1548_2,6211,6211_3,709,7,9.449999999999932,08:37:29,08:46:57,8
1548_2__6211_3,1548,1548_2,6211,6211_3,1577,8,9.366666666666674,08:37:29,08:46:57,8
1548_2__6211_3,1548,1548_2,6211,6211_3,990,9,9.450000000000045,08:37:29,08:46:57,8
1548_2__6211_3,1548,1548_2,6211,6211_3,109,10,10.599999999999909,08:37:29,08:46:57,8
1548_2__6211_3,1548,1548_2,6211,6211_3,396,11,11.0,08:37:29,08:46:57,8
1548_2__6211_3,1548,1548_2,6211,6211_3,1253,12,11.050000000000068,08:37:29,08:46:57,8
1548_2__6211_3,1548,1548_2,6211,6211_3,1554,13,11.06666666666672,08:37:29,08:46:57,8
1548_2__6211_3,1548,1548_2,6211,6211_3,1099,14,11.166666666666629,08:37:29,08:46:57,8
1548_2__6211_3,1548,1548_2,6211,6211_3,168,15,9.133333333333326,08:37:29,08:46:57,8
1548_2__6211_3,1548,1548_2,6211,6211_3,929,16,9.633333333333326,08:37:29,08:46:57,8
1548_2__6211_3,1548,1548_2,6211,6211_3,94,17,9.383333333333326,08:37:29,08:46:57,8
1548_2__6211_3,1548,1548_2,6211,6211_3,1080,18,10.100000000000023,08:37:29,08:46:57,8
1548_2__6211_3,1548,1548_2,6211,6211_3,146,19,9.116666666666674,08:37:29,08:46:57,8
1548_2__6211_3,1548,1548_2,6211,6211_3,1089,20,11.033333333333417,08:37:29,08:46:57,8
1548_2__6211_3,1548,1548_2,6211,6211_3,213,21,10.833333333333371,08:37:29,08:46:57,8
1548_2__6211_3,1548,1548_2,6211,6211_3,3907,22,11.900000000000091,08:37:29,08:46:57,8
1548_2__6211_3,1548,1548_2,6211,6211_3,949,23,11.216666666666697,08:37:29,08:46:57,8
1548_2__6211_3,1548,1548_2,6211,6211_3,913,24,11.149999999999977,08:37:29,08:46:57,8
1548_2__6211_3,1548,1548_2,6211,6211_3,307,25,11.333333333333371,08:37:29,08:46:57,8
1548_2__6211_3,1548,1548_2,6211,6211_3,212,26,12.650000000000091,08:37:29,08:46:57,8
1548_2__6211_3,1548,1548_2,6211,6211_3,2665,27,12.116666666666674,08:37:29,08:46:57,8
1548_2__6211_3,1548,1548_2,6211,6211_3,2736,28,11.266666666666652,08:37:29,08:46:57,8
1548_2__6211_3,1548,1548_2,6211,6211_3,705,29,12.049999999999955,08:37:29,08:46:57,8
1548_2__6211_3,1548,1548_2,6211,6211_3,9979,30,13.216666666666697,08:37:29,08:46:57,8
1548_2__6211_3,1548,1548_2,6211,6211_3,2492,31,13.549999999999955,08:37:29,08:46:57,8
1548_2__6211_3,1548,1548_2,6211,6211_3,946,32,12.850000000000023,08:37:29,08:46:57,8
1548_2__6211_3,1548,1548_2,6211,6211_3,947,33,13.416666666666629,08:37:29,08:46:57,8
1548_2__6211_3,1548,1548_2,6211,6211_3,327,34,13.616666666666674,08:37:29,08:46:57,8
1548_2__6211_3,1548,1548_2,6211,6211_3,3284,35,13.766666666666652,08:37:29,08:46:57,8
1548_2__6211_3,1548,1548_2,6211,6211_3,3282,36,13.783333333333303,08:37:29,08:46:57,8
1548_2__6211_3,1548,1548_2,6211,6211_3,2583,37,15.283333333333303,08:37:29,08:46:57,8
1548_2__6211_3,1548,1548_2,6211,6211_3,2590,38,15.083333333333371,08:37:29,08:46:57,8
1548_2__6211_3,1548,1548_2,6211,6211_3,603,39,15.75,08:37:29,08:46:57,8
1905_1__6415_4,1905,1905_1,6415,6415_4,3797,1,-4.283333333333417,14:25:58,14:21:41,14
1905_1__6415_4,1905,1905_1,6415,6415_4,2984,2,-2.066666666666606,14:25:58,14:21:41,14
1905_1__6415_4,1905,1905_1,6415,6415_4,2685,3,-1.6000000000000227,14:25:58,14:21:41,14
1905_1__6415_4,1905,1905_1,6415,6415_4,1577,8,4.31666666666672,14:25:58,14:21:41,14
1905_1__6415_4,1905,1905_1,6415,6415_4,990,9,4.383333333333326,14:25:58,14:21:41,14
1905_1__6415_4,1905,1905_1,6415,6415_4,109,10,4.56666666666672,14:25:58,14:21:41,14
1905_1__6415_4,1905,1905_1,6415,6415_4,396,11,4.699999999999932,14:25:58,14:21:41,14
1905_1__6415_4,1905,1905_1,6415,6415_4,1253,12,5.4166666666667425,14:25:58,14:21:41,14
1905_1__6415_4,1905,1905_1,6415,6415_4,1554,13,4.416666666666629,14:25:58,14:21:41,14
1905_1__6415_4,1905,1905_1,6415,6415_4,1099,14,4.649999999999977,14:25:58,14:21:41,14
1905_1__6415_4,1905,1905_1,6415,6415_4,168,15,3.983333333333235,14:25:58,14:21:41,14
1905_1__6415_4,1905,1905_1,6415,6415_4,929,16,6.583333333333371,14:25:58,14:21:41,14
1905_1__6415_4,1905,1905_1,6415,6415_4,94,17,5.716666666666697,14:25:58,14:21:41,14
1905_1__6415_4,1905,1905_1,6415,6415_4,1080,18,8.466666666666583,14:25:58,14:21:41,14
1905_1__6415_4,1905,1905_1,6415,6415_4,146,19,8.699999999999932,14:25:58,14:21:41,14
1905_1__6415_4,1905,1905_1,6415,6415_4,1089,20,8.383333333333326,14:25:58,14:21:41,14
1905_1__6415_4,1905,1905_1,6415,6415_4,213,21,8.366666666666674,14:25:58,14:21:41,14
1905_1__6415_4,1905,1905_1,6415,6415_4,3907,22,9.233333333333348,14:25:58,14:21:41,14
1905_1__6415_4,1905,1905_1,6415,6415_4,949,23,7.433333333333394,14:25:58,14:21:41,14
1905_1__6415_4,1905,1905_1,6415,6415_4,913,24,7.2333333333333485,14:25:58,14:21:41,14
1905_1__6415_4,1905,1905_1,6415,6415_4,307,25,6.966666666666583,14:25:58,14:21:41,14
1905_1__6415_4,1905,1905_1,6415,6415_4,212,26,7.0833333333332575,14:25:58,14:21:41,14
1905_1__6415_4,1905,1905_1,6415,6415_4,2665,27,7.866666666666674,14:25:58,14:21:41,14
1905_1__6415_4,1905,1905_1,6415,6415_4,2736,28,7.849999999999909,14:25:58,14:21:41,14
1905_1__6415_4,1905,1905_1,6415,6415_4,705,29,8.450000000000045,14:25:58,14:21:41,14
1905_1__6415_4,1905,1905_1,6415,6415_4,9979,30,7.533333333333303,14:25:58,14:21:41,14
1905_1__6415_4,1905,1905_1,6415,6415_4,2492,31,8.783333333333303,14:25:58,14:21:41,14
1905_1__6415_4,1905,1905_1,6415,6415_4,946,32,9.049999999999955,14:25:58,14:21:41,14
1905_1__6415_4,1905,1905_1,6415,6415_4,947,33,10.56666666666672,14:25:58,14:21:41,14
1905_1__6415_4,1905,1905_1,6415,6415_4,327,34,9.383333333333326,14:25:58,14:21:41,14
1905_1__6415_4,1905,1905_1,6415,6415_4,3284,35,9.600000000000023,14:25:58,14:21:41,14
1905_1__6415_4,1905,1905_1,6415,6415_4,3282,36,10.083333333333371,14:25:58,14:21:41,14
1905_1__6415_4,1905,1905_1,6415,6415_4,2583,37,8.716666666666583,14:25:58,14:21:41,14
1905_1__6415_4,1905,1905_1,6415,6415_4,2590,38,8.983333333333348,14:25:58,14:21:41,14
1905_1__6415_4,1905,1905_1,6415,6415_4,603,39,9.100000000000023,14:25:58,14:21:41,14
1905_2__6102_3,1905,1905_2,6102,6102_3,3797,1,8.0,17:26:59,17:34:59,17
1905_2__6102_3,1905,1905_2,6102,6102_3,2984,2,7.9833333333333485,17:26:59,17:34:59,17
1905_2__6102_3,1905,1905_2,6102,6102_3,2685,3,8.61666666666656,17:26:59,17:34:59,17
1905_2__6102_3,1905,1905_2,6102,6102_3,3649,4,8.299999999999955,17:26:59,17:34:59,17
1905_2__6102_3,1905,1905_2,6102,6102_3,3747,5,7.316666666666606,17:26:59,17:34:59,17
1905_2__6102_3,1905,1905_2,6102,6102_3,482,6,7.466666666666697,17:26:59,17:34:59,17
1905_2__6102_3,1905,1905_2,6102,6102_3,709,7,8.766666666666652,17:26:59,17:34:59,17
1905_2__6102_3,1905,1905_2,6102,6102_3,1577,8,8.549999999999955,17:26:59,17:34:59,17
1905_2__6102_3,1905,1905_2,6102,6102_3,990,9,7.900000000000091,17:26:59,17:34:59,17
1905_2__6102_3,1905,1905_2,6102,6102_3,1253,12,5.966666666666697,17:26:59,17:34:59,17
1905_2__6102_3,1905,1905_2,6102,6102_3,94,17,6.0,17:26:59,17:34:59,17
1905_2__6102_3,1905,1905_2,6102,6102_3,146,19,5.966666666666697,17:26:59,17:34:59,17
1905_2__6102_3,1905,1905_2,6102,6102_3,1089,20,5.2666666666666515,17:26:59,17:34:59,17
1905_2__6102_3,1905,1905_2,6102,6102_3,2736,28,4.2000000000000455,17:26:59,17:34:59,17
6021_1__1548_1,6021,6021_1,1548,1548_1,2685,3,6.833333333333314,05:36:33,05:43:23,5
6021_1__1548_1,6021,6021_1,1548,1548_1,3649,4,6.449999999999989,05:36:33,05:43:23,5
6021_1__1548_1,6021,6021_1,1548,1548_1,3747,5,6.600000000000023,05:36:33,05:43:23,5
6021_1__1548_1,6021,6021_1,1548,1548_1,482,6,6.533333333333303,05:36:33,05:43:23,5
6021_1__1548_1,6021,6021_1,1548,1548_1,709,7,5.566666666666663,05:36:33,05:43:23,5
6021_1__1548_1,6021,6021_1,1548,1548_1,1577,8,4.866666666666617,05:36:33,05:43:23,5
6021_1__1548_1,6021,6021_1,1548,1548_1,990,9,4.71666666666664,05:36:33,05:43:23,5
6021_1__1548_1,6021,6021_1,1548,1548_1,109,10,4.416666666666686,05:36:33,05:43:23,5
6021_1__1548_1,6021,6021_1,1548,1548_1,396,11,4.666666666666686,05:36:33,05:43:23,5
6021_1__1548_1,6021,6021_1,1548,1548_1,1253,12,5.283333333333303,05:36:33,05:43:23,5
6021_1__1548_1,6021,6021_1,1548,1548_1,1554,13,4.533333333333303,05:36:33,05:43:23,5
6021_1__1548_1,6021,6021_1,1548,1548_1,1099,14,5.46666666666664,05:36:33,05:43:23,5
6021_1__1548_1,6021,6021_1,1548,1548_1,168,15,6.350000000000023,05:36:33,05:43:23,5
6021_1__1548_1,6021,6021_1,1548,1548_1,929,16,7.9500000000000455,05:36:33,05:43:23,5
6021_1__1548_1,6021,6021_1,1548,1548_1,94,17,7.533333333333303,05:36:33,05:43:23,5
6021_1__1548_1,6021,6021_1,1548,1548_1,1080,18,8.183333333333337,05:36:33,05:43:23,5
6021_1__1548_1,6021,6021_1,1548,1548_1,146,19,7.699999999999989,05:36:33,05:43:23,5
6021_1__1548_1,6021,6021_1,1548,1548_1,1089,20,8.050000000000011,05:36:33,05:43:23,5
6021_1__1548_1,6021,6021_1,1548,1548_1,213,21,8.449999999999989,05:36:33,05:43:23,5
6021_1__1548_1,6021,6021_1,1548,1548_1,3907,22,8.066666666666663,05:36:33,05:43:23,5
6021_1__1548_1,6021,6021_1,1548,1548_1,949,23,7.933333333333337,05:36:33,05:43:23,5
6021_1__1548_1,6021,6021_1,1548,1548_1,913,24,9.199999999999989,05:36:33,05:43:23,5
6021_1__1548_1,6021,6021_1,1548,1548_1,307,25,8.899999999999977,05:36:33,05:43:23,5
6021_1__1548_1,6021,6021_1,1548,1548_1,212,26,10.866666666666674,05:36:33,05:43:23,5
6021_1__1548_1,6021,6021_1,1548,1548_1,2665,27,10.783333333333303,05:36:33,05:43:23,5
6021_1__1548_1,6021,6021_1,1548,1548_1,2736,28,10.833333333333314,05:36:33,05:43:23,5
6021_1__1548_1,6021,6021_1,1548,1548_1,705,29,13.116666666666674,05:36:33,05:43:23,5
6021_1__1548_1,6021,6021_1,1548,1548_1,9979,30,13.083333333333314,05:36:33,05:43:23,5
6021_1__1548_1,6021,6021_1,1548,1548_1,2492,31,12.650000000000034,05:36:33,05:43:23,5
6021_1__1548_1,6021,6021_1,1548,1548_1,946,32,10.833333333333371,05:36:33,05:43:23,5
6021_1__1548_1,6021,6021_1,1548,1548_1,947,33,12.866666666666674,05:36:33,05:43:23,5
6021_1__1548_1,6021,6021_1,1548,1548_1,327,34,13.933333333333337,05:36:33,05:43:23,5
6021_1__1548_1,6021,6021_1,1548,1548_1,2583,37,15.183333333333337,05:36:33,05:43:23,5
6021_1__1548_1,6021,6021_1,1548,1548_1,2590,38,14.983333333333348,05:36:33,05:43:23,5
6021_1__1548_1,6021,6021_1,1548,1548_1,603,39,15.100000000000023,05:36:33,05:43:23,5
6021_2__1548_2,6021,6021_2,1548,1548_2,3797,1,9.449999999999989,08:28:02,08:37:29,8
6021_2__1548_2,6021,6021_2,1548,1548_2,2984,2,9.550000000000011,08:28:02,08:37:29,8
6021_2__1548_2,6021,6021_2,1548,1548_2,2685,3,9.133333333333326,08:28:02,08:37:29,8
6021_2__1548_2,6021,6021_2,1548,1548_2,3649,4,8.149999999999977,08:28:02,08:37:29,8
6021_2__1548_2,6021,6021_2,1548,1548_2,3747,5,8.25,08:28:02,08:37:29,8
6021_2__1548_2,6021,6021_2,1548,1548_2,482,6,8.300000000000068,08:28:02,08:37:29,8
6021_2__1548_2,6021,6021_2,1548,1548_2,709,7,7.7000000000000455,08:28:02,08:37:29,8
6021_2__1548_2,6021,6021_2,1548,1548_2,1577,8,7.633333333333326,08:28:02,08:37:29,8
6021_2__1548_2,6021,6021_2,1548,1548_2,990,9,6.816666666666606,08:28:02,08:37:29,8
6021_2__1548_2,6021,6021_2,1548,1548_2,109,10,6.06666666666672,08:28:02,08:37:29,8
6021_2__1548_2,6021,6021_2,1548,1548_2,396,11,5.883333333333326,08:28:02,08:37:29,8
6021_2__1548_2,6021,6021_2,1548,1548_2,1253,12,6.533333333333303,08:28:02,08:37:29,8
6021_2__1548_2,6021,6021_2,1548,1548_2,1554,13,6.600000000000023,08:28:02,08:37:29,8
6021_2__1548_2,6021,6021_2,1548,1548_2,1099,14,7.050000000000068,08:28:02,08:37:29,8
6021_2__1548_2,6021,6021_2,1548,1548_2,168,15,8.366666666666674,08:28:02,08:37:29,8
6021_2__1548_2,6021,6021_2,1548,1548_2,929,16,6.9833333333333485,08:28:02,08:37:29,8
6021_2__1548_2,6021,6021_2,1548,1548_2,94,17,8.350000000000023,08:28:02,08:37:29,8
6021_2__1548_2,6021,6021_2,1548,1548_2,1080,18,7.566666666666606,08:28:02,08:37:29,8
6021_2__1548_2,6021,6021_2,1548,1548_2,146,19,7.649999999999977,08:28:02,08:37:29,8
6021_2__1548_2,6021,6021_2,1548,1548_2,1089,20,7.916666666666629,08:28:02,08:37:29,8
6021_2__1548_2,6021,6021_2,1548,1548_2,213,21,7.849999999999909,08:28:02,08:37:29,8
6021_2__1548_2,6021,6021_2,1548,1548_2,3907,22,6.099999999999909,08:28:02,08:37:29,8
6021_2__1548_2,6021,6021_2,1548,1548_2,949,23,5.916666666666629,08:28:02,08:37:29,8
6021_2__1548_2,6021,6021_2,1548,1548_2,913,24,3.8333333333333712,08:28:02,08:37:29,8
6021_2__1548_2,6021,6021_2,1548,1548_2,307,25,4.0166666666666515,08:28:02,08:37:29,8
6021_2__1548_2,6021,6021_2,1548,1548_2,212,26,5.25,08:28:02,08:37:29,8
6021_2__1548_2,6021,6021_2,1548,1548_2,2665,27,5.4833333333333485,08:28:02,08:37:29,8
6021_2__1548_2,6021,6021_2,1548,1548_2,2736,28,5.6666666666667425,08:28:02,08:37:29,8
6021_2__1548_2,6021,6021_2,1548,1548_2,705,29,4.366666666666674,08:28:02,08:37:29,8
6021_2__1548_2,6021,6021_2,1548,1548_2,9979,30,3.233333333333235,08:28:02,08:37:29,8
6021_2__1548_2,6021,6021_2,1548,1548_2,2492,31,3.216666666666697,08:28:02,08:37:29,8
6021_2__1548_2,6021,6021_2,1548,1548_2,946,32,4.433333333333394,08:28:02,08:37:29,8
6021_2__1548_2,6021,6021_2,1548,1548_2,947,33,4.56666666666672,08:28:02,08:37:29,8
6021_2__1548_2,6021,6021_2,1548,1548_2,327,34,5.133333333333326,08:28:02,08:37:29,8
6021_2__1548_2,6021,6021_2,1548,1548_2,3284,35,4.75,08:28:02,08:37:29,8
6021_2__1548_2,6021,6021_2,1548,1548_2,3282,36,4.31666666666672,08:28:02,08:37:29,8
6021_2__1548_2,6021,6021_2,1548,1548_2,2583,37,2.9833333333333485,08:28:02,08:37:29,8
6021_2__1548_2,6021,6021_2,1548,1548_2,2590,38,3.216666666666697,08:28:02,08:37:29,8
6021_2__1548_2,6021,6021_2,1548,1548_2,603,39,2.966666666666697,08:28:02,08:37:29,8
6021_3__6102_1,6021,6021_3,6102,6102_1,2984,2,7.383333333333326,11:31:10,11:38:33,11
6021_3__6102_1,6021,6021_3,6102,6102_1,2685,3,7.849999999999909,11:31:10,11:38:33,11
6021_3__6102_1,6021,6021_3,6102,6102_1,3649,4,8.916666666666629,11:31:10,11:38:33,11
6021_3__6102_1,6021,6021_3,6102,6102_1,3747,5,8.099999999999909,11:31:10,11:38:33,11
6021_3__6102_1,6021,6021_3,6102,6102_1,482,6,7.833333333333371,11:31:10,11:38:33,11
6021_3__6102_1,6021,6021_3,6102,6102_1,709,7,7.916666666666629,11:31:10,11:38:33,11
6021_3__6102_1,6021,6021_3,6102,6102_1,1577,8,7.083333333333371,11:31:10,11:38:33,11
6021_3__6102_1,6021,6021_3,6102,6102_1,990,9,6.9833333333333485,11:31:10,11:38:33,11
6021_3__6102_1,6021,6021_3,6102,6102_1,109,10,7.100000000000023,11:31:10,11:38:33,11
6021_3__6102_1,6021,6021_3,6102,6102_1,396,11,7.7666666666666515,11:31:10,11:38:33,11
6021_3__6102_1,6021,6021_3,6102,6102_1,1253,12,7.283333333333303,11:31:10,11:38:33,11
6021_3__6102_1,6021,6021_3,6102,6102_1,1554,13,7.133333333333326,11:31:10,11:38:33,11
6021_3__6102_1,6021,6021_3,6102,6102_1,1099,14,7.033333333333303,11:31:10,11:38:33,11
6021_3__6102_1,6021,6021_3,6102,6102_1,168,15,6.3333333333332575,11:31:10,11:38:33,11
6021_3__6102_1,6021,6021_3,6102,6102_1,929,16,7.899999999999977,11:31:10,11:38:33,11
6021_3__6102_1,6021,6021_3,6102,6102_1,94,17,8.099999999999909,11:31:10,11:38:33,11
6021_3__6102_1,6021,6021_3,6102,6102_1,1080,18,7.7333333333333485,11:31:10,11:38:33,11
6021_3__6102_1,6021,6021_3,6102,6102_1,146,19,8.883333333333326,11:31:10,11:38:33,11
6021_3__6102_1,6021,6021_3,6102,6102_1,1089,20,7.4500000000000455,11:31:10,11:38:33,11
6021_3__6102_1,6021,6021_3,6102,6102_1,213,21,7.683333333333394,11:31:10,11:38:33,11
6021_3__6102_1,6021,6021_3,6102,6102_1,3907,22,7.716666666666583,11:31:10,11:38:33,11
6021_3__6102_1,6021,6021_3,6102,6102_1,9979,30,3.6499999999999773,11:31:10,11:38:33,11
6021_3__6102_1,6021,6021_3,6102,6102_1,2492,31,4.0,11:31:10,11:38:33,11
6021_3__6102_1,6021,6021_3,6102,6102_1,946,32,4.383333333333326,11:31:10,11:38:33,11
6021_3__6102_1,6021,6021_3,6102,6102_1,947,33,5.0499999999999545,11:31:10,11:38:33,11
6021_3__6102_1,6021,6021_3,6102,6102_1,327,34,5.166666666666629,11:31:10,11:38:33,11
6021_3__6102_1,6021,6021_3,6102,6102_1,2583,37,4.850000000000023,11:31:10,11:38:33,11
6024_1__6402_2,6024,6024_1,6402,6402_2,3797,1,8.416666666666629,06:03:48,06:12:13,6
6024_1__6402_2,6024,6024_1,6402,6402_2,2984,2,7.96666666666664,06:03:48,06:12:13,6
6024_1__6402_2,6024,6024_1,6402,6402_2,2685,3,7.199999999999989,06:03:48,06:12:13,6
6024_1__6402_2,6024,6024_1,6402,6402_2,3649,4,8.100000000000023,06:03:48,06:12:13,6
6024_1__6402_2,6024,6024_1,6402,6402_2,3747,5,7.46666666666664,06:03:48,06:12:13,6
6024_1__6402_2,6024,6024_1,6402,6402_2,482,6,8.083333333333314,06:03:48,06:12:13,6
6024_1__6402_2,6024,6024_1,6402,6402_2,709,7,8.216666666666697,06:03:48,06:12:13,6
6024_1__6402_2,6024,6024_1,6402,6402_2,1577,8,7.183333333333337,06:03:48,06:12:13,6
6024_1__6402_2,6024,6024_1,6402,6402_2,990,9,7.800000000000011,06:03:48,06:12:13,6
6024_1__6402_2,6024,6024_1,6402,6402_2,109,10,8.350000000000023,06:03:48,06:12:13,6
6024_1__6402_2,6024,6024_1,6402,6402_2,396,11,8.5,06:03:48,06:12:13,6
6024_1__6402_2,6024,6024_1,6402,6402_2,1253,12,7.71666666666664,06:03:48,06:12:13,6
6024_1__6402_2,6024,6024_1,6402,6402_2,1554,13,8.149999999999977,06:03:48,06:12:13,6
6024_1__6402_2,6024,6024_1,6402,6402_2,1099,14,8.050000000000011,06:03:48,06:12:13,6
6024_1__6402_2,6024,6024_1,6402,6402_2,168,15,8.483333333333292,06:03:48,06:12:13,6
6024_1__6402_2,6024,6024_1,6402,6402_2,929,16,7.9833333333333485,06:03:48,06:12:13,6
6024_1__6402_2,6024,6024_1,6402,6402_2,94,17,8.583333333333371,06:03:48,06:12:13,6
6024_1__6402_2,6024,6024_1,6402,6402_2,1080,18,8.116666666666674,06:03:48,06:12:13,6
6024_1__6402_2,6024,6024_1,6402,6402_2,146,19,10.149999999999977,06:03:48,06:12:13,6
6024_1__6402_2,6024,6024_1,6402,6402_2,1089,20,10.416666666666686,06:03:48,06:12:13,6
6024_1__6402_2,6024,6024_1,6402,6402_2,213,21,9.366666666666617,06:03:48,06:12:13,6
6024_1__6402_2,6024,6024_1,6402,6402_2,3907,22,10.066666666666663,06:03:48,06:12:13,6
6024_1__6402_2,6024,6024_1,6402,6402_2,949,23,9.28333333333336,06:03:48,06:12:13,6
6024_1__6402_2,6024,6024_1,6402,6402_2,913,24,10.283333333333303,06:03:48,06:12:13,6
6024_1__6402_2,6024,6024_1,6402,6402_2,307,25,10.149999999999977,06:03:48,06:12:13,6
6024_1__6402_2,6024,6024_1,6402,6402_2,212,26,10.666666666666686,06:03:48,06:12:13,6
6024_1__6402_2,6024,6024_1,6402,6402_2,2665,27,10.53333333333336,06:03:48,06:12:13,6
6024_1__6402_2,6024,6024_1,6402,6402_2,2736,28,11.600000000000023,06:03:48,06:12:13,6
6024_1__6402_2,6024,6024_1,6402,6402_2,705,29,11.616666666666674,06:03:48,06:12:13,6
6024_1__6402_2,6024,6024_1,6402,6402_2,9979,30,12.916666666666686,06:03:48,06:12:13,6
6024_1__6402_2,6024,6024_1,6402,6402_2,2492,31,12.75,06:03:48,06:12:13,6
6024_1__6402_2,6024,6024_1,6402,6402_2,946,32,12.25,06:03:48,06:12:13,6
6024_1__6402_2,6024,6024_1,6402,6402_2,947,33,11.816666666666663,06:03:48,06:12:13,6
6024_1__6402_2,6024,6024_1,6402,6402_2,327,34,11.649999999999977,06:03:48,06:12:13,6
6024_1__6402_2,6024,6024_1,6402,6402_2,3284,35,10.566666666666663,06:03:48,06:12:13,6
6024_1__6402_2,6024,6024_1,6402,6402_2,3282,36,10.550000000000011,06:03:48,06:12:13,6
6024_1__6402_2,6024,6024_1,6402,6402_2,2583,37,9.316666666666663,06:03:48,06:12:13,6
6024_1__6402_2,6024,6024_1,6402,6402_2,2590,38,11.366666666666674,06:03:48,06:12:13,6
6024_1__6402_2,6024,6024_1,6402,6402_2,603,39,10.333333333333314,06:03:48,06:12:13,6
6024_2__6402_3,6024,6024_2,6402,6402_3,3797,1,8.116666666666674,09:06:30,09:14:37,9
6024_2__6402_3,6024,6024_2,6402,6402_3,2984,2,9.649999999999977,09:06:30,09:14:37,9
6024_2__6402_3,6024,6024_2,6402,6402_3,2685,3,10.349999999999909,09:06:30,09:14:37,9
6024_2__6402_3,6024,6024_2,6402,6402_3,3649,4,10.716666666666697,09:06:30,09:14:37,9
6024_2__6402_3,6024,6024_2,6402,6402_3,3747,5,11.116666666666674,09:06:30,09:14:37,9
6024_2__6402_3,6024,6024_2,6402,6402_3,482,6,11.0,09:06:30,09:14:37,9
6024_2__6402_3,6024,6024_2,6402,6402_3,709,7,11.016666666666652,09:06:30,09:14:37,9
6024_2__6402_3,6024,6024_2,6402,6402_3,1577,8,12.883333333333326,09:06:30,09:14:37,9
6024_2__6402_3,6024,6024_2,6402,6402_3,990,9,14.649999999999977,09:06:30,09:14:37,9
6024_2__6402_3,6024,6024_2,6402,6402_3,109,10,14.050000000000068,09:06:30,09:14:37,9
6024_2__6402_3,6024,6024_2,6402,6402_3,396,11,13.983333333333348,09:06:30,09:14:37,9
6024_2__6402_3,6024,6024_2,6402,6402_3,1253,12,14.383333333333326,09:06:30,09:14:37,9
6024_2__6402_3,6024,6024_2,6402,6402_3,1554,13,14.783333333333417,09:06:30,09:14:37,9
6024_2__6402_3,6024,6024_2,6402,6402_3,1099,14,14.100000000000023,09:06:30,09:14:37,9
6024_2__6402_3,6024,6024_2,6402,6402_3,168,15,14.81666666666672,09:06:30,09:14:37,9
6024_2__6402_3,6024,6024_2,6402,6402_3,929,16,14.066666666666606,09:06:30,09:14:37,9
6024_2__6402_3,6024,6024_2,6402,6402_3,94,17,14.166666666666742,09:06:30,09:14:37,9
6024_2__6402_3,6024,6024_2,6402,6402_3,1080,18,14.799999999999955,09:06:30,09:14:37,9
6024_2__6402_3,6024,6024_2,6402,6402_3,146,19,15.716666666666583,09:06:30,09:14:37,9
6024_2__6402_3,6024,6024_2,6402,6402_3,1089,20,14.866666666666674,09:06:30,09:14:37,9
6024_2__6402_3,6024,6024_2,6402,6402_3,213,21,14.083333333333258,09:06:30,09:14:37,9
6024_2__6402_3,6024,6024_2,6402,6402_3,3907,22,14.93333333333328,09:06:30,09:14:37,9
6024_2__6402_3,6024,6024_2,6402,6402_3,949,23,13.699999999999932,09:06:30,09:14:37,9
6024_2__6402_3,6024,6024_2,6402,6402_3,913,24,13.516666666666652,09:06:30,09:14:37,9
6024_2__6402_3,6024,6024_2,6402,6402_3,307,25,14.649999999999977,09:06:30,09:14:37,9
6024_2__6402_3,6024,6024_2,6402,6402_3,212,26,14.383333333333326,09:06:30,09:14:37,9
6024_2__6402_3,6024,6024_2,6402,6402_3,2665,27,13.899999999999977,09:06:30,09:14:37,9
6024_2__6402_3,6024,6024_2,6402,6402_3,2736,28,12.916666666666629,09:06:30,09:14:37,9
6024_2__6402_3,6024,6024_2,6402,6402_3,705,29,11.450000000000045,09:06:30,09:14:37,9
6024_2__6402_3,6024,6024_2,6402,6402_3,9979,30,10.383333333333326,09:06:30,09:14:37,9
6024_2__6402_3,6024,6024_2,6402,6402_3,2492,31,10.283333333333303,09:06:30,09:14:37,9
6024_2__6402_3,6024,6024_2,6402,6402_3,946,32,8.06666666666672,09:06:30,09:14:37,9
6024_2__6402_3,6024,6024_2,6402,6402_3,947,33,8.283333333333303,09:06:30,09:14:37,9
6024_2__6402_3,6024,6024_2,6402,6402_3,327,34,8.783333333333417,09:06:30,09:14:37,9
6024_2__6402_3,6024,6024_2,6402,6402_3,3284,35,8.81666666666672,09:06:30,09:14:37,9
6024_2__6402_3,6024,6024_2,6402,6402_3,3282,36,7.216666666666697,09:06:30,09:14:37,9
6024_2__6402_3,6024,6024_2,6402,6402_3,2583,37,6.366666666666674,09:06:30,09:14:37,9
6024_2__6402_3,6024,6024_2,6402,6402_3,2590,38,6.283333333333303,09:06:30,09:14:37,9
6024_2__6402_3,6024,6024_2,6402,6402_3,603,39,6.7000000000000455,09:06:30,09:14:37,9
6024_3__6402_4,6024,6024_3,6402,6402_4,3797,1,8.366666666666674,12:03:15,12:11:37,12
6024_3__6402_4,6024,6024_3,6402,6402_4,2984,2,9.483333333333348,12:03:15,12:11:37,12
6024_3__6402_4,6024,6024_3,6402,6402_4,2685,3,10.016666666666652,12:03:15,12:11:37,12
6024_3__6402_4,6024,6024_3,6402,6402_4,3649,4,9.600000000000023,12:03:15,12:11:37,12
6024_3__6402_4,6024,6024_3,6402,6402_4,3747,5,9.583333333333371,12:03:15,12:11:37,12
6024_3__6402_4,6024,6024_3,6402,6402_4,482,6,11.183333333333394,12:03:15,12:11:37,12
6024_3__6402_4,6024,6024_3,6402,6402_4,709,7,11.016666666666652,12:03:15,12:11:37,12
6024_3__6402_4,6024,6024_3,6402,6402_4,1577,8,13.166666666666629,12:03:15,12:11:37,12
6024_3__6402_4,6024,6024_3,6402,6402_4,990,9,11.700000000000045,12:03:15,12:11:37,12
6024_3__6402_4,6024,6024_3,6402,6402_4,109,10,10.666666666666629,12:03:15,12:11:37,12
6024_3__6402_4,6024,6024_3,6402,6402_4,396,11,9.533333333333303,12:03:15,12:11:37,12
6024_3__6402_4,6024,6024_3,6402,6402_4,1253,12,9.483333333333348,12:03:15,12:11:37,12
6024_3__6402_4,6024,6024_3,6402,6402_4,1554,13,10.233333333333235,12:03:15,12:11:37,12
6024_3__6402_4,6024,6024_3,6402,6402_4,1099,14,9.533333333333417,12:03:15,12:11:37,12
6024_3__6402_4,6024,6024_3,6402,6402_4,168,15,9.883333333333326,12:03:15,12:11:37,12
6024_3__6402_4,6024,6024_3,6402,6402_4,929,16,9.549999999999955,12:03:15,12:11:37,12
6024_3__6402_4,6024,6024_3,6402,6402_4,94,17,9.533333333333303,12:03:15,12:11:37,12
6024_3__6402_4,6024,6024_3,6402,6402_4,1080,18,9.533333333333303,12:03:15,12:11:37,12
6024_3__6402_4,6024,6024_3,6402,6402_4,1089,20,8.166666666666742,12:03:15,12:11:37,12
6024_3__6402_4,6024,6024_3,6402,6402_4,213,21,9.633333333333326,12:03:15,12:11:37,12
6024_3__6402_4,6024,6024_3,6402,6402_4,3907,22,9.516666666666652,12:03:15,12:11:37,12
6024_3__6402_4,6024,6024_3,6402,6402_4,949,23,8.949999999999932,12:03:15,12:11:37,12
6024_3__6402_4,6024,6024_3,6402,6402_4,307,25,9.533333333333303,12:03:15,12:11:37,12
6024_3__6402_4,6024,6024_3,6402,6402_4,212,26,8.700000000000045,12:03:15,12:11:37,12
6024_3__6402_4,6024,6024_3,6402,6402_4,2665,27,9.5,12:03:15,12:11:37,12
6024_3__6402_4,6024,6024_3,6402,6402_4,705,29,9.316666666666606,12:03:15,12:11:37,12
6024_3__6402_4,6024,6024_3,6402,6402_4,2492,31,10.133333333333326,12:03:15,12:11:37,12
6024_3__6402_4,6024,6024_3,6402,6402_4,946,32,9.233333333333348,12:03:15,12:11:37,12
6024_3__6402_4,6024,6024_3,6402,6402_4,947,33,9.899999999999977,12:03:15,12:11:37,12
6024_3__6402_4,6024,6024_3,6402,6402_4,327,34,10.816666666666606,12:03:15,12:11:37,12
6024_3__6402_4,6024,6024_3,6402,6402_4,3284,35,8.716666666666697,12:03:15,12:11:37,12
6024_3__6402_4,6024,6024_3,6402,6402_4,3282,36,9.716666666666697,12:03:15,12:11:37,12
6024_3__6402_4,6024,6024_3,6402,6402_4,2583,37,9.416666666666629,12:03:15,12:11:37,12
6024_5__6402_6,6024,6024_5,6402,6402_6,3797,1,8.0,18:08:00,18:16:00,18
6024_5__6402_6,6024,6024_5,6402,6402_6,2984,2,6.433333333333394,18:08:00,18:16:00,18
6024_5__6402_6,6024,6024_5,6402,6402_6,2685,3,6.0499999999999545,18:08:00,18:16:00,18
6024_5__6402_6,6024,6024_5,6402,6402_6,3649,4,5.9500000000000455,18:08:00,18:16:00,18
6024_5__6402_6,6024,6024_5,6402,6402_6,3747,5,4.5833333333332575,18:08:00,18:16:00,18
6024_5__6402_6,6024,6024_5,6402,6402_6,482,6,4.4166666666667425,18:08:00,18:16:00,18
6024_5__6402_6,6024,6024_5,6402,6402_6,709,7,3.816666666666606,18:08:00,18:16:00,18
6024_5__6402_6,6024,6024_5,6402,6402_6,1577,8,4.2666666666666515,18:08:00,18:16:00,18
6024_5__6402_6,6024,6024_5,6402,6402_6,990,9,2.4833333333333485,18:08:00,18:16:00,18
6024_5__6402_6,6024,6024_5,6402,6402_6,109,10,3.1333333333334394,18:08:00,18:16:00,18
6024_5__6402_6,6024,6024_5,6402,6402_6,396,11,3.400000000000091,18:08:00,18:16:00,18
6024_5__6402_6,6024,6024_5,6402,6402_6,1253,12,5.566666666666833,18:08:00,18:16:00,18
6024_5__6402_6,6024,6024_5,6402,6402_6,1554,13,3.583333333333485,18:08:00,18:16:00,18
6024_5__6402_6,6024,6024_5,6402,6402_6,1099,14,3.7333333333333485,18:08:00,18:16:00,18
6024_5__6402_6,6024,6024_5,6402,6402_6,168,15,2.0499999999999545,18:08:00,18:16:00,18
6024_5__6402_6,6024,6024_5,6402,6402_6,929,16,1.8666666666665606,18:08:00,18:16:00,18
6024_5__6402_6,6024,6024_5,6402,6402_6,94,17,1.933333333333394,18:08:00,18:16:00,18
6024_5__6402_6,6024,6024_5,6402,6402_6,1089,20,1.25,18:08:00,18:16:00,18
6024_5__6402_6,6024,6024_5,6402,6402_6,213,21,1.25,18:08:00,18:16:00,18
6024_5__6402_6,6024,6024_5,6402,6402_6,3907,22,1.6166666666665606,18:08:00,18:16:00,18
6024_5__6402_6,6024,6024_5,6402,6402_6,949,23,1.1333333333334394,18:08:00,18:16:00,18
6024_5__6402_6,6024,6024_5,6402,6402_6,913,24,2.0499999999999545,18:08:00,18:16:00,18
6024_5__6402_6,6024,6024_5,6402,6402_6,307,25,1.949999999999818,18:08:00,18:16:00,18
6024_5__6402_6,6024,6024_5,6402,6402_6,212,26,1.699999999999818,18:08:00,18:16:00,18
6024_5__6402_6,6024,6024_5,6402,6402_6,2665,27,2.3999999999998636,18:08:00,18:16:00,18
6024_5__6402_6,6024,6024_5,6402,6402_6,2736,28,2.3833333333334394,18:08:00,18:16:00,18
6024_5__6402_6,6024,6024_5,6402,6402_6,705,29,2.8999999999998636,18:08:00,18:16:00,18
6024_5__6402_6,6024,6024_5,6402,6402_6,9979,30,3.25,18:08:00,18:16:00,18
6024_5__6402_6,6024,6024_5,6402,6402_6,2492,31,3.8666666666665606,18:08:00,18:16:00,18
6024_5__6402_6,6024,6024_5,6402,6402_6,946,32,3.816666666666606,18:08:00,18:16:00,18
6024_5__6402_6,6024,6024_5,6402,6402_6,947,33,4.4833333333333485,18:08:00,18:16:00,18
6024_5__6402_6,6024,6024_5,6402,6402_6,327,34,5.399999999999864,18:08:00,18:16:00,18
6024_5__6402_6,6024,6024_5,6402,6402_6,3284,35,6.4833333333333485,18:08:00,18:16:00,18
6024_5__6402_6,6024,6024_5,6402,6402_6,3282,36,6.5499999999999545,18:08:00,18:16:00,18
6024_5__6402_6,6024,6024_5,6402,6402_6,2583,37,6.5833333333332575,18:08:00,18:16:00,18
6024_5__6402_6,6024,6024_5,6402,6402_6,603,39,5.300000000000182,18:08:00,18:16:00,18
6029_1__6085_2,6029,6029_1,6085,6085_2,2685,3,4.366666666666674,06:55:15,06:59:37,6
6029_1__6085_2,6029,6029_1,6085,6085_2,3649,4,5.633333333333326,06:55:15,06:59:37,6
6029_1__6085_2,6029,6029_1,6085,6085_2,3747,5,4.966666666666697,06:55:15,06:59:37,6
6029_1__6085_2,6029,6029_1,6085,6085_2,482,6,4.033333333333303,06:55:15,06:59:37,6
6029_1__6085_2,6029,6029_1,6085,6085_2,709,7,3.183333333333337,06:55:15,06:59:37,6
6029_1__6085_2,6029,6029_1,6085,6085_2,1577,8,4.083333333333314,06:55:15,06:59:37,6
6029_1__6085_2,6029,6029_1,6085,6085_2,990,9,3.2666666666667084,06:55:15,06:59:37,6
6029_1__6085_2,6029,6029_1,6085,6085_2,109,10,3.4833333333333485,06:55:15,06:59:37,6
6029_1__6085_2,6029,6029_1,6085,6085_2,396,11,2.9500000000000455,06:55:15,06:59:37,6
6029_1__6085_2,6029,6029_1,6085,6085_2,1253,12,3.0500000000000114,06:55:15,06:59:37,6
6029_1__6085_2,6029,6029_1,6085,6085_2,1554,13,2.7666666666666515,06:55:15,06:59:37,6
6029_1__6085_2,6029,6029_1,6085,6085_2,1099,14,2.283333333333303,06:55:15,06:59:37,6
6029_1__6085_2,6029,6029_1,6085,6085_2,168,15,2.3833333333333258,06:55:15,06:59:37,6
6029_1__6085_2,6029,6029_1,6085,6085_2,929,16,2.8333333333333144,06:55:15,06:59:37,6
6029_1__6085_2,6029,6029_1,6085,6085_2,94,17,2.3999999999999773,06:55:15,06:59:37,6
6029_1__6085_2,6029,6029_1,6085,6085_2,1080,18,3.066666666666663,06:55:15,06:59:37,6
6029_1__6085_2,6029,6029_1,6085,6085_2,146,19,3.0166666666666515,06:55:15,06:59:37,6
6029_1__6085_2,6029,6029_1,6085,6085_2,1089,20,1.3500000000000227,06:55:15,06:59:37,6
6029_1__6085_2,6029,6029_1,6085,6085_2,213,21,1.533333333333303,06:55:15,06:59:37,6
6029_1__6085_2,6029,6029_1,6085,6085_2,3907,22,1.1499999999999773,06:55:15,06:59:37,6
6029_1__6085_2,6029,6029_1,6085,6085_2,949,23,2.1333333333333258,06:55:15,06:59:37,6
6029_1__6085_2,6029,6029_1,6085,6085_2,913,24,1.8999999999999773,06:55:15,06:59:37,6
6029_1__6085_2,6029,6029_1,6085,6085_2,307,25,1.8500000000000227,06:55:15,06:59:37,6
6029_1__6085_2,6029,6029_1,6085,6085_2,212,26,1.0833333333333144,06:55:15,06:59:37,6
6029_1__6085_2,6029,6029_1,6085,6085_2,2736,28,1.8000000000000114,06:55:15,06:59:37,6
6029_1__6085_2,6029,6029_1,6085,6085_2,705,29,1.5666666666666629,06:55:15,06:59:37,6
6029_1__6085_2,6029,6029_1,6085,6085_2,9979,30,1.3500000000000227,06:55:15,06:59:37,6
6029_1__6085_2,6029,6029_1,6085,6085_2,2492,31,1.3999999999999773,06:55:15,06:59:37,6
6029_1__6085_2,6029,6029_1,6085,6085_2,947,33,1.400000000000034,06:55:15,06:59:37,6
6029_1__6085_2,6029,6029_1,6085,6085_2,327,34,1.8333333333333144,06:55:15,06:59:37,6
6029_1__6085_2,6029,6029_1,6085,6085_2,3284,35,1.25,06:55:15,06:59:37,6
6029_1__6085_2,6029,6029_1,6085,6085_2,2590,38,1.1333333333333258,06:55:15,06:59:37,6
6029_2__6408_3,6029,6029_2,6408,6408_3,3797,1,7.383333333333326,09:57:08,10:04:31,9
6029_2__6408_3,6029,6029_2,6408,6408_3,2984,2,6.383333333333326,09:57:08,10:04:31,9
6029_2__6408_3,6029,6029_2,6408,6408_3,2685,3,6.900000000000091,09:57:08,10:04:31,9
6029_2__6408_3,6029,6029_2,6408,6408_3,3649,4,5.5,09:57:08,10:04:31,9
6029_2__6408_3,6029,6029_2,6408,6408_3,3747,5,6.166666666666629,09:57:08,10:04:31,9
6029_2__6408_3,6029,6029_2,6408,6408_3,482,6,6.6666666666667425,09:57:08,10:04:31,9
6029_2__6408_3,6029,6029_2,6408,6408_3,709,7,6.433333333333394,09:57:08,10:04:31,9
6029_2__6408_3,6029,6029_2,6408,6408_3,1577,8,7.416666666666629,09:57:08,10:04:31,9
6029_2__6408_3,6029,6029_2,6408,6408_3,990,9,6.683333333333394,09:57:08,10:04:31,9
6029_2__6408_3,6029,6029_2,6408,6408_3,109,10,5.7666666666666515,09:57:08,10:04:31,9
6029_2__6408_3,6029,6029_2,6408,6408_3,396,11,6.0166666666666515,09:57:08,10:04:31,9
6029_2__6408_3,6029,6029_2,6408,6408_3,1253,12,6.383333333333326,09:57:08,10:04:31,9
6029_2__6408_3,6029,6029_2,6408,6408_3,1554,13,6.866666666666674,09:57:08,10:04:31,9
6029_2__6408_3,6029,6029_2,6408,6408_3,1099,14,6.666666666666629,09:57:08,10:04:31,9
6029_2__6408_3,6029,6029_2,6408,6408_3,168,15,7.933333333333394,09:57:08,10:04:31,9
6029_2__6408_3,6029,6029_2,6408,6408_3,929,16,7.6666666666667425,09:57:08,10:04:31,9
6029_2__6408_3,6029,6029_2,6408,6408_3,94,17,9.016666666666652,09:57:08,10:04:31,9
6029_2__6408_3,6029,6029_2,6408,6408_3,1080,18,9.283333333333303,09:57:08,10:04:31,9
6029_2__6408_3,6029,6029_2,6408,6408_3,146,19,10.016666666666652,09:57:08,10:04:31,9
6029_2__6408_3,6029,6029_2,6408,6408_3,1089,20,9.899999999999977,09:57:08,10:04:31,9
6029_2__6408_3,6029,6029_2,6408,6408_3,213,21,10.18333333333328,09:57:08,10:04:31,9
6029_2__6408_3,6029,6029_2,6408,6408_3,3907,22,10.700000000000045,09:57:08,10:04:31,9
6029_2__6408_3,6029,6029_2,6408,6408_3,949,23,11.083333333333371,09:57:08,10:04:31,9
6029_2__6408_3,6029,6029_2,6408,6408_3,913,24,11.416666666666742,09:57:08,10:04:31,9
6029_2__6408_3,6029,6029_2,6408,6408_3,212,26,11.88333333333344,09:57:08,10:04:31,9
6029_2__6408_3,6029,6029_2,6408,6408_3,2665,27,11.733333333333348,09:57:08,10:04:31,9
6029_2__6408_3,6029,6029_2,6408,6408_3,2736,28,12.833333333333371,09:57:08,10:04:31,9
6029_2__6408_3,6029,6029_2,6408,6408_3,705,29,12.533333333333417,09:57:08,10:04:31,9
6029_2__6408_3,6029,6029_2,6408,6408_3,9979,30,12.616666666666674,09:57:08,10:04:31,9
6029_2__6408_3,6029,6029_2,6408,6408_3,2492,31,12.583333333333371,09:57:08,10:04:31,9
6029_2__6408_3,6029,6029_2,6408,6408_3,946,32,13.199999999999932,09:57:08,10:04:31,9
6029_2__6408_3,6029,6029_2,6408,6408_3,947,33,13.416666666666629,09:57:08,10:04:31,9
6029_2__6408_3,6029,6029_2,6408,6408_3,327,34,13.633333333333326,09:57:08,10:04:31,9
6029_2__6408_3,6029,6029_2,6408,6408_3,3284,35,14.850000000000023,09:57:08,10:04:31,9
6029_2__6408_3,6029,6029_2,6408,6408_3,3282,36,13.316666666666606,09:57:08,10:04:31,9
6029_2__6408_3,6029,6029_2,6408,6408_3,2583,37,15.283333333333303,09:57:08,10:04:31,9
6029_2__6408_3,6029,6029_2,6408,6408_3,2590,38,15.25,09:57:08,10:04:31,9
6029_2__6408_3,6029,6029_2,6408,6408_3,603,39,16.033333333333303,09:57:08,10:04:31,9
6029_3__6408_4,6029,6029_3,6408,6408_4,3797,1,7.283333333333417,12:51:18,12:58:35,12
6029_3__6408_4,6029,6029_3,6408,6408_4,2984,2,7.600000000000023,12:51:18,12:58:35,12
6029_3__6408_4,6029,6029_3,6408,6408_4,2685,3,8.016666666666652,12:51:18,12:58:35,12
6029_3__6408_4,6029,6029_3,6408,6408_4,3649,4,7.716666666666583,12:51:18,12:58:35,12
6029_3__6408_4,6029,6029_3,6408,6408_4,3747,5,7.550000000000068,12:51:18,12:58:35,12
6029_3__6408_4,6029,6029_3,6408,6408_4,482,6,8.200000000000045,12:51:18,12:58:35,12
6029_3__6408_4,6029,6029_3,6408,6408_4,709,7,8.783333333333303,12:51:18,12:58:35,12
6029_3__6408_4,6029,6029_3,6408,6408_4,1577,8,7.850000000000023,12:51:18,12:58:35,12
6029_3__6408_4,6029,6029_3,6408,6408_4,990,9,6.116666666666674,12:51:18,12:58:35,12
6029_3__6408_4,6029,6029_3,6408,6408_4,109,10,6.2333333333333485,12:51:18,12:58:35,12
6029_3__6408_4,6029,6029_3,6408,6408_4,396,11,6.383333333333326,12:51:18,12:58:35,12
6029_3__6408_4,6029,6029_3,6408,6408_4,1253,12,6.0499999999999545,12:51:18,12:58:35,12
6029_3__6408_4,6029,6029_3,6408,6408_4,1554,13,6.333333333333371,12:51:18,12:58:35,12
6029_3__6408_4,6029,6029_3,6408,6408_4,1099,14,7.0166666666666515,12:51:18,12:58:35,12
6029_3__6408_4,6029,6029_3,6408,6408_4,168,15,5.81666666666672,12:51:18,12:58:35,12
6029_3__6408_4,6029,6029_3,6408,6408_4,929,16,7.1666666666667425,12:51:18,12:58:35,12
6029_3__6408_4,6029,6029_3,6408,6408_4,94,17,6.616666666666674,12:51:18,12:58:35,12
6029_3__6408_4,6029,6029_3,6408,6408_4,1080,18,4.933333333333394,12:51:18,12:58:35,12
6029_3__6408_4,6029,6029_3,6408,6408_4,146,19,6.333333333333371,12:51:18,12:58:35,12
6029_3__6408_4,6029,6029_3,6408,6408_4,1089,20,7.666666666666629,12:51:18,12:58:35,12
6029_3__6408_4,6029,6029_3,6408,6408_4,213,21,7.6666666666667425,12:51:18,12:58:35,12
6029_3__6408_4,6029,6029_3,6408,6408_4,3907,22,8.316666666666606,12:51:18,12:58:35,12
6029_3__6408_4,6029,6029_3,6408,6408_4,949,23,8.033333333333303,12:51:18,12:58:35,12
6029_3__6408_4,6029,6029_3,6408,6408_4,913,24,7.7333333333333485,12:51:18,12:58:35,12
6029_3__6408_4,6029,6029_3,6408,6408_4,307,25,7.866666666666674,12:51:18,12:58:35,12
6029_3__6408_4,6029,6029_3,6408,6408_4,212,26,7.81666666666672,12:51:18,12:58:35,12
6029_3__6408_4,6029,6029_3,6408,6408_4,2665,27,7.7333333333333485,12:51:18,12:58:35,12
6029_3__6408_4,6029,6029_3,6408,6408_4,2736,28,8.333333333333371,12:51:18,12:58:35,12
6029_3__6408_4,6029,6029_3,6408,6408_4,705,29,9.416666666666629,12:51:18,12:58:35,12
6029_3__6408_4,6029,6029_3,6408,6408_4,9979,30,9.166666666666629,12:51:18,12:58:35,12
6029_3__6408_4,6029,6029_3,6408,6408_4,2492,31,8.699999999999932,12:51:18,12:58:35,12
6029_3__6408_4,6029,6029_3,6408,6408_4,946,32,9.316666666666606,12:51:18,12:58:35,12
6029_3__6408_4,6029,6029_3,6408,6408_4,947,33,9.949999999999932,12:51:18,12:58:35,12
6029_3__6408_4,6029,6029_3,6408,6408_4,327,34,10.283333333333303,12:51:18,12:58:35,12
6029_3__6408_4,6029,6029_3,6408,6408_4,3284,35,9.716666666666697,12:51:18,12:58:35,12
6029_3__6408_4,6029,6029_3,6408,6408_4,3282,36,10.883333333333326,12:51:18,12:58:35,12
6029_3__6408_4,6029,6029_3,6408,6408_4,2583,37,9.399999999999977,12:51:18,12:58:35,12
6029_3__6408_4,6029,6029_3,6408,6408_4,2590,38,10.200000000000045,12:51:18,12:58:35,12
6029_3__6408_4,6029,6029_3,6408,6408_4,603,39,9.56666666666672,12:51:18,12:58:35,12
6029_4__6408_5,6029,6029_4,6408,6408_5,3797,1,7.283333333333417,15:53:18,16:00:35,15
6029_4__6408_5,6029,6029_4,6408,6408_5,2984,2,8.783333333333303,15:53:18,16:00:35,15
6029_4__6408_5,6029,6029_4,6408,6408_5,2685,3,8.449999999999932,15:53:18,16:00:35,15
6029_4__6408_5,6029,6029_4,6408,6408_5,3649,4,9.866666666666674,15:53:18,16:00:35,15
6029_4__6408_5,6029,6029_4,6408,6408_5,3747,5,11.38333333333344,15:53:18,16:00:35,15
6029_4__6408_5,6029,6029_4,6408,6408_5,482,6,11.533333333333303,15:53:18,16:00:35,15
6029_4__6408_5,6029,6029_4,6408,6408_5,709,7,11.300000000000068,15:53:18,16:00:35,15
6029_4__6408_5,6029,6029_4,6408,6408_5,1577,8,10.483333333333348,15:53:18,16:00:35,15
6029_4__6408_5,6029,6029_4,6408,6408_5,990,9,11.0,15:53:18,16:00:35,15
6029_4__6408_5,6029,6029_4,6408,6408_5,109,10,11.933333333333394,15:53:18,16:00:35,15
6029_4__6408_5,6029,6029_4,6408,6408_5,396,11,11.083333333333258,15:53:18,16:00:35,15
6029_4__6408_5,6029,6029_4,6408,6408_5,1253,12,11.383333333333326,15:53:18,16:00:35,15
6029_4__6408_5,6029,6029_4,6408,6408_5,1554,13,11.383333333333326,15:53:18,16:00:35,15
6029_4__6408_5,6029,6029_4,6408,6408_5,1099,14,10.799999999999955,15:53:18,16:00:35,15
6029_4__6408_5,6029,6029_4,6408,6408_5,168,15,9.033333333333303,15:53:18,16:00:35,15
6029_4__6408_5,6029,6029_4,6408,6408_5,929,16,9.366666666666674,15:53:18,16:00:35,15
6029_4__6408_5,6029,6029_4,6408,6408_5,94,17,8.5,15:53:18,16:00:35,15
6029_4__6408_5,6029,6029_4,6408,6408_5,1080,18,8.316666666666606,15:53:18,16:00:35,15
6029_4__6408_5,6029,6029_4,6408,6408_5,146,19,9.716666666666697,15:53:18,16:00:35,15
6029_4__6408_5,6029,6029_4,6408,6408_5,1089,20,9.083333333333371,15:53:18,16:00:35,15
6029_4__6408_5,6029,6029_4,6408,6408_5,213,21,12.299999999999955,15:53:18,16:00:35,15
6029_4__6408_5,6029,6029_4,6408,6408_5,3907,22,14.300000000000068,15:53:18,16:00:35,15
6029_4__6408_5,6029,6029_4,6408,6408_5,949,23,13.166666666666742,15:53:18,16:00:35,15
6029_4__6408_5,6029,6029_4,6408,6408_5,913,24,14.283333333333303,15:53:18,16:00:35,15
6029_4__6408_5,6029,6029_4,6408,6408_5,307,25,14.466666666666697,15:53:18,16:00:35,15
6029_4__6408_5,6029,6029_4,6408,6408_5,705,29,16.016666666666538,15:53:18,16:00:35,15
6029_4__6408_5,6029,6029_4,6408,6408_5,9979,30,17.76666666666665,15:53:18,16:00:35,15
6029_4__6408_5,6029,6029_4,6408,6408_5,2492,31,17.783333333333303,15:53:18,16:00:35,15
6029_4__6408_5,6029,6029_4,6408,6408_5,946,32,18.683333333333394,15:53:18,16:00:35,15
6029_4__6408_5,6029,6029_4,6408,6408_5,947,33,18.34999999999991,15:53:18,16:00:35,15
6029_4__6408_5,6029,6029_4,6408,6408_5,327,34,18.09999999999991,15:53:18,16:00:35,15
6029_4__6408_5,6029,6029_4,6408,6408_5,3284,35,18.316666666666833,15:53:18,16:00:35,15
6029_4__6408_5,6029,6029_4,6408,6408_5,3282,36,18.26666666666665,15:53:18,16:00:35,15
6029_4__6408_5,6029,6029_4,6408,6408_5,2583,37,17.36666666666656,15:53:18,16:00:35,15
6029_4__6408_5,6029,6029_4,6408,6408_5,2590,38,15.900000000000091,15:53:18,16:00:35,15
6037_2__6024_1,6037,6037_2,6024,6024_1,3797,1,8.433333333333337,05:55:22,06:03:48,5
6037_2__6024_1,6037,6037_2,6024,6024_1,2984,2,8.350000000000023,05:55:22,06:03:48,5
6037_2__6024_1,6037,6037_2,6024,6024_1,2685,3,8.433333333333337,05:55:22,06:03:48,5
6037_2__6024_1,6037,6037_2,6024,6024_1,3649,4,7.816666666666663,05:55:22,06:03:48,5
6037_2__6024_1,6037,6037_2,6024,6024_1,3747,5,7.949999999999989,05:55:22,06:03:48,5
6037_2__6024_1,6037,6037_2,6024,6024_1,482,6,8.216666666666697,05:55:22,06:03:48,5
6037_2__6024_1,6037,6037_2,6024,6024_1,709,7,7.933333333333337,05:55:22,06:03:48,5
6037_2__6024_1,6037,6037_2,6024,6024_1,1577,8,8.800000000000011,05:55:22,06:03:48,5
6037_2__6024_1,6037,6037_2,6024,6024_1,990,9,8.483333333333348,05:55:22,06:03:48,5
6037_2__6024_1,6037,6037_2,6024,6024_1,109,10,7.916666666666686,05:55:22,06:03:48,5
6037_2__6024_1,6037,6037_2,6024,6024_1,396,11,7.783333333333303,05:55:22,06:03:48,5
6037_2__6024_1,6037,6037_2,6024,6024_1,1253,12,8.433333333333337,05:55:22,06:03:48,5
6037_2__6024_1,6037,6037_2,6024,6024_1,1554,13,7.866666666666674,05:55:22,06:03:48,5
6037_2__6024_1,6037,6037_2,6024,6024_1,1099,14,7.949999999999989,05:55:22,06:03:48,5
6037_2__6024_1,6037,6037_2,6024,6024_1,168,15,7.7333333333333485,05:55:22,06:03:48,5
6037_2__6024_1,6037,6037_2,6024,6024_1,929,16,8.166666666666629,05:55:22,06:03:48,5
6037_2__6024_1,6037,6037_2,6024,6024_1,94,17,7.816666666666663,05:55:22,06:03:48,5
6037_2__6024_1,6037,6037_2,6024,6024_1,1080,18,7.699999999999989,05:55:22,06:03:48,5
6037_2__6024_1,6037,6037_2,6024,6024_1,146,19,8.56666666666672,05:55:22,06:03:48,5
6037_2__6024_1,6037,6037_2,6024,6024_1,1089,20,7.7999999999999545,05:55:22,06:03:48,5
6037_2__6024_1,6037,6037_2,6024,6024_1,213,21,7.9833333333333485,05:55:22,06:03:48,5
6037_2__6024_1,6037,6037_2,6024,6024_1,3907,22,7.550000000000011,05:55:22,06:03:48,5
6037_2__6024_1,6037,6037_2,6024,6024_1,949,23,8.133333333333326,05:55:22,06:03:48,5
6037_2__6024_1,6037,6037_2,6024,6024_1,913,24,7.53333333333336,05:55:22,06:03:48,5
6037_2__6024_1,6037,6037_2,6024,6024_1,307,25,7.916666666666686,05:55:22,06:03:48,5
6037_2__6024_1,6037,6037_2,6024,6024_1,212,26,6.050000000000011,05:55:22,06:03:48,5
6037_2__6024_1,6037,6037_2,6024,6024_1,2665,27,5.883333333333326,05:55:22,06:03:48,5
6037_2__6024_1,6037,6037_2,6024,6024_1,2736,28,5.800000000000011,05:55:22,06:03:48,5
6037_2__6024_1,6037,6037_2,6024,6024_1,705,29,5.316666666666663,05:55:22,06:03:48,5
6037_2__6024_1,6037,6037_2,6024,6024_1,9979,30,4.78333333333336,05:55:22,06:03:48,5
6037_2__6024_1,6037,6037_2,6024,6024_1,2492,31,4.800000000000011,05:55:22,06:03:48,5
6037_2__6024_1,6037,6037_2,6024,6024_1,946,32,5.800000000000011,05:55:22,06:03:48,5
6037_2__6024_1,6037,6037_2,6024,6024_1,947,33,6.133333333333326,05:55:22,06:03:48,5
6037_2__6024_1,6037,6037_2,6024,6024_1,327,34,6.933333333333337,05:55:22,06:03:48,5
6037_2__6024_1,6037,6037_2,6024,6024_1,3284,35,7.2666666666666515,05:55:22,06:03:48,5
6037_2__6024_1,6037,6037_2,6024,6024_1,3282,36,8.366666666666617,05:55:22,06:03:48,5
6037_2__6024_1,6037,6037_2,6024,6024_1,2583,37,8.600000000000023,05:55:22,06:03:48,5
6037_2__6024_1,6037,6037_2,6024,6024_1,2590,38,9.216666666666697,05:55:22,06:03:48,5
6037_2__6024_1,6037,6037_2,6024,6024_1,603,39,9.716666666666697,05:55:22,06:03:48,5
6037_3__6024_2,6037,6037_3,6024,6024_2,2984,2,9.549999999999955,08:57:21,09:06:54,8
6037_3__6024_2,6037,6037_3,6024,6024_2,2685,3,9.533333333333417,08:57:21,09:06:54,8
6037_3__6024_2,6037,6037_3,6024,6024_2,3649,4,10.116666666666674,08:57:21,09:06:54,8
6037_3__6024_2,6037,6037_3,6024,6024_2,3747,5,9.149999999999977,08:57:21,09:06:54,8
6037_3__6024_2,6037,6037_3,6024,6024_2,482,6,9.13333333333344,08:57:21,09:06:54,8
6037_3__6024_2,6037,6037_3,6024,6024_2,709,7,9.200000000000045,08:57:21,09:06:54,8
6037_3__6024_2,6037,6037_3,6024,6024_2,1577,8,9.483333333333348,08:57:21,09:06:54,8
6037_3__6024_2,6037,6037_3,6024,6024_2,990,9,8.233333333333348,08:57:21,09:06:54,8
6037_3__6024_2,6037,6037_3,6024,6024_2,109,10,8.283333333333303,08:57:21,09:06:54,8
6037_3__6024_2,6037,6037_3,6024,6024_2,396,11,8.133333333333326,08:57:21,09:06:54,8
6037_3__6024_2,6037,6037_3,6024,6024_2,1253,12,7.883333333333326,08:57:21,09:06:54,8
6037_3__6024_2,6037,6037_3,6024,6024_2,1554,13,8.25,08:57:21,09:06:54,8
6037_3__6024_2,6037,6037_3,6024,6024_2,1099,14,7.949999999999932,08:57:21,09:06:54,8
6037_3__6024_2,6037,6037_3,6024,6024_2,168,15,8.466666666666583,08:57:21,09:06:54,8
6037_3__6024_2,6037,6037_3,6024,6024_2,929,16,10.450000000000045,08:57:21,09:06:54,8
6037_3__6024_2,6037,6037_3,6024,6024_2,94,17,9.916666666666629,08:57:21,09:06:54,8
6037_3__6024_2,6037,6037_3,6024,6024_2,1080,18,9.466666666666697,08:57:21,09:06:54,8
6037_3__6024_2,6037,6037_3,6024,6024_2,146,19,10.366666666666674,08:57:21,09:06:54,8
6037_3__6024_2,6037,6037_3,6024,6024_2,1089,20,12.383333333333326,08:57:21,09:06:54,8
6037_3__6024_2,6037,6037_3,6024,6024_2,213,21,12.81666666666672,08:57:21,09:06:54,8
6037_3__6024_2,6037,6037_3,6024,6024_2,3907,22,12.75,08:57:21,09:06:54,8
6037_3__6024_2,6037,6037_3,6024,6024_2,949,23,12.683333333333394,08:57:21,09:06:54,8
6037_3__6024_2,6037,6037_3,6024,6024_2,913,24,14.016666666666765,08:57:21,09:06:54,8
6037_3__6024_2,6037,6037_3,6024,6024_2,307,25,13.733333333333348,08:57:21,09:06:54,8
6037_3__6024_2,6037,6037_3,6024,6024_2,212,26,13.666666666666629,08:57:21,09:06:54,8
6037_3__6024_2,6037,6037_3,6024,6024_2,2665,27,13.549999999999955,08:57:21,09:06:54,8
6037_3__6024_2,6037,6037_3,6024,6024_2,2736,28,14.5,08:57:21,09:06:54,8
6037_3__6024_2,6037,6037_3,6024,6024_2,705,29,15.183333333333394,08:57:21,09:06:54,8
6037_3__6024_2,6037,6037_3,6024,6024_2,9979,30,15.833333333333371,08:57:21,09:06:54,8
6037_3__6024_2,6037,6037_3,6024,6024_2,2492,31,16.33333333333337,08:57:21,09:06:54,8
6037_3__6024_2,6037,6037_3,6024,6024_2,946,32,16.199999999999932,08:57:21,09:06:54,8
6037_3__6024_2,6037,6037_3,6024,6024_2,947,33,17.26666666666665,08:57:21,09:06:54,8
6037_3__6024_2,6037,6037_3,6024,6024_2,327,34,16.34999999999991,08:57:21,09:06:54,8
6037_3__6024_2,6037,6037_3,6024,6024_2,3284,35,17.149999999999977,08:57:21,09:06:54,8
6037_3__6024_2,6037,6037_3,6024,6024_2,2583,37,18.316666666666606,08:57:21,09:06:54,8
6037_4__6024_3,6037,6037_4,6024,6024_3,3797,1,8.366666666666674,11:54:53,12:03:15,11
6037_4__6024_3,6037,6037_4,6024,6024_3,2984,2,9.299999999999955,11:54:53,12:03:15,11
6037_4__6024_3,6037,6037_4,6024,6024_3,2685,3,8.75,11:54:53,12:03:15,11
6037_4__6024_3,6037,6037_4,6024,6024_3,3649,4,7.2666666666666515,11:54:53,12:03:15,11
6037_4__6024_3,6037,6037_4,6024,6024_3,3747,5,5.7999999999999545,11:54:53,12:03:15,11
6037_4__6024_3,6037,6037_4,6024,6024_3,482,6,4.4833333333333485,11:54:53,12:03:15,11
6037_4__6024_3,6037,6037_4,6024,6024_3,709,7,5.06666666666672,11:54:53,12:03:15,11
6037_4__6024_3,6037,6037_4,6024,6024_3,1577,8,2.4166666666666288,11:54:53,12:03:15,11
6037_4__6024_3,6037,6037_4,6024,6024_3,990,9,4.8333333333332575,11:54:53,12:03:15,11
6037_4__6024_3,6037,6037_4,6024,6024_3,109,10,4.216666666666697,11:54:53,12:03:15,11
6037_4__6024_3,6037,6037_4,6024,6024_3,396,11,3.25,11:54:53,12:03:15,11
6037_4__6024_3,6037,6037_4,6024,6024_3,1253,12,2.816666666666606,11:54:53,12:03:15,11
6037_4__6024_3,6037,6037_4,6024,6024_3,1554,13,1.3500000000000227,11:54:53,12:03:15,11
6037_4__6024_3,6037,6037_4,6024,6024_3,1099,14,1.9499999999999318,11:54:53,12:03:15,11
6037_4__6024_3,6037,6037_4,6024,6024_3,168,15,2.0166666666666515,11:54:53,12:03:15,11
6037_4__6024_3,6037,6037_4,6024,6024_3,929,16,2.7000000000000455,11:54:53,12:03:15,11
6037_4__6024_3,6037,6037_4,6024,6024_3,94,17,2.183333333333394,11:54:53,12:03:15,11
6037_4__6024_3,6037,6037_4,6024,6024_3,1080,18,3.033333333333303,11:54:53,12:03:15,11
6037_4__6024_3,6037,6037_4,6024,6024_3,146,19,2.466666666666697,11:54:53,12:03:15,11
6037_4__6024_3,6037,6037_4,6024,6024_3,1089,20,2.8666666666666742,11:54:53,12:03:15,11
6037_4__6024_3,6037,6037_4,6024,6024_3,213,21,2.050000000000068,11:54:53,12:03:15,11
6037_4__6024_3,6037,6037_4,6024,6024_3,3907,22,1.7666666666666515,11:54:53,12:03:15,11
6037_4__6024_3,6037,6037_4,6024,6024_3,949,23,1.5500000000000682,11:54:53,12:03:15,11
6037_4__6024_3,6037,6037_4,6024,6024_3,307,25,1.3666666666666742,11:54:53,12:03:15,11
6037_4__6024_3,6037,6037_4,6024,6024_3,212,26,1.5833333333332575,11:54:53,12:03:15,11
6037_4__6024_3,6037,6037_4,6024,6024_3,2665,27,1.4166666666666288,11:54:53,12:03:15,11
6037_4__6024_3,6037,6037_4,6024,6024_3,705,29,1.1666666666667425,11:54:53,12:03:15,11
6037_4__6024_3,6037,6037_4,6024,6024_3,2492,31,1.5,11:54:53,12:03:15,11
6037_4__6024_3,6037,6037_4,6024,6024_3,946,32,2.6000000000000227,11:54:53,12:03:15,11
6037_4__6024_3,6037,6037_4,6024,6024_3,947,33,1.7666666666666515,11:54:53,12:03:15,11
6037_4__6024_3,6037,6037_4,6024,6024_3,327,34,1.4833333333333485,11:54:53,12:03:15,11
6037_4__6024_3,6037,6037_4,6024,6024_3,3284,35,2.5166666666666515,11:54:53,12:03:15,11
6037_4__6024_3,6037,6037_4,6024,6024_3,3282,36,1.6333333333333258,11:54:53,12:03:15,11
6037_4__6024_3,6037,6037_4,6024,6024_3,2583,37,1.8833333333333258,11:54:53,12:03:15,11
6037_5__6409_4,6037,6037_5,6409,6409_4,3797,1,12.616666666666674,14:46:52,14:59:29,14
6037_5__6409_4,6037,6037_5,6409,6409_4,2984,2,10.416666666666742,14:46:52,14:59:29,14
6037_5__6409_4,6037,6037_5,6409,6409_4,2685,3,10.916666666666629,14:46:52,14:59:29,14
6037_5__6409_4,6037,6037_5,6409,6409_4,3649,4,11.18333333333328,14:46:52,14:59:29,14
6037_5__6409_4,6037,6037_5,6409,6409_4,3747,5,11.399999999999977,14:46:52,14:59:29,14
6037_5__6409_4,6037,6037_5,6409,6409_4,482,6,11.283333333333303,14:46:52,14:59:29,14
6037_5__6409_4,6037,6037_5,6409,6409_4,709,7,11.733333333333348,14:46:52,14:59:29,14
6037_5__6409_4,6037,6037_5,6409,6409_4,1577,8,12.816666666666606,14:46:52,14:59:29,14
6037_5__6409_4,6037,6037_5,6409,6409_4,990,9,10.333333333333371,14:46:52,14:59:29,14
6037_5__6409_4,6037,6037_5,6409,6409_4,109,10,9.449999999999932,14:46:52,14:59:29,14
6037_5__6409_4,6037,6037_5,6409,6409_4,396,11,8.033333333333417,14:46:52,14:59:29,14
6037_5__6409_4,6037,6037_5,6409,6409_4,1253,12,7.083333333333371,14:46:52,14:59:29,14
6037_5__6409_4,6037,6037_5,6409,6409_4,1554,13,8.649999999999977,14:46:52,14:59:29,14
6037_5__6409_4,6037,6037_5,6409,6409_4,1099,14,7.133333333333326,14:46:52,14:59:29,14
6037_5__6409_4,6037,6037_5,6409,6409_4,168,15,7.366666666666674,14:46:52,14:59:29,14
6037_5__6409_4,6037,6037_5,6409,6409_4,929,16,5.18333333333328,14:46:52,14:59:29,14
6037_5__6409_4,6037,6037_5,6409,6409_4,94,17,6.1666666666667425,14:46:52,14:59:29,14
6037_5__6409_4,6037,6037_5,6409,6409_4,1080,18,7.850000000000023,14:46:52,14:59:29,14
6037_5__6409_4,6037,6037_5,6409,6409_4,146,19,8.016666666666765,14:46:52,14:59:29,14
6037_5__6409_4,6037,6037_5,6409,6409_4,1089,20,7.2666666666666515,14:46:52,14:59:29,14
6037_5__6409_4,6037,6037_5,6409,6409_4,213,21,4.93333333333328,14:46:52,14:59:29,14
6037_5__6409_4,6037,6037_5,6409,6409_4,3907,22,4.850000000000023,14:46:52,14:59:29,14
6037_5__6409_4,6037,6037_5,6409,6409_4,949,23,4.833333333333371,14:46:52,14:59:29,14
6037_5__6409_4,6037,6037_5,6409,6409_4,913,24,3.6333333333333258,14:46:52,14:59:29,14
6037_5__6409_4,6037,6037_5,6409,6409_4,307,25,4.616666666666674,14:46:52,14:59:29,14
6037_5__6409_4,6037,6037_5,6409,6409_4,212,26,3.550000000000068,14:46:52,14:59:29,14
6037_5__6409_4,6037,6037_5,6409,6409_4,2665,27,2.199999999999932,14:46:52,14:59:29,14
6037_5__6409_4,6037,6037_5,6409,6409_4,2736,28,2.8333333333332575,14:46:52,14:59:29,14
6037_5__6409_4,6037,6037_5,6409,6409_4,705,29,3.6666666666666288,14:46:52,14:59:29,14
6037_5__6409_4,6037,6037_5,6409,6409_4,9979,30,3.1000000000000227,14:46:52,14:59:29,14
6037_5__6409_4,6037,6037_5,6409,6409_4,2492,31,3.1333333333333258,14:46:52,14:59:29,14
6037_5__6409_4,6037,6037_5,6409,6409_4,946,32,2.5666666666667197,14:46:52,14:59:29,14
6037_5__6409_4,6037,6037_5,6409,6409_4,947,33,4.816666666666606,14:46:52,14:59:29,14
6037_5__6409_4,6037,6037_5,6409,6409_4,327,34,6.599999999999909,14:46:52,14:59:29,14
6037_5__6409_4,6037,6037_5,6409,6409_4,3284,35,6.633333333333326,14:46:52,14:59:29,14
6037_5__6409_4,6037,6037_5,6409,6409_4,2583,37,5.0499999999999545,14:46:52,14:59:29,14
6037_5__6409_4,6037,6037_5,6409,6409_4,2590,38,3.7833333333334167,14:46:52,14:59:29,14
6037_5__6409_4,6037,6037_5,6409,6409_4,603,39,4.566666666666606,14:46:52,14:59:29,14
6037_6__6409_5,6037,6037_6,6409,6409_5,3797,1,8.0,17:52:00,18:00:00,17
6037_6__6409_5,6037,6037_6,6409,6409_5,2984,2,9.849999999999909,17:52:00,18:00:00,17
6037_6__6409_5,6037,6037_6,6409,6409_5,2685,3,9.149999999999864,17:52:00,18:00:00,17
6037_6__6409_5,6037,6037_6,6409,6409_5,3649,4,9.966666666666697,17:52:00,18:00:00,17
6037_6__6409_5,6037,6037_6,6409,6409_5,3747,5,9.700000000000045,17:52:00,18:00:00,17
6037_6__6409_5,6037,6037_6,6409,6409_5,482,6,10.0,17:52:00,18:00:00,17
6037_6__6409_5,6037,6037_6,6409,6409_5,709,7,10.083333333333258,17:52:00,18:00:00,17
6037_6__6409_5,6037,6037_6,6409,6409_5,1577,8,8.799999999999955,17:52:00,18:00:00,17
6037_6__6409_5,6037,6037_6,6409,6409_5,990,9,10.166666666666515,17:52:00,18:00:00,17
6037_6__6409_5,6037,6037_6,6409,6409_5,109,10,10.63333333333344,17:52:00,18:00:00,17
6037_6__6409_5,6037,6037_6,6409,6409_5,396,11,9.583333333333485,17:52:00,18:00:00,17
6037_6__6409_5,6037,6037_6,6409,6409_5,1253,12,11.466666666666697,17:52:00,18:00:00,17
6037_6__6409_5,6037,6037_6,6409,6409_5,1554,13,9.516666666666652,17:52:00,18:00:00,17
6037_6__6409_5,6037,6037_6,6409,6409_5,1099,14,10.083333333333485,17:52:00,18:00:00,17
6037_6__6409_5,6037,6037_6,6409,6409_5,168,15,8.683333333333167,17:52:00,18:00:00,17
6037_6__6409_5,6037,6037_6,6409,6409_5,929,16,7.8333333333332575,17:52:00,18:00:00,17
6037_6__6409_5,6037,6037_6,6409,6409_5,94,17,7.933333333333394,17:52:00,18:00:00,17
6037_6__6409_5,6037,6037_6,6409,6409_5,1080,18,8.233333333333348,17:52:00,18:00:00,17
6037_6__6409_5,6037,6037_6,6409,6409_5,146,19,9.450000000000045,17:52:00,18:00:00,17
6037_6__6409_5,6037,6037_6,6409,6409_5,1089,20,8.533333333333303,17:52:00,18:00:00,17
6037_6__6409_5,6037,6037_6,6409,6409_5,213,21,8.11666666666656,17:52:00,18:00:00,17
6037_6__6409_5,6037,6037_6,6409,6409_5,3907,22,8.433333333333394,17:52:00,18:00:00,17
6037_6__6409_5,6037,6037_6,6409,6409_5,949,23,6.616666666666788,17:52:00,18:00:00,17
6037_6__6409_5,6037,6037_6,6409,6409_5,913,24,6.349999999999909,17:52:00,18:00:00,17
6037_6__6409_5,6037,6037_6,6409,6409_5,307,25,5.7000000000000455,17:52:00,18:00:00,17
6037_6__6409_5,6037,6037_6,6409,6409_5,212,26,6.183333333333394,17:52:00,18:00:00,17
6037_6__6409_5,6037,6037_6,6409,6409_5,2665,27,5.25,17:52:00,18:00:00,17
6037_6__6409_5,6037,6037_6,6409,6409_5,2736,28,5.8333333333332575,17:52:00,18:00:00,17
6037_6__6409_5,6037,6037_6,6409,6409_5,705,29,4.5166666666666515,17:52:00,18:00:00,17
6037_6__6409_5,6037,6037_6,6409,6409_5,9979,30,3.866666666666788,17:52:00,18:00:00,17
6037_6__6409_5,6037,6037_6,6409,6409_5,2492,31,5.433333333333394,17:52:00,18:00:00,17
6037_6__6409_5,6037,6037_6,6409,6409_5,946,32,4.2999999999999545,17:52:00,18:00:00,17
6037_6__6409_5,6037,6037_6,6409,6409_5,947,33,3.383333333333212,17:52:00,18:00:00,17
6037_6__6409_5,6037,6037_6,6409,6409_5,327,34,3.2166666666664696,17:52:00,18:00:00,17
6037_6__6409_5,6037,6037_6,6409,6409_5,3284,35,3.199999999999818,17:52:00,18:00:00,17
6037_6__6409_5,6037,6037_6,6409,6409_5,3282,36,2.8166666666668334,17:52:00,18:00:00,17
6037_6__6409_5,6037,6037_6,6409,6409_5,2583,37,2.7999999999999545,17:52:00,18:00:00,17
6037_6__6409_5,6037,6037_6,6409,6409_5,2590,38,4.316666666666606,17:52:00,18:00:00,17
6037_6__6409_5,6037,6037_6,6409,6409_5,603,39,3.1333333333334394,17:52:00,18:00:00,17
6037_7__6409_6,6037,6037_7,6409,6409_6,3797,1,14.983333333333348,20:25:00,20:39:59,20
6037_7__6409_6,6037,6037_7,6409,6409_6,2984,2,15.900000000000091,20:25:00,20:39:59,20
6037_7__6409_6,6037,6037_7,6409,6409_6,2685,3,15.949999999999818,20:25:00,20:39:59,20
6037_7__6409_6,6037,6037_7,6409,6409_6,3649,4,15.599999999999909,20:25:00,20:39:59,20
6037_7__6409_6,6037,6037_7,6409,6409_6,3747,5,15.700000000000045,20:25:00,20:39:59,20
6037_7__6409_6,6037,6037_7,6409,6409_6,482,6,15.716666666666697,20:25:00,20:39:59,20
6037_7__6409_6,6037,6037_7,6409,6409_6,709,7,15.849999999999909,20:25:00,20:39:59,20
6037_7__6409_6,6037,6037_7,6409,6409_6,1577,8,14.583333333333258,20:25:00,20:39:59,20
6037_7__6409_6,6037,6037_7,6409,6409_6,990,9,13.950000000000045,20:25:00,20:39:59,20
6037_7__6409_6,6037,6037_7,6409,6409_6,109,10,15.0,20:25:00,20:39:59,20
6037_7__6409_6,6037,6037_7,6409,6409_6,396,11,13.099999999999909,20:25:00,20:39:59,20
6037_7__6409_6,6037,6037_7,6409,6409_6,1253,12,12.0,20:25:00,20:39:59,20
6037_7__6409_6,6037,6037_7,6409,6409_6,1554,13,13.366666666666788,20:25:00,20:39:59,20
6037_7__6409_6,6037,6037_7,6409,6409_6,1099,14,12.599999999999909,20:25:00,20:39:59,20
6037_7__6409_6,6037,6037_7,6409,6409_6,168,15,12.25,20:25:00,20:39:59,20
6037_7__6409_6,6037,6037_7,6409,6409_6,929,16,11.066666666666606,20:25:00,20:39:59,20
6037_7__6409_6,6037,6037_7,6409,6409_6,94,17,10.850000000000136,20:25:00,20:39:59,20
6037_7__6409_6,6037,6037_7,6409,6409_6,1080,18,11.083333333333485,20:25:00,20:39:59,20
6037_7__6409_6,6037,6037_7,6409,6409_6,146,19,11.400000000000091,20:25:00,20:39:59,20
6037_7__6409_6,6037,6037_7,6409,6409_6,1089,20,10.916666666666742,20:25:00,20:39:59,20
6037_7__6409_6,6037,6037_7,6409,6409_6,213,21,10.75,20:25:00,20:39:59,20
6037_7__6409_6,6037,6037_7,6409,6409_6,3907,22,10.650000000000091,20:25:00,20:39:59,20
6037_7__6409_6,6037,6037_7,6409,6409_6,949,23,11.816666666666606,20:25:00,20:39:59,20
6037_7__6409_6,6037,6037_7,6409,6409_6,913,24,11.350000000000136,20:25:00,20:39:59,20
6037_7__6409_6,6037,6037_7,6409,6409_6,307,25,12.166666666666742,20:25:00,20:39:59,20
6037_7__6409_6,6037,6037_7,6409,6409_6,212,26,10.166666666666515,20:25:00,20:39:59,20
6037_7__6409_6,6037,6037_7,6409,6409_6,2665,27,10.233333333333348,20:25:00,20:39:59,20
6037_7__6409_6,6037,6037_7,6409,6409_6,2736,28,10.0,20:25:00,20:39:59,20
6037_7__6409_6,6037,6037_7,6409,6409_6,705,29,9.75,20:25:00,20:39:59,20
6037_7__6409_6,6037,6037_7,6409,6409_6,9979,30,8.383333333333212,20:25:00,20:39:59,20
6037_7__6409_6,6037,6037_7,6409,6409_6,2492,31,7.9833333333333485,20:25:00,20:39:59,20
6037_7__6409_6,6037,6037_7,6409,6409_6,946,32,7.866666666666788,20:25:00,20:39:59,20
6037_7__6409_6,6037,6037_7,6409,6409_6,947,33,8.383333333333212,20:25:00,20:39:59,20
6037_7__6409_6,6037,6037_7,6409,6409_6,3284,35,6.133333333333439,20:25:00,20:39:59,20
6037_7__6409_6,6037,6037_7,6409,6409_6,3282,36,6.666666666666515,20:25:00,20:39:59,20
6037_7__6409_6,6037,6037_7,6409,6409_6,2583,37,5.966666666666697,20:25:00,20:39:59,20
6037_7__6409_6,6037,6037_7,6409,6409_6,2590,38,5.2666666666666515,20:25:00,20:39:59,20
6037_7__6409_6,6037,6037_7,6409,6409_6,603,39,6.0166666666666515,20:25:00,20:39:59,20
6055_2__6212_2,6055,6055_2,6212,6212_2,2984,2,6.850000000000023,08:05:38,08:12:29,8
6055_2__6212_2,6055,6055_2,6212,6212_2,2685,3,5.133333333333326,08:05:38,08:12:29,8
6055_2__6212_2,6055,6055_2,6212,6212_2,3649,4,4.583333333333371,08:05:38,08:12:29,8
6055_2__6212_2,6055,6055_2,6212,6212_2,3747,5,4.75,08:05:38,08:12:29,8
6055_2__6212_2,6055,6055_2,6212,6212_2,482,6,4.566666666666663,08:05:38,08:12:29,8
6055_2__6212_2,6055,6055_2,6212,6212_2,709,7,4.316666666666663,08:05:38,08:12:29,8
6055_2__6212_2,6055,6055_2,6212,6212_2,1577,8,5.833333333333371,08:05:38,08:12:29,8
6055_2__6212_2,6055,6055_2,6212,6212_2,990,9,4.600000000000023,08:05:38,08:12:29,8
6055_2__6212_2,6055,6055_2,6212,6212_2,109,10,4.349999999999966,08:05:38,08:12:29,8
6055_2__6212_2,6055,6055_2,6212,6212_2,396,11,4.050000000000011,08:05:38,08:12:29,8
6055_2__6212_2,6055,6055_2,6212,6212_2,1253,12,5.0166666666666515,08:05:38,08:12:29,8
6055_2__6212_2,6055,6055_2,6212,6212_2,1554,13,4.566666666666663,08:05:38,08:12:29,8
6055_2__6212_2,6055,6055_2,6212,6212_2,1099,14,4.866666666666674,08:05:38,08:12:29,8
6055_2__6212_2,6055,6055_2,6212,6212_2,168,15,5.56666666666672,08:05:38,08:12:29,8
6055_2__6212_2,6055,6055_2,6212,6212_2,929,16,4.350000000000023,08:05:38,08:12:29,8
6055_2__6212_2,6055,6055_2,6212,6212_2,94,17,4.7333333333333485,08:05:38,08:12:29,8
6055_2__6212_2,6055,6055_2,6212,6212_2,1080,18,4.550000000000068,08:05:38,08:12:29,8
6055_2__6212_2,6055,6055_2,6212,6212_2,146,19,3.75,08:05:38,08:12:29,8
6055_2__6212_2,6055,6055_2,6212,6212_2,1089,20,3.1333333333333258,08:05:38,08:12:29,8
6055_2__6212_2,6055,6055_2,6212,6212_2,213,21,3.216666666666697,08:05:38,08:12:29,8
6055_2__6212_2,6055,6055_2,6212,6212_2,3907,22,3.033333333333303,08:05:38,08:12:29,8
6055_2__6212_2,6055,6055_2,6212,6212_2,949,23,3.2333333333333485,08:05:38,08:12:29,8
6055_2__6212_2,6055,6055_2,6212,6212_2,913,24,2.9500000000000455,08:05:38,08:12:29,8
6055_2__6212_2,6055,6055_2,6212,6212_2,307,25,2.6666666666667425,08:05:38,08:12:29,8
6055_2__6212_2,6055,6055_2,6212,6212_2,212,26,3.066666666666606,08:05:38,08:12:29,8
6055_2__6212_2,6055,6055_2,6212,6212_2,2665,27,3.199999999999932,08:05:38,08:12:29,8
6055_2__6212_2,6055,6055_2,6212,6212_2,2736,28,2.3999999999999773,08:05:38,08:12:29,8
6055_2__6212_2,6055,6055_2,6212,6212_2,705,29,1.9833333333332348,08:05:38,08:12:29,8
6055_2__6212_2,6055,6055_2,6212,6212_2,9979,30,1.4833333333332348,08:05:38,08:12:29,8
6055_2__6212_2,6055,6055_2,6212,6212_2,2492,31,2.449999999999932,08:05:38,08:12:29,8
6055_2__6212_2,6055,6055_2,6212,6212_2,327,34,1.349999999999909,08:05:38,08:12:29,8
6055_2__6212_2,6055,6055_2,6212,6212_2,3284,35,1.3833333333333258,08:05:38,08:12:29,8
6055_2__6212_2,6055,6055_2,6212,6212_2,3282,36,1.3000000000000682,08:05:38,08:12:29,8
6055_2__6212_2,6055,6055_2,6212,6212_2,2583,37,2.6333333333333258,08:05:38,08:12:29,8
6055_2__6212_2,6055,6055_2,6212,6212_2,2590,38,3.4833333333333485,08:05:38,08:12:29,8
6055_2__6212_2,6055,6055_2,6212,6212_2,603,39,3.4166666666666288,08:05:38,08:12:29,8
6055_3__6212_3,6055,6055_3,6212,6212_3,2984,2,4.81666666666672,11:02:03,11:06:52,11
6055_3__6212_3,6055,6055_3,6212,6212_3,2685,3,4.900000000000091,11:02:03,11:06:52,11
6055_3__6212_3,6055,6055_3,6212,6212_3,3649,4,4.649999999999977,11:02:03,11:06:52,11
6055_3__6212_3,6055,6055_3,6212,6212_3,3747,5,4.633333333333326,11:02:03,11:06:52,11
6055_3__6212_3,6055,6055_3,6212,6212_3,482,6,3.5833333333333712,11:02:03,11:06:52,11
6055_3__6212_3,6055,6055_3,6212,6212_3,709,7,2.6166666666666742,11:02:03,11:06:52,11
6055_3__6212_3,6055,6055_3,6212,6212_3,1577,8,3.3333333333333712,11:02:03,11:06:52,11
6055_3__6212_3,6055,6055_3,6212,6212_3,990,9,3.216666666666697,11:02:03,11:06:52,11
6055_3__6212_3,6055,6055_3,6212,6212_3,109,10,4.383333333333326,11:02:03,11:06:52,11
6055_3__6212_3,6055,6055_3,6212,6212_3,396,11,3.6833333333332803,11:02:03,11:06:52,11
6055_3__6212_3,6055,6055_3,6212,6212_3,1253,12,3.033333333333303,11:02:03,11:06:52,11
6055_3__6212_3,6055,6055_3,6212,6212_3,1554,13,1.9499999999999318,11:02:03,11:06:52,11
6055_3__6212_3,6055,6055_3,6212,6212_3,1099,14,2.0333333333334167,11:02:03,11:06:52,11
6055_3__6212_3,6055,6055_3,6212,6212_3,168,15,1.7666666666666515,11:02:03,11:06:52,11
6055_3__6212_3,6055,6055_3,6212,6212_3,929,16,3.033333333333303,11:02:03,11:06:52,11
6055_3__6212_3,6055,6055_3,6212,6212_3,94,17,3.6166666666666742,11:02:03,11:06:52,11
6055_3__6212_3,6055,6055_3,6212,6212_3,1080,18,2.0833333333333712,11:02:03,11:06:52,11
6055_3__6212_3,6055,6055_3,6212,6212_3,146,19,3.3833333333333258,11:02:03,11:06:52,11
6055_3__6212_3,6055,6055_3,6212,6212_3,1089,20,3.5499999999999545,11:02:03,11:06:52,11
6055_3__6212_3,6055,6055_3,6212,6212_3,213,21,3.2666666666666515,11:02:03,11:06:52,11
6055_3__6212_3,6055,6055_3,6212,6212_3,3907,22,3.599999999999909,11:02:03,11:06:52,11
6055_3__6212_3,6055,6055_3,6212,6212_3,949,23,2.0,11:02:03,11:06:52,11
6055_3__6212_3,6055,6055_3,6212,6212_3,913,24,2.8833333333333258,11:02:03,11:06:52,11
6055_3__6212_3,6055,6055_3,6212,6212_3,307,25,2.0666666666667197,11:02:03,11:06:52,11
6055_3__6212_3,6055,6055_3,6212,6212_3,212,26,2.1833333333332803,11:02:03,11:06:52,11
6055_3__6212_3,6055,6055_3,6212,6212_3,2665,27,1.7000000000000455,11:02:03,11:06:52,11
6055_3__6212_3,6055,6055_3,6212,6212_3,2736,28,2.2000000000000455,11:02:03,11:06:52,11
6055_3__6212_3,6055,6055_3,6212,6212_3,705,29,3.8833333333333258,11:02:03,11:06:52,11
6055_3__6212_3,6055,6055_3,6212,6212_3,9979,30,3.0833333333333712,11:02:03,11:06:52,11
6055_3__6212_3,6055,6055_3,6212,6212_3,2492,31,3.3833333333333258,11:02:03,11:06:52,11
6055_3__6212_3,6055,6055_3,6212,6212_3,946,32,3.2833333333334167,11:02:03,11:06:52,11
6055_3__6212_3,6055,6055_3,6212,6212_3,947,33,3.8833333333333258,11:02:03,11:06:52,11
6055_3__6212_3,6055,6055_3,6212,6212_3,327,34,4.5166666666666515,11:02:03,11:06:52,11
6055_3__6212_3,6055,6055_3,6212,6212_3,3284,35,4.75,11:02:03,11:06:52,11
6055_3__6212_3,6055,6055_3,6212,6212_3,3282,36,3.9333333333332803,11:02:03,11:06:52,11
6055_3__6212_3,6055,6055_3,6212,6212_3,2583,37,3.0,11:02:03,11:06:52,11
6055_3__6212_3,6055,6055_3,6212,6212_3,2590,38,3.1166666666666742,11:02:03,11:06:52,11
6055_3__6212_3,6055,6055_3,6212,6212_3,603,39,3.4666666666665833,11:02:03,11:06:52,11
6055_4__6115_1,6055,6055_4,6115,6115_1,3797,1,7.25,13:56:48,14:04:03,13
6055_4__6115_1,6055,6055_4,6115,6115_1,2984,2,7.18333333333328,13:56:48,14:04:03,13
6055_4__6115_1,6055,6055_4,6115,6115_1,2685,3,6.933333333333394,13:56:48,14:04:03,13
6055_4__6115_1,6055,6055_4,6115,6115_1,3649,4,5.883333333333326,13:56:48,14:04:03,13
6055_4__6115_1,6055,6055_4,6115,6115_1,3747,5,5.683333333333394,13:56:48,14:04:03,13
6055_4__6115_1,6055,6055_4,6115,6115_1,482,6,5.899999999999977,13:56:48,14:04:03,13
6055_4__6115_1,6055,6055_4,6115,6115_1,709,7,6.4833333333333485,13:56:48,14:04:03,13
6055_4__6115_1,6055,6055_4,6115,6115_1,1577,8,7.416666666666629,13:56:48,14:04:03,13
6055_4__6115_1,6055,6055_4,6115,6115_1,990,9,5.933333333333394,13:56:48,14:04:03,13
6055_4__6115_1,6055,6055_4,6115,6115_1,109,10,5.416666666666629,13:56:48,14:04:03,13
6055_4__6115_1,6055,6055_4,6115,6115_1,396,11,6.033333333333417,13:56:48,14:04:03,13
6055_4__6115_1,6055,6055_4,6115,6115_1,1253,12,4.56666666666672,13:56:48,14:04:03,13
6055_4__6115_1,6055,6055_4,6115,6115_1,1554,13,5.216666666666697,13:56:48,14:04:03,13
6055_4__6115_1,6055,6055_4,6115,6115_1,1099,14,5.2666666666666515,13:56:48,14:04:03,13
6055_4__6115_1,6055,6055_4,6115,6115_1,168,15,6.216666666666697,13:56:48,14:04:03,13
6055_4__6115_1,6055,6055_4,6115,6115_1,929,16,7.0,13:56:48,14:04:03,13
6055_4__6115_1,6055,6055_4,6115,6115_1,94,17,5.7666666666666515,13:56:48,14:04:03,13
6055_4__6115_1,6055,6055_4,6115,6115_1,1080,18,5.4500000000000455,13:56:48,14:04:03,13
6055_4__6115_1,6055,6055_4,6115,6115_1,146,19,5.533333333333417,13:56:48,14:04:03,13
6055_4__6115_1,6055,6055_4,6115,6115_1,1089,20,4.883333333333439,13:56:48,14:04:03,13
6055_4__6115_1,6055,6055_4,6115,6115_1,213,21,4.25,13:56:48,14:04:03,13
6055_4__6115_1,6055,6055_4,6115,6115_1,3907,22,3.566666666666606,13:56:48,14:04:03,13
6055_4__6115_1,6055,6055_4,6115,6115_1,949,23,3.6000000000000227,13:56:48,14:04:03,13
6055_4__6115_1,6055,6055_4,6115,6115_1,913,24,2.900000000000091,13:56:48,14:04:03,13
6055_4__6115_1,6055,6055_4,6115,6115_1,307,25,1.6000000000000227,13:56:48,14:04:03,13
6055_4__6115_1,6055,6055_4,6115,6115_1,212,26,1.7999999999999545,13:56:48,14:04:03,13
6055_4__6115_1,6055,6055_4,6115,6115_1,2665,27,1.3999999999999773,13:56:48,14:04:03,13
6055_4__6115_1,6055,6055_4,6115,6115_1,2736,28,1.4500000000000455,13:56:48,14:04:03,13
6055_4__6115_1,6055,6055_4,6115,6115_1,705,29,1.783333333333303,13:56:48,14:04:03,13
6055_4__6115_1,6055,6055_4,6115,6115_1,946,32,2.2999999999999545,13:56:48,14:04:03,13
6055_4__6115_1,6055,6055_4,6115,6115_1,947,33,1.8666666666666742,13:56:48,14:04:03,13
6055_4__6115_1,6055,6055_4,6115,6115_1,327,34,1.1333333333334394,13:56:48,14:04:03,13
6055_4__6115_1,6055,6055_4,6115,6115_1,3284,35,1.0499999999999545,13:56:48,14:04:03,13
6055_4__6115_1,6055,6055_4,6115,6115_1,603,39,-1.1333333333333258,13:56:48,14:04:03,13
6056_1__6411_1,6056,6056_1,6411,6411_1,3649,4,6.716666666666697,04:46:43,04:53:26,4
6056_1__6411_1,6056,6056_1,6411,6411_1,3747,5,7.300000000000011,04:46:43,04:53:26,4
6056_1__6411_1,6056,6056_1,6411,6411_1,482,6,6.7000000000000455,04:46:43,04:53:26,4
6056_1__6411_1,6056,6056_1,6411,6411_1,709,7,5.383333333333326,04:46:43,04:53:26,4
6056_1__6411_1,6056,6056_1,6411,6411_1,1577,8,6.583333333333314,04:46:43,04:53:26,4
6056_1__6411_1,6056,6056_1,6411,6411_1,990,9,7.78333333333336,04:46:43,04:53:26,4
6056_1__6411_1,6056,6056_1,6411,6411_1,109,10,7.616666666666674,04:46:43,04:53:26,4
6056_1__6411_1,6056,6056_1,6411,6411_1,396,11,7.96666666666664,04:46:43,04:53:26,4
6056_1__6411_1,6056,6056_1,6411,6411_1,1253,12,6.633333333333326,04:46:43,04:53:26,4
6056_1__6411_1,6056,6056_1,6411,6411_1,1554,13,7.616666666666674,04:46:43,04:53:26,4
6056_1__6411_1,6056,6056_1,6411,6411_1,1099,14,7.583333333333371,04:46:43,04:53:26,4
6056_1__6411_1,6056,6056_1,6411,6411_1,168,15,6.849999999999966,04:46:43,04:53:26,4
6056_1__6411_1,6056,6056_1,6411,6411_1,929,16,8.783333333333303,04:46:43,04:53:26,4
6056_1__6411_1,6056,6056_1,6411,6411_1,94,17,8.316666666666663,04:46:43,04:53:26,4
6056_1__6411_1,6056,6056_1,6411,6411_1,1080,18,8.416666666666629,04:46:43,04:53:26,4
6056_1__6411_1,6056,6056_1,6411,6411_1,146,19,9.366666666666674,04:46:43,04:53:26,4
6056_1__6411_1,6056,6056_1,6411,6411_1,1089,20,7.78333333333336,04:46:43,04:53:26,4
6056_1__6411_1,6056,6056_1,6411,6411_1,213,21,8.183333333333337,04:46:43,04:53:26,4
6056_1__6411_1,6056,6056_1,6411,6411_1,3907,22,7.916666666666686,04:46:43,04:53:26,4
6056_1__6411_1,6056,6056_1,6411,6411_1,949,23,8.149999999999977,04:46:43,04:53:26,4
6056_1__6411_1,6056,6056_1,6411,6411_1,913,24,7.566666666666663,04:46:43,04:53:26,4
6056_1__6411_1,6056,6056_1,6411,6411_1,307,25,7.166666666666686,04:46:43,04:53:26,4
6056_1__6411_1,6056,6056_1,6411,6411_1,212,26,8.316666666666663,04:46:43,04:53:26,4
6056_1__6411_1,6056,6056_1,6411,6411_1,2665,27,8.050000000000011,04:46:43,04:53:26,4
6056_1__6411_1,6056,6056_1,6411,6411_1,2736,28,7.849999999999966,04:46:43,04:53:26,4
6056_1__6411_1,6056,6056_1,6411,6411_1,705,29,6.949999999999989,04:46:43,04:53:26,4
6056_1__6411_1,6056,6056_1,6411,6411_1,9979,30,7.850000000000023,04:46:43,04:53:26,4
6056_1__6411_1,6056,6056_1,6411,6411_1,2492,31,6.383333333333326,04:46:43,04:53:26,4
6056_1__6411_1,6056,6056_1,6411,6411_1,946,32,7.149999999999977,04:46:43,04:53:26,4
6056_1__6411_1,6056,6056_1,6411,6411_1,947,33,7.2666666666666515,04:46:43,04:53:26,4
6056_1__6411_1,6056,6056_1,6411,6411_1,327,34,7.083333333333314,04:46:43,04:53:26,4
6056_1__6411_1,6056,6056_1,6411,6411_1,3284,35,6.183333333333337,04:46:43,04:53:26,4
6056_1__6411_1,6056,6056_1,6411,6411_1,2583,37,7.75,04:46:43,04:53:26,4
6056_1__6411_1,6056,6056_1,6411,6411_1,2590,38,7.183333333333337,04:46:43,04:53:26,4
6056_1__6411_1,6056,6056_1,6411,6411_1,603,39,7.71666666666664,04:46:43,04:53:26,4
6056_2__6411_2,6056,6056_2,6411,6411_2,2984,2,9.050000000000011,07:37:39,07:46:42,7
6056_2__6411_2,6056,6056_2,6411,6411_2,2685,3,9.266666666666652,07:37:39,07:46:42,7
6056_2__6411_2,6056,6056_2,6411,6411_2,3649,4,9.933333333333337,07:37:39,07:46:42,7
6056_2__6411_2,6056,6056_2,6411,6411_2,3747,5,9.516666666666652,07:37:39,07:46:42,7
6056_2__6411_2,6056,6056_2,6411,6411_2,482,6,9.21666666666664,07:37:39,07:46:42,7
6056_2__6411_2,6056,6056_2,6411,6411_2,709,7,10.516666666666652,07:37:39,07:46:42,7
6056_2__6411_2,6056,6056_2,6411,6411_2,1577,8,9.0,07:37:39,07:46:42,7
6056_2__6411_2,6056,6056_2,6411,6411_2,990,9,10.199999999999989,07:37:39,07:46:42,7
6056_2__6411_2,6056,6056_2,6411,6411_2,109,10,10.100000000000023,07:37:39,07:46:42,7
6056_2__6411_2,6056,6056_2,6411,6411_2,396,11,9.966666666666697,07:37:39,07:46:42,7
6056_2__6411_2,6056,6056_2,6411,6411_2,1253,12,9.816666666666663,07:37:39,07:46:42,7
6056_2__6411_2,6056,6056_2,6411,6411_2,1554,13,9.600000000000023,07:37:39,07:46:42,7
6056_2__6411_2,6056,6056_2,6411,6411_2,1099,14,8.949999999999989,07:37:39,07:46:42,7
6056_2__6411_2,6056,6056_2,6411,6411_2,168,15,8.033333333333303,07:37:39,07:46:42,7
6056_2__6411_2,6056,6056_2,6411,6411_2,929,16,7.866666666666674,07:37:39,07:46:42,7
6056_2__6411_2,6056,6056_2,6411,6411_2,94,17,7.983333333333292,07:37:39,07:46:42,7
6056_2__6411_2,6056,6056_2,6411,6411_2,1080,18,8.25,07:37:39,07:46:42,7
6056_2__6411_2,6056,6056_2,6411,6411_2,146,19,7.583333333333314,07:37:39,07:46:42,7
6056_2__6411_2,6056,6056_2,6411,6411_2,1089,20,6.849999999999966,07:37:39,07:46:42,7
6056_2__6411_2,6056,6056_2,6411,6411_2,213,21,6.449999999999989,07:37:39,07:46:42,7
6056_2__6411_2,6056,6056_2,6411,6411_2,3907,22,6.333333333333314,07:37:39,07:46:42,7
6056_2__6411_2,6056,6056_2,6411,6411_2,949,23,6.300000000000011,07:37:39,07:46:42,7
6056_2__6411_2,6056,6056_2,6411,6411_2,913,24,7.349999999999966,07:37:39,07:46:42,7
6056_2__6411_2,6056,6056_2,6411,6411_2,307,25,8.066666666666663,07:37:39,07:46:42,7
6056_2__6411_2,6056,6056_2,6411,6411_2,212,26,8.249999999999943,07:37:39,07:46:42,7
6056_2__6411_2,6056,6056_2,6411,6411_2,2665,27,8.916666666666629,07:37:39,07:46:42,7
6056_2__6411_2,6056,6056_2,6411,6411_2,2736,28,9.949999999999989,07:37:39,07:46:42,7
6056_2__6411_2,6056,6056_2,6411,6411_2,705,29,8.56666666666672,07:37:39,07:46:42,7
6056_2__6411_2,6056,6056_2,6411,6411_2,9979,30,8.283333333333303,07:37:39,07:46:42,7
6056_2__6411_2,6056,6056_2,6411,6411_2,2492,31,8.550000000000068,07:37:39,07:46:42,7
6056_2__6411_2,6056,6056_2,6411,6411_2,946,32,7.900000000000091,07:37:39,07:46:42,7
6056_2__6411_2,6056,6056_2,6411,6411_2,947,33,8.399999999999977,07:37:39,07:46:42,7
6056_2__6411_2,6056,6056_2,6411,6411_2,327,34,7.9833333333333485,07:37:39,07:46:42,7
6056_2__6411_2,6056,6056_2,6411,6411_2,3284,35,8.783333333333303,07:37:39,07:46:42,7
6056_2__6411_2,6056,6056_2,6411,6411_2,3282,36,8.216666666666697,07:37:39,07:46:42,7
6056_2__6411_2,6056,6056_2,6411,6411_2,2583,37,7.433333333333394,07:37:39,07:46:42,7
6056_2__6411_2,6056,6056_2,6411,6411_2,2590,38,7.18333333333328,07:37:39,07:46:42,7
6056_2__6411_2,6056,6056_2,6411,6411_2,603,39,8.466666666666697,07:37:39,07:46:42,7
6056_3__6411_3,6056,6056_3,6411,6411_3,3797,1,8.450000000000045,10:37:03,10:45:30,10
6056_3__6411_3,6056,6056_3,6411,6411_3,2984,2,8.649999999999977,10:37:03,10:45:30,10
6056_3__6411_3,6056,6056_3,6411,6411_3,2685,3,7.916666666666629,10:37:03,10:45:30,10
6056_3__6411_3,6056,6056_3,6411,6411_3,3649,4,8.93333333333328,10:37:03,10:45:30,10
6056_3__6411_3,6056,6056_3,6411,6411_3,3747,5,8.899999999999977,10:37:03,10:45:30,10
6056_3__6411_3,6056,6056_3,6411,6411_3,482,6,8.733333333333348,10:37:03,10:45:30,10
6056_3__6411_3,6056,6056_3,6411,6411_3,709,7,8.916666666666742,10:37:03,10:45:30,10
6056_3__6411_3,6056,6056_3,6411,6411_3,1577,8,7.43333333333328,10:37:03,10:45:30,10
6056_3__6411_3,6056,6056_3,6411,6411_3,990,9,6.9833333333333485,10:37:03,10:45:30,10
6056_3__6411_3,6056,6056_3,6411,6411_3,109,10,8.333333333333258,10:37:03,10:45:30,10
6056_3__6411_3,6056,6056_3,6411,6411_3,396,11,8.033333333333303,10:37:03,10:45:30,10
6056_3__6411_3,6056,6056_3,6411,6411_3,1253,12,8.966666666666697,10:37:03,10:45:30,10
6056_3__6411_3,6056,6056_3,6411,6411_3,1554,13,8.550000000000068,10:37:03,10:45:30,10
6056_3__6411_3,6056,6056_3,6411,6411_3,1099,14,7.9500000000000455,10:37:03,10:45:30,10
6056_3__6411_3,6056,6056_3,6411,6411_3,168,15,6.633333333333326,10:37:03,10:45:30,10
6056_3__6411_3,6056,6056_3,6411,6411_3,929,16,6.5166666666666515,10:37:03,10:45:30,10
6056_3__6411_3,6056,6056_3,6411,6411_3,94,17,6.633333333333326,10:37:03,10:45:30,10
6056_3__6411_3,6056,6056_3,6411,6411_3,1080,18,5.833333333333371,10:37:03,10:45:30,10
6056_3__6411_3,6056,6056_3,6411,6411_3,146,19,5.0,10:37:03,10:45:30,10
6056_3__6411_3,6056,6056_3,6411,6411_3,1089,20,5.2333333333333485,10:37:03,10:45:30,10
6056_3__6411_3,6056,6056_3,6411,6411_3,213,21,4.5166666666666515,10:37:03,10:45:30,10
6056_3__6411_3,6056,6056_3,6411,6411_3,3907,22,5.199999999999932,10:37:03,10:45:30,10
6056_3__6411_3,6056,6056_3,6411,6411_3,949,23,3.783333333333303,10:37:03,10:45:30,10
6056_3__6411_3,6056,6056_3,6411,6411_3,913,24,4.783333333333417,10:37:03,10:45:30,10
6056_3__6411_3,6056,6056_3,6411,6411_3,307,25,5.316666666666606,10:37:03,10:45:30,10
6056_3__6411_3,6056,6056_3,6411,6411_3,212,26,5.383333333333326,10:37:03,10:45:30,10
6056_3__6411_3,6056,6056_3,6411,6411_3,2665,27,5.633333333333326,10:37:03,10:45:30,10
6056_3__6411_3,6056,6056_3,6411,6411_3,2736,28,6.050000000000068,10:37:03,10:45:30,10
6056_3__6411_3,6056,6056_3,6411,6411_3,705,29,6.166666666666629,10:37:03,10:45:30,10
6056_3__6411_3,6056,6056_3,6411,6411_3,9979,30,5.81666666666672,10:37:03,10:45:30,10
6056_3__6411_3,6056,6056_3,6411,6411_3,2492,31,6.25,10:37:03,10:45:30,10
6056_3__6411_3,6056,6056_3,6411,6411_3,946,32,6.25,10:37:03,10:45:30,10
6056_3__6411_3,6056,6056_3,6411,6411_3,947,33,7.033333333333417,10:37:03,10:45:30,10
6056_3__6411_3,6056,6056_3,6411,6411_3,327,34,6.449999999999932,10:37:03,10:45:30,10
6056_3__6411_3,6056,6056_3,6411,6411_3,3284,35,6.133333333333326,10:37:03,10:45:30,10
6056_3__6411_3,6056,6056_3,6411,6411_3,3282,36,5.9833333333333485,10:37:03,10:45:30,10
6056_3__6411_3,6056,6056_3,6411,6411_3,2583,37,5.1666666666667425,10:37:03,10:45:30,10
6056_3__6411_3,6056,6056_3,6411,6411_3,2590,38,5.4500000000000455,10:37:03,10:45:30,10
6056_3__6411_3,6056,6056_3,6411,6411_3,603,39,5.916666666666629,10:37:03,10:45:30,10
6056_4__6411_4,6056,6056_4,6411,6411_4,3797,1,8.283333333333303,13:31:54,13:40:11,13
6056_4__6411_4,6056,6056_4,6411,6411_4,2984,2,7.7999999999999545,13:31:54,13:40:11,13
6056_4__6411_4,6056,6056_4,6411,6411_4,2685,3,7.816666666666606,13:31:54,13:40:11,13
6056_4__6411_4,6056,6056_4,6411,6411_4,3649,4,9.366666666666674,13:31:54,13:40:11,13
6056_4__6411_4,6056,6056_4,6411,6411_4,3747,5,10.100000000000023,13:31:54,13:40:11,13
6056_4__6411_4,6056,6056_4,6411,6411_4,482,6,9.666666666666629,13:31:54,13:40:11,13
6056_4__6411_4,6056,6056_4,6411,6411_4,709,7,9.75,13:31:54,13:40:11,13
6056_4__6411_4,6056,6056_4,6411,6411_4,1577,8,10.699999999999932,13:31:54,13:40:11,13
6056_4__6411_4,6056,6056_4,6411,6411_4,990,9,10.066666666666606,13:31:54,13:40:11,13
6056_4__6411_4,6056,6056_4,6411,6411_4,109,10,11.616666666666674,13:31:54,13:40:11,13
6056_4__6411_4,6056,6056_4,6411,6411_4,396,11,12.799999999999955,13:31:54,13:40:11,13
6056_4__6411_4,6056,6056_4,6411,6411_4,1253,12,12.633333333333326,13:31:54,13:40:11,13
6056_4__6411_4,6056,6056_4,6411,6411_4,1554,13,12.516666666666652,13:31:54,13:40:11,13
6056_4__6411_4,6056,6056_4,6411,6411_4,1099,14,12.583333333333258,13:31:54,13:40:11,13
6056_4__6411_4,6056,6056_4,6411,6411_4,168,15,11.383333333333326,13:31:54,13:40:11,13
6056_4__6411_4,6056,6056_4,6411,6411_4,929,16,10.883333333333326,13:31:54,13:40:11,13
6056_4__6411_4,6056,6056_4,6411,6411_4,94,17,11.31666666666672,13:31:54,13:40:11,13
6056_4__6411_4,6056,6056_4,6411,6411_4,1080,18,10.599999999999909,13:31:54,13:40:11,13
6056_4__6411_4,6056,6056_4,6411,6411_4,146,19,11.016666666666652,13:31:54,13:40:11,13
6056_4__6411_4,6056,6056_4,6411,6411_4,1089,20,10.25,13:31:54,13:40:11,13
6056_4__6411_4,6056,6056_4,6411,6411_4,213,21,11.366666666666674,13:31:54,13:40:11,13
6056_4__6411_4,6056,6056_4,6411,6411_4,3907,22,11.849999999999909,13:31:54,13:40:11,13
6056_4__6411_4,6056,6056_4,6411,6411_4,949,23,11.899999999999977,13:31:54,13:40:11,13
6056_4__6411_4,6056,6056_4,6411,6411_4,212,26,10.766666666666652,13:31:54,13:40:11,13
6056_4__6411_4,6056,6056_4,6411,6411_4,2665,27,10.93333333333328,13:31:54,13:40:11,13
6056_4__6411_4,6056,6056_4,6411,6411_4,705,29,10.583333333333258,13:31:54,13:40:11,13
6056_4__6411_4,6056,6056_4,6411,6411_4,947,33,10.216666666666697,13:31:54,13:40:11,13
6056_4__6411_4,6056,6056_4,6411,6411_4,327,34,9.350000000000023,13:31:54,13:40:11,13
6056_4__6411_4,6056,6056_4,6411,6411_4,603,39,10.833333333333371,13:31:54,13:40:11,13
6056_5__6411_5,6056,6056_5,6411,6411_5,3797,1,8.0,16:30:59,16:38:59,16
6056_5__6411_5,6056,6056_5,6411,6411_5,2984,2,9.516666666666652,16:30:59,16:38:59,16
6056_5__6411_5,6056,6056_5,6411,6411_5,2685,3,9.633333333333326,16:30:59,16:38:59,16
6056_5__6411_5,6056,6056_5,6411,6411_5,3649,4,8.733333333333348,16:30:59,16:38:59,16
6056_5__6411_5,6056,6056_5,6411,6411_5,3747,5,9.383333333333326,16:30:59,16:38:59,16
6056_5__6411_5,6056,6056_5,6411,6411_5,482,6,9.900000000000091,16:30:59,16:38:59,16
6056_5__6411_5,6056,6056_5,6411,6411_5,709,7,10.033333333333303,16:30:59,16:38:59,16
6056_5__6411_5,6056,6056_5,6411,6411_5,1577,8,10.816666666666606,16:30:59,16:38:59,16
6056_5__6411_5,6056,6056_5,6411,6411_5,990,9,9.633333333333326,16:30:59,16:38:59,16
6056_5__6411_5,6056,6056_5,6411,6411_5,109,10,10.799999999999955,16:30:59,16:38:59,16
6056_5__6411_5,6056,6056_5,6411,6411_5,396,11,9.883333333333326,16:30:59,16:38:59,16
6056_5__6411_5,6056,6056_5,6411,6411_5,1253,12,10.11666666666656,16:30:59,16:38:59,16
6056_5__6411_5,6056,6056_5,6411,6411_5,1554,13,10.416666666666629,16:30:59,16:38:59,16
6056_5__6411_5,6056,6056_5,6411,6411_5,1099,14,11.033333333333303,16:30:59,16:38:59,16
6056_5__6411_5,6056,6056_5,6411,6411_5,168,15,10.100000000000023,16:30:59,16:38:59,16
6056_5__6411_5,6056,6056_5,6411,6411_5,929,16,10.083333333333258,16:30:59,16:38:59,16
6056_5__6411_5,6056,6056_5,6411,6411_5,94,17,8.5,16:30:59,16:38:59,16
6056_5__6411_5,6056,6056_5,6411,6411_5,1080,18,9.466666666666697,16:30:59,16:38:59,16
6056_5__6411_5,6056,6056_5,6411,6411_5,146,19,8.916666666666515,16:30:59,16:38:59,16
6056_5__6411_5,6056,6056_5,6411,6411_5,1089,20,8.283333333333303,16:30:59,16:38:59,16
6056_5__6411_5,6056,6056_5,6411,6411_5,213,21,7.933333333333394,16:30:59,16:38:59,16
6056_5__6411_5,6056,6056_5,6411,6411_5,3907,22,7.833333333333485,16:30:59,16:38:59,16
6056_5__6411_5,6056,6056_5,6411,6411_5,949,23,7.7000000000000455,16:30:59,16:38:59,16
6056_5__6411_5,6056,6056_5,6411,6411_5,913,24,7.349999999999909,16:30:59,16:38:59,16
6056_5__6411_5,6056,6056_5,6411,6411_5,307,25,7.433333333333394,16:30:59,16:38:59,16
6056_5__6411_5,6056,6056_5,6411,6411_5,212,26,7.899999999999864,16:30:59,16:38:59,16
6056_5__6411_5,6056,6056_5,6411,6411_5,2665,27,6.616666666666561,16:30:59,16:38:59,16
6056_5__6411_5,6056,6056_5,6411,6411_5,2736,28,7.533333333333303,16:30:59,16:38:59,16
6056_5__6411_5,6056,6056_5,6411,6411_5,705,29,7.4166666666667425,16:30:59,16:38:59,16
6056_5__6411_5,6056,6056_5,6411,6411_5,9979,30,7.183333333333394,16:30:59,16:38:59,16
6056_5__6411_5,6056,6056_5,6411,6411_5,2492,31,8.0,16:30:59,16:38:59,16
6056_5__6411_5,6056,6056_5,6411,6411_5,946,32,7.25,16:30:59,16:38:59,16
6056_5__6411_5,6056,6056_5,6411,6411_5,947,33,6.2000000000000455,16:30:59,16:38:59,16
6056_5__6411_5,6056,6056_5,6411,6411_5,327,34,6.366666666666561,16:30:59,16:38:59,16
6056_5__6411_5,6056,6056_5,6411,6411_5,3284,35,7.316666666666606,16:30:59,16:38:59,16
6056_5__6411_5,6056,6056_5,6411,6411_5,3282,36,7.616666666666788,16:30:59,16:38:59,16
6056_5__6411_5,6056,6056_5,6411,6411_5,2583,37,7.6666666666667425,16:30:59,16:38:59,16
6056_5__6411_5,6056,6056_5,6411,6411_5,2590,38,7.783333333333303,16:30:59,16:38:59,16
6056_5__6411_5,6056,6056_5,6411,6411_5,603,39,8.333333333333258,16:30:59,16:38:59,16
6056_6__6411_6,6056,6056_6,6411,6411_6,3797,1,10.0,19:25:00,19:35:00,19
6056_6__6411_6,6056,6056_6,6411,6411_6,2984,2,10.716666666666697,19:25:00,19:35:00,19
6056_6__6411_6,6056,6056_6,6411,6411_6,2685,3,11.716666666666697,19:25:00,19:35:00,19
6056_6__6411_6,6056,6056_6,6411,6411_6,3649,4,11.450000000000045,19:25:00,19:35:00,19
6056_6__6411_6,6056,6056_6,6411,6411_6,3747,5,11.150000000000091,19:25:00,19:35:00,19
6056_6__6411_6,6056,6056_6,6411,6411_6,482,6,11.88333333333344,19:25:00,19:35:00,19
6056_6__6411_6,6056,6056_6,6411,6411_6,709,7,12.266666666666652,19:25:00,19:35:00,19
6056_6__6411_6,6056,6056_6,6411,6411_6,1577,8,11.416666666666742,19:25:00,19:35:00,19
6056_6__6411_6,6056,6056_6,6411,6411_6,990,9,9.449999999999818,19:25:00,19:35:00,19
6056_6__6411_6,6056,6056_6,6411,6411_6,109,10,9.483333333333348,19:25:00,19:35:00,19
6056_6__6411_6,6056,6056_6,6411,6411_6,396,11,9.716666666666697,19:25:00,19:35:00,19
6056_6__6411_6,6056,6056_6,6411,6411_6,1253,12,9.75,19:25:00,19:35:00,19
6056_6__6411_6,6056,6056_6,6411,6411_6,1554,13,9.183333333333394,19:25:00,19:35:00,19
6056_6__6411_6,6056,6056_6,6411,6411_6,1099,14,9.983333333333348,19:25:00,19:35:00,19
6056_6__6411_6,6056,6056_6,6411,6411_6,168,15,8.349999999999909,19:25:00,19:35:00,19
6056_6__6411_6,6056,6056_6,6411,6411_6,929,16,8.566666666666606,19:25:00,19:35:00,19
6056_6__6411_6,6056,6056_6,6411,6411_6,94,17,9.716666666666697,19:25:00,19:35:00,19
6056_6__6411_6,6056,6056_6,6411,6411_6,1080,18,9.683333333333167,19:25:00,19:35:00,19
6056_6__6411_6,6056,6056_6,6411,6411_6,146,19,9.150000000000091,19:25:00,19:35:00,19
6056_6__6411_6,6056,6056_6,6411,6411_6,1089,20,9.733333333333348,19:25:00,19:35:00,19
6056_6__6411_6,6056,6056_6,6411,6411_6,213,21,10.266666666666652,19:25:00,19:35:00,19
6056_6__6411_6,6056,6056_6,6411,6411_6,3907,22,11.066666666666606,19:25:00,19:35:00,19
6056_6__6411_6,6056,6056_6,6411,6411_6,949,23,11.0,19:25:00,19:35:00,19
6056_6__6411_6,6056,6056_6,6411,6411_6,913,24,10.0,19:25:00,19:35:00,19
6056_6__6411_6,6056,6056_6,6411,6411_6,307,25,10.650000000000091,19:25:00,19:35:00,19
6056_6__6411_6,6056,6056_6,6411,6411_6,212,26,10.399999999999864,19:25:00,19:35:00,19
6056_6__6411_6,6056,6056_6,6411,6411_6,2665,27,9.799999999999955,19:25:00,19:35:00,19
6056_6__6411_6,6056,6056_6,6411,6411_6,2736,28,10.13333333333344,19:25:00,19:35:00,19
6056_6__6411_6,6056,6056_6,6411,6411_6,705,29,12.966666666666697,19:25:00,19:35:00,19
6056_6__6411_6,6056,6056_6,6411,6411_6,2492,31,13.166666666666742,19:25:00,19:35:00,19
6056_6__6411_6,6056,6056_6,6411,6411_6,946,32,12.149999999999864,19:25:00,19:35:00,19
6056_6__6411_6,6056,6056_6,6411,6411_6,947,33,11.916666666666742,19:25:00,19:35:00,19
6056_6__6411_6,6056,6056_6,6411,6411_6,327,34,11.483333333333348,19:25:00,19:35:00,19
6056_6__6411_6,6056,6056_6,6411,6411_6,3284,35,11.683333333333394,19:25:00,19:35:00,19
6056_6__6411_6,6056,6056_6,6411,6411_6,3282,36,11.75,19:25:00,19:35:00,19
6056_6__6411_6,6056,6056_6,6411,6411_6,2583,37,10.599999999999909,19:25:00,19:35:00,19
6056_6__6411_6,6056,6056_6,6411,6411_6,2590,38,10.716666666666697,19:25:00,19:35:00,19
6056_6__6411_6,6056,6056_6,6411,6411_6,603,39,10.083333333333258,19:25:00,19:35:00,19
6085_1__6408_1,6085,6085_1,6408,6408_1,3649,4,9.383333333333326,04:09:42,04:19:05,4
6085_1__6408_1,6085,6085_1,6408,6408_1,3747,5,10.049999999999983,04:09:42,04:19:05,4
6085_1__6408_1,6085,6085_1,6408,6408_1,482,6,10.233333333333348,04:09:42,04:19:05,4
6085_1__6408_1,6085,6085_1,6408,6408_1,709,7,9.783333333333331,04:09:42,04:19:05,4
6085_1__6408_1,6085,6085_1,6408,6408_1,1577,8,9.383333333333354,04:09:42,04:19:05,4
6085_1__6408_1,6085,6085_1,6408,6408_1,990,9,9.083333333333314,04:09:42,04:19:05,4
6085_1__6408_1,6085,6085_1,6408,6408_1,109,10,10.53333333333336,04:09:42,04:19:05,4
6085_1__6408_1,6085,6085_1,6408,6408_1,396,11,10.850000000000023,04:09:42,04:19:05,4
6085_1__6408_1,6085,6085_1,6408,6408_1,1253,12,11.449999999999989,04:09:42,04:19:05,4
6085_1__6408_1,6085,6085_1,6408,6408_1,1554,13,11.75,04:09:42,04:19:05,4
6085_1__6408_1,6085,6085_1,6408,6408_1,1099,14,11.933333333333337,04:09:42,04:19:05,4
6085_1__6408_1,6085,6085_1,6408,6408_1,168,15,13.233333333333348,04:09:42,04:19:05,4
6085_1__6408_1,6085,6085_1,6408,6408_1,929,16,12.866666666666674,04:09:42,04:19:05,4
6085_1__6408_1,6085,6085_1,6408,6408_1,94,17,14.300000000000011,04:09:42,04:19:05,4
6085_1__6408_1,6085,6085_1,6408,6408_1,146,19,15.46666666666664,04:09:42,04:19:05,4
6085_1__6408_1,6085,6085_1,6408,6408_1,1089,20,14.933333333333337,04:09:42,04:19:05,4
6085_1__6408_1,6085,6085_1,6408,6408_1,213,21,15.416666666666686,04:09:42,04:19:05,4
6085_1__6408_1,6085,6085_1,6408,6408_1,3907,22,15.849999999999966,04:09:42,04:19:05,4
6085_1__6408_1,6085,6085_1,6408,6408_1,949,23,16.283333333333303,04:09:42,04:19:05,4
6085_1__6408_1,6085,6085_1,6408,6408_1,913,24,16.583333333333314,04:09:42,04:19:05,4
6085_1__6408_1,6085,6085_1,6408,6408_1,307,25,16.30000000000001,04:09:42,04:19:05,4
6085_1__6408_1,6085,6085_1,6408,6408_1,212,26,15.049999999999955,04:09:42,04:19:05,4
6085_1__6408_1,6085,6085_1,6408,6408_1,2665,27,14.733333333333348,04:09:42,04:19:05,4
6085_1__6408_1,6085,6085_1,6408,6408_1,2736,28,14.433333333333337,04:09:42,04:19:05,4
6085_1__6408_1,6085,6085_1,6408,6408_1,705,29,16.183333333333337,04:09:42,04:19:05,4
6085_1__6408_1,6085,6085_1,6408,6408_1,9979,30,15.300000000000011,04:09:42,04:19:05,4
6085_1__6408_1,6085,6085_1,6408,6408_1,2492,31,14.883333333333326,04:09:42,04:19:05,4
6085_1__6408_1,6085,6085_1,6408,6408_1,946,32,13.5,04:09:42,04:19:05,4
6085_1__6408_1,6085,6085_1,6408,6408_1,947,33,13.583333333333314,04:09:42,04:19:05,4
6085_1__6408_1,6085,6085_1,6408,6408_1,327,34,13.916666666666629,04:09:42,04:19:05,4
6085_1__6408_1,6085,6085_1,6408,6408_1,3282,36,15.566666666666663,04:09:42,04:19:05,4
6085_1__6408_1,6085,6085_1,6408,6408_1,2583,37,15.233333333333348,04:09:42,04:19:05,4
6085_1__6408_1,6085,6085_1,6408,6408_1,2590,38,15.03333333333336,04:09:42,04:19:05,4
6085_1__6408_1,6085,6085_1,6408,6408_1,603,39,16.566666666666663,04:09:42,04:19:05,4
6085_2__6408_2,6085,6085_2,6408,6408_2,2685,3,10.71666666666664,06:59:37,07:10:20,6
6085_2__6408_2,6085,6085_2,6408,6408_2,3649,4,10.583333333333371,06:59:37,07:10:20,6
6085_2__6408_2,6085,6085_2,6408,6408_2,3747,5,11.049999999999955,06:59:37,07:10:20,6
6085_2__6408_2,6085,6085_2,6408,6408_2,482,6,11.550000000000011,06:59:37,07:10:20,6
6085_2__6408_2,6085,6085_2,6408,6408_2,709,7,12.800000000000011,06:59:37,07:10:20,6
6085_2__6408_2,6085,6085_2,6408,6408_2,1577,8,12.316666666666663,06:59:37,07:10:20,6
6085_2__6408_2,6085,6085_2,6408,6408_2,990,9,13.25,06:59:37,07:10:20,6
6085_2__6408_2,6085,6085_2,6408,6408_2,109,10,12.366666666666674,06:59:37,07:10:20,6
6085_2__6408_2,6085,6085_2,6408,6408_2,396,11,13.049999999999955,06:59:37,07:10:20,6
6085_2__6408_2,6085,6085_2,6408,6408_2,1253,12,12.949999999999989,06:59:37,07:10:20,6
6085_2__6408_2,6085,6085_2,6408,6408_2,1554,13,12.550000000000011,06:59:37,07:10:20,6
6085_2__6408_2,6085,6085_2,6408,6408_2,1099,14,13.75,06:59:37,07:10:20,6
6085_2__6408_2,6085,6085_2,6408,6408_2,168,15,12.200000000000045,06:59:37,07:10:20,6
6085_2__6408_2,6085,6085_2,6408,6408_2,929,16,10.983333333333348,06:59:37,07:10:20,6
6085_2__6408_2,6085,6085_2,6408,6408_2,94,17,11.916666666666686,06:59:37,07:10:20,6
6085_2__6408_2,6085,6085_2,6408,6408_2,1080,18,12.050000000000011,06:59:37,07:10:20,6
6085_2__6408_2,6085,6085_2,6408,6408_2,146,19,12.266666666666708,06:59:37,07:10:20,6
6085_2__6408_2,6085,6085_2,6408,6408_2,1089,20,13.649999999999977,06:59:37,07:10:20,6
6085_2__6408_2,6085,6085_2,6408,6408_2,213,21,12.983333333333348,06:59:37,07:10:20,6
6085_2__6408_2,6085,6085_2,6408,6408_2,3907,22,13.366666666666674,06:59:37,07:10:20,6
6085_2__6408_2,6085,6085_2,6408,6408_2,949,23,12.5,06:59:37,07:10:20,6
6085_2__6408_2,6085,6085_2,6408,6408_2,913,24,13.566666666666663,06:59:37,07:10:20,6
6085_2__6408_2,6085,6085_2,6408,6408_2,307,25,13.366666666666617,06:59:37,07:10:20,6
6085_2__6408_2,6085,6085_2,6408,6408_2,212,26,15.300000000000011,06:59:37,07:10:20,6
6085_2__6408_2,6085,6085_2,6408,6408_2,2736,28,14.96666666666664,06:59:37,07:10:20,6
6085_2__6408_2,6085,6085_2,6408,6408_2,705,29,15.016666666666652,06:59:37,07:10:20,6
6085_2__6408_2,6085,6085_2,6408,6408_2,9979,30,15.099999999999966,06:59:37,07:10:20,6
6085_2__6408_2,6085,6085_2,6408,6408_2,2492,31,15.066666666666663,06:59:37,07:10:20,6
6085_2__6408_2,6085,6085_2,6408,6408_2,947,33,16.899999999999977,06:59:37,07:10:20,6
6085_2__6408_2,6085,6085_2,6408,6408_2,327,34,17.23333333333335,06:59:37,07:10:20,6
6085_2__6408_2,6085,6085_2,6408,6408_2,3284,35,18.033333333333303,06:59:37,07:10:20,6
6085_2__6408_2,6085,6085_2,6408,6408_2,3282,36,18.150000000000034,06:59:37,07:10:20,6
6085_2__6408_2,6085,6085_2,6408,6408_2,2590,38,19.0,06:59:37,07:10:20,6
6085_2__6408_2,6085,6085_2,6408,6408_2,603,39,20.333333333333314,06:59:37,07:10:20,6
6102_1__6211_4,6102,6102_1,6211,6211_4,2984,2,8.116666666666674,11:38:33,11:46:40,11
6102_1__6211_4,6102,6102_1,6211,6211_4,2685,3,8.150000000000091,11:38:33,11:46:40,11
6102_1__6211_4,6102,6102_1,6211,6211_4,3649,4,8.450000000000045,11:38:33,11:46:40,11
6102_1__6211_4,6102,6102_1,6211,6211_4,3747,5,9.200000000000045,11:38:33,11:46:40,11
6102_1__6211_4,6102,6102_1,6211,6211_4,482,6,10.25,11:38:33,11:46:40,11
6102_1__6211_4,6102,6102_1,6211,6211_4,709,7,9.816666666666606,11:38:33,11:46:40,11
6102_1__6211_4,6102,6102_1,6211,6211_4,1577,8,10.866666666666674,11:38:33,11:46:40,11
6102_1__6211_4,6102,6102_1,6211,6211_4,990,9,12.133333333333326,11:38:33,11:46:40,11
6102_1__6211_4,6102,6102_1,6211,6211_4,109,10,10.366666666666674,11:38:33,11:46:40,11
6102_1__6211_4,6102,6102_1,6211,6211_4,396,11,10.166666666666742,11:38:33,11:46:40,11
6102_1__6211_4,6102,6102_1,6211,6211_4,1253,12,9.050000000000068,11:38:33,11:46:40,11
6102_1__6211_4,6102,6102_1,6211,6211_4,1554,13,10.283333333333303,11:38:33,11:46:40,11
6102_1__6211_4,6102,6102_1,6211,6211_4,1099,14,11.100000000000023,11:38:33,11:46:40,11
6102_1__6211_4,6102,6102_1,6211,6211_4,168,15,12.333333333333371,11:38:33,11:46:40,11
6102_1__6211_4,6102,6102_1,6211,6211_4,929,16,11.533333333333417,11:38:33,11:46:40,11
6102_1__6211_4,6102,6102_1,6211,6211_4,94,17,11.266666666666765,11:38:33,11:46:40,11
6102_1__6211_4,6102,6102_1,6211,6211_4,1080,18,13.049999999999955,11:38:33,11:46:40,11
6102_1__6211_4,6102,6102_1,6211,6211_4,146,19,12.766666666666652,11:38:33,11:46:40,11
6102_1__6211_4,6102,6102_1,6211,6211_4,1089,20,14.083333333333258,11:38:33,11:46:40,11
6102_1__6211_4,6102,6102_1,6211,6211_4,213,21,14.216666666666697,11:38:33,11:46:40,11
6102_1__6211_4,6102,6102_1,6211,6211_4,3907,22,14.716666666666697,11:38:33,11:46:40,11
6102_1__6211_4,6102,6102_1,6211,6211_4,949,23,15.149999999999977,11:38:33,11:46:40,11
6102_1__6211_4,6102,6102_1,6211,6211_4,913,24,14.416666666666629,11:38:33,11:46:40,11
6102_1__6211_4,6102,6102_1,6211,6211_4,307,25,14.866666666666674,11:38:33,11:46:40,11
6102_1__6211_4,6102,6102_1,6211,6211_4,212,26,14.783333333333303,11:38:33,11:46:40,11
6102_1__6211_4,6102,6102_1,6211,6211_4,2665,27,14.86666666666656,11:38:33,11:46:40,11
6102_1__6211_4,6102,6102_1,6211,6211_4,2736,28,15.43333333333328,11:38:33,11:46:40,11
6102_1__6211_4,6102,6102_1,6211,6211_4,705,29,14.916666666666629,11:38:33,11:46:40,11
6102_1__6211_4,6102,6102_1,6211,6211_4,9979,30,16.083333333333258,11:38:33,11:46:40,11
6102_1__6211_4,6102,6102_1,6211,6211_4,2492,31,16.200000000000045,11:38:33,11:46:40,11
6102_1__6211_4,6102,6102_1,6211,6211_4,946,32,15.600000000000023,11:38:33,11:46:40,11
6102_1__6211_4,6102,6102_1,6211,6211_4,947,33,15.033333333333303,11:38:33,11:46:40,11
6102_1__6211_4,6102,6102_1,6211,6211_4,327,34,14.366666666666674,11:38:33,11:46:40,11
6102_1__6211_4,6102,6102_1,6211,6211_4,3284,35,14.800000000000068,11:38:33,11:46:40,11
6102_1__6211_4,6102,6102_1,6211,6211_4,3282,36,16.383333333333326,11:38:33,11:46:40,11
6102_1__6211_4,6102,6102_1,6211,6211_4,2583,37,16.116666666666674,11:38:33,11:46:40,11
6102_1__6211_4,6102,6102_1,6211,6211_4,2590,38,16.116666666666674,11:38:33,11:46:40,11
6102_1__6211_4,6102,6102_1,6211,6211_4,603,39,15.699999999999932,11:38:33,11:46:40,11
6102_2__6037_5,6102,6102_2,6037,6037_5,3797,1,14.633333333333326,14:32:14,14:46:52,14
6102_2__6037_5,6102,6102_2,6037,6037_5,2984,2,14.483333333333348,14:32:14,14:46:52,14
6102_2__6037_5,6102,6102_2,6037,6037_5,2685,3,13.733333333333348,14:32:14,14:46:52,14
6102_2__6037_5,6102,6102_2,6037,6037_5,3649,4,12.483333333333348,14:32:14,14:46:52,14
6102_2__6037_5,6102,6102_2,6037,6037_5,3747,5,12.333333333333371,14:32:14,14:46:52,14
6102_2__6037_5,6102,6102_2,6037,6037_5,482,6,12.350000000000023,14:32:14,14:46:52,14
6102_2__6037_5,6102,6102_2,6037,6037_5,709,7,11.600000000000023,14:32:14,14:46:52,14
6102_2__6037_5,6102,6102_2,6037,6037_5,1577,8,12.38333333333344,14:32:14,14:46:52,14
6102_2__6037_5,6102,6102_2,6037,6037_5,990,9,13.333333333333371,14:32:14,14:46:52,14
6102_2__6037_5,6102,6102_2,6037,6037_5,109,10,12.81666666666672,14:32:14,14:46:52,14
6102_2__6037_5,6102,6102_2,6037,6037_5,396,11,13.166666666666629,14:32:14,14:46:52,14
6102_2__6037_5,6102,6102_2,6037,6037_5,1253,12,12.599999999999909,14:32:14,14:46:52,14
6102_2__6037_5,6102,6102_2,6037,6037_5,1554,13,12.183333333333394,14:32:14,14:46:52,14
6102_2__6037_5,6102,6102_2,6037,6037_5,1099,14,13.56666666666672,14:32:14,14:46:52,14
6102_2__6037_5,6102,6102_2,6037,6037_5,168,15,13.350000000000023,14:32:14,14:46:52,14
6102_2__6037_5,6102,6102_2,6037,6037_5,929,16,16.666666666666742,14:32:14,14:46:52,14
6102_2__6037_5,6102,6102_2,6037,6037_5,94,17,15.799999999999955,14:32:14,14:46:52,14
6102_2__6037_5,6102,6102_2,6037,6037_5,1080,18,16.299999999999955,14:32:14,14:46:52,14
6102_2__6037_5,6102,6102_2,6037,6037_5,146,19,16.083333333333258,14:32:14,14:46:52,14
6102_2__6037_5,6102,6102_2,6037,6037_5,1089,20,17.800000000000068,14:32:14,14:46:52,14
6102_2__6037_5,6102,6102_2,6037,6037_5,213,21,17.966666666666697,14:32:14,14:46:52,14
6102_2__6037_5,6102,6102_2,6037,6037_5,3907,22,17.59999999999991,14:32:14,14:46:52,14
6102_2__6037_5,6102,6102_2,6037,6037_5,949,23,16.01666666666665,14:32:14,14:46:52,14
6102_2__6037_5,6102,6102_2,6037,6037_5,913,24,17.933333333333394,14:32:14,14:46:52,14
6102_2__6037_5,6102,6102_2,6037,6037_5,307,25,17.0,14:32:14,14:46:52,14
6102_2__6037_5,6102,6102_2,6037,6037_5,212,26,17.583333333333258,14:32:14,14:46:52,14
6102_2__6037_5,6102,6102_2,6037,6037_5,2665,27,18.783333333333417,14:32:14,14:46:52,14
6102_2__6037_5,6102,6102_2,6037,6037_5,2736,28,18.683333333333394,14:32:14,14:46:52,14
6102_2__6037_5,6102,6102_2,6037,6037_5,705,29,19.75,14:32:14,14:46:52,14
6102_2__6037_5,6102,6102_2,6037,6037_5,9979,30,21.449999999999932,14:32:14,14:46:52,14
6102_2__6037_5,6102,6102_2,6037,6037_5,327,34,16.98333333333335,14:32:14,14:46:52,14
6102_2__6037_5,6102,6102_2,6037,6037_5,3284,35,16.850000000000023,14:32:14,14:46:52,14
6102_2__6037_5,6102,6102_2,6037,6037_5,3282,36,15.300000000000068,14:32:14,14:46:52,14
6102_2__6037_5,6102,6102_2,6037,6037_5,2583,37,13.150000000000091,14:32:14,14:46:52,14
6102_2__6037_5,6102,6102_2,6037,6037_5,2590,38,14.93333333333328,14:32:14,14:46:52,14
6102_2__6037_5,6102,6102_2,6037,6037_5,603,39,14.450000000000045,14:32:14,14:46:52,14
6102_3__1530_2,6102,6102_3,1530,1530_2,3797,1,8.016666666666652,17:34:59,17:43:00,17
6102_3__1530_2,6102,6102_3,1530,1530_2,2984,2,8.266666666666652,17:34:59,17:43:00,17
6102_3__1530_2,6102,6102_3,1530,1530_2,2685,3,8.183333333333394,17:34:59,17:43:00,17
6102_3__1530_2,6102,6102_3,1530,1530_2,3649,4,7.216666666666697,17:34:59,17:43:00,17
6102_3__1530_2,6102,6102_3,1530,1530_2,3747,5,6.9166666666667425,17:34:59,17:43:00,17
6102_3__1530_2,6102,6102_3,1530,1530_2,482,6,7.216666666666697,17:34:59,17:43:00,17
6102_3__1530_2,6102,6102_3,1530,1530_2,709,7,4.149999999999864,17:34:59,17:43:00,17
6102_3__1530_2,6102,6102_3,1530,1530_2,1577,8,4.9166666666667425,17:34:59,17:43:00,17
6102_3__1530_2,6102,6102_3,1530,1530_2,990,9,4.533333333333303,17:34:59,17:43:00,17
6102_3__1530_2,6102,6102_3,1530,1530_2,1253,12,9.100000000000136,17:34:59,17:43:00,17
6102_3__1530_2,6102,6102_3,1530,1530_2,168,15,7.866666666666788,17:34:59,17:43:00,17
6102_3__1530_2,6102,6102_3,1530,1530_2,94,17,10.166666666666742,17:34:59,17:43:00,17
6102_3__1530_2,6102,6102_3,1530,1530_2,146,19,8.5,17:34:59,17:43:00,17
6102_3__1530_2,6102,6102_3,1530,1530_2,1089,20,7.716666666666697,17:34:59,17:43:00,17
6102_3__1530_2,6102,6102_3,1530,1530_2,212,26,9.46666666666647,17:34:59,17:43:00,17
6102_3__1530_2,6102,6102_3,1530,1530_2,2665,27,8.600000000000136,17:34:59,17:43:00,17
6102_3__1530_2,6102,6102_3,1530,1530_2,2736,28,8.86666666666656,17:34:59,17:43:00,17
6102_3__1530_2,6102,6102_3,1530,1530_2,946,32,7.100000000000136,17:34:59,17:43:00,17
6102_3__1530_2,6102,6102_3,1530,1530_2,947,33,6.5,17:34:59,17:43:00,17
6102_3__1530_2,6102,6102_3,1530,1530_2,3284,35,7.5166666666666515,17:34:59,17:43:00,17
6102_3__1530_2,6102,6102_3,1530,1530_2,2583,37,6.383333333333212,17:34:59,17:43:00,17
6102_3__1530_2,6102,6102_3,1530,1530_2,2590,38,5.7999999999999545,17:34:59,17:43:00,17
6105_1__6056_3,6105,6105_1,6056,6056_3,3797,1,8.383333333333326,10:28:40,10:37:03,10
6105_1__6056_3,6105,6105_1,6056,6056_3,2984,2,9.416666666666742,10:28:40,10:37:03,10
6105_1__6056_3,6105,6105_1,6056,6056_3,2685,3,8.766666666666652,10:28:40,10:37:03,10
6105_1__6056_3,6105,6105_1,6056,6056_3,3649,4,9.733333333333348,10:28:40,10:37:03,10
6105_1__6056_3,6105,6105_1,6056,6056_3,3747,5,9.100000000000023,10:28:40,10:37:03,10
6105_1__6056_3,6105,6105_1,6056,6056_3,482,6,9.283333333333417,10:28:40,10:37:03,10
6105_1__6056_3,6105,6105_1,6056,6056_3,709,7,10.899999999999977,10:28:40,10:37:03,10
6105_1__6056_3,6105,6105_1,6056,6056_3,1577,8,10.75,10:28:40,10:37:03,10
6105_1__6056_3,6105,6105_1,6056,6056_3,990,9,11.099999999999909,10:28:40,10:37:03,10
6105_1__6056_3,6105,6105_1,6056,6056_3,109,10,10.783333333333417,10:28:40,10:37:03,10
6105_1__6056_3,6105,6105_1,6056,6056_3,396,11,10.783333333333303,10:28:40,10:37:03,10
6105_1__6056_3,6105,6105_1,6056,6056_3,1253,12,11.116666666666674,10:28:40,10:37:03,10
6105_1__6056_3,6105,6105_1,6056,6056_3,1554,13,12.516666666666652,10:28:40,10:37:03,10
6105_1__6056_3,6105,6105_1,6056,6056_3,1099,14,13.149999999999977,10:28:40,10:37:03,10
6105_1__6056_3,6105,6105_1,6056,6056_3,168,15,13.200000000000045,10:28:40,10:37:03,10
6105_1__6056_3,6105,6105_1,6056,6056_3,929,16,13.166666666666742,10:28:40,10:37:03,10
6105_1__6056_3,6105,6105_1,6056,6056_3,94,17,12.25,10:28:40,10:37:03,10
6105_1__6056_3,6105,6105_1,6056,6056_3,1080,18,10.883333333333326,10:28:40,10:37:03,10
6105_1__6056_3,6105,6105_1,6056,6056_3,146,19,12.31666666666672,10:28:40,10:37:03,10
6105_1__6056_3,6105,6105_1,6056,6056_3,1089,20,12.899999999999977,10:28:40,10:37:03,10
6105_1__6056_3,6105,6105_1,6056,6056_3,213,21,12.5,10:28:40,10:37:03,10
6105_1__6056_3,6105,6105_1,6056,6056_3,3907,22,11.233333333333348,10:28:40,10:37:03,10
6105_1__6056_3,6105,6105_1,6056,6056_3,949,23,12.416666666666742,10:28:40,10:37:03,10
6105_1__6056_3,6105,6105_1,6056,6056_3,913,24,12.299999999999955,10:28:40,10:37:03,10
6105_1__6056_3,6105,6105_1,6056,6056_3,307,25,12.366666666666674,10:28:40,10:37:03,10
6105_1__6056_3,6105,6105_1,6056,6056_3,212,26,11.833333333333371,10:28:40,10:37:03,10
6105_1__6056_3,6105,6105_1,6056,6056_3,2665,27,11.833333333333258,10:28:40,10:37:03,10
6105_1__6056_3,6105,6105_1,6056,6056_3,2736,28,12.549999999999955,10:28:40,10:37:03,10
6105_1__6056_3,6105,6105_1,6056,6056_3,705,29,11.75,10:28:40,10:37:03,10
6105_1__6056_3,6105,6105_1,6056,6056_3,9979,30,12.75,10:28:40,10:37:03,10
6105_1__6056_3,6105,6105_1,6056,6056_3,2492,31,12.833333333333371,10:28:40,10:37:03,10
6105_1__6056_3,6105,6105_1,6056,6056_3,946,32,13.616666666666674,10:28:40,10:37:03,10
6105_1__6056_3,6105,6105_1,6056,6056_3,947,33,13.699999999999932,10:28:40,10:37:03,10
6105_1__6056_3,6105,6105_1,6056,6056_3,327,34,13.616666666666674,10:28:40,10:37:03,10
6105_1__6056_3,6105,6105_1,6056,6056_3,3284,35,14.049999999999955,10:28:40,10:37:03,10
6105_1__6056_3,6105,6105_1,6056,6056_3,3282,36,13.36666666666656,10:28:40,10:37:03,10
6105_1__6056_3,6105,6105_1,6056,6056_3,2583,37,14.016666666666652,10:28:40,10:37:03,10
6105_1__6056_3,6105,6105_1,6056,6056_3,2590,38,13.549999999999955,10:28:40,10:37:03,10
6105_1__6056_3,6105,6105_1,6056,6056_3,603,39,12.533333333333417,10:28:40,10:37:03,10
6105_2__6056_4,6105,6105_2,6056,6056_4,3797,1,8.350000000000023,13:23:33,13:31:54,13
6105_2__6056_4,6105,6105_2,6056,6056_4,2984,2,7.550000000000068,13:23:33,13:31:54,13
6105_2__6056_4,6105,6105_2,6056,6056_4,2685,3,7.833333333333371,13:23:33,13:31:54,13
6105_2__6056_4,6105,6105_2,6056,6056_4,3747,5,6.933333333333394,13:23:33,13:31:54,13
6105_2__6056_4,6105,6105_2,6056,6056_4,1577,8,5.633333333333326,13:23:33,13:31:54,13
6105_2__6056_4,6105,6105_2,6056,6056_4,990,9,5.833333333333371,13:23:33,13:31:54,13
6105_2__6056_4,6105,6105_2,6056,6056_4,929,16,4.68333333333328,13:23:33,13:31:54,13
6105_2__6056_4,6105,6105_2,6056,6056_4,94,17,5.216666666666583,13:23:33,13:31:54,13
6105_2__6056_4,6105,6105_2,6056,6056_4,213,21,3.3999999999999773,13:23:33,13:31:54,13
6105_2__6056_4,6105,6105_2,6056,6056_4,2665,27,1.650000000000091,13:23:33,13:31:54,13
6105_2__6056_4,6105,6105_2,6056,6056_4,705,29,2.1333333333333258,13:23:33,13:31:54,13
6105_2__6056_4,6105,6105_2,6056,6056_4,947,33,1.4499999999999318,13:23:33,13:31:54,13
6105_2__6056_4,6105,6105_2,6056,6056_4,327,34,1.6499999999999773,13:23:33,13:31:54,13
6105_2__6056_4,6105,6105_2,6056,6056_4,603,39,1.1499999999999773,13:23:33,13:31:54,13
6105_3__6056_5,6105,6105_3,6056,6056_5,3797,1,6.4500000000000455,16:24:32,16:30:59,16
6105_3__6056_5,6105,6105_3,6056,6056_5,2984,2,7.883333333333326,16:24:32,16:30:59,16
6105_3__6056_5,6105,6105_3,6056,6056_5,2685,3,8.666666666666629,16:24:32,16:30:59,16
6105_3__6056_5,6105,6105_3,6056,6056_5,3649,4,7.033333333333417,16:24:32,16:30:59,16
6105_3__6056_5,6105,6105_3,6056,6056_5,3747,5,6.166666666666629,16:24:32,16:30:59,16
6105_3__6056_5,6105,6105_3,6056,6056_5,482,6,5.983333333333235,16:24:32,16:30:59,16
6105_3__6056_5,6105,6105_3,6056,6056_5,709,7,5.583333333333371,16:24:32,16:30:59,16
6105_3__6056_5,6105,6105_3,6056,6056_5,1577,8,5.866666666666674,16:24:32,16:30:59,16
6105_3__6056_5,6105,6105_3,6056,6056_5,990,9,5.383333333333326,16:24:32,16:30:59,16
6105_3__6056_5,6105,6105_3,6056,6056_5,109,10,4.016666666666765,16:24:32,16:30:59,16
6105_3__6056_5,6105,6105_3,6056,6056_5,396,11,4.7666666666666515,16:24:32,16:30:59,16
6105_3__6056_5,6105,6105_3,6056,6056_5,1253,12,4.683333333333394,16:24:32,16:30:59,16
6105_3__6056_5,6105,6105_3,6056,6056_5,1554,13,4.649999999999977,16:24:32,16:30:59,16
6105_3__6056_5,6105,6105_3,6056,6056_5,1099,14,5.0166666666666515,16:24:32,16:30:59,16
6105_3__6056_5,6105,6105_3,6056,6056_5,168,15,5.783333333333417,16:24:32,16:30:59,16
6105_3__6056_5,6105,6105_3,6056,6056_5,929,16,6.133333333333439,16:24:32,16:30:59,16
6105_3__6056_5,6105,6105_3,6056,6056_5,94,17,6.93333333333328,16:24:32,16:30:59,16
6105_3__6056_5,6105,6105_3,6056,6056_5,1080,18,6.4166666666667425,16:24:32,16:30:59,16
6105_3__6056_5,6105,6105_3,6056,6056_5,146,19,7.850000000000136,16:24:32,16:30:59,16
6105_3__6056_5,6105,6105_3,6056,6056_5,1089,20,7.183333333333394,16:24:32,16:30:59,16
6105_3__6056_5,6105,6105_3,6056,6056_5,213,21,6.4833333333333485,16:24:32,16:30:59,16
6105_3__6056_5,6105,6105_3,6056,6056_5,3907,22,6.849999999999909,16:24:32,16:30:59,16
6105_3__6056_5,6105,6105_3,6056,6056_5,949,23,6.400000000000091,16:24:32,16:30:59,16
6105_3__6056_5,6105,6105_3,6056,6056_5,913,24,5.5,16:24:32,16:30:59,16
6105_3__6056_5,6105,6105_3,6056,6056_5,307,25,4.683333333333394,16:24:32,16:30:59,16
6105_3__6056_5,6105,6105_3,6056,6056_5,212,26,4.4166666666667425,16:24:32,16:30:59,16
6105_3__6056_5,6105,6105_3,6056,6056_5,2665,27,4.116666666666788,16:24:32,16:30:59,16
6105_3__6056_5,6105,6105_3,6056,6056_5,2736,28,3.599999999999909,16:24:32,16:30:59,16
6105_3__6056_5,6105,6105_3,6056,6056_5,705,29,3.199999999999818,16:24:32,16:30:59,16
6105_3__6056_5,6105,6105_3,6056,6056_5,9979,30,3.7999999999999545,16:24:32,16:30:59,16
6105_3__6056_5,6105,6105_3,6056,6056_5,2492,31,3.099999999999909,16:24:32,16:30:59,16
6105_3__6056_5,6105,6105_3,6056,6056_5,946,32,3.7333333333333485,16:24:32,16:30:59,16
6105_3__6056_5,6105,6105_3,6056,6056_5,947,33,3.933333333333394,16:24:32,16:30:59,16
6105_3__6056_5,6105,6105_3,6056,6056_5,327,34,3.75,16:24:32,16:30:59,16
6105_3__6056_5,6105,6105_3,6056,6056_5,3284,35,2.9500000000000455,16:24:32,16:30:59,16
6105_3__6056_5,6105,6105_3,6056,6056_5,3282,36,2.066666666666606,16:24:32,16:30:59,16
6105_3__6056_5,6105,6105_3,6056,6056_5,2583,37,3.066666666666606,16:24:32,16:30:59,16
6105_3__6056_5,6105,6105_3,6056,6056_5,2590,38,1.466666666666697,16:24:32,16:30:59,16
6105_3__6056_5,6105,6105_3,6056,6056_5,603,39,1.650000000000091,16:24:32,16:30:59,16
6105_4__6056_6,6105,6105_4,6056,6056_6,3797,1,10.016666666666652,19:14:59,19:25:00,19
6105_4__6056_6,6105,6105_4,6056,6056_6,2984,2,8.933333333333167,19:14:59,19:25:00,19
6105_4__6056_6,6105,6105_4,6056,6056_6,2685,3,8.266666666666652,19:14:59,19:25:00,19
6105_4__6056_6,6105,6105_4,6056,6056_6,3649,4,8.600000000000136,19:14:59,19:25:00,19
6105_4__6056_6,6105,6105_4,6056,6056_6,3747,5,7.633333333333212,19:14:59,19:25:00,19
6105_4__6056_6,6105,6105_4,6056,6056_6,482,6,7.2333333333333485,19:14:59,19:25:00,19
6105_4__6056_6,6105,6105_4,6056,6056_6,709,7,7.5,19:14:59,19:25:00,19
6105_4__6056_6,6105,6105_4,6056,6056_6,1577,8,7.0166666666666515,19:14:59,19:25:00,19
6105_4__6056_6,6105,6105_4,6056,6056_6,990,9,8.333333333333485,19:14:59,19:25:00,19
6105_4__6056_6,6105,6105_4,6056,6056_6,109,10,8.933333333333394,19:14:59,19:25:00,19
6105_4__6056_6,6105,6105_4,6056,6056_6,396,11,7.4166666666667425,19:14:59,19:25:00,19
6105_4__6056_6,6105,6105_4,6056,6056_6,1253,12,7.666666666666515,19:14:59,19:25:00,19
6105_4__6056_6,6105,6105_4,6056,6056_6,1554,13,6.633333333333439,19:14:59,19:25:00,19
6105_4__6056_6,6105,6105_4,6056,6056_6,1099,14,6.466666666666697,19:14:59,19:25:00,19
6105_4__6056_6,6105,6105_4,6056,6056_6,168,15,7.150000000000091,19:14:59,19:25:00,19
6105_4__6056_6,6105,6105_4,6056,6056_6,929,16,7.066666666666606,19:14:59,19:25:00,19
6105_4__6056_6,6105,6105_4,6056,6056_6,94,17,6.133333333333439,19:14:59,19:25:00,19
6105_4__6056_6,6105,6105_4,6056,6056_6,1080,18,6.150000000000091,19:14:59,19:25:00,19
6105_4__6056_6,6105,6105_4,6056,6056_6,146,19,6.533333333333303,19:14:59,19:25:00,19
6105_4__6056_6,6105,6105_4,6056,6056_6,1089,20,6.316666666666606,19:14:59,19:25:00,19
6105_4__6056_6,6105,6105_4,6056,6056_6,213,21,6.916666666666515,19:14:59,19:25:00,19
6105_4__6056_6,6105,6105_4,6056,6056_6,3907,22,6.650000000000091,19:14:59,19:25:00,19
6105_4__6056_6,6105,6105_4,6056,6056_6,949,23,6.366666666666561,19:14:59,19:25:00,19
6105_4__6056_6,6105,6105_4,6056,6056_6,913,24,6.383333333333212,19:14:59,19:25:00,19
6105_4__6056_6,6105,6105_4,6056,6056_6,307,25,5.75,19:14:59,19:25:00,19
6105_4__6056_6,6105,6105_4,6056,6056_6,212,26,5.9500000000000455,19:14:59,19:25:00,19
6105_4__6056_6,6105,6105_4,6056,6056_6,2665,27,6.466666666666697,19:14:59,19:25:00,19
6105_4__6056_6,6105,6105_4,6056,6056_6,2736,28,5.283333333333303,19:14:59,19:25:00,19
6105_4__6056_6,6105,6105_4,6056,6056_6,705,29,5.25,19:14:59,19:25:00,19
6105_4__6056_6,6105,6105_4,6056,6056_6,2492,31,5.7999999999999545,19:14:59,19:25:00,19
6105_4__6056_6,6105,6105_4,6056,6056_6,946,32,5.716666666666697,19:14:59,19:25:00,19
6105_4__6056_6,6105,6105_4,6056,6056_6,947,33,6.283333333333303,19:14:59,19:25:00,19
6105_4__6056_6,6105,6105_4,6056,6056_6,327,34,6.6666666666667425,19:14:59,19:25:00,19
6105_4__6056_6,6105,6105_4,6056,6056_6,3284,35,6.383333333333439,19:14:59,19:25:00,19
6105_4__6056_6,6105,6105_4,6056,6056_6,3282,36,7.383333333333212,19:14:59,19:25:00,19
6105_4__6056_6,6105,6105_4,6056,6056_6,2583,37,6.7333333333333485,19:14:59,19:25:00,19
6105_4__6056_6,6105,6105_4,6056,6056_6,2590,38,6.816666666666833,19:14:59,19:25:00,19
6105_4__6056_6,6105,6105_4,6056,6056_6,603,39,6.433333333333394,19:14:59,19:25:00,19
6115_1__6212_4,6115,6115_1,6212,6212_4,3797,1,7.283333333333417,14:04:03,14:11:20,14
6115_1__6212_4,6115,6115_1,6212,6212_4,2984,2,7.833333333333371,14:04:03,14:11:20,14
6115_1__6212_4,6115,6115_1,6212,6212_4,2685,3,6.716666666666583,14:04:03,14:11:20,14
6115_1__6212_4,6115,6115_1,6212,6212_4,3649,4,6.7000000000000455,14:04:03,14:11:20,14
6115_1__6212_4,6115,6115_1,6212,6212_4,3747,5,6.866666666666674,14:04:03,14:11:20,14
6115_1__6212_4,6115,6115_1,6212,6212_4,482,6,6.399999999999977,14:04:03,14:11:20,14
6115_1__6212_4,6115,6115_1,6212,6212_4,709,7,6.649999999999977,14:04:03,14:11:20,14
6115_1__6212_4,6115,6115_1,6212,6212_4,1577,8,5.600000000000023,14:04:03,14:11:20,14
6115_1__6212_4,6115,6115_1,6212,6212_4,990,9,6.0833333333332575,14:04:03,14:11:20,14
6115_1__6212_4,6115,6115_1,6212,6212_4,109,10,6.399999999999977,14:04:03,14:11:20,14
6115_1__6212_4,6115,6115_1,6212,6212_4,396,11,6.7666666666666515,14:04:03,14:11:20,14
6115_1__6212_4,6115,6115_1,6212,6212_4,1253,12,7.816666666666606,14:04:03,14:11:20,14
6115_1__6212_4,6115,6115_1,6212,6212_4,1554,13,7.7666666666666515,14:04:03,14:11:20,14
6115_1__6212_4,6115,6115_1,6212,6212_4,1099,14,7.550000000000068,14:04:03,14:11:20,14
6115_1__6212_4,6115,6115_1,6212,6212_4,168,15,5.81666666666672,14:04:03,14:11:20,14
6115_1__6212_4,6115,6115_1,6212,6212_4,929,16,4.149999999999977,14:04:03,14:11:20,14
6115_1__6212_4,6115,6115_1,6212,6212_4,94,17,5.43333333333328,14:04:03,14:11:20,14
6115_1__6212_4,6115,6115_1,6212,6212_4,1080,18,8.016666666666652,14:04:03,14:11:20,14
6115_1__6212_4,6115,6115_1,6212,6212_4,146,19,7.283333333333303,14:04:03,14:11:20,14
6115_1__6212_4,6115,6115_1,6212,6212_4,1089,20,7.449999999999932,14:04:03,14:11:20,14
6115_1__6212_4,6115,6115_1,6212,6212_4,213,21,7.883333333333326,14:04:03,14:11:20,14
6115_1__6212_4,6115,6115_1,6212,6212_4,3907,22,7.716666666666697,14:04:03,14:11:20,14
6115_1__6212_4,6115,6115_1,6212,6212_4,949,23,8.049999999999955,14:04:03,14:11:20,14
6115_1__6212_4,6115,6115_1,6212,6212_4,913,24,7.93333333333328,14:04:03,14:11:20,14
6115_1__6212_4,6115,6115_1,6212,6212_4,307,25,8.36666666666656,14:04:03,14:11:20,14
6115_1__6212_4,6115,6115_1,6212,6212_4,212,26,7.4500000000000455,14:04:03,14:11:20,14
6115_1__6212_4,6115,6115_1,6212,6212_4,2665,27,7.5166666666666515,14:04:03,14:11:20,14
6115_1__6212_4,6115,6115_1,6212,6212_4,2736,28,7.7666666666666515,14:04:03,14:11:20,14
6115_1__6212_4,6115,6115_1,6212,6212_4,705,29,8.133333333333326,14:04:03,14:11:20,14
6115_1__6212_4,6115,6115_1,6212,6212_4,946,32,8.450000000000045,14:04:03,14:11:20,14
6115_1__6212_4,6115,6115_1,6212,6212_4,947,33,7.866666666666674,14:04:03,14:11:20,14
6115_1__6212_4,6115,6115_1,6212,6212_4,327,34,8.783333333333303,14:04:03,14:11:20,14
6115_1__6212_4,6115,6115_1,6212,6212_4,3284,35,9.049999999999955,14:04:03,14:11:20,14
6115_1__6212_4,6115,6115_1,6212,6212_4,2583,37,9.06666666666672,14:04:03,14:11:20,14
6115_1__6212_4,6115,6115_1,6212,6212_4,2590,38,8.716666666666697,14:04:03,14:11:20,14
6115_1__6212_4,6115,6115_1,6212,6212_4,603,39,8.950000000000045,14:04:03,14:11:20,14
6115_2__6212_5,6115,6115_2,6212,6212_5,3797,1,8.0,16:59:59,17:07:59,16
6115_2__6212_5,6115,6115_2,6212,6212_5,2984,2,9.449999999999932,16:59:59,17:07:59,16
6115_2__6212_5,6115,6115_2,6212,6212_5,2685,3,10.016666666666652,16:59:59,17:07:59,16
6115_2__6212_5,6115,6115_2,6212,6212_5,3649,4,11.549999999999955,16:59:59,17:07:59,16
6115_2__6212_5,6115,6115_2,6212,6212_5,3747,5,10.899999999999864,16:59:59,17:07:59,16
6115_2__6212_5,6115,6115_2,6212,6212_5,482,6,11.583333333333485,16:59:59,17:07:59,16
6115_2__6212_5,6115,6115_2,6212,6212_5,709,7,12.316666666666606,16:59:59,17:07:59,16
6115_2__6212_5,6115,6115_2,6212,6212_5,1577,8,12.766666666666652,16:59:59,17:07:59,16
6115_2__6212_5,6115,6115_2,6212,6212_5,990,9,12.200000000000045,16:59:59,17:07:59,16
6115_2__6212_5,6115,6115_2,6212,6212_5,1554,13,19.333333333333258,16:59:59,17:07:59,16
6115_2__6212_5,6115,6115_2,6212,6212_5,1099,14,20.916666666666742,16:59:59,17:07:59,16
6115_2__6212_5,6115,6115_2,6212,6212_5,168,15,20.550000000000182,16:59:59,17:07:59,16
6115_2__6212_5,6115,6115_2,6212,6212_5,929,16,20.200000000000045,16:59:59,17:07:59,16
6115_2__6212_5,6115,6115_2,6212,6212_5,94,17,16.433333333333394,16:59:59,17:07:59,16
6115_2__6212_5,6115,6115_2,6212,6212_5,1080,18,17.46666666666647,16:59:59,17:07:59,16
6115_2__6212_5,6115,6115_2,6212,6212_5,146,19,17.98333333333335,16:59:59,17:07:59,16
6115_2__6212_5,6115,6115_2,6212,6212_5,1089,20,16.533333333333303,16:59:59,17:07:59,16
6115_2__6212_5,6115,6115_2,6212,6212_5,213,21,17.183333333333394,16:59:59,17:07:59,16
6115_2__6212_5,6115,6115_2,6212,6212_5,3907,22,17.90000000000009,16:59:59,17:07:59,16
6115_2__6212_5,6115,6115_2,6212,6212_5,949,23,17.633333333333212,16:59:59,17:07:59,16
6115_2__6212_5,6115,6115_2,6212,6212_5,913,24,17.450000000000045,16:59:59,17:07:59,16
6115_2__6212_5,6115,6115_2,6212,6212_5,307,25,17.883333333333212,16:59:59,17:07:59,16
6115_2__6212_5,6115,6115_2,6212,6212_5,212,26,17.049999999999955,16:59:59,17:07:59,16
6115_2__6212_5,6115,6115_2,6212,6212_5,2665,27,17.083333333333258,16:59:59,17:07:59,16
6115_2__6212_5,6115,6115_2,6212,6212_5,2736,28,17.133333333333212,16:59:59,17:07:59,16
6115_2__6212_5,6115,6115_2,6212,6212_5,705,29,17.466666666666697,16:59:59,17:07:59,16
6115_2__6212_5,6115,6115_2,6212,6212_5,9979,30,17.75,16:59:59,17:07:59,16
6115_2__6212_5,6115,6115_2,6212,6212_5,2492,31,17.13333333333344,16:59:59,17:07:59,16
6115_2__6212_5,6115,6115_2,6212,6212_5,946,32,16.28333333333353,16:59:59,17:07:59,16
6115_2__6212_5,6115,6115_2,6212,6212_5,947,33,16.399999999999864,16:59:59,17:07:59,16
6115_2__6212_5,6115,6115_2,6212,6212_5,327,34,16.600000000000136,16:59:59,17:07:59,16
6115_2__6212_5,6115,6115_2,6212,6212_5,3284,35,17.13333333333344,16:59:59,17:07:59,16
6115_2__6212_5,6115,6115_2,6212,6212_5,3282,36,16.183333333333394,16:59:59,17:07:59,16
6115_2__6212_5,6115,6115_2,6212,6212_5,2583,37,15.983333333333348,16:59:59,17:07:59,16
6115_2__6212_5,6115,6115_2,6212,6212_5,2590,38,14.833333333333258,16:59:59,17:07:59,16
6115_2__6212_5,6115,6115_2,6212,6212_5,603,39,14.783333333333303,16:59:59,17:07:59,16
6115_3__6212_6,6115,6115_3,6212,6212_6,3797,1,10.016666666666652,19:44:59,19:55:00,19
6115_3__6212_6,6115,6115_3,6212,6212_6,2984,2,11.416666666666742,19:44:59,19:55:00,19
6115_3__6212_6,6115,6115_3,6212,6212_6,2685,3,11.016666666666652,19:44:59,19:55:00,19
6115_3__6212_6,6115,6115_3,6212,6212_6,3649,4,10.38333333333344,19:44:59,19:55:00,19
6115_3__6212_6,6115,6115_3,6212,6212_6,3747,5,10.03333333333353,19:44:59,19:55:00,19
6115_3__6212_6,6115,6115_3,6212,6212_6,482,6,10.083333333333258,19:44:59,19:55:00,19
6115_3__6212_6,6115,6115_3,6212,6212_6,709,7,9.616666666666788,19:44:59,19:55:00,19
6115_3__6212_6,6115,6115_3,6212,6212_6,1577,8,8.933333333333394,19:44:59,19:55:00,19
6115_3__6212_6,6115,6115_3,6212,6212_6,990,9,7.783333333333303,19:44:59,19:55:00,19
6115_3__6212_6,6115,6115_3,6212,6212_6,109,10,9.149999999999864,19:44:59,19:55:00,19
6115_3__6212_6,6115,6115_3,6212,6212_6,396,11,10.166666666666742,19:44:59,19:55:00,19
6115_3__6212_6,6115,6115_3,6212,6212_6,1253,12,8.966666666666697,19:44:59,19:55:00,19
6115_3__6212_6,6115,6115_3,6212,6212_6,1554,13,9.983333333333348,19:44:59,19:55:00,19
6115_3__6212_6,6115,6115_3,6212,6212_6,1099,14,9.683333333333167,19:44:59,19:55:00,19
6115_3__6212_6,6115,6115_3,6212,6212_6,168,15,9.799999999999955,19:44:59,19:55:00,19
6115_3__6212_6,6115,6115_3,6212,6212_6,929,16,10.049999999999955,19:44:59,19:55:00,19
6115_3__6212_6,6115,6115_3,6212,6212_6,94,17,9.766666666666652,19:44:59,19:55:00,19
6115_3__6212_6,6115,6115_3,6212,6212_6,1080,18,9.566666666666606,19:44:59,19:55:00,19
6115_3__6212_6,6115,6115_3,6212,6212_6,146,19,9.433333333333394,19:44:59,19:55:00,19
6115_3__6212_6,6115,6115_3,6212,6212_6,1089,20,10.816666666666606,19:44:59,19:55:00,19
6115_3__6212_6,6115,6115_3,6212,6212_6,213,21,11.033333333333303,19:44:59,19:55:00,19
6115_3__6212_6,6115,6115_3,6212,6212_6,3907,22,10.899999999999864,19:44:59,19:55:00,19
6115_3__6212_6,6115,6115_3,6212,6212_6,949,23,11.03333333333353,19:44:59,19:55:00,19
6115_3__6212_6,6115,6115_3,6212,6212_6,913,24,10.299999999999955,19:44:59,19:55:00,19
6115_3__6212_6,6115,6115_3,6212,6212_6,307,25,10.316666666666606,19:44:59,19:55:00,19
6115_3__6212_6,6115,6115_3,6212,6212_6,212,26,10.466666666666697,19:44:59,19:55:00,19
6115_3__6212_6,6115,6115_3,6212,6212_6,2665,27,10.066666666666833,19:44:59,19:55:00,19
6115_3__6212_6,6115,6115_3,6212,6212_6,2736,28,10.516666666666879,19:44:59,19:55:00,19
6115_3__6212_6,6115,6115_3,6212,6212_6,705,29,10.966666666666697,19:44:59,19:55:00,19
6115_3__6212_6,6115,6115_3,6212,6212_6,9979,30,11.133333333333212,19:44:59,19:55:00,19
6115_3__6212_6,6115,6115_3,6212,6212_6,2492,31,10.950000000000045,19:44:59,19:55:00,19
6115_3__6212_6,6115,6115_3,6212,6212_6,946,32,11.11666666666656,19:44:59,19:55:00,19
6115_3__6212_6,6115,6115_3,6212,6212_6,947,33,11.333333333333485,19:44:59,19:55:00,19
6115_3__6212_6,6115,6115_3,6212,6212_6,327,34,11.983333333333348,19:44:59,19:55:00,19
6115_3__6212_6,6115,6115_3,6212,6212_6,3284,35,10.933333333333394,19:44:59,19:55:00,19
6115_3__6212_6,6115,6115_3,6212,6212_6,3282,36,11.066666666666833,19:44:59,19:55:00,19
6115_3__6212_6,6115,6115_3,6212,6212_6,2583,37,10.316666666666606,19:44:59,19:55:00,19
6115_3__6212_6,6115,6115_3,6212,6212_6,2590,38,10.666666666666515,19:44:59,19:55:00,19
6115_3__6212_6,6115,6115_3,6212,6212_6,603,39,9.86666666666656,19:44:59,19:55:00,19
6125_1__6415_1,6125,6125_1,6415,6415_1,3797,1,8.333333333333371,05:14:16,05:22:36,5
6125_1__6415_1,6125,6125_1,6415,6415_1,2984,2,9.050000000000011,05:14:16,05:22:36,5
6125_1__6415_1,6125,6125_1,6415,6415_1,2685,3,9.483333333333348,05:14:16,05:22:36,5
6125_1__6415_1,6125,6125_1,6415,6415_1,3649,4,7.75,05:14:16,05:22:36,5
6125_1__6415_1,6125,6125_1,6415,6415_1,3747,5,7.816666666666663,05:14:16,05:22:36,5
6125_1__6415_1,6125,6125_1,6415,6415_1,482,6,7.833333333333314,05:14:16,05:22:36,5
6125_1__6415_1,6125,6125_1,6415,6415_1,709,7,7.949999999999989,05:14:16,05:22:36,5
6125_1__6415_1,6125,6125_1,6415,6415_1,1577,8,7.616666666666617,05:14:16,05:22:36,5
6125_1__6415_1,6125,6125_1,6415,6415_1,990,9,8.25,05:14:16,05:22:36,5
6125_1__6415_1,6125,6125_1,6415,6415_1,109,10,7.550000000000011,05:14:16,05:22:36,5
6125_1__6415_1,6125,6125_1,6415,6415_1,396,11,7.116666666666674,05:14:16,05:22:36,5
6125_1__6415_1,6125,6125_1,6415,6415_1,1253,12,8.366666666666674,05:14:16,05:22:36,5
6125_1__6415_1,6125,6125_1,6415,6415_1,1554,13,7.883333333333326,05:14:16,05:22:36,5
6125_1__6415_1,6125,6125_1,6415,6415_1,1099,14,7.75,05:14:16,05:22:36,5
6125_1__6415_1,6125,6125_1,6415,6415_1,168,15,9.0,05:14:16,05:22:36,5
6125_1__6415_1,6125,6125_1,6415,6415_1,929,16,7.71666666666664,05:14:16,05:22:36,5
6125_1__6415_1,6125,6125_1,6415,6415_1,94,17,8.400000000000034,05:14:16,05:22:36,5
6125_1__6415_1,6125,6125_1,6415,6415_1,1080,18,6.933333333333337,05:14:16,05:22:36,5
6125_1__6415_1,6125,6125_1,6415,6415_1,146,19,6.849999999999966,05:14:16,05:22:36,5
6125_1__6415_1,6125,6125_1,6415,6415_1,1089,20,7.75,05:14:16,05:22:36,5
6125_1__6415_1,6125,6125_1,6415,6415_1,213,21,8.25,05:14:16,05:22:36,5
6125_1__6415_1,6125,6125_1,6415,6415_1,3907,22,7.600000000000023,05:14:16,05:22:36,5
6125_1__6415_1,6125,6125_1,6415,6415_1,949,23,8.5,05:14:16,05:22:36,5
6125_1__6415_1,6125,6125_1,6415,6415_1,913,24,8.416666666666629,05:14:16,05:22:36,5
6125_1__6415_1,6125,6125_1,6415,6415_1,307,25,8.46666666666664,05:14:16,05:22:36,5
6125_1__6415_1,6125,6125_1,6415,6415_1,212,26,8.100000000000023,05:14:16,05:22:36,5
6125_1__6415_1,6125,6125_1,6415,6415_1,2665,27,7.383333333333326,05:14:16,05:22:36,5
6125_1__6415_1,6125,6125_1,6415,6415_1,2736,28,8.733333333333292,05:14:16,05:22:36,5
6125_1__6415_1,6125,6125_1,6415,6415_1,705,29,7.550000000000011,05:14:16,05:22:36,5
6125_1__6415_1,6125,6125_1,6415,6415_1,9979,30,7.050000000000011,05:14:16,05:22:36,5
6125_1__6415_1,6125,6125_1,6415,6415_1,2492,31,7.400000000000034,05:14:16,05:22:36,5
6125_1__6415_1,6125,6125_1,6415,6415_1,946,32,7.7666666666666515,05:14:16,05:22:36,5
6125_1__6415_1,6125,6125_1,6415,6415_1,947,33,6.766666666666708,05:14:16,05:22:36,5
6125_1__6415_1,6125,6125_1,6415,6415_1,327,34,8.550000000000011,05:14:16,05:22:36,5
6125_1__6415_1,6125,6125_1,6415,6415_1,3284,35,9.300000000000011,05:14:16,05:22:36,5
6125_1__6415_1,6125,6125_1,6415,6415_1,3282,36,7.816666666666663,05:14:16,05:22:36,5
6125_1__6415_1,6125,6125_1,6415,6415_1,2583,37,7.2999999999999545,05:14:16,05:22:36,5
6125_1__6415_1,6125,6125_1,6415,6415_1,2590,38,7.5,05:14:16,05:22:36,5
6125_1__6415_1,6125,6125_1,6415,6415_1,603,39,6.433333333333337,05:14:16,05:22:36,5
6211_2__6037_2,6211,6211_2,6037,6037_2,3797,1,8.400000000000034,05:46:58,05:55:22,5
6211_2__6037_2,6211,6211_2,6037,6037_2,2984,2,8.166666666666629,05:46:58,05:55:22,5
6211_2__6037_2,6211,6211_2,6037,6037_2,2685,3,8.350000000000023,05:46:58,05:55:22,5
6211_2__6037_2,6211,6211_2,6037,6037_2,3649,4,8.28333333333336,05:46:58,05:55:22,5
6211_2__6037_2,6211,6211_2,6037,6037_2,3747,5,8.166666666666686,05:46:58,05:55:22,5
6211_2__6037_2,6211,6211_2,6037,6037_2,482,6,7.899999999999977,05:46:58,05:55:22,5
6211_2__6037_2,6211,6211_2,6037,6037_2,709,7,8.0,05:46:58,05:55:22,5
6211_2__6037_2,6211,6211_2,6037,6037_2,1577,8,7.850000000000023,05:46:58,05:55:22,5
6211_2__6037_2,6211,6211_2,6037,6037_2,990,9,6.199999999999989,05:46:58,05:55:22,5
6211_2__6037_2,6211,6211_2,6037,6037_2,109,10,6.099999999999966,05:46:58,05:55:22,5
6211_2__6037_2,6211,6211_2,6037,6037_2,396,11,6.416666666666686,05:46:58,05:55:22,5
6211_2__6037_2,6211,6211_2,6037,6037_2,1253,12,6.333333333333314,05:46:58,05:55:22,5
6211_2__6037_2,6211,6211_2,6037,6037_2,1554,13,6.566666666666663,05:46:58,05:55:22,5
6211_2__6037_2,6211,6211_2,6037,6037_2,1099,14,6.550000000000011,05:46:58,05:55:22,5
6211_2__6037_2,6211,6211_2,6037,6037_2,168,15,6.4833333333333485,05:46:58,05:55:22,5
6211_2__6037_2,6211,6211_2,6037,6037_2,929,16,6.300000000000011,05:46:58,05:55:22,5
6211_2__6037_2,6211,6211_2,6037,6037_2,94,17,6.533333333333303,05:46:58,05:55:22,5
6211_2__6037_2,6211,6211_2,6037,6037_2,1080,18,6.516666666666708,05:46:58,05:55:22,5
6211_2__6037_2,6211,6211_2,6037,6037_2,146,19,6.033333333333303,05:46:58,05:55:22,5
6211_2__6037_2,6211,6211_2,6037,6037_2,1089,20,7.616666666666674,05:46:58,05:55:22,5
6211_2__6037_2,6211,6211_2,6037,6037_2,213,21,7.966666666666697,05:46:58,05:55:22,5
6211_2__6037_2,6211,6211_2,6037,6037_2,3907,22,8.266666666666652,05:46:58,05:55:22,5
6211_2__6037_2,6211,6211_2,6037,6037_2,949,23,6.800000000000011,05:46:58,05:55:22,5
6211_2__6037_2,6211,6211_2,6037,6037_2,913,24,7.349999999999966,05:46:58,05:55:22,5
6211_2__6037_2,6211,6211_2,6037,6037_2,307,25,7.633333333333326,05:46:58,05:55:22,5
6211_2__6037_2,6211,6211_2,6037,6037_2,212,26,8.849999999999966,05:46:58,05:55:22,5
6211_2__6037_2,6211,6211_2,6037,6037_2,2665,27,9.316666666666663,05:46:58,05:55:22,5
6211_2__6037_2,6211,6211_2,6037,6037_2,2736,28,9.433333333333337,05:46:58,05:55:22,5
6211_2__6037_2,6211,6211_2,6037,6037_2,705,29,7.416666666666686,05:46:58,05:55:22,5
6211_2__6037_2,6211,6211_2,6037,6037_2,9979,30,6.75,05:46:58,05:55:22,5
6211_2__6037_2,6211,6211_2,6037,6037_2,2492,31,6.849999999999966,05:46:58,05:55:22,5
6211_2__6037_2,6211,6211_2,6037,6037_2,946,32,5.666666666666686,05:46:58,05:55:22,5
6211_2__6037_2,6211,6211_2,6037,6037_2,947,33,5.100000000000023,05:46:58,05:55:22,5
6211_2__6037_2,6211,6211_2,6037,6037_2,327,34,4.550000000000011,05:46:58,05:55:22,5
6211_2__6037_2,6211,6211_2,6037,6037_2,3284,35,4.533333333333303,05:46:58,05:55:22,5
6211_2__6037_2,6211,6211_2,6037,6037_2,3282,36,4.2333333333333485,05:46:58,05:55:22,5
6211_2__6037_2,6211,6211_2,6037,6037_2,2583,37,3.6166666666666742,05:46:58,05:55:22,5
6211_2__6037_2,6211,6211_2,6037,6037_2,2590,38,3.2333333333332916,05:46:58,05:55:22,5
6211_2__6037_2,6211,6211_2,6037,6037_2,603,39,2.816666666666663,05:46:58,05:55:22,5
6211_3__6037_3,6211,6211_3,6037,6037_3,2984,2,8.450000000000045,08:48:54,08:57:21,8
6211_3__6037_3,6211,6211_3,6037,6037_3,2685,3,8.399999999999977,08:48:54,08:57:21,8
6211_3__6037_3,6211,6211_3,6037,6037_3,3649,4,7.816666666666606,08:48:54,08:57:21,8
6211_3__6037_3,6211,6211_3,6037,6037_3,3747,5,8.583333333333371,08:48:54,08:57:21,8
6211_3__6037_3,6211,6211_3,6037,6037_3,482,6,8.18333333333328,08:48:54,08:57:21,8
6211_3__6037_3,6211,6211_3,6037,6037_3,709,7,8.266666666666652,08:48:54,08:57:21,8
6211_3__6037_3,6211,6211_3,6037,6037_3,1577,8,7.216666666666583,08:48:54,08:57:21,8
6211_3__6037_3,6211,6211_3,6037,6037_3,990,9,8.049999999999955,08:48:54,08:57:21,8
6211_3__6037_3,6211,6211_3,6037,6037_3,109,10,7.100000000000023,08:48:54,08:57:21,8
6211_3__6037_3,6211,6211_3,6037,6037_3,396,11,7.2666666666666515,08:48:54,08:57:21,8
6211_3__6037_3,6211,6211_3,6037,6037_3,1253,12,6.649999999999977,08:48:54,08:57:21,8
6211_3__6037_3,6211,6211_3,6037,6037_3,1554,13,6.366666666666561,08:48:54,08:57:21,8
6211_3__6037_3,6211,6211_3,6037,6037_3,1099,14,6.2000000000000455,08:48:54,08:57:21,8
6211_3__6037_3,6211,6211_3,6037,6037_3,168,15,5.633333333333439,08:48:54,08:57:21,8
6211_3__6037_3,6211,6211_3,6037,6037_3,929,16,5.0166666666666515,08:48:54,08:57:21,8
6211_3__6037_3,6211,6211_3,6037,6037_3,94,17,5.0,08:48:54,08:57:21,8
6211_3__6037_3,6211,6211_3,6037,6037_3,1080,18,4.2333333333333485,08:48:54,08:57:21,8
6211_3__6037_3,6211,6211_3,6037,6037_3,146,19,5.550000000000068,08:48:54,08:57:21,8
6211_3__6037_3,6211,6211_3,6037,6037_3,1089,20,3.3999999999999773,08:48:54,08:57:21,8
6211_3__6037_3,6211,6211_3,6037,6037_3,213,21,3.25,08:48:54,08:57:21,8
6211_3__6037_3,6211,6211_3,6037,6037_3,3907,22,2.6333333333333258,08:48:54,08:57:21,8
6211_3__6037_3,6211,6211_3,6037,6037_3,949,23,3.816666666666606,08:48:54,08:57:21,8
6211_3__6037_3,6211,6211_3,6037,6037_3,913,24,2.8333333333332575,08:48:54,08:57:21,8
6211_3__6037_3,6211,6211_3,6037,6037_3,307,25,3.1833333333332803,08:48:54,08:57:21,8
6211_3__6037_3,6211,6211_3,6037,6037_3,212,26,1.4333333333332803,08:48:54,08:57:21,8
6211_3__6037_3,6211,6211_3,6037,6037_3,2665,27,1.5500000000000682,08:48:54,08:57:21,8
6211_3__6037_3,6211,6211_3,6037,6037_3,2736,28,1.6333333333333258,08:48:54,08:57:21,8
6211_3__6037_3,6211,6211_3,6037,6037_3,705,29,1.5,08:48:54,08:57:21,8
6211_3__6037_3,6211,6211_3,6037,6037_3,9979,30,1.6333333333333258,08:48:54,08:57:21,8
6211_3__6037_3,6211,6211_3,6037,6037_3,2492,31,1.1333333333333258,08:48:54,08:57:21,8
6211_3__6037_3,6211,6211_3,6037,6037_3,946,32,1.6333333333333258,08:48:54,08:57:21,8
6211_3__6037_3,6211,6211_3,6037,6037_3,947,33,1.5,08:48:54,08:57:21,8
6211_3__6037_3,6211,6211_3,6037,6037_3,327,34,1.8333333333333712,08:48:54,08:57:21,8
6211_3__6037_3,6211,6211_3,6037,6037_3,3284,35,1.1000000000000227,08:48:54,08:57:21,8
6211_3__6037_3,6211,6211_3,6037,6037_3,2583,37,1.433333333333394,08:48:54,08:57:21,8
6211_4__6037_4,6211,6211_4,6037,6037_4,3797,1,9.333333333333371,11:45:33,11:54:53,11
6211_4__6037_4,6211,6211_4,6037,6037_4,2984,2,10.06666666666672,11:45:33,11:54:53,11
6211_4__6037_4,6211,6211_4,6037,6037_4,2685,3,10.016666666666652,11:45:33,11:54:53,11
6211_4__6037_4,6211,6211_4,6037,6037_4,3649,4,10.983333333333348,11:45:33,11:54:53,11
6211_4__6037_4,6211,6211_4,6037,6037_4,3747,5,11.966666666666697,11:45:33,11:54:53,11
6211_4__6037_4,6211,6211_4,6037,6037_4,482,6,11.299999999999955,11:45:33,11:54:53,11
6211_4__6037_4,6211,6211_4,6037,6037_4,709,7,11.100000000000023,11:45:33,11:54:53,11
6211_4__6037_4,6211,6211_4,6037,6037_4,1577,8,11.766666666666652,11:45:33,11:54:53,11
6211_4__6037_4,6211,6211_4,6037,6037_4,990,9,9.583333333333371,11:45:33,11:54:53,11
6211_4__6037_4,6211,6211_4,6037,6037_4,109,10,11.716666666666583,11:45:33,11:54:53,11
6211_4__6037_4,6211,6211_4,6037,6037_4,396,11,11.899999999999977,11:45:33,11:54:53,11
6211_4__6037_4,6211,6211_4,6037,6037_4,1253,12,13.233333333333348,11:45:33,11:54:53,11
6211_4__6037_4,6211,6211_4,6037,6037_4,1554,13,13.050000000000068,11:45:33,11:54:53,11
6211_4__6037_4,6211,6211_4,6037,6037_4,1099,14,12.350000000000023,11:45:33,11:54:53,11
6211_4__6037_4,6211,6211_4,6037,6037_4,168,15,11.833333333333371,11:45:33,11:54:53,11
6211_4__6037_4,6211,6211_4,6037,6037_4,929,16,11.583333333333258,11:45:33,11:54:53,11
6211_4__6037_4,6211,6211_4,6037,6037_4,94,17,11.566666666666606,11:45:33,11:54:53,11
6211_4__6037_4,6211,6211_4,6037,6037_4,1080,18,9.550000000000068,11:45:33,11:54:53,11
6211_4__6037_4,6211,6211_4,6037,6037_4,146,19,9.100000000000023,11:45:33,11:54:53,11
6211_4__6037_4,6211,6211_4,6037,6037_4,1089,20,8.383333333333326,11:45:33,11:54:53,11
6211_4__6037_4,6211,6211_4,6037,6037_4,213,21,8.11666666666656,11:45:33,11:54:53,11
6211_4__6037_4,6211,6211_4,6037,6037_4,3907,22,7.583333333333371,11:45:33,11:54:53,11
6211_4__6037_4,6211,6211_4,6037,6037_4,949,23,7.566666666666606,11:45:33,11:54:53,11
6211_4__6037_4,6211,6211_4,6037,6037_4,913,24,8.033333333333303,11:45:33,11:54:53,11
6211_4__6037_4,6211,6211_4,6037,6037_4,307,25,7.2999999999999545,11:45:33,11:54:53,11
6211_4__6037_4,6211,6211_4,6037,6037_4,212,26,7.333333333333371,11:45:33,11:54:53,11
6211_4__6037_4,6211,6211_4,6037,6037_4,2665,27,7.900000000000091,11:45:33,11:54:53,11
6211_4__6037_4,6211,6211_4,6037,6037_4,2736,28,8.133333333333326,11:45:33,11:54:53,11
6211_4__6037_4,6211,6211_4,6037,6037_4,705,29,8.566666666666606,11:45:33,11:54:53,11
6211_4__6037_4,6211,6211_4,6037,6037_4,9979,30,7.4833333333333485,11:45:33,11:54:53,11
6211_4__6037_4,6211,6211_4,6037,6037_4,2492,31,7.5,11:45:33,11:54:53,11
6211_4__6037_4,6211,6211_4,6037,6037_4,946,32,7.416666666666629,11:45:33,11:54:53,11
6211_4__6037_4,6211,6211_4,6037,6037_4,947,33,8.31666666666672,11:45:33,11:54:53,11
6211_4__6037_4,6211,6211_4,6037,6037_4,327,34,8.933333333333394,11:45:33,11:54:53,11
6211_4__6037_4,6211,6211_4,6037,6037_4,3284,35,9.516666666666652,11:45:33,11:54:53,11
6211_4__6037_4,6211,6211_4,6037,6037_4,3282,36,8.783333333333303,11:45:33,11:54:53,11
6211_4__6037_4,6211,6211_4,6037,6037_4,2583,37,8.100000000000023,11:45:33,11:54:53,11
6211_4__6037_4,6211,6211_4,6037,6037_4,2590,38,9.483333333333348,11:45:33,11:54:53,11
6211_4__6037_4,6211,6211_4,6037,6037_4,603,39,9.81666666666672,11:45:33,11:54:53,11
6212_1__6125_1,6212,6212_1,6125,6125_1,3797,1,7.333333333333314,05:06:56,05:14:16,5
6212_1__6125_1,6212,6212_1,6125,6125_1,2984,2,8.949999999999989,05:06:56,05:14:16,5
6212_1__6125_1,6212,6212_1,6125,6125_1,2685,3,8.233333333333348,05:06:56,05:14:16,5
6212_1__6125_1,6212,6212_1,6125,6125_1,3649,4,9.183333333333337,05:06:56,05:14:16,5
6212_1__6125_1,6212,6212_1,6125,6125_1,3747,5,9.883333333333326,05:06:56,05:14:16,5
6212_1__6125_1,6212,6212_1,6125,6125_1,482,6,9.616666666666674,05:06:56,05:14:16,5
6212_1__6125_1,6212,6212_1,6125,6125_1,709,7,9.466666666666697,05:06:56,05:14:16,5
6212_1__6125_1,6212,6212_1,6125,6125_1,1577,8,11.200000000000045,05:06:56,05:14:16,5
6212_1__6125_1,6212,6212_1,6125,6125_1,990,9,11.133333333333326,05:06:56,05:14:16,5
6212_1__6125_1,6212,6212_1,6125,6125_1,109,10,12.600000000000023,05:06:56,05:14:16,5
6212_1__6125_1,6212,6212_1,6125,6125_1,396,11,13.71666666666664,05:06:56,05:14:16,5
6212_1__6125_1,6212,6212_1,6125,6125_1,1253,12,11.383333333333326,05:06:56,05:14:16,5
6212_1__6125_1,6212,6212_1,6125,6125_1,1554,13,12.75,05:06:56,05:14:16,5
6212_1__6125_1,6212,6212_1,6125,6125_1,1099,14,13.050000000000011,05:06:56,05:14:16,5
6212_1__6125_1,6212,6212_1,6125,6125_1,168,15,12.466666666666697,05:06:56,05:14:16,5
6212_1__6125_1,6212,6212_1,6125,6125_1,929,16,13.083333333333314,05:06:56,05:14:16,5
6212_1__6125_1,6212,6212_1,6125,6125_1,94,17,12.633333333333326,05:06:56,05:14:16,5
6212_1__6125_1,6212,6212_1,6125,6125_1,1080,18,13.949999999999989,05:06:56,05:14:16,5
6212_1__6125_1,6212,6212_1,6125,6125_1,146,19,14.75,05:06:56,05:14:16,5
6212_1__6125_1,6212,6212_1,6125,6125_1,1089,20,12.816666666666663,05:06:56,05:14:16,5
6212_1__6125_1,6212,6212_1,6125,6125_1,213,21,12.183333333333337,05:06:56,05:14:16,5
6212_1__6125_1,6212,6212_1,6125,6125_1,3907,22,12.983333333333348,05:06:56,05:14:16,5
6212_1__6125_1,6212,6212_1,6125,6125_1,949,23,12.800000000000011,05:06:56,05:14:16,5
6212_1__6125_1,6212,6212_1,6125,6125_1,913,24,13.466666666666697,05:06:56,05:14:16,5
6212_1__6125_1,6212,6212_1,6125,6125_1,307,25,13.433333333333337,05:06:56,05:14:16,5
6212_1__6125_1,6212,6212_1,6125,6125_1,212,26,13.316666666666663,05:06:56,05:14:16,5
6212_1__6125_1,6212,6212_1,6125,6125_1,2665,27,13.716666666666697,05:06:56,05:14:16,5
6212_1__6125_1,6212,6212_1,6125,6125_1,2736,28,13.350000000000023,05:06:56,05:14:16,5
6212_1__6125_1,6212,6212_1,6125,6125_1,705,29,14.866666666666617,05:06:56,05:14:16,5
6212_1__6125_1,6212,6212_1,6125,6125_1,9979,30,15.883333333333326,05:06:56,05:14:16,5
6212_1__6125_1,6212,6212_1,6125,6125_1,2492,31,15.866666666666674,05:06:56,05:14:16,5
6212_1__6125_1,6212,6212_1,6125,6125_1,946,32,16.583333333333314,05:06:56,05:14:16,5
6212_1__6125_1,6212,6212_1,6125,6125_1,947,33,17.049999999999955,05:06:56,05:14:16,5
6212_1__6125_1,6212,6212_1,6125,6125_1,327,34,17.033333333333303,05:06:56,05:14:16,5
6212_1__6125_1,6212,6212_1,6125,6125_1,3284,35,16.783333333333303,05:06:56,05:14:16,5
6212_1__6125_1,6212,6212_1,6125,6125_1,3282,36,19.816666666666663,05:06:56,05:14:16,5
6212_1__6125_1,6212,6212_1,6125,6125_1,2583,37,18.366666666666674,05:06:56,05:14:16,5
6212_1__6125_1,6212,6212_1,6125,6125_1,2590,38,18.80000000000001,05:06:56,05:14:16,5
6212_1__6125_1,6212,6212_1,6125,6125_1,603,39,18.816666666666663,05:06:56,05:14:16,5
6212_2__6415_2,6212,6212_2,6415,6415_2,3797,1,7.433333333333337,08:12:15,08:19:41,8
6212_2__6415_2,6212,6212_2,6415,6415_2,2984,2,8.983333333333292,08:12:15,08:19:41,8
6212_2__6415_2,6212,6212_2,6415,6415_2,2685,3,9.850000000000023,08:12:15,08:19:41,8
6212_2__6415_2,6212,6212_2,6415,6415_2,3649,4,9.733333333333292,08:12:15,08:19:41,8
6212_2__6415_2,6212,6212_2,6415,6415_2,3747,5,9.533333333333303,08:12:15,08:19:41,8
6212_2__6415_2,6212,6212_2,6415,6415_2,482,6,10.150000000000034,08:12:15,08:19:41,8
6212_2__6415_2,6212,6212_2,6415,6415_2,709,7,10.099999999999966,08:12:15,08:19:41,8
6212_2__6415_2,6212,6212_2,6415,6415_2,1577,8,9.916666666666629,08:12:15,08:19:41,8
6212_2__6415_2,6212,6212_2,6415,6415_2,990,9,11.033333333333303,08:12:15,08:19:41,8
6212_2__6415_2,6212,6212_2,6415,6415_2,109,10,11.250000000000057,08:12:15,08:19:41,8
6212_2__6415_2,6212,6212_2,6415,6415_2,396,11,10.766666666666708,08:12:15,08:19:41,8
6212_2__6415_2,6212,6212_2,6415,6415_2,1253,12,10.416666666666629,08:12:15,08:19:41,8
6212_2__6415_2,6212,6212_2,6415,6415_2,1554,13,9.883333333333326,08:12:15,08:19:41,8
6212_2__6415_2,6212,6212_2,6415,6415_2,1099,14,10.0,08:12:15,08:19:41,8
6212_2__6415_2,6212,6212_2,6415,6415_2,168,15,12.149999999999977,08:12:15,08:19:41,8
6212_2__6415_2,6212,6212_2,6415,6415_2,929,16,13.5,08:12:15,08:19:41,8
6212_2__6415_2,6212,6212_2,6415,6415_2,94,17,12.933333333333394,08:12:15,08:19:41,8
6212_2__6415_2,6212,6212_2,6415,6415_2,1080,18,13.016666666666652,08:12:15,08:19:41,8
6212_2__6415_2,6212,6212_2,6415,6415_2,146,19,12.350000000000023,08:12:15,08:19:41,8
6212_2__6415_2,6212,6212_2,6415,6415_2,1089,20,14.133333333333326,08:12:15,08:19:41,8
6212_2__6415_2,6212,6212_2,6415,6415_2,213,21,14.18333333333328,08:12:15,08:19:41,8
6212_2__6415_2,6212,6212_2,6415,6415_2,3907,22,14.68333333333328,08:12:15,08:19:41,8
6212_2__6415_2,6212,6212_2,6415,6415_2,949,23,14.049999999999955,08:12:15,08:19:41,8
6212_2__6415_2,6212,6212_2,6415,6415_2,913,24,15.333333333333258,08:12:15,08:19:41,8
6212_2__6415_2,6212,6212_2,6415,6415_2,307,25,15.43333333333328,08:12:15,08:19:41,8
6212_2__6415_2,6212,6212_2,6415,6415_2,212,26,15.31666666666672,08:12:15,08:19:41,8
6212_2__6415_2,6212,6212_2,6415,6415_2,2665,27,14.616666666666674,08:12:15,08:19:41,8
6212_2__6415_2,6212,6212_2,6415,6415_2,2736,28,15.68333333333328,08:12:15,08:19:41,8
6212_2__6415_2,6212,6212_2,6415,6415_2,705,29,16.766666666666765,08:12:15,08:19:41,8
6212_2__6415_2,6212,6212_2,6415,6415_2,9979,30,16.850000000000023,08:12:15,08:19:41,8
6212_2__6415_2,6212,6212_2,6415,6415_2,2492,31,17.100000000000023,08:12:15,08:19:41,8
6212_2__6415_2,6212,6212_2,6415,6415_2,327,34,18.633333333333326,08:12:15,08:19:41,8
6212_2__6415_2,6212,6212_2,6415,6415_2,3284,35,19.51666666666665,08:12:15,08:19:41,8
6212_2__6415_2,6212,6212_2,6415,6415_2,3282,36,19.316666666666606,08:12:15,08:19:41,8
6212_2__6415_2,6212,6212_2,6415,6415_2,2583,37,17.75,08:12:15,08:19:41,8
6212_2__6415_2,6212,6212_2,6415,6415_2,2590,38,17.449999999999932,08:12:15,08:19:41,8
6212_2__6415_2,6212,6212_2,6415,6415_2,603,39,17.549999999999955,08:12:15,08:19:41,8
6212_3__6415_3,6212,6212_3,6415,6415_3,2984,2,13.783333333333303,11:06:52,11:20:39,11
6212_3__6415_3,6212,6212_3,6415,6415_3,2685,3,13.399999999999977,11:06:52,11:20:39,11
6212_3__6415_3,6212,6212_3,6415,6415_3,3649,4,14.416666666666742,11:06:52,11:20:39,11
6212_3__6415_3,6212,6212_3,6415,6415_3,3747,5,14.050000000000068,11:06:52,11:20:39,11
6212_3__6415_3,6212,6212_3,6415,6415_3,482,6,14.283333333333303,11:06:52,11:20:39,11
6212_3__6415_3,6212,6212_3,6415,6415_3,709,7,14.466666666666697,11:06:52,11:20:39,11
6212_3__6415_3,6212,6212_3,6415,6415_3,1577,8,15.899999999999977,11:06:52,11:20:39,11
6212_3__6415_3,6212,6212_3,6415,6415_3,990,9,14.850000000000023,11:06:52,11:20:39,11
6212_3__6415_3,6212,6212_3,6415,6415_3,109,10,14.983333333333348,11:06:52,11:20:39,11
6212_3__6415_3,6212,6212_3,6415,6415_3,396,11,15.81666666666672,11:06:52,11:20:39,11
6212_3__6415_3,6212,6212_3,6415,6415_3,1253,12,15.983333333333348,11:06:52,11:20:39,11
6212_3__6415_3,6212,6212_3,6415,6415_3,1554,13,17.600000000000023,11:06:52,11:20:39,11
6212_3__6415_3,6212,6212_3,6415,6415_3,1099,14,17.533333333333303,11:06:52,11:20:39,11
6212_3__6415_3,6212,6212_3,6415,6415_3,168,15,19.866666666666674,11:06:52,11:20:39,11
6212_3__6415_3,6212,6212_3,6415,6415_3,929,16,18.76666666666665,11:06:52,11:20:39,11
6212_3__6415_3,6212,6212_3,6415,6415_3,94,17,19.416666666666742,11:06:52,11:20:39,11
6212_3__6415_3,6212,6212_3,6415,6415_3,1080,18,20.366666666666674,11:06:52,11:20:39,11
6212_3__6415_3,6212,6212_3,6415,6415_3,146,19,18.91666666666663,11:06:52,11:20:39,11
6212_3__6415_3,6212,6212_3,6415,6415_3,1089,20,18.633333333333326,11:06:52,11:20:39,11
6212_3__6415_3,6212,6212_3,6415,6415_3,213,21,19.08333333333337,11:06:52,11:20:39,11
6212_3__6415_3,6212,6212_3,6415,6415_3,3907,22,18.450000000000045,11:06:52,11:20:39,11
6212_3__6415_3,6212,6212_3,6415,6415_3,949,23,20.633333333333326,11:06:52,11:20:39,11
6212_3__6415_3,6212,6212_3,6415,6415_3,913,24,20.16666666666663,11:06:52,11:20:39,11
6212_3__6415_3,6212,6212_3,6415,6415_3,307,25,20.199999999999932,11:06:52,11:20:39,11
6212_3__6415_3,6212,6212_3,6415,6415_3,212,26,20.633333333333326,11:06:52,11:20:39,11
6212_3__6415_3,6212,6212_3,6415,6415_3,2665,27,21.08333333333337,11:06:52,11:20:39,11
6212_3__6415_3,6212,6212_3,6415,6415_3,2736,28,19.43333333333328,11:06:52,11:20:39,11
6212_3__6415_3,6212,6212_3,6415,6415_3,705,29,19.433333333333394,11:06:52,11:20:39,11
6212_3__6415_3,6212,6212_3,6415,6415_3,9979,30,19.149999999999977,11:06:52,11:20:39,11
6212_3__6415_3,6212,6212_3,6415,6415_3,2492,31,18.783333333333303,11:06:52,11:20:39,11
6212_3__6415_3,6212,6212_3,6415,6415_3,946,32,18.799999999999955,11:06:52,11:20:39,11
6212_3__6415_3,6212,6212_3,6415,6415_3,947,33,18.649999999999977,11:06:52,11:20:39,11
6212_3__6415_3,6212,6212_3,6415,6415_3,327,34,18.18333333333328,11:06:52,11:20:39,11
6212_3__6415_3,6212,6212_3,6415,6415_3,3284,35,18.916666666666742,11:06:52,11:20:39,11
6212_3__6415_3,6212,6212_3,6415,6415_3,3282,36,19.16666666666663,11:06:52,11:20:39,11
6212_3__6415_3,6212,6212_3,6415,6415_3,2583,37,19.799999999999955,11:06:52,11:20:39,11
6212_3__6415_3,6212,6212_3,6415,6415_3,2590,38,20.866666666666674,11:06:52,11:20:39,11
6212_3__6415_3,6212,6212_3,6415,6415_3,603,39,20.216666666666697,11:06:52,11:20:39,11
6212_5__6415_5,6212,6212_5,6415,6415_5,3797,1,12.016666666666652,17:07:59,17:20:00,17
6212_5__6415_5,6212,6212_5,6415,6415_5,2984,2,11.88333333333344,17:07:59,17:20:00,17
6212_5__6415_5,6212,6212_5,6415,6415_5,2685,3,12.0,17:07:59,17:20:00,17
6212_5__6415_5,6212,6212_5,6415,6415_5,3649,4,11.216666666666697,17:07:59,17:20:00,17
6212_5__6415_5,6212,6212_5,6415,6415_5,3747,5,11.933333333333394,17:07:59,17:20:00,17
6212_5__6415_5,6212,6212_5,6415,6415_5,482,6,11.299999999999955,17:07:59,17:20:00,17
6212_5__6415_5,6212,6212_5,6415,6415_5,709,7,11.783333333333303,17:07:59,17:20:00,17
6212_5__6415_5,6212,6212_5,6415,6415_5,1577,8,11.516666666666652,17:07:59,17:20:00,17
6212_5__6415_5,6212,6212_5,6415,6415_5,990,9,12.733333333333348,17:07:59,17:20:00,17
6212_5__6415_5,6212,6212_5,6415,6415_5,109,10,13.549999999999955,17:07:59,17:20:00,17
6212_5__6415_5,6212,6212_5,6415,6415_5,396,11,15.466666666666697,17:07:59,17:20:00,17
6212_5__6415_5,6212,6212_5,6415,6415_5,1253,12,15.016666666666652,17:07:59,17:20:00,17
6212_5__6415_5,6212,6212_5,6415,6415_5,1554,13,14.38333333333344,17:07:59,17:20:00,17
6212_5__6415_5,6212,6212_5,6415,6415_5,1099,14,13.783333333333303,17:07:59,17:20:00,17
6212_5__6415_5,6212,6212_5,6415,6415_5,168,15,13.816666666666606,17:07:59,17:20:00,17
6212_5__6415_5,6212,6212_5,6415,6415_5,929,16,12.200000000000045,17:07:59,17:20:00,17
6212_5__6415_5,6212,6212_5,6415,6415_5,94,17,12.099999999999909,17:07:59,17:20:00,17
6212_5__6415_5,6212,6212_5,6415,6415_5,1080,18,12.13333333333344,17:07:59,17:20:00,17
6212_5__6415_5,6212,6212_5,6415,6415_5,146,19,12.433333333333394,17:07:59,17:20:00,17
6212_5__6415_5,6212,6212_5,6415,6415_5,1089,20,14.233333333333348,17:07:59,17:20:00,17
6212_5__6415_5,6212,6212_5,6415,6415_5,213,21,14.299999999999955,17:07:59,17:20:00,17
6212_5__6415_5,6212,6212_5,6415,6415_5,3907,22,14.416666666666742,17:07:59,17:20:00,17
6212_5__6415_5,6212,6212_5,6415,6415_5,949,23,13.033333333333303,17:07:59,17:20:00,17
6212_5__6415_5,6212,6212_5,6415,6415_5,913,24,12.21666666666647,17:07:59,17:20:00,17
6212_5__6415_5,6212,6212_5,6415,6415_5,307,25,11.716666666666697,17:07:59,17:20:00,17
6212_5__6415_5,6212,6212_5,6415,6415_5,212,26,13.13333333333344,17:07:59,17:20:00,17
6212_5__6415_5,6212,6212_5,6415,6415_5,2665,27,13.583333333333258,17:07:59,17:20:00,17
6212_5__6415_5,6212,6212_5,6415,6415_5,705,29,14.799999999999955,17:07:59,17:20:00,17
6212_5__6415_5,6212,6212_5,6415,6415_5,2492,31,15.13333333333344,17:07:59,17:20:00,17
6212_5__6415_5,6212,6212_5,6415,6415_5,946,32,15.233333333333121,17:07:59,17:20:00,17
6212_5__6415_5,6212,6212_5,6415,6415_5,947,33,15.600000000000136,17:07:59,17:20:00,17
6212_5__6415_5,6212,6212_5,6415,6415_5,327,34,14.883333333333212,17:07:59,17:20:00,17
6212_5__6415_5,6212,6212_5,6415,6415_5,3284,35,15.283333333333303,17:07:59,17:20:00,17
6212_5__6415_5,6212,6212_5,6415,6415_5,3282,36,16.783333333333303,17:07:59,17:20:00,17
6212_5__6415_5,6212,6212_5,6415,6415_5,2583,37,15.400000000000091,17:07:59,17:20:00,17
6212_5__6415_5,6212,6212_5,6415,6415_5,2590,38,16.73333333333335,17:07:59,17:20:00,17
6212_6__6415_6,6212,6212_6,6415,6415_6,3797,1,15.0,19:55:00,20:10:00,19
6212_6__6415_6,6212,6212_6,6415,6415_6,2984,2,14.36666666666656,19:55:00,20:10:00,19
6212_6__6415_6,6212,6212_6,6415,6415_6,2685,3,14.516666666666652,19:55:00,20:10:00,19
6212_6__6415_6,6212,6212_6,6415,6415_6,3649,4,15.416666666666515,19:55:00,20:10:00,19
6212_6__6415_6,6212,6212_6,6415,6415_6,3747,5,15.71666666666647,19:55:00,20:10:00,19
6212_6__6415_6,6212,6212_6,6415,6415_6,482,6,16.23333333333335,19:55:00,20:10:00,19
6212_6__6415_6,6212,6212_6,6415,6415_6,709,7,17.61666666666656,19:55:00,20:10:00,19
6212_6__6415_6,6212,6212_6,6415,6415_6,1577,8,20.15000000000009,19:55:00,20:10:00,19
6212_6__6415_6,6212,6212_6,6415,6415_6,990,9,20.933333333333394,19:55:00,20:10:00,19
6212_6__6415_6,6212,6212_6,6415,6415_6,109,10,19.916666666666742,19:55:00,20:10:00,19
6212_6__6415_6,6212,6212_6,6415,6415_6,396,11,19.883333333333212,19:55:00,20:10:00,19
6212_6__6415_6,6212,6212_6,6415,6415_6,1253,12,20.066666666666606,19:55:00,20:10:00,19
6212_6__6415_6,6212,6212_6,6415,6415_6,1554,13,19.09999999999991,19:55:00,20:10:00,19
6212_6__6415_6,6212,6212_6,6415,6415_6,1099,14,19.416666666666742,19:55:00,20:10:00,19
6212_6__6415_6,6212,6212_6,6415,6415_6,168,15,20.216666666666697,19:55:00,20:10:00,19
6212_6__6415_6,6212,6212_6,6415,6415_6,929,16,20.299999999999955,19:55:00,20:10:00,19
6212_6__6415_6,6212,6212_6,6415,6415_6,94,17,20.683333333333167,19:55:00,20:10:00,19
6212_6__6415_6,6212,6212_6,6415,6415_6,1080,18,20.966666666666697,19:55:00,20:10:00,19
6212_6__6415_6,6212,6212_6,6415,6415_6,146,19,20.98333333333335,19:55:00,20:10:00,19
6212_6__6415_6,6212,6212_6,6415,6415_6,1089,20,19.566666666666606,19:55:00,20:10:00,19
6212_6__6415_6,6212,6212_6,6415,6415_6,213,21,19.100000000000136,19:55:00,20:10:00,19
6212_6__6415_6,6212,6212_6,6415,6415_6,3907,22,18.916666666666742,19:55:00,20:10:00,19
6212_6__6415_6,6212,6212_6,6415,6415_6,949,23,19.51666666666665,19:55:00,20:10:00,19
6212_6__6415_6,6212,6212_6,6415,6415_6,913,24,20.200000000000045,19:55:00,20:10:00,19
6212_6__6415_6,6212,6212_6,6415,6415_6,307,25,20.15000000000009,19:55:00,20:10:00,19
6212_6__6415_6,6212,6212_6,6415,6415_6,212,26,19.71666666666647,19:55:00,20:10:00,19
6212_6__6415_6,6212,6212_6,6415,6415_6,2665,27,20.533333333333303,19:55:00,20:10:00,19
6212_6__6415_6,6212,6212_6,6415,6415_6,2736,28,19.666666666666515,19:55:00,20:10:00,19
6212_6__6415_6,6212,6212_6,6415,6415_6,705,29,19.566666666666833,19:55:00,20:10:00,19
6212_6__6415_6,6212,6212_6,6415,6415_6,9979,30,18.933333333333394,19:55:00,20:10:00,19
6212_6__6415_6,6212,6212_6,6415,6415_6,2492,31,19.799999999999955,19:55:00,20:10:00,19
6212_6__6415_6,6212,6212_6,6415,6415_6,946,32,20.333333333333485,19:55:00,20:10:00,19
6212_6__6415_6,6212,6212_6,6415,6415_6,947,33,20.25,19:55:00,20:10:00,19
6212_6__6415_6,6212,6212_6,6415,6415_6,327,34,19.883333333333212,19:55:00,20:10:00,19
6212_6__6415_6,6212,6212_6,6415,6415_6,3284,35,19.90000000000009,19:55:00,20:10:00,19
6212_6__6415_6,6212,6212_6,6415,6415_6,3282,36,19.75,19:55:00,20:10:00,19
6212_6__6415_6,6212,6212_6,6415,6415_6,2583,37,21.433333333333394,19:55:00,20:10:00,19
6212_6__6415_6,6212,6212_6,6415,6415_6,2590,38,20.800000000000182,19:55:00,20:10:00,19
6212_6__6415_6,6212,6212_6,6415,6415_6,603,39,21.933333333333394,19:55:00,20:10:00,19
6217_1__6409_1,6217,6217_1,6409,6409_1,3797,1,9.0,04:21:59,04:30:59,4
6217_1__6409_1,6217,6217_1,6409,6409_1,2984,2,9.666666666666686,04:21:59,04:30:59,4
6217_1__6409_1,6217,6217_1,6409,6409_1,2685,3,8.450000000000045,04:21:59,04:30:59,4
6217_1__6409_1,6217,6217_1,6409,6409_1,3747,5,7.43333333333328,04:21:59,04:30:59,4
6217_1__6409_1,6217,6217_1,6409,6409_1,482,6,7.0,04:21:59,04:30:59,4
6217_1__6409_1,6217,6217_1,6409,6409_1,709,7,7.133333333333326,04:21:59,04:30:59,4
6217_1__6409_1,6217,6217_1,6409,6409_1,1577,8,7.233333333333292,04:21:59,04:30:59,4
6217_1__6409_1,6217,6217_1,6409,6409_1,109,10,7.283333333333303,04:21:59,04:30:59,4
6217_1__6409_1,6217,6217_1,6409,6409_1,396,11,6.333333333333314,04:21:59,04:30:59,4
6217_1__6409_1,6217,6217_1,6409,6409_1,1253,12,6.7333333333333485,04:21:59,04:30:59,4
6217_1__6409_1,6217,6217_1,6409,6409_1,1554,13,7.300000000000011,04:21:59,04:30:59,4
6217_1__6409_1,6217,6217_1,6409,6409_1,1099,14,7.96666666666664,04:21:59,04:30:59,4
6217_1__6409_1,6217,6217_1,6409,6409_1,168,15,8.666666666666686,04:21:59,04:30:59,4
6217_1__6409_1,6217,6217_1,6409,6409_1,929,16,8.199999999999989,04:21:59,04:30:59,4
6217_1__6409_1,6217,6217_1,6409,6409_1,94,17,7.800000000000011,04:21:59,04:30:59,4
6217_1__6409_1,6217,6217_1,6409,6409_1,1080,18,8.066666666666663,04:21:59,04:30:59,4
6217_1__6409_1,6217,6217_1,6409,6409_1,146,19,8.283333333333303,04:21:59,04:30:59,4
6217_1__6409_1,6217,6217_1,6409,6409_1,1089,20,8.433333333333337,04:21:59,04:30:59,4
6217_1__6409_1,6217,6217_1,6409,6409_1,213,21,8.016666666666708,04:21:59,04:30:59,4
6217_1__6409_1,6217,6217_1,6409,6409_1,3907,22,8.049999999999955,04:21:59,04:30:59,4
6217_1__6409_1,6217,6217_1,6409,6409_1,949,23,7.7666666666666515,04:21:59,04:30:59,4
6217_1__6409_1,6217,6217_1,6409,6409_1,913,24,7.5166666666666515,04:21:59,04:30:59,4
6217_1__6409_1,6217,6217_1,6409,6409_1,307,25,7.050000000000011,04:21:59,04:30:59,4
6217_1__6409_1,6217,6217_1,6409,6409_1,212,26,8.050000000000011,04:21:59,04:30:59,4
6217_1__6409_1,6217,6217_1,6409,6409_1,2665,27,8.449999999999989,04:21:59,04:30:59,4
6217_1__6409_1,6217,6217_1,6409,6409_1,2736,28,8.950000000000045,04:21:59,04:30:59,4
6217_1__6409_1,6217,6217_1,6409,6409_1,705,29,8.5,04:21:59,04:30:59,4
6217_1__6409_1,6217,6217_1,6409,6409_1,9979,30,7.733333333333292,04:21:59,04:30:59,4
6217_1__6409_1,6217,6217_1,6409,6409_1,2492,31,7.9833333333333485,04:21:59,04:30:59,4
6217_1__6409_1,6217,6217_1,6409,6409_1,946,32,9.683333333333337,04:21:59,04:30:59,4
6217_1__6409_1,6217,6217_1,6409,6409_1,947,33,8.28333333333336,04:21:59,04:30:59,4
6217_1__6409_1,6217,6217_1,6409,6409_1,327,34,8.083333333333314,04:21:59,04:30:59,4
6217_1__6409_1,6217,6217_1,6409,6409_1,3284,35,7.0,04:21:59,04:30:59,4
6217_1__6409_1,6217,6217_1,6409,6409_1,3282,36,7.449999999999989,04:21:59,04:30:59,4
6217_1__6409_1,6217,6217_1,6409,6409_1,2583,37,5.96666666666664,04:21:59,04:30:59,4
6217_1__6409_1,6217,6217_1,6409,6409_1,2590,38,6.333333333333371,04:21:59,04:30:59,4
6217_1__6409_1,6217,6217_1,6409,6409_1,603,39,6.333333333333314,04:21:59,04:30:59,4
6217_2__1543_1,6217,6217_2,1543,1543_1,3797,1,8.366666666666674,07:15:14,07:23:36,7
6217_2__1543_1,6217,6217_2,1543,1543_1,2984,2,8.016666666666708,07:15:14,07:23:36,7
6217_2__1543_1,6217,6217_2,1543,1543_1,2685,3,7.116666666666674,07:15:14,07:23:36,7
6217_2__1543_1,6217,6217_2,1543,1543_1,3649,4,6.0,07:15:14,07:23:36,7
6217_2__1543_1,6217,6217_2,1543,1543_1,3747,5,5.9833333333333485,07:15:14,07:23:36,7
6217_2__1543_1,6217,6217_2,1543,1543_1,482,6,6.616666666666674,07:15:14,07:23:36,7
6217_2__1543_1,6217,6217_2,1543,1543_1,709,7,6.416666666666686,07:15:14,07:23:36,7
6217_2__1543_1,6217,6217_2,1543,1543_1,1577,8,5.916666666666629,07:15:14,07:23:36,7
6217_2__1543_1,6217,6217_2,1543,1543_1,990,9,6.699999999999989,07:15:14,07:23:36,7
6217_2__1543_1,6217,6217_2,1543,1543_1,109,10,6.600000000000023,07:15:14,07:23:36,7
6217_2__1543_1,6217,6217_2,1543,1543_1,396,11,6.366666666666617,07:15:14,07:23:36,7
6217_2__1543_1,6217,6217_2,1543,1543_1,1253,12,6.366666666666674,07:15:14,07:23:36,7
6217_2__1543_1,6217,6217_2,1543,1543_1,1554,13,4.75,07:15:14,07:23:36,7
6217_2__1543_1,6217,6217_2,1543,1543_1,1099,14,4.75,07:15:14,07:23:36,7
6217_2__1543_1,6217,6217_2,1543,1543_1,168,15,4.333333333333314,07:15:14,07:23:36,7
6217_2__1543_1,6217,6217_2,1543,1543_1,929,16,3.8333333333333712,07:15:14,07:23:36,7
6217_2__1543_1,6217,6217_2,1543,1543_1,94,17,3.3833333333333258,07:15:14,07:23:36,7
6217_2__1543_1,6217,6217_2,1543,1543_1,1080,18,3.3999999999999773,07:15:14,07:23:36,7
6217_2__1543_1,6217,6217_2,1543,1543_1,146,19,2.6999999999999886,07:15:14,07:23:36,7
6217_2__1543_1,6217,6217_2,1543,1543_1,1089,20,3.3833333333333258,07:15:14,07:23:36,7
6217_2__1543_1,6217,6217_2,1543,1543_1,213,21,3.099999999999966,07:15:14,07:23:36,7
6217_2__1543_1,6217,6217_2,1543,1543_1,3907,22,3.683333333333337,07:15:14,07:23:36,7
6217_2__1543_1,6217,6217_2,1543,1543_1,949,23,2.6666666666666288,07:15:14,07:23:36,7
6217_2__1543_1,6217,6217_2,1543,1543_1,913,24,2.8666666666666742,07:15:14,07:23:36,7
6217_2__1543_1,6217,6217_2,1543,1543_1,307,25,2.1333333333333258,07:15:14,07:23:36,7
6217_2__1543_1,6217,6217_2,1543,1543_1,212,26,1.849999999999966,07:15:14,07:23:36,7
6217_2__1543_1,6217,6217_2,1543,1543_1,2665,27,1.8666666666666742,07:15:14,07:23:36,7
6217_2__1543_1,6217,6217_2,1543,1543_1,2736,28,1.0500000000000114,07:15:14,07:23:36,7
6217_2__1543_1,6217,6217_2,1543,1543_1,705,29,1.9333333333332803,07:15:14,07:23:36,7
6217_2__1543_1,6217,6217_2,1543,1543_1,9979,30,2.099999999999966,07:15:14,07:23:36,7
6217_2__1543_1,6217,6217_2,1543,1543_1,2492,31,1.400000000000034,07:15:14,07:23:36,7
6217_2__1543_1,6217,6217_2,1543,1543_1,946,32,2.316666666666663,07:15:14,07:23:36,7
6217_2__1543_1,6217,6217_2,1543,1543_1,947,33,2.400000000000034,07:15:14,07:23:36,7
6217_2__1543_1,6217,6217_2,1543,1543_1,327,34,2.400000000000034,07:15:14,07:23:36,7
6217_2__1543_1,6217,6217_2,1543,1543_1,3284,35,1.3500000000000227,07:15:14,07:23:36,7
6217_2__1543_1,6217,6217_2,1543,1543_1,3282,36,1.1833333333333371,07:15:14,07:23:36,7
6217_2__1543_1,6217,6217_2,1543,1543_1,2590,38,1.033333333333303,07:15:14,07:23:36,7
6217_2__1543_1,6217,6217_2,1543,1543_1,603,39,1.0499999999999545,07:15:14,07:23:36,7
6217_3__1543_2,6217,6217_3,1543,1543_2,3797,1,8.333333333333371,10:11:55,10:20:15,10
6217_3__1543_2,6217,6217_3,1543,1543_2,2984,2,9.516666666666652,10:11:55,10:20:15,10
6217_3__1543_2,6217,6217_3,1543,1543_2,2685,3,9.333333333333371,10:11:55,10:20:15,10
6217_3__1543_2,6217,6217_3,1543,1543_2,3649,4,11.533333333333303,10:11:55,10:20:15,10
6217_3__1543_2,6217,6217_3,1543,1543_2,3747,5,11.466666666666583,10:11:55,10:20:15,10
6217_3__1543_2,6217,6217_3,1543,1543_2,482,6,11.133333333333326,10:11:55,10:20:15,10
6217_3__1543_2,6217,6217_3,1543,1543_2,709,7,11.716666666666697,10:11:55,10:20:15,10
6217_3__1543_2,6217,6217_3,1543,1543_2,1577,8,10.200000000000045,10:11:55,10:20:15,10
6217_3__1543_2,6217,6217_3,1543,1543_2,109,10,13.683333333333394,10:11:55,10:20:15,10
6217_3__1543_2,6217,6217_3,1543,1543_2,396,11,14.583333333333371,10:11:55,10:20:15,10
6217_3__1543_2,6217,6217_3,1543,1543_2,1253,12,13.899999999999977,10:11:55,10:20:15,10
6217_3__1543_2,6217,6217_3,1543,1543_2,1554,13,15.016666666666652,10:11:55,10:20:15,10
6217_3__1543_2,6217,6217_3,1543,1543_2,1099,14,14.766666666666652,10:11:55,10:20:15,10
6217_3__1543_2,6217,6217_3,1543,1543_2,929,16,11.566666666666606,10:11:55,10:20:15,10
6217_3__1543_2,6217,6217_3,1543,1543_2,94,17,10.700000000000045,10:11:55,10:20:15,10
6217_3__1543_2,6217,6217_3,1543,1543_2,146,19,8.983333333333348,10:11:55,10:20:15,10
6217_3__1543_2,6217,6217_3,1543,1543_2,1089,20,8.316666666666606,10:11:55,10:20:15,10
6217_3__1543_2,6217,6217_3,1543,1543_2,213,21,8.233333333333348,10:11:55,10:20:15,10
6217_3__1543_2,6217,6217_3,1543,1543_2,307,25,7.383333333333326,10:11:55,10:20:15,10
6217_3__1543_2,6217,6217_3,1543,1543_2,212,26,6.333333333333371,10:11:55,10:20:15,10
6217_3__1543_2,6217,6217_3,1543,1543_2,2665,27,5.866666666666674,10:11:55,10:20:15,10
6217_3__1543_2,6217,6217_3,1543,1543_2,9979,30,4.333333333333371,10:11:55,10:20:15,10
6217_3__1543_2,6217,6217_3,1543,1543_2,2492,31,3.783333333333303,10:11:55,10:20:15,10
6217_3__1543_2,6217,6217_3,1543,1543_2,946,32,3.949999999999932,10:11:55,10:20:15,10
6217_3__1543_2,6217,6217_3,1543,1543_2,947,33,2.7333333333333485,10:11:55,10:20:15,10
6217_3__1543_2,6217,6217_3,1543,1543_2,327,34,3.0666666666667197,10:11:55,10:20:15,10
6217_3__1543_2,6217,6217_3,1543,1543_2,2583,37,2.8666666666666742,10:11:55,10:20:15,10
6217_3__1543_2,6217,6217_3,1543,1543_2,2590,38,2.783333333333303,10:11:55,10:20:15,10
6217_3__1543_2,6217,6217_3,1543,1543_2,603,39,2.216666666666697,10:11:55,10:20:15,10
6217_4__1543_3,6217,6217_4,1543,1543_3,3797,1,6.300000000000068,13:06:54,13:13:12,13
6217_4__1543_3,6217,6217_4,1543,1543_3,2984,2,5.8333333333332575,13:06:54,13:13:12,13
6217_4__1543_3,6217,6217_4,1543,1543_3,2685,3,9.016666666666652,13:06:54,13:13:12,13
6217_4__1543_3,6217,6217_4,1543,1543_3,3649,4,7.216666666666697,13:06:54,13:13:12,13
6217_4__1543_3,6217,6217_4,1543,1543_3,3747,5,6.100000000000023,13:06:54,13:13:12,13
6217_4__1543_3,6217,6217_4,1543,1543_3,482,6,6.4833333333333485,13:06:54,13:13:12,13
6217_4__1543_3,6217,6217_4,1543,1543_3,709,7,6.399999999999977,13:06:54,13:13:12,13
6217_4__1543_3,6217,6217_4,1543,1543_3,1577,8,7.416666666666629,13:06:54,13:13:12,13
6217_4__1543_3,6217,6217_4,1543,1543_3,990,9,6.283333333333303,13:06:54,13:13:12,13
6217_4__1543_3,6217,6217_4,1543,1543_3,109,10,7.899999999999977,13:06:54,13:13:12,13
6217_4__1543_3,6217,6217_4,1543,1543_3,396,11,5.966666666666697,13:06:54,13:13:12,13
6217_4__1543_3,6217,6217_4,1543,1543_3,1253,12,5.5166666666666515,13:06:54,13:13:12,13
6217_4__1543_3,6217,6217_4,1543,1543_3,1554,13,5.0833333333332575,13:06:54,13:13:12,13
6217_4__1543_3,6217,6217_4,1543,1543_3,1099,14,4.7666666666666515,13:06:54,13:13:12,13
6217_4__1543_3,6217,6217_4,1543,1543_3,168,15,6.2000000000000455,13:06:54,13:13:12,13
6217_4__1543_3,6217,6217_4,1543,1543_3,929,16,6.0,13:06:54,13:13:12,13
6217_4__1543_3,6217,6217_4,1543,1543_3,94,17,6.449999999999932,13:06:54,13:13:12,13
6217_4__1543_3,6217,6217_4,1543,1543_3,1080,18,6.31666666666672,13:06:54,13:13:12,13
6217_4__1543_3,6217,6217_4,1543,1543_3,146,19,3.683333333333394,13:06:54,13:13:12,13
6217_4__1543_3,6217,6217_4,1543,1543_3,1089,20,3.3666666666666742,13:06:54,13:13:12,13
6217_4__1543_3,6217,6217_4,1543,1543_3,213,21,3.550000000000068,13:06:54,13:13:12,13
6217_4__1543_3,6217,6217_4,1543,1543_3,3907,22,2.5833333333333712,13:06:54,13:13:12,13
6217_4__1543_3,6217,6217_4,1543,1543_3,949,23,2.8500000000000227,13:06:54,13:13:12,13
6217_4__1543_3,6217,6217_4,1543,1543_3,913,24,2.7833333333334167,13:06:54,13:13:12,13
6217_4__1543_3,6217,6217_4,1543,1543_3,307,25,2.7999999999999545,13:06:54,13:13:12,13
6217_4__1543_3,6217,6217_4,1543,1543_3,212,26,2.7666666666666515,13:06:54,13:13:12,13
6217_4__1543_3,6217,6217_4,1543,1543_3,2665,27,3.3166666666667197,13:06:54,13:13:12,13
6217_4__1543_3,6217,6217_4,1543,1543_3,2736,28,2.1166666666666742,13:06:54,13:13:12,13
6217_4__1543_3,6217,6217_4,1543,1543_3,9979,30,1.5500000000000682,13:06:54,13:13:12,13
6217_4__1543_3,6217,6217_4,1543,1543_3,2492,31,1.8666666666666742,13:06:54,13:13:12,13
6217_4__1543_3,6217,6217_4,1543,1543_3,946,32,2.0666666666667197,13:06:54,13:13:12,13
6217_4__1543_3,6217,6217_4,1543,1543_3,947,33,2.3666666666666742,13:06:54,13:13:12,13
6217_4__1543_3,6217,6217_4,1543,1543_3,327,34,2.3333333333333712,13:06:54,13:13:12,13
6217_4__1543_3,6217,6217_4,1543,1543_3,3284,35,2.2000000000000455,13:06:54,13:13:12,13
6217_4__1543_3,6217,6217_4,1543,1543_3,3282,36,1.7333333333333485,13:06:54,13:13:12,13
6217_4__1543_3,6217,6217_4,1543,1543_3,2590,38,1.5,13:06:54,13:13:12,13
6217_4__1543_3,6217,6217_4,1543,1543_3,603,39,1.150000000000091,13:06:54,13:13:12,13
6217_6__6105_4,6217,6217_6,6105,6105_4,3797,1,10.0,19:04:59,19:14:59,19
6217_6__6105_4,6217,6217_6,6105,6105_4,2984,2,11.350000000000136,19:04:59,19:14:59,19
6217_6__6105_4,6217,6217_6,6105,6105_4,2685,3,12.050000000000182,19:04:59,19:14:59,19
6217_6__6105_4,6217,6217_6,6105,6105_4,3649,4,11.5,19:04:59,19:14:59,19
6217_6__6105_4,6217,6217_6,6105,6105_4,482,6,11.716666666666697,19:04:59,19:14:59,19
6217_6__6105_4,6217,6217_6,6105,6105_4,709,7,11.149999999999864,19:04:59,19:14:59,19
6217_6__6105_4,6217,6217_6,6105,6105_4,1577,8,13.200000000000045,19:04:59,19:14:59,19
6217_6__6105_4,6217,6217_6,6105,6105_4,990,9,12.700000000000045,19:04:59,19:14:59,19
6217_6__6105_4,6217,6217_6,6105,6105_4,109,10,11.950000000000045,19:04:59,19:14:59,19
6217_6__6105_4,6217,6217_6,6105,6105_4,396,11,12.983333333333348,19:04:59,19:14:59,19
6217_6__6105_4,6217,6217_6,6105,6105_4,1253,12,10.966666666666697,19:04:59,19:14:59,19
6217_6__6105_4,6217,6217_6,6105,6105_4,1554,13,11.199999999999818,19:04:59,19:14:59,19
6217_6__6105_4,6217,6217_6,6105,6105_4,1099,14,11.216666666666697,19:04:59,19:14:59,19
6217_6__6105_4,6217,6217_6,6105,6105_4,168,15,11.5,19:04:59,19:14:59,19
6217_6__6105_4,6217,6217_6,6105,6105_4,929,16,10.266666666666652,19:04:59,19:14:59,19
6217_6__6105_4,6217,6217_6,6105,6105_4,94,17,11.149999999999864,19:04:59,19:14:59,19
6217_6__6105_4,6217,6217_6,6105,6105_4,1080,18,10.849999999999909,19:04:59,19:14:59,19
6217_6__6105_4,6217,6217_6,6105,6105_4,146,19,10.950000000000045,19:04:59,19:14:59,19
6217_6__6105_4,6217,6217_6,6105,6105_4,1089,20,10.716666666666697,19:04:59,19:14:59,19
6217_6__6105_4,6217,6217_6,6105,6105_4,213,21,10.28333333333353,19:04:59,19:14:59,19
6217_6__6105_4,6217,6217_6,6105,6105_4,3907,22,9.450000000000045,19:04:59,19:14:59,19
6217_6__6105_4,6217,6217_6,6105,6105_4,949,23,9.833333333333485,19:04:59,19:14:59,19
6217_6__6105_4,6217,6217_6,6105,6105_4,913,24,10.5,19:04:59,19:14:59,19
6217_6__6105_4,6217,6217_6,6105,6105_4,307,25,10.483333333333348,19:04:59,19:14:59,19
6217_6__6105_4,6217,6217_6,6105,6105_4,212,26,10.866666666666788,19:04:59,19:14:59,19
6217_6__6105_4,6217,6217_6,6105,6105_4,2665,27,11.033333333333303,19:04:59,19:14:59,19
6217_6__6105_4,6217,6217_6,6105,6105_4,2736,28,11.283333333333303,19:04:59,19:14:59,19
6217_6__6105_4,6217,6217_6,6105,6105_4,705,29,10.416666666666515,19:04:59,19:14:59,19
6217_6__6105_4,6217,6217_6,6105,6105_4,9979,30,10.016666666666652,19:04:59,19:14:59,19
6217_6__6105_4,6217,6217_6,6105,6105_4,2492,31,10.049999999999955,19:04:59,19:14:59,19
6217_6__6105_4,6217,6217_6,6105,6105_4,946,32,10.783333333333303,19:04:59,19:14:59,19
6217_6__6105_4,6217,6217_6,6105,6105_4,947,33,10.633333333333212,19:04:59,19:14:59,19
6217_6__6105_4,6217,6217_6,6105,6105_4,327,34,11.483333333333348,19:04:59,19:14:59,19
6217_6__6105_4,6217,6217_6,6105,6105_4,3284,35,10.683333333333167,19:04:59,19:14:59,19
6217_6__6105_4,6217,6217_6,6105,6105_4,3282,36,10.016666666666652,19:04:59,19:14:59,19
6217_6__6105_4,6217,6217_6,6105,6105_4,2583,37,11.183333333333394,19:04:59,19:14:59,19
6217_6__6105_4,6217,6217_6,6105,6105_4,2590,38,11.683333333333167,19:04:59,19:14:59,19
6217_6__6105_4,6217,6217_6,6105,6105_4,603,39,11.416666666666515,19:04:59,19:14:59,19
6402_2__6407_1,6402,6402_2,6407,6407_1,3797,1,8.416666666666686,06:12:13,06:20:38,6
6402_2__6407_1,6402,6402_2,6407,6407_1,2984,2,7.683333333333337,06:12:13,06:20:38,6
6402_2__6407_1,6402,6402_2,6407,6407_1,2685,3,8.283333333333303,06:12:13,06:20:38,6
6402_2__6407_1,6402,6402_2,6407,6407_1,3649,4,6.2666666666666515,06:12:13,06:20:38,6
6402_2__6407_1,6402,6402_2,6407,6407_1,3747,5,6.5,06:12:13,06:20:38,6
6402_2__6407_1,6402,6402_2,6407,6407_1,482,6,6.300000000000011,06:12:13,06:20:38,6
6402_2__6407_1,6402,6402_2,6407,6407_1,709,7,6.066666666666663,06:12:13,06:20:38,6
6402_2__6407_1,6402,6402_2,6407,6407_1,1577,8,7.366666666666674,06:12:13,06:20:38,6
6402_2__6407_1,6402,6402_2,6407,6407_1,990,9,7.03333333333336,06:12:13,06:20:38,6
6402_2__6407_1,6402,6402_2,6407,6407_1,109,10,7.616666666666617,06:12:13,06:20:38,6
6402_2__6407_1,6402,6402_2,6407,6407_1,396,11,7.5,06:12:13,06:20:38,6
6402_2__6407_1,6402,6402_2,6407,6407_1,1253,12,8.016666666666708,06:12:13,06:20:38,6
6402_2__6407_1,6402,6402_2,6407,6407_1,1554,13,8.383333333333383,06:12:13,06:20:38,6
6402_2__6407_1,6402,6402_2,6407,6407_1,1099,14,8.616666666666674,06:12:13,06:20:38,6
6402_2__6407_1,6402,6402_2,6407,6407_1,168,15,9.800000000000011,06:12:13,06:20:38,6
6402_2__6407_1,6402,6402_2,6407,6407_1,929,16,8.816666666666663,06:12:13,06:20:38,6
6402_2__6407_1,6402,6402_2,6407,6407_1,94,17,9.766666666666652,06:12:13,06:20:38,6
6402_2__6407_1,6402,6402_2,6407,6407_1,1080,18,10.283333333333303,06:12:13,06:20:38,6
6402_2__6407_1,6402,6402_2,6407,6407_1,146,19,10.21666666666664,06:12:13,06:20:38,6
6402_2__6407_1,6402,6402_2,6407,6407_1,1089,20,9.233333333333348,06:12:13,06:20:38,6
6402_2__6407_1,6402,6402_2,6407,6407_1,213,21,9.800000000000011,06:12:13,06:20:38,6
6402_2__6407_1,6402,6402_2,6407,6407_1,3907,22,9.133333333333326,06:12:13,06:20:38,6
6402_2__6407_1,6402,6402_2,6407,6407_1,949,23,10.800000000000011,06:12:13,06:20:38,6
6402_2__6407_1,6402,6402_2,6407,6407_1,913,24,9.516666666666708,06:12:13,06:20:38,6
6402_2__6407_1,6402,6402_2,6407,6407_1,307,25,8.733333333333348,06:12:13,06:20:38,6
6402_2__6407_1,6402,6402_2,6407,6407_1,212,26,8.883333333333326,06:12:13,06:20:38,6
6402_2__6407_1,6402,6402_2,6407,6407_1,2665,27,9.149999999999977,06:12:13,06:20:38,6
6402_2__6407_1,6402,6402_2,6407,6407_1,2736,28,7.949999999999989,06:12:13,06:20:38,6
6402_2__6407_1,6402,6402_2,6407,6407_1,705,29,7.53333333333336,06:12:13,06:20:38,6
6402_2__6407_1,6402,6402_2,6407,6407_1,9979,30,5.916666666666629,06:12:13,06:20:38,6
6402_2__6407_1,6402,6402_2,6407,6407_1,2492,31,5.899999999999977,06:12:13,06:20:38,6
6402_2__6407_1,6402,6402_2,6407,6407_1,946,32,4.699999999999989,06:12:13,06:20:38,6
6402_2__6407_1,6402,6402_2,6407,6407_1,947,33,5.166666666666686,06:12:13,06:20:38,6
6402_2__6407_1,6402,6402_2,6407,6407_1,327,34,5.166666666666686,06:12:13,06:20:38,6
6402_2__6407_1,6402,6402_2,6407,6407_1,3284,35,5.4833333333333485,06:12:13,06:20:38,6
6402_2__6407_1,6402,6402_2,6407,6407_1,3282,36,5.350000000000023,06:12:13,06:20:38,6
6402_2__6407_1,6402,6402_2,6407,6407_1,2583,37,5.0,06:12:13,06:20:38,6
6402_2__6407_1,6402,6402_2,6407,6407_1,2590,38,4.599999999999966,06:12:13,06:20:38,6
6402_2__6407_1,6402,6402_2,6407,6407_1,603,39,4.2666666666666515,06:12:13,06:20:38,6
6402_3__6407_2,6402,6402_3,6407,6407_2,3797,1,8.100000000000023,09:14:37,09:22:43,9
6402_3__6407_2,6402,6402_3,6407,6407_2,2984,2,9.266666666666765,09:14:37,09:22:43,9
6402_3__6407_2,6402,6402_3,6407,6407_2,2685,3,8.75,09:14:37,09:22:43,9
6402_3__6407_2,6402,6402_3,6407,6407_2,3649,4,8.033333333333303,09:14:37,09:22:43,9
6402_3__6407_2,6402,6402_3,6407,6407_2,3747,5,7.949999999999932,09:14:37,09:22:43,9
6402_3__6407_2,6402,6402_3,6407,6407_2,482,6,8.133333333333326,09:14:37,09:22:43,9
6402_3__6407_2,6402,6402_3,6407,6407_2,709,7,8.5,09:14:37,09:22:43,9
6402_3__6407_2,6402,6402_3,6407,6407_2,1577,8,7.533333333333417,09:14:37,09:22:43,9
6402_3__6407_2,6402,6402_3,6407,6407_2,990,9,6.350000000000023,09:14:37,09:22:43,9
6402_3__6407_2,6402,6402_3,6407,6407_2,109,10,7.866666666666674,09:14:37,09:22:43,9
6402_3__6407_2,6402,6402_3,6407,6407_2,396,11,7.6666666666667425,09:14:37,09:22:43,9
6402_3__6407_2,6402,6402_3,6407,6407_2,1253,12,8.033333333333303,09:14:37,09:22:43,9
6402_3__6407_2,6402,6402_3,6407,6407_2,1554,13,7.68333333333328,09:14:37,09:22:43,9
6402_3__6407_2,6402,6402_3,6407,6407_2,1099,14,8.43333333333328,09:14:37,09:22:43,9
6402_3__6407_2,6402,6402_3,6407,6407_2,168,15,8.066666666666606,09:14:37,09:22:43,9
6402_3__6407_2,6402,6402_3,6407,6407_2,929,16,8.400000000000091,09:14:37,09:22:43,9
6402_3__6407_2,6402,6402_3,6407,6407_2,94,17,7.7999999999999545,09:14:37,09:22:43,9
6402_3__6407_2,6402,6402_3,6407,6407_2,1080,18,8.766666666666652,09:14:37,09:22:43,9
6402_3__6407_2,6402,6402_3,6407,6407_2,146,19,6.6666666666667425,09:14:37,09:22:43,9
6402_3__6407_2,6402,6402_3,6407,6407_2,1089,20,6.100000000000023,09:14:37,09:22:43,9
6402_3__6407_2,6402,6402_3,6407,6407_2,213,21,6.4500000000000455,09:14:37,09:22:43,9
6402_3__6407_2,6402,6402_3,6407,6407_2,3907,22,5.75,09:14:37,09:22:43,9
6402_3__6407_2,6402,6402_3,6407,6407_2,949,23,6.283333333333417,09:14:37,09:22:43,9
6402_3__6407_2,6402,6402_3,6407,6407_2,913,24,6.133333333333326,09:14:37,09:22:43,9
6402_3__6407_2,6402,6402_3,6407,6407_2,307,25,4.400000000000091,09:14:37,09:22:43,9
6402_3__6407_2,6402,6402_3,6407,6407_2,212,26,4.850000000000023,09:14:37,09:22:43,9
6402_3__6407_2,6402,6402_3,6407,6407_2,2665,27,6.25,09:14:37,09:22:43,9
6402_3__6407_2,6402,6402_3,6407,6407_2,2736,28,5.966666666666697,09:14:37,09:22:43,9
6402_3__6407_2,6402,6402_3,6407,6407_2,705,29,4.699999999999932,09:14:37,09:22:43,9
6402_3__6407_2,6402,6402_3,6407,6407_2,9979,30,4.816666666666606,09:14:37,09:22:43,9
6402_3__6407_2,6402,6402_3,6407,6407_2,2492,31,4.56666666666672,09:14:37,09:22:43,9
6402_3__6407_2,6402,6402_3,6407,6407_2,946,32,6.133333333333326,09:14:37,09:22:43,9
6402_3__6407_2,6402,6402_3,6407,6407_2,947,33,4.833333333333371,09:14:37,09:22:43,9
6402_3__6407_2,6402,6402_3,6407,6407_2,327,34,5.099999999999909,09:14:37,09:22:43,9
6402_3__6407_2,6402,6402_3,6407,6407_2,3284,35,4.699999999999932,09:14:37,09:22:43,9
6402_3__6407_2,6402,6402_3,6407,6407_2,3282,36,5.0833333333332575,09:14:37,09:22:43,9
6402_3__6407_2,6402,6402_3,6407,6407_2,2583,37,5.7999999999999545,09:14:37,09:22:43,9
6402_3__6407_2,6402,6402_3,6407,6407_2,2590,38,6.666666666666629,09:14:37,09:22:43,9
6402_3__6407_2,6402,6402_3,6407,6407_2,603,39,6.199999999999932,09:14:37,09:22:43,9
6402_4__6407_3,6402,6402_4,6407,6407_3,3797,1,8.333333333333371,12:11:37,12:19:57,12
6402_4__6407_3,6402,6402_4,6407,6407_3,2984,2,6.583333333333371,12:11:37,12:19:57,12
6402_4__6407_3,6402,6402_4,6407,6407_3,2685,3,6.083333333333371,12:11:37,12:19:57,12
6402_4__6407_3,6402,6402_4,6407,6407_3,3649,4,7.0166666666666515,12:11:37,12:19:57,12
6402_4__6407_3,6402,6402_4,6407,6407_3,3747,5,8.516666666666652,12:11:37,12:19:57,12
6402_4__6407_3,6402,6402_4,6407,6407_3,482,6,7.916666666666629,12:11:37,12:19:57,12
6402_4__6407_3,6402,6402_4,6407,6407_3,709,7,8.0,12:11:37,12:19:57,12
6402_4__6407_3,6402,6402_4,6407,6407_3,1577,8,7.516666666666765,12:11:37,12:19:57,12
6402_4__6407_3,6402,6402_4,6407,6407_3,990,9,7.2666666666666515,12:11:37,12:19:57,12
6402_4__6407_3,6402,6402_4,6407,6407_3,109,10,6.683333333333394,12:11:37,12:19:57,12
6402_4__6407_3,6402,6402_4,6407,6407_3,396,11,8.266666666666652,12:11:37,12:19:57,12
6402_4__6407_3,6402,6402_4,6407,6407_3,1253,12,8.283333333333303,12:11:37,12:19:57,12
6402_4__6407_3,6402,6402_4,6407,6407_3,1554,13,9.600000000000023,12:11:37,12:19:57,12
6402_4__6407_3,6402,6402_4,6407,6407_3,1099,14,10.366666666666674,12:11:37,12:19:57,12
6402_4__6407_3,6402,6402_4,6407,6407_3,168,15,9.93333333333328,12:11:37,12:19:57,12
6402_4__6407_3,6402,6402_4,6407,6407_3,929,16,10.216666666666697,12:11:37,12:19:57,12
6402_4__6407_3,6402,6402_4,6407,6407_3,94,17,10.016666666666652,12:11:37,12:19:57,12
6402_4__6407_3,6402,6402_4,6407,6407_3,1080,18,11.550000000000068,12:11:37,12:19:57,12
6402_4__6407_3,6402,6402_4,6407,6407_3,1089,20,11.616666666666674,12:11:37,12:19:57,12
6402_4__6407_3,6402,6402_4,6407,6407_3,213,21,11.18333333333328,12:11:37,12:19:57,12
6402_4__6407_3,6402,6402_4,6407,6407_3,3907,22,11.266666666666652,12:11:37,12:19:57,12
6402_4__6407_3,6402,6402_4,6407,6407_3,949,23,11.850000000000023,12:11:37,12:19:57,12
6402_4__6407_3,6402,6402_4,6407,6407_3,913,24,12.0,12:11:37,12:19:57,12
6402_4__6407_3,6402,6402_4,6407,6407_3,307,25,11.56666666666672,12:11:37,12:19:57,12
6402_4__6407_3,6402,6402_4,6407,6407_3,212,26,12.283333333333303,12:11:37,12:19:57,12
6402_4__6407_3,6402,6402_4,6407,6407_3,2665,27,11.766666666666652,12:11:37,12:19:57,12
6402_4__6407_3,6402,6402_4,6407,6407_3,2736,28,12.31666666666672,12:11:37,12:19:57,12
6402_4__6407_3,6402,6402_4,6407,6407_3,705,29,11.483333333333348,12:11:37,12:19:57,12
6402_4__6407_3,6402,6402_4,6407,6407_3,9979,30,11.700000000000045,12:11:37,12:19:57,12
6402_4__6407_3,6402,6402_4,6407,6407_3,2492,31,10.233333333333348,12:11:37,12:19:57,12
6402_4__6407_3,6402,6402_4,6407,6407_3,946,32,10.399999999999977,12:11:37,12:19:57,12
6402_4__6407_3,6402,6402_4,6407,6407_3,947,33,9.75,12:11:37,12:19:57,12
6402_4__6407_3,6402,6402_4,6407,6407_3,327,34,8.866666666666674,12:11:37,12:19:57,12
6402_4__6407_3,6402,6402_4,6407,6407_3,3284,35,9.733333333333348,12:11:37,12:19:57,12
6402_4__6407_3,6402,6402_4,6407,6407_3,3282,36,9.533333333333303,12:11:37,12:19:57,12
6402_4__6407_3,6402,6402_4,6407,6407_3,2583,37,10.600000000000023,12:11:37,12:19:57,12
6402_4__6407_3,6402,6402_4,6407,6407_3,2590,38,11.716666666666697,12:11:37,12:19:57,12
6402_4__6407_3,6402,6402_4,6407,6407_3,603,39,11.683333333333394,12:11:37,12:19:57,12
6402_5__6407_4,6402,6402_5,6407,6407_4,2984,2,-9.799999999999955,15:15:25,15:05:37,15
6402_5__6407_4,6402,6402_5,6407,6407_4,2685,3,-9.466666666666697,15:15:25,15:05:37,15
6402_5__6407_4,6402,6402_5,6407,6407_4,3649,4,10.916666666666629,15:15:25,15:05:37,15
6402_5__6407_4,6402,6402_5,6407,6407_4,482,6,12.699999999999932,15:15:25,15:05:37,15
6402_5__6407_4,6402,6402_5,6407,6407_4,709,7,12.316666666666606,15:15:25,15:05:37,15
6402_5__6407_4,6402,6402_5,6407,6407_4,1577,8,13.049999999999955,15:15:25,15:05:37,15
6402_5__6407_4,6402,6402_5,6407,6407_4,990,9,12.433333333333394,15:15:25,15:05:37,15
6402_5__6407_4,6402,6402_5,6407,6407_4,109,10,12.25,15:15:25,15:05:37,15
6402_5__6407_4,6402,6402_5,6407,6407_4,396,11,12.916666666666629,15:15:25,15:05:37,15
6402_5__6407_4,6402,6402_5,6407,6407_4,1253,12,13.266666666666765,15:15:25,15:05:37,15
6402_5__6407_4,6402,6402_5,6407,6407_4,1554,13,13.283333333333303,15:15:25,15:05:37,15
6402_5__6407_4,6402,6402_5,6407,6407_4,1099,14,13.216666666666583,15:15:25,15:05:37,15
6402_5__6407_4,6402,6402_5,6407,6407_4,168,15,14.5,15:15:25,15:05:37,15
6402_5__6407_4,6402,6402_5,6407,6407_4,929,16,13.950000000000045,15:15:25,15:05:37,15
6402_5__6407_4,6402,6402_5,6407,6407_4,94,17,14.016666666666652,15:15:25,15:05:37,15
6402_5__6407_4,6402,6402_5,6407,6407_4,1080,18,13.43333333333328,15:15:25,15:05:37,15
6402_5__6407_4,6402,6402_5,6407,6407_4,146,19,12.06666666666672,15:15:25,15:05:37,15
6402_5__6407_4,6402,6402_5,6407,6407_4,1089,20,10.066666666666606,15:15:25,15:05:37,15
6402_5__6407_4,6402,6402_5,6407,6407_4,213,21,11.416666666666629,15:15:25,15:05:37,15
6402_5__6407_4,6402,6402_5,6407,6407_4,3907,22,10.81666666666672,15:15:25,15:05:37,15
6402_5__6407_4,6402,6402_5,6407,6407_4,949,23,12.050000000000068,15:15:25,15:05:37,15
6402_5__6407_4,6402,6402_5,6407,6407_4,913,24,11.950000000000045,15:15:25,15:05:37,15
6402_5__6407_4,6402,6402_5,6407,6407_4,307,25,12.266666666666652,15:15:25,15:05:37,15
6402_5__6407_4,6402,6402_5,6407,6407_4,212,26,12.033333333333303,15:15:25,15:05:37,15
6402_5__6407_4,6402,6402_5,6407,6407_4,2665,27,11.56666666666672,15:15:25,15:05:37,15
6402_5__6407_4,6402,6402_5,6407,6407_4,2736,28,12.449999999999932,15:15:25,15:05:37,15
6402_5__6407_4,6402,6402_5,6407,6407_4,705,29,11.266666666666652,15:15:25,15:05:37,15
6402_5__6407_4,6402,6402_5,6407,6407_4,9979,30,11.350000000000023,15:15:25,15:05:37,15
6402_5__6407_4,6402,6402_5,6407,6407_4,2492,31,10.549999999999955,15:15:25,15:05:37,15
6402_5__6407_4,6402,6402_5,6407,6407_4,946,32,11.066666666666606,15:15:25,15:05:37,15
6402_5__6407_4,6402,6402_5,6407,6407_4,947,33,10.149999999999977,15:15:25,15:05:37,15
6402_5__6407_4,6402,6402_5,6407,6407_4,327,34,10.416666666666742,15:15:25,15:05:37,15
6402_5__6407_4,6402,6402_5,6407,6407_4,3284,35,10.966666666666697,15:15:25,15:05:37,15
6402_5__6407_4,6402,6402_5,6407,6407_4,3282,36,12.06666666666672,15:15:25,15:05:37,15
6402_5__6407_4,6402,6402_5,6407,6407_4,2583,37,12.016666666666652,15:15:25,15:05:37,15
6402_5__6407_4,6402,6402_5,6407,6407_4,2590,38,13.06666666666672,15:15:25,15:05:37,15
6402_5__6407_4,6402,6402_5,6407,6407_4,603,39,13.133333333333326,15:15:25,15:05:37,15
6402_6__6802_6,6402,6402_6,6802,6802_6,3797,1,10.0,18:16:00,18:26:00,18
6402_6__6802_6,6402,6402_6,6802,6802_6,2984,2,11.566666666666606,18:16:00,18:26:00,18
6402_6__6802_6,6402,6402_6,6802,6802_6,2685,3,12.13333333333344,18:16:00,18:26:00,18
6402_6__6802_6,6402,6402_6,6802,6802_6,3649,4,13.549999999999955,18:16:00,18:26:00,18
6402_6__6802_6,6402,6402_6,6802,6802_6,3747,5,14.983333333333348,18:16:00,18:26:00,18
6402_6__6802_6,6402,6402_6,6802,6802_6,482,6,15.61666666666656,18:16:00,18:26:00,18
6402_6__6802_6,6402,6402_6,6802,6802_6,709,7,16.666666666666742,18:16:00,18:26:00,18
6402_6__6802_6,6402,6402_6,6802,6802_6,1577,8,16.0,18:16:00,18:26:00,18
6402_6__6802_6,6402,6402_6,6802,6802_6,990,9,16.666666666666515,18:16:00,18:26:00,18
6402_6__6802_6,6402,6402_6,6802,6802_6,109,10,15.983333333333348,18:16:00,18:26:00,18
6402_6__6802_6,6402,6402_6,6802,6802_6,396,11,16.416666666666742,18:16:00,18:26:00,18
6402_6__6802_6,6402,6402_6,6802,6802_6,1253,12,15.049999999999955,18:16:00,18:26:00,18
6402_6__6802_6,6402,6402_6,6802,6802_6,1554,13,17.283333333333303,18:16:00,18:26:00,18
6402_6__6802_6,6402,6402_6,6802,6802_6,1099,14,18.51666666666665,18:16:00,18:26:00,18
6402_6__6802_6,6402,6402_6,6802,6802_6,168,15,21.716666666666697,18:16:00,18:26:00,18
6402_6__6802_6,6402,6402_6,6802,6802_6,929,16,22.283333333333303,18:16:00,18:26:00,18
6402_6__6802_6,6402,6402_6,6802,6802_6,94,17,21.549999999999955,18:16:00,18:26:00,18
6402_6__6802_6,6402,6402_6,6802,6802_6,1080,18,21.716666666666697,18:16:00,18:26:00,18
6402_6__6802_6,6402,6402_6,6802,6802_6,1089,20,19.416666666666515,18:16:00,18:26:00,18
6402_6__6802_6,6402,6402_6,6802,6802_6,213,21,18.899999999999864,18:16:00,18:26:00,18
6402_6__6802_6,6402,6402_6,6802,6802_6,3907,22,18.716666666666697,18:16:00,18:26:00,18
6402_6__6802_6,6402,6402_6,6802,6802_6,949,23,19.450000000000045,18:16:00,18:26:00,18
6402_6__6802_6,6402,6402_6,6802,6802_6,913,24,19.899999999999864,18:16:00,18:26:00,18
6402_6__6802_6,6402,6402_6,6802,6802_6,307,25,19.850000000000136,18:16:00,18:26:00,18
6402_6__6802_6,6402,6402_6,6802,6802_6,212,26,20.75,18:16:00,18:26:00,18
6402_6__6802_6,6402,6402_6,6802,6802_6,2665,27,19.40000000000009,18:16:00,18:26:00,18
6402_6__6802_6,6402,6402_6,6802,6802_6,2736,28,18.899999999999864,18:16:00,18:26:00,18
6402_6__6802_6,6402,6402_6,6802,6802_6,705,29,18.5,18:16:00,18:26:00,18
6402_6__6802_6,6402,6402_6,6802,6802_6,9979,30,18.866666666666788,18:16:00,18:26:00,18
6402_6__6802_6,6402,6402_6,6802,6802_6,2492,31,18.75,18:16:00,18:26:00,18
6402_6__6802_6,6402,6402_6,6802,6802_6,946,32,18.25,18:16:00,18:26:00,18
6402_6__6802_6,6402,6402_6,6802,6802_6,947,33,17.916666666666515,18:16:00,18:26:00,18
6402_6__6802_6,6402,6402_6,6802,6802_6,327,34,18.40000000000009,18:16:00,18:26:00,18
6402_6__6802_6,6402,6402_6,6802,6802_6,3284,35,18.549999999999955,18:16:00,18:26:00,18
6402_6__6802_6,6402,6402_6,6802,6802_6,3282,36,18.116666666666788,18:16:00,18:26:00,18
6402_6__6802_6,6402,6402_6,6802,6802_6,2583,37,19.216666666666697,18:16:00,18:26:00,18
6402_6__6802_6,6402,6402_6,6802,6802_6,603,39,21.86666666666656,18:16:00,18:26:00,18
6402_7__6414_6,6402,6402_7,6414,6414_6,3797,1,15.016666666666652,20:54:59,21:10:00,20
6402_7__6414_6,6402,6402_7,6414,6414_6,2984,2,13.483333333333348,20:54:59,21:10:00,20
6402_7__6414_6,6402,6402_7,6414,6414_6,2685,3,13.5,20:54:59,21:10:00,20
6402_7__6414_6,6402,6402_7,6414,6414_6,3649,4,14.733333333333348,20:54:59,21:10:00,20
6402_7__6414_6,6402,6402_7,6414,6414_6,3747,5,15.266666666666652,20:54:59,21:10:00,20
6402_7__6414_6,6402,6402_7,6414,6414_6,482,6,15.650000000000091,20:54:59,21:10:00,20
6402_7__6414_6,6402,6402_7,6414,6414_6,709,7,15.799999999999955,20:54:59,21:10:00,20
6402_7__6414_6,6402,6402_7,6414,6414_6,1577,8,15.133333333333212,20:54:59,21:10:00,20
6402_7__6414_6,6402,6402_7,6414,6414_6,990,9,15.833333333333258,20:54:59,21:10:00,20
6402_7__6414_6,6402,6402_7,6414,6414_6,109,10,15.399999999999864,20:54:59,21:10:00,20
6402_7__6414_6,6402,6402_7,6414,6414_6,396,11,16.25,20:54:59,21:10:00,20
6402_7__6414_6,6402,6402_7,6414,6414_6,1253,12,17.51666666666665,20:54:59,21:10:00,20
6402_7__6414_6,6402,6402_7,6414,6414_6,1554,13,17.933333333333167,20:54:59,21:10:00,20
6402_7__6414_6,6402,6402_7,6414,6414_6,1099,14,17.833333333333258,20:54:59,21:10:00,20
6402_7__6414_6,6402,6402_7,6414,6414_6,168,15,18.950000000000045,20:54:59,21:10:00,20
6402_7__6414_6,6402,6402_7,6414,6414_6,929,16,19.01666666666665,20:54:59,21:10:00,20
6402_7__6414_6,6402,6402_7,6414,6414_6,94,17,19.199999999999818,20:54:59,21:10:00,20
6402_7__6414_6,6402,6402_7,6414,6414_6,1080,18,19.73333333333335,20:54:59,21:10:00,20
6402_7__6414_6,6402,6402_7,6414,6414_6,146,19,20.549999999999955,20:54:59,21:10:00,20
6402_7__6414_6,6402,6402_7,6414,6414_6,1089,20,20.133333333333212,20:54:59,21:10:00,20
6402_7__6414_6,6402,6402_7,6414,6414_6,213,21,21.73333333333335,20:54:59,21:10:00,20
6402_7__6414_6,6402,6402_7,6414,6414_6,3907,22,22.783333333333303,20:54:59,21:10:00,20
6402_7__6414_6,6402,6402_7,6414,6414_6,949,23,21.86666666666656,20:54:59,21:10:00,20
6402_7__6414_6,6402,6402_7,6414,6414_6,913,24,22.066666666666606,20:54:59,21:10:00,20
6402_7__6414_6,6402,6402_7,6414,6414_6,307,25,22.5,20:54:59,21:10:00,20
6402_7__6414_6,6402,6402_7,6414,6414_6,212,26,23.200000000000045,20:54:59,21:10:00,20
6402_7__6414_6,6402,6402_7,6414,6414_6,2665,27,23.449999999999818,20:54:59,21:10:00,20
6402_7__6414_6,6402,6402_7,6414,6414_6,2736,28,23.783333333333303,20:54:59,21:10:00,20
6402_7__6414_6,6402,6402_7,6414,6414_6,705,29,23.600000000000136,20:54:59,21:10:00,20
6402_7__6414_6,6402,6402_7,6414,6414_6,9979,30,22.666666666666742,20:54:59,21:10:00,20
6402_7__6414_6,6402,6402_7,6414,6414_6,2492,31,24.350000000000136,20:54:59,21:10:00,20
6402_7__6414_6,6402,6402_7,6414,6414_6,946,32,23.183333333333394,20:54:59,21:10:00,20
6402_7__6414_6,6402,6402_7,6414,6414_6,947,33,23.449999999999818,20:54:59,21:10:00,20
6402_7__6414_6,6402,6402_7,6414,6414_6,327,34,24.700000000000045,20:54:59,21:10:00,20
6402_7__6414_6,6402,6402_7,6414,6414_6,3284,35,24.950000000000045,20:54:59,21:10:00,20
6402_7__6414_6,6402,6402_7,6414,6414_6,2590,38,25.333333333333485,20:54:59,21:10:00,20
6406_1__6085_1,6406,6406_1,6085,6085_1,3649,4,7.899999999999977,04:01:48,04:09:42,4
6406_1__6085_1,6406,6406_1,6085,6085_1,3747,5,7.416666666666657,04:01:48,04:09:42,4
6406_1__6085_1,6406,6406_1,6085,6085_1,482,6,7.966666666666669,04:01:48,04:09:42,4
6406_1__6085_1,6406,6406_1,6085,6085_1,709,7,8.483333333333348,04:01:48,04:09:42,4
6406_1__6085_1,6406,6406_1,6085,6085_1,1577,8,8.616666666666674,04:01:48,04:09:42,4
6406_1__6085_1,6406,6406_1,6085,6085_1,990,9,8.883333333333354,04:01:48,04:09:42,4
6406_1__6085_1,6406,6406_1,6085,6085_1,109,10,9.299999999999983,04:01:48,04:09:42,4
6406_1__6085_1,6406,6406_1,6085,6085_1,396,11,7.933333333333309,04:01:48,04:09:42,4
6406_1__6085_1,6406,6406_1,6085,6085_1,1253,12,7.966666666666697,04:01:48,04:09:42,4
6406_1__6085_1,6406,6406_1,6085,6085_1,1554,13,7.599999999999966,04:01:48,04:09:42,4
6406_1__6085_1,6406,6406_1,6085,6085_1,1099,14,8.216666666666669,04:01:48,04:09:42,4
6406_1__6085_1,6406,6406_1,6085,6085_1,168,15,8.900000000000006,04:01:48,04:09:42,4
6406_1__6085_1,6406,6406_1,6085,6085_1,929,16,9.083333333333314,04:01:48,04:09:42,4
6406_1__6085_1,6406,6406_1,6085,6085_1,94,17,8.533333333333303,04:01:48,04:09:42,4
6406_1__6085_1,6406,6406_1,6085,6085_1,146,19,6.933333333333337,04:01:48,04:09:42,4
6406_1__6085_1,6406,6406_1,6085,6085_1,1089,20,7.53333333333336,04:01:48,04:09:42,4
6406_1__6085_1,6406,6406_1,6085,6085_1,213,21,7.683333333333337,04:01:48,04:09:42,4
6406_1__6085_1,6406,6406_1,6085,6085_1,3907,22,7.666666666666686,04:01:48,04:09:42,4
6406_1__6085_1,6406,6406_1,6085,6085_1,949,23,7.116666666666674,04:01:48,04:09:42,4
6406_1__6085_1,6406,6406_1,6085,6085_1,913,24,7.766666666666708,04:01:48,04:09:42,4
6406_1__6085_1,6406,6406_1,6085,6085_1,307,25,8.350000000000023,04:01:48,04:09:42,4
6406_1__6085_1,6406,6406_1,6085,6085_1,212,26,8.850000000000023,04:01:48,04:09:42,4
6406_1__6085_1,6406,6406_1,6085,6085_1,2665,27,9.53333333333336,04:01:48,04:09:42,4
6406_1__6085_1,6406,6406_1,6085,6085_1,2736,28,9.383333333333326,04:01:48,04:09:42,4
6406_1__6085_1,6406,6406_1,6085,6085_1,9979,30,8.133333333333326,04:01:48,04:09:42,4
6406_1__6085_1,6406,6406_1,6085,6085_1,2492,31,7.350000000000023,04:01:48,04:09:42,4
6406_1__6085_1,6406,6406_1,6085,6085_1,946,32,8.066666666666663,04:01:48,04:09:42,4
6406_1__6085_1,6406,6406_1,6085,6085_1,947,33,8.333333333333371,04:01:48,04:09:42,4
6406_1__6085_1,6406,6406_1,6085,6085_1,327,34,8.200000000000045,04:01:48,04:09:42,4
6406_1__6085_1,6406,6406_1,6085,6085_1,3282,36,6.100000000000023,04:01:48,04:09:42,4
6406_1__6085_1,6406,6406_1,6085,6085_1,2583,37,6.199999999999989,04:01:48,04:09:42,4
6406_1__6085_1,6406,6406_1,6085,6085_1,2590,38,6.0166666666666515,04:01:48,04:09:42,4
6406_1__6085_1,6406,6406_1,6085,6085_1,603,39,5.566666666666663,04:01:48,04:09:42,4
6406_2__6029_1,6406,6406_2,6029,6029_1,3797,1,7.333333333333314,06:43:48,06:51:08,6
6406_2__6029_1,6406,6406_2,6029,6029_1,2984,2,7.583333333333314,06:43:48,06:51:08,6
6406_2__6029_1,6406,6406_2,6029,6029_1,2685,3,7.816666666666663,06:43:48,06:51:08,6
6406_2__6029_1,6406,6406_2,6029,6029_1,3649,4,7.783333333333303,06:43:48,06:51:08,6
6406_2__6029_1,6406,6406_2,6029,6029_1,3747,5,8.0,06:43:48,06:51:08,6
6406_2__6029_1,6406,6406_2,6029,6029_1,482,6,7.916666666666686,06:43:48,06:51:08,6
6406_2__6029_1,6406,6406_2,6029,6029_1,709,7,7.633333333333326,06:43:48,06:51:08,6
6406_2__6029_1,6406,6406_2,6029,6029_1,1577,8,6.383333333333326,06:43:48,06:51:08,6
6406_2__6029_1,6406,6406_2,6029,6029_1,990,9,6.083333333333314,06:43:48,06:51:08,6
6406_2__6029_1,6406,6406_2,6029,6029_1,109,10,5.0,06:43:48,06:51:08,6
6406_2__6029_1,6406,6406_2,6029,6029_1,396,11,4.599999999999966,06:43:48,06:51:08,6
6406_2__6029_1,6406,6406_2,6029,6029_1,1253,12,4.416666666666629,06:43:48,06:51:08,6
6406_2__6029_1,6406,6406_2,6029,6029_1,1554,13,3.7666666666667084,06:43:48,06:51:08,6
6406_2__6029_1,6406,6406_2,6029,6029_1,1099,14,3.066666666666663,06:43:48,06:51:08,6
6406_2__6029_1,6406,6406_2,6029,6029_1,168,15,3.71666666666664,06:43:48,06:51:08,6
6406_2__6029_1,6406,6406_2,6029,6029_1,929,16,2.933333333333337,06:43:48,06:51:08,6
6406_2__6029_1,6406,6406_2,6029,6029_1,94,17,3.1166666666666742,06:43:48,06:51:08,6
6406_2__6029_1,6406,6406_2,6029,6029_1,1080,18,3.0166666666666515,06:43:48,06:51:08,6
6406_2__6029_1,6406,6406_2,6029,6029_1,146,19,3.1333333333333258,06:43:48,06:51:08,6
6406_2__6029_1,6406,6406_2,6029,6029_1,1089,20,4.633333333333326,06:43:48,06:51:08,6
6406_2__6029_1,6406,6406_2,6029,6029_1,213,21,4.816666666666663,06:43:48,06:51:08,6
6406_2__6029_1,6406,6406_2,6029,6029_1,3907,22,4.9833333333333485,06:43:48,06:51:08,6
6406_2__6029_1,6406,6406_2,6029,6029_1,949,23,5.21666666666664,06:43:48,06:51:08,6
6406_2__6029_1,6406,6406_2,6029,6029_1,913,24,4.31666666666672,06:43:48,06:51:08,6
6406_2__6029_1,6406,6406_2,6029,6029_1,307,25,4.7333333333333485,06:43:48,06:51:08,6
6406_2__6029_1,6406,6406_2,6029,6029_1,212,26,4.850000000000023,06:43:48,06:51:08,6
6406_2__6029_1,6406,6406_2,6029,6029_1,2665,27,4.25,06:43:48,06:51:08,6
6406_2__6029_1,6406,6406_2,6029,6029_1,2736,28,4.316666666666663,06:43:48,06:51:08,6
6406_2__6029_1,6406,6406_2,6029,6029_1,705,29,4.199999999999989,06:43:48,06:51:08,6
6406_2__6029_1,6406,6406_2,6029,6029_1,9979,30,4.0,06:43:48,06:51:08,6
6406_2__6029_1,6406,6406_2,6029,6029_1,2492,31,4.100000000000023,06:43:48,06:51:08,6
6406_2__6029_1,6406,6406_2,6029,6029_1,946,32,4.0,06:43:48,06:51:08,6
6406_2__6029_1,6406,6406_2,6029,6029_1,947,33,2.816666666666663,06:43:48,06:51:08,6
6406_2__6029_1,6406,6406_2,6029,6029_1,327,34,2.966666666666697,06:43:48,06:51:08,6
6406_2__6029_1,6406,6406_2,6029,6029_1,3284,35,2.7666666666666515,06:43:48,06:51:08,6
6406_2__6029_1,6406,6406_2,6029,6029_1,2583,37,1.6666666666666856,06:43:48,06:51:08,6
6406_2__6029_1,6406,6406_2,6029,6029_1,2590,38,1.349999999999966,06:43:48,06:51:08,6
6406_3__6029_2,6406,6406_3,6029,6029_2,3797,1,8.299999999999955,09:48:50,09:57:08,9
6406_3__6029_2,6406,6406_3,6029,6029_2,2984,2,6.866666666666674,09:48:50,09:57:08,9
6406_3__6029_2,6406,6406_3,6029,6029_2,2685,3,6.449999999999932,09:48:50,09:57:08,9
6406_3__6029_2,6406,6406_3,6029,6029_2,3649,4,6.100000000000023,09:48:50,09:57:08,9
6406_3__6029_2,6406,6406_3,6029,6029_2,3747,5,6.7333333333333485,09:48:50,09:57:08,9
6406_3__6029_2,6406,6406_3,6029,6029_2,482,6,6.2333333333333485,09:48:50,09:57:08,9
6406_3__6029_2,6406,6406_3,6029,6029_2,709,7,6.850000000000023,09:48:50,09:57:08,9
6406_3__6029_2,6406,6406_3,6029,6029_2,1577,8,5.383333333333326,09:48:50,09:57:08,9
6406_3__6029_2,6406,6406_3,6029,6029_2,990,9,6.0166666666666515,09:48:50,09:57:08,9
6406_3__6029_2,6406,6406_3,6029,6029_2,109,10,8.333333333333371,09:48:50,09:57:08,9
6406_3__6029_2,6406,6406_3,6029,6029_2,396,11,8.133333333333326,09:48:50,09:57:08,9
6406_3__6029_2,6406,6406_3,6029,6029_2,1253,12,7.066666666666606,09:48:50,09:57:08,9
6406_3__6029_2,6406,6406_3,6029,6029_2,1554,13,7.316666666666606,09:48:50,09:57:08,9
6406_3__6029_2,6406,6406_3,6029,6029_2,1099,14,6.866666666666674,09:48:50,09:57:08,9
6406_3__6029_2,6406,6406_3,6029,6029_2,168,15,8.18333333333328,09:48:50,09:57:08,9
6406_3__6029_2,6406,6406_3,6029,6029_2,929,16,8.43333333333328,09:48:50,09:57:08,9
6406_3__6029_2,6406,6406_3,6029,6029_2,94,17,7.7666666666666515,09:48:50,09:57:08,9
6406_3__6029_2,6406,6406_3,6029,6029_2,1080,18,8.766666666666652,09:48:50,09:57:08,9
6406_3__6029_2,6406,6406_3,6029,6029_2,146,19,9.383333333333326,09:48:50,09:57:08,9
6406_3__6029_2,6406,6406_3,6029,6029_2,1089,20,9.933333333333394,09:48:50,09:57:08,9
6406_3__6029_2,6406,6406_3,6029,6029_2,213,21,9.81666666666672,09:48:50,09:57:08,9
6406_3__6029_2,6406,6406_3,6029,6029_2,3907,22,9.699999999999932,09:48:50,09:57:08,9
6406_3__6029_2,6406,6406_3,6029,6029_2,949,23,9.349999999999909,09:48:50,09:57:08,9
6406_3__6029_2,6406,6406_3,6029,6029_2,913,24,8.93333333333328,09:48:50,09:57:08,9
6406_3__6029_2,6406,6406_3,6029,6029_2,307,25,8.43333333333328,09:48:50,09:57:08,9
6406_3__6029_2,6406,6406_3,6029,6029_2,212,26,7.93333333333328,09:48:50,09:57:08,9
6406_3__6029_2,6406,6406_3,6029,6029_2,2665,27,7.416666666666629,09:48:50,09:57:08,9
6406_3__6029_2,6406,6406_3,6029,6029_2,2736,28,7.5,09:48:50,09:57:08,9
6406_3__6029_2,6406,6406_3,6029,6029_2,705,29,7.133333333333326,09:48:50,09:57:08,9
6406_3__6029_2,6406,6406_3,6029,6029_2,9979,30,7.550000000000068,09:48:50,09:57:08,9
6406_3__6029_2,6406,6406_3,6029,6029_2,2492,31,7.433333333333394,09:48:50,09:57:08,9
6406_3__6029_2,6406,6406_3,6029,6029_2,946,32,7.633333333333326,09:48:50,09:57:08,9
6406_3__6029_2,6406,6406_3,6029,6029_2,947,33,6.399999999999977,09:48:50,09:57:08,9
6406_3__6029_2,6406,6406_3,6029,6029_2,327,34,6.816666666666606,09:48:50,09:57:08,9
6406_3__6029_2,6406,6406_3,6029,6029_2,3284,35,5.866666666666674,09:48:50,09:57:08,9
6406_3__6029_2,6406,6406_3,6029,6029_2,3282,36,6.716666666666697,09:48:50,09:57:08,9
6406_3__6029_2,6406,6406_3,6029,6029_2,2583,37,6.06666666666672,09:48:50,09:57:08,9
6406_3__6029_2,6406,6406_3,6029,6029_2,2590,38,5.350000000000023,09:48:50,09:57:08,9
6406_3__6029_2,6406,6406_3,6029,6029_2,603,39,5.333333333333371,09:48:50,09:57:08,9
6406_4__6029_3,6406,6406_4,6029,6029_3,3797,1,7.3333333333332575,12:43:58,12:51:18,12
6406_4__6029_3,6406,6406_4,6029,6029_3,2984,2,7.5166666666666515,12:43:58,12:51:18,12
6406_4__6029_3,6406,6406_4,6029,6029_3,2685,3,8.600000000000023,12:43:58,12:51:18,12
6406_4__6029_3,6406,6406_4,6029,6029_3,3649,4,8.583333333333371,12:43:58,12:51:18,12
6406_4__6029_3,6406,6406_4,6029,6029_3,3747,5,9.916666666666629,12:43:58,12:51:18,12
6406_4__6029_3,6406,6406_4,6029,6029_3,482,6,10.43333333333328,12:43:58,12:51:18,12
6406_4__6029_3,6406,6406_4,6029,6029_3,709,7,10.550000000000068,12:43:58,12:51:18,12
6406_4__6029_3,6406,6406_4,6029,6029_3,1577,8,13.100000000000023,12:43:58,12:51:18,12
6406_4__6029_3,6406,6406_4,6029,6029_3,990,9,13.433333333333394,12:43:58,12:51:18,12
6406_4__6029_3,6406,6406_4,6029,6029_3,109,10,14.200000000000045,12:43:58,12:51:18,12
6406_4__6029_3,6406,6406_4,6029,6029_3,396,11,14.799999999999955,12:43:58,12:51:18,12
6406_4__6029_3,6406,6406_4,6029,6029_3,1253,12,15.700000000000045,12:43:58,12:51:18,12
6406_4__6029_3,6406,6406_4,6029,6029_3,1554,13,14.149999999999977,12:43:58,12:51:18,12
6406_4__6029_3,6406,6406_4,6029,6029_3,1099,14,13.166666666666742,12:43:58,12:51:18,12
6406_4__6029_3,6406,6406_4,6029,6029_3,168,15,13.483333333333235,12:43:58,12:51:18,12
6406_4__6029_3,6406,6406_4,6029,6029_3,929,16,12.233333333333235,12:43:58,12:51:18,12
6406_4__6029_3,6406,6406_4,6029,6029_3,94,17,13.133333333333326,12:43:58,12:51:18,12
6406_4__6029_3,6406,6406_4,6029,6029_3,1080,18,14.399999999999977,12:43:58,12:51:18,12
6406_4__6029_3,6406,6406_4,6029,6029_3,146,19,13.266666666666652,12:43:58,12:51:18,12
6406_4__6029_3,6406,6406_4,6029,6029_3,1089,20,12.333333333333371,12:43:58,12:51:18,12
6406_4__6029_3,6406,6406_4,6029,6029_3,213,21,12.466666666666583,12:43:58,12:51:18,12
6406_4__6029_3,6406,6406_4,6029,6029_3,3907,22,11.116666666666674,12:43:58,12:51:18,12
6406_4__6029_3,6406,6406_4,6029,6029_3,949,23,11.016666666666652,12:43:58,12:51:18,12
6406_4__6029_3,6406,6406_4,6029,6029_3,913,24,10.950000000000045,12:43:58,12:51:18,12
6406_4__6029_3,6406,6406_4,6029,6029_3,307,25,10.68333333333328,12:43:58,12:51:18,12
6406_4__6029_3,6406,6406_4,6029,6029_3,212,26,10.93333333333328,12:43:58,12:51:18,12
6406_4__6029_3,6406,6406_4,6029,6029_3,2665,27,10.25,12:43:58,12:51:18,12
6406_4__6029_3,6406,6406_4,6029,6029_3,2736,28,10.0,12:43:58,12:51:18,12
6406_4__6029_3,6406,6406_4,6029,6029_3,705,29,10.283333333333303,12:43:58,12:51:18,12
6406_4__6029_3,6406,6406_4,6029,6029_3,9979,30,10.466666666666697,12:43:58,12:51:18,12
6406_4__6029_3,6406,6406_4,6029,6029_3,2492,31,10.649999999999977,12:43:58,12:51:18,12
6406_4__6029_3,6406,6406_4,6029,6029_3,946,32,10.216666666666697,12:43:58,12:51:18,12
6406_4__6029_3,6406,6406_4,6029,6029_3,947,33,8.383333333333326,12:43:58,12:51:18,12
6406_4__6029_3,6406,6406_4,6029,6029_3,327,34,8.0,12:43:58,12:51:18,12
6406_4__6029_3,6406,6406_4,6029,6029_3,3284,35,8.916666666666629,12:43:58,12:51:18,12
6406_4__6029_3,6406,6406_4,6029,6029_3,3282,36,8.81666666666672,12:43:58,12:51:18,12
6406_4__6029_3,6406,6406_4,6029,6029_3,2583,37,9.299999999999955,12:43:58,12:51:18,12
6406_4__6029_3,6406,6406_4,6029,6029_3,2590,38,9.233333333333348,12:43:58,12:51:18,12
6406_4__6029_3,6406,6406_4,6029,6029_3,603,39,10.283333333333303,12:43:58,12:51:18,12
6406_5__6029_4,6406,6406_5,6029,6029_4,3797,1,8.349999999999909,15:44:57,15:53:18,15
6406_5__6029_4,6406,6406_5,6029,6029_4,2984,2,8.383333333333326,15:44:57,15:53:18,15
6406_5__6029_4,6406,6406_5,6029,6029_4,2685,3,8.81666666666672,15:44:57,15:53:18,15
6406_5__6029_4,6406,6406_5,6029,6029_4,3649,4,5.7666666666666515,15:44:57,15:53:18,15
6406_5__6029_4,6406,6406_5,6029,6029_4,3747,5,5.166666666666629,15:44:57,15:53:18,15
6406_5__6029_4,6406,6406_5,6029,6029_4,482,6,4.466666666666697,15:44:57,15:53:18,15
6406_5__6029_4,6406,6406_5,6029,6029_4,709,7,5.2666666666666515,15:44:57,15:53:18,15
6406_5__6029_4,6406,6406_5,6029,6029_4,1577,8,5.5499999999999545,15:44:57,15:53:18,15
6406_5__6029_4,6406,6406_5,6029,6029_4,990,9,4.850000000000023,15:44:57,15:53:18,15
6406_5__6029_4,6406,6406_5,6029,6029_4,109,10,4.43333333333328,15:44:57,15:53:18,15
6406_5__6029_4,6406,6406_5,6029,6029_4,396,11,6.4500000000000455,15:44:57,15:53:18,15
6406_5__6029_4,6406,6406_5,6029,6029_4,1253,12,6.316666666666606,15:44:57,15:53:18,15
6406_5__6029_4,6406,6406_5,6029,6029_4,1554,13,6.350000000000023,15:44:57,15:53:18,15
6406_5__6029_4,6406,6406_5,6029,6029_4,1099,14,5.966666666666697,15:44:57,15:53:18,15
6406_5__6029_4,6406,6406_5,6029,6029_4,168,15,9.25,15:44:57,15:53:18,15
6406_5__6029_4,6406,6406_5,6029,6029_4,929,16,8.183333333333394,15:44:57,15:53:18,15
6406_5__6029_4,6406,6406_5,6029,6029_4,94,17,8.433333333333394,15:44:57,15:53:18,15
6406_5__6029_4,6406,6406_5,6029,6029_4,1080,18,9.733333333333348,15:44:57,15:53:18,15
6406_5__6029_4,6406,6406_5,6029,6029_4,146,19,7.399999999999977,15:44:57,15:53:18,15
6406_5__6029_4,6406,6406_5,6029,6029_4,1089,20,8.350000000000023,15:44:57,15:53:18,15
6406_5__6029_4,6406,6406_5,6029,6029_4,213,21,6.2000000000000455,15:44:57,15:53:18,15
6406_5__6029_4,6406,6406_5,6029,6029_4,3907,22,6.2666666666666515,15:44:57,15:53:18,15
6406_5__6029_4,6406,6406_5,6029,6029_4,949,23,7.716666666666697,15:44:57,15:53:18,15
6406_5__6029_4,6406,6406_5,6029,6029_4,913,24,5.900000000000091,15:44:57,15:53:18,15
6406_5__6029_4,6406,6406_5,6029,6029_4,307,25,5.583333333333371,15:44:57,15:53:18,15
6406_5__6029_4,6406,6406_5,6029,6029_4,212,26,6.0499999999999545,15:44:57,15:53:18,15
6406_5__6029_4,6406,6406_5,6029,6029_4,2665,27,6.2333333333333485,15:44:57,15:53:18,15
6406_5__6029_4,6406,6406_5,6029,6029_4,2736,28,5.5166666666666515,15:44:57,15:53:18,15
6406_5__6029_4,6406,6406_5,6029,6029_4,705,29,5.75,15:44:57,15:53:18,15
6406_5__6029_4,6406,6406_5,6029,6029_4,9979,30,5.550000000000068,15:44:57,15:53:18,15
6406_5__6029_4,6406,6406_5,6029,6029_4,2492,31,5.350000000000023,15:44:57,15:53:18,15
6406_5__6029_4,6406,6406_5,6029,6029_4,946,32,6.399999999999977,15:44:57,15:53:18,15
6406_5__6029_4,6406,6406_5,6029,6029_4,947,33,4.966666666666697,15:44:57,15:53:18,15
6406_5__6029_4,6406,6406_5,6029,6029_4,327,34,5.7000000000000455,15:44:57,15:53:18,15
6406_5__6029_4,6406,6406_5,6029,6029_4,3284,35,4.183333333333167,15:44:57,15:53:18,15
6406_5__6029_4,6406,6406_5,6029,6029_4,3282,36,4.633333333333212,15:44:57,15:53:18,15
6406_5__6029_4,6406,6406_5,6029,6029_4,2583,37,6.150000000000091,15:44:57,15:53:18,15
6406_5__6029_4,6406,6406_5,6029,6029_4,2590,38,7.383333333333212,15:44:57,15:53:18,15
6406_5__6029_4,6406,6406_5,6029,6029_4,603,39,6.5499999999999545,15:44:57,15:53:18,15
6406_6__6408_6,6406,6406_6,6408,6408_6,3797,1,10.0,18:44:59,18:54:59,18
6406_6__6408_6,6406,6406_6,6408,6408_6,2984,2,12.13333333333344,18:44:59,18:54:59,18
6406_6__6408_6,6406,6406_6,6408,6408_6,2685,3,13.200000000000045,18:44:59,18:54:59,18
6406_6__6408_6,6406,6406_6,6408,6408_6,3649,4,11.900000000000091,18:44:59,18:54:59,18
6406_6__6408_6,6406,6406_6,6408,6408_6,3747,5,12.900000000000091,18:44:59,18:54:59,18
6406_6__6408_6,6406,6406_6,6408,6408_6,482,6,13.683333333333394,18:44:59,18:54:59,18
6406_6__6408_6,6406,6406_6,6408,6408_6,709,7,14.450000000000045,18:44:59,18:54:59,18
6406_6__6408_6,6406,6406_6,6408,6408_6,1577,8,12.766666666666652,18:44:59,18:54:59,18
6406_6__6408_6,6406,6406_6,6408,6408_6,990,9,13.13333333333344,18:44:59,18:54:59,18
6406_6__6408_6,6406,6406_6,6408,6408_6,109,10,12.933333333333394,18:44:59,18:54:59,18
6406_6__6408_6,6406,6406_6,6408,6408_6,396,11,12.650000000000091,18:44:59,18:54:59,18
6406_6__6408_6,6406,6406_6,6408,6408_6,1253,12,12.766666666666879,18:44:59,18:54:59,18
6406_6__6408_6,6406,6406_6,6408,6408_6,1554,13,12.299999999999955,18:44:59,18:54:59,18
6406_6__6408_6,6406,6406_6,6408,6408_6,1099,14,12.666666666666742,18:44:59,18:54:59,18
6406_6__6408_6,6406,6406_6,6408,6408_6,168,15,11.166666666666742,18:44:59,18:54:59,18
6406_6__6408_6,6406,6406_6,6408,6408_6,929,16,11.066666666666606,18:44:59,18:54:59,18
6406_6__6408_6,6406,6406_6,6408,6408_6,94,17,11.200000000000045,18:44:59,18:54:59,18
6406_6__6408_6,6406,6406_6,6408,6408_6,1080,18,11.333333333333485,18:44:59,18:54:59,18
6406_6__6408_6,6406,6406_6,6408,6408_6,146,19,11.633333333333212,18:44:59,18:54:59,18
6406_6__6408_6,6406,6406_6,6408,6408_6,1089,20,9.966666666666697,18:44:59,18:54:59,18
6406_6__6408_6,6406,6406_6,6408,6408_6,213,21,9.950000000000045,18:44:59,18:54:59,18
6406_6__6408_6,6406,6406_6,6408,6408_6,3907,22,9.583333333333485,18:44:59,18:54:59,18
6406_6__6408_6,6406,6406_6,6408,6408_6,949,23,9.299999999999955,18:44:59,18:54:59,18
6406_6__6408_6,6406,6406_6,6408,6408_6,913,24,9.433333333333167,18:44:59,18:54:59,18
6406_6__6408_6,6406,6406_6,6408,6408_6,307,25,9.083333333333258,18:44:59,18:54:59,18
6406_6__6408_6,6406,6406_6,6408,6408_6,212,26,8.733333333333348,18:44:59,18:54:59,18
6406_6__6408_6,6406,6406_6,6408,6408_6,2665,27,8.5,18:44:59,18:54:59,18
6406_6__6408_6,6406,6406_6,6408,6408_6,2736,28,8.25,18:44:59,18:54:59,18
6406_6__6408_6,6406,6406_6,6408,6408_6,705,29,8.583333333333258,18:44:59,18:54:59,18
6406_6__6408_6,6406,6406_6,6408,6408_6,9979,30,9.283333333333303,18:44:59,18:54:59,18
6406_6__6408_6,6406,6406_6,6408,6408_6,2492,31,8.75,18:44:59,18:54:59,18
6406_6__6408_6,6406,6406_6,6408,6408_6,946,32,9.766666666666652,18:44:59,18:54:59,18
6406_6__6408_6,6406,6406_6,6408,6408_6,947,33,9.566666666666606,18:44:59,18:54:59,18
6406_6__6408_6,6406,6406_6,6408,6408_6,327,34,9.63333333333344,18:44:59,18:54:59,18
6406_6__6408_6,6406,6406_6,6408,6408_6,3284,35,10.75,18:44:59,18:54:59,18
6406_6__6408_6,6406,6406_6,6408,6408_6,3282,36,10.733333333333348,18:44:59,18:54:59,18
6406_6__6408_6,6406,6406_6,6408,6408_6,2583,37,10.25,18:44:59,18:54:59,18
6406_6__6408_6,6406,6406_6,6408,6408_6,2590,38,9.383333333333212,18:44:59,18:54:59,18
6406_6__6408_6,6406,6406_6,6408,6408_6,603,39,9.799999999999955,18:44:59,18:54:59,18
6407_1__6802_2,6407,6407_1,6802,6802_2,3797,1,7.550000000000011,06:20:38,06:28:11,6
6407_1__6802_2,6407,6407_1,6802,6802_2,2984,2,8.25,06:20:38,06:28:11,6
6407_1__6802_2,6407,6407_1,6802,6802_2,2685,3,8.266666666666708,06:20:38,06:28:11,6
6407_1__6802_2,6407,6407_1,6802,6802_2,3649,4,10.300000000000011,06:20:38,06:28:11,6
6407_1__6802_2,6407,6407_1,6802,6802_2,3747,5,10.300000000000011,06:20:38,06:28:11,6
6407_1__6802_2,6407,6407_1,6802,6802_2,482,6,9.75,06:20:38,06:28:11,6
6407_1__6802_2,6407,6407_1,6802,6802_2,709,7,10.016666666666652,06:20:38,06:28:11,6
6407_1__6802_2,6407,6407_1,6802,6802_2,1577,8,9.233333333333292,06:20:38,06:28:11,6
6407_1__6802_2,6407,6407_1,6802,6802_2,990,9,9.949999999999989,06:20:38,06:28:11,6
6407_1__6802_2,6407,6407_1,6802,6802_2,109,10,8.416666666666686,06:20:38,06:28:11,6
6407_1__6802_2,6407,6407_1,6802,6802_2,396,11,8.083333333333314,06:20:38,06:28:11,6
6407_1__6802_2,6407,6407_1,6802,6802_2,1253,12,8.133333333333326,06:20:38,06:28:11,6
6407_1__6802_2,6407,6407_1,6802,6802_2,1554,13,7.566666666666663,06:20:38,06:28:11,6
6407_1__6802_2,6407,6407_1,6802,6802_2,1099,14,7.333333333333314,06:20:38,06:28:11,6
6407_1__6802_2,6407,6407_1,6802,6802_2,168,15,5.550000000000011,06:20:38,06:28:11,6
6407_1__6802_2,6407,6407_1,6802,6802_2,929,16,5.2666666666666515,06:20:38,06:28:11,6
6407_1__6802_2,6407,6407_1,6802,6802_2,94,17,4.216666666666697,06:20:38,06:28:11,6
6407_1__6802_2,6407,6407_1,6802,6802_2,1080,18,4.866666666666674,06:20:38,06:28:11,6
6407_1__6802_2,6407,6407_1,6802,6802_2,146,19,2.7666666666667084,06:20:38,06:28:11,6
6407_1__6802_2,6407,6407_1,6802,6802_2,1089,20,1.6666666666666288,06:20:38,06:28:11,6
6407_1__6802_2,6407,6407_1,6802,6802_2,213,21,1.4833333333333485,06:20:38,06:28:11,6
6407_1__6802_2,6407,6407_1,6802,6802_2,3907,22,2.1333333333333258,06:20:38,06:28:11,6
6407_1__6802_2,6407,6407_1,6802,6802_2,949,23,1.3666666666666174,06:20:38,06:28:11,6
6407_1__6802_2,6407,6407_1,6802,6802_2,913,24,2.3999999999999773,06:20:38,06:28:11,6
6407_1__6802_2,6407,6407_1,6802,6802_2,307,25,3.066666666666663,06:20:38,06:28:11,6
6407_1__6802_2,6407,6407_1,6802,6802_2,212,26,3.283333333333303,06:20:38,06:28:11,6
6407_1__6802_2,6407,6407_1,6802,6802_2,2665,27,3.28333333333336,06:20:38,06:28:11,6
6407_1__6802_2,6407,6407_1,6802,6802_2,2736,28,3.0,06:20:38,06:28:11,6
6407_1__6802_2,6407,6407_1,6802,6802_2,705,29,2.9166666666666288,06:20:38,06:28:11,6
6407_1__6802_2,6407,6407_1,6802,6802_2,9979,30,3.1333333333333258,06:20:38,06:28:11,6
6407_1__6802_2,6407,6407_1,6802,6802_2,2492,31,3.1166666666666742,06:20:38,06:28:11,6
6407_1__6802_2,6407,6407_1,6802,6802_2,946,32,4.699999999999989,06:20:38,06:28:11,6
6407_1__6802_2,6407,6407_1,6802,6802_2,947,33,5.399999999999977,06:20:38,06:28:11,6
6407_1__6802_2,6407,6407_1,6802,6802_2,327,34,5.300000000000011,06:20:38,06:28:11,6
6407_1__6802_2,6407,6407_1,6802,6802_2,3284,35,4.9833333333333485,06:20:38,06:28:11,6
6407_1__6802_2,6407,6407_1,6802,6802_2,3282,36,5.566666666666663,06:20:38,06:28:11,6
6407_1__6802_2,6407,6407_1,6802,6802_2,2583,37,7.599999999999966,06:20:38,06:28:11,6
6407_1__6802_2,6407,6407_1,6802,6802_2,2590,38,5.666666666666686,06:20:38,06:28:11,6
6407_1__6802_2,6407,6407_1,6802,6802_2,603,39,6.466666666666697,06:20:38,06:28:11,6
6407_2__6802_3,6407,6407_2,6802,6802_3,3797,1,7.399999999999977,09:22:43,09:30:07,9
6407_2__6802_3,6407,6407_2,6802,6802_3,2984,2,7.2666666666666515,09:22:43,09:30:07,9
6407_2__6802_3,6407,6407_2,6802,6802_3,2685,3,7.300000000000068,09:22:43,09:30:07,9
6407_2__6802_3,6407,6407_2,6802,6802_3,3649,4,8.183333333333394,09:22:43,09:30:07,9
6407_2__6802_3,6407,6407_2,6802,6802_3,3747,5,8.266666666666765,09:22:43,09:30:07,9
6407_2__6802_3,6407,6407_2,6802,6802_3,482,6,8.316666666666606,09:22:43,09:30:07,9
6407_2__6802_3,6407,6407_2,6802,6802_3,709,7,7.81666666666672,09:22:43,09:30:07,9
6407_2__6802_3,6407,6407_2,6802,6802_3,1577,8,6.666666666666629,09:22:43,09:30:07,9
6407_2__6802_3,6407,6407_2,6802,6802_3,990,9,6.800000000000068,09:22:43,09:30:07,9
6407_2__6802_3,6407,6407_2,6802,6802_3,109,10,6.166666666666629,09:22:43,09:30:07,9
6407_2__6802_3,6407,6407_2,6802,6802_3,396,11,6.75,09:22:43,09:30:07,9
6407_2__6802_3,6407,6407_2,6802,6802_3,1253,12,6.300000000000068,09:22:43,09:30:07,9
6407_2__6802_3,6407,6407_2,6802,6802_3,1554,13,6.783333333333303,09:22:43,09:30:07,9
6407_2__6802_3,6407,6407_2,6802,6802_3,1099,14,6.766666666666765,09:22:43,09:30:07,9
6407_2__6802_3,6407,6407_2,6802,6802_3,168,15,7.0166666666666515,09:22:43,09:30:07,9
6407_2__6802_3,6407,6407_2,6802,6802_3,929,16,5.883333333333326,09:22:43,09:30:07,9
6407_2__6802_3,6407,6407_2,6802,6802_3,94,17,6.466666666666697,09:22:43,09:30:07,9
6407_2__6802_3,6407,6407_2,6802,6802_3,1080,18,5.633333333333326,09:22:43,09:30:07,9
6407_2__6802_3,6407,6407_2,6802,6802_3,146,19,8.166666666666629,09:22:43,09:30:07,9
6407_2__6802_3,6407,6407_2,6802,6802_3,1089,20,7.599999999999909,09:22:43,09:30:07,9
6407_2__6802_3,6407,6407_2,6802,6802_3,213,21,7.600000000000023,09:22:43,09:30:07,9
6407_2__6802_3,6407,6407_2,6802,6802_3,3907,22,8.166666666666629,09:22:43,09:30:07,9
6407_2__6802_3,6407,6407_2,6802,6802_3,949,23,8.850000000000023,09:22:43,09:30:07,9
6407_2__6802_3,6407,6407_2,6802,6802_3,913,24,8.5,09:22:43,09:30:07,9
6407_2__6802_3,6407,6407_2,6802,6802_3,307,25,9.916666666666629,09:22:43,09:30:07,9
6407_2__6802_3,6407,6407_2,6802,6802_3,212,26,9.850000000000023,09:22:43,09:30:07,9
6407_2__6802_3,6407,6407_2,6802,6802_3,2665,27,10.300000000000068,09:22:43,09:30:07,9
6407_2__6802_3,6407,6407_2,6802,6802_3,2736,28,12.016666666666652,09:22:43,09:30:07,9
6407_2__6802_3,6407,6407_2,6802,6802_3,946,32,14.133333333333326,09:22:43,09:30:07,9
6407_2__6802_3,6407,6407_2,6802,6802_3,947,33,15.083333333333371,09:22:43,09:30:07,9
6407_2__6802_3,6407,6407_2,6802,6802_3,327,34,14.100000000000023,09:22:43,09:30:07,9
6407_2__6802_3,6407,6407_2,6802,6802_3,3284,35,13.950000000000045,09:22:43,09:30:07,9
6407_2__6802_3,6407,6407_2,6802,6802_3,3282,36,13.900000000000091,09:22:43,09:30:07,9
6407_2__6802_3,6407,6407_2,6802,6802_3,2583,37,13.700000000000045,09:22:43,09:30:07,9
6407_2__6802_3,6407,6407_2,6802,6802_3,603,39,13.533333333333417,09:22:43,09:30:07,9
6407_3__6802_4,6407,6407_3,6802,6802_4,3797,1,8.43333333333328,12:19:57,12:28:23,12
6407_3__6802_4,6407,6407_3,6802,6802_4,2984,2,7.883333333333326,12:19:57,12:28:23,12
6407_3__6802_4,6407,6407_3,6802,6802_4,2685,3,8.699999999999932,12:19:57,12:28:23,12
6407_3__6802_4,6407,6407_3,6802,6802_4,3649,4,9.850000000000023,12:19:57,12:28:23,12
6407_3__6802_4,6407,6407_3,6802,6802_4,3747,5,9.533333333333303,12:19:57,12:28:23,12
6407_3__6802_4,6407,6407_3,6802,6802_4,482,6,9.950000000000045,12:19:57,12:28:23,12
6407_3__6802_4,6407,6407_3,6802,6802_4,709,7,9.833333333333371,12:19:57,12:28:23,12
6407_3__6802_4,6407,6407_3,6802,6802_4,1577,8,8.566666666666606,12:19:57,12:28:23,12
6407_3__6802_4,6407,6407_3,6802,6802_4,990,9,9.866666666666674,12:19:57,12:28:23,12
6407_3__6802_4,6407,6407_3,6802,6802_4,109,10,11.066666666666606,12:19:57,12:28:23,12
6407_3__6802_4,6407,6407_3,6802,6802_4,396,11,11.100000000000023,12:19:57,12:28:23,12
6407_3__6802_4,6407,6407_3,6802,6802_4,1253,12,11.850000000000023,12:19:57,12:28:23,12
6407_3__6802_4,6407,6407_3,6802,6802_4,1554,13,10.533333333333417,12:19:57,12:28:23,12
6407_3__6802_4,6407,6407_3,6802,6802_4,1099,14,11.983333333333235,12:19:57,12:28:23,12
6407_3__6802_4,6407,6407_3,6802,6802_4,1080,18,11.116666666666674,12:19:57,12:28:23,12
6407_3__6802_4,6407,6407_3,6802,6802_4,146,19,12.683333333333394,12:19:57,12:28:23,12
6407_3__6802_4,6407,6407_3,6802,6802_4,949,23,15.933333333333394,12:19:57,12:28:23,12
6407_3__6802_4,6407,6407_3,6802,6802_4,913,24,15.149999999999977,12:19:57,12:28:23,12
6407_3__6802_4,6407,6407_3,6802,6802_4,307,25,14.916666666666629,12:19:57,12:28:23,12
6407_3__6802_4,6407,6407_3,6802,6802_4,212,26,16.08333333333337,12:19:57,12:28:23,12
6407_3__6802_4,6407,6407_3,6802,6802_4,2665,27,15.766666666666652,12:19:57,12:28:23,12
6407_3__6802_4,6407,6407_3,6802,6802_4,2736,28,15.116666666666674,12:19:57,12:28:23,12
6407_3__6802_4,6407,6407_3,6802,6802_4,705,29,15.200000000000045,12:19:57,12:28:23,12
6407_3__6802_4,6407,6407_3,6802,6802_4,9979,30,14.516666666666652,12:19:57,12:28:23,12
6407_3__6802_4,6407,6407_3,6802,6802_4,2492,31,15.733333333333348,12:19:57,12:28:23,12
6407_3__6802_4,6407,6407_3,6802,6802_4,946,32,16.816666666666606,12:19:57,12:28:23,12
6407_3__6802_4,6407,6407_3,6802,6802_4,947,33,16.75,12:19:57,12:28:23,12
6407_3__6802_4,6407,6407_3,6802,6802_4,327,34,17.116666666666674,12:19:57,12:28:23,12
6407_3__6802_4,6407,6407_3,6802,6802_4,3284,35,16.716666666666583,12:19:57,12:28:23,12
6407_3__6802_4,6407,6407_3,6802,6802_4,3282,36,17.76666666666665,12:19:57,12:28:23,12
6407_3__6802_4,6407,6407_3,6802,6802_4,2583,37,18.48333333333335,12:19:57,12:28:23,12
6407_3__6802_4,6407,6407_3,6802,6802_4,2590,38,17.41666666666663,12:19:57,12:28:23,12
6407_3__6802_4,6407,6407_3,6802,6802_4,603,39,18.01666666666665,12:19:57,12:28:23,12
6408_1__6217_1,6408,6408_1,6217,6217_1,3797,1,8.983333333333348,04:13:00,04:21:59,4
6408_1__6217_1,6408,6408_1,6217,6217_1,2984,2,9.633333333333326,04:13:00,04:21:59,4
6408_1__6217_1,6408,6408_1,6217,6217_1,2685,3,10.433333333333337,04:13:00,04:21:59,4
6408_1__6217_1,6408,6408_1,6217,6217_1,3649,4,9.900000000000034,04:13:00,04:21:59,4
6408_1__6217_1,6408,6408_1,6217,6217_1,3747,5,9.950000000000045,04:13:00,04:21:59,4
6408_1__6217_1,6408,6408_1,6217,6217_1,482,6,9.583333333333314,04:13:00,04:21:59,4
6408_1__6217_1,6408,6408_1,6217,6217_1,709,7,9.100000000000023,04:13:00,04:21:59,4
6408_1__6217_1,6408,6408_1,6217,6217_1,1577,8,9.816666666666663,04:13:00,04:21:59,4
6408_1__6217_1,6408,6408_1,6217,6217_1,109,10,7.683333333333337,04:13:00,04:21:59,4
6408_1__6217_1,6408,6408_1,6217,6217_1,396,11,8.616666666666674,04:13:00,04:21:59,4
6408_1__6217_1,6408,6408_1,6217,6217_1,1253,12,8.149999999999977,04:13:00,04:21:59,4
6408_1__6217_1,6408,6408_1,6217,6217_1,1554,13,8.566666666666663,04:13:00,04:21:59,4
6408_1__6217_1,6408,6408_1,6217,6217_1,1099,14,8.416666666666686,04:13:00,04:21:59,4
6408_1__6217_1,6408,6408_1,6217,6217_1,168,15,6.649999999999977,04:13:00,04:21:59,4
6408_1__6217_1,6408,6408_1,6217,6217_1,929,16,6.9833333333333485,04:13:00,04:21:59,4
6408_1__6217_1,6408,6408_1,6217,6217_1,94,17,6.683333333333337,04:13:00,04:21:59,4
6408_1__6217_1,6408,6408_1,6217,6217_1,1080,18,6.583333333333314,04:13:00,04:21:59,4
6408_1__6217_1,6408,6408_1,6217,6217_1,146,19,6.53333333333336,04:13:00,04:21:59,4
6408_1__6217_1,6408,6408_1,6217,6217_1,1089,20,6.616666666666617,04:13:00,04:21:59,4
6408_1__6217_1,6408,6408_1,6217,6217_1,213,21,6.649999999999977,04:13:00,04:21:59,4
6408_1__6217_1,6408,6408_1,6217,6217_1,3907,22,6.383333333333383,04:13:00,04:21:59,4
6408_1__6217_1,6408,6408_1,6217,6217_1,949,23,6.166666666666686,04:13:00,04:21:59,4
6408_1__6217_1,6408,6408_1,6217,6217_1,913,24,6.0166666666666515,04:13:00,04:21:59,4
6408_1__6217_1,6408,6408_1,6217,6217_1,307,25,6.416666666666629,04:13:00,04:21:59,4
6408_1__6217_1,6408,6408_1,6217,6217_1,212,26,4.9833333333333485,04:13:00,04:21:59,4
6408_1__6217_1,6408,6408_1,6217,6217_1,2665,27,5.066666666666663,04:13:00,04:21:59,4
6408_1__6217_1,6408,6408_1,6217,6217_1,2736,28,5.199999999999989,04:13:00,04:21:59,4
6408_1__6217_1,6408,6408_1,6217,6217_1,705,29,4.133333333333326,04:13:00,04:21:59,4
6408_1__6217_1,6408,6408_1,6217,6217_1,9979,30,5.433333333333337,04:13:00,04:21:59,4
6408_1__6217_1,6408,6408_1,6217,6217_1,2492,31,5.833333333333314,04:13:00,04:21:59,4
6408_1__6217_1,6408,6408_1,6217,6217_1,946,32,6.0,04:13:00,04:21:59,4
6408_1__6217_1,6408,6408_1,6217,6217_1,947,33,6.949999999999989,04:13:00,04:21:59,4
6408_1__6217_1,6408,6408_1,6217,6217_1,327,34,6.300000000000011,04:13:00,04:21:59,4
6408_1__6217_1,6408,6408_1,6217,6217_1,3284,35,7.983333333333292,04:13:00,04:21:59,4
6408_1__6217_1,6408,6408_1,6217,6217_1,3282,36,7.033333333333303,04:13:00,04:21:59,4
6408_1__6217_1,6408,6408_1,6217,6217_1,2583,37,7.383333333333326,04:13:00,04:21:59,4
6408_1__6217_1,6408,6408_1,6217,6217_1,2590,38,7.333333333333314,04:13:00,04:21:59,4
6408_1__6217_1,6408,6408_1,6217,6217_1,603,39,7.400000000000034,04:13:00,04:21:59,4
6408_2__6217_2,6408,6408_2,6217,6217_2,3797,1,8.366666666666674,07:06:52,07:15:14,7
6408_2__6217_2,6408,6408_2,6217,6217_2,2984,2,9.433333333333337,07:06:52,07:15:14,7
6408_2__6217_2,6408,6408_2,6217,6217_2,2685,3,10.100000000000023,07:06:52,07:15:14,7
6408_2__6217_2,6408,6408_2,6217,6217_2,3649,4,9.25,07:06:52,07:15:14,7
6408_2__6217_2,6408,6408_2,6217,6217_2,3747,5,9.5,07:06:52,07:15:14,7
6408_2__6217_2,6408,6408_2,6217,6217_2,482,6,9.683333333333337,07:06:52,07:15:14,7
6408_2__6217_2,6408,6408_2,6217,6217_2,709,7,9.899999999999977,07:06:52,07:15:14,7
6408_2__6217_2,6408,6408_2,6217,6217_2,1577,8,9.100000000000023,07:06:52,07:15:14,7
6408_2__6217_2,6408,6408_2,6217,6217_2,990,9,8.916666666666629,07:06:52,07:15:14,7
6408_2__6217_2,6408,6408_2,6217,6217_2,109,10,9.5,07:06:52,07:15:14,7
6408_2__6217_2,6408,6408_2,6217,6217_2,396,11,9.383333333333383,07:06:52,07:15:14,7
6408_2__6217_2,6408,6408_2,6217,6217_2,1253,12,9.050000000000011,07:06:52,07:15:14,7
6408_2__6217_2,6408,6408_2,6217,6217_2,1554,13,10.316666666666663,07:06:52,07:15:14,7
6408_2__6217_2,6408,6408_2,6217,6217_2,1099,14,9.233333333333348,07:06:52,07:15:14,7
6408_2__6217_2,6408,6408_2,6217,6217_2,168,15,9.71666666666664,07:06:52,07:15:14,7
6408_2__6217_2,6408,6408_2,6217,6217_2,929,16,11.483333333333292,07:06:52,07:15:14,7
6408_2__6217_2,6408,6408_2,6217,6217_2,94,17,10.800000000000011,07:06:52,07:15:14,7
6408_2__6217_2,6408,6408_2,6217,6217_2,1080,18,11.900000000000034,07:06:52,07:15:14,7
6408_2__6217_2,6408,6408_2,6217,6217_2,146,19,12.199999999999989,07:06:52,07:15:14,7
6408_2__6217_2,6408,6408_2,6217,6217_2,1089,20,12.233333333333348,07:06:52,07:15:14,7
6408_2__6217_2,6408,6408_2,6217,6217_2,213,21,12.666666666666686,07:06:52,07:15:14,7
6408_2__6217_2,6408,6408_2,6217,6217_2,3907,22,12.583333333333314,07:06:52,07:15:14,7
6408_2__6217_2,6408,6408_2,6217,6217_2,949,23,12.833333333333371,07:06:52,07:15:14,7
6408_2__6217_2,6408,6408_2,6217,6217_2,913,24,12.133333333333326,07:06:52,07:15:14,7
6408_2__6217_2,6408,6408_2,6217,6217_2,307,25,13.083333333333371,07:06:52,07:15:14,7
6408_2__6217_2,6408,6408_2,6217,6217_2,212,26,12.366666666666674,07:06:52,07:15:14,7
6408_2__6217_2,6408,6408_2,6217,6217_2,2665,27,12.083333333333371,07:06:52,07:15:14,7
6408_2__6217_2,6408,6408_2,6217,6217_2,2736,28,12.516666666666652,07:06:52,07:15:14,7
6408_2__6217_2,6408,6408_2,6217,6217_2,705,29,12.06666666666672,07:06:52,07:15:14,7
6408_2__6217_2,6408,6408_2,6217,6217_2,9979,30,12.650000000000034,07:06:52,07:15:14,7
6408_2__6217_2,6408,6408_2,6217,6217_2,2492,31,12.96666666666664,07:06:52,07:15:14,7
6408_2__6217_2,6408,6408_2,6217,6217_2,946,32,11.099999999999966,07:06:52,07:15:14,7
6408_2__6217_2,6408,6408_2,6217,6217_2,947,33,10.699999999999989,07:06:52,07:15:14,7
6408_2__6217_2,6408,6408_2,6217,6217_2,327,34,10.766666666666652,07:06:52,07:15:14,7
6408_2__6217_2,6408,6408_2,6217,6217_2,3284,35,10.916666666666686,07:06:52,07:15:14,7
6408_2__6217_2,6408,6408_2,6217,6217_2,3282,36,11.883333333333326,07:06:52,07:15:14,7
6408_2__6217_2,6408,6408_2,6217,6217_2,2583,37,11.433333333333337,07:06:52,07:15:14,7
6408_2__6217_2,6408,6408_2,6217,6217_2,2590,38,10.650000000000034,07:06:52,07:15:14,7
6408_2__6217_2,6408,6408_2,6217,6217_2,603,39,10.333333333333371,07:06:52,07:15:14,7
6408_3__6217_3,6408,6408_3,6217,6217_3,3797,1,7.399999999999977,10:04:31,10:11:55,10
6408_3__6217_3,6408,6408_3,6217,6217_3,2984,2,5.7000000000000455,10:04:31,10:11:55,10
6408_3__6217_3,6408,6408_3,6217,6217_3,2685,3,5.68333333333328,10:04:31,10:11:55,10
6408_3__6217_3,6408,6408_3,6217,6217_3,3649,4,5.883333333333326,10:04:31,10:11:55,10
6408_3__6217_3,6408,6408_3,6217,6217_3,3747,5,6.1666666666667425,10:04:31,10:11:55,10
6408_3__6217_3,6408,6408_3,6217,6217_3,482,6,6.2999999999999545,10:04:31,10:11:55,10
6408_3__6217_3,6408,6408_3,6217,6217_3,709,7,5.916666666666629,10:04:31,10:11:55,10
6408_3__6217_3,6408,6408_3,6217,6217_3,1577,8,6.399999999999977,10:04:31,10:11:55,10
6408_3__6217_3,6408,6408_3,6217,6217_3,109,10,4.416666666666629,10:04:31,10:11:55,10
6408_3__6217_3,6408,6408_3,6217,6217_3,396,11,2.8999999999999773,10:04:31,10:11:55,10
6408_3__6217_3,6408,6408_3,6217,6217_3,1253,12,2.6000000000000227,10:04:31,10:11:55,10
6408_3__6217_3,6408,6408_3,6217,6217_3,1554,13,1.0833333333333712,10:04:31,10:11:55,10
6408_3__6217_3,6408,6408_3,6217,6217_3,1099,14,1.033333333333303,10:04:31,10:11:55,10
6408_3__6217_3,6408,6408_3,6217,6217_3,929,16,1.1499999999999773,10:04:31,10:11:55,10
6408_3__6217_3,6408,6408_3,6217,6217_3,94,17,2.1499999999999773,10:04:31,10:11:55,10
6408_3__6217_3,6408,6408_3,6217,6217_3,146,19,1.5499999999999545,10:04:31,10:11:55,10
6408_3__6217_3,6408,6408_3,6217,6217_3,1089,20,1.0,10:04:31,10:11:55,10
6408_3__6217_3,6408,6408_3,6217,6217_3,213,21,1.4166666666666288,10:04:31,10:11:55,10
6408_3__6217_3,6408,6408_3,6217,6217_3,212,26,1.349999999999909,10:04:31,10:11:55,10
6408_3__6217_3,6408,6408_3,6217,6217_3,2665,27,1.5499999999999545,10:04:31,10:11:55,10
6408_3__6217_3,6408,6408_3,6217,6217_3,9979,30,1.0499999999999545,10:04:31,10:11:55,10
6408_3__6217_3,6408,6408_3,6217,6217_3,2492,31,1.066666666666606,10:04:31,10:11:55,10
6408_3__6217_3,6408,6408_3,6217,6217_3,946,32,1.1666666666667425,10:04:31,10:11:55,10
6408_3__6217_3,6408,6408_3,6217,6217_3,947,33,2.0166666666666515,10:04:31,10:11:55,10
6408_3__6217_3,6408,6408_3,6217,6217_3,327,34,1.4500000000000455,10:04:31,10:11:55,10
6408_3__6217_3,6408,6408_3,6217,6217_3,2583,37,1.033333333333303,10:04:31,10:11:55,10
6408_3__6217_3,6408,6408_3,6217,6217_3,2590,38,1.6000000000000227,10:04:31,10:11:55,10
6408_3__6217_3,6408,6408_3,6217,6217_3,603,39,1.1166666666666742,10:04:31,10:11:55,10
6408_4__6217_4,6408,6408_4,6217,6217_4,3797,1,8.316666666666606,12:58:35,13:06:54,12
6408_4__6217_4,6408,6408_4,6217,6217_4,2984,2,9.06666666666672,12:58:35,13:06:54,12
6408_4__6217_4,6408,6408_4,6217,6217_4,2685,3,8.06666666666672,12:58:35,13:06:54,12
6408_4__6217_4,6408,6408_4,6217,6217_4,3649,4,9.966666666666697,12:58:35,13:06:54,12
6408_4__6217_4,6408,6408_4,6217,6217_4,3747,5,10.25,12:58:35,13:06:54,12
6408_4__6217_4,6408,6408_4,6217,6217_4,482,6,9.549999999999955,12:58:35,13:06:54,12
6408_4__6217_4,6408,6408_4,6217,6217_4,709,7,9.433333333333394,12:58:35,13:06:54,12
6408_4__6217_4,6408,6408_4,6217,6217_4,1577,8,8.233333333333348,12:58:35,13:06:54,12
6408_4__6217_4,6408,6408_4,6217,6217_4,990,9,9.899999999999977,12:58:35,13:06:54,12
6408_4__6217_4,6408,6408_4,6217,6217_4,109,10,8.166666666666629,12:58:35,13:06:54,12
6408_4__6217_4,6408,6408_4,6217,6217_4,396,11,8.583333333333371,12:58:35,13:06:54,12
6408_4__6217_4,6408,6408_4,6217,6217_4,1253,12,8.083333333333371,12:58:35,13:06:54,12
6408_4__6217_4,6408,6408_4,6217,6217_4,1554,13,7.866666666666674,12:58:35,13:06:54,12
6408_4__6217_4,6408,6408_4,6217,6217_4,1099,14,8.083333333333258,12:58:35,13:06:54,12
6408_4__6217_4,6408,6408_4,6217,6217_4,168,15,7.883333333333326,12:58:35,13:06:54,12
6408_4__6217_4,6408,6408_4,6217,6217_4,929,16,8.066666666666606,12:58:35,13:06:54,12
6408_4__6217_4,6408,6408_4,6217,6217_4,94,17,7.683333333333394,12:58:35,13:06:54,12
6408_4__6217_4,6408,6408_4,6217,6217_4,1080,18,8.016666666666652,12:58:35,13:06:54,12
6408_4__6217_4,6408,6408_4,6217,6217_4,146,19,9.283333333333303,12:58:35,13:06:54,12
6408_4__6217_4,6408,6408_4,6217,6217_4,1089,20,7.850000000000023,12:58:35,13:06:54,12
6408_4__6217_4,6408,6408_4,6217,6217_4,213,21,7.949999999999932,12:58:35,13:06:54,12
6408_4__6217_4,6408,6408_4,6217,6217_4,3907,22,7.9833333333333485,12:58:35,13:06:54,12
6408_4__6217_4,6408,6408_4,6217,6217_4,949,23,8.666666666666629,12:58:35,13:06:54,12
6408_4__6217_4,6408,6408_4,6217,6217_4,913,24,9.216666666666583,12:58:35,13:06:54,12
6408_4__6217_4,6408,6408_4,6217,6217_4,307,25,9.050000000000068,12:58:35,13:06:54,12
6408_4__6217_4,6408,6408_4,6217,6217_4,212,26,9.216666666666697,12:58:35,13:06:54,12
6408_4__6217_4,6408,6408_4,6217,6217_4,2665,27,9.133333333333326,12:58:35,13:06:54,12
6408_4__6217_4,6408,6408_4,6217,6217_4,2736,28,9.266666666666652,12:58:35,13:06:54,12
6408_4__6217_4,6408,6408_4,6217,6217_4,705,29,9.016666666666652,12:58:35,13:06:54,12
6408_4__6217_4,6408,6408_4,6217,6217_4,9979,30,7.899999999999977,12:58:35,13:06:54,12
6408_4__6217_4,6408,6408_4,6217,6217_4,2492,31,8.116666666666674,12:58:35,13:06:54,12
6408_4__6217_4,6408,6408_4,6217,6217_4,946,32,7.4833333333333485,12:58:35,13:06:54,12
6408_4__6217_4,6408,6408_4,6217,6217_4,947,33,7.9833333333333485,12:58:35,13:06:54,12
6408_4__6217_4,6408,6408_4,6217,6217_4,327,34,7.93333333333328,12:58:35,13:06:54,12
6408_4__6217_4,6408,6408_4,6217,6217_4,3284,35,7.2999999999999545,12:58:35,13:06:54,12
6408_4__6217_4,6408,6408_4,6217,6217_4,3282,36,6.850000000000023,12:58:35,13:06:54,12
6408_4__6217_4,6408,6408_4,6217,6217_4,2583,37,8.583333333333371,12:58:35,13:06:54,12
6408_4__6217_4,6408,6408_4,6217,6217_4,2590,38,7.93333333333328,12:58:35,13:06:54,12
6408_4__6217_4,6408,6408_4,6217,6217_4,603,39,8.43333333333328,12:58:35,13:06:54,12
6408_5__6217_5,6408,6408_5,6217,6217_5,3797,1,8.333333333333258,16:00:35,16:08:55,16
6408_5__6217_5,6408,6408_5,6217,6217_5,2984,2,8.416666666666742,16:00:35,16:08:55,16
6408_5__6217_5,6408,6408_5,6217,6217_5,2685,3,7.9166666666667425,16:00:35,16:08:55,16
6408_5__6217_5,6408,6408_5,6217,6217_5,3649,4,7.300000000000068,16:00:35,16:08:55,16
6408_5__6217_5,6408,6408_5,6217,6217_5,3747,5,5.966666666666583,16:00:35,16:08:55,16
6408_5__6217_5,6408,6408_5,6217,6217_5,482,6,5.6666666666667425,16:00:35,16:08:55,16
6408_5__6217_5,6408,6408_5,6217,6217_5,709,7,4.849999999999909,16:00:35,16:08:55,16
6408_5__6217_5,6408,6408_5,6217,6217_5,1577,8,5.93333333333328,16:00:35,16:08:55,16
6408_5__6217_5,6408,6408_5,6217,6217_5,990,9,4.899999999999977,16:00:35,16:08:55,16
6408_5__6217_5,6408,6408_5,6217,6217_5,109,10,3.8500000000000227,16:00:35,16:08:55,16
6408_5__6217_5,6408,6408_5,6217,6217_5,396,11,2.9500000000000455,16:00:35,16:08:55,16
6408_5__6217_5,6408,6408_5,6217,6217_5,1253,12,3.016666666666765,16:00:35,16:08:55,16
6408_5__6217_5,6408,6408_5,6217,6217_5,1554,13,2.8166666666667197,16:00:35,16:08:55,16
6408_5__6217_5,6408,6408_5,6217,6217_5,1099,14,3.6666666666666288,16:00:35,16:08:55,16
6408_5__6217_5,6408,6408_5,6217,6217_5,168,15,2.0666666666667197,16:00:35,16:08:55,16
6408_5__6217_5,6408,6408_5,6217,6217_5,929,16,1.25,16:00:35,16:08:55,16
6408_5__6217_5,6408,6408_5,6217,6217_5,94,17,1.6499999999999773,16:00:35,16:08:55,16
6408_5__6217_5,6408,6408_5,6217,6217_5,1080,18,1.8000000000000682,16:00:35,16:08:55,16
6408_5__6217_5,6408,6408_5,6217,6217_5,146,19,1.2666666666666515,16:00:35,16:08:55,16
6408_5__6217_5,6408,6408_5,6217,6217_5,1089,20,2.783333333333303,16:00:35,16:08:55,16
6408_5__6217_5,6408,6408_5,6217,6217_5,705,29,-1.5833333333332575,16:00:35,16:08:55,16
6408_5__6217_5,6408,6408_5,6217,6217_5,9979,30,3.7000000000000455,16:00:35,16:08:55,16
6408_5__6217_5,6408,6408_5,6217,6217_5,2492,31,3.7666666666666515,16:00:35,16:08:55,16
6408_5__6217_5,6408,6408_5,6217,6217_5,946,32,3.0166666666666515,16:00:35,16:08:55,16
6408_6__6217_6,6408,6408_6,6217,6217_6,3797,1,10.0,18:54:59,19:04:59,18
6408_6__6217_6,6408,6408_6,6217,6217_6,2984,2,8.583333333333258,18:54:59,19:04:59,18
6408_6__6217_6,6408,6408_6,6217,6217_6,2685,3,7.8333333333332575,18:54:59,19:04:59,18
6408_6__6217_6,6408,6408_6,6217,6217_6,3649,4,8.683333333333167,18:54:59,19:04:59,18
6408_6__6217_6,6408,6408_6,6217,6217_6,482,6,6.616666666666561,18:54:59,19:04:59,18
6408_6__6217_6,6408,6408_6,6217,6217_6,709,7,5.850000000000136,18:54:59,19:04:59,18
6408_6__6217_6,6408,6408_6,6217,6217_6,1577,8,5.133333333333212,18:54:59,19:04:59,18
6408_6__6217_6,6408,6408_6,6217,6217_6,990,9,5.883333333333212,18:54:59,19:04:59,18
6408_6__6217_6,6408,6408_6,6217,6217_6,109,10,6.383333333333212,18:54:59,19:04:59,18
6408_6__6217_6,6408,6408_6,6217,6217_6,396,11,5.633333333333212,18:54:59,19:04:59,18
6408_6__6217_6,6408,6408_6,6217,6217_6,1253,12,6.8333333333332575,18:54:59,19:04:59,18
6408_6__6217_6,6408,6408_6,6217,6217_6,1554,13,7.900000000000091,18:54:59,19:04:59,18
6408_6__6217_6,6408,6408_6,6217,6217_6,1099,14,7.5499999999999545,18:54:59,19:04:59,18
6408_6__6217_6,6408,6408_6,6217,6217_6,168,15,7.5833333333332575,18:54:59,19:04:59,18
6408_6__6217_6,6408,6408_6,6217,6217_6,929,16,8.866666666666788,18:54:59,19:04:59,18
6408_6__6217_6,6408,6408_6,6217,6217_6,94,17,8.016666666666652,18:54:59,19:04:59,18
6408_6__6217_6,6408,6408_6,6217,6217_6,1080,18,7.9833333333333485,18:54:59,19:04:59,18
6408_6__6217_6,6408,6408_6,6217,6217_6,146,19,7.433333333333394,18:54:59,19:04:59,18
6408_6__6217_6,6408,6408_6,6217,6217_6,1089,20,8.299999999999955,18:54:59,19:04:59,18
6408_6__6217_6,6408,6408_6,6217,6217_6,213,21,7.383333333333212,18:54:59,19:04:59,18
6408_6__6217_6,6408,6408_6,6217,6217_6,3907,22,7.666666666666515,18:54:59,19:04:59,18
6408_6__6217_6,6408,6408_6,6217,6217_6,949,23,8.266666666666652,18:54:59,19:04:59,18
6408_6__6217_6,6408,6408_6,6217,6217_6,913,24,7.333333333333485,18:54:59,19:04:59,18
6408_6__6217_6,6408,6408_6,6217,6217_6,307,25,7.533333333333303,18:54:59,19:04:59,18
6408_6__6217_6,6408,6408_6,6217,6217_6,212,26,7.4833333333333485,18:54:59,19:04:59,18
6408_6__6217_6,6408,6408_6,6217,6217_6,2665,27,7.3333333333332575,18:54:59,19:04:59,18
6408_6__6217_6,6408,6408_6,6217,6217_6,2736,28,6.716666666666697,18:54:59,19:04:59,18
6408_6__6217_6,6408,6408_6,6217,6217_6,705,29,6.150000000000091,18:54:59,19:04:59,18
6408_6__6217_6,6408,6408_6,6217,6217_6,9979,30,5.383333333333439,18:54:59,19:04:59,18
6408_6__6217_6,6408,6408_6,6217,6217_6,2492,31,5.7999999999999545,18:54:59,19:04:59,18
6408_6__6217_6,6408,6408_6,6217,6217_6,946,32,4.9166666666667425,18:54:59,19:04:59,18
6408_6__6217_6,6408,6408_6,6217,6217_6,947,33,4.966666666666697,18:54:59,19:04:59,18
6408_6__6217_6,6408,6408_6,6217,6217_6,327,34,3.949999999999818,18:54:59,19:04:59,18
6408_6__6217_6,6408,6408_6,6217,6217_6,3284,35,3.616666666666788,18:54:59,19:04:59,18
6408_6__6217_6,6408,6408_6,6217,6217_6,3282,36,3.4166666666667425,18:54:59,19:04:59,18
6408_6__6217_6,6408,6408_6,6217,6217_6,2583,37,2.9833333333333485,18:54:59,19:04:59,18
6408_6__6217_6,6408,6408_6,6217,6217_6,2590,38,2.650000000000091,18:54:59,19:04:59,18
6408_6__6217_6,6408,6408_6,6217,6217_6,603,39,3.5,18:54:59,19:04:59,18
6409_1__6056_1,6409,6409_1,6056,6056_1,3747,5,10.650000000000034,04:37:43,04:48:22,4
6409_1__6056_1,6409,6409_1,6056,6056_1,482,6,11.566666666666663,04:37:43,04:48:22,4
6409_1__6056_1,6409,6409_1,6056,6056_1,709,7,13.583333333333314,04:37:43,04:48:22,4
6409_1__6056_1,6409,6409_1,6056,6056_1,1577,8,13.216666666666697,04:37:43,04:48:22,4
6409_1__6056_1,6409,6409_1,6056,6056_1,990,9,13.666666666666629,04:37:43,04:48:22,4
6409_1__6056_1,6409,6409_1,6056,6056_1,109,10,13.78333333333336,04:37:43,04:48:22,4
6409_1__6056_1,6409,6409_1,6056,6056_1,396,11,14.78333333333336,04:37:43,04:48:22,4
6409_1__6056_1,6409,6409_1,6056,6056_1,1253,12,15.983333333333348,04:37:43,04:48:22,4
6409_1__6056_1,6409,6409_1,6056,6056_1,1554,13,15.28333333333336,04:37:43,04:48:22,4
6409_1__6056_1,6409,6409_1,6056,6056_1,1099,14,14.133333333333326,04:37:43,04:48:22,4
6409_1__6056_1,6409,6409_1,6056,6056_1,168,15,14.933333333333337,04:37:43,04:48:22,4
6409_1__6056_1,6409,6409_1,6056,6056_1,929,16,13.866666666666674,04:37:43,04:48:22,4
6409_1__6056_1,6409,6409_1,6056,6056_1,94,17,14.416666666666629,04:37:43,04:48:22,4
6409_1__6056_1,6409,6409_1,6056,6056_1,1080,18,14.400000000000034,04:37:43,04:48:22,4
6409_1__6056_1,6409,6409_1,6056,6056_1,146,19,13.78333333333336,04:37:43,04:48:22,4
6409_1__6056_1,6409,6409_1,6056,6056_1,1089,20,14.183333333333337,04:37:43,04:48:22,4
6409_1__6056_1,6409,6409_1,6056,6056_1,213,21,14.183333333333337,04:37:43,04:48:22,4
6409_1__6056_1,6409,6409_1,6056,6056_1,3907,22,14.350000000000023,04:37:43,04:48:22,4
6409_1__6056_1,6409,6409_1,6056,6056_1,949,23,14.350000000000023,04:37:43,04:48:22,4
6409_1__6056_1,6409,6409_1,6056,6056_1,913,24,15.466666666666697,04:37:43,04:48:22,4
6409_1__6056_1,6409,6409_1,6056,6056_1,307,25,15.633333333333326,04:37:43,04:48:22,4
6409_1__6056_1,6409,6409_1,6056,6056_1,212,26,15.183333333333337,04:37:43,04:48:22,4
6409_1__6056_1,6409,6409_1,6056,6056_1,2665,27,15.083333333333314,04:37:43,04:48:22,4
6409_1__6056_1,6409,6409_1,6056,6056_1,2736,28,14.949999999999989,04:37:43,04:48:22,4
6409_1__6056_1,6409,6409_1,6056,6056_1,705,29,17.066666666666663,04:37:43,04:48:22,4
6409_1__6056_1,6409,6409_1,6056,6056_1,9979,30,16.53333333333336,04:37:43,04:48:22,4
6409_1__6056_1,6409,6409_1,6056,6056_1,2492,31,16.616666666666674,04:37:43,04:48:22,4
6409_1__6056_1,6409,6409_1,6056,6056_1,946,32,15.150000000000034,04:37:43,04:48:22,4
6409_1__6056_1,6409,6409_1,6056,6056_1,947,33,16.05000000000001,04:37:43,04:48:22,4
6409_1__6056_1,6409,6409_1,6056,6056_1,327,34,17.166666666666686,04:37:43,04:48:22,4
6409_1__6056_1,6409,6409_1,6056,6056_1,3284,35,18.08333333333337,04:37:43,04:48:22,4
6409_1__6056_1,6409,6409_1,6056,6056_1,2583,37,17.150000000000034,04:37:43,04:48:22,4
6409_1__6056_1,6409,6409_1,6056,6056_1,2590,38,17.19999999999999,04:37:43,04:48:22,4
6409_1__6056_1,6409,6409_1,6056,6056_1,603,39,16.850000000000023,04:37:43,04:48:22,4
6409_5__6024_5,6409,6409_5,6024,6024_5,3797,1,8.0,18:00:00,18:08:00,18
6409_5__6024_5,6409,6409_5,6024,6024_5,2984,2,7.5,18:00:00,18:08:00,18
6409_5__6024_5,6409,6409_5,6024,6024_5,2685,3,7.600000000000136,18:00:00,18:08:00,18
6409_5__6024_5,6409,6409_5,6024,6024_5,3649,4,7.4833333333333485,18:00:00,18:08:00,18
6409_5__6024_5,6409,6409_5,6024,6024_5,3747,5,7.433333333333394,18:00:00,18:08:00,18
6409_5__6024_5,6409,6409_5,6024,6024_5,482,6,7.4500000000000455,18:00:00,18:08:00,18
6409_5__6024_5,6409,6409_5,6024,6024_5,709,7,6.75,18:00:00,18:08:00,18
6409_5__6024_5,6409,6409_5,6024,6024_5,1577,8,6.933333333333394,18:00:00,18:08:00,18
6409_5__6024_5,6409,6409_5,6024,6024_5,990,9,8.100000000000136,18:00:00,18:08:00,18
6409_5__6024_5,6409,6409_5,6024,6024_5,109,10,7.133333333333212,18:00:00,18:08:00,18
6409_5__6024_5,6409,6409_5,6024,6024_5,396,11,6.683333333333167,18:00:00,18:08:00,18
6409_5__6024_5,6409,6409_5,6024,6024_5,1253,12,3.7166666666664696,18:00:00,18:08:00,18
6409_5__6024_5,6409,6409_5,6024,6024_5,1554,13,6.149999999999864,18:00:00,18:08:00,18
6409_5__6024_5,6409,6409_5,6024,6024_5,1099,14,5.633333333333212,18:00:00,18:08:00,18
6409_5__6024_5,6409,6409_5,6024,6024_5,168,15,7.583333333333485,18:00:00,18:08:00,18
6409_5__6024_5,6409,6409_5,6024,6024_5,929,16,7.366666666666788,18:00:00,18:08:00,18
6409_5__6024_5,6409,6409_5,6024,6024_5,94,17,7.400000000000091,18:00:00,18:08:00,18
6409_5__6024_5,6409,6409_5,6024,6024_5,146,19,8.599999999999909,18:00:00,18:08:00,18
6409_5__6024_5,6409,6409_5,6024,6024_5,1089,20,8.100000000000136,18:00:00,18:08:00,18
6409_5__6024_5,6409,6409_5,6024,6024_5,213,21,8.183333333333394,18:00:00,18:08:00,18
6409_5__6024_5,6409,6409_5,6024,6024_5,3907,22,7.433333333333394,18:00:00,18:08:00,18
6409_5__6024_5,6409,6409_5,6024,6024_5,949,23,7.366666666666561,18:00:00,18:08:00,18
6409_5__6024_5,6409,6409_5,6024,6024_5,913,24,6.6666666666667425,18:00:00,18:08:00,18
6409_5__6024_5,6409,6409_5,6024,6024_5,307,25,7.25,18:00:00,18:08:00,18
6409_5__6024_5,6409,6409_5,6024,6024_5,212,26,7.400000000000091,18:00:00,18:08:00,18
6409_5__6024_5,6409,6409_5,6024,6024_5,2665,27,7.883333333333439,18:00:00,18:08:00,18
6409_5__6024_5,6409,6409_5,6024,6024_5,2736,28,7.349999999999909,18:00:00,18:08:00,18
6409_5__6024_5,6409,6409_5,6024,6024_5,705,29,7.400000000000091,18:00:00,18:08:00,18
6409_5__6024_5,6409,6409_5,6024,6024_5,9979,30,6.933333333333167,18:00:00,18:08:00,18
6409_5__6024_5,6409,6409_5,6024,6024_5,2492,31,5.4166666666667425,18:00:00,18:08:00,18
6409_5__6024_5,6409,6409_5,6024,6024_5,946,32,5.833333333333485,18:00:00,18:08:00,18
6409_5__6024_5,6409,6409_5,6024,6024_5,947,33,5.433333333333394,18:00:00,18:08:00,18
6409_5__6024_5,6409,6409_5,6024,6024_5,327,34,4.78333333333353,18:00:00,18:08:00,18
6409_5__6024_5,6409,6409_5,6024,6024_5,3284,35,4.466666666666697,18:00:00,18:08:00,18
6409_5__6024_5,6409,6409_5,6024,6024_5,3282,36,4.3333333333332575,18:00:00,18:08:00,18
6409_5__6024_5,6409,6409_5,6024,6024_5,2583,37,4.650000000000091,18:00:00,18:08:00,18
6409_5__6024_5,6409,6409_5,6024,6024_5,2590,38,3.8833333333334394,18:00:00,18:08:00,18
6409_5__6024_5,6409,6409_5,6024,6024_5,603,39,3.9666666666664696,18:00:00,18:08:00,18
6409_6__6402_7,6409,6409_6,6402,6402_7,3797,1,15.0,20:39:59,20:54:59,20
6409_6__6402_7,6409,6409_6,6402,6402_7,2984,2,14.349999999999909,20:39:59,20:54:59,20
6409_6__6402_7,6409,6409_6,6402,6402_7,2685,3,14.200000000000045,20:39:59,20:54:59,20
6409_6__6402_7,6409,6409_6,6402,6402_7,3649,4,13.75,20:39:59,20:54:59,20
6409_6__6402_7,6409,6409_6,6402,6402_7,3747,5,13.316666666666606,20:39:59,20:54:59,20
6409_6__6402_7,6409,6409_6,6402,6402_7,482,6,13.449999999999818,20:39:59,20:54:59,20
6409_6__6402_7,6409,6409_6,6402,6402_7,709,7,14.366666666666788,20:39:59,20:54:59,20
6409_6__6402_7,6409,6409_6,6402,6402_7,1577,8,14.233333333333348,20:39:59,20:54:59,20
6409_6__6402_7,6409,6409_6,6402,6402_7,990,9,13.900000000000091,20:39:59,20:54:59,20
6409_6__6402_7,6409,6409_6,6402,6402_7,109,10,13.683333333333394,20:39:59,20:54:59,20
6409_6__6402_7,6409,6409_6,6402,6402_7,396,11,13.650000000000091,20:39:59,20:54:59,20
6409_6__6402_7,6409,6409_6,6402,6402_7,1253,12,14.200000000000045,20:39:59,20:54:59,20
6409_6__6402_7,6409,6409_6,6402,6402_7,1554,13,13.683333333333394,20:39:59,20:54:59,20
6409_6__6402_7,6409,6409_6,6402,6402_7,1099,14,13.700000000000045,20:39:59,20:54:59,20
6409_6__6402_7,6409,6409_6,6402,6402_7,168,15,12.216666666666697,20:39:59,20:54:59,20
6409_6__6402_7,6409,6409_6,6402,6402_7,929,16,12.983333333333348,20:39:59,20:54:59,20
6409_6__6402_7,6409,6409_6,6402,6402_7,94,17,13.033333333333303,20:39:59,20:54:59,20
6409_6__6402_7,6409,6409_6,6402,6402_7,1080,18,12.316666666666606,20:39:59,20:54:59,20
6409_6__6402_7,6409,6409_6,6402,6402_7,146,19,12.066666666666606,20:39:59,20:54:59,20
6409_6__6402_7,6409,6409_6,6402,6402_7,1089,20,12.63333333333344,20:39:59,20:54:59,20
6409_6__6402_7,6409,6409_6,6402,6402_7,213,21,12.349999999999909,20:39:59,20:54:59,20
6409_6__6402_7,6409,6409_6,6402,6402_7,3907,22,11.150000000000091,20:39:59,20:54:59,20
6409_6__6402_7,6409,6409_6,6402,6402_7,949,23,11.63333333333344,20:39:59,20:54:59,20
6409_6__6402_7,6409,6409_6,6402,6402_7,913,24,10.483333333333348,20:39:59,20:54:59,20
6409_6__6402_7,6409,6409_6,6402,6402_7,307,25,10.266666666666652,20:39:59,20:54:59,20
6409_6__6402_7,6409,6409_6,6402,6402_7,212,26,11.116666666666788,20:39:59,20:54:59,20
6409_6__6402_7,6409,6409_6,6402,6402_7,2665,27,10.433333333333394,20:39:59,20:54:59,20
6409_6__6402_7,6409,6409_6,6402,6402_7,2736,28,9.983333333333348,20:39:59,20:54:59,20
6409_6__6402_7,6409,6409_6,6402,6402_7,705,29,9.833333333333258,20:39:59,20:54:59,20
6409_6__6402_7,6409,6409_6,6402,6402_7,9979,30,10.183333333333394,20:39:59,20:54:59,20
6409_6__6402_7,6409,6409_6,6402,6402_7,2492,31,10.96666666666647,20:39:59,20:54:59,20
6409_6__6402_7,6409,6409_6,6402,6402_7,946,32,10.983333333333121,20:39:59,20:54:59,20
6409_6__6402_7,6409,6409_6,6402,6402_7,947,33,11.083333333333485,20:39:59,20:54:59,20
6409_6__6402_7,6409,6409_6,6402,6402_7,3284,35,11.899999999999864,20:39:59,20:54:59,20
6409_6__6402_7,6409,6409_6,6402,6402_7,3282,36,11.066666666666606,20:39:59,20:54:59,20
6409_6__6402_7,6409,6409_6,6402,6402_7,2583,37,12.25,20:39:59,20:54:59,20
6409_6__6402_7,6409,6409_6,6402,6402_7,2590,38,12.86666666666656,20:39:59,20:54:59,20
6409_6__6402_7,6409,6409_6,6402,6402_7,603,39,12.333333333333258,20:39:59,20:54:59,20
6411_2__1546_1,6411,6411_2,1546,1546_1,2984,2,8.633333333333326,07:46:42,07:55:20,7
6411_2__1546_1,6411,6411_2,1546,1546_1,2685,3,8.333333333333314,07:46:42,07:55:20,7
6411_2__1546_1,6411,6411_2,1546,1546_1,3649,4,9.583333333333314,07:46:42,07:55:20,7
6411_2__1546_1,6411,6411_2,1546,1546_1,3747,5,9.550000000000011,07:46:42,07:55:20,7
6411_2__1546_1,6411,6411_2,1546,1546_1,482,6,10.066666666666663,07:46:42,07:55:20,7
6411_2__1546_1,6411,6411_2,1546,1546_1,709,7,9.349999999999966,07:46:42,07:55:20,7
6411_2__1546_1,6411,6411_2,1546,1546_1,1577,8,9.5,07:46:42,07:55:20,7
6411_2__1546_1,6411,6411_2,1546,1546_1,990,9,9.349999999999966,07:46:42,07:55:20,7
6411_2__1546_1,6411,6411_2,1546,1546_1,109,10,9.316666666666663,07:46:42,07:55:20,7
6411_2__1546_1,6411,6411_2,1546,1546_1,396,11,9.633333333333326,07:46:42,07:55:20,7
6411_2__1546_1,6411,6411_2,1546,1546_1,1253,12,9.53333333333336,07:46:42,07:55:20,7
6411_2__1546_1,6411,6411_2,1546,1546_1,1554,13,9.783333333333303,07:46:42,07:55:20,7
6411_2__1546_1,6411,6411_2,1546,1546_1,1099,14,9.883333333333326,07:46:42,07:55:20,7
6411_2__1546_1,6411,6411_2,1546,1546_1,168,15,11.666666666666686,07:46:42,07:55:20,7
6411_2__1546_1,6411,6411_2,1546,1546_1,929,16,10.866666666666674,07:46:42,07:55:20,7
6411_2__1546_1,6411,6411_2,1546,1546_1,94,17,10.983333333333348,07:46:42,07:55:20,7
6411_2__1546_1,6411,6411_2,1546,1546_1,1080,18,12.449999999999989,07:46:42,07:55:20,7
6411_2__1546_1,6411,6411_2,1546,1546_1,146,19,12.766666666666652,07:46:42,07:55:20,7
6411_2__1546_1,6411,6411_2,1546,1546_1,1089,20,14.083333333333371,07:46:42,07:55:20,7
6411_2__1546_1,6411,6411_2,1546,1546_1,213,21,14.233333333333405,07:46:42,07:55:20,7
6411_2__1546_1,6411,6411_2,1546,1546_1,3907,22,14.166666666666686,07:46:42,07:55:20,7
6411_2__1546_1,6411,6411_2,1546,1546_1,949,23,16.05000000000001,07:46:42,07:55:20,7
6411_2__1546_1,6411,6411_2,1546,1546_1,913,24,15.850000000000023,07:46:42,07:55:20,7
6411_2__1546_1,6411,6411_2,1546,1546_1,307,25,15.983333333333348,07:46:42,07:55:20,7
6411_2__1546_1,6411,6411_2,1546,1546_1,212,26,15.083333333333371,07:46:42,07:55:20,7
6411_2__1546_1,6411,6411_2,1546,1546_1,2665,27,15.950000000000045,07:46:42,07:55:20,7
6411_2__1546_1,6411,6411_2,1546,1546_1,2736,28,15.433333333333394,07:46:42,07:55:20,7
6411_2__1546_1,6411,6411_2,1546,1546_1,705,29,15.299999999999955,07:46:42,07:55:20,7
6411_2__1546_1,6411,6411_2,1546,1546_1,9979,30,16.43333333333328,07:46:42,07:55:20,7
6411_2__1546_1,6411,6411_2,1546,1546_1,2492,31,15.166666666666629,07:46:42,07:55:20,7
6411_2__1546_1,6411,6411_2,1546,1546_1,946,32,15.099999999999909,07:46:42,07:55:20,7
6411_2__1546_1,6411,6411_2,1546,1546_1,947,33,14.783333333333417,07:46:42,07:55:20,7
6411_2__1546_1,6411,6411_2,1546,1546_1,327,34,14.800000000000068,07:46:42,07:55:20,7
6411_2__1546_1,6411,6411_2,1546,1546_1,3284,35,15.25,07:46:42,07:55:20,7
6411_2__1546_1,6411,6411_2,1546,1546_1,3282,36,16.16666666666663,07:46:42,07:55:20,7
6411_2__1546_1,6411,6411_2,1546,1546_1,2583,37,16.383333333333326,07:46:42,07:55:20,7
6411_2__1546_1,6411,6411_2,1546,1546_1,2590,38,16.01666666666665,07:46:42,07:55:20,7
6411_2__1546_1,6411,6411_2,1546,1546_1,603,39,15.633333333333326,07:46:42,07:55:20,7
6411_3__1546_2,6411,6411_3,1546,1546_2,3797,1,8.31666666666672,10:45:30,10:53:49,10
6411_3__1546_2,6411,6411_3,1546,1546_2,2984,2,8.216666666666697,10:45:30,10:53:49,10
6411_3__1546_2,6411,6411_3,1546,1546_2,2685,3,7.833333333333371,10:45:30,10:53:49,10
6411_3__1546_2,6411,6411_3,1546,1546_2,3649,4,6.9833333333333485,10:45:30,10:53:49,10
6411_3__1546_2,6411,6411_3,1546,1546_2,3747,5,7.25,10:45:30,10:53:49,10
6411_3__1546_2,6411,6411_3,1546,1546_2,482,6,7.649999999999977,10:45:30,10:53:49,10
6411_3__1546_2,6411,6411_3,1546,1546_2,709,7,8.116666666666674,10:45:30,10:53:49,10
6411_3__1546_2,6411,6411_3,1546,1546_2,1577,8,9.0,10:45:30,10:53:49,10
6411_3__1546_2,6411,6411_3,1546,1546_2,990,9,10.383333333333326,10:45:30,10:53:49,10
6411_3__1546_2,6411,6411_3,1546,1546_2,109,10,9.950000000000045,10:45:30,10:53:49,10
6411_3__1546_2,6411,6411_3,1546,1546_2,396,11,9.933333333333394,10:45:30,10:53:49,10
6411_3__1546_2,6411,6411_3,1546,1546_2,1253,12,8.983333333333348,10:45:30,10:53:49,10
6411_3__1546_2,6411,6411_3,1546,1546_2,1554,13,9.116666666666674,10:45:30,10:53:49,10
6411_3__1546_2,6411,6411_3,1546,1546_2,1099,14,8.68333333333328,10:45:30,10:53:49,10
6411_3__1546_2,6411,6411_3,1546,1546_2,168,15,9.633333333333326,10:45:30,10:53:49,10
6411_3__1546_2,6411,6411_3,1546,1546_2,929,16,10.100000000000023,10:45:30,10:53:49,10
6411_3__1546_2,6411,6411_3,1546,1546_2,94,17,9.799999999999955,10:45:30,10:53:49,10
6411_3__1546_2,6411,6411_3,1546,1546_2,1080,18,10.18333333333328,10:45:30,10:53:49,10
6411_3__1546_2,6411,6411_3,1546,1546_2,146,19,9.349999999999909,10:45:30,10:53:49,10
6411_3__1546_2,6411,6411_3,1546,1546_2,1089,20,9.116666666666674,10:45:30,10:53:49,10
6411_3__1546_2,6411,6411_3,1546,1546_2,213,21,9.233333333333348,10:45:30,10:53:49,10
6411_3__1546_2,6411,6411_3,1546,1546_2,3907,22,9.100000000000023,10:45:30,10:53:49,10
6411_3__1546_2,6411,6411_3,1546,1546_2,949,23,11.416666666666629,10:45:30,10:53:49,10
6411_3__1546_2,6411,6411_3,1546,1546_2,913,24,10.516666666666652,10:45:30,10:53:49,10
6411_3__1546_2,6411,6411_3,1546,1546_2,307,25,10.083333333333371,10:45:30,10:53:49,10
6411_3__1546_2,6411,6411_3,1546,1546_2,212,26,9.43333333333328,10:45:30,10:53:49,10
6411_3__1546_2,6411,6411_3,1546,1546_2,2665,27,9.516666666666652,10:45:30,10:53:49,10
6411_3__1546_2,6411,6411_3,1546,1546_2,2736,28,9.066666666666606,10:45:30,10:53:49,10
6411_3__1546_2,6411,6411_3,1546,1546_2,705,29,9.066666666666606,10:45:30,10:53:49,10
6411_3__1546_2,6411,6411_3,1546,1546_2,9979,30,9.533333333333303,10:45:30,10:53:49,10
6411_3__1546_2,6411,6411_3,1546,1546_2,2492,31,9.466666666666697,10:45:30,10:53:49,10
6411_3__1546_2,6411,6411_3,1546,1546_2,946,32,7.199999999999932,10:45:30,10:53:49,10
6411_3__1546_2,6411,6411_3,1546,1546_2,947,33,6.533333333333303,10:45:30,10:53:49,10
6411_3__1546_2,6411,6411_3,1546,1546_2,327,34,6.899999999999977,10:45:30,10:53:49,10
6411_3__1546_2,6411,6411_3,1546,1546_2,3284,35,6.400000000000091,10:45:30,10:53:49,10
6411_3__1546_2,6411,6411_3,1546,1546_2,3282,36,7.31666666666672,10:45:30,10:53:49,10
6411_3__1546_2,6411,6411_3,1546,1546_2,2583,37,8.049999999999955,10:45:30,10:53:49,10
6411_3__1546_2,6411,6411_3,1546,1546_2,2590,38,7.0166666666666515,10:45:30,10:53:49,10
6411_3__1546_2,6411,6411_3,1546,1546_2,603,39,7.133333333333326,10:45:30,10:53:49,10
6411_4__1546_3,6411,6411_4,1546,1546_3,3797,1,6.333333333333371,13:40:11,13:46:31,13
6411_4__1546_3,6411,6411_4,1546,1546_3,2984,2,6.783333333333417,13:40:11,13:46:31,13
6411_4__1546_3,6411,6411_4,1546,1546_3,2685,3,6.683333333333394,13:40:11,13:46:31,13
6411_4__1546_3,6411,6411_4,1546,1546_3,3747,5,7.93333333333328,13:40:11,13:46:31,13
6411_4__1546_3,6411,6411_4,1546,1546_3,482,6,8.216666666666697,13:40:11,13:46:31,13
6411_4__1546_3,6411,6411_4,1546,1546_3,709,7,8.383333333333326,13:40:11,13:46:31,13
6411_4__1546_3,6411,6411_4,1546,1546_3,1577,8,7.583333333333371,13:40:11,13:46:31,13
6411_4__1546_3,6411,6411_4,1546,1546_3,990,9,8.083333333333371,13:40:11,13:46:31,13
6411_4__1546_3,6411,6411_4,1546,1546_3,109,10,7.966666666666697,13:40:11,13:46:31,13
6411_4__1546_3,6411,6411_4,1546,1546_3,396,11,7.966666666666697,13:40:11,13:46:31,13
6411_4__1546_3,6411,6411_4,1546,1546_3,1253,12,8.433333333333394,13:40:11,13:46:31,13
6411_4__1546_3,6411,6411_4,1546,1546_3,1554,13,8.383333333333326,13:40:11,13:46:31,13
6411_4__1546_3,6411,6411_4,1546,1546_3,1099,14,8.033333333333303,13:40:11,13:46:31,13
6411_4__1546_3,6411,6411_4,1546,1546_3,168,15,9.883333333333326,13:40:11,13:46:31,13
6411_4__1546_3,6411,6411_4,1546,1546_3,929,16,10.883333333333326,13:40:11,13:46:31,13
6411_4__1546_3,6411,6411_4,1546,1546_3,94,17,10.866666666666674,13:40:11,13:46:31,13
6411_4__1546_3,6411,6411_4,1546,1546_3,1080,18,12.38333333333344,13:40:11,13:46:31,13
6411_4__1546_3,6411,6411_4,1546,1546_3,146,19,11.0,13:40:11,13:46:31,13
6411_4__1546_3,6411,6411_4,1546,1546_3,1089,20,12.233333333333348,13:40:11,13:46:31,13
6411_4__1546_3,6411,6411_4,1546,1546_3,213,21,13.083333333333258,13:40:11,13:46:31,13
6411_4__1546_3,6411,6411_4,1546,1546_3,3907,22,12.63333333333344,13:40:11,13:46:31,13
6411_4__1546_3,6411,6411_4,1546,1546_3,949,23,12.516666666666652,13:40:11,13:46:31,13
6411_4__1546_3,6411,6411_4,1546,1546_3,913,24,11.550000000000068,13:40:11,13:46:31,13
6411_4__1546_3,6411,6411_4,1546,1546_3,307,25,12.25,13:40:11,13:46:31,13
6411_4__1546_3,6411,6411_4,1546,1546_3,212,26,13.600000000000023,13:40:11,13:46:31,13
6411_4__1546_3,6411,6411_4,1546,1546_3,2665,27,13.083333333333371,13:40:11,13:46:31,13
6411_4__1546_3,6411,6411_4,1546,1546_3,2736,28,12.81666666666672,13:40:11,13:46:31,13
6411_4__1546_3,6411,6411_4,1546,1546_3,705,29,13.966666666666697,13:40:11,13:46:31,13
6411_4__1546_3,6411,6411_4,1546,1546_3,9979,30,13.0,13:40:11,13:46:31,13
6411_4__1546_3,6411,6411_4,1546,1546_3,2492,31,13.533333333333303,13:40:11,13:46:31,13
6411_4__1546_3,6411,6411_4,1546,1546_3,946,32,15.049999999999955,13:40:11,13:46:31,13
6411_4__1546_3,6411,6411_4,1546,1546_3,947,33,15.06666666666672,13:40:11,13:46:31,13
6411_4__1546_3,6411,6411_4,1546,1546_3,327,34,15.783333333333303,13:40:11,13:46:31,13
6411_4__1546_3,6411,6411_4,1546,1546_3,3284,35,15.666666666666629,13:40:11,13:46:31,13
6411_4__1546_3,6411,6411_4,1546,1546_3,3282,36,15.350000000000023,13:40:11,13:46:31,13
6411_4__1546_3,6411,6411_4,1546,1546_3,2583,37,15.299999999999955,13:40:11,13:46:31,13
6411_4__1546_3,6411,6411_4,1546,1546_3,2590,38,15.700000000000045,13:40:11,13:46:31,13
6411_4__1546_3,6411,6411_4,1546,1546_3,603,39,15.016666666666652,13:40:11,13:46:31,13
6411_6__6115_3,6411,6411_6,6115,6115_3,3797,1,9.983333333333348,19:35:00,19:44:59,19
6411_6__6115_3,6411,6411_6,6115,6115_3,2984,2,8.733333333333348,19:35:00,19:44:59,19
6411_6__6115_3,6411,6411_6,6115,6115_3,2685,3,8.0,19:35:00,19:44:59,19
6411_6__6115_3,6411,6411_6,6115,6115_3,3649,4,8.649999999999864,19:35:00,19:44:59,19
6411_6__6115_3,6411,6411_6,6115,6115_3,3747,5,9.349999999999909,19:35:00,19:44:59,19
6411_6__6115_3,6411,6411_6,6115,6115_3,482,6,9.216666666666697,19:35:00,19:44:59,19
6411_6__6115_3,6411,6411_6,6115,6115_3,709,7,8.299999999999955,19:35:00,19:44:59,19
6411_6__6115_3,6411,6411_6,6115,6115_3,1577,8,9.099999999999909,19:35:00,19:44:59,19
6411_6__6115_3,6411,6411_6,6115,6115_3,990,9,10.166666666666742,19:35:00,19:44:59,19
6411_6__6115_3,6411,6411_6,6115,6115_3,109,10,9.583333333333258,19:35:00,19:44:59,19
6411_6__6115_3,6411,6411_6,6115,6115_3,396,11,9.849999999999909,19:35:00,19:44:59,19
6411_6__6115_3,6411,6411_6,6115,6115_3,1253,12,10.583333333333485,19:35:00,19:44:59,19
6411_6__6115_3,6411,6411_6,6115,6115_3,1554,13,11.049999999999955,19:35:00,19:44:59,19
6411_6__6115_3,6411,6411_6,6115,6115_3,1099,14,10.433333333333394,19:35:00,19:44:59,19
6411_6__6115_3,6411,6411_6,6115,6115_3,168,15,11.63333333333344,19:35:00,19:44:59,19
6411_6__6115_3,6411,6411_6,6115,6115_3,929,16,11.183333333333394,19:35:00,19:44:59,19
6411_6__6115_3,6411,6411_6,6115,6115_3,94,17,11.233333333333348,19:35:00,19:44:59,19
6411_6__6115_3,6411,6411_6,6115,6115_3,1080,18,11.416666666666742,19:35:00,19:44:59,19
6411_6__6115_3,6411,6411_6,6115,6115_3,146,19,11.666666666666515,19:35:00,19:44:59,19
6411_6__6115_3,6411,6411_6,6115,6115_3,1089,20,11.366666666666788,19:35:00,19:44:59,19
6411_6__6115_3,6411,6411_6,6115,6115_3,213,21,11.483333333333348,19:35:00,19:44:59,19
6411_6__6115_3,6411,6411_6,6115,6115_3,3907,22,11.483333333333348,19:35:00,19:44:59,19
6411_6__6115_3,6411,6411_6,6115,6115_3,949,23,11.349999999999909,19:35:00,19:44:59,19
6411_6__6115_3,6411,6411_6,6115,6115_3,913,24,12.616666666666788,19:35:00,19:44:59,19
6411_6__6115_3,6411,6411_6,6115,6115_3,307,25,12.333333333333258,19:35:00,19:44:59,19
6411_6__6115_3,6411,6411_6,6115,6115_3,212,26,12.650000000000091,19:35:00,19:44:59,19
6411_6__6115_3,6411,6411_6,6115,6115_3,2665,27,12.783333333333303,19:35:00,19:44:59,19
6411_6__6115_3,6411,6411_6,6115,6115_3,2736,28,13.399999999999864,19:35:00,19:44:59,19
6411_6__6115_3,6411,6411_6,6115,6115_3,705,29,11.033333333333303,19:35:00,19:44:59,19
6411_6__6115_3,6411,6411_6,6115,6115_3,9979,30,10.650000000000091,19:35:00,19:44:59,19
6411_6__6115_3,6411,6411_6,6115,6115_3,2492,31,10.983333333333348,19:35:00,19:44:59,19
6411_6__6115_3,6411,6411_6,6115,6115_3,946,32,11.850000000000136,19:35:00,19:44:59,19
6411_6__6115_3,6411,6411_6,6115,6115_3,947,33,11.533333333333303,19:35:00,19:44:59,19
6411_6__6115_3,6411,6411_6,6115,6115_3,327,34,11.25,19:35:00,19:44:59,19
6411_6__6115_3,6411,6411_6,6115,6115_3,3284,35,12.433333333333167,19:35:00,19:44:59,19
6411_6__6115_3,6411,6411_6,6115,6115_3,3282,36,11.299999999999955,19:35:00,19:44:59,19
6411_6__6115_3,6411,6411_6,6115,6115_3,2583,37,11.966666666666697,19:35:00,19:44:59,19
6411_6__6115_3,6411,6411_6,6115,6115_3,2590,38,11.816666666666606,19:35:00,19:44:59,19
6411_6__6115_3,6411,6411_6,6115,6115_3,603,39,12.350000000000136,19:35:00,19:44:59,19
6414_1__6406_2,6414,6414_1,6406,6406_2,3797,1,7.166666666666686,06:36:38,06:43:48,6
6414_1__6406_2,6414,6414_1,6406,6406_2,2984,2,8.133333333333326,06:36:38,06:43:48,6
6414_1__6406_2,6414,6414_1,6406,6406_2,2685,3,6.7333333333333485,06:36:38,06:43:48,6
6414_1__6406_2,6414,6414_1,6406,6406_2,3649,4,6.333333333333371,06:36:38,06:43:48,6
6414_1__6406_2,6414,6414_1,6406,6406_2,3747,5,6.71666666666664,06:36:38,06:43:48,6
6414_1__6406_2,6414,6414_1,6406,6406_2,482,6,6.433333333333337,06:36:38,06:43:48,6
6414_1__6406_2,6414,6414_1,6406,6406_2,709,7,6.449999999999989,06:36:38,06:43:48,6
6414_1__6406_2,6414,6414_1,6406,6406_2,1577,8,8.016666666666708,06:36:38,06:43:48,6
6414_1__6406_2,6414,6414_1,6406,6406_2,990,9,7.649999999999977,06:36:38,06:43:48,6
6414_1__6406_2,6414,6414_1,6406,6406_2,109,10,9.21666666666664,06:36:38,06:43:48,6
6414_1__6406_2,6414,6414_1,6406,6406_2,396,11,8.366666666666674,06:36:38,06:43:48,6
6414_1__6406_2,6414,6414_1,6406,6406_2,1253,12,8.233333333333348,06:36:38,06:43:48,6
6414_1__6406_2,6414,6414_1,6406,6406_2,1554,13,9.049999999999955,06:36:38,06:43:48,6
6414_1__6406_2,6414,6414_1,6406,6406_2,1099,14,9.633333333333326,06:36:38,06:43:48,6
6414_1__6406_2,6414,6414_1,6406,6406_2,168,15,9.683333333333337,06:36:38,06:43:48,6
6414_1__6406_2,6414,6414_1,6406,6406_2,929,16,10.183333333333337,06:36:38,06:43:48,6
6414_1__6406_2,6414,6414_1,6406,6406_2,94,17,9.666666666666629,06:36:38,06:43:48,6
6414_1__6406_2,6414,6414_1,6406,6406_2,1080,18,9.633333333333326,06:36:38,06:43:48,6
6414_1__6406_2,6414,6414_1,6406,6406_2,146,19,9.416666666666686,06:36:38,06:43:48,6
6414_1__6406_2,6414,6414_1,6406,6406_2,1089,20,8.199999999999989,06:36:38,06:43:48,6
6414_1__6406_2,6414,6414_1,6406,6406_2,213,21,7.883333333333326,06:36:38,06:43:48,6
6414_1__6406_2,6414,6414_1,6406,6406_2,3907,22,7.916666666666686,06:36:38,06:43:48,6
6414_1__6406_2,6414,6414_1,6406,6406_2,949,23,8.300000000000011,06:36:38,06:43:48,6
6414_1__6406_2,6414,6414_1,6406,6406_2,913,24,9.016666666666652,06:36:38,06:43:48,6
6414_1__6406_2,6414,6414_1,6406,6406_2,307,25,9.050000000000011,06:36:38,06:43:48,6
6414_1__6406_2,6414,6414_1,6406,6406_2,212,26,9.149999999999977,06:36:38,06:43:48,6
6414_1__6406_2,6414,6414_1,6406,6406_2,2665,27,9.350000000000023,06:36:38,06:43:48,6
6414_1__6406_2,6414,6414_1,6406,6406_2,2736,28,8.583333333333371,06:36:38,06:43:48,6
6414_1__6406_2,6414,6414_1,6406,6406_2,705,29,7.366666666666674,06:36:38,06:43:48,6
6414_1__6406_2,6414,6414_1,6406,6406_2,9979,30,7.050000000000011,06:36:38,06:43:48,6
6414_1__6406_2,6414,6414_1,6406,6406_2,2492,31,7.433333333333337,06:36:38,06:43:48,6
6414_1__6406_2,6414,6414_1,6406,6406_2,946,32,7.283333333333303,06:36:38,06:43:48,6
6414_1__6406_2,6414,6414_1,6406,6406_2,947,33,8.433333333333337,06:36:38,06:43:48,6
6414_1__6406_2,6414,6414_1,6406,6406_2,327,34,8.25,06:36:38,06:43:48,6
6414_1__6406_2,6414,6414_1,6406,6406_2,3284,35,7.916666666666686,06:36:38,06:43:48,6
6414_1__6406_2,6414,6414_1,6406,6406_2,3282,36,9.350000000000023,06:36:38,06:43:48,6
6414_1__6406_2,6414,6414_1,6406,6406_2,2583,37,9.549999999999955,06:36:38,06:43:48,6
6414_1__6406_2,6414,6414_1,6406,6406_2,2590,38,9.816666666666663,06:36:38,06:43:48,6
6414_1__6406_2,6414,6414_1,6406,6406_2,603,39,10.316666666666663,06:36:38,06:43:48,6
6414_2__6406_3,6414,6414_2,6406,6406_3,3797,1,9.400000000000091,09:39:26,09:48:50,9
6414_2__6406_3,6414,6414_2,6406,6406_3,2984,2,13.066666666666606,09:39:26,09:48:50,9
6414_2__6406_3,6414,6414_2,6406,6406_3,2685,3,13.783333333333303,09:39:26,09:48:50,9
6414_2__6406_3,6414,6414_2,6406,6406_3,3649,4,14.0,09:39:26,09:48:50,9
6414_2__6406_3,6414,6414_2,6406,6406_3,3747,5,13.25,09:39:26,09:48:50,9
6414_2__6406_3,6414,6414_2,6406,6406_3,482,6,13.466666666666583,09:39:26,09:48:50,9
6414_2__6406_3,6414,6414_2,6406,6406_3,709,7,12.716666666666583,09:39:26,09:48:50,9
6414_2__6406_3,6414,6414_2,6406,6406_3,1577,8,12.833333333333371,09:39:26,09:48:50,9
6414_2__6406_3,6414,6414_2,6406,6406_3,990,9,12.100000000000023,09:39:26,09:48:50,9
6414_2__6406_3,6414,6414_2,6406,6406_3,109,10,12.0,09:39:26,09:48:50,9
6414_2__6406_3,6414,6414_2,6406,6406_3,396,11,13.233333333333348,09:39:26,09:48:50,9
6414_2__6406_3,6414,6414_2,6406,6406_3,1253,12,13.533333333333417,09:39:26,09:48:50,9
6414_2__6406_3,6414,6414_2,6406,6406_3,1554,13,13.166666666666742,09:39:26,09:48:50,9
6414_2__6406_3,6414,6414_2,6406,6406_3,1099,14,13.400000000000091,09:39:26,09:48:50,9
6414_2__6406_3,6414,6414_2,6406,6406_3,168,15,12.700000000000045,09:39:26,09:48:50,9
6414_2__6406_3,6414,6414_2,6406,6406_3,929,16,12.533333333333417,09:39:26,09:48:50,9
6414_2__6406_3,6414,6414_2,6406,6406_3,94,17,12.416666666666629,09:39:26,09:48:50,9
6414_2__6406_3,6414,6414_2,6406,6406_3,1080,18,12.983333333333348,09:39:26,09:48:50,9
6414_2__6406_3,6414,6414_2,6406,6406_3,146,19,13.266666666666652,09:39:26,09:48:50,9
6414_2__6406_3,6414,6414_2,6406,6406_3,1089,20,12.883333333333326,09:39:26,09:48:50,9
6414_2__6406_3,6414,6414_2,6406,6406_3,213,21,14.516666666666652,09:39:26,09:48:50,9
6414_2__6406_3,6414,6414_2,6406,6406_3,3907,22,14.516666666666652,09:39:26,09:48:50,9
6414_2__6406_3,6414,6414_2,6406,6406_3,949,23,14.733333333333348,09:39:26,09:48:50,9
6414_2__6406_3,6414,6414_2,6406,6406_3,913,24,15.716666666666697,09:39:26,09:48:50,9
6414_2__6406_3,6414,6414_2,6406,6406_3,307,25,15.850000000000023,09:39:26,09:48:50,9
6414_2__6406_3,6414,6414_2,6406,6406_3,212,26,16.866666666666674,09:39:26,09:48:50,9
6414_2__6406_3,6414,6414_2,6406,6406_3,2736,28,17.75,09:39:26,09:48:50,9
6414_2__6406_3,6414,6414_2,6406,6406_3,705,29,17.583333333333258,09:39:26,09:48:50,9
6414_2__6406_3,6414,6414_2,6406,6406_3,9979,30,16.366666666666674,09:39:26,09:48:50,9
6414_2__6406_3,6414,6414_2,6406,6406_3,2492,31,16.949999999999932,09:39:26,09:48:50,9
6414_2__6406_3,6414,6414_2,6406,6406_3,946,32,16.0,09:39:26,09:48:50,9
6414_2__6406_3,6414,6414_2,6406,6406_3,947,33,16.899999999999977,09:39:26,09:48:50,9
6414_2__6406_3,6414,6414_2,6406,6406_3,327,34,16.33333333333337,09:39:26,09:48:50,9
6414_2__6406_3,6414,6414_2,6406,6406_3,3284,35,17.01666666666665,09:39:26,09:48:50,9
6414_2__6406_3,6414,6414_2,6406,6406_3,3282,36,16.76666666666665,09:39:26,09:48:50,9
6414_2__6406_3,6414,6414_2,6406,6406_3,2583,37,16.98333333333335,09:39:26,09:48:50,9
6414_2__6406_3,6414,6414_2,6406,6406_3,2590,38,16.51666666666665,09:39:26,09:48:50,9
6414_2__6406_3,6414,6414_2,6406,6406_3,603,39,16.350000000000023,09:39:26,09:48:50,9
6414_3__6406_4,6414,6414_3,6406,6406_4,3797,1,7.25,12:36:43,12:43:58,12
6414_3__6406_4,6414,6414_3,6406,6406_4,2984,2,6.666666666666629,12:36:43,12:43:58,12
6414_3__6406_4,6414,6414_3,6406,6406_4,2685,3,6.2333333333333485,12:36:43,12:43:58,12
6414_3__6406_4,6414,6414_3,6406,6406_4,3649,4,6.966666666666697,12:36:43,12:43:58,12
6414_3__6406_4,6414,6414_3,6406,6406_4,3747,5,6.333333333333371,12:36:43,12:43:58,12
6414_3__6406_4,6414,6414_3,6406,6406_4,482,6,5.31666666666672,12:36:43,12:43:58,12
6414_3__6406_4,6414,6414_3,6406,6406_4,709,7,5.0166666666666515,12:36:43,12:43:58,12
6414_3__6406_4,6414,6414_3,6406,6406_4,1577,8,3.4500000000000455,12:36:43,12:43:58,12
6414_3__6406_4,6414,6414_3,6406,6406_4,990,9,4.416666666666629,12:36:43,12:43:58,12
6414_3__6406_4,6414,6414_3,6406,6406_4,109,10,4.5499999999999545,12:36:43,12:43:58,12
6414_3__6406_4,6414,6414_3,6406,6406_4,396,11,4.466666666666697,12:36:43,12:43:58,12
6414_3__6406_4,6414,6414_3,6406,6406_4,1253,12,6.416666666666629,12:36:43,12:43:58,12
6414_3__6406_4,6414,6414_3,6406,6406_4,1554,13,9.100000000000023,12:36:43,12:43:58,12
6414_3__6406_4,6414,6414_3,6406,6406_4,168,15,9.300000000000068,12:36:43,12:43:58,12
6414_3__6406_4,6414,6414_3,6406,6406_4,929,16,8.050000000000068,12:36:43,12:43:58,12
6414_3__6406_4,6414,6414_3,6406,6406_4,94,17,8.483333333333348,12:36:43,12:43:58,12
6414_3__6406_4,6414,6414_3,6406,6406_4,146,19,9.416666666666629,12:36:43,12:43:58,12
6414_3__6406_4,6414,6414_3,6406,6406_4,1089,20,9.149999999999977,12:36:43,12:43:58,12
6414_3__6406_4,6414,6414_3,6406,6406_4,213,21,8.233333333333348,12:36:43,12:43:58,12
6414_3__6406_4,6414,6414_3,6406,6406_4,3907,22,9.616666666666674,12:36:43,12:43:58,12
6414_3__6406_4,6414,6414_3,6406,6406_4,949,23,8.5,12:36:43,12:43:58,12
6414_3__6406_4,6414,6414_3,6406,6406_4,913,24,5.316666666666606,12:36:43,12:43:58,12
6414_3__6406_4,6414,6414_3,6406,6406_4,307,25,5.7666666666666515,12:36:43,12:43:58,12
6414_3__6406_4,6414,6414_3,6406,6406_4,212,26,5.033333333333303,12:36:43,12:43:58,12
6414_3__6406_4,6414,6414_3,6406,6406_4,2665,27,5.449999999999932,12:36:43,12:43:58,12
6414_3__6406_4,6414,6414_3,6406,6406_4,2736,28,4.883333333333326,12:36:43,12:43:58,12
6414_3__6406_4,6414,6414_3,6406,6406_4,705,29,4.56666666666672,12:36:43,12:43:58,12
6414_3__6406_4,6414,6414_3,6406,6406_4,9979,30,4.68333333333328,12:36:43,12:43:58,12
6414_3__6406_4,6414,6414_3,6406,6406_4,2492,31,4.900000000000091,12:36:43,12:43:58,12
6414_3__6406_4,6414,6414_3,6406,6406_4,947,33,8.550000000000068,12:36:43,12:43:58,12
6414_3__6406_4,6414,6414_3,6406,6406_4,327,34,8.866666666666674,12:36:43,12:43:58,12
6414_3__6406_4,6414,6414_3,6406,6406_4,3284,35,9.06666666666672,12:36:43,12:43:58,12
6414_4__6406_5,6414,6414_4,6406,6406_5,3797,1,7.2333333333333485,15:37:43,15:44:57,15
6414_4__6406_5,6414,6414_4,6406,6406_5,2984,2,6.883333333333326,15:37:43,15:44:57,15
6414_4__6406_5,6414,6414_4,6406,6406_5,2685,3,6.350000000000023,15:37:43,15:44:57,15
6414_4__6406_5,6414,6414_4,6406,6406_5,3649,4,8.0,15:37:43,15:44:57,15
6414_4__6406_5,6414,6414_4,6406,6406_5,3747,5,7.850000000000023,15:37:43,15:44:57,15
6414_4__6406_5,6414,6414_4,6406,6406_5,482,6,8.133333333333326,15:37:43,15:44:57,15
6414_4__6406_5,6414,6414_4,6406,6406_5,709,7,7.633333333333326,15:37:43,15:44:57,15
6414_4__6406_5,6414,6414_4,6406,6406_5,1577,8,6.800000000000068,15:37:43,15:44:57,15
6414_4__6406_5,6414,6414_4,6406,6406_5,990,9,7.899999999999977,15:37:43,15:44:57,15
6414_4__6406_5,6414,6414_4,6406,6406_5,109,10,8.350000000000023,15:37:43,15:44:57,15
6414_4__6406_5,6414,6414_4,6406,6406_5,396,11,6.883333333333326,15:37:43,15:44:57,15
6414_4__6406_5,6414,6414_4,6406,6406_5,1253,12,6.183333333333394,15:37:43,15:44:57,15
6414_4__6406_5,6414,6414_4,6406,6406_5,1554,13,6.18333333333328,15:37:43,15:44:57,15
6414_4__6406_5,6414,6414_4,6406,6406_5,1099,14,6.56666666666672,15:37:43,15:44:57,15
6414_4__6406_5,6414,6414_4,6406,6406_5,168,15,7.25,15:37:43,15:44:57,15
6414_4__6406_5,6414,6414_4,6406,6406_5,929,16,9.699999999999932,15:37:43,15:44:57,15
6414_4__6406_5,6414,6414_4,6406,6406_5,94,17,10.633333333333326,15:37:43,15:44:57,15
6414_4__6406_5,6414,6414_4,6406,6406_5,1080,18,11.216666666666697,15:37:43,15:44:57,15
6414_4__6406_5,6414,6414_4,6406,6406_5,146,19,11.383333333333326,15:37:43,15:44:57,15
6414_4__6406_5,6414,6414_4,6406,6406_5,1089,20,11.049999999999955,15:37:43,15:44:57,15
6414_4__6406_5,6414,6414_4,6406,6406_5,213,21,11.93333333333328,15:37:43,15:44:57,15
6414_4__6406_5,6414,6414_4,6406,6406_5,3907,22,12.466666666666697,15:37:43,15:44:57,15
6414_4__6406_5,6414,6414_4,6406,6406_5,949,23,11.68333333333328,15:37:43,15:44:57,15
6414_4__6406_5,6414,6414_4,6406,6406_5,913,24,11.966666666666583,15:37:43,15:44:57,15
6414_4__6406_5,6414,6414_4,6406,6406_5,307,25,11.649999999999977,15:37:43,15:44:57,15
6414_4__6406_5,6414,6414_4,6406,6406_5,212,26,10.850000000000023,15:37:43,15:44:57,15
6414_4__6406_5,6414,6414_4,6406,6406_5,2665,27,10.25,15:37:43,15:44:57,15
6414_4__6406_5,6414,6414_4,6406,6406_5,2736,28,9.950000000000045,15:37:43,15:44:57,15
6414_4__6406_5,6414,6414_4,6406,6406_5,705,29,10.116666666666674,15:37:43,15:44:57,15
6414_4__6406_5,6414,6414_4,6406,6406_5,9979,30,9.166666666666629,15:37:43,15:44:57,15
6414_4__6406_5,6414,6414_4,6406,6406_5,2492,31,9.316666666666606,15:37:43,15:44:57,15
6414_4__6406_5,6414,6414_4,6406,6406_5,946,32,8.433333333333394,15:37:43,15:44:57,15
6414_4__6406_5,6414,6414_4,6406,6406_5,947,33,10.216666666666697,15:37:43,15:44:57,15
6414_4__6406_5,6414,6414_4,6406,6406_5,327,34,9.416666666666742,15:37:43,15:44:57,15
6414_4__6406_5,6414,6414_4,6406,6406_5,3284,35,11.016666666666765,15:37:43,15:44:57,15
6414_4__6406_5,6414,6414_4,6406,6406_5,3282,36,12.050000000000068,15:37:43,15:44:57,15
6414_4__6406_5,6414,6414_4,6406,6406_5,2583,37,10.233333333333348,15:37:43,15:44:57,15
6414_4__6406_5,6414,6414_4,6406,6406_5,2590,38,8.616666666666788,15:37:43,15:44:57,15
6414_4__6406_5,6414,6414_4,6406,6406_5,603,39,7.466666666666583,15:37:43,15:44:57,15
6414_5__6406_6,6414,6414_5,6406,6406_6,3797,1,8.983333333333348,18:36:00,18:44:59,18
6414_5__6406_6,6414,6414_5,6406,6406_6,2984,2,7.566666666666606,18:36:00,18:44:59,18
6414_5__6406_6,6414,6414_5,6406,6406_6,2685,3,7.0833333333332575,18:36:00,18:44:59,18
6414_5__6406_6,6414,6414_5,6406,6406_6,3649,4,8.049999999999955,18:36:00,18:44:59,18
6414_5__6406_6,6414,6414_5,6406,6406_6,3747,5,7.866666666666561,18:36:00,18:44:59,18
6414_5__6406_6,6414,6414_5,6406,6406_6,482,6,7.4500000000000455,18:36:00,18:44:59,18
6414_5__6406_6,6414,6414_5,6406,6406_6,709,7,6.199999999999818,18:36:00,18:44:59,18
6414_5__6406_6,6414,6414_5,6406,6406_6,1577,8,7.350000000000136,18:36:00,18:44:59,18
6414_5__6406_6,6414,6414_5,6406,6406_6,990,9,6.633333333333212,18:36:00,18:44:59,18
6414_5__6406_6,6414,6414_5,6406,6406_6,109,10,5.9166666666667425,18:36:00,18:44:59,18
6414_5__6406_6,6414,6414_5,6406,6406_6,396,11,6.683333333333394,18:36:00,18:44:59,18
6414_5__6406_6,6414,6414_5,6406,6406_6,1253,12,5.683333333333167,18:36:00,18:44:59,18
6414_5__6406_6,6414,6414_5,6406,6406_6,1554,13,6.333333333333485,18:36:00,18:44:59,18
6414_5__6406_6,6414,6414_5,6406,6406_6,1099,14,5.96666666666647,18:36:00,18:44:59,18
6414_5__6406_6,6414,6414_5,6406,6406_6,168,15,7.783333333333303,18:36:00,18:44:59,18
6414_5__6406_6,6414,6414_5,6406,6406_6,929,16,7.183333333333394,18:36:00,18:44:59,18
6414_5__6406_6,6414,6414_5,6406,6406_6,94,17,8.283333333333303,18:36:00,18:44:59,18
6414_5__6406_6,6414,6414_5,6406,6406_6,1080,18,6.666666666666515,18:36:00,18:44:59,18
6414_5__6406_6,6414,6414_5,6406,6406_6,146,19,6.400000000000091,18:36:00,18:44:59,18
6414_5__6406_6,6414,6414_5,6406,6406_6,1089,20,7.283333333333303,18:36:00,18:44:59,18
6414_5__6406_6,6414,6414_5,6406,6406_6,213,21,8.0,18:36:00,18:44:59,18
6414_5__6406_6,6414,6414_5,6406,6406_6,3907,22,8.0,18:36:00,18:44:59,18
6414_5__6406_6,6414,6414_5,6406,6406_6,949,23,7.4833333333333485,18:36:00,18:44:59,18
6414_5__6406_6,6414,6414_5,6406,6406_6,913,24,7.183333333333394,18:36:00,18:44:59,18
6414_5__6406_6,6414,6414_5,6406,6406_6,307,25,6.633333333333439,18:36:00,18:44:59,18
6414_5__6406_6,6414,6414_5,6406,6406_6,212,26,7.366666666666561,18:36:00,18:44:59,18
6414_5__6406_6,6414,6414_5,6406,6406_6,2665,27,7.6666666666667425,18:36:00,18:44:59,18
6414_5__6406_6,6414,6414_5,6406,6406_6,2736,28,7.916666666666515,18:36:00,18:44:59,18
6414_5__6406_6,6414,6414_5,6406,6406_6,705,29,7.3333333333332575,18:36:00,18:44:59,18
6414_5__6406_6,6414,6414_5,6406,6406_6,9979,30,6.8333333333332575,18:36:00,18:44:59,18
6414_5__6406_6,6414,6414_5,6406,6406_6,2492,31,7.216666666666697,18:36:00,18:44:59,18
6414_5__6406_6,6414,6414_5,6406,6406_6,946,32,7.066666666666606,18:36:00,18:44:59,18
6414_5__6406_6,6414,6414_5,6406,6406_6,947,33,6.533333333333303,18:36:00,18:44:59,18
6414_5__6406_6,6414,6414_5,6406,6406_6,327,34,6.783333333333303,18:36:00,18:44:59,18
6414_5__6406_6,6414,6414_5,6406,6406_6,3284,35,6.033333333333303,18:36:00,18:44:59,18
6414_5__6406_6,6414,6414_5,6406,6406_6,3282,36,5.633333333333439,18:36:00,18:44:59,18
6414_5__6406_6,6414,6414_5,6406,6406_6,2583,37,7.133333333333212,18:36:00,18:44:59,18
6414_5__6406_6,6414,6414_5,6406,6406_6,2590,38,7.75,18:36:00,18:44:59,18
6414_5__6406_6,6414,6414_5,6406,6406_6,603,39,7.183333333333394,18:36:00,18:44:59,18
6414_6__6408_7,6414,6414_6,6408,6408_7,3797,1,14.983333333333348,21:10:00,21:24:59,21
6414_6__6408_7,6414,6414_6,6408,6408_7,2984,2,17.366666666666788,21:10:00,21:24:59,21
6414_6__6408_7,6414,6414_6,6408,6408_7,2685,3,17.716666666666697,21:10:00,21:24:59,21
6414_6__6408_7,6414,6414_6,6408,6408_7,3649,4,16.100000000000136,21:10:00,21:24:59,21
6414_6__6408_7,6414,6414_6,6408,6408_7,3747,5,15.900000000000091,21:10:00,21:24:59,21
6414_6__6408_7,6414,6414_6,6408,6408_7,482,6,15.183333333333394,21:10:00,21:24:59,21
6414_6__6408_7,6414,6414_6,6408,6408_7,709,7,14.049999999999955,21:10:00,21:24:59,21
6414_6__6408_7,6414,6414_6,6408,6408_7,1577,8,14.583333333333485,21:10:00,21:24:59,21
6414_6__6408_7,6414,6414_6,6408,6408_7,990,9,13.966666666666697,21:10:00,21:24:59,21
6414_6__6408_7,6414,6414_6,6408,6408_7,109,10,16.13333333333344,21:10:00,21:24:59,21
6414_6__6408_7,6414,6414_6,6408,6408_7,396,11,16.25,21:10:00,21:24:59,21
6414_6__6408_7,6414,6414_6,6408,6408_7,1253,12,15.533333333333303,21:10:00,21:24:59,21
6414_6__6408_7,6414,6414_6,6408,6408_7,1554,13,16.15000000000009,21:10:00,21:24:59,21
6414_6__6408_7,6414,6414_6,6408,6408_7,1099,14,15.900000000000091,21:10:00,21:24:59,21
6414_6__6408_7,6414,6414_6,6408,6408_7,168,15,14.883333333333212,21:10:00,21:24:59,21
6414_6__6408_7,6414,6414_6,6408,6408_7,929,16,14.400000000000091,21:10:00,21:24:59,21
6414_6__6408_7,6414,6414_6,6408,6408_7,94,17,14.75,21:10:00,21:24:59,21
6414_6__6408_7,6414,6414_6,6408,6408_7,1080,18,14.716666666666697,21:10:00,21:24:59,21
6414_6__6408_7,6414,6414_6,6408,6408_7,146,19,14.683333333333394,21:10:00,21:24:59,21
6414_6__6408_7,6414,6414_6,6408,6408_7,1089,20,15.366666666666788,21:10:00,21:24:59,21
6414_6__6408_7,6414,6414_6,6408,6408_7,213,21,13.483333333333348,21:10:00,21:24:59,21
6414_6__6408_7,6414,6414_6,6408,6408_7,3907,22,12.466666666666697,21:10:00,21:24:59,21
6414_6__6408_7,6414,6414_6,6408,6408_7,949,23,11.716666666666697,21:10:00,21:24:59,21
6414_6__6408_7,6414,6414_6,6408,6408_7,307,25,12.600000000000136,21:10:00,21:24:59,21
6414_6__6408_7,6414,6414_6,6408,6408_7,212,26,12.233333333333348,21:10:00,21:24:59,21
6414_6__6408_7,6414,6414_6,6408,6408_7,2665,27,11.88333333333344,21:10:00,21:24:59,21
6414_6__6408_7,6414,6414_6,6408,6408_7,2736,28,11.633333333333212,21:10:00,21:24:59,21
6414_6__6408_7,6414,6414_6,6408,6408_7,705,29,11.166666666666515,21:10:00,21:24:59,21
6414_6__6408_7,6414,6414_6,6408,6408_7,9979,30,13.5,21:10:00,21:24:59,21
6414_6__6408_7,6414,6414_6,6408,6408_7,2492,31,11.633333333333212,21:10:00,21:24:59,21
6414_6__6408_7,6414,6414_6,6408,6408_7,946,32,11.983333333333348,21:10:00,21:24:59,21
6414_6__6408_7,6414,6414_6,6408,6408_7,947,33,11.25,21:10:00,21:24:59,21
6414_6__6408_7,6414,6414_6,6408,6408_7,327,34,10.666666666666742,21:10:00,21:24:59,21
6414_6__6408_7,6414,6414_6,6408,6408_7,3284,35,10.966666666666697,21:10:00,21:24:59,21
6414_6__6408_7,6414,6414_6,6408,6408_7,2590,38,11.149999999999864,21:10:00,21:24:59,21
6415_1__6021_1,6415,6415_1,6021,6021_1,2685,3,8.866666666666674,05:27:41,05:36:33,5
6415_1__6021_1,6415,6415_1,6021,6021_1,3649,4,10.316666666666663,05:27:41,05:36:33,5
6415_1__6021_1,6415,6415_1,6021,6021_1,3747,5,9.433333333333337,05:27:41,05:36:33,5
6415_1__6021_1,6415,6415_1,6021,6021_1,482,6,9.53333333333336,05:27:41,05:36:33,5
6415_1__6021_1,6415,6415_1,6021,6021_1,709,7,10.116666666666674,05:27:41,05:36:33,5
6415_1__6021_1,6415,6415_1,6021,6021_1,1577,8,9.450000000000045,05:27:41,05:36:33,5
6415_1__6021_1,6415,6415_1,6021,6021_1,990,9,9.5,05:27:41,05:36:33,5
6415_1__6021_1,6415,6415_1,6021,6021_1,109,10,10.049999999999955,05:27:41,05:36:33,5
6415_1__6021_1,6415,6415_1,6021,6021_1,396,11,9.616666666666674,05:27:41,05:36:33,5
6415_1__6021_1,6415,6415_1,6021,6021_1,1253,12,9.800000000000011,05:27:41,05:36:33,5
6415_1__6021_1,6415,6415_1,6021,6021_1,1554,13,10.03333333333336,05:27:41,05:36:33,5
6415_1__6021_1,6415,6415_1,6021,6021_1,1099,14,10.400000000000034,05:27:41,05:36:33,5
6415_1__6021_1,6415,6415_1,6021,6021_1,168,15,7.399999999999977,05:27:41,05:36:33,5
6415_1__6021_1,6415,6415_1,6021,6021_1,929,16,8.5,05:27:41,05:36:33,5
6415_1__6021_1,6415,6415_1,6021,6021_1,94,17,7.5,05:27:41,05:36:33,5
6415_1__6021_1,6415,6415_1,6021,6021_1,1080,18,7.4833333333333485,05:27:41,05:36:33,5
6415_1__6021_1,6415,6415_1,6021,6021_1,146,19,7.4833333333333485,05:27:41,05:36:33,5
6415_1__6021_1,6415,6415_1,6021,6021_1,1089,20,6.833333333333371,05:27:41,05:36:33,5
6415_1__6021_1,6415,6415_1,6021,6021_1,213,21,5.733333333333292,05:27:41,05:36:33,5
6415_1__6021_1,6415,6415_1,6021,6021_1,3907,22,6.533333333333303,05:27:41,05:36:33,5
6415_1__6021_1,6415,6415_1,6021,6021_1,949,23,6.21666666666664,05:27:41,05:36:33,5
6415_1__6021_1,6415,6415_1,6021,6021_1,913,24,5.650000000000034,05:27:41,05:36:33,5
6415_1__6021_1,6415,6415_1,6021,6021_1,307,25,6.166666666666686,05:27:41,05:36:33,5
6415_1__6021_1,6415,6415_1,6021,6021_1,212,26,5.383333333333326,05:27:41,05:36:33,5
6415_1__6021_1,6415,6415_1,6021,6021_1,2665,27,6.183333333333337,05:27:41,05:36:33,5
6415_1__6021_1,6415,6415_1,6021,6021_1,2736,28,5.333333333333371,05:27:41,05:36:33,5
6415_1__6021_1,6415,6415_1,6021,6021_1,705,29,4.966666666666697,05:27:41,05:36:33,5
6415_1__6021_1,6415,6415_1,6021,6021_1,9979,30,4.53333333333336,05:27:41,05:36:33,5
6415_1__6021_1,6415,6415_1,6021,6021_1,2492,31,5.099999999999966,05:27:41,05:36:33,5
6415_1__6021_1,6415,6415_1,6021,6021_1,946,32,4.633333333333326,05:27:41,05:36:33,5
6415_1__6021_1,6415,6415_1,6021,6021_1,947,33,5.133333333333326,05:27:41,05:36:33,5
6415_1__6021_1,6415,6415_1,6021,6021_1,327,34,2.6166666666666742,05:27:41,05:36:33,5
6415_1__6021_1,6415,6415_1,6021,6021_1,2583,37,1.2833333333333599,05:27:41,05:36:33,5
6415_1__6021_1,6415,6415_1,6021,6021_1,2590,38,1.3166666666666629,05:27:41,05:36:33,5
6415_1__6021_1,6415,6415_1,6021,6021_1,603,39,2.5833333333333144,05:27:41,05:36:33,5
6415_2__6021_2,6415,6415_2,6021,6021_2,3797,1,8.350000000000023,08:19:41,08:28:02,8
6415_2__6021_2,6415,6415_2,6021,6021_2,2984,2,8.083333333333371,08:19:41,08:28:02,8
6415_2__6021_2,6415,6415_2,6021,6021_2,2685,3,8.066666666666663,08:19:41,08:28:02,8
6415_2__6021_2,6415,6415_2,6021,6021_2,3649,4,9.31666666666672,08:19:41,08:28:02,8
6415_2__6021_2,6415,6415_2,6021,6021_2,3747,5,9.433333333333394,08:19:41,08:28:02,8
6415_2__6021_2,6415,6415_2,6021,6021_2,482,6,9.016666666666595,08:19:41,08:28:02,8
6415_2__6021_2,6415,6415_2,6021,6021_2,709,7,9.850000000000023,08:19:41,08:28:02,8
6415_2__6021_2,6415,6415_2,6021,6021_2,1577,8,9.683333333333394,08:19:41,08:28:02,8
6415_2__6021_2,6415,6415_2,6021,6021_2,990,9,8.700000000000045,08:19:41,08:28:02,8
6415_2__6021_2,6415,6415_2,6021,6021_2,109,10,8.916666666666629,08:19:41,08:28:02,8
6415_2__6021_2,6415,6415_2,6021,6021_2,396,11,9.199999999999932,08:19:41,08:28:02,8
6415_2__6021_2,6415,6415_2,6021,6021_2,1253,12,8.550000000000068,08:19:41,08:28:02,8
6415_2__6021_2,6415,6415_2,6021,6021_2,1554,13,9.25,08:19:41,08:28:02,8
6415_2__6021_2,6415,6415_2,6021,6021_2,1099,14,9.149999999999977,08:19:41,08:28:02,8
6415_2__6021_2,6415,6415_2,6021,6021_2,168,15,8.199999999999932,08:19:41,08:28:02,8
6415_2__6021_2,6415,6415_2,6021,6021_2,929,16,8.149999999999977,08:19:41,08:28:02,8
6415_2__6021_2,6415,6415_2,6021,6021_2,94,17,7.5833333333332575,08:19:41,08:28:02,8
6415_2__6021_2,6415,6415_2,6021,6021_2,1080,18,8.333333333333371,08:19:41,08:28:02,8
6415_2__6021_2,6415,6415_2,6021,6021_2,146,19,8.566666666666606,08:19:41,08:28:02,8
6415_2__6021_2,6415,6415_2,6021,6021_2,1089,20,6.783333333333303,08:19:41,08:28:02,8
6415_2__6021_2,6415,6415_2,6021,6021_2,213,21,7.1666666666667425,08:19:41,08:28:02,8
6415_2__6021_2,6415,6415_2,6021,6021_2,3907,22,8.150000000000091,08:19:41,08:28:02,8
6415_2__6021_2,6415,6415_2,6021,6021_2,949,23,9.216666666666697,08:19:41,08:28:02,8
6415_2__6021_2,6415,6415_2,6021,6021_2,913,24,11.06666666666672,08:19:41,08:28:02,8
6415_2__6021_2,6415,6415_2,6021,6021_2,307,25,11.116666666666674,08:19:41,08:28:02,8
6415_2__6021_2,6415,6415_2,6021,6021_2,212,26,10.916666666666629,08:19:41,08:28:02,8
6415_2__6021_2,6415,6415_2,6021,6021_2,2665,27,11.033333333333303,08:19:41,08:28:02,8
6415_2__6021_2,6415,6415_2,6021,6021_2,2736,28,10.600000000000023,08:19:41,08:28:02,8
6415_2__6021_2,6415,6415_2,6021,6021_2,705,29,10.949999999999932,08:19:41,08:28:02,8
6415_2__6021_2,6415,6415_2,6021,6021_2,9979,30,10.916666666666742,08:19:41,08:28:02,8
6415_2__6021_2,6415,6415_2,6021,6021_2,2492,31,10.366666666666674,08:19:41,08:28:02,8
6415_2__6021_2,6415,6415_2,6021,6021_2,946,32,9.0,08:19:41,08:28:02,8
6415_2__6021_2,6415,6415_2,6021,6021_2,947,33,7.2666666666666515,08:19:41,08:28:02,8
6415_2__6021_2,6415,6415_2,6021,6021_2,327,34,6.800000000000068,08:19:41,08:28:02,8
6415_2__6021_2,6415,6415_2,6021,6021_2,3284,35,7.0166666666666515,08:19:41,08:28:02,8
6415_2__6021_2,6415,6415_2,6021,6021_2,3282,36,6.2000000000000455,08:19:41,08:28:02,8
6415_2__6021_2,6415,6415_2,6021,6021_2,2583,37,6.633333333333326,08:19:41,08:28:02,8
6415_2__6021_2,6415,6415_2,6021,6021_2,2590,38,6.133333333333326,08:19:41,08:28:02,8
6415_2__6021_2,6415,6415_2,6021,6021_2,603,39,5.933333333333394,08:19:41,08:28:02,8
6415_3__6021_3,6415,6415_3,6021,6021_3,3797,1,8.350000000000023,11:20:09,11:28:30,11
6415_3__6021_3,6415,6415_3,6021,6021_3,2984,2,10.516666666666652,11:20:09,11:28:30,11
6415_3__6021_3,6415,6415_3,6021,6021_3,2685,3,10.100000000000023,11:20:09,11:28:30,11
6415_3__6021_3,6415,6415_3,6021,6021_3,3649,4,8.416666666666629,11:20:09,11:28:30,11
6415_3__6021_3,6415,6415_3,6021,6021_3,3747,5,7.9833333333333485,11:20:09,11:28:30,11
6415_3__6021_3,6415,6415_3,6021,6021_3,482,6,8.899999999999977,11:20:09,11:28:30,11
6415_3__6021_3,6415,6415_3,6021,6021_3,709,7,9.450000000000045,11:20:09,11:28:30,11
6415_3__6021_3,6415,6415_3,6021,6021_3,1577,8,8.716666666666697,11:20:09,11:28:30,11
6415_3__6021_3,6415,6415_3,6021,6021_3,990,9,8.666666666666629,11:20:09,11:28:30,11
6415_3__6021_3,6415,6415_3,6021,6021_3,109,10,9.233333333333348,11:20:09,11:28:30,11
6415_3__6021_3,6415,6415_3,6021,6021_3,396,11,8.266666666666652,11:20:09,11:28:30,11
6415_3__6021_3,6415,6415_3,6021,6021_3,1253,12,8.049999999999955,11:20:09,11:28:30,11
6415_3__6021_3,6415,6415_3,6021,6021_3,1554,13,7.5166666666666515,11:20:09,11:28:30,11
6415_3__6021_3,6415,6415_3,6021,6021_3,1099,14,7.5,11:20:09,11:28:30,11
6415_3__6021_3,6415,6415_3,6021,6021_3,168,15,5.333333333333371,11:20:09,11:28:30,11
6415_3__6021_3,6415,6415_3,6021,6021_3,929,16,4.883333333333326,11:20:09,11:28:30,11
6415_3__6021_3,6415,6415_3,6021,6021_3,94,17,4.0,11:20:09,11:28:30,11
6415_3__6021_3,6415,6415_3,6021,6021_3,1080,18,2.816666666666606,11:20:09,11:28:30,11
6415_3__6021_3,6415,6415_3,6021,6021_3,146,19,1.5833333333333712,11:20:09,11:28:30,11
6415_3__6021_3,6415,6415_3,6021,6021_3,1089,20,2.466666666666697,11:20:09,11:28:30,11
6415_3__6021_3,6415,6415_3,6021,6021_3,213,21,1.6833333333332803,11:20:09,11:28:30,11
6415_3__6021_3,6415,6415_3,6021,6021_3,3907,22,1.683333333333394,11:20:09,11:28:30,11
6415_3__6021_3,6415,6415_3,6021,6021_3,9979,30,1.8500000000000227,11:20:09,11:28:30,11
6415_3__6021_3,6415,6415_3,6021,6021_3,2492,31,1.783333333333303,11:20:09,11:28:30,11
6415_3__6021_3,6415,6415_3,6021,6021_3,946,32,1.6000000000000227,11:20:09,11:28:30,11
6415_3__6021_3,6415,6415_3,6021,6021_3,947,33,1.3000000000000682,11:20:09,11:28:30,11
6415_3__6021_3,6415,6415_3,6021,6021_3,327,34,1.5833333333333712,11:20:09,11:28:30,11
6415_3__6021_3,6415,6415_3,6021,6021_3,2583,37,1.1333333333333258,11:20:09,11:28:30,11
6415_4__6102_2,6415,6415_4,6102,6102_2,3797,1,10.550000000000068,14:21:41,14:32:14,14
6415_4__6102_2,6415,6415_4,6102,6102_2,2984,2,8.099999999999909,14:21:41,14:32:14,14
6415_4__6102_2,6415,6415_4,6102,6102_2,2685,3,8.300000000000068,14:21:41,14:32:14,14
6415_4__6102_2,6415,6415_4,6102,6102_2,709,7,8.299999999999955,14:21:41,14:32:14,14
6415_4__6102_2,6415,6415_4,6102,6102_2,1577,8,6.483333333333235,14:21:41,14:32:14,14
6415_4__6102_2,6415,6415_4,6102,6102_2,990,9,7.533333333333303,14:21:41,14:32:14,14
6415_4__6102_2,6415,6415_4,6102,6102_2,109,10,7.0499999999999545,14:21:41,14:32:14,14
6415_4__6102_2,6415,6415_4,6102,6102_2,396,11,7.4500000000000455,14:21:41,14:32:14,14
6415_4__6102_2,6415,6415_4,6102,6102_2,1253,12,7.75,14:21:41,14:32:14,14
6415_4__6102_2,6415,6415_4,6102,6102_2,1554,13,8.266666666666652,14:21:41,14:32:14,14
6415_4__6102_2,6415,6415_4,6102,6102_2,1099,14,8.566666666666606,14:21:41,14:32:14,14
6415_4__6102_2,6415,6415_4,6102,6102_2,168,15,9.683333333333394,14:21:41,14:32:14,14
6415_4__6102_2,6415,6415_4,6102,6102_2,929,16,7.3333333333332575,14:21:41,14:32:14,14
6415_4__6102_2,6415,6415_4,6102,6102_2,94,17,8.25,14:21:41,14:32:14,14
6415_4__6102_2,6415,6415_4,6102,6102_2,1080,18,6.466666666666697,14:21:41,14:32:14,14
6415_4__6102_2,6415,6415_4,6102,6102_2,146,19,6.683333333333394,14:21:41,14:32:14,14
6415_4__6102_2,6415,6415_4,6102,6102_2,1089,20,6.0499999999999545,14:21:41,14:32:14,14
6415_4__6102_2,6415,6415_4,6102,6102_2,213,21,6.383333333333326,14:21:41,14:32:14,14
6415_4__6102_2,6415,6415_4,6102,6102_2,3907,22,5.75,14:21:41,14:32:14,14
6415_4__6102_2,6415,6415_4,6102,6102_2,949,23,6.783333333333303,14:21:41,14:32:14,14
6415_4__6102_2,6415,6415_4,6102,6102_2,913,24,5.850000000000023,14:21:41,14:32:14,14
6415_4__6102_2,6415,6415_4,6102,6102_2,307,25,6.116666666666674,14:21:41,14:32:14,14
6415_4__6102_2,6415,6415_4,6102,6102_2,212,26,5.4166666666667425,14:21:41,14:32:14,14
6415_4__6102_2,6415,6415_4,6102,6102_2,2665,27,3.816666666666606,14:21:41,14:32:14,14
6415_4__6102_2,6415,6415_4,6102,6102_2,2736,28,3.9833333333333485,14:21:41,14:32:14,14
6415_4__6102_2,6415,6415_4,6102,6102_2,705,29,1.8999999999999773,14:21:41,14:32:14,14
6415_4__6102_2,6415,6415_4,6102,6102_2,9979,30,1.4500000000000455,14:21:41,14:32:14,14
6415_4__6102_2,6415,6415_4,6102,6102_2,327,34,1.5500000000000682,14:21:41,14:32:14,14
6415_4__6102_2,6415,6415_4,6102,6102_2,3284,35,1.3833333333333258,14:21:41,14:32:14,14
6415_4__6102_2,6415,6415_4,6102,6102_2,3282,36,1.7999999999999545,14:21:41,14:32:14,14
6415_4__6102_2,6415,6415_4,6102,6102_2,2583,37,2.8666666666666742,14:21:41,14:32:14,14
6415_4__6102_2,6415,6415_4,6102,6102_2,2590,38,1.6166666666666742,14:21:41,14:32:14,14
6415_4__6102_2,6415,6415_4,6102,6102_2,603,39,1.4499999999999318,14:21:41,14:32:14,14
6415_5__1905_2,6415,6415_5,1905,1905_2,3797,1,6.9833333333333485,17:20:00,17:26:59,17
6415_5__1905_2,6415,6415_5,1905,1905_2,2984,2,6.033333333333303,17:20:00,17:26:59,17
6415_5__1905_2,6415,6415_5,1905,1905_2,2685,3,4.866666666666788,17:20:00,17:26:59,17
6415_5__1905_2,6415,6415_5,1905,1905_2,3649,4,4.366666666666561,17:20:00,17:26:59,17
6415_5__1905_2,6415,6415_5,1905,1905_2,3747,5,4.966666666666697,17:20:00,17:26:59,17
6415_5__1905_2,6415,6415_5,1905,1905_2,482,6,4.9833333333333485,17:20:00,17:26:59,17
6415_5__1905_2,6415,6415_5,1905,1905_2,709,7,5.183333333333394,17:20:00,17:26:59,17
6415_5__1905_2,6415,6415_5,1905,1905_2,1577,8,5.133333333333439,17:20:00,17:26:59,17
6415_5__1905_2,6415,6415_5,1905,1905_2,990,9,4.7666666666666515,17:20:00,17:26:59,17
6415_5__1905_2,6415,6415_5,1905,1905_2,109,10,3.9500000000000455,17:20:00,17:26:59,17
6415_5__1905_2,6415,6415_5,1905,1905_2,396,11,2.183333333333394,17:20:00,17:26:59,17
6415_5__1905_2,6415,6415_5,1905,1905_2,1253,12,1.5833333333332575,17:20:00,17:26:59,17
6415_5__1905_2,6415,6415_5,1905,1905_2,929,16,1.916666666666515,17:20:00,17:26:59,17
6415_5__1905_2,6415,6415_5,1905,1905_2,94,17,1.2333333333333485,17:20:00,17:26:59,17
6415_5__1905_2,6415,6415_5,1905,1905_2,1080,18,1.4833333333333485,17:20:00,17:26:59,17
6415_5__1905_2,6415,6415_5,1905,1905_2,146,19,1.566666666666606,17:20:00,17:26:59,17
6415_5__1905_2,6415,6415_5,1905,1905_2,1089,20,1.533333333333303,17:20:00,17:26:59,17
6415_5__1905_2,6415,6415_5,1905,1905_2,213,21,1.5,17:20:00,17:26:59,17
6415_5__1905_2,6415,6415_5,1905,1905_2,3907,22,1.3333333333332575,17:20:00,17:26:59,17
6415_5__1905_2,6415,6415_5,1905,1905_2,949,23,1.7000000000000455,17:20:00,17:26:59,17
6415_5__1905_2,6415,6415_5,1905,1905_2,913,24,1.400000000000091,17:20:00,17:26:59,17
6415_5__1905_2,6415,6415_5,1905,1905_2,307,25,1.683333333333394,17:20:00,17:26:59,17
6415_6__6037_7,6415,6415_6,6037,6037_7,3797,1,15.0,20:10:00,20:25:00,20
6415_6__6037_7,6415,6415_6,6037,6037_7,2984,2,14.233333333333348,20:10:00,20:25:00,20
6415_6__6037_7,6415,6415_6,6037,6037_7,2685,3,14.200000000000045,20:10:00,20:25:00,20
6415_6__6037_7,6415,6415_6,6037,6037_7,3649,4,13.850000000000136,20:10:00,20:25:00,20
6415_6__6037_7,6415,6415_6,6037,6037_7,3747,5,13.100000000000136,20:10:00,20:25:00,20
6415_6__6037_7,6415,6415_6,6037,6037_7,482,6,12.733333333333348,20:10:00,20:25:00,20
6415_6__6037_7,6415,6415_6,6037,6037_7,709,7,11.650000000000091,20:10:00,20:25:00,20
6415_6__6037_7,6415,6415_6,6037,6037_7,1577,8,10.983333333333348,20:10:00,20:25:00,20
6415_6__6037_7,6415,6415_6,6037,6037_7,990,9,10.849999999999909,20:10:00,20:25:00,20
6415_6__6037_7,6415,6415_6,6037,6037_7,109,10,10.0,20:10:00,20:25:00,20
6415_6__6037_7,6415,6415_6,6037,6037_7,396,11,10.166666666666742,20:10:00,20:25:00,20
6415_6__6037_7,6415,6415_6,6037,6037_7,1253,12,10.383333333333212,20:10:00,20:25:00,20
6415_6__6037_7,6415,6415_6,6037,6037_7,1554,13,9.333333333333258,20:10:00,20:25:00,20
6415_6__6037_7,6415,6415_6,6037,6037_7,1099,14,10.200000000000045,20:10:00,20:25:00,20
6415_6__6037_7,6415,6415_6,6037,6037_7,168,15,9.61666666666656,20:10:00,20:25:00,20
6415_6__6037_7,6415,6415_6,6037,6037_7,929,16,10.683333333333394,20:10:00,20:25:00,20
6415_6__6037_7,6415,6415_6,6037,6037_7,94,17,9.666666666666742,20:10:00,20:25:00,20
6415_6__6037_7,6415,6415_6,6037,6037_7,1080,18,9.783333333333303,20:10:00,20:25:00,20
6415_6__6037_7,6415,6415_6,6037,6037_7,146,19,9.483333333333348,20:10:00,20:25:00,20
6415_6__6037_7,6415,6415_6,6037,6037_7,1089,20,9.766666666666652,20:10:00,20:25:00,20
6415_6__6037_7,6415,6415_6,6037,6037_7,213,21,9.583333333333258,20:10:00,20:25:00,20
6415_6__6037_7,6415,6415_6,6037,6037_7,3907,22,10.333333333333258,20:10:00,20:25:00,20
6415_6__6037_7,6415,6415_6,6037,6037_7,949,23,9.033333333333303,20:10:00,20:25:00,20
6415_6__6037_7,6415,6415_6,6037,6037_7,913,24,8.933333333333167,20:10:00,20:25:00,20
6415_6__6037_7,6415,6415_6,6037,6037_7,307,25,8.399999999999864,20:10:00,20:25:00,20
6415_6__6037_7,6415,6415_6,6037,6037_7,212,26,9.316666666666833,20:10:00,20:25:00,20
6415_6__6037_7,6415,6415_6,6037,6037_7,2665,27,8.799999999999955,20:10:00,20:25:00,20
6415_6__6037_7,6415,6415_6,6037,6037_7,2736,28,8.916666666666742,20:10:00,20:25:00,20
6415_6__6037_7,6415,6415_6,6037,6037_7,705,29,8.86666666666656,20:10:00,20:25:00,20
6415_6__6037_7,6415,6415_6,6037,6037_7,9979,30,10.166666666666742,20:10:00,20:25:00,20
6415_6__6037_7,6415,6415_6,6037,6037_7,2492,31,9.150000000000091,20:10:00,20:25:00,20
6415_6__6037_7,6415,6415_6,6037,6037_7,946,32,8.86666666666656,20:10:00,20:25:00,20
6415_6__6037_7,6415,6415_6,6037,6037_7,947,33,8.049999999999955,20:10:00,20:25:00,20
6415_6__6037_7,6415,6415_6,6037,6037_7,327,34,7.7333333333333485,20:10:00,20:25:00,20
6415_6__6037_7,6415,6415_6,6037,6037_7,3284,35,8.11666666666656,20:10:00,20:25:00,20
6415_6__6037_7,6415,6415_6,6037,6037_7,3282,36,8.483333333333348,20:10:00,20:25:00,20
6415_6__6037_7,6415,6415_6,6037,6037_7,2583,37,7.400000000000091,20:10:00,20:25:00,20
6415_6__6037_7,6415,6415_6,6037,6037_7,2590,38,8.016666666666652,20:10:00,20:25:00,20
6415_6__6037_7,6415,6415_6,6037,6037_7,603,39,7.433333333333394,20:10:00,20:25:00,20
6802_1__6406_1,6802,6802_1,6406,6406_1,3649,4,7.400000000000006,03:54:24,04:01:48,3
6802_1__6406_1,6802,6802_1,6406,6406_1,3747,5,7.450000000000017,03:54:24,04:01:48,3
6802_1__6406_1,6802,6802_1,6406,6406_1,482,6,7.599999999999994,03:54:24,04:01:48,3
6802_1__6406_1,6802,6802_1,6406,6406_1,709,7,7.23333333333332,03:54:24,04:01:48,3
6802_1__6406_1,6802,6802_1,6406,6406_1,1577,8,6.383333333333326,03:54:24,04:01:48,3
6802_1__6406_1,6802,6802_1,6406,6406_1,990,9,5.349999999999994,03:54:24,04:01:48,3
6802_1__6406_1,6802,6802_1,6406,6406_1,109,10,3.8333333333333144,03:54:24,04:01:48,3
6802_1__6406_1,6802,6802_1,6406,6406_1,1253,12,4.599999999999994,03:54:24,04:01:48,3
6802_1__6406_1,6802,6802_1,6406,6406_1,1554,13,4.400000000000006,03:54:24,04:01:48,3
6802_1__6406_1,6802,6802_1,6406,6406_1,1099,14,3.616666666666646,03:54:24,04:01:48,3
6802_1__6406_1,6802,6802_1,6406,6406_1,168,15,3.083333333333343,03:54:24,04:01:48,3
6802_1__6406_1,6802,6802_1,6406,6406_1,929,16,3.566666666666663,03:54:24,04:01:48,3
6802_1__6406_1,6802,6802_1,6406,6406_1,94,17,3.1000000000000227,03:54:24,04:01:48,3
6802_1__6406_1,6802,6802_1,6406,6406_1,1080,18,3.0166666666666515,03:54:24,04:01:48,3
6802_1__6406_1,6802,6802_1,6406,6406_1,146,19,2.5,03:54:24,04:01:48,3
6802_1__6406_1,6802,6802_1,6406,6406_1,1089,20,2.783333333333303,03:54:24,04:01:48,3
6802_1__6406_1,6802,6802_1,6406,6406_1,213,21,1.783333333333303,03:54:24,04:01:48,3
6802_1__6406_1,6802,6802_1,6406,6406_1,3907,22,1.6999999999999886,03:54:24,04:01:48,3
6802_1__6406_1,6802,6802_1,6406,6406_1,949,23,1.900000000000034,03:54:24,04:01:48,3
6802_1__6406_1,6802,6802_1,6406,6406_1,913,24,2.5,03:54:24,04:01:48,3
6802_1__6406_1,6802,6802_1,6406,6406_1,307,25,2.2333333333332916,03:54:24,04:01:48,3
6802_1__6406_1,6802,6802_1,6406,6406_1,212,26,2.566666666666663,03:54:24,04:01:48,3
6802_1__6406_1,6802,6802_1,6406,6406_1,2665,27,2.0,03:54:24,04:01:48,3
6802_1__6406_1,6802,6802_1,6406,6406_1,2736,28,2.433333333333337,03:54:24,04:01:48,3
6802_1__6406_1,6802,6802_1,6406,6406_1,9979,30,1.1833333333333371,03:54:24,04:01:48,3
6802_1__6406_1,6802,6802_1,6406,6406_1,2492,31,2.1166666666666742,03:54:24,04:01:48,3
6802_1__6406_1,6802,6802_1,6406,6406_1,946,32,3.283333333333303,03:54:24,04:01:48,3
6802_1__6406_1,6802,6802_1,6406,6406_1,947,33,2.96666666666664,03:54:24,04:01:48,3
6802_1__6406_1,6802,6802_1,6406,6406_1,327,34,2.9833333333332916,03:54:24,04:01:48,3
6802_1__6406_1,6802,6802_1,6406,6406_1,3284,35,2.5499999999999545,03:54:24,04:01:48,3
6802_1__6406_1,6802,6802_1,6406,6406_1,3282,36,3.7333333333333485,03:54:24,04:01:48,3
6802_1__6406_1,6802,6802_1,6406,6406_1,2583,37,4.183333333333337,03:54:24,04:01:48,3
6802_1__6406_1,6802,6802_1,6406,6406_1,2590,38,4.25,03:54:24,04:01:48,3
6802_1__6406_1,6802,6802_1,6406,6406_1,603,39,3.6499999999999773,03:54:24,04:01:48,3
6802_2__6414_1,6802,6802_2,6414,6414_1,3797,1,8.449999999999989,06:28:11,06:36:38,6
6802_2__6414_1,6802,6802_2,6414,6414_1,2984,2,7.966666666666697,06:28:11,06:36:38,6
6802_2__6414_1,6802,6802_2,6414,6414_1,2685,3,8.349999999999966,06:28:11,06:36:38,6
6802_2__6414_1,6802,6802_2,6414,6414_1,3649,4,7.46666666666664,06:28:11,06:36:38,6
6802_2__6414_1,6802,6802_2,6414,6414_1,3747,5,7.416666666666686,06:28:11,06:36:38,6
6802_2__6414_1,6802,6802_2,6414,6414_1,482,6,7.899999999999977,06:28:11,06:36:38,6
6802_2__6414_1,6802,6802_2,6414,6414_1,709,7,8.466666666666697,06:28:11,06:36:38,6
6802_2__6414_1,6802,6802_2,6414,6414_1,1577,8,7.5,06:28:11,06:36:38,6
6802_2__6414_1,6802,6802_2,6414,6414_1,990,9,7.366666666666674,06:28:11,06:36:38,6
6802_2__6414_1,6802,6802_2,6414,6414_1,109,10,7.683333333333337,06:28:11,06:36:38,6
6802_2__6414_1,6802,6802_2,6414,6414_1,396,11,9.28333333333336,06:28:11,06:36:38,6
6802_2__6414_1,6802,6802_2,6414,6414_1,1253,12,9.633333333333326,06:28:11,06:36:38,6
6802_2__6414_1,6802,6802_2,6414,6414_1,1554,13,9.75,06:28:11,06:36:38,6
6802_2__6414_1,6802,6802_2,6414,6414_1,1099,14,9.766666666666708,06:28:11,06:36:38,6
6802_2__6414_1,6802,6802_2,6414,6414_1,168,15,10.050000000000011,06:28:11,06:36:38,6
6802_2__6414_1,6802,6802_2,6414,6414_1,929,16,10.900000000000034,06:28:11,06:36:38,6
6802_2__6414_1,6802,6802_2,6414,6414_1,94,17,11.25,06:28:11,06:36:38,6
6802_2__6414_1,6802,6802_2,6414,6414_1,1080,18,10.300000000000011,06:28:11,06:36:38,6
6802_2__6414_1,6802,6802_2,6414,6414_1,146,19,11.233333333333292,06:28:11,06:36:38,6
6802_2__6414_1,6802,6802_2,6414,6414_1,1089,20,12.766666666666708,06:28:11,06:36:38,6
6802_2__6414_1,6802,6802_2,6414,6414_1,213,21,12.983333333333348,06:28:11,06:36:38,6
6802_2__6414_1,6802,6802_2,6414,6414_1,3907,22,12.316666666666663,06:28:11,06:36:38,6
6802_2__6414_1,6802,6802_2,6414,6414_1,949,23,11.900000000000034,06:28:11,06:36:38,6
6802_2__6414_1,6802,6802_2,6414,6414_1,913,24,11.316666666666663,06:28:11,06:36:38,6
6802_2__6414_1,6802,6802_2,6414,6414_1,307,25,10.766666666666652,06:28:11,06:36:38,6
6802_2__6414_1,6802,6802_2,6414,6414_1,212,26,10.53333333333336,06:28:11,06:36:38,6
6802_2__6414_1,6802,6802_2,6414,6414_1,2665,27,10.399999999999977,06:28:11,06:36:38,6
6802_2__6414_1,6802,6802_2,6414,6414_1,2736,28,11.349999999999966,06:28:11,06:36:38,6
6802_2__6414_1,6802,6802_2,6414,6414_1,705,29,12.616666666666674,06:28:11,06:36:38,6
6802_2__6414_1,6802,6802_2,6414,6414_1,9979,30,13.166666666666686,06:28:11,06:36:38,6
6802_2__6414_1,6802,6802_2,6414,6414_1,2492,31,12.666666666666686,06:28:11,06:36:38,6
6802_2__6414_1,6802,6802_2,6414,6414_1,946,32,12.733333333333348,06:28:11,06:36:38,6
6802_2__6414_1,6802,6802_2,6414,6414_1,947,33,11.816666666666663,06:28:11,06:36:38,6
6802_2__6414_1,6802,6802_2,6414,6414_1,327,34,11.349999999999966,06:28:11,06:36:38,6
6802_2__6414_1,6802,6802_2,6414,6414_1,3284,35,12.133333333333326,06:28:11,06:36:38,6
6802_2__6414_1,6802,6802_2,6414,6414_1,3282,36,10.96666666666664,06:28:11,06:36:38,6
6802_2__6414_1,6802,6802_2,6414,6414_1,2583,37,9.633333333333383,06:28:11,06:36:38,6
6802_2__6414_1,6802,6802_2,6414,6414_1,2590,38,9.733333333333348,06:28:11,06:36:38,6
6802_2__6414_1,6802,6802_2,6414,6414_1,603,39,9.866666666666674,06:28:11,06:36:38,6
6802_5__6414_4,6802,6802_5,6414,6414_4,3797,1,8.333333333333371,15:29:23,15:37:43,15
6802_5__6414_4,6802,6802_5,6414,6414_4,2984,2,9.0,15:29:23,15:37:43,15
6802_5__6414_4,6802,6802_5,6414,6414_4,2685,3,10.0,15:29:23,15:37:43,15
6802_5__6414_4,6802,6802_5,6414,6414_4,3649,4,9.549999999999955,15:29:23,15:37:43,15
6802_5__6414_4,6802,6802_5,6414,6414_4,3747,5,9.299999999999955,15:29:23,15:37:43,15
6802_5__6414_4,6802,6802_5,6414,6414_4,482,6,9.666666666666629,15:29:23,15:37:43,15
6802_5__6414_4,6802,6802_5,6414,6414_4,709,7,9.433333333333394,15:29:23,15:37:43,15
6802_5__6414_4,6802,6802_5,6414,6414_4,1577,8,8.850000000000023,15:29:23,15:37:43,15
6802_5__6414_4,6802,6802_5,6414,6414_4,990,9,9.533333333333303,15:29:23,15:37:43,15
6802_5__6414_4,6802,6802_5,6414,6414_4,109,10,9.483333333333348,15:29:23,15:37:43,15
6802_5__6414_4,6802,6802_5,6414,6414_4,396,11,10.700000000000045,15:29:23,15:37:43,15
6802_5__6414_4,6802,6802_5,6414,6414_4,1253,12,11.083333333333258,15:29:23,15:37:43,15
6802_5__6414_4,6802,6802_5,6414,6414_4,1554,13,11.116666666666674,15:29:23,15:37:43,15
6802_5__6414_4,6802,6802_5,6414,6414_4,1099,14,10.866666666666674,15:29:23,15:37:43,15
6802_5__6414_4,6802,6802_5,6414,6414_4,168,15,10.0,15:29:23,15:37:43,15
6802_5__6414_4,6802,6802_5,6414,6414_4,929,16,9.550000000000068,15:29:23,15:37:43,15
6802_5__6414_4,6802,6802_5,6414,6414_4,94,17,9.966666666666583,15:29:23,15:37:43,15
6802_5__6414_4,6802,6802_5,6414,6414_4,1080,18,10.983333333333348,15:29:23,15:37:43,15
6802_5__6414_4,6802,6802_5,6414,6414_4,146,19,10.833333333333258,15:29:23,15:37:43,15
6802_5__6414_4,6802,6802_5,6414,6414_4,1089,20,9.700000000000045,15:29:23,15:37:43,15
6802_5__6414_4,6802,6802_5,6414,6414_4,213,21,10.600000000000023,15:29:23,15:37:43,15
6802_5__6414_4,6802,6802_5,6414,6414_4,3907,22,9.266666666666652,15:29:23,15:37:43,15
6802_5__6414_4,6802,6802_5,6414,6414_4,949,23,10.06666666666672,15:29:23,15:37:43,15
6802_5__6414_4,6802,6802_5,6414,6414_4,913,24,11.083333333333371,15:29:23,15:37:43,15
6802_5__6414_4,6802,6802_5,6414,6414_4,307,25,10.366666666666674,15:29:23,15:37:43,15
6802_5__6414_4,6802,6802_5,6414,6414_4,212,26,10.600000000000023,15:29:23,15:37:43,15
6802_5__6414_4,6802,6802_5,6414,6414_4,2665,27,10.366666666666674,15:29:23,15:37:43,15
6802_5__6414_4,6802,6802_5,6414,6414_4,2736,28,10.583333333333258,15:29:23,15:37:43,15
6802_5__6414_4,6802,6802_5,6414,6414_4,705,29,10.116666666666674,15:29:23,15:37:43,15
6802_5__6414_4,6802,6802_5,6414,6414_4,9979,30,11.049999999999955,15:29:23,15:37:43,15
6802_5__6414_4,6802,6802_5,6414,6414_4,2492,31,11.133333333333326,15:29:23,15:37:43,15
6802_5__6414_4,6802,6802_5,6414,6414_4,946,32,10.583333333333258,15:29:23,15:37:43,15
6802_5__6414_4,6802,6802_5,6414,6414_4,947,33,9.199999999999932,15:29:23,15:37:43,15
6802_5__6414_4,6802,6802_5,6414,6414_4,327,34,10.166666666666629,15:29:23,15:37:43,15
6802_5__6414_4,6802,6802_5,6414,6414_4,3284,35,8.116666666666674,15:29:23,15:37:43,15
6802_5__6414_4,6802,6802_5,6414,6414_4,3282,36,6.616666666666674,15:29:23,15:37:43,15
6802_5__6414_4,6802,6802_5,6414,6414_4,2583,37,6.0499999999999545,15:29:23,15:37:43,15
6802_5__6414_4,6802,6802_5,6414,6414_4,2590,38,6.283333333333303,15:29:23,15:37:43,15
6802_5__6414_4,6802,6802_5,6414,6414_4,603,39,6.75,15:29:23,15:37:43,15
6802_6__6414_5,6802,6802_6,6414,6414_5,3797,1,10.0,18:26:00,18:36:00,18
6802_6__6414_5,6802,6802_6,6414,6414_5,2984,2,9.983333333333348,18:26:00,18:36:00,18
6802_6__6414_5,6802,6802_6,6414,6414_5,2685,3,9.849999999999909,18:26:00,18:36:00,18
6802_6__6414_5,6802,6802_6,6414,6414_5,3649,4,7.9500000000000455,18:26:00,18:36:00,18
6802_6__6414_5,6802,6802_6,6414,6414_5,3747,5,7.6666666666667425,18:26:00,18:36:00,18
6802_6__6414_5,6802,6802_6,6414,6414_5,482,6,7.0499999999999545,18:26:00,18:36:00,18
6802_6__6414_5,6802,6802_6,6414,6414_5,709,7,7.366666666666788,18:26:00,18:36:00,18
6802_6__6414_5,6802,6802_6,6414,6414_5,1577,8,7.383333333333212,18:26:00,18:36:00,18
6802_6__6414_5,6802,6802_6,6414,6414_5,990,9,7.400000000000091,18:26:00,18:36:00,18
6802_6__6414_5,6802,6802_6,6414,6414_5,109,10,7.899999999999864,18:26:00,18:36:00,18
6802_6__6414_5,6802,6802_6,6414,6414_5,396,11,7.366666666666561,18:26:00,18:36:00,18
6802_6__6414_5,6802,6802_6,6414,6414_5,1253,12,8.950000000000045,18:26:00,18:36:00,18
6802_6__6414_5,6802,6802_6,6414,6414_5,1554,13,6.883333333333212,18:26:00,18:36:00,18
6802_6__6414_5,6802,6802_6,6414,6414_5,1099,14,5.866666666666788,18:26:00,18:36:00,18
6802_6__6414_5,6802,6802_6,6414,6414_5,168,15,2.599999999999909,18:26:00,18:36:00,18
6802_6__6414_5,6802,6802_6,6414,6414_5,929,16,2.5,18:26:00,18:36:00,18
6802_6__6414_5,6802,6802_6,6414,6414_5,94,17,2.0,18:26:00,18:36:00,18
6802_6__6414_5,6802,6802_6,6414,6414_5,1080,18,3.616666666666788,18:26:00,18:36:00,18
6802_6__6414_5,6802,6802_6,6414,6414_5,146,19,4.4833333333333485,18:26:00,18:36:00,18
6802_6__6414_5,6802,6802_6,6414,6414_5,1089,20,4.9166666666667425,18:26:00,18:36:00,18
6802_6__6414_5,6802,6802_6,6414,6414_5,213,21,4.933333333333394,18:26:00,18:36:00,18
6802_6__6414_5,6802,6802_6,6414,6414_5,3907,22,5.2999999999999545,18:26:00,18:36:00,18
6802_6__6414_5,6802,6802_6,6414,6414_5,949,23,5.099999999999909,18:26:00,18:36:00,18
6802_6__6414_5,6802,6802_6,6414,6414_5,913,24,4.600000000000136,18:26:00,18:36:00,18
6802_6__6414_5,6802,6802_6,6414,6414_5,307,25,5.5833333333332575,18:26:00,18:36:00,18
6802_6__6414_5,6802,6802_6,6414,6414_5,212,26,4.150000000000091,18:26:00,18:36:00,18
6802_6__6414_5,6802,6802_6,6414,6414_5,2665,27,4.4833333333333485,18:26:00,18:36:00,18
6802_6__6414_5,6802,6802_6,6414,6414_5,2736,28,5.28333333333353,18:26:00,18:36:00,18
6802_6__6414_5,6802,6802_6,6414,6414_5,705,29,5.816666666666833,18:26:00,18:36:00,18
6802_6__6414_5,6802,6802_6,6414,6414_5,9979,30,5.783333333333303,18:26:00,18:36:00,18
6802_6__6414_5,6802,6802_6,6414,6414_5,2492,31,5.5,18:26:00,18:36:00,18
6802_6__6414_5,6802,6802_6,6414,6414_5,946,32,5.2000000000000455,18:26:00,18:36:00,18
6802_6__6414_5,6802,6802_6,6414,6414_5,947,33,5.766666666666879,18:26:00,18:36:00,18
6802_6__6414_5,6802,6802_6,6414,6414_5,327,34,4.566666666666606,18:26:00,18:36:00,18
6802_6__6414_5,6802,6802_6,6414,6414_5,3284,35,4.7000000000000455,18:26:00,18:36:00,18
6802_6__6414_5,6802,6802_6,6414,6414_5,3282,36,6.166666666666515,18:26:00,18:36:00,18
6802_6__6414_5,6802,6802_6,6414,6414_5,2583,37,4.466666666666697,18:26:00,18:36:00,18
6802_6__6414_5,6802,6802_6,6414,6414_5,603,39,2.4166666666667425,18:26:00,18:36:00,18
