id_bus,viaje_n,nom_linia,sentit,ordre,nom_parada,codi_parada,hora_paso,min_paso,headway_min,headway_sec,ordre_faltantes
6209,1,H8,Anada,1,Metro Ernest Lluch - Final de trajecte,3797,03:55:00,55.0,,,
6409,1,H8,Anada,1,Metro Ernest Lluch - Final de trajecte,3797,04:30:59,30.98,8.999999999966667,540.0,
6056,1,H8,Anada,1,Metro Ernest Lluch - Final de trajecte,3797,04:40:00,40.0,9.000000000066667,540.0,14
6411,1,H8,Anada,1,Metro Ernest Lluch - Final de trajecte,3797,04:48:59,48.98,8.999999999933333,540.0,
6117,1,H8,Anada,1,Metro Ernest Lluch - Final de trajecte,3797,05:11:00,11.0,22.000000000066667,1320.0,
6800,1,H8,Anada,1,Metro Ernest Lluch - Final de trajecte,3797,05:17:59,17.98,6.999999999933333,420.0,
6213,1,H8,Anada,1,Metro Ernest Lluch - Final de trajecte,3797,05:26:00,26.0,8.000000000066667,480.0,
6407,1,H8,Anada,1,Metro Ernest Lluch - Final de trajecte,3797,05:33:59,33.98,7.999999999933333,480.0,
6212,2,H8,Anada,1,Metro Ernest Lluch - Final de trajecte,3797,05:56:00,56.0,22.000000000066667,1320.0,
6216,1,H8,Anada,1,Metro Ernest Lluch - Final de trajecte,3797,06:06:00,6.0,10.0,600.0,
6413,2,H8,Anada,1,Metro Ernest Lluch - Final de trajecte,3797,06:14:00,14.0,8.0,480.0,
6217,1,H8,Anada,1,Metro Ernest Lluch - Final de trajecte,3797,06:21:59,21.98,7.999999999933333,480.0,
6415,2,H8,Anada,1,Metro Ernest Lluch - Final de trajecte,3797,06:29:59,29.98,8.0,480.0,
6026,1,H8,Anada,1,Metro Ernest Lluch - Final de trajecte,3797,06:38:59,38.98,9.0,540.0,
6209,2,H8,Anada,1,Metro Ernest Lluch - Final de trajecte,3797,06:47:59,47.98,9.0,540.0,36
6022,2,H8,Anada,1,Metro Ernest Lluch - Final de trajecte,3797,06:57:00,57.0,9.000000000066667,540.0,
6408,2,H8,Anada,1,Metro Ernest Lluch - Final de trajecte,3797,07:05:59,5.98,8.999999999933333,540.0,
6215,2,H8,Anada,1,Metro Ernest Lluch - Final de trajecte,3797,07:15:00,15.0,9.000000000066667,540.0,
6409,2,H8,Anada,1,Metro Ernest Lluch - Final de trajecte,3797,07:24:59,24.98,9.999999999933333,600.0,19
6056,3,H8,Anada,1,Metro Ernest Lluch - Final de trajecte,3797,07:34:00,34.0,9.000000000066667,540.0,"22,34"
6411,2,H8,Anada,1,Metro Ernest Lluch - Final de trajecte,3797,07:44:00,44.0,10.0,600.0,
6055,2,H8,Anada,1,Metro Ernest Lluch - Final de trajecte,3797,07:54:00,54.0,10.0,600.0,
6414,2,H8,Anada,1,Metro Ernest Lluch - Final de trajecte,3797,08:04:00,4.0,10.0,600.0,
6800,2,H8,Anada,1,Metro Ernest Lluch - Final de trajecte,3797,08:14:00,14.0,9.999999999966667,600.0,
6213,2,H8,Anada,1,Metro Ernest Lluch - Final de trajecte,3797,08:23:00,23.0,9.0,540.0,
6407,2,H8,Anada,1,Metro Ernest Lluch - Final de trajecte,3797,08:32:00,32.0,9.000000000033333,540.0,
6211,3,H8,Anada,1,Metro Ernest Lluch - Final de trajecte,3797,08:45:00,45.0,12.999999999966667,780.0,
6212,3,H8,Anada,1,Metro Ernest Lluch - Final de trajecte,3797,08:55:59,55.98,10.999999999966667,660.0,
6216,2,H8,Anada,1,Metro Ernest Lluch - Final de trajecte,3797,09:07:00,7.0,11.000000000033333,660.0,
6413,3,H8,Anada,1,Metro Ernest Lluch - Final de trajecte,3797,09:14:59,14.98,7.999999999966667,480.0,
6217,2,H8,Anada,1,Metro Ernest Lluch - Final de trajecte,3797,09:24:00,24.0,9.000000000033333,540.0,
6415,3,H8,Anada,1,Metro Ernest Lluch - Final de trajecte,3797,09:34:00,34.0,10.000000000033333,600.0,
6026,2,H8,Anada,1,Metro Ernest Lluch - Final de trajecte,3797,09:44:00,44.0,10.0,600.0,
6408,3,H8,Anada,1,Metro Ernest Lluch - Final de trajecte,3797,10:04:00,4.0,20.0,1200.0,
6215,3,H8,Anada,1,Metro Ernest Lluch - Final de trajecte,3797,10:14:00,14.0,9.999999999966667,600.0,
6409,3,H8,Anada,1,Metro Ernest Lluch - Final de trajecte,3797,10:24:00,24.0,10.000000000033333,600.0,
6056,4,H8,Anada,1,Metro Ernest Lluch - Final de trajecte,3797,10:34:00,34.0,9.999999999966667,600.0,
6411,3,H8,Anada,1,Metro Ernest Lluch - Final de trajecte,3797,10:44:00,44.0,10.0,600.0,
6055,3,H8,Anada,1,Metro Ernest Lluch - Final de trajecte,3797,10:54:00,54.0,10.000000000033333,600.0,
6414,3,H8,Anada,1,Metro Ernest Lluch - Final de trajecte,3797,11:04:00,4.0,9.999999999966667,600.0,
6800,3,H8,Anada,1,Metro Ernest Lluch - Final de trajecte,3797,11:13:00,13.0,9.000000000033333,540.0,
6213,3,H8,Anada,1,Metro Ernest Lluch - Final de trajecte,3797,11:22:59,22.98,9.999999999933333,600.0,5
6407,3,H8,Anada,1,Metro Ernest Lluch - Final de trajecte,3797,11:32:00,32.0,9.000000000066667,540.0,
6211,4,H8,Anada,1,Metro Ernest Lluch - Final de trajecte,3797,11:43:00,43.0,11.0,660.0,
6212,4,H8,Anada,1,Metro Ernest Lluch - Final de trajecte,3797,11:55:00,55.0,12.0,720.0,
6216,3,H8,Anada,1,Metro Ernest Lluch - Final de trajecte,3797,12:05:00,5.0,10.0,600.0,
6413,4,H8,Anada,1,Metro Ernest Lluch - Final de trajecte,3797,12:12:59,12.98,7.999999999933333,480.0,
TEMP_BonPastor_3797,1,H8,Anada,1,Metro Ernest Lluch - Final de trajecte,3797,12:21:59,21.98,9.0,540.0,"2,3,4,5,6,7,8,9,10,11,12,13,14,15,16,17,18,19,20,21,22,23,24,25,26,27,28,29,30,31,32,33,34,35,36,37,38,39"
6415,4,H8,Anada,1,Metro Ernest Lluch - Final de trajecte,3797,12:30:59,30.98,8.999999999966667,540.0,
6209,4,H8,Anada,1,Metro Ernest Lluch - Final de trajecte,3797,12:43:58,43.97,12.983333333316667,779.0,
6408,4,H8,Anada,1,Metro Ernest Lluch - Final de trajecte,3797,12:55:58,55.97,12.0,720.0,
6215,4,H8,Anada,1,Metro Ernest Lluch - Final de trajecte,3797,13:08:59,8.98,13.00000000005,780.0,
6409,4,H8,Anada,1,Metro Ernest Lluch - Final de trajecte,3797,13:18:59,18.98,10.000000000016666,600.0,
6056,5,H8,Anada,1,Metro Ernest Lluch - Final de trajecte,3797,13:28:58,28.97,9.99999999995,600.0,
6411,4,H8,Anada,1,Metro Ernest Lluch - Final de trajecte,3797,13:38:58,38.97,10.000000000016666,600.0,
6800,4,H8,Anada,1,Metro Ernest Lluch - Final de trajecte,3797,14:14:59,14.98,8.000000000033333,480.0,
6213,4,H8,Anada,1,Metro Ernest Lluch - Final de trajecte,3797,14:22:59,22.98,8.000000000033333,480.0,
6407,4,H8,Anada,1,Metro Ernest Lluch - Final de trajecte,3797,14:30:58,30.97,7.999999999933333,480.0,
6211,5,H8,Anada,1,Metro Ernest Lluch - Final de trajecte,3797,14:40:58,40.97,10.0,600.0,
6212,5,H8,Anada,1,Metro Ernest Lluch - Final de trajecte,3797,14:49:59,49.98,9.000000000066667,540.0,
6216,4,H8,Anada,1,Metro Ernest Lluch - Final de trajecte,3797,15:06:59,6.98,17.0,1020.0,
6413,5,H8,Anada,1,Metro Ernest Lluch - Final de trajecte,3797,15:15:58,15.97,8.999999999933333,540.0,
6217,4,H8,Anada,1,Metro Ernest Lluch - Final de trajecte,3797,15:23:59,23.98,8.000000000066667,480.0,
6415,5,H8,Anada,1,Metro Ernest Lluch - Final de trajecte,3797,15:32:59,32.98,9.0,540.0,
6200,1,H8,Anada,1,Metro Ernest Lluch - Final de trajecte,3797,15:42:59,42.98,9.999999999966667,600.0,
6209,5,H8,Anada,1,Metro Ernest Lluch - Final de trajecte,3797,15:51:59,51.98,9.0,540.0,"8,9,10,11"
6408,5,H8,Anada,1,Metro Ernest Lluch - Final de trajecte,3797,16:00:59,0.98,9.0,540.0,
6215,5,H8,Anada,1,Metro Ernest Lluch - Final de trajecte,3797,16:10:58,10.97,9.999999999966667,600.0,
6409,5,H8,Anada,1,Metro Ernest Lluch - Final de trajecte,3797,16:20:59,20.98,10.000000000033333,600.0,
6056,6,H8,Anada,1,Metro Ernest Lluch - Final de trajecte,3797,16:30:59,30.98,10.000000000033333,600.0,19
6411,5,H8,Anada,1,Metro Ernest Lluch - Final de trajecte,3797,16:40:58,40.97,9.999999999933333,600.0,
6055,5,H8,Anada,1,Metro Ernest Lluch - Final de trajecte,3797,16:49:59,49.98,9.000000000066667,540.0,
6015,2,H8,Anada,1,Metro Ernest Lluch - Final de trajecte,3797,16:58:58,58.97,8.999999999933333,540.0,
6414,5,H8,Anada,1,Metro Ernest Lluch - Final de trajecte,3797,17:06:59,6.98,8.000000000066667,480.0,21
6800,5,H8,Anada,1,Metro Ernest Lluch - Final de trajecte,3797,17:14:58,14.97,7.999999999933333,480.0,
6213,5,H8,Anada,1,Metro Ernest Lluch - Final de trajecte,3797,17:22:59,22.98,8.000000000066667,480.0,
6407,5,H8,Anada,1,Metro Ernest Lluch - Final de trajecte,3797,17:29:59,29.98,6.999999999966667,420.0,
6211,6,H8,Anada,1,Metro Ernest Lluch - Final de trajecte,3797,17:39:59,39.98,10.000000000033333,600.0,
6212,6,H8,Anada,1,Metro Ernest Lluch - Final de trajecte,3797,17:50:29,50.48,10.5,630.0,"17,18,19,20,21,22,23,24,25,26,27,28,29,30,31,32,33,34,35,36,37,38,39"
6036,2,H8,Anada,1,Metro Ernest Lluch - Final de trajecte,3797,17:57:59,57.98,7.499999999966667,450.0,
6216,5,H8,Anada,1,Metro Ernest Lluch - Final de trajecte,3797,18:07:59,7.98,10.000000000033333,600.0,
6413,6,H8,Anada,1,Metro Ernest Lluch - Final de trajecte,3797,18:16:59,16.98,9.0,540.0,
6415,6,H8,Anada,1,Metro Ernest Lluch - Final de trajecte,3797,18:26:59,26.98,10.0,600.0,
6209,6,H8,Anada,1,Metro Ernest Lluch - Final de trajecte,3797,18:40:58,40.97,13.999999999933333,840.0,"9,19"
6408,6,H8,Anada,1,Metro Ernest Lluch - Final de trajecte,3797,18:50:59,50.98,10.000000000033333,600.0,
6200,2,H8,Anada,1,Metro Ernest Lluch - Final de trajecte,3797,18:53:03,53.05,2.066666666666667,124.0,"14,15,16,17,18,19,20,21,22,23,24,25,26,27,28,29,30,31,32,33,34,35,36,37,38,39"
6409,6,H8,Anada,1,Metro Ernest Lluch - Final de trajecte,3797,19:14:59,14.98,21.933333333333334,1316.0,
6056,7,H8,Anada,1,Metro Ernest Lluch - Final de trajecte,3797,19:24:59,24.98,10.0,600.0,
6411,6,H8,Anada,1,Metro Ernest Lluch - Final de trajecte,3797,19:34:59,34.98,10.000000000033333,600.0,30
6414,6,H8,Anada,1,Metro Ernest Lluch - Final de trajecte,3797,19:54:59,54.98,20.0,1200.0,34
6213,6,H8,Anada,1,Metro Ernest Lluch - Final de trajecte,3797,20:09:58,9.97,14.999999999933333,900.0,
6212,8,H8,Anada,1,Metro Ernest Lluch - Final de trajecte,3797,20:24:58,24.97,15.0,900.0,
6036,3,H8,Anada,1,Metro Ernest Lluch - Final de trajecte,3797,20:39:59,39.98,14.999999999966667,900.0,
6413,7,H8,Anada,1,Metro Ernest Lluch - Final de trajecte,3797,20:54:59,54.98,15.0,900.0,
6200,3,H8,Anada,1,Metro Ernest Lluch - Final de trajecte,3797,21:09:59,9.98,15.000000000033333,900.0,30
6408,7,H8,Anada,1,Metro Ernest Lluch - Final de trajecte,3797,21:24:58,24.97,14.999999999933333,900.0,24
6413,1,H8,Anada,2,Cardenal Reig - Pisuerga,2984,03:37:13,37.22,,,1
6415,1,H8,Anada,2,Cardenal Reig - Pisuerga,2984,03:51:16,51.27,14.033333333366667,842.0,1
6209,1,H8,Anada,2,Cardenal Reig - Pisuerga,2984,03:58:07,58.12,6.85,411.0,
6022,1,H8,Anada,2,Cardenal Reig - Pisuerga,2984,04:07:43,7.72,9.6,576.0,1
6215,1,H8,Anada,2,Cardenal Reig - Pisuerga,2984,04:24:27,24.45,16.733333333333334,1004.0,
6409,1,H8,Anada,2,Cardenal Reig - Pisuerga,2984,04:32:52,32.87,8.4333333333,506.0,
6056,1,H8,Anada,2,Cardenal Reig - Pisuerga,2984,04:44:24,44.4,11.533333333333333,692.0,14
6411,1,H8,Anada,2,Cardenal Reig - Pisuerga,2984,04:51:57,51.95,7.55,453.0,
6055,1,H8,Anada,2,Cardenal Reig - Pisuerga,2984,04:53:26,53.43,1.4833333333333334,89.0,"1,18,35,36"
6117,1,H8,Anada,2,Cardenal Reig - Pisuerga,2984,05:14:06,14.1,20.650000000066665,1239.0,
6800,1,H8,Anada,2,Cardenal Reig - Pisuerga,2984,05:19:28,19.47,5.366666666666666,322.0,
6213,1,H8,Anada,2,Cardenal Reig - Pisuerga,2984,05:27:14,27.23,7.766666666633333,466.0,
6407,1,H8,Anada,2,Cardenal Reig - Pisuerga,2984,05:37:21,37.35,10.116666666666667,607.0,
6211,2,H8,Anada,2,Cardenal Reig - Pisuerga,2984,05:48:18,48.3,10.95,657.0,1
6212,2,H8,Anada,2,Cardenal Reig - Pisuerga,2984,05:58:18,58.3,10.0,600.0,
6216,1,H8,Anada,2,Cardenal Reig - Pisuerga,2984,06:08:34,8.57,10.2833333333,617.0,
6413,2,H8,Anada,2,Cardenal Reig - Pisuerga,2984,06:17:12,17.2,8.616666666733332,517.0,
6217,1,H8,Anada,2,Cardenal Reig - Pisuerga,2984,06:25:12,25.2,8.0,480.0,
6415,2,H8,Anada,2,Cardenal Reig - Pisuerga,2984,06:33:29,33.48,8.283333333316667,497.0,
6026,1,H8,Anada,2,Cardenal Reig - Pisuerga,2984,06:41:29,41.48,7.999999999983333,480.0,
6209,2,H8,Anada,2,Cardenal Reig - Pisuerga,2984,06:52:48,52.8,11.3333333333,680.0,36
6022,2,H8,Anada,2,Cardenal Reig - Pisuerga,2984,06:59:30,59.5,6.7,402.0,
6408,2,H8,Anada,2,Cardenal Reig - Pisuerga,2984,07:08:41,8.68,9.183333333333334,551.0,
6215,2,H8,Anada,2,Cardenal Reig - Pisuerga,2984,07:17:45,17.75,9.050000000066666,543.0,
6409,2,H8,Anada,2,Cardenal Reig - Pisuerga,2984,07:27:33,27.55,9.799999999966667,588.0,19
6056,3,H8,Anada,2,Cardenal Reig - Pisuerga,2984,07:37:16,37.27,9.733333333300001,584.0,"22,34"
6411,2,H8,Anada,2,Cardenal Reig - Pisuerga,2984,07:46:32,46.53,9.250000000033333,555.0,
6055,2,H8,Anada,2,Cardenal Reig - Pisuerga,2984,07:56:30,56.5,9.966666666666667,598.0,
6414,2,H8,Anada,2,Cardenal Reig - Pisuerga,2984,08:06:19,6.32,9.816666666666666,589.0,
6800,2,H8,Anada,2,Cardenal Reig - Pisuerga,2984,08:16:38,16.63,10.316666666666666,619.0,
6213,2,H8,Anada,2,Cardenal Reig - Pisuerga,2984,08:24:51,24.85,8.2166666667,493.0,
6407,2,H8,Anada,2,Cardenal Reig - Pisuerga,2984,08:33:15,33.25,8.4,504.0,
6211,3,H8,Anada,2,Cardenal Reig - Pisuerga,2984,08:47:15,47.25,14.0,840.0,
6212,3,H8,Anada,2,Cardenal Reig - Pisuerga,2984,08:58:25,58.42,11.183333333266667,671.0,
6216,2,H8,Anada,2,Cardenal Reig - Pisuerga,2984,09:08:33,8.55,10.116666666733332,607.0,
6413,3,H8,Anada,2,Cardenal Reig - Pisuerga,2984,09:15:48,15.8,7.25,435.0,
6217,2,H8,Anada,2,Cardenal Reig - Pisuerga,2984,09:25:42,25.7,9.916666666600001,595.0,
6415,3,H8,Anada,2,Cardenal Reig - Pisuerga,2984,09:35:41,35.68,9.9666666667,598.0,
6026,2,H8,Anada,2,Cardenal Reig - Pisuerga,2984,09:47:20,47.33,11.650000000033334,699.0,
6408,3,H8,Anada,2,Cardenal Reig - Pisuerga,2984,10:04:18,4.3,16.966666666666665,1018.0,
6215,3,H8,Anada,2,Cardenal Reig - Pisuerga,2984,10:15:40,15.67,11.366666666633334,682.0,
6409,3,H8,Anada,2,Cardenal Reig - Pisuerga,2984,10:25:10,25.17,9.5,570.0,
6056,4,H8,Anada,2,Cardenal Reig - Pisuerga,2984,10:35:26,35.43,10.266666666666667,616.0,
6411,3,H8,Anada,2,Cardenal Reig - Pisuerga,2984,10:45:53,45.88,10.450000000016667,627.0,
6055,3,H8,Anada,2,Cardenal Reig - Pisuerga,2984,10:57:00,57.0,11.11666666665,667.0,
6414,3,H8,Anada,2,Cardenal Reig - Pisuerga,2984,11:05:15,5.25,8.266666666633334,496.0,
6800,3,H8,Anada,2,Cardenal Reig - Pisuerga,2984,11:14:42,14.7,9.433333333399998,566.0,
6213,3,H8,Anada,2,Cardenal Reig - Pisuerga,2984,11:25:07,25.12,10.416666666666666,625.0,5
6407,3,H8,Anada,2,Cardenal Reig - Pisuerga,2984,11:35:36,35.6,10.499999999933333,630.0,
6211,4,H8,Anada,2,Cardenal Reig - Pisuerga,2984,11:45:15,45.25,9.6333333334,578.0,
6212,4,H8,Anada,2,Cardenal Reig - Pisuerga,2984,11:55:12,55.2,9.95,597.0,
6216,3,H8,Anada,2,Cardenal Reig - Pisuerga,2984,12:06:41,6.68,11.483333333333333,689.0,
6413,4,H8,Anada,2,Cardenal Reig - Pisuerga,2984,12:15:24,15.4,8.716666666666667,523.0,
6217,3,H8,Anada,2,Cardenal Reig - Pisuerga,2984,12:23:47,23.78,8.3833333333,503.0,
6415,4,H8,Anada,2,Cardenal Reig - Pisuerga,2984,12:32:55,32.92,8.599999999933335,516.0,
6026,3,H8,Anada,2,Cardenal Reig - Pisuerga,2984,12:36:09,36.15,3.2333333333333334,194.0,"1,8,9,23,24,25,26,27,28,29,30,31,32,33,34,35,36,37,38,39"
6209,4,H8,Anada,2,Cardenal Reig - Pisuerga,2984,12:46:22,46.37,10.200000000033333,612.0,
6408,4,H8,Anada,2,Cardenal Reig - Pisuerga,2984,12:58:09,58.15,11.799999999966667,708.0,
6215,4,H8,Anada,2,Cardenal Reig - Pisuerga,2984,13:11:49,11.82,13.666666666666666,820.0,
6409,4,H8,Anada,2,Cardenal Reig - Pisuerga,2984,13:21:12,21.2,9.383333333333333,563.0,
6056,5,H8,Anada,2,Cardenal Reig - Pisuerga,2984,13:30:43,30.72,9.516666666683333,571.0,
6411,4,H8,Anada,2,Cardenal Reig - Pisuerga,2984,13:40:41,40.68,9.950000000016667,597.0,
6055,4,H8,Anada,2,Cardenal Reig - Pisuerga,2984,13:48:31,48.52,7.833333333333333,470.0,1
6015,1,H8,Anada,2,Cardenal Reig - Pisuerga,2984,13:57:40,57.67,9.150000000033334,549.0,1
6414,4,H8,Anada,2,Cardenal Reig - Pisuerga,2984,14:09:18,9.3,11.649999999933334,699.0,
6800,4,H8,Anada,2,Cardenal Reig - Pisuerga,2984,14:17:08,17.13,7.8166666667,469.0,
6213,4,H8,Anada,2,Cardenal Reig - Pisuerga,2984,14:25:23,25.38,8.266666666633334,496.0,
6407,4,H8,Anada,2,Cardenal Reig - Pisuerga,2984,14:33:34,33.57,8.183333333333334,491.0,
6211,5,H8,Anada,2,Cardenal Reig - Pisuerga,2984,14:44:23,44.38,10.816666666666666,649.0,
6212,5,H8,Anada,2,Cardenal Reig - Pisuerga,2984,14:52:08,52.13,7.7333333334,464.0,
6216,4,H8,Anada,2,Cardenal Reig - Pisuerga,2984,15:09:44,9.73,17.6,1056.0,
6413,5,H8,Anada,2,Cardenal Reig - Pisuerga,2984,15:19:08,19.13,9.416666666600001,565.0,
6217,4,H8,Anada,2,Cardenal Reig - Pisuerga,2984,15:28:16,28.27,9.1166666667,547.0,
6415,5,H8,Anada,2,Cardenal Reig - Pisuerga,2984,15:34:38,34.63,6.3666666667,382.0,
6200,1,H8,Anada,2,Cardenal Reig - Pisuerga,2984,15:53:50,53.83,19.199999999966668,1152.0,
6209,5,H8,Anada,2,Cardenal Reig - Pisuerga,2984,15:55:13,55.22,1.3833333333333333,83.0,"8,9,10,11"
6408,5,H8,Anada,2,Cardenal Reig - Pisuerga,2984,16:02:52,2.87,7.650000000033333,459.0,
6215,5,H8,Anada,2,Cardenal Reig - Pisuerga,2984,16:14:20,14.33,11.483333333266668,689.0,
6409,5,H8,Anada,2,Cardenal Reig - Pisuerga,2984,16:23:47,23.78,9.433333333399998,566.0,
6056,6,H8,Anada,2,Cardenal Reig - Pisuerga,2984,16:32:51,32.85,9.066666666633333,544.0,19
6411,5,H8,Anada,2,Cardenal Reig - Pisuerga,2984,16:44:31,44.52,11.666666666666666,700.0,
6055,5,H8,Anada,2,Cardenal Reig - Pisuerga,2984,16:52:00,52.0,7.483333333366667,449.0,
6015,2,H8,Anada,2,Cardenal Reig - Pisuerga,2984,17:05:01,5.02,13.033333333266667,782.0,
6414,5,H8,Anada,2,Cardenal Reig - Pisuerga,2984,17:10:21,10.35,5.3166666667,319.0,21
6800,5,H8,Anada,2,Cardenal Reig - Pisuerga,2984,17:18:03,18.05,7.700000000033333,462.0,
6213,5,H8,Anada,2,Cardenal Reig - Pisuerga,2984,17:23:48,23.8,5.7666666666,346.0,
6407,5,H8,Anada,2,Cardenal Reig - Pisuerga,2984,17:32:13,32.22,8.416666666666666,505.0,
6211,6,H8,Anada,2,Cardenal Reig - Pisuerga,2984,17:42:49,42.82,10.583333333399999,635.0,
6212,6,H8,Anada,2,Cardenal Reig - Pisuerga,2984,17:58:21,58.35,15.549999999933334,933.0,"17,18,19,20,21,22,23,24,25,26,27,28,29,30,31,32,33,34,35,36,37,38,39"
6036,2,H8,Anada,2,Cardenal Reig - Pisuerga,2984,17:59:50,59.83,1.4666666667333332,88.0,
6216,5,H8,Anada,2,Cardenal Reig - Pisuerga,2984,18:10:43,10.72,10.899999999933334,654.0,
6413,6,H8,Anada,2,Cardenal Reig - Pisuerga,2984,18:18:42,18.7,7.966666666699999,478.0,
6415,6,H8,Anada,2,Cardenal Reig - Pisuerga,2984,18:30:06,30.1,11.4,684.0,
6209,6,H8,Anada,2,Cardenal Reig - Pisuerga,2984,18:42:15,42.25,12.166666666633335,730.0,"9,19"
6408,6,H8,Anada,2,Cardenal Reig - Pisuerga,2984,18:53:45,53.75,11.5,690.0,
6200,2,H8,Anada,2,Cardenal Reig - Pisuerga,2984,19:03:16,3.27,9.516666666666667,571.0,"14,15,16,17,18,19,20,21,22,23,24,25,26,27,28,29,30,31,32,33,34,35,36,37,38,39"
6215,6,H8,Anada,2,Cardenal Reig - Pisuerga,2984,19:04:44,4.73,1.4666666666666666,88.0,1
6409,6,H8,Anada,2,Cardenal Reig - Pisuerga,2984,19:17:43,17.72,12.9666666667,778.0,
6056,7,H8,Anada,2,Cardenal Reig - Pisuerga,2984,19:25:56,25.93,8.233333333300001,494.0,
6411,6,H8,Anada,2,Cardenal Reig - Pisuerga,2984,19:37:29,37.48,11.55,693.0,30
6414,6,H8,Anada,2,Cardenal Reig - Pisuerga,2984,19:57:59,57.98,20.5,1230.0,34
6213,6,H8,Anada,2,Cardenal Reig - Pisuerga,2984,20:12:17,12.28,14.283333333383332,857.0,
6025,2,H8,Anada,2,Cardenal Reig - Pisuerga,2984,20:26:38,26.63,14.349999999983334,861.0,
6036,3,H8,Anada,2,Cardenal Reig - Pisuerga,2984,20:42:14,42.23,15.216666666666667,913.0,
6413,7,H8,Anada,2,Cardenal Reig - Pisuerga,2984,20:56:23,56.38,14.1333333334,848.0,
6200,3,H8,Anada,2,Cardenal Reig - Pisuerga,2984,21:11:15,11.25,14.883333333266668,893.0,30
6408,7,H8,Anada,2,Cardenal Reig - Pisuerga,2984,21:27:03,27.05,15.8,948.0,24
6413,1,H8,Anada,3,Cardenal Reig - Av St Ramon Nonat,2685,03:38:29,38.48,,,1
6415,1,H8,Anada,3,Cardenal Reig - Av St Ramon Nonat,2685,03:52:20,52.33,13.866666666633334,832.0,1
6209,1,H8,Anada,3,Cardenal Reig - Av St Ramon Nonat,2685,03:59:02,59.03,6.7,402.0,
6022,1,H8,Anada,3,Cardenal Reig - Av St Ramon Nonat,2685,04:08:19,8.32,9.266666666699999,556.0,1
6215,1,H8,Anada,3,Cardenal Reig - Av St Ramon Nonat,2685,04:25:54,25.9,17.583333333366667,1055.0,
6409,1,H8,Anada,3,Cardenal Reig - Av St Ramon Nonat,2685,04:33:54,33.9,8.0,480.0,
6056,1,H8,Anada,3,Cardenal Reig - Av St Ramon Nonat,2685,04:45:30,45.5,11.6166666666,697.0,14
6411,1,H8,Anada,3,Cardenal Reig - Av St Ramon Nonat,2685,04:53:11,53.18,7.683333333333334,461.0,
6055,1,H8,Anada,3,Cardenal Reig - Av St Ramon Nonat,2685,05:01:07,1.12,7.916666666733334,475.0,"1,18,35,36"
6117,1,H8,Anada,3,Cardenal Reig - Av St Ramon Nonat,2685,05:15:33,15.55,14.4333333333,866.0,
6800,1,H8,Anada,3,Cardenal Reig - Av St Ramon Nonat,2685,05:20:23,20.38,4.833333333366666,290.0,
6213,1,H8,Anada,3,Cardenal Reig - Av St Ramon Nonat,2685,05:28:32,28.53,8.15,489.0,
6407,1,H8,Anada,3,Cardenal Reig - Av St Ramon Nonat,2685,05:39:01,39.02,10.483333333333333,629.0,
6211,2,H8,Anada,3,Cardenal Reig - Av St Ramon Nonat,2685,05:50:35,50.58,11.566666666666666,694.0,1
6212,2,H8,Anada,3,Cardenal Reig - Av St Ramon Nonat,2685,06:00:21,0.35,9.766666666666667,586.0,
6216,1,H8,Anada,3,Cardenal Reig - Av St Ramon Nonat,2685,06:11:16,11.27,10.933333333250001,656.0,
6413,2,H8,Anada,3,Cardenal Reig - Av St Ramon Nonat,2685,06:19:29,19.48,8.216666666683333,493.0,
6217,1,H8,Anada,3,Cardenal Reig - Av St Ramon Nonat,2685,06:27:22,27.37,7.8666666667,472.0,
6415,2,H8,Anada,3,Cardenal Reig - Av St Ramon Nonat,2685,06:34:39,34.65,7.2833333333666666,437.0,
6026,1,H8,Anada,3,Cardenal Reig - Av St Ramon Nonat,2685,06:42:36,42.6,7.949999999966667,477.0,
6209,2,H8,Anada,3,Cardenal Reig - Av St Ramon Nonat,2685,06:54:32,54.53,11.933333333366667,716.0,36
6022,2,H8,Anada,3,Cardenal Reig - Av St Ramon Nonat,2685,07:01:05,1.08,6.5666666666,394.0,
6408,2,H8,Anada,3,Cardenal Reig - Av St Ramon Nonat,2685,07:10:31,10.52,9.4166666667,565.0,
6215,2,H8,Anada,3,Cardenal Reig - Av St Ramon Nonat,2685,07:19:39,19.65,9.133333333366666,548.0,
6409,2,H8,Anada,3,Cardenal Reig - Av St Ramon Nonat,2685,07:29:41,29.68,10.0333333333,602.0,19
6056,3,H8,Anada,3,Cardenal Reig - Av St Ramon Nonat,2685,07:39:40,39.67,9.999999999966667,600.0,"22,34"
6411,2,H8,Anada,3,Cardenal Reig - Av St Ramon Nonat,2685,07:48:28,48.47,8.800000000016666,528.0,
6055,2,H8,Anada,3,Cardenal Reig - Av St Ramon Nonat,2685,07:57:18,57.3,8.833333333316666,530.0,
6414,2,H8,Anada,3,Cardenal Reig - Av St Ramon Nonat,2685,08:07:35,7.58,10.266666666699999,616.0,
6800,2,H8,Anada,3,Cardenal Reig - Av St Ramon Nonat,2685,08:19:57,19.95,12.3666666667,742.0,
6213,2,H8,Anada,3,Cardenal Reig - Av St Ramon Nonat,2685,08:26:22,26.37,6.416666666666667,385.0,
6407,2,H8,Anada,3,Cardenal Reig - Av St Ramon Nonat,2685,08:34:57,34.95,8.599999999933335,516.0,
6211,3,H8,Anada,3,Cardenal Reig - Av St Ramon Nonat,2685,08:48:58,48.97,14.000000000033333,840.0,
6212,3,H8,Anada,3,Cardenal Reig - Av St Ramon Nonat,2685,09:00:35,0.58,11.6333333333,698.0,
6216,2,H8,Anada,3,Cardenal Reig - Av St Ramon Nonat,2685,09:09:20,9.33,8.7333333334,524.0,
6413,3,H8,Anada,3,Cardenal Reig - Av St Ramon Nonat,2685,09:17:32,17.53,8.199999999983334,492.0,
6217,2,H8,Anada,3,Cardenal Reig - Av St Ramon Nonat,2685,09:28:26,28.43,10.916666666616667,655.0,
6415,3,H8,Anada,3,Cardenal Reig - Av St Ramon Nonat,2685,09:37:37,37.62,9.166666666733333,550.0,
6026,2,H8,Anada,3,Cardenal Reig - Av St Ramon Nonat,2685,09:49:10,49.17,11.549999999966667,693.0,
6209,3,H8,Anada,3,Cardenal Reig - Av St Ramon Nonat,2685,09:56:52,56.87,7.7166666666333334,463.0,1
6408,3,H8,Anada,3,Cardenal Reig - Av St Ramon Nonat,2685,10:05:56,5.93,9.050000000033332,543.0,
6215,3,H8,Anada,3,Cardenal Reig - Av St Ramon Nonat,2685,10:17:34,17.57,11.633333333333333,698.0,
6409,3,H8,Anada,3,Cardenal Reig - Av St Ramon Nonat,2685,10:26:19,26.32,8.766666666633334,526.0,
6056,4,H8,Anada,3,Cardenal Reig - Av St Ramon Nonat,2685,10:37:13,37.22,10.8833333334,653.0,
6411,3,H8,Anada,3,Cardenal Reig - Av St Ramon Nonat,2685,10:47:21,47.35,10.149999999933334,609.0,
6055,3,H8,Anada,3,Cardenal Reig - Av St Ramon Nonat,2685,10:59:23,59.38,12.016666666699999,721.0,
6414,3,H8,Anada,3,Cardenal Reig - Av St Ramon Nonat,2685,11:06:37,6.62,7.233333333366667,434.0,
6800,3,H8,Anada,3,Cardenal Reig - Av St Ramon Nonat,2685,11:15:34,15.57,8.9666666666,538.0,
6213,3,H8,Anada,3,Cardenal Reig - Av St Ramon Nonat,2685,11:26:25,26.42,10.849999999983334,651.0,5
6407,3,H8,Anada,3,Cardenal Reig - Av St Ramon Nonat,2685,11:37:36,37.6,11.18333333335,671.0,
6211,4,H8,Anada,3,Cardenal Reig - Av St Ramon Nonat,2685,11:46:16,46.27,8.650000000033334,519.0,
6212,4,H8,Anada,3,Cardenal Reig - Av St Ramon Nonat,2685,11:56:11,56.18,9.916666666666666,595.0,
6216,3,H8,Anada,3,Cardenal Reig - Av St Ramon Nonat,2685,12:09:30,9.5,13.3333333333,800.0,
6413,4,H8,Anada,3,Cardenal Reig - Av St Ramon Nonat,2685,12:17:18,17.3,7.8,468.0,
6217,3,H8,Anada,3,Cardenal Reig - Av St Ramon Nonat,2685,12:25:22,25.37,8.050000000066667,483.0,
6415,4,H8,Anada,3,Cardenal Reig - Av St Ramon Nonat,2685,12:34:13,34.22,8.483333333333333,509.0,
6026,3,H8,Anada,3,Cardenal Reig - Av St Ramon Nonat,2685,12:37:48,37.8,3.5833333332999997,215.0,"1,8,9,23,24,25,26,27,28,29,30,31,32,33,34,35,36,37,38,39"
6209,4,H8,Anada,3,Cardenal Reig - Av St Ramon Nonat,2685,12:47:19,47.32,9.516666666666667,571.0,
6408,4,H8,Anada,3,Cardenal Reig - Av St Ramon Nonat,2685,13:00:13,0.22,12.9,774.0,
6215,4,H8,Anada,3,Cardenal Reig - Av St Ramon Nonat,2685,13:12:28,12.47,12.266666666633334,736.0,
6409,4,H8,Anada,3,Cardenal Reig - Av St Ramon Nonat,2685,13:22:45,22.75,10.266666666733332,616.0,
6056,5,H8,Anada,3,Cardenal Reig - Av St Ramon Nonat,2685,13:32:29,32.48,9.749999999933333,585.0,
6411,4,H8,Anada,3,Cardenal Reig - Av St Ramon Nonat,2685,13:43:00,43.0,10.50000000005,630.0,
6055,4,H8,Anada,3,Cardenal Reig - Av St Ramon Nonat,2685,13:49:51,49.85,6.866666666616666,412.0,1
6015,1,H8,Anada,3,Cardenal Reig - Av St Ramon Nonat,2685,13:59:16,59.27,9.416666666666666,565.0,1
6414,4,H8,Anada,3,Cardenal Reig - Av St Ramon Nonat,2685,14:11:11,11.18,11.916666666666666,715.0,
6800,4,H8,Anada,3,Cardenal Reig - Av St Ramon Nonat,2685,14:19:36,19.6,8.400000000066667,504.0,
6213,4,H8,Anada,3,Cardenal Reig - Av St Ramon Nonat,2685,14:25:56,25.93,6.349999999933333,381.0,
6407,4,H8,Anada,3,Cardenal Reig - Av St Ramon Nonat,2685,14:34:17,34.28,8.333333333366665,500.0,
6211,5,H8,Anada,3,Cardenal Reig - Av St Ramon Nonat,2685,14:45:36,45.6,11.3166666667,679.0,
6212,5,H8,Anada,3,Cardenal Reig - Av St Ramon Nonat,2685,14:55:18,55.3,9.7,582.0,
6216,4,H8,Anada,3,Cardenal Reig - Av St Ramon Nonat,2685,15:11:02,11.03,15.733333333333333,944.0,
6413,5,H8,Anada,3,Cardenal Reig - Av St Ramon Nonat,2685,15:20:51,20.85,9.816666666666666,589.0,
6217,4,H8,Anada,3,Cardenal Reig - Av St Ramon Nonat,2685,15:29:58,29.97,9.116666666666667,547.0,
6415,5,H8,Anada,3,Cardenal Reig - Av St Ramon Nonat,2685,15:35:47,35.78,5.833333333266666,350.0,
6200,1,H8,Anada,3,Cardenal Reig - Av St Ramon Nonat,2685,15:55:21,55.35,19.566666666666666,1174.0,
6209,5,H8,Anada,3,Cardenal Reig - Av St Ramon Nonat,2685,15:56:46,56.77,1.4000000000333332,84.0,"8,9,10,11"
6408,5,H8,Anada,3,Cardenal Reig - Av St Ramon Nonat,2685,16:03:51,3.85,7.083333333333333,425.0,
6215,5,H8,Anada,3,Cardenal Reig - Av St Ramon Nonat,2685,16:16:06,16.1,12.266666666616667,736.0,
6409,5,H8,Anada,3,Cardenal Reig - Av St Ramon Nonat,2685,16:26:13,26.22,10.116666666683333,607.0,
6056,6,H8,Anada,3,Cardenal Reig - Av St Ramon Nonat,2685,16:34:14,34.23,8.000000000066667,480.0,19
6411,5,H8,Anada,3,Cardenal Reig - Av St Ramon Nonat,2685,16:45:57,45.95,11.716666666633333,703.0,
6055,5,H8,Anada,3,Cardenal Reig - Av St Ramon Nonat,2685,16:53:46,53.77,7.833333333300001,470.0,
6015,2,H8,Anada,3,Cardenal Reig - Av St Ramon Nonat,2685,17:06:17,6.28,12.500000000066667,750.0,
6414,5,H8,Anada,3,Cardenal Reig - Av St Ramon Nonat,2685,17:11:12,11.2,4.916666666633334,295.0,21
6800,5,H8,Anada,3,Cardenal Reig - Av St Ramon Nonat,2685,17:18:51,18.85,7.666666666633334,460.0,
6213,5,H8,Anada,3,Cardenal Reig - Av St Ramon Nonat,2685,17:25:42,25.7,6.85,411.0,
6407,5,H8,Anada,3,Cardenal Reig - Av St Ramon Nonat,2685,17:33:47,33.78,8.066666666733333,484.0,
6211,6,H8,Anada,3,Cardenal Reig - Av St Ramon Nonat,2685,17:44:24,44.4,10.616666666666667,637.0,
6212,6,H8,Anada,3,Cardenal Reig - Av St Ramon Nonat,2685,17:59:41,59.68,15.2833333333,917.0,"17,18,19,20,21,22,23,24,25,26,27,28,29,30,31,32,33,34,35,36,37,38,39"
6036,2,H8,Anada,3,Cardenal Reig - Av St Ramon Nonat,2685,18:01:08,1.13,1.4500000000333333,87.0,
6216,5,H8,Anada,3,Cardenal Reig - Av St Ramon Nonat,2685,18:11:47,11.78,10.65,639.0,
6413,6,H8,Anada,3,Cardenal Reig - Av St Ramon Nonat,2685,18:20:24,20.4,8.616666666633334,517.0,
6415,6,H8,Anada,3,Cardenal Reig - Av St Ramon Nonat,2685,18:31:40,31.67,11.2833333333,677.0,
6209,6,H8,Anada,3,Cardenal Reig - Av St Ramon Nonat,2685,18:43:44,43.73,12.050000000066666,723.0,"9,19"
6408,6,H8,Anada,3,Cardenal Reig - Av St Ramon Nonat,2685,18:55:52,55.87,12.1333333333,728.0,
6200,2,H8,Anada,3,Cardenal Reig - Av St Ramon Nonat,2685,19:04:04,4.07,8.200000000033333,492.0,"14,15,16,17,18,19,20,21,22,23,24,25,26,27,28,29,30,31,32,33,34,35,36,37,38,39"
6215,6,H8,Anada,3,Cardenal Reig - Av St Ramon Nonat,2685,19:06:15,6.25,2.1833333333,131.0,1
6409,6,H8,Anada,3,Cardenal Reig - Av St Ramon Nonat,2685,19:19:12,19.2,12.950000000033333,777.0,
6056,7,H8,Anada,3,Cardenal Reig - Av St Ramon Nonat,2685,19:27:01,27.02,7.816666666666666,469.0,
6411,6,H8,Anada,3,Cardenal Reig - Av St Ramon Nonat,2685,19:38:30,38.5,11.499999999933333,690.0,30
6414,6,H8,Anada,3,Cardenal Reig - Av St Ramon Nonat,2685,19:58:58,58.97,20.450000000033334,1227.0,34
6213,6,H8,Anada,3,Cardenal Reig - Av St Ramon Nonat,2685,20:13:47,13.78,14.8166666667,889.0,
6025,2,H8,Anada,3,Cardenal Reig - Av St Ramon Nonat,2685,20:28:00,28.0,14.233333333266668,854.0,
6036,3,H8,Anada,3,Cardenal Reig - Av St Ramon Nonat,2685,20:44:11,44.18,16.166666666633333,970.0,
6413,7,H8,Anada,3,Cardenal Reig - Av St Ramon Nonat,2685,20:57:50,57.83,13.666666666633335,820.0,
6200,3,H8,Anada,3,Cardenal Reig - Av St Ramon Nonat,2685,21:12:56,12.93,15.1,906.0,30
6408,7,H8,Anada,3,Cardenal Reig - Av St Ramon Nonat,2685,21:29:05,29.08,16.15,969.0,24
6413,1,H8,Anada,4,Travessera de les Corts - Comte de Güell,3649,03:41:11,41.18,,,1
6415,1,H8,Anada,4,Travessera de les Corts - Comte de Güell,3649,03:54:04,54.07,12.883333333333333,773.0,1
6209,1,H8,Anada,4,Travessera de les Corts - Comte de Güell,3649,04:01:19,1.32,7.25,435.0,
6022,1,H8,Anada,4,Travessera de les Corts - Comte de Güell,3649,04:10:31,10.52,9.183333333366667,551.0,1
6408,1,H8,Anada,4,Travessera de les Corts - Comte de Güell,3649,04:18:44,18.73,8.233333333300001,494.0,"1,2,3"
6215,1,H8,Anada,4,Travessera de les Corts - Comte de Güell,3649,04:28:41,28.68,9.95,597.0,
6409,1,H8,Anada,4,Travessera de les Corts - Comte de Güell,3649,04:36:34,36.57,7.883333333333334,473.0,
6056,1,H8,Anada,4,Travessera de les Corts - Comte de Güell,3649,04:46:48,46.8,10.216666666733333,613.0,14
6411,1,H8,Anada,4,Travessera de les Corts - Comte de Güell,3649,04:56:27,56.45,9.649999999966667,579.0,
6055,1,H8,Anada,4,Travessera de les Corts - Comte de Güell,3649,05:04:52,4.87,8.4166666667,505.0,"1,18,35,36"
6414,1,H8,Anada,4,Travessera de les Corts - Comte de Güell,3649,05:09:52,9.87,5.0,300.0,"1,2,3"
6117,1,H8,Anada,4,Travessera de les Corts - Comte de Güell,3649,05:17:08,17.13,7.2833333332666665,437.0,
6800,1,H8,Anada,4,Travessera de les Corts - Comte de Güell,3649,05:22:45,22.75,5.600000000033333,336.0,
6213,1,H8,Anada,4,Travessera de les Corts - Comte de Güell,3649,05:31:34,31.57,8.8333333333,530.0,
6407,1,H8,Anada,4,Travessera de les Corts - Comte de Güell,3649,05:43:00,43.0,11.416666666733333,685.0,
6211,2,H8,Anada,4,Travessera de les Corts - Comte de Güell,3649,05:53:56,53.93,10.9333333333,656.0,1
6212,2,H8,Anada,4,Travessera de les Corts - Comte de Güell,3649,06:03:41,3.68,9.75,585.0,
6216,1,H8,Anada,4,Travessera de les Corts - Comte de Güell,3649,06:15:00,15.0,11.3166666667,679.0,
6413,2,H8,Anada,4,Travessera de les Corts - Comte de Güell,3649,06:22:41,22.68,7.683333333316667,461.0,
6217,1,H8,Anada,4,Travessera de les Corts - Comte de Güell,3649,06:30:58,30.97,8.283333333349999,497.0,
6415,2,H8,Anada,4,Travessera de les Corts - Comte de Güell,3649,06:38:55,38.92,7.949999999966667,477.0,
6026,1,H8,Anada,4,Travessera de les Corts - Comte de Güell,3649,06:45:40,45.67,6.766666666633333,406.0,
6209,2,H8,Anada,4,Travessera de les Corts - Comte de Güell,3649,06:58:12,58.2,12.516666666699999,751.0,36
6022,2,H8,Anada,4,Travessera de les Corts - Comte de Güell,3649,07:04:32,4.53,6.333333333366666,380.0,
6408,2,H8,Anada,4,Travessera de les Corts - Comte de Güell,3649,07:14:05,14.08,9.566666666600002,574.0,
6215,2,H8,Anada,4,Travessera de les Corts - Comte de Güell,3649,07:23:45,23.75,9.650000000066665,579.0,
6409,2,H8,Anada,4,Travessera de les Corts - Comte de Güell,3649,07:31:52,31.87,8.116666666666667,487.0,19
6056,3,H8,Anada,4,Travessera de les Corts - Comte de Güell,3649,07:43:35,43.58,11.716666666633333,703.0,"22,34"
6411,2,H8,Anada,4,Travessera de les Corts - Comte de Güell,3649,07:51:03,51.05,7.4833333333,449.0,
6055,2,H8,Anada,4,Travessera de les Corts - Comte de Güell,3649,08:00:22,0.37,9.300000000033332,558.0,
6414,2,H8,Anada,4,Travessera de les Corts - Comte de Güell,3649,08:11:25,11.42,11.050000000033332,663.0,
6800,2,H8,Anada,4,Travessera de les Corts - Comte de Güell,3649,08:22:55,22.92,11.5,690.0,
6213,2,H8,Anada,4,Travessera de les Corts - Comte de Güell,3649,08:28:46,28.77,5.849999999966667,351.0,
6407,2,H8,Anada,4,Travessera de les Corts - Comte de Güell,3649,08:36:55,36.92,8.15,489.0,
6211,3,H8,Anada,4,Travessera de les Corts - Comte de Güell,3649,08:51:43,51.72,14.800000000033332,888.0,
6212,3,H8,Anada,4,Travessera de les Corts - Comte de Güell,3649,09:03:56,3.93,12.216666666633333,733.0,
6216,2,H8,Anada,4,Travessera de les Corts - Comte de Güell,3649,09:12:06,12.1,8.166666666666666,490.0,
6413,3,H8,Anada,4,Travessera de les Corts - Comte de Güell,3649,09:19:56,19.93,7.833333333333333,470.0,
6217,2,H8,Anada,4,Travessera de les Corts - Comte de Güell,3649,09:31:25,31.42,11.499999999966667,690.0,
6415,3,H8,Anada,4,Travessera de les Corts - Comte de Güell,3649,09:40:50,40.83,9.400000000033334,564.0,
6026,2,H8,Anada,4,Travessera de les Corts - Comte de Güell,3649,09:51:54,51.9,11.0666666667,664.0,
6209,3,H8,Anada,4,Travessera de les Corts - Comte de Güell,3649,09:59:23,59.38,7.483333333333333,449.0,1
6408,3,H8,Anada,4,Travessera de les Corts - Comte de Güell,3649,10:07:59,7.98,8.6,516.0,
6215,3,H8,Anada,4,Travessera de les Corts - Comte de Güell,3649,10:21:26,21.43,13.4666666666,808.0,
6409,3,H8,Anada,4,Travessera de les Corts - Comte de Güell,3649,10:29:19,29.32,7.866666666733334,472.0,
6056,4,H8,Anada,4,Travessera de les Corts - Comte de Güell,3649,10:40:27,40.45,11.149999999933334,669.0,
6411,3,H8,Anada,4,Travessera de les Corts - Comte de Güell,3649,10:50:05,50.08,9.633333333333333,578.0,
6055,3,H8,Anada,4,Travessera de les Corts - Comte de Güell,3649,11:03:13,3.22,13.116666666733332,787.0,
6414,3,H8,Anada,4,Travessera de les Corts - Comte de Güell,3649,11:08:22,8.37,5.166666666599999,310.0,
6800,3,H8,Anada,4,Travessera de les Corts - Comte de Güell,3649,11:18:29,18.48,10.100000000066666,606.0,
6213,3,H8,Anada,4,Travessera de les Corts - Comte de Güell,3649,11:29:58,29.97,11.483333333300001,689.0,5
6407,3,H8,Anada,4,Travessera de les Corts - Comte de Güell,3649,11:41:05,41.08,11.116666666666667,667.0,
6211,4,H8,Anada,4,Travessera de les Corts - Comte de Güell,3649,11:49:19,49.32,8.233333333366666,494.0,
6212,4,H8,Anada,4,Travessera de les Corts - Comte de Güell,3649,11:59:47,59.78,10.483333333266668,629.0,
6216,3,H8,Anada,4,Travessera de les Corts - Comte de Güell,3649,12:11:37,11.62,11.816666666733333,709.0,
6413,4,H8,Anada,4,Travessera de les Corts - Comte de Güell,3649,12:19:36,19.6,7.9833333333,479.0,
TEMP_BonPastor_3649,1,H8,Anada,4,Travessera de les Corts - Comte de Güell,3649,12:28:26,28.43,8.833333333366665,530.0,"1,2,3,5,6,7,8,9,10,11,12,13,14,15,16,17,18,19,20,21,22,23,24,25,26,27,28,29,30,31,32,33,34,35,36,37,38,39"
6415,4,H8,Anada,4,Travessera de les Corts - Comte de Güell,3649,12:36:56,36.93,7.78333333335,467.0,
6026,3,H8,Anada,4,Travessera de les Corts - Comte de Güell,3649,12:39:49,39.82,2.8833333333166666,173.0,"1,8,9,23,24,25,26,27,28,29,30,31,32,33,34,35,36,37,38,39"
6209,4,H8,Anada,4,Travessera de les Corts - Comte de Güell,3649,12:49:44,49.73,9.9333333333,596.0,
6408,4,H8,Anada,4,Travessera de les Corts - Comte de Güell,3649,13:02:37,2.62,12.866666666733332,772.0,
6215,4,H8,Anada,4,Travessera de les Corts - Comte de Güell,3649,13:15:50,15.83,13.216666666633333,793.0,
6409,4,H8,Anada,4,Travessera de les Corts - Comte de Güell,3649,13:25:18,25.3,9.4666666667,568.0,
6056,5,H8,Anada,4,Travessera de les Corts - Comte de Güell,3649,13:36:32,36.53,11.233333333333333,674.0,
6411,4,H8,Anada,4,Travessera de les Corts - Comte de Güell,3649,13:46:07,46.12,9.599999999933335,576.0,
6055,4,H8,Anada,4,Travessera de les Corts - Comte de Güell,3649,13:52:32,52.53,6.416666666666667,385.0,1
6015,1,H8,Anada,4,Travessera de les Corts - Comte de Güell,3649,14:02:14,2.23,9.7,582.0,1
6414,4,H8,Anada,4,Travessera de les Corts - Comte de Güell,3649,14:14:38,14.63,12.383333333366666,743.0,
6800,4,H8,Anada,4,Travessera de les Corts - Comte de Güell,3649,14:21:38,21.63,7.0,420.0,
6213,4,H8,Anada,4,Travessera de les Corts - Comte de Güell,3649,14:28:41,28.68,7.050000000033333,423.0,
6407,4,H8,Anada,4,Travessera de les Corts - Comte de Güell,3649,14:37:10,37.17,8.483333333333333,509.0,
6211,5,H8,Anada,4,Travessera de les Corts - Comte de Güell,3649,14:48:20,48.33,11.183333333266667,671.0,
6212,5,H8,Anada,4,Travessera de les Corts - Comte de Güell,3649,14:58:22,58.37,10.016666666699999,601.0,
6216,4,H8,Anada,4,Travessera de les Corts - Comte de Güell,3649,15:13:39,13.65,15.283333333333333,917.0,
6413,5,H8,Anada,4,Travessera de les Corts - Comte de Güell,3649,15:23:32,23.53,9.88333333335,593.0,
6217,4,H8,Anada,4,Travessera de les Corts - Comte de Güell,3649,15:33:11,33.18,9.650000000016666,579.0,
6415,5,H8,Anada,4,Travessera de les Corts - Comte de Güell,3649,15:39:34,39.57,6.399999999933333,384.0,
6200,1,H8,Anada,4,Travessera de les Corts - Comte de Güell,3649,15:58:46,58.77,19.1833333334,1151.0,
6408,5,H8,Anada,4,Travessera de les Corts - Comte de Güell,3649,16:06:38,6.63,7.016666666666667,421.0,
6215,5,H8,Anada,4,Travessera de les Corts - Comte de Güell,3649,16:19:04,19.07,12.449999999966668,747.0,
6409,5,H8,Anada,4,Travessera de les Corts - Comte de Güell,3649,16:28:58,28.97,9.9,594.0,
6056,6,H8,Anada,4,Travessera de les Corts - Comte de Güell,3649,16:36:51,36.85,7.866666666733334,472.0,19
6411,5,H8,Anada,4,Travessera de les Corts - Comte de Güell,3649,16:47:51,47.85,11.0166666666,661.0,
6055,5,H8,Anada,4,Travessera de les Corts - Comte de Güell,3649,16:55:57,55.95,8.0833333334,485.0,
6015,2,H8,Anada,4,Travessera de les Corts - Comte de Güell,3649,17:08:42,8.7,12.75,765.0,
6414,5,H8,Anada,4,Travessera de les Corts - Comte de Güell,3649,17:13:44,13.73,5.033333333300001,302.0,21
6800,5,H8,Anada,4,Travessera de les Corts - Comte de Güell,3649,17:22:07,22.12,8.38333333335,503.0,
6213,5,H8,Anada,4,Travessera de les Corts - Comte de Güell,3649,17:28:18,28.3,6.199999999949999,372.0,
6407,5,H8,Anada,4,Travessera de les Corts - Comte de Güell,3649,17:36:20,36.33,8.016666666699999,481.0,
6211,6,H8,Anada,4,Travessera de les Corts - Comte de Güell,3649,17:46:54,46.9,10.5666666667,634.0,
6212,6,H8,Anada,4,Travessera de les Corts - Comte de Güell,3649,18:02:27,2.45,15.566666666600002,934.0,"17,18,19,20,21,22,23,24,25,26,27,28,29,30,31,32,33,34,35,36,37,38,39"
6036,2,H8,Anada,4,Travessera de les Corts - Comte de Güell,3649,18:03:52,3.87,1.4000000000666666,84.0,
6216,5,H8,Anada,4,Travessera de les Corts - Comte de Güell,3649,18:14:58,14.97,11.099999999966666,666.0,
6413,6,H8,Anada,4,Travessera de les Corts - Comte de Güell,3649,18:24:26,24.43,9.466666666666667,568.0,
6415,6,H8,Anada,4,Travessera de les Corts - Comte de Güell,3649,18:33:53,33.88,9.450000000033333,567.0,
6209,6,H8,Anada,4,Travessera de les Corts - Comte de Güell,3649,18:46:52,46.87,12.983333333333333,779.0,"9,19"
6408,6,H8,Anada,4,Travessera de les Corts - Comte de Güell,3649,18:58:44,58.73,11.866666666666667,712.0,
6200,2,H8,Anada,4,Travessera de les Corts - Comte de Güell,3649,19:07:33,7.55,8.816666666633333,529.0,"14,15,16,17,18,19,20,21,22,23,24,25,26,27,28,29,30,31,32,33,34,35,36,37,38,39"
6215,6,H8,Anada,4,Travessera de les Corts - Comte de Güell,3649,19:09:23,9.38,1.8333333333666666,110.0,1
6409,6,H8,Anada,4,Travessera de les Corts - Comte de Güell,3649,19:21:10,21.17,11.799999999933334,708.0,
6056,7,H8,Anada,4,Travessera de les Corts - Comte de Güell,3649,19:29:43,29.72,8.55,513.0,
6411,6,H8,Anada,4,Travessera de les Corts - Comte de Güell,3649,19:41:06,41.1,11.366666666733332,682.0,30
6414,6,H8,Anada,4,Travessera de les Corts - Comte de Güell,3649,20:01:54,1.9,20.799999999966666,1248.0,34
6213,6,H8,Anada,4,Travessera de les Corts - Comte de Güell,3649,20:16:54,16.9,15.000000000033333,900.0,
6025,2,H8,Anada,4,Travessera de les Corts - Comte de Güell,3649,20:29:55,29.92,13.016666666633334,781.0,
6036,3,H8,Anada,4,Travessera de les Corts - Comte de Güell,3649,20:46:10,46.17,15.6833333333,941.0,
6413,7,H8,Anada,4,Travessera de les Corts - Comte de Güell,3649,20:59:07,59.12,12.95,777.0,
6200,3,H8,Anada,4,Travessera de les Corts - Comte de Güell,3649,21:15:18,15.3,16.16666666673333,970.0,30
6408,7,H8,Anada,4,Travessera de les Corts - Comte de Güell,3649,21:30:39,30.65,15.3666666666,922.0,24
6413,1,H8,Anada,5,Les Corts - Benavent,3747,03:42:15,42.25,,,1
6415,1,H8,Anada,5,Les Corts - Benavent,3747,03:55:11,55.18,12.933333333333334,776.0,1
6209,1,H8,Anada,5,Les Corts - Benavent,3747,04:02:38,2.63,7.4666666666333334,448.0,
6022,1,H8,Anada,5,Les Corts - Benavent,3747,04:11:07,11.12,8.466666666733333,508.0,1
6408,1,H8,Anada,5,Les Corts - Benavent,3747,04:20:11,20.18,9.066666666633333,544.0,"1,2,3"
6215,1,H8,Anada,5,Les Corts - Benavent,3747,04:30:19,30.32,10.133333333333333,608.0,
6409,1,H8,Anada,5,Les Corts - Benavent,3747,04:37:46,37.77,7.4666666666333334,448.0,
6056,1,H8,Anada,5,Les Corts - Benavent,3747,04:49:20,49.33,11.550000000033332,693.0,14
6411,1,H8,Anada,5,Les Corts - Benavent,3747,04:58:18,58.3,8.9666666667,538.0,
6055,1,H8,Anada,5,Les Corts - Benavent,3747,05:07:11,7.18,8.899999999933334,534.0,"1,18,35,36"
6414,1,H8,Anada,5,Les Corts - Benavent,3747,05:11:44,11.73,4.5333333333666666,272.0,"1,2,3"
6117,1,H8,Anada,5,Les Corts - Benavent,3747,05:19:34,19.57,7.849999999966667,471.0,
6800,1,H8,Anada,5,Les Corts - Benavent,3747,05:24:46,24.77,5.1833333334,311.0,
6213,1,H8,Anada,5,Les Corts - Benavent,3747,05:33:40,33.67,8.899999999966667,534.0,
6407,1,H8,Anada,5,Les Corts - Benavent,3747,05:46:00,46.0,12.333333333333334,740.0,
6211,2,H8,Anada,5,Les Corts - Benavent,3747,05:56:40,56.67,10.683333333316666,641.0,1
6212,2,H8,Anada,5,Les Corts - Benavent,3747,06:06:15,6.25,9.583333333316666,575.0,
6216,1,H8,Anada,5,Les Corts - Benavent,3747,06:17:24,17.4,11.15,669.0,
6413,2,H8,Anada,5,Les Corts - Benavent,3747,06:25:12,25.2,7.8,468.0,
6217,1,H8,Anada,5,Les Corts - Benavent,3747,06:33:19,33.32,8.100000000033333,486.0,
6415,2,H8,Anada,5,Les Corts - Benavent,3747,06:41:30,41.5,8.183333333366667,491.0,
6026,1,H8,Anada,5,Les Corts - Benavent,3747,06:47:26,47.43,5.9499999999333335,357.0,
6209,2,H8,Anada,5,Les Corts - Benavent,3747,07:00:35,0.58,13.15,789.0,36
6022,2,H8,Anada,5,Les Corts - Benavent,3747,07:06:35,6.58,5.983333333366667,359.0,
6408,2,H8,Anada,5,Les Corts - Benavent,3747,07:16:28,16.47,9.88333333335,593.0,
6215,2,H8,Anada,5,Les Corts - Benavent,3747,07:26:33,26.55,10.083333333316666,605.0,
6409,2,H8,Anada,5,Les Corts - Benavent,3747,07:34:27,34.45,7.900000000033333,474.0,19
6056,3,H8,Anada,5,Les Corts - Benavent,3747,07:45:43,45.72,11.266666666633334,676.0,"22,34"
6411,2,H8,Anada,5,Les Corts - Benavent,3747,07:53:14,53.23,7.533333333300001,452.0,
6055,2,H8,Anada,5,Les Corts - Benavent,3747,08:03:02,3.03,9.783333333366667,587.0,
6414,2,H8,Anada,5,Les Corts - Benavent,3747,08:13:30,13.5,10.466666666666667,628.0,
6800,2,H8,Anada,5,Les Corts - Benavent,3747,08:25:17,25.28,11.783333333333333,707.0,
6213,2,H8,Anada,5,Les Corts - Benavent,3747,08:31:23,31.38,6.1,366.0,
6407,2,H8,Anada,5,Les Corts - Benavent,3747,08:39:59,39.98,8.6,516.0,
6211,3,H8,Anada,5,Les Corts - Benavent,3747,08:53:57,53.95,13.966666666666667,838.0,
6212,3,H8,Anada,5,Les Corts - Benavent,3747,09:05:22,5.37,11.4333333333,686.0,
6216,2,H8,Anada,5,Les Corts - Benavent,3747,09:15:01,15.02,9.633333333366666,578.0,
6413,3,H8,Anada,5,Les Corts - Benavent,3747,09:22:48,22.8,7.7833333333666666,467.0,
6217,2,H8,Anada,5,Les Corts - Benavent,3747,09:33:59,33.98,11.1833333333,671.0,
6415,3,H8,Anada,5,Les Corts - Benavent,3747,09:43:38,43.63,9.65,579.0,
6026,2,H8,Anada,5,Les Corts - Benavent,3747,09:54:55,54.92,11.283333333366667,677.0,
6209,3,H8,Anada,5,Les Corts - Benavent,3747,10:01:26,1.43,6.516666666666667,391.0,1
6408,3,H8,Anada,5,Les Corts - Benavent,3747,10:10:20,10.33,8.899999999966667,534.0,
6215,3,H8,Anada,5,Les Corts - Benavent,3747,10:23:45,23.75,13.4333333333,806.0,
6409,3,H8,Anada,5,Les Corts - Benavent,3747,10:32:05,32.08,8.333333333333334,500.0,
6056,4,H8,Anada,5,Les Corts - Benavent,3747,10:43:22,43.37,11.283333333333333,677.0,
6411,3,H8,Anada,5,Les Corts - Benavent,3747,10:52:38,52.63,9.266666666666667,556.0,
6055,3,H8,Anada,5,Les Corts - Benavent,3747,11:05:27,5.45,12.800000000033332,768.0,
6414,3,H8,Anada,5,Les Corts - Benavent,3747,11:10:24,10.4,4.950000000033333,297.0,
6800,3,H8,Anada,5,Les Corts - Benavent,3747,11:21:53,21.88,11.499999999933333,690.0,
6407,3,H8,Anada,5,Les Corts - Benavent,3747,11:43:36,43.6,21.700000000066666,1302.0,
6211,4,H8,Anada,5,Les Corts - Benavent,3747,11:50:55,50.92,7.316666666633334,439.0,
6212,4,H8,Anada,5,Les Corts - Benavent,3747,12:02:47,2.78,11.866666666666667,712.0,
6216,3,H8,Anada,5,Les Corts - Benavent,3747,12:13:53,13.88,11.100000000033333,666.0,
6413,4,H8,Anada,5,Les Corts - Benavent,3747,12:22:15,22.25,8.366666666633334,502.0,
6217,3,H8,Anada,5,Les Corts - Benavent,3747,12:32:07,32.12,9.866666666666667,592.0,
6415,4,H8,Anada,5,Les Corts - Benavent,3747,12:39:59,39.98,7.866666666683333,472.0,
6026,3,H8,Anada,5,Les Corts - Benavent,3747,12:41:21,41.35,1.36666666665,82.0,"1,8,9,23,24,25,26,27,28,29,30,31,32,33,34,35,36,37,38,39"
6209,4,H8,Anada,5,Les Corts - Benavent,3747,12:52:43,52.72,11.3833333333,683.0,
6408,4,H8,Anada,5,Les Corts - Benavent,3747,13:05:38,5.63,12.900000000066665,774.0,
6215,4,H8,Anada,5,Les Corts - Benavent,3747,13:18:24,18.4,12.766666666666667,766.0,
6409,4,H8,Anada,5,Les Corts - Benavent,3747,13:28:00,28.0,9.6166666666,577.0,
6056,5,H8,Anada,5,Les Corts - Benavent,3747,13:38:56,38.93,10.9166666667,655.0,
6411,4,H8,Anada,5,Les Corts - Benavent,3747,13:48:34,48.57,9.633333333333333,578.0,
6055,4,H8,Anada,5,Les Corts - Benavent,3747,13:54:31,54.52,5.9666666666333334,358.0,1
6015,1,H8,Anada,5,Les Corts - Benavent,3747,14:04:42,4.7,10.183333333333334,611.0,1
6414,4,H8,Anada,5,Les Corts - Benavent,3747,14:17:36,17.6,12.8833333334,773.0,
6800,4,H8,Anada,5,Les Corts - Benavent,3747,14:23:51,23.85,6.2666666666,376.0,
6213,4,H8,Anada,5,Les Corts - Benavent,3747,14:29:36,29.6,5.7333333334,344.0,
6407,4,H8,Anada,5,Les Corts - Benavent,3747,14:39:30,39.5,9.899999999966667,594.0,
6036,1,H8,Anada,5,Les Corts - Benavent,3747,14:44:40,44.67,5.1833333333,311.0,"1,2,3,4,33"
6211,5,H8,Anada,5,Les Corts - Benavent,3747,14:50:44,50.73,6.066666666666666,364.0,
6212,5,H8,Anada,5,Les Corts - Benavent,3747,15:00:41,0.68,9.933333333399998,596.0,
6216,4,H8,Anada,5,Les Corts - Benavent,3747,15:14:55,14.92,14.233333333333333,854.0,
6413,5,H8,Anada,5,Les Corts - Benavent,3747,15:26:08,26.13,11.23333333325,674.0,
6217,4,H8,Anada,5,Les Corts - Benavent,3747,15:36:19,36.32,10.166666666716667,610.0,
6415,5,H8,Anada,5,Les Corts - Benavent,3747,15:42:05,42.08,5.783333333300001,347.0,
6200,1,H8,Anada,5,Les Corts - Benavent,3747,16:01:05,1.08,18.983333333366666,1139.0,
6408,5,H8,Anada,5,Les Corts - Benavent,3747,16:09:36,9.6,8.100000000066666,486.0,
6215,5,H8,Anada,5,Les Corts - Benavent,3747,16:22:46,22.77,13.166666666633335,790.0,
6409,5,H8,Anada,5,Les Corts - Benavent,3747,16:31:36,31.6,8.849999999966666,531.0,
6056,6,H8,Anada,5,Les Corts - Benavent,3747,16:40:00,40.0,8.4,504.0,19
6411,5,H8,Anada,5,Les Corts - Benavent,3747,16:50:59,50.98,10.9666666667,658.0,
6055,5,H8,Anada,5,Les Corts - Benavent,3747,16:59:00,59.0,8.016666666666667,481.0,
6015,2,H8,Anada,5,Les Corts - Benavent,3747,17:12:05,12.08,13.099999999966666,786.0,
6414,5,H8,Anada,5,Les Corts - Benavent,3747,17:16:25,16.42,4.316666666733334,259.0,21
6800,5,H8,Anada,5,Les Corts - Benavent,3747,17:24:45,24.75,8.333333333333334,500.0,
6213,5,H8,Anada,5,Les Corts - Benavent,3747,17:31:09,31.15,6.399999999966667,384.0,
6407,5,H8,Anada,5,Les Corts - Benavent,3747,17:38:54,38.9,7.766666666633333,466.0,
6211,6,H8,Anada,5,Les Corts - Benavent,3747,17:49:59,49.98,11.083333333333334,665.0,
6212,6,H8,Anada,5,Les Corts - Benavent,3747,18:04:21,4.35,14.350000000066666,861.0,"17,18,19,20,21,22,23,24,25,26,27,28,29,30,31,32,33,34,35,36,37,38,39"
6036,2,H8,Anada,5,Les Corts - Benavent,3747,18:06:16,6.27,1.9166666666666667,115.0,
6216,5,H8,Anada,5,Les Corts - Benavent,3747,18:16:59,16.98,10.716666666666667,643.0,
6413,6,H8,Anada,5,Les Corts - Benavent,3747,18:27:02,27.03,10.066666666600002,604.0,
6415,6,H8,Anada,5,Les Corts - Benavent,3747,18:36:02,36.03,8.9833333334,539.0,
6209,6,H8,Anada,5,Les Corts - Benavent,3747,18:49:31,49.52,13.499999999933333,810.0,"9,19"
6408,6,H8,Anada,5,Les Corts - Benavent,3747,19:00:18,0.3,10.766666666733332,646.0,
6200,2,H8,Anada,5,Les Corts - Benavent,3747,19:09:21,9.35,9.049999999966667,543.0,"14,15,16,17,18,19,20,21,22,23,24,25,26,27,28,29,30,31,32,33,34,35,36,37,38,39"
6215,6,H8,Anada,5,Les Corts - Benavent,3747,19:11:33,11.55,2.2,132.0,1
6409,6,H8,Anada,5,Les Corts - Benavent,3747,19:22:42,22.7,11.166666666633335,670.0,
6056,7,H8,Anada,5,Les Corts - Benavent,3747,19:30:19,30.32,7.616666666666666,457.0,
6411,6,H8,Anada,5,Les Corts - Benavent,3747,19:43:15,43.25,12.916666666716667,775.0,30
6414,6,H8,Anada,5,Les Corts - Benavent,3747,20:04:01,4.02,20.783333333283334,1247.0,34
6213,6,H8,Anada,5,Les Corts - Benavent,3747,20:18:40,18.67,14.6333333334,878.0,
6025,2,H8,Anada,5,Les Corts - Benavent,3747,20:31:58,31.97,13.299999999966667,798.0,
6036,3,H8,Anada,5,Les Corts - Benavent,3747,20:47:37,47.62,15.2333333334,914.0,
6413,7,H8,Anada,5,Les Corts - Benavent,3747,21:01:16,1.27,13.649999999966667,819.0,
6200,3,H8,Anada,5,Les Corts - Benavent,3747,21:17:12,17.2,15.933333333333334,956.0,30
6408,7,H8,Anada,5,Les Corts - Benavent,3747,21:32:03,32.05,14.850000000033333,891.0,24
6413,1,H8,Anada,6,Les Corts - Maternitat,482,03:43:24,43.4,,,1
6415,1,H8,Anada,6,Les Corts - Maternitat,482,03:56:30,56.5,13.1,786.0,1
6209,1,H8,Anada,6,Les Corts - Maternitat,482,04:03:43,3.72,7.2333333333,434.0,
6022,1,H8,Anada,6,Les Corts - Maternitat,482,04:11:55,11.92,8.1833333334,491.0,1
6408,1,H8,Anada,6,Les Corts - Maternitat,482,04:20:30,20.5,8.599999999933335,516.0,"1,2,3"
6215,1,H8,Anada,6,Les Corts - Maternitat,482,04:31:18,31.3,10.7833333334,647.0,
6409,1,H8,Anada,6,Les Corts - Maternitat,482,04:38:42,38.7,7.4,444.0,
6056,1,H8,Anada,6,Les Corts - Maternitat,482,04:50:17,50.28,11.5833333333,695.0,14
6411,1,H8,Anada,6,Les Corts - Maternitat,482,05:00:08,0.13,9.85,591.0,
6055,1,H8,Anada,6,Les Corts - Maternitat,482,05:08:36,8.6,8.483333333300001,509.0,"1,18,35,36"
6414,1,H8,Anada,6,Les Corts - Maternitat,482,05:12:00,12.0,3.3833333334,203.0,"1,2,3"
6117,1,H8,Anada,6,Les Corts - Maternitat,482,05:21:17,21.28,9.299999999933334,558.0,
6800,1,H8,Anada,6,Les Corts - Maternitat,482,05:25:45,25.75,4.450000000066667,267.0,
6213,1,H8,Anada,6,Les Corts - Maternitat,482,05:34:45,34.75,8.999999999966667,540.0,
6407,1,H8,Anada,6,Les Corts - Maternitat,482,05:47:14,47.23,12.499999999983334,750.0,
6211,2,H8,Anada,6,Les Corts - Maternitat,482,05:57:44,57.73,10.48333333335,629.0,1
6212,2,H8,Anada,6,Les Corts - Maternitat,482,06:07:32,7.53,9.816666666633333,589.0,
6216,1,H8,Anada,6,Les Corts - Maternitat,482,06:18:41,18.68,11.150000000016666,669.0,
6413,2,H8,Anada,6,Les Corts - Maternitat,482,06:26:49,26.82,8.116666666683333,487.0,
6217,1,H8,Anada,6,Les Corts - Maternitat,482,06:34:36,34.6,7.7833333333666666,467.0,
6415,2,H8,Anada,6,Les Corts - Maternitat,482,06:42:31,42.52,7.933333333266666,476.0,
6026,1,H8,Anada,6,Les Corts - Maternitat,482,06:49:22,49.37,6.833333333366666,410.0,
6209,2,H8,Anada,6,Les Corts - Maternitat,482,07:02:13,2.22,12.850000000033333,771.0,36
6022,2,H8,Anada,6,Les Corts - Maternitat,482,07:08:00,8.0,5.783333333333333,347.0,
6408,2,H8,Anada,6,Les Corts - Maternitat,482,07:18:03,18.05,10.05,603.0,
6215,2,H8,Anada,6,Les Corts - Maternitat,482,07:27:52,27.87,9.833333333266667,590.0,
6409,2,H8,Anada,6,Les Corts - Maternitat,482,07:35:33,35.55,7.666666666699999,460.0,19
6056,3,H8,Anada,6,Les Corts - Maternitat,482,07:46:21,46.35,10.816666666633333,649.0,"22,34"
6411,2,H8,Anada,6,Les Corts - Maternitat,482,07:53:15,53.25,6.8833333334,413.0,
6055,2,H8,Anada,6,Les Corts - Maternitat,482,08:04:23,4.38,11.1333333333,668.0,
6414,2,H8,Anada,6,Les Corts - Maternitat,482,08:14:57,14.95,10.5666666667,634.0,
6800,2,H8,Anada,6,Les Corts - Maternitat,482,08:26:57,26.95,11.999999999966667,720.0,
6213,2,H8,Anada,6,Les Corts - Maternitat,482,08:32:50,32.83,5.883333333366666,353.0,
6407,2,H8,Anada,6,Les Corts - Maternitat,482,08:41:33,41.55,8.716666666666667,523.0,
6211,3,H8,Anada,6,Les Corts - Maternitat,482,08:55:38,55.63,14.099999999933335,846.0,
6212,3,H8,Anada,6,Les Corts - Maternitat,482,09:07:16,7.27,11.633333333333333,698.0,
6216,2,H8,Anada,6,Les Corts - Maternitat,482,09:15:01,15.02,7.733333333366667,464.0,
6413,3,H8,Anada,6,Les Corts - Maternitat,482,09:24:13,24.22,9.200000000033333,552.0,
6217,2,H8,Anada,6,Les Corts - Maternitat,482,09:35:30,35.5,11.283333333333333,677.0,
6415,3,H8,Anada,6,Les Corts - Maternitat,482,09:44:53,44.88,9.3833333333,563.0,
6026,2,H8,Anada,6,Les Corts - Maternitat,482,09:56:30,56.5,11.616666666666667,697.0,
6209,3,H8,Anada,6,Les Corts - Maternitat,482,10:02:53,2.88,6.399999999966667,384.0,1
6408,3,H8,Anada,6,Les Corts - Maternitat,482,10:11:25,11.42,8.516666666699999,511.0,
6215,3,H8,Anada,6,Les Corts - Maternitat,482,10:24:59,24.98,13.5666666667,814.0,
6409,3,H8,Anada,6,Les Corts - Maternitat,482,10:32:58,32.97,7.999999999933333,480.0,
6056,4,H8,Anada,6,Les Corts - Maternitat,482,10:44:34,44.57,11.583333333366665,695.0,
6411,3,H8,Anada,6,Les Corts - Maternitat,482,10:54:11,54.18,9.616666666666667,577.0,
6055,3,H8,Anada,6,Les Corts - Maternitat,482,11:06:24,6.4,12.216666666666667,733.0,
6414,3,H8,Anada,6,Les Corts - Maternitat,482,11:11:28,11.47,5.066666666666666,304.0,
6800,3,H8,Anada,6,Les Corts - Maternitat,482,11:22:47,22.78,11.3333333333,680.0,
6213,3,H8,Anada,6,Les Corts - Maternitat,482,11:32:31,32.52,9.7166666667,583.0,5
6407,3,H8,Anada,6,Les Corts - Maternitat,482,11:43:51,43.85,11.333333333333334,680.0,
6211,4,H8,Anada,6,Les Corts - Maternitat,482,11:53:02,53.03,9.199999999966668,552.0,
6212,4,H8,Anada,6,Les Corts - Maternitat,482,12:04:05,4.08,11.0333333334,662.0,
6216,3,H8,Anada,6,Les Corts - Maternitat,482,12:15:42,15.7,11.633333333266668,698.0,
6413,4,H8,Anada,6,Les Corts - Maternitat,482,12:23:25,23.42,7.700000000066667,462.0,
6217,3,H8,Anada,6,Les Corts - Maternitat,482,12:32:55,32.92,9.5,570.0,
6415,4,H8,Anada,6,Les Corts - Maternitat,482,12:41:04,41.07,8.15,489.0,
6026,3,H8,Anada,6,Les Corts - Maternitat,482,12:42:33,42.55,1.4833333333,89.0,"1,8,9,23,24,25,26,27,28,29,30,31,32,33,34,35,36,37,38,39"
6209,4,H8,Anada,6,Les Corts - Maternitat,482,12:54:05,54.08,11.533333333366667,692.0,
6408,4,H8,Anada,6,Les Corts - Maternitat,482,13:06:18,6.3,12.233333333266668,734.0,
6215,4,H8,Anada,6,Les Corts - Maternitat,482,13:19:34,19.57,13.250000000066667,795.0,
6409,4,H8,Anada,6,Les Corts - Maternitat,482,13:28:37,28.62,9.066666666600002,544.0,
6056,5,H8,Anada,6,Les Corts - Maternitat,482,13:40:36,40.6,11.983333333333333,719.0,
6411,4,H8,Anada,6,Les Corts - Maternitat,482,13:48:44,48.73,8.133333333316667,488.0,
6055,4,H8,Anada,6,Les Corts - Maternitat,482,13:55:57,55.95,7.2166666666833335,433.0,1
6015,1,H8,Anada,6,Les Corts - Maternitat,482,14:05:50,5.83,9.8666666667,592.0,1
6414,4,H8,Anada,6,Les Corts - Maternitat,482,14:18:36,18.6,12.7833333333,767.0,
6800,4,H8,Anada,6,Les Corts - Maternitat,482,14:25:29,25.48,6.883333333333334,413.0,
6213,4,H8,Anada,6,Les Corts - Maternitat,482,14:30:57,30.95,5.466666666666667,328.0,
6407,4,H8,Anada,6,Les Corts - Maternitat,482,14:41:01,41.02,10.066666666666666,604.0,
6036,1,H8,Anada,6,Les Corts - Maternitat,482,14:45:36,45.6,4.583333333333333,275.0,"1,2,3,4,33"
6211,5,H8,Anada,6,Les Corts - Maternitat,482,14:52:17,52.28,6.683333333333334,401.0,
6212,5,H8,Anada,6,Les Corts - Maternitat,482,15:01:47,1.78,9.4833333334,569.0,
6216,4,H8,Anada,6,Les Corts - Maternitat,482,15:16:39,16.65,14.866666666666667,892.0,
6413,5,H8,Anada,6,Les Corts - Maternitat,482,15:27:40,27.67,11.016666666633334,661.0,
6217,4,H8,Anada,6,Les Corts - Maternitat,482,15:36:51,36.85,9.183333333366667,551.0,
6415,5,H8,Anada,6,Les Corts - Maternitat,482,15:43:33,43.55,6.7166666666,403.0,
6200,1,H8,Anada,6,Les Corts - Maternitat,482,16:02:36,2.6,19.033333333366667,1142.0,
6408,5,H8,Anada,6,Les Corts - Maternitat,482,16:10:18,10.3,7.616666666666666,457.0,
6215,5,H8,Anada,6,Les Corts - Maternitat,482,16:23:53,23.88,13.583333333333334,815.0,
6409,5,H8,Anada,6,Les Corts - Maternitat,482,16:32:54,32.9,9.016666666633334,541.0,
6056,6,H8,Anada,6,Les Corts - Maternitat,482,16:40:58,40.97,8.0666666667,484.0,19
6411,5,H8,Anada,6,Les Corts - Maternitat,482,16:52:03,52.05,11.099999999933335,666.0,
6055,5,H8,Anada,6,Les Corts - Maternitat,482,16:59:59,59.98,7.916666666733334,475.0,
6015,2,H8,Anada,6,Les Corts - Maternitat,482,17:13:04,13.07,13.099999999933335,786.0,
6414,5,H8,Anada,6,Les Corts - Maternitat,482,17:17:19,17.32,4.25,255.0,21
6800,5,H8,Anada,6,Les Corts - Maternitat,482,17:26:14,26.23,8.900000000033334,534.0,
6213,5,H8,Anada,6,Les Corts - Maternitat,482,17:31:39,31.65,5.416666666666667,325.0,
6407,5,H8,Anada,6,Les Corts - Maternitat,482,17:40:23,40.38,8.749999999966667,525.0,
6211,6,H8,Anada,6,Les Corts - Maternitat,482,17:51:39,51.65,11.250000000066667,675.0,
6212,6,H8,Anada,6,Les Corts - Maternitat,482,18:05:36,5.6,13.95,837.0,"17,18,19,20,21,22,23,24,25,26,27,28,29,30,31,32,33,34,35,36,37,38,39"
6036,2,H8,Anada,6,Les Corts - Maternitat,482,18:07:37,7.62,2.0333333332666665,122.0,
6216,5,H8,Anada,6,Les Corts - Maternitat,482,18:18:12,18.2,10.5666666667,634.0,
6413,6,H8,Anada,6,Les Corts - Maternitat,482,18:28:22,28.37,10.1833333333,611.0,
6415,6,H8,Anada,6,Les Corts - Maternitat,482,18:37:20,37.33,8.950000000033333,537.0,
6209,6,H8,Anada,6,Les Corts - Maternitat,482,18:51:09,51.15,13.816666666666666,829.0,"9,19"
6408,6,H8,Anada,6,Les Corts - Maternitat,482,19:02:04,2.07,10.9333333333,656.0,
6200,2,H8,Anada,6,Les Corts - Maternitat,482,19:10:40,10.67,8.6,516.0,"14,15,16,17,18,19,20,21,22,23,24,25,26,27,28,29,30,31,32,33,34,35,36,37,38,39"
6215,6,H8,Anada,6,Les Corts - Maternitat,482,19:12:52,12.87,2.2,132.0,1
6409,6,H8,Anada,6,Les Corts - Maternitat,482,19:24:06,24.1,11.216666666733333,673.0,
6056,7,H8,Anada,6,Les Corts - Maternitat,482,19:31:22,31.37,7.2833333332666665,437.0,
6411,6,H8,Anada,6,Les Corts - Maternitat,482,19:44:19,44.32,12.95,777.0,30
6414,6,H8,Anada,6,Les Corts - Maternitat,482,20:05:08,5.13,20.800000000033332,1248.0,34
6213,6,H8,Anada,6,Les Corts - Maternitat,482,20:19:50,19.83,14.7,882.0,
6025,2,H8,Anada,6,Les Corts - Maternitat,482,20:33:17,33.28,13.450000000033333,807.0,
6212,8,H8,Anada,6,Les Corts - Maternitat,482,20:34:18,34.3,1.0333333332666668,62.0,
6036,3,H8,Anada,6,Les Corts - Maternitat,482,20:48:31,48.52,14.216666666666667,853.0,
6413,7,H8,Anada,6,Les Corts - Maternitat,482,21:01:51,1.85,13.333333333333334,800.0,
6200,3,H8,Anada,6,Les Corts - Maternitat,482,21:18:06,18.1,16.2333333334,974.0,30
6408,7,H8,Anada,6,Les Corts - Maternitat,482,21:32:51,32.85,14.7666666666,886.0,24
6413,1,H8,Anada,7,Les Corts - Carles III,709,03:44:42,44.7,,,1
6415,1,H8,Anada,7,Les Corts - Carles III,709,03:57:46,57.77,13.083333333266667,785.0,1
6209,1,H8,Anada,7,Les Corts - Carles III,709,04:04:55,4.92,7.133333333366666,428.0,
6022,1,H8,Anada,7,Les Corts - Carles III,709,04:12:52,12.87,7.950000000033333,477.0,1
6408,1,H8,Anada,7,Les Corts - Carles III,709,04:21:55,21.92,9.05,543.0,"1,2,3"
6215,1,H8,Anada,7,Les Corts - Carles III,709,04:33:09,33.15,11.233333333333333,674.0,
6409,1,H8,Anada,7,Les Corts - Carles III,709,04:41:13,41.22,8.06666666665,484.0,
6056,1,H8,Anada,7,Les Corts - Carles III,709,04:52:32,52.53,11.31666666665,679.0,14
6411,1,H8,Anada,7,Les Corts - Carles III,709,05:02:18,2.3,9.7833333333,587.0,
6055,1,H8,Anada,7,Les Corts - Carles III,709,05:10:18,10.3,8.0,480.0,"1,18,35,36"
6414,1,H8,Anada,7,Les Corts - Carles III,709,05:13:48,13.8,3.4833333333999996,209.0,"1,2,3"
6117,1,H8,Anada,7,Les Corts - Carles III,709,05:23:22,23.37,9.566666666633333,574.0,
6800,1,H8,Anada,7,Les Corts - Carles III,709,05:28:23,28.38,5.0166666667,301.0,
6213,1,H8,Anada,7,Les Corts - Carles III,709,05:37:37,37.62,9.24999999995,555.0,
6407,1,H8,Anada,7,Les Corts - Carles III,709,05:48:39,48.65,11.016666666683333,661.0,
6211,2,H8,Anada,7,Les Corts - Carles III,709,05:59:55,59.92,11.266666666699999,676.0,1
6212,2,H8,Anada,7,Les Corts - Carles III,709,06:09:30,9.5,9.583333333333334,575.0,
6216,1,H8,Anada,7,Les Corts - Carles III,709,06:20:41,20.68,11.199999999933334,672.0,
6413,2,H8,Anada,7,Les Corts - Carles III,709,06:28:27,28.45,7.766666666666667,466.0,
6217,1,H8,Anada,7,Les Corts - Carles III,709,06:36:57,36.95,8.483333333366666,509.0,
6415,2,H8,Anada,7,Les Corts - Carles III,709,06:44:58,44.97,8.016666666666667,481.0,
6026,1,H8,Anada,7,Les Corts - Carles III,709,06:51:46,51.77,6.8,408.0,
6209,2,H8,Anada,7,Les Corts - Carles III,709,07:03:56,3.93,12.1833333333,731.0,36
6022,2,H8,Anada,7,Les Corts - Carles III,709,07:11:31,11.52,7.566666666733334,454.0,
6408,2,H8,Anada,7,Les Corts - Carles III,709,07:20:28,20.47,8.9666666666,538.0,
6215,2,H8,Anada,7,Les Corts - Carles III,709,07:30:44,30.73,10.250000000066667,615.0,
6409,2,H8,Anada,7,Les Corts - Carles III,709,07:37:40,37.67,6.9499999999333335,417.0,19
6056,3,H8,Anada,7,Les Corts - Carles III,709,07:48:44,48.73,11.066666666666666,664.0,"22,34"
6411,2,H8,Anada,7,Les Corts - Carles III,709,07:55:25,55.42,6.666666666699999,400.0,
6055,2,H8,Anada,7,Les Corts - Carles III,709,08:05:55,5.92,10.516666666633334,631.0,
6414,2,H8,Anada,7,Les Corts - Carles III,709,08:17:53,17.88,11.950000000066666,717.0,
6800,2,H8,Anada,7,Les Corts - Carles III,709,08:28:53,28.88,11.0166666666,661.0,
6213,2,H8,Anada,7,Les Corts - Carles III,709,08:34:35,34.58,5.683333333366666,341.0,
6407,2,H8,Anada,7,Les Corts - Carles III,709,08:42:48,42.8,8.216666666666667,493.0,
6211,3,H8,Anada,7,Les Corts - Carles III,709,08:57:45,57.75,14.966666666633333,898.0,
6212,3,H8,Anada,7,Les Corts - Carles III,709,09:08:48,8.8,11.05,663.0,
6216,2,H8,Anada,7,Les Corts - Carles III,709,09:17:10,17.17,8.350000000033333,501.0,
6413,3,H8,Anada,7,Les Corts - Carles III,709,09:26:29,26.48,9.316666666666666,559.0,
6217,2,H8,Anada,7,Les Corts - Carles III,709,09:37:31,37.52,11.033333333366667,662.0,
6415,3,H8,Anada,7,Les Corts - Carles III,709,09:47:38,47.63,10.133333333266668,608.0,
6026,2,H8,Anada,7,Les Corts - Carles III,709,09:58:05,58.08,10.433333333366667,626.0,
6209,3,H8,Anada,7,Les Corts - Carles III,709,10:05:18,5.3,7.2333333333,434.0,1
6408,3,H8,Anada,7,Les Corts - Carles III,709,10:13:20,13.33,8.016666666699999,481.0,
6215,3,H8,Anada,7,Les Corts - Carles III,709,10:28:02,28.03,14.7,882.0,
6409,3,H8,Anada,7,Les Corts - Carles III,709,10:37:31,37.52,9.499999999966667,570.0,
6056,4,H8,Anada,7,Les Corts - Carles III,709,10:46:58,46.97,9.45,567.0,
6411,3,H8,Anada,7,Les Corts - Carles III,709,10:56:00,56.0,9.016666666699999,541.0,
6055,3,H8,Anada,7,Les Corts - Carles III,709,11:09:16,9.27,13.2833333333,797.0,
6414,3,H8,Anada,7,Les Corts - Carles III,709,11:15:00,15.0,5.733333333333333,344.0,
6800,3,H8,Anada,7,Les Corts - Carles III,709,11:24:36,24.6,9.583333333366665,575.0,
6213,3,H8,Anada,7,Les Corts - Carles III,709,11:34:39,34.65,10.05,603.0,5
6407,3,H8,Anada,7,Les Corts - Carles III,709,11:45:29,45.48,10.849999999966666,651.0,
6211,4,H8,Anada,7,Les Corts - Carles III,709,11:56:03,56.05,10.566666666666666,634.0,
6212,4,H8,Anada,7,Les Corts - Carles III,709,12:05:51,5.85,9.7833333334,587.0,
6216,3,H8,Anada,7,Les Corts - Carles III,709,12:17:55,17.92,12.083333333283333,725.0,
6413,4,H8,Anada,7,Les Corts - Carles III,709,12:25:27,25.45,7.516666666683333,451.0,
6217,3,H8,Anada,7,Les Corts - Carles III,709,12:34:46,34.77,9.316666666666666,559.0,
6415,4,H8,Anada,7,Les Corts - Carles III,709,12:43:43,43.72,8.950000000033333,537.0,
6209,4,H8,Anada,7,Les Corts - Carles III,709,12:55:58,55.97,12.249999999983334,735.0,
6408,4,H8,Anada,7,Les Corts - Carles III,709,13:08:47,8.78,12.80000000005,768.0,
6215,4,H8,Anada,7,Les Corts - Carles III,709,13:21:48,21.8,13.0333333333,782.0,
6409,4,H8,Anada,7,Les Corts - Carles III,709,13:31:30,31.5,9.683333333366667,581.0,
6056,5,H8,Anada,7,Les Corts - Carles III,709,13:42:13,42.22,10.7166666667,643.0,
6411,4,H8,Anada,7,Les Corts - Carles III,709,13:50:21,50.35,8.133333333333333,488.0,
6055,4,H8,Anada,7,Les Corts - Carles III,709,13:58:39,58.65,8.299999999966667,498.0,1
6015,1,H8,Anada,7,Les Corts - Carles III,709,14:08:03,8.05,9.416666666633335,565.0,1
6414,4,H8,Anada,7,Les Corts - Carles III,709,14:20:40,20.67,12.616666666666667,757.0,
6800,4,H8,Anada,7,Les Corts - Carles III,709,14:27:35,27.58,6.900000000066667,414.0,
6213,4,H8,Anada,7,Les Corts - Carles III,709,14:32:08,32.13,4.5666666666,274.0,
6407,4,H8,Anada,7,Les Corts - Carles III,709,14:43:18,43.3,11.150000000033334,669.0,
6211,5,H8,Anada,7,Les Corts - Carles III,709,14:54:42,54.7,11.416666666633335,685.0,
6212,5,H8,Anada,7,Les Corts - Carles III,709,15:04:57,4.95,10.2333333334,614.0,
6036,1,H8,Anada,7,Les Corts - Carles III,709,15:12:30,12.5,7.5666666666,454.0,"1,2,3,4,33"
6216,4,H8,Anada,7,Les Corts - Carles III,709,15:18:22,18.37,5.850000000066667,351.0,
6413,5,H8,Anada,7,Les Corts - Carles III,709,15:29:43,29.72,11.35,681.0,
6217,4,H8,Anada,7,Les Corts - Carles III,709,15:39:34,39.57,9.8666666666,592.0,
6415,5,H8,Anada,7,Les Corts - Carles III,709,15:45:22,45.37,5.7833333334,347.0,
6200,1,H8,Anada,7,Les Corts - Carles III,709,16:05:01,5.02,19.6666666666,1180.0,
6408,5,H8,Anada,7,Les Corts - Carles III,709,16:13:02,13.03,7.666666666699999,460.0,
6215,5,H8,Anada,7,Les Corts - Carles III,709,16:25:11,25.18,12.166666666600001,730.0,
6409,5,H8,Anada,7,Les Corts - Carles III,709,16:34:49,34.82,9.6166666667,577.0,
6056,6,H8,Anada,7,Les Corts - Carles III,709,16:42:33,42.55,7.733333333366667,464.0,19
6411,5,H8,Anada,7,Les Corts - Carles III,709,16:54:30,54.5,11.9666666666,718.0,
6055,5,H8,Anada,7,Les Corts - Carles III,709,17:02:48,2.8,8.2833333334,497.0,
6015,2,H8,Anada,7,Les Corts - Carles III,709,17:15:18,15.3,12.499999999966667,750.0,
6414,5,H8,Anada,7,Les Corts - Carles III,709,17:20:55,20.92,5.616666666666666,337.0,21
6800,5,H8,Anada,7,Les Corts - Carles III,709,17:27:54,27.9,6.983333333366667,419.0,
6213,5,H8,Anada,7,Les Corts - Carles III,709,17:34:23,34.38,6.499999999933333,390.0,
6407,5,H8,Anada,7,Les Corts - Carles III,709,17:42:28,42.47,8.066666666733333,484.0,
6211,6,H8,Anada,7,Les Corts - Carles III,709,17:53:46,53.77,11.3,678.0,
6212,6,H8,Anada,7,Les Corts - Carles III,709,18:07:47,7.78,14.016666666633334,841.0,"17,18,19,20,21,22,23,24,25,26,27,28,29,30,31,32,33,34,35,36,37,38,39"
6036,2,H8,Anada,7,Les Corts - Carles III,709,18:09:19,9.32,1.5499999999666667,93.0,
6216,5,H8,Anada,7,Les Corts - Carles III,709,18:20:50,20.83,11.516666666666667,691.0,
6413,6,H8,Anada,7,Les Corts - Carles III,709,18:29:54,29.9,9.050000000033332,543.0,
6415,6,H8,Anada,7,Les Corts - Carles III,709,18:39:52,39.87,9.983333333300001,599.0,
6209,6,H8,Anada,7,Les Corts - Carles III,709,18:51:32,51.53,11.650000000033334,699.0,"9,19"
6408,6,H8,Anada,7,Les Corts - Carles III,709,19:04:37,4.62,13.083333333366665,785.0,
6200,2,H8,Anada,7,Les Corts - Carles III,709,19:13:10,13.17,8.55,513.0,"14,15,16,17,18,19,20,21,22,23,24,25,26,27,28,29,30,31,32,33,34,35,36,37,38,39"
6409,6,H8,Anada,7,Les Corts - Carles III,709,19:26:37,26.62,12.716666666666667,763.0,
6056,7,H8,Anada,7,Les Corts - Carles III,709,19:32:57,32.95,6.333333333366666,380.0,
6411,6,H8,Anada,7,Les Corts - Carles III,709,19:46:49,46.82,13.866666666633334,832.0,30
6414,6,H8,Anada,7,Les Corts - Carles III,709,20:07:59,7.98,21.183333333300002,1271.0,34
6213,6,H8,Anada,7,Les Corts - Carles III,709,20:21:16,21.27,13.283333333316667,797.0,
6212,8,H8,Anada,7,Les Corts - Carles III,709,20:36:28,36.47,15.200000000016667,912.0,
6036,3,H8,Anada,7,Les Corts - Carles III,709,20:49:49,49.82,13.3,798.0,
6413,7,H8,Anada,7,Les Corts - Carles III,709,21:03:21,3.35,13.549999999933334,813.0,
6200,3,H8,Anada,7,Les Corts - Carles III,709,21:19:52,19.87,16.500000000066667,990.0,30
6408,7,H8,Anada,7,Les Corts - Carles III,709,21:33:37,33.62,13.75,825.0,24
6413,1,H8,Anada,8,Les Corts - Vallespir,1577,03:45:19,45.32,,,1
6415,1,H8,Anada,8,Les Corts - Vallespir,1577,03:58:41,58.68,13.3833333333,803.0,1
6209,1,H8,Anada,8,Les Corts - Vallespir,1577,04:06:18,6.3,7.600000000033333,456.0,
6022,1,H8,Anada,8,Les Corts - Vallespir,1577,04:15:22,15.37,9.066666666666666,544.0,1
6408,1,H8,Anada,8,Les Corts - Vallespir,1577,04:24:28,24.47,9.100000000033333,546.0,"1,2,3"
6215,1,H8,Anada,8,Les Corts - Vallespir,1577,04:35:08,35.13,10.666666666666666,640.0,
6409,1,H8,Anada,8,Les Corts - Vallespir,1577,04:42:46,42.77,7.633333333333334,458.0,
6056,1,H8,Anada,8,Les Corts - Vallespir,1577,04:54:05,54.08,11.316666666666666,679.0,14
6411,1,H8,Anada,8,Les Corts - Vallespir,1577,05:04:54,4.9,10.816666666633333,649.0,
6055,1,H8,Anada,8,Les Corts - Vallespir,1577,05:12:21,12.35,7.450000000033333,447.0,"1,18,35,36"
6414,1,H8,Anada,8,Les Corts - Vallespir,1577,05:16:26,16.43,4.099999999933334,246.0,"1,2,3"
6117,1,H8,Anada,8,Les Corts - Vallespir,1577,05:25:18,25.3,8.866666666666667,532.0,
6800,1,H8,Anada,8,Les Corts - Vallespir,1577,05:30:42,30.7,5.4,324.0,
6213,1,H8,Anada,8,Les Corts - Vallespir,1577,05:37:43,37.72,7.000000000066667,420.0,
6407,1,H8,Anada,8,Les Corts - Vallespir,1577,05:50:56,50.93,13.233333333266668,794.0,
6211,2,H8,Anada,8,Les Corts - Vallespir,1577,06:01:33,1.55,10.600000000033333,636.0,1
6212,2,H8,Anada,8,Les Corts - Vallespir,1577,06:11:25,11.42,9.8666666667,592.0,
6216,1,H8,Anada,8,Les Corts - Vallespir,1577,06:22:08,22.13,10.733333333266668,644.0,
6413,2,H8,Anada,8,Les Corts - Vallespir,1577,06:31:10,31.17,9.033333333333333,542.0,
6217,1,H8,Anada,8,Les Corts - Vallespir,1577,06:38:22,38.37,7.183333333366666,431.0,
6415,2,H8,Anada,8,Les Corts - Vallespir,1577,06:47:47,47.78,9.4333333333,566.0,
6026,1,H8,Anada,8,Les Corts - Vallespir,1577,06:53:53,53.88,6.1,366.0,
6209,2,H8,Anada,8,Les Corts - Vallespir,1577,07:07:27,7.45,13.566666666666666,814.0,36
6022,2,H8,Anada,8,Les Corts - Vallespir,1577,07:13:32,13.53,6.066666666733334,364.0,
6408,2,H8,Anada,8,Les Corts - Vallespir,1577,07:22:59,22.98,9.449999999966668,567.0,
6215,2,H8,Anada,8,Les Corts - Vallespir,1577,07:31:39,31.65,8.666666666666666,520.0,
6409,2,H8,Anada,8,Les Corts - Vallespir,1577,07:38:52,38.87,7.216666666699999,433.0,19
6056,3,H8,Anada,8,Les Corts - Vallespir,1577,07:49:59,49.98,11.116666666633334,667.0,"22,34"
6411,2,H8,Anada,8,Les Corts - Vallespir,1577,07:57:15,57.25,7.266666666683333,436.0,
6055,2,H8,Anada,8,Les Corts - Vallespir,1577,08:08:23,8.38,11.133333333316667,668.0,
6414,2,H8,Anada,8,Les Corts - Vallespir,1577,08:19:36,19.6,11.2166666667,673.0,
6800,2,H8,Anada,8,Les Corts - Vallespir,1577,08:31:26,31.43,11.8333333333,710.0,
6213,2,H8,Anada,8,Les Corts - Vallespir,1577,08:36:37,36.62,5.183333333333334,311.0,
6407,2,H8,Anada,8,Les Corts - Vallespir,1577,08:44:57,44.95,8.333333333333334,500.0,
6211,3,H8,Anada,8,Les Corts - Vallespir,1577,08:59:32,59.53,14.599999999966666,876.0,
6212,3,H8,Anada,8,Les Corts - Vallespir,1577,09:10:21,10.35,10.80000000005,648.0,
6216,2,H8,Anada,8,Les Corts - Vallespir,1577,09:18:38,18.63,8.29999999995,498.0,
6413,3,H8,Anada,8,Les Corts - Vallespir,1577,09:30:02,30.03,11.383333333366666,683.0,
6217,2,H8,Anada,8,Les Corts - Vallespir,1577,09:40:24,40.4,10.3833333333,623.0,
6415,3,H8,Anada,8,Les Corts - Vallespir,1577,09:49:19,49.32,8.900000000066665,534.0,
6026,2,H8,Anada,8,Les Corts - Vallespir,1577,10:00:20,0.33,11.016666666666667,661.0,
6209,3,H8,Anada,8,Les Corts - Vallespir,1577,10:07:55,7.92,7.583333333300001,455.0,1
6408,3,H8,Anada,8,Les Corts - Vallespir,1577,10:14:57,14.95,7.049999999966667,423.0,
6215,3,H8,Anada,8,Les Corts - Vallespir,1577,10:29:23,29.38,14.416666666733333,865.0,
6409,3,H8,Anada,8,Les Corts - Vallespir,1577,10:38:57,38.95,9.583333333266667,575.0,
6056,4,H8,Anada,8,Les Corts - Vallespir,1577,10:47:42,47.7,8.7333333334,524.0,
6411,3,H8,Anada,8,Les Corts - Vallespir,1577,10:58:30,58.5,10.799999999966667,648.0,
6055,3,H8,Anada,8,Les Corts - Vallespir,1577,11:11:17,11.28,12.783333333366667,767.0,
6414,3,H8,Anada,8,Les Corts - Vallespir,1577,11:15:55,15.92,4.633333333333334,278.0,
6800,3,H8,Anada,8,Les Corts - Vallespir,1577,11:26:36,26.6,10.699999999933334,642.0,
6213,3,H8,Anada,8,Les Corts - Vallespir,1577,11:35:36,35.6,9.0,540.0,5
6407,3,H8,Anada,8,Les Corts - Vallespir,1577,11:47:47,47.78,12.166666666733333,730.0,
6211,4,H8,Anada,8,Les Corts - Vallespir,1577,11:57:57,57.95,10.183333333283334,611.0,
6212,4,H8,Anada,8,Les Corts - Vallespir,1577,12:08:45,8.75,10.783333333349999,647.0,
6216,3,H8,Anada,8,Les Corts - Vallespir,1577,12:19:42,19.7,10.95,657.0,
6413,4,H8,Anada,8,Les Corts - Vallespir,1577,12:26:30,26.5,6.800000000033333,408.0,
6217,3,H8,Anada,8,Les Corts - Vallespir,1577,12:37:36,37.6,11.099999999966666,666.0,
6415,4,H8,Anada,8,Les Corts - Vallespir,1577,12:44:39,44.65,7.050000000033333,423.0,
6209,4,H8,Anada,8,Les Corts - Vallespir,1577,12:57:42,57.7,13.066666666600002,784.0,
6408,4,H8,Anada,8,Les Corts - Vallespir,1577,13:10:27,10.45,12.7333333334,764.0,
6215,4,H8,Anada,8,Les Corts - Vallespir,1577,13:23:35,23.58,13.133333333333333,788.0,
6409,4,H8,Anada,8,Les Corts - Vallespir,1577,13:33:23,33.38,9.816666666600002,589.0,
6056,5,H8,Anada,8,Les Corts - Vallespir,1577,13:43:35,43.58,10.183333333366667,611.0,
6411,4,H8,Anada,8,Les Corts - Vallespir,1577,13:53:08,53.13,9.566666666633333,574.0,
6055,4,H8,Anada,8,Les Corts - Vallespir,1577,13:59:59,59.98,6.833333333400001,410.0,1
6015,1,H8,Anada,8,Les Corts - Vallespir,1577,14:09:37,9.62,9.633333333333333,578.0,1
6414,4,H8,Anada,8,Les Corts - Vallespir,1577,14:23:28,23.47,13.849999999966666,831.0,
6800,4,H8,Anada,8,Les Corts - Vallespir,1577,14:29:54,29.9,6.449999999966667,387.0,
6213,4,H8,Anada,8,Les Corts - Vallespir,1577,14:32:43,32.72,2.816666666666667,169.0,
6407,4,H8,Anada,8,Les Corts - Vallespir,1577,14:46:05,46.08,13.350000000033333,801.0,
6211,5,H8,Anada,8,Les Corts - Vallespir,1577,14:57:40,57.67,11.583333333333334,695.0,
6212,5,H8,Anada,8,Les Corts - Vallespir,1577,15:06:35,6.58,8.9333333333,536.0,
6036,1,H8,Anada,8,Les Corts - Vallespir,1577,15:13:40,13.67,7.066666666733334,424.0,"1,2,3,4,33"
6216,4,H8,Anada,8,Les Corts - Vallespir,1577,15:21:33,21.55,7.8833333333,473.0,
6413,5,H8,Anada,8,Les Corts - Vallespir,1577,15:32:20,32.33,10.783333333366667,647.0,
6217,4,H8,Anada,8,Les Corts - Vallespir,1577,15:42:01,42.02,9.6833333333,581.0,
6415,5,H8,Anada,8,Les Corts - Vallespir,1577,15:49:19,49.32,7.3,438.0,
6200,1,H8,Anada,8,Les Corts - Vallespir,1577,16:07:24,7.4,18.099999999966666,1086.0,
6408,5,H8,Anada,8,Les Corts - Vallespir,1577,16:14:52,14.87,7.450000000033333,447.0,
6215,5,H8,Anada,8,Les Corts - Vallespir,1577,16:27:03,27.05,12.183333333366667,731.0,
6409,5,H8,Anada,8,Les Corts - Vallespir,1577,16:39:04,39.07,12.016666666633334,721.0,
6056,6,H8,Anada,8,Les Corts - Vallespir,1577,16:45:49,45.82,6.750000000033333,405.0,19
6411,5,H8,Anada,8,Les Corts - Vallespir,1577,16:56:47,56.78,10.966666666633333,658.0,
6055,5,H8,Anada,8,Les Corts - Vallespir,1577,17:04:40,4.67,7.883333333366666,473.0,
6015,2,H8,Anada,8,Les Corts - Vallespir,1577,17:18:57,18.95,14.299999999933334,858.0,
6414,5,H8,Anada,8,Les Corts - Vallespir,1577,17:22:28,22.47,3.5000000000666662,210.0,21
6800,5,H8,Anada,8,Les Corts - Vallespir,1577,17:29:31,29.52,7.0666666666,424.0,
6213,5,H8,Anada,8,Les Corts - Vallespir,1577,17:36:40,36.67,7.15,429.0,
6407,5,H8,Anada,8,Les Corts - Vallespir,1577,17:43:44,43.73,7.050000000033333,423.0,
6211,6,H8,Anada,8,Les Corts - Vallespir,1577,17:55:39,55.65,11.9333333333,716.0,
6212,6,H8,Anada,8,Les Corts - Vallespir,1577,18:07:51,7.85,12.2,732.0,"17,18,19,20,21,22,23,24,25,26,27,28,29,30,31,32,33,34,35,36,37,38,39"
6036,2,H8,Anada,8,Les Corts - Vallespir,1577,18:11:44,11.73,3.866666666733333,232.0,
6216,5,H8,Anada,8,Les Corts - Vallespir,1577,18:22:30,22.5,10.783333333266667,647.0,
6413,6,H8,Anada,8,Les Corts - Vallespir,1577,18:31:31,31.52,9.016666666666667,541.0,
6415,6,H8,Anada,8,Les Corts - Vallespir,1577,18:42:41,42.68,11.166666666666666,670.0,
6209,6,H8,Anada,8,Les Corts - Vallespir,1577,18:53:31,53.52,10.833333333333334,650.0,"9,19"
6408,6,H8,Anada,8,Les Corts - Vallespir,1577,19:06:12,6.2,12.6666666667,760.0,
6200,2,H8,Anada,8,Les Corts - Vallespir,1577,19:14:57,14.95,8.75,525.0,"14,15,16,17,18,19,20,21,22,23,24,25,26,27,28,29,30,31,32,33,34,35,36,37,38,39"
6409,6,H8,Anada,8,Les Corts - Vallespir,1577,19:27:56,27.93,12.199999999933334,732.0,
6056,7,H8,Anada,8,Les Corts - Vallespir,1577,19:33:50,33.83,5.899999999983334,354.0,
6411,6,H8,Anada,8,Les Corts - Vallespir,1577,19:48:09,48.15,14.316666666683334,859.0,30
6414,6,H8,Anada,8,Les Corts - Vallespir,1577,20:10:10,10.17,22.016666666666666,1321.0,34
6213,6,H8,Anada,8,Les Corts - Vallespir,1577,20:22:46,22.77,12.583333333366665,755.0,
6025,2,H8,Anada,8,Les Corts - Vallespir,1577,20:37:58,37.97,15.216666666633333,913.0,
6036,3,H8,Anada,8,Les Corts - Vallespir,1577,20:50:09,50.15,12.1666666667,730.0,
6413,7,H8,Anada,8,Les Corts - Vallespir,1577,21:04:46,4.77,14.6166666667,877.0,
6200,3,H8,Anada,8,Les Corts - Vallespir,1577,21:21:33,21.55,16.783333333333335,1007.0,30
6408,7,H8,Anada,8,Les Corts - Vallespir,1577,21:34:06,34.1,12.55,753.0,24
6413,1,H8,Anada,9,Numància - Parc Les Corts,990,03:47:39,47.65,,,1
6415,1,H8,Anada,9,Numància - Parc Les Corts,990,04:00:55,0.92,13.266666666666667,796.0,1
6209,1,H8,Anada,9,Numància - Parc Les Corts,990,04:08:19,8.32,7.383333333366666,443.0,
6022,1,H8,Anada,9,Numància - Parc Les Corts,990,04:17:26,17.43,9.116666666666667,547.0,1
6408,1,H8,Anada,9,Numància - Parc Les Corts,990,04:25:54,25.9,8.4666666667,508.0,"1,2,3"
6215,1,H8,Anada,9,Numància - Parc Les Corts,990,04:38:15,38.25,12.3666666666,742.0,
6409,1,H8,Anada,9,Numància - Parc Les Corts,990,04:44:18,44.3,6.05,363.0,
6056,1,H8,Anada,9,Numància - Parc Les Corts,990,04:56:40,56.67,12.350000000066666,741.0,14
6411,1,H8,Anada,9,Numància - Parc Les Corts,990,05:06:46,6.77,10.1166666666,607.0,
6055,1,H8,Anada,9,Numància - Parc Les Corts,990,05:14:39,14.65,7.866666666733334,472.0,"1,18,35,36"
6414,1,H8,Anada,9,Numància - Parc Les Corts,990,05:18:08,18.13,3.4999999999333338,210.0,"1,2,3"
6117,1,H8,Anada,9,Numància - Parc Les Corts,990,05:26:58,26.97,8.8166666667,529.0,
6800,1,H8,Anada,9,Numància - Parc Les Corts,990,05:32:54,32.9,5.933333333333334,356.0,
6213,1,H8,Anada,9,Numància - Parc Les Corts,990,05:40:45,40.75,7.866666666633334,472.0,
6407,1,H8,Anada,9,Numància - Parc Les Corts,990,05:53:39,53.65,12.9,774.0,
6211,2,H8,Anada,9,Numància - Parc Les Corts,990,06:04:49,4.82,11.150000000033334,669.0,1
6212,2,H8,Anada,9,Numància - Parc Les Corts,990,06:12:48,12.8,7.983333333333333,479.0,
6216,1,H8,Anada,9,Numància - Parc Les Corts,990,06:25:14,25.23,12.433333333333334,746.0,
6413,2,H8,Anada,9,Numància - Parc Les Corts,990,06:33:17,33.28,8.050000000033332,483.0,
6217,1,H8,Anada,9,Numància - Parc Les Corts,990,06:41:38,41.63,8.349999999966666,501.0,
6415,2,H8,Anada,9,Numància - Parc Les Corts,990,06:51:14,51.23,9.600000000016667,576.0,
6026,1,H8,Anada,9,Numància - Parc Les Corts,990,06:57:40,57.67,6.43333333335,386.0,
6209,2,H8,Anada,9,Numància - Parc Les Corts,990,07:11:15,11.25,13.5833333333,815.0,36
6022,2,H8,Anada,9,Numància - Parc Les Corts,990,07:16:54,16.9,5.65,339.0,
6408,2,H8,Anada,9,Numància - Parc Les Corts,990,07:24:41,24.68,7.799999999966667,468.0,
6215,2,H8,Anada,9,Numància - Parc Les Corts,990,07:34:15,34.25,9.550000000066666,573.0,
6409,2,H8,Anada,9,Numància - Parc Les Corts,990,07:40:32,40.53,6.283333333333333,377.0,19
6056,3,H8,Anada,9,Numància - Parc Les Corts,990,07:52:53,52.88,12.3666666666,742.0,"22,34"
6411,2,H8,Anada,9,Numància - Parc Les Corts,990,07:59:28,59.47,6.583333333333333,395.0,
6055,2,H8,Anada,9,Numància - Parc Les Corts,990,08:10:38,10.63,11.150000000066665,669.0,
6414,2,H8,Anada,9,Numància - Parc Les Corts,990,08:21:42,21.7,11.066666666633333,664.0,
6800,2,H8,Anada,9,Numància - Parc Les Corts,990,08:32:26,32.43,10.733333333366666,644.0,
6213,2,H8,Anada,9,Numància - Parc Les Corts,990,08:38:01,38.02,5.583333333333333,335.0,
6407,2,H8,Anada,9,Numància - Parc Les Corts,990,08:48:08,48.13,10.116666666633334,607.0,
6211,3,H8,Anada,9,Numància - Parc Les Corts,990,09:02:24,2.4,14.266666666666667,856.0,
6212,3,H8,Anada,9,Numància - Parc Les Corts,990,09:14:01,14.02,11.6333333333,698.0,
6216,2,H8,Anada,9,Numància - Parc Les Corts,990,09:21:41,21.68,7.650000000033333,459.0,
6413,3,H8,Anada,9,Numància - Parc Les Corts,990,09:32:56,32.93,11.266666666633334,676.0,
6217,2,H8,Anada,9,Numància - Parc Les Corts,990,09:42:37,42.62,9.683333333333334,581.0,
6415,3,H8,Anada,9,Numància - Parc Les Corts,990,09:52:09,52.15,9.533333333333333,572.0,
6026,2,H8,Anada,9,Numància - Parc Les Corts,990,10:03:23,3.38,11.216666666733333,673.0,
6209,3,H8,Anada,9,Numància - Parc Les Corts,990,10:11:18,11.3,7.93333333325,476.0,1
6408,3,H8,Anada,9,Numància - Parc Les Corts,990,10:16:59,16.98,5.68333333335,341.0,
6215,3,H8,Anada,9,Numància - Parc Les Corts,990,10:31:58,31.97,14.9666666667,898.0,
6409,3,H8,Anada,9,Numància - Parc Les Corts,990,10:41:28,41.47,9.500000000033333,570.0,
6056,4,H8,Anada,9,Numància - Parc Les Corts,990,10:50:45,50.75,9.283333333333333,557.0,
6411,3,H8,Anada,9,Numància - Parc Les Corts,990,11:01:09,1.15,10.416666666600001,625.0,
6055,3,H8,Anada,9,Numància - Parc Les Corts,990,11:13:23,13.38,12.233333333333333,734.0,
6414,3,H8,Anada,9,Numància - Parc Les Corts,990,11:18:34,18.57,5.166666666733334,310.0,
6800,3,H8,Anada,9,Numància - Parc Les Corts,990,11:29:56,29.93,11.383333333266668,683.0,
6213,3,H8,Anada,9,Numància - Parc Les Corts,990,11:37:45,37.75,7.8000000000666665,468.0,5
6407,3,H8,Anada,9,Numància - Parc Les Corts,990,11:51:29,51.48,13.749999999933333,825.0,
6211,4,H8,Anada,9,Numància - Parc Les Corts,990,12:00:14,0.23,8.75,525.0,
6212,4,H8,Anada,9,Numància - Parc Les Corts,990,12:11:05,11.08,10.833333333399999,650.0,
6216,3,H8,Anada,9,Numància - Parc Les Corts,990,12:22:10,22.17,11.083333333333334,665.0,
6413,4,H8,Anada,9,Numància - Parc Les Corts,990,12:29:04,29.07,6.9,414.0,
6217,3,H8,Anada,9,Numància - Parc Les Corts,990,12:40:31,40.52,11.4666666666,688.0,
6415,4,H8,Anada,9,Numància - Parc Les Corts,990,12:47:10,47.17,6.633333333366666,398.0,
6209,4,H8,Anada,9,Numància - Parc Les Corts,990,13:01:11,1.18,14.016666666699999,841.0,
6408,4,H8,Anada,9,Numància - Parc Les Corts,990,13:13:30,13.5,12.333333333266667,740.0,
6215,4,H8,Anada,9,Numància - Parc Les Corts,990,13:26:08,26.13,12.616666666733332,757.0,
6409,4,H8,Anada,9,Numància - Parc Les Corts,990,13:35:38,35.63,9.5,570.0,
6056,5,H8,Anada,9,Numància - Parc Les Corts,990,13:46:01,46.02,10.399999999933334,624.0,
6411,4,H8,Anada,9,Numància - Parc Les Corts,990,13:55:07,55.12,9.1,546.0,
6055,4,H8,Anada,9,Numància - Parc Les Corts,990,14:03:33,3.55,8.4166666667,505.0,1
6015,1,H8,Anada,9,Numància - Parc Les Corts,990,14:12:50,12.83,9.283333333366667,557.0,1
6414,4,H8,Anada,9,Numància - Parc Les Corts,990,14:25:47,25.78,12.9666666666,778.0,
6800,4,H8,Anada,9,Numància - Parc Les Corts,990,14:32:04,32.07,6.2666666667,376.0,
6213,4,H8,Anada,9,Numància - Parc Les Corts,990,14:34:46,34.77,2.71666666665,163.0,
6407,4,H8,Anada,9,Numància - Parc Les Corts,990,14:48:57,48.95,14.166666666683334,850.0,
6211,5,H8,Anada,9,Numància - Parc Les Corts,990,14:59:28,59.47,10.516666666699999,631.0,
6212,5,H8,Anada,9,Numància - Parc Les Corts,990,15:09:10,9.17,9.7166666666,583.0,
6036,1,H8,Anada,9,Numància - Parc Les Corts,990,15:16:47,16.78,7.600000000033333,456.0,"1,2,3,4,33"
6216,4,H8,Anada,9,Numància - Parc Les Corts,990,15:23:12,23.2,6.4333333333,386.0,
6413,5,H8,Anada,9,Numància - Parc Les Corts,990,15:34:27,34.45,11.25,675.0,
6217,4,H8,Anada,9,Numància - Parc Les Corts,990,15:44:46,44.77,10.300000000066666,618.0,
6415,5,H8,Anada,9,Numància - Parc Les Corts,990,15:50:46,50.77,5.999999999966667,360.0,
6200,1,H8,Anada,9,Numància - Parc Les Corts,990,16:10:52,10.87,20.116666666633332,1207.0,
6408,5,H8,Anada,9,Numància - Parc Les Corts,990,16:16:57,16.95,6.083333333333333,365.0,
6215,5,H8,Anada,9,Numància - Parc Les Corts,990,16:29:31,29.52,12.550000000066666,753.0,
6409,5,H8,Anada,9,Numància - Parc Les Corts,990,16:41:30,41.5,11.983333333300001,719.0,
6056,6,H8,Anada,9,Numància - Parc Les Corts,990,16:48:44,48.73,7.233333333333333,434.0,19
6411,5,H8,Anada,9,Numància - Parc Les Corts,990,16:59:04,59.07,10.333333333366665,620.0,
6055,5,H8,Anada,9,Numància - Parc Les Corts,990,17:06:55,6.92,7.849999999966667,471.0,
6015,2,H8,Anada,9,Numància - Parc Les Corts,990,17:21:29,21.48,14.5666666667,874.0,
6414,5,H8,Anada,9,Numància - Parc Les Corts,990,17:24:21,24.35,2.8666666666666667,172.0,21
6800,5,H8,Anada,9,Numància - Parc Les Corts,990,17:31:13,31.22,6.866666666666666,412.0,
6213,5,H8,Anada,9,Numància - Parc Les Corts,990,17:38:39,38.65,7.4499999999333335,447.0,
6407,5,H8,Anada,9,Numància - Parc Les Corts,990,17:47:09,47.15,8.5,510.0,
6211,6,H8,Anada,9,Numància - Parc Les Corts,990,17:58:18,58.3,11.15,669.0,
6212,6,H8,Anada,9,Numància - Parc Les Corts,990,18:10:21,10.35,12.05,723.0,"17,18,19,20,21,22,23,24,25,26,27,28,29,30,31,32,33,34,35,36,37,38,39"
6036,2,H8,Anada,9,Numància - Parc Les Corts,990,18:14:32,14.53,4.166666666733333,250.0,
6216,5,H8,Anada,9,Numància - Parc Les Corts,990,18:24:49,24.82,10.2833333333,617.0,
6413,6,H8,Anada,9,Numància - Parc Les Corts,990,18:33:05,33.08,8.2833333333,497.0,
6415,6,H8,Anada,9,Numància - Parc Les Corts,990,18:44:11,44.18,11.083333333399999,665.0,
6408,6,H8,Anada,9,Numància - Parc Les Corts,990,19:07:59,7.98,23.8,1428.0,
6200,2,H8,Anada,9,Numància - Parc Les Corts,990,19:17:04,17.07,9.083333333333334,545.0,"14,15,16,17,18,19,20,21,22,23,24,25,26,27,28,29,30,31,32,33,34,35,36,37,38,39"
6409,6,H8,Anada,9,Numància - Parc Les Corts,990,19:30:21,30.35,12.633333333333333,758.0,
6056,7,H8,Anada,9,Numància - Parc Les Corts,990,19:35:26,35.43,5.083333333366666,305.0,
6411,6,H8,Anada,9,Numància - Parc Les Corts,990,19:48:45,48.75,13.333333333266667,800.0,30
6414,6,H8,Anada,9,Numància - Parc Les Corts,990,20:11:26,11.43,22.683333333333334,1361.0,34
6213,6,H8,Anada,9,Numància - Parc Les Corts,990,20:24:24,24.4,12.966666666666667,778.0,
6212,8,H8,Anada,9,Numància - Parc Les Corts,990,20:38:46,38.77,14.366666666666667,862.0,
6036,3,H8,Anada,9,Numància - Parc Les Corts,990,20:51:57,51.95,12.283333333333333,737.0,
6413,7,H8,Anada,9,Numància - Parc Les Corts,990,21:06:04,6.07,14.100000000033333,846.0,
6200,3,H8,Anada,9,Numància - Parc Les Corts,990,21:23:13,23.22,17.166666666633333,1030.0,30
6408,7,H8,Anada,9,Numància - Parc Les Corts,990,21:35:19,35.32,12.083333333399999,725.0,24
6413,1,H8,Anada,10,Numància - Marquès de Sentmenat,109,03:48:44,48.73,,,1
6415,1,H8,Anada,10,Numància - Marquès de Sentmenat,109,04:02:28,2.47,13.7166666667,823.0,1
6209,1,H8,Anada,10,Numància - Marquès de Sentmenat,109,04:10:32,10.53,8.0666666667,484.0,
6022,1,H8,Anada,10,Numància - Marquès de Sentmenat,109,04:18:32,18.53,8.0,480.0,1
6408,1,H8,Anada,10,Numància - Marquès de Sentmenat,109,04:28:23,28.38,9.8666666666,592.0,"1,2,3"
6215,1,H8,Anada,10,Numància - Marquès de Sentmenat,109,04:38:35,38.58,10.183333333366667,611.0,
6409,1,H8,Anada,10,Numància - Marquès de Sentmenat,109,04:44:48,44.8,6.216666666699999,373.0,
6056,1,H8,Anada,10,Numància - Marquès de Sentmenat,109,04:58:15,58.25,13.4666666666,808.0,14
6411,1,H8,Anada,10,Numància - Marquès de Sentmenat,109,05:07:52,7.87,9.616666666666667,577.0,
6055,1,H8,Anada,10,Numància - Marquès de Sentmenat,109,05:15:39,15.65,7.783333333333333,467.0,"1,18,35,36"
6414,1,H8,Anada,10,Numància - Marquès de Sentmenat,109,05:19:10,19.17,3.5166666666666666,211.0,"1,2,3"
6117,1,H8,Anada,10,Numància - Marquès de Sentmenat,109,05:28:34,28.57,9.383333333366666,563.0,
6800,1,H8,Anada,10,Numància - Marquès de Sentmenat,109,05:33:32,33.53,4.966666666699999,298.0,
6213,1,H8,Anada,10,Numància - Marquès de Sentmenat,109,05:41:36,41.6,8.066666666666666,484.0,
6407,1,H8,Anada,10,Numància - Marquès de Sentmenat,109,05:55:18,55.3,13.7,822.0,
6211,2,H8,Anada,10,Numància - Marquès de Sentmenat,109,06:05:24,5.4,10.1,606.0,1
6212,2,H8,Anada,10,Numància - Marquès de Sentmenat,109,06:14:06,14.1,8.7,522.0,
6216,1,H8,Anada,10,Numància - Marquès de Sentmenat,109,06:27:28,27.47,13.366666666633334,802.0,
6413,2,H8,Anada,10,Numància - Marquès de Sentmenat,109,06:36:02,36.03,8.566666666666666,514.0,
6217,1,H8,Anada,10,Numància - Marquès de Sentmenat,109,06:43:42,43.7,7.666666666699999,460.0,
6415,2,H8,Anada,10,Numància - Marquès de Sentmenat,109,06:53:50,53.83,10.149999999933334,609.0,
6026,1,H8,Anada,10,Numància - Marquès de Sentmenat,109,06:59:29,59.48,5.633333333366666,338.0,
6209,2,H8,Anada,10,Numància - Marquès de Sentmenat,109,07:11:25,11.42,11.949999999966668,717.0,36
6022,2,H8,Anada,10,Numància - Marquès de Sentmenat,109,07:17:48,17.8,6.383333333333334,383.0,
6408,2,H8,Anada,10,Numància - Marquès de Sentmenat,109,07:25:38,25.63,7.816666666733334,469.0,
6215,2,H8,Anada,10,Numància - Marquès de Sentmenat,109,07:35:24,35.4,9.783333333266667,587.0,
6409,2,H8,Anada,10,Numància - Marquès de Sentmenat,109,07:41:36,41.6,6.183333333366666,371.0,19
6056,3,H8,Anada,10,Numància - Marquès de Sentmenat,109,07:53:59,53.98,12.383333333366666,743.0,"22,34"
6411,2,H8,Anada,10,Numància - Marquès de Sentmenat,109,08:02:15,2.25,8.283333333266667,497.0,
6055,2,H8,Anada,10,Numància - Marquès de Sentmenat,109,08:11:13,11.22,8.966666666666667,538.0,
6414,2,H8,Anada,10,Numància - Marquès de Sentmenat,109,08:23:06,23.1,11.8666666667,712.0,
6800,2,H8,Anada,10,Numància - Marquès de Sentmenat,109,08:35:06,35.1,12.0,720.0,
6213,2,H8,Anada,10,Numància - Marquès de Sentmenat,109,08:38:39,38.65,3.5500000000333336,213.0,
6407,2,H8,Anada,10,Numància - Marquès de Sentmenat,109,08:48:53,48.88,10.249999999933333,615.0,
6211,3,H8,Anada,10,Numància - Marquès de Sentmenat,109,09:05:01,5.02,16.1166666667,967.0,
6212,3,H8,Anada,10,Numància - Marquès de Sentmenat,109,09:15:24,15.4,10.399999999966667,624.0,
6216,2,H8,Anada,10,Numància - Marquès de Sentmenat,109,09:22:53,22.88,7.466666666699999,448.0,
6413,3,H8,Anada,10,Numància - Marquès de Sentmenat,109,09:35:28,35.47,12.583333333366665,755.0,
6217,2,H8,Anada,10,Numància - Marquès de Sentmenat,109,09:45:24,45.4,9.9333333333,596.0,
6415,3,H8,Anada,10,Numància - Marquès de Sentmenat,109,09:53:36,53.6,8.2,492.0,
6026,2,H8,Anada,10,Numància - Marquès de Sentmenat,109,10:04:35,4.58,10.983333333333333,659.0,
6209,3,H8,Anada,10,Numància - Marquès de Sentmenat,109,10:12:35,12.58,8.000000000033333,480.0,1
6408,3,H8,Anada,10,Numància - Marquès de Sentmenat,109,10:18:40,18.67,6.083333333300001,365.0,
6215,3,H8,Anada,10,Numància - Marquès de Sentmenat,109,10:32:50,32.83,14.183333333316666,851.0,
6409,3,H8,Anada,10,Numància - Marquès de Sentmenat,109,10:43:15,43.25,10.400000000016666,624.0,
6056,4,H8,Anada,10,Numància - Marquès de Sentmenat,109,10:52:06,52.1,8.850000000033333,531.0,
6411,3,H8,Anada,10,Numància - Marquès de Sentmenat,109,11:03:01,3.02,10.916666666666666,655.0,
6055,3,H8,Anada,10,Numància - Marquès de Sentmenat,109,11:14:42,14.7,11.683333333333334,701.0,
6414,3,H8,Anada,10,Numància - Marquès de Sentmenat,109,11:21:08,21.13,6.4499999999333335,387.0,
6800,3,H8,Anada,10,Numància - Marquès de Sentmenat,109,11:31:09,31.15,10.000000000066667,600.0,
6213,3,H8,Anada,10,Numància - Marquès de Sentmenat,109,11:38:29,38.48,7.333333333300001,440.0,5
6407,3,H8,Anada,10,Numància - Marquès de Sentmenat,109,11:52:11,52.18,13.7,822.0,
6211,4,H8,Anada,10,Numància - Marquès de Sentmenat,109,12:01:29,1.48,9.300000000033332,558.0,
6212,4,H8,Anada,10,Numància - Marquès de Sentmenat,109,12:12:37,12.62,11.149999999933334,669.0,
6216,3,H8,Anada,10,Numància - Marquès de Sentmenat,109,12:23:19,23.32,10.7,642.0,
6413,4,H8,Anada,10,Numància - Marquès de Sentmenat,109,12:31:25,31.42,8.083333333366665,485.0,
6217,3,H8,Anada,10,Numància - Marquès de Sentmenat,109,12:41:52,41.87,10.450000000033333,627.0,
6026,3,H8,Anada,10,Numància - Marquès de Sentmenat,109,12:44:48,44.8,2.933333333333333,176.0,"1,8,9,23,24,25,26,27,28,29,30,31,32,33,34,35,36,37,38,39"
6415,4,H8,Anada,10,Numància - Marquès de Sentmenat,109,12:48:49,48.82,4.016666666666667,241.0,
6209,4,H8,Anada,10,Numància - Marquès de Sentmenat,109,13:02:58,2.97,14.149999999983333,849.0,
6408,4,H8,Anada,10,Numància - Marquès de Sentmenat,109,13:14:57,14.95,11.983333333333333,719.0,
6215,4,H8,Anada,10,Numància - Marquès de Sentmenat,109,13:28:40,28.67,13.733333333283333,824.0,
6409,4,H8,Anada,10,Numància - Marquès de Sentmenat,109,13:36:53,36.88,8.200000000066668,492.0,
6056,5,H8,Anada,10,Numància - Marquès de Sentmenat,109,13:46:40,46.67,9.799999999933334,588.0,
6411,4,H8,Anada,10,Numància - Marquès de Sentmenat,109,13:56:54,56.9,10.233333333333333,614.0,
6055,4,H8,Anada,10,Numància - Marquès de Sentmenat,109,14:04:53,4.88,7.966666666699999,478.0,1
6015,1,H8,Anada,10,Numància - Marquès de Sentmenat,109,14:15:56,15.93,11.050000000033332,663.0,1
6414,4,H8,Anada,10,Numància - Marquès de Sentmenat,109,14:27:12,27.2,11.266666666633334,676.0,
6800,4,H8,Anada,10,Numància - Marquès de Sentmenat,109,14:33:13,33.22,6.0166666667,361.0,
6213,4,H8,Anada,10,Numància - Marquès de Sentmenat,109,14:35:09,35.15,1.9499999999333333,117.0,
6407,4,H8,Anada,10,Numància - Marquès de Sentmenat,109,14:51:17,51.28,16.133333333333333,968.0,
6211,5,H8,Anada,10,Numància - Marquès de Sentmenat,109,15:01:13,1.22,9.9166666667,595.0,
6212,5,H8,Anada,10,Numància - Marquès de Sentmenat,109,15:10:59,10.98,9.766666666699999,586.0,
6036,1,H8,Anada,10,Numància - Marquès de Sentmenat,109,15:18:41,18.68,7.7,462.0,"1,2,3,4,33"
6216,4,H8,Anada,10,Numància - Marquès de Sentmenat,109,15:24:49,24.82,6.149999999933333,369.0,
6413,5,H8,Anada,10,Numància - Marquès de Sentmenat,109,15:37:38,37.63,12.800000000033332,768.0,
6217,4,H8,Anada,10,Numància - Marquès de Sentmenat,109,15:46:58,46.97,9.333333333366665,560.0,
6415,5,H8,Anada,10,Numància - Marquès de Sentmenat,109,15:53:05,53.08,6.116666666666666,367.0,
6200,1,H8,Anada,10,Numància - Marquès de Sentmenat,109,16:13:55,13.92,20.8333333333,1250.0,
6408,5,H8,Anada,10,Numància - Marquès de Sentmenat,109,16:18:01,18.02,4.116666666633333,247.0,
6215,5,H8,Anada,10,Numància - Marquès de Sentmenat,109,16:32:06,32.1,14.083333333316666,845.0,
6409,5,H8,Anada,10,Numància - Marquès de Sentmenat,109,16:43:39,43.65,11.550000000016666,693.0,
6056,6,H8,Anada,10,Numància - Marquès de Sentmenat,109,16:49:45,49.75,6.100000000016666,366.0,19
6411,5,H8,Anada,10,Numància - Marquès de Sentmenat,109,17:00:16,0.27,10.500000000016666,630.0,
6055,5,H8,Anada,10,Numància - Marquès de Sentmenat,109,17:07:44,7.73,7.4666666666833335,448.0,
6015,2,H8,Anada,10,Numància - Marquès de Sentmenat,109,17:23:45,23.75,16.01666666668333,961.0,
6414,5,H8,Anada,10,Numància - Marquès de Sentmenat,109,17:25:53,25.88,2.1333333333,128.0,21
6800,5,H8,Anada,10,Numància - Marquès de Sentmenat,109,17:31:55,31.92,6.049999999966667,363.0,
6213,5,H8,Anada,10,Numància - Marquès de Sentmenat,109,17:40:11,40.18,8.250000000066667,495.0,
6407,5,H8,Anada,10,Numància - Marquès de Sentmenat,109,17:50:05,50.08,9.9,594.0,
6211,6,H8,Anada,10,Numància - Marquès de Sentmenat,109,18:00:13,0.22,10.1333333333,608.0,
6212,6,H8,Anada,10,Numància - Marquès de Sentmenat,109,18:11:50,11.83,11.616666666666667,697.0,"17,18,19,20,21,22,23,24,25,26,27,28,29,30,31,32,33,34,35,36,37,38,39"
6036,2,H8,Anada,10,Numància - Marquès de Sentmenat,109,18:15:43,15.72,3.8833333333666666,233.0,
6216,5,H8,Anada,10,Numància - Marquès de Sentmenat,109,18:26:20,26.33,10.616666666666667,637.0,
6413,6,H8,Anada,10,Numància - Marquès de Sentmenat,109,18:35:27,35.45,9.133333333266668,548.0,
6415,6,H8,Anada,10,Numància - Marquès de Sentmenat,109,18:46:05,46.08,10.6166666667,637.0,
6209,6,H8,Anada,10,Numància - Marquès de Sentmenat,109,18:56:04,56.07,9.983333333366666,599.0,"9,19"
6408,6,H8,Anada,10,Numància - Marquès de Sentmenat,109,19:09:32,9.53,13.466666666666667,808.0,
6200,2,H8,Anada,10,Numància - Marquès de Sentmenat,109,19:18:15,18.25,8.716666666633333,523.0,"14,15,16,17,18,19,20,21,22,23,24,25,26,27,28,29,30,31,32,33,34,35,36,37,38,39"
6215,6,H8,Anada,10,Numància - Marquès de Sentmenat,109,19:19:32,19.53,1.2833333333333334,77.0,1
6409,6,H8,Anada,10,Numància - Marquès de Sentmenat,109,19:31:25,31.42,11.883333333366666,713.0,
6056,7,H8,Anada,10,Numància - Marquès de Sentmenat,109,19:36:50,36.83,5.433333333266666,326.0,
6411,6,H8,Anada,10,Numància - Marquès de Sentmenat,109,19:50:05,50.08,13.233333333366666,794.0,30
6414,6,H8,Anada,10,Numància - Marquès de Sentmenat,109,20:12:26,12.43,22.366666666633332,1342.0,34
6213,6,H8,Anada,10,Numància - Marquès de Sentmenat,109,20:25:54,25.9,13.450000000066666,807.0,
6212,8,H8,Anada,10,Numància - Marquès de Sentmenat,109,20:40:03,40.05,14.149999999966667,849.0,
6036,3,H8,Anada,10,Numància - Marquès de Sentmenat,109,20:52:27,52.45,12.1166666666,727.0,
6413,7,H8,Anada,10,Numància - Marquès de Sentmenat,109,21:07:10,7.17,14.700000000033333,882.0,
6200,3,H8,Anada,10,Numància - Marquès de Sentmenat,109,21:24:26,24.43,17.2666666667,1036.0,30
6408,7,H8,Anada,10,Numància - Marquès de Sentmenat,109,21:36:34,36.57,12.149999999933334,729.0,24
6212,1,H8,Anada,11,Berlín - Nicaragua,396,03:35:34,35.57,,,"1,2,3,4,5,6,7,8,9,10,30"
6413,1,H8,Anada,11,Berlín - Nicaragua,396,03:50:15,50.25,14.683333333316666,881.0,1
6415,1,H8,Anada,11,Berlín - Nicaragua,396,04:03:28,3.47,13.216666666666667,793.0,1
6209,1,H8,Anada,11,Berlín - Nicaragua,396,04:12:00,12.0,8.516666666699999,511.0,
6022,1,H8,Anada,11,Berlín - Nicaragua,396,04:20:54,20.9,8.900000000033334,534.0,1
6408,1,H8,Anada,11,Berlín - Nicaragua,396,04:30:14,30.23,9.349999999933335,561.0,"1,2,3"
6215,1,H8,Anada,11,Berlín - Nicaragua,396,04:40:33,40.55,10.316666666666666,619.0,
6409,1,H8,Anada,11,Berlín - Nicaragua,396,04:45:32,45.53,4.9666666667333335,298.0,
6056,1,H8,Anada,11,Berlín - Nicaragua,396,05:00:06,0.1,14.566666666666666,874.0,14
6411,1,H8,Anada,11,Berlín - Nicaragua,396,05:08:30,8.5,8.4,504.0,
6055,1,H8,Anada,11,Berlín - Nicaragua,396,05:17:23,17.38,8.883333333333333,533.0,"1,18,35,36"
6414,1,H8,Anada,11,Berlín - Nicaragua,396,05:20:23,20.38,3.0,180.0,"1,2,3"
6117,1,H8,Anada,11,Berlín - Nicaragua,396,05:31:21,31.35,10.966666666633333,658.0,
6800,1,H8,Anada,11,Berlín - Nicaragua,396,05:35:55,35.92,4.566666666666666,274.0,
6213,1,H8,Anada,11,Berlín - Nicaragua,396,05:43:00,43.0,7.083333333366666,425.0,
6407,1,H8,Anada,11,Berlín - Nicaragua,396,05:58:18,58.3,15.299999999966667,918.0,
6211,2,H8,Anada,11,Berlín - Nicaragua,396,06:07:37,7.62,9.316666666666666,559.0,1
6212,2,H8,Anada,11,Berlín - Nicaragua,396,06:15:21,15.35,7.749999999966667,465.0,
6216,1,H8,Anada,11,Berlín - Nicaragua,396,06:29:41,29.68,14.316666666716666,859.0,
6413,2,H8,Anada,11,Berlín - Nicaragua,396,06:38:44,38.73,9.050000000016666,543.0,
6217,1,H8,Anada,11,Berlín - Nicaragua,396,06:45:57,45.95,7.2166666666333334,433.0,
6415,2,H8,Anada,11,Berlín - Nicaragua,396,06:56:20,56.33,10.383333333333333,623.0,
6026,1,H8,Anada,11,Berlín - Nicaragua,396,07:02:13,2.22,5.883333333366666,353.0,
6209,2,H8,Anada,11,Berlín - Nicaragua,396,07:15:09,15.15,12.949999999933334,777.0,36
6022,2,H8,Anada,11,Berlín - Nicaragua,396,07:20:21,20.35,5.183333333366666,311.0,
6408,2,H8,Anada,11,Berlín - Nicaragua,396,07:28:09,28.15,7.8,468.0,
6215,2,H8,Anada,11,Berlín - Nicaragua,396,07:37:10,37.17,9.0333333333,542.0,
6409,2,H8,Anada,11,Berlín - Nicaragua,396,07:43:28,43.47,6.3000000000166665,378.0,19
6056,3,H8,Anada,11,Berlín - Nicaragua,396,07:55:20,55.33,11.866666666633334,712.0,"22,34"
6411,2,H8,Anada,11,Berlín - Nicaragua,396,08:04:06,4.1,8.766666666683333,526.0,
6055,2,H8,Anada,11,Berlín - Nicaragua,396,08:12:56,12.93,8.8166666667,529.0,
6414,2,H8,Anada,11,Berlín - Nicaragua,396,08:25:15,25.25,12.316666666666666,739.0,
6800,2,H8,Anada,11,Berlín - Nicaragua,396,08:37:07,37.12,11.866666666666667,712.0,
6213,2,H8,Anada,11,Berlín - Nicaragua,396,08:41:41,41.68,4.583333333300001,275.0,
6407,2,H8,Anada,11,Berlín - Nicaragua,396,08:51:34,51.57,9.883333333333333,593.0,
6211,3,H8,Anada,11,Berlín - Nicaragua,396,09:07:13,7.22,15.6333333334,938.0,
6212,3,H8,Anada,11,Berlín - Nicaragua,396,09:18:47,18.78,11.566666666666666,694.0,
6216,2,H8,Anada,11,Berlín - Nicaragua,396,09:25:27,25.45,6.683333333266666,401.0,
6413,3,H8,Anada,11,Berlín - Nicaragua,396,09:38:01,38.02,12.550000000066666,753.0,
6217,2,H8,Anada,11,Berlín - Nicaragua,396,09:47:53,47.88,9.883333333266668,593.0,
6415,3,H8,Anada,11,Berlín - Nicaragua,396,09:55:26,55.43,7.5500000000166665,453.0,
6026,2,H8,Anada,11,Berlín - Nicaragua,396,10:06:56,6.93,11.48333333335,689.0,
6209,3,H8,Anada,11,Berlín - Nicaragua,396,10:13:03,13.05,6.1333333333,368.0,1
6408,3,H8,Anada,11,Berlín - Nicaragua,396,10:21:17,21.28,8.216666666733333,493.0,
6215,3,H8,Anada,11,Berlín - Nicaragua,396,10:35:27,35.45,14.166666666666666,850.0,
6409,3,H8,Anada,11,Berlín - Nicaragua,396,10:45:25,45.42,9.966666666633333,598.0,
6056,4,H8,Anada,11,Berlín - Nicaragua,396,10:52:50,52.83,7.416666666699999,445.0,
6411,3,H8,Anada,11,Berlín - Nicaragua,396,11:06:18,6.3,13.466666666633333,808.0,
6055,3,H8,Anada,11,Berlín - Nicaragua,396,11:16:50,16.83,10.549999999966667,633.0,
6414,3,H8,Anada,11,Berlín - Nicaragua,396,11:23:23,23.38,6.5333333334,392.0,
6800,3,H8,Anada,11,Berlín - Nicaragua,396,11:33:04,33.07,9.6833333333,581.0,
6213,3,H8,Anada,11,Berlín - Nicaragua,396,11:41:20,41.33,8.266666666666667,496.0,5
6407,3,H8,Anada,11,Berlín - Nicaragua,396,11:55:24,55.4,14.0833333333,845.0,
6211,4,H8,Anada,11,Berlín - Nicaragua,396,12:04:30,4.5,9.099999999983334,546.0,
6212,4,H8,Anada,11,Berlín - Nicaragua,396,12:14:37,14.62,10.100000000049999,606.0,
6216,3,H8,Anada,11,Berlín - Nicaragua,396,12:25:07,25.12,10.500000000033333,630.0,
6413,4,H8,Anada,11,Berlín - Nicaragua,396,12:33:40,33.67,8.566666666600002,514.0,
6217,3,H8,Anada,11,Berlín - Nicaragua,396,12:43:36,43.6,9.9166666667,595.0,
6026,3,H8,Anada,11,Berlín - Nicaragua,396,12:44:57,44.95,1.3500000000166668,81.0,"1,8,9,23,24,25,26,27,28,29,30,31,32,33,34,35,36,37,38,39"
6415,4,H8,Anada,11,Berlín - Nicaragua,396,12:51:07,51.12,6.166666666683333,370.0,
6209,4,H8,Anada,11,Berlín - Nicaragua,396,13:04:59,4.98,13.88333333325,833.0,
6408,4,H8,Anada,11,Berlín - Nicaragua,396,13:17:10,17.17,12.166666666716667,730.0,
6215,4,H8,Anada,11,Berlín - Nicaragua,396,13:31:33,31.55,14.383333333333333,863.0,
6409,4,H8,Anada,11,Berlín - Nicaragua,396,13:39:41,39.68,8.149999999966667,489.0,
6056,5,H8,Anada,11,Berlín - Nicaragua,396,13:49:29,49.48,9.8,588.0,
6411,4,H8,Anada,11,Berlín - Nicaragua,396,13:59:13,59.22,9.716666666733333,583.0,
6055,4,H8,Anada,11,Berlín - Nicaragua,396,14:07:54,7.9,8.683333333333334,521.0,1
6015,1,H8,Anada,11,Berlín - Nicaragua,396,14:17:51,17.85,9.949999999966668,597.0,1
6414,4,H8,Anada,11,Berlín - Nicaragua,396,14:29:02,29.03,11.199999999966668,672.0,
6800,4,H8,Anada,11,Berlín - Nicaragua,396,14:35:23,35.38,6.333333333366666,380.0,
6213,4,H8,Anada,11,Berlín - Nicaragua,396,14:40:16,40.27,4.883333333333334,293.0,
6407,4,H8,Anada,11,Berlín - Nicaragua,396,14:54:57,54.95,14.683333333366667,881.0,
6211,5,H8,Anada,11,Berlín - Nicaragua,396,15:03:30,3.5,8.549999999966667,513.0,
6212,5,H8,Anada,11,Berlín - Nicaragua,396,15:13:52,13.87,10.3666666667,622.0,
6036,1,H8,Anada,11,Berlín - Nicaragua,396,15:22:09,22.15,8.2833333333,497.0,"1,2,3,4,33"
6216,4,H8,Anada,11,Berlín - Nicaragua,396,15:27:56,27.93,5.7833333333666666,347.0,
6413,5,H8,Anada,11,Berlín - Nicaragua,396,15:39:14,39.23,11.3,678.0,
6217,4,H8,Anada,11,Berlín - Nicaragua,396,15:48:58,48.97,9.733333333300001,584.0,
6415,5,H8,Anada,11,Berlín - Nicaragua,396,15:55:44,55.73,6.7666666667,406.0,
6200,1,H8,Anada,11,Berlín - Nicaragua,396,16:16:40,16.67,20.933333333300002,1256.0,
6408,5,H8,Anada,11,Berlín - Nicaragua,396,16:20:56,20.93,4.133333333366667,248.0,
6215,5,H8,Anada,11,Berlín - Nicaragua,396,16:34:05,34.08,13.166666666633335,790.0,
6409,5,H8,Anada,11,Berlín - Nicaragua,396,16:46:39,46.65,12.566666666666666,754.0,
6056,6,H8,Anada,11,Berlín - Nicaragua,396,16:52:21,52.35,5.7,342.0,19
6411,5,H8,Anada,11,Berlín - Nicaragua,396,17:03:49,3.82,11.450000000033333,687.0,
6055,5,H8,Anada,11,Berlín - Nicaragua,396,17:10:55,10.92,7.100000000033333,426.0,
6015,2,H8,Anada,11,Berlín - Nicaragua,396,17:26:47,26.78,15.883333333266668,953.0,
6414,5,H8,Anada,11,Berlín - Nicaragua,396,17:28:43,28.72,1.9333333333333333,116.0,21
6800,5,H8,Anada,11,Berlín - Nicaragua,396,17:34:23,34.38,5.650000000066667,339.0,
6213,5,H8,Anada,11,Berlín - Nicaragua,396,17:43:04,43.07,8.683333333333334,521.0,
6407,5,H8,Anada,11,Berlín - Nicaragua,396,17:52:04,52.07,8.999999999966667,540.0,
6211,6,H8,Anada,11,Berlín - Nicaragua,396,18:02:12,2.2,10.133333333333333,608.0,
6036,2,H8,Anada,11,Berlín - Nicaragua,396,18:17:45,17.75,15.55,933.0,
6212,6,H8,Anada,11,Berlín - Nicaragua,396,18:27:07,27.12,9.366666666666667,562.0,"17,18,19,20,21,22,23,24,25,26,27,28,29,30,31,32,33,34,35,36,37,38,39"
6413,6,H8,Anada,11,Berlín - Nicaragua,396,18:38:47,38.78,11.066666666666666,664.0,
6415,6,H8,Anada,11,Berlín - Nicaragua,396,18:48:21,48.35,9.566666666666666,574.0,
6209,6,H8,Anada,11,Berlín - Nicaragua,396,18:58:20,58.33,9.999999999933333,600.0,"9,19"
6408,6,H8,Anada,11,Berlín - Nicaragua,396,19:11:30,11.5,13.150000000033334,789.0,
6200,2,H8,Anada,11,Berlín - Nicaragua,396,19:20:46,20.77,9.266666666699999,556.0,"14,15,16,17,18,19,20,21,22,23,24,25,26,27,28,29,30,31,32,33,34,35,36,37,38,39"
6409,6,H8,Anada,11,Berlín - Nicaragua,396,19:34:18,34.3,13.066666666749999,784.0,
6056,7,H8,Anada,11,Berlín - Nicaragua,396,19:37:45,37.75,3.4666666666,208.0,
6411,6,H8,Anada,11,Berlín - Nicaragua,396,19:52:10,52.17,14.400000000066665,864.0,30
6414,6,H8,Anada,11,Berlín - Nicaragua,396,20:14:38,14.63,22.483333333266668,1349.0,34
6213,6,H8,Anada,11,Berlín - Nicaragua,396,20:29:12,29.2,14.550000000033332,873.0,
6212,8,H8,Anada,11,Berlín - Nicaragua,396,20:42:04,42.07,12.866666666666667,772.0,
6036,3,H8,Anada,11,Berlín - Nicaragua,396,20:53:52,53.87,11.333333333266667,680.0,
6413,7,H8,Anada,11,Berlín - Nicaragua,396,21:08:22,8.37,14.483333333366666,869.0,
6200,3,H8,Anada,11,Berlín - Nicaragua,396,21:25:27,25.45,17.083333333333332,1025.0,30
6408,7,H8,Anada,11,Berlín - Nicaragua,396,21:37:42,37.7,12.25,735.0,24
6212,1,H8,Anada,12,Josep Tarradellas - París,1253,03:37:30,37.5,,,"1,2,3,4,5,6,7,8,9,10,30"
6413,1,H8,Anada,12,Josep Tarradellas - París,1253,03:52:08,52.13,14.649999999966667,879.0,1
6415,1,H8,Anada,12,Josep Tarradellas - París,1253,04:06:04,6.07,13.9166666667,835.0,1
6209,1,H8,Anada,12,Josep Tarradellas - París,1253,04:14:15,14.25,8.199999999966668,492.0,
6022,1,H8,Anada,12,Josep Tarradellas - París,1253,04:22:14,22.23,7.966666666699999,478.0,1
6408,1,H8,Anada,12,Josep Tarradellas - París,1253,04:32:27,32.45,10.2166666667,613.0,"1,2,3"
6215,1,H8,Anada,12,Josep Tarradellas - París,1253,04:42:48,42.8,10.349999999966666,621.0,
6409,1,H8,Anada,12,Josep Tarradellas - París,1253,04:47:27,47.45,4.650000000033333,279.0,
6056,1,H8,Anada,12,Josep Tarradellas - París,1253,05:02:42,2.7,15.25,915.0,14
6411,1,H8,Anada,12,Josep Tarradellas - París,1253,05:11:33,11.55,8.85,531.0,
6055,1,H8,Anada,12,Josep Tarradellas - París,1253,05:18:47,18.78,7.249999999933333,435.0,"1,18,35,36"
6414,1,H8,Anada,12,Josep Tarradellas - París,1253,05:24:18,24.3,5.500000000033333,330.0,"1,2,3"
6117,1,H8,Anada,12,Josep Tarradellas - París,1253,05:33:49,33.82,9.516666666666667,571.0,
6800,1,H8,Anada,12,Josep Tarradellas - París,1253,05:37:10,37.17,3.3666666666333334,202.0,
6213,1,H8,Anada,12,Josep Tarradellas - París,1253,05:44:24,44.4,7.23333333335,434.0,
6407,1,H8,Anada,12,Josep Tarradellas - París,1253,06:01:39,1.65,17.23333333335,1034.0,
6211,2,H8,Anada,12,Josep Tarradellas - París,1253,06:09:12,9.2,7.566666666633334,454.0,1
6212,2,H8,Anada,12,Josep Tarradellas - París,1253,06:17:11,17.18,7.966666666699999,478.0,
6216,1,H8,Anada,12,Josep Tarradellas - París,1253,06:31:36,31.6,14.4333333333,866.0,
6413,2,H8,Anada,12,Josep Tarradellas - París,1253,06:41:18,41.3,9.7,582.0,
6217,1,H8,Anada,12,Josep Tarradellas - París,1253,06:49:38,49.63,8.316666666733333,499.0,
6415,2,H8,Anada,12,Josep Tarradellas - París,1253,06:58:25,58.42,8.783333333333333,527.0,
6026,1,H8,Anada,12,Josep Tarradellas - París,1253,07:03:41,3.68,5.266666666666667,316.0,
6209,2,H8,Anada,12,Josep Tarradellas - París,1253,07:16:22,16.37,12.683333333333334,761.0,36
6022,2,H8,Anada,12,Josep Tarradellas - París,1253,07:22:48,22.8,6.4499999999333335,387.0,
6408,2,H8,Anada,12,Josep Tarradellas - París,1253,07:30:41,30.68,7.866666666733334,472.0,
6215,2,H8,Anada,12,Josep Tarradellas - París,1253,07:38:49,38.82,8.149999999933334,489.0,
6409,2,H8,Anada,12,Josep Tarradellas - París,1253,07:46:48,46.8,7.983333333333333,479.0,19
6056,3,H8,Anada,12,Josep Tarradellas - París,1253,07:58:12,58.2,11.4,684.0,"22,34"
6411,2,H8,Anada,12,Josep Tarradellas - París,1253,08:06:01,6.02,7.8000000000666665,468.0,
6055,2,H8,Anada,12,Josep Tarradellas - París,1253,08:16:05,16.08,10.083333333266667,605.0,
6414,2,H8,Anada,12,Josep Tarradellas - París,1253,08:28:35,28.58,12.4833333334,749.0,
6800,2,H8,Anada,12,Josep Tarradellas - París,1253,08:39:33,39.55,10.983333333266668,659.0,
6213,2,H8,Anada,12,Josep Tarradellas - París,1253,08:44:18,44.3,4.733333333366667,284.0,
6407,2,H8,Anada,12,Josep Tarradellas - París,1253,08:53:40,53.67,9.3666666667,562.0,
6211,3,H8,Anada,12,Josep Tarradellas - París,1253,09:09:46,9.77,16.099999999966666,966.0,
6212,3,H8,Anada,12,Josep Tarradellas - París,1253,09:21:18,21.3,11.549999999966667,693.0,
6216,2,H8,Anada,12,Josep Tarradellas - París,1253,09:27:39,27.65,6.35,381.0,
6413,3,H8,Anada,12,Josep Tarradellas - París,1253,09:40:27,40.45,12.8,768.0,
6217,2,H8,Anada,12,Josep Tarradellas - París,1253,09:49:52,49.87,9.400000000066665,564.0,
6415,3,H8,Anada,12,Josep Tarradellas - París,1253,09:58:12,58.2,8.349999999933333,501.0,
6026,2,H8,Anada,12,Josep Tarradellas - París,1253,10:08:53,8.88,10.666666666733333,640.0,
6209,3,H8,Anada,12,Josep Tarradellas - París,1253,10:15:22,15.37,6.4833333333,389.0,1
6408,3,H8,Anada,12,Josep Tarradellas - París,1253,10:23:21,23.35,7.999999999966667,480.0,
6215,3,H8,Anada,12,Josep Tarradellas - París,1253,10:37:44,37.73,14.3666666667,862.0,
6409,3,H8,Anada,12,Josep Tarradellas - París,1253,10:47:27,47.45,9.733333333300001,584.0,
6056,4,H8,Anada,12,Josep Tarradellas - París,1253,10:55:46,55.77,8.316666666666666,499.0,
6411,3,H8,Anada,12,Josep Tarradellas - París,1253,11:07:37,7.62,11.850000000016667,711.0,
6055,3,H8,Anada,12,Josep Tarradellas - París,1253,11:19:34,19.57,11.93333333335,716.0,
6414,3,H8,Anada,12,Josep Tarradellas - París,1253,11:26:12,26.2,6.633333333366666,398.0,
6800,3,H8,Anada,12,Josep Tarradellas - París,1253,11:35:30,35.5,9.3,558.0,
6213,3,H8,Anada,12,Josep Tarradellas - París,1253,11:43:46,43.77,8.283333333266667,497.0,5
6407,3,H8,Anada,12,Josep Tarradellas - París,1253,11:57:38,57.63,13.850000000066666,831.0,
6211,4,H8,Anada,12,Josep Tarradellas - París,1253,12:06:06,6.1,8.466666666666667,508.0,
6212,4,H8,Anada,12,Josep Tarradellas - París,1253,12:16:41,16.68,10.5833333333,635.0,
6216,3,H8,Anada,12,Josep Tarradellas - París,1253,12:27:06,27.1,10.4166666667,625.0,
6413,4,H8,Anada,12,Josep Tarradellas - París,1253,12:36:12,36.2,9.1,546.0,
6026,3,H8,Anada,12,Josep Tarradellas - París,1253,12:45:43,45.72,9.516666666633334,571.0,"1,8,9,23,24,25,26,27,28,29,30,31,32,33,34,35,36,37,38,39"
6415,4,H8,Anada,12,Josep Tarradellas - París,1253,12:54:19,54.32,8.1666666667,490.0,
6209,4,H8,Anada,12,Josep Tarradellas - París,1253,13:06:33,6.55,12.233333333366666,734.0,
6408,4,H8,Anada,12,Josep Tarradellas - París,1253,13:18:56,18.93,12.399999999916668,744.0,
6215,4,H8,Anada,12,Josep Tarradellas - París,1253,13:33:57,33.95,15.000000000083332,900.0,
6409,4,H8,Anada,12,Josep Tarradellas - París,1253,13:41:59,41.98,8.04999999995,483.0,
6056,5,H8,Anada,12,Josep Tarradellas - París,1253,13:50:33,50.55,8.56666666665,514.0,
6411,4,H8,Anada,12,Josep Tarradellas - París,1253,14:00:39,0.65,10.083333333366665,605.0,
6055,4,H8,Anada,12,Josep Tarradellas - París,1253,14:09:00,9.0,8.350000000033333,501.0,1
6015,1,H8,Anada,12,Josep Tarradellas - París,1253,14:19:47,19.78,10.783333333333333,647.0,1
6414,4,H8,Anada,12,Josep Tarradellas - París,1253,14:31:21,31.35,11.566666666633333,694.0,
6800,4,H8,Anada,12,Josep Tarradellas - París,1253,14:37:04,37.07,5.716666666699999,343.0,
6213,4,H8,Anada,12,Josep Tarradellas - París,1253,14:43:13,43.22,6.166666666599999,370.0,
6407,4,H8,Anada,12,Josep Tarradellas - París,1253,14:56:47,56.78,13.566666666666666,814.0,
6211,5,H8,Anada,12,Josep Tarradellas - París,1253,15:05:20,5.33,8.533333333366667,512.0,
6212,5,H8,Anada,12,Josep Tarradellas - París,1253,15:16:48,16.8,11.483333333300001,689.0,
6036,1,H8,Anada,12,Josep Tarradellas - París,1253,15:24:19,24.32,7.500000000033333,450.0,"1,2,3,4,33"
6216,4,H8,Anada,12,Josep Tarradellas - París,1253,15:29:29,29.48,5.1833333333,311.0,
6413,5,H8,Anada,12,Josep Tarradellas - París,1253,15:42:17,42.28,12.7833333334,767.0,
6217,4,H8,Anada,12,Josep Tarradellas - París,1253,15:52:06,52.1,9.833333333266667,590.0,
6415,5,H8,Anada,12,Josep Tarradellas - París,1253,15:57:57,57.95,5.833333333400001,350.0,
6209,5,H8,Anada,12,Josep Tarradellas - París,1253,16:05:59,5.98,8.0333333333,482.0,"8,9,10,11"
6200,1,H8,Anada,12,Josep Tarradellas - París,1253,16:19:04,19.07,13.083333333366665,785.0,
6408,5,H8,Anada,12,Josep Tarradellas - París,1253,16:23:46,23.77,4.5166666667,271.0,
6215,5,H8,Anada,12,Josep Tarradellas - París,1253,16:36:24,36.4,12.633333333366666,758.0,
6409,5,H8,Anada,12,Josep Tarradellas - París,1253,16:49:12,49.2,12.816666666600002,769.0,
6056,6,H8,Anada,12,Josep Tarradellas - París,1253,16:53:57,53.95,4.7333333334,284.0,19
6411,5,H8,Anada,12,Josep Tarradellas - París,1253,17:06:56,6.93,12.983333333333333,779.0,
6055,5,H8,Anada,12,Josep Tarradellas - París,1253,17:13:13,13.22,6.283333333333333,377.0,
6015,2,H8,Anada,12,Josep Tarradellas - París,1253,17:29:25,29.42,16.2,972.0,
6414,5,H8,Anada,12,Josep Tarradellas - París,1253,17:31:13,31.22,1.8166666666,109.0,21
6800,5,H8,Anada,12,Josep Tarradellas - París,1253,17:37:19,37.32,6.1,366.0,
6213,5,H8,Anada,12,Josep Tarradellas - París,1253,17:45:55,45.92,8.583333333366665,515.0,
6407,5,H8,Anada,12,Josep Tarradellas - París,1253,17:54:24,54.4,8.483333333333333,509.0,
6211,6,H8,Anada,12,Josep Tarradellas - París,1253,18:03:58,3.97,9.5666666667,574.0,
6036,2,H8,Anada,12,Josep Tarradellas - París,1253,18:19:43,19.72,15.75,945.0,
6212,6,H8,Anada,12,Josep Tarradellas - París,1253,18:28:43,28.72,8.999999999966667,540.0,"17,18,19,20,21,22,23,24,25,26,27,28,29,30,31,32,33,34,35,36,37,38,39"
6216,5,H8,Anada,12,Josep Tarradellas - París,1253,18:30:04,30.07,1.3666666666333334,82.0,
6413,6,H8,Anada,12,Josep Tarradellas - París,1253,18:40:58,40.97,10.8833333334,653.0,
6415,6,H8,Anada,12,Josep Tarradellas - París,1253,18:50:51,50.85,9.899999999933334,594.0,
6209,6,H8,Anada,12,Josep Tarradellas - París,1253,19:00:23,0.38,9.516666666699999,571.0,"9,19"
6408,6,H8,Anada,12,Josep Tarradellas - París,1253,19:13:20,13.33,12.950000000033333,777.0,
6200,2,H8,Anada,12,Josep Tarradellas - París,1253,19:22:43,22.72,9.383333333333333,563.0,"14,15,16,17,18,19,20,21,22,23,24,25,26,27,28,29,30,31,32,33,34,35,36,37,38,39"
6215,6,H8,Anada,12,Josep Tarradellas - París,1253,19:23:54,23.9,1.1999999999333333,72.0,1
6409,6,H8,Anada,12,Josep Tarradellas - París,1253,19:34:56,34.93,11.016666666733332,661.0,
6056,7,H8,Anada,12,Josep Tarradellas - París,1253,19:39:47,39.78,4.8666666666,292.0,
6411,6,H8,Anada,12,Josep Tarradellas - París,1253,19:53:37,53.62,13.816666666733333,829.0,30
6414,6,H8,Anada,12,Josep Tarradellas - París,1253,20:16:06,16.1,22.483333333333334,1349.0,34
6213,6,H8,Anada,12,Josep Tarradellas - París,1253,20:30:06,30.1,13.999999999966667,840.0,
6025,2,H8,Anada,12,Josep Tarradellas - París,1253,20:43:05,43.08,12.983333333333333,779.0,
6036,3,H8,Anada,12,Josep Tarradellas - París,1253,20:54:31,54.52,10.933333333333334,656.0,
6413,7,H8,Anada,12,Josep Tarradellas - París,1253,21:08:49,8.82,14.316666666600002,859.0,
6200,3,H8,Anada,12,Josep Tarradellas - París,1253,21:26:05,26.08,17.250000000066667,1035.0,30
6408,7,H8,Anada,12,Josep Tarradellas - París,1253,21:39:01,39.02,12.949999999933334,777.0,24
6212,1,H8,Anada,13,Josep Tarradellas - Viladomat,1554,03:39:26,39.43,,,"1,2,3,4,5,6,7,8,9,10,30"
6413,1,H8,Anada,13,Josep Tarradellas - Viladomat,1554,03:53:56,53.93,14.4833333334,869.0,1
6415,1,H8,Anada,13,Josep Tarradellas - Viladomat,1554,04:07:04,7.07,13.149999999933334,789.0,1
6209,1,H8,Anada,13,Josep Tarradellas - Viladomat,1554,04:15:16,15.27,8.183333333366667,491.0,
6022,1,H8,Anada,13,Josep Tarradellas - Viladomat,1554,04:24:13,24.22,8.95,537.0,1
6408,1,H8,Anada,13,Josep Tarradellas - Viladomat,1554,04:33:01,33.02,8.800000000033332,528.0,"1,2,3"
6215,1,H8,Anada,13,Josep Tarradellas - Viladomat,1554,04:44:38,44.63,11.616666666633334,697.0,
6409,1,H8,Anada,13,Josep Tarradellas - Viladomat,1554,04:49:04,49.07,4.433333333333334,266.0,
6056,1,H8,Anada,13,Josep Tarradellas - Viladomat,1554,05:06:52,6.87,17.800000000033332,1068.0,14
6411,1,H8,Anada,13,Josep Tarradellas - Viladomat,1554,05:13:48,13.8,6.933333333333334,416.0,
6055,1,H8,Anada,13,Josep Tarradellas - Viladomat,1554,05:20:34,20.57,6.766666666633333,406.0,"1,18,35,36"
6414,1,H8,Anada,13,Josep Tarradellas - Viladomat,1554,05:26:08,26.13,5.566666666666666,334.0,"1,2,3"
6117,1,H8,Anada,13,Josep Tarradellas - Viladomat,1554,05:35:58,35.97,9.833333333333334,590.0,
6800,1,H8,Anada,13,Josep Tarradellas - Viladomat,1554,05:38:58,38.97,3.0166666666333333,181.0,
6213,1,H8,Anada,13,Josep Tarradellas - Viladomat,1554,05:47:10,47.17,8.2,492.0,
6407,1,H8,Anada,13,Josep Tarradellas - Viladomat,1554,06:03:12,3.2,16.016666666733332,961.0,
6211,2,H8,Anada,13,Josep Tarradellas - Viladomat,1554,06:11:10,11.17,7.966666666666667,478.0,1
6212,2,H8,Anada,13,Josep Tarradellas - Viladomat,1554,06:19:07,19.12,7.9666666666,478.0,
6216,1,H8,Anada,13,Josep Tarradellas - Viladomat,1554,06:33:47,33.78,14.650000000066665,879.0,
6413,2,H8,Anada,13,Josep Tarradellas - Viladomat,1554,06:43:13,43.22,9.449999999933334,567.0,
6217,1,H8,Anada,13,Josep Tarradellas - Viladomat,1554,06:51:17,51.28,8.050000000033332,483.0,
6415,2,H8,Anada,13,Josep Tarradellas - Viladomat,1554,07:01:16,1.27,9.983333333366666,599.0,
6026,1,H8,Anada,13,Josep Tarradellas - Viladomat,1554,07:05:25,5.42,4.149999999966666,249.0,
6209,2,H8,Anada,13,Josep Tarradellas - Viladomat,1554,07:18:18,18.3,12.883333333366666,773.0,36
6022,2,H8,Anada,13,Josep Tarradellas - Viladomat,1554,07:24:49,24.82,6.516666666633333,391.0,
6408,2,H8,Anada,13,Josep Tarradellas - Viladomat,1554,07:32:25,32.42,7.6,456.0,
6215,2,H8,Anada,13,Josep Tarradellas - Viladomat,1554,07:40:35,40.58,8.1666666667,490.0,
6409,2,H8,Anada,13,Josep Tarradellas - Viladomat,1554,07:48:23,48.38,7.8166666666,469.0,19
6056,3,H8,Anada,13,Josep Tarradellas - Viladomat,1554,07:59:51,59.85,11.450000000033333,687.0,"22,34"
6411,2,H8,Anada,13,Josep Tarradellas - Viladomat,1554,08:07:30,7.5,7.666666666633334,460.0,
6055,2,H8,Anada,13,Josep Tarradellas - Viladomat,1554,08:17:30,17.5,9.9833333334,599.0,
6414,2,H8,Anada,13,Josep Tarradellas - Viladomat,1554,08:30:13,30.22,12.716666666666667,763.0,
6800,2,H8,Anada,13,Josep Tarradellas - Viladomat,1554,08:41:30,41.5,11.283333333316667,677.0,
6213,2,H8,Anada,13,Josep Tarradellas - Viladomat,1554,08:46:20,46.33,4.84999999995,291.0,
6407,2,H8,Anada,13,Josep Tarradellas - Viladomat,1554,08:54:30,54.5,8.150000000033334,489.0,
6211,3,H8,Anada,13,Josep Tarradellas - Viladomat,1554,09:11:42,11.7,17.2,1032.0,
6212,3,H8,Anada,13,Josep Tarradellas - Viladomat,1554,09:22:54,22.9,11.200000000033333,672.0,
6216,2,H8,Anada,13,Josep Tarradellas - Viladomat,1554,09:29:36,29.6,6.7166666666,403.0,
6413,3,H8,Anada,13,Josep Tarradellas - Viladomat,1554,09:42:25,42.42,12.816666666666666,769.0,
6217,2,H8,Anada,13,Josep Tarradellas - Viladomat,1554,09:52:02,52.03,9.600000000033333,576.0,
6415,3,H8,Anada,13,Josep Tarradellas - Viladomat,1554,10:00:05,0.08,8.050000000033332,483.0,
6026,2,H8,Anada,13,Josep Tarradellas - Viladomat,1554,10:09:24,9.4,9.316666666666666,559.0,
6209,3,H8,Anada,13,Josep Tarradellas - Viladomat,1554,10:17:41,17.68,8.2833333333,497.0,1
6408,3,H8,Anada,13,Josep Tarradellas - Viladomat,1554,10:25:28,25.47,7.799999999966667,468.0,
6215,3,H8,Anada,13,Josep Tarradellas - Viladomat,1554,10:39:58,39.97,14.483333333366666,869.0,
6409,3,H8,Anada,13,Josep Tarradellas - Viladomat,1554,10:49:20,49.33,9.3666666667,562.0,
6056,4,H8,Anada,13,Josep Tarradellas - Viladomat,1554,10:57:35,57.58,8.249999999966667,495.0,
6411,3,H8,Anada,13,Josep Tarradellas - Viladomat,1554,11:10:56,10.93,13.366666666633334,802.0,
6055,3,H8,Anada,13,Josep Tarradellas - Viladomat,1554,11:21:40,21.67,10.7166666667,643.0,
6414,3,H8,Anada,13,Josep Tarradellas - Viladomat,1554,11:27:58,27.97,6.300000000033333,378.0,
6800,3,H8,Anada,13,Josep Tarradellas - Viladomat,1554,11:37:20,37.33,9.383333333266668,563.0,
6213,3,H8,Anada,13,Josep Tarradellas - Viladomat,1554,11:45:14,45.23,7.883333333366666,473.0,5
6407,3,H8,Anada,13,Josep Tarradellas - Viladomat,1554,11:59:46,59.77,14.533333333333333,872.0,
6211,4,H8,Anada,13,Josep Tarradellas - Viladomat,1554,12:07:48,7.8,8.049999999966667,483.0,
6212,4,H8,Anada,13,Josep Tarradellas - Viladomat,1554,12:18:38,18.63,10.833333333333334,650.0,
6216,3,H8,Anada,13,Josep Tarradellas - Viladomat,1554,12:28:23,28.38,9.75,585.0,
6413,4,H8,Anada,13,Josep Tarradellas - Viladomat,1554,12:38:19,38.32,9.916666666733333,595.0,
6026,3,H8,Anada,13,Josep Tarradellas - Viladomat,1554,12:47:34,47.57,9.25,555.0,"1,8,9,23,24,25,26,27,28,29,30,31,32,33,34,35,36,37,38,39"
6415,4,H8,Anada,13,Josep Tarradellas - Viladomat,1554,12:55:45,55.75,7.7666666667,466.0,
6209,4,H8,Anada,13,Josep Tarradellas - Viladomat,1554,13:08:39,8.65,12.900000000033334,774.0,
6408,4,H8,Anada,13,Josep Tarradellas - Viladomat,1554,13:21:12,21.2,12.55,753.0,
6215,4,H8,Anada,13,Josep Tarradellas - Viladomat,1554,13:35:44,35.73,14.549999999933334,873.0,
6409,4,H8,Anada,13,Josep Tarradellas - Viladomat,1554,13:43:33,43.55,7.816666666666666,469.0,
6056,5,H8,Anada,13,Josep Tarradellas - Viladomat,1554,13:52:42,52.7,9.1333333334,548.0,
6411,4,H8,Anada,13,Josep Tarradellas - Viladomat,1554,14:03:07,3.12,10.433333333266667,626.0,
6055,4,H8,Anada,13,Josep Tarradellas - Viladomat,1554,14:11:02,11.03,7.916666666666667,475.0,1
6015,1,H8,Anada,13,Josep Tarradellas - Viladomat,1554,14:24:09,24.15,13.116666666666667,787.0,1
6414,4,H8,Anada,13,Josep Tarradellas - Viladomat,1554,14:33:19,33.32,9.166666666666666,550.0,
6800,4,H8,Anada,13,Josep Tarradellas - Viladomat,1554,14:40:05,40.08,6.766666666666667,406.0,
6213,4,H8,Anada,13,Josep Tarradellas - Viladomat,1554,14:45:45,45.75,5.650000000066667,339.0,
6407,4,H8,Anada,13,Josep Tarradellas - Viladomat,1554,14:59:45,59.75,14.0,840.0,
6211,5,H8,Anada,13,Josep Tarradellas - Viladomat,1554,15:06:59,6.98,7.233333333333333,434.0,
6212,5,H8,Anada,13,Josep Tarradellas - Viladomat,1554,15:18:35,18.58,11.6166666666,697.0,
6036,1,H8,Anada,13,Josep Tarradellas - Viladomat,1554,15:26:38,26.63,8.0333333334,482.0,"1,2,3,4,33"
6216,4,H8,Anada,13,Josep Tarradellas - Viladomat,1554,15:30:59,30.98,4.349999999966667,261.0,
6413,5,H8,Anada,13,Josep Tarradellas - Viladomat,1554,15:43:50,43.83,12.85,771.0,
6217,4,H8,Anada,13,Josep Tarradellas - Viladomat,1554,15:53:48,53.8,9.9666666667,598.0,
6415,5,H8,Anada,13,Josep Tarradellas - Viladomat,1554,15:59:54,59.9,6.1166666666,367.0,
6209,5,H8,Anada,13,Josep Tarradellas - Viladomat,1554,16:08:49,8.82,8.900000000066665,534.0,"8,9,10,11"
6200,1,H8,Anada,13,Josep Tarradellas - Viladomat,1554,16:20:57,20.95,12.133333333333333,728.0,
6408,5,H8,Anada,13,Josep Tarradellas - Viladomat,1554,16:25:35,25.58,3.75,225.0,
6215,5,H8,Anada,13,Josep Tarradellas - Viladomat,1554,16:38:14,38.23,12.6333333334,758.0,
6409,5,H8,Anada,13,Josep Tarradellas - Viladomat,1554,16:50:56,50.93,12.699999999966668,762.0,
6056,6,H8,Anada,13,Josep Tarradellas - Viladomat,1554,16:55:57,55.95,5.033333333300001,302.0,19
6411,5,H8,Anada,13,Josep Tarradellas - Viladomat,1554,17:08:36,8.6,12.65,759.0,
6055,5,H8,Anada,13,Josep Tarradellas - Viladomat,1554,17:15:28,15.47,6.866666666666666,412.0,
6015,2,H8,Anada,13,Josep Tarradellas - Viladomat,1554,17:31:04,31.07,15.6,936.0,
6414,5,H8,Anada,13,Josep Tarradellas - Viladomat,1554,17:34:25,34.42,3.333333333366667,200.0,21
6800,5,H8,Anada,13,Josep Tarradellas - Viladomat,1554,17:39:15,39.25,4.849999999966667,291.0,
6213,5,H8,Anada,13,Josep Tarradellas - Viladomat,1554,17:47:21,47.35,8.1,486.0,
6407,5,H8,Anada,13,Josep Tarradellas - Viladomat,1554,17:57:04,57.07,9.700000000033333,582.0,
6211,6,H8,Anada,13,Josep Tarradellas - Viladomat,1554,18:05:46,5.77,8.716666666616668,523.0,
6036,2,H8,Anada,13,Josep Tarradellas - Viladomat,1554,18:22:29,22.48,16.70000000005,1002.0,
6212,6,H8,Anada,13,Josep Tarradellas - Viladomat,1554,18:30:37,30.62,8.133333333333333,488.0,"17,18,19,20,21,22,23,24,25,26,27,28,29,30,31,32,33,34,35,36,37,38,39"
6413,6,H8,Anada,13,Josep Tarradellas - Viladomat,1554,18:42:54,42.9,11.333333333333334,680.0,
6415,6,H8,Anada,13,Josep Tarradellas - Viladomat,1554,18:52:26,52.43,9.549999999933334,573.0,
6209,6,H8,Anada,13,Josep Tarradellas - Viladomat,1554,19:01:57,1.95,9.500000000033333,570.0,"9,19"
6408,6,H8,Anada,13,Josep Tarradellas - Viladomat,1554,19:14:54,14.9,12.950000000033333,777.0,
6200,2,H8,Anada,13,Josep Tarradellas - Viladomat,1554,19:24:55,24.92,10.033333333266667,602.0,"14,15,16,17,18,19,20,21,22,23,24,25,26,27,28,29,30,31,32,33,34,35,36,37,38,39"
6409,6,H8,Anada,13,Josep Tarradellas - Viladomat,1554,19:35:59,35.98,10.183333333333334,611.0,
6056,7,H8,Anada,13,Josep Tarradellas - Viladomat,1554,19:42:03,42.05,6.083333333266666,365.0,
6411,6,H8,Anada,13,Josep Tarradellas - Viladomat,1554,19:54:50,54.83,12.783333333333333,767.0,30
6414,6,H8,Anada,13,Josep Tarradellas - Viladomat,1554,20:17:20,17.33,22.483333333366666,1349.0,34
6213,6,H8,Anada,13,Josep Tarradellas - Viladomat,1554,20:33:37,33.62,16.283333333333335,977.0,
6212,8,H8,Anada,13,Josep Tarradellas - Viladomat,1554,20:44:38,44.63,11.016666666666667,661.0,
6036,3,H8,Anada,13,Josep Tarradellas - Viladomat,1554,20:56:53,56.88,11.950000000033333,717.0,
6413,7,H8,Anada,13,Josep Tarradellas - Viladomat,1554,21:09:55,9.92,13.033333333316667,782.0,
6200,3,H8,Anada,13,Josep Tarradellas - Viladomat,1554,21:27:56,27.93,18.01666666665,1081.0,30
6408,7,H8,Anada,13,Josep Tarradellas - Viladomat,1554,21:41:10,41.17,13.233333333366666,794.0,24
6212,1,H8,Anada,14,Josep Tarradellas - Comte Borrell,1099,03:41:08,41.13,,,"1,2,3,4,5,6,7,8,9,10,30"
6413,1,H8,Anada,14,Josep Tarradellas - Comte Borrell,1099,03:55:09,55.15,14.016666666666667,841.0,1
6415,1,H8,Anada,14,Josep Tarradellas - Comte Borrell,1099,04:08:08,8.13,12.983333333366666,779.0,1
6209,1,H8,Anada,14,Josep Tarradellas - Comte Borrell,1099,04:17:50,17.83,9.699999999966668,582.0,
6022,1,H8,Anada,14,Josep Tarradellas - Comte Borrell,1099,04:27:06,27.1,9.266666666699999,556.0,1
6408,1,H8,Anada,14,Josep Tarradellas - Comte Borrell,1099,04:35:07,35.12,8.016666666666667,481.0,"1,2,3"
6215,1,H8,Anada,14,Josep Tarradellas - Comte Borrell,1099,04:46:02,46.03,10.916666666666666,655.0,
6409,1,H8,Anada,14,Josep Tarradellas - Comte Borrell,1099,04:51:27,51.45,5.433333333266666,326.0,
6411,1,H8,Anada,14,Josep Tarradellas - Comte Borrell,1099,05:15:48,15.8,24.35,1461.0,
6055,1,H8,Anada,14,Josep Tarradellas - Comte Borrell,1099,05:23:59,23.98,8.166666666733333,490.0,"1,18,35,36"
6414,1,H8,Anada,14,Josep Tarradellas - Comte Borrell,1099,05:28:12,28.2,4.233333333266667,254.0,"1,2,3"
6117,1,H8,Anada,14,Josep Tarradellas - Comte Borrell,1099,05:37:58,37.97,9.750000000066667,585.0,
6800,1,H8,Anada,14,Josep Tarradellas - Comte Borrell,1099,05:41:25,41.42,3.4666666666,208.0,
6213,1,H8,Anada,14,Josep Tarradellas - Comte Borrell,1099,05:48:48,48.8,7.3666666667,442.0,
6407,1,H8,Anada,14,Josep Tarradellas - Comte Borrell,1099,06:05:04,5.07,16.266666666666666,976.0,
6211,2,H8,Anada,14,Josep Tarradellas - Comte Borrell,1099,06:13:30,13.5,8.433333333366667,506.0,1
6212,2,H8,Anada,14,Josep Tarradellas - Comte Borrell,1099,06:21:02,21.03,7.533333333333333,452.0,
6216,1,H8,Anada,14,Josep Tarradellas - Comte Borrell,1099,06:35:42,35.7,14.666666666666666,880.0,
6413,2,H8,Anada,14,Josep Tarradellas - Comte Borrell,1099,06:44:52,44.87,9.166666666633335,550.0,
6217,1,H8,Anada,14,Josep Tarradellas - Comte Borrell,1099,06:52:56,52.93,8.066666666666666,484.0,
6415,2,H8,Anada,14,Josep Tarradellas - Comte Borrell,1099,07:02:57,2.95,10.016666666666667,601.0,
6026,1,H8,Anada,14,Josep Tarradellas - Comte Borrell,1099,07:07:47,7.78,4.833333333333333,290.0,
6209,2,H8,Anada,14,Josep Tarradellas - Comte Borrell,1099,07:21:04,21.07,13.283333333366667,797.0,36
6022,2,H8,Anada,14,Josep Tarradellas - Comte Borrell,1099,07:28:46,28.77,7.699999999966667,462.0,
6408,2,H8,Anada,14,Josep Tarradellas - Comte Borrell,1099,07:35:02,35.03,6.266666666666667,376.0,
6215,2,H8,Anada,14,Josep Tarradellas - Comte Borrell,1099,07:44:00,44.0,8.9666666667,538.0,
6409,2,H8,Anada,14,Josep Tarradellas - Comte Borrell,1099,07:51:30,51.5,7.5,450.0,19
6056,3,H8,Anada,14,Josep Tarradellas - Comte Borrell,1099,08:02:20,2.33,10.8333333333,650.0,"22,34"
6411,2,H8,Anada,14,Josep Tarradellas - Comte Borrell,1099,08:10:38,10.63,8.300000000033332,498.0,
6055,2,H8,Anada,14,Josep Tarradellas - Comte Borrell,1099,08:19:29,19.48,8.849999999966666,531.0,
6414,2,H8,Anada,14,Josep Tarradellas - Comte Borrell,1099,08:32:24,32.4,12.9333333333,776.0,
6800,2,H8,Anada,14,Josep Tarradellas - Comte Borrell,1099,08:43:37,43.62,11.200000000066666,672.0,
6213,2,H8,Anada,14,Josep Tarradellas - Comte Borrell,1099,08:48:17,48.28,4.666666666666667,280.0,
6407,2,H8,Anada,14,Josep Tarradellas - Comte Borrell,1099,08:55:58,55.97,7.6833333333,461.0,
6211,3,H8,Anada,14,Josep Tarradellas - Comte Borrell,1099,09:14:04,14.07,18.116666666633332,1087.0,
6212,3,H8,Anada,14,Josep Tarradellas - Comte Borrell,1099,09:25:35,25.58,11.500000000033333,690.0,
6216,2,H8,Anada,14,Josep Tarradellas - Comte Borrell,1099,09:31:28,31.47,5.899999999966667,354.0,
6413,3,H8,Anada,14,Josep Tarradellas - Comte Borrell,1099,09:45:52,45.87,14.383333333383332,863.0,
6217,2,H8,Anada,14,Josep Tarradellas - Comte Borrell,1099,09:54:04,54.07,8.216666666616666,493.0,
6415,3,H8,Anada,14,Josep Tarradellas - Comte Borrell,1099,10:01:32,1.53,7.466666666666667,448.0,
6026,2,H8,Anada,14,Josep Tarradellas - Comte Borrell,1099,10:11:32,11.53,9.983333333366666,599.0,
6209,3,H8,Anada,14,Josep Tarradellas - Comte Borrell,1099,10:19:30,19.5,7.9833333333,479.0,1
6408,3,H8,Anada,14,Josep Tarradellas - Comte Borrell,1099,10:27:07,27.12,7.600000000066667,456.0,
6215,3,H8,Anada,14,Josep Tarradellas - Comte Borrell,1099,10:41:26,41.43,14.316666666633333,859.0,
6409,3,H8,Anada,14,Josep Tarradellas - Comte Borrell,1099,10:50:54,50.9,9.4666666667,568.0,
6056,4,H8,Anada,14,Josep Tarradellas - Comte Borrell,1099,10:58:55,58.92,8.016666666666667,481.0,
6411,3,H8,Anada,14,Josep Tarradellas - Comte Borrell,1099,11:13:23,13.38,14.466666666666667,868.0,
6055,3,H8,Anada,14,Josep Tarradellas - Comte Borrell,1099,11:23:08,23.13,9.7666666666,586.0,
6414,3,H8,Anada,14,Josep Tarradellas - Comte Borrell,1099,11:29:37,29.62,6.483333333316667,389.0,
6800,3,H8,Anada,14,Josep Tarradellas - Comte Borrell,1099,11:39:18,39.3,9.666666666749999,580.0,
6213,3,H8,Anada,14,Josep Tarradellas - Comte Borrell,1099,11:47:34,47.57,8.266666666633334,496.0,5
6407,3,H8,Anada,14,Josep Tarradellas - Comte Borrell,1099,12:02:36,2.6,15.033333333366667,902.0,
6211,4,H8,Anada,14,Josep Tarradellas - Comte Borrell,1099,12:10:20,10.33,7.7333333333,464.0,
6212,4,H8,Anada,14,Josep Tarradellas - Comte Borrell,1099,12:21:33,21.55,11.216666666666667,673.0,
6216,3,H8,Anada,14,Josep Tarradellas - Comte Borrell,1099,12:30:38,30.63,9.099999999966666,546.0,
6413,4,H8,Anada,14,Josep Tarradellas - Comte Borrell,1099,12:40:10,40.17,9.516666666699999,571.0,
6026,3,H8,Anada,14,Josep Tarradellas - Comte Borrell,1099,12:49:28,49.47,9.316666666633333,559.0,"1,8,9,23,24,25,26,27,28,29,30,31,32,33,34,35,36,37,38,39"
6415,4,H8,Anada,14,Josep Tarradellas - Comte Borrell,1099,12:57:11,57.18,7.3666666666,442.0,
6209,4,H8,Anada,14,Josep Tarradellas - Comte Borrell,1099,13:10:32,10.53,13.333333333366665,800.0,
6408,4,H8,Anada,14,Josep Tarradellas - Comte Borrell,1099,13:24:02,24.03,13.500000000033333,810.0,
6215,4,H8,Anada,14,Josep Tarradellas - Comte Borrell,1099,13:37:29,37.48,13.45,807.0,
6409,4,H8,Anada,14,Josep Tarradellas - Comte Borrell,1099,13:45:17,45.28,7.799999999966667,468.0,
6056,5,H8,Anada,14,Josep Tarradellas - Comte Borrell,1099,13:53:28,53.47,8.183333333333334,491.0,
6411,4,H8,Anada,14,Josep Tarradellas - Comte Borrell,1099,14:05:03,5.05,11.583333333366665,695.0,
6055,4,H8,Anada,14,Josep Tarradellas - Comte Borrell,1099,14:13:03,13.05,8.016666666616667,481.0,1
6015,1,H8,Anada,14,Josep Tarradellas - Comte Borrell,1099,14:25:47,25.78,12.733333333316667,764.0,1
6414,4,H8,Anada,14,Josep Tarradellas - Comte Borrell,1099,14:35:33,35.55,9.766666666666667,586.0,
6800,4,H8,Anada,14,Josep Tarradellas - Comte Borrell,1099,14:41:25,41.42,5.866666666666666,352.0,
6213,4,H8,Anada,14,Josep Tarradellas - Comte Borrell,1099,14:48:02,48.03,6.600000000066667,396.0,
6407,4,H8,Anada,14,Josep Tarradellas - Comte Borrell,1099,15:02:23,2.38,14.35,861.0,
6211,5,H8,Anada,14,Josep Tarradellas - Comte Borrell,1099,15:09:59,9.98,7.6166666666,457.0,
6212,5,H8,Anada,14,Josep Tarradellas - Comte Borrell,1099,15:21:21,21.35,11.350000000066666,681.0,
6036,1,H8,Anada,14,Josep Tarradellas - Comte Borrell,1099,15:28:20,28.33,6.999999999933333,420.0,"1,2,3,4,33"
6216,4,H8,Anada,14,Josep Tarradellas - Comte Borrell,1099,15:33:08,33.13,4.7833333334,287.0,
6413,5,H8,Anada,14,Josep Tarradellas - Comte Borrell,1099,15:45:51,45.85,12.716666666633333,763.0,
6217,4,H8,Anada,14,Josep Tarradellas - Comte Borrell,1099,15:56:07,56.12,10.266666666666667,616.0,
6415,5,H8,Anada,14,Josep Tarradellas - Comte Borrell,1099,16:03:40,3.67,7.566666666633334,454.0,
6209,5,H8,Anada,14,Josep Tarradellas - Comte Borrell,1099,16:12:23,12.38,8.716666666666667,523.0,"8,9,10,11"
6200,1,H8,Anada,14,Josep Tarradellas - Comte Borrell,1099,16:23:34,23.57,11.1666666667,670.0,
6408,5,H8,Anada,14,Josep Tarradellas - Comte Borrell,1099,16:27:57,27.95,4.366666666666666,262.0,
6215,5,H8,Anada,14,Josep Tarradellas - Comte Borrell,1099,16:40:45,40.75,12.799999999966667,768.0,
6409,5,H8,Anada,14,Josep Tarradellas - Comte Borrell,1099,16:53:46,53.77,13.0333333333,782.0,
6056,6,H8,Anada,14,Josep Tarradellas - Comte Borrell,1099,16:58:08,58.13,4.366666666666666,262.0,19
6411,5,H8,Anada,14,Josep Tarradellas - Comte Borrell,1099,17:11:19,11.32,13.183333333333334,791.0,
6055,5,H8,Anada,14,Josep Tarradellas - Comte Borrell,1099,17:17:44,17.73,6.400000000033333,384.0,
6015,2,H8,Anada,14,Josep Tarradellas - Comte Borrell,1099,17:33:23,33.38,15.666666666633335,940.0,
6414,5,H8,Anada,14,Josep Tarradellas - Comte Borrell,1099,17:37:31,37.52,4.116666666733333,247.0,21
6800,5,H8,Anada,14,Josep Tarradellas - Comte Borrell,1099,17:41:03,41.05,3.5499999999333336,213.0,
6213,5,H8,Anada,14,Josep Tarradellas - Comte Borrell,1099,17:49:14,49.23,8.166666666733333,490.0,
6407,5,H8,Anada,14,Josep Tarradellas - Comte Borrell,1099,17:59:03,59.05,9.816666666633333,589.0,
6211,6,H8,Anada,14,Josep Tarradellas - Comte Borrell,1099,18:08:17,8.28,9.249999999966667,555.0,
6036,2,H8,Anada,14,Josep Tarradellas - Comte Borrell,1099,18:24:06,24.1,15.800000000066666,948.0,
6212,6,H8,Anada,14,Josep Tarradellas - Comte Borrell,1099,18:32:29,32.48,8.399999999933334,504.0,"17,18,19,20,21,22,23,24,25,26,27,28,29,30,31,32,33,34,35,36,37,38,39"
6413,6,H8,Anada,14,Josep Tarradellas - Comte Borrell,1099,18:45:15,45.25,12.183333333333334,731.0,
6415,6,H8,Anada,14,Josep Tarradellas - Comte Borrell,1099,18:54:27,54.45,9.200000000033333,552.0,
6209,6,H8,Anada,14,Josep Tarradellas - Comte Borrell,1099,19:04:07,4.12,9.683333333266667,581.0,"9,19"
6408,6,H8,Anada,14,Josep Tarradellas - Comte Borrell,1099,19:17:09,17.15,13.033333333333333,782.0,
6215,6,H8,Anada,14,Josep Tarradellas - Comte Borrell,1099,19:28:07,28.12,10.950000000066666,657.0,1
6409,6,H8,Anada,14,Josep Tarradellas - Comte Borrell,1099,19:37:26,37.43,9.333333333266667,560.0,
6056,7,H8,Anada,14,Josep Tarradellas - Comte Borrell,1099,19:43:54,43.9,6.450000000066667,387.0,
6411,6,H8,Anada,14,Josep Tarradellas - Comte Borrell,1099,19:56:49,56.82,12.933333333266667,776.0,30
6414,6,H8,Anada,14,Josep Tarradellas - Comte Borrell,1099,20:18:59,18.98,22.150000000033334,1329.0,34
6213,6,H8,Anada,14,Josep Tarradellas - Comte Borrell,1099,20:34:49,34.82,15.849999999966666,951.0,
6025,2,H8,Anada,14,Josep Tarradellas - Comte Borrell,1099,20:46:03,46.05,11.2166666667,673.0,
6036,3,H8,Anada,14,Josep Tarradellas - Comte Borrell,1099,20:58:21,58.35,12.033333333366667,722.0,
6413,7,H8,Anada,14,Josep Tarradellas - Comte Borrell,1099,21:11:23,11.38,13.033333333333333,782.0,
6200,3,H8,Anada,14,Josep Tarradellas - Comte Borrell,1099,21:29:08,29.13,17.766666666633334,1066.0,30
6408,7,H8,Anada,14,Josep Tarradellas - Comte Borrell,1099,21:41:52,41.87,12.7166666667,763.0,24
6212,1,H8,Anada,15,Diagonal - Francesc Macià,168,03:42:28,42.47,,,"1,2,3,4,5,6,7,8,9,10,30"
6413,1,H8,Anada,15,Diagonal - Francesc Macià,168,03:56:36,56.6,14.1166666667,847.0,1
6415,1,H8,Anada,15,Diagonal - Francesc Macià,168,04:10:28,10.47,13.866666666666667,832.0,1
6209,1,H8,Anada,15,Diagonal - Francesc Macià,168,04:18:32,18.53,8.0833333333,485.0,
6022,1,H8,Anada,15,Diagonal - Francesc Macià,168,04:28:26,28.43,9.8833333334,593.0,1
6408,1,H8,Anada,15,Diagonal - Francesc Macià,168,04:36:55,36.92,8.499999999933333,510.0,"1,2,3"
6215,1,H8,Anada,15,Diagonal - Francesc Macià,168,04:49:26,49.43,12.500000000033333,750.0,
6409,1,H8,Anada,15,Diagonal - Francesc Macià,168,04:53:50,53.83,4.400000000033333,264.0,
6056,1,H8,Anada,15,Diagonal - Francesc Macià,168,05:08:21,8.35,14.533333333266667,872.0,14
6411,1,H8,Anada,15,Diagonal - Francesc Macià,168,05:16:58,16.97,8.600000000033333,516.0,
6055,1,H8,Anada,15,Diagonal - Francesc Macià,168,05:25:51,25.85,8.883333333333333,533.0,"1,18,35,36"
6414,1,H8,Anada,15,Diagonal - Francesc Macià,168,05:31:09,31.15,5.3,318.0,"1,2,3"
6117,1,H8,Anada,15,Diagonal - Francesc Macià,168,05:39:13,39.22,8.0833333333,485.0,
6800,1,H8,Anada,15,Diagonal - Francesc Macià,168,05:44:26,44.43,5.216666666666667,313.0,
6213,1,H8,Anada,15,Diagonal - Francesc Macià,168,05:52:05,52.08,7.65,459.0,
6407,1,H8,Anada,15,Diagonal - Francesc Macià,168,06:08:14,8.23,16.1333333334,968.0,
6211,2,H8,Anada,15,Diagonal - Francesc Macià,168,06:16:10,16.17,7.9499999999333335,477.0,1
6212,2,H8,Anada,15,Diagonal - Francesc Macià,168,06:24:26,24.43,8.250000000033333,495.0,
6216,1,H8,Anada,15,Diagonal - Francesc Macià,168,06:37:56,37.93,13.5,810.0,
6413,2,H8,Anada,15,Diagonal - Francesc Macià,168,06:47:41,47.68,9.766666666633334,586.0,
6217,1,H8,Anada,15,Diagonal - Francesc Macià,168,06:56:07,56.12,8.433333333333334,506.0,
6415,2,H8,Anada,15,Diagonal - Francesc Macià,168,07:05:42,5.7,9.58333333335,575.0,
6026,1,H8,Anada,15,Diagonal - Francesc Macià,168,07:11:49,11.82,6.1166666666500005,367.0,
6209,2,H8,Anada,15,Diagonal - Francesc Macià,168,07:24:00,24.0,12.166666666733333,730.0,36
6022,2,H8,Anada,15,Diagonal - Francesc Macià,168,07:29:51,29.85,5.85,351.0,
6408,2,H8,Anada,15,Diagonal - Francesc Macià,168,07:37:37,37.62,7.766666666666667,466.0,
6215,2,H8,Anada,15,Diagonal - Francesc Macià,168,07:46:02,46.03,8.416666666666666,505.0,
6409,2,H8,Anada,15,Diagonal - Francesc Macià,168,07:54:06,54.1,8.066666666666666,484.0,19
6056,3,H8,Anada,15,Diagonal - Francesc Macià,168,08:05:57,5.95,11.849999999966666,711.0,"22,34"
6411,2,H8,Anada,15,Diagonal - Francesc Macià,168,08:13:03,13.05,7.116666666633334,427.0,
6055,2,H8,Anada,15,Diagonal - Francesc Macià,168,08:20:56,20.93,7.883333333333334,473.0,
6414,2,H8,Anada,15,Diagonal - Francesc Macià,168,08:35:23,35.38,14.433333333366667,866.0,
6800,2,H8,Anada,15,Diagonal - Francesc Macià,168,08:46:35,46.58,11.200000000033333,672.0,
6213,2,H8,Anada,15,Diagonal - Francesc Macià,168,08:51:49,51.82,5.233333333333333,314.0,
6407,2,H8,Anada,15,Diagonal - Francesc Macià,168,09:00:02,0.03,8.216666666666667,493.0,
6211,3,H8,Anada,15,Diagonal - Francesc Macià,168,09:15:48,15.8,15.766666666666667,946.0,
6212,3,H8,Anada,15,Diagonal - Francesc Macià,168,09:27:59,27.98,12.1833333333,731.0,
6216,2,H8,Anada,15,Diagonal - Francesc Macià,168,09:35:24,35.4,7.4333333333,446.0,
6413,3,H8,Anada,15,Diagonal - Francesc Macià,168,09:47:29,47.48,12.066666666733333,724.0,
6217,2,H8,Anada,15,Diagonal - Francesc Macià,168,09:55:16,55.27,7.799999999933333,468.0,
6415,3,H8,Anada,15,Diagonal - Francesc Macià,168,10:03:11,3.18,7.916666666666667,475.0,
6026,2,H8,Anada,15,Diagonal - Francesc Macià,168,10:15:53,15.88,12.683333333399998,761.0,
6209,3,H8,Anada,15,Diagonal - Francesc Macià,168,10:21:01,21.02,5.1333333333,308.0,1
6408,3,H8,Anada,15,Diagonal - Francesc Macià,168,10:30:24,30.4,9.383333333366666,563.0,
6215,3,H8,Anada,15,Diagonal - Francesc Macià,168,10:46:30,46.5,16.099999999966666,966.0,
6409,3,H8,Anada,15,Diagonal - Francesc Macià,168,10:54:02,54.03,7.533333333333333,452.0,
6056,4,H8,Anada,15,Diagonal - Francesc Macià,168,11:02:34,2.57,8.549999999966667,513.0,
6411,3,H8,Anada,15,Diagonal - Francesc Macià,168,11:15:40,15.67,13.083333333399999,785.0,
6055,3,H8,Anada,15,Diagonal - Francesc Macià,168,11:25:39,25.65,9.983333333333333,599.0,
6414,3,H8,Anada,15,Diagonal - Francesc Macià,168,11:31:30,31.5,5.8666666666,352.0,
6800,3,H8,Anada,15,Diagonal - Francesc Macià,168,11:41:24,41.4,9.8833333334,593.0,
6213,3,H8,Anada,15,Diagonal - Francesc Macià,168,11:49:16,49.27,7.866666666666666,472.0,5
6407,3,H8,Anada,15,Diagonal - Francesc Macià,168,12:04:51,4.85,15.583333333333334,935.0,
6211,4,H8,Anada,15,Diagonal - Francesc Macià,168,12:12:35,12.58,7.733333333333333,464.0,
6212,4,H8,Anada,15,Diagonal - Francesc Macià,168,12:22:49,22.82,10.249999999933333,615.0,
6216,3,H8,Anada,15,Diagonal - Francesc Macià,168,12:33:07,33.12,10.3,618.0,
6413,4,H8,Anada,15,Diagonal - Francesc Macià,168,12:41:13,41.22,8.1,486.0,
6217,3,H8,Anada,15,Diagonal - Francesc Macià,168,12:51:07,51.12,9.9,594.0,
6415,4,H8,Anada,15,Diagonal - Francesc Macià,168,12:59:32,59.53,7.733333333366667,464.0,
6209,4,H8,Anada,15,Diagonal - Francesc Macià,168,13:13:30,13.5,13.983333333266668,839.0,
6408,4,H8,Anada,15,Diagonal - Francesc Macià,168,13:25:50,25.83,12.333333333333334,740.0,
6215,4,H8,Anada,15,Diagonal - Francesc Macià,168,13:39:37,39.62,13.766666666699999,826.0,
6409,4,H8,Anada,15,Diagonal - Francesc Macià,168,13:47:06,47.1,7.483333333333333,449.0,
6056,5,H8,Anada,15,Diagonal - Francesc Macià,168,13:54:57,54.95,7.85,471.0,
6411,4,H8,Anada,15,Diagonal - Francesc Macià,168,14:06:48,6.8,11.866666666633334,712.0,
6055,4,H8,Anada,15,Diagonal - Francesc Macià,168,14:15:38,15.63,8.816666666733333,529.0,1
6015,1,H8,Anada,15,Diagonal - Francesc Macià,168,14:27:22,27.37,11.733333333333333,704.0,1
6414,4,H8,Anada,15,Diagonal - Francesc Macià,168,14:37:50,37.83,10.483333333266668,629.0,
6800,4,H8,Anada,15,Diagonal - Francesc Macià,168,14:43:25,43.42,5.583333333333333,335.0,
6213,4,H8,Anada,15,Diagonal - Francesc Macià,168,14:51:26,51.43,8.000000000066667,480.0,
6407,4,H8,Anada,15,Diagonal - Francesc Macià,168,15:05:15,5.25,13.833333333266667,830.0,
6211,5,H8,Anada,15,Diagonal - Francesc Macià,168,15:12:03,12.05,6.8,408.0,
6212,5,H8,Anada,15,Diagonal - Francesc Macià,168,15:23:53,23.88,11.816666666733333,709.0,
6036,1,H8,Anada,15,Diagonal - Francesc Macià,168,15:29:37,29.62,5.733333333333333,344.0,"1,2,3,4,33"
6216,4,H8,Anada,15,Diagonal - Francesc Macià,168,15:36:05,36.08,6.483333333266667,389.0,
6413,5,H8,Anada,15,Diagonal - Francesc Macià,168,15:49:44,49.73,13.6333333334,818.0,
6217,4,H8,Anada,15,Diagonal - Francesc Macià,168,15:59:47,59.78,10.049999999966667,603.0,
6415,5,H8,Anada,15,Diagonal - Francesc Macià,168,16:05:22,5.37,5.599999999966667,336.0,
6209,5,H8,Anada,15,Diagonal - Francesc Macià,168,16:14:56,14.93,9.566666666666666,574.0,"8,9,10,11"
6200,1,H8,Anada,15,Diagonal - Francesc Macià,168,16:25:11,25.18,10.2333333334,614.0,
6408,5,H8,Anada,15,Diagonal - Francesc Macià,168,16:30:20,30.33,4.833333333366666,290.0,
6215,5,H8,Anada,15,Diagonal - Francesc Macià,168,16:43:32,43.53,13.2,792.0,
6409,5,H8,Anada,15,Diagonal - Francesc Macià,168,16:56:29,56.48,12.95,777.0,
6056,6,H8,Anada,15,Diagonal - Francesc Macià,168,17:00:14,0.23,3.7666666666333333,226.0,19
6411,5,H8,Anada,15,Diagonal - Francesc Macià,168,17:13:41,13.68,13.433333333366667,806.0,
6055,5,H8,Anada,15,Diagonal - Francesc Macià,168,17:19:52,19.87,6.183333333366666,371.0,
6015,2,H8,Anada,15,Diagonal - Francesc Macià,168,17:36:00,36.0,16.133333333333333,968.0,
6414,5,H8,Anada,15,Diagonal - Francesc Macià,168,17:40:05,40.08,4.083333333333333,245.0,21
6800,5,H8,Anada,15,Diagonal - Francesc Macià,168,17:43:31,43.52,3.4499999999333335,207.0,
6213,5,H8,Anada,15,Diagonal - Francesc Macià,168,17:52:07,52.12,8.583333333366665,515.0,
6407,5,H8,Anada,15,Diagonal - Francesc Macià,168,18:01:48,1.8,9.683333333333334,581.0,
6211,6,H8,Anada,15,Diagonal - Francesc Macià,168,18:09:46,9.77,7.9833333333,479.0,
6036,2,H8,Anada,15,Diagonal - Francesc Macià,168,18:25:37,25.62,15.833333333366665,950.0,
6212,6,H8,Anada,15,Diagonal - Francesc Macià,168,18:34:56,34.93,9.316666666683334,559.0,"17,18,19,20,21,22,23,24,25,26,27,28,29,30,31,32,33,34,35,36,37,38,39"
6413,6,H8,Anada,15,Diagonal - Francesc Macià,168,18:46:55,46.92,11.26666666665,676.0,
6415,6,H8,Anada,15,Diagonal - Francesc Macià,168,18:57:00,57.0,10.066666666749999,604.0,
6209,6,H8,Anada,15,Diagonal - Francesc Macià,168,19:05:35,5.58,8.583333333333334,515.0,"9,19"
6408,6,H8,Anada,15,Diagonal - Francesc Macià,168,19:19:23,19.38,13.799999999966667,828.0,
6215,6,H8,Anada,15,Diagonal - Francesc Macià,168,19:29:45,29.75,10.366666666666667,622.0,1
6409,6,H8,Anada,15,Diagonal - Francesc Macià,168,19:39:33,39.55,9.800000000033332,588.0,
6056,7,H8,Anada,15,Diagonal - Francesc Macià,168,19:45:27,45.45,5.9,354.0,
6411,6,H8,Anada,15,Diagonal - Francesc Macià,168,19:58:44,58.73,13.299999999933334,798.0,30
6414,6,H8,Anada,15,Diagonal - Francesc Macià,168,20:20:29,20.48,21.733333333366666,1304.0,34
6213,6,H8,Anada,15,Diagonal - Francesc Macià,168,20:36:51,36.85,16.366666666666667,982.0,
6025,2,H8,Anada,15,Diagonal - Francesc Macià,168,20:47:07,47.12,10.266666666699999,616.0,
6036,3,H8,Anada,15,Diagonal - Francesc Macià,168,21:00:20,0.33,12.433333333333334,746.0,
6413,7,H8,Anada,15,Diagonal - Francesc Macià,168,21:12:17,12.28,11.95,717.0,
6200,3,H8,Anada,15,Diagonal - Francesc Macià,168,21:30:09,30.15,17.850000000066665,1071.0,30
6408,7,H8,Anada,15,Diagonal - Francesc Macià,168,21:42:31,42.52,12.366666666666667,742.0,24
6212,1,H8,Anada,16,Diagonal - Muntaner,929,03:44:29,44.48,,,"1,2,3,4,5,6,7,8,9,10,30"
6413,1,H8,Anada,16,Diagonal - Muntaner,929,03:58:19,58.32,13.833333333333334,830.0,1
6415,1,H8,Anada,16,Diagonal - Muntaner,929,04:11:25,11.42,13.116666666633334,787.0,1
6209,1,H8,Anada,16,Diagonal - Muntaner,929,04:20:12,20.2,8.783333333333333,527.0,
6022,1,H8,Anada,16,Diagonal - Muntaner,929,04:30:19,30.32,10.100000000033333,606.0,1
6408,1,H8,Anada,16,Diagonal - Muntaner,929,04:38:33,38.55,8.233333333366666,494.0,"1,2,3"
6215,1,H8,Anada,16,Diagonal - Muntaner,929,04:51:18,51.3,12.75,765.0,
6409,1,H8,Anada,16,Diagonal - Muntaner,929,04:55:35,55.58,4.299999999933333,258.0,
6056,1,H8,Anada,16,Diagonal - Muntaner,929,05:10:20,10.33,14.733333333366666,884.0,14
6411,1,H8,Anada,16,Diagonal - Muntaner,929,05:18:10,18.17,7.833333333333333,470.0,
6055,1,H8,Anada,16,Diagonal - Muntaner,929,05:27:19,27.32,9.166666666633335,550.0,"1,18,35,36"
6414,1,H8,Anada,16,Diagonal - Muntaner,929,05:33:08,33.13,5.8000000000666665,348.0,"1,2,3"
6117,1,H8,Anada,16,Diagonal - Muntaner,929,05:40:51,40.85,7.716666666666667,463.0,
6800,1,H8,Anada,16,Diagonal - Muntaner,929,05:45:16,45.27,4.416666666666667,265.0,
6213,1,H8,Anada,16,Diagonal - Muntaner,929,05:55:11,55.18,9.916666666633335,595.0,
6407,1,H8,Anada,16,Diagonal - Muntaner,929,06:10:27,10.45,15.266666666699999,916.0,
6211,2,H8,Anada,16,Diagonal - Muntaner,929,06:17:24,17.4,6.95,417.0,1
6212,2,H8,Anada,16,Diagonal - Muntaner,929,06:25:18,25.3,7.916666666599999,475.0,
6216,1,H8,Anada,16,Diagonal - Muntaner,929,06:38:38,38.63,13.316666666733333,799.0,
6413,2,H8,Anada,16,Diagonal - Muntaner,929,06:49:41,49.68,11.066666666600002,664.0,
6217,1,H8,Anada,16,Diagonal - Muntaner,929,06:58:22,58.37,8.666666666733333,520.0,
6415,2,H8,Anada,16,Diagonal - Muntaner,929,07:07:47,7.78,9.416666666633335,565.0,
6026,1,H8,Anada,16,Diagonal - Muntaner,929,07:14:20,14.33,6.550000000033333,393.0,
6209,2,H8,Anada,16,Diagonal - Muntaner,929,07:25:35,25.58,11.2666666666,676.0,36
6022,2,H8,Anada,16,Diagonal - Muntaner,929,07:31:57,31.95,6.350000000033333,381.0,
6408,2,H8,Anada,16,Diagonal - Muntaner,929,07:40:23,40.38,8.433333333366667,506.0,
6215,2,H8,Anada,16,Diagonal - Muntaner,929,07:48:53,48.88,8.516666666599999,511.0,
6409,2,H8,Anada,16,Diagonal - Muntaner,929,07:55:43,55.72,6.8166666667,409.0,19
6056,3,H8,Anada,16,Diagonal - Muntaner,929,08:06:43,6.72,11.0,660.0,"22,34"
6411,2,H8,Anada,16,Diagonal - Muntaner,929,08:14:30,14.5,7.7833333333666666,467.0,
6055,2,H8,Anada,16,Diagonal - Muntaner,929,08:22:28,22.47,7.966666666666667,478.0,
6414,2,H8,Anada,16,Diagonal - Muntaner,929,08:37:19,37.32,14.849999999966666,891.0,
6800,2,H8,Anada,16,Diagonal - Muntaner,929,08:47:27,47.45,10.149999999966667,609.0,
6213,2,H8,Anada,16,Diagonal - Muntaner,929,08:52:22,52.37,4.916666666666667,295.0,
6407,2,H8,Anada,16,Diagonal - Muntaner,929,09:01:20,1.33,8.95000000005,537.0,
6211,3,H8,Anada,16,Diagonal - Muntaner,929,09:17:31,17.52,16.18333333335,971.0,
6212,3,H8,Anada,16,Diagonal - Muntaner,929,09:30:18,30.3,12.783333333333333,767.0,
6216,2,H8,Anada,16,Diagonal - Muntaner,929,09:36:18,36.3,6.016666666583333,361.0,
6413,3,H8,Anada,16,Diagonal - Muntaner,929,09:49:14,49.23,12.93333333335,776.0,
6217,2,H8,Anada,16,Diagonal - Muntaner,929,09:57:07,57.12,7.866666666733334,472.0,
6415,3,H8,Anada,16,Diagonal - Muntaner,929,10:04:44,4.73,7.616666666633334,457.0,
6026,2,H8,Anada,16,Diagonal - Muntaner,929,10:18:08,18.13,13.4,804.0,
6209,3,H8,Anada,16,Diagonal - Muntaner,929,10:22:32,22.53,4.4,264.0,1
6408,3,H8,Anada,16,Diagonal - Muntaner,929,10:32:40,32.67,10.149999999966667,609.0,
6215,3,H8,Anada,16,Diagonal - Muntaner,929,10:48:28,48.47,15.783333333366667,947.0,
6409,3,H8,Anada,16,Diagonal - Muntaner,929,10:54:57,54.95,6.483333333366667,389.0,
6056,4,H8,Anada,16,Diagonal - Muntaner,929,11:04:44,4.73,9.7833333333,587.0,
6411,3,H8,Anada,16,Diagonal - Muntaner,929,11:18:43,18.72,13.983333333333333,839.0,
6055,3,H8,Anada,16,Diagonal - Muntaner,929,11:26:49,26.82,8.116666666633334,487.0,
6414,3,H8,Anada,16,Diagonal - Muntaner,929,11:33:28,33.47,6.6333333334,398.0,
6800,3,H8,Anada,16,Diagonal - Muntaner,929,11:44:29,44.48,11.016666666633334,661.0,
6213,3,H8,Anada,16,Diagonal - Muntaner,929,11:50:55,50.92,6.433333333333334,386.0,5
6407,3,H8,Anada,16,Diagonal - Muntaner,929,12:06:02,6.03,15.116666666666667,907.0,
6211,4,H8,Anada,16,Diagonal - Muntaner,929,12:14:37,14.62,8.583333333333334,515.0,
6212,4,H8,Anada,16,Diagonal - Muntaner,929,12:24:30,24.5,9.883333333366666,593.0,
6216,3,H8,Anada,16,Diagonal - Muntaner,929,12:35:16,35.27,10.766666666633334,646.0,
6413,4,H8,Anada,16,Diagonal - Muntaner,929,12:43:34,43.57,8.316666666633333,499.0,
6217,3,H8,Anada,16,Diagonal - Muntaner,929,12:52:42,52.7,9.1166666667,547.0,
6415,4,H8,Anada,16,Diagonal - Muntaner,929,13:00:20,0.33,6.683333333266666,401.0,
6209,4,H8,Anada,16,Diagonal - Muntaner,929,13:15:45,15.75,15.400000000066665,924.0,
6408,4,H8,Anada,16,Diagonal - Muntaner,929,13:27:54,27.9,12.15,729.0,
6215,4,H8,Anada,16,Diagonal - Muntaner,929,13:41:20,41.33,13.4333333333,806.0,
6409,4,H8,Anada,16,Diagonal - Muntaner,929,13:51:48,51.8,10.483333333300001,629.0,
6056,5,H8,Anada,16,Diagonal - Muntaner,929,13:57:36,57.6,5.7833333334,347.0,
6411,4,H8,Anada,16,Diagonal - Muntaner,929,14:08:30,8.5,10.916666666600001,655.0,
6055,4,H8,Anada,16,Diagonal - Muntaner,929,14:17:43,17.72,9.216666666666667,553.0,1
6015,1,H8,Anada,16,Diagonal - Muntaner,929,14:29:08,29.13,11.400000000066665,684.0,1
6414,4,H8,Anada,16,Diagonal - Muntaner,929,14:41:01,41.02,11.8833333333,713.0,
6800,4,H8,Anada,16,Diagonal - Muntaner,929,14:45:04,45.07,4.050000000033333,243.0,
6213,4,H8,Anada,16,Diagonal - Muntaner,929,14:52:53,52.88,7.833333333266666,470.0,
6407,4,H8,Anada,16,Diagonal - Muntaner,929,15:08:10,8.17,15.266666666733332,916.0,
6211,5,H8,Anada,16,Diagonal - Muntaner,929,15:14:00,14.0,5.833333333300001,350.0,
6212,5,H8,Anada,16,Diagonal - Muntaner,929,15:26:49,26.82,12.816666666683334,769.0,
6036,1,H8,Anada,16,Diagonal - Muntaner,929,15:31:24,31.4,4.59999999995,276.0,"1,2,3,4,33"
6216,4,H8,Anada,16,Diagonal - Muntaner,929,15:37:54,37.9,6.5,390.0,
6413,5,H8,Anada,16,Diagonal - Muntaner,929,15:50:53,50.88,12.983333333333333,779.0,
6217,4,H8,Anada,16,Diagonal - Muntaner,929,16:01:51,1.85,10.950000000033333,657.0,
6415,5,H8,Anada,16,Diagonal - Muntaner,929,16:06:35,6.58,4.733333333333333,284.0,
6209,5,H8,Anada,16,Diagonal - Muntaner,929,16:16:32,16.53,9.95,597.0,"8,9,10,11"
6200,1,H8,Anada,16,Diagonal - Muntaner,929,16:27:39,27.65,11.1166666667,667.0,
6408,5,H8,Anada,16,Diagonal - Muntaner,929,16:33:16,33.27,5.416666666599999,325.0,
6215,5,H8,Anada,16,Diagonal - Muntaner,929,16:45:06,45.1,11.8166666667,709.0,
6409,5,H8,Anada,16,Diagonal - Muntaner,929,16:57:08,57.13,12.033333333333333,722.0,
6056,6,H8,Anada,16,Diagonal - Muntaner,929,17:01:44,1.73,4.616666666633334,277.0,19
6411,5,H8,Anada,16,Diagonal - Muntaner,929,17:15:06,15.1,13.350000000033333,801.0,
6055,5,H8,Anada,16,Diagonal - Muntaner,929,17:21:23,21.38,6.2833333333666666,377.0,
6015,2,H8,Anada,16,Diagonal - Muntaner,929,17:37:57,37.95,16.566666666666666,994.0,
6414,5,H8,Anada,16,Diagonal - Muntaner,929,17:41:08,41.13,3.1833333333,191.0,21
6800,5,H8,Anada,16,Diagonal - Muntaner,929,17:46:16,46.27,5.149999999966667,309.0,
6213,5,H8,Anada,16,Diagonal - Muntaner,929,17:53:51,53.85,7.5666666667,454.0,
6407,5,H8,Anada,16,Diagonal - Muntaner,929,18:03:14,3.23,9.383333333333333,563.0,
6211,6,H8,Anada,16,Diagonal - Muntaner,929,18:11:03,11.05,7.816666666666666,469.0,
6036,2,H8,Anada,16,Diagonal - Muntaner,929,18:26:56,26.93,15.899999999966667,954.0,
6212,6,H8,Anada,16,Diagonal - Muntaner,929,18:36:14,36.23,9.3,558.0,"17,18,19,20,21,22,23,24,25,26,27,28,29,30,31,32,33,34,35,36,37,38,39"
6216,5,H8,Anada,16,Diagonal - Muntaner,929,18:37:18,37.3,1.0666666666666667,64.0,
6413,6,H8,Anada,16,Diagonal - Muntaner,929,18:48:06,48.1,10.8,648.0,
6415,6,H8,Anada,16,Diagonal - Muntaner,929,18:58:59,58.98,10.883333333333333,653.0,
6209,6,H8,Anada,16,Diagonal - Muntaner,929,19:07:22,7.37,8.3666666667,502.0,"9,19"
6408,6,H8,Anada,16,Diagonal - Muntaner,929,19:21:13,21.22,13.850000000033333,831.0,
6215,6,H8,Anada,16,Diagonal - Muntaner,929,19:31:42,31.7,10.499999999933333,630.0,1
6409,6,H8,Anada,16,Diagonal - Muntaner,929,19:41:12,41.2,9.499999999983334,570.0,
6056,7,H8,Anada,16,Diagonal - Muntaner,929,19:47:05,47.08,5.8666666667500005,352.0,
6411,6,H8,Anada,16,Diagonal - Muntaner,929,19:59:31,59.52,12.4333333333,746.0,30
6414,6,H8,Anada,16,Diagonal - Muntaner,929,20:22:05,22.08,22.5833333333,1355.0,34
6213,6,H8,Anada,16,Diagonal - Muntaner,929,20:37:54,37.9,15.800000000066666,948.0,
6212,8,H8,Anada,16,Diagonal - Muntaner,929,20:48:13,48.22,10.333333333266667,620.0,
6036,3,H8,Anada,16,Diagonal - Muntaner,929,21:02:06,2.1,13.783333333349999,827.0,
6413,7,H8,Anada,16,Diagonal - Muntaner,929,21:13:02,13.03,10.933333333333334,656.0,
6200,3,H8,Anada,16,Diagonal - Muntaner,929,21:32:52,32.87,19.849999999933335,1191.0,30
6408,7,H8,Anada,16,Diagonal - Muntaner,929,21:44:12,44.2,11.333333333333334,680.0,24
6212,1,H8,Anada,17,Diagonal - Balmes,94,03:46:11,46.18,,,"1,2,3,4,5,6,7,8,9,10,30"
6413,1,H8,Anada,17,Diagonal - Balmes,94,04:00:19,0.32,14.116666666716666,847.0,1
6415,1,H8,Anada,17,Diagonal - Balmes,94,04:13:44,13.73,13.41666666665,805.0,1
6209,1,H8,Anada,17,Diagonal - Balmes,94,04:22:21,22.35,8.6166666667,517.0,
6022,1,H8,Anada,17,Diagonal - Balmes,94,04:31:56,31.93,9.599999999933335,576.0,1
6408,1,H8,Anada,17,Diagonal - Balmes,94,04:39:45,39.75,7.816666666666666,469.0,"1,2,3"
6215,1,H8,Anada,17,Diagonal - Balmes,94,04:52:29,52.48,12.7166666667,763.0,
6409,1,H8,Anada,17,Diagonal - Balmes,94,04:57:07,57.12,4.633333333333334,278.0,
6056,1,H8,Anada,17,Diagonal - Balmes,94,05:12:32,12.53,15.416666666666666,925.0,14
6411,1,H8,Anada,17,Diagonal - Balmes,94,05:20:22,20.37,7.833333333333333,470.0,
6055,1,H8,Anada,17,Diagonal - Balmes,94,05:29:14,29.23,8.883333333316667,533.0,"1,18,35,36"
6414,1,H8,Anada,17,Diagonal - Balmes,94,05:34:16,34.27,5.0166666667166675,301.0,"1,2,3"
6117,1,H8,Anada,17,Diagonal - Balmes,94,05:42:30,42.5,8.249999999933333,495.0,
6800,1,H8,Anada,17,Diagonal - Balmes,94,05:49:11,49.18,6.666666666733334,400.0,
6213,1,H8,Anada,17,Diagonal - Balmes,94,05:56:45,56.75,7.583333333266666,455.0,
6407,1,H8,Anada,17,Diagonal - Balmes,94,06:11:16,11.27,14.51666666665,871.0,
6211,2,H8,Anada,17,Diagonal - Balmes,94,06:19:43,19.72,8.433333333383334,506.0,1
6212,2,H8,Anada,17,Diagonal - Balmes,94,06:27:38,27.63,7.916666666699999,475.0,
6216,1,H8,Anada,17,Diagonal - Balmes,94,06:40:28,40.47,12.849999999933335,771.0,
6413,2,H8,Anada,17,Diagonal - Balmes,94,06:51:46,51.77,11.283333333366667,677.0,
6217,1,H8,Anada,17,Diagonal - Balmes,94,06:59:47,59.78,8.016666666666667,481.0,
6415,2,H8,Anada,17,Diagonal - Balmes,94,07:08:54,8.9,9.116666666666667,547.0,
6026,1,H8,Anada,17,Diagonal - Balmes,94,07:15:23,15.38,6.483333333366667,389.0,
6209,2,H8,Anada,17,Diagonal - Balmes,94,07:28:46,28.77,13.3833333333,803.0,36
6022,2,H8,Anada,17,Diagonal - Balmes,94,07:34:54,34.9,6.133333333366666,368.0,
6408,2,H8,Anada,17,Diagonal - Balmes,94,07:43:01,43.02,8.133333333266666,488.0,
6215,2,H8,Anada,17,Diagonal - Balmes,94,07:51:22,51.37,8.35,501.0,
6409,2,H8,Anada,17,Diagonal - Balmes,94,07:58:11,58.18,6.800000000033333,408.0,19
6056,3,H8,Anada,17,Diagonal - Balmes,94,08:08:45,8.75,10.5666666667,634.0,"22,34"
6411,2,H8,Anada,17,Diagonal - Balmes,94,08:16:48,16.8,8.05,483.0,
6055,2,H8,Anada,17,Diagonal - Balmes,94,08:24:50,24.83,8.0333333333,482.0,
6414,2,H8,Anada,17,Diagonal - Balmes,94,08:38:53,38.88,14.05,843.0,
6800,2,H8,Anada,17,Diagonal - Balmes,94,08:49:46,49.77,10.899999999966667,654.0,
6213,2,H8,Anada,17,Diagonal - Balmes,94,08:55:04,55.07,5.2833333334,317.0,
6407,2,H8,Anada,17,Diagonal - Balmes,94,09:04:17,4.28,9.233333333266668,554.0,
6211,3,H8,Anada,17,Diagonal - Balmes,94,09:21:17,21.28,16.983333333366666,1019.0,
6212,3,H8,Anada,17,Diagonal - Balmes,94,09:32:19,32.32,11.033333333366667,662.0,
6216,2,H8,Anada,17,Diagonal - Balmes,94,09:38:32,38.53,6.216666666666667,373.0,
6413,3,H8,Anada,17,Diagonal - Balmes,94,09:50:46,50.77,12.233333333333333,734.0,
6217,2,H8,Anada,17,Diagonal - Balmes,94,09:58:59,58.98,8.216666666666667,493.0,
6415,3,H8,Anada,17,Diagonal - Balmes,94,10:07:06,7.1,8.116666666666667,487.0,
6026,2,H8,Anada,17,Diagonal - Balmes,94,10:19:48,19.8,12.7166666666,763.0,
6209,3,H8,Anada,17,Diagonal - Balmes,94,10:24:25,24.42,4.600000000033333,276.0,1
6408,3,H8,Anada,17,Diagonal - Balmes,94,10:33:58,33.97,9.566666666633333,574.0,
6215,3,H8,Anada,17,Diagonal - Balmes,94,10:50:45,50.75,16.766666666733332,1006.0,
6409,3,H8,Anada,17,Diagonal - Balmes,94,10:56:57,56.95,6.199999999966667,372.0,
6056,4,H8,Anada,17,Diagonal - Balmes,94,11:07:36,7.6,10.666666666616667,640.0,
6411,3,H8,Anada,17,Diagonal - Balmes,94,11:20:37,20.62,13.00000000005,780.0,
6055,3,H8,Anada,17,Diagonal - Balmes,94,11:28:52,28.87,8.250000000033333,495.0,
6414,3,H8,Anada,17,Diagonal - Balmes,94,11:35:07,35.12,6.25,375.0,
6800,3,H8,Anada,17,Diagonal - Balmes,94,11:46:44,46.73,11.616666666666667,697.0,
6213,3,H8,Anada,17,Diagonal - Balmes,94,11:52:35,52.58,5.85,351.0,5
6407,3,H8,Anada,17,Diagonal - Balmes,94,12:08:54,8.9,16.316666666633335,979.0,
6211,4,H8,Anada,17,Diagonal - Balmes,94,12:16:38,16.63,7.733333333333333,464.0,
6212,4,H8,Anada,17,Diagonal - Balmes,94,12:26:06,26.1,9.4666666667,568.0,
6216,3,H8,Anada,17,Diagonal - Balmes,94,12:37:11,37.18,11.099999999933335,666.0,
6413,4,H8,Anada,17,Diagonal - Balmes,94,12:45:26,45.43,8.233333333400001,494.0,
6217,3,H8,Anada,17,Diagonal - Balmes,94,12:54:34,54.57,9.133333333333333,548.0,
6415,4,H8,Anada,17,Diagonal - Balmes,94,13:02:40,2.67,7.3666666666,442.0,
6209,4,H8,Anada,17,Diagonal - Balmes,94,13:17:16,17.27,14.583333333366665,875.0,
6408,4,H8,Anada,17,Diagonal - Balmes,94,13:30:04,30.07,12.800000000033332,768.0,
6215,4,H8,Anada,17,Diagonal - Balmes,94,13:43:08,43.13,13.066666666633333,784.0,
6409,4,H8,Anada,17,Diagonal - Balmes,94,13:54:05,54.08,10.966666666633333,658.0,
6056,5,H8,Anada,17,Diagonal - Balmes,94,13:59:19,59.32,5.233333333333333,314.0,
6411,4,H8,Anada,17,Diagonal - Balmes,94,14:10:01,10.02,10.7,642.0,
6055,4,H8,Anada,17,Diagonal - Balmes,94,14:20:08,20.13,10.116666666666667,607.0,1
6015,1,H8,Anada,17,Diagonal - Balmes,94,14:31:07,31.12,10.983333333333333,659.0,1
6414,4,H8,Anada,17,Diagonal - Balmes,94,14:41:49,41.82,10.683333333366667,641.0,
6800,4,H8,Anada,17,Diagonal - Balmes,94,14:46:50,46.83,5.033333333300001,302.0,
6213,4,H8,Anada,17,Diagonal - Balmes,94,14:56:47,56.78,9.933333333399998,596.0,
6407,4,H8,Anada,17,Diagonal - Balmes,94,15:10:40,10.67,13.8833333333,833.0,
6211,5,H8,Anada,17,Diagonal - Balmes,94,15:15:49,15.82,5.166666666633334,310.0,
6212,5,H8,Anada,17,Diagonal - Balmes,94,15:28:25,28.42,12.583333333366665,755.0,
6036,1,H8,Anada,17,Diagonal - Balmes,94,15:34:21,34.35,5.933333333366666,356.0,"1,2,3,4,33"
6216,4,H8,Anada,17,Diagonal - Balmes,94,15:40:01,40.02,5.666666666666667,340.0,
6413,5,H8,Anada,17,Diagonal - Balmes,94,15:52:59,52.98,12.983333333266668,779.0,
6217,4,H8,Anada,17,Diagonal - Balmes,94,16:04:22,4.37,11.383333333333333,683.0,
6415,5,H8,Anada,17,Diagonal - Balmes,94,16:08:46,8.77,4.3833333334,263.0,
6209,5,H8,Anada,17,Diagonal - Balmes,94,16:20:11,20.18,11.433333333266667,686.0,"8,9,10,11"
6200,1,H8,Anada,17,Diagonal - Balmes,94,16:30:42,30.7,10.500000000066667,630.0,
6408,5,H8,Anada,17,Diagonal - Balmes,94,16:34:38,34.63,3.45,207.0,
6215,5,H8,Anada,17,Diagonal - Balmes,94,16:46:48,46.8,12.183333333266667,731.0,
6409,5,H8,Anada,17,Diagonal - Balmes,94,16:59:49,59.82,13.000000000033333,780.0,
6056,6,H8,Anada,17,Diagonal - Balmes,94,17:02:45,2.75,2.9499999999666664,177.0,19
6411,5,H8,Anada,17,Diagonal - Balmes,94,17:17:10,17.17,14.416666666666666,865.0,
6055,5,H8,Anada,17,Diagonal - Balmes,94,17:23:16,23.27,6.083333333366666,365.0,
6015,2,H8,Anada,17,Diagonal - Balmes,94,17:41:24,41.4,18.133333333366668,1088.0,
6414,5,H8,Anada,17,Diagonal - Balmes,94,17:43:33,43.55,2.1499999999666666,129.0,21
6800,5,H8,Anada,17,Diagonal - Balmes,94,17:48:04,48.07,4.533333333300001,272.0,
6213,5,H8,Anada,17,Diagonal - Balmes,94,17:55:39,55.65,7.566666666733334,454.0,
6407,5,H8,Anada,17,Diagonal - Balmes,94,18:05:02,5.03,9.383333333333333,563.0,
6211,6,H8,Anada,17,Diagonal - Balmes,94,18:12:53,12.88,7.85,471.0,
6036,2,H8,Anada,17,Diagonal - Balmes,94,18:29:11,29.18,16.299999999966666,978.0,
6216,5,H8,Anada,17,Diagonal - Balmes,94,18:38:19,38.32,9.133333333366666,548.0,
6413,6,H8,Anada,17,Diagonal - Balmes,94,18:49:46,49.77,11.4666666666,688.0,
6415,6,H8,Anada,17,Diagonal - Balmes,94,19:01:19,1.32,11.55,693.0,
6209,6,H8,Anada,17,Diagonal - Balmes,94,19:09:05,9.08,7.750000000066667,465.0,"9,19"
6408,6,H8,Anada,17,Diagonal - Balmes,94,19:23:36,23.6,14.516666666666667,871.0,
6215,6,H8,Anada,17,Diagonal - Balmes,94,19:33:08,33.13,9.5333333333,572.0,1
6409,6,H8,Anada,17,Diagonal - Balmes,94,19:42:38,42.63,9.5,570.0,
6056,7,H8,Anada,17,Diagonal - Balmes,94,19:49:18,49.3,6.666666666699999,400.0,
6411,6,H8,Anada,17,Diagonal - Balmes,94,20:02:01,2.02,12.733333333266668,764.0,30
6414,6,H8,Anada,17,Diagonal - Balmes,94,20:24:27,24.45,22.41666666673333,1345.0,34
6213,6,H8,Anada,17,Diagonal - Balmes,94,20:40:14,40.23,15.7833333333,947.0,
6025,2,H8,Anada,17,Diagonal - Balmes,94,20:49:25,49.42,9.183333333366667,551.0,
6036,3,H8,Anada,17,Diagonal - Balmes,94,21:04:12,4.2,14.4,864.0,
6413,7,H8,Anada,17,Diagonal - Balmes,94,21:15:18,15.3,11.116666666633334,667.0,
6200,3,H8,Anada,17,Diagonal - Balmes,94,21:34:45,34.75,19.45,1167.0,30
6408,7,H8,Anada,17,Diagonal - Balmes,94,21:46:20,46.33,11.583333333316666,695.0,24
6212,1,H8,Anada,18,Diagonal - Pau Claris,1080,03:47:38,47.63,,,"1,2,3,4,5,6,7,8,9,10,30"
6413,1,H8,Anada,18,Diagonal - Pau Claris,1080,04:02:19,2.32,14.6666666667,880.0,1
6415,1,H8,Anada,18,Diagonal - Pau Claris,1080,04:15:41,15.68,13.3833333333,803.0,1
6209,1,H8,Anada,18,Diagonal - Pau Claris,1080,04:23:50,23.83,8.1333333334,488.0,
6022,1,H8,Anada,18,Diagonal - Pau Claris,1080,04:33:49,33.82,9.983333333333333,599.0,1
6408,1,H8,Anada,18,Diagonal - Pau Claris,1080,04:42:21,42.35,8.5333333333,512.0,"1,2,3"
6215,1,H8,Anada,18,Diagonal - Pau Claris,1080,04:54:23,54.38,12.049999999966667,723.0,
6409,1,H8,Anada,18,Diagonal - Pau Claris,1080,04:57:36,57.6,3.216666666666667,193.0,
6056,1,H8,Anada,18,Diagonal - Pau Claris,1080,05:14:17,14.28,16.6666666667,1000.0,14
6411,1,H8,Anada,18,Diagonal - Pau Claris,1080,05:22:12,22.2,7.916666666666667,475.0,
6414,1,H8,Anada,18,Diagonal - Pau Claris,1080,05:36:32,36.53,14.333333333333334,860.0,"1,2,3"
6117,1,H8,Anada,18,Diagonal - Pau Claris,1080,05:44:22,44.37,7.833333333333333,470.0,
6800,1,H8,Anada,18,Diagonal - Pau Claris,1080,05:52:15,52.25,7.883333333366666,473.0,
6213,1,H8,Anada,18,Diagonal - Pau Claris,1080,05:59:06,59.1,6.849999999966667,411.0,
6407,1,H8,Anada,18,Diagonal - Pau Claris,1080,06:13:26,13.43,14.333333333333334,860.0,
6211,2,H8,Anada,18,Diagonal - Pau Claris,1080,06:21:14,21.23,7.816666666633334,469.0,1
6212,2,H8,Anada,18,Diagonal - Pau Claris,1080,06:30:57,30.95,9.700000000033333,582.0,
6216,1,H8,Anada,18,Diagonal - Pau Claris,1080,06:43:36,43.6,12.666666666633335,760.0,
6413,2,H8,Anada,18,Diagonal - Pau Claris,1080,06:56:20,56.33,12.7166666667,763.0,
6217,1,H8,Anada,18,Diagonal - Pau Claris,1080,07:01:22,1.37,5.049999999966667,303.0,
6056,2,H8,Anada,18,Diagonal - Pau Claris,1080,07:04:11,4.18,2.8000000000666665,168.0,"1,2,3,4,5,6,7,8,9,10,11,12,13,14,15,16,17,23,24,25,26,27,28,29,30,31,32,33,34,35,36,37,38,39"
6415,2,H8,Anada,18,Diagonal - Pau Claris,1080,07:10:51,10.85,6.666666666633334,400.0,
6026,1,H8,Anada,18,Diagonal - Pau Claris,1080,07:17:12,17.2,6.35,381.0,
6209,2,H8,Anada,18,Diagonal - Pau Claris,1080,07:30:29,30.48,13.299999999966667,798.0,36
6022,2,H8,Anada,18,Diagonal - Pau Claris,1080,07:36:52,36.87,6.366666666733334,382.0,
6408,2,H8,Anada,18,Diagonal - Pau Claris,1080,07:45:04,45.07,8.199999999966668,492.0,
6215,2,H8,Anada,18,Diagonal - Pau Claris,1080,07:52:17,52.28,7.216666666699999,433.0,
6409,2,H8,Anada,18,Diagonal - Pau Claris,1080,08:00:34,0.57,8.2833333333,497.0,19
6056,3,H8,Anada,18,Diagonal - Pau Claris,1080,08:12:15,12.25,11.683333333333334,701.0,"22,34"
6411,2,H8,Anada,18,Diagonal - Pau Claris,1080,08:18:28,18.47,6.2333333333,374.0,
6055,2,H8,Anada,18,Diagonal - Pau Claris,1080,08:26:12,26.2,7.716666666699999,463.0,
6414,2,H8,Anada,18,Diagonal - Pau Claris,1080,08:40:22,40.37,14.183333333316666,851.0,
6800,2,H8,Anada,18,Diagonal - Pau Claris,1080,08:52:49,52.82,12.433333333366667,746.0,
6213,2,H8,Anada,18,Diagonal - Pau Claris,1080,08:56:29,56.48,3.666666666683333,220.0,
6407,2,H8,Anada,18,Diagonal - Pau Claris,1080,09:07:46,7.77,11.2833333333,677.0,
6211,3,H8,Anada,18,Diagonal - Pau Claris,1080,09:22:45,22.75,14.999999999966667,900.0,
6212,3,H8,Anada,18,Diagonal - Pau Claris,1080,09:35:16,35.27,12.500000000066667,750.0,
6216,2,H8,Anada,18,Diagonal - Pau Claris,1080,09:40:28,40.47,5.199999999966667,312.0,
6413,3,H8,Anada,18,Diagonal - Pau Claris,1080,09:54:01,54.02,13.550000000033332,813.0,
6217,2,H8,Anada,18,Diagonal - Pau Claris,1080,10:00:32,0.53,6.516666666666667,391.0,
6415,3,H8,Anada,18,Diagonal - Pau Claris,1080,10:09:09,9.15,8.616666666666667,517.0,
6026,2,H8,Anada,18,Diagonal - Pau Claris,1080,10:22:21,22.35,13.2,792.0,
6209,3,H8,Anada,18,Diagonal - Pau Claris,1080,10:26:53,26.88,4.54999999995,273.0,1
6408,3,H8,Anada,18,Diagonal - Pau Claris,1080,10:37:26,37.43,10.533333333349999,632.0,
6215,3,H8,Anada,18,Diagonal - Pau Claris,1080,10:53:39,53.65,16.2333333333,974.0,
6409,3,H8,Anada,18,Diagonal - Pau Claris,1080,11:00:06,0.1,6.4333333334,386.0,
6056,4,H8,Anada,18,Diagonal - Pau Claris,1080,11:10:26,10.43,10.333333333333334,620.0,
6411,3,H8,Anada,18,Diagonal - Pau Claris,1080,11:23:53,23.88,13.4666666666,808.0,
6055,3,H8,Anada,18,Diagonal - Pau Claris,1080,11:30:34,30.57,6.666666666699999,400.0,
6414,3,H8,Anada,18,Diagonal - Pau Claris,1080,11:36:38,36.63,6.083333333283333,365.0,
6800,3,H8,Anada,18,Diagonal - Pau Claris,1080,11:47:56,47.93,11.283333333416666,677.0,
6213,3,H8,Anada,18,Diagonal - Pau Claris,1080,11:54:36,54.6,6.683333333266666,401.0,5
6407,3,H8,Anada,18,Diagonal - Pau Claris,1080,12:09:33,9.55,14.95,897.0,
6211,4,H8,Anada,18,Diagonal - Pau Claris,1080,12:18:26,18.43,8.866666666733332,532.0,
6212,4,H8,Anada,18,Diagonal - Pau Claris,1080,12:29:34,29.57,11.149999999933334,669.0,
6216,3,H8,Anada,18,Diagonal - Pau Claris,1080,12:39:28,39.47,9.8833333334,593.0,
6413,4,H8,Anada,18,Diagonal - Pau Claris,1080,12:46:47,46.78,7.316666666666666,439.0,
6217,3,H8,Anada,18,Diagonal - Pau Claris,1080,12:56:44,56.73,9.9666666666,598.0,
6415,4,H8,Anada,18,Diagonal - Pau Claris,1080,13:06:32,6.53,9.350000000033333,561.0,
6209,4,H8,Anada,18,Diagonal - Pau Claris,1080,13:19:55,19.92,13.399999999966667,804.0,
6408,4,H8,Anada,18,Diagonal - Pau Claris,1080,13:31:46,31.77,11.833333333399999,710.0,
6215,4,H8,Anada,18,Diagonal - Pau Claris,1080,13:46:30,46.5,14.733333333300001,884.0,
6409,4,H8,Anada,18,Diagonal - Pau Claris,1080,13:56:39,56.65,10.150000000033334,609.0,
6056,5,H8,Anada,18,Diagonal - Pau Claris,1080,14:00:52,0.87,4.216666666666667,253.0,
6411,4,H8,Anada,18,Diagonal - Pau Claris,1080,14:12:39,12.65,11.799999999933334,708.0,
6055,4,H8,Anada,18,Diagonal - Pau Claris,1080,14:22:58,22.97,10.300000000033332,618.0,1
6015,1,H8,Anada,18,Diagonal - Pau Claris,1080,14:32:49,32.82,9.850000000033333,591.0,1
6414,4,H8,Anada,18,Diagonal - Pau Claris,1080,14:44:23,44.38,11.583333333266667,695.0,
6800,4,H8,Anada,18,Diagonal - Pau Claris,1080,14:49:58,49.97,5.5666666667,334.0,
6213,4,H8,Anada,18,Diagonal - Pau Claris,1080,14:58:20,58.33,8.3833333333,503.0,
6407,4,H8,Anada,18,Diagonal - Pau Claris,1080,15:12:48,12.8,14.450000000033333,867.0,
6211,5,H8,Anada,18,Diagonal - Pau Claris,1080,15:18:19,18.32,5.5166666667,331.0,
6212,5,H8,Anada,18,Diagonal - Pau Claris,1080,15:30:57,30.95,12.649999999933334,759.0,
6036,1,H8,Anada,18,Diagonal - Pau Claris,1080,15:36:19,36.32,5.350000000033333,321.0,"1,2,3,4,33"
6216,4,H8,Anada,18,Diagonal - Pau Claris,1080,15:41:46,41.77,5.45,327.0,
6413,5,H8,Anada,18,Diagonal - Pau Claris,1080,15:56:35,56.58,14.8166666667,889.0,
6217,4,H8,Anada,18,Diagonal - Pau Claris,1080,16:06:00,6.0,9.416666666666666,565.0,
6415,5,H8,Anada,18,Diagonal - Pau Claris,1080,16:11:50,11.83,5.849999999933333,351.0,
6209,5,H8,Anada,18,Diagonal - Pau Claris,1080,16:21:44,21.73,9.8833333334,593.0,"8,9,10,11"
6200,1,H8,Anada,18,Diagonal - Pau Claris,1080,16:33:15,33.25,11.533333333266667,692.0,
6026,4,H8,Anada,18,Diagonal - Pau Claris,1080,16:34:38,34.63,1.3833333333333333,83.0,"1,2,3,4,5,6,7,8,9,10"
6408,5,H8,Anada,18,Diagonal - Pau Claris,1080,16:37:50,37.83,3.2,192.0,
6215,5,H8,Anada,18,Diagonal - Pau Claris,1080,16:48:59,48.98,11.133333333366666,668.0,
6409,5,H8,Anada,18,Diagonal - Pau Claris,1080,17:01:43,1.72,12.733333333333333,764.0,
6056,6,H8,Anada,18,Diagonal - Pau Claris,1080,17:04:56,4.93,3.2166666667,193.0,19
6411,5,H8,Anada,18,Diagonal - Pau Claris,1080,17:19:26,19.43,14.499999999966667,870.0,
6055,5,H8,Anada,18,Diagonal - Pau Claris,1080,17:27:51,27.85,8.4166666667,505.0,
6015,2,H8,Anada,18,Diagonal - Pau Claris,1080,17:44:41,44.68,16.84999999991667,1011.0,
6414,5,H8,Anada,18,Diagonal - Pau Claris,1080,17:46:07,46.12,1.43333333335,86.0,21
6800,5,H8,Anada,18,Diagonal - Pau Claris,1080,17:49:41,49.68,3.5500000000666665,213.0,
6213,5,H8,Anada,18,Diagonal - Pau Claris,1080,17:57:17,57.28,7.6166666666,457.0,
6407,5,H8,Anada,18,Diagonal - Pau Claris,1080,18:06:58,6.97,9.683333333333334,581.0,
6211,6,H8,Anada,18,Diagonal - Pau Claris,1080,18:15:19,15.32,8.333333333366665,500.0,
6036,2,H8,Anada,18,Diagonal - Pau Claris,1080,18:30:49,30.82,15.516666666633334,931.0,
6216,5,H8,Anada,18,Diagonal - Pau Claris,1080,18:40:06,40.1,9.266666666699999,556.0,
6413,6,H8,Anada,18,Diagonal - Pau Claris,1080,18:51:30,51.5,11.400000000033334,684.0,
6415,6,H8,Anada,18,Diagonal - Pau Claris,1080,19:02:49,2.82,11.316666666666666,679.0,
6209,6,H8,Anada,18,Diagonal - Pau Claris,1080,19:10:51,10.85,8.0333333333,482.0,"9,19"
6408,6,H8,Anada,18,Diagonal - Pau Claris,1080,19:24:51,24.85,14.000000000033333,840.0,
6215,6,H8,Anada,18,Diagonal - Pau Claris,1080,19:36:17,36.28,11.449999999933334,687.0,1
6409,6,H8,Anada,18,Diagonal - Pau Claris,1080,19:44:21,44.35,8.050000000033332,483.0,
6056,7,H8,Anada,18,Diagonal - Pau Claris,1080,19:50:29,50.48,6.133333333333334,368.0,
6411,6,H8,Anada,18,Diagonal - Pau Claris,1080,20:03:36,3.6,13.116666666666667,787.0,30
6414,6,H8,Anada,18,Diagonal - Pau Claris,1080,20:25:51,25.85,22.266666666633334,1336.0,34
6213,6,H8,Anada,18,Diagonal - Pau Claris,1080,20:41:53,41.88,16.033333333333335,962.0,
6025,2,H8,Anada,18,Diagonal - Pau Claris,1080,20:51:18,51.3,9.400000000033334,564.0,
6036,3,H8,Anada,18,Diagonal - Pau Claris,1080,21:05:47,5.78,14.433333333366667,866.0,
6413,7,H8,Anada,18,Diagonal - Pau Claris,1080,21:17:07,17.12,11.349999999933335,681.0,
6200,3,H8,Anada,18,Diagonal - Pau Claris,1080,21:36:34,36.57,19.4333333334,1166.0,30
6408,7,H8,Anada,18,Diagonal - Pau Claris,1080,21:48:22,48.37,11.799999999966667,708.0,24
6212,1,H8,Anada,19,Rosselló - Bruc,146,03:48:17,48.28,,,"1,2,3,4,5,6,7,8,9,10,30"
6413,1,H8,Anada,19,Rosselló - Bruc,146,04:04:00,4.0,15.700000000033333,942.0,1
6415,1,H8,Anada,19,Rosselló - Bruc,146,04:17:12,17.2,13.216666666633333,793.0,1
6209,1,H8,Anada,19,Rosselló - Bruc,146,04:25:39,25.65,8.45,507.0,
6022,1,H8,Anada,19,Rosselló - Bruc,146,04:35:26,35.43,9.783333333333333,587.0,1
6408,1,H8,Anada,19,Rosselló - Bruc,146,04:43:29,43.48,8.0333333334,482.0,"1,2,3"
6215,1,H8,Anada,19,Rosselló - Bruc,146,04:55:41,55.68,12.2,732.0,
6409,1,H8,Anada,19,Rosselló - Bruc,146,04:59:03,59.05,3.383333333266667,203.0,
6056,1,H8,Anada,19,Rosselló - Bruc,146,05:15:28,15.47,16.416666666666668,985.0,14
6411,1,H8,Anada,19,Rosselló - Bruc,146,05:23:38,23.63,8.150000000066667,489.0,
6055,1,H8,Anada,19,Rosselló - Bruc,146,05:29:56,29.93,6.3,378.0,"1,18,35,36"
6414,1,H8,Anada,19,Rosselló - Bruc,146,05:37:48,37.8,7.866666666633334,472.0,"1,2,3"
6117,1,H8,Anada,19,Rosselló - Bruc,146,05:46:04,46.07,8.266666666699999,496.0,
6800,1,H8,Anada,19,Rosselló - Bruc,146,05:53:27,53.45,7.383333333333334,443.0,
6213,1,H8,Anada,19,Rosselló - Bruc,146,06:01:16,1.27,7.833333333266666,470.0,
6407,1,H8,Anada,19,Rosselló - Bruc,146,06:14:51,14.85,13.583333333333334,815.0,
6211,2,H8,Anada,19,Rosselló - Bruc,146,06:22:40,22.67,7.800000000033333,468.0,1
6212,2,H8,Anada,19,Rosselló - Bruc,146,06:33:34,33.57,10.9,654.0,
6216,1,H8,Anada,19,Rosselló - Bruc,146,06:45:31,45.52,11.966666666633333,718.0,
6413,2,H8,Anada,19,Rosselló - Bruc,146,06:58:18,58.3,12.766666666699999,766.0,
6217,1,H8,Anada,19,Rosselló - Bruc,146,07:03:09,3.15,4.85,291.0,
6056,2,H8,Anada,19,Rosselló - Bruc,146,07:05:49,5.82,2.6666666666666665,160.0,"1,2,3,4,5,6,7,8,9,10,11,12,13,14,15,16,17,23,24,25,26,27,28,29,30,31,32,33,34,35,36,37,38,39"
6415,2,H8,Anada,19,Rosselló - Bruc,146,07:12:16,12.27,6.450000000033333,387.0,
6026,1,H8,Anada,19,Rosselló - Bruc,146,07:20:30,20.5,8.233333333300001,494.0,
6209,2,H8,Anada,19,Rosselló - Bruc,146,07:31:52,31.87,11.3833333333,683.0,36
6022,2,H8,Anada,19,Rosselló - Bruc,146,07:39:40,39.67,7.8,468.0,
6408,2,H8,Anada,19,Rosselló - Bruc,146,07:46:21,46.35,6.683333333333334,401.0,
6215,2,H8,Anada,19,Rosselló - Bruc,146,07:55:19,55.32,8.950000000033333,537.0,
6056,3,H8,Anada,19,Rosselló - Bruc,146,08:16:02,16.03,20.7333333333,1244.0,"22,34"
6411,2,H8,Anada,19,Rosselló - Bruc,146,08:20:00,20.0,3.966666666666667,238.0,
6055,2,H8,Anada,19,Rosselló - Bruc,146,08:27:32,27.53,7.533333333333333,452.0,
6414,2,H8,Anada,19,Rosselló - Bruc,146,08:42:49,42.82,15.266666666733332,916.0,
6800,2,H8,Anada,19,Rosselló - Bruc,146,08:56:38,56.63,13.816666666666666,829.0,
6213,2,H8,Anada,19,Rosselló - Bruc,146,08:58:34,58.57,1.9499999999333333,117.0,
6407,2,H8,Anada,19,Rosselló - Bruc,146,09:10:18,10.3,11.733333333333333,704.0,
6211,3,H8,Anada,19,Rosselló - Bruc,146,09:24:55,24.92,14.616666666666667,877.0,
6212,3,H8,Anada,19,Rosselló - Bruc,146,09:38:28,38.47,13.55,813.0,
6216,2,H8,Anada,19,Rosselló - Bruc,146,09:43:39,43.65,5.183333333333334,311.0,
6413,3,H8,Anada,19,Rosselló - Bruc,146,09:57:36,57.6,13.933333333399998,836.0,
6217,2,H8,Anada,19,Rosselló - Bruc,146,10:04:27,4.45,6.85,411.0,
6415,3,H8,Anada,19,Rosselló - Bruc,146,10:12:27,12.45,8.016666666599999,481.0,
6026,2,H8,Anada,19,Rosselló - Bruc,146,10:26:01,26.02,13.566666666666666,814.0,
6209,3,H8,Anada,19,Rosselló - Bruc,146,10:29:19,29.32,3.2833333334,197.0,1
6408,3,H8,Anada,19,Rosselló - Bruc,146,10:39:06,39.1,9.799999999933334,588.0,
6215,3,H8,Anada,19,Rosselló - Bruc,146,10:56:31,56.52,17.416666666666668,1045.0,
6409,3,H8,Anada,19,Rosselló - Bruc,146,11:01:33,1.55,5.016666666733333,301.0,
6056,4,H8,Anada,19,Rosselló - Bruc,146,11:12:24,12.4,10.8666666666,652.0,
6411,3,H8,Anada,19,Rosselló - Bruc,146,11:25:39,25.65,13.25,795.0,
6055,3,H8,Anada,19,Rosselló - Bruc,146,11:31:24,31.4,5.75,345.0,
6414,3,H8,Anada,19,Rosselló - Bruc,146,11:39:42,39.7,8.283333333366667,497.0,
6800,3,H8,Anada,19,Rosselló - Bruc,146,11:50:41,50.68,10.999999999966667,660.0,
6213,3,H8,Anada,19,Rosselló - Bruc,146,11:56:35,56.58,5.883333333366666,353.0,5
6407,3,H8,Anada,19,Rosselló - Bruc,146,12:12:35,12.58,16.00000000003333,960.0,
6211,4,H8,Anada,19,Rosselló - Bruc,146,12:21:37,21.62,9.049999999933334,543.0,
6212,4,H8,Anada,19,Rosselló - Bruc,146,12:31:16,31.27,9.633333333366666,578.0,
6216,3,H8,Anada,19,Rosselló - Bruc,146,12:41:45,41.75,10.499999999966667,630.0,
6413,4,H8,Anada,19,Rosselló - Bruc,146,12:49:38,49.63,7.866666666733334,472.0,
6217,3,H8,Anada,19,Rosselló - Bruc,146,12:58:51,58.85,9.216666666666667,553.0,
6415,4,H8,Anada,19,Rosselló - Bruc,146,13:08:15,8.25,8.5,510.0,
6209,4,H8,Anada,19,Rosselló - Bruc,146,13:22:30,22.5,14.250000000033333,855.0,
6408,4,H8,Anada,19,Rosselló - Bruc,146,13:32:56,32.93,10.433333333333334,626.0,
6215,4,H8,Anada,19,Rosselló - Bruc,146,13:49:33,49.55,16.633333333266666,998.0,
6409,4,H8,Anada,19,Rosselló - Bruc,146,13:57:58,57.97,8.400000000066667,504.0,
6056,5,H8,Anada,19,Rosselló - Bruc,146,14:04:35,4.58,6.616666666633334,397.0,
6411,4,H8,Anada,19,Rosselló - Bruc,146,14:13:55,13.92,9.333333333333334,560.0,
6055,4,H8,Anada,19,Rosselló - Bruc,146,14:24:55,24.92,11.0,660.0,1
6015,1,H8,Anada,19,Rosselló - Bruc,146,14:35:57,35.95,11.033333333366667,662.0,1
6414,4,H8,Anada,19,Rosselló - Bruc,146,14:47:41,47.68,11.749999999933333,705.0,
6800,4,H8,Anada,19,Rosselló - Bruc,146,14:52:35,52.58,4.8833333334,293.0,
6213,4,H8,Anada,19,Rosselló - Bruc,146,15:00:47,0.78,8.216666666583333,493.0,
6407,4,H8,Anada,19,Rosselló - Bruc,146,15:16:24,16.4,15.600000000049999,936.0,
6211,5,H8,Anada,19,Rosselló - Bruc,146,15:21:58,21.97,5.5666666667,334.0,
6212,5,H8,Anada,19,Rosselló - Bruc,146,15:31:59,31.98,10.033333333266667,602.0,
6036,1,H8,Anada,19,Rosselló - Bruc,146,15:39:34,39.57,7.583333333333333,455.0,"1,2,3,4,33"
6216,4,H8,Anada,19,Rosselló - Bruc,146,15:44:15,44.25,4.666666666733334,280.0,
6413,5,H8,Anada,19,Rosselló - Bruc,146,16:00:24,0.4,16.15,969.0,
6217,4,H8,Anada,19,Rosselló - Bruc,146,16:08:46,8.77,8.366666666666667,502.0,
6415,5,H8,Anada,19,Rosselló - Bruc,146,16:14:49,14.82,6.049999999966667,363.0,
6209,5,H8,Anada,19,Rosselló - Bruc,146,16:25:49,25.82,11.016666666633334,661.0,"8,9,10,11"
6200,1,H8,Anada,19,Rosselló - Bruc,146,16:36:24,36.4,10.583333333333334,635.0,
6408,5,H8,Anada,19,Rosselló - Bruc,146,16:41:56,41.93,4.7666666667,286.0,
6215,5,H8,Anada,19,Rosselló - Bruc,146,16:52:57,52.95,11.016666666666667,661.0,
6409,5,H8,Anada,19,Rosselló - Bruc,146,17:04:40,4.67,11.7166666667,703.0,
6411,5,H8,Anada,19,Rosselló - Bruc,146,17:22:28,22.47,17.8,1068.0,
6055,5,H8,Anada,19,Rosselló - Bruc,146,17:29:51,29.85,7.399999999933333,444.0,
6015,2,H8,Anada,19,Rosselló - Bruc,146,17:46:54,46.9,17.033333333399998,1022.0,
6414,5,H8,Anada,19,Rosselló - Bruc,146,17:49:02,49.03,2.1333333333333333,128.0,21
6800,5,H8,Anada,19,Rosselló - Bruc,146,17:51:43,51.72,2.6833333333,161.0,
6213,5,H8,Anada,19,Rosselló - Bruc,146,17:59:41,59.68,7.966666666699999,478.0,
6407,5,H8,Anada,19,Rosselló - Bruc,146,18:08:55,8.92,9.233333333333333,554.0,
6211,6,H8,Anada,19,Rosselló - Bruc,146,18:17:58,17.97,9.05,543.0,
6036,2,H8,Anada,19,Rosselló - Bruc,146,18:32:50,32.83,14.866666666666667,892.0,
6216,5,H8,Anada,19,Rosselló - Bruc,146,18:42:24,42.4,9.566666666666666,574.0,
6413,6,H8,Anada,19,Rosselló - Bruc,146,18:53:42,53.7,11.299999999966667,678.0,
6415,6,H8,Anada,19,Rosselló - Bruc,146,19:04:49,4.82,11.116666666666667,667.0,
6408,6,H8,Anada,19,Rosselló - Bruc,146,19:27:49,27.82,23.0,1380.0,
6215,6,H8,Anada,19,Rosselló - Bruc,146,19:38:21,38.35,10.533333333366667,632.0,1
6409,6,H8,Anada,19,Rosselló - Bruc,146,19:45:57,45.95,7.6,456.0,
6056,7,H8,Anada,19,Rosselló - Bruc,146,19:52:28,52.47,6.516666666666667,391.0,
6411,6,H8,Anada,19,Rosselló - Bruc,146,20:05:00,5.0,12.549999999933334,753.0,30
6414,6,H8,Anada,19,Rosselló - Bruc,146,20:27:16,27.27,22.250000000066667,1335.0,34
6213,6,H8,Anada,19,Rosselló - Bruc,146,20:43:14,43.23,15.966666666633333,958.0,
6212,8,H8,Anada,19,Rosselló - Bruc,146,20:52:48,52.8,9.566666666666666,574.0,
6036,3,H8,Anada,19,Rosselló - Bruc,146,21:07:19,7.32,14.316666666666666,859.0,
6413,7,H8,Anada,19,Rosselló - Bruc,146,21:18:23,18.38,11.066666666666666,664.0,
6200,3,H8,Anada,19,Rosselló - Bruc,146,21:38:55,38.92,20.533333333366667,1232.0,30
6408,7,H8,Anada,19,Rosselló - Bruc,146,21:49:50,49.83,10.933333333266667,656.0,24
6212,1,H8,Anada,20,Rosselló - Bailèn,1089,03:49:38,49.63,,,"1,2,3,4,5,6,7,8,9,10,30"
6413,1,H8,Anada,20,Rosselló - Bailèn,1089,04:04:11,4.18,14.55,873.0,1
6415,1,H8,Anada,20,Rosselló - Bailèn,1089,04:18:00,18.0,13.833333333266667,830.0,1
6209,1,H8,Anada,20,Rosselló - Bailèn,1089,04:26:52,26.87,8.850000000033333,531.0,
6022,1,H8,Anada,20,Rosselló - Bailèn,1089,04:36:32,36.53,9.6666666667,580.0,1
6408,1,H8,Anada,20,Rosselló - Bailèn,1089,04:44:23,44.38,7.85,471.0,"1,2,3"
6215,1,H8,Anada,20,Rosselló - Bailèn,1089,04:56:57,56.95,12.566666666633333,754.0,
6409,1,H8,Anada,20,Rosselló - Bailèn,1089,05:00:24,0.4,3.4500000000333335,207.0,
6056,1,H8,Anada,20,Rosselló - Bailèn,1089,05:16:38,16.63,16.23333333331667,974.0,14
6411,1,H8,Anada,20,Rosselló - Bailèn,1089,05:25:33,25.55,8.933333333283334,536.0,
6055,1,H8,Anada,20,Rosselló - Bailèn,1089,05:31:07,31.12,5.56666666665,334.0,"1,18,35,36"
6414,1,H8,Anada,20,Rosselló - Bailèn,1089,05:38:40,38.67,7.5333333334166666,452.0,"1,2,3"
6117,1,H8,Anada,20,Rosselló - Bailèn,1089,05:47:04,47.07,8.4,504.0,
6800,1,H8,Anada,20,Rosselló - Bailèn,1089,05:54:50,54.83,7.766666666666667,466.0,
6213,1,H8,Anada,20,Rosselló - Bailèn,1089,06:03:02,3.03,8.2166666666,493.0,
6407,1,H8,Anada,20,Rosselló - Bailèn,1089,06:15:43,15.72,12.666666666733333,760.0,
6211,2,H8,Anada,20,Rosselló - Bailèn,1089,06:23:51,23.85,8.149999999933334,489.0,1
6212,2,H8,Anada,20,Rosselló - Bailèn,1089,06:34:45,34.75,10.8833333334,653.0,
6216,1,H8,Anada,20,Rosselló - Bailèn,1089,06:47:16,47.27,12.516666666633334,751.0,
6413,2,H8,Anada,20,Rosselló - Bailèn,1089,06:58:24,58.4,11.133333333333333,668.0,
6217,1,H8,Anada,20,Rosselló - Bailèn,1089,07:03:29,3.48,5.099999999966667,306.0,
6056,2,H8,Anada,20,Rosselló - Bailèn,1089,07:06:56,6.93,3.45,207.0,"1,2,3,4,5,6,7,8,9,10,11,12,13,14,15,16,17,23,24,25,26,27,28,29,30,31,32,33,34,35,36,37,38,39"
6415,2,H8,Anada,20,Rosselló - Bailèn,1089,07:14:39,14.65,7.700000000066667,462.0,
6026,1,H8,Anada,20,Rosselló - Bailèn,1089,07:21:36,21.6,6.9666666666,418.0,
6209,2,H8,Anada,20,Rosselló - Bailèn,1089,07:33:15,33.25,11.65,699.0,36
6022,2,H8,Anada,20,Rosselló - Bailèn,1089,07:41:03,41.05,7.7833333333666666,467.0,
6408,2,H8,Anada,20,Rosselló - Bailèn,1089,07:48:24,48.4,7.350000000033333,441.0,
6215,2,H8,Anada,20,Rosselló - Bailèn,1089,07:56:21,56.35,7.949999999966667,477.0,
6409,2,H8,Anada,20,Rosselló - Bailèn,1089,08:04:22,4.37,8.016666666699999,481.0,19
6056,3,H8,Anada,20,Rosselló - Bailèn,1089,08:17:14,17.23,12.883333333266668,773.0,"22,34"
6411,2,H8,Anada,20,Rosselló - Bailèn,1089,08:20:43,20.72,3.4666666667,208.0,
6055,2,H8,Anada,20,Rosselló - Bailèn,1089,08:28:41,28.68,7.9833333333,479.0,
6414,2,H8,Anada,20,Rosselló - Bailèn,1089,08:44:25,44.42,15.733333333333333,944.0,
6800,2,H8,Anada,20,Rosselló - Bailèn,1089,08:57:33,57.55,13.116666666733332,787.0,
6213,2,H8,Anada,20,Rosselló - Bailèn,1089,09:00:20,0.33,2.783333333333333,167.0,
6407,2,H8,Anada,20,Rosselló - Bailèn,1089,09:11:22,11.37,11.049999999933334,663.0,
6211,3,H8,Anada,20,Rosselló - Bailèn,1089,09:25:47,25.78,14.400000000033334,864.0,
6212,3,H8,Anada,20,Rosselló - Bailèn,1089,09:38:55,38.92,13.133333333333333,788.0,
6216,2,H8,Anada,20,Rosselló - Bailèn,1089,09:45:43,45.72,6.800000000033333,408.0,
6413,3,H8,Anada,20,Rosselló - Bailèn,1089,09:58:32,58.53,12.833333333266667,770.0,
6217,2,H8,Anada,20,Rosselló - Bailèn,1089,10:06:08,6.13,7.583333333366666,455.0,
6415,3,H8,Anada,20,Rosselló - Bailèn,1089,10:12:39,12.65,6.533333333300001,392.0,
6026,2,H8,Anada,20,Rosselló - Bailèn,1089,10:27:04,27.07,14.400000000066665,864.0,
6209,3,H8,Anada,20,Rosselló - Bailèn,1089,10:29:59,29.98,2.9166666666666665,175.0,1
6408,3,H8,Anada,20,Rosselló - Bailèn,1089,10:40:57,40.95,10.983333333266668,659.0,
6215,3,H8,Anada,20,Rosselló - Bailèn,1089,10:57:33,57.55,16.583333333366667,995.0,
6409,3,H8,Anada,20,Rosselló - Bailèn,1089,11:02:51,2.85,5.300000000033333,318.0,
6056,4,H8,Anada,20,Rosselló - Bailèn,1089,11:14:54,14.9,12.066666666583334,724.0,
6411,3,H8,Anada,20,Rosselló - Bailèn,1089,11:26:09,26.15,11.233333333416665,674.0,
6055,3,H8,Anada,20,Rosselló - Bailèn,1089,11:33:54,33.9,7.749999999966667,465.0,
6414,3,H8,Anada,20,Rosselló - Bailèn,1089,11:40:42,40.7,6.816666666633334,409.0,
6800,3,H8,Anada,20,Rosselló - Bailèn,1089,11:51:56,51.93,11.2166666667,673.0,
6213,3,H8,Anada,20,Rosselló - Bailèn,1089,11:57:52,57.87,5.933333333333334,356.0,5
6407,3,H8,Anada,20,Rosselló - Bailèn,1089,12:13:52,13.87,16.0,960.0,
6211,4,H8,Anada,20,Rosselló - Bailèn,1089,12:21:57,21.95,8.083333333333334,485.0,
6212,4,H8,Anada,20,Rosselló - Bailèn,1089,12:31:35,31.58,9.633333333366666,578.0,
6216,3,H8,Anada,20,Rosselló - Bailèn,1089,12:42:39,42.65,11.066666666633333,664.0,
6413,4,H8,Anada,20,Rosselló - Bailèn,1089,12:50:25,50.42,7.783333333300001,467.0,
6217,3,H8,Anada,20,Rosselló - Bailèn,1089,13:00:08,0.13,9.716666666666667,583.0,
6415,4,H8,Anada,20,Rosselló - Bailèn,1089,13:09:28,9.47,8.5833333333,515.0,
6209,4,H8,Anada,20,Rosselló - Bailèn,1089,13:22:59,22.98,13.500000000033333,810.0,
6408,4,H8,Anada,20,Rosselló - Bailèn,1089,13:33:57,33.95,10.983333333300001,659.0,
6215,4,H8,Anada,20,Rosselló - Bailèn,1089,13:51:36,51.6,17.65,1059.0,
6409,4,H8,Anada,20,Rosselló - Bailèn,1089,13:59:52,59.87,8.250000000033333,495.0,
6056,5,H8,Anada,20,Rosselló - Bailèn,1089,14:06:33,6.55,6.683333333366666,401.0,
6411,4,H8,Anada,20,Rosselló - Bailèn,1089,14:15:23,15.38,8.833333333333334,530.0,
6055,4,H8,Anada,20,Rosselló - Bailèn,1089,14:26:55,26.92,11.533333333333333,692.0,1
6015,1,H8,Anada,20,Rosselló - Bailèn,1089,14:37:56,37.93,11.016666666666667,661.0,1
6414,4,H8,Anada,20,Rosselló - Bailèn,1089,14:47:44,47.73,9.8,588.0,
6800,4,H8,Anada,20,Rosselló - Bailèn,1089,14:53:59,53.98,6.249999999966667,375.0,
6213,4,H8,Anada,20,Rosselló - Bailèn,1089,15:01:34,1.57,7.583333333333333,455.0,
6407,4,H8,Anada,20,Rosselló - Bailèn,1089,15:16:38,16.63,15.066666666666666,904.0,
6211,5,H8,Anada,20,Rosselló - Bailèn,1089,15:22:36,22.6,5.9833333333,359.0,
6212,5,H8,Anada,20,Rosselló - Bailèn,1089,15:34:02,34.03,11.4166666667,685.0,
6036,1,H8,Anada,20,Rosselló - Bailèn,1089,15:40:33,40.55,6.516666666666667,391.0,"1,2,3,4,33"
6216,4,H8,Anada,20,Rosselló - Bailèn,1089,15:45:18,45.3,4.75,285.0,
6413,5,H8,Anada,20,Rosselló - Bailèn,1089,16:01:58,1.97,16.683333333300002,1001.0,
6217,4,H8,Anada,20,Rosselló - Bailèn,1089,16:10:03,10.05,8.066666666733333,484.0,
6415,5,H8,Anada,20,Rosselló - Bailèn,1089,16:15:50,15.83,5.783333333300001,347.0,
6209,5,H8,Anada,20,Rosselló - Bailèn,1089,16:26:39,26.65,10.8333333333,650.0,"8,9,10,11"
6200,1,H8,Anada,20,Rosselló - Bailèn,1089,16:38:20,38.33,11.683333333333334,701.0,
6408,5,H8,Anada,20,Rosselló - Bailèn,1089,16:42:42,42.7,3.7666666666666666,226.0,
6215,5,H8,Anada,20,Rosselló - Bailèn,1089,16:54:24,54.4,11.7,702.0,
6409,5,H8,Anada,20,Rosselló - Bailèn,1089,17:05:22,5.37,10.966666666666667,658.0,
6056,6,H8,Anada,20,Rosselló - Bailèn,1089,17:06:50,6.83,1.4666666666666666,88.0,19
6411,5,H8,Anada,20,Rosselló - Bailèn,1089,17:25:05,25.08,18.24999999996667,1095.0,
6055,5,H8,Anada,20,Rosselló - Bailèn,1089,17:30:55,30.92,5.849999999966667,351.0,
6015,2,H8,Anada,20,Rosselló - Bailèn,1089,17:47:40,47.67,16.7333333334,1004.0,
6414,5,H8,Anada,20,Rosselló - Bailèn,1089,17:50:31,50.52,2.8499999999666668,171.0,21
6800,5,H8,Anada,20,Rosselló - Bailèn,1089,17:53:30,53.5,2.9833333333666667,179.0,
6213,5,H8,Anada,20,Rosselló - Bailèn,1089,17:59:56,59.93,6.4499999999333335,387.0,
6407,5,H8,Anada,20,Rosselló - Bailèn,1089,18:09:28,9.47,9.533333333333333,572.0,
6211,6,H8,Anada,20,Rosselló - Bailèn,1089,18:19:12,19.2,9.7166666667,583.0,
6036,2,H8,Anada,20,Rosselló - Bailèn,1089,18:33:20,33.33,14.133333333366666,848.0,
6216,5,H8,Anada,20,Rosselló - Bailèn,1089,18:44:23,44.38,11.05,663.0,
6413,6,H8,Anada,20,Rosselló - Bailèn,1089,18:55:07,55.12,10.733333333300001,644.0,
6415,6,H8,Anada,20,Rosselló - Bailèn,1089,19:06:19,6.32,11.216666666633333,673.0,
6209,6,H8,Anada,20,Rosselló - Bailèn,1089,19:12:49,12.82,6.483333333366667,389.0,"9,19"
6408,6,H8,Anada,20,Rosselló - Bailèn,1089,19:28:52,28.87,16.066666666633335,964.0,
6215,6,H8,Anada,20,Rosselló - Bailèn,1089,19:39:24,39.4,10.533333333333333,632.0,1
6409,6,H8,Anada,20,Rosselló - Bailèn,1089,19:46:39,46.65,7.25,435.0,
6056,7,H8,Anada,20,Rosselló - Bailèn,1089,19:53:14,53.23,6.58333333335,395.0,
6411,6,H8,Anada,20,Rosselló - Bailèn,1089,20:05:48,5.8,12.550000000033332,753.0,30
6414,6,H8,Anada,20,Rosselló - Bailèn,1089,20:28:26,28.43,22.64999999995,1359.0,34
6213,6,H8,Anada,20,Rosselló - Bailèn,1089,20:44:12,44.2,15.750000000066667,945.0,
6212,8,H8,Anada,20,Rosselló - Bailèn,1089,20:53:49,53.82,9.633333333266668,578.0,
6036,3,H8,Anada,20,Rosselló - Bailèn,1089,21:08:24,8.4,14.383333333333333,863.0,
6413,7,H8,Anada,20,Rosselló - Bailèn,1089,21:19:24,19.4,10.983333333366666,659.0,
6200,3,H8,Anada,20,Rosselló - Bailèn,1089,21:41:16,41.27,21.866666666666667,1312.0,30
6408,7,H8,Anada,20,Rosselló - Bailèn,1089,21:51:08,51.13,9.8833333333,593.0,24
6212,1,H8,Anada,21,Pg de Sant Joan - Còrsega,213,03:51:00,51.0,,,"1,2,3,4,5,6,7,8,9,10,30"
6413,1,H8,Anada,21,Pg de Sant Joan - Còrsega,213,04:06:30,6.5,15.499999999966667,930.0,1
6415,1,H8,Anada,21,Pg de Sant Joan - Còrsega,213,04:20:12,20.2,13.700000000016667,822.0,1
6209,1,H8,Anada,21,Pg de Sant Joan - Còrsega,213,04:29:17,29.28,9.083333333316666,545.0,
6022,1,H8,Anada,21,Pg de Sant Joan - Còrsega,213,04:37:21,37.35,8.066666666666666,484.0,1
6408,1,H8,Anada,21,Pg de Sant Joan - Còrsega,213,04:45:26,45.43,8.083333333366665,485.0,"1,2,3"
6215,1,H8,Anada,21,Pg de Sant Joan - Còrsega,213,04:58:45,58.75,13.316666666666666,799.0,
6409,1,H8,Anada,21,Pg de Sant Joan - Còrsega,213,05:02:24,2.4,3.6666666666000003,220.0,
6056,1,H8,Anada,21,Pg de Sant Joan - Còrsega,213,05:18:56,18.93,16.516666666733332,991.0,14
6411,1,H8,Anada,21,Pg de Sant Joan - Còrsega,213,05:27:57,27.95,9.016666666666667,541.0,
6055,1,H8,Anada,21,Pg de Sant Joan - Còrsega,213,05:32:39,32.65,4.699999999966667,282.0,"1,18,35,36"
6414,1,H8,Anada,21,Pg de Sant Joan - Còrsega,213,05:41:21,41.35,8.7,522.0,"1,2,3"
6117,1,H8,Anada,21,Pg de Sant Joan - Còrsega,213,05:49:19,49.32,7.966666666666667,478.0,
6800,1,H8,Anada,21,Pg de Sant Joan - Còrsega,213,05:57:34,57.57,8.25,495.0,
6213,1,H8,Anada,21,Pg de Sant Joan - Còrsega,213,06:05:30,5.5,7.949999999966667,477.0,
6407,1,H8,Anada,21,Pg de Sant Joan - Còrsega,213,06:18:22,18.37,12.866666666666667,772.0,
6211,2,H8,Anada,21,Pg de Sant Joan - Còrsega,213,06:26:03,26.05,7.666666666733334,460.0,1
6212,2,H8,Anada,21,Pg de Sant Joan - Còrsega,213,06:37:12,37.2,11.149999999966667,669.0,
6216,1,H8,Anada,21,Pg de Sant Joan - Còrsega,213,06:49:47,49.78,12.583333333366665,755.0,
6413,2,H8,Anada,21,Pg de Sant Joan - Còrsega,213,07:01:25,1.42,11.649999999933334,699.0,
6217,1,H8,Anada,21,Pg de Sant Joan - Còrsega,213,07:05:58,5.97,4.5333333333666666,272.0,
6056,2,H8,Anada,21,Pg de Sant Joan - Còrsega,213,07:09:32,9.53,3.5666666667,214.0,"1,2,3,4,5,6,7,8,9,10,11,12,13,14,15,16,17,23,24,25,26,27,28,29,30,31,32,33,34,35,36,37,38,39"
6415,2,H8,Anada,21,Pg de Sant Joan - Còrsega,213,07:16:55,16.92,7.399999999933333,444.0,
6026,1,H8,Anada,21,Pg de Sant Joan - Còrsega,213,07:23:33,23.55,6.616666666733334,397.0,
6209,2,H8,Anada,21,Pg de Sant Joan - Còrsega,213,07:35:30,35.5,11.949999999966668,717.0,36
6022,2,H8,Anada,21,Pg de Sant Joan - Còrsega,213,07:42:48,42.8,7.3,438.0,
6408,2,H8,Anada,21,Pg de Sant Joan - Còrsega,213,07:50:57,50.95,8.166666666633335,490.0,
6215,2,H8,Anada,21,Pg de Sant Joan - Còrsega,213,07:59:13,59.22,8.266666666666667,496.0,
6409,2,H8,Anada,21,Pg de Sant Joan - Còrsega,213,08:06:59,6.98,7.766666666666667,466.0,19
6056,3,H8,Anada,21,Pg de Sant Joan - Còrsega,213,08:20:18,20.3,13.316666666666666,799.0,"22,34"
6411,2,H8,Anada,21,Pg de Sant Joan - Còrsega,213,08:23:12,23.2,2.8833333333666666,173.0,
6055,2,H8,Anada,21,Pg de Sant Joan - Còrsega,213,08:32:06,32.1,8.900000000033334,534.0,
6414,2,H8,Anada,21,Pg de Sant Joan - Còrsega,213,08:46:59,46.98,14.899999999933334,894.0,
6800,2,H8,Anada,21,Pg de Sant Joan - Còrsega,213,09:01:05,1.08,14.083333333399999,845.0,
6213,2,H8,Anada,21,Pg de Sant Joan - Còrsega,213,09:02:48,2.8,1.7166666666333334,103.0,
6407,2,H8,Anada,21,Pg de Sant Joan - Còrsega,213,09:13:48,13.8,11.0,660.0,
6211,3,H8,Anada,21,Pg de Sant Joan - Còrsega,213,09:28:17,28.28,14.483333333366666,869.0,
6212,3,H8,Anada,21,Pg de Sant Joan - Còrsega,213,09:41:42,41.7,13.416666666666666,805.0,
6216,2,H8,Anada,21,Pg de Sant Joan - Còrsega,213,09:48:08,48.13,6.4499999999333335,387.0,
6413,3,H8,Anada,21,Pg de Sant Joan - Còrsega,213,10:02:02,2.03,13.8833333334,833.0,
6217,2,H8,Anada,21,Pg de Sant Joan - Còrsega,213,10:08:24,8.4,6.366666666666666,382.0,
6415,3,H8,Anada,21,Pg de Sant Joan - Còrsega,213,10:15:34,15.57,7.166666666633334,430.0,
6026,2,H8,Anada,21,Pg de Sant Joan - Còrsega,213,10:29:03,29.05,13.483333333333333,809.0,
6209,3,H8,Anada,21,Pg de Sant Joan - Còrsega,213,10:32:19,32.32,3.2833333333,197.0,1
6408,3,H8,Anada,21,Pg de Sant Joan - Còrsega,213,10:43:34,43.57,11.2333333334,674.0,
6215,3,H8,Anada,21,Pg de Sant Joan - Còrsega,213,10:59:24,59.4,15.849999999933335,951.0,
6409,3,H8,Anada,21,Pg de Sant Joan - Còrsega,213,11:03:42,3.7,4.2833333333666666,257.0,
6056,4,H8,Anada,21,Pg de Sant Joan - Còrsega,213,11:17:08,17.13,13.433333333366667,806.0,
6411,3,H8,Anada,21,Pg de Sant Joan - Còrsega,213,11:28:25,28.42,11.283333333333333,677.0,
6055,3,H8,Anada,21,Pg de Sant Joan - Còrsega,213,11:36:25,36.42,7.999999999966667,480.0,
6414,3,H8,Anada,21,Pg de Sant Joan - Còrsega,213,11:42:42,42.7,6.299999999966667,378.0,
6800,3,H8,Anada,21,Pg de Sant Joan - Còrsega,213,11:55:30,55.5,12.799999999983333,768.0,
6213,3,H8,Anada,21,Pg de Sant Joan - Còrsega,213,11:59:38,59.63,4.1333333333499995,248.0,5
6407,3,H8,Anada,21,Pg de Sant Joan - Còrsega,213,12:16:08,16.13,16.483333333366666,989.0,
6211,4,H8,Anada,21,Pg de Sant Joan - Còrsega,213,12:24:43,24.72,8.599999999966666,516.0,
6212,4,H8,Anada,21,Pg de Sant Joan - Còrsega,213,12:33:58,33.97,9.233333333383333,554.0,
6216,3,H8,Anada,21,Pg de Sant Joan - Còrsega,213,12:44:57,44.95,10.99999999995,660.0,
6413,4,H8,Anada,21,Pg de Sant Joan - Còrsega,213,12:53:32,53.53,8.583333333333334,515.0,
6217,3,H8,Anada,21,Pg de Sant Joan - Còrsega,213,13:02:54,2.9,9.350000000033333,561.0,
6415,4,H8,Anada,21,Pg de Sant Joan - Còrsega,213,13:10:49,10.82,7.6166666667,457.0,
6209,4,H8,Anada,21,Pg de Sant Joan - Còrsega,213,13:25:06,25.1,14.283333333333333,857.0,
6408,4,H8,Anada,21,Pg de Sant Joan - Còrsega,213,13:37:26,37.43,12.349999999933335,741.0,
6215,4,H8,Anada,21,Pg de Sant Joan - Còrsega,213,13:55:48,55.8,18.350000000066665,1101.0,
6409,4,H8,Anada,21,Pg de Sant Joan - Còrsega,213,14:01:56,1.93,6.149999999933333,369.0,
6056,5,H8,Anada,21,Pg de Sant Joan - Còrsega,213,14:08:17,8.28,6.333333333366666,380.0,
6411,4,H8,Anada,21,Pg de Sant Joan - Còrsega,213,14:17:52,17.87,9.599999999966666,576.0,
6055,4,H8,Anada,21,Pg de Sant Joan - Còrsega,213,14:29:20,29.33,11.466666666666667,688.0,1
6015,1,H8,Anada,21,Pg de Sant Joan - Còrsega,213,14:40:20,40.33,10.9833333334,659.0,1
6414,4,H8,Anada,21,Pg de Sant Joan - Còrsega,213,14:51:10,51.17,10.8333333333,650.0,
6800,4,H8,Anada,21,Pg de Sant Joan - Còrsega,213,14:56:03,56.05,4.883333333333334,293.0,
6213,4,H8,Anada,21,Pg de Sant Joan - Còrsega,213,15:03:54,3.9,7.850000000033333,471.0,
6407,4,H8,Anada,21,Pg de Sant Joan - Còrsega,213,15:18:55,18.92,15.016666666633334,901.0,
6211,5,H8,Anada,21,Pg de Sant Joan - Còrsega,213,15:25:10,25.17,6.250000000033333,375.0,
6212,5,H8,Anada,21,Pg de Sant Joan - Còrsega,213,15:37:40,37.67,12.516666666616667,751.0,
6036,1,H8,Anada,21,Pg de Sant Joan - Còrsega,213,15:43:39,43.65,5.966666666716667,358.0,"1,2,3,4,33"
6216,4,H8,Anada,21,Pg de Sant Joan - Còrsega,213,15:49:10,49.17,5.516666666633333,331.0,
6413,5,H8,Anada,21,Pg de Sant Joan - Còrsega,213,16:05:42,5.7,16.549999999966666,993.0,
6217,4,H8,Anada,21,Pg de Sant Joan - Còrsega,213,16:13:29,13.48,7.783333333333333,467.0,
6415,5,H8,Anada,21,Pg de Sant Joan - Còrsega,213,16:18:03,18.05,4.550000000033333,273.0,
6209,5,H8,Anada,21,Pg de Sant Joan - Còrsega,213,16:29:01,29.02,10.9666666667,658.0,"8,9,10,11"
6026,4,H8,Anada,21,Pg de Sant Joan - Còrsega,213,16:41:29,41.48,12.483333333266668,749.0,"1,2,3,4,5,6,7,8,9,10"
6408,5,H8,Anada,21,Pg de Sant Joan - Còrsega,213,16:45:31,45.52,3.4000000000666666,204.0,
6215,5,H8,Anada,21,Pg de Sant Joan - Còrsega,213,16:57:43,57.72,12.199999999966668,732.0,
6409,5,H8,Anada,21,Pg de Sant Joan - Còrsega,213,17:08:01,8.02,10.3,618.0,
6056,6,H8,Anada,21,Pg de Sant Joan - Còrsega,213,17:09:17,9.28,1.2666666666666666,76.0,19
6411,5,H8,Anada,21,Pg de Sant Joan - Còrsega,213,17:28:30,28.5,19.2166666667,1153.0,
6055,5,H8,Anada,21,Pg de Sant Joan - Còrsega,213,17:33:20,33.33,4.833333333333333,290.0,
6015,2,H8,Anada,21,Pg de Sant Joan - Còrsega,213,17:49:56,49.93,16.6166666666,997.0,
6800,5,H8,Anada,21,Pg de Sant Joan - Còrsega,213,17:55:26,55.43,5.483333333366667,329.0,
6213,5,H8,Anada,21,Pg de Sant Joan - Còrsega,213,18:01:43,1.72,6.299999999966667,378.0,
6407,5,H8,Anada,21,Pg de Sant Joan - Còrsega,213,18:11:22,11.37,9.6333333334,578.0,
6211,6,H8,Anada,21,Pg de Sant Joan - Còrsega,213,18:21:10,21.17,9.799999999966667,588.0,
6036,2,H8,Anada,21,Pg de Sant Joan - Còrsega,213,18:35:32,35.53,14.366666666666667,862.0,
6216,5,H8,Anada,21,Pg de Sant Joan - Còrsega,213,18:46:49,46.82,11.283333333366667,677.0,
6413,6,H8,Anada,21,Pg de Sant Joan - Còrsega,213,18:57:56,57.93,11.133333333266668,668.0,
6415,6,H8,Anada,21,Pg de Sant Joan - Còrsega,213,19:09:01,9.02,11.0666666667,664.0,
6209,6,H8,Anada,21,Pg de Sant Joan - Còrsega,213,19:15:30,15.5,6.483333333366667,389.0,"9,19"
6408,6,H8,Anada,21,Pg de Sant Joan - Còrsega,213,19:31:44,31.73,16.2333333333,974.0,
6215,6,H8,Anada,21,Pg de Sant Joan - Còrsega,213,19:39:52,39.87,8.133333333333333,488.0,1
6409,6,H8,Anada,21,Pg de Sant Joan - Còrsega,213,19:48:50,48.83,8.966666666666667,538.0,
6056,7,H8,Anada,21,Pg de Sant Joan - Còrsega,213,19:55:26,55.43,6.616666666633334,397.0,
6411,6,H8,Anada,21,Pg de Sant Joan - Còrsega,213,20:08:02,8.03,12.6,756.0,30
6414,6,H8,Anada,21,Pg de Sant Joan - Còrsega,213,20:30:42,30.7,22.650000000033334,1359.0,34
6213,6,H8,Anada,21,Pg de Sant Joan - Còrsega,213,20:46:37,46.62,15.9166666667,955.0,
6025,2,H8,Anada,21,Pg de Sant Joan - Còrsega,213,20:55:59,55.98,9.383333333266668,563.0,
6036,3,H8,Anada,21,Pg de Sant Joan - Còrsega,213,21:10:56,10.93,14.683333333333334,881.0,
6413,7,H8,Anada,21,Pg de Sant Joan - Còrsega,213,21:22:06,22.1,11.1833333333,671.0,
6200,3,H8,Anada,21,Pg de Sant Joan - Còrsega,213,21:43:27,43.45,21.35,1281.0,30
6408,7,H8,Anada,21,Pg de Sant Joan - Còrsega,213,21:52:55,52.92,9.450000000066666,567.0,24
6211,1,H8,Anada,22,Indústria - Grassot,3907,03:35:45,35.75,,,"1,2,3,4,5,6,7,8,9,10,11,12,13,14,15,16,17,18,19,20,21"
6212,1,H8,Anada,22,Indústria - Grassot,3907,03:52:01,52.02,16.266666666633334,976.0,"1,2,3,4,5,6,7,8,9,10,30"
6413,1,H8,Anada,22,Indústria - Grassot,3907,04:07:25,7.42,15.4,924.0,1
6415,1,H8,Anada,22,Indústria - Grassot,3907,04:21:18,21.3,13.883333333366666,833.0,1
6209,1,H8,Anada,22,Indústria - Grassot,3907,04:30:26,30.43,9.149999999933334,549.0,
6022,1,H8,Anada,22,Indústria - Grassot,3907,04:38:25,38.42,7.9666666667333335,478.0,1
6408,1,H8,Anada,22,Indústria - Grassot,3907,04:46:30,46.5,8.099999999933333,486.0,"1,2,3"
6215,1,H8,Anada,22,Indústria - Grassot,3907,04:59:59,59.98,13.4666666667,808.0,
6409,1,H8,Anada,22,Indústria - Grassot,3907,05:03:38,3.63,3.666666666633333,220.0,
6056,1,H8,Anada,22,Indústria - Grassot,3907,05:20:22,20.37,16.7166666667,1003.0,14
6411,1,H8,Anada,22,Indústria - Grassot,3907,05:30:02,30.03,9.6833333333,581.0,
6055,1,H8,Anada,22,Indústria - Grassot,3907,05:34:34,34.57,4.516666666733333,271.0,"1,18,35,36"
6414,1,H8,Anada,22,Indústria - Grassot,3907,05:42:32,42.53,7.9666666666333334,478.0,"1,2,3"
6117,1,H8,Anada,22,Indústria - Grassot,3907,05:50:29,50.48,7.950000000033333,477.0,
6800,1,H8,Anada,22,Indústria - Grassot,3907,05:59:01,59.02,8.533333333333333,512.0,
6213,1,H8,Anada,22,Indústria - Grassot,3907,06:06:50,6.83,7.816666666666666,469.0,
6407,1,H8,Anada,22,Indústria - Grassot,3907,06:20:25,20.42,13.5833333333,815.0,
6211,2,H8,Anada,22,Indústria - Grassot,3907,06:27:29,27.48,7.083333333300001,425.0,1
6212,2,H8,Anada,22,Indústria - Grassot,3907,06:38:35,38.58,11.083333333399999,665.0,
6216,1,H8,Anada,22,Indústria - Grassot,3907,06:51:14,51.23,12.649999999983333,759.0,
6413,2,H8,Anada,22,Indústria - Grassot,3907,07:02:45,2.75,11.51666666665,691.0,
6217,1,H8,Anada,22,Indústria - Grassot,3907,07:07:36,7.6,4.850000000033333,291.0,
6056,2,H8,Anada,22,Indústria - Grassot,3907,07:10:53,10.88,3.2999999999333336,198.0,"1,2,3,4,5,6,7,8,9,10,11,12,13,14,15,16,17,23,24,25,26,27,28,29,30,31,32,33,34,35,36,37,38,39"
6415,2,H8,Anada,22,Indústria - Grassot,3907,07:18:54,18.9,8.016666666666667,481.0,
6026,1,H8,Anada,22,Indústria - Grassot,3907,07:25:35,25.58,6.666666666733334,400.0,
6209,2,H8,Anada,22,Indústria - Grassot,3907,07:36:52,36.87,11.299999999933334,678.0,36
6022,2,H8,Anada,22,Indústria - Grassot,3907,07:44:49,44.82,7.933333333366666,476.0,
6408,2,H8,Anada,22,Indústria - Grassot,3907,07:52:53,52.88,8.0666666667,484.0,
6215,2,H8,Anada,22,Indústria - Grassot,3907,08:00:32,0.53,7.666666666599999,460.0,
6409,2,H8,Anada,22,Indústria - Grassot,3907,08:08:42,8.7,8.166666666666666,490.0,19
6411,2,H8,Anada,22,Indústria - Grassot,3907,08:24:33,24.55,15.833333333399999,950.0,
6055,2,H8,Anada,22,Indústria - Grassot,3907,08:34:36,34.6,10.049999999966667,603.0,
6414,2,H8,Anada,22,Indústria - Grassot,3907,08:48:56,48.93,14.349999999966666,861.0,
6800,2,H8,Anada,22,Indústria - Grassot,3907,09:02:45,2.75,13.800000000033332,828.0,
6213,2,H8,Anada,22,Indústria - Grassot,3907,09:04:35,4.58,1.8333333333666666,110.0,
6407,2,H8,Anada,22,Indústria - Grassot,3907,09:15:42,15.7,11.116666666666667,667.0,
6211,3,H8,Anada,22,Indústria - Grassot,3907,09:30:24,30.4,14.716666666583334,883.0,
6212,3,H8,Anada,22,Indústria - Grassot,3907,09:42:36,42.6,12.183333333383333,731.0,
6216,2,H8,Anada,22,Indústria - Grassot,3907,09:49:08,49.13,6.549999999966667,393.0,
6413,3,H8,Anada,22,Indústria - Grassot,3907,10:03:30,3.5,14.366666666666667,862.0,
6217,2,H8,Anada,22,Indústria - Grassot,3907,10:10:00,10.0,6.4833333334,389.0,
6415,3,H8,Anada,22,Indústria - Grassot,3907,10:18:20,18.33,8.349999999933333,501.0,
6026,2,H8,Anada,22,Indústria - Grassot,3907,10:31:09,31.15,12.800000000066666,768.0,
6209,3,H8,Anada,22,Indústria - Grassot,3907,10:34:38,34.63,3.4833333333,209.0,1
6408,3,H8,Anada,22,Indústria - Grassot,3907,10:45:50,45.83,11.200000000033333,672.0,
6215,3,H8,Anada,22,Indústria - Grassot,3907,11:01:06,1.1,15.266666666666667,916.0,
6409,3,H8,Anada,22,Indústria - Grassot,3907,11:05:55,5.92,4.833333333266666,290.0,
6056,4,H8,Anada,22,Indústria - Grassot,3907,11:18:53,18.88,12.966666666650001,778.0,
6411,3,H8,Anada,22,Indústria - Grassot,3907,11:30:36,30.6,11.716666666683333,703.0,
6055,3,H8,Anada,22,Indústria - Grassot,3907,11:38:24,38.4,7.8,468.0,
6414,3,H8,Anada,22,Indústria - Grassot,3907,11:44:30,44.5,6.1,366.0,
6800,3,H8,Anada,22,Indústria - Grassot,3907,11:57:11,57.18,12.6666666667,760.0,
6213,3,H8,Anada,22,Indústria - Grassot,3907,12:02:32,2.53,5.35,321.0,5
6407,3,H8,Anada,22,Indústria - Grassot,3907,12:18:18,18.3,15.766666666699999,946.0,
6211,4,H8,Anada,22,Indústria - Grassot,3907,12:25:54,25.9,7.6166666666,457.0,
6212,4,H8,Anada,22,Indústria - Grassot,3907,12:35:25,35.42,9.500000000033333,570.0,
6216,3,H8,Anada,22,Indústria - Grassot,3907,12:47:08,47.13,11.733333333300001,704.0,
6413,4,H8,Anada,22,Indústria - Grassot,3907,12:54:34,54.57,7.433333333333334,446.0,
6217,3,H8,Anada,22,Indústria - Grassot,3907,13:04:26,4.43,9.866666666666667,592.0,
6415,4,H8,Anada,22,Indústria - Grassot,3907,13:11:49,11.82,6.916666666699999,415.0,
6209,4,H8,Anada,22,Indústria - Grassot,3907,13:26:51,26.85,15.033333333333333,902.0,
6408,4,H8,Anada,22,Indústria - Grassot,3907,13:37:56,37.93,11.099999999933335,666.0,
6215,4,H8,Anada,22,Indústria - Grassot,3907,13:57:26,57.43,19.483333333366666,1169.0,
6409,4,H8,Anada,22,Indústria - Grassot,3907,14:03:52,3.87,6.449999999966667,387.0,
6056,5,H8,Anada,22,Indústria - Grassot,3907,14:10:44,10.73,6.850000000066667,411.0,
6411,4,H8,Anada,22,Indústria - Grassot,3907,14:20:13,20.22,9.483333333300001,569.0,
6055,4,H8,Anada,22,Indústria - Grassot,3907,14:30:58,30.97,10.750000000033333,645.0,1
6015,1,H8,Anada,22,Indústria - Grassot,3907,14:42:26,42.43,11.483333333266668,689.0,1
6414,4,H8,Anada,22,Indústria - Grassot,3907,14:51:32,51.53,9.1,546.0,
6800,4,H8,Anada,22,Indústria - Grassot,3907,14:57:58,57.97,6.416666666699999,385.0,
6213,4,H8,Anada,22,Indústria - Grassot,3907,15:05:38,5.63,7.6833333333,461.0,
6407,4,H8,Anada,22,Indústria - Grassot,3907,15:19:59,19.98,14.333333333366665,860.0,
6211,5,H8,Anada,22,Indústria - Grassot,3907,15:26:49,26.82,6.849999999966667,411.0,
6212,5,H8,Anada,22,Indústria - Grassot,3907,15:39:43,39.72,12.8833333334,773.0,
6036,1,H8,Anada,22,Indústria - Grassot,3907,15:44:43,44.72,5.0166666666,301.0,"1,2,3,4,33"
6216,4,H8,Anada,22,Indústria - Grassot,3907,15:50:47,50.78,6.066666666666666,364.0,
6413,5,H8,Anada,22,Indústria - Grassot,3907,16:07:53,7.88,17.1,1026.0,
6217,4,H8,Anada,22,Indústria - Grassot,3907,16:15:05,15.08,7.2,432.0,
6415,5,H8,Anada,22,Indústria - Grassot,3907,16:20:16,20.27,5.166666666699999,310.0,
6209,5,H8,Anada,22,Indústria - Grassot,3907,16:31:17,31.28,11.0333333333,662.0,"8,9,10,11"
6026,4,H8,Anada,22,Indústria - Grassot,3907,16:44:09,44.15,12.866666666666667,772.0,"1,2,3,4,5,6,7,8,9,10"
6408,5,H8,Anada,22,Indústria - Grassot,3907,16:47:24,47.4,3.066666666666667,184.0,
6215,5,H8,Anada,22,Indústria - Grassot,3907,16:59:47,59.78,12.399999999933334,744.0,
6409,5,H8,Anada,22,Indústria - Grassot,3907,17:09:29,9.48,9.683333333366667,581.0,
6056,6,H8,Anada,22,Indústria - Grassot,3907,17:11:10,11.17,1.6999999999666668,102.0,19
6411,5,H8,Anada,22,Indústria - Grassot,3907,17:30:00,30.0,18.816666666733333,1129.0,
6055,5,H8,Anada,22,Indústria - Grassot,3907,17:35:08,35.13,5.149999999933333,309.0,
6015,2,H8,Anada,22,Indústria - Grassot,3907,17:52:04,52.07,16.9166666667,1015.0,
6800,5,H8,Anada,22,Indústria - Grassot,3907,17:57:08,57.13,4.8833333334,293.0,
6213,5,H8,Anada,22,Indústria - Grassot,3907,18:03:15,3.25,6.116666666666666,367.0,
6407,5,H8,Anada,22,Indústria - Grassot,3907,18:12:56,12.93,9.699999999933334,582.0,
6211,6,H8,Anada,22,Indústria - Grassot,3907,18:22:24,22.4,9.466666666666667,568.0,
6036,2,H8,Anada,22,Indústria - Grassot,3907,18:37:15,37.25,14.85,891.0,
6216,5,H8,Anada,22,Indústria - Grassot,3907,18:48:42,48.7,11.433333333366667,686.0,
6413,6,H8,Anada,22,Indústria - Grassot,3907,18:59:39,59.65,10.966666666633333,658.0,
6415,6,H8,Anada,22,Indústria - Grassot,3907,19:10:52,10.87,11.200000000066666,672.0,
6209,6,H8,Anada,22,Indústria - Grassot,3907,19:17:09,17.15,6.299999999933333,378.0,"9,19"
6408,6,H8,Anada,22,Indústria - Grassot,3907,19:33:53,33.88,16.71666666673333,1003.0,
6215,6,H8,Anada,22,Indústria - Grassot,3907,19:41:11,41.18,7.299999999966667,438.0,1
6409,6,H8,Anada,22,Indústria - Grassot,3907,19:50:23,50.38,9.2,552.0,
6056,7,H8,Anada,22,Indústria - Grassot,3907,19:57:07,57.12,6.733333333366667,404.0,
6411,6,H8,Anada,22,Indústria - Grassot,3907,20:09:25,9.42,12.3,738.0,30
6414,6,H8,Anada,22,Indústria - Grassot,3907,20:32:16,32.27,22.866666666583335,1372.0,34
6213,6,H8,Anada,22,Indústria - Grassot,3907,20:48:17,48.28,16.0166666667,961.0,
6212,8,H8,Anada,22,Indústria - Grassot,3907,20:57:44,57.73,9.433333333383333,566.0,
6036,3,H8,Anada,22,Indústria - Grassot,3907,21:12:34,12.57,14.633333333366666,878.0,
6413,7,H8,Anada,22,Indústria - Grassot,3907,21:23:27,23.45,10.883333333333333,653.0,
6200,3,H8,Anada,22,Indústria - Grassot,3907,21:44:15,44.25,20.800000000033332,1248.0,30
6408,7,H8,Anada,22,Indústria - Grassot,3907,21:53:35,53.58,9.349999999933335,561.0,24
6211,1,H8,Anada,23,Indústria - Sardenya,949,03:37:46,37.77,,,"1,2,3,4,5,6,7,8,9,10,11,12,13,14,15,16,17,18,19,20,21"
6212,1,H8,Anada,23,Indústria - Sardenya,949,03:53:52,53.87,16.099999999966666,966.0,"1,2,3,4,5,6,7,8,9,10,30"
6413,1,H8,Anada,23,Indústria - Sardenya,949,04:09:19,9.32,15.45,927.0,1
6415,1,H8,Anada,23,Indústria - Sardenya,949,04:22:54,22.9,13.583333333366665,815.0,1
6209,1,H8,Anada,23,Indústria - Sardenya,949,04:32:15,32.25,9.35,561.0,
6022,1,H8,Anada,23,Indústria - Sardenya,949,04:39:53,39.88,7.6333333333,458.0,1
6408,1,H8,Anada,23,Indústria - Sardenya,949,04:48:38,48.63,8.750000000016666,525.0,"1,2,3"
6215,1,H8,Anada,23,Indústria - Sardenya,949,05:01:14,1.23,12.599999999983334,756.0,
6409,1,H8,Anada,23,Indústria - Sardenya,949,05:05:44,5.73,4.500000000033333,270.0,
6056,1,H8,Anada,23,Indústria - Sardenya,949,05:20:29,20.48,14.75,885.0,14
6411,1,H8,Anada,23,Indústria - Sardenya,949,05:31:18,31.3,10.816666666633333,649.0,
6055,1,H8,Anada,23,Indústria - Sardenya,949,05:35:53,35.88,4.583333333366666,275.0,"1,18,35,36"
6414,1,H8,Anada,23,Indústria - Sardenya,949,05:44:41,44.68,8.8,528.0,"1,2,3"
6117,1,H8,Anada,23,Indústria - Sardenya,949,05:52:18,52.3,7.616666666666666,457.0,
6800,1,H8,Anada,23,Indústria - Sardenya,949,06:01:15,1.25,8.95,537.0,
6213,1,H8,Anada,23,Indústria - Sardenya,949,06:08:39,8.65,7.399999999966667,444.0,
6407,1,H8,Anada,23,Indústria - Sardenya,949,06:22:37,22.62,13.966666666666667,838.0,
6211,2,H8,Anada,23,Indústria - Sardenya,949,06:28:42,28.7,6.09999999995,366.0,1
6212,2,H8,Anada,23,Indústria - Sardenya,949,06:40:39,40.65,11.933333333383333,716.0,
6216,1,H8,Anada,23,Indústria - Sardenya,949,06:52:57,52.95,12.316666666633333,739.0,
6413,2,H8,Anada,23,Indústria - Sardenya,949,07:05:02,5.03,12.083333333333334,725.0,
6217,1,H8,Anada,23,Indústria - Sardenya,949,07:09:30,9.5,4.466666666666667,268.0,
6415,2,H8,Anada,23,Indústria - Sardenya,949,07:21:41,21.68,12.1666666667,730.0,
6026,1,H8,Anada,23,Indústria - Sardenya,949,07:27:39,27.65,5.966666666666667,358.0,
6209,2,H8,Anada,23,Indústria - Sardenya,949,07:39:13,39.22,11.5833333333,695.0,36
6022,2,H8,Anada,23,Indústria - Sardenya,949,07:47:54,47.9,8.683333333333334,521.0,
6408,2,H8,Anada,23,Indústria - Sardenya,949,07:54:29,54.48,6.5666666667,394.0,
6215,2,H8,Anada,23,Indústria - Sardenya,949,08:03:36,3.6,9.1333333333,548.0,
6409,2,H8,Anada,23,Indústria - Sardenya,949,08:10:29,10.48,6.866666666733334,412.0,19
6056,3,H8,Anada,23,Indústria - Sardenya,949,08:21:23,21.38,10.916666666600001,655.0,"22,34"
6411,2,H8,Anada,23,Indústria - Sardenya,949,08:27:37,27.62,6.216666666699999,373.0,
6055,2,H8,Anada,23,Indústria - Sardenya,949,08:36:56,36.93,9.3166666667,559.0,
6414,2,H8,Anada,23,Indústria - Sardenya,949,08:51:26,51.43,14.5,870.0,
6800,2,H8,Anada,23,Indústria - Sardenya,949,09:04:38,4.63,13.2,792.0,
6213,2,H8,Anada,23,Indústria - Sardenya,949,09:06:01,6.02,1.3999999999333332,84.0,
6407,2,H8,Anada,23,Indústria - Sardenya,949,09:18:37,18.62,12.583333333366665,755.0,
6211,3,H8,Anada,23,Indústria - Sardenya,949,09:32:21,32.35,13.733333333333333,824.0,
6212,3,H8,Anada,23,Indústria - Sardenya,949,09:45:28,45.47,13.1333333333,788.0,
6216,2,H8,Anada,23,Indústria - Sardenya,949,09:52:39,52.65,7.166666666699999,430.0,
6413,3,H8,Anada,23,Indústria - Sardenya,949,10:07:03,7.05,14.400000000033334,864.0,
6217,2,H8,Anada,23,Indústria - Sardenya,949,10:12:54,12.9,5.8666666666,352.0,
6415,3,H8,Anada,23,Indústria - Sardenya,949,10:20:53,20.88,7.9666666667333335,478.0,
6026,2,H8,Anada,23,Indústria - Sardenya,949,10:32:49,32.82,11.933333333333334,716.0,
6209,3,H8,Anada,23,Indústria - Sardenya,949,10:36:42,36.7,3.8833333333,233.0,1
6408,3,H8,Anada,23,Indústria - Sardenya,949,10:46:34,46.57,9.8666666667,592.0,
6215,3,H8,Anada,23,Indústria - Sardenya,949,11:03:34,3.57,17.0,1020.0,
6409,3,H8,Anada,23,Indústria - Sardenya,949,11:07:57,7.95,4.383333333333334,263.0,
6056,4,H8,Anada,23,Indústria - Sardenya,949,11:21:29,21.48,13.533333333333333,812.0,
6411,3,H8,Anada,23,Indústria - Sardenya,949,11:32:50,32.83,11.349999999966666,681.0,
6055,3,H8,Anada,23,Indústria - Sardenya,949,11:39:27,39.45,6.6166666667,397.0,
6414,3,H8,Anada,23,Indústria - Sardenya,949,11:46:58,46.97,7.516666666633333,451.0,
6800,3,H8,Anada,23,Indústria - Sardenya,949,11:59:41,59.68,12.733333333300001,764.0,
6213,3,H8,Anada,23,Indústria - Sardenya,949,12:04:14,4.23,4.55,273.0,5
6407,3,H8,Anada,23,Indústria - Sardenya,949,12:19:29,19.48,15.25,915.0,
6211,4,H8,Anada,23,Indústria - Sardenya,949,12:27:38,27.63,8.15,489.0,
6212,4,H8,Anada,23,Indústria - Sardenya,949,12:36:52,36.87,9.2166666667,553.0,
6216,3,H8,Anada,23,Indústria - Sardenya,949,12:48:19,48.32,11.466666666633333,688.0,
6413,4,H8,Anada,23,Indústria - Sardenya,949,12:56:41,56.68,8.350000000066666,501.0,
6217,3,H8,Anada,23,Indústria - Sardenya,949,13:05:56,5.93,9.249999999966667,555.0,
6415,4,H8,Anada,23,Indústria - Sardenya,949,13:14:42,14.7,8.766666666699999,526.0,
6209,4,H8,Anada,23,Indústria - Sardenya,949,13:28:43,28.72,14.01666666665,841.0,
6408,4,H8,Anada,23,Indústria - Sardenya,949,13:40:32,40.53,11.81666666665,709.0,
6215,4,H8,Anada,23,Indústria - Sardenya,949,13:59:38,59.63,19.116666666633332,1147.0,
6409,4,H8,Anada,23,Indústria - Sardenya,949,14:06:42,6.7,7.066666666666666,424.0,
6056,5,H8,Anada,23,Indústria - Sardenya,949,14:12:53,12.88,6.183333333333334,371.0,
6411,4,H8,Anada,23,Indústria - Sardenya,949,14:22:23,22.38,9.483333333366666,569.0,
6055,4,H8,Anada,23,Indústria - Sardenya,949,14:33:42,33.7,11.3333333333,680.0,1
6015,1,H8,Anada,23,Indústria - Sardenya,949,14:43:43,43.72,10.000000000033333,600.0,1
6414,4,H8,Anada,23,Indústria - Sardenya,949,14:55:08,55.13,11.416666666666666,685.0,
6800,4,H8,Anada,23,Indústria - Sardenya,949,15:00:40,0.67,5.533333333333333,332.0,
6213,4,H8,Anada,23,Indústria - Sardenya,949,15:08:54,8.9,8.233333333333333,494.0,
6407,4,H8,Anada,23,Indústria - Sardenya,949,15:23:08,23.13,14.233333333333333,854.0,
6211,5,H8,Anada,23,Indústria - Sardenya,949,15:28:28,28.47,5.333333333333333,320.0,
6212,5,H8,Anada,23,Indústria - Sardenya,949,15:41:03,41.05,12.583333333333334,755.0,
6036,1,H8,Anada,23,Indústria - Sardenya,949,15:45:49,45.82,4.783333333300001,287.0,"1,2,3,4,33"
6216,4,H8,Anada,23,Indústria - Sardenya,949,15:52:50,52.83,7.00000000005,420.0,
6413,5,H8,Anada,23,Indústria - Sardenya,949,16:10:02,10.03,17.199999999983334,1032.0,
6217,4,H8,Anada,23,Indústria - Sardenya,949,16:17:23,17.38,7.366666666633334,442.0,
6415,5,H8,Anada,23,Indústria - Sardenya,949,16:21:37,21.62,4.2166666667,253.0,
6209,5,H8,Anada,23,Indústria - Sardenya,949,16:32:48,32.8,11.183333333333334,671.0,"8,9,10,11"
6026,4,H8,Anada,23,Indústria - Sardenya,949,16:46:05,46.08,13.283333333333333,797.0,"1,2,3,4,5,6,7,8,9,10"
6408,5,H8,Anada,23,Indústria - Sardenya,949,16:49:36,49.6,3.3833333333333333,203.0,
6215,5,H8,Anada,23,Indústria - Sardenya,949,17:02:17,2.28,12.683333333333334,761.0,
6409,5,H8,Anada,23,Indústria - Sardenya,949,17:10:40,10.67,8.383333333333333,503.0,
6056,6,H8,Anada,23,Indústria - Sardenya,949,17:13:21,13.35,2.6666666667000003,160.0,19
6411,5,H8,Anada,23,Indústria - Sardenya,949,17:33:58,33.97,20.616666666666667,1237.0,
6055,5,H8,Anada,23,Indústria - Sardenya,949,17:36:48,36.8,2.8499999999666668,171.0,
6015,2,H8,Anada,23,Indústria - Sardenya,949,17:54:21,54.35,17.533333333366667,1052.0,
6414,5,H8,Anada,23,Indústria - Sardenya,949,17:56:11,56.18,1.8333333333333333,110.0,21
6800,5,H8,Anada,23,Indústria - Sardenya,949,17:59:07,59.12,2.9499999999666664,177.0,
6213,5,H8,Anada,23,Indústria - Sardenya,949,18:05:09,5.15,6.03333333335,362.0,
6407,5,H8,Anada,23,Indústria - Sardenya,949,18:15:04,15.07,9.900000000016666,594.0,
6211,6,H8,Anada,23,Indústria - Sardenya,949,18:24:24,24.4,9.349999999966666,561.0,
6036,2,H8,Anada,23,Indústria - Sardenya,949,18:38:52,38.87,14.450000000033333,867.0,
6216,5,H8,Anada,23,Indústria - Sardenya,949,18:50:15,50.25,11.383333333333333,683.0,
6413,6,H8,Anada,23,Indústria - Sardenya,949,19:01:15,1.25,11.0,660.0,
6415,6,H8,Anada,23,Indústria - Sardenya,949,19:13:17,13.28,12.049999999966667,723.0,
6209,6,H8,Anada,23,Indústria - Sardenya,949,19:19:09,19.15,5.850000000066667,351.0,"9,19"
6408,6,H8,Anada,23,Indústria - Sardenya,949,19:36:10,36.17,17.016666666633334,1021.0,
6215,6,H8,Anada,23,Indústria - Sardenya,949,19:43:06,43.1,6.199999999966667,372.0,1
6409,6,H8,Anada,23,Indústria - Sardenya,949,19:52:34,52.57,9.466666666666667,568.0,
6056,7,H8,Anada,23,Indústria - Sardenya,949,19:58:44,58.73,6.150000000066667,369.0,
6411,6,H8,Anada,23,Indústria - Sardenya,949,20:11:11,11.18,12.4666666666,748.0,30
6414,6,H8,Anada,23,Indústria - Sardenya,949,20:34:05,34.08,22.883333333366668,1373.0,34
6213,6,H8,Anada,23,Indústria - Sardenya,949,20:49:48,49.8,15.716666666666667,943.0,
6212,8,H8,Anada,23,Indústria - Sardenya,949,20:59:49,59.82,10.016666666699999,601.0,
6036,3,H8,Anada,23,Indústria - Sardenya,949,21:14:08,14.13,13.9,834.0,
6413,7,H8,Anada,23,Indústria - Sardenya,949,21:25:01,25.02,10.899999999933334,654.0,
6200,3,H8,Anada,23,Indústria - Sardenya,949,21:47:00,47.0,21.96666666673333,1318.0,30
6408,7,H8,Anada,23,Indústria - Sardenya,949,21:55:07,55.12,8.133333333266666,488.0,24
6211,1,H8,Anada,24,Indústria - Lepant,913,03:39:00,39.0,,,"1,2,3,4,5,6,7,8,9,10,11,12,13,14,15,16,17,18,19,20,21"
6212,1,H8,Anada,24,Indústria - Lepant,913,03:54:57,54.95,15.949999999966668,957.0,"1,2,3,4,5,6,7,8,9,10,30"
6413,1,H8,Anada,24,Indústria - Lepant,913,04:10:20,10.33,15.399999999966667,924.0,1
6415,1,H8,Anada,24,Indústria - Lepant,913,04:23:17,23.28,12.95,777.0,1
6209,1,H8,Anada,24,Indústria - Lepant,913,04:33:12,33.2,9.91666666665,595.0,
6022,1,H8,Anada,24,Indústria - Lepant,913,04:41:16,41.27,8.050000000083333,483.0,1
6408,1,H8,Anada,24,Indústria - Lepant,913,04:49:32,49.53,8.266666666633334,496.0,"1,2,3"
6215,1,H8,Anada,24,Indústria - Lepant,913,05:02:42,2.7,13.1833333333,791.0,
6409,1,H8,Anada,24,Indústria - Lepant,913,05:08:45,8.75,6.05,363.0,
6056,1,H8,Anada,24,Indústria - Lepant,913,05:23:14,23.23,14.483333333333333,869.0,14
6411,1,H8,Anada,24,Indústria - Lepant,913,05:33:04,33.07,9.833333333333334,590.0,
6055,1,H8,Anada,24,Indústria - Lepant,913,05:38:09,38.15,5.0666666667,304.0,"1,18,35,36"
6414,1,H8,Anada,24,Indústria - Lepant,913,05:46:22,46.37,8.233333333300001,494.0,"1,2,3"
6117,1,H8,Anada,24,Indústria - Lepant,913,05:54:15,54.25,7.866666666733334,472.0,
6800,1,H8,Anada,24,Indústria - Lepant,913,06:03:33,3.55,9.316666666600002,559.0,
6213,1,H8,Anada,24,Indústria - Lepant,913,06:10:35,10.58,7.0166666667,421.0,
6407,1,H8,Anada,24,Indústria - Lepant,913,06:24:09,24.15,13.5666666667,814.0,
6211,2,H8,Anada,24,Indústria - Lepant,913,06:30:33,30.55,6.399999999966667,384.0,1
6212,2,H8,Anada,24,Indústria - Lepant,913,06:42:31,42.52,11.983333333300001,719.0,
6216,1,H8,Anada,24,Indústria - Lepant,913,06:54:47,54.78,12.266666666666667,736.0,
6413,2,H8,Anada,24,Indústria - Lepant,913,07:07:18,7.3,12.516666666666667,751.0,
6217,1,H8,Anada,24,Indústria - Lepant,913,07:11:25,11.42,4.116666666666666,247.0,
6415,2,H8,Anada,24,Indústria - Lepant,913,07:26:22,26.37,14.95,897.0,
6026,1,H8,Anada,24,Indústria - Lepant,913,07:31:19,31.32,4.95,297.0,
6209,2,H8,Anada,24,Indústria - Lepant,913,07:43:17,43.28,11.950000000033333,717.0,36
6022,2,H8,Anada,24,Indústria - Lepant,913,07:50:45,50.75,7.4833333333,449.0,
6408,2,H8,Anada,24,Indústria - Lepant,913,07:56:27,56.45,5.683333333366666,341.0,
6215,2,H8,Anada,24,Indústria - Lepant,913,08:04:25,4.42,7.966666666699999,478.0,
6409,2,H8,Anada,24,Indústria - Lepant,913,08:12:27,12.45,8.033333333333333,482.0,19
6056,3,H8,Anada,24,Indústria - Lepant,913,08:24:29,24.48,12.0333333333,722.0,"22,34"
6411,2,H8,Anada,24,Indústria - Lepant,913,08:30:17,30.28,5.8,348.0,
6055,2,H8,Anada,24,Indústria - Lepant,913,08:38:21,38.35,8.0666666667,484.0,
6414,2,H8,Anada,24,Indústria - Lepant,913,08:52:45,52.75,14.399999999966667,864.0,
6800,2,H8,Anada,24,Indústria - Lepant,913,09:06:37,6.62,13.8666666667,832.0,
6213,2,H8,Anada,24,Indústria - Lepant,913,09:08:01,8.02,1.3999999999666668,84.0,
6407,2,H8,Anada,24,Indústria - Lepant,913,09:20:15,20.25,12.233333333366666,734.0,
6211,3,H8,Anada,24,Indústria - Lepant,913,09:34:19,34.32,14.083333333266667,845.0,
6212,3,H8,Anada,24,Indústria - Lepant,913,09:47:29,47.48,13.166666666666666,790.0,
6216,2,H8,Anada,24,Indústria - Lepant,913,09:55:07,55.12,7.633333333333334,458.0,
6413,3,H8,Anada,24,Indústria - Lepant,913,10:09:54,9.9,14.766666666733332,886.0,
6217,2,H8,Anada,24,Indústria - Lepant,913,10:14:42,14.7,4.8,288.0,
6415,3,H8,Anada,24,Indústria - Lepant,913,10:22:36,22.6,7.916666666599999,475.0,
6026,2,H8,Anada,24,Indústria - Lepant,913,10:34:27,34.45,11.833333333399999,710.0,
6209,3,H8,Anada,24,Indústria - Lepant,913,10:37:45,37.75,3.3,198.0,1
6408,3,H8,Anada,24,Indústria - Lepant,913,10:48:03,48.05,10.316666666600002,619.0,
6215,3,H8,Anada,24,Indústria - Lepant,913,11:06:40,6.67,18.616666666666667,1117.0,
6409,3,H8,Anada,24,Indústria - Lepant,913,11:09:47,9.78,3.1000000000333334,186.0,
6056,4,H8,Anada,24,Indústria - Lepant,913,11:23:29,23.48,13.700000000033333,822.0,
6411,3,H8,Anada,24,Indústria - Lepant,913,11:34:04,34.07,10.583333333333334,635.0,
6055,3,H8,Anada,24,Indústria - Lepant,913,11:41:09,41.15,7.099999999933333,426.0,
6414,3,H8,Anada,24,Indústria - Lepant,913,11:49:07,49.12,7.966666666666667,478.0,
6800,3,H8,Anada,24,Indústria - Lepant,913,12:01:23,1.38,12.266666666666667,736.0,
6213,3,H8,Anada,24,Indústria - Lepant,913,12:07:05,7.08,5.6833333334,341.0,5
6407,3,H8,Anada,24,Indústria - Lepant,913,12:21:00,21.0,13.916666666666666,835.0,
6211,4,H8,Anada,24,Indústria - Lepant,913,12:30:10,30.17,9.166666666666666,550.0,
6212,4,H8,Anada,24,Indústria - Lepant,913,12:39:04,39.07,8.9,534.0,
6216,3,H8,Anada,24,Indústria - Lepant,913,12:50:55,50.92,11.85,711.0,
6413,4,H8,Anada,24,Indústria - Lepant,913,12:58:47,58.78,7.866666666633334,472.0,
6217,3,H8,Anada,24,Indústria - Lepant,913,13:07:58,7.97,9.199999999966668,552.0,
6415,4,H8,Anada,24,Indústria - Lepant,913,13:16:59,16.98,9.016666666666667,541.0,
6209,4,H8,Anada,24,Indústria - Lepant,913,13:30:42,30.7,13.716666666666667,823.0,
6408,4,H8,Anada,24,Indústria - Lepant,913,13:42:48,42.8,12.083333333399999,725.0,
6215,4,H8,Anada,24,Indústria - Lepant,913,14:02:43,2.72,19.916666666666668,1195.0,
6409,4,H8,Anada,24,Indústria - Lepant,913,14:08:41,8.68,5.9666666666333334,358.0,
6056,5,H8,Anada,24,Indústria - Lepant,913,14:14:42,14.7,6.0166666667,361.0,
6411,4,H8,Anada,24,Indústria - Lepant,913,14:25:32,25.53,10.849999999933335,651.0,
6055,4,H8,Anada,24,Indústria - Lepant,913,14:36:11,36.18,10.633333333366666,638.0,1
6015,1,H8,Anada,24,Indústria - Lepant,913,14:46:32,46.53,10.366666666633334,622.0,1
6414,4,H8,Anada,24,Indústria - Lepant,913,14:57:26,57.43,10.9,654.0,
6800,4,H8,Anada,24,Indústria - Lepant,913,15:03:09,3.15,5.700000000033333,342.0,
6213,4,H8,Anada,24,Indústria - Lepant,913,15:10:38,10.63,7.499999999966667,450.0,
6407,4,H8,Anada,24,Indústria - Lepant,913,15:24:58,24.97,14.333333333333334,860.0,
6211,5,H8,Anada,24,Indústria - Lepant,913,15:30:13,30.22,5.2333333334,314.0,
6212,5,H8,Anada,24,Indústria - Lepant,913,15:44:29,44.48,14.266666666633334,856.0,
6036,1,H8,Anada,24,Indústria - Lepant,913,15:48:25,48.42,3.933333333333333,236.0,"1,2,3,4,33"
6216,4,H8,Anada,24,Indústria - Lepant,913,15:54:44,54.73,6.3166666667,379.0,
6413,5,H8,Anada,24,Indústria - Lepant,913,16:13:02,13.03,18.3166666666,1099.0,
6217,4,H8,Anada,24,Indústria - Lepant,913,16:19:15,19.25,6.200000000033333,372.0,
6415,5,H8,Anada,24,Indústria - Lepant,913,16:23:56,23.93,4.683333333366666,281.0,
6209,5,H8,Anada,24,Indústria - Lepant,913,16:35:45,35.75,11.816666666666666,709.0,"8,9,10,11"
6026,4,H8,Anada,24,Indústria - Lepant,913,16:48:12,48.2,12.45,747.0,"1,2,3,4,5,6,7,8,9,10"
6200,1,H8,Anada,24,Indústria - Lepant,913,16:49:26,49.43,1.2333333333,74.0,
6408,5,H8,Anada,24,Indústria - Lepant,913,16:51:00,51.0,1.5833333333000001,95.0,
6215,5,H8,Anada,24,Indústria - Lepant,913,17:04:29,4.48,13.483333333333333,809.0,
6409,5,H8,Anada,24,Indústria - Lepant,913,17:13:38,13.63,9.133333333366666,548.0,
6056,6,H8,Anada,24,Indústria - Lepant,913,17:15:34,15.57,1.9499999999666668,117.0,19
6411,5,H8,Anada,24,Indústria - Lepant,913,17:36:05,36.08,20.50000000003333,1230.0,
6055,5,H8,Anada,24,Indústria - Lepant,913,17:37:56,37.93,1.85,111.0,
6015,2,H8,Anada,24,Indústria - Lepant,913,17:56:12,56.2,18.2833333333,1097.0,
6414,5,H8,Anada,24,Indústria - Lepant,913,17:57:59,57.98,1.7666666667,106.0,21
6800,5,H8,Anada,24,Indústria - Lepant,913,18:00:22,0.37,2.3833333333333333,143.0,
6213,5,H8,Anada,24,Indústria - Lepant,913,18:06:49,6.82,6.4666666666333334,388.0,
6407,5,H8,Anada,24,Indústria - Lepant,913,18:17:29,17.48,10.650000000066665,639.0,
6211,6,H8,Anada,24,Indústria - Lepant,913,18:26:59,26.98,9.5,570.0,
6036,2,H8,Anada,24,Indústria - Lepant,913,18:41:28,41.47,14.483333333333333,869.0,
6216,5,H8,Anada,24,Indústria - Lepant,913,18:52:25,52.42,10.949999999966668,657.0,
6413,6,H8,Anada,24,Indústria - Lepant,913,19:04:15,4.25,11.833333333333334,710.0,
6415,6,H8,Anada,24,Indústria - Lepant,913,19:14:51,14.85,10.600000000033333,636.0,
6209,6,H8,Anada,24,Indústria - Lepant,913,19:20:58,20.97,6.133333333266666,368.0,"9,19"
6408,6,H8,Anada,24,Indústria - Lepant,913,19:39:21,39.35,18.366666666733334,1102.0,
6215,6,H8,Anada,24,Indústria - Lepant,913,19:45:20,45.33,5.6333333333,338.0,1
6409,6,H8,Anada,24,Indústria - Lepant,913,19:54:42,54.7,9.3666666667,562.0,
6056,7,H8,Anada,24,Indústria - Lepant,913,20:00:33,0.55,5.849999999966667,351.0,
6411,6,H8,Anada,24,Indústria - Lepant,913,20:13:43,13.72,13.1833333333,791.0,30
6414,6,H8,Anada,24,Indústria - Lepant,913,20:36:51,36.85,23.1166666667,1387.0,34
6213,6,H8,Anada,24,Indústria - Lepant,913,20:51:53,51.88,15.033333333333333,902.0,
6212,8,H8,Anada,24,Indústria - Lepant,913,21:02:10,2.17,10.283333333333333,617.0,
6036,3,H8,Anada,24,Indústria - Lepant,913,21:15:24,15.4,13.1,786.0,
6413,7,H8,Anada,24,Indústria - Lepant,913,21:26:37,26.62,11.200000000033333,672.0,
6200,3,H8,Anada,24,Indústria - Lepant,913,21:48:08,48.13,21.5166666667,1291.0,30
6211,1,H8,Anada,25,Av Gaudí,307,03:39:33,39.55,,,"1,2,3,4,5,6,7,8,9,10,11,12,13,14,15,16,17,18,19,20,21"
6212,1,H8,Anada,25,Av Gaudí,307,03:55:33,55.55,15.983333333383333,959.0,"1,2,3,4,5,6,7,8,9,10,30"
6413,1,H8,Anada,25,Av Gaudí,307,04:11:10,11.17,15.633333333266668,938.0,1
6415,1,H8,Anada,25,Av Gaudí,307,04:24:19,24.32,13.133333333366666,788.0,1
6209,1,H8,Anada,25,Av Gaudí,307,04:33:19,33.32,9.000000000033333,540.0,
6022,1,H8,Anada,25,Av Gaudí,307,04:43:38,43.63,10.316666666666666,619.0,1
6408,1,H8,Anada,25,Av Gaudí,307,04:51:21,51.35,7.716666666666667,463.0,"1,2,3"
6215,1,H8,Anada,25,Av Gaudí,307,05:03:56,3.93,12.599999999933335,756.0,
6409,1,H8,Anada,25,Av Gaudí,307,05:09:52,9.87,5.916666666733334,355.0,
6056,1,H8,Anada,25,Av Gaudí,307,05:24:26,24.43,14.566666666666666,874.0,14
6411,1,H8,Anada,25,Av Gaudí,307,05:34:23,34.38,9.95,597.0,
6055,1,H8,Anada,25,Av Gaudí,307,05:38:31,38.52,4.133333333333334,248.0,"1,18,35,36"
6414,1,H8,Anada,25,Av Gaudí,307,05:47:19,47.32,8.8,528.0,"1,2,3"
6117,1,H8,Anada,25,Av Gaudí,307,05:56:20,56.33,9.016666666633334,541.0,
6800,1,H8,Anada,25,Av Gaudí,307,06:04:29,4.48,8.166666666633335,490.0,
6213,1,H8,Anada,25,Av Gaudí,307,06:11:49,11.82,7.316666666733334,439.0,
6407,1,H8,Anada,25,Av Gaudí,307,06:25:15,25.25,13.449999999933334,807.0,
6211,2,H8,Anada,25,Av Gaudí,307,06:31:51,31.85,6.6,396.0,1
6212,2,H8,Anada,25,Av Gaudí,307,06:44:11,44.18,12.3166666667,739.0,
6216,1,H8,Anada,25,Av Gaudí,307,06:56:01,56.02,11.833333333366665,710.0,
6413,2,H8,Anada,25,Av Gaudí,307,07:08:31,8.52,12.5166666666,751.0,
6217,1,H8,Anada,25,Av Gaudí,307,07:13:09,13.15,4.6166666667,277.0,
6415,2,H8,Anada,25,Av Gaudí,307,07:27:43,27.72,14.583333333283333,875.0,
6026,1,H8,Anada,25,Av Gaudí,307,07:35:13,35.22,7.500000000016667,450.0,
6209,2,H8,Anada,25,Av Gaudí,307,07:44:13,44.22,8.983333333366666,539.0,36
6022,2,H8,Anada,25,Av Gaudí,307,07:52:38,52.63,8.4166666667,505.0,
6408,2,H8,Anada,25,Av Gaudí,307,07:57:33,57.55,4.933333333266666,296.0,
6215,2,H8,Anada,25,Av Gaudí,307,08:07:36,7.6,10.05,603.0,
6409,2,H8,Anada,25,Av Gaudí,307,08:13:46,13.77,6.150000000066667,369.0,19
6056,3,H8,Anada,25,Av Gaudí,307,08:25:52,25.87,12.1166666666,727.0,"22,34"
6411,2,H8,Anada,25,Av Gaudí,307,08:31:48,31.8,5.933333333333334,356.0,
6055,2,H8,Anada,25,Av Gaudí,307,08:39:26,39.43,7.6166666667,457.0,
6414,2,H8,Anada,25,Av Gaudí,307,08:54:24,54.4,14.966666666666667,898.0,
6800,2,H8,Anada,25,Av Gaudí,307,09:08:10,8.17,13.766666666666667,826.0,
6213,2,H8,Anada,25,Av Gaudí,307,09:09:23,9.38,1.2333333333,74.0,
6407,2,H8,Anada,25,Av Gaudí,307,09:22:21,22.35,12.950000000066666,777.0,
6211,3,H8,Anada,25,Av Gaudí,307,09:36:24,36.4,14.066666666600002,844.0,
6212,3,H8,Anada,25,Av Gaudí,307,09:50:19,50.32,13.916666666666666,835.0,
6216,2,H8,Anada,25,Av Gaudí,307,09:57:26,57.43,7.100000000033333,426.0,
6413,3,H8,Anada,25,Av Gaudí,307,10:11:27,11.45,14.016666666699999,841.0,
6217,2,H8,Anada,25,Av Gaudí,307,10:16:23,16.38,4.9499999999333335,297.0,
6415,3,H8,Anada,25,Av Gaudí,307,10:24:32,24.53,8.1333333334,488.0,
6026,2,H8,Anada,25,Av Gaudí,307,10:36:34,36.57,12.049999999916668,723.0,
6209,3,H8,Anada,25,Av Gaudí,307,10:39:35,39.58,3.0166666666666666,181.0,1
6408,3,H8,Anada,25,Av Gaudí,307,10:49:31,49.52,9.916666666716667,595.0,
6215,3,H8,Anada,25,Av Gaudí,307,11:08:39,8.65,19.133333333366668,1148.0,
6409,3,H8,Anada,25,Av Gaudí,307,11:11:24,11.4,2.7666666666166666,166.0,
6056,4,H8,Anada,25,Av Gaudí,307,11:25:36,25.6,14.199999999983334,852.0,
6411,3,H8,Anada,25,Av Gaudí,307,11:35:46,35.77,10.150000000066665,609.0,
6055,3,H8,Anada,25,Av Gaudí,307,11:42:36,42.6,6.833333333333333,410.0,
6414,3,H8,Anada,25,Av Gaudí,307,11:50:30,50.5,7.899999999966667,474.0,
6800,3,H8,Anada,25,Av Gaudí,307,12:02:39,2.65,12.166666666633335,730.0,
6213,3,H8,Anada,25,Av Gaudí,307,12:08:46,8.77,6.100000000066667,366.0,5
6407,3,H8,Anada,25,Av Gaudí,307,12:22:25,22.42,13.65,819.0,
6211,4,H8,Anada,25,Av Gaudí,307,12:31:53,31.88,9.483333333266668,569.0,
6212,4,H8,Anada,25,Av Gaudí,307,12:40:29,40.48,8.6,516.0,
6216,3,H8,Anada,25,Av Gaudí,307,12:51:45,51.75,11.250000000066667,675.0,
6413,4,H8,Anada,25,Av Gaudí,307,13:00:43,0.72,8.966666666633333,538.0,
6217,3,H8,Anada,25,Av Gaudí,307,13:09:17,9.28,8.566666666666666,514.0,
6415,4,H8,Anada,25,Av Gaudí,307,13:18:21,18.35,9.0833333333,545.0,
6209,4,H8,Anada,25,Av Gaudí,307,13:31:51,31.85,13.483333333366666,809.0,
6408,4,H8,Anada,25,Av Gaudí,307,13:44:24,44.4,12.566666666633333,754.0,
6215,4,H8,Anada,25,Av Gaudí,307,14:04:04,4.07,19.650000000066665,1179.0,
6409,4,H8,Anada,25,Av Gaudí,307,14:10:13,10.22,6.166666666599999,370.0,
6056,5,H8,Anada,25,Av Gaudí,307,14:15:37,15.62,5.383333333366666,323.0,
6411,4,H8,Anada,25,Av Gaudí,307,14:27:43,27.72,12.1,726.0,
6055,4,H8,Anada,25,Av Gaudí,307,14:37:19,37.32,9.600000000033333,576.0,1
6015,1,H8,Anada,25,Av Gaudí,307,14:48:08,48.13,10.833333333266667,650.0,1
6414,4,H8,Anada,25,Av Gaudí,307,14:58:48,58.8,10.650000000033334,639.0,
6800,4,H8,Anada,25,Av Gaudí,307,15:04:30,4.5,5.7166666666333334,343.0,
6213,4,H8,Anada,25,Av Gaudí,307,15:12:20,12.33,7.8166666667,469.0,
6407,4,H8,Anada,25,Av Gaudí,307,15:25:50,25.83,13.500000000033333,810.0,
6211,5,H8,Anada,25,Av Gaudí,307,15:32:31,32.52,6.6833333333,401.0,
6212,5,H8,Anada,25,Av Gaudí,307,15:45:40,45.67,13.150000000033334,789.0,
6036,1,H8,Anada,25,Av Gaudí,307,15:50:20,50.33,4.666666666666667,280.0,"1,2,3,4,33"
6216,4,H8,Anada,25,Av Gaudí,307,15:56:19,56.32,5.9833333333,359.0,
6413,5,H8,Anada,25,Av Gaudí,307,16:14:56,14.93,18.6166666667,1117.0,
6217,4,H8,Anada,25,Av Gaudí,307,16:20:35,20.58,5.65,339.0,
6415,5,H8,Anada,25,Av Gaudí,307,16:25:08,25.13,4.549999999983333,273.0,
6209,5,H8,Anada,25,Av Gaudí,307,16:37:35,37.58,12.466666666616668,748.0,"8,9,10,11"
6200,1,H8,Anada,25,Av Gaudí,307,16:51:09,51.15,13.550000000066666,813.0,
6215,5,H8,Anada,25,Av Gaudí,307,17:06:50,6.83,13.866666666666667,832.0,
6409,5,H8,Anada,25,Av Gaudí,307,17:15:24,15.4,8.550000000033332,513.0,
6056,6,H8,Anada,25,Av Gaudí,307,17:17:08,17.13,1.7499999999833333,105.0,19
6411,5,H8,Anada,25,Av Gaudí,307,17:38:47,38.78,21.63333333335,1298.0,
6055,5,H8,Anada,25,Av Gaudí,307,17:39:57,39.95,1.1666666666999999,70.0,
6015,2,H8,Anada,25,Av Gaudí,307,17:57:51,57.85,17.9166666666,1075.0,
6414,5,H8,Anada,25,Av Gaudí,307,17:59:44,59.73,1.8833333333333333,113.0,21
6800,5,H8,Anada,25,Av Gaudí,307,18:02:31,2.52,2.783333333333333,167.0,
6213,5,H8,Anada,25,Av Gaudí,307,18:09:00,9.0,6.466666666699999,388.0,
6407,5,H8,Anada,25,Av Gaudí,307,18:19:01,19.02,10.016666666699999,601.0,
6211,6,H8,Anada,25,Av Gaudí,307,18:28:14,28.23,9.233333333266668,554.0,
6036,2,H8,Anada,25,Av Gaudí,307,18:42:49,42.82,14.5666666667,874.0,
6216,5,H8,Anada,25,Av Gaudí,307,18:53:28,53.47,10.650000000033334,639.0,
6413,6,H8,Anada,25,Av Gaudí,307,19:05:26,5.43,11.966666666666667,718.0,
6415,6,H8,Anada,25,Av Gaudí,307,19:16:39,16.65,11.233333333266668,674.0,
6209,6,H8,Anada,25,Av Gaudí,307,19:23:09,23.15,6.4833333334,389.0,"9,19"
6408,6,H8,Anada,25,Av Gaudí,307,19:40:49,40.82,17.666666666633333,1060.0,
6215,6,H8,Anada,25,Av Gaudí,307,19:46:48,46.8,5.5500000000166665,333.0,1
6409,6,H8,Anada,25,Av Gaudí,307,19:55:41,55.68,8.883333333333333,533.0,
6056,7,H8,Anada,25,Av Gaudí,307,20:01:45,1.75,6.066666666666666,364.0,
6411,6,H8,Anada,25,Av Gaudí,307,20:15:31,15.52,13.783333333266667,827.0,30
6414,6,H8,Anada,25,Av Gaudí,307,20:37:49,37.82,22.283333333399998,1337.0,34
6213,6,H8,Anada,25,Av Gaudí,307,20:52:45,52.75,14.933333333333334,896.0,
6025,2,H8,Anada,25,Av Gaudí,307,21:02:57,2.95,10.199999999966668,612.0,
6036,3,H8,Anada,25,Av Gaudí,307,21:16:03,16.05,12.883333333283334,773.0,
6413,7,H8,Anada,25,Av Gaudí,307,21:27:47,27.78,11.716666666683333,703.0,
6200,3,H8,Anada,25,Av Gaudí,307,21:49:05,49.08,21.3,1278.0,30
6408,7,H8,Anada,25,Av Gaudí,307,22:00:00,0.0,10.9166666667,655.0,24
6211,1,H8,Anada,26,Indústria - Independència,212,03:40:53,40.88,,,"1,2,3,4,5,6,7,8,9,10,11,12,13,14,15,16,17,18,19,20,21"
6212,1,H8,Anada,26,Indústria - Independència,212,03:56:07,56.12,15.233333333366666,914.0,"1,2,3,4,5,6,7,8,9,10,30"
6413,1,H8,Anada,26,Indústria - Independència,212,04:13:33,13.55,17.449999999933333,1047.0,1
6415,1,H8,Anada,26,Indústria - Independència,212,04:26:25,26.42,12.850000000033333,771.0,1
6209,1,H8,Anada,26,Indústria - Independència,212,04:34:04,34.07,7.666666666633334,460.0,
6022,1,H8,Anada,26,Indústria - Independència,212,04:45:40,45.67,11.583333333366665,695.0,1
6408,1,H8,Anada,26,Indústria - Independència,212,04:52:41,52.68,7.016666666666667,421.0,"1,2,3"
6215,1,H8,Anada,26,Indústria - Independència,212,05:05:17,5.28,12.616666666633334,757.0,
6409,1,H8,Anada,26,Indústria - Independència,212,05:11:06,11.1,5.8000000000666665,348.0,
6056,1,H8,Anada,26,Indústria - Independència,212,05:25:22,25.37,14.283333333266667,857.0,14
6411,1,H8,Anada,26,Indústria - Independència,212,05:35:44,35.73,10.366666666666667,622.0,
6055,1,H8,Anada,26,Indústria - Independència,212,05:40:27,40.45,4.700000000066667,282.0,"1,18,35,36"
6414,1,H8,Anada,26,Indústria - Independència,212,05:49:17,49.28,8.849999999933335,531.0,"1,2,3"
6117,1,H8,Anada,26,Indústria - Independència,212,05:58:19,58.32,9.016666666733332,541.0,
6800,1,H8,Anada,26,Indústria - Independència,212,06:05:54,5.9,7.583333333333333,455.0,
6213,1,H8,Anada,26,Indústria - Independència,212,06:13:32,13.53,7.6333333333,458.0,
6407,1,H8,Anada,26,Indústria - Independència,212,06:27:34,27.57,14.033333333333333,842.0,
6211,2,H8,Anada,26,Indústria - Independència,212,06:33:13,33.22,5.65,339.0,1
6212,2,H8,Anada,26,Indústria - Independència,212,06:45:43,45.72,12.516666666633334,751.0,
6216,1,H8,Anada,26,Indústria - Independència,212,06:57:43,57.72,11.9833333334,719.0,
6413,2,H8,Anada,26,Indústria - Independència,212,07:11:25,11.42,13.7166666666,823.0,
6217,1,H8,Anada,26,Indústria - Independència,212,07:14:23,14.38,2.9500000000333335,177.0,
6415,2,H8,Anada,26,Indústria - Independència,212,07:32:20,32.33,17.950000000016665,1077.0,
6026,1,H8,Anada,26,Indústria - Independència,212,07:36:27,36.45,4.1166666666500005,247.0,
6209,2,H8,Anada,26,Indústria - Independència,212,07:46:32,46.53,10.083333333333334,605.0,36
6022,2,H8,Anada,26,Indústria - Independència,212,07:57:00,57.0,10.466666666666667,628.0,
6408,2,H8,Anada,26,Indústria - Independència,212,08:02:54,2.9,5.900000000033333,354.0,
6215,2,H8,Anada,26,Indústria - Independència,212,08:10:14,10.23,7.349999999933333,441.0,
6409,2,H8,Anada,26,Indústria - Independència,212,08:15:09,15.15,4.916666666666667,295.0,19
6056,3,H8,Anada,26,Indústria - Independència,212,08:27:00,27.0,11.833333333366665,710.0,"22,34"
6411,2,H8,Anada,26,Indústria - Independència,212,08:33:24,33.4,6.400000000033333,384.0,
6055,2,H8,Anada,26,Indústria - Independència,212,08:40:33,40.55,7.15,429.0,
6414,2,H8,Anada,26,Indústria - Independència,212,08:55:59,55.98,15.433333333333334,926.0,
6800,2,H8,Anada,26,Indústria - Independència,212,09:09:41,9.68,13.7166666666,823.0,
6213,2,H8,Anada,26,Indústria - Independència,212,09:10:51,10.85,1.1666666666666667,70.0,
6407,2,H8,Anada,26,Indústria - Independència,212,09:24:43,24.72,13.850000000066666,831.0,
6211,3,H8,Anada,26,Indústria - Independència,212,09:38:19,38.32,13.599999999966666,816.0,
6212,3,H8,Anada,26,Indústria - Independència,212,09:51:37,51.62,13.316666666633333,799.0,
6216,2,H8,Anada,26,Indústria - Independència,212,09:59:35,59.58,7.966666666666667,478.0,
6413,3,H8,Anada,26,Indústria - Independència,212,10:12:06,12.1,12.500000000066667,750.0,
6217,2,H8,Anada,26,Indústria - Independència,212,10:18:05,18.08,5.9833333333,359.0,
6415,3,H8,Anada,26,Indústria - Independència,212,10:26:55,26.92,8.833333333366665,530.0,
6026,2,H8,Anada,26,Indústria - Independència,212,10:38:54,38.9,11.983333333333333,719.0,
6209,3,H8,Anada,26,Indústria - Independència,212,10:40:36,40.6,1.7,102.0,1
6408,3,H8,Anada,26,Indústria - Independència,212,10:50:56,50.93,10.3333333333,620.0,
6215,3,H8,Anada,26,Indústria - Independència,212,11:10:06,10.1,19.183333333300002,1151.0,
6409,3,H8,Anada,26,Indústria - Independència,212,11:12:33,12.55,2.4333333334,146.0,
6056,4,H8,Anada,26,Indústria - Independència,212,11:27:25,27.42,14.88333333325,893.0,
6411,3,H8,Anada,26,Indústria - Independència,212,11:36:37,36.62,9.183333333383333,551.0,
6055,3,H8,Anada,26,Indústria - Independència,212,11:45:00,45.0,8.383333333366666,503.0,
6414,3,H8,Anada,26,Indústria - Independència,212,11:52:06,52.1,7.1,426.0,
6800,3,H8,Anada,26,Indústria - Independència,212,12:03:41,3.68,11.599999999933335,696.0,
6213,3,H8,Anada,26,Indústria - Independència,212,12:10:06,10.1,6.400000000066667,384.0,5
6407,3,H8,Anada,26,Indústria - Independència,212,12:23:30,23.5,13.416666666600001,805.0,
6211,4,H8,Anada,26,Indústria - Independència,212,12:33:28,33.47,9.950000000066666,597.0,
6212,4,H8,Anada,26,Indústria - Independència,212,12:42:03,42.05,8.599999999933335,516.0,
6216,3,H8,Anada,26,Indústria - Independència,212,12:53:21,53.35,11.283333333366667,677.0,
6413,4,H8,Anada,26,Indústria - Independència,212,13:03:03,3.05,9.7,582.0,
6217,3,H8,Anada,26,Indústria - Independència,212,13:10:42,10.7,7.666666666633334,460.0,
6415,4,H8,Anada,26,Indústria - Independència,212,13:19:31,19.52,8.816666666666666,529.0,
6209,4,H8,Anada,26,Indústria - Independència,212,13:34:50,34.83,15.316666666666666,919.0,
6408,4,H8,Anada,26,Indústria - Independència,212,13:45:39,45.65,10.800000000033332,648.0,
6215,4,H8,Anada,26,Indústria - Independència,212,14:06:45,6.75,21.100000000016667,1266.0,
6409,4,H8,Anada,26,Indústria - Independència,212,14:11:38,11.63,4.8999999999499995,294.0,
6056,5,H8,Anada,26,Indústria - Independència,212,14:17:21,17.35,5.716666666666667,343.0,
6411,4,H8,Anada,26,Indústria - Independència,212,14:29:45,29.75,12.4,744.0,
6055,4,H8,Anada,26,Indústria - Independència,212,14:38:40,38.67,8.900000000066665,534.0,1
6015,1,H8,Anada,26,Indústria - Independència,212,14:50:41,50.68,12.016666666666667,721.0,1
6414,4,H8,Anada,26,Indústria - Independència,212,15:01:20,1.33,10.65,639.0,
6800,4,H8,Anada,26,Indústria - Independència,212,15:06:05,6.08,4.75,285.0,
6213,4,H8,Anada,26,Indústria - Independència,212,15:15:01,15.02,8.933333333333334,536.0,
6407,4,H8,Anada,26,Indústria - Independència,212,15:26:51,26.85,11.8333333333,710.0,
6211,5,H8,Anada,26,Indústria - Independència,212,15:33:02,33.03,6.183333333366666,371.0,
6212,5,H8,Anada,26,Indústria - Independència,212,15:47:13,47.22,14.199999999933334,852.0,
6036,1,H8,Anada,26,Indústria - Independència,212,15:51:05,51.08,3.8666666666666667,232.0,"1,2,3,4,33"
6216,4,H8,Anada,26,Indústria - Independència,212,15:57:45,57.75,6.666666666666667,400.0,
6413,5,H8,Anada,26,Indústria - Independència,212,16:17:25,17.42,19.650000000033334,1179.0,
6217,4,H8,Anada,26,Indústria - Independència,212,16:22:46,22.77,5.35,321.0,
6415,5,H8,Anada,26,Indústria - Independència,212,16:26:43,26.72,3.9500000000166664,237.0,
6209,5,H8,Anada,26,Indústria - Independència,212,16:39:59,39.98,13.26666666665,796.0,"8,9,10,11"
6200,1,H8,Anada,26,Indústria - Independència,212,16:52:54,52.9,12.9333333333,776.0,
6026,4,H8,Anada,26,Indústria - Independència,212,16:53:56,53.93,1.0166666667,61.0,"1,2,3,4,5,6,7,8,9,10"
6408,5,H8,Anada,26,Indústria - Independència,212,16:55:13,55.22,1.2999999999666667,78.0,
6215,5,H8,Anada,26,Indústria - Independència,212,17:08:41,8.68,13.450000000033333,807.0,
6409,5,H8,Anada,26,Indústria - Independència,212,17:16:04,16.07,7.383333333366666,443.0,
6056,6,H8,Anada,26,Indústria - Independència,212,17:18:29,18.48,2.416666666633333,145.0,19
6411,5,H8,Anada,26,Indústria - Independència,212,17:40:47,40.78,22.3,1338.0,
6015,2,H8,Anada,26,Indústria - Independència,212,17:59:46,59.77,18.266666666633334,1096.0,
6414,5,H8,Anada,26,Indústria - Independència,212,18:01:35,1.58,1.8166666667,109.0,21
6800,5,H8,Anada,26,Indústria - Independència,212,18:03:30,3.5,1.9333333332666667,116.0,
6213,5,H8,Anada,26,Indústria - Independència,212,18:10:54,10.9,7.383333333366666,443.0,
6407,5,H8,Anada,26,Indústria - Independència,212,18:19:57,19.95,9.05,543.0,
6211,6,H8,Anada,26,Indústria - Independència,212,18:29:33,29.55,9.616666666633334,577.0,
6036,2,H8,Anada,26,Indústria - Independència,212,18:44:16,44.27,14.700000000033333,882.0,
6216,5,H8,Anada,26,Indústria - Independència,212,18:54:57,54.95,10.699999999983334,642.0,
6413,6,H8,Anada,26,Indústria - Independència,212,19:08:35,8.58,13.633333333316667,818.0,
6415,6,H8,Anada,26,Indústria - Independència,212,19:18:06,18.1,9.516666666666667,571.0,
6209,6,H8,Anada,26,Indústria - Independència,212,19:24:05,24.08,5.966666666699999,358.0,"9,19"
6408,6,H8,Anada,26,Indústria - Independència,212,19:41:53,41.88,17.8,1068.0,
6025,1,H8,Anada,26,Indústria - Independència,212,19:43:02,43.03,1.15,69.0,"1,2,3,4,5,6,7,8,9,10,11,12,13,14,15,16,17,18,19,20,21,22,36,37,38,39"
6215,6,H8,Anada,26,Indústria - Independència,212,19:48:00,48.0,4.9833333333,299.0,1
6409,6,H8,Anada,26,Indústria - Independència,212,19:56:58,56.97,8.966666666666667,538.0,
6056,7,H8,Anada,26,Indústria - Independència,212,20:02:57,2.95,5.966666666699999,358.0,
6411,6,H8,Anada,26,Indústria - Independència,212,20:16:39,16.65,13.716666666633333,823.0,30
6414,6,H8,Anada,26,Indústria - Independència,212,20:39:31,39.52,22.850000000066665,1371.0,34
6213,6,H8,Anada,26,Indústria - Independència,212,20:54:57,54.95,15.433333333333334,926.0,
6212,8,H8,Anada,26,Indústria - Independència,212,21:05:08,5.13,10.199999999933334,612.0,
6036,3,H8,Anada,26,Indústria - Independència,212,21:17:46,17.77,12.4833333334,749.0,
6413,7,H8,Anada,26,Indústria - Independència,212,21:29:13,29.22,11.449999999966668,687.0,
6200,3,H8,Anada,26,Indústria - Independència,212,21:51:07,51.12,21.916666666633333,1315.0,30
6408,7,H8,Anada,26,Indústria - Independència,212,22:00:05,0.08,8.950000000066666,537.0,24
6211,1,H8,Anada,27,Indústria - Freser,2665,03:42:26,42.43,,,"1,2,3,4,5,6,7,8,9,10,11,12,13,14,15,16,17,18,19,20,21"
6212,1,H8,Anada,27,Indústria - Freser,2665,03:57:52,57.87,15.4333333333,926.0,"1,2,3,4,5,6,7,8,9,10,30"
6413,1,H8,Anada,27,Indústria - Freser,2665,04:14:55,14.92,17.066666666633335,1024.0,1
6415,1,H8,Anada,27,Indústria - Freser,2665,04:27:08,27.13,12.200000000033333,732.0,1
6209,1,H8,Anada,27,Indústria - Freser,2665,04:35:26,35.43,8.300000000033332,498.0,
6022,1,H8,Anada,27,Indústria - Freser,2665,04:46:56,46.93,11.5166666666,691.0,1
6408,1,H8,Anada,27,Indústria - Freser,2665,04:54:01,54.02,7.0666666667,424.0,"1,2,3"
6215,1,H8,Anada,27,Indústria - Freser,2665,05:06:10,6.17,12.166666666633335,730.0,
6409,1,H8,Anada,27,Indústria - Freser,2665,05:12:50,12.83,6.650000000033333,399.0,
6056,1,H8,Anada,27,Indústria - Freser,2665,05:27:10,27.17,14.333333333333334,860.0,14
6411,1,H8,Anada,27,Indústria - Freser,2665,05:37:19,37.32,10.166666666633335,610.0,
6055,1,H8,Anada,27,Indústria - Freser,2665,05:42:12,42.2,4.8666666667,292.0,"1,18,35,36"
6414,1,H8,Anada,27,Indústria - Freser,2665,05:51:34,51.57,9.366666666666667,562.0,"1,2,3"
6117,1,H8,Anada,27,Indústria - Freser,2665,05:59:52,59.87,8.300000000033332,498.0,
6800,1,H8,Anada,27,Indústria - Freser,2665,06:08:19,8.32,8.45,507.0,
6213,1,H8,Anada,27,Indústria - Freser,2665,06:15:46,15.77,7.4666666666,448.0,
6407,1,H8,Anada,27,Indústria - Freser,2665,06:28:59,28.98,13.200000000033333,792.0,
6211,2,H8,Anada,27,Indústria - Freser,2665,06:35:21,35.35,6.3666666667,382.0,1
6212,2,H8,Anada,27,Indústria - Freser,2665,06:47:23,47.38,12.033333333333333,722.0,
6216,1,H8,Anada,27,Indústria - Freser,2665,06:59:37,59.62,12.233333333333333,734.0,
6413,2,H8,Anada,27,Indústria - Freser,2665,07:13:11,13.18,13.583333333266667,815.0,
6217,1,H8,Anada,27,Indústria - Freser,2665,07:15:56,15.93,2.7333333333999996,164.0,
6415,2,H8,Anada,27,Indústria - Freser,2665,07:34:00,34.0,18.08333333326667,1085.0,
6026,1,H8,Anada,27,Indústria - Freser,2665,07:38:30,38.5,4.483333333366667,269.0,
6209,2,H8,Anada,27,Indústria - Freser,2665,07:51:03,51.05,12.550000000033332,753.0,36
6022,2,H8,Anada,27,Indústria - Freser,2665,07:58:39,58.65,7.6166666666,457.0,
6408,2,H8,Anada,27,Indústria - Freser,2665,08:04:31,4.52,5.866666666666666,352.0,
6215,2,H8,Anada,27,Indústria - Freser,2665,08:12:22,12.37,7.85,471.0,
6409,2,H8,Anada,27,Indústria - Freser,2665,08:16:23,16.38,4.000000000066667,240.0,19
6056,3,H8,Anada,27,Indústria - Freser,2665,08:29:28,29.47,13.099999999933335,786.0,"22,34"
6411,2,H8,Anada,27,Indústria - Freser,2665,08:35:32,35.53,6.050000000033333,363.0,
6055,2,H8,Anada,27,Indústria - Freser,2665,08:43:01,43.02,7.483333333366667,449.0,
6414,2,H8,Anada,27,Indústria - Freser,2665,08:57:29,57.48,14.466666666633333,868.0,
6800,2,H8,Anada,27,Indústria - Freser,2665,09:11:34,11.57,14.099999999966666,846.0,
6213,2,H8,Anada,27,Indústria - Freser,2665,09:12:54,12.9,1.3333333333333333,80.0,
6407,2,H8,Anada,27,Indústria - Freser,2665,09:26:48,26.8,13.9,834.0,
6211,3,H8,Anada,27,Indústria - Freser,2665,09:40:27,40.45,13.65,819.0,
6212,3,H8,Anada,27,Indústria - Freser,2665,09:52:34,52.57,12.100000000066666,726.0,
6216,2,H8,Anada,27,Indústria - Freser,2665,10:01:37,1.62,9.049999999966667,543.0,
6413,3,H8,Anada,27,Indústria - Freser,2665,10:14:21,14.35,12.749999999966667,765.0,
6217,2,H8,Anada,27,Indústria - Freser,2665,10:19:51,19.85,5.5,330.0,
6415,3,H8,Anada,27,Indústria - Freser,2665,10:28:57,28.95,9.083333333366665,545.0,
6026,2,H8,Anada,27,Indústria - Freser,2665,10:41:20,41.33,12.383333333333333,743.0,
6209,3,H8,Anada,27,Indústria - Freser,2665,10:43:07,43.12,1.7999999999666667,108.0,1
6408,3,H8,Anada,27,Indústria - Freser,2665,10:53:08,53.13,10.000000000066667,600.0,
6215,3,H8,Anada,27,Indústria - Freser,2665,11:11:36,11.6,18.466666666666665,1108.0,
6409,3,H8,Anada,27,Indústria - Freser,2665,11:14:36,14.6,3.0166666666000004,181.0,
6056,4,H8,Anada,27,Indústria - Freser,2665,11:28:58,28.97,14.350000000066666,861.0,
6411,3,H8,Anada,27,Indústria - Freser,2665,11:38:51,38.85,9.883333333333333,593.0,
6055,3,H8,Anada,27,Indústria - Freser,2665,11:46:52,46.87,8.016666666633334,481.0,
6414,3,H8,Anada,27,Indústria - Freser,2665,11:53:25,53.42,6.566666666633334,394.0,
6800,3,H8,Anada,27,Indústria - Freser,2665,12:05:45,5.75,12.333333333333334,740.0,
6213,3,H8,Anada,27,Indústria - Freser,2665,12:12:32,12.53,6.783333333333333,407.0,5
6407,3,H8,Anada,27,Indústria - Freser,2665,12:26:29,26.48,13.933333333366667,836.0,
6211,4,H8,Anada,27,Indústria - Freser,2665,12:35:44,35.73,9.250000000033333,555.0,
6212,4,H8,Anada,27,Indústria - Freser,2665,12:43:51,43.85,8.116666666633334,487.0,
6216,3,H8,Anada,27,Indústria - Freser,2665,12:54:57,54.95,11.1,666.0,
6413,4,H8,Anada,27,Indústria - Freser,2665,13:04:32,4.53,9.583333333366665,575.0,
6217,3,H8,Anada,27,Indústria - Freser,2665,13:12:34,12.57,8.049999999933332,483.0,
6415,4,H8,Anada,27,Indústria - Freser,2665,13:22:00,22.0,9.433333333333334,566.0,
6209,4,H8,Anada,27,Indústria - Freser,2665,13:37:16,37.27,15.250000000033333,915.0,
6408,4,H8,Anada,27,Indústria - Freser,2665,13:47:25,47.42,10.166666666633335,610.0,
6215,4,H8,Anada,27,Indústria - Freser,2665,14:08:36,8.6,21.183333333333334,1271.0,
6409,4,H8,Anada,27,Indústria - Freser,2665,14:13:12,13.2,4.6,276.0,
6056,5,H8,Anada,27,Indústria - Freser,2665,14:19:32,19.53,6.333333333333333,380.0,
6411,4,H8,Anada,27,Indústria - Freser,2665,14:32:19,32.32,12.766666666699999,766.0,
6055,4,H8,Anada,27,Indústria - Freser,2665,14:41:07,41.12,8.800000000033332,528.0,1
6015,1,H8,Anada,27,Indústria - Freser,2665,14:53:32,53.53,12.433333333266667,746.0,1
6414,4,H8,Anada,27,Indústria - Freser,2665,15:03:37,3.62,10.066666666733333,604.0,
6800,4,H8,Anada,27,Indústria - Freser,2665,15:07:35,7.58,3.9833333332666667,239.0,
6213,4,H8,Anada,27,Indústria - Freser,2665,15:16:57,16.95,9.350000000066666,561.0,
6407,4,H8,Anada,27,Indústria - Freser,2665,15:28:20,28.33,11.399999999933334,684.0,
6211,5,H8,Anada,27,Indústria - Freser,2665,15:34:42,34.7,6.366666666666666,382.0,
6212,5,H8,Anada,27,Indústria - Freser,2665,15:48:59,48.98,14.283333333333333,857.0,
6036,1,H8,Anada,27,Indústria - Freser,2665,15:52:48,52.8,3.816666666683333,229.0,"1,2,3,4,33"
6216,4,H8,Anada,27,Indústria - Freser,2665,15:59:27,59.45,6.6333333333499995,398.0,
6413,5,H8,Anada,27,Indústria - Freser,2665,16:19:07,19.12,19.6666666667,1180.0,
6217,4,H8,Anada,27,Indústria - Freser,2665,16:24:20,24.33,5.216666666666667,313.0,
6415,5,H8,Anada,27,Indústria - Freser,2665,16:28:24,28.4,4.083333333266667,245.0,
6209,5,H8,Anada,27,Indústria - Freser,2665,16:42:15,42.25,13.833333333399999,830.0,"8,9,10,11"
6200,1,H8,Anada,27,Indústria - Freser,2665,16:56:11,56.18,13.9333333333,836.0,
6215,5,H8,Anada,27,Indústria - Freser,2665,17:10:46,10.77,13.633333333366666,818.0,
6409,5,H8,Anada,27,Indústria - Freser,2665,17:18:06,18.1,7.333333333333333,440.0,
6056,6,H8,Anada,27,Indústria - Freser,2665,17:19:52,19.87,1.7833333332499999,107.0,19
6411,5,H8,Anada,27,Indústria - Freser,2665,17:42:45,42.75,22.866666666716664,1372.0,
6015,2,H8,Anada,27,Indústria - Freser,2665,18:02:24,2.4,19.0,1140.0,
6414,5,H8,Anada,27,Indústria - Freser,2665,18:04:07,4.12,1.7333333333,104.0,21
6213,5,H8,Anada,27,Indústria - Freser,2665,18:13:22,13.37,8.5666666667,514.0,
6407,5,H8,Anada,27,Indústria - Freser,2665,18:22:39,22.65,9.283333333366667,557.0,
6211,6,H8,Anada,27,Indústria - Freser,2665,18:31:30,31.5,8.849999999966666,531.0,
6036,2,H8,Anada,27,Indústria - Freser,2665,18:46:39,46.65,15.166666666633335,910.0,
6216,5,H8,Anada,27,Indústria - Freser,2665,18:57:17,57.28,10.6166666667,637.0,
6413,6,H8,Anada,27,Indústria - Freser,2665,19:10:31,10.52,13.233333333366666,794.0,
6415,6,H8,Anada,27,Indústria - Freser,2665,19:18:56,18.93,8.416666666666666,505.0,
6209,6,H8,Anada,27,Indústria - Freser,2665,19:24:56,24.93,5.999999999966667,360.0,"9,19"
6408,6,H8,Anada,27,Indústria - Freser,2665,19:44:00,44.0,19.066666666666666,1144.0,
6025,1,H8,Anada,27,Indústria - Freser,2665,19:45:18,45.3,1.3000000000333332,78.0,"1,2,3,4,5,6,7,8,9,10,11,12,13,14,15,16,17,18,19,20,21,22,36,37,38,39"
6215,6,H8,Anada,27,Indústria - Freser,2665,19:50:18,50.3,5.0166666666,301.0,1
6409,6,H8,Anada,27,Indústria - Freser,2665,19:58:26,58.43,8.116666666733334,487.0,
6056,7,H8,Anada,27,Indústria - Freser,2665,20:04:52,4.87,6.4499999999333335,387.0,
6411,6,H8,Anada,27,Indústria - Freser,2665,20:17:49,17.82,12.95,777.0,30
6414,6,H8,Anada,27,Indústria - Freser,2665,20:41:20,41.33,23.516666666666666,1411.0,34
6213,6,H8,Anada,27,Indústria - Freser,2665,20:56:05,56.08,14.75,885.0,
6025,2,H8,Anada,27,Indústria - Freser,2665,21:06:11,6.18,10.1,606.0,
6036,3,H8,Anada,27,Indústria - Freser,2665,21:19:23,19.38,13.183333333366667,791.0,
6413,7,H8,Anada,27,Indústria - Freser,2665,21:30:53,30.88,11.5,690.0,
6200,3,H8,Anada,27,Indústria - Freser,2665,21:52:22,52.37,21.483333333366666,1289.0,30
6408,7,H8,Anada,27,Indústria - Freser,2665,22:00:08,0.13,7.766666666633333,466.0,24
6211,1,H8,Anada,28,Navas de Tolosa - Indústria,2736,03:43:19,43.32,,,"1,2,3,4,5,6,7,8,9,10,11,12,13,14,15,16,17,18,19,20,21"
6212,1,H8,Anada,28,Navas de Tolosa - Indústria,2736,03:58:46,58.77,15.433333333366667,926.0,"1,2,3,4,5,6,7,8,9,10,30"
6413,1,H8,Anada,28,Navas de Tolosa - Indústria,2736,04:16:07,16.12,17.35,1041.0,1
6415,1,H8,Anada,28,Navas de Tolosa - Indústria,2736,04:28:35,28.58,12.4666666667,748.0,1
6209,1,H8,Anada,28,Navas de Tolosa - Indústria,2736,04:36:21,36.35,7.766666666633333,466.0,
6022,1,H8,Anada,28,Navas de Tolosa - Indústria,2736,04:48:31,48.52,12.166666666666666,730.0,1
6408,1,H8,Anada,28,Navas de Tolosa - Indústria,2736,04:57:30,57.5,8.983333333366666,539.0,"1,2,3"
6215,1,H8,Anada,28,Navas de Tolosa - Indústria,2736,05:08:36,8.6,11.1,666.0,
6409,1,H8,Anada,28,Navas de Tolosa - Indústria,2736,05:15:31,15.52,6.933333333266666,416.0,
6056,1,H8,Anada,28,Navas de Tolosa - Indústria,2736,05:29:23,29.38,13.86666666665,832.0,14
6411,1,H8,Anada,28,Navas de Tolosa - Indústria,2736,05:39:40,39.67,10.26666666675,616.0,
6055,1,H8,Anada,28,Navas de Tolosa - Indústria,2736,05:44:14,44.23,4.566666666666666,274.0,"1,18,35,36"
6414,1,H8,Anada,28,Navas de Tolosa - Indústria,2736,05:53:36,53.6,9.383333333266668,563.0,"1,2,3"
6117,1,H8,Anada,28,Navas de Tolosa - Indústria,2736,06:02:28,2.47,8.866666666666667,532.0,
6800,1,H8,Anada,28,Navas de Tolosa - Indústria,2736,06:10:36,10.6,8.133333333333333,488.0,
6213,1,H8,Anada,28,Navas de Tolosa - Indústria,2736,06:18:25,18.42,7.8000000000666665,468.0,
6407,1,H8,Anada,28,Navas de Tolosa - Indústria,2736,06:31:36,31.6,13.199999999933334,792.0,
6211,2,H8,Anada,28,Navas de Tolosa - Indústria,2736,06:38:23,38.38,6.7666666667,406.0,1
6212,2,H8,Anada,28,Navas de Tolosa - Indústria,2736,06:49:56,49.93,11.550000000033332,693.0,
6216,1,H8,Anada,28,Navas de Tolosa - Indústria,2736,07:01:13,1.22,11.299999999933334,678.0,
6413,2,H8,Anada,28,Navas de Tolosa - Indústria,2736,07:15:47,15.78,14.550000000066666,873.0,
6217,1,H8,Anada,28,Navas de Tolosa - Indústria,2736,07:17:36,17.6,1.8333333332666666,110.0,
6415,2,H8,Anada,28,Navas de Tolosa - Indústria,2736,07:36:37,36.62,19.000000000066667,1140.0,
6026,1,H8,Anada,28,Navas de Tolosa - Indústria,2736,07:40:04,40.07,3.45,207.0,
6209,2,H8,Anada,28,Navas de Tolosa - Indústria,2736,07:53:35,53.58,13.516666666633334,811.0,36
6022,2,H8,Anada,28,Navas de Tolosa - Indústria,2736,08:00:53,0.88,7.300000000033333,438.0,
6408,2,H8,Anada,28,Navas de Tolosa - Indústria,2736,08:06:44,6.73,5.85,351.0,
6215,2,H8,Anada,28,Navas de Tolosa - Indústria,2736,08:13:55,13.92,7.183333333333334,431.0,
6409,2,H8,Anada,28,Navas de Tolosa - Indústria,2736,08:18:36,18.6,4.6833333333,281.0,19
6056,3,H8,Anada,28,Navas de Tolosa - Indústria,2736,08:32:17,32.28,13.683333333366667,821.0,"22,34"
6411,2,H8,Anada,28,Navas de Tolosa - Indústria,2736,08:37:19,37.32,5.049999999933333,303.0,
6055,2,H8,Anada,28,Navas de Tolosa - Indústria,2736,08:45:21,45.35,8.016666666699999,481.0,
6414,2,H8,Anada,28,Navas de Tolosa - Indústria,2736,09:00:11,0.18,14.849999999966666,891.0,
6800,2,H8,Anada,28,Navas de Tolosa - Indústria,2736,09:13:42,13.7,13.500000000033333,810.0,
6407,2,H8,Anada,28,Navas de Tolosa - Indústria,2736,09:28:43,28.72,14.016666666699999,841.0,
6211,3,H8,Anada,28,Navas de Tolosa - Indústria,2736,09:42:45,42.75,14.033333333333333,842.0,
6212,3,H8,Anada,28,Navas de Tolosa - Indústria,2736,09:54:33,54.55,11.8,708.0,
6216,2,H8,Anada,28,Navas de Tolosa - Indústria,2736,10:04:00,4.0,9.466666666633333,568.0,
6413,3,H8,Anada,28,Navas de Tolosa - Indústria,2736,10:17:29,17.48,13.4666666667,808.0,
6217,2,H8,Anada,28,Navas de Tolosa - Indústria,2736,10:22:26,22.43,4.95,297.0,
6415,3,H8,Anada,28,Navas de Tolosa - Indústria,2736,10:31:15,31.25,8.8333333333,530.0,
6026,2,H8,Anada,28,Navas de Tolosa - Indústria,2736,10:43:33,43.55,12.283333333366667,737.0,
6209,3,H8,Anada,28,Navas de Tolosa - Indústria,2736,10:46:46,46.77,3.2333333333,194.0,1
6408,3,H8,Anada,28,Navas de Tolosa - Indústria,2736,10:54:59,54.98,8.200000000033333,492.0,
6215,3,H8,Anada,28,Navas de Tolosa - Indústria,2736,11:15:03,15.05,20.0833333333,1205.0,
6409,3,H8,Anada,28,Navas de Tolosa - Indústria,2736,11:17:22,17.37,2.316666666666667,139.0,
6056,4,H8,Anada,28,Navas de Tolosa - Indústria,2736,11:32:33,32.55,15.166666666733333,910.0,
6411,3,H8,Anada,28,Navas de Tolosa - Indústria,2736,11:41:48,41.8,9.2666666666,556.0,
6055,3,H8,Anada,28,Navas de Tolosa - Indústria,2736,11:49:37,49.62,7.8000000000666665,468.0,
6414,3,H8,Anada,28,Navas de Tolosa - Indústria,2736,11:56:21,56.35,6.749999999933333,405.0,
6800,3,H8,Anada,28,Navas de Tolosa - Indústria,2736,12:08:17,8.28,11.9166666667,715.0,
6213,3,H8,Anada,28,Navas de Tolosa - Indústria,2736,12:14:47,14.78,6.500000000033333,390.0,5
6407,3,H8,Anada,28,Navas de Tolosa - Indústria,2736,12:27:56,27.93,13.166666666600001,790.0,
6211,4,H8,Anada,28,Navas de Tolosa - Indústria,2736,12:36:41,36.68,8.7333333334,524.0,
6212,4,H8,Anada,28,Navas de Tolosa - Indústria,2736,12:46:04,46.07,9.3833333333,563.0,
6216,3,H8,Anada,28,Navas de Tolosa - Indústria,2736,12:56:03,56.05,9.983333333333333,599.0,
6413,4,H8,Anada,28,Navas de Tolosa - Indústria,2736,13:07:05,7.08,11.033333333333333,662.0,
6217,3,H8,Anada,28,Navas de Tolosa - Indústria,2736,13:14:53,14.88,7.8,468.0,
6415,4,H8,Anada,28,Navas de Tolosa - Indústria,2736,13:24:04,24.07,9.183333333333334,551.0,
6209,4,H8,Anada,28,Navas de Tolosa - Indústria,2736,13:39:56,39.93,15.8666666667,952.0,
6408,4,H8,Anada,28,Navas de Tolosa - Indústria,2736,13:50:24,50.4,10.483333333266668,629.0,
6215,4,H8,Anada,28,Navas de Tolosa - Indústria,2736,14:10:59,10.98,20.566666666733333,1234.0,
6409,4,H8,Anada,28,Navas de Tolosa - Indústria,2736,14:15:44,15.73,4.7666666666,286.0,
6056,5,H8,Anada,28,Navas de Tolosa - Indústria,2736,14:21:21,21.35,5.600000000033333,336.0,
6411,4,H8,Anada,28,Navas de Tolosa - Indústria,2736,14:33:48,33.8,12.450000000033333,747.0,
6055,4,H8,Anada,28,Navas de Tolosa - Indústria,2736,14:43:31,43.52,9.733333333266668,584.0,1
6015,1,H8,Anada,28,Navas de Tolosa - Indústria,2736,14:55:31,55.52,11.9833333334,719.0,1
6414,4,H8,Anada,28,Navas de Tolosa - Indústria,2736,15:06:01,6.02,10.499999999966667,630.0,
6800,4,H8,Anada,28,Navas de Tolosa - Indústria,2736,15:09:16,9.27,3.2666666666333333,196.0,
6213,4,H8,Anada,28,Navas de Tolosa - Indústria,2736,15:19:36,19.6,10.333333333333334,620.0,
6407,4,H8,Anada,28,Navas de Tolosa - Indústria,2736,15:31:12,31.2,11.6,696.0,
6211,5,H8,Anada,28,Navas de Tolosa - Indústria,2736,15:37:12,37.2,6.0,360.0,
6212,5,H8,Anada,28,Navas de Tolosa - Indústria,2736,15:51:41,51.68,14.483333333333333,869.0,
6036,1,H8,Anada,28,Navas de Tolosa - Indústria,2736,15:55:53,55.88,4.183333333399999,251.0,"1,2,3,4,33"
6216,4,H8,Anada,28,Navas de Tolosa - Indústria,2736,16:01:40,1.67,5.799999999933333,348.0,
6413,5,H8,Anada,28,Navas de Tolosa - Indústria,2736,16:22:17,22.28,20.600000000066665,1236.0,
6217,4,H8,Anada,28,Navas de Tolosa - Indústria,2736,16:25:58,25.97,3.683333333333333,221.0,
6415,5,H8,Anada,28,Navas de Tolosa - Indústria,2736,16:30:23,30.38,4.416666666633334,265.0,
6209,5,H8,Anada,28,Navas de Tolosa - Indústria,2736,16:44:36,44.6,14.216666666666667,853.0,"8,9,10,11"
6200,1,H8,Anada,28,Navas de Tolosa - Indústria,2736,16:59:50,59.83,15.249999999966667,915.0,
6215,5,H8,Anada,28,Navas de Tolosa - Indústria,2736,17:13:54,13.9,13.566666666666666,814.0,
6409,5,H8,Anada,28,Navas de Tolosa - Indústria,2736,17:20:01,20.02,6.116666666666666,367.0,
6056,6,H8,Anada,28,Navas de Tolosa - Indústria,2736,17:22:53,22.88,2.8666666666666667,172.0,19
6411,5,H8,Anada,28,Navas de Tolosa - Indústria,2736,17:45:26,45.43,22.55,1353.0,
6015,2,H8,Anada,28,Navas de Tolosa - Indústria,2736,18:04:47,4.78,19.133333333366668,1148.0,
6414,5,H8,Anada,28,Navas de Tolosa - Indústria,2736,18:06:49,6.82,2.033333333333333,122.0,21
6213,5,H8,Anada,28,Navas de Tolosa - Indústria,2736,18:15:14,15.23,7.833333333366666,470.0,
6407,5,H8,Anada,28,Navas de Tolosa - Indústria,2736,18:23:42,23.7,8.483333333266666,509.0,
6211,6,H8,Anada,28,Navas de Tolosa - Indústria,2736,18:33:07,33.12,9.400000000033334,564.0,
6036,2,H8,Anada,28,Navas de Tolosa - Indústria,2736,18:47:56,47.93,14.816666666666666,889.0,
6216,5,H8,Anada,28,Navas de Tolosa - Indústria,2736,18:59:27,59.45,11.516666666699999,691.0,
6413,6,H8,Anada,28,Navas de Tolosa - Indústria,2736,19:12:38,12.63,13.1833333333,791.0,
6415,6,H8,Anada,28,Navas de Tolosa - Indústria,2736,19:20:46,20.77,8.133333333366666,488.0,
6209,6,H8,Anada,28,Navas de Tolosa - Indústria,2736,19:27:34,27.57,6.8,408.0,"9,19"
6408,6,H8,Anada,28,Navas de Tolosa - Indústria,2736,19:45:48,45.8,18.233333333333334,1094.0,
6025,1,H8,Anada,28,Navas de Tolosa - Indústria,2736,19:47:30,47.5,1.7166666666,103.0,"1,2,3,4,5,6,7,8,9,10,11,12,13,14,15,16,17,18,19,20,21,22,36,37,38,39"
6215,6,H8,Anada,28,Navas de Tolosa - Indústria,2736,19:51:48,51.8,4.2833333333666666,257.0,1
6409,6,H8,Anada,28,Navas de Tolosa - Indústria,2736,20:00:22,0.37,8.5666666667,514.0,
6056,7,H8,Anada,28,Navas de Tolosa - Indústria,2736,20:06:32,6.53,6.166666666633334,370.0,
6411,6,H8,Anada,28,Navas de Tolosa - Indústria,2736,20:20:11,20.18,13.65,819.0,30
6414,6,H8,Anada,28,Navas de Tolosa - Indústria,2736,20:43:27,43.45,23.2666666667,1396.0,34
6213,6,H8,Anada,28,Navas de Tolosa - Indústria,2736,20:58:33,58.55,15.099999999966666,906.0,
6025,2,H8,Anada,28,Navas de Tolosa - Indústria,2736,21:07:41,7.68,9.149999999966667,549.0,
6036,3,H8,Anada,28,Navas de Tolosa - Indústria,2736,21:19:49,19.82,11.650000000033334,699.0,
6413,7,H8,Anada,28,Navas de Tolosa - Indústria,2736,21:31:58,31.97,12.149999999966667,729.0,
6200,3,H8,Anada,28,Navas de Tolosa - Indústria,2736,21:54:52,54.87,22.916666666633333,1375.0,30
6408,7,H8,Anada,28,Navas de Tolosa - Indústria,2736,22:01:38,1.63,6.766666666666667,406.0,24
6211,1,H8,Anada,29,Meridiana - Josep Estivill,705,03:45:19,45.32,,,"1,2,3,4,5,6,7,8,9,10,11,12,13,14,15,16,17,18,19,20,21"
6212,1,H8,Anada,29,Meridiana - Josep Estivill,705,04:00:42,0.7,15.383333333333333,923.0,"1,2,3,4,5,6,7,8,9,10,30"
6413,1,H8,Anada,29,Meridiana - Josep Estivill,705,04:18:17,18.28,17.599999999966666,1056.0,1
6415,1,H8,Anada,29,Meridiana - Josep Estivill,705,04:30:26,30.43,12.1333333334,728.0,1
6209,1,H8,Anada,29,Meridiana - Josep Estivill,705,04:40:18,40.3,9.883333333266668,593.0,
6022,1,H8,Anada,29,Meridiana - Josep Estivill,705,04:51:42,51.7,11.3833333334,683.0,1
6408,1,H8,Anada,29,Meridiana - Josep Estivill,705,05:00:12,0.2,8.516666666599999,511.0,"1,2,3"
6215,1,H8,Anada,29,Meridiana - Josep Estivill,705,05:11:50,11.83,11.6166666667,697.0,
6409,1,H8,Anada,29,Meridiana - Josep Estivill,705,05:17:35,17.58,5.766666666633333,346.0,
6056,1,H8,Anada,29,Meridiana - Josep Estivill,705,05:32:28,32.47,14.866666666733332,892.0,14
6411,1,H8,Anada,29,Meridiana - Josep Estivill,705,05:43:03,43.05,10.583333333333334,635.0,
6055,1,H8,Anada,29,Meridiana - Josep Estivill,705,05:46:55,46.92,3.8666666666666667,232.0,"1,18,35,36"
6414,1,H8,Anada,29,Meridiana - Josep Estivill,705,05:57:29,57.48,10.566666666666666,634.0,"1,2,3"
6117,1,H8,Anada,29,Meridiana - Josep Estivill,705,06:04:53,4.88,7.4,444.0,
6800,1,H8,Anada,29,Meridiana - Josep Estivill,705,06:14:15,14.25,9.383333333266668,563.0,
6213,1,H8,Anada,29,Meridiana - Josep Estivill,705,06:21:47,21.78,7.516666666733333,451.0,
6407,1,H8,Anada,29,Meridiana - Josep Estivill,705,06:35:36,35.6,13.833333333266667,830.0,
6211,2,H8,Anada,29,Meridiana - Josep Estivill,705,06:41:32,41.53,5.916666666699999,355.0,1
6212,2,H8,Anada,29,Meridiana - Josep Estivill,705,06:52:50,52.83,11.3,678.0,
6216,1,H8,Anada,29,Meridiana - Josep Estivill,705,07:04:23,4.38,11.550000000033332,693.0,
6413,2,H8,Anada,29,Meridiana - Josep Estivill,705,07:19:47,19.78,15.399999999966667,924.0,
6415,2,H8,Anada,29,Meridiana - Josep Estivill,705,07:39:10,39.17,18.9166666666,1135.0,
6026,1,H8,Anada,29,Meridiana - Josep Estivill,705,07:42:31,42.52,3.3333333333833335,200.0,
6209,2,H8,Anada,29,Meridiana - Josep Estivill,705,07:56:52,56.87,14.350000000016667,861.0,36
6022,2,H8,Anada,29,Meridiana - Josep Estivill,705,08:03:38,3.63,6.766666666633333,406.0,
6408,2,H8,Anada,29,Meridiana - Josep Estivill,705,08:09:36,9.6,5.966666666666667,358.0,
6215,2,H8,Anada,29,Meridiana - Josep Estivill,705,08:16:59,16.98,7.383333333333334,443.0,
6409,2,H8,Anada,29,Meridiana - Josep Estivill,705,08:21:22,21.37,4.3833333333499995,263.0,19
6056,3,H8,Anada,29,Meridiana - Josep Estivill,705,08:35:26,35.43,14.06666666665,844.0,"22,34"
6411,2,H8,Anada,29,Meridiana - Josep Estivill,705,08:40:36,40.6,5.1833333333,311.0,
6055,2,H8,Anada,29,Meridiana - Josep Estivill,705,08:48:38,48.63,8.033333333333333,482.0,
6414,2,H8,Anada,29,Meridiana - Josep Estivill,705,09:02:40,2.67,14.033333333333333,842.0,
6800,2,H8,Anada,29,Meridiana - Josep Estivill,705,09:17:39,17.65,14.9666666667,898.0,
6407,2,H8,Anada,29,Meridiana - Josep Estivill,705,09:32:06,32.1,14.1,846.0,
6211,3,H8,Anada,29,Meridiana - Josep Estivill,705,09:47:08,47.13,15.033333333333333,902.0,
6212,3,H8,Anada,29,Meridiana - Josep Estivill,705,09:57:54,57.9,10.7833333333,647.0,
6216,2,H8,Anada,29,Meridiana - Josep Estivill,705,10:08:17,8.28,10.366666666733332,622.0,
6413,3,H8,Anada,29,Meridiana - Josep Estivill,705,10:20:25,20.42,12.1333333333,728.0,
6217,2,H8,Anada,29,Meridiana - Josep Estivill,705,10:25:50,25.83,5.4333333333,326.0,
6415,3,H8,Anada,29,Meridiana - Josep Estivill,705,10:33:10,33.17,7.316666666733334,439.0,
6026,2,H8,Anada,29,Meridiana - Josep Estivill,705,10:47:23,47.38,14.216666666633333,853.0,
6209,3,H8,Anada,29,Meridiana - Josep Estivill,705,10:50:48,50.8,3.4333333333,206.0,1
6408,3,H8,Anada,29,Meridiana - Josep Estivill,705,10:58:00,58.0,7.1833333334,431.0,
6215,3,H8,Anada,29,Meridiana - Josep Estivill,705,11:18:10,18.17,20.166666666666668,1210.0,
6409,3,H8,Anada,29,Meridiana - Josep Estivill,705,11:20:53,20.88,2.716666666666667,163.0,
6056,4,H8,Anada,29,Meridiana - Josep Estivill,705,11:35:30,35.5,14.616666666633334,877.0,
6411,3,H8,Anada,29,Meridiana - Josep Estivill,705,11:44:57,44.95,9.466666666633333,568.0,
6055,3,H8,Anada,29,Meridiana - Josep Estivill,705,11:52:21,52.35,7.4,444.0,
6414,3,H8,Anada,29,Meridiana - Josep Estivill,705,11:59:00,59.0,6.633333333366666,398.0,
6800,3,H8,Anada,29,Meridiana - Josep Estivill,705,12:10:41,10.68,11.699999999966668,702.0,
6213,3,H8,Anada,29,Meridiana - Josep Estivill,705,12:18:47,18.78,8.1,486.0,5
6407,3,H8,Anada,29,Meridiana - Josep Estivill,705,12:30:01,30.02,11.216666666733333,673.0,
6211,4,H8,Anada,29,Meridiana - Josep Estivill,705,12:38:48,38.8,8.7833333333,527.0,
6212,4,H8,Anada,29,Meridiana - Josep Estivill,705,12:48:15,48.25,9.45,567.0,
6216,3,H8,Anada,29,Meridiana - Josep Estivill,705,12:58:42,58.7,10.466666666633333,628.0,
6413,4,H8,Anada,29,Meridiana - Josep Estivill,705,13:11:12,11.2,12.4833333334,749.0,
6217,3,H8,Anada,29,Meridiana - Josep Estivill,705,13:17:45,17.75,6.55,393.0,
6415,4,H8,Anada,29,Meridiana - Josep Estivill,705,13:28:36,28.6,10.849999999966666,651.0,
6209,4,H8,Anada,29,Meridiana - Josep Estivill,705,13:43:26,43.43,14.833333333333334,890.0,
6408,4,H8,Anada,29,Meridiana - Josep Estivill,705,13:54:11,54.18,10.750000000033333,645.0,
6215,4,H8,Anada,29,Meridiana - Josep Estivill,705,14:14:41,14.68,20.49999999996667,1230.0,
6409,4,H8,Anada,29,Meridiana - Josep Estivill,705,14:18:25,18.42,3.7499999999666667,225.0,
6056,5,H8,Anada,29,Meridiana - Josep Estivill,705,14:24:41,24.68,6.250000000066667,375.0,
6411,4,H8,Anada,29,Meridiana - Josep Estivill,705,14:37:19,37.32,12.633333333333333,758.0,
6055,4,H8,Anada,29,Meridiana - Josep Estivill,705,14:47:25,47.42,10.099999999966666,606.0,1
6015,1,H8,Anada,29,Meridiana - Josep Estivill,705,14:58:55,58.92,11.516666666633334,691.0,1
6414,4,H8,Anada,29,Meridiana - Josep Estivill,705,15:08:24,8.4,9.4666666667,568.0,
6800,4,H8,Anada,29,Meridiana - Josep Estivill,705,15:13:15,13.25,4.85,291.0,
6213,4,H8,Anada,29,Meridiana - Josep Estivill,705,15:23:26,23.43,10.183333333333334,611.0,
6407,4,H8,Anada,29,Meridiana - Josep Estivill,705,15:33:29,33.48,10.066666666633333,604.0,
6211,5,H8,Anada,29,Meridiana - Josep Estivill,705,15:40:34,40.57,7.066666666733334,424.0,
6212,5,H8,Anada,29,Meridiana - Josep Estivill,705,15:55:07,55.12,14.549999999966667,873.0,
6036,1,H8,Anada,29,Meridiana - Josep Estivill,705,15:58:23,58.38,3.2666666666666666,196.0,"1,2,3,4,33"
6216,4,H8,Anada,29,Meridiana - Josep Estivill,705,16:05:30,5.5,7.116666666666666,427.0,
6413,5,H8,Anada,29,Meridiana - Josep Estivill,705,16:25:32,25.53,20.049999999966666,1203.0,
6217,4,H8,Anada,29,Meridiana - Josep Estivill,705,16:28:23,28.38,2.833333333366667,170.0,
6415,5,H8,Anada,29,Meridiana - Josep Estivill,705,16:33:36,33.6,5.233333333316667,314.0,
6209,5,H8,Anada,29,Meridiana - Josep Estivill,705,16:48:20,48.33,14.716666666683333,883.0,"8,9,10,11"
6200,1,H8,Anada,29,Meridiana - Josep Estivill,705,17:03:29,3.48,15.166666666633335,910.0,
6215,5,H8,Anada,29,Meridiana - Josep Estivill,705,17:17:56,17.93,14.066666666666666,844.0,
6409,5,H8,Anada,29,Meridiana - Josep Estivill,705,17:23:29,23.48,5.550000000033333,333.0,
6056,6,H8,Anada,29,Meridiana - Josep Estivill,705,17:26:50,26.83,3.35,201.0,19
6055,5,H8,Anada,29,Meridiana - Josep Estivill,705,17:49:23,49.38,22.55,1353.0,
6015,2,H8,Anada,29,Meridiana - Josep Estivill,705,18:09:07,9.12,19.633333333333333,1178.0,
6414,5,H8,Anada,29,Meridiana - Josep Estivill,705,18:10:49,10.82,1.7166666666,103.0,21
6213,5,H8,Anada,29,Meridiana - Josep Estivill,705,18:18:28,18.47,7.4333333333,446.0,
6407,5,H8,Anada,29,Meridiana - Josep Estivill,705,18:27:32,27.53,9.050000000066666,543.0,
6211,6,H8,Anada,29,Meridiana - Josep Estivill,705,18:35:46,35.77,8.233333333300001,494.0,
6036,2,H8,Anada,29,Meridiana - Josep Estivill,705,18:51:13,51.22,15.466666666650001,928.0,
6216,5,H8,Anada,29,Meridiana - Josep Estivill,705,19:03:25,3.42,12.183333333383333,731.0,
6413,6,H8,Anada,29,Meridiana - Josep Estivill,705,19:14:51,14.85,11.433333333333334,686.0,
6415,6,H8,Anada,29,Meridiana - Josep Estivill,705,19:24:20,24.33,9.483333333300001,569.0,
6209,6,H8,Anada,29,Meridiana - Josep Estivill,705,19:30:04,30.07,5.749999999966667,345.0,"9,19"
6408,6,H8,Anada,29,Meridiana - Josep Estivill,705,19:47:51,47.85,17.766666666733332,1066.0,
6025,1,H8,Anada,29,Meridiana - Josep Estivill,705,19:49:42,49.7,1.8666666666,112.0,"1,2,3,4,5,6,7,8,9,10,11,12,13,14,15,16,17,18,19,20,21,22,36,37,38,39"
6215,6,H8,Anada,29,Meridiana - Josep Estivill,705,19:55:01,55.02,5.300000000033333,318.0,1
6409,6,H8,Anada,29,Meridiana - Josep Estivill,705,20:02:31,2.52,7.516666666633333,451.0,
6056,7,H8,Anada,29,Meridiana - Josep Estivill,705,20:09:12,9.2,6.666666666699999,400.0,
6411,6,H8,Anada,29,Meridiana - Josep Estivill,705,20:22:50,22.83,13.649999999966667,819.0,30
6414,6,H8,Anada,29,Meridiana - Josep Estivill,705,20:46:34,46.57,23.733333333333334,1424.0,34
6213,6,H8,Anada,29,Meridiana - Josep Estivill,705,21:00:28,0.47,13.883333333366666,833.0,
6025,2,H8,Anada,29,Meridiana - Josep Estivill,705,21:09:00,9.0,8.533333333333333,512.0,
6036,3,H8,Anada,29,Meridiana - Josep Estivill,705,21:21:12,21.2,12.2166666666,733.0,
6413,7,H8,Anada,29,Meridiana - Josep Estivill,705,21:33:25,33.42,12.200000000066666,732.0,
6200,3,H8,Anada,29,Meridiana - Josep Estivill,705,21:56:36,56.6,23.199999999933333,1392.0,30
6408,7,H8,Anada,29,Meridiana - Josep Estivill,705,22:03:08,3.13,6.533333333333333,392.0,24
6211,1,H8,Anada,30,"Meridiana, 298",9979,03:48:19,48.32,,,"1,2,3,4,5,6,7,8,9,10,11,12,13,14,15,16,17,18,19,20,21"
6415,1,H8,Anada,30,"Meridiana, 298",9979,04:33:33,33.55,13.35,801.0,1
6209,1,H8,Anada,30,"Meridiana, 298",9979,04:42:58,42.97,9.400000000066665,564.0,
6022,1,H8,Anada,30,"Meridiana, 298",9979,04:53:47,53.78,10.816666666666666,649.0,1
6408,1,H8,Anada,30,"Meridiana, 298",9979,05:01:22,1.37,7.599999999916666,456.0,"1,2,3"
6215,1,H8,Anada,30,"Meridiana, 298",9979,05:13:51,13.85,12.46666666675,748.0,
6409,1,H8,Anada,30,"Meridiana, 298",9979,05:20:13,20.22,6.366666666633334,382.0,
6056,1,H8,Anada,30,"Meridiana, 298",9979,05:34:43,34.72,14.516666666633334,871.0,14
6411,1,H8,Anada,30,"Meridiana, 298",9979,05:45:49,45.82,11.1,666.0,
6055,1,H8,Anada,30,"Meridiana, 298",9979,05:49:16,49.27,3.45,207.0,"1,18,35,36"
6414,1,H8,Anada,30,"Meridiana, 298",9979,06:00:07,0.12,10.833333333399999,650.0,"1,2,3"
6117,1,H8,Anada,30,"Meridiana, 298",9979,06:08:34,8.57,8.45,507.0,
6800,1,H8,Anada,30,"Meridiana, 298",9979,06:17:06,17.1,8.5333333333,512.0,
6213,1,H8,Anada,30,"Meridiana, 298",9979,06:23:44,23.73,6.633333333333334,398.0,
6407,1,H8,Anada,30,"Meridiana, 298",9979,06:38:26,38.43,14.700000000033333,882.0,
6211,2,H8,Anada,30,"Meridiana, 298",9979,06:44:15,44.25,5.816666666666666,349.0,1
6212,2,H8,Anada,30,"Meridiana, 298",9979,06:55:15,55.25,10.999999999966667,660.0,
6216,1,H8,Anada,30,"Meridiana, 298",9979,07:06:29,6.48,11.233333333333333,674.0,
6413,2,H8,Anada,30,"Meridiana, 298",9979,07:22:29,22.48,16.0,960.0,
6217,1,H8,Anada,30,"Meridiana, 298",9979,07:23:30,23.5,1.0333333333,62.0,
6415,2,H8,Anada,30,"Meridiana, 298",9979,07:41:14,41.23,17.733333333333334,1064.0,
6026,1,H8,Anada,30,"Meridiana, 298",9979,07:44:28,44.47,3.2166666667,193.0,
6209,2,H8,Anada,30,"Meridiana, 298",9979,07:59:20,59.33,14.883333333316667,893.0,36
6022,2,H8,Anada,30,"Meridiana, 298",9979,08:06:07,6.12,6.7666666667166675,406.0,
6408,2,H8,Anada,30,"Meridiana, 298",9979,08:12:13,12.22,6.116666666616666,367.0,
6215,2,H8,Anada,30,"Meridiana, 298",9979,08:19:21,19.35,7.133333333316667,428.0,
6409,2,H8,Anada,30,"Meridiana, 298",9979,08:23:28,23.47,4.100000000066666,246.0,19
6056,3,H8,Anada,30,"Meridiana, 298",9979,08:38:27,38.45,14.983333333333333,899.0,"22,34"
6411,2,H8,Anada,30,"Meridiana, 298",9979,08:43:46,43.77,5.316666666666666,319.0,
6055,2,H8,Anada,30,"Meridiana, 298",9979,08:51:52,51.87,8.1,486.0,
6414,2,H8,Anada,30,"Meridiana, 298",9979,09:05:24,5.4,13.5333333333,812.0,
6800,2,H8,Anada,30,"Meridiana, 298",9979,09:20:31,20.52,15.1333333333,908.0,
6407,2,H8,Anada,30,"Meridiana, 298",9979,09:34:40,34.67,13.8666666667,832.0,
6211,3,H8,Anada,30,"Meridiana, 298",9979,09:49:14,49.23,14.566666666666666,874.0,
6212,3,H8,Anada,30,"Meridiana, 298",9979,10:00:17,0.28,11.05,663.0,
6216,2,H8,Anada,30,"Meridiana, 298",9979,10:10:50,10.83,10.566666666600002,634.0,
6413,3,H8,Anada,30,"Meridiana, 298",9979,10:22:41,22.68,11.833333333366665,710.0,
6217,2,H8,Anada,30,"Meridiana, 298",9979,10:28:06,28.1,5.4333333333,326.0,
6415,3,H8,Anada,30,"Meridiana, 298",9979,10:35:47,35.78,7.666666666699999,460.0,
6026,2,H8,Anada,30,"Meridiana, 298",9979,10:49:56,49.93,14.150000000033334,849.0,
6209,3,H8,Anada,30,"Meridiana, 298",9979,10:53:11,53.18,3.2666666666000004,196.0,1
6408,3,H8,Anada,30,"Meridiana, 298",9979,11:01:12,1.2,8.016666666666667,481.0,
6215,3,H8,Anada,30,"Meridiana, 298",9979,11:21:17,21.28,20.066666666733333,1204.0,
6409,3,H8,Anada,30,"Meridiana, 298",9979,11:22:43,22.72,1.4333333333,86.0,
6056,4,H8,Anada,30,"Meridiana, 298",9979,11:38:57,38.95,16.233333333366666,974.0,
6411,3,H8,Anada,30,"Meridiana, 298",9979,11:48:46,48.77,9.833333333266667,590.0,
6055,3,H8,Anada,30,"Meridiana, 298",9979,11:55:45,55.75,6.9666666667333335,418.0,
6414,3,H8,Anada,30,"Meridiana, 298",9979,12:01:21,1.35,5.6,336.0,
6800,3,H8,Anada,30,"Meridiana, 298",9979,12:13:59,13.98,12.649999999933334,759.0,
6213,3,H8,Anada,30,"Meridiana, 298",9979,12:22:03,22.05,8.050000000033332,483.0,5
6407,3,H8,Anada,30,"Meridiana, 298",9979,12:32:52,32.87,10.8166666667,649.0,
6211,4,H8,Anada,30,"Meridiana, 298",9979,12:42:00,42.0,9.133333333333333,548.0,
6212,4,H8,Anada,30,"Meridiana, 298",9979,12:50:30,50.5,8.499999999966667,510.0,
6216,3,H8,Anada,30,"Meridiana, 298",9979,13:01:47,1.78,11.299999999966667,678.0,
6413,4,H8,Anada,30,"Meridiana, 298",9979,13:14:12,14.2,12.400000000066665,744.0,
6217,3,H8,Anada,30,"Meridiana, 298",9979,13:20:32,20.53,6.333333333300001,380.0,
6415,4,H8,Anada,30,"Meridiana, 298",9979,13:31:37,31.62,11.099999999966666,666.0,
6209,4,H8,Anada,30,"Meridiana, 298",9979,13:46:13,46.22,14.6,876.0,
6408,4,H8,Anada,30,"Meridiana, 298",9979,13:57:11,57.18,10.950000000033333,657.0,
6215,4,H8,Anada,30,"Meridiana, 298",9979,14:16:48,16.8,19.6333333333,1178.0,
6409,4,H8,Anada,30,"Meridiana, 298",9979,14:22:49,22.82,6.000000000033333,360.0,
6056,5,H8,Anada,30,"Meridiana, 298",9979,14:27:30,27.5,4.683333333333334,281.0,
6411,4,H8,Anada,30,"Meridiana, 298",9979,14:41:09,41.15,13.65,819.0,
6055,4,H8,Anada,30,"Meridiana, 298",9979,14:49:47,49.78,8.649999999966667,519.0,1
6015,1,H8,Anada,30,"Meridiana, 298",9979,15:02:40,2.67,12.866666666733332,772.0,1
6414,4,H8,Anada,30,"Meridiana, 298",9979,15:12:12,12.2,9.533333333333333,572.0,
6800,4,H8,Anada,30,"Meridiana, 298",9979,15:15:51,15.85,3.6499999999666666,219.0,
6213,4,H8,Anada,30,"Meridiana, 298",9979,15:25:16,25.27,9.4166666667,565.0,
6407,4,H8,Anada,30,"Meridiana, 298",9979,15:38:00,38.0,12.733333333333333,764.0,
6211,5,H8,Anada,30,"Meridiana, 298",9979,15:44:37,44.62,6.633333333266666,398.0,
6212,5,H8,Anada,30,"Meridiana, 298",9979,15:59:00,59.0,14.3666666667,862.0,
6036,1,H8,Anada,30,"Meridiana, 298",9979,16:01:12,1.2,2.2000000000333335,132.0,"1,2,3,4,33"
6216,4,H8,Anada,30,"Meridiana, 298",9979,16:10:03,10.05,8.85,531.0,
6413,5,H8,Anada,30,"Meridiana, 298",9979,16:28:51,28.85,18.8166666666,1129.0,
6217,4,H8,Anada,30,"Meridiana, 298",9979,16:30:50,30.83,1.9833333333333334,119.0,
6415,5,H8,Anada,30,"Meridiana, 298",9979,16:36:51,36.85,6.000000000066667,360.0,
6209,5,H8,Anada,30,"Meridiana, 298",9979,16:51:29,51.48,14.6333333333,878.0,"8,9,10,11"
6026,4,H8,Anada,30,"Meridiana, 298",9979,17:07:59,7.98,16.50000000003333,990.0,"1,2,3,4,5,6,7,8,9,10"
6215,5,H8,Anada,30,"Meridiana, 298",9979,17:21:53,21.88,13.8,828.0,
6409,5,H8,Anada,30,"Meridiana, 298",9979,17:26:08,26.13,4.233333333366667,254.0,
6056,6,H8,Anada,30,"Meridiana, 298",9979,17:29:57,29.95,3.8333333332999997,230.0,19
6055,5,H8,Anada,30,"Meridiana, 298",9979,17:51:15,51.25,21.3,1278.0,
6015,2,H8,Anada,30,"Meridiana, 298",9979,18:11:40,11.67,20.383333333333333,1223.0,
6414,5,H8,Anada,30,"Meridiana, 298",9979,18:13:02,13.03,1.3666666666999998,82.0,21
6800,5,H8,Anada,30,"Meridiana, 298",9979,18:14:11,14.18,1.1499999999833332,69.0,
6213,5,H8,Anada,30,"Meridiana, 298",9979,18:21:11,21.18,7.016666666616667,421.0,
6407,5,H8,Anada,30,"Meridiana, 298",9979,18:29:49,29.82,8.633333333333333,518.0,
6211,6,H8,Anada,30,"Meridiana, 298",9979,18:37:52,37.87,8.0333333334,482.0,
6036,2,H8,Anada,30,"Meridiana, 298",9979,18:53:51,53.85,15.999999999933333,960.0,
6216,5,H8,Anada,30,"Meridiana, 298",9979,19:04:44,4.73,10.883333333333333,653.0,
6413,6,H8,Anada,30,"Meridiana, 298",9979,19:17:27,17.45,12.716666666666667,763.0,
6415,6,H8,Anada,30,"Meridiana, 298",9979,19:26:29,26.48,9.016666666733332,541.0,
6209,6,H8,Anada,30,"Meridiana, 298",9979,19:31:57,31.95,5.483333333266667,329.0,"9,19"
6408,6,H8,Anada,30,"Meridiana, 298",9979,19:50:24,50.4,18.4333333334,1106.0,
6025,1,H8,Anada,30,"Meridiana, 298",9979,19:52:15,52.25,1.8666666666,112.0,"1,2,3,4,5,6,7,8,9,10,11,12,13,14,15,16,17,18,19,20,21,22,36,37,38,39"
6215,6,H8,Anada,30,"Meridiana, 298",9979,19:58:22,58.37,6.100000000033333,366.0,1
6409,6,H8,Anada,30,"Meridiana, 298",9979,20:05:06,5.1,6.749999999966667,405.0,
6056,7,H8,Anada,30,"Meridiana, 298",9979,20:11:19,11.32,6.200000000033333,372.0,
6213,6,H8,Anada,30,"Meridiana, 298",9979,21:01:37,1.62,12.599999999966666,756.0,
6212,8,H8,Anada,30,"Meridiana, 298",9979,21:10:10,10.17,8.55,513.0,
6036,3,H8,Anada,30,"Meridiana, 298",9979,21:23:22,23.37,12.9833333334,779.0,
6413,7,H8,Anada,30,"Meridiana, 298",9979,21:36:58,36.97,13.6,816.0,
6211,1,H8,Anada,31,Garcilaso - La Sagrera,2492,03:49:38,49.63,,,"1,2,3,4,5,6,7,8,9,10,11,12,13,14,15,16,17,18,19,20,21"
6212,1,H8,Anada,31,Garcilaso - La Sagrera,2492,04:02:53,2.88,13.2666666666,796.0,"1,2,3,4,5,6,7,8,9,10,30"
6413,1,H8,Anada,31,Garcilaso - La Sagrera,2492,04:21:37,21.62,18.733333333333334,1124.0,1
6415,1,H8,Anada,31,Garcilaso - La Sagrera,2492,04:34:32,34.53,12.900000000033334,774.0,1
6209,1,H8,Anada,31,Garcilaso - La Sagrera,2492,04:43:40,43.67,9.133333333333333,548.0,
6022,1,H8,Anada,31,Garcilaso - La Sagrera,2492,04:54:40,54.67,11.0,660.0,1
6408,1,H8,Anada,31,Garcilaso - La Sagrera,2492,05:02:23,2.38,7.716666666666667,463.0,"1,2,3"
6215,1,H8,Anada,31,Garcilaso - La Sagrera,2492,05:14:39,14.65,12.266666666666667,736.0,
6409,1,H8,Anada,31,Garcilaso - La Sagrera,2492,05:22:28,22.47,7.8166666667,469.0,
6056,1,H8,Anada,31,Garcilaso - La Sagrera,2492,05:36:09,36.15,13.683333333333334,821.0,14
6411,1,H8,Anada,31,Garcilaso - La Sagrera,2492,05:46:28,46.47,10.333333333266667,620.0,
6055,1,H8,Anada,31,Garcilaso - La Sagrera,2492,05:50:25,50.42,3.933333333366667,236.0,"1,18,35,36"
6414,1,H8,Anada,31,Garcilaso - La Sagrera,2492,06:01:31,1.52,11.100000000033333,666.0,"1,2,3"
6117,1,H8,Anada,31,Garcilaso - La Sagrera,2492,06:09:30,9.5,7.999999999933333,480.0,
6800,1,H8,Anada,31,Garcilaso - La Sagrera,2492,06:17:30,17.5,7.9833333334,479.0,
6213,1,H8,Anada,31,Garcilaso - La Sagrera,2492,06:24:38,24.63,7.1333333333,428.0,
6407,1,H8,Anada,31,Garcilaso - La Sagrera,2492,06:39:26,39.43,14.816666666633333,889.0,
6211,2,H8,Anada,31,Garcilaso - La Sagrera,2492,06:44:34,44.57,5.1166666667,307.0,1
6212,2,H8,Anada,31,Garcilaso - La Sagrera,2492,06:56:13,56.22,11.666666666633335,700.0,
6216,1,H8,Anada,31,Garcilaso - La Sagrera,2492,07:08:26,8.43,12.216666666683333,733.0,
6413,2,H8,Anada,31,Garcilaso - La Sagrera,2492,07:23:57,23.95,15.51666666665,931.0,
6217,1,H8,Anada,31,Garcilaso - La Sagrera,2492,07:24:59,24.98,1.0333333333333334,62.0,
6415,2,H8,Anada,31,Garcilaso - La Sagrera,2492,07:41:55,41.92,16.91666666673333,1015.0,
6026,1,H8,Anada,31,Garcilaso - La Sagrera,2492,07:45:19,45.32,3.3999999999666666,204.0,
6209,2,H8,Anada,31,Garcilaso - La Sagrera,2492,08:00:34,0.57,15.266666666633334,916.0,36
6022,2,H8,Anada,31,Garcilaso - La Sagrera,2492,08:07:36,7.6,7.033333333333333,422.0,
6408,2,H8,Anada,31,Garcilaso - La Sagrera,2492,08:13:23,13.38,5.7666666667,346.0,
6215,2,H8,Anada,31,Garcilaso - La Sagrera,2492,08:20:33,20.55,7.1833333333,431.0,
6409,2,H8,Anada,31,Garcilaso - La Sagrera,2492,08:25:46,25.77,5.21666666665,313.0,19
6056,3,H8,Anada,31,Garcilaso - La Sagrera,2492,08:40:00,40.0,14.21666666675,853.0,"22,34"
6411,2,H8,Anada,31,Garcilaso - La Sagrera,2492,08:44:16,44.27,4.2833333332666665,257.0,
6055,2,H8,Anada,31,Garcilaso - La Sagrera,2492,08:53:25,53.42,9.1333333334,548.0,
6414,2,H8,Anada,31,Garcilaso - La Sagrera,2492,09:07:20,7.33,13.933333333266667,836.0,
6800,2,H8,Anada,31,Garcilaso - La Sagrera,2492,09:20:51,20.85,13.500000000033333,810.0,
6213,2,H8,Anada,31,Garcilaso - La Sagrera,2492,09:22:14,22.23,1.3833333333333333,83.0,
6407,2,H8,Anada,31,Garcilaso - La Sagrera,2492,09:35:51,35.85,13.6333333333,818.0,
6211,3,H8,Anada,31,Garcilaso - La Sagrera,2492,09:50:31,50.52,14.650000000066665,879.0,
6212,3,H8,Anada,31,Garcilaso - La Sagrera,2492,10:01:17,1.28,10.766666666666667,646.0,
6216,2,H8,Anada,31,Garcilaso - La Sagrera,2492,10:12:05,12.08,10.799999999966667,648.0,
6413,3,H8,Anada,31,Garcilaso - La Sagrera,2492,10:23:59,23.98,11.9,714.0,
6217,2,H8,Anada,31,Garcilaso - La Sagrera,2492,10:28:57,28.95,4.966666666666667,298.0,
6415,3,H8,Anada,31,Garcilaso - La Sagrera,2492,10:37:30,37.5,8.550000000033332,513.0,
6026,2,H8,Anada,31,Garcilaso - La Sagrera,2492,10:50:32,50.53,13.0333333333,782.0,
6209,3,H8,Anada,31,Garcilaso - La Sagrera,2492,10:54:36,54.6,4.0666666667,244.0,1
6408,3,H8,Anada,31,Garcilaso - La Sagrera,2492,11:02:51,2.85,8.25,495.0,
6215,3,H8,Anada,31,Garcilaso - La Sagrera,2492,11:22:20,22.33,19.483333333333334,1169.0,
6409,3,H8,Anada,31,Garcilaso - La Sagrera,2492,11:24:10,24.17,1.8333333333000001,110.0,
6056,4,H8,Anada,31,Garcilaso - La Sagrera,2492,11:39:57,39.95,15.783333333333333,947.0,
6411,3,H8,Anada,31,Garcilaso - La Sagrera,2492,11:49:27,49.45,9.5,570.0,
6055,3,H8,Anada,31,Garcilaso - La Sagrera,2492,11:56:24,56.4,6.9666666666333334,418.0,
6414,3,H8,Anada,31,Garcilaso - La Sagrera,2492,12:02:26,2.43,6.033333333333333,362.0,
6800,3,H8,Anada,31,Garcilaso - La Sagrera,2492,12:14:37,14.62,12.1666666667,730.0,
6213,3,H8,Anada,31,Garcilaso - La Sagrera,2492,12:22:34,22.57,7.9666666666333334,478.0,5
6407,3,H8,Anada,31,Garcilaso - La Sagrera,2492,12:33:09,33.15,10.5666666667,634.0,
6211,4,H8,Anada,31,Garcilaso - La Sagrera,2492,12:42:27,42.45,9.3,558.0,
6212,4,H8,Anada,31,Garcilaso - La Sagrera,2492,12:51:30,51.5,9.05,543.0,
6216,3,H8,Anada,31,Garcilaso - La Sagrera,2492,13:02:51,2.85,11.35,681.0,
6413,4,H8,Anada,31,Garcilaso - La Sagrera,2492,13:14:33,14.55,11.716666666633333,703.0,
6217,3,H8,Anada,31,Garcilaso - La Sagrera,2492,13:21:39,21.65,7.083333333400001,425.0,
6415,4,H8,Anada,31,Garcilaso - La Sagrera,2492,13:33:29,33.48,11.8333333333,710.0,
6209,4,H8,Anada,31,Garcilaso - La Sagrera,2492,13:47:40,47.67,14.183333333333334,851.0,
6408,4,H8,Anada,31,Garcilaso - La Sagrera,2492,13:58:31,58.52,10.866666666633334,652.0,
6215,4,H8,Anada,31,Garcilaso - La Sagrera,2492,14:19:50,19.83,21.300000000066667,1278.0,
6409,4,H8,Anada,31,Garcilaso - La Sagrera,2492,14:25:17,25.28,5.45,327.0,
6056,5,H8,Anada,31,Garcilaso - La Sagrera,2492,14:28:34,28.57,3.2833333333,197.0,
6411,4,H8,Anada,31,Garcilaso - La Sagrera,2492,14:42:20,42.33,13.766666666699999,826.0,
6055,4,H8,Anada,31,Garcilaso - La Sagrera,2492,14:51:38,51.63,9.316666666583334,559.0,1
6015,1,H8,Anada,31,Garcilaso - La Sagrera,2492,15:04:36,4.6,12.950000000083332,777.0,1
6414,4,H8,Anada,31,Garcilaso - La Sagrera,2492,15:14:36,14.6,9.999999999966667,600.0,
6800,4,H8,Anada,31,Garcilaso - La Sagrera,2492,15:18:41,18.68,4.099999999966666,246.0,
6213,4,H8,Anada,31,Garcilaso - La Sagrera,2492,15:26:45,26.75,8.050000000033332,483.0,
6407,4,H8,Anada,31,Garcilaso - La Sagrera,2492,15:38:53,38.88,12.149999999966667,729.0,
6211,5,H8,Anada,31,Garcilaso - La Sagrera,2492,15:46:49,46.82,7.916666666733334,475.0,
6212,5,H8,Anada,31,Garcilaso - La Sagrera,2492,16:00:21,0.35,13.533333333333333,812.0,
6036,1,H8,Anada,31,Garcilaso - La Sagrera,2492,16:04:48,4.8,4.449999999966667,267.0,"1,2,3,4,33"
6216,4,H8,Anada,31,Garcilaso - La Sagrera,2492,16:11:42,11.7,6.9,414.0,
6413,5,H8,Anada,31,Garcilaso - La Sagrera,2492,16:31:48,31.8,20.100000000033333,1206.0,
6217,4,H8,Anada,31,Garcilaso - La Sagrera,2492,16:33:42,33.7,1.9166666666166667,115.0,
6415,5,H8,Anada,31,Garcilaso - La Sagrera,2492,16:38:50,38.83,5.133333333316667,308.0,
6209,5,H8,Anada,31,Garcilaso - La Sagrera,2492,16:52:27,52.45,13.600000000066666,816.0,"8,9,10,11"
6200,1,H8,Anada,31,Garcilaso - La Sagrera,2492,17:09:41,9.68,17.249999999933333,1035.0,
6215,5,H8,Anada,31,Garcilaso - La Sagrera,2492,17:23:19,23.32,13.566666666683334,814.0,
6409,5,H8,Anada,31,Garcilaso - La Sagrera,2492,17:26:40,26.67,3.35,201.0,
6056,6,H8,Anada,31,Garcilaso - La Sagrera,2492,17:31:09,31.15,4.499999999966667,270.0,19
6055,5,H8,Anada,31,Garcilaso - La Sagrera,2492,17:52:01,52.02,20.850000000033333,1251.0,
6015,2,H8,Anada,31,Garcilaso - La Sagrera,2492,18:13:08,13.13,20.716666666600002,1243.0,
6414,5,H8,Anada,31,Garcilaso - La Sagrera,2492,18:14:35,14.58,1.45,87.0,21
6800,5,H8,Anada,31,Garcilaso - La Sagrera,2492,18:15:54,15.9,1.3000000000333332,78.0,
6213,5,H8,Anada,31,Garcilaso - La Sagrera,2492,18:22:26,22.43,6.5333333333666666,392.0,
6407,5,H8,Anada,31,Garcilaso - La Sagrera,2492,18:30:40,30.67,8.249999999916666,495.0,
6211,6,H8,Anada,31,Garcilaso - La Sagrera,2492,18:39:29,39.48,8.800000000083333,528.0,
6036,2,H8,Anada,31,Garcilaso - La Sagrera,2492,18:55:09,55.15,15.666666666666666,940.0,
6216,5,H8,Anada,31,Garcilaso - La Sagrera,2492,19:05:50,5.83,10.683333333333334,641.0,
6413,6,H8,Anada,31,Garcilaso - La Sagrera,2492,19:18:26,18.43,12.6,756.0,
6415,6,H8,Anada,31,Garcilaso - La Sagrera,2492,19:27:13,27.22,8.783333333333333,527.0,
6209,6,H8,Anada,31,Garcilaso - La Sagrera,2492,19:32:54,32.9,5.683333333333334,341.0,"9,19"
6408,6,H8,Anada,31,Garcilaso - La Sagrera,2492,19:51:06,51.1,18.199999999966668,1092.0,
6025,1,H8,Anada,31,Garcilaso - La Sagrera,2492,19:53:11,53.18,2.0833333333333335,125.0,"1,2,3,4,5,6,7,8,9,10,11,12,13,14,15,16,17,18,19,20,21,22,36,37,38,39"
6215,6,H8,Anada,31,Garcilaso - La Sagrera,2492,19:58:44,58.73,5.566666666633334,334.0,1
6409,6,H8,Anada,31,Garcilaso - La Sagrera,2492,20:05:54,5.9,7.166666666666667,430.0,
6056,7,H8,Anada,31,Garcilaso - La Sagrera,2492,20:12:49,12.82,6.900000000066667,414.0,
6411,6,H8,Anada,31,Garcilaso - La Sagrera,2492,20:25:48,25.8,12.999999999916668,780.0,30
6414,6,H8,Anada,31,Garcilaso - La Sagrera,2492,20:49:58,49.97,24.166666666683334,1450.0,34
6213,6,H8,Anada,31,Garcilaso - La Sagrera,2492,21:02:49,2.82,12.833333333399999,770.0,
6212,8,H8,Anada,31,Garcilaso - La Sagrera,2492,21:10:59,10.98,8.166666666666666,490.0,
6036,3,H8,Anada,31,Garcilaso - La Sagrera,2492,21:24:08,24.13,12.983333333333333,779.0,
6413,7,H8,Anada,31,Garcilaso - La Sagrera,2492,21:37:09,37.15,13.016666666633334,781.0,
6200,3,H8,Anada,31,Garcilaso - La Sagrera,2492,21:59:32,59.53,22.399999999966667,1344.0,30
6408,7,H8,Anada,31,Garcilaso - La Sagrera,2492,22:06:04,6.07,6.533333333333333,392.0,24
6211,1,H8,Anada,32,Berenguer de Palou - Pont del Treball Digne,946,03:51:33,51.55,,,"1,2,3,4,5,6,7,8,9,10,11,12,13,14,15,16,17,18,19,20,21"
6212,1,H8,Anada,32,Berenguer de Palou - Pont del Treball Digne,946,04:04:05,4.08,12.516666666716667,751.0,"1,2,3,4,5,6,7,8,9,10,30"
6413,1,H8,Anada,32,Berenguer de Palou - Pont del Treball Digne,946,04:23:13,23.22,19.1333333333,1148.0,1
6415,1,H8,Anada,32,Berenguer de Palou - Pont del Treball Digne,946,04:36:07,36.12,12.916666666633335,775.0,1
6209,1,H8,Anada,32,Berenguer de Palou - Pont del Treball Digne,946,04:44:51,44.85,8.716666666733333,523.0,
6022,1,H8,Anada,32,Berenguer de Palou - Pont del Treball Digne,946,04:56:37,56.62,11.766666666666667,706.0,1
6408,1,H8,Anada,32,Berenguer de Palou - Pont del Treball Digne,946,05:04:31,4.52,7.916666666599999,475.0,"1,2,3"
6215,1,H8,Anada,32,Berenguer de Palou - Pont del Treball Digne,946,05:16:43,16.72,12.183333333366667,731.0,
6409,1,H8,Anada,32,Berenguer de Palou - Pont del Treball Digne,946,05:24:27,24.45,7.733333333333333,464.0,
6056,1,H8,Anada,32,Berenguer de Palou - Pont del Treball Digne,946,05:40:27,40.45,16.00000000003333,960.0,14
6411,1,H8,Anada,32,Berenguer de Palou - Pont del Treball Digne,946,05:47:42,47.7,7.249999999966667,435.0,
6055,1,H8,Anada,32,Berenguer de Palou - Pont del Treball Digne,946,05:53:21,53.35,5.666666666633334,340.0,"1,18,35,36"
6414,1,H8,Anada,32,Berenguer de Palou - Pont del Treball Digne,946,06:02:55,2.92,9.550000000033332,573.0,"1,2,3"
6117,1,H8,Anada,32,Berenguer de Palou - Pont del Treball Digne,946,06:11:46,11.77,8.850000000033333,531.0,
6800,1,H8,Anada,32,Berenguer de Palou - Pont del Treball Digne,946,06:18:39,18.65,6.8833333333,413.0,
6213,1,H8,Anada,32,Berenguer de Palou - Pont del Treball Digne,946,06:26:47,26.78,8.149999999966667,489.0,
6407,1,H8,Anada,32,Berenguer de Palou - Pont del Treball Digne,946,06:40:40,40.67,13.883333333333333,833.0,
6211,2,H8,Anada,32,Berenguer de Palou - Pont del Treball Digne,946,06:46:51,46.85,6.183333333333334,371.0,1
6212,2,H8,Anada,32,Berenguer de Palou - Pont del Treball Digne,946,06:59:48,59.8,12.95,777.0,
6216,1,H8,Anada,32,Berenguer de Palou - Pont del Treball Digne,946,07:11:36,11.6,11.783333333366667,707.0,
6413,2,H8,Anada,32,Berenguer de Palou - Pont del Treball Digne,946,07:25:53,25.88,14.283333333366667,857.0,
6217,1,H8,Anada,32,Berenguer de Palou - Pont del Treball Digne,946,07:27:22,27.37,1.4833333333333334,89.0,
6415,2,H8,Anada,32,Berenguer de Palou - Pont del Treball Digne,946,07:44:28,44.47,17.099999999966666,1026.0,
6026,1,H8,Anada,32,Berenguer de Palou - Pont del Treball Digne,946,07:47:30,47.5,3.0499999999666665,183.0,
6209,2,H8,Anada,32,Berenguer de Palou - Pont del Treball Digne,946,08:02:15,2.25,14.7333333334,884.0,36
6022,2,H8,Anada,32,Berenguer de Palou - Pont del Treball Digne,946,08:09:46,9.77,7.53333333325,452.0,
6408,2,H8,Anada,32,Berenguer de Palou - Pont del Treball Digne,946,08:14:47,14.78,5.00000000005,300.0,
6215,2,H8,Anada,32,Berenguer de Palou - Pont del Treball Digne,946,08:22:27,22.45,7.666666666666667,460.0,
6409,2,H8,Anada,32,Berenguer de Palou - Pont del Treball Digne,946,08:28:25,28.42,5.966666666666667,358.0,19
6056,3,H8,Anada,32,Berenguer de Palou - Pont del Treball Digne,946,08:43:19,43.32,14.916666666633335,895.0,"22,34"
6411,2,H8,Anada,32,Berenguer de Palou - Pont del Treball Digne,946,08:46:26,46.43,3.1166666666666667,187.0,
6055,2,H8,Anada,32,Berenguer de Palou - Pont del Treball Digne,946,08:55:50,55.83,9.3833333334,563.0,
6414,2,H8,Anada,32,Berenguer de Palou - Pont del Treball Digne,946,09:09:37,9.62,13.7833333333,827.0,
6800,2,H8,Anada,32,Berenguer de Palou - Pont del Treball Digne,946,09:22:24,22.4,12.783333333366667,767.0,
6213,2,H8,Anada,32,Berenguer de Palou - Pont del Treball Digne,946,09:24:31,24.52,2.1333333332666666,128.0,
6407,2,H8,Anada,32,Berenguer de Palou - Pont del Treball Digne,946,09:37:46,37.77,13.25,795.0,
6211,3,H8,Anada,32,Berenguer de Palou - Pont del Treball Digne,946,09:52:40,52.67,14.9,894.0,
6212,3,H8,Anada,32,Berenguer de Palou - Pont del Treball Digne,946,10:02:41,2.68,10.000000000066667,600.0,
6216,2,H8,Anada,32,Berenguer de Palou - Pont del Treball Digne,946,10:14:45,14.75,12.083333333266667,725.0,
6413,3,H8,Anada,32,Berenguer de Palou - Pont del Treball Digne,946,10:25:14,25.23,10.483333333333333,629.0,
6217,2,H8,Anada,32,Berenguer de Palou - Pont del Treball Digne,946,10:30:32,30.53,5.2833333333666666,317.0,
6415,3,H8,Anada,32,Berenguer de Palou - Pont del Treball Digne,946,10:39:56,39.93,9.416666666633335,565.0,
6026,2,H8,Anada,32,Berenguer de Palou - Pont del Treball Digne,946,10:51:28,51.47,11.516666666733332,691.0,
6209,3,H8,Anada,32,Berenguer de Palou - Pont del Treball Digne,946,10:56:13,56.22,4.7666666666,286.0,1
6408,3,H8,Anada,32,Berenguer de Palou - Pont del Treball Digne,946,11:04:45,4.75,8.516666666733334,511.0,
6215,3,H8,Anada,32,Berenguer de Palou - Pont del Treball Digne,946,11:23:29,23.48,18.733333333333334,1124.0,
6409,3,H8,Anada,32,Berenguer de Palou - Pont del Treball Digne,946,11:25:42,25.7,2.2333333332666667,134.0,
6056,4,H8,Anada,32,Berenguer de Palou - Pont del Treball Digne,946,11:42:51,42.85,17.1333333334,1028.0,
6411,3,H8,Anada,32,Berenguer de Palou - Pont del Treball Digne,946,11:51:53,51.88,9.049999999933334,543.0,
6055,3,H8,Anada,32,Berenguer de Palou - Pont del Treball Digne,946,11:58:28,58.47,6.566666666733334,394.0,
6414,3,H8,Anada,32,Berenguer de Palou - Pont del Treball Digne,946,12:03:53,3.88,5.416666666666667,325.0,
6800,3,H8,Anada,32,Berenguer de Palou - Pont del Treball Digne,946,12:17:45,17.75,13.866666666666667,832.0,
6213,3,H8,Anada,32,Berenguer de Palou - Pont del Treball Digne,946,12:24:42,24.7,6.949999999966667,417.0,5
6407,3,H8,Anada,32,Berenguer de Palou - Pont del Treball Digne,946,12:35:11,35.18,10.483333333366666,629.0,
6211,4,H8,Anada,32,Berenguer de Palou - Pont del Treball Digne,946,12:45:29,45.48,10.3,618.0,
6212,4,H8,Anada,32,Berenguer de Palou - Pont del Treball Digne,946,12:54:01,54.02,8.5333333333,512.0,
6216,3,H8,Anada,32,Berenguer de Palou - Pont del Treball Digne,946,13:04:53,4.88,10.8666666667,652.0,
6413,4,H8,Anada,32,Berenguer de Palou - Pont del Treball Digne,946,13:17:51,17.85,12.966666666666667,778.0,
6217,3,H8,Anada,32,Berenguer de Palou - Pont del Treball Digne,946,13:23:06,23.1,5.2666666666,316.0,
6415,4,H8,Anada,32,Berenguer de Palou - Pont del Treball Digne,946,13:36:49,36.82,13.700000000033333,822.0,
6209,4,H8,Anada,32,Berenguer de Palou - Pont del Treball Digne,946,13:50:41,50.68,13.866666666666667,832.0,
6408,4,H8,Anada,32,Berenguer de Palou - Pont del Treball Digne,946,14:01:13,1.22,10.533333333366667,632.0,
6215,4,H8,Anada,32,Berenguer de Palou - Pont del Treball Digne,946,14:22:44,22.73,21.516666666666666,1291.0,
6409,4,H8,Anada,32,Berenguer de Palou - Pont del Treball Digne,946,14:27:18,27.3,4.566666666633334,274.0,
6056,5,H8,Anada,32,Berenguer de Palou - Pont del Treball Digne,946,14:30:31,30.52,3.2166666667,193.0,
6411,4,H8,Anada,32,Berenguer de Palou - Pont del Treball Digne,946,14:43:56,43.93,13.433333333266667,806.0,
6055,4,H8,Anada,32,Berenguer de Palou - Pont del Treball Digne,946,14:53:05,53.08,9.15,549.0,1
6015,1,H8,Anada,32,Berenguer de Palou - Pont del Treball Digne,946,15:06:47,6.78,13.7,822.0,1
6414,4,H8,Anada,32,Berenguer de Palou - Pont del Treball Digne,946,15:18:10,18.17,11.383333333333333,683.0,
6800,4,H8,Anada,32,Berenguer de Palou - Pont del Treball Digne,946,15:24:46,24.77,6.583333333400001,395.0,
6213,4,H8,Anada,32,Berenguer de Palou - Pont del Treball Digne,946,15:30:19,30.32,5.55,333.0,
6407,4,H8,Anada,32,Berenguer de Palou - Pont del Treball Digne,946,15:40:57,40.95,10.6333333333,638.0,
6211,5,H8,Anada,32,Berenguer de Palou - Pont del Treball Digne,946,15:50:07,50.12,9.166666666666666,550.0,
6212,5,H8,Anada,32,Berenguer de Palou - Pont del Treball Digne,946,16:03:19,3.32,13.216666666633333,793.0,
6036,1,H8,Anada,32,Berenguer de Palou - Pont del Treball Digne,946,16:08:43,8.72,5.4,324.0,"1,2,3,4,33"
6216,4,H8,Anada,32,Berenguer de Palou - Pont del Treball Digne,946,16:13:37,13.62,4.883333333366666,293.0,
6413,5,H8,Anada,32,Berenguer de Palou - Pont del Treball Digne,946,16:33:41,33.68,20.066666666699998,1204.0,
6217,4,H8,Anada,32,Berenguer de Palou - Pont del Treball Digne,946,16:35:50,35.83,2.1499999999666666,129.0,
6415,5,H8,Anada,32,Berenguer de Palou - Pont del Treball Digne,946,16:41:25,41.42,5.583333333366666,335.0,
6209,5,H8,Anada,32,Berenguer de Palou - Pont del Treball Digne,946,16:54:42,54.7,13.299999999916668,798.0,"8,9,10,11"
6026,4,H8,Anada,32,Berenguer de Palou - Pont del Treball Digne,946,17:10:46,10.77,16.066666666683332,964.0,"1,2,3,4,5,6,7,8,9,10"
6215,5,H8,Anada,32,Berenguer de Palou - Pont del Treball Digne,946,17:26:24,26.4,14.966666666733333,898.0,
6409,5,H8,Anada,32,Berenguer de Palou - Pont del Treball Digne,946,17:30:03,30.05,3.65,219.0,
6056,6,H8,Anada,32,Berenguer de Palou - Pont del Treball Digne,946,17:32:50,32.83,2.783333333333333,167.0,19
6055,5,H8,Anada,32,Berenguer de Palou - Pont del Treball Digne,946,17:54:22,54.37,21.549999999933334,1293.0,
6411,5,H8,Anada,32,Berenguer de Palou - Pont del Treball Digne,946,17:55:57,55.95,1.5833333333333333,95.0,
6015,2,H8,Anada,32,Berenguer de Palou - Pont del Treball Digne,946,18:14:40,14.67,18.700000000033334,1122.0,
6414,5,H8,Anada,32,Berenguer de Palou - Pont del Treball Digne,946,18:16:13,16.22,1.5666666666333335,94.0,21
6800,5,H8,Anada,32,Berenguer de Palou - Pont del Treball Digne,946,18:17:58,17.97,1.7333333334,104.0,
6213,5,H8,Anada,32,Berenguer de Palou - Pont del Treball Digne,946,18:23:47,23.78,5.816666666633334,349.0,
6407,5,H8,Anada,32,Berenguer de Palou - Pont del Treball Digne,946,18:32:37,32.62,8.833333333333334,530.0,
6211,6,H8,Anada,32,Berenguer de Palou - Pont del Treball Digne,946,18:41:15,41.25,8.633333333333333,518.0,
6036,2,H8,Anada,32,Berenguer de Palou - Pont del Treball Digne,946,18:56:30,56.5,15.25,915.0,
6216,5,H8,Anada,32,Berenguer de Palou - Pont del Treball Digne,946,19:07:26,7.43,10.949999999966668,657.0,
6413,6,H8,Anada,32,Berenguer de Palou - Pont del Treball Digne,946,19:20:51,20.85,13.400000000033334,804.0,
6415,6,H8,Anada,32,Berenguer de Palou - Pont del Treball Digne,946,19:30:10,30.17,9.3333333333,560.0,
6209,6,H8,Anada,32,Berenguer de Palou - Pont del Treball Digne,946,19:34:43,34.72,4.5333333333666666,272.0,"9,19"
6408,6,H8,Anada,32,Berenguer de Palou - Pont del Treball Digne,946,19:53:37,53.62,18.916666666633333,1135.0,
6025,1,H8,Anada,32,Berenguer de Palou - Pont del Treball Digne,946,19:55:21,55.35,1.7166666667333332,103.0,"1,2,3,4,5,6,7,8,9,10,11,12,13,14,15,16,17,18,19,20,21,22,36,37,38,39"
6215,6,H8,Anada,32,Berenguer de Palou - Pont del Treball Digne,946,19:59:57,59.95,4.599999999966667,276.0,1
6409,6,H8,Anada,32,Berenguer de Palou - Pont del Treball Digne,946,20:07:47,7.78,7.833333333366666,470.0,
6056,7,H8,Anada,32,Berenguer de Palou - Pont del Treball Digne,946,20:14:31,14.52,6.7333333333,404.0,
6411,6,H8,Anada,32,Berenguer de Palou - Pont del Treball Digne,946,20:27:44,27.73,13.233333333300001,794.0,30
6414,6,H8,Anada,32,Berenguer de Palou - Pont del Treball Digne,946,20:51:45,51.75,24.00000000003333,1440.0,34
6213,6,H8,Anada,32,Berenguer de Palou - Pont del Treball Digne,946,21:04:01,4.02,12.2833333333,737.0,
6025,2,H8,Anada,32,Berenguer de Palou - Pont del Treball Digne,946,21:12:32,12.53,8.500000000066667,510.0,
6036,3,H8,Anada,32,Berenguer de Palou - Pont del Treball Digne,946,21:26:14,26.23,13.2333333334,794.0,
6413,7,H8,Anada,32,Berenguer de Palou - Pont del Treball Digne,946,21:38:29,38.48,12.25,735.0,
6200,3,H8,Anada,32,Berenguer de Palou - Pont del Treball Digne,946,22:02:22,2.37,23.8833333333,1433.0,30
6408,7,H8,Anada,32,Berenguer de Palou - Pont del Treball Digne,946,22:07:39,7.65,5.283333333333333,317.0,24
6211,1,H8,Anada,33,Berenguer de Palou - Pare Manyanet,947,03:53:06,53.1,,,"1,2,3,4,5,6,7,8,9,10,11,12,13,14,15,16,17,18,19,20,21"
6212,1,H8,Anada,33,Berenguer de Palou - Pare Manyanet,947,04:05:29,5.48,12.383333333316667,743.0,"1,2,3,4,5,6,7,8,9,10,30"
6413,1,H8,Anada,33,Berenguer de Palou - Pare Manyanet,947,04:24:21,24.35,18.850000000033333,1131.0,1
6415,1,H8,Anada,33,Berenguer de Palou - Pare Manyanet,947,04:38:09,38.15,13.816666666633333,829.0,1
6209,1,H8,Anada,33,Berenguer de Palou - Pare Manyanet,947,04:46:30,46.5,8.35,501.0,
6022,1,H8,Anada,33,Berenguer de Palou - Pare Manyanet,947,04:57:45,57.75,11.25,675.0,1
6408,1,H8,Anada,33,Berenguer de Palou - Pare Manyanet,947,05:06:10,6.17,8.416666666666666,505.0,"1,2,3"
6215,1,H8,Anada,33,Berenguer de Palou - Pare Manyanet,947,05:18:11,18.18,12.016666666666667,721.0,
6409,1,H8,Anada,33,Berenguer de Palou - Pare Manyanet,947,05:26:47,26.78,8.6,516.0,
6056,1,H8,Anada,33,Berenguer de Palou - Pare Manyanet,947,05:42:24,42.4,15.600000000066666,936.0,14
6411,1,H8,Anada,33,Berenguer de Palou - Pare Manyanet,947,05:50:28,50.47,8.066666666633333,484.0,
6055,1,H8,Anada,33,Berenguer de Palou - Pare Manyanet,947,05:56:29,56.48,6.016666666666667,361.0,"1,18,35,36"
6414,1,H8,Anada,33,Berenguer de Palou - Pare Manyanet,947,06:04:50,4.83,8.350000000033333,501.0,"1,2,3"
6117,1,H8,Anada,33,Berenguer de Palou - Pare Manyanet,947,06:13:18,13.3,8.483333333266666,509.0,
6800,1,H8,Anada,33,Berenguer de Palou - Pare Manyanet,947,06:20:16,20.27,6.950000000033333,417.0,
6213,1,H8,Anada,33,Berenguer de Palou - Pare Manyanet,947,06:28:39,28.65,8.399999999966667,504.0,
6407,1,H8,Anada,33,Berenguer de Palou - Pare Manyanet,947,06:43:33,43.55,14.9,894.0,
6211,2,H8,Anada,33,Berenguer de Palou - Pare Manyanet,947,06:48:28,48.47,4.916666666666667,295.0,1
6212,2,H8,Anada,33,Berenguer de Palou - Pare Manyanet,947,07:01:55,1.92,13.433333333399998,806.0,
6216,1,H8,Anada,33,Berenguer de Palou - Pare Manyanet,947,07:13:28,13.47,11.549999999966667,693.0,
6413,2,H8,Anada,33,Berenguer de Palou - Pare Manyanet,947,07:26:52,26.87,13.416666666633335,805.0,
6217,1,H8,Anada,33,Berenguer de Palou - Pare Manyanet,947,07:29:50,29.83,2.9500000000333335,177.0,
6415,2,H8,Anada,33,Berenguer de Palou - Pare Manyanet,947,07:46:27,46.45,16.6333333333,998.0,
6026,1,H8,Anada,33,Berenguer de Palou - Pare Manyanet,947,07:50:18,50.3,3.85,231.0,
6209,2,H8,Anada,33,Berenguer de Palou - Pare Manyanet,947,08:04:52,4.87,14.550000000066666,873.0,36
6022,2,H8,Anada,33,Berenguer de Palou - Pare Manyanet,947,08:11:25,11.42,6.5666666666,394.0,
6408,2,H8,Anada,33,Berenguer de Palou - Pare Manyanet,947,08:16:45,16.75,5.333333333333333,320.0,
6215,2,H8,Anada,33,Berenguer de Palou - Pare Manyanet,947,08:23:13,23.22,6.450000000066667,387.0,
6409,2,H8,Anada,33,Berenguer de Palou - Pare Manyanet,947,08:30:07,30.12,6.916666666599999,415.0,19
6056,3,H8,Anada,33,Berenguer de Palou - Pare Manyanet,947,08:45:37,45.62,15.483333333366666,929.0,"22,34"
6411,2,H8,Anada,33,Berenguer de Palou - Pare Manyanet,947,08:48:20,48.33,2.7166666667,163.0,
6055,2,H8,Anada,33,Berenguer de Palou - Pare Manyanet,947,08:56:38,56.63,8.3,498.0,
6414,2,H8,Anada,33,Berenguer de Palou - Pare Manyanet,947,09:11:34,11.57,14.949999999933334,897.0,
6800,2,H8,Anada,33,Berenguer de Palou - Pare Manyanet,947,09:24:31,24.52,12.933333333399998,776.0,
6213,2,H8,Anada,33,Berenguer de Palou - Pare Manyanet,947,09:26:48,26.8,2.2999999999333336,138.0,
6407,2,H8,Anada,33,Berenguer de Palou - Pare Manyanet,947,09:39:58,39.97,13.150000000033334,789.0,
6211,3,H8,Anada,33,Berenguer de Palou - Pare Manyanet,947,09:53:43,53.72,13.766666666633334,826.0,
6212,3,H8,Anada,33,Berenguer de Palou - Pare Manyanet,947,10:05:21,5.35,11.616666666733332,697.0,
6216,2,H8,Anada,33,Berenguer de Palou - Pare Manyanet,947,10:16:35,16.58,11.233333333333333,674.0,
6413,3,H8,Anada,33,Berenguer de Palou - Pare Manyanet,947,10:26:43,26.72,10.149999999933334,609.0,
6217,2,H8,Anada,33,Berenguer de Palou - Pare Manyanet,947,10:33:40,33.67,6.95,417.0,
6415,3,H8,Anada,33,Berenguer de Palou - Pare Manyanet,947,10:41:40,41.67,7.9833333334,479.0,
6026,2,H8,Anada,33,Berenguer de Palou - Pare Manyanet,947,10:53:27,53.45,11.783333333333333,707.0,
6209,3,H8,Anada,33,Berenguer de Palou - Pare Manyanet,947,10:58:28,58.47,5.03333333325,302.0,1
6408,3,H8,Anada,33,Berenguer de Palou - Pare Manyanet,947,11:06:34,6.57,8.083333333416666,485.0,
6215,3,H8,Anada,33,Berenguer de Palou - Pare Manyanet,947,11:25:38,25.63,19.066666666633335,1144.0,
6409,3,H8,Anada,33,Berenguer de Palou - Pare Manyanet,947,11:28:07,28.12,2.4833333333666667,149.0,
6056,4,H8,Anada,33,Berenguer de Palou - Pare Manyanet,947,11:44:51,44.85,16.749999999933333,1005.0,
6411,3,H8,Anada,33,Berenguer de Palou - Pare Manyanet,947,11:53:27,53.45,8.583333333366665,515.0,
6055,3,H8,Anada,33,Berenguer de Palou - Pare Manyanet,947,11:59:59,59.98,6.549999999966667,393.0,
6414,3,H8,Anada,33,Berenguer de Palou - Pare Manyanet,947,12:06:40,6.67,6.666666666699999,400.0,
6800,3,H8,Anada,33,Berenguer de Palou - Pare Manyanet,947,12:19:39,19.65,12.983333333333333,779.0,
6213,3,H8,Anada,33,Berenguer de Palou - Pare Manyanet,947,12:26:54,26.9,7.266666666616667,436.0,5
6407,3,H8,Anada,33,Berenguer de Palou - Pare Manyanet,947,12:36:44,36.73,9.816666666749999,589.0,
6211,4,H8,Anada,33,Berenguer de Palou - Pare Manyanet,947,12:48:28,48.47,11.749999999933333,705.0,
6212,4,H8,Anada,33,Berenguer de Palou - Pare Manyanet,947,12:56:38,56.63,8.150000000066667,489.0,
6216,3,H8,Anada,33,Berenguer de Palou - Pare Manyanet,947,13:07:05,7.08,10.449999999966668,627.0,
6413,4,H8,Anada,33,Berenguer de Palou - Pare Manyanet,947,13:20:03,20.05,12.966666666666667,778.0,
6217,3,H8,Anada,33,Berenguer de Palou - Pare Manyanet,947,13:24:57,24.95,4.916666666633334,295.0,
6415,4,H8,Anada,33,Berenguer de Palou - Pare Manyanet,947,13:38:07,38.12,13.150000000033334,789.0,
6209,4,H8,Anada,33,Berenguer de Palou - Pare Manyanet,947,13:52:18,52.3,14.199999999966668,852.0,
6408,4,H8,Anada,33,Berenguer de Palou - Pare Manyanet,947,14:03:19,3.32,11.016666666666667,661.0,
6215,4,H8,Anada,33,Berenguer de Palou - Pare Manyanet,947,14:24:58,24.97,21.633333333366668,1298.0,
6409,4,H8,Anada,33,Berenguer de Palou - Pare Manyanet,947,14:28:34,28.57,3.6,216.0,
6056,5,H8,Anada,33,Berenguer de Palou - Pare Manyanet,947,14:31:59,31.98,3.4333333333,206.0,
6411,4,H8,Anada,33,Berenguer de Palou - Pare Manyanet,947,14:46:46,46.77,14.766666666699999,886.0,
6055,4,H8,Anada,33,Berenguer de Palou - Pare Manyanet,947,14:54:56,54.93,8.166666666666666,490.0,1
6015,1,H8,Anada,33,Berenguer de Palou - Pare Manyanet,947,15:09:00,9.0,14.066666666666666,844.0,1
6414,4,H8,Anada,33,Berenguer de Palou - Pare Manyanet,947,15:20:35,20.58,11.583333333333334,695.0,
6800,4,H8,Anada,33,Berenguer de Palou - Pare Manyanet,947,15:26:55,26.92,6.349999999966667,381.0,
6213,4,H8,Anada,33,Berenguer de Palou - Pare Manyanet,947,15:31:56,31.93,5.000000000066667,300.0,
6407,4,H8,Anada,33,Berenguer de Palou - Pare Manyanet,947,15:43:03,43.05,11.133333333266668,668.0,
6211,5,H8,Anada,33,Berenguer de Palou - Pare Manyanet,947,15:51:41,51.68,8.6166666667,517.0,
6212,5,H8,Anada,33,Berenguer de Palou - Pare Manyanet,947,16:05:09,5.15,13.466666666666667,808.0,
6216,4,H8,Anada,33,Berenguer de Palou - Pare Manyanet,947,16:16:49,16.82,11.666666666666666,700.0,
6413,5,H8,Anada,33,Berenguer de Palou - Pare Manyanet,947,16:36:50,36.83,20.016666666666666,1201.0,
6217,4,H8,Anada,33,Berenguer de Palou - Pare Manyanet,947,16:38:16,38.27,1.4333333333333333,86.0,
6415,5,H8,Anada,33,Berenguer de Palou - Pare Manyanet,947,16:44:08,44.13,5.8833333333,353.0,
6209,5,H8,Anada,33,Berenguer de Palou - Pare Manyanet,947,16:56:45,56.75,12.600000000066666,756.0,"8,9,10,11"
6026,4,H8,Anada,33,Berenguer de Palou - Pare Manyanet,947,17:12:49,12.82,16.066666666666666,964.0,"1,2,3,4,5,6,7,8,9,10"
6215,5,H8,Anada,33,Berenguer de Palou - Pare Manyanet,947,17:28:29,28.48,14.8,888.0,
6409,5,H8,Anada,33,Berenguer de Palou - Pare Manyanet,947,17:31:55,31.92,3.433333333366667,206.0,
6056,6,H8,Anada,33,Berenguer de Palou - Pare Manyanet,947,17:35:32,35.53,3.633333333266667,218.0,19
6055,5,H8,Anada,33,Berenguer de Palou - Pare Manyanet,947,17:56:46,56.77,21.2166666667,1273.0,
6411,5,H8,Anada,33,Berenguer de Palou - Pare Manyanet,947,17:58:09,58.15,1.3999999999666668,84.0,
6015,2,H8,Anada,33,Berenguer de Palou - Pare Manyanet,947,18:17:05,17.08,18.933333333333334,1136.0,
6800,5,H8,Anada,33,Berenguer de Palou - Pare Manyanet,947,18:19:55,19.92,1.8333333334,110.0,
6213,5,H8,Anada,33,Berenguer de Palou - Pare Manyanet,947,18:25:23,25.38,5.483333333266667,329.0,
6407,5,H8,Anada,33,Berenguer de Palou - Pare Manyanet,947,18:35:15,35.25,9.866666666666667,592.0,
6211,6,H8,Anada,33,Berenguer de Palou - Pare Manyanet,947,18:43:05,43.08,7.833333333333333,470.0,
6036,2,H8,Anada,33,Berenguer de Palou - Pare Manyanet,947,18:58:11,58.18,15.083333333399999,905.0,
6216,5,H8,Anada,33,Berenguer de Palou - Pare Manyanet,947,19:08:05,8.08,9.916666666600001,595.0,
6413,6,H8,Anada,33,Berenguer de Palou - Pare Manyanet,947,19:23:08,23.13,15.033333333366667,902.0,
6415,6,H8,Anada,33,Berenguer de Palou - Pare Manyanet,947,19:33:15,33.25,10.116666666683333,607.0,
6209,6,H8,Anada,33,Berenguer de Palou - Pare Manyanet,947,19:37:02,37.03,3.7999999999500003,228.0,"9,19"
6408,6,H8,Anada,33,Berenguer de Palou - Pare Manyanet,947,19:55:28,55.47,18.4166666667,1105.0,
6025,1,H8,Anada,33,Berenguer de Palou - Pare Manyanet,947,19:57:18,57.3,1.8499999999666668,111.0,"1,2,3,4,5,6,7,8,9,10,11,12,13,14,15,16,17,18,19,20,21,22,36,37,38,39"
6215,6,H8,Anada,33,Berenguer de Palou - Pare Manyanet,947,20:01:52,1.87,4.5500000000666665,273.0,1
6409,6,H8,Anada,33,Berenguer de Palou - Pare Manyanet,947,20:09:51,9.85,7.9833333333,479.0,
6056,7,H8,Anada,33,Berenguer de Palou - Pare Manyanet,947,20:16:06,16.1,6.266666666633333,376.0,
6411,6,H8,Anada,33,Berenguer de Palou - Pare Manyanet,947,20:29:53,29.88,13.783333333349999,827.0,30
6414,6,H8,Anada,33,Berenguer de Palou - Pare Manyanet,947,20:53:35,53.58,23.68333333335,1421.0,34
6213,6,H8,Anada,33,Berenguer de Palou - Pare Manyanet,947,21:05:55,5.92,12.333333333333334,740.0,
6212,8,H8,Anada,33,Berenguer de Palou - Pare Manyanet,947,21:14:11,14.18,8.266666666699999,496.0,
6036,3,H8,Anada,33,Berenguer de Palou - Pare Manyanet,947,21:28:07,28.12,13.916666666666666,835.0,
6413,7,H8,Anada,33,Berenguer de Palou - Pare Manyanet,947,21:39:34,39.57,11.466666666633333,688.0,
6200,3,H8,Anada,33,Berenguer de Palou - Pare Manyanet,947,22:04:28,4.47,24.9,1494.0,30
6408,7,H8,Anada,33,Berenguer de Palou - Pare Manyanet,947,22:09:08,9.13,4.666666666666667,280.0,24
6211,1,H8,Anada,34,Pare Manyanet - Virgili,327,03:54:43,54.72,,,"1,2,3,4,5,6,7,8,9,10,11,12,13,14,15,16,17,18,19,20,21"
6212,1,H8,Anada,34,Pare Manyanet - Virgili,327,04:06:34,6.57,11.833333333366665,710.0,"1,2,3,4,5,6,7,8,9,10,30"
6413,1,H8,Anada,34,Pare Manyanet - Virgili,327,04:26:05,26.08,19.5333333333,1172.0,1
6415,1,H8,Anada,34,Pare Manyanet - Virgili,327,04:39:39,39.65,13.550000000066666,813.0,1
6209,1,H8,Anada,34,Pare Manyanet - Virgili,327,04:48:25,48.42,8.766666666633334,526.0,
6022,1,H8,Anada,34,Pare Manyanet - Virgili,327,05:00:21,0.35,11.949999999966668,717.0,1
6408,1,H8,Anada,34,Pare Manyanet - Virgili,327,05:08:01,8.02,7.650000000033333,459.0,"1,2,3"
6215,1,H8,Anada,34,Pare Manyanet - Virgili,327,05:20:07,20.12,12.116666666633334,727.0,
6409,1,H8,Anada,34,Pare Manyanet - Virgili,327,05:28:23,28.38,8.250000000066667,495.0,
6056,1,H8,Anada,34,Pare Manyanet - Virgili,327,05:44:01,44.02,15.649999999933334,939.0,14
6411,1,H8,Anada,34,Pare Manyanet - Virgili,327,05:51:39,51.65,7.6333333333499995,458.0,
6055,1,H8,Anada,34,Pare Manyanet - Virgili,327,05:58:58,58.97,7.31666666665,439.0,"1,18,35,36"
6414,1,H8,Anada,34,Pare Manyanet - Virgili,327,06:07:02,7.03,8.066666666666666,484.0,"1,2,3"
6117,1,H8,Anada,34,Pare Manyanet - Virgili,327,06:14:51,14.85,7.8000000000666665,468.0,
6800,1,H8,Anada,34,Pare Manyanet - Virgili,327,06:21:35,21.58,6.733333333333333,404.0,
6213,1,H8,Anada,34,Pare Manyanet - Virgili,327,06:30:17,30.28,8.716666666616668,523.0,
6407,1,H8,Anada,34,Pare Manyanet - Virgili,327,06:44:50,44.83,14.549999999983333,873.0,
6211,2,H8,Anada,34,Pare Manyanet - Virgili,327,06:49:56,49.93,5.083333333400001,305.0,1
6212,2,H8,Anada,34,Pare Manyanet - Virgili,327,07:03:23,3.38,13.4666666666,808.0,
6216,1,H8,Anada,34,Pare Manyanet - Virgili,327,07:15:14,15.23,11.85,711.0,
6413,2,H8,Anada,34,Pare Manyanet - Virgili,327,07:29:18,29.3,14.050000000066666,843.0,
6217,1,H8,Anada,34,Pare Manyanet - Virgili,327,07:31:25,31.42,2.1166666666666667,127.0,
6415,2,H8,Anada,34,Pare Manyanet - Virgili,327,07:48:29,48.48,17.06666666665,1024.0,
6026,1,H8,Anada,34,Pare Manyanet - Virgili,327,07:51:22,51.37,2.89999999995,174.0,
6209,2,H8,Anada,34,Pare Manyanet - Virgili,327,08:06:26,6.43,15.066666666666666,904.0,36
6022,2,H8,Anada,34,Pare Manyanet - Virgili,327,08:13:09,13.15,6.700000000066667,402.0,
6408,2,H8,Anada,34,Pare Manyanet - Virgili,327,08:18:35,18.58,5.433333333333334,326.0,
6215,2,H8,Anada,34,Pare Manyanet - Virgili,327,08:25:18,25.3,6.733333333266667,404.0,
6409,2,H8,Anada,34,Pare Manyanet - Virgili,327,08:31:53,31.88,6.5666666667,394.0,19
6411,2,H8,Anada,34,Pare Manyanet - Virgili,327,08:50:02,50.03,18.150000000033334,1089.0,
6055,2,H8,Anada,34,Pare Manyanet - Virgili,327,08:58:49,58.82,8.799999999933334,528.0,
6414,2,H8,Anada,34,Pare Manyanet - Virgili,327,09:13:34,13.57,14.7333333334,884.0,
6800,2,H8,Anada,34,Pare Manyanet - Virgili,327,09:26:44,26.73,13.166666666633335,790.0,
6213,2,H8,Anada,34,Pare Manyanet - Virgili,327,09:29:23,29.38,2.666666666633333,160.0,
6407,2,H8,Anada,34,Pare Manyanet - Virgili,327,09:42:06,42.1,12.700000000066666,762.0,
6211,3,H8,Anada,34,Pare Manyanet - Virgili,327,09:54:46,54.77,12.666666666666666,760.0,
6212,3,H8,Anada,34,Pare Manyanet - Virgili,327,10:06:33,6.55,11.799999999933334,708.0,
6216,2,H8,Anada,34,Pare Manyanet - Virgili,327,10:18:47,18.78,12.216666666733333,733.0,
6413,3,H8,Anada,34,Pare Manyanet - Virgili,327,10:28:14,28.23,9.449999999966668,567.0,
6217,2,H8,Anada,34,Pare Manyanet - Virgili,327,10:35:39,35.65,7.416666666699999,445.0,
6415,3,H8,Anada,34,Pare Manyanet - Virgili,327,10:43:31,43.52,7.883333333266666,473.0,
6026,2,H8,Anada,34,Pare Manyanet - Virgili,327,10:55:34,55.57,12.05,723.0,
6209,3,H8,Anada,34,Pare Manyanet - Virgili,327,11:00:06,0.1,4.533333333333333,272.0,1
6408,3,H8,Anada,34,Pare Manyanet - Virgili,327,11:08:35,8.58,8.4666666667,508.0,
6215,3,H8,Anada,34,Pare Manyanet - Virgili,327,11:27:31,27.52,18.949999999966668,1137.0,
6409,3,H8,Anada,34,Pare Manyanet - Virgili,327,11:30:29,30.48,2.9500000000333335,177.0,
6056,4,H8,Anada,34,Pare Manyanet - Virgili,327,11:47:10,47.17,16.683333333333334,1001.0,
6411,3,H8,Anada,34,Pare Manyanet - Virgili,327,11:55:32,55.53,8.366666666666667,502.0,
6055,3,H8,Anada,34,Pare Manyanet - Virgili,327,12:01:50,1.83,6.300000000033333,378.0,
6414,3,H8,Anada,34,Pare Manyanet - Virgili,327,12:08:15,8.25,6.416666666666667,385.0,
6800,3,H8,Anada,34,Pare Manyanet - Virgili,327,12:21:13,21.22,12.983333333266668,779.0,
6213,3,H8,Anada,34,Pare Manyanet - Virgili,327,12:28:01,28.02,6.7833333333666666,407.0,5
6407,3,H8,Anada,34,Pare Manyanet - Virgili,327,12:38:58,38.97,10.966666666633333,658.0,
6211,4,H8,Anada,34,Pare Manyanet - Virgili,327,12:49:56,49.93,10.950000000066666,657.0,
6212,4,H8,Anada,34,Pare Manyanet - Virgili,327,12:58:32,58.53,8.599999999966666,516.0,
6216,3,H8,Anada,34,Pare Manyanet - Virgili,327,13:08:42,8.7,10.1666666667,610.0,
6413,4,H8,Anada,34,Pare Manyanet - Virgili,327,13:21:51,21.85,13.15,789.0,
6217,3,H8,Anada,34,Pare Manyanet - Virgili,327,13:26:54,26.9,5.05,303.0,
6415,4,H8,Anada,34,Pare Manyanet - Virgili,327,13:40:30,40.5,13.6166666666,817.0,
6209,4,H8,Anada,34,Pare Manyanet - Virgili,327,13:53:38,53.63,13.133333333333333,788.0,
6408,4,H8,Anada,34,Pare Manyanet - Virgili,327,14:05:41,5.68,12.033333333366667,722.0,
6215,4,H8,Anada,34,Pare Manyanet - Virgili,327,14:26:34,26.57,20.883333333366668,1253.0,
6409,4,H8,Anada,34,Pare Manyanet - Virgili,327,14:30:33,30.55,3.9833333333,239.0,
6056,5,H8,Anada,34,Pare Manyanet - Virgili,327,14:33:50,33.83,3.283333333333333,197.0,
6411,4,H8,Anada,34,Pare Manyanet - Virgili,327,14:48:08,48.13,14.300000000033332,858.0,
6055,4,H8,Anada,34,Pare Manyanet - Virgili,327,14:57:37,57.62,9.483333333300001,569.0,1
6015,1,H8,Anada,34,Pare Manyanet - Virgili,327,15:11:36,11.6,13.983333333366666,839.0,1
6414,4,H8,Anada,34,Pare Manyanet - Virgili,327,15:22:02,22.03,10.44999999995,627.0,
6800,4,H8,Anada,34,Pare Manyanet - Virgili,327,15:28:19,28.32,6.266666666683333,376.0,
6213,4,H8,Anada,34,Pare Manyanet - Virgili,327,15:33:51,33.85,5.549999999966667,333.0,
6407,4,H8,Anada,34,Pare Manyanet - Virgili,327,15:45:57,45.95,12.083333333366665,725.0,
6211,5,H8,Anada,34,Pare Manyanet - Virgili,327,15:53:32,53.53,7.599999999966667,456.0,
6212,5,H8,Anada,34,Pare Manyanet - Virgili,327,16:06:54,6.9,13.366666666666667,802.0,
6036,1,H8,Anada,34,Pare Manyanet - Virgili,327,16:10:37,10.62,3.71666666665,223.0,"1,2,3,4,33"
6216,4,H8,Anada,34,Pare Manyanet - Virgili,327,16:18:46,18.77,8.133333333416667,488.0,
6413,5,H8,Anada,34,Pare Manyanet - Virgili,327,16:38:43,38.72,19.949999999966668,1197.0,
6217,4,H8,Anada,34,Pare Manyanet - Virgili,327,16:39:54,39.9,1.1999999999666668,72.0,
6415,5,H8,Anada,34,Pare Manyanet - Virgili,327,16:44:52,44.87,4.966666666666667,298.0,
6209,5,H8,Anada,34,Pare Manyanet - Virgili,327,16:58:13,58.22,13.333333333366665,800.0,"8,9,10,11"
6026,4,H8,Anada,34,Pare Manyanet - Virgili,327,17:15:07,15.12,16.916666666633333,1015.0,"1,2,3,4,5,6,7,8,9,10"
6215,5,H8,Anada,34,Pare Manyanet - Virgili,327,17:29:57,29.95,14.050000000033332,843.0,
6409,5,H8,Anada,34,Pare Manyanet - Virgili,327,17:33:44,33.73,3.7999999999333336,228.0,
6056,6,H8,Anada,34,Pare Manyanet - Virgili,327,17:37:01,37.02,3.283333333333333,197.0,19
6055,5,H8,Anada,34,Pare Manyanet - Virgili,327,17:58:00,58.0,20.983333333333334,1259.0,
6411,5,H8,Anada,34,Pare Manyanet - Virgili,327,18:00:17,0.28,2.2666666667333333,136.0,
6015,2,H8,Anada,34,Pare Manyanet - Virgili,327,18:18:21,18.35,18.066666666633335,1084.0,
6414,5,H8,Anada,34,Pare Manyanet - Virgili,327,18:20:01,20.02,1.6666666666999999,100.0,21
6800,5,H8,Anada,34,Pare Manyanet - Virgili,327,18:21:02,21.03,1.0333333332666668,62.0,
6213,5,H8,Anada,34,Pare Manyanet - Virgili,327,18:26:56,26.93,5.9,354.0,
6407,5,H8,Anada,34,Pare Manyanet - Virgili,327,18:37:09,37.15,10.200000000066666,612.0,
6211,6,H8,Anada,34,Pare Manyanet - Virgili,327,18:45:16,45.27,8.116666666666667,487.0,
6036,2,H8,Anada,34,Pare Manyanet - Virgili,327,18:59:51,59.85,14.599999999933335,876.0,
6216,5,H8,Anada,34,Pare Manyanet - Virgili,327,19:09:46,9.77,9.916666666666666,595.0,
6413,6,H8,Anada,34,Pare Manyanet - Virgili,327,19:24:42,24.7,14.933333333333334,896.0,
6415,6,H8,Anada,34,Pare Manyanet - Virgili,327,19:34:58,34.97,10.250000000033333,615.0,
6209,6,H8,Anada,34,Pare Manyanet - Virgili,327,19:38:30,38.5,3.533333333366667,212.0,"9,19"
6408,6,H8,Anada,34,Pare Manyanet - Virgili,327,19:56:23,56.38,17.8833333333,1073.0,
6025,1,H8,Anada,34,Pare Manyanet - Virgili,327,19:58:36,58.6,2.2333333333,134.0,"1,2,3,4,5,6,7,8,9,10,11,12,13,14,15,16,17,18,19,20,21,22,36,37,38,39"
6215,6,H8,Anada,34,Pare Manyanet - Virgili,327,20:03:52,3.87,5.266666666666667,316.0,1
6409,6,H8,Anada,34,Pare Manyanet - Virgili,327,20:12:07,12.12,8.233333333366666,494.0,
6056,7,H8,Anada,34,Pare Manyanet - Virgili,327,20:18:04,18.07,5.950000000033333,357.0,
6411,6,H8,Anada,34,Pare Manyanet - Virgili,327,20:30:58,30.97,12.9,774.0,30
6025,2,H8,Anada,34,Pare Manyanet - Virgili,327,21:15:30,15.5,8.116666666666667,487.0,
6036,3,H8,Anada,34,Pare Manyanet - Virgili,327,21:29:20,29.33,13.3833333334,803.0,
6413,7,H8,Anada,34,Pare Manyanet - Virgili,327,21:41:02,41.03,11.7,702.0,
6200,3,H8,Anada,34,Pare Manyanet - Virgili,327,22:04:55,4.92,23.883333333333333,1433.0,30
6408,7,H8,Anada,34,Pare Manyanet - Virgili,327,22:10:11,10.18,5.266666666633333,316.0,24
6211,1,H8,Anada,35,Segre - Borriana,3284,03:56:24,56.4,,,"1,2,3,4,5,6,7,8,9,10,11,12,13,14,15,16,17,18,19,20,21"
6212,1,H8,Anada,35,Segre - Borriana,3284,04:08:14,8.23,11.833333333333334,710.0,"1,2,3,4,5,6,7,8,9,10,30"
6413,1,H8,Anada,35,Segre - Borriana,3284,04:27:36,27.6,19.383333333266666,1163.0,1
6415,1,H8,Anada,35,Segre - Borriana,3284,04:42:13,42.22,14.616666666666667,877.0,1
6209,1,H8,Anada,35,Segre - Borriana,3284,04:50:05,50.08,7.850000000033333,471.0,
6022,1,H8,Anada,35,Segre - Borriana,3284,05:01:40,1.67,11.583333333366665,695.0,1
6408,1,H8,Anada,35,Segre - Borriana,3284,05:10:01,10.02,8.35,501.0,"1,2,3"
6215,1,H8,Anada,35,Segre - Borriana,3284,05:22:02,22.03,12.033333333266667,722.0,
6409,1,H8,Anada,35,Segre - Borriana,3284,05:30:33,30.55,8.500000000066667,510.0,
6056,1,H8,Anada,35,Segre - Borriana,3284,05:45:57,45.95,15.4,924.0,14
6411,1,H8,Anada,35,Segre - Borriana,3284,05:54:20,54.33,8.399999999933334,504.0,
6414,1,H8,Anada,35,Segre - Borriana,3284,06:08:51,8.85,14.500000000033333,870.0,"1,2,3"
6117,1,H8,Anada,35,Segre - Borriana,3284,06:16:33,16.55,7.7,462.0,
6800,1,H8,Anada,35,Segre - Borriana,3284,06:24:27,24.45,7.916666666633334,475.0,
6213,1,H8,Anada,35,Segre - Borriana,3284,06:31:51,31.85,7.4,444.0,
6407,1,H8,Anada,35,Segre - Borriana,3284,06:47:14,47.23,15.383333333333333,923.0,
6211,2,H8,Anada,35,Segre - Borriana,3284,06:51:45,51.75,4.500000000066667,270.0,1
6212,2,H8,Anada,35,Segre - Borriana,3284,07:05:23,5.38,13.633333333333333,818.0,
6216,1,H8,Anada,35,Segre - Borriana,3284,07:17:12,17.2,11.816666666666666,709.0,
6413,2,H8,Anada,35,Segre - Borriana,3284,07:31:23,31.38,14.183333333333334,851.0,
6217,1,H8,Anada,35,Segre - Borriana,3284,07:33:21,33.35,1.9833333332666667,119.0,
6415,2,H8,Anada,35,Segre - Borriana,3284,07:50:36,50.6,17.25,1035.0,
6026,1,H8,Anada,35,Segre - Borriana,3284,07:53:50,53.83,3.2166666667,193.0,
6209,2,H8,Anada,35,Segre - Borriana,3284,08:08:39,8.65,14.8166666667,889.0,36
6022,2,H8,Anada,35,Segre - Borriana,3284,08:14:42,14.7,6.0666666666,364.0,
6408,2,H8,Anada,35,Segre - Borriana,3284,08:21:02,21.03,6.316666666733334,379.0,
6215,2,H8,Anada,35,Segre - Borriana,3284,08:27:37,27.62,6.599999999933333,396.0,
6409,2,H8,Anada,35,Segre - Borriana,3284,08:32:56,32.93,5.3000000000666665,318.0,19
6056,3,H8,Anada,35,Segre - Borriana,3284,08:47:05,47.08,14.166666666600001,850.0,"22,34"
6411,2,H8,Anada,35,Segre - Borriana,3284,08:51:27,51.45,4.350000000033333,261.0,
6055,2,H8,Anada,35,Segre - Borriana,3284,09:00:37,0.62,9.166666666666666,550.0,
6414,2,H8,Anada,35,Segre - Borriana,3284,09:15:29,15.48,14.866666666666667,892.0,
6800,2,H8,Anada,35,Segre - Borriana,3284,09:29:32,29.53,14.050000000033332,843.0,
6213,2,H8,Anada,35,Segre - Borriana,3284,09:30:33,30.55,1.0166666666666666,61.0,
6407,2,H8,Anada,35,Segre - Borriana,3284,09:44:21,44.35,13.8,828.0,
6211,3,H8,Anada,35,Segre - Borriana,3284,09:56:22,56.37,12.016666666666667,721.0,
6212,3,H8,Anada,35,Segre - Borriana,3284,10:08:32,8.53,12.166666666633335,730.0,
6216,2,H8,Anada,35,Segre - Borriana,3284,10:21:04,21.07,12.533333333333333,752.0,
6413,3,H8,Anada,35,Segre - Borriana,3284,10:29:37,29.62,8.55,513.0,
6217,2,H8,Anada,35,Segre - Borriana,3284,10:37:51,37.85,8.249999999966667,495.0,
6415,3,H8,Anada,35,Segre - Borriana,3284,10:44:38,44.63,6.766666666733333,406.0,
6026,2,H8,Anada,35,Segre - Borriana,3284,10:57:33,57.55,12.933333333266667,776.0,
6209,3,H8,Anada,35,Segre - Borriana,3284,11:02:14,2.23,4.666666666699999,280.0,1
6408,3,H8,Anada,35,Segre - Borriana,3284,11:12:09,12.15,9.9333333333,596.0,
6215,3,H8,Anada,35,Segre - Borriana,3284,11:29:13,29.22,17.050000000066667,1023.0,
6409,3,H8,Anada,35,Segre - Borriana,3284,11:33:10,33.17,3.9499999999666664,237.0,
6056,4,H8,Anada,35,Segre - Borriana,3284,11:48:45,48.75,15.583333333333334,935.0,
6411,3,H8,Anada,35,Segre - Borriana,3284,11:57:18,57.3,8.550000000033332,513.0,
6055,3,H8,Anada,35,Segre - Borriana,3284,12:03:38,3.63,6.349999999933333,381.0,
6414,3,H8,Anada,35,Segre - Borriana,3284,12:09:48,9.8,6.150000000066667,369.0,
6800,3,H8,Anada,35,Segre - Borriana,3284,12:23:10,23.17,13.366666666666667,802.0,
6213,3,H8,Anada,35,Segre - Borriana,3284,12:29:43,29.72,6.5666666666,394.0,5
6407,3,H8,Anada,35,Segre - Borriana,3284,12:41:25,41.42,11.683333333399998,701.0,
6211,4,H8,Anada,35,Segre - Borriana,3284,12:51:57,51.95,10.549999999933334,633.0,
6212,4,H8,Anada,35,Segre - Borriana,3284,13:00:08,0.13,8.183333333333334,491.0,
6216,3,H8,Anada,35,Segre - Borriana,3284,13:10:39,10.65,10.500000000033333,630.0,
6413,4,H8,Anada,35,Segre - Borriana,3284,13:24:35,24.58,13.933333333366667,836.0,
6217,3,H8,Anada,35,Segre - Borriana,3284,13:28:54,28.9,4.316666666633334,259.0,
6415,4,H8,Anada,35,Segre - Borriana,3284,13:42:39,42.65,13.750000000033333,825.0,
6209,4,H8,Anada,35,Segre - Borriana,3284,13:57:30,57.5,14.85,891.0,
6408,4,H8,Anada,35,Segre - Borriana,3284,14:06:30,6.5,9.0,540.0,
6215,4,H8,Anada,35,Segre - Borriana,3284,14:29:57,29.95,23.466666666600002,1408.0,
6409,4,H8,Anada,35,Segre - Borriana,3284,14:32:46,32.77,2.8000000000666665,168.0,
6056,5,H8,Anada,35,Segre - Borriana,3284,14:35:44,35.73,2.966666666633333,178.0,
6411,4,H8,Anada,35,Segre - Borriana,3284,14:50:34,50.57,14.833333333333334,890.0,
6055,4,H8,Anada,35,Segre - Borriana,3284,15:00:21,0.35,9.783333333366667,587.0,1
6015,1,H8,Anada,35,Segre - Borriana,3284,15:13:45,13.75,13.399999999966667,804.0,1
6414,4,H8,Anada,35,Segre - Borriana,3284,15:24:05,24.08,10.34999999995,621.0,
6800,4,H8,Anada,35,Segre - Borriana,3284,15:30:05,30.08,6.000000000033333,360.0,
6213,4,H8,Anada,35,Segre - Borriana,3284,15:36:48,36.8,6.71666666665,403.0,
6407,4,H8,Anada,35,Segre - Borriana,3284,15:47:15,47.25,10.433333333366667,626.0,
6211,5,H8,Anada,35,Segre - Borriana,3284,15:55:38,55.63,8.383333333366666,503.0,
6212,5,H8,Anada,35,Segre - Borriana,3284,16:09:10,9.17,13.549999999933334,813.0,
6036,1,H8,Anada,35,Segre - Borriana,3284,16:13:08,13.13,3.9500000000666664,237.0,"1,2,3,4,33"
6216,4,H8,Anada,35,Segre - Borriana,3284,16:20:14,20.23,7.1,426.0,
6413,5,H8,Anada,35,Segre - Borriana,3284,16:40:50,40.83,20.616666666616666,1237.0,
6415,5,H8,Anada,35,Segre - Borriana,3284,16:47:39,47.65,6.433333333333334,386.0,
6209,5,H8,Anada,35,Segre - Borriana,3284,17:00:52,0.87,13.200000000033333,792.0,"8,9,10,11"
6200,1,H8,Anada,35,Segre - Borriana,3284,17:18:00,18.0,17.149999999966667,1029.0,
6215,5,H8,Anada,35,Segre - Borriana,3284,17:32:43,32.72,14.45,867.0,
6409,5,H8,Anada,35,Segre - Borriana,3284,17:36:09,36.15,3.433333333333333,206.0,
6056,6,H8,Anada,35,Segre - Borriana,3284,17:39:09,39.15,3.0,180.0,19
6055,5,H8,Anada,35,Segre - Borriana,3284,18:00:16,0.27,21.116666666633332,1267.0,
6411,5,H8,Anada,35,Segre - Borriana,3284,18:02:31,2.52,2.25,135.0,
6015,2,H8,Anada,35,Segre - Borriana,3284,18:20:10,20.17,17.650000000016668,1059.0,
6414,5,H8,Anada,35,Segre - Borriana,3284,18:22:36,22.6,2.44999999995,147.0,21
6213,5,H8,Anada,35,Segre - Borriana,3284,18:28:54,28.9,5.9,354.0,
6407,5,H8,Anada,35,Segre - Borriana,3284,18:39:04,39.07,10.166666666633335,610.0,
6211,6,H8,Anada,35,Segre - Borriana,3284,18:46:51,46.85,7.799999999966667,468.0,
6036,2,H8,Anada,35,Segre - Borriana,3284,19:02:46,2.77,15.916666666666666,955.0,
6216,5,H8,Anada,35,Segre - Borriana,3284,19:11:19,11.32,8.55,513.0,
6413,6,H8,Anada,35,Segre - Borriana,3284,19:26:48,26.8,15.4666666667,928.0,
6415,6,H8,Anada,35,Segre - Borriana,3284,19:37:51,37.85,11.050000000016666,663.0,
6209,6,H8,Anada,35,Segre - Borriana,3284,19:40:12,40.2,2.3666666666333334,142.0,"9,19"
6408,6,H8,Anada,35,Segre - Borriana,3284,19:59:13,59.22,19.000000000016666,1140.0,
6025,1,H8,Anada,35,Segre - Borriana,3284,20:01:02,1.03,1.8166666666666667,109.0,"1,2,3,4,5,6,7,8,9,10,11,12,13,14,15,16,17,18,19,20,21,22,36,37,38,39"
6215,6,H8,Anada,35,Segre - Borriana,3284,20:06:09,6.15,5.1166666667,307.0,1
6409,6,H8,Anada,35,Segre - Borriana,3284,20:13:01,13.02,6.883333333266666,413.0,
6056,7,H8,Anada,35,Segre - Borriana,3284,20:20:11,20.18,7.150000000033333,429.0,
6411,6,H8,Anada,35,Segre - Borriana,3284,20:33:10,33.17,12.999999999966667,780.0,30
6414,6,H8,Anada,35,Segre - Borriana,3284,20:54:25,54.42,21.25,1275.0,34
6213,6,H8,Anada,35,Segre - Borriana,3284,21:09:49,9.82,15.4,924.0,
6025,2,H8,Anada,35,Segre - Borriana,3284,21:16:54,16.9,7.066666666733334,424.0,
6036,3,H8,Anada,35,Segre - Borriana,3284,21:31:48,31.8,14.48333333335,869.0,
6413,7,H8,Anada,35,Segre - Borriana,3284,21:42:57,42.95,11.15,669.0,
6200,3,H8,Anada,35,Segre - Borriana,3284,22:06:04,6.07,23.116666666666667,1387.0,30
6408,7,H8,Anada,35,Segre - Borriana,3284,22:11:13,11.22,5.15,309.0,24
6211,1,H8,Anada,36,Sant Adrià - Josep Soldevila,3282,03:57:11,57.18,,,"1,2,3,4,5,6,7,8,9,10,11,12,13,14,15,16,17,18,19,20,21"
6212,1,H8,Anada,36,Sant Adrià - Josep Soldevila,3282,04:09:18,9.3,12.116666666666667,727.0,"1,2,3,4,5,6,7,8,9,10,30"
6413,1,H8,Anada,36,Sant Adrià - Josep Soldevila,3282,04:29:18,29.3,20.0166666666,1201.0,1
6415,1,H8,Anada,36,Sant Adrià - Josep Soldevila,3282,04:44:12,44.2,14.8833333334,893.0,1
6209,1,H8,Anada,36,Sant Adrià - Josep Soldevila,3282,04:52:29,52.48,8.2833333333,497.0,
6022,1,H8,Anada,36,Sant Adrià - Josep Soldevila,3282,05:04:09,4.15,11.666666666666666,700.0,1
6408,1,H8,Anada,36,Sant Adrià - Josep Soldevila,3282,05:12:06,12.1,7.950000000033333,477.0,"1,2,3"
6215,1,H8,Anada,36,Sant Adrià - Josep Soldevila,3282,05:23:29,23.48,11.399999999933334,684.0,
6409,1,H8,Anada,36,Sant Adrià - Josep Soldevila,3282,05:32:27,32.45,8.950000000033333,537.0,
6056,1,H8,Anada,36,Sant Adrià - Josep Soldevila,3282,05:46:34,46.57,14.1333333333,848.0,14
6411,1,H8,Anada,36,Sant Adrià - Josep Soldevila,3282,05:55:59,55.98,9.400000000033334,564.0,
6414,1,H8,Anada,36,Sant Adrià - Josep Soldevila,3282,06:11:09,11.15,15.183333333283334,911.0,"1,2,3"
6117,1,H8,Anada,36,Sant Adrià - Josep Soldevila,3282,06:19:04,19.07,7.900000000083334,474.0,
6800,1,H8,Anada,36,Sant Adrià - Josep Soldevila,3282,06:27:43,27.72,8.649999999966667,519.0,
6213,1,H8,Anada,36,Sant Adrià - Josep Soldevila,3282,06:35:17,35.28,7.566666666666666,454.0,
6407,1,H8,Anada,36,Sant Adrià - Josep Soldevila,3282,06:49:17,49.28,14.016666666633334,841.0,
6211,2,H8,Anada,36,Sant Adrià - Josep Soldevila,3282,06:53:26,53.43,4.15,249.0,1
6212,2,H8,Anada,36,Sant Adrià - Josep Soldevila,3282,07:07:09,7.15,13.716666666666667,823.0,
6216,1,H8,Anada,36,Sant Adrià - Josep Soldevila,3282,07:19:18,19.3,12.1333333334,728.0,
6413,2,H8,Anada,36,Sant Adrià - Josep Soldevila,3282,07:34:15,34.25,14.95,897.0,
6217,1,H8,Anada,36,Sant Adrià - Josep Soldevila,3282,07:35:22,35.37,1.1166666666666667,67.0,
6415,2,H8,Anada,36,Sant Adrià - Josep Soldevila,3282,07:53:57,53.95,18.583333333333332,1115.0,
6026,1,H8,Anada,36,Sant Adrià - Josep Soldevila,3282,07:55:39,55.65,1.7,102.0,
6022,2,H8,Anada,36,Sant Adrià - Josep Soldevila,3282,08:17:47,17.78,22.149999999933335,1329.0,
6408,2,H8,Anada,36,Sant Adrià - Josep Soldevila,3282,08:23:31,23.52,5.733333333333333,344.0,
6215,2,H8,Anada,36,Sant Adrià - Josep Soldevila,3282,08:29:29,29.48,5.9666666666833335,358.0,
6409,2,H8,Anada,36,Sant Adrià - Josep Soldevila,3282,08:35:57,35.95,6.45000000005,387.0,19
6056,3,H8,Anada,36,Sant Adrià - Josep Soldevila,3282,08:49:31,49.52,13.583333333266667,815.0,"22,34"
6411,2,H8,Anada,36,Sant Adrià - Josep Soldevila,3282,08:53:27,53.45,3.9166666667000003,235.0,
6055,2,H8,Anada,36,Sant Adrià - Josep Soldevila,3282,09:03:18,3.3,9.850000000033333,591.0,
6414,2,H8,Anada,36,Sant Adrià - Josep Soldevila,3282,09:17:23,17.38,14.09999999995,846.0,
6800,2,H8,Anada,36,Sant Adrià - Josep Soldevila,3282,09:31:30,31.5,14.100000000016667,846.0,
6407,2,H8,Anada,36,Sant Adrià - Josep Soldevila,3282,09:47:26,47.43,15.0,900.0,
6211,3,H8,Anada,36,Sant Adrià - Josep Soldevila,3282,10:00:16,0.27,12.8166666667,769.0,
6212,3,H8,Anada,36,Sant Adrià - Josep Soldevila,3282,10:11:48,11.8,11.533333333366667,692.0,
6216,2,H8,Anada,36,Sant Adrià - Josep Soldevila,3282,10:23:29,23.48,11.6833333333,701.0,
6413,3,H8,Anada,36,Sant Adrià - Josep Soldevila,3282,10:33:10,33.17,9.683333333366667,581.0,
6217,2,H8,Anada,36,Sant Adrià - Josep Soldevila,3282,10:40:18,40.3,7.133333333333334,428.0,
6415,3,H8,Anada,36,Sant Adrià - Josep Soldevila,3282,10:48:29,48.48,8.183333333333334,491.0,
6026,2,H8,Anada,36,Sant Adrià - Josep Soldevila,3282,10:59:30,59.5,11.033333333266667,662.0,
6209,3,H8,Anada,36,Sant Adrià - Josep Soldevila,3282,11:04:10,4.17,4.650000000066667,279.0,1
6408,3,H8,Anada,36,Sant Adrià - Josep Soldevila,3282,11:15:18,15.3,11.149999999933334,669.0,
6215,3,H8,Anada,36,Sant Adrià - Josep Soldevila,3282,11:31:24,31.4,16.1,966.0,
6409,3,H8,Anada,36,Sant Adrià - Josep Soldevila,3282,11:34:52,34.87,3.4500000000666664,207.0,
6056,4,H8,Anada,36,Sant Adrià - Josep Soldevila,3282,11:50:23,50.38,15.516666666666667,931.0,
6411,3,H8,Anada,36,Sant Adrià - Josep Soldevila,3282,11:59:21,59.35,8.966666666633333,538.0,
6055,3,H8,Anada,36,Sant Adrià - Josep Soldevila,3282,12:05:33,5.55,6.200000000033333,372.0,
6414,3,H8,Anada,36,Sant Adrià - Josep Soldevila,3282,12:11:49,11.82,6.2833333332666665,377.0,
6800,3,H8,Anada,36,Sant Adrià - Josep Soldevila,3282,12:25:34,25.57,13.7333333334,824.0,
6213,3,H8,Anada,36,Sant Adrià - Josep Soldevila,3282,12:30:59,30.98,5.433333333266666,326.0,5
6407,3,H8,Anada,36,Sant Adrià - Josep Soldevila,3282,12:43:04,43.07,12.066666666733333,724.0,
6211,4,H8,Anada,36,Sant Adrià - Josep Soldevila,3282,12:53:52,53.87,10.799999999966667,648.0,
6212,4,H8,Anada,36,Sant Adrià - Josep Soldevila,3282,13:02:30,2.5,8.633333333333333,518.0,
6216,3,H8,Anada,36,Sant Adrià - Josep Soldevila,3282,13:11:55,11.92,9.4166666667,565.0,
6413,4,H8,Anada,36,Sant Adrià - Josep Soldevila,3282,13:26:36,26.6,14.699999999933334,882.0,
6217,3,H8,Anada,36,Sant Adrià - Josep Soldevila,3282,13:30:27,30.45,3.85,231.0,
6415,4,H8,Anada,36,Sant Adrià - Josep Soldevila,3282,13:45:45,45.75,15.283333333366667,917.0,
6209,4,H8,Anada,36,Sant Adrià - Josep Soldevila,3282,13:59:34,59.57,13.816666666666666,829.0,
6408,4,H8,Anada,36,Sant Adrià - Josep Soldevila,3282,14:09:14,9.23,9.666666666666666,580.0,
6215,4,H8,Anada,36,Sant Adrià - Josep Soldevila,3282,14:32:52,32.87,23.649999999966667,1419.0,
6409,4,H8,Anada,36,Sant Adrià - Josep Soldevila,3282,14:34:48,34.8,1.9333333333333333,116.0,
6056,5,H8,Anada,36,Sant Adrià - Josep Soldevila,3282,14:39:01,39.02,4.200000000066667,252.0,
6411,4,H8,Anada,36,Sant Adrià - Josep Soldevila,3282,14:52:40,52.67,13.649999999966667,819.0,
6055,4,H8,Anada,36,Sant Adrià - Josep Soldevila,3282,15:03:16,3.27,10.600000000033333,636.0,1
6015,1,H8,Anada,36,Sant Adrià - Josep Soldevila,3282,15:17:12,17.2,13.949999999933334,837.0,1
6414,4,H8,Anada,36,Sant Adrià - Josep Soldevila,3282,15:26:43,26.72,9.500000000066667,570.0,
6800,4,H8,Anada,36,Sant Adrià - Josep Soldevila,3282,15:33:45,33.75,7.033333333333333,422.0,
6213,4,H8,Anada,36,Sant Adrià - Josep Soldevila,3282,15:39:14,39.23,5.499999999933333,330.0,
6407,4,H8,Anada,36,Sant Adrià - Josep Soldevila,3282,15:50:41,50.68,11.45,687.0,
6211,5,H8,Anada,36,Sant Adrià - Josep Soldevila,3282,15:58:33,58.55,7.866666666666666,472.0,
6212,5,H8,Anada,36,Sant Adrià - Josep Soldevila,3282,16:11:52,11.87,13.300000000033332,798.0,
6036,1,H8,Anada,36,Sant Adrià - Josep Soldevila,3282,16:15:50,15.83,3.9833333333,239.0,"1,2,3,4,33"
6216,4,H8,Anada,36,Sant Adrià - Josep Soldevila,3282,16:23:32,23.53,7.7,462.0,
6413,5,H8,Anada,36,Sant Adrià - Josep Soldevila,3282,16:42:54,42.9,19.366666666666667,1162.0,
6217,4,H8,Anada,36,Sant Adrià - Josep Soldevila,3282,16:43:59,43.98,1.0833333333333333,65.0,
6415,5,H8,Anada,36,Sant Adrià - Josep Soldevila,3282,16:51:15,51.25,7.250000000066667,435.0,
6209,5,H8,Anada,36,Sant Adrià - Josep Soldevila,3282,17:03:06,3.1,11.85,711.0,"8,9,10,11"
6408,5,H8,Anada,36,Sant Adrià - Josep Soldevila,3282,17:20:07,20.12,17.016666666666666,1021.0,
6215,5,H8,Anada,36,Sant Adrià - Josep Soldevila,3282,17:35:48,35.8,15.049999999933334,903.0,
6409,5,H8,Anada,36,Sant Adrià - Josep Soldevila,3282,17:37:31,37.52,1.7166666666666666,103.0,
6056,6,H8,Anada,36,Sant Adrià - Josep Soldevila,3282,17:41:49,41.82,4.3,258.0,19
6055,5,H8,Anada,36,Sant Adrià - Josep Soldevila,3282,18:02:41,2.68,20.850000000033333,1251.0,
6411,5,H8,Anada,36,Sant Adrià - Josep Soldevila,3282,18:04:22,4.37,1.6833333333666665,101.0,
6015,2,H8,Anada,36,Sant Adrià - Josep Soldevila,3282,18:22:44,22.73,18.366666666633332,1102.0,
6414,5,H8,Anada,36,Sant Adrià - Josep Soldevila,3282,18:24:41,24.68,1.9666666666333334,118.0,21
6213,5,H8,Anada,36,Sant Adrià - Josep Soldevila,3282,18:30:49,30.82,5.500000000033333,330.0,
6407,5,H8,Anada,36,Sant Adrià - Josep Soldevila,3282,18:41:12,41.2,10.3833333333,623.0,
6211,6,H8,Anada,36,Sant Adrià - Josep Soldevila,3282,18:48:21,48.35,7.150000000033333,429.0,
6036,2,H8,Anada,36,Sant Adrià - Josep Soldevila,3282,19:03:42,3.7,15.349999999966666,921.0,
6216,5,H8,Anada,36,Sant Adrià - Josep Soldevila,3282,19:14:17,14.28,10.599999999966666,636.0,
6413,6,H8,Anada,36,Sant Adrià - Josep Soldevila,3282,19:29:24,29.4,15.100000000033333,906.0,
6415,6,H8,Anada,36,Sant Adrià - Josep Soldevila,3282,19:39:56,39.93,10.549999999966667,633.0,
6209,6,H8,Anada,36,Sant Adrià - Josep Soldevila,3282,19:41:30,41.5,1.5500000000666667,93.0,"9,19"
6408,6,H8,Anada,36,Sant Adrià - Josep Soldevila,3282,20:00:37,0.62,19.116666666666667,1147.0,
6215,6,H8,Anada,36,Sant Adrià - Josep Soldevila,3282,20:07:35,7.58,6.966666666666667,418.0,1
6409,6,H8,Anada,36,Sant Adrià - Josep Soldevila,3282,20:15:34,15.57,7.999999999933333,480.0,
6056,7,H8,Anada,36,Sant Adrià - Josep Soldevila,3282,20:21:04,21.07,5.4833333334,329.0,
6411,6,H8,Anada,36,Sant Adrià - Josep Soldevila,3282,20:35:13,35.22,14.15,849.0,30
6414,6,H8,Anada,36,Sant Adrià - Josep Soldevila,3282,20:55:26,55.43,20.216666666633333,1213.0,34
6213,6,H8,Anada,36,Sant Adrià - Josep Soldevila,3282,21:11:20,11.33,15.916666666633335,955.0,
6025,2,H8,Anada,36,Sant Adrià - Josep Soldevila,3282,21:19:51,19.85,8.500000000033333,510.0,
6036,3,H8,Anada,36,Sant Adrià - Josep Soldevila,3282,21:33:52,33.87,13.9,834.0,
6413,7,H8,Anada,36,Sant Adrià - Josep Soldevila,3282,21:44:00,44.0,10.116666666733332,607.0,
6200,3,H8,Anada,36,Sant Adrià - Josep Soldevila,3282,22:08:07,8.12,24.133333333266666,1448.0,30
6408,7,H8,Anada,36,Sant Adrià - Josep Soldevila,3282,22:14:25,14.42,6.3,378.0,24
6211,1,H8,Anada,37,Ferran Junoy - Sant Adrià,2583,03:58:05,58.08,,,"1,2,3,4,5,6,7,8,9,10,11,12,13,14,15,16,17,18,19,20,21"
6212,1,H8,Anada,37,Ferran Junoy - Sant Adrià,2583,04:11:06,11.1,13.000000000033333,780.0,"1,2,3,4,5,6,7,8,9,10,30"
6413,1,H8,Anada,37,Ferran Junoy - Sant Adrià,2583,04:30:50,30.83,19.74999999996667,1185.0,1
6415,1,H8,Anada,37,Ferran Junoy - Sant Adrià,2583,04:45:41,45.68,14.85,891.0,1
6209,1,H8,Anada,37,Ferran Junoy - Sant Adrià,2583,04:53:55,53.92,8.2166666667,493.0,
6022,1,H8,Anada,37,Ferran Junoy - Sant Adrià,2583,05:04:58,4.97,11.050000000033332,663.0,1
6408,1,H8,Anada,37,Ferran Junoy - Sant Adrià,2583,05:13:24,13.4,8.433333333333334,506.0,"1,2,3"
6215,1,H8,Anada,37,Ferran Junoy - Sant Adrià,2583,05:25:20,25.33,11.9333333333,716.0,
6409,1,H8,Anada,37,Ferran Junoy - Sant Adrià,2583,05:33:13,33.22,7.883333333333334,473.0,
6056,1,H8,Anada,37,Ferran Junoy - Sant Adrià,2583,05:47:10,47.17,13.950000000033333,837.0,14
6411,1,H8,Anada,37,Ferran Junoy - Sant Adrià,2583,05:58:46,58.77,11.6,696.0,
6055,1,H8,Anada,37,Ferran Junoy - Sant Adrià,2583,06:00:36,0.6,1.8499999999333334,111.0,"1,18,35,36"
6414,1,H8,Anada,37,Ferran Junoy - Sant Adrià,2583,06:12:16,12.27,11.666666666666666,700.0,"1,2,3"
6117,1,H8,Anada,37,Ferran Junoy - Sant Adrià,2583,06:20:14,20.23,7.966666666666667,478.0,
6800,1,H8,Anada,37,Ferran Junoy - Sant Adrià,2583,06:29:02,29.03,8.783333333366667,527.0,
6213,1,H8,Anada,37,Ferran Junoy - Sant Adrià,2583,06:35:36,35.6,6.5666666667,394.0,
6407,1,H8,Anada,37,Ferran Junoy - Sant Adrià,2583,06:50:33,50.55,14.9666666666,898.0,
6211,2,H8,Anada,37,Ferran Junoy - Sant Adrià,2583,06:55:05,55.08,4.533333333333333,272.0,1
6212,2,H8,Anada,37,Ferran Junoy - Sant Adrià,2583,07:09:33,9.55,14.450000000066666,867.0,
6216,1,H8,Anada,37,Ferran Junoy - Sant Adrià,2583,07:20:51,20.85,11.299999999966667,678.0,
6413,2,H8,Anada,37,Ferran Junoy - Sant Adrià,2583,07:35:46,35.77,14.916666666683334,895.0,
6217,1,H8,Anada,37,Ferran Junoy - Sant Adrià,2583,07:37:42,37.7,1.9333333333166667,116.0,
6415,2,H8,Anada,37,Ferran Junoy - Sant Adrià,2583,07:55:23,55.38,17.683333333366665,1061.0,
6026,1,H8,Anada,37,Ferran Junoy - Sant Adrià,2583,07:57:13,57.22,1.8499999999333334,111.0,
6209,2,H8,Anada,37,Ferran Junoy - Sant Adrià,2583,08:12:17,12.28,15.050000000033332,903.0,36
6022,2,H8,Anada,37,Ferran Junoy - Sant Adrià,2583,08:19:51,19.85,7.5666666667,454.0,
6408,2,H8,Anada,37,Ferran Junoy - Sant Adrià,2583,08:24:57,24.95,5.1,306.0,
6215,2,H8,Anada,37,Ferran Junoy - Sant Adrià,2583,08:31:20,31.33,6.3833333333,383.0,
6409,2,H8,Anada,37,Ferran Junoy - Sant Adrià,2583,08:38:01,38.02,6.683333333366666,401.0,19
6056,3,H8,Anada,37,Ferran Junoy - Sant Adrià,2583,08:50:23,50.38,12.366666666666667,742.0,"22,34"
6411,2,H8,Anada,37,Ferran Junoy - Sant Adrià,2583,08:54:48,54.8,4.416666666633334,265.0,
6055,2,H8,Anada,37,Ferran Junoy - Sant Adrià,2583,09:04:18,4.3,9.500000000033333,570.0,
6414,2,H8,Anada,37,Ferran Junoy - Sant Adrià,2583,09:18:41,18.68,14.383333333333333,863.0,
6800,2,H8,Anada,37,Ferran Junoy - Sant Adrià,2583,09:32:56,32.93,14.2666666666,856.0,
6213,2,H8,Anada,37,Ferran Junoy - Sant Adrià,2583,09:34:27,34.45,1.5000000000333331,90.0,
6407,2,H8,Anada,37,Ferran Junoy - Sant Adrià,2583,09:49:21,49.35,14.9,894.0,
6211,3,H8,Anada,37,Ferran Junoy - Sant Adrià,2583,10:01:29,1.48,12.133333333366666,728.0,
6212,3,H8,Anada,37,Ferran Junoy - Sant Adrià,2583,10:13:48,13.8,12.316666666633333,739.0,
6216,2,H8,Anada,37,Ferran Junoy - Sant Adrià,2583,10:24:35,24.58,10.799999999966667,648.0,
6413,3,H8,Anada,37,Ferran Junoy - Sant Adrià,2583,10:34:20,34.33,9.733333333366666,584.0,
6217,2,H8,Anada,37,Ferran Junoy - Sant Adrià,2583,10:41:20,41.33,7.0,420.0,
6415,3,H8,Anada,37,Ferran Junoy - Sant Adrià,2583,10:49:05,49.08,7.766666666633333,466.0,
6026,2,H8,Anada,37,Ferran Junoy - Sant Adrià,2583,11:01:00,1.0,11.916666666666666,715.0,
6209,3,H8,Anada,37,Ferran Junoy - Sant Adrià,2583,11:05:11,5.18,4.1666666667,250.0,1
6408,3,H8,Anada,37,Ferran Junoy - Sant Adrià,2583,11:16:01,16.02,10.833333333366665,650.0,
6215,3,H8,Anada,37,Ferran Junoy - Sant Adrià,2583,11:32:09,32.15,16.133333333333333,968.0,
6409,3,H8,Anada,37,Ferran Junoy - Sant Adrià,2583,11:35:56,35.93,3.7833333333,227.0,
6056,4,H8,Anada,37,Ferran Junoy - Sant Adrià,2583,11:52:15,52.25,16.316666666699998,979.0,
6411,3,H8,Anada,37,Ferran Junoy - Sant Adrià,2583,12:01:10,1.17,8.916666666633335,535.0,
6055,3,H8,Anada,37,Ferran Junoy - Sant Adrià,2583,12:07:07,7.12,5.95,357.0,
6414,3,H8,Anada,37,Ferran Junoy - Sant Adrià,2583,12:13:28,13.47,6.35,381.0,
6800,3,H8,Anada,37,Ferran Junoy - Sant Adrià,2583,12:28:33,28.55,15.083333333333334,905.0,
6213,3,H8,Anada,37,Ferran Junoy - Sant Adrià,2583,12:33:01,33.02,4.466666666699999,268.0,5
6407,3,H8,Anada,37,Ferran Junoy - Sant Adrià,2583,12:45:44,45.73,12.733333333266668,764.0,
6211,4,H8,Anada,37,Ferran Junoy - Sant Adrià,2583,12:54:34,54.57,8.833333333333334,530.0,
6212,4,H8,Anada,37,Ferran Junoy - Sant Adrià,2583,13:04:00,4.0,9.433333333333334,566.0,
6216,3,H8,Anada,37,Ferran Junoy - Sant Adrià,2583,13:12:45,12.75,8.733333333366666,524.0,
6413,4,H8,Anada,37,Ferran Junoy - Sant Adrià,2583,13:28:06,28.1,15.350000000033333,921.0,
6217,3,H8,Anada,37,Ferran Junoy - Sant Adrià,2583,13:32:31,32.52,4.433333333266666,266.0,
6415,4,H8,Anada,37,Ferran Junoy - Sant Adrià,2583,13:47:13,47.22,14.7,882.0,
6209,4,H8,Anada,37,Ferran Junoy - Sant Adrià,2583,14:01:35,1.58,14.350000000066666,861.0,
6408,4,H8,Anada,37,Ferran Junoy - Sant Adrià,2583,14:11:10,11.17,9.599999999933335,576.0,
6215,4,H8,Anada,37,Ferran Junoy - Sant Adrià,2583,14:35:39,35.65,24.483333333333334,1469.0,
6056,5,H8,Anada,37,Ferran Junoy - Sant Adrià,2583,14:40:43,40.72,4.1333333332999995,248.0,
6411,4,H8,Anada,37,Ferran Junoy - Sant Adrià,2583,14:54:21,54.35,13.616666666733332,817.0,
6055,4,H8,Anada,37,Ferran Junoy - Sant Adrià,2583,15:05:41,5.68,11.333333333333334,680.0,1
6015,1,H8,Anada,37,Ferran Junoy - Sant Adrià,2583,15:19:08,19.13,13.4666666666,808.0,1
6414,4,H8,Anada,37,Ferran Junoy - Sant Adrià,2583,15:27:41,27.68,8.5333333334,512.0,
6800,4,H8,Anada,37,Ferran Junoy - Sant Adrià,2583,15:34:12,34.2,6.5333333332666665,392.0,
6213,4,H8,Anada,37,Ferran Junoy - Sant Adrià,2583,15:41:16,41.27,7.066666666666666,424.0,
6407,4,H8,Anada,37,Ferran Junoy - Sant Adrià,2583,15:51:42,51.7,10.433333333333334,626.0,
6211,5,H8,Anada,37,Ferran Junoy - Sant Adrià,2583,15:59:40,59.67,7.966666666666667,478.0,
6212,5,H8,Anada,37,Ferran Junoy - Sant Adrià,2583,16:14:34,14.57,14.883333333366666,893.0,
6036,1,H8,Anada,37,Ferran Junoy - Sant Adrià,2583,16:18:57,18.95,4.383333333333334,263.0,"1,2,3,4,33"
6216,4,H8,Anada,37,Ferran Junoy - Sant Adrià,2583,16:25:25,25.42,6.466666666666667,388.0,
6413,5,H8,Anada,37,Ferran Junoy - Sant Adrià,2583,16:45:03,45.05,19.633333333333333,1178.0,
6217,4,H8,Anada,37,Ferran Junoy - Sant Adrià,2583,16:46:40,46.67,1.6333333333000002,98.0,
6415,5,H8,Anada,37,Ferran Junoy - Sant Adrià,2583,16:51:23,51.38,4.700000000033333,282.0,
6209,5,H8,Anada,37,Ferran Junoy - Sant Adrià,2583,17:04:42,4.7,13.316666666666666,799.0,"8,9,10,11"
6408,5,H8,Anada,37,Ferran Junoy - Sant Adrià,2583,17:21:48,21.8,17.1,1026.0,
6215,5,H8,Anada,37,Ferran Junoy - Sant Adrià,2583,17:36:48,36.8,14.033333333333333,842.0,
6409,5,H8,Anada,37,Ferran Junoy - Sant Adrià,2583,17:39:33,39.55,2.7500000000333333,165.0,
6056,6,H8,Anada,37,Ferran Junoy - Sant Adrià,2583,17:42:21,42.35,2.7999999999666665,168.0,19
6055,5,H8,Anada,37,Ferran Junoy - Sant Adrià,2583,18:03:52,3.87,21.5333333333,1292.0,
6411,5,H8,Anada,37,Ferran Junoy - Sant Adrià,2583,18:06:58,6.97,3.0833333333999997,185.0,
6015,2,H8,Anada,37,Ferran Junoy - Sant Adrià,2583,18:23:30,23.5,16.533333333333335,992.0,
6414,5,H8,Anada,37,Ferran Junoy - Sant Adrià,2583,18:24:44,24.73,1.2333333333333334,74.0,21
6800,5,H8,Anada,37,Ferran Junoy - Sant Adrià,2583,18:26:17,26.28,1.5666666666,94.0,
6213,5,H8,Anada,37,Ferran Junoy - Sant Adrià,2583,18:32:32,32.53,6.2333333334,374.0,
6407,5,H8,Anada,37,Ferran Junoy - Sant Adrià,2583,18:41:45,41.75,9.233333333266668,554.0,
6211,6,H8,Anada,37,Ferran Junoy - Sant Adrià,2583,18:49:07,49.12,7.366666666666666,442.0,
6036,2,H8,Anada,37,Ferran Junoy - Sant Adrià,2583,19:05:55,5.92,16.8,1008.0,
6216,5,H8,Anada,37,Ferran Junoy - Sant Adrià,2583,19:15:00,15.0,9.066666666733333,544.0,
6413,6,H8,Anada,37,Ferran Junoy - Sant Adrià,2583,19:30:19,30.32,15.316666666666666,919.0,
6415,6,H8,Anada,37,Ferran Junoy - Sant Adrià,2583,19:40:53,40.88,10.566666666633333,634.0,
6209,6,H8,Anada,37,Ferran Junoy - Sant Adrià,2583,19:42:24,42.4,1.5333333333,92.0,"9,19"
6408,6,H8,Anada,37,Ferran Junoy - Sant Adrià,2583,20:02:03,2.05,19.633333333366668,1178.0,
6215,6,H8,Anada,37,Ferran Junoy - Sant Adrià,2583,20:08:04,8.07,6.016666666666667,361.0,1
6409,6,H8,Anada,37,Ferran Junoy - Sant Adrià,2583,20:16:59,16.98,8.916666666666666,535.0,
6056,7,H8,Anada,37,Ferran Junoy - Sant Adrià,2583,20:22:01,22.02,5.033333333333333,302.0,
6411,6,H8,Anada,37,Ferran Junoy - Sant Adrià,2583,20:36:31,36.52,14.516666666633334,871.0,30
6414,6,H8,Anada,37,Ferran Junoy - Sant Adrià,2583,20:56:53,56.88,20.350000000066665,1221.0,34
6213,6,H8,Anada,37,Ferran Junoy - Sant Adrià,2583,21:11:45,11.75,14.866666666666667,892.0,
6212,8,H8,Anada,37,Ferran Junoy - Sant Adrià,2583,21:21:29,21.48,9.733333333300001,584.0,
6036,3,H8,Anada,37,Ferran Junoy - Sant Adrià,2583,21:34:42,34.7,12.433333333399998,746.0,
6413,7,H8,Anada,37,Ferran Junoy - Sant Adrià,2583,21:44:54,44.9,10.2166666666,613.0,
6200,3,H8,Anada,37,Ferran Junoy - Sant Adrià,2583,22:09:16,9.27,24.350000000033333,1461.0,30
6408,7,H8,Anada,37,Ferran Junoy - Sant Adrià,2583,22:15:29,15.48,6.216666666699999,373.0,24
6211,1,H8,Anada,38,Sao Paulo - Centre Comercial La Maquinista,2590,04:00:11,0.18,,,"1,2,3,4,5,6,7,8,9,10,11,12,13,14,15,16,17,18,19,20,21"
6212,1,H8,Anada,38,Sao Paulo - Centre Comercial La Maquinista,2590,04:12:48,12.8,12.616666666633334,757.0,"1,2,3,4,5,6,7,8,9,10,30"
6413,1,H8,Anada,38,Sao Paulo - Centre Comercial La Maquinista,2590,04:33:39,33.65,20.866666666633332,1252.0,1
6415,1,H8,Anada,38,Sao Paulo - Centre Comercial La Maquinista,2590,04:47:36,47.6,13.95,837.0,1
6209,1,H8,Anada,38,Sao Paulo - Centre Comercial La Maquinista,2590,04:56:02,56.03,8.433333333333334,506.0,
6022,1,H8,Anada,38,Sao Paulo - Centre Comercial La Maquinista,2590,05:05:38,5.63,9.599999999983334,576.0,1
6408,1,H8,Anada,38,Sao Paulo - Centre Comercial La Maquinista,2590,05:15:16,15.27,9.63333333335,578.0,"1,2,3"
6215,1,H8,Anada,38,Sao Paulo - Centre Comercial La Maquinista,2590,05:27:12,27.2,11.933333333333334,716.0,
6409,1,H8,Anada,38,Sao Paulo - Centre Comercial La Maquinista,2590,05:35:17,35.28,8.066666666733333,484.0,
6056,1,H8,Anada,38,Sao Paulo - Centre Comercial La Maquinista,2590,05:49:14,49.23,13.95,837.0,14
6411,1,H8,Anada,38,Sao Paulo - Centre Comercial La Maquinista,2590,06:01:00,1.0,11.783333333266667,707.0,
6055,1,H8,Anada,38,Sao Paulo - Centre Comercial La Maquinista,2590,06:02:26,2.43,1.4166666667333334,85.0,"1,18,35,36"
6414,1,H8,Anada,38,Sao Paulo - Centre Comercial La Maquinista,2590,06:14:09,14.15,11.716666666650001,703.0,"1,2,3"
6117,1,H8,Anada,38,Sao Paulo - Centre Comercial La Maquinista,2590,06:22:01,22.02,7.8666666666500005,472.0,
6800,1,H8,Anada,38,Sao Paulo - Centre Comercial La Maquinista,2590,06:31:27,31.45,9.449999999966668,567.0,
6213,1,H8,Anada,38,Sao Paulo - Centre Comercial La Maquinista,2590,06:37:57,37.95,6.4833333334,389.0,
6407,1,H8,Anada,38,Sao Paulo - Centre Comercial La Maquinista,2590,06:52:47,52.78,14.8333333333,890.0,
6211,2,H8,Anada,38,Sao Paulo - Centre Comercial La Maquinista,2590,06:56:36,56.6,3.8166666667,229.0,1
6212,2,H8,Anada,38,Sao Paulo - Centre Comercial La Maquinista,2590,07:12:19,12.32,15.716666666666667,943.0,
6216,1,H8,Anada,38,Sao Paulo - Centre Comercial La Maquinista,2590,07:22:30,22.5,10.183333333333334,611.0,
6413,2,H8,Anada,38,Sao Paulo - Centre Comercial La Maquinista,2590,07:38:04,38.07,15.583333333266667,935.0,
6415,2,H8,Anada,38,Sao Paulo - Centre Comercial La Maquinista,2590,07:57:27,57.45,18.433333333333334,1106.0,
6026,1,H8,Anada,38,Sao Paulo - Centre Comercial La Maquinista,2590,07:58:56,58.93,1.4833333333,89.0,
6209,2,H8,Anada,38,Sao Paulo - Centre Comercial La Maquinista,2590,08:15:09,15.15,16.2333333333,974.0,36
6022,2,H8,Anada,38,Sao Paulo - Centre Comercial La Maquinista,2590,08:21:19,21.32,6.166666666666667,370.0,
6408,2,H8,Anada,38,Sao Paulo - Centre Comercial La Maquinista,2590,08:28:10,28.17,6.833333333366666,410.0,
6215,2,H8,Anada,38,Sao Paulo - Centre Comercial La Maquinista,2590,08:32:56,32.93,4.7666666667,286.0,
6409,2,H8,Anada,38,Sao Paulo - Centre Comercial La Maquinista,2590,08:40:26,40.43,7.499999999966667,450.0,19
6056,3,H8,Anada,38,Sao Paulo - Centre Comercial La Maquinista,2590,08:52:21,52.35,11.916666666666666,715.0,"22,34"
6411,2,H8,Anada,38,Sao Paulo - Centre Comercial La Maquinista,2590,08:57:36,57.6,5.266666666633333,316.0,
6055,2,H8,Anada,38,Sao Paulo - Centre Comercial La Maquinista,2590,09:06:25,6.42,8.800000000066666,528.0,
6414,2,H8,Anada,38,Sao Paulo - Centre Comercial La Maquinista,2590,09:21:27,21.45,15.0333333333,902.0,
6800,2,H8,Anada,38,Sao Paulo - Centre Comercial La Maquinista,2590,09:35:20,35.33,13.883333333333333,833.0,
6407,2,H8,Anada,38,Sao Paulo - Centre Comercial La Maquinista,2590,09:50:40,50.67,14.433333333266667,866.0,
6211,3,H8,Anada,38,Sao Paulo - Centre Comercial La Maquinista,2590,10:03:26,3.43,12.750000000033333,765.0,
6212,3,H8,Anada,38,Sao Paulo - Centre Comercial La Maquinista,2590,10:16:08,16.13,12.700000000033333,762.0,
6216,2,H8,Anada,38,Sao Paulo - Centre Comercial La Maquinista,2590,10:26:34,26.57,10.433333333333334,626.0,
6413,3,H8,Anada,38,Sao Paulo - Centre Comercial La Maquinista,2590,10:36:50,36.83,10.266666666633334,616.0,
6217,2,H8,Anada,38,Sao Paulo - Centre Comercial La Maquinista,2590,10:43:19,43.32,6.499999999966667,390.0,
6415,3,H8,Anada,38,Sao Paulo - Centre Comercial La Maquinista,2590,10:51:11,51.18,7.850000000033333,471.0,
6026,2,H8,Anada,38,Sao Paulo - Centre Comercial La Maquinista,2590,11:02:43,2.72,11.549999999966667,693.0,
6209,3,H8,Anada,38,Sao Paulo - Centre Comercial La Maquinista,2590,11:07:46,7.77,5.05,303.0,1
6408,3,H8,Anada,38,Sao Paulo - Centre Comercial La Maquinista,2590,11:17:55,17.92,10.1333333334,608.0,
6215,3,H8,Anada,38,Sao Paulo - Centre Comercial La Maquinista,2590,11:35:57,35.95,18.033333333333335,1082.0,
6409,3,H8,Anada,38,Sao Paulo - Centre Comercial La Maquinista,2590,11:39:42,39.7,3.7499999999666667,225.0,
6056,4,H8,Anada,38,Sao Paulo - Centre Comercial La Maquinista,2590,11:54:21,54.35,14.65,879.0,
6411,3,H8,Anada,38,Sao Paulo - Centre Comercial La Maquinista,2590,12:02:27,2.45,8.100000000033333,486.0,
6055,3,H8,Anada,38,Sao Paulo - Centre Comercial La Maquinista,2590,12:09:45,9.75,7.3166666666,439.0,
6414,3,H8,Anada,38,Sao Paulo - Centre Comercial La Maquinista,2590,12:16:03,16.05,6.3,378.0,
6800,3,H8,Anada,38,Sao Paulo - Centre Comercial La Maquinista,2590,12:31:05,31.08,15.016666666733332,901.0,
6213,3,H8,Anada,38,Sao Paulo - Centre Comercial La Maquinista,2590,12:35:14,35.23,4.15,249.0,5
6407,3,H8,Anada,38,Sao Paulo - Centre Comercial La Maquinista,2590,12:48:01,48.02,12.799999999933334,768.0,
6211,4,H8,Anada,38,Sao Paulo - Centre Comercial La Maquinista,2590,12:56:35,56.58,8.566666666666666,514.0,
6212,4,H8,Anada,38,Sao Paulo - Centre Comercial La Maquinista,2590,13:05:50,5.83,9.233333333366666,554.0,
6216,3,H8,Anada,38,Sao Paulo - Centre Comercial La Maquinista,2590,13:14:32,14.53,8.7,522.0,
6413,4,H8,Anada,38,Sao Paulo - Centre Comercial La Maquinista,2590,13:30:25,30.42,15.899999999966667,954.0,
6217,3,H8,Anada,38,Sao Paulo - Centre Comercial La Maquinista,2590,13:34:00,34.0,3.566666666733333,214.0,
6415,4,H8,Anada,38,Sao Paulo - Centre Comercial La Maquinista,2590,13:50:02,50.03,16.0333333333,962.0,
6209,4,H8,Anada,38,Sao Paulo - Centre Comercial La Maquinista,2590,14:05:03,5.05,15.016666666699999,901.0,
6408,4,H8,Anada,38,Sao Paulo - Centre Comercial La Maquinista,2590,14:12:32,12.53,7.483333333333333,449.0,
6215,4,H8,Anada,38,Sao Paulo - Centre Comercial La Maquinista,2590,14:37:59,37.98,25.45,1527.0,
6409,4,H8,Anada,38,Sao Paulo - Centre Comercial La Maquinista,2590,14:39:30,39.5,1.5166666666333335,91.0,
6056,5,H8,Anada,38,Sao Paulo - Centre Comercial La Maquinista,2590,14:42:49,42.82,3.3333333332999997,200.0,
6411,4,H8,Anada,38,Sao Paulo - Centre Comercial La Maquinista,2590,14:57:16,57.27,14.433333333366667,866.0,
6055,4,H8,Anada,38,Sao Paulo - Centre Comercial La Maquinista,2590,15:08:48,8.8,11.533333333333333,692.0,1
6015,1,H8,Anada,38,Sao Paulo - Centre Comercial La Maquinista,2590,15:21:09,21.15,12.350000000033333,741.0,1
6414,4,H8,Anada,38,Sao Paulo - Centre Comercial La Maquinista,2590,15:29:49,29.82,8.683333333266667,521.0,
6800,4,H8,Anada,38,Sao Paulo - Centre Comercial La Maquinista,2590,15:35:34,35.57,5.733333333366667,344.0,
6213,4,H8,Anada,38,Sao Paulo - Centre Comercial La Maquinista,2590,15:43:42,43.7,8.149999999966667,489.0,
6407,4,H8,Anada,38,Sao Paulo - Centre Comercial La Maquinista,2590,15:54:26,54.43,10.7166666667,643.0,
6211,5,H8,Anada,38,Sao Paulo - Centre Comercial La Maquinista,2590,16:01:51,1.85,7.416666666666667,445.0,
6212,5,H8,Anada,38,Sao Paulo - Centre Comercial La Maquinista,2590,16:16:46,16.77,14.916666666666666,895.0,
6036,1,H8,Anada,38,Sao Paulo - Centre Comercial La Maquinista,2590,16:21:37,21.62,4.85,291.0,"1,2,3,4,33"
6216,4,H8,Anada,38,Sao Paulo - Centre Comercial La Maquinista,2590,16:27:59,27.98,6.366666666666666,382.0,
6413,5,H8,Anada,38,Sao Paulo - Centre Comercial La Maquinista,2590,16:47:39,47.65,19.6666666667,1180.0,
6217,4,H8,Anada,38,Sao Paulo - Centre Comercial La Maquinista,2590,16:48:51,48.85,1.2,72.0,
6415,5,H8,Anada,38,Sao Paulo - Centre Comercial La Maquinista,2590,16:53:28,53.47,4.616666666666666,277.0,
6209,5,H8,Anada,38,Sao Paulo - Centre Comercial La Maquinista,2590,17:06:53,6.88,13.416666666666666,805.0,"8,9,10,11"
6408,5,H8,Anada,38,Sao Paulo - Centre Comercial La Maquinista,2590,17:24:51,24.85,17.966666666666665,1078.0,
6215,5,H8,Anada,38,Sao Paulo - Centre Comercial La Maquinista,2590,17:38:06,38.1,12.666666666600001,760.0,
6409,5,H8,Anada,38,Sao Paulo - Centre Comercial La Maquinista,2590,17:41:57,41.95,3.833333333366667,230.0,
6056,6,H8,Anada,38,Sao Paulo - Centre Comercial La Maquinista,2590,17:45:02,45.03,3.0999999999666668,186.0,19
6055,5,H8,Anada,38,Sao Paulo - Centre Comercial La Maquinista,2590,18:06:19,6.32,21.283333333333335,1277.0,
6411,5,H8,Anada,38,Sao Paulo - Centre Comercial La Maquinista,2590,18:08:29,8.48,2.1666666666666665,130.0,
6015,2,H8,Anada,38,Sao Paulo - Centre Comercial La Maquinista,2590,18:25:14,25.23,16.75,1005.0,
6414,5,H8,Anada,38,Sao Paulo - Centre Comercial La Maquinista,2590,18:26:56,26.93,1.7,102.0,21
6800,5,H8,Anada,38,Sao Paulo - Centre Comercial La Maquinista,2590,18:28:50,28.83,1.8833333333666666,113.0,
6213,5,H8,Anada,38,Sao Paulo - Centre Comercial La Maquinista,2590,18:34:13,34.22,5.383333333333334,323.0,
6407,5,H8,Anada,38,Sao Paulo - Centre Comercial La Maquinista,2590,18:44:17,44.28,10.0833333333,605.0,
6211,6,H8,Anada,38,Sao Paulo - Centre Comercial La Maquinista,2590,18:50:59,50.98,6.683333333366666,401.0,
6036,2,H8,Anada,38,Sao Paulo - Centre Comercial La Maquinista,2590,19:07:49,7.82,16.833333333333332,1010.0,
6216,5,H8,Anada,38,Sao Paulo - Centre Comercial La Maquinista,2590,19:17:26,17.43,9.616666666666667,577.0,
6413,6,H8,Anada,38,Sao Paulo - Centre Comercial La Maquinista,2590,19:32:57,32.95,15.5333333333,932.0,
6415,6,H8,Anada,38,Sao Paulo - Centre Comercial La Maquinista,2590,19:43:18,43.3,10.333333333399999,620.0,
6408,6,H8,Anada,38,Sao Paulo - Centre Comercial La Maquinista,2590,20:04:07,4.12,20.0166666666,1201.0,
6215,6,H8,Anada,38,Sao Paulo - Centre Comercial La Maquinista,2590,20:10:13,10.22,6.1,366.0,1
6409,6,H8,Anada,38,Sao Paulo - Centre Comercial La Maquinista,2590,20:18:51,18.85,8.616666666733332,517.0,
6056,7,H8,Anada,38,Sao Paulo - Centre Comercial La Maquinista,2590,20:23:53,23.88,5.033333333333333,302.0,
6411,6,H8,Anada,38,Sao Paulo - Centre Comercial La Maquinista,2590,20:39:10,39.17,15.283333333333333,917.0,30
6414,6,H8,Anada,38,Sao Paulo - Centre Comercial La Maquinista,2590,20:58:12,58.2,19.0333333333,1142.0,34
6213,6,H8,Anada,38,Sao Paulo - Centre Comercial La Maquinista,2590,21:12:56,12.93,14.733333333366666,884.0,
6212,8,H8,Anada,38,Sao Paulo - Centre Comercial La Maquinista,2590,21:23:43,23.72,10.799999999933334,648.0,
6036,3,H8,Anada,38,Sao Paulo - Centre Comercial La Maquinista,2590,21:35:34,35.57,11.833333333266667,710.0,
6413,7,H8,Anada,38,Sao Paulo - Centre Comercial La Maquinista,2590,21:46:58,46.97,11.383333333366666,683.0,
6200,3,H8,Anada,38,Sao Paulo - Centre Comercial La Maquinista,2590,22:11:08,11.13,24.166666666666668,1450.0,30
6408,7,H8,Anada,38,Sao Paulo - Centre Comercial La Maquinista,2590,22:17:25,17.42,6.2833333333666666,377.0,24
6211,1,H8,Anada,39,Lima - Ciutat d'Asunción,603,04:01:51,1.85,,,"1,2,3,4,5,6,7,8,9,10,11,12,13,14,15,16,17,18,19,20,21"
6212,1,H8,Anada,39,Lima - Ciutat d'Asunción,603,04:13:09,13.15,11.300000000033332,678.0,"1,2,3,4,5,6,7,8,9,10,30"
6413,1,H8,Anada,39,Lima - Ciutat d'Asunción,603,04:35:17,35.28,22.133333333333333,1328.0,1
6415,1,H8,Anada,39,Lima - Ciutat d'Asunción,603,04:48:55,48.92,13.6333333333,818.0,1
6209,1,H8,Anada,39,Lima - Ciutat d'Asunción,603,04:56:43,56.72,7.800000000033333,468.0,
6022,1,H8,Anada,39,Lima - Ciutat d'Asunción,603,05:07:16,7.27,10.566666666600002,634.0,1
6408,1,H8,Anada,39,Lima - Ciutat d'Asunción,603,05:17:38,17.63,10.350000000066666,621.0,"1,2,3"
6215,1,H8,Anada,39,Lima - Ciutat d'Asunción,603,05:28:40,28.67,11.04999999995,663.0,
6409,1,H8,Anada,39,Lima - Ciutat d'Asunción,603,05:37:42,37.7,9.016666666683333,541.0,
6056,1,H8,Anada,39,Lima - Ciutat d'Asunción,603,05:52:27,52.45,14.750000000033333,885.0,14
6411,1,H8,Anada,39,Lima - Ciutat d'Asunción,603,06:03:14,3.23,10.783333333333333,647.0,
6414,1,H8,Anada,39,Lima - Ciutat d'Asunción,603,06:16:16,16.27,12.333333333366665,740.0,"1,2,3"
6117,1,H8,Anada,39,Lima - Ciutat d'Asunción,603,06:23:11,23.18,6.916666666633334,415.0,
6800,1,H8,Anada,39,Lima - Ciutat d'Asunción,603,06:33:31,33.52,10.333333333366665,620.0,
6213,1,H8,Anada,39,Lima - Ciutat d'Asunción,603,06:39:16,39.27,5.749999999966667,345.0,
6407,1,H8,Anada,39,Lima - Ciutat d'Asunción,603,06:54:13,54.22,14.95,897.0,
6211,2,H8,Anada,39,Lima - Ciutat d'Asunción,603,06:58:31,58.52,4.316666666633334,259.0,1
6212,2,H8,Anada,39,Lima - Ciutat d'Asunción,603,07:13:59,13.98,15.450000000066666,927.0,
6216,1,H8,Anada,39,Lima - Ciutat d'Asunción,603,07:23:38,23.63,9.649999999966667,579.0,
6413,2,H8,Anada,39,Lima - Ciutat d'Asunción,603,07:40:01,40.02,16.383333333366668,983.0,
6415,2,H8,Anada,39,Lima - Ciutat d'Asunción,603,08:00:31,0.52,20.0,1200.0,
6026,1,H8,Anada,39,Lima - Ciutat d'Asunción,603,08:01:35,1.58,1.0666666666666667,64.0,
6209,2,H8,Anada,39,Lima - Ciutat d'Asunción,603,08:16:24,16.4,14.8333333333,890.0,36
6022,2,H8,Anada,39,Lima - Ciutat d'Asunción,603,08:24:16,24.27,7.850000000066667,471.0,
6408,2,H8,Anada,39,Lima - Ciutat d'Asunción,603,08:29:16,29.27,5.0,300.0,
6215,2,H8,Anada,39,Lima - Ciutat d'Asunción,603,08:34:51,34.85,5.583333333300001,335.0,
6409,2,H8,Anada,39,Lima - Ciutat d'Asunción,603,08:42:24,42.4,7.55,453.0,19
6056,3,H8,Anada,39,Lima - Ciutat d'Asunción,603,08:54:16,54.27,11.8666666667,712.0,"22,34"
6411,2,H8,Anada,39,Lima - Ciutat d'Asunción,603,08:59:01,59.02,4.7666666666,286.0,
6055,2,H8,Anada,39,Lima - Ciutat d'Asunción,603,09:07:23,7.38,8.366666666683333,502.0,
6414,2,H8,Anada,39,Lima - Ciutat d'Asunción,603,09:22:18,22.3,14.90000000005,894.0,
6800,2,H8,Anada,39,Lima - Ciutat d'Asunción,603,09:37:55,37.92,15.616666666666667,937.0,
6407,2,H8,Anada,39,Lima - Ciutat d'Asunción,603,09:52:46,52.77,14.216666666616668,853.0,
6211,3,H8,Anada,39,Lima - Ciutat d'Asunción,603,10:04:42,4.7,11.933333333333334,716.0,
6212,3,H8,Anada,39,Lima - Ciutat d'Asunción,603,10:17:26,17.43,12.7166666667,763.0,
6216,2,H8,Anada,39,Lima - Ciutat d'Asunción,603,10:28:31,28.52,11.099999999966666,666.0,
6413,3,H8,Anada,39,Lima - Ciutat d'Asunción,603,10:37:35,37.58,9.050000000033332,543.0,
6217,2,H8,Anada,39,Lima - Ciutat d'Asunción,603,10:44:29,44.48,6.916666666633334,415.0,
6415,3,H8,Anada,39,Lima - Ciutat d'Asunción,603,10:52:31,52.52,8.016666666699999,481.0,
6026,2,H8,Anada,39,Lima - Ciutat d'Asunción,603,11:03:51,3.85,11.333333333333334,680.0,
6209,3,H8,Anada,39,Lima - Ciutat d'Asunción,603,11:08:00,8.0,4.166666666633334,250.0,1
6408,3,H8,Anada,39,Lima - Ciutat d'Asunción,603,11:19:58,19.97,11.950000000033333,717.0,
6215,3,H8,Anada,39,Lima - Ciutat d'Asunción,603,11:38:14,38.23,18.266666666666666,1096.0,
6409,3,H8,Anada,39,Lima - Ciutat d'Asunción,603,11:41:38,41.63,3.4,204.0,
6056,4,H8,Anada,39,Lima - Ciutat d'Asunción,603,11:55:51,55.85,14.2166666667,853.0,
6411,3,H8,Anada,39,Lima - Ciutat d'Asunción,603,12:03:50,3.83,7.999999999933333,480.0,
6055,3,H8,Anada,39,Lima - Ciutat d'Asunción,603,12:11:14,11.23,7.3833333334,443.0,
6414,3,H8,Anada,39,Lima - Ciutat d'Asunción,603,12:16:45,16.75,5.516666666666667,331.0,
6800,3,H8,Anada,39,Lima - Ciutat d'Asunción,603,12:32:16,32.27,15.516666666633334,931.0,
6213,3,H8,Anada,39,Lima - Ciutat d'Asunción,603,12:36:50,36.83,4.5666666667,274.0,5
6407,3,H8,Anada,39,Lima - Ciutat d'Asunción,603,12:48:58,48.97,12.133333333316667,728.0,
6211,4,H8,Anada,39,Lima - Ciutat d'Asunción,603,12:58:06,58.1,9.13333333335,548.0,
6212,4,H8,Anada,39,Lima - Ciutat d'Asunción,603,13:07:24,7.4,9.316666666600002,559.0,
6216,3,H8,Anada,39,Lima - Ciutat d'Asunción,603,13:16:33,16.55,9.1333333334,548.0,
6413,4,H8,Anada,39,Lima - Ciutat d'Asunción,603,13:31:34,31.57,15.033333333266667,902.0,
6217,3,H8,Anada,39,Lima - Ciutat d'Asunción,603,13:35:58,35.97,4.383333333366666,263.0,
6415,4,H8,Anada,39,Lima - Ciutat d'Asunción,603,13:52:27,52.45,16.49999999996667,990.0,
6209,4,H8,Anada,39,Lima - Ciutat d'Asunción,603,14:06:06,6.1,13.65,819.0,
6408,4,H8,Anada,39,Lima - Ciutat d'Asunción,603,14:14:44,14.73,8.6166666667,517.0,
6215,4,H8,Anada,39,Lima - Ciutat d'Asunción,603,14:39:31,39.52,24.783333333366667,1487.0,
6409,4,H8,Anada,39,Lima - Ciutat d'Asunción,603,14:42:26,42.43,2.9166666666666665,175.0,
6056,5,H8,Anada,39,Lima - Ciutat d'Asunción,603,14:45:21,45.35,2.916666666633333,175.0,
6411,4,H8,Anada,39,Lima - Ciutat d'Asunción,603,14:58:52,58.87,13.516666666699999,811.0,
6055,4,H8,Anada,39,Lima - Ciutat d'Asunción,603,15:10:05,10.08,11.233333333266668,674.0,1
6015,1,H8,Anada,39,Lima - Ciutat d'Asunción,603,15:22:13,22.22,12.133333333333333,728.0,1
6414,4,H8,Anada,39,Lima - Ciutat d'Asunción,603,15:31:40,31.67,9.433333333366667,566.0,
6800,4,H8,Anada,39,Lima - Ciutat d'Asunción,603,15:38:18,38.3,6.633333333366666,398.0,
6213,4,H8,Anada,39,Lima - Ciutat d'Asunción,603,15:45:37,45.62,7.31666666665,439.0,
6407,4,H8,Anada,39,Lima - Ciutat d'Asunción,603,15:56:33,56.55,10.94999999995,657.0,
6211,5,H8,Anada,39,Lima - Ciutat d'Asunción,603,16:03:30,3.5,6.933333333366666,416.0,
6212,5,H8,Anada,39,Lima - Ciutat d'Asunción,603,16:18:09,18.15,14.65,879.0,
6036,1,H8,Anada,39,Lima - Ciutat d'Asunción,603,16:23:08,23.13,4.999999999966667,300.0,"1,2,3,4,33"
6216,4,H8,Anada,39,Lima - Ciutat d'Asunción,603,16:30:06,30.1,6.966666666666667,418.0,
6413,5,H8,Anada,39,Lima - Ciutat d'Asunción,603,16:48:57,48.95,18.85,1131.0,
6217,4,H8,Anada,39,Lima - Ciutat d'Asunción,603,16:50:36,50.6,1.6333333334,98.0,
6415,5,H8,Anada,39,Lima - Ciutat d'Asunción,603,16:54:43,54.72,4.116666666666666,247.0,
6209,5,H8,Anada,39,Lima - Ciutat d'Asunción,603,17:08:32,8.53,13.833333333266667,830.0,"8,9,10,11"
6408,5,H8,Anada,39,Lima - Ciutat d'Asunción,603,17:26:44,26.73,18.1833333334,1091.0,
6215,5,H8,Anada,39,Lima - Ciutat d'Asunción,603,17:39:50,39.83,12.599999999933335,756.0,
6409,5,H8,Anada,39,Lima - Ciutat d'Asunción,603,17:43:37,43.62,3.783333333333333,227.0,
6056,6,H8,Anada,39,Lima - Ciutat d'Asunción,603,17:45:40,45.67,2.033333333383333,122.0,19
6055,5,H8,Anada,39,Lima - Ciutat d'Asunción,603,18:08:17,8.28,22.633333333283336,1358.0,
6411,5,H8,Anada,39,Lima - Ciutat d'Asunción,603,18:10:10,10.17,1.8833333333333333,113.0,
6015,2,H8,Anada,39,Lima - Ciutat d'Asunción,603,18:27:02,27.03,16.866666666666667,1012.0,
6414,5,H8,Anada,39,Lima - Ciutat d'Asunción,603,18:28:31,28.52,1.4666666667,88.0,21
6800,5,H8,Anada,39,Lima - Ciutat d'Asunción,603,18:30:06,30.1,1.5833333333666666,95.0,
6213,5,H8,Anada,39,Lima - Ciutat d'Asunción,603,18:36:56,36.93,6.833333333300001,410.0,
6407,5,H8,Anada,39,Lima - Ciutat d'Asunción,603,18:44:35,44.58,7.666666666633334,460.0,
6211,6,H8,Anada,39,Lima - Ciutat d'Asunción,603,18:52:38,52.63,8.0333333334,482.0,
6036,2,H8,Anada,39,Lima - Ciutat d'Asunción,603,19:09:25,9.42,16.7833333333,1007.0,
6216,5,H8,Anada,39,Lima - Ciutat d'Asunción,603,19:20:08,20.13,10.716666666666667,643.0,
6413,6,H8,Anada,39,Lima - Ciutat d'Asunción,603,19:33:30,33.5,13.3666666667,802.0,
6209,6,H8,Anada,39,Lima - Ciutat d'Asunción,603,19:45:03,45.05,11.566666666600002,694.0,"9,19"
6408,6,H8,Anada,39,Lima - Ciutat d'Asunción,603,20:05:26,5.43,20.3,1218.0,
6215,6,H8,Anada,39,Lima - Ciutat d'Asunción,603,20:11:31,11.52,6.083333333333333,365.0,1
6409,6,H8,Anada,39,Lima - Ciutat d'Asunción,603,20:21:10,21.17,9.650000000033334,579.0,
6056,7,H8,Anada,39,Lima - Ciutat d'Asunción,603,20:25:14,25.23,4.066666666633333,244.0,
6411,6,H8,Anada,39,Lima - Ciutat d'Asunción,603,20:40:50,40.83,15.600000000033333,936.0,30
6414,6,H8,Anada,39,Lima - Ciutat d'Asunción,603,20:59:01,59.02,18.199999999933333,1092.0,34
6213,6,H8,Anada,39,Lima - Ciutat d'Asunción,603,21:14:49,14.82,15.8,948.0,
6025,2,H8,Anada,39,Lima - Ciutat d'Asunción,603,21:24:38,24.63,9.816666666666666,589.0,
6036,3,H8,Anada,39,Lima - Ciutat d'Asunción,603,21:36:52,36.87,11.933333333399998,716.0,
6413,7,H8,Anada,39,Lima - Ciutat d'Asunción,603,21:48:10,48.17,11.299999999966667,678.0,
6200,3,H8,Anada,39,Lima - Ciutat d'Asunción,603,22:12:20,12.33,24.1666666667,1450.0,30
6408,7,H8,Anada,39,Lima - Ciutat d'Asunción,603,22:20:28,20.47,8.133333333333333,488.0,24
6117,1,H8,Tornada,1,Sas - Pl Celestí Boada - Final de trajecte,3642,03:49:59,49.98,,,3
6213,1,H8,Tornada,1,Sas - Pl Celestí Boada - Final de trajecte,3642,04:04:59,4.98,15.0,900.0,
6211,1,H8,Tornada,1,Sas - Pl Celestí Boada - Final de trajecte,3642,04:20:00,20.0,15.000000000066667,900.0,
6212,1,H8,Tornada,1,Sas - Pl Celestí Boada - Final de trajecte,3642,04:30:00,30.0,10.0,600.0,
6413,1,H8,Tornada,1,Sas - Pl Celestí Boada - Final de trajecte,3642,04:47:00,47.0,17.0,1020.0,
6217,1,H8,Tornada,1,Sas - Pl Celestí Boada - Final de trajecte,3642,04:53:59,53.98,6.999999999933333,420.0,
6415,1,H8,Tornada,1,Sas - Pl Celestí Boada - Final de trajecte,3642,05:02:00,2.0,8.000000000033333,480.0,
6026,1,H8,Tornada,1,Sas - Pl Celestí Boada - Final de trajecte,3642,05:10:00,10.0,8.0,480.0,
6209,1,H8,Tornada,1,Sas - Pl Celestí Boada - Final de trajecte,3642,05:17:59,17.98,7.999999999966667,480.0,
6022,1,H8,Tornada,1,Sas - Pl Celestí Boada - Final de trajecte,3642,05:28:00,28.0,10.000000000066667,600.0,"5,8"
6408,1,H8,Tornada,1,Sas - Pl Celestí Boada - Final de trajecte,3642,05:37:00,37.0,9.0,540.0,
6215,1,H8,Tornada,1,Sas - Pl Celestí Boada - Final de trajecte,3642,05:46:00,46.0,8.999999999966667,540.0,
6409,2,H8,Tornada,1,Sas - Pl Celestí Boada - Final de trajecte,3642,05:54:59,54.98,8.999999999966667,540.0,
6056,1,H8,Tornada,1,Sas - Pl Celestí Boada - Final de trajecte,3642,06:04:00,4.0,9.000000000066667,540.0,"13,14"
6411,2,H8,Tornada,1,Sas - Pl Celestí Boada - Final de trajecte,3642,06:13:00,13.0,8.999999999966667,540.0,
6055,1,H8,Tornada,1,Sas - Pl Celestí Boada - Final de trajecte,3642,06:21:59,21.98,8.999999999966667,540.0,
6414,1,H8,Tornada,1,Sas - Pl Celestí Boada - Final de trajecte,3642,06:31:00,31.0,9.000000000033333,540.0,
6117,2,H8,Tornada,1,Sas - Pl Celestí Boada - Final de trajecte,3642,06:39:59,39.98,8.999999999966667,540.0,
6800,1,H8,Tornada,1,Sas - Pl Celestí Boada - Final de trajecte,3642,06:47:59,47.98,8.0,480.0,
6213,2,H8,Tornada,1,Sas - Pl Celestí Boada - Final de trajecte,3642,06:56:00,56.0,8.000000000033333,480.0,
6407,1,H8,Tornada,1,Sas - Pl Celestí Boada - Final de trajecte,3642,07:03:59,3.98,7.999999999966667,480.0,
6211,2,H8,Tornada,1,Sas - Pl Celestí Boada - Final de trajecte,3642,07:15:00,15.0,11.000000000066667,660.0,
6212,2,H8,Tornada,1,Sas - Pl Celestí Boada - Final de trajecte,3642,07:25:59,25.98,10.999999999933333,660.0,
6216,2,H8,Tornada,1,Sas - Pl Celestí Boada - Final de trajecte,3642,07:36:00,36.0,10.000000000033333,600.0,
6413,2,H8,Tornada,1,Sas - Pl Celestí Boada - Final de trajecte,3642,07:44:00,44.0,8.000000000033333,480.0,
6217,2,H8,Tornada,1,Sas - Pl Celestí Boada - Final de trajecte,3642,07:52:00,52.0,7.999999999966667,480.0,
6415,2,H8,Tornada,1,Sas - Pl Celestí Boada - Final de trajecte,3642,08:02:53,2.88,10.883333333333333,653.0,"3,4,5,6"
6026,2,H8,Tornada,1,Sas - Pl Celestí Boada - Final de trajecte,3642,08:09:00,9.0,6.1166666667,367.0,
6209,2,H8,Tornada,1,Sas - Pl Celestí Boada - Final de trajecte,3642,08:18:00,18.0,9.0,540.0,"5,6"
6022,2,H8,Tornada,1,Sas - Pl Celestí Boada - Final de trajecte,3642,08:27:00,27.0,8.999999999966667,540.0,3
6408,2,H8,Tornada,1,Sas - Pl Celestí Boada - Final de trajecte,3642,08:36:00,36.0,9.000000000033333,540.0,
6215,2,H8,Tornada,1,Sas - Pl Celestí Boada - Final de trajecte,3642,08:45:59,45.98,9.999999999933333,600.0,
6409,3,H8,Tornada,1,Sas - Pl Celestí Boada - Final de trajecte,3642,08:55:59,55.98,10.0,600.0,
6056,2,H8,Tornada,1,Sas - Pl Celestí Boada - Final de trajecte,3642,09:06:00,6.0,10.000000000033333,600.0,
6411,3,H8,Tornada,1,Sas - Pl Celestí Boada - Final de trajecte,3642,09:16:00,16.0,10.000000000033333,600.0,
6055,2,H8,Tornada,1,Sas - Pl Celestí Boada - Final de trajecte,3642,09:26:00,26.0,10.0,600.0,
6414,2,H8,Tornada,1,Sas - Pl Celestí Boada - Final de trajecte,3642,09:35:00,35.0,8.999999999966667,540.0,
6800,2,H8,Tornada,1,Sas - Pl Celestí Boada - Final de trajecte,3642,09:45:00,45.0,10.000000000033333,600.0,
6213,3,H8,Tornada,1,Sas - Pl Celestí Boada - Final de trajecte,3642,09:55:00,55.0,9.999999999966667,600.0,
6407,2,H8,Tornada,1,Sas - Pl Celestí Boada - Final de trajecte,3642,10:04:00,4.0,9.000000000033333,540.0,
6211,3,H8,Tornada,1,Sas - Pl Celestí Boada - Final de trajecte,3642,10:16:59,16.98,12.999999999933333,780.0,
6212,3,H8,Tornada,1,Sas - Pl Celestí Boada - Final de trajecte,3642,10:29:00,29.0,12.000000000033333,720.0,
6216,3,H8,Tornada,1,Sas - Pl Celestí Boada - Final de trajecte,3642,10:39:59,39.98,10.999999999966667,660.0,
6413,3,H8,Tornada,1,Sas - Pl Celestí Boada - Final de trajecte,3642,10:48:00,48.0,8.000000000066667,480.0,
6217,3,H8,Tornada,1,Sas - Pl Celestí Boada - Final de trajecte,3642,10:57:00,57.0,8.999999999966667,540.0,
6415,3,H8,Tornada,1,Sas - Pl Celestí Boada - Final de trajecte,3642,11:07:00,7.0,10.0,600.0,
6026,3,H8,Tornada,1,Sas - Pl Celestí Boada - Final de trajecte,3642,11:16:00,16.0,9.0,540.0,
6209,3,H8,Tornada,1,Sas - Pl Celestí Boada - Final de trajecte,3642,11:26:00,26.0,10.000000000033333,600.0,
6408,3,H8,Tornada,1,Sas - Pl Celestí Boada - Final de trajecte,3642,11:35:00,35.0,8.999999999966667,540.0,
6215,3,H8,Tornada,1,Sas - Pl Celestí Boada - Final de trajecte,3642,11:45:00,45.0,10.000000000033333,600.0,
6409,4,H8,Tornada,1,Sas - Pl Celestí Boada - Final de trajecte,3642,11:55:00,55.0,10.0,600.0,5
6056,3,H8,Tornada,1,Sas - Pl Celestí Boada - Final de trajecte,3642,12:05:00,5.0,10.0,600.0,
6411,4,H8,Tornada,1,Sas - Pl Celestí Boada - Final de trajecte,3642,12:13:59,13.98,8.999999999933333,540.0,
6055,3,H8,Tornada,1,Sas - Pl Celestí Boada - Final de trajecte,3642,12:24:00,24.0,10.000000000066667,600.0,
6414,3,H8,Tornada,1,Sas - Pl Celestí Boada - Final de trajecte,3642,12:34:00,34.0,9.999999999966667,600.0,
6800,3,H8,Tornada,1,Sas - Pl Celestí Boada - Final de trajecte,3642,12:43:58,43.97,9.983333333283333,599.0,
6213,4,H8,Tornada,1,Sas - Pl Celestí Boada - Final de trajecte,3642,12:52:58,52.97,9.000000000016666,540.0,3
6407,3,H8,Tornada,1,Sas - Pl Celestí Boada - Final de trajecte,3642,13:01:59,1.98,9.00000000005,540.0,
6211,4,H8,Tornada,1,Sas - Pl Celestí Boada - Final de trajecte,3642,13:12:58,12.97,10.99999999995,660.0,
6212,4,H8,Tornada,1,Sas - Pl Celestí Boada - Final de trajecte,3642,13:22:59,22.98,10.000000000033333,600.0,
6216,4,H8,Tornada,1,Sas - Pl Celestí Boada - Final de trajecte,3642,13:31:58,31.97,8.99999999995,540.0,
6413,4,H8,Tornada,1,Sas - Pl Celestí Boada - Final de trajecte,3642,13:41:58,41.97,10.000000000016666,600.0,
6217,4,H8,Tornada,1,Sas - Pl Celestí Boada - Final de trajecte,3642,13:50:59,50.98,9.000000000033333,540.0,
6415,4,H8,Tornada,1,Sas - Pl Celestí Boada - Final de trajecte,3642,14:00:58,0.97,9.999999999966667,600.0,
6026,4,H8,Tornada,1,Sas - Pl Celestí Boada - Final de trajecte,3642,14:10:59,10.98,10.000000000033333,600.0,"13,14,15,16,17,18,19,20,21,22,23,24,25,26,27,28,29,30,31,32,33,34,35,36,37,38"
6209,4,H8,Tornada,1,Sas - Pl Celestí Boada - Final de trajecte,3642,14:15:59,15.98,5.0,300.0,
6408,4,H8,Tornada,1,Sas - Pl Celestí Boada - Final de trajecte,3642,14:27:59,27.98,12.0,720.0,
6215,4,H8,Tornada,1,Sas - Pl Celestí Boada - Final de trajecte,3642,14:40:58,40.97,12.999999999933333,780.0,
6409,5,H8,Tornada,1,Sas - Pl Celestí Boada - Final de trajecte,3642,14:50:59,50.98,10.000000000066667,600.0,
6056,4,H8,Tornada,1,Sas - Pl Celestí Boada - Final de trajecte,3642,15:00:59,0.98,10.0,600.0,
6411,5,H8,Tornada,1,Sas - Pl Celestí Boada - Final de trajecte,3642,15:10:59,10.98,10.0,600.0,
6055,4,H8,Tornada,1,Sas - Pl Celestí Boada - Final de trajecte,3642,15:20:59,20.98,9.999999999966667,600.0,
6015,1,H8,Tornada,1,Sas - Pl Celestí Boada - Final de trajecte,3642,15:30:59,30.98,10.0,600.0,
6414,4,H8,Tornada,1,Sas - Pl Celestí Boada - Final de trajecte,3642,15:39:58,39.97,8.999999999966667,540.0,
6800,4,H8,Tornada,1,Sas - Pl Celestí Boada - Final de trajecte,3642,15:47:59,47.98,8.000000000066667,480.0,
6213,5,H8,Tornada,1,Sas - Pl Celestí Boada - Final de trajecte,3642,15:55:59,55.98,8.0,480.0,
6407,4,H8,Tornada,1,Sas - Pl Celestí Boada - Final de trajecte,3642,16:03:58,3.97,7.999999999933333,480.0,
6211,5,H8,Tornada,1,Sas - Pl Celestí Boada - Final de trajecte,3642,16:14:59,14.98,11.000000000066667,660.0,
6212,5,H8,Tornada,1,Sas - Pl Celestí Boada - Final de trajecte,3642,16:23:59,23.98,9.0,540.0,
6036,1,H8,Tornada,1,Sas - Pl Celestí Boada - Final de trajecte,3642,16:31:59,31.98,7.999999999966667,480.0,
6216,5,H8,Tornada,1,Sas - Pl Celestí Boada - Final de trajecte,3642,16:39:59,39.98,8.0,480.0,
6413,5,H8,Tornada,1,Sas - Pl Celestí Boada - Final de trajecte,3642,16:50:07,50.12,10.133333333333333,608.0,
6217,5,H8,Tornada,1,Sas - Pl Celestí Boada - Final de trajecte,3642,16:55:59,55.98,5.866666666666666,352.0,
6415,5,H8,Tornada,1,Sas - Pl Celestí Boada - Final de trajecte,3642,17:04:58,4.97,8.999999999966667,540.0,
6200,2,H8,Tornada,1,Sas - Pl Celestí Boada - Final de trajecte,3642,17:28:21,28.35,23.383333333333333,1403.0,
6408,5,H8,Tornada,1,Sas - Pl Celestí Boada - Final de trajecte,3642,17:34:58,34.97,6.316666666666666,379.0,"8,9,10,11,12,13,14,15,16,17,18,19,20,21,22,23,24,25,26,27,28,29,30,31,32,33,34,35,36,37,38"
6215,5,H8,Tornada,1,Sas - Pl Celestí Boada - Final de trajecte,3642,17:44:59,44.98,10.000000000066667,600.0,"16,17,18"
6056,5,H8,Tornada,1,Sas - Pl Celestí Boada - Final de trajecte,3642,18:04:59,4.98,20.0,1200.0,
6055,5,H8,Tornada,1,Sas - Pl Celestí Boada - Final de trajecte,3642,18:10:58,10.97,5.999999999933333,360.0,"4,5,6,7,8,9,10,11,12,13,14,15,16,17,18,19,20,21,22,23,24,25,26,27,28,29,30,31,32,33,34,35,36,37,38"
6411,6,H8,Tornada,1,Sas - Pl Celestí Boada - Final de trajecte,3642,18:14:59,14.98,4.000000000066667,240.0,
6015,2,H8,Tornada,1,Sas - Pl Celestí Boada - Final de trajecte,3642,18:28:15,28.25,13.266666666633334,796.0,"9,10,11,12,24,25,26,27,28,29,30,31,32,33,34,35,36,37,38"
6414,5,H8,Tornada,1,Sas - Pl Celestí Boada - Final de trajecte,3642,18:33:59,33.98,5.733333333366667,344.0,12
6213,6,H8,Tornada,1,Sas - Pl Celestí Boada - Final de trajecte,3642,18:50:59,50.98,16.99999999996667,1020.0,
6211,6,H8,Tornada,1,Sas - Pl Celestí Boada - Final de trajecte,3642,18:54:59,54.98,4.000000000033333,240.0,"4,5,6,7,8,9,10,11,12,13,14,15,16,17,18,19,20,21,22,23,24,25,26,27,28,29,30,31,32,33,34,35,36,37,38"
6407,5,H8,Tornada,1,Sas - Pl Celestí Boada - Final de trajecte,3642,18:59:59,59.98,4.999999999966667,300.0,
6036,2,H8,Tornada,1,Sas - Pl Celestí Boada - Final de trajecte,3642,19:19:59,19.98,20.0,1200.0,
6216,6,H8,Tornada,1,Sas - Pl Celestí Boada - Final de trajecte,3642,19:29:58,29.97,9.999999999966667,600.0,"25,26,27,28,29,30,31,32,33,34,35,36,37,38"
6413,6,H8,Tornada,1,Sas - Pl Celestí Boada - Final de trajecte,3642,19:39:59,39.98,10.000000000066667,600.0,
6415,6,H8,Tornada,1,Sas - Pl Celestí Boada - Final de trajecte,3642,19:49:59,49.98,9.999999999966667,600.0,37
6209,6,H8,Tornada,1,Sas - Pl Celestí Boada - Final de trajecte,3642,19:52:59,52.98,3.0000000000333333,180.0,"4,5,6,7,8,9,10,11,12,13,14,15,16,17,18,19,20,21,22,23,24,25,26,27,28,29,30,31,32,33,34,35,36,37,38"
6200,3,H8,Tornada,1,Sas - Pl Celestí Boada - Final de trajecte,3642,19:59:58,59.97,6.999999999916667,420.0,
6215,6,H8,Tornada,1,Sas - Pl Celestí Boada - Final de trajecte,3642,20:14:58,14.97,15.000000000016666,900.0,"4,5,6,7,8,9,10,11,12,13,14,15,16,17,18,19,20,21,22,23,24,25,26,27,28,29,30,31,32,33,34,35,36,37,38"
6409,7,H8,Tornada,1,Sas - Pl Celestí Boada - Final de trajecte,3642,20:29:58,29.97,15.0,900.0,
6056,6,H8,Tornada,1,Sas - Pl Celestí Boada - Final de trajecte,3642,20:32:58,32.97,3.0,180.0,"4,5,6,7,8,9,10,11,12,13,14,15,16,17,18,19,20,21,22,23,24,25,26,27,28,29,30,31,32,33,34,35,36,37,38"
6411,7,H8,Tornada,1,Sas - Pl Celestí Boada - Final de trajecte,3642,20:49:58,49.97,17.0,1020.0,11
6414,6,H8,Tornada,1,Sas - Pl Celestí Boada - Final de trajecte,3642,21:09:59,9.98,20.000000000066667,1200.0,
6213,7,H8,Tornada,1,Sas - Pl Celestí Boada - Final de trajecte,3642,21:29:59,29.98,19.99999999996667,1200.0,21
6036,3,H8,Tornada,1,Sas - Pl Celestí Boada - Final de trajecte,3642,21:43:58,43.97,13.999999999933333,840.0,"4,5,6,7,8,9,10,11,12,13,14,15,16,17,18,19,20,21,22,23,24,25,26,27,28,29,30,31,32,33,34,35,36,37,38"
6413,7,H8,Tornada,1,Sas - Pl Celestí Boada - Final de trajecte,3642,21:57:58,57.97,14.0,840.0,"3,4,5,6,7,8,9,10,11,12,13,14,15,16,17,18,19,20,21,22,23,24,25,26,27,28,29,30,31,32,33,34,35,36,37,38"
6411,1,H8,Tornada,2,Sas - Claramunt,13,03:35:26,35.43,,,1
6117,1,H8,Tornada,2,Sas - Claramunt,13,03:50:23,50.38,14.95,897.0,3
6213,1,H8,Tornada,2,Sas - Claramunt,13,04:05:16,5.27,14.883333333333333,893.0,
6211,1,H8,Tornada,2,Sas - Claramunt,13,04:20:20,20.33,15.066666666666666,904.0,
6212,1,H8,Tornada,2,Sas - Claramunt,13,04:30:20,30.33,10.016666666633334,601.0,
6413,1,H8,Tornada,2,Sas - Claramunt,13,04:47:24,47.4,17.066666666666666,1024.0,
6217,1,H8,Tornada,2,Sas - Claramunt,13,04:54:34,54.57,7.150000000033333,429.0,
6415,1,H8,Tornada,2,Sas - Claramunt,13,05:02:29,2.48,7.916666666666667,475.0,
6026,1,H8,Tornada,2,Sas - Claramunt,13,05:10:26,10.43,7.95,477.0,
6209,1,H8,Tornada,2,Sas - Claramunt,13,05:18:23,18.38,7.9666666666333334,478.0,
6022,1,H8,Tornada,2,Sas - Claramunt,13,05:28:22,28.37,9.9666666667,598.0,"5,8"
6408,1,H8,Tornada,2,Sas - Claramunt,13,05:37:21,37.35,8.999999999966667,540.0,
6215,1,H8,Tornada,2,Sas - Claramunt,13,05:46:24,46.4,9.033333333366667,542.0,
6409,2,H8,Tornada,2,Sas - Claramunt,13,05:55:29,55.48,9.083333333366665,545.0,
6056,1,H8,Tornada,2,Sas - Claramunt,13,06:04:29,4.48,8.999999999966667,540.0,"13,14"
6411,2,H8,Tornada,2,Sas - Claramunt,13,06:13:42,13.7,9.233333333300001,554.0,
6055,1,H8,Tornada,2,Sas - Claramunt,13,06:22:40,22.67,8.950000000033333,537.0,
6414,1,H8,Tornada,2,Sas - Claramunt,13,06:31:39,31.65,8.983333333366666,539.0,
6117,2,H8,Tornada,2,Sas - Claramunt,13,06:40:37,40.62,8.983333333266668,539.0,
6800,1,H8,Tornada,2,Sas - Claramunt,13,06:48:37,48.62,7.9833333334,479.0,
6213,2,H8,Tornada,2,Sas - Claramunt,13,06:56:27,56.45,7.849999999933333,471.0,
6407,1,H8,Tornada,2,Sas - Claramunt,13,07:04:26,4.43,7.983333333333333,479.0,
6211,2,H8,Tornada,2,Sas - Claramunt,13,07:15:26,15.43,11.0,660.0,
6212,2,H8,Tornada,2,Sas - Claramunt,13,07:26:27,26.45,11.000000000033333,660.0,
6216,2,H8,Tornada,2,Sas - Claramunt,13,07:36:27,36.45,10.0,600.0,
6413,2,H8,Tornada,2,Sas - Claramunt,13,07:44:32,44.53,8.083333333366665,485.0,
6217,2,H8,Tornada,2,Sas - Claramunt,13,07:53:23,53.38,8.849999999966666,531.0,
6415,2,H8,Tornada,2,Sas - Claramunt,13,08:03:26,3.43,10.05,603.0,"3,4,5,6"
6026,2,H8,Tornada,2,Sas - Claramunt,13,08:09:31,9.52,6.083333333366666,365.0,
6209,2,H8,Tornada,2,Sas - Claramunt,13,08:18:33,18.55,9.049999999933334,543.0,"5,6"
6022,2,H8,Tornada,2,Sas - Claramunt,13,08:27:32,27.53,8.983333333333333,539.0,3
6408,2,H8,Tornada,2,Sas - Claramunt,13,08:37:21,37.35,9.800000000033332,588.0,
6215,2,H8,Tornada,2,Sas - Claramunt,13,08:46:22,46.37,9.016666666666667,541.0,
6409,3,H8,Tornada,2,Sas - Claramunt,13,08:56:23,56.38,10.0333333333,602.0,
6056,2,H8,Tornada,2,Sas - Claramunt,13,09:06:24,6.4,10.000000000033333,600.0,
6411,3,H8,Tornada,2,Sas - Claramunt,13,09:16:30,16.5,10.116666666633334,607.0,
6055,2,H8,Tornada,2,Sas - Claramunt,13,09:26:29,26.48,9.9666666667,598.0,
6414,2,H8,Tornada,2,Sas - Claramunt,13,09:35:21,35.35,8.866666666666667,532.0,
6800,2,H8,Tornada,2,Sas - Claramunt,13,09:45:31,45.52,10.1833333333,611.0,
6213,3,H8,Tornada,2,Sas - Claramunt,13,09:55:31,55.52,10.0,600.0,
6407,2,H8,Tornada,2,Sas - Claramunt,13,10:04:24,4.4,8.866666666733332,532.0,
6211,3,H8,Tornada,2,Sas - Claramunt,13,10:17:24,17.4,13.0,780.0,
6212,3,H8,Tornada,2,Sas - Claramunt,13,10:29:26,29.43,12.033333333333333,722.0,
6216,3,H8,Tornada,2,Sas - Claramunt,13,10:40:35,40.58,11.149999999966667,669.0,
6413,3,H8,Tornada,2,Sas - Claramunt,13,10:48:35,48.58,8.016666666633334,481.0,
6217,3,H8,Tornada,2,Sas - Claramunt,13,10:57:36,57.6,9.000000000033333,540.0,
6415,3,H8,Tornada,2,Sas - Claramunt,13,11:07:35,7.58,9.983333333333333,599.0,
6026,3,H8,Tornada,2,Sas - Claramunt,13,11:16:34,16.57,8.999999999966667,540.0,
6209,3,H8,Tornada,2,Sas - Claramunt,13,11:26:25,26.42,9.85,591.0,
6408,3,H8,Tornada,2,Sas - Claramunt,13,11:35:22,35.37,8.95,537.0,
6215,3,H8,Tornada,2,Sas - Claramunt,13,11:45:41,45.68,10.300000000066666,618.0,
6409,4,H8,Tornada,2,Sas - Claramunt,13,11:55:26,55.43,9.749999999966667,585.0,5
6056,3,H8,Tornada,2,Sas - Claramunt,13,12:05:26,5.43,10.0,600.0,
6411,4,H8,Tornada,2,Sas - Claramunt,13,12:14:28,14.47,9.033333333333333,542.0,
6055,3,H8,Tornada,2,Sas - Claramunt,13,12:24:29,24.48,10.016666666666667,601.0,
6414,3,H8,Tornada,2,Sas - Claramunt,13,12:34:25,34.42,9.933333333366667,596.0,
6800,3,H8,Tornada,2,Sas - Claramunt,13,12:44:24,44.4,9.983333333300001,599.0,
6213,4,H8,Tornada,2,Sas - Claramunt,13,12:53:24,53.4,9.0,540.0,3
6407,3,H8,Tornada,2,Sas - Claramunt,13,13:02:17,2.28,8.899999999966667,534.0,
6211,4,H8,Tornada,2,Sas - Claramunt,13,13:13:16,13.27,10.983333333333333,659.0,
6212,4,H8,Tornada,2,Sas - Claramunt,13,13:23:17,23.28,10.000000000033333,600.0,
6216,4,H8,Tornada,2,Sas - Claramunt,13,13:32:27,32.45,9.166666666666666,550.0,
6413,4,H8,Tornada,2,Sas - Claramunt,13,13:42:27,42.45,10.0,600.0,
6217,4,H8,Tornada,2,Sas - Claramunt,13,13:51:30,51.5,9.066666666633333,544.0,
6415,4,H8,Tornada,2,Sas - Claramunt,13,14:01:32,1.53,10.016666666733332,601.0,
6200,1,H8,Tornada,2,Sas - Claramunt,13,14:11:32,11.53,9.999999999966667,600.0,
6209,4,H8,Tornada,2,Sas - Claramunt,13,14:16:31,16.52,4.9666666666333334,298.0,
6408,4,H8,Tornada,2,Sas - Claramunt,13,14:28:34,28.57,12.05,723.0,
6215,4,H8,Tornada,2,Sas - Claramunt,13,14:41:33,41.55,12.999999999983334,780.0,
6409,5,H8,Tornada,2,Sas - Claramunt,13,14:51:32,51.53,9.983333333316667,599.0,
6056,4,H8,Tornada,2,Sas - Claramunt,13,15:01:40,1.67,10.1166666667,607.0,
6411,5,H8,Tornada,2,Sas - Claramunt,13,15:11:38,11.63,9.983333333300001,599.0,
6055,4,H8,Tornada,2,Sas - Claramunt,13,15:21:38,21.63,9.983333333366666,599.0,
6015,1,H8,Tornada,2,Sas - Claramunt,13,15:34:38,34.63,13.000000000033333,780.0,
6414,4,H8,Tornada,2,Sas - Claramunt,13,15:40:30,40.5,5.866666666633334,352.0,
6800,4,H8,Tornada,2,Sas - Claramunt,13,15:48:29,48.48,7.983333333366667,479.0,
6213,5,H8,Tornada,2,Sas - Claramunt,13,15:56:29,56.48,8.0,480.0,
6407,4,H8,Tornada,2,Sas - Claramunt,13,16:04:27,4.45,7.9666666666333334,478.0,
6211,5,H8,Tornada,2,Sas - Claramunt,13,16:15:35,15.58,11.133333333333333,668.0,
6212,5,H8,Tornada,2,Sas - Claramunt,13,16:24:20,24.33,8.766666666633334,526.0,
6036,1,H8,Tornada,2,Sas - Claramunt,13,16:32:21,32.35,8.016666666666667,481.0,
6216,5,H8,Tornada,2,Sas - Claramunt,13,16:40:24,40.4,8.05,483.0,
6413,5,H8,Tornada,2,Sas - Claramunt,13,16:50:32,50.53,10.133333333333333,608.0,
6217,5,H8,Tornada,2,Sas - Claramunt,13,16:56:27,56.45,5.900000000066667,354.0,
6415,5,H8,Tornada,2,Sas - Claramunt,13,17:05:28,5.47,9.016666666666667,541.0,
6026,5,H8,Tornada,2,Sas - Claramunt,13,17:29:11,29.18,23.716666666633333,1423.0,"34,35,36,37,38"
6408,5,H8,Tornada,2,Sas - Claramunt,13,17:35:30,35.5,5.833333333366666,350.0,"8,9,10,11,12,13,14,15,16,17,18,19,20,21,22,23,24,25,26,27,28,29,30,31,32,33,34,35,36,37,38"
6215,5,H8,Tornada,2,Sas - Claramunt,13,17:45:22,45.37,9.866666666666667,592.0,"16,17,18"
6056,5,H8,Tornada,2,Sas - Claramunt,13,18:05:20,5.33,19.9833333333,1199.0,
6055,5,H8,Tornada,2,Sas - Claramunt,13,18:11:13,11.22,5.883333333333334,353.0,"4,5,6,7,8,9,10,11,12,13,14,15,16,17,18,19,20,21,22,23,24,25,26,27,28,29,30,31,32,33,34,35,36,37,38"
6411,6,H8,Tornada,2,Sas - Claramunt,13,18:15:12,15.2,3.9833333333499996,239.0,
6015,2,H8,Tornada,2,Sas - Claramunt,13,18:28:27,28.45,13.23333333335,794.0,"9,10,11,12,24,25,26,27,28,29,30,31,32,33,34,35,36,37,38"
6414,5,H8,Tornada,2,Sas - Claramunt,13,18:34:10,34.17,5.716666666666667,343.0,12
6213,6,H8,Tornada,2,Sas - Claramunt,13,18:51:12,51.2,17.049999999966666,1023.0,
6211,6,H8,Tornada,2,Sas - Claramunt,13,18:55:12,55.2,4.0,240.0,"4,5,6,7,8,9,10,11,12,13,14,15,16,17,18,19,20,21,22,23,24,25,26,27,28,29,30,31,32,33,34,35,36,37,38"
6407,5,H8,Tornada,2,Sas - Claramunt,13,19:00:17,0.28,5.0666666667,304.0,
6036,2,H8,Tornada,2,Sas - Claramunt,13,19:20:18,20.3,20.0166666667,1201.0,
6216,6,H8,Tornada,2,Sas - Claramunt,13,19:30:18,30.3,9.999999999966667,600.0,"25,26,27,28,29,30,31,32,33,34,35,36,37,38"
6413,6,H8,Tornada,2,Sas - Claramunt,13,19:40:17,40.28,9.98333333335,599.0,
6415,6,H8,Tornada,2,Sas - Claramunt,13,19:50:15,50.25,9.983333333283333,599.0,37
6209,6,H8,Tornada,2,Sas - Claramunt,13,19:53:19,53.32,3.0500000000333336,183.0,"4,5,6,7,8,9,10,11,12,13,14,15,16,17,18,19,20,21,22,23,24,25,26,27,28,29,30,31,32,33,34,35,36,37,38"
6200,3,H8,Tornada,2,Sas - Claramunt,13,20:00:15,0.25,6.933333333333334,416.0,
6215,6,H8,Tornada,2,Sas - Claramunt,13,20:15:14,15.23,14.999999999983334,900.0,"4,5,6,7,8,9,10,11,12,13,14,15,16,17,18,19,20,21,22,23,24,25,26,27,28,29,30,31,32,33,34,35,36,37,38"
6409,7,H8,Tornada,2,Sas - Claramunt,13,20:30:16,30.27,15.016666666716667,901.0,
6056,6,H8,Tornada,2,Sas - Claramunt,13,20:33:16,33.27,3.0,180.0,"4,5,6,7,8,9,10,11,12,13,14,15,16,17,18,19,20,21,22,23,24,25,26,27,28,29,30,31,32,33,34,35,36,37,38"
6411,7,H8,Tornada,2,Sas - Claramunt,13,20:50:16,50.27,17.0,1020.0,11
6414,6,H8,Tornada,2,Sas - Claramunt,13,21:10:11,10.18,19.916666666666668,1195.0,
6025,2,H8,Tornada,2,Sas - Claramunt,13,21:30:08,30.13,19.966666666600002,1198.0,"4,5,6,7,8,9,10,11,12,13,14,15,16,17,18,19,20,21,22,23,24,25,26,27,28,29,30,31,32,33,34,35,36,37,38"
6036,3,H8,Tornada,2,Sas - Claramunt,13,21:44:10,44.17,14.033333333333333,842.0,"4,5,6,7,8,9,10,11,12,13,14,15,16,17,18,19,20,21,22,23,24,25,26,27,28,29,30,31,32,33,34,35,36,37,38"
6413,7,H8,Tornada,2,Sas - Claramunt,13,21:58:09,58.15,13.9666666667,838.0,"3,4,5,6,7,8,9,10,11,12,13,14,15,16,17,18,19,20,21,22,23,24,25,26,27,28,29,30,31,32,33,34,35,36,37,38"
6200,4,H8,Tornada,2,Sas - Claramunt,13,22:12:49,12.82,14.6833333333,881.0,"1,4,5,6,7,8,9,10,11,12,13,14,15,16,17,18,19,20,21,22,23,24,25,26,27,28,29,30,31,32,33,34,35,36,37,38"
6408,8,H8,Tornada,2,Sas - Claramunt,13,22:27:07,27.12,14.3,858.0,"4,5,6,7,8,9,10,11,12,13,14,15,16,17,18,19,20,21,22,23,24,25,26,27,28,29,30,31,32,33,34,35,36,37,38"
6411,1,H8,Tornada,3,Sant Adrià - Sas,1435,03:36:16,36.27,,,1
6211,1,H8,Tornada,3,Sant Adrià - Sas,1435,04:23:11,23.18,16.816666666666666,1009.0,
6212,1,H8,Tornada,3,Sant Adrià - Sas,1435,04:32:03,32.05,8.850000000066666,531.0,
6216,1,H8,Tornada,3,Sant Adrià - Sas,1435,04:42:22,42.37,10.333333333266667,620.0,"1,2"
6413,1,H8,Tornada,3,Sant Adrià - Sas,1435,04:50:11,50.18,7.800000000033333,468.0,
6217,1,H8,Tornada,3,Sant Adrià - Sas,1435,04:56:05,56.08,5.916666666633334,355.0,
6415,1,H8,Tornada,3,Sant Adrià - Sas,1435,05:04:16,4.27,8.166666666733333,490.0,
6026,1,H8,Tornada,3,Sant Adrià - Sas,1435,05:11:42,11.7,7.4499999999333335,447.0,
6209,1,H8,Tornada,3,Sant Adrià - Sas,1435,05:20:59,20.98,9.266666666733332,556.0,
6022,1,H8,Tornada,3,Sant Adrià - Sas,1435,05:32:16,32.27,11.299999999933334,678.0,"5,8"
6408,1,H8,Tornada,3,Sant Adrià - Sas,1435,05:37:58,37.97,5.7,342.0,
6215,1,H8,Tornada,3,Sant Adrià - Sas,1435,05:47:12,47.2,9.2166666667,553.0,
6409,2,H8,Tornada,3,Sant Adrià - Sas,1435,05:56:15,56.25,9.066666666633333,544.0,
6056,1,H8,Tornada,3,Sant Adrià - Sas,1435,06:05:54,5.9,9.6333333334,578.0,"13,14"
6411,2,H8,Tornada,3,Sant Adrià - Sas,1435,06:15:25,15.42,9.533333333266667,572.0,
6055,1,H8,Tornada,3,Sant Adrià - Sas,1435,06:24:39,24.65,9.233333333333333,554.0,
6414,1,H8,Tornada,3,Sant Adrià - Sas,1435,06:33:43,33.72,9.050000000033332,543.0,
6117,2,H8,Tornada,3,Sant Adrià - Sas,1435,06:42:24,42.4,8.683333333333334,521.0,
6800,1,H8,Tornada,3,Sant Adrià - Sas,1435,06:49:59,49.98,7.599999999966667,456.0,
6213,2,H8,Tornada,3,Sant Adrià - Sas,1435,06:57:13,57.22,7.233333333333333,434.0,
6407,1,H8,Tornada,3,Sant Adrià - Sas,1435,07:06:11,6.18,8.966666666666667,538.0,
6211,2,H8,Tornada,3,Sant Adrià - Sas,1435,07:18:24,18.4,12.200000000066666,732.0,
6212,2,H8,Tornada,3,Sant Adrià - Sas,1435,07:28:17,28.28,9.899999999933334,594.0,
6216,2,H8,Tornada,3,Sant Adrià - Sas,1435,07:38:31,38.52,10.233333333333333,614.0,
6413,2,H8,Tornada,3,Sant Adrià - Sas,1435,07:47:42,47.7,9.166666666733333,550.0,
6217,2,H8,Tornada,3,Sant Adrià - Sas,1435,07:55:41,55.68,7.983333333333333,479.0,
6026,2,H8,Tornada,3,Sant Adrià - Sas,1435,08:11:29,11.48,15.8,948.0,
6209,2,H8,Tornada,3,Sant Adrià - Sas,1435,08:20:20,20.33,8.849999999966666,531.0,"5,6"
6408,2,H8,Tornada,3,Sant Adrià - Sas,1435,08:40:26,40.43,20.1,1206.0,
6215,2,H8,Tornada,3,Sant Adrià - Sas,1435,08:48:23,48.38,7.9666666666333334,478.0,
6409,3,H8,Tornada,3,Sant Adrià - Sas,1435,08:58:03,58.05,9.666666666666666,580.0,
6056,2,H8,Tornada,3,Sant Adrià - Sas,1435,09:08:02,8.03,9.966666666733333,598.0,
6411,3,H8,Tornada,3,Sant Adrià - Sas,1435,09:17:16,17.27,9.233333333300001,554.0,
6055,2,H8,Tornada,3,Sant Adrià - Sas,1435,09:27:36,27.6,10.333333333366665,620.0,
6414,2,H8,Tornada,3,Sant Adrià - Sas,1435,09:36:21,36.35,8.7666666666,526.0,
6800,2,H8,Tornada,3,Sant Adrià - Sas,1435,09:45:40,45.67,9.316666666666666,559.0,
6213,3,H8,Tornada,3,Sant Adrià - Sas,1435,09:55:43,55.72,10.0333333334,602.0,
6407,2,H8,Tornada,3,Sant Adrià - Sas,1435,10:05:23,5.38,9.666666666633335,580.0,
6211,3,H8,Tornada,3,Sant Adrià - Sas,1435,10:19:14,19.23,13.866666666633334,832.0,
6212,3,H8,Tornada,3,Sant Adrià - Sas,1435,10:32:16,32.27,13.016666666699999,781.0,
6216,3,H8,Tornada,3,Sant Adrià - Sas,1435,10:42:15,42.25,9.983333333333333,599.0,
6413,3,H8,Tornada,3,Sant Adrià - Sas,1435,10:50:02,50.03,7.799999999966667,468.0,
6217,3,H8,Tornada,3,Sant Adrià - Sas,1435,10:58:31,58.52,8.466666666733333,508.0,
6415,3,H8,Tornada,3,Sant Adrià - Sas,1435,11:09:30,9.5,10.983333333333333,659.0,
6026,3,H8,Tornada,3,Sant Adrià - Sas,1435,11:17:55,17.92,8.416666666666666,505.0,
6209,3,H8,Tornada,3,Sant Adrià - Sas,1435,11:28:58,28.97,11.05,663.0,
6408,3,H8,Tornada,3,Sant Adrià - Sas,1435,11:36:27,36.45,7.483333333333333,449.0,
6215,3,H8,Tornada,3,Sant Adrià - Sas,1435,11:47:17,47.28,10.833333333333334,650.0,
6409,4,H8,Tornada,3,Sant Adrià - Sas,1435,11:57:47,57.78,10.5,630.0,5
6056,3,H8,Tornada,3,Sant Adrià - Sas,1435,12:07:17,7.28,9.5166666666,571.0,
6411,4,H8,Tornada,3,Sant Adrià - Sas,1435,12:15:57,15.95,8.666666666666666,520.0,
6055,3,H8,Tornada,3,Sant Adrià - Sas,1435,12:25:37,25.62,9.666666666666666,580.0,
6414,3,H8,Tornada,3,Sant Adrià - Sas,1435,12:35:42,35.7,10.083333333333334,605.0,
6800,3,H8,Tornada,3,Sant Adrià - Sas,1435,12:44:55,44.92,9.200000000066666,552.0,
6407,3,H8,Tornada,3,Sant Adrià - Sas,1435,13:04:00,4.0,19.099999999933335,1146.0,
6211,4,H8,Tornada,3,Sant Adrià - Sas,1435,13:15:33,15.55,11.5333333334,692.0,
6212,4,H8,Tornada,3,Sant Adrià - Sas,1435,13:24:36,24.6,9.066666666600002,544.0,
6216,4,H8,Tornada,3,Sant Adrià - Sas,1435,13:33:45,33.75,9.15,549.0,
6413,4,H8,Tornada,3,Sant Adrià - Sas,1435,13:44:06,44.1,10.333333333399999,620.0,
6217,4,H8,Tornada,3,Sant Adrià - Sas,1435,13:52:47,52.78,8.699999999933334,522.0,
6415,4,H8,Tornada,3,Sant Adrià - Sas,1435,14:02:11,2.18,9.4,564.0,
6200,1,H8,Tornada,3,Sant Adrià - Sas,1435,14:12:41,12.68,10.4833333334,629.0,
6209,4,H8,Tornada,3,Sant Adrià - Sas,1435,14:18:12,18.2,5.216666666666667,313.0,
6408,4,H8,Tornada,3,Sant Adrià - Sas,1435,14:29:17,29.28,11.083333333366665,665.0,
6215,4,H8,Tornada,3,Sant Adrià - Sas,1435,14:45:36,45.6,16.316666666666666,979.0,
6409,5,H8,Tornada,3,Sant Adrià - Sas,1435,14:53:42,53.7,8.1,486.0,
6056,4,H8,Tornada,3,Sant Adrià - Sas,1435,15:03:03,3.05,9.349999999966666,561.0,
6411,5,H8,Tornada,3,Sant Adrià - Sas,1435,15:12:38,12.63,9.583333333333334,575.0,
6055,4,H8,Tornada,3,Sant Adrià - Sas,1435,15:22:45,22.75,10.1166666667,607.0,
6015,1,H8,Tornada,3,Sant Adrià - Sas,1435,15:35:59,35.98,13.233333333333333,794.0,
6414,4,H8,Tornada,3,Sant Adrià - Sas,1435,15:42:32,42.53,6.5666666666,394.0,
6800,4,H8,Tornada,3,Sant Adrià - Sas,1435,15:48:47,48.78,6.25,375.0,
6213,5,H8,Tornada,3,Sant Adrià - Sas,1435,15:57:08,57.13,8.333333333366665,500.0,
6407,4,H8,Tornada,3,Sant Adrià - Sas,1435,16:06:21,6.35,9.2166666667,553.0,
6211,5,H8,Tornada,3,Sant Adrià - Sas,1435,16:16:59,16.98,10.649999999933334,639.0,
6212,5,H8,Tornada,3,Sant Adrià - Sas,1435,16:27:56,27.93,10.933333333366667,656.0,
6036,1,H8,Tornada,3,Sant Adrià - Sas,1435,16:34:02,34.03,6.100000000033333,366.0,
6216,5,H8,Tornada,3,Sant Adrià - Sas,1435,16:42:45,42.75,8.733333333266668,524.0,
6413,5,H8,Tornada,3,Sant Adrià - Sas,1435,16:51:39,51.65,8.9,534.0,
6217,5,H8,Tornada,3,Sant Adrià - Sas,1435,16:57:58,57.97,6.300000000033333,378.0,
6415,5,H8,Tornada,3,Sant Adrià - Sas,1435,17:07:06,7.1,9.149999999983333,549.0,
6209,5,H8,Tornada,3,Sant Adrià - Sas,1435,17:22:00,22.0,14.88333333335,893.0,"1,2"
6026,5,H8,Tornada,3,Sant Adrià - Sas,1435,17:36:59,36.98,14.983333333333333,899.0,"34,35,36,37,38"
6200,2,H8,Tornada,3,Sant Adrià - Sas,1435,17:41:12,41.2,3.8666666666333334,232.0,
6215,5,H8,Tornada,3,Sant Adrià - Sas,1435,17:50:39,50.65,9.45,567.0,"16,17,18"
6409,6,H8,Tornada,3,Sant Adrià - Sas,1435,17:54:25,54.42,3.7666666666666666,226.0,"1,2"
6056,5,H8,Tornada,3,Sant Adrià - Sas,1435,18:05:55,5.92,11.4833333334,689.0,
6055,5,H8,Tornada,3,Sant Adrià - Sas,1435,18:14:01,14.02,8.099999999966666,486.0,"4,5,6,7,8,9,10,11,12,13,14,15,16,17,18,19,20,21,22,23,24,25,26,27,28,29,30,31,32,33,34,35,36,37,38"
6411,6,H8,Tornada,3,Sant Adrià - Sas,1435,18:18:49,18.82,4.816666666633334,289.0,
6414,5,H8,Tornada,3,Sant Adrià - Sas,1435,18:38:56,38.93,20.100000000066665,1206.0,12
6800,5,H8,Tornada,3,Sant Adrià - Sas,1435,18:42:27,42.45,3.533333333266667,212.0,"1,2"
6015,2,H8,Tornada,3,Sant Adrià - Sas,1435,18:48:06,48.1,5.6333333334,338.0,"9,10,11,12,24,25,26,27,28,29,30,31,32,33,34,35,36,37,38"
6213,6,H8,Tornada,3,Sant Adrià - Sas,1435,18:52:28,52.47,4.366666666633334,262.0,
6211,6,H8,Tornada,3,Sant Adrià - Sas,1435,18:56:13,56.22,3.7666666666333333,226.0,"4,5,6,7,8,9,10,11,12,13,14,15,16,17,18,19,20,21,22,23,24,25,26,27,28,29,30,31,32,33,34,35,36,37,38"
6407,5,H8,Tornada,3,Sant Adrià - Sas,1435,19:02:07,2.12,5.8833333334,353.0,
6036,2,H8,Tornada,3,Sant Adrià - Sas,1435,19:22:18,22.3,20.183333333333334,1211.0,
6216,6,H8,Tornada,3,Sant Adrià - Sas,1435,19:39:12,39.2,16.9166666666,1015.0,"25,26,27,28,29,30,31,32,33,34,35,36,37,38"
6413,6,H8,Tornada,3,Sant Adrià - Sas,1435,19:41:00,41.0,1.8,108.0,
6415,6,H8,Tornada,3,Sant Adrià - Sas,1435,19:50:30,50.5,9.5,570.0,37
6209,6,H8,Tornada,3,Sant Adrià - Sas,1435,19:54:56,54.93,4.433333333333334,266.0,"4,5,6,7,8,9,10,11,12,13,14,15,16,17,18,19,20,21,22,23,24,25,26,27,28,29,30,31,32,33,34,35,36,37,38"
6200,3,H8,Tornada,3,Sant Adrià - Sas,1435,20:01:18,1.3,6.350000000066667,381.0,
6408,7,H8,Tornada,3,Sant Adrià - Sas,1435,20:16:48,16.8,15.5166666666,931.0,
6215,6,H8,Tornada,3,Sant Adrià - Sas,1435,20:20:49,20.82,4.000000000066667,240.0,"4,5,6,7,8,9,10,11,12,13,14,15,16,17,18,19,20,21,22,23,24,25,26,27,28,29,30,31,32,33,34,35,36,37,38"
6409,7,H8,Tornada,3,Sant Adrià - Sas,1435,20:31:56,31.93,11.116666666666667,667.0,
6056,6,H8,Tornada,3,Sant Adrià - Sas,1435,20:34:37,34.62,2.6999999999333335,162.0,"4,5,6,7,8,9,10,11,12,13,14,15,16,17,18,19,20,21,22,23,24,25,26,27,28,29,30,31,32,33,34,35,36,37,38"
6411,7,H8,Tornada,3,Sant Adrià - Sas,1435,20:51:49,51.82,17.1833333334,1031.0,11
6414,6,H8,Tornada,3,Sant Adrià - Sas,1435,21:11:56,11.93,20.116666666666667,1207.0,
6213,7,H8,Tornada,3,Sant Adrià - Sas,1435,21:30:57,30.95,19.03333333326667,1142.0,21
6036,3,H8,Tornada,3,Sant Adrià - Sas,1435,21:45:28,45.47,13.816666666633333,829.0,"4,5,6,7,8,9,10,11,12,13,14,15,16,17,18,19,20,21,22,23,24,25,26,27,28,29,30,31,32,33,34,35,36,37,38"
6408,8,H8,Tornada,3,Sant Adrià - Sas,1435,22:28:04,28.07,13.9333333333,836.0,"4,5,6,7,8,9,10,11,12,13,14,15,16,17,18,19,20,21,22,23,24,25,26,27,28,29,30,31,32,33,34,35,36,37,38"
6411,1,H8,Tornada,4,Ciutat d'Asunción - Sant Adrià,1436,03:37:36,37.6,,,1
6117,1,H8,Tornada,4,Ciutat d'Asunción - Sant Adrià,1436,03:52:23,52.38,14.799999999966667,888.0,3
6213,1,H8,Tornada,4,Ciutat d'Asunción - Sant Adrià,1436,04:07:46,7.77,15.3666666667,922.0,
6211,1,H8,Tornada,4,Ciutat d'Asunción - Sant Adrià,1436,04:24:06,24.1,16.333333333333332,980.0,
6212,1,H8,Tornada,4,Ciutat d'Asunción - Sant Adrià,1436,04:33:08,33.13,9.033333333333333,542.0,
6216,1,H8,Tornada,4,Ciutat d'Asunción - Sant Adrià,1436,04:44:15,44.25,11.1166666667,667.0,"1,2"
6413,1,H8,Tornada,4,Ciutat d'Asunción - Sant Adrià,1436,04:51:15,51.25,7.0,420.0,
6217,1,H8,Tornada,4,Ciutat d'Asunción - Sant Adrià,1436,04:58:18,58.3,7.0666666666,424.0,
6415,1,H8,Tornada,4,Ciutat d'Asunción - Sant Adrià,1436,05:06:08,6.13,7.833333333333333,470.0,
6026,1,H8,Tornada,4,Ciutat d'Asunción - Sant Adrià,1436,05:13:32,13.53,7.383333333366666,443.0,
6209,1,H8,Tornada,4,Ciutat d'Asunción - Sant Adrià,1436,05:23:49,23.82,10.283333333366667,617.0,
6022,1,H8,Tornada,4,Ciutat d'Asunción - Sant Adrià,1436,05:33:47,33.78,9.966666666666667,598.0,"5,8"
6408,1,H8,Tornada,4,Ciutat d'Asunción - Sant Adrià,1436,05:39:48,39.8,6.016666666633333,361.0,
6215,1,H8,Tornada,4,Ciutat d'Asunción - Sant Adrià,1436,05:48:31,48.52,8.733333333300001,524.0,
6409,2,H8,Tornada,4,Ciutat d'Asunción - Sant Adrià,1436,05:57:34,57.57,9.033333333366667,542.0,
6056,1,H8,Tornada,4,Ciutat d'Asunción - Sant Adrià,1436,06:12:45,12.75,15.183333333333334,911.0,"13,14"
6411,2,H8,Tornada,4,Ciutat d'Asunción - Sant Adrià,1436,06:17:21,17.35,4.616666666633334,277.0,
6055,1,H8,Tornada,4,Ciutat d'Asunción - Sant Adrià,1436,06:26:21,26.35,9.0,540.0,
6414,1,H8,Tornada,4,Ciutat d'Asunción - Sant Adrià,1436,06:35:09,35.15,8.7833333334,527.0,
6117,2,H8,Tornada,4,Ciutat d'Asunción - Sant Adrià,1436,06:44:29,44.48,9.3333333333,560.0,
6800,1,H8,Tornada,4,Ciutat d'Asunción - Sant Adrià,1436,06:51:17,51.28,6.800000000033333,408.0,
6213,2,H8,Tornada,4,Ciutat d'Asunción - Sant Adrià,1436,06:59:04,59.07,7.799999999933333,468.0,
6407,1,H8,Tornada,4,Ciutat d'Asunción - Sant Adrià,1436,07:08:24,8.4,9.3166666667,559.0,
6211,2,H8,Tornada,4,Ciutat d'Asunción - Sant Adrià,1436,07:19:45,19.75,11.350000000033333,681.0,
6212,2,H8,Tornada,4,Ciutat d'Asunción - Sant Adrià,1436,07:29:02,29.03,9.299999999933334,558.0,
6216,2,H8,Tornada,4,Ciutat d'Asunción - Sant Adrià,1436,07:40:07,40.12,11.083333333333334,665.0,
6413,2,H8,Tornada,4,Ciutat d'Asunción - Sant Adrià,1436,07:49:03,49.05,8.933333333333334,536.0,
6217,2,H8,Tornada,4,Ciutat d'Asunción - Sant Adrià,1436,07:57:14,57.23,8.1666666667,490.0,
6026,2,H8,Tornada,4,Ciutat d'Asunción - Sant Adrià,1436,08:12:10,12.17,14.933333333366667,896.0,
6209,2,H8,Tornada,4,Ciutat d'Asunción - Sant Adrià,1436,08:21:51,21.85,9.683333333333334,581.0,"5,6"
6022,2,H8,Tornada,4,Ciutat d'Asunción - Sant Adrià,1436,08:32:32,32.53,10.6833333333,641.0,3
6408,2,H8,Tornada,4,Ciutat d'Asunción - Sant Adrià,1436,08:42:26,42.43,9.900000000033334,594.0,
6215,2,H8,Tornada,4,Ciutat d'Asunción - Sant Adrià,1436,08:49:52,49.87,7.433333333333334,446.0,
6409,3,H8,Tornada,4,Ciutat d'Asunción - Sant Adrià,1436,08:59:23,59.38,9.53333333325,572.0,
6056,2,H8,Tornada,4,Ciutat d'Asunción - Sant Adrià,1436,09:10:05,10.08,10.700000000016667,642.0,
6411,3,H8,Tornada,4,Ciutat d'Asunción - Sant Adrià,1436,09:18:23,18.38,8.3,498.0,
6055,2,H8,Tornada,4,Ciutat d'Asunción - Sant Adrià,1436,09:29:11,29.18,10.7833333334,647.0,
6414,2,H8,Tornada,4,Ciutat d'Asunción - Sant Adrià,1436,09:37:43,37.72,8.533333333333333,512.0,
6800,2,H8,Tornada,4,Ciutat d'Asunción - Sant Adrià,1436,09:48:26,48.43,10.733333333266668,644.0,
6213,3,H8,Tornada,4,Ciutat d'Asunción - Sant Adrià,1436,09:57:06,57.1,8.650000000033334,519.0,
6407,2,H8,Tornada,4,Ciutat d'Asunción - Sant Adrià,1436,10:08:01,8.02,10.916666666666666,655.0,
6211,3,H8,Tornada,4,Ciutat d'Asunción - Sant Adrià,1436,10:21:49,21.82,13.8,828.0,
6212,3,H8,Tornada,4,Ciutat d'Asunción - Sant Adrià,1436,10:33:22,33.37,11.550000000033332,693.0,
6216,3,H8,Tornada,4,Ciutat d'Asunción - Sant Adrià,1436,10:43:25,43.42,10.066666666600002,604.0,
6413,3,H8,Tornada,4,Ciutat d'Asunción - Sant Adrià,1436,10:51:15,51.25,7.833333333333333,470.0,
6217,3,H8,Tornada,4,Ciutat d'Asunción - Sant Adrià,1436,11:00:30,0.5,9.25,555.0,
6415,3,H8,Tornada,4,Ciutat d'Asunción - Sant Adrià,1436,11:10:56,10.93,10.433333333333334,626.0,
6026,3,H8,Tornada,4,Ciutat d'Asunción - Sant Adrià,1436,11:19:43,19.72,8.766666666699999,526.0,
6209,3,H8,Tornada,4,Ciutat d'Asunción - Sant Adrià,1436,11:30:19,30.32,10.6,636.0,
6408,3,H8,Tornada,4,Ciutat d'Asunción - Sant Adrià,1436,11:37:47,37.78,7.466666666666667,448.0,
6215,3,H8,Tornada,4,Ciutat d'Asunción - Sant Adrià,1436,11:48:34,48.57,10.783333333333333,647.0,
6409,4,H8,Tornada,4,Ciutat d'Asunción - Sant Adrià,1436,11:59:59,59.98,11.4333333333,686.0,5
6056,3,H8,Tornada,4,Ciutat d'Asunción - Sant Adrià,1436,12:08:05,8.08,8.083333333366665,485.0,
6411,4,H8,Tornada,4,Ciutat d'Asunción - Sant Adrià,1436,12:18:25,18.42,10.333333333333334,620.0,
6055,3,H8,Tornada,4,Ciutat d'Asunción - Sant Adrià,1436,12:27:15,27.25,8.849999999966666,531.0,
6414,3,H8,Tornada,4,Ciutat d'Asunción - Sant Adrià,1436,12:36:05,36.08,8.8166666667,529.0,
6800,3,H8,Tornada,4,Ciutat d'Asunción - Sant Adrià,1436,12:45:44,45.73,9.666666666633335,580.0,
6213,4,H8,Tornada,4,Ciutat d'Asunción - Sant Adrià,1436,12:54:31,54.52,8.766666666699999,526.0,3
6407,3,H8,Tornada,4,Ciutat d'Asunción - Sant Adrià,1436,13:07:06,7.1,12.583333333366665,755.0,
6211,4,H8,Tornada,4,Ciutat d'Asunción - Sant Adrià,1436,13:16:41,16.68,9.599999999933335,576.0,
6212,4,H8,Tornada,4,Ciutat d'Asunción - Sant Adrià,1436,13:25:50,25.83,9.1333333334,548.0,
6216,4,H8,Tornada,4,Ciutat d'Asunción - Sant Adrià,1436,13:34:59,34.98,9.166666666600001,550.0,
6413,4,H8,Tornada,4,Ciutat d'Asunción - Sant Adrià,1436,13:45:06,45.1,10.116666666666667,607.0,
6217,4,H8,Tornada,4,Ciutat d'Asunción - Sant Adrià,1436,13:54:02,54.03,8.916666666733333,535.0,
6415,4,H8,Tornada,4,Ciutat d'Asunción - Sant Adrià,1436,14:03:28,3.47,9.449999999933334,567.0,
6200,1,H8,Tornada,4,Ciutat d'Asunción - Sant Adrià,1436,14:13:55,13.92,10.433333333366667,626.0,
6209,4,H8,Tornada,4,Ciutat d'Asunción - Sant Adrià,1436,14:19:52,19.87,5.266666666633333,316.0,
6408,4,H8,Tornada,4,Ciutat d'Asunción - Sant Adrià,1436,14:30:14,30.23,10.366666666666667,622.0,
6215,4,H8,Tornada,4,Ciutat d'Asunción - Sant Adrià,1436,14:46:58,46.97,16.733333333333334,1004.0,
6409,5,H8,Tornada,4,Ciutat d'Asunción - Sant Adrià,1436,14:54:30,54.5,7.549999999966667,453.0,
6056,4,H8,Tornada,4,Ciutat d'Asunción - Sant Adrià,1436,15:04:47,4.78,10.266666666699999,616.0,
6411,5,H8,Tornada,4,Ciutat d'Asunción - Sant Adrià,1436,15:14:06,14.1,9.316666666666666,559.0,
6055,4,H8,Tornada,4,Ciutat d'Asunción - Sant Adrià,1436,15:24:08,24.13,10.033333333366667,602.0,
6015,1,H8,Tornada,4,Ciutat d'Asunción - Sant Adrià,1436,15:37:35,37.58,13.449999999966668,807.0,
6414,4,H8,Tornada,4,Ciutat d'Asunción - Sant Adrià,1436,15:43:40,43.67,6.099999999983334,366.0,
6800,4,H8,Tornada,4,Ciutat d'Asunción - Sant Adrià,1436,15:49:44,49.73,6.06666666665,364.0,
6213,5,H8,Tornada,4,Ciutat d'Asunción - Sant Adrià,1436,15:59:12,59.2,9.450000000033333,567.0,
6407,4,H8,Tornada,4,Ciutat d'Asunción - Sant Adrià,1436,16:07:39,7.65,8.466666666633333,508.0,
6211,5,H8,Tornada,4,Ciutat d'Asunción - Sant Adrià,1436,16:18:37,18.62,10.966666666666667,658.0,
6212,5,H8,Tornada,4,Ciutat d'Asunción - Sant Adrià,1436,16:31:02,31.03,12.416666666666666,745.0,
6036,1,H8,Tornada,4,Ciutat d'Asunción - Sant Adrià,1436,16:36:01,36.02,4.966666666699999,298.0,
6216,5,H8,Tornada,4,Ciutat d'Asunción - Sant Adrià,1436,16:43:51,43.85,7.849999999983334,471.0,
6413,5,H8,Tornada,4,Ciutat d'Asunción - Sant Adrià,1436,16:56:17,56.28,12.416666666683334,745.0,
6217,5,H8,Tornada,4,Ciutat d'Asunción - Sant Adrià,1436,17:00:20,0.33,4.050000000033333,243.0,
6415,5,H8,Tornada,4,Ciutat d'Asunción - Sant Adrià,1436,17:07:38,7.63,7.3166666666,439.0,
6209,5,H8,Tornada,4,Ciutat d'Asunción - Sant Adrià,1436,17:22:43,22.72,15.0666666667,904.0,"1,2"
6408,5,H8,Tornada,4,Ciutat d'Asunción - Sant Adrià,1436,17:38:48,38.8,16.083333333333332,965.0,"8,9,10,11,12,13,14,15,16,17,18,19,20,21,22,23,24,25,26,27,28,29,30,31,32,33,34,35,36,37,38"
6026,5,H8,Tornada,4,Ciutat d'Asunción - Sant Adrià,1436,17:42:15,42.25,3.45,207.0,"34,35,36,37,38"
6215,5,H8,Tornada,4,Ciutat d'Asunción - Sant Adrià,1436,17:51:15,51.25,8.75,525.0,"16,17,18"
6409,6,H8,Tornada,4,Ciutat d'Asunción - Sant Adrià,1436,17:55:20,55.33,4.0666666667,244.0,"1,2"
6056,5,H8,Tornada,4,Ciutat d'Asunción - Sant Adrià,1436,18:07:10,7.17,11.849999999966666,711.0,
6411,6,H8,Tornada,4,Ciutat d'Asunción - Sant Adrià,1436,18:20:01,20.02,12.833333333399999,770.0,
6414,5,H8,Tornada,4,Ciutat d'Asunción - Sant Adrià,1436,18:40:27,40.45,20.433333333300002,1226.0,12
6800,5,H8,Tornada,4,Ciutat d'Asunción - Sant Adrià,1436,18:43:50,43.83,3.3833333333666666,203.0,"1,2"
6015,2,H8,Tornada,4,Ciutat d'Asunción - Sant Adrià,1436,18:49:28,49.47,5.649999999933333,339.0,"9,10,11,12,24,25,26,27,28,29,30,31,32,33,34,35,36,37,38"
6213,6,H8,Tornada,4,Ciutat d'Asunción - Sant Adrià,1436,18:54:00,54.0,4.533333333333333,272.0,
6407,5,H8,Tornada,4,Ciutat d'Asunción - Sant Adrià,1436,19:03:25,3.42,9.416666666666666,565.0,
6036,2,H8,Tornada,4,Ciutat d'Asunción - Sant Adrià,1436,19:22:21,22.35,18.91666666673333,1135.0,
6216,6,H8,Tornada,4,Ciutat d'Asunción - Sant Adrià,1436,19:40:22,40.37,18.016666666633334,1081.0,"25,26,27,28,29,30,31,32,33,34,35,36,37,38"
6413,6,H8,Tornada,4,Ciutat d'Asunción - Sant Adrià,1436,19:42:12,42.2,1.8333333333666666,110.0,
6415,6,H8,Tornada,4,Ciutat d'Asunción - Sant Adrià,1436,19:50:46,50.77,8.566666666666666,514.0,37
6200,3,H8,Tornada,4,Ciutat d'Asunción - Sant Adrià,1436,20:03:25,3.42,12.666666666600001,760.0,
6408,7,H8,Tornada,4,Ciutat d'Asunción - Sant Adrià,1436,20:17:51,17.85,14.4166666667,865.0,
6409,7,H8,Tornada,4,Ciutat d'Asunción - Sant Adrià,1436,20:32:48,32.8,14.966666666650001,898.0,
6411,7,H8,Tornada,4,Ciutat d'Asunción - Sant Adrià,1436,20:52:00,52.0,19.183333333383334,1151.0,11
6414,6,H8,Tornada,4,Ciutat d'Asunción - Sant Adrià,1436,21:12:47,12.78,20.799999999933334,1248.0,
6213,7,H8,Tornada,4,Ciutat d'Asunción - Sant Adrià,1436,21:31:51,31.85,19.066666666666666,1144.0,21
6411,1,H8,Tornada,5,Pg de l'Havana - Ciutat d'Asunción,2593,03:38:24,38.4,,,1
6117,1,H8,Tornada,5,Pg de l'Havana - Ciutat d'Asunción,2593,03:54:09,54.15,15.749999999966667,945.0,3
6213,1,H8,Tornada,5,Pg de l'Havana - Ciutat d'Asunción,2593,04:09:14,9.23,15.083333333366665,905.0,
6211,1,H8,Tornada,5,Pg de l'Havana - Ciutat d'Asunción,2593,04:26:03,26.05,16.816666666666666,1009.0,
6212,1,H8,Tornada,5,Pg de l'Havana - Ciutat d'Asunción,2593,04:35:06,35.1,9.049999999966667,543.0,
6216,1,H8,Tornada,5,Pg de l'Havana - Ciutat d'Asunción,2593,04:48:20,48.33,13.233333333366666,794.0,"1,2"
6413,1,H8,Tornada,5,Pg de l'Havana - Ciutat d'Asunción,2593,04:53:43,53.72,5.3833333333,323.0,
6217,1,H8,Tornada,5,Pg de l'Havana - Ciutat d'Asunción,2593,05:00:45,0.75,7.049999999966667,423.0,
6415,1,H8,Tornada,5,Pg de l'Havana - Ciutat d'Asunción,2593,05:07:40,7.67,6.900000000033333,414.0,
6026,1,H8,Tornada,5,Pg de l'Havana - Ciutat d'Asunción,2593,05:16:16,16.27,8.6,516.0,
6209,1,H8,Tornada,5,Pg de l'Havana - Ciutat d'Asunción,2593,05:25:23,25.38,9.1333333333,548.0,
6408,1,H8,Tornada,5,Pg de l'Havana - Ciutat d'Asunción,2593,05:42:21,42.35,16.950000000033334,1017.0,
6215,1,H8,Tornada,5,Pg de l'Havana - Ciutat d'Asunción,2593,05:50:05,50.08,7.733333333366667,464.0,
6409,2,H8,Tornada,5,Pg de l'Havana - Ciutat d'Asunción,2593,06:00:00,0.0,9.916666666633335,595.0,
TEMP_ErnestLluch_2593,1,H8,Tornada,5,Pg de l'Havana - Ciutat d'Asunción,2593,06:14:38,14.63,14.633333333333333,878.0,"1,2,3,4,6,7,8,9,10,11,12,13,14,15,16,17,18,19,20,21,22,23,24,25,26,27,28,29,30,31,32,33,34,35,36,37,38"
6411,2,H8,Tornada,5,Pg de l'Havana - Ciutat d'Asunción,2593,06:20:04,20.07,4.583333333366666,275.0,
6055,1,H8,Tornada,5,Pg de l'Havana - Ciutat d'Asunción,2593,06:27:53,27.88,7.8166666667,469.0,
6414,1,H8,Tornada,5,Pg de l'Havana - Ciutat d'Asunción,2593,06:37:46,37.77,9.883333333333333,593.0,
6117,2,H8,Tornada,5,Pg de l'Havana - Ciutat d'Asunción,2593,06:46:12,46.2,8.433333333333334,506.0,
6800,1,H8,Tornada,5,Pg de l'Havana - Ciutat d'Asunción,2593,06:53:26,53.43,7.233333333333333,434.0,
6213,2,H8,Tornada,5,Pg de l'Havana - Ciutat d'Asunción,2593,07:00:53,0.88,7.4666666666,448.0,
6407,1,H8,Tornada,5,Pg de l'Havana - Ciutat d'Asunción,2593,07:11:19,11.32,10.433333333333334,626.0,
6211,2,H8,Tornada,5,Pg de l'Havana - Ciutat d'Asunción,2593,07:21:46,21.77,10.433333333399998,626.0,
6212,2,H8,Tornada,5,Pg de l'Havana - Ciutat d'Asunción,2593,07:31:27,31.45,9.6833333333,581.0,
6216,2,H8,Tornada,5,Pg de l'Havana - Ciutat d'Asunción,2593,07:40:40,40.67,9.216666666666667,553.0,
6413,2,H8,Tornada,5,Pg de l'Havana - Ciutat d'Asunción,2593,07:50:03,50.05,9.383333333366666,563.0,
6217,2,H8,Tornada,5,Pg de l'Havana - Ciutat d'Asunción,2593,07:59:02,59.03,8.983333333300001,539.0,
6026,2,H8,Tornada,5,Pg de l'Havana - Ciutat d'Asunción,2593,08:14:59,14.98,15.95,957.0,
6022,2,H8,Tornada,5,Pg de l'Havana - Ciutat d'Asunción,2593,08:35:38,35.63,20.65,1239.0,3
6408,2,H8,Tornada,5,Pg de l'Havana - Ciutat d'Asunción,2593,08:44:04,44.07,8.449999999966668,507.0,
6215,2,H8,Tornada,5,Pg de l'Havana - Ciutat d'Asunción,2593,08:52:00,52.0,7.916666666699999,475.0,
6409,3,H8,Tornada,5,Pg de l'Havana - Ciutat d'Asunción,2593,09:01:38,1.63,9.649999999966667,579.0,
6056,2,H8,Tornada,5,Pg de l'Havana - Ciutat d'Asunción,2593,09:11:48,11.8,10.150000000033334,609.0,
6411,3,H8,Tornada,5,Pg de l'Havana - Ciutat d'Asunción,2593,09:20:52,20.87,9.0666666667,544.0,
6055,2,H8,Tornada,5,Pg de l'Havana - Ciutat d'Asunción,2593,09:32:10,32.17,11.3,678.0,
6414,2,H8,Tornada,5,Pg de l'Havana - Ciutat d'Asunción,2593,09:39:53,39.88,7.733333333266667,464.0,
6800,2,H8,Tornada,5,Pg de l'Havana - Ciutat d'Asunción,2593,09:50:52,50.87,10.966666666733333,658.0,
6213,3,H8,Tornada,5,Pg de l'Havana - Ciutat d'Asunción,2593,09:59:17,59.28,8.416666666666666,505.0,
6407,2,H8,Tornada,5,Pg de l'Havana - Ciutat d'Asunción,2593,10:09:36,9.6,10.316666666666666,619.0,
6211,3,H8,Tornada,5,Pg de l'Havana - Ciutat d'Asunción,2593,10:23:48,23.8,14.2166666666,853.0,
6212,3,H8,Tornada,5,Pg de l'Havana - Ciutat d'Asunción,2593,10:35:17,35.28,11.4666666667,688.0,
6216,3,H8,Tornada,5,Pg de l'Havana - Ciutat d'Asunción,2593,10:45:32,45.53,10.250000000033333,615.0,
6413,3,H8,Tornada,5,Pg de l'Havana - Ciutat d'Asunción,2593,10:53:23,53.38,7.849999999966667,471.0,
6217,3,H8,Tornada,5,Pg de l'Havana - Ciutat d'Asunción,2593,11:03:43,3.72,10.349999999966666,621.0,
6415,3,H8,Tornada,5,Pg de l'Havana - Ciutat d'Asunción,2593,11:13:45,13.75,10.033333333333333,602.0,
6026,3,H8,Tornada,5,Pg de l'Havana - Ciutat d'Asunción,2593,11:21:26,21.43,7.666666666733334,460.0,
6209,3,H8,Tornada,5,Pg de l'Havana - Ciutat d'Asunción,2593,11:32:14,32.23,10.799999999966667,648.0,
6408,3,H8,Tornada,5,Pg de l'Havana - Ciutat d'Asunción,2593,11:39:52,39.87,7.649999999966667,459.0,
6215,3,H8,Tornada,5,Pg de l'Havana - Ciutat d'Asunción,2593,11:50:04,50.07,10.183333333399998,611.0,
6056,3,H8,Tornada,5,Pg de l'Havana - Ciutat d'Asunción,2593,12:10:09,10.15,20.099999999933335,1206.0,
6411,4,H8,Tornada,5,Pg de l'Havana - Ciutat d'Asunción,2593,12:20:36,20.6,10.45,627.0,
6055,3,H8,Tornada,5,Pg de l'Havana - Ciutat d'Asunción,2593,12:28:23,28.38,7.766666666733333,466.0,
6414,3,H8,Tornada,5,Pg de l'Havana - Ciutat d'Asunción,2593,12:38:25,38.42,10.049999999933334,603.0,
6800,3,H8,Tornada,5,Pg de l'Havana - Ciutat d'Asunción,2593,12:47:05,47.08,8.650000000066665,519.0,
6213,4,H8,Tornada,5,Pg de l'Havana - Ciutat d'Asunción,2593,12:56:19,56.32,9.249999999933333,555.0,3
6407,3,H8,Tornada,5,Pg de l'Havana - Ciutat d'Asunción,2593,13:09:00,9.0,12.666666666733333,760.0,
6211,4,H8,Tornada,5,Pg de l'Havana - Ciutat d'Asunción,2593,13:19:59,19.98,10.99999999995,660.0,
6212,4,H8,Tornada,5,Pg de l'Havana - Ciutat d'Asunción,2593,13:28:03,28.05,8.06666666665,484.0,
6216,4,H8,Tornada,5,Pg de l'Havana - Ciutat d'Asunción,2593,13:37:20,37.33,9.283333333333333,557.0,
6413,4,H8,Tornada,5,Pg de l'Havana - Ciutat d'Asunción,2593,13:47:22,47.37,10.033333333333333,602.0,
6217,4,H8,Tornada,5,Pg de l'Havana - Ciutat d'Asunción,2593,13:55:54,55.9,8.533333333333333,512.0,
6415,4,H8,Tornada,5,Pg de l'Havana - Ciutat d'Asunción,2593,14:06:06,6.1,10.183333333399998,611.0,
6200,1,H8,Tornada,5,Pg de l'Havana - Ciutat d'Asunción,2593,14:16:23,16.38,10.299999999933334,618.0,
6209,4,H8,Tornada,5,Pg de l'Havana - Ciutat d'Asunción,2593,14:21:25,21.42,4.266666666666667,256.0,
6408,4,H8,Tornada,5,Pg de l'Havana - Ciutat d'Asunción,2593,14:32:20,32.33,10.900000000066665,654.0,
6215,4,H8,Tornada,5,Pg de l'Havana - Ciutat d'Asunción,2593,14:49:28,49.47,17.149999999933335,1029.0,
6409,5,H8,Tornada,5,Pg de l'Havana - Ciutat d'Asunción,2593,14:56:21,56.35,6.8666666667,412.0,
6056,4,H8,Tornada,5,Pg de l'Havana - Ciutat d'Asunción,2593,15:07:28,7.47,11.116666666666667,667.0,
6411,5,H8,Tornada,5,Pg de l'Havana - Ciutat d'Asunción,2593,15:16:39,16.65,9.183333333366667,551.0,
6055,4,H8,Tornada,5,Pg de l'Havana - Ciutat d'Asunción,2593,15:26:07,26.12,9.466666666633333,568.0,
6015,1,H8,Tornada,5,Pg de l'Havana - Ciutat d'Asunción,2593,15:39:57,39.95,13.833333333333334,830.0,
6414,4,H8,Tornada,5,Pg de l'Havana - Ciutat d'Asunción,2593,15:46:58,46.97,7.0166666667,421.0,
6800,4,H8,Tornada,5,Pg de l'Havana - Ciutat d'Asunción,2593,15:52:32,52.53,5.566666666633334,334.0,
6213,5,H8,Tornada,5,Pg de l'Havana - Ciutat d'Asunción,2593,16:00:33,0.55,8.016666666699999,481.0,
6407,4,H8,Tornada,5,Pg de l'Havana - Ciutat d'Asunción,2593,16:11:16,11.27,10.733333333266668,644.0,
6211,5,H8,Tornada,5,Pg de l'Havana - Ciutat d'Asunción,2593,16:21:49,21.82,10.533333333366667,632.0,
6212,5,H8,Tornada,5,Pg de l'Havana - Ciutat d'Asunción,2593,16:32:03,32.05,10.249999999966667,615.0,
6036,1,H8,Tornada,5,Pg de l'Havana - Ciutat d'Asunción,2593,16:37:55,37.92,5.850000000033333,351.0,
6216,5,H8,Tornada,5,Pg de l'Havana - Ciutat d'Asunción,2593,16:45:13,45.22,7.300000000033333,438.0,
6413,5,H8,Tornada,5,Pg de l'Havana - Ciutat d'Asunción,2593,16:57:39,57.65,12.433333333333334,746.0,
6217,5,H8,Tornada,5,Pg de l'Havana - Ciutat d'Asunción,2593,17:02:04,2.07,4.416666666633334,265.0,
6415,5,H8,Tornada,5,Pg de l'Havana - Ciutat d'Asunción,2593,17:09:52,9.87,7.816666666633334,469.0,
6209,5,H8,Tornada,5,Pg de l'Havana - Ciutat d'Asunción,2593,17:25:36,25.6,15.733333333333333,944.0,"1,2"
6408,5,H8,Tornada,5,Pg de l'Havana - Ciutat d'Asunción,2593,17:40:36,40.6,14.983333333366666,899.0,"8,9,10,11,12,13,14,15,16,17,18,19,20,21,22,23,24,25,26,27,28,29,30,31,32,33,34,35,36,37,38"
6200,2,H8,Tornada,5,Pg de l'Havana - Ciutat d'Asunción,2593,17:43:19,43.32,2.7166666667,163.0,
6215,5,H8,Tornada,5,Pg de l'Havana - Ciutat d'Asunción,2593,17:53:41,53.68,9.900000000066665,594.0,"16,17,18"
6409,6,H8,Tornada,5,Pg de l'Havana - Ciutat d'Asunción,2593,17:56:44,56.73,3.05,183.0,"1,2"
6056,5,H8,Tornada,5,Pg de l'Havana - Ciutat d'Asunción,2593,18:09:37,9.62,12.883333333333333,773.0,
6411,6,H8,Tornada,5,Pg de l'Havana - Ciutat d'Asunción,2593,18:21:43,21.72,12.116666666616668,727.0,
6414,5,H8,Tornada,5,Pg de l'Havana - Ciutat d'Asunción,2593,18:42:15,42.25,20.51666666668333,1231.0,12
6800,5,H8,Tornada,5,Pg de l'Havana - Ciutat d'Asunción,2593,18:45:25,45.42,3.1833333333,191.0,"1,2"
6015,2,H8,Tornada,5,Pg de l'Havana - Ciutat d'Asunción,2593,18:51:25,51.42,5.9833333334,359.0,"9,10,11,12,24,25,26,27,28,29,30,31,32,33,34,35,36,37,38"
6213,6,H8,Tornada,5,Pg de l'Havana - Ciutat d'Asunción,2593,18:56:22,56.37,4.95,297.0,
6407,5,H8,Tornada,5,Pg de l'Havana - Ciutat d'Asunción,2593,19:04:36,4.6,8.233333333300001,494.0,
6036,2,H8,Tornada,5,Pg de l'Havana - Ciutat d'Asunción,2593,19:24:36,24.6,20.00000000003333,1200.0,
6216,6,H8,Tornada,5,Pg de l'Havana - Ciutat d'Asunción,2593,19:42:34,42.57,17.966666666633333,1078.0,"25,26,27,28,29,30,31,32,33,34,35,36,37,38"
6415,6,H8,Tornada,5,Pg de l'Havana - Ciutat d'Asunción,2593,19:52:21,52.35,8.883333333366666,533.0,37
6200,3,H8,Tornada,5,Pg de l'Havana - Ciutat d'Asunción,2593,20:04:48,4.8,12.450000000016667,747.0,
6408,7,H8,Tornada,5,Pg de l'Havana - Ciutat d'Asunción,2593,20:19:33,19.55,14.750000000016666,885.0,
6409,7,H8,Tornada,5,Pg de l'Havana - Ciutat d'Asunción,2593,20:34:26,34.43,14.8833333333,893.0,
6411,7,H8,Tornada,5,Pg de l'Havana - Ciutat d'Asunción,2593,20:54:02,54.03,19.61666666665,1177.0,11
6414,6,H8,Tornada,5,Pg de l'Havana - Ciutat d'Asunción,2593,21:15:03,15.05,21.01666666665,1261.0,
6213,7,H8,Tornada,5,Pg de l'Havana - Ciutat d'Asunción,2593,21:34:12,34.2,19.1333333334,1148.0,21
6411,1,H8,Tornada,6,Parc de la Maquinista,2594,03:39:38,39.63,,,1
6117,1,H8,Tornada,6,Parc de la Maquinista,2594,03:55:05,55.08,15.449999999966668,927.0,3
6213,1,H8,Tornada,6,Parc de la Maquinista,2594,04:09:30,9.5,14.4166666667,865.0,
6211,1,H8,Tornada,6,Parc de la Maquinista,2594,04:27:45,27.75,18.2666666666,1096.0,
6212,1,H8,Tornada,6,Parc de la Maquinista,2594,04:37:01,37.02,9.266666666666667,556.0,
6216,1,H8,Tornada,6,Parc de la Maquinista,2594,04:50:47,50.78,13.750000000033333,825.0,"1,2"
6413,1,H8,Tornada,6,Parc de la Maquinista,2594,04:57:24,57.4,6.6166666667,397.0,
6217,1,H8,Tornada,6,Parc de la Maquinista,2594,05:03:14,3.23,5.849999999933333,351.0,
6415,1,H8,Tornada,6,Parc de la Maquinista,2594,05:09:19,9.32,6.066666666733334,364.0,
6026,1,H8,Tornada,6,Parc de la Maquinista,2594,05:17:46,17.77,8.449999999966668,507.0,
6209,1,H8,Tornada,6,Parc de la Maquinista,2594,05:26:05,26.08,8.316666666666666,499.0,
6022,1,H8,Tornada,6,Parc de la Maquinista,2594,05:37:34,37.57,11.483333333366666,689.0,"5,8"
6408,1,H8,Tornada,6,Parc de la Maquinista,2594,05:43:43,43.72,6.166666666583334,370.0,
6215,1,H8,Tornada,6,Parc de la Maquinista,2594,05:52:13,52.22,8.500000000033333,510.0,
6409,2,H8,Tornada,6,Parc de la Maquinista,2594,06:02:22,2.37,10.13333333335,608.0,
TEMP_ErnestLluch_2594,1,H8,Tornada,6,Parc de la Maquinista,2594,06:16:05,16.08,13.716666666666667,823.0,"1,2,3,4,5,7,8,9,10,11,12,13,14,15,16,17,18,19,20,21,22,23,24,25,26,27,28,29,30,31,32,33,34,35,36,37,38"
6411,2,H8,Tornada,6,Parc de la Maquinista,2594,06:21:34,21.57,4.633333333366666,278.0,
6055,1,H8,Tornada,6,Parc de la Maquinista,2594,06:28:51,28.85,7.2833333333666666,437.0,
6414,1,H8,Tornada,6,Parc de la Maquinista,2594,06:38:09,38.15,9.3,558.0,
6117,2,H8,Tornada,6,Parc de la Maquinista,2594,06:47:18,47.3,9.15,549.0,
6800,1,H8,Tornada,6,Parc de la Maquinista,2594,06:54:16,54.27,6.9666666666333334,418.0,
6213,2,H8,Tornada,6,Parc de la Maquinista,2594,07:02:30,2.5,8.233333333333333,494.0,
6407,1,H8,Tornada,6,Parc de la Maquinista,2594,07:12:28,12.47,9.983333333300001,599.0,
6211,2,H8,Tornada,6,Parc de la Maquinista,2594,07:22:35,22.58,10.100000000033333,606.0,
6212,2,H8,Tornada,6,Parc de la Maquinista,2594,07:33:21,33.35,10.7833333333,647.0,
6216,2,H8,Tornada,6,Parc de la Maquinista,2594,07:41:49,41.82,8.466666666666667,508.0,
6413,2,H8,Tornada,6,Parc de la Maquinista,2594,07:51:15,51.25,9.433333333333334,566.0,
6217,2,H8,Tornada,6,Parc de la Maquinista,2594,08:00:16,0.27,9.016666666666667,541.0,
6026,2,H8,Tornada,6,Parc de la Maquinista,2594,08:16:45,16.75,16.46666666673333,988.0,
6022,2,H8,Tornada,6,Parc de la Maquinista,2594,08:36:57,36.95,20.2,1212.0,3
6408,2,H8,Tornada,6,Parc de la Maquinista,2594,08:45:04,45.07,8.133333333266666,488.0,
6215,2,H8,Tornada,6,Parc de la Maquinista,2594,08:52:49,52.82,7.75,465.0,
6409,3,H8,Tornada,6,Parc de la Maquinista,2594,09:03:07,3.12,10.3,618.0,
6056,2,H8,Tornada,6,Parc de la Maquinista,2594,09:13:57,13.95,10.8166666667,649.0,
6411,3,H8,Tornada,6,Parc de la Maquinista,2594,09:22:04,22.07,8.1166666667,487.0,
6055,2,H8,Tornada,6,Parc de la Maquinista,2594,09:33:36,33.6,11.549999999933334,693.0,
6414,2,H8,Tornada,6,Parc de la Maquinista,2594,09:41:15,41.25,7.65,459.0,
6800,2,H8,Tornada,6,Parc de la Maquinista,2594,09:51:13,51.22,9.950000000066666,597.0,
6213,3,H8,Tornada,6,Parc de la Maquinista,2594,10:01:17,1.28,10.066666666666666,604.0,
6407,2,H8,Tornada,6,Parc de la Maquinista,2594,10:11:11,11.18,9.9,594.0,
6211,3,H8,Tornada,6,Parc de la Maquinista,2594,10:25:34,25.57,14.399999999933334,864.0,
6212,3,H8,Tornada,6,Parc de la Maquinista,2594,10:36:39,36.65,11.083333333333334,665.0,
6216,3,H8,Tornada,6,Parc de la Maquinista,2594,10:46:52,46.87,10.216666666666667,613.0,
6413,3,H8,Tornada,6,Parc de la Maquinista,2594,10:54:36,54.6,7.7166666667333335,463.0,
6217,3,H8,Tornada,6,Parc de la Maquinista,2594,11:04:24,4.4,9.8,588.0,
6415,3,H8,Tornada,6,Parc de la Maquinista,2594,11:14:32,14.53,10.1333333333,608.0,
6026,3,H8,Tornada,6,Parc de la Maquinista,2594,11:23:05,23.08,8.550000000033332,513.0,
6209,3,H8,Tornada,6,Parc de la Maquinista,2594,11:33:11,33.18,10.1,606.0,
6408,3,H8,Tornada,6,Parc de la Maquinista,2594,11:41:44,41.73,8.549999999966667,513.0,
6215,3,H8,Tornada,6,Parc de la Maquinista,2594,11:51:24,51.4,9.6833333333,581.0,
6409,4,H8,Tornada,6,Parc de la Maquinista,2594,12:02:39,2.65,11.2333333334,674.0,5
6056,3,H8,Tornada,6,Parc de la Maquinista,2594,12:11:26,11.43,8.783333333333333,527.0,
6411,4,H8,Tornada,6,Parc de la Maquinista,2594,12:21:48,21.8,10.366666666666667,622.0,
6055,3,H8,Tornada,6,Parc de la Maquinista,2594,12:29:37,29.62,7.816666666666666,469.0,
6414,3,H8,Tornada,6,Parc de la Maquinista,2594,12:39:37,39.62,10.0166666666,601.0,
6800,3,H8,Tornada,6,Parc de la Maquinista,2594,12:48:31,48.52,8.9,534.0,
6213,4,H8,Tornada,6,Parc de la Maquinista,2594,12:57:54,57.9,9.383333333333333,563.0,3
6407,3,H8,Tornada,6,Parc de la Maquinista,2594,13:10:33,10.55,12.65,759.0,
6211,4,H8,Tornada,6,Parc de la Maquinista,2594,13:21:30,21.5,10.933333333399998,656.0,
6212,4,H8,Tornada,6,Parc de la Maquinista,2594,13:28:40,28.67,7.166666666666667,430.0,
6216,4,H8,Tornada,6,Parc de la Maquinista,2594,13:39:00,39.0,10.34999999995,621.0,
6413,4,H8,Tornada,6,Parc de la Maquinista,2594,13:48:41,48.68,9.683333333316666,581.0,
6217,4,H8,Tornada,6,Parc de la Maquinista,2594,13:57:40,57.67,8.983333333333333,539.0,
6415,4,H8,Tornada,6,Parc de la Maquinista,2594,14:07:53,7.88,10.200000000033333,612.0,
6200,1,H8,Tornada,6,Parc de la Maquinista,2594,14:16:59,16.98,9.1,546.0,
6026,4,H8,Tornada,6,Parc de la Maquinista,2594,14:18:42,18.7,1.7166666667,103.0,"13,14,15,16,17,18,19,20,21,22,23,24,25,26,27,28,29,30,31,32,33,34,35,36,37,38"
6209,4,H8,Tornada,6,Parc de la Maquinista,2594,14:23:07,23.12,4.416666666633334,265.0,
6408,4,H8,Tornada,6,Parc de la Maquinista,2594,14:34:12,34.2,11.099999999966666,666.0,
6215,4,H8,Tornada,6,Parc de la Maquinista,2594,14:51:49,51.82,17.600000000033333,1056.0,
6409,5,H8,Tornada,6,Parc de la Maquinista,2594,14:57:32,57.53,5.7333333333,344.0,
6056,4,H8,Tornada,6,Parc de la Maquinista,2594,15:09:10,9.17,11.616666666733332,697.0,
6411,5,H8,Tornada,6,Parc de la Maquinista,2594,15:19:23,19.38,10.233333333266668,614.0,
6055,4,H8,Tornada,6,Parc de la Maquinista,2594,15:27:59,27.98,8.6,516.0,
6015,1,H8,Tornada,6,Parc de la Maquinista,2594,15:41:50,41.83,13.85,831.0,
6414,4,H8,Tornada,6,Parc de la Maquinista,2594,15:48:28,48.47,6.6166666667,397.0,
6800,4,H8,Tornada,6,Parc de la Maquinista,2594,15:53:56,53.93,5.466666666666667,328.0,
6213,5,H8,Tornada,6,Parc de la Maquinista,2594,16:02:58,2.97,9.033333333366667,542.0,
6407,4,H8,Tornada,6,Parc de la Maquinista,2594,16:13:16,13.27,10.299999999966667,618.0,
6211,5,H8,Tornada,6,Parc de la Maquinista,2594,16:23:25,23.42,10.15,609.0,
6212,5,H8,Tornada,6,Parc de la Maquinista,2594,16:33:07,33.12,9.716666666633333,583.0,
6036,1,H8,Tornada,6,Parc de la Maquinista,2594,16:39:07,39.12,5.983333333366667,359.0,
6216,5,H8,Tornada,6,Parc de la Maquinista,2594,16:48:36,48.6,9.483333333366666,569.0,
6413,5,H8,Tornada,6,Parc de la Maquinista,2594,17:00:04,0.07,11.466666666633333,688.0,
6217,5,H8,Tornada,6,Parc de la Maquinista,2594,17:03:29,3.48,3.4166666666666665,205.0,
6415,5,H8,Tornada,6,Parc de la Maquinista,2594,17:11:43,11.72,8.233333333333333,494.0,
6209,5,H8,Tornada,6,Parc de la Maquinista,2594,17:26:41,26.68,14.9666666667,898.0,"1,2"
6408,5,H8,Tornada,6,Parc de la Maquinista,2594,17:42:12,42.2,15.516666666633334,931.0,"8,9,10,11,12,13,14,15,16,17,18,19,20,21,22,23,24,25,26,27,28,29,30,31,32,33,34,35,36,37,38"
6200,2,H8,Tornada,6,Parc de la Maquinista,2594,17:45:03,45.05,2.8666666666333334,172.0,
6026,5,H8,Tornada,6,Parc de la Maquinista,2594,17:46:31,46.52,1.4666666666666666,88.0,"34,35,36,37,38"
6215,5,H8,Tornada,6,Parc de la Maquinista,2594,17:55:14,55.23,8.700000000066666,522.0,"16,17,18"
6409,6,H8,Tornada,6,Parc de la Maquinista,2594,17:58:51,58.85,3.6166666666333334,217.0,"1,2"
6056,5,H8,Tornada,6,Parc de la Maquinista,2594,18:11:59,11.98,13.133333333366666,788.0,
6411,6,H8,Tornada,6,Parc de la Maquinista,2594,18:23:06,23.1,11.116666666666667,667.0,
6414,5,H8,Tornada,6,Parc de la Maquinista,2594,18:43:46,43.77,20.683333333266667,1241.0,12
6800,5,H8,Tornada,6,Parc de la Maquinista,2594,18:46:24,46.4,2.616666666733333,157.0,"1,2"
6015,2,H8,Tornada,6,Parc de la Maquinista,2594,18:52:49,52.82,6.433333333266666,386.0,"9,10,11,12,24,25,26,27,28,29,30,31,32,33,34,35,36,37,38"
6213,6,H8,Tornada,6,Parc de la Maquinista,2594,18:57:59,57.98,5.150000000066667,309.0,
6407,5,H8,Tornada,6,Parc de la Maquinista,2594,19:05:54,5.9,7.916666666633334,475.0,
6036,2,H8,Tornada,6,Parc de la Maquinista,2594,19:26:20,26.33,20.433333333366665,1226.0,
6216,6,H8,Tornada,6,Parc de la Maquinista,2594,19:43:58,43.97,17.6333333333,1058.0,"25,26,27,28,29,30,31,32,33,34,35,36,37,38"
6415,6,H8,Tornada,6,Parc de la Maquinista,2594,19:54:27,54.45,9.850000000033333,591.0,37
6200,3,H8,Tornada,6,Parc de la Maquinista,2594,20:06:12,6.2,11.7666666666,706.0,
6408,7,H8,Tornada,6,Parc de la Maquinista,2594,20:21:07,21.12,14.916666666666666,895.0,
6409,7,H8,Tornada,6,Parc de la Maquinista,2594,20:36:04,36.07,14.933333333399998,896.0,
6411,7,H8,Tornada,6,Parc de la Maquinista,2594,20:55:51,55.85,19.799999999933334,1188.0,11
6414,6,H8,Tornada,6,Parc de la Maquinista,2594,21:16:26,16.43,20.566666666699998,1234.0,
6213,7,H8,Tornada,6,Parc de la Maquinista,2594,21:35:16,35.27,18.833333333366667,1130.0,21
6411,1,H8,Tornada,7,Josep Soldevila - Torrent Estadella,3309,03:41:14,41.23,,,1
6117,1,H8,Tornada,7,Josep Soldevila - Torrent Estadella,3309,03:56:51,56.85,15.616666666633334,937.0,3
6213,1,H8,Tornada,7,Josep Soldevila - Torrent Estadella,3309,04:11:18,11.3,14.45,867.0,
6211,1,H8,Tornada,7,Josep Soldevila - Torrent Estadella,3309,04:29:14,29.23,17.949999999966668,1077.0,
6212,1,H8,Tornada,7,Josep Soldevila - Torrent Estadella,3309,04:39:14,39.23,9.983333333366666,599.0,
6216,1,H8,Tornada,7,Josep Soldevila - Torrent Estadella,3309,04:53:51,53.85,14.6166666667,877.0,"1,2"
6413,1,H8,Tornada,7,Josep Soldevila - Torrent Estadella,3309,04:59:31,59.52,5.666666666666667,340.0,
6217,1,H8,Tornada,7,Josep Soldevila - Torrent Estadella,3309,05:05:36,5.6,6.09999999995,366.0,
6415,1,H8,Tornada,7,Josep Soldevila - Torrent Estadella,3309,05:12:12,12.2,6.599999999983334,396.0,
6026,1,H8,Tornada,7,Josep Soldevila - Torrent Estadella,3309,05:20:26,20.43,8.233333333333333,494.0,
6209,1,H8,Tornada,7,Josep Soldevila - Torrent Estadella,3309,05:28:35,28.58,8.15,489.0,
6022,1,H8,Tornada,7,Josep Soldevila - Torrent Estadella,3309,05:40:43,40.72,12.116666666733332,727.0,"5,8"
6408,1,H8,Tornada,7,Josep Soldevila - Torrent Estadella,3309,05:47:31,47.52,6.8166666666,409.0,
6215,1,H8,Tornada,7,Josep Soldevila - Torrent Estadella,3309,05:54:31,54.52,6.983333333366667,419.0,
6409,2,H8,Tornada,7,Josep Soldevila - Torrent Estadella,3309,06:03:56,3.93,9.416666666666666,565.0,
TEMP_ErnestLluch_3309,1,H8,Tornada,7,Josep Soldevila - Torrent Estadella,3309,06:18:33,18.55,14.6166666667,877.0,"1,2,3,4,5,6,8,9,10,11,12,13,14,15,16,17,18,19,20,21,22,23,24,25,26,27,28,29,30,31,32,33,34,35,36,37,38"
6411,2,H8,Tornada,7,Josep Soldevila - Torrent Estadella,3309,06:23:24,23.4,4.01666666665,241.0,
6055,1,H8,Tornada,7,Josep Soldevila - Torrent Estadella,3309,06:30:49,30.82,7.416666666666667,445.0,
6414,1,H8,Tornada,7,Josep Soldevila - Torrent Estadella,3309,06:40:22,40.37,9.5333333334,572.0,
6117,2,H8,Tornada,7,Josep Soldevila - Torrent Estadella,3309,06:49:26,49.43,9.083333333266667,545.0,
6800,1,H8,Tornada,7,Josep Soldevila - Torrent Estadella,3309,06:56:50,56.83,7.383333333366666,443.0,
6213,2,H8,Tornada,7,Josep Soldevila - Torrent Estadella,3309,07:04:23,4.38,7.566666666633334,454.0,
6407,1,H8,Tornada,7,Josep Soldevila - Torrent Estadella,3309,07:15:12,15.2,10.816666666666666,649.0,
6211,2,H8,Tornada,7,Josep Soldevila - Torrent Estadella,3309,07:24:52,24.87,9.650000000033334,579.0,
6212,2,H8,Tornada,7,Josep Soldevila - Torrent Estadella,3309,07:35:58,35.97,11.100000000033333,666.0,
6216,2,H8,Tornada,7,Josep Soldevila - Torrent Estadella,3309,07:44:20,44.33,8.383333333266666,503.0,
6413,2,H8,Tornada,7,Josep Soldevila - Torrent Estadella,3309,07:53:35,53.58,9.233333333366666,554.0,
6217,2,H8,Tornada,7,Josep Soldevila - Torrent Estadella,3309,08:02:59,2.98,9.4,564.0,
6415,2,H8,Tornada,7,Josep Soldevila - Torrent Estadella,3309,08:04:34,4.57,1.5833333333666666,95.0,"3,4,5,6"
6026,2,H8,Tornada,7,Josep Soldevila - Torrent Estadella,3309,08:19:01,19.02,14.4666666666,868.0,
6209,2,H8,Tornada,7,Josep Soldevila - Torrent Estadella,3309,08:26:55,26.92,7.9,474.0,"5,6"
6022,2,H8,Tornada,7,Josep Soldevila - Torrent Estadella,3309,08:38:27,38.45,11.516666666733332,691.0,3
6408,2,H8,Tornada,7,Josep Soldevila - Torrent Estadella,3309,08:46:46,46.77,8.316666666633333,499.0,
6215,2,H8,Tornada,7,Josep Soldevila - Torrent Estadella,3309,08:55:44,55.73,8.983333333300001,539.0,
6409,3,H8,Tornada,7,Josep Soldevila - Torrent Estadella,3309,09:06:51,6.85,11.100000000033333,666.0,
6056,2,H8,Tornada,7,Josep Soldevila - Torrent Estadella,3309,09:16:44,16.73,9.899999999966667,594.0,
6411,3,H8,Tornada,7,Josep Soldevila - Torrent Estadella,3309,09:23:42,23.7,6.950000000033333,417.0,
6055,2,H8,Tornada,7,Josep Soldevila - Torrent Estadella,3309,09:36:32,36.53,12.833333333333334,770.0,
6414,2,H8,Tornada,7,Josep Soldevila - Torrent Estadella,3309,09:44:42,44.7,8.1666666667,490.0,
6800,2,H8,Tornada,7,Josep Soldevila - Torrent Estadella,3309,09:53:55,53.92,9.233333333266668,554.0,
6213,3,H8,Tornada,7,Josep Soldevila - Torrent Estadella,3309,10:03:47,3.78,9.850000000033333,591.0,
6407,2,H8,Tornada,7,Josep Soldevila - Torrent Estadella,3309,10:13:28,13.47,9.683333333366667,581.0,
6211,3,H8,Tornada,7,Josep Soldevila - Torrent Estadella,3309,10:28:55,28.92,15.4666666666,928.0,
6212,3,H8,Tornada,7,Josep Soldevila - Torrent Estadella,3309,10:38:57,38.95,10.016666666733332,601.0,
6216,3,H8,Tornada,7,Josep Soldevila - Torrent Estadella,3309,10:49:07,49.12,10.166666666633335,610.0,
6413,3,H8,Tornada,7,Josep Soldevila - Torrent Estadella,3309,10:56:42,56.7,7.583333333333333,455.0,
6217,3,H8,Tornada,7,Josep Soldevila - Torrent Estadella,3309,11:06:43,6.72,10.016666666699999,601.0,
6415,3,H8,Tornada,7,Josep Soldevila - Torrent Estadella,3309,11:18:38,18.63,11.916666666666666,715.0,
6026,3,H8,Tornada,7,Josep Soldevila - Torrent Estadella,3309,11:25:01,25.02,6.383333333333334,383.0,
6209,3,H8,Tornada,7,Josep Soldevila - Torrent Estadella,3309,11:34:46,34.77,9.75,585.0,
6408,3,H8,Tornada,7,Josep Soldevila - Torrent Estadella,3309,11:43:33,43.55,8.7833333333,527.0,
6215,3,H8,Tornada,7,Josep Soldevila - Torrent Estadella,3309,11:53:49,53.82,10.2833333333,617.0,
6409,4,H8,Tornada,7,Josep Soldevila - Torrent Estadella,3309,12:05:27,5.45,11.616666666733332,697.0,5
6056,3,H8,Tornada,7,Josep Soldevila - Torrent Estadella,3309,12:13:23,13.38,7.9499999999333335,477.0,
6411,4,H8,Tornada,7,Josep Soldevila - Torrent Estadella,3309,12:24:09,24.15,10.750000000066667,645.0,
6055,3,H8,Tornada,7,Josep Soldevila - Torrent Estadella,3309,12:31:53,31.88,7.733333333333333,464.0,
6414,3,H8,Tornada,7,Josep Soldevila - Torrent Estadella,3309,12:42:30,42.5,10.616666666633334,637.0,
6800,3,H8,Tornada,7,Josep Soldevila - Torrent Estadella,3309,12:52:40,52.67,10.1666666667,610.0,
6213,4,H8,Tornada,7,Josep Soldevila - Torrent Estadella,3309,13:00:46,0.77,8.099999999966666,486.0,3
6407,3,H8,Tornada,7,Josep Soldevila - Torrent Estadella,3309,13:13:35,13.58,12.816666666666666,769.0,
6211,4,H8,Tornada,7,Josep Soldevila - Torrent Estadella,3309,13:24:32,24.53,10.95,657.0,
6212,4,H8,Tornada,7,Josep Soldevila - Torrent Estadella,3309,13:31:11,31.18,6.65,399.0,
6216,4,H8,Tornada,7,Josep Soldevila - Torrent Estadella,3309,13:40:33,40.55,9.3833333333,563.0,
6413,4,H8,Tornada,7,Josep Soldevila - Torrent Estadella,3309,13:50:57,50.95,10.3833333334,623.0,
6217,4,H8,Tornada,7,Josep Soldevila - Torrent Estadella,3309,13:59:31,59.52,8.566666666633333,514.0,
6415,4,H8,Tornada,7,Josep Soldevila - Torrent Estadella,3309,14:10:22,10.37,10.850000000033333,651.0,
6200,1,H8,Tornada,7,Josep Soldevila - Torrent Estadella,3309,14:19:21,19.35,8.983333333333333,539.0,
6026,4,H8,Tornada,7,Josep Soldevila - Torrent Estadella,3309,14:21:21,21.35,2.0166666666,121.0,"13,14,15,16,17,18,19,20,21,22,23,24,25,26,27,28,29,30,31,32,33,34,35,36,37,38"
6209,4,H8,Tornada,7,Josep Soldevila - Torrent Estadella,3309,14:25:20,25.33,3.966666666733333,238.0,
6408,4,H8,Tornada,7,Josep Soldevila - Torrent Estadella,3309,14:36:33,36.55,11.216666666633333,673.0,
6215,4,H8,Tornada,7,Josep Soldevila - Torrent Estadella,3309,14:54:09,54.15,17.616666666633332,1057.0,
6409,5,H8,Tornada,7,Josep Soldevila - Torrent Estadella,3309,14:59:51,59.85,5.6833333334,341.0,
6056,4,H8,Tornada,7,Josep Soldevila - Torrent Estadella,3309,15:10:40,10.67,10.816666666633333,649.0,
6411,5,H8,Tornada,7,Josep Soldevila - Torrent Estadella,3309,15:21:45,21.75,11.083333333333334,665.0,
6055,4,H8,Tornada,7,Josep Soldevila - Torrent Estadella,3309,15:30:07,30.12,8.3666666667,502.0,
6015,1,H8,Tornada,7,Josep Soldevila - Torrent Estadella,3309,15:44:12,44.2,14.083333333333334,845.0,
6414,4,H8,Tornada,7,Josep Soldevila - Torrent Estadella,3309,15:50:23,50.38,6.183333333333334,371.0,
6800,4,H8,Tornada,7,Josep Soldevila - Torrent Estadella,3309,15:56:08,56.13,5.75,345.0,
6213,5,H8,Tornada,7,Josep Soldevila - Torrent Estadella,3309,16:04:54,4.9,8.766666666633334,526.0,
6407,4,H8,Tornada,7,Josep Soldevila - Torrent Estadella,3309,16:15:39,15.65,10.750000000033333,645.0,
6211,5,H8,Tornada,7,Josep Soldevila - Torrent Estadella,3309,16:26:47,26.78,11.1333333333,668.0,
6212,5,H8,Tornada,7,Josep Soldevila - Torrent Estadella,3309,16:35:53,35.88,9.1,546.0,
6036,1,H8,Tornada,7,Josep Soldevila - Torrent Estadella,3309,16:41:57,41.95,6.0666666667,364.0,
6216,5,H8,Tornada,7,Josep Soldevila - Torrent Estadella,3309,16:51:20,51.33,9.3833333333,563.0,
6413,5,H8,Tornada,7,Josep Soldevila - Torrent Estadella,3309,17:02:08,2.13,10.816666666633333,649.0,
6217,5,H8,Tornada,7,Josep Soldevila - Torrent Estadella,3309,17:04:48,4.8,2.6500000000333332,159.0,
6415,5,H8,Tornada,7,Josep Soldevila - Torrent Estadella,3309,17:13:39,13.65,8.866666666633334,532.0,
6209,5,H8,Tornada,7,Josep Soldevila - Torrent Estadella,3309,17:29:07,29.12,15.466666666650001,928.0,"1,2"
6408,5,H8,Tornada,7,Josep Soldevila - Torrent Estadella,3309,17:44:22,44.37,15.233333333416665,914.0,"8,9,10,11,12,13,14,15,16,17,18,19,20,21,22,23,24,25,26,27,28,29,30,31,32,33,34,35,36,37,38"
6026,5,H8,Tornada,7,Josep Soldevila - Torrent Estadella,3309,17:48:09,48.15,3.7833333333,227.0,"34,35,36,37,38"
6215,5,H8,Tornada,7,Josep Soldevila - Torrent Estadella,3309,17:57:31,57.52,8.983333333333333,539.0,"16,17,18"
6409,6,H8,Tornada,7,Josep Soldevila - Torrent Estadella,3309,18:01:02,1.03,3.5166666667,211.0,"1,2"
6056,5,H8,Tornada,7,Josep Soldevila - Torrent Estadella,3309,18:14:07,14.12,13.0833333333,785.0,
6411,6,H8,Tornada,7,Josep Soldevila - Torrent Estadella,3309,18:25:10,25.17,11.05,663.0,
6414,5,H8,Tornada,7,Josep Soldevila - Torrent Estadella,3309,18:46:10,46.17,21.00000000003333,1260.0,12
6800,5,H8,Tornada,7,Josep Soldevila - Torrent Estadella,3309,18:48:29,48.48,2.316666666633333,139.0,"1,2"
6015,2,H8,Tornada,7,Josep Soldevila - Torrent Estadella,3309,18:55:04,55.07,6.599999999966667,396.0,"9,10,11,12,24,25,26,27,28,29,30,31,32,33,34,35,36,37,38"
6213,6,H8,Tornada,7,Josep Soldevila - Torrent Estadella,3309,19:00:14,0.23,5.150000000033333,309.0,
6407,5,H8,Tornada,7,Josep Soldevila - Torrent Estadella,3309,19:08:29,8.48,8.250000000033333,495.0,
6036,2,H8,Tornada,7,Josep Soldevila - Torrent Estadella,3309,19:28:23,28.38,19.9166666666,1195.0,
6216,6,H8,Tornada,7,Josep Soldevila - Torrent Estadella,3309,19:45:53,45.88,17.4833333334,1049.0,"25,26,27,28,29,30,31,32,33,34,35,36,37,38"
6413,6,H8,Tornada,7,Josep Soldevila - Torrent Estadella,3309,19:46:59,46.98,1.1166666666,67.0,
6415,6,H8,Tornada,7,Josep Soldevila - Torrent Estadella,3309,19:56:09,56.15,9.166666666666666,550.0,37
6200,3,H8,Tornada,7,Josep Soldevila - Torrent Estadella,3309,20:07:53,7.88,11.716666666733333,703.0,
6408,7,H8,Tornada,7,Josep Soldevila - Torrent Estadella,3309,20:22:14,22.23,14.366666666583335,862.0,
6409,7,H8,Tornada,7,Josep Soldevila - Torrent Estadella,3309,20:38:15,38.25,16.000000000083332,960.0,
6411,7,H8,Tornada,7,Josep Soldevila - Torrent Estadella,3309,20:57:55,57.92,19.666666666666668,1180.0,11
6414,6,H8,Tornada,7,Josep Soldevila - Torrent Estadella,3309,21:17:27,17.45,19.5333333333,1172.0,
6213,7,H8,Tornada,7,Josep Soldevila - Torrent Estadella,3309,21:38:34,38.57,21.116666666666667,1267.0,21
6411,1,H8,Tornada,8,Josep Soldevila - Onze de Setembre,3310,03:42:20,42.33,,,1
6117,1,H8,Tornada,8,Josep Soldevila - Onze de Setembre,3310,03:58:05,58.08,15.75,945.0,3
6213,1,H8,Tornada,8,Josep Soldevila - Onze de Setembre,3310,04:12:33,12.55,14.450000000033333,867.0,
6211,1,H8,Tornada,8,Josep Soldevila - Onze de Setembre,3310,04:30:11,30.18,17.649999999966667,1059.0,
6212,1,H8,Tornada,8,Josep Soldevila - Onze de Setembre,3310,04:41:16,41.27,11.066666666733333,664.0,
6216,1,H8,Tornada,8,Josep Soldevila - Onze de Setembre,3310,04:55:18,55.3,14.033333333333333,842.0,"1,2"
6413,1,H8,Tornada,8,Josep Soldevila - Onze de Setembre,3310,05:00:54,0.9,5.6,336.0,
6217,1,H8,Tornada,8,Josep Soldevila - Onze de Setembre,3310,05:06:58,6.97,6.066666666666666,364.0,
6415,1,H8,Tornada,8,Josep Soldevila - Onze de Setembre,3310,05:12:59,12.98,6.016666666633333,361.0,
6026,1,H8,Tornada,8,Josep Soldevila - Onze de Setembre,3310,05:22:37,22.62,9.649999999950001,579.0,
6209,1,H8,Tornada,8,Josep Soldevila - Onze de Setembre,3310,05:29:20,29.33,6.7166666666833335,403.0,
6408,1,H8,Tornada,8,Josep Soldevila - Onze de Setembre,3310,05:49:59,49.98,20.65,1239.0,
6215,1,H8,Tornada,8,Josep Soldevila - Onze de Setembre,3310,05:56:08,56.13,6.133333333366666,368.0,
6409,2,H8,Tornada,8,Josep Soldevila - Onze de Setembre,3310,06:05:08,5.13,9.016666666633334,541.0,
TEMP_ErnestLluch_3310,1,H8,Tornada,8,Josep Soldevila - Onze de Setembre,3310,06:19:42,19.7,14.55000000005,873.0,"1,2,3,4,5,6,7,9,10,11,12,13,14,15,16,17,18,19,20,21,22,23,24,25,26,27,28,29,30,31,32,33,34,35,36,37,38"
6411,2,H8,Tornada,8,Josep Soldevila - Onze de Setembre,3310,06:24:18,24.3,3.7333333333333334,224.0,
6055,1,H8,Tornada,8,Josep Soldevila - Onze de Setembre,3310,06:32:12,32.2,7.9,474.0,
6414,1,H8,Tornada,8,Josep Soldevila - Onze de Setembre,3310,06:42:28,42.47,10.283333333266667,617.0,
6117,2,H8,Tornada,8,Josep Soldevila - Onze de Setembre,3310,06:50:12,50.2,7.7166666667333335,463.0,
6800,1,H8,Tornada,8,Josep Soldevila - Onze de Setembre,3310,06:57:55,57.92,7.733333333266667,464.0,
6213,2,H8,Tornada,8,Josep Soldevila - Onze de Setembre,3310,07:05:47,5.78,7.850000000066667,471.0,
6407,1,H8,Tornada,8,Josep Soldevila - Onze de Setembre,3310,07:16:19,16.32,10.5333333333,632.0,
6211,2,H8,Tornada,8,Josep Soldevila - Onze de Setembre,3310,07:26:08,26.13,9.8166666667,589.0,
6212,2,H8,Tornada,8,Josep Soldevila - Onze de Setembre,3310,07:36:52,36.87,10.749999999933333,645.0,
6216,2,H8,Tornada,8,Josep Soldevila - Onze de Setembre,3310,07:45:17,45.28,8.400000000066667,504.0,
6413,2,H8,Tornada,8,Josep Soldevila - Onze de Setembre,3310,07:55:24,55.4,10.116666666666667,607.0,
6217,2,H8,Tornada,8,Josep Soldevila - Onze de Setembre,3310,08:04:23,4.38,8.983333333300001,539.0,
6415,2,H8,Tornada,8,Josep Soldevila - Onze de Setembre,3310,08:05:52,5.87,1.4999999999666669,90.0,"3,4,5,6"
6026,2,H8,Tornada,8,Josep Soldevila - Onze de Setembre,3310,08:20:03,20.05,14.166666666733333,850.0,
6209,2,H8,Tornada,8,Josep Soldevila - Onze de Setembre,3310,08:28:53,28.88,8.849999999933335,531.0,"5,6"
6022,2,H8,Tornada,8,Josep Soldevila - Onze de Setembre,3310,08:39:39,39.65,10.750000000066667,645.0,3
6408,2,H8,Tornada,8,Josep Soldevila - Onze de Setembre,3310,08:48:08,48.13,8.483333333300001,509.0,
6215,2,H8,Tornada,8,Josep Soldevila - Onze de Setembre,3310,08:57:24,57.4,9.2833333333,557.0,
6409,3,H8,Tornada,8,Josep Soldevila - Onze de Setembre,3310,09:08:04,8.07,10.650000000033334,639.0,
6056,2,H8,Tornada,8,Josep Soldevila - Onze de Setembre,3310,09:16:53,16.88,8.8333333333,530.0,
6411,3,H8,Tornada,8,Josep Soldevila - Onze de Setembre,3310,09:24:49,24.82,7.916666666733334,475.0,
6055,2,H8,Tornada,8,Josep Soldevila - Onze de Setembre,3310,09:36:54,36.9,12.099999999933335,726.0,
6414,2,H8,Tornada,8,Josep Soldevila - Onze de Setembre,3310,09:45:52,45.87,8.95000000005,537.0,
6800,2,H8,Tornada,8,Josep Soldevila - Onze de Setembre,3310,09:54:42,54.7,8.833333333316666,530.0,
6213,3,H8,Tornada,8,Josep Soldevila - Onze de Setembre,3310,10:04:21,4.35,9.650000000033334,579.0,
6407,2,H8,Tornada,8,Josep Soldevila - Onze de Setembre,3310,10:14:56,14.93,10.5833333333,635.0,
6211,3,H8,Tornada,8,Josep Soldevila - Onze de Setembre,3310,10:30:08,30.13,15.216666666633333,913.0,
6212,3,H8,Tornada,8,Josep Soldevila - Onze de Setembre,3310,10:40:20,40.33,10.183333333366667,611.0,
6216,3,H8,Tornada,8,Josep Soldevila - Onze de Setembre,3310,10:49:25,49.42,9.083333333333334,545.0,
6413,3,H8,Tornada,8,Josep Soldevila - Onze de Setembre,3310,10:58:28,58.47,9.066666666616667,544.0,
6217,3,H8,Tornada,8,Josep Soldevila - Onze de Setembre,3310,11:07:51,7.85,9.36666666675,562.0,
6415,3,H8,Tornada,8,Josep Soldevila - Onze de Setembre,3310,11:20:17,20.28,12.449999999933334,747.0,
6026,3,H8,Tornada,8,Josep Soldevila - Onze de Setembre,3310,11:26:23,26.38,6.083333333366666,365.0,
6209,3,H8,Tornada,8,Josep Soldevila - Onze de Setembre,3310,11:36:41,36.68,10.316666666633333,619.0,
6408,3,H8,Tornada,8,Josep Soldevila - Onze de Setembre,3310,11:44:13,44.22,7.533333333333333,452.0,
6215,3,H8,Tornada,8,Josep Soldevila - Onze de Setembre,3310,11:54:59,54.98,10.750000000033333,645.0,
6409,4,H8,Tornada,8,Josep Soldevila - Onze de Setembre,3310,12:06:49,6.82,11.833333333333334,710.0,5
6056,3,H8,Tornada,8,Josep Soldevila - Onze de Setembre,3310,12:14:44,14.73,7.916666666699999,475.0,
6411,4,H8,Tornada,8,Josep Soldevila - Onze de Setembre,3310,12:24:51,24.85,10.116666666633334,607.0,
6055,3,H8,Tornada,8,Josep Soldevila - Onze de Setembre,3310,12:33:12,33.2,8.35,501.0,
6414,3,H8,Tornada,8,Josep Soldevila - Onze de Setembre,3310,12:43:45,43.75,10.55,633.0,
6800,3,H8,Tornada,8,Josep Soldevila - Onze de Setembre,3310,12:53:55,53.92,10.166666666666666,610.0,
6213,4,H8,Tornada,8,Josep Soldevila - Onze de Setembre,3310,13:01:38,1.63,7.716666666699999,463.0,3
6407,3,H8,Tornada,8,Josep Soldevila - Onze de Setembre,3310,13:13:48,13.8,12.166666666666666,730.0,
6211,4,H8,Tornada,8,Josep Soldevila - Onze de Setembre,3310,13:26:05,26.08,12.299999999933334,738.0,
6212,4,H8,Tornada,8,Josep Soldevila - Onze de Setembre,3310,13:31:39,31.65,5.550000000033333,333.0,
6216,4,H8,Tornada,8,Josep Soldevila - Onze de Setembre,3310,13:41:32,41.53,9.883333333333333,593.0,
6413,4,H8,Tornada,8,Josep Soldevila - Onze de Setembre,3310,13:51:54,51.9,10.3666666667,622.0,
6217,4,H8,Tornada,8,Josep Soldevila - Onze de Setembre,3310,14:00:57,0.95,9.049999999966667,543.0,
6415,4,H8,Tornada,8,Josep Soldevila - Onze de Setembre,3310,14:11:38,11.63,10.699999999966668,642.0,
6200,1,H8,Tornada,8,Josep Soldevila - Onze de Setembre,3310,14:20:31,20.52,8.866666666733332,532.0,
6026,4,H8,Tornada,8,Josep Soldevila - Onze de Setembre,3310,14:22:39,22.65,2.1333333333333333,128.0,"13,14,15,16,17,18,19,20,21,22,23,24,25,26,27,28,29,30,31,32,33,34,35,36,37,38"
6209,4,H8,Tornada,8,Josep Soldevila - Onze de Setembre,3310,14:26:25,26.42,3.7666666666333333,226.0,
6408,4,H8,Tornada,8,Josep Soldevila - Onze de Setembre,3310,14:37:57,37.95,11.533333333333333,692.0,
6215,4,H8,Tornada,8,Josep Soldevila - Onze de Setembre,3310,14:55:51,55.85,17.9,1074.0,
6409,5,H8,Tornada,8,Josep Soldevila - Onze de Setembre,3310,15:00:35,0.58,4.749999999966667,285.0,
6056,4,H8,Tornada,8,Josep Soldevila - Onze de Setembre,3310,15:11:48,11.8,11.200000000066666,672.0,
6411,5,H8,Tornada,8,Josep Soldevila - Onze de Setembre,3310,15:22:54,22.9,11.1166666666,667.0,
6055,4,H8,Tornada,8,Josep Soldevila - Onze de Setembre,3310,15:31:40,31.67,8.750000000033333,525.0,
6015,1,H8,Tornada,8,Josep Soldevila - Onze de Setembre,3310,15:45:21,45.35,13.683333333333334,821.0,
6414,4,H8,Tornada,8,Josep Soldevila - Onze de Setembre,3310,15:51:43,51.72,6.366666666666666,382.0,
6800,4,H8,Tornada,8,Josep Soldevila - Onze de Setembre,3310,15:57:23,57.38,5.666666666666667,340.0,
6213,5,H8,Tornada,8,Josep Soldevila - Onze de Setembre,3310,16:06:41,6.68,9.3,558.0,
6407,4,H8,Tornada,8,Josep Soldevila - Onze de Setembre,3310,16:17:14,17.23,10.550000000033332,633.0,
6211,5,H8,Tornada,8,Josep Soldevila - Onze de Setembre,3310,16:27:45,27.75,10.516666666666667,631.0,
6212,5,H8,Tornada,8,Josep Soldevila - Onze de Setembre,3310,16:36:48,36.8,9.05,543.0,
6036,1,H8,Tornada,8,Josep Soldevila - Onze de Setembre,3310,16:43:06,43.1,6.3166666666,379.0,
6216,5,H8,Tornada,8,Josep Soldevila - Onze de Setembre,3310,16:52:41,52.68,9.5666666667,574.0,
6413,5,H8,Tornada,8,Josep Soldevila - Onze de Setembre,3310,17:03:31,3.52,10.833333333333334,650.0,
6217,5,H8,Tornada,8,Josep Soldevila - Onze de Setembre,3310,17:06:04,6.07,2.55,153.0,
6415,5,H8,Tornada,8,Josep Soldevila - Onze de Setembre,3310,17:15:01,15.02,8.966666666633333,538.0,
6209,5,H8,Tornada,8,Josep Soldevila - Onze de Setembre,3310,17:31:48,31.8,16.7666666667,1006.0,"1,2"
6026,5,H8,Tornada,8,Josep Soldevila - Onze de Setembre,3310,17:49:47,49.78,17.99999999996667,1080.0,"34,35,36,37,38"
6215,5,H8,Tornada,8,Josep Soldevila - Onze de Setembre,3310,17:58:58,58.97,9.1666666667,550.0,"16,17,18"
6409,6,H8,Tornada,8,Josep Soldevila - Onze de Setembre,3310,18:02:33,2.55,3.5833333333333335,215.0,"1,2"
6056,5,H8,Tornada,8,Josep Soldevila - Onze de Setembre,3310,18:15:17,15.28,12.749999999966667,765.0,
6411,6,H8,Tornada,8,Josep Soldevila - Onze de Setembre,3310,18:26:44,26.73,11.45,687.0,
6414,5,H8,Tornada,8,Josep Soldevila - Onze de Setembre,3310,18:47:25,47.42,20.66666666673333,1240.0,12
6800,5,H8,Tornada,8,Josep Soldevila - Onze de Setembre,3310,18:50:25,50.42,3.0166666666000004,181.0,"1,2"
6015,2,H8,Tornada,8,Josep Soldevila - Onze de Setembre,3310,18:56:27,56.45,6.0166666667,361.0,"9,10,11,12,24,25,26,27,28,29,30,31,32,33,34,35,36,37,38"
6213,6,H8,Tornada,8,Josep Soldevila - Onze de Setembre,3310,19:01:06,1.1,4.65,279.0,
6407,5,H8,Tornada,8,Josep Soldevila - Onze de Setembre,3310,19:09:55,9.92,8.8166666667,529.0,
6036,2,H8,Tornada,8,Josep Soldevila - Onze de Setembre,3310,19:29:13,29.22,19.299999999983335,1158.0,
6216,6,H8,Tornada,8,Josep Soldevila - Onze de Setembre,3310,19:47:02,47.03,17.833333333283335,1070.0,"25,26,27,28,29,30,31,32,33,34,35,36,37,38"
6415,6,H8,Tornada,8,Josep Soldevila - Onze de Setembre,3310,19:57:59,57.98,10.100000000033333,606.0,37
6200,3,H8,Tornada,8,Josep Soldevila - Onze de Setembre,3310,20:08:53,8.88,10.916666666600001,655.0,
6408,7,H8,Tornada,8,Josep Soldevila - Onze de Setembre,3310,20:23:16,23.27,14.3666666667,862.0,
6409,7,H8,Tornada,8,Josep Soldevila - Onze de Setembre,3310,20:38:49,38.82,15.550000000033332,933.0,
6411,7,H8,Tornada,8,Josep Soldevila - Onze de Setembre,3310,20:59:02,59.03,20.233333333283333,1214.0,11
6414,6,H8,Tornada,8,Josep Soldevila - Onze de Setembre,3310,21:18:53,18.88,19.83333333335,1190.0,
6213,7,H8,Tornada,8,Josep Soldevila - Onze de Setembre,3310,21:39:29,39.48,20.600000000033333,1236.0,21
6411,1,H8,Tornada,9,Onze de Setembre - Virgili,1344,03:44:15,44.25,,,1
6117,1,H8,Tornada,9,Onze de Setembre - Virgili,1344,03:59:23,59.38,15.116666666733332,907.0,3
6213,1,H8,Tornada,9,Onze de Setembre - Virgili,1344,04:14:48,14.8,15.416666666633335,925.0,
6211,1,H8,Tornada,9,Onze de Setembre - Virgili,1344,04:32:59,32.98,18.183333333333334,1091.0,
6212,1,H8,Tornada,9,Onze de Setembre - Virgili,1344,04:43:55,43.92,10.933333333333334,656.0,
6216,1,H8,Tornada,9,Onze de Setembre - Virgili,1344,04:56:48,56.8,12.883333333333333,773.0,"1,2"
6413,1,H8,Tornada,9,Onze de Setembre - Virgili,1344,05:02:33,2.55,5.750000000033333,345.0,
6217,1,H8,Tornada,9,Onze de Setembre - Virgili,1344,05:09:05,9.08,6.533333333300001,392.0,
6415,1,H8,Tornada,9,Onze de Setembre - Virgili,1344,05:15:22,15.37,6.299999999966667,378.0,
6026,1,H8,Tornada,9,Onze de Setembre - Virgili,1344,05:24:28,24.47,9.083333333399999,545.0,
6209,1,H8,Tornada,9,Onze de Setembre - Virgili,1344,05:31:52,31.87,7.4,444.0,
6022,1,H8,Tornada,9,Onze de Setembre - Virgili,1344,05:40:48,40.8,8.933333333333334,536.0,"5,8"
6408,1,H8,Tornada,9,Onze de Setembre - Virgili,1344,05:52:45,52.75,11.95,717.0,
6215,1,H8,Tornada,9,Onze de Setembre - Virgili,1344,05:58:34,58.57,5.833333333266666,350.0,
6409,2,H8,Tornada,9,Onze de Setembre - Virgili,1344,06:06:46,6.77,8.183333333366667,491.0,
TEMP_ErnestLluch_1344,1,H8,Tornada,9,Onze de Setembre - Virgili,1344,06:21:57,21.95,15.183333333366667,911.0,"1,2,3,4,5,6,7,8,10,11,12,13,14,15,16,17,18,19,20,21,22,23,24,25,26,27,28,29,30,31,32,33,34,35,36,37,38"
6411,2,H8,Tornada,9,Onze de Setembre - Virgili,1344,06:26:50,26.83,4.0333333333666666,242.0,
6055,1,H8,Tornada,9,Onze de Setembre - Virgili,1344,06:34:18,34.3,7.466666666666667,448.0,
6414,1,H8,Tornada,9,Onze de Setembre - Virgili,1344,06:44:35,44.58,10.283333333333333,617.0,
6117,2,H8,Tornada,9,Onze de Setembre - Virgili,1344,06:52:29,52.48,7.9,474.0,
6800,1,H8,Tornada,9,Onze de Setembre - Virgili,1344,07:00:08,0.13,7.649999999966667,459.0,
6213,2,H8,Tornada,9,Onze de Setembre - Virgili,1344,07:08:22,8.37,8.249999999966667,495.0,
6407,1,H8,Tornada,9,Onze de Setembre - Virgili,1344,07:18:06,18.1,9.733333333333333,584.0,
6211,2,H8,Tornada,9,Onze de Setembre - Virgili,1344,07:28:22,28.37,10.250000000033333,615.0,
6212,2,H8,Tornada,9,Onze de Setembre - Virgili,1344,07:39:25,39.42,11.050000000033332,663.0,
6216,2,H8,Tornada,9,Onze de Setembre - Virgili,1344,07:47:57,47.95,8.549999999933334,513.0,
6413,2,H8,Tornada,9,Onze de Setembre - Virgili,1344,07:57:21,57.35,9.4,564.0,
6217,2,H8,Tornada,9,Onze de Setembre - Virgili,1344,08:06:25,6.42,9.050000000033332,543.0,
6415,2,H8,Tornada,9,Onze de Setembre - Virgili,1344,08:11:25,11.42,5.016666666633333,301.0,"3,4,5,6"
6026,2,H8,Tornada,9,Onze de Setembre - Virgili,1344,08:21:37,21.62,10.183333333399998,611.0,
6209,2,H8,Tornada,9,Onze de Setembre - Virgili,1344,08:29:51,29.85,8.233333333300001,494.0,"5,6"
6022,2,H8,Tornada,9,Onze de Setembre - Virgili,1344,08:40:21,40.35,10.500000000033333,630.0,3
6408,2,H8,Tornada,9,Onze de Setembre - Virgili,1344,08:50:47,50.78,10.449999999916667,627.0,
6215,2,H8,Tornada,9,Onze de Setembre - Virgili,1344,08:59:29,59.48,8.683333333416666,521.0,
6409,3,H8,Tornada,9,Onze de Setembre - Virgili,1344,09:09:47,9.78,10.316666666600002,619.0,
6056,2,H8,Tornada,9,Onze de Setembre - Virgili,1344,09:19:30,19.5,9.700000000066666,582.0,
6411,3,H8,Tornada,9,Onze de Setembre - Virgili,1344,09:27:14,27.23,7.7333333333,464.0,
6055,2,H8,Tornada,9,Onze de Setembre - Virgili,1344,09:38:55,38.92,11.683333333333334,701.0,
6414,2,H8,Tornada,9,Onze de Setembre - Virgili,1344,09:48:02,48.03,9.1333333333,548.0,
6800,2,H8,Tornada,9,Onze de Setembre - Virgili,1344,09:56:54,56.9,8.850000000033333,531.0,
6213,3,H8,Tornada,9,Onze de Setembre - Virgili,1344,10:06:48,6.8,9.916666666616667,595.0,
6407,2,H8,Tornada,9,Onze de Setembre - Virgili,1344,10:16:44,16.73,9.93333333335,596.0,
6211,3,H8,Tornada,9,Onze de Setembre - Virgili,1344,10:31:33,31.55,14.816666666666666,889.0,
6212,3,H8,Tornada,9,Onze de Setembre - Virgili,1344,10:41:43,41.72,10.166666666666666,610.0,
6216,3,H8,Tornada,9,Onze de Setembre - Virgili,1344,10:51:55,51.92,10.183333333399998,611.0,
6413,3,H8,Tornada,9,Onze de Setembre - Virgili,1344,11:00:47,0.78,8.866666666633334,532.0,
6217,3,H8,Tornada,9,Onze de Setembre - Virgili,1344,11:10:28,10.47,9.683333333333334,581.0,
6415,3,H8,Tornada,9,Onze de Setembre - Virgili,1344,11:22:55,22.92,12.45,747.0,
6026,3,H8,Tornada,9,Onze de Setembre - Virgili,1344,11:28:22,28.37,5.450000000033333,327.0,
6209,3,H8,Tornada,9,Onze de Setembre - Virgili,1344,11:38:47,38.78,10.416666666633335,625.0,
6408,3,H8,Tornada,9,Onze de Setembre - Virgili,1344,11:46:08,46.13,7.350000000033333,441.0,
6215,3,H8,Tornada,9,Onze de Setembre - Virgili,1344,11:57:03,57.05,10.933333333266667,656.0,
6409,4,H8,Tornada,9,Onze de Setembre - Virgili,1344,12:09:01,9.02,11.966666666666667,718.0,5
6056,3,H8,Tornada,9,Onze de Setembre - Virgili,1344,12:16:51,16.85,7.816666666733334,469.0,
6411,4,H8,Tornada,9,Onze de Setembre - Virgili,1344,12:27:29,27.48,10.633333333333333,638.0,
6055,3,H8,Tornada,9,Onze de Setembre - Virgili,1344,12:35:48,35.8,8.316666666666666,499.0,
TEMP_ErnestLluch_1344,2,H8,Tornada,9,Onze de Setembre - Virgili,1344,12:46:57,46.95,11.166666666616667,670.0,"1,2,3,4,5,6,7,8,10,11,12,13,14,15,16,17,18,19,20,21,22,23,24,25,26,27,28,29,30,31,32,33,34,35,36,37,38"
6800,3,H8,Tornada,9,Onze de Setembre - Virgili,1344,12:56:03,56.05,9.083333333333334,545.0,
6213,4,H8,Tornada,9,Onze de Setembre - Virgili,1344,13:03:51,3.85,7.816666666633334,469.0,3
6407,3,H8,Tornada,9,Onze de Setembre - Virgili,1344,13:15:57,15.95,12.083333333383333,725.0,
6211,4,H8,Tornada,9,Onze de Setembre - Virgili,1344,13:28:09,28.15,12.200000000016667,732.0,
6212,4,H8,Tornada,9,Onze de Setembre - Virgili,1344,13:33:48,33.8,5.666666666599999,340.0,
6216,4,H8,Tornada,9,Onze de Setembre - Virgili,1344,13:43:06,43.1,9.2833333334,557.0,
6413,4,H8,Tornada,9,Onze de Setembre - Virgili,1344,13:54:02,54.03,10.949999999916667,657.0,
6217,4,H8,Tornada,9,Onze de Setembre - Virgili,1344,14:02:58,2.97,8.916666666749999,535.0,
6415,4,H8,Tornada,9,Onze de Setembre - Virgili,1344,14:13:29,13.48,10.533333333266667,632.0,
6200,1,H8,Tornada,9,Onze de Setembre - Virgili,1344,14:23:53,23.88,10.383333333366666,623.0,
6026,4,H8,Tornada,9,Onze de Setembre - Virgili,1344,14:25:09,25.15,1.2666666667,76.0,"13,14,15,16,17,18,19,20,21,22,23,24,25,26,27,28,29,30,31,32,33,34,35,36,37,38"
6209,4,H8,Tornada,9,Onze de Setembre - Virgili,1344,14:29:05,29.08,3.9499999999333335,237.0,
6408,4,H8,Tornada,9,Onze de Setembre - Virgili,1344,14:40:26,40.43,11.333333333399999,680.0,
6215,4,H8,Tornada,9,Onze de Setembre - Virgili,1344,14:58:37,58.62,18.199999999933333,1092.0,
6409,5,H8,Tornada,9,Onze de Setembre - Virgili,1344,15:03:22,3.37,4.7333333334,284.0,
6056,4,H8,Tornada,9,Onze de Setembre - Virgili,1344,15:14:34,14.57,11.2,672.0,
6411,5,H8,Tornada,9,Onze de Setembre - Virgili,1344,15:25:15,25.25,10.6833333333,641.0,
6055,4,H8,Tornada,9,Onze de Setembre - Virgili,1344,15:34:23,34.38,9.133333333333333,548.0,
6015,1,H8,Tornada,9,Onze de Setembre - Virgili,1344,15:47:56,47.93,13.550000000033332,813.0,
6414,4,H8,Tornada,9,Onze de Setembre - Virgili,1344,15:52:30,52.5,4.583333333266666,275.0,
6800,4,H8,Tornada,9,Onze de Setembre - Virgili,1344,16:00:48,0.8,8.2833333334,497.0,
6213,5,H8,Tornada,9,Onze de Setembre - Virgili,1344,16:09:04,9.07,8.266666666666667,496.0,
6407,4,H8,Tornada,9,Onze de Setembre - Virgili,1344,16:18:49,18.82,9.75,585.0,
6211,5,H8,Tornada,9,Onze de Setembre - Virgili,1344,16:29:48,29.8,10.999999999933333,660.0,
6212,5,H8,Tornada,9,Onze de Setembre - Virgili,1344,16:39:20,39.33,9.533333333333333,572.0,
6036,1,H8,Tornada,9,Onze de Setembre - Virgili,1344,16:43:50,43.83,4.5,270.0,
6216,5,H8,Tornada,9,Onze de Setembre - Virgili,1344,16:55:07,55.12,11.266666666733332,676.0,
6413,5,H8,Tornada,9,Onze de Setembre - Virgili,1344,17:04:35,4.58,9.466666666666667,568.0,
6217,5,H8,Tornada,9,Onze de Setembre - Virgili,1344,17:07:47,7.78,3.2,192.0,
6415,5,H8,Tornada,9,Onze de Setembre - Virgili,1344,17:17:53,17.88,10.099999999966666,606.0,
6209,5,H8,Tornada,9,Onze de Setembre - Virgili,1344,17:33:59,33.98,16.116666666633332,967.0,"1,2"
6200,2,H8,Tornada,9,Onze de Setembre - Virgili,1344,17:51:54,51.9,17.916666666683334,1075.0,
6215,5,H8,Tornada,9,Onze de Setembre - Virgili,1344,18:01:04,1.07,9.1,546.0,"16,17,18"
6409,6,H8,Tornada,9,Onze de Setembre - Virgili,1344,18:03:49,3.82,2.7500000000333333,165.0,"1,2"
6056,5,H8,Tornada,9,Onze de Setembre - Virgili,1344,18:17:25,17.42,13.599999999966666,816.0,
6411,6,H8,Tornada,9,Onze de Setembre - Virgili,1344,18:27:46,27.77,10.366666666633334,622.0,
6414,5,H8,Tornada,9,Onze de Setembre - Virgili,1344,18:49:16,49.27,21.4833333334,1289.0,12
6800,5,H8,Tornada,9,Onze de Setembre - Virgili,1344,18:52:28,52.47,3.1999999999666664,192.0,"1,2"
6213,6,H8,Tornada,9,Onze de Setembre - Virgili,1344,19:03:22,3.37,10.916666666633335,655.0,
6407,5,H8,Tornada,9,Onze de Setembre - Virgili,1344,19:11:48,11.8,8.433333333333334,506.0,
6036,2,H8,Tornada,9,Onze de Setembre - Virgili,1344,19:31:10,31.17,19.366666666666667,1162.0,
6216,6,H8,Tornada,9,Onze de Setembre - Virgili,1344,19:48:58,48.97,17.783333333366667,1067.0,"25,26,27,28,29,30,31,32,33,34,35,36,37,38"
6415,6,H8,Tornada,9,Onze de Setembre - Virgili,1344,19:59:11,59.18,9.366666666633334,562.0,37
6200,3,H8,Tornada,9,Onze de Setembre - Virgili,1344,20:09:46,9.77,10.583333333333334,635.0,
6408,7,H8,Tornada,9,Onze de Setembre - Virgili,1344,20:26:24,26.4,16.616666666733334,997.0,
6409,7,H8,Tornada,9,Onze de Setembre - Virgili,1344,20:41:32,41.53,15.133333333333333,908.0,
6411,7,H8,Tornada,9,Onze de Setembre - Virgili,1344,21:00:35,0.58,19.0666666666,1144.0,11
6414,6,H8,Tornada,9,Onze de Setembre - Virgili,1344,21:20:04,20.07,19.466666666716666,1168.0,
6213,7,H8,Tornada,9,Onze de Setembre - Virgili,1344,21:40:46,40.77,20.700000000016665,1242.0,21
6411,1,H8,Tornada,10,Gran de Sant Andreu - Fabra i Puig,641,03:46:32,46.53,,,1
6117,1,H8,Tornada,10,Gran de Sant Andreu - Fabra i Puig,641,04:01:55,1.92,15.399999999933334,924.0,3
6213,1,H8,Tornada,10,Gran de Sant Andreu - Fabra i Puig,641,04:16:40,16.67,14.733333333366666,884.0,
6211,1,H8,Tornada,10,Gran de Sant Andreu - Fabra i Puig,641,04:35:20,35.33,18.683333333283333,1121.0,
6212,1,H8,Tornada,10,Gran de Sant Andreu - Fabra i Puig,641,04:45:34,45.57,10.216666666716666,613.0,
6216,1,H8,Tornada,10,Gran de Sant Andreu - Fabra i Puig,641,04:58:45,58.75,13.199999999966668,792.0,"1,2"
6413,1,H8,Tornada,10,Gran de Sant Andreu - Fabra i Puig,641,05:04:57,4.95,6.183333333366666,371.0,
6217,1,H8,Tornada,10,Gran de Sant Andreu - Fabra i Puig,641,05:11:12,11.2,6.250000000033333,375.0,
6415,1,H8,Tornada,10,Gran de Sant Andreu - Fabra i Puig,641,05:16:56,16.93,5.733333333333333,344.0,
6026,1,H8,Tornada,10,Gran de Sant Andreu - Fabra i Puig,641,05:26:03,26.05,9.116666666666667,547.0,
6209,1,H8,Tornada,10,Gran de Sant Andreu - Fabra i Puig,641,05:33:19,33.32,7.266666666633333,436.0,
6022,1,H8,Tornada,10,Gran de Sant Andreu - Fabra i Puig,641,05:42:59,42.98,9.666666666666666,580.0,"5,8"
6408,1,H8,Tornada,10,Gran de Sant Andreu - Fabra i Puig,641,05:54:40,54.67,11.683333333333334,701.0,
6215,1,H8,Tornada,10,Gran de Sant Andreu - Fabra i Puig,641,05:59:51,59.85,5.183333333333334,311.0,
6409,2,H8,Tornada,10,Gran de Sant Andreu - Fabra i Puig,641,06:09:11,9.18,9.333333333333334,560.0,
TEMP_ErnestLluch_641,1,H8,Tornada,10,Gran de Sant Andreu - Fabra i Puig,641,06:24:30,24.5,15.3166666667,919.0,"1,2,3,4,5,6,7,8,9,11,12,13,14,15,16,17,18,19,20,21,22,23,24,25,26,27,28,29,30,31,32,33,34,35,36,37,38"
6411,2,H8,Tornada,10,Gran de Sant Andreu - Fabra i Puig,641,06:29:44,29.73,4.383333333366666,263.0,
6055,1,H8,Tornada,10,Gran de Sant Andreu - Fabra i Puig,641,06:36:12,36.2,6.483333333266667,389.0,
6414,1,H8,Tornada,10,Gran de Sant Andreu - Fabra i Puig,641,06:47:17,47.28,11.066666666733333,664.0,
6117,2,H8,Tornada,10,Gran de Sant Andreu - Fabra i Puig,641,06:54:29,54.48,7.2,432.0,
6800,1,H8,Tornada,10,Gran de Sant Andreu - Fabra i Puig,641,07:02:36,2.6,8.116666666633334,487.0,
6213,2,H8,Tornada,10,Gran de Sant Andreu - Fabra i Puig,641,07:09:26,9.43,6.833333333333333,410.0,
6407,1,H8,Tornada,10,Gran de Sant Andreu - Fabra i Puig,641,07:20:02,20.03,10.6,636.0,
6211,2,H8,Tornada,10,Gran de Sant Andreu - Fabra i Puig,641,07:30:29,30.48,10.466666666633333,628.0,
6212,2,H8,Tornada,10,Gran de Sant Andreu - Fabra i Puig,641,07:40:43,40.72,10.2166666667,613.0,
6216,2,H8,Tornada,10,Gran de Sant Andreu - Fabra i Puig,641,07:50:16,50.27,9.56666666665,574.0,
6413,2,H8,Tornada,10,Gran de Sant Andreu - Fabra i Puig,641,07:58:51,58.85,8.566666666716666,514.0,
6217,2,H8,Tornada,10,Gran de Sant Andreu - Fabra i Puig,641,08:07:02,7.03,8.183333333333334,491.0,
6415,2,H8,Tornada,10,Gran de Sant Andreu - Fabra i Puig,641,08:14:36,14.6,7.583333333266666,455.0,"3,4,5,6"
6026,2,H8,Tornada,10,Gran de Sant Andreu - Fabra i Puig,641,08:24:32,24.53,9.9166666667,595.0,
6209,2,H8,Tornada,10,Gran de Sant Andreu - Fabra i Puig,641,08:32:20,32.33,7.8,468.0,"5,6"
6022,2,H8,Tornada,10,Gran de Sant Andreu - Fabra i Puig,641,08:41:29,41.48,9.150000000033334,549.0,3
6408,2,H8,Tornada,10,Gran de Sant Andreu - Fabra i Puig,641,08:52:01,52.02,10.533333333333333,632.0,
6215,2,H8,Tornada,10,Gran de Sant Andreu - Fabra i Puig,641,09:01:26,1.43,9.433333333266667,566.0,
6409,3,H8,Tornada,10,Gran de Sant Andreu - Fabra i Puig,641,09:12:07,12.12,10.666666666733333,640.0,
6056,2,H8,Tornada,10,Gran de Sant Andreu - Fabra i Puig,641,09:20:46,20.77,8.65,519.0,
6411,3,H8,Tornada,10,Gran de Sant Andreu - Fabra i Puig,641,09:28:43,28.72,7.949999999966667,477.0,
6055,2,H8,Tornada,10,Gran de Sant Andreu - Fabra i Puig,641,09:41:23,41.38,12.666666666666666,760.0,
6414,2,H8,Tornada,10,Gran de Sant Andreu - Fabra i Puig,641,09:50:09,50.15,8.766666666666667,526.0,
6800,2,H8,Tornada,10,Gran de Sant Andreu - Fabra i Puig,641,09:58:44,58.73,8.583333333366665,515.0,
6213,3,H8,Tornada,10,Gran de Sant Andreu - Fabra i Puig,641,10:08:02,8.03,9.3,558.0,
6407,2,H8,Tornada,10,Gran de Sant Andreu - Fabra i Puig,641,10:18:18,18.3,10.283333333266667,617.0,
6211,3,H8,Tornada,10,Gran de Sant Andreu - Fabra i Puig,641,10:33:25,33.42,15.116666666666667,907.0,
6212,3,H8,Tornada,10,Gran de Sant Andreu - Fabra i Puig,641,10:42:52,42.87,9.433333333383333,566.0,
6216,3,H8,Tornada,10,Gran de Sant Andreu - Fabra i Puig,641,10:54:57,54.95,12.09999999995,726.0,
6413,3,H8,Tornada,10,Gran de Sant Andreu - Fabra i Puig,641,11:03:06,3.1,8.133333333366666,488.0,
6217,3,H8,Tornada,10,Gran de Sant Andreu - Fabra i Puig,641,11:12:36,12.6,9.500000000033333,570.0,
6415,3,H8,Tornada,10,Gran de Sant Andreu - Fabra i Puig,641,11:24:20,24.33,11.733333333333333,704.0,
6026,3,H8,Tornada,10,Gran de Sant Andreu - Fabra i Puig,641,11:30:17,30.28,5.9666666666,358.0,
6209,3,H8,Tornada,10,Gran de Sant Andreu - Fabra i Puig,641,11:40:33,40.55,10.250000000066667,615.0,
6408,3,H8,Tornada,10,Gran de Sant Andreu - Fabra i Puig,641,11:47:53,47.88,7.333333333316667,440.0,
6215,3,H8,Tornada,10,Gran de Sant Andreu - Fabra i Puig,641,11:58:39,58.65,10.76666666665,646.0,
6409,4,H8,Tornada,10,Gran de Sant Andreu - Fabra i Puig,641,12:10:41,10.68,12.033333333366667,722.0,5
6056,3,H8,Tornada,10,Gran de Sant Andreu - Fabra i Puig,641,12:17:57,17.95,7.28333333325,437.0,
6411,4,H8,Tornada,10,Gran de Sant Andreu - Fabra i Puig,641,12:34:38,34.63,16.66666666675,1000.0,
6055,3,H8,Tornada,10,Gran de Sant Andreu - Fabra i Puig,641,12:38:43,38.72,4.083333333316667,245.0,
TEMP_ErnestLluch_641,2,H8,Tornada,10,Gran de Sant Andreu - Fabra i Puig,641,12:48:58,48.97,10.266666666616667,616.0,"1,2,3,4,5,6,7,8,9,11,12,13,14,15,16,17,18,19,20,21,22,23,24,25,26,27,28,29,30,31,32,33,34,35,36,37,38"
6800,3,H8,Tornada,10,Gran de Sant Andreu - Fabra i Puig,641,12:57:42,57.7,8.716666666666667,523.0,
6213,4,H8,Tornada,10,Gran de Sant Andreu - Fabra i Puig,641,13:06:56,6.93,9.233333333300001,554.0,3
6407,3,H8,Tornada,10,Gran de Sant Andreu - Fabra i Puig,641,13:18:41,18.68,11.750000000033333,705.0,
6211,4,H8,Tornada,10,Gran de Sant Andreu - Fabra i Puig,641,13:29:49,29.82,11.133333333333333,668.0,
6212,4,H8,Tornada,10,Gran de Sant Andreu - Fabra i Puig,641,13:35:50,35.83,6.016666666666667,361.0,
6216,4,H8,Tornada,10,Gran de Sant Andreu - Fabra i Puig,641,13:44:32,44.53,8.699999999966668,522.0,
6413,4,H8,Tornada,10,Gran de Sant Andreu - Fabra i Puig,641,13:55:19,55.32,10.783333333366667,647.0,
6217,4,H8,Tornada,10,Gran de Sant Andreu - Fabra i Puig,641,14:04:27,4.45,9.1333333333,548.0,
6415,4,H8,Tornada,10,Gran de Sant Andreu - Fabra i Puig,641,14:14:51,14.85,10.400000000033334,624.0,
6200,1,H8,Tornada,10,Gran de Sant Andreu - Fabra i Puig,641,14:25:35,25.58,10.733333333333333,644.0,
6026,4,H8,Tornada,10,Gran de Sant Andreu - Fabra i Puig,641,14:26:39,26.65,1.0833333332666666,65.0,"13,14,15,16,17,18,19,20,21,22,23,24,25,26,27,28,29,30,31,32,33,34,35,36,37,38"
6209,4,H8,Tornada,10,Gran de Sant Andreu - Fabra i Puig,641,14:31:35,31.58,4.916666666733334,295.0,
6408,4,H8,Tornada,10,Gran de Sant Andreu - Fabra i Puig,641,14:42:40,42.67,11.0833333333,665.0,
6215,4,H8,Tornada,10,Gran de Sant Andreu - Fabra i Puig,641,15:01:37,1.62,18.95,1137.0,
6409,5,H8,Tornada,10,Gran de Sant Andreu - Fabra i Puig,641,15:05:09,5.15,3.533333333366667,212.0,
6056,4,H8,Tornada,10,Gran de Sant Andreu - Fabra i Puig,641,15:17:03,17.05,11.9,714.0,
6411,5,H8,Tornada,10,Gran de Sant Andreu - Fabra i Puig,641,15:28:34,28.57,11.516666666633334,691.0,
6055,4,H8,Tornada,10,Gran de Sant Andreu - Fabra i Puig,641,15:38:00,38.0,9.433333333366667,566.0,
6015,1,H8,Tornada,10,Gran de Sant Andreu - Fabra i Puig,641,15:50:50,50.83,12.833333333316666,770.0,
6414,4,H8,Tornada,10,Gran de Sant Andreu - Fabra i Puig,641,15:53:50,53.83,2.9999999999833333,180.0,
6800,4,H8,Tornada,10,Gran de Sant Andreu - Fabra i Puig,641,16:03:09,3.15,9.316666666666666,559.0,
6213,5,H8,Tornada,10,Gran de Sant Andreu - Fabra i Puig,641,16:10:34,10.57,7.433333333283333,446.0,
6407,4,H8,Tornada,10,Gran de Sant Andreu - Fabra i Puig,641,16:20:53,20.88,10.30000000005,618.0,
6211,5,H8,Tornada,10,Gran de Sant Andreu - Fabra i Puig,641,16:32:27,32.45,11.5666666667,694.0,
6212,5,H8,Tornada,10,Gran de Sant Andreu - Fabra i Puig,641,16:42:45,42.75,10.316666666600002,619.0,
6036,1,H8,Tornada,10,Gran de Sant Andreu - Fabra i Puig,641,16:46:16,46.27,3.5166666666666666,211.0,
6216,5,H8,Tornada,10,Gran de Sant Andreu - Fabra i Puig,641,16:58:26,58.43,12.166666666666666,730.0,
6413,5,H8,Tornada,10,Gran de Sant Andreu - Fabra i Puig,641,17:06:38,6.63,8.1833333334,491.0,
6217,5,H8,Tornada,10,Gran de Sant Andreu - Fabra i Puig,641,17:10:06,10.1,3.466666666666667,208.0,
6415,5,H8,Tornada,10,Gran de Sant Andreu - Fabra i Puig,641,17:19:53,19.88,9.79999999995,588.0,
6209,5,H8,Tornada,10,Gran de Sant Andreu - Fabra i Puig,641,17:36:20,36.33,16.43333333335,986.0,"1,2"
6200,2,H8,Tornada,10,Gran de Sant Andreu - Fabra i Puig,641,17:54:00,54.0,17.666666666666668,1060.0,
6215,5,H8,Tornada,10,Gran de Sant Andreu - Fabra i Puig,641,18:03:10,3.17,9.133333333333333,548.0,"16,17,18"
6409,6,H8,Tornada,10,Gran de Sant Andreu - Fabra i Puig,641,18:07:13,7.22,4.050000000033333,243.0,"1,2"
6056,5,H8,Tornada,10,Gran de Sant Andreu - Fabra i Puig,641,18:19:43,19.72,12.5,750.0,
6411,6,H8,Tornada,10,Gran de Sant Andreu - Fabra i Puig,641,18:29:43,29.72,10.0166666666,601.0,
6414,5,H8,Tornada,10,Gran de Sant Andreu - Fabra i Puig,641,18:50:55,50.92,21.2,1272.0,12
6800,5,H8,Tornada,10,Gran de Sant Andreu - Fabra i Puig,641,18:53:48,53.8,2.866666666733333,172.0,"1,2"
6213,6,H8,Tornada,10,Gran de Sant Andreu - Fabra i Puig,641,19:04:43,4.72,10.933333333266667,656.0,
6407,5,H8,Tornada,10,Gran de Sant Andreu - Fabra i Puig,641,19:13:51,13.85,9.1166666667,547.0,
6036,2,H8,Tornada,10,Gran de Sant Andreu - Fabra i Puig,641,19:33:02,33.03,19.183333333333334,1151.0,
6216,6,H8,Tornada,10,Gran de Sant Andreu - Fabra i Puig,641,19:50:47,50.78,17.766666666633334,1066.0,"25,26,27,28,29,30,31,32,33,34,35,36,37,38"
6413,6,H8,Tornada,10,Gran de Sant Andreu - Fabra i Puig,641,19:52:04,52.07,1.2833333333333334,77.0,
6415,6,H8,Tornada,10,Gran de Sant Andreu - Fabra i Puig,641,20:00:48,0.8,8.733333333333333,524.0,37
6200,3,H8,Tornada,10,Gran de Sant Andreu - Fabra i Puig,641,20:14:01,14.02,13.20000000005,792.0,
6408,7,H8,Tornada,10,Gran de Sant Andreu - Fabra i Puig,641,20:27:56,27.93,13.933333333283334,836.0,
6409,7,H8,Tornada,10,Gran de Sant Andreu - Fabra i Puig,641,20:43:02,43.03,15.1,906.0,
6411,7,H8,Tornada,10,Gran de Sant Andreu - Fabra i Puig,641,21:02:46,2.77,19.733333333333334,1184.0,11
6414,6,H8,Tornada,10,Gran de Sant Andreu - Fabra i Puig,641,21:22:20,22.33,19.550000000033332,1173.0,
6213,7,H8,Tornada,10,Gran de Sant Andreu - Fabra i Puig,641,21:41:43,41.72,19.383333333333333,1163.0,21
6411,1,H8,Tornada,11,Sagrera - Parc de la Pegaso,409,03:48:49,48.82,,,1
6117,1,H8,Tornada,11,Sagrera - Parc de la Pegaso,409,04:03:07,3.12,14.300000000033332,858.0,3
6213,1,H8,Tornada,11,Sagrera - Parc de la Pegaso,409,04:17:51,17.85,14.733333333333333,884.0,
6211,1,H8,Tornada,11,Sagrera - Parc de la Pegaso,409,04:38:06,38.1,20.2666666666,1216.0,
6212,1,H8,Tornada,11,Sagrera - Parc de la Pegaso,409,04:46:06,46.1,7.9833333334,479.0,
6216,1,H8,Tornada,11,Sagrera - Parc de la Pegaso,409,05:01:10,1.17,15.083333333266667,905.0,"1,2"
6413,1,H8,Tornada,11,Sagrera - Parc de la Pegaso,409,05:07:22,7.37,6.183333333366666,371.0,
6217,1,H8,Tornada,11,Sagrera - Parc de la Pegaso,409,05:12:44,12.73,5.366666666666666,322.0,
6415,1,H8,Tornada,11,Sagrera - Parc de la Pegaso,409,05:18:08,18.13,5.400000000033333,324.0,
6026,1,H8,Tornada,11,Sagrera - Parc de la Pegaso,409,05:27:35,27.58,9.449999999966668,567.0,
6209,1,H8,Tornada,11,Sagrera - Parc de la Pegaso,409,05:35:49,35.82,8.233333333333333,494.0,
6022,1,H8,Tornada,11,Sagrera - Parc de la Pegaso,409,05:44:20,44.33,8.516666666699999,511.0,"5,8"
6408,1,H8,Tornada,11,Sagrera - Parc de la Pegaso,409,05:56:21,56.35,12.016666666666667,721.0,
6215,1,H8,Tornada,11,Sagrera - Parc de la Pegaso,409,06:01:31,1.52,5.166666666666667,310.0,
6409,2,H8,Tornada,11,Sagrera - Parc de la Pegaso,409,06:11:09,11.15,9.6333333333,578.0,
TEMP_ErnestLluch_409,1,H8,Tornada,11,Sagrera - Parc de la Pegaso,409,06:26:06,26.1,14.950000000033333,897.0,"1,2,3,4,5,6,7,8,9,10,12,13,14,15,16,17,18,19,20,21,22,23,24,25,26,27,28,29,30,31,32,33,34,35,36,37,38"
6411,2,H8,Tornada,11,Sagrera - Parc de la Pegaso,409,06:30:45,30.75,3.7833333333,227.0,
6055,1,H8,Tornada,11,Sagrera - Parc de la Pegaso,409,06:37:09,37.15,6.4,384.0,
6414,1,H8,Tornada,11,Sagrera - Parc de la Pegaso,409,06:48:51,48.85,11.7,702.0,
6117,2,H8,Tornada,11,Sagrera - Parc de la Pegaso,409,06:56:57,56.95,8.116666666633334,487.0,
6800,1,H8,Tornada,11,Sagrera - Parc de la Pegaso,409,07:04:14,4.23,7.266666666733333,436.0,
6213,2,H8,Tornada,11,Sagrera - Parc de la Pegaso,409,07:10:18,10.3,6.066666666633334,364.0,
6407,1,H8,Tornada,11,Sagrera - Parc de la Pegaso,409,07:22:26,22.43,12.133333333333333,728.0,
6211,2,H8,Tornada,11,Sagrera - Parc de la Pegaso,409,07:31:39,31.65,9.216666666666667,553.0,
6212,2,H8,Tornada,11,Sagrera - Parc de la Pegaso,409,07:42:03,42.05,10.4,624.0,
6216,2,H8,Tornada,11,Sagrera - Parc de la Pegaso,409,07:51:40,51.67,9.6166666667,577.0,
6413,2,H8,Tornada,11,Sagrera - Parc de la Pegaso,409,08:00:26,0.43,8.783333333266667,527.0,
6217,2,H8,Tornada,11,Sagrera - Parc de la Pegaso,409,08:09:18,9.3,8.850000000033333,531.0,
6415,2,H8,Tornada,11,Sagrera - Parc de la Pegaso,409,08:16:36,16.6,7.300000000033333,438.0,"3,4,5,6"
6026,2,H8,Tornada,11,Sagrera - Parc de la Pegaso,409,08:26:19,26.32,9.716666666666667,583.0,
6209,2,H8,Tornada,11,Sagrera - Parc de la Pegaso,409,08:33:53,33.88,7.566666666633334,454.0,"5,6"
6022,2,H8,Tornada,11,Sagrera - Parc de la Pegaso,409,08:42:52,42.87,8.983333333366666,539.0,3
6408,2,H8,Tornada,11,Sagrera - Parc de la Pegaso,409,08:53:22,53.37,10.5166666666,631.0,
6215,2,H8,Tornada,11,Sagrera - Parc de la Pegaso,409,09:02:31,2.52,9.149999999983333,549.0,
6409,3,H8,Tornada,11,Sagrera - Parc de la Pegaso,409,09:13:05,13.08,10.55000000005,633.0,
6056,2,H8,Tornada,11,Sagrera - Parc de la Pegaso,409,09:21:41,21.68,8.6,516.0,
6411,3,H8,Tornada,11,Sagrera - Parc de la Pegaso,409,09:30:50,30.83,9.15,549.0,
6055,2,H8,Tornada,11,Sagrera - Parc de la Pegaso,409,09:42:09,42.15,11.3333333333,680.0,
6414,2,H8,Tornada,11,Sagrera - Parc de la Pegaso,409,09:51:12,51.2,9.033333333366667,542.0,
6800,2,H8,Tornada,11,Sagrera - Parc de la Pegaso,409,09:59:59,59.98,8.783333333366667,527.0,
6213,3,H8,Tornada,11,Sagrera - Parc de la Pegaso,409,10:08:54,8.9,8.916666666666666,535.0,
6407,2,H8,Tornada,11,Sagrera - Parc de la Pegaso,409,10:19:41,19.68,10.7833333333,647.0,
6211,3,H8,Tornada,11,Sagrera - Parc de la Pegaso,409,10:34:47,34.78,15.1,906.0,
6212,3,H8,Tornada,11,Sagrera - Parc de la Pegaso,409,10:44:53,44.88,10.116666666633334,607.0,
6216,3,H8,Tornada,11,Sagrera - Parc de la Pegaso,409,10:55:55,55.92,11.016666666733332,661.0,
6413,3,H8,Tornada,11,Sagrera - Parc de la Pegaso,409,11:05:34,5.57,9.65,579.0,
6217,3,H8,Tornada,11,Sagrera - Parc de la Pegaso,409,11:14:07,14.12,8.549999999966667,513.0,
6415,3,H8,Tornada,11,Sagrera - Parc de la Pegaso,409,11:25:18,25.3,11.183333333333334,671.0,
6026,3,H8,Tornada,11,Sagrera - Parc de la Pegaso,409,11:31:20,31.33,6.033333333333333,362.0,
6209,3,H8,Tornada,11,Sagrera - Parc de la Pegaso,409,11:41:14,41.23,9.9,594.0,
6408,3,H8,Tornada,11,Sagrera - Parc de la Pegaso,409,11:49:22,49.37,8.149999999966667,489.0,
6215,3,H8,Tornada,11,Sagrera - Parc de la Pegaso,409,11:59:38,59.63,10.266666666666667,616.0,
6409,4,H8,Tornada,11,Sagrera - Parc de la Pegaso,409,12:12:01,12.02,12.366666666733332,742.0,5
6056,3,H8,Tornada,11,Sagrera - Parc de la Pegaso,409,12:19:25,19.42,7.416666666599999,445.0,
6411,4,H8,Tornada,11,Sagrera - Parc de la Pegaso,409,12:36:27,36.45,17.016666666716667,1021.0,
6055,3,H8,Tornada,11,Sagrera - Parc de la Pegaso,409,12:39:34,39.57,3.11666666665,187.0,
TEMP_ErnestLluch_409,2,H8,Tornada,11,Sagrera - Parc de la Pegaso,409,12:50:34,50.57,11.016666666633334,661.0,"1,2,3,4,5,6,7,8,9,10,12,13,14,15,16,17,18,19,20,21,22,23,24,25,26,27,28,29,30,31,32,33,34,35,36,37,38"
6800,3,H8,Tornada,11,Sagrera - Parc de la Pegaso,409,12:59:11,59.18,8.599999999966666,516.0,
6213,4,H8,Tornada,11,Sagrera - Parc de la Pegaso,409,13:08:33,8.55,9.383333333283334,563.0,3
6407,3,H8,Tornada,11,Sagrera - Parc de la Pegaso,409,13:19:51,19.85,11.283333333383332,677.0,
6211,4,H8,Tornada,11,Sagrera - Parc de la Pegaso,409,13:32:12,32.2,12.35,741.0,
6212,4,H8,Tornada,11,Sagrera - Parc de la Pegaso,409,13:37:11,37.18,4.983333333366667,299.0,
6216,4,H8,Tornada,11,Sagrera - Parc de la Pegaso,409,13:45:58,45.97,8.783333333333333,527.0,
6413,4,H8,Tornada,11,Sagrera - Parc de la Pegaso,409,13:57:05,57.08,11.116666666633334,667.0,
6217,4,H8,Tornada,11,Sagrera - Parc de la Pegaso,409,14:06:03,6.05,8.983333333300001,539.0,
6415,4,H8,Tornada,11,Sagrera - Parc de la Pegaso,409,14:16:20,16.33,10.283333333333333,617.0,
6200,1,H8,Tornada,11,Sagrera - Parc de la Pegaso,409,14:28:08,28.13,11.8,708.0,
6209,4,H8,Tornada,11,Sagrera - Parc de la Pegaso,409,14:32:52,32.87,4.666666666666667,280.0,
6408,4,H8,Tornada,11,Sagrera - Parc de la Pegaso,409,14:43:50,43.83,10.966666666666667,658.0,
6215,4,H8,Tornada,11,Sagrera - Parc de la Pegaso,409,15:03:10,3.17,19.333333333333332,1160.0,
6409,5,H8,Tornada,11,Sagrera - Parc de la Pegaso,409,15:06:26,6.43,3.2666666666666666,196.0,
6056,4,H8,Tornada,11,Sagrera - Parc de la Pegaso,409,15:18:48,18.8,12.350000000033333,741.0,
6411,5,H8,Tornada,11,Sagrera - Parc de la Pegaso,409,15:30:56,30.93,12.133333333333333,728.0,
6055,4,H8,Tornada,11,Sagrera - Parc de la Pegaso,409,15:38:38,38.63,7.7,462.0,
6015,1,H8,Tornada,11,Sagrera - Parc de la Pegaso,409,15:51:57,51.95,13.3333333333,800.0,
6414,4,H8,Tornada,11,Sagrera - Parc de la Pegaso,409,15:55:11,55.18,3.2333333333333334,194.0,
6800,4,H8,Tornada,11,Sagrera - Parc de la Pegaso,409,16:04:39,4.65,9.450000000033333,567.0,
6213,5,H8,Tornada,11,Sagrera - Parc de la Pegaso,409,16:11:52,11.87,7.216666666666667,433.0,
6407,4,H8,Tornada,11,Sagrera - Parc de la Pegaso,409,16:22:28,22.47,10.6,636.0,
6211,5,H8,Tornada,11,Sagrera - Parc de la Pegaso,409,16:34:20,34.33,11.8666666667,712.0,
6212,5,H8,Tornada,11,Sagrera - Parc de la Pegaso,409,16:44:10,44.17,9.8333333333,590.0,
6036,1,H8,Tornada,11,Sagrera - Parc de la Pegaso,409,16:48:21,48.35,4.183333333366667,251.0,
6216,5,H8,Tornada,11,Sagrera - Parc de la Pegaso,409,17:00:23,0.38,12.049999999933334,723.0,
6413,5,H8,Tornada,11,Sagrera - Parc de la Pegaso,409,17:08:05,8.08,7.6833333334,461.0,
6217,5,H8,Tornada,11,Sagrera - Parc de la Pegaso,409,17:10:58,10.97,2.8999999999333337,174.0,
6415,5,H8,Tornada,11,Sagrera - Parc de la Pegaso,409,17:21:50,21.83,10.850000000066666,651.0,
6209,5,H8,Tornada,11,Sagrera - Parc de la Pegaso,409,17:37:57,37.95,16.116666666666667,967.0,"1,2"
6200,2,H8,Tornada,11,Sagrera - Parc de la Pegaso,409,17:55:22,55.37,17.433333333266667,1046.0,
6215,5,H8,Tornada,11,Sagrera - Parc de la Pegaso,409,18:04:34,4.57,8.333333333333334,500.0,"16,17,18"
6409,6,H8,Tornada,11,Sagrera - Parc de la Pegaso,409,18:08:38,8.63,4.0833333333,245.0,"1,2"
6056,5,H8,Tornada,11,Sagrera - Parc de la Pegaso,409,18:20:55,20.92,12.283333333333333,737.0,
6411,6,H8,Tornada,11,Sagrera - Parc de la Pegaso,409,18:30:58,30.97,10.0333333334,602.0,
6414,5,H8,Tornada,11,Sagrera - Parc de la Pegaso,409,18:52:36,52.6,21.6333333333,1298.0,12
6800,5,H8,Tornada,11,Sagrera - Parc de la Pegaso,409,18:55:16,55.27,2.6666666666666665,160.0,"1,2"
6213,6,H8,Tornada,11,Sagrera - Parc de la Pegaso,409,19:06:22,6.37,11.100000000033333,666.0,
6407,5,H8,Tornada,11,Sagrera - Parc de la Pegaso,409,19:16:54,16.9,10.533333333333333,632.0,
6036,2,H8,Tornada,11,Sagrera - Parc de la Pegaso,409,19:34:43,34.72,17.816666666633335,1069.0,
6216,6,H8,Tornada,11,Sagrera - Parc de la Pegaso,409,19:52:25,52.42,17.7,1062.0,"25,26,27,28,29,30,31,32,33,34,35,36,37,38"
6413,6,H8,Tornada,11,Sagrera - Parc de la Pegaso,409,19:53:49,53.82,1.4000000000333332,84.0,
6415,6,H8,Tornada,11,Sagrera - Parc de la Pegaso,409,20:02:27,2.45,8.6333333333,518.0,37
6200,3,H8,Tornada,11,Sagrera - Parc de la Pegaso,409,20:14:23,14.38,11.949999999966668,717.0,
6408,7,H8,Tornada,11,Sagrera - Parc de la Pegaso,409,20:29:04,29.07,14.683333333333334,881.0,
6409,7,H8,Tornada,11,Sagrera - Parc de la Pegaso,409,20:43:04,43.07,13.983333333366666,839.0,
6213,7,H8,Tornada,11,Sagrera - Parc de la Pegaso,409,21:42:31,42.52,18.8833333334,1133.0,21
6411,1,H8,Tornada,12,Sagrera - Martí Molins,454,03:50:01,50.02,,,1
6117,1,H8,Tornada,12,Sagrera - Martí Molins,454,04:03:49,3.82,13.816666666633333,829.0,3
6213,1,H8,Tornada,12,Sagrera - Martí Molins,454,04:19:29,19.48,15.650000000066665,939.0,
6211,1,H8,Tornada,12,Sagrera - Martí Molins,454,04:39:47,39.78,20.299999999966666,1218.0,
6212,1,H8,Tornada,12,Sagrera - Martí Molins,454,04:47:08,47.13,7.35,441.0,
6216,1,H8,Tornada,12,Sagrera - Martí Molins,454,05:02:51,2.85,15.7166666667,943.0,"1,2"
6413,1,H8,Tornada,12,Sagrera - Martí Molins,454,05:08:48,8.8,5.95,357.0,
6217,1,H8,Tornada,12,Sagrera - Martí Molins,454,05:14:24,14.4,5.6,336.0,
6415,1,H8,Tornada,12,Sagrera - Martí Molins,454,05:19:13,19.22,4.833333333266666,290.0,
6026,1,H8,Tornada,12,Sagrera - Martí Molins,454,05:29:37,29.62,10.383333333366666,623.0,
6209,1,H8,Tornada,12,Sagrera - Martí Molins,454,05:38:16,38.27,8.666666666633335,520.0,
6022,1,H8,Tornada,12,Sagrera - Martí Molins,454,05:45:49,45.82,7.55,453.0,"5,8"
6408,1,H8,Tornada,12,Sagrera - Martí Molins,454,05:57:56,57.93,12.116666666666667,727.0,
6215,1,H8,Tornada,12,Sagrera - Martí Molins,454,06:04:14,4.23,6.2833333333666666,377.0,
6409,2,H8,Tornada,12,Sagrera - Martí Molins,454,06:13:32,13.53,9.3,558.0,
TEMP_ErnestLluch_454,1,H8,Tornada,12,Sagrera - Martí Molins,454,06:28:45,28.75,15.233333333300001,914.0,"1,2,3,4,5,6,7,8,9,10,11,13,14,15,16,17,18,19,20,21,22,23,24,25,26,27,28,29,30,31,32,33,34,35,36,37,38"
6411,2,H8,Tornada,12,Sagrera - Martí Molins,454,06:33:17,33.28,3.6833333332833336,221.0,
6055,1,H8,Tornada,12,Sagrera - Martí Molins,454,06:39:08,39.13,5.833333333383334,350.0,
6414,1,H8,Tornada,12,Sagrera - Martí Molins,454,06:50:32,50.53,11.399999999966667,684.0,
6117,2,H8,Tornada,12,Sagrera - Martí Molins,454,06:58:30,58.5,7.966666666666667,478.0,
6800,1,H8,Tornada,12,Sagrera - Martí Molins,454,07:05:32,5.53,7.0333333333666666,422.0,
6213,2,H8,Tornada,12,Sagrera - Martí Molins,454,07:12:01,12.02,6.483333333333333,389.0,
6407,1,H8,Tornada,12,Sagrera - Martí Molins,454,07:23:41,23.68,11.666666666633335,700.0,
6211,2,H8,Tornada,12,Sagrera - Martí Molins,454,07:33:14,33.23,9.55,573.0,
6212,2,H8,Tornada,12,Sagrera - Martí Molins,454,07:44:25,44.42,11.183333333333334,671.0,
6216,2,H8,Tornada,12,Sagrera - Martí Molins,454,07:53:23,53.38,8.966666666666667,538.0,
6413,2,H8,Tornada,12,Sagrera - Martí Molins,454,08:02:20,2.33,8.95,537.0,
6217,2,H8,Tornada,12,Sagrera - Martí Molins,454,08:12:10,12.17,9.849999999966666,591.0,
6415,2,H8,Tornada,12,Sagrera - Martí Molins,454,08:18:52,18.87,6.7,402.0,"3,4,5,6"
6026,2,H8,Tornada,12,Sagrera - Martí Molins,454,08:27:33,27.55,8.6666666667,520.0,
6209,2,H8,Tornada,12,Sagrera - Martí Molins,454,08:35:36,35.6,8.066666666633333,484.0,"5,6"
6022,2,H8,Tornada,12,Sagrera - Martí Molins,454,08:44:28,44.47,8.850000000066666,531.0,3
6408,2,H8,Tornada,12,Sagrera - Martí Molins,454,08:55:07,55.12,10.65,639.0,
6215,2,H8,Tornada,12,Sagrera - Martí Molins,454,09:03:53,3.88,8.766666666633334,526.0,
6409,3,H8,Tornada,12,Sagrera - Martí Molins,454,09:14:38,14.63,10.750000000033333,645.0,
6056,2,H8,Tornada,12,Sagrera - Martí Molins,454,09:23:57,23.95,9.316666666633333,559.0,
6411,3,H8,Tornada,12,Sagrera - Martí Molins,454,09:32:31,32.52,8.5666666667,514.0,
6055,2,H8,Tornada,12,Sagrera - Martí Molins,454,09:43:47,43.78,11.266666666633334,676.0,
6414,2,H8,Tornada,12,Sagrera - Martí Molins,454,09:52:38,52.63,8.85,531.0,
6800,2,H8,Tornada,12,Sagrera - Martí Molins,454,10:01:55,1.92,9.283333333333333,557.0,
6213,3,H8,Tornada,12,Sagrera - Martí Molins,454,10:10:36,10.6,8.699999999966668,522.0,
6407,2,H8,Tornada,12,Sagrera - Martí Molins,454,10:21:07,21.12,10.500000000033333,630.0,
6211,3,H8,Tornada,12,Sagrera - Martí Molins,454,10:36:52,36.87,15.750000000033333,945.0,
6212,3,H8,Tornada,12,Sagrera - Martí Molins,454,10:47:24,47.4,10.533333333333333,632.0,
6216,3,H8,Tornada,12,Sagrera - Martí Molins,454,10:57:45,57.75,10.35,621.0,
6413,3,H8,Tornada,12,Sagrera - Martí Molins,454,11:07:18,7.3,9.549999999966667,573.0,
6217,3,H8,Tornada,12,Sagrera - Martí Molins,454,11:15:34,15.57,8.266666666699999,496.0,
6415,3,H8,Tornada,12,Sagrera - Martí Molins,454,11:25:48,25.8,10.233333333333333,614.0,
6026,3,H8,Tornada,12,Sagrera - Martí Molins,454,11:33:33,33.55,7.749999999966667,465.0,
6209,3,H8,Tornada,12,Sagrera - Martí Molins,454,11:43:27,43.45,9.9,594.0,
6408,3,H8,Tornada,12,Sagrera - Martí Molins,454,11:51:16,51.27,7.816666666666666,469.0,
6215,3,H8,Tornada,12,Sagrera - Martí Molins,454,12:01:35,1.58,10.3333333333,620.0,
6409,4,H8,Tornada,12,Sagrera - Martí Molins,454,12:13:26,13.43,11.85,711.0,5
6056,3,H8,Tornada,12,Sagrera - Martí Molins,454,12:21:27,21.45,8.000000000033333,480.0,
6411,4,H8,Tornada,12,Sagrera - Martí Molins,454,12:37:45,37.75,16.3,978.0,
6055,3,H8,Tornada,12,Sagrera - Martí Molins,454,12:41:47,41.78,4.033333333333333,242.0,
6414,3,H8,Tornada,12,Sagrera - Martí Molins,454,12:52:29,52.48,10.716666666633333,643.0,
6800,3,H8,Tornada,12,Sagrera - Martí Molins,454,13:00:53,0.88,8.383333333366666,503.0,
6213,4,H8,Tornada,12,Sagrera - Martí Molins,454,13:09:52,9.87,8.999999999933333,540.0,3
6407,3,H8,Tornada,12,Sagrera - Martí Molins,454,13:22:02,22.03,12.150000000033334,729.0,
6211,4,H8,Tornada,12,Sagrera - Martí Molins,454,13:33:36,33.6,11.5666666667,694.0,
6212,4,H8,Tornada,12,Sagrera - Martí Molins,454,13:38:32,38.53,4.933333333333334,296.0,
6216,4,H8,Tornada,12,Sagrera - Martí Molins,454,13:47:32,47.53,9.0,540.0,
6413,4,H8,Tornada,12,Sagrera - Martí Molins,454,13:58:19,58.32,10.799999999933334,648.0,
6217,4,H8,Tornada,12,Sagrera - Martí Molins,454,14:07:18,7.3,8.983333333333333,539.0,
6415,4,H8,Tornada,12,Sagrera - Martí Molins,454,14:18:38,18.63,11.3166666667,679.0,
6026,4,H8,Tornada,12,Sagrera - Martí Molins,454,14:30:01,30.02,11.399999999983333,684.0,"13,14,15,16,17,18,19,20,21,22,23,24,25,26,27,28,29,30,31,32,33,34,35,36,37,38"
6209,4,H8,Tornada,12,Sagrera - Martí Molins,454,14:35:00,35.0,4.85,291.0,
6408,4,H8,Tornada,12,Sagrera - Martí Molins,454,14:45:24,45.4,10.383333333366666,623.0,
6215,4,H8,Tornada,12,Sagrera - Martí Molins,454,15:04:56,4.93,19.533333333333335,1172.0,
6409,5,H8,Tornada,12,Sagrera - Martí Molins,454,15:08:10,8.17,3.2499999999666667,195.0,
6056,4,H8,Tornada,12,Sagrera - Martí Molins,454,15:20:24,20.4,12.216666666733333,733.0,
6411,5,H8,Tornada,12,Sagrera - Martí Molins,454,15:32:07,32.12,11.716666666633333,703.0,
6055,4,H8,Tornada,12,Sagrera - Martí Molins,454,15:40:01,40.02,7.916666666633334,475.0,
6015,1,H8,Tornada,12,Sagrera - Martí Molins,454,15:53:37,53.62,13.583333333366665,815.0,
6414,4,H8,Tornada,12,Sagrera - Martí Molins,454,15:56:36,56.6,2.99999999995,180.0,
6800,4,H8,Tornada,12,Sagrera - Martí Molins,454,16:05:48,5.8,9.183333333416666,551.0,
6213,5,H8,Tornada,12,Sagrera - Martí Molins,454,16:13:13,13.22,7.416666666633334,445.0,
6407,4,H8,Tornada,12,Sagrera - Martí Molins,454,16:24:02,24.03,10.8333333333,650.0,
6211,5,H8,Tornada,12,Sagrera - Martí Molins,454,16:35:45,35.75,11.700000000066666,702.0,
6212,5,H8,Tornada,12,Sagrera - Martí Molins,454,16:47:09,47.15,11.399999999983333,684.0,
6036,1,H8,Tornada,12,Sagrera - Martí Molins,454,16:50:01,50.02,2.86666666665,172.0,
6216,5,H8,Tornada,12,Sagrera - Martí Molins,454,17:02:24,2.4,12.383333333333333,743.0,
6413,5,H8,Tornada,12,Sagrera - Martí Molins,454,17:09:49,9.82,7.416666666699999,445.0,
6217,5,H8,Tornada,12,Sagrera - Martí Molins,454,17:12:46,12.77,2.9499999999666664,177.0,
6415,5,H8,Tornada,12,Sagrera - Martí Molins,454,17:23:04,23.07,10.3,618.0,
6209,5,H8,Tornada,12,Sagrera - Martí Molins,454,17:39:52,39.87,16.8,1008.0,"1,2"
6200,2,H8,Tornada,12,Sagrera - Martí Molins,454,17:57:10,57.17,17.300000000033332,1038.0,
6215,5,H8,Tornada,12,Sagrera - Martí Molins,454,18:06:23,6.38,8.349999999933333,501.0,"16,17,18"
6409,6,H8,Tornada,12,Sagrera - Martí Molins,454,18:10:28,10.47,4.066666666733333,244.0,"1,2"
6056,5,H8,Tornada,12,Sagrera - Martí Molins,454,18:21:51,21.85,11.383333333333333,683.0,
6411,6,H8,Tornada,12,Sagrera - Martí Molins,454,18:32:38,32.63,10.799999999933334,648.0,
6800,5,H8,Tornada,12,Sagrera - Martí Molins,454,18:56:48,56.8,24.150000000066665,1449.0,"1,2"
6213,6,H8,Tornada,12,Sagrera - Martí Molins,454,19:07:47,7.78,10.983333333333333,659.0,
6407,5,H8,Tornada,12,Sagrera - Martí Molins,454,19:18:08,18.13,10.3666666666,622.0,
6036,2,H8,Tornada,12,Sagrera - Martí Molins,454,19:36:35,36.58,18.4333333334,1106.0,
6216,6,H8,Tornada,12,Sagrera - Martí Molins,454,19:53:46,53.77,17.183333333300002,1031.0,"25,26,27,28,29,30,31,32,33,34,35,36,37,38"
6413,6,H8,Tornada,12,Sagrera - Martí Molins,454,19:54:47,54.78,1.0333333333,62.0,
6415,6,H8,Tornada,12,Sagrera - Martí Molins,454,20:03:24,3.4,8.600000000033333,516.0,37
6200,3,H8,Tornada,12,Sagrera - Martí Molins,454,20:15:46,15.77,12.3833333333,743.0,
6408,7,H8,Tornada,12,Sagrera - Martí Molins,454,20:30:22,30.37,14.583333333399999,875.0,
6409,7,H8,Tornada,12,Sagrera - Martí Molins,454,20:44:21,44.35,13.983333333333333,839.0,
6411,7,H8,Tornada,12,Sagrera - Martí Molins,454,21:03:58,3.97,19.633333333266666,1178.0,11
6414,6,H8,Tornada,12,Sagrera - Martí Molins,454,21:25:05,25.08,21.116666666666667,1267.0,
6213,7,H8,Tornada,12,Sagrera - Martí Molins,454,21:43:36,43.6,18.500000000066667,1110.0,21
6411,1,H8,Tornada,13,"Av. Meridiana, 277",9392,03:51:16,51.27,,,1
6117,1,H8,Tornada,13,"Av. Meridiana, 277",9392,04:06:28,6.47,15.200000000033333,912.0,3
6213,1,H8,Tornada,13,"Av. Meridiana, 277",9392,04:20:39,20.65,14.183333333333334,851.0,
6211,1,H8,Tornada,13,"Av. Meridiana, 277",9392,04:42:58,42.97,22.316666666666666,1339.0,
6212,1,H8,Tornada,13,"Av. Meridiana, 277",9392,04:49:45,49.75,6.799999999933333,408.0,
6216,1,H8,Tornada,13,"Av. Meridiana, 277",9392,05:06:31,6.52,16.750000000066667,1005.0,"1,2"
6413,1,H8,Tornada,13,"Av. Meridiana, 277",9392,05:11:50,11.83,5.316666666633334,319.0,
6217,1,H8,Tornada,13,"Av. Meridiana, 277",9392,05:17:03,17.05,5.2333333333,314.0,
6415,1,H8,Tornada,13,"Av. Meridiana, 277",9392,05:23:26,23.43,6.383333333333334,383.0,
6026,1,H8,Tornada,13,"Av. Meridiana, 277",9392,05:31:49,31.82,8.383333333333333,503.0,
6209,1,H8,Tornada,13,"Av. Meridiana, 277",9392,05:41:52,41.87,10.0333333334,602.0,
6022,1,H8,Tornada,13,"Av. Meridiana, 277",9392,05:48:28,48.47,6.6,396.0,"5,8"
6408,1,H8,Tornada,13,"Av. Meridiana, 277",9392,06:01:40,1.67,13.2166666666,793.0,
6215,1,H8,Tornada,13,"Av. Meridiana, 277",9392,06:08:05,8.08,6.416666666666667,385.0,
6409,2,H8,Tornada,13,"Av. Meridiana, 277",9392,06:16:36,16.6,8.500000000033333,510.0,
TEMP_ErnestLluch_9392,1,H8,Tornada,13,"Av. Meridiana, 277",9392,06:31:32,31.53,14.933333333333334,896.0,"1,2,3,4,5,6,7,8,9,10,11,12,14,15,16,17,18,19,20,21,22,23,24,25,26,27,28,29,30,31,32,33,34,35,36,37,38"
6411,2,H8,Tornada,13,"Av. Meridiana, 277",9392,06:36:46,36.77,5.249999999966667,315.0,
6055,1,H8,Tornada,13,"Av. Meridiana, 277",9392,06:41:12,41.2,4.416666666733334,265.0,
6414,1,H8,Tornada,13,"Av. Meridiana, 277",9392,06:54:23,54.38,13.199999999933334,792.0,
6117,2,H8,Tornada,13,"Av. Meridiana, 277",9392,07:00:47,0.78,6.3833333334,383.0,
6800,1,H8,Tornada,13,"Av. Meridiana, 277",9392,07:09:44,9.73,8.949999999966668,537.0,
6213,2,H8,Tornada,13,"Av. Meridiana, 277",9392,07:15:05,15.08,5.35,321.0,
6407,1,H8,Tornada,13,"Av. Meridiana, 277",9392,07:26:52,26.87,11.799999999966667,708.0,
6211,2,H8,Tornada,13,"Av. Meridiana, 277",9392,07:37:07,37.12,10.25,615.0,
6212,2,H8,Tornada,13,"Av. Meridiana, 277",9392,07:46:51,46.85,9.716666666733333,583.0,
6216,2,H8,Tornada,13,"Av. Meridiana, 277",9392,07:56:55,56.92,10.083333333266667,605.0,
6413,2,H8,Tornada,13,"Av. Meridiana, 277",9392,08:06:30,6.5,9.58333333335,575.0,
6217,2,H8,Tornada,13,"Av. Meridiana, 277",9392,08:15:16,15.27,8.750000000016666,525.0,
6415,2,H8,Tornada,13,"Av. Meridiana, 277",9392,08:21:31,21.52,6.250000000033333,375.0,"3,4,5,6"
6026,2,H8,Tornada,13,"Av. Meridiana, 277",9392,08:32:03,32.05,10.549999999933334,633.0,
6209,2,H8,Tornada,13,"Av. Meridiana, 277",9392,08:38:01,38.02,5.966666666666667,358.0,"5,6"
6022,2,H8,Tornada,13,"Av. Meridiana, 277",9392,08:48:29,48.48,10.450000000066666,627.0,3
6408,2,H8,Tornada,13,"Av. Meridiana, 277",9392,08:57:07,57.12,8.6333333333,518.0,
6215,2,H8,Tornada,13,"Av. Meridiana, 277",9392,09:06:07,6.12,9.016666666633334,541.0,
6409,3,H8,Tornada,13,"Av. Meridiana, 277",9392,09:18:00,18.0,11.8666666667,712.0,
6056,2,H8,Tornada,13,"Av. Meridiana, 277",9392,09:26:36,26.6,8.616666666633334,517.0,
6411,3,H8,Tornada,13,"Av. Meridiana, 277",9392,09:36:26,36.43,9.8166666667,589.0,
6055,2,H8,Tornada,13,"Av. Meridiana, 277",9392,09:46:54,46.9,10.4666666667,628.0,
6414,2,H8,Tornada,13,"Av. Meridiana, 277",9392,09:56:42,56.7,9.799999999966667,588.0,
6800,2,H8,Tornada,13,"Av. Meridiana, 277",9392,10:04:33,4.55,7.850000000033333,471.0,
6213,3,H8,Tornada,13,"Av. Meridiana, 277",9392,10:13:12,13.2,8.65,519.0,
6407,2,H8,Tornada,13,"Av. Meridiana, 277",9392,10:24:29,24.48,11.283333333333333,677.0,
6211,3,H8,Tornada,13,"Av. Meridiana, 277",9392,10:39:50,39.83,15.3666666666,922.0,
6212,3,H8,Tornada,13,"Av. Meridiana, 277",9392,10:49:31,49.52,9.6666666667,580.0,
6216,3,H8,Tornada,13,"Av. Meridiana, 277",9392,11:00:44,0.73,11.216666666666667,673.0,
6413,3,H8,Tornada,13,"Av. Meridiana, 277",9392,11:09:39,9.65,8.9166666667,535.0,
6217,3,H8,Tornada,13,"Av. Meridiana, 277",9392,11:18:15,18.25,8.599999999966666,516.0,
6415,3,H8,Tornada,13,"Av. Meridiana, 277",9392,11:29:34,29.57,11.316666666666666,679.0,
6026,3,H8,Tornada,13,"Av. Meridiana, 277",9392,11:36:09,36.15,6.599999999966667,396.0,
6209,3,H8,Tornada,13,"Av. Meridiana, 277",9392,11:46:40,46.67,10.500000000033333,630.0,
6408,3,H8,Tornada,13,"Av. Meridiana, 277",9392,11:53:30,53.5,6.833333333333333,410.0,
6215,3,H8,Tornada,13,"Av. Meridiana, 277",9392,12:04:39,4.65,11.150000000033334,669.0,
6409,4,H8,Tornada,13,"Av. Meridiana, 277",9392,12:15:50,15.83,11.1833333333,671.0,5
6056,3,H8,Tornada,13,"Av. Meridiana, 277",9392,12:25:06,25.1,9.266666666666667,556.0,
6411,4,H8,Tornada,13,"Av. Meridiana, 277",9392,12:41:22,41.37,16.2833333333,977.0,
6055,3,H8,Tornada,13,"Av. Meridiana, 277",9392,12:44:09,44.15,2.7666666667,166.0,
6414,3,H8,Tornada,13,"Av. Meridiana, 277",9392,12:54:46,54.77,10.616666666666667,637.0,
6800,3,H8,Tornada,13,"Av. Meridiana, 277",9392,13:03:10,3.17,8.4,504.0,
6213,4,H8,Tornada,13,"Av. Meridiana, 277",9392,13:13:22,13.37,10.2166666666,613.0,3
6407,3,H8,Tornada,13,"Av. Meridiana, 277",9392,13:24:42,24.7,11.333333333333334,680.0,
6211,4,H8,Tornada,13,"Av. Meridiana, 277",9392,13:36:59,36.98,12.283333333333333,737.0,
6212,4,H8,Tornada,13,"Av. Meridiana, 277",9392,13:41:55,41.92,4.916666666733334,295.0,
6216,4,H8,Tornada,13,"Av. Meridiana, 277",9392,13:51:36,51.6,9.683333333333334,581.0,
6413,4,H8,Tornada,13,"Av. Meridiana, 277",9392,14:01:44,1.73,10.149999999933334,609.0,
6217,4,H8,Tornada,13,"Av. Meridiana, 277",9392,14:11:29,11.48,9.7333333334,584.0,
6415,4,H8,Tornada,13,"Av. Meridiana, 277",9392,14:20:43,20.72,9.249999999933333,555.0,
6200,1,H8,Tornada,13,"Av. Meridiana, 277",9392,14:32:55,32.92,12.183333333399998,731.0,
6209,4,H8,Tornada,13,"Av. Meridiana, 277",9392,14:38:08,38.13,5.216666666666667,313.0,
6408,4,H8,Tornada,13,"Av. Meridiana, 277",9392,14:50:05,50.08,11.9666666666,718.0,
6215,4,H8,Tornada,13,"Av. Meridiana, 277",9392,15:08:40,8.67,18.583333333333332,1115.0,
6409,5,H8,Tornada,13,"Av. Meridiana, 277",9392,15:12:23,12.38,3.7000000000333335,222.0,
6056,4,H8,Tornada,13,"Av. Meridiana, 277",9392,15:24:02,24.03,11.650000000033334,699.0,
6411,5,H8,Tornada,13,"Av. Meridiana, 277",9392,15:35:29,35.48,11.45,687.0,
6055,4,H8,Tornada,13,"Av. Meridiana, 277",9392,15:43:45,43.75,8.266666666666667,496.0,
6015,1,H8,Tornada,13,"Av. Meridiana, 277",9392,15:57:05,57.08,13.349999999916667,801.0,
6414,4,H8,Tornada,13,"Av. Meridiana, 277",9392,16:00:30,0.5,3.4000000000833333,204.0,
6800,4,H8,Tornada,13,"Av. Meridiana, 277",9392,16:08:02,8.03,7.533333333333333,452.0,
6213,5,H8,Tornada,13,"Av. Meridiana, 277",9392,16:17:13,17.22,9.1833333333,551.0,
6407,4,H8,Tornada,13,"Av. Meridiana, 277",9392,16:28:09,28.15,10.933333333366667,656.0,
6211,5,H8,Tornada,13,"Av. Meridiana, 277",9392,16:39:11,39.18,11.049999999933334,663.0,
6212,5,H8,Tornada,13,"Av. Meridiana, 277",9392,16:50:26,50.43,11.25,675.0,
6036,1,H8,Tornada,13,"Av. Meridiana, 277",9392,16:52:56,52.93,2.4833333333666667,149.0,
6216,5,H8,Tornada,13,"Av. Meridiana, 277",9392,17:04:47,4.78,11.850000000033333,711.0,
6413,5,H8,Tornada,13,"Av. Meridiana, 277",9392,17:13:00,13.0,8.216666666633333,493.0,
6217,5,H8,Tornada,13,"Av. Meridiana, 277",9392,17:15:43,15.72,2.7166666667,163.0,
6415,5,H8,Tornada,13,"Av. Meridiana, 277",9392,17:26:56,26.93,11.233333333266668,674.0,
6209,5,H8,Tornada,13,"Av. Meridiana, 277",9392,17:43:13,43.22,16.283333333333335,977.0,"1,2"
6200,2,H8,Tornada,13,"Av. Meridiana, 277",9392,18:01:37,1.62,18.383333333366668,1103.0,
6215,5,H8,Tornada,13,"Av. Meridiana, 277",9392,18:09:14,9.23,7.516666666666667,451.0,"16,17,18"
6409,6,H8,Tornada,13,"Av. Meridiana, 277",9392,18:12:56,12.93,3.7166666666,223.0,"1,2"
6056,5,H8,Tornada,13,"Av. Meridiana, 277",9392,18:24:17,24.28,11.333333333366665,680.0,
6411,6,H8,Tornada,13,"Av. Meridiana, 277",9392,18:35:18,35.3,11.0333333333,662.0,
6414,5,H8,Tornada,13,"Av. Meridiana, 277",9392,18:53:01,53.02,17.716666666666665,1063.0,12
6015,2,H8,Tornada,13,"Av. Meridiana, 277",9392,18:58:01,58.02,5.0,300.0,"9,10,11,12,24,25,26,27,28,29,30,31,32,33,34,35,36,37,38"
6800,5,H8,Tornada,13,"Av. Meridiana, 277",9392,18:59:03,59.05,1.0333333333333334,62.0,"1,2"
6213,6,H8,Tornada,13,"Av. Meridiana, 277",9392,19:10:14,10.23,11.18333333335,671.0,
6407,5,H8,Tornada,13,"Av. Meridiana, 277",9392,19:21:42,21.7,11.450000000016667,687.0,
6036,2,H8,Tornada,13,"Av. Meridiana, 277",9392,19:39:59,39.98,18.283333333366667,1097.0,
6216,6,H8,Tornada,13,"Av. Meridiana, 277",9392,19:56:50,56.83,16.85,1011.0,"25,26,27,28,29,30,31,32,33,34,35,36,37,38"
6413,6,H8,Tornada,13,"Av. Meridiana, 277",9392,19:58:32,58.53,1.7,102.0,
6415,6,H8,Tornada,13,"Av. Meridiana, 277",9392,20:05:48,5.8,7.2833333332666665,437.0,37
6200,3,H8,Tornada,13,"Av. Meridiana, 277",9392,20:17:49,17.82,12.000000000066667,720.0,
6408,7,H8,Tornada,13,"Av. Meridiana, 277",9392,20:34:29,34.48,16.666666666633333,1000.0,
6409,7,H8,Tornada,13,"Av. Meridiana, 277",9392,20:46:27,46.45,11.966666666666667,718.0,
6411,7,H8,Tornada,13,"Av. Meridiana, 277",9392,21:06:41,6.68,20.233333333366666,1214.0,11
6414,6,H8,Tornada,13,"Av. Meridiana, 277",9392,21:26:43,26.72,20.0333333333,1202.0,
6213,7,H8,Tornada,13,"Av. Meridiana, 277",9392,21:46:07,46.12,19.4,1164.0,21
6409,1,H8,Tornada,14,Sant Antoni Maria Claret - Espronceda,384,03:37:25,37.42,,,"1,2,3,4,5,6,7,8,9,10,11,12,13,23"
6411,1,H8,Tornada,14,Sant Antoni Maria Claret - Espronceda,384,03:52:41,52.68,15.266666666666667,916.0,1
6117,1,H8,Tornada,14,Sant Antoni Maria Claret - Espronceda,384,04:08:59,8.98,16.3,978.0,3
6213,1,H8,Tornada,14,Sant Antoni Maria Claret - Espronceda,384,04:21:22,21.37,12.399999999933334,744.0,
6211,1,H8,Tornada,14,Sant Antoni Maria Claret - Espronceda,384,04:44:22,44.37,22.983333333366666,1379.0,
6212,1,H8,Tornada,14,Sant Antoni Maria Claret - Espronceda,384,04:51:15,51.25,6.883333333366666,413.0,
6216,1,H8,Tornada,14,Sant Antoni Maria Claret - Espronceda,384,05:09:24,9.4,18.149999999966667,1089.0,"1,2"
6413,1,H8,Tornada,14,Sant Antoni Maria Claret - Espronceda,384,05:15:07,15.12,5.7333333333,344.0,
6217,1,H8,Tornada,14,Sant Antoni Maria Claret - Espronceda,384,05:18:57,18.95,3.8333333333333335,230.0,
6415,1,H8,Tornada,14,Sant Antoni Maria Claret - Espronceda,384,05:26:16,26.27,7.300000000033333,438.0,
6026,1,H8,Tornada,14,Sant Antoni Maria Claret - Espronceda,384,05:33:29,33.48,7.2333333333,434.0,
6209,1,H8,Tornada,14,Sant Antoni Maria Claret - Espronceda,384,05:42:36,42.6,9.116666666666667,547.0,
6022,1,H8,Tornada,14,Sant Antoni Maria Claret - Espronceda,384,05:53:18,53.3,10.683333333399998,641.0,"5,8"
6408,1,H8,Tornada,14,Sant Antoni Maria Claret - Espronceda,384,06:05:02,5.03,11.749999999933333,705.0,
6215,1,H8,Tornada,14,Sant Antoni Maria Claret - Espronceda,384,06:09:59,9.98,4.933333333366666,296.0,
6409,2,H8,Tornada,14,Sant Antoni Maria Claret - Espronceda,384,06:18:52,18.87,8.899999999966667,534.0,
TEMP_ErnestLluch_384,1,H8,Tornada,14,Sant Antoni Maria Claret - Espronceda,384,06:33:20,33.33,14.450000000033333,867.0,"1,2,3,4,5,6,7,8,9,10,11,12,13,15,16,17,18,19,20,21,22,23,24,25,26,27,28,29,30,31,32,33,34,35,36,37,38"
6411,2,H8,Tornada,14,Sant Antoni Maria Claret - Espronceda,384,06:37:36,37.6,4.283333333300001,257.0,
6055,1,H8,Tornada,14,Sant Antoni Maria Claret - Espronceda,384,06:43:07,43.12,5.500000000066667,330.0,
6414,1,H8,Tornada,14,Sant Antoni Maria Claret - Espronceda,384,06:56:18,56.3,13.199999999933334,792.0,
6117,2,H8,Tornada,14,Sant Antoni Maria Claret - Espronceda,384,07:02:58,2.97,6.666666666666667,400.0,
6800,1,H8,Tornada,14,Sant Antoni Maria Claret - Espronceda,384,07:12:27,12.45,9.4666666667,568.0,
6213,2,H8,Tornada,14,Sant Antoni Maria Claret - Espronceda,384,07:17:47,17.78,5.333333333333333,320.0,
6407,1,H8,Tornada,14,Sant Antoni Maria Claret - Espronceda,384,07:28:53,28.88,11.100000000033333,666.0,
6211,2,H8,Tornada,14,Sant Antoni Maria Claret - Espronceda,384,07:38:01,38.02,9.149999999933334,549.0,
6212,2,H8,Tornada,14,Sant Antoni Maria Claret - Espronceda,384,07:49:15,49.25,11.216666666733333,673.0,
6216,2,H8,Tornada,14,Sant Antoni Maria Claret - Espronceda,384,07:57:45,57.75,8.499999999983334,510.0,
6413,2,H8,Tornada,14,Sant Antoni Maria Claret - Espronceda,384,08:09:19,9.32,11.566666666683334,694.0,
6217,2,H8,Tornada,14,Sant Antoni Maria Claret - Espronceda,384,08:16:45,16.75,7.433333333333334,446.0,
6415,2,H8,Tornada,14,Sant Antoni Maria Claret - Espronceda,384,08:23:46,23.77,7.016666666666667,421.0,"3,4,5,6"
6026,2,H8,Tornada,14,Sant Antoni Maria Claret - Espronceda,384,08:33:21,33.35,9.599999999933335,576.0,
6209,2,H8,Tornada,14,Sant Antoni Maria Claret - Espronceda,384,08:40:21,40.35,7.0,420.0,"5,6"
6022,2,H8,Tornada,14,Sant Antoni Maria Claret - Espronceda,384,08:49:55,49.92,9.550000000066666,573.0,3
6408,2,H8,Tornada,14,Sant Antoni Maria Claret - Espronceda,384,08:59:13,59.22,9.316666666600002,559.0,
6215,2,H8,Tornada,14,Sant Antoni Maria Claret - Espronceda,384,09:07:55,7.92,8.683333333366667,521.0,
6409,3,H8,Tornada,14,Sant Antoni Maria Claret - Espronceda,384,09:20:40,20.67,12.766666666633334,766.0,
6056,2,H8,Tornada,14,Sant Antoni Maria Claret - Espronceda,384,09:27:24,27.4,6.733333333316667,404.0,
6411,3,H8,Tornada,14,Sant Antoni Maria Claret - Espronceda,384,09:38:34,38.57,11.15000000005,669.0,
6055,2,H8,Tornada,14,Sant Antoni Maria Claret - Espronceda,384,09:48:22,48.37,9.8,588.0,
6414,2,H8,Tornada,14,Sant Antoni Maria Claret - Espronceda,384,09:57:33,57.55,9.183333333366667,551.0,
6800,2,H8,Tornada,14,Sant Antoni Maria Claret - Espronceda,384,10:06:57,6.95,9.416666666600001,565.0,
6213,3,H8,Tornada,14,Sant Antoni Maria Claret - Espronceda,384,10:13:54,13.9,6.933333333366666,416.0,
6407,2,H8,Tornada,14,Sant Antoni Maria Claret - Espronceda,384,10:26:37,26.62,12.716666666683333,763.0,
6211,3,H8,Tornada,14,Sant Antoni Maria Claret - Espronceda,384,10:41:22,41.37,14.750000000016666,885.0,
6212,3,H8,Tornada,14,Sant Antoni Maria Claret - Espronceda,384,10:52:22,52.37,11.0166666666,661.0,
6216,3,H8,Tornada,14,Sant Antoni Maria Claret - Espronceda,384,11:01:24,1.4,9.033333333316667,542.0,
6413,3,H8,Tornada,14,Sant Antoni Maria Claret - Espronceda,384,11:12:21,12.35,10.950000000016667,657.0,
6217,3,H8,Tornada,14,Sant Antoni Maria Claret - Espronceda,384,11:21:32,21.53,9.183333333333334,551.0,
6415,3,H8,Tornada,14,Sant Antoni Maria Claret - Espronceda,384,11:31:03,31.05,9.516666666666667,571.0,
6026,3,H8,Tornada,14,Sant Antoni Maria Claret - Espronceda,384,11:38:30,38.5,7.4333333334,446.0,
6209,3,H8,Tornada,14,Sant Antoni Maria Claret - Espronceda,384,11:49:16,49.27,10.766666666666667,646.0,
6408,3,H8,Tornada,14,Sant Antoni Maria Claret - Espronceda,384,11:54:45,54.75,5.499999999933333,330.0,
6215,3,H8,Tornada,14,Sant Antoni Maria Claret - Espronceda,384,12:07:44,7.73,12.9666666667,778.0,
6409,4,H8,Tornada,14,Sant Antoni Maria Claret - Espronceda,384,12:18:29,18.48,10.750000000033333,645.0,5
6056,3,H8,Tornada,14,Sant Antoni Maria Claret - Espronceda,384,12:25:39,25.65,7.183333333266666,431.0,
6411,4,H8,Tornada,14,Sant Antoni Maria Claret - Espronceda,384,12:42:20,42.33,16.6666666667,1000.0,
6055,3,H8,Tornada,14,Sant Antoni Maria Claret - Espronceda,384,12:46:14,46.23,3.9000000000333332,234.0,
TEMP_ErnestLluch_384,2,H8,Tornada,14,Sant Antoni Maria Claret - Espronceda,384,12:56:22,56.37,10.133333333333333,608.0,"1,2,3,4,5,6,7,8,9,10,11,12,13,15,16,17,18,19,20,21,22,23,24,25,26,27,28,29,30,31,32,33,34,35,36,37,38"
6414,3,H8,Tornada,14,Sant Antoni Maria Claret - Espronceda,384,12:58:57,58.95,2.5999999999166667,156.0,
6800,3,H8,Tornada,14,Sant Antoni Maria Claret - Espronceda,384,13:05:41,5.68,6.716666666716667,403.0,
6213,4,H8,Tornada,14,Sant Antoni Maria Claret - Espronceda,384,13:15:21,15.35,9.6833333333,581.0,3
6407,3,H8,Tornada,14,Sant Antoni Maria Claret - Espronceda,384,13:26:30,26.5,11.1333333334,668.0,
6211,4,H8,Tornada,14,Sant Antoni Maria Claret - Espronceda,384,13:39:03,39.05,12.566666666600002,754.0,
6212,4,H8,Tornada,14,Sant Antoni Maria Claret - Espronceda,384,13:42:45,42.75,3.7,222.0,
6216,4,H8,Tornada,14,Sant Antoni Maria Claret - Espronceda,384,13:54:36,54.6,11.833333333366665,710.0,
6413,4,H8,Tornada,14,Sant Antoni Maria Claret - Espronceda,384,14:03:07,3.12,8.5333333333,512.0,
6217,4,H8,Tornada,14,Sant Antoni Maria Claret - Espronceda,384,14:14:14,14.23,11.116666666666667,667.0,
6415,4,H8,Tornada,14,Sant Antoni Maria Claret - Espronceda,384,14:22:18,22.3,8.050000000066667,483.0,
6200,1,H8,Tornada,14,Sant Antoni Maria Claret - Espronceda,384,14:36:03,36.05,13.75,825.0,
6209,4,H8,Tornada,14,Sant Antoni Maria Claret - Espronceda,384,14:41:41,41.68,5.649999999933333,339.0,
6408,4,H8,Tornada,14,Sant Antoni Maria Claret - Espronceda,384,14:52:45,52.75,11.066666666683334,664.0,
6215,4,H8,Tornada,14,Sant Antoni Maria Claret - Espronceda,384,15:11:20,11.33,18.566666666716667,1114.0,
6409,5,H8,Tornada,14,Sant Antoni Maria Claret - Espronceda,384,15:14:36,14.6,3.2666666666333333,196.0,
6056,4,H8,Tornada,14,Sant Antoni Maria Claret - Espronceda,384,15:25:15,25.25,10.65,639.0,
6411,5,H8,Tornada,14,Sant Antoni Maria Claret - Espronceda,384,15:37:36,37.6,12.350000000033333,741.0,
6055,4,H8,Tornada,14,Sant Antoni Maria Claret - Espronceda,384,15:46:19,46.32,8.733333333266668,524.0,
6015,1,H8,Tornada,14,Sant Antoni Maria Claret - Espronceda,384,15:58:48,58.8,12.4666666667,748.0,
6414,4,H8,Tornada,14,Sant Antoni Maria Claret - Espronceda,384,16:02:03,2.05,3.25,195.0,
6800,4,H8,Tornada,14,Sant Antoni Maria Claret - Espronceda,384,16:09:33,9.55,7.516666666633333,451.0,
6213,5,H8,Tornada,14,Sant Antoni Maria Claret - Espronceda,384,16:18:49,18.82,9.266666666666667,556.0,
6407,4,H8,Tornada,14,Sant Antoni Maria Claret - Espronceda,384,16:30:43,30.72,11.883333333366666,713.0,
6211,5,H8,Tornada,14,Sant Antoni Maria Claret - Espronceda,384,16:40:46,40.77,10.050000000033332,603.0,
6212,5,H8,Tornada,14,Sant Antoni Maria Claret - Espronceda,384,16:51:39,51.65,10.883333333333333,653.0,
6036,1,H8,Tornada,14,Sant Antoni Maria Claret - Espronceda,384,16:54:51,54.85,3.1999999999666664,192.0,
6216,5,H8,Tornada,14,Sant Antoni Maria Claret - Espronceda,384,17:07:06,7.1,12.26666666665,736.0,
6413,5,H8,Tornada,14,Sant Antoni Maria Claret - Espronceda,384,17:15:21,15.35,8.23333333335,494.0,
6217,5,H8,Tornada,14,Sant Antoni Maria Claret - Espronceda,384,17:17:18,17.3,1.95,117.0,
6415,5,H8,Tornada,14,Sant Antoni Maria Claret - Espronceda,384,17:28:20,28.33,11.033333333333333,662.0,
6209,5,H8,Tornada,14,Sant Antoni Maria Claret - Espronceda,384,17:45:05,45.08,16.75000000003333,1005.0,"1,2"
6026,5,H8,Tornada,14,Sant Antoni Maria Claret - Espronceda,384,18:03:06,3.1,18.03333333326667,1082.0,"34,35,36,37,38"
6215,5,H8,Tornada,14,Sant Antoni Maria Claret - Espronceda,384,18:11:02,11.03,7.6,456.0,"16,17,18"
6409,6,H8,Tornada,14,Sant Antoni Maria Claret - Espronceda,384,18:13:55,13.92,2.8833333333,173.0,"1,2"
6056,5,H8,Tornada,14,Sant Antoni Maria Claret - Espronceda,384,18:26:50,26.83,12.9166666667,775.0,
6411,6,H8,Tornada,14,Sant Antoni Maria Claret - Espronceda,384,18:36:13,36.22,9.3833333333,563.0,
6414,5,H8,Tornada,14,Sant Antoni Maria Claret - Espronceda,384,18:54:17,54.28,18.066666666666666,1084.0,12
6015,2,H8,Tornada,14,Sant Antoni Maria Claret - Espronceda,384,18:59:40,59.67,5.399999999966667,324.0,"9,10,11,12,24,25,26,27,28,29,30,31,32,33,34,35,36,37,38"
6800,5,H8,Tornada,14,Sant Antoni Maria Claret - Espronceda,384,19:00:44,0.73,1.0500000000333334,63.0,"1,2"
6213,6,H8,Tornada,14,Sant Antoni Maria Claret - Espronceda,384,19:12:46,12.77,12.033333333333333,722.0,
6407,5,H8,Tornada,14,Sant Antoni Maria Claret - Espronceda,384,19:23:57,23.95,11.199999999966668,672.0,
6036,2,H8,Tornada,14,Sant Antoni Maria Claret - Espronceda,384,19:41:51,41.85,17.8833333334,1073.0,
6216,6,H8,Tornada,14,Sant Antoni Maria Claret - Espronceda,384,19:58:32,58.53,16.699999999933333,1002.0,"25,26,27,28,29,30,31,32,33,34,35,36,37,38"
6413,6,H8,Tornada,14,Sant Antoni Maria Claret - Espronceda,384,20:00:54,0.9,2.3500000000666663,141.0,
6415,6,H8,Tornada,14,Sant Antoni Maria Claret - Espronceda,384,20:06:02,6.03,5.1333333333,308.0,37
6200,3,H8,Tornada,14,Sant Antoni Maria Claret - Espronceda,384,20:20:30,20.5,14.4666666667,868.0,
6408,7,H8,Tornada,14,Sant Antoni Maria Claret - Espronceda,384,20:35:54,35.9,15.399999999966667,924.0,
6409,7,H8,Tornada,14,Sant Antoni Maria Claret - Espronceda,384,20:47:36,47.6,11.7,702.0,
6411,7,H8,Tornada,14,Sant Antoni Maria Claret - Espronceda,384,21:08:06,8.1,20.50000000003333,1230.0,11
6414,6,H8,Tornada,14,Sant Antoni Maria Claret - Espronceda,384,21:29:13,29.22,21.116666666633332,1267.0,
6213,7,H8,Tornada,14,Sant Antoni Maria Claret - Espronceda,384,21:47:42,47.7,18.483333333366666,1109.0,21
6409,1,H8,Tornada,15,Sant Antoni Maria Claret - Trinxant,3313,03:39:05,39.08,,,"1,2,3,4,5,6,7,8,9,10,11,12,13,23"
6411,1,H8,Tornada,15,Sant Antoni Maria Claret - Trinxant,3313,03:54:13,54.22,15.149999999966667,909.0,1
6117,1,H8,Tornada,15,Sant Antoni Maria Claret - Trinxant,3313,04:10:32,10.53,16.300000000066667,978.0,3
6213,1,H8,Tornada,15,Sant Antoni Maria Claret - Trinxant,3313,04:23:05,23.08,12.55,753.0,
6211,1,H8,Tornada,15,Sant Antoni Maria Claret - Trinxant,3313,04:46:14,46.23,23.149999999966667,1389.0,
6212,1,H8,Tornada,15,Sant Antoni Maria Claret - Trinxant,3313,04:53:30,53.5,7.2666666667,436.0,
6216,1,H8,Tornada,15,Sant Antoni Maria Claret - Trinxant,3313,05:12:45,12.75,19.2666666666,1156.0,"1,2"
6413,1,H8,Tornada,15,Sant Antoni Maria Claret - Trinxant,3313,05:18:10,18.17,5.400000000033333,324.0,
6217,1,H8,Tornada,15,Sant Antoni Maria Claret - Trinxant,3313,05:20:49,20.82,2.65,159.0,
6415,1,H8,Tornada,15,Sant Antoni Maria Claret - Trinxant,3313,05:28:56,28.93,8.1166666667,487.0,
6026,1,H8,Tornada,15,Sant Antoni Maria Claret - Trinxant,3313,05:35:41,35.68,6.7666666666,406.0,
6209,1,H8,Tornada,15,Sant Antoni Maria Claret - Trinxant,3313,05:45:40,45.67,9.983333333333333,599.0,
6022,1,H8,Tornada,15,Sant Antoni Maria Claret - Trinxant,3313,05:56:32,56.53,10.850000000033333,651.0,"5,8"
6408,1,H8,Tornada,15,Sant Antoni Maria Claret - Trinxant,3313,06:07:17,7.28,10.766666666633334,646.0,
6215,1,H8,Tornada,15,Sant Antoni Maria Claret - Trinxant,3313,06:12:46,12.77,5.483333333333333,329.0,
6409,2,H8,Tornada,15,Sant Antoni Maria Claret - Trinxant,3313,06:22:11,22.18,9.400000000066665,564.0,
6056,1,H8,Tornada,15,Sant Antoni Maria Claret - Trinxant,3313,06:31:18,31.3,9.133333333266668,548.0,"13,14"
TEMP_ErnestLluch_3313,1,H8,Tornada,15,Sant Antoni Maria Claret - Trinxant,3313,06:35:54,35.9,4.583333333400001,275.0,"1,2,3,4,5,6,7,8,9,10,11,12,13,14,16,17,18,19,20,21,22,23,24,25,26,27,28,29,30,31,32,33,34,35,36,37,38"
6411,2,H8,Tornada,15,Sant Antoni Maria Claret - Trinxant,3313,06:40:24,40.4,4.499999999966667,270.0,
6055,1,H8,Tornada,15,Sant Antoni Maria Claret - Trinxant,3313,06:45:55,45.92,5.533333333300001,332.0,
6414,1,H8,Tornada,15,Sant Antoni Maria Claret - Trinxant,3313,06:58:25,58.42,12.4833333334,749.0,
6117,2,H8,Tornada,15,Sant Antoni Maria Claret - Trinxant,3313,07:05:59,5.98,7.583333333266666,455.0,
6800,1,H8,Tornada,15,Sant Antoni Maria Claret - Trinxant,3313,07:15:12,15.2,9.200000000066666,552.0,
6213,2,H8,Tornada,15,Sant Antoni Maria Claret - Trinxant,3313,07:19:48,19.8,4.6166666666,277.0,
6407,1,H8,Tornada,15,Sant Antoni Maria Claret - Trinxant,3313,07:31:43,31.72,11.90000000005,714.0,
6211,2,H8,Tornada,15,Sant Antoni Maria Claret - Trinxant,3313,07:40:56,40.93,9.233333333283333,554.0,
6212,2,H8,Tornada,15,Sant Antoni Maria Claret - Trinxant,3313,07:51:46,51.77,10.816666666733333,649.0,
6216,2,H8,Tornada,15,Sant Antoni Maria Claret - Trinxant,3313,08:00:50,0.83,9.066666666666666,544.0,
6413,2,H8,Tornada,15,Sant Antoni Maria Claret - Trinxant,3313,08:12:18,12.3,11.466666666650001,688.0,
6217,2,H8,Tornada,15,Sant Antoni Maria Claret - Trinxant,3313,08:18:46,18.77,6.4833333332833325,389.0,
6415,2,H8,Tornada,15,Sant Antoni Maria Claret - Trinxant,3313,08:26:19,26.32,7.55,453.0,"3,4,5,6"
6026,2,H8,Tornada,15,Sant Antoni Maria Claret - Trinxant,3313,08:35:15,35.25,8.933333333333334,536.0,
6209,2,H8,Tornada,15,Sant Antoni Maria Claret - Trinxant,3313,08:43:25,43.42,8.150000000066667,489.0,"5,6"
6022,2,H8,Tornada,15,Sant Antoni Maria Claret - Trinxant,3313,08:51:52,51.87,8.45,507.0,3
6408,2,H8,Tornada,15,Sant Antoni Maria Claret - Trinxant,3313,09:03:40,3.67,11.8,708.0,
6215,2,H8,Tornada,15,Sant Antoni Maria Claret - Trinxant,3313,09:10:17,10.28,6.616666666633334,397.0,
6409,3,H8,Tornada,15,Sant Antoni Maria Claret - Trinxant,3313,09:24:04,24.07,13.799999999966667,828.0,
6056,2,H8,Tornada,15,Sant Antoni Maria Claret - Trinxant,3313,09:30:21,30.35,6.266666666733333,376.0,
6411,3,H8,Tornada,15,Sant Antoni Maria Claret - Trinxant,3313,09:41:17,41.28,10.9333333333,656.0,
6055,2,H8,Tornada,15,Sant Antoni Maria Claret - Trinxant,3313,09:49:57,49.95,8.666666666666666,520.0,
6414,2,H8,Tornada,15,Sant Antoni Maria Claret - Trinxant,3313,09:59:51,59.85,9.91666666665,595.0,
6800,2,H8,Tornada,15,Sant Antoni Maria Claret - Trinxant,3313,10:09:15,9.25,9.383333333383332,563.0,
6213,3,H8,Tornada,15,Sant Antoni Maria Claret - Trinxant,3313,10:17:07,17.12,7.866666666633334,472.0,
6407,2,H8,Tornada,15,Sant Antoni Maria Claret - Trinxant,3313,10:29:56,29.93,12.8166666667,769.0,
6211,3,H8,Tornada,15,Sant Antoni Maria Claret - Trinxant,3313,10:43:28,43.47,13.549999999933334,813.0,
6212,3,H8,Tornada,15,Sant Antoni Maria Claret - Trinxant,3313,10:54:51,54.85,11.366666666733332,682.0,
6216,3,H8,Tornada,15,Sant Antoni Maria Claret - Trinxant,3313,11:03:34,3.57,8.716666666666667,523.0,
6413,3,H8,Tornada,15,Sant Antoni Maria Claret - Trinxant,3313,11:15:39,15.65,12.0833333333,725.0,
6217,3,H8,Tornada,15,Sant Antoni Maria Claret - Trinxant,3313,11:25:34,25.57,9.9333333333,596.0,
6415,3,H8,Tornada,15,Sant Antoni Maria Claret - Trinxant,3313,11:34:28,34.47,8.8833333334,533.0,
6026,3,H8,Tornada,15,Sant Antoni Maria Claret - Trinxant,3313,11:40:59,40.98,6.516666666633333,391.0,
6209,3,H8,Tornada,15,Sant Antoni Maria Claret - Trinxant,3313,11:51:30,51.5,10.516666666699999,631.0,
6408,3,H8,Tornada,15,Sant Antoni Maria Claret - Trinxant,3313,11:57:11,57.18,5.6833333333,341.0,
6215,3,H8,Tornada,15,Sant Antoni Maria Claret - Trinxant,3313,12:10:59,10.98,13.816666666633333,829.0,
6409,4,H8,Tornada,15,Sant Antoni Maria Claret - Trinxant,3313,12:20:56,20.93,9.933333333366667,596.0,5
6056,3,H8,Tornada,15,Sant Antoni Maria Claret - Trinxant,3313,12:28:04,28.07,7.133333333333334,428.0,
6411,4,H8,Tornada,15,Sant Antoni Maria Claret - Trinxant,3313,12:45:43,45.72,17.65,1059.0,
6055,3,H8,Tornada,15,Sant Antoni Maria Claret - Trinxant,3313,12:50:01,50.02,4.3,258.0,
TEMP_ErnestLluch_3313,2,H8,Tornada,15,Sant Antoni Maria Claret - Trinxant,3313,12:59:06,59.1,9.083333333333334,545.0,"1,2,3,4,5,6,7,8,9,10,11,12,13,14,16,17,18,19,20,21,22,23,24,25,26,27,28,29,30,31,32,33,34,35,36,37,38"
6414,3,H8,Tornada,15,Sant Antoni Maria Claret - Trinxant,3313,13:02:11,2.18,3.083333333366667,185.0,
6800,3,H8,Tornada,15,Sant Antoni Maria Claret - Trinxant,3313,13:09:33,9.55,7.366666666633334,442.0,
6213,4,H8,Tornada,15,Sant Antoni Maria Claret - Trinxant,3313,13:18:52,18.87,9.316666666666666,559.0,3
6407,3,H8,Tornada,15,Sant Antoni Maria Claret - Trinxant,3313,13:29:51,29.85,10.983333333333333,659.0,
6211,4,H8,Tornada,15,Sant Antoni Maria Claret - Trinxant,3313,13:42:22,42.37,12.5333333333,752.0,
6212,4,H8,Tornada,15,Sant Antoni Maria Claret - Trinxant,3313,13:46:28,46.47,4.0833333334,245.0,
6216,4,H8,Tornada,15,Sant Antoni Maria Claret - Trinxant,3313,13:57:15,57.25,10.799999999933334,648.0,
6413,4,H8,Tornada,15,Sant Antoni Maria Claret - Trinxant,3313,14:06:09,6.15,8.9,534.0,
6217,4,H8,Tornada,15,Sant Antoni Maria Claret - Trinxant,3313,14:17:12,17.2,11.05,663.0,
6415,4,H8,Tornada,15,Sant Antoni Maria Claret - Trinxant,3313,14:24:27,24.45,7.2333333334,434.0,
6200,1,H8,Tornada,15,Sant Antoni Maria Claret - Trinxant,3313,14:39:19,39.32,14.883333333266668,893.0,
6209,4,H8,Tornada,15,Sant Antoni Maria Claret - Trinxant,3313,14:44:49,44.82,5.4833333334,329.0,
6408,4,H8,Tornada,15,Sant Antoni Maria Claret - Trinxant,3313,14:56:22,56.37,11.55,693.0,
6215,4,H8,Tornada,15,Sant Antoni Maria Claret - Trinxant,3313,15:14:24,14.4,18.0333333333,1082.0,
6409,5,H8,Tornada,15,Sant Antoni Maria Claret - Trinxant,3313,15:17:09,17.15,2.7666666666333333,166.0,
6056,4,H8,Tornada,15,Sant Antoni Maria Claret - Trinxant,3313,15:29:05,29.08,11.933333333333334,716.0,
6411,5,H8,Tornada,15,Sant Antoni Maria Claret - Trinxant,3313,15:41:30,41.5,12.400000000033334,744.0,
6055,4,H8,Tornada,15,Sant Antoni Maria Claret - Trinxant,3313,15:49:08,49.13,7.6333333333499995,458.0,
6015,1,H8,Tornada,15,Sant Antoni Maria Claret - Trinxant,3313,16:01:40,1.67,12.54999999995,753.0,
6414,4,H8,Tornada,15,Sant Antoni Maria Claret - Trinxant,3313,16:05:45,5.75,4.066666666733333,244.0,
6800,4,H8,Tornada,15,Sant Antoni Maria Claret - Trinxant,3313,16:13:02,13.03,7.283333333333333,437.0,
6213,5,H8,Tornada,15,Sant Antoni Maria Claret - Trinxant,3313,16:22:14,22.23,9.2166666666,553.0,
6407,4,H8,Tornada,15,Sant Antoni Maria Claret - Trinxant,3313,16:33:42,33.7,11.466666666683333,688.0,
6211,5,H8,Tornada,15,Sant Antoni Maria Claret - Trinxant,3313,16:43:32,43.53,9.816666666683334,589.0,
6212,5,H8,Tornada,15,Sant Antoni Maria Claret - Trinxant,3313,16:54:24,54.4,10.8666666667,652.0,
6036,1,H8,Tornada,15,Sant Antoni Maria Claret - Trinxant,3313,16:58:05,58.08,3.6999999999166664,222.0,
6216,5,H8,Tornada,15,Sant Antoni Maria Claret - Trinxant,3313,17:09:43,9.72,11.63333333335,698.0,
6413,5,H8,Tornada,15,Sant Antoni Maria Claret - Trinxant,3313,17:18:51,18.85,9.133333333333333,548.0,
6217,5,H8,Tornada,15,Sant Antoni Maria Claret - Trinxant,3313,17:20:31,20.52,1.6666666666666667,100.0,
6415,5,H8,Tornada,15,Sant Antoni Maria Claret - Trinxant,3313,17:30:40,30.67,10.1333333334,608.0,
6209,5,H8,Tornada,15,Sant Antoni Maria Claret - Trinxant,3313,17:47:54,47.9,17.2333333333,1034.0,"1,2"
6200,2,H8,Tornada,15,Sant Antoni Maria Claret - Trinxant,3313,18:05:59,5.98,18.099999999966666,1086.0,
6215,5,H8,Tornada,15,Sant Antoni Maria Claret - Trinxant,3313,18:13:32,13.53,7.383333333366666,443.0,"16,17,18"
6409,6,H8,Tornada,15,Sant Antoni Maria Claret - Trinxant,3313,18:16:53,16.88,3.3666666666,202.0,"1,2"
6056,5,H8,Tornada,15,Sant Antoni Maria Claret - Trinxant,3313,18:29:20,29.33,12.433333333366667,746.0,
6411,6,H8,Tornada,15,Sant Antoni Maria Claret - Trinxant,3313,18:38:08,38.13,8.8,528.0,
6414,5,H8,Tornada,15,Sant Antoni Maria Claret - Trinxant,3313,18:56:10,56.17,18.049999999966666,1083.0,12
6015,2,H8,Tornada,15,Sant Antoni Maria Claret - Trinxant,3313,19:02:01,2.02,5.833333333400001,350.0,"9,10,11,12,24,25,26,27,28,29,30,31,32,33,34,35,36,37,38"
6800,5,H8,Tornada,15,Sant Antoni Maria Claret - Trinxant,3313,19:04:07,4.12,2.1166666666,127.0,"1,2"
6213,6,H8,Tornada,15,Sant Antoni Maria Claret - Trinxant,3313,19:15:09,15.15,11.016666666733332,661.0,
6407,5,H8,Tornada,15,Sant Antoni Maria Claret - Trinxant,3313,19:26:23,26.38,11.249999999933333,675.0,
6036,2,H8,Tornada,15,Sant Antoni Maria Claret - Trinxant,3313,19:44:10,44.17,17.783333333333335,1067.0,
6216,6,H8,Tornada,15,Sant Antoni Maria Claret - Trinxant,3313,20:00:59,0.98,16.800000000066667,1008.0,"25,26,27,28,29,30,31,32,33,34,35,36,37,38"
6413,6,H8,Tornada,15,Sant Antoni Maria Claret - Trinxant,3313,20:03:43,3.72,2.7333333333333334,164.0,
6415,6,H8,Tornada,15,Sant Antoni Maria Claret - Trinxant,3313,20:08:25,8.42,4.699999999966667,282.0,37
6200,3,H8,Tornada,15,Sant Antoni Maria Claret - Trinxant,3313,20:23:02,23.03,14.633333333283334,878.0,
6408,7,H8,Tornada,15,Sant Antoni Maria Claret - Trinxant,3313,20:37:22,37.37,14.316666666749999,859.0,
6409,7,H8,Tornada,15,Sant Antoni Maria Claret - Trinxant,3313,20:50:15,50.25,12.8833333333,773.0,
6411,7,H8,Tornada,15,Sant Antoni Maria Claret - Trinxant,3313,21:10:22,10.37,20.116666666666667,1207.0,11
6414,6,H8,Tornada,15,Sant Antoni Maria Claret - Trinxant,3313,21:31:00,31.0,20.649999999966667,1239.0,
6213,7,H8,Tornada,15,Sant Antoni Maria Claret - Trinxant,3313,21:49:00,49.0,17.9833333334,1079.0,21
6409,1,H8,Tornada,16,Sant Antoni Maria Claret - Rambla Volart,859,03:40:01,40.02,,,"1,2,3,4,5,6,7,8,9,10,11,12,13,23"
6411,1,H8,Tornada,16,Sant Antoni Maria Claret - Rambla Volart,859,03:55:35,55.58,15.566666666666666,934.0,1
6117,1,H8,Tornada,16,Sant Antoni Maria Claret - Rambla Volart,859,04:12:09,12.15,16.566666666666666,994.0,3
6213,1,H8,Tornada,16,Sant Antoni Maria Claret - Rambla Volart,859,04:25:33,25.55,13.400000000033334,804.0,
6211,1,H8,Tornada,16,Sant Antoni Maria Claret - Rambla Volart,859,04:48:26,48.43,22.883333333333333,1373.0,
6212,1,H8,Tornada,16,Sant Antoni Maria Claret - Rambla Volart,859,04:55:00,55.0,6.566666666666666,394.0,
6216,1,H8,Tornada,16,Sant Antoni Maria Claret - Rambla Volart,859,05:13:45,13.75,18.75,1125.0,"1,2"
6413,1,H8,Tornada,16,Sant Antoni Maria Claret - Rambla Volart,859,05:19:40,19.67,5.93333333325,356.0,
6217,1,H8,Tornada,16,Sant Antoni Maria Claret - Rambla Volart,859,05:24:21,24.35,4.666666666716667,280.0,
6415,1,H8,Tornada,16,Sant Antoni Maria Claret - Rambla Volart,859,05:30:29,30.48,6.133333333333334,368.0,
6026,1,H8,Tornada,16,Sant Antoni Maria Claret - Rambla Volart,859,05:38:16,38.27,7.7833333333666666,467.0,
6209,1,H8,Tornada,16,Sant Antoni Maria Claret - Rambla Volart,859,05:47:22,47.37,9.1,546.0,
6022,1,H8,Tornada,16,Sant Antoni Maria Claret - Rambla Volart,859,05:58:02,58.03,10.683333333266667,641.0,"5,8"
6408,1,H8,Tornada,16,Sant Antoni Maria Claret - Rambla Volart,859,06:08:19,8.32,10.283333333333333,617.0,
6215,1,H8,Tornada,16,Sant Antoni Maria Claret - Rambla Volart,859,06:15:09,15.15,6.833333333333333,410.0,
6409,2,H8,Tornada,16,Sant Antoni Maria Claret - Rambla Volart,859,06:24:18,24.3,9.1333333334,548.0,
6056,1,H8,Tornada,16,Sant Antoni Maria Claret - Rambla Volart,859,06:33:35,33.58,9.283333333333333,557.0,"13,14"
6411,2,H8,Tornada,16,Sant Antoni Maria Claret - Rambla Volart,859,06:42:16,42.27,8.683333333333334,521.0,
6055,1,H8,Tornada,16,Sant Antoni Maria Claret - Rambla Volart,859,06:48:16,48.27,6.0,360.0,
6414,1,H8,Tornada,16,Sant Antoni Maria Claret - Rambla Volart,859,07:00:38,0.63,12.383333333266668,743.0,
6117,2,H8,Tornada,16,Sant Antoni Maria Claret - Rambla Volart,859,07:07:51,7.85,7.200000000066667,432.0,
6800,1,H8,Tornada,16,Sant Antoni Maria Claret - Rambla Volart,859,07:17:06,17.1,9.249999999966667,555.0,
6213,2,H8,Tornada,16,Sant Antoni Maria Claret - Rambla Volart,859,07:21:22,21.37,4.2666666667,256.0,
6407,1,H8,Tornada,16,Sant Antoni Maria Claret - Rambla Volart,859,07:33:27,33.45,12.083333333333334,725.0,
6211,2,H8,Tornada,16,Sant Antoni Maria Claret - Rambla Volart,859,07:42:29,42.48,9.04999999995,543.0,
6212,2,H8,Tornada,16,Sant Antoni Maria Claret - Rambla Volart,859,07:53:20,53.33,10.83333333335,650.0,
6216,2,H8,Tornada,16,Sant Antoni Maria Claret - Rambla Volart,859,08:02:15,2.25,8.9333333333,536.0,
6413,2,H8,Tornada,16,Sant Antoni Maria Claret - Rambla Volart,859,08:14:27,14.45,12.2,732.0,
6217,2,H8,Tornada,16,Sant Antoni Maria Claret - Rambla Volart,859,08:20:14,20.23,5.783333333333333,347.0,
6415,2,H8,Tornada,16,Sant Antoni Maria Claret - Rambla Volart,859,08:27:46,27.77,7.5166666667,451.0,"3,4,5,6"
6026,2,H8,Tornada,16,Sant Antoni Maria Claret - Rambla Volart,859,08:37:10,37.17,9.4,564.0,
6209,2,H8,Tornada,16,Sant Antoni Maria Claret - Rambla Volart,859,08:44:52,44.87,7.7166666666333334,463.0,"5,6"
6022,2,H8,Tornada,16,Sant Antoni Maria Claret - Rambla Volart,859,08:53:40,53.67,8.7833333334,527.0,3
6408,2,H8,Tornada,16,Sant Antoni Maria Claret - Rambla Volart,859,09:04:33,4.55,10.883333333333333,653.0,
6215,2,H8,Tornada,16,Sant Antoni Maria Claret - Rambla Volart,859,09:11:55,11.92,7.383333333266666,443.0,
6409,3,H8,Tornada,16,Sant Antoni Maria Claret - Rambla Volart,859,09:25:35,25.58,13.650000000033334,819.0,
6056,2,H8,Tornada,16,Sant Antoni Maria Claret - Rambla Volart,859,09:31:49,31.82,6.23333333335,374.0,
6411,3,H8,Tornada,16,Sant Antoni Maria Claret - Rambla Volart,859,09:42:31,42.52,10.700000000016667,642.0,
6055,2,H8,Tornada,16,Sant Antoni Maria Claret - Rambla Volart,859,09:51:36,51.6,9.099999999933335,546.0,
6414,2,H8,Tornada,16,Sant Antoni Maria Claret - Rambla Volart,859,10:01:47,1.78,10.183333333333334,611.0,
6800,2,H8,Tornada,16,Sant Antoni Maria Claret - Rambla Volart,859,10:10:41,10.68,8.8833333334,533.0,
6213,3,H8,Tornada,16,Sant Antoni Maria Claret - Rambla Volart,859,10:18:32,18.53,7.85,471.0,
6407,2,H8,Tornada,16,Sant Antoni Maria Claret - Rambla Volart,859,10:30:48,30.8,12.266666666666667,736.0,
6211,3,H8,Tornada,16,Sant Antoni Maria Claret - Rambla Volart,859,10:44:47,44.78,13.983333333333333,839.0,
6212,3,H8,Tornada,16,Sant Antoni Maria Claret - Rambla Volart,859,10:56:37,56.62,11.849999999933335,711.0,
6216,3,H8,Tornada,16,Sant Antoni Maria Claret - Rambla Volart,859,11:05:43,5.72,9.083333333399999,545.0,
6413,3,H8,Tornada,16,Sant Antoni Maria Claret - Rambla Volart,859,11:17:36,17.6,11.8833333333,713.0,
6217,3,H8,Tornada,16,Sant Antoni Maria Claret - Rambla Volart,859,11:26:55,26.92,9.3333333333,560.0,
6415,3,H8,Tornada,16,Sant Antoni Maria Claret - Rambla Volart,859,11:36:32,36.53,9.616666666666667,577.0,
6026,3,H8,Tornada,16,Sant Antoni Maria Claret - Rambla Volart,859,11:42:39,42.65,6.100000000066667,366.0,
6209,3,H8,Tornada,16,Sant Antoni Maria Claret - Rambla Volart,859,11:52:59,52.98,10.333333333333334,620.0,
6408,3,H8,Tornada,16,Sant Antoni Maria Claret - Rambla Volart,859,11:59:38,59.63,6.649999999983334,399.0,
6215,3,H8,Tornada,16,Sant Antoni Maria Claret - Rambla Volart,859,12:12:53,12.88,13.250000000016666,795.0,
6409,4,H8,Tornada,16,Sant Antoni Maria Claret - Rambla Volart,859,12:23:24,23.4,10.53333333325,632.0,5
6056,3,H8,Tornada,16,Sant Antoni Maria Claret - Rambla Volart,859,12:29:28,29.47,6.066666666683333,364.0,
6411,4,H8,Tornada,16,Sant Antoni Maria Claret - Rambla Volart,859,12:47:40,47.67,18.2,1092.0,
6055,3,H8,Tornada,16,Sant Antoni Maria Claret - Rambla Volart,859,12:51:57,51.95,4.283333333333333,257.0,
6414,3,H8,Tornada,16,Sant Antoni Maria Claret - Rambla Volart,859,13:03:50,3.83,11.8666666667,712.0,
6800,3,H8,Tornada,16,Sant Antoni Maria Claret - Rambla Volart,859,13:11:43,11.72,7.883333333366666,473.0,
6213,4,H8,Tornada,16,Sant Antoni Maria Claret - Rambla Volart,859,13:20:45,20.75,9.033333333333333,542.0,3
6407,3,H8,Tornada,16,Sant Antoni Maria Claret - Rambla Volart,859,13:30:54,30.9,10.15,609.0,
6211,4,H8,Tornada,16,Sant Antoni Maria Claret - Rambla Volart,859,13:43:06,43.1,12.2166666666,733.0,
6212,4,H8,Tornada,16,Sant Antoni Maria Claret - Rambla Volart,859,13:48:22,48.37,5.250000000033333,315.0,
6216,4,H8,Tornada,16,Sant Antoni Maria Claret - Rambla Volart,859,13:58:39,58.65,10.283333333333333,617.0,
6413,4,H8,Tornada,16,Sant Antoni Maria Claret - Rambla Volart,859,14:07:51,7.85,9.216666666633333,553.0,
6217,4,H8,Tornada,16,Sant Antoni Maria Claret - Rambla Volart,859,14:18:50,18.83,10.9666666667,658.0,
6415,4,H8,Tornada,16,Sant Antoni Maria Claret - Rambla Volart,859,14:26:30,26.5,7.666666666666667,460.0,
6200,1,H8,Tornada,16,Sant Antoni Maria Claret - Rambla Volart,859,14:41:32,41.53,15.033333333366667,902.0,
6209,4,H8,Tornada,16,Sant Antoni Maria Claret - Rambla Volart,859,14:47:35,47.58,6.05,363.0,
6408,4,H8,Tornada,16,Sant Antoni Maria Claret - Rambla Volart,859,14:58:11,58.18,10.6166666666,637.0,
6215,4,H8,Tornada,16,Sant Antoni Maria Claret - Rambla Volart,859,15:16:33,16.55,18.366666666666667,1102.0,
6409,5,H8,Tornada,16,Sant Antoni Maria Claret - Rambla Volart,859,15:19:42,19.7,3.1333333334,188.0,
6056,4,H8,Tornada,16,Sant Antoni Maria Claret - Rambla Volart,859,15:29:52,29.87,10.166666666666666,610.0,
6411,5,H8,Tornada,16,Sant Antoni Maria Claret - Rambla Volart,859,15:43:18,43.3,13.449999999933334,807.0,
6055,4,H8,Tornada,16,Sant Antoni Maria Claret - Rambla Volart,859,15:50:58,50.97,7.650000000033333,459.0,
6015,1,H8,Tornada,16,Sant Antoni Maria Claret - Rambla Volart,859,16:03:40,3.67,12.700000000033333,762.0,
6414,4,H8,Tornada,16,Sant Antoni Maria Claret - Rambla Volart,859,16:08:13,8.22,4.549999999966667,273.0,
6800,4,H8,Tornada,16,Sant Antoni Maria Claret - Rambla Volart,859,16:15:08,15.13,6.916666666699999,415.0,
6213,5,H8,Tornada,16,Sant Antoni Maria Claret - Rambla Volart,859,16:23:17,23.28,8.1666666666,490.0,
6407,4,H8,Tornada,16,Sant Antoni Maria Claret - Rambla Volart,859,16:34:56,34.93,11.65,699.0,
6211,5,H8,Tornada,16,Sant Antoni Maria Claret - Rambla Volart,859,16:45:13,45.22,10.266666666733332,616.0,
6212,5,H8,Tornada,16,Sant Antoni Maria Claret - Rambla Volart,859,16:56:06,56.1,10.899999999916668,654.0,
6036,1,H8,Tornada,16,Sant Antoni Maria Claret - Rambla Volart,859,17:00:43,0.72,4.616666666683333,277.0,
6216,5,H8,Tornada,16,Sant Antoni Maria Claret - Rambla Volart,859,17:11:00,11.0,10.266666666699999,616.0,
6413,5,H8,Tornada,16,Sant Antoni Maria Claret - Rambla Volart,859,17:21:04,21.07,10.066666666666666,604.0,
6217,5,H8,Tornada,16,Sant Antoni Maria Claret - Rambla Volart,859,17:22:04,22.07,1.0166666666333333,61.0,
6415,5,H8,Tornada,16,Sant Antoni Maria Claret - Rambla Volart,859,17:33:01,33.02,10.933333333366667,656.0,
6209,5,H8,Tornada,16,Sant Antoni Maria Claret - Rambla Volart,859,17:49:02,49.03,16.0333333333,962.0,"1,2"
6200,2,H8,Tornada,16,Sant Antoni Maria Claret - Rambla Volart,859,18:07:28,7.47,18.433333333333334,1106.0,
6409,6,H8,Tornada,16,Sant Antoni Maria Claret - Rambla Volart,859,18:19:07,19.12,11.4333333333,686.0,"1,2"
6056,5,H8,Tornada,16,Sant Antoni Maria Claret - Rambla Volart,859,18:29:46,29.77,10.65,639.0,
6411,6,H8,Tornada,16,Sant Antoni Maria Claret - Rambla Volart,859,18:38:53,38.88,9.100000000066666,546.0,
6414,5,H8,Tornada,16,Sant Antoni Maria Claret - Rambla Volart,859,18:58:47,58.78,19.899999999966667,1194.0,12
6015,2,H8,Tornada,16,Sant Antoni Maria Claret - Rambla Volart,859,19:03:25,3.42,4.649999999966667,279.0,"9,10,11,12,24,25,26,27,28,29,30,31,32,33,34,35,36,37,38"
6800,5,H8,Tornada,16,Sant Antoni Maria Claret - Rambla Volart,859,19:05:31,5.52,2.0833333334,125.0,"1,2"
6213,6,H8,Tornada,16,Sant Antoni Maria Claret - Rambla Volart,859,19:16:53,16.88,11.366666666633334,682.0,
6407,5,H8,Tornada,16,Sant Antoni Maria Claret - Rambla Volart,859,19:27:01,27.02,10.149999999966667,609.0,
6036,2,H8,Tornada,16,Sant Antoni Maria Claret - Rambla Volart,859,19:45:48,45.8,18.783333333333335,1127.0,
6216,6,H8,Tornada,16,Sant Antoni Maria Claret - Rambla Volart,859,20:02:29,2.48,16.66666666673333,1000.0,"25,26,27,28,29,30,31,32,33,34,35,36,37,38"
6413,6,H8,Tornada,16,Sant Antoni Maria Claret - Rambla Volart,859,20:05:21,5.35,2.883333333266667,173.0,
6415,6,H8,Tornada,16,Sant Antoni Maria Claret - Rambla Volart,859,20:10:07,10.12,4.750000000066667,285.0,37
6200,3,H8,Tornada,16,Sant Antoni Maria Claret - Rambla Volart,859,20:23:57,23.95,13.849999999933335,831.0,
6408,7,H8,Tornada,16,Sant Antoni Maria Claret - Rambla Volart,859,20:38:57,38.95,14.983333333366666,899.0,
6409,7,H8,Tornada,16,Sant Antoni Maria Claret - Rambla Volart,859,20:52:14,52.23,13.283333333333333,797.0,
6411,7,H8,Tornada,16,Sant Antoni Maria Claret - Rambla Volart,859,21:11:06,11.1,18.8666666667,1132.0,11
6414,6,H8,Tornada,16,Sant Antoni Maria Claret - Rambla Volart,859,21:32:31,32.52,21.416666666633333,1285.0,
6213,7,H8,Tornada,16,Sant Antoni Maria Claret - Rambla Volart,859,21:51:49,51.82,19.300000000033332,1158.0,21
6409,1,H8,Tornada,17,Sant Antoni Maria Claret - Independència,233,03:41:49,41.82,,,"1,2,3,4,5,6,7,8,9,10,11,12,13,23"
6411,1,H8,Tornada,17,Sant Antoni Maria Claret - Independència,233,03:57:13,57.22,15.4,924.0,1
6117,1,H8,Tornada,17,Sant Antoni Maria Claret - Independència,233,04:13:24,13.4,16.183333333366665,971.0,3
6213,1,H8,Tornada,17,Sant Antoni Maria Claret - Independència,233,04:27:12,27.2,13.816666666600002,829.0,
6211,1,H8,Tornada,17,Sant Antoni Maria Claret - Independència,233,04:49:32,49.53,22.316666666699998,1339.0,
6212,1,H8,Tornada,17,Sant Antoni Maria Claret - Independència,233,04:56:30,56.5,6.9833333333,419.0,
6216,1,H8,Tornada,17,Sant Antoni Maria Claret - Independència,233,05:15:24,15.4,18.883333333366668,1133.0,"1,2"
6413,1,H8,Tornada,17,Sant Antoni Maria Claret - Independència,233,05:21:25,21.42,6.016666666666667,361.0,
6217,1,H8,Tornada,17,Sant Antoni Maria Claret - Independència,233,05:25:14,25.23,3.816666666666667,229.0,
6415,1,H8,Tornada,17,Sant Antoni Maria Claret - Independència,233,05:32:13,32.22,6.999999999966667,420.0,
6026,1,H8,Tornada,17,Sant Antoni Maria Claret - Independència,233,05:40:17,40.28,8.050000000033332,483.0,
6209,1,H8,Tornada,17,Sant Antoni Maria Claret - Independència,233,05:49:41,49.68,9.416666666633335,565.0,
6022,1,H8,Tornada,17,Sant Antoni Maria Claret - Independència,233,05:59:25,59.42,9.733333333333333,584.0,"5,8"
6408,1,H8,Tornada,17,Sant Antoni Maria Claret - Independència,233,06:10:44,10.73,11.300000000033332,678.0,
6215,1,H8,Tornada,17,Sant Antoni Maria Claret - Independència,233,06:17:18,17.3,6.5666666667,394.0,
6409,2,H8,Tornada,17,Sant Antoni Maria Claret - Independència,233,06:25:30,25.5,8.2166666666,493.0,
6056,1,H8,Tornada,17,Sant Antoni Maria Claret - Independència,233,06:34:12,34.2,8.683333333399998,521.0,"13,14"
6411,2,H8,Tornada,17,Sant Antoni Maria Claret - Independència,233,06:43:24,43.4,9.2166666666,553.0,
6055,1,H8,Tornada,17,Sant Antoni Maria Claret - Independència,233,06:50:56,50.93,7.5166666667,451.0,
6414,1,H8,Tornada,17,Sant Antoni Maria Claret - Independència,233,07:01:31,1.52,10.583333333366665,635.0,
6117,2,H8,Tornada,17,Sant Antoni Maria Claret - Independència,233,07:08:49,8.82,7.3166666666,439.0,
6800,1,H8,Tornada,17,Sant Antoni Maria Claret - Independència,233,07:17:45,17.75,8.916666666733333,535.0,
6213,2,H8,Tornada,17,Sant Antoni Maria Claret - Independència,233,07:22:24,22.4,4.666666666599999,280.0,
6407,1,H8,Tornada,17,Sant Antoni Maria Claret - Independència,233,07:35:08,35.13,12.7166666667,763.0,
6211,2,H8,Tornada,17,Sant Antoni Maria Claret - Independència,233,07:44:03,44.05,8.9166666667,535.0,
6212,2,H8,Tornada,17,Sant Antoni Maria Claret - Independència,233,07:53:56,53.93,9.8833333333,593.0,
6216,2,H8,Tornada,17,Sant Antoni Maria Claret - Independència,233,08:03:48,3.8,9.8666666667,592.0,
6413,2,H8,Tornada,17,Sant Antoni Maria Claret - Independència,233,08:15:35,15.58,11.783333333333333,707.0,
6217,2,H8,Tornada,17,Sant Antoni Maria Claret - Independència,233,08:21:42,21.7,6.116666666633334,367.0,
6415,2,H8,Tornada,17,Sant Antoni Maria Claret - Independència,233,08:29:19,29.32,7.6166666667,457.0,"3,4,5,6"
6026,2,H8,Tornada,17,Sant Antoni Maria Claret - Independència,233,08:39:24,39.4,10.099999999933335,606.0,
6209,2,H8,Tornada,17,Sant Antoni Maria Claret - Independència,233,08:45:56,45.93,6.516666666733333,391.0,"5,6"
6022,2,H8,Tornada,17,Sant Antoni Maria Claret - Independència,233,08:54:42,54.7,8.766666666633334,526.0,3
6408,2,H8,Tornada,17,Sant Antoni Maria Claret - Independència,233,09:05:57,5.95,11.25,675.0,
6215,2,H8,Tornada,17,Sant Antoni Maria Claret - Independència,233,09:13:34,13.57,7.6166666667,457.0,
6409,3,H8,Tornada,17,Sant Antoni Maria Claret - Independència,233,09:27:18,27.3,13.749999999933333,825.0,
6056,2,H8,Tornada,17,Sant Antoni Maria Claret - Independència,233,09:32:46,32.77,5.450000000033333,327.0,
6411,3,H8,Tornada,17,Sant Antoni Maria Claret - Independència,233,09:44:12,44.2,11.449999999966668,687.0,
6055,2,H8,Tornada,17,Sant Antoni Maria Claret - Independència,233,09:52:39,52.65,8.433333333366667,506.0,
6414,2,H8,Tornada,17,Sant Antoni Maria Claret - Independència,233,10:03:11,3.18,10.533333333366667,632.0,
6800,2,H8,Tornada,17,Sant Antoni Maria Claret - Independència,233,10:12:41,12.68,9.499999999966667,570.0,
6213,3,H8,Tornada,17,Sant Antoni Maria Claret - Independència,233,10:20:02,20.03,7.35,441.0,
6407,2,H8,Tornada,17,Sant Antoni Maria Claret - Independència,233,10:32:02,32.03,12.000000000033333,720.0,
6211,3,H8,Tornada,17,Sant Antoni Maria Claret - Independència,233,10:46:17,46.28,14.25,855.0,
6212,3,H8,Tornada,17,Sant Antoni Maria Claret - Independència,233,10:58:41,58.68,12.399999999966667,744.0,
6216,3,H8,Tornada,17,Sant Antoni Maria Claret - Independència,233,11:07:04,7.07,8.383333333366666,503.0,
6413,3,H8,Tornada,17,Sant Antoni Maria Claret - Independència,233,11:19:17,19.28,12.216666666666667,733.0,
6217,3,H8,Tornada,17,Sant Antoni Maria Claret - Independència,233,11:27:58,27.97,8.699999999916667,522.0,
6415,3,H8,Tornada,17,Sant Antoni Maria Claret - Independència,233,11:38:23,38.38,10.40000000005,624.0,
6026,3,H8,Tornada,17,Sant Antoni Maria Claret - Independència,233,11:44:09,44.15,5.783333333300001,347.0,
6209,3,H8,Tornada,17,Sant Antoni Maria Claret - Independència,233,11:54:04,54.07,9.900000000066665,594.0,
6408,3,H8,Tornada,17,Sant Antoni Maria Claret - Independència,233,12:01:58,1.97,7.899999999966667,474.0,
6215,3,H8,Tornada,17,Sant Antoni Maria Claret - Independència,233,12:14:23,14.38,12.4333333333,746.0,
6409,4,H8,Tornada,17,Sant Antoni Maria Claret - Independència,233,12:24:26,24.43,10.033333333366667,602.0,5
6056,3,H8,Tornada,17,Sant Antoni Maria Claret - Independència,233,12:31:34,31.57,7.133333333333334,428.0,
6411,4,H8,Tornada,17,Sant Antoni Maria Claret - Independència,233,12:48:34,48.57,17.00000000003333,1020.0,
6055,3,H8,Tornada,17,Sant Antoni Maria Claret - Independència,233,12:53:19,53.32,4.75,285.0,
6414,3,H8,Tornada,17,Sant Antoni Maria Claret - Independència,233,13:05:42,5.7,12.399999999933334,744.0,
6800,3,H8,Tornada,17,Sant Antoni Maria Claret - Independència,233,13:12:58,12.97,7.266666666666667,436.0,
6213,4,H8,Tornada,17,Sant Antoni Maria Claret - Independència,233,13:22:11,22.18,9.200000000033333,552.0,3
6407,3,H8,Tornada,17,Sant Antoni Maria Claret - Independència,233,13:32:52,32.87,10.683333333333334,641.0,
6211,4,H8,Tornada,17,Sant Antoni Maria Claret - Independència,233,13:44:48,44.8,11.949999999966668,717.0,
6212,4,H8,Tornada,17,Sant Antoni Maria Claret - Independència,233,13:50:29,50.48,5.666666666699999,340.0,
6216,4,H8,Tornada,17,Sant Antoni Maria Claret - Independència,233,14:01:10,1.17,10.683333333366667,641.0,
6413,4,H8,Tornada,17,Sant Antoni Maria Claret - Independència,233,14:09:12,9.2,8.049999999933332,483.0,
6217,4,H8,Tornada,17,Sant Antoni Maria Claret - Independència,233,14:20:50,20.83,11.633333333333333,698.0,
6415,4,H8,Tornada,17,Sant Antoni Maria Claret - Independència,233,14:27:46,27.77,6.933333333333334,416.0,
6200,1,H8,Tornada,17,Sant Antoni Maria Claret - Independència,233,14:43:25,43.42,15.6333333334,938.0,
6209,4,H8,Tornada,17,Sant Antoni Maria Claret - Independència,233,14:48:34,48.57,5.15,309.0,
6408,4,H8,Tornada,17,Sant Antoni Maria Claret - Independència,233,14:59:48,59.8,11.233333333333333,674.0,
6215,4,H8,Tornada,17,Sant Antoni Maria Claret - Independència,233,15:18:25,18.42,18.633333333266666,1118.0,
6409,5,H8,Tornada,17,Sant Antoni Maria Claret - Independència,233,15:21:08,21.13,2.7000000000333335,162.0,
6056,4,H8,Tornada,17,Sant Antoni Maria Claret - Independència,233,15:30:51,30.85,9.733333333300001,584.0,
6411,5,H8,Tornada,17,Sant Antoni Maria Claret - Independència,233,15:44:40,44.67,13.800000000066666,828.0,
6055,4,H8,Tornada,17,Sant Antoni Maria Claret - Independència,233,15:52:00,52.0,7.349999999933333,441.0,
6015,1,H8,Tornada,17,Sant Antoni Maria Claret - Independència,233,16:05:45,5.75,13.75,825.0,
6414,4,H8,Tornada,17,Sant Antoni Maria Claret - Independència,233,16:09:25,9.42,3.6666666666666665,220.0,
6800,4,H8,Tornada,17,Sant Antoni Maria Claret - Independència,233,16:16:57,16.95,7.533333333333333,452.0,
6213,5,H8,Tornada,17,Sant Antoni Maria Claret - Independència,233,16:24:17,24.28,7.333333333333333,440.0,
6407,4,H8,Tornada,17,Sant Antoni Maria Claret - Independència,233,16:36:09,36.15,11.850000000066666,711.0,
6211,5,H8,Tornada,17,Sant Antoni Maria Claret - Independència,233,16:46:42,46.7,10.55,633.0,
6212,5,H8,Tornada,17,Sant Antoni Maria Claret - Independència,233,16:57:41,57.68,10.983333333333333,659.0,
6036,1,H8,Tornada,17,Sant Antoni Maria Claret - Independència,233,17:02:17,2.28,4.6,276.0,
6216,5,H8,Tornada,17,Sant Antoni Maria Claret - Independència,233,17:12:13,12.22,9.9333333333,596.0,
6413,5,H8,Tornada,17,Sant Antoni Maria Claret - Independència,233,17:22:50,22.83,10.6166666667,637.0,
6217,5,H8,Tornada,17,Sant Antoni Maria Claret - Independència,233,17:24:45,24.75,1.9166666666666667,115.0,
6415,5,H8,Tornada,17,Sant Antoni Maria Claret - Independència,233,17:34:13,34.22,9.466666666633333,568.0,
6209,5,H8,Tornada,17,Sant Antoni Maria Claret - Independència,233,17:50:17,50.28,16.066666666699998,964.0,"1,2"
6026,5,H8,Tornada,17,Sant Antoni Maria Claret - Independència,233,18:08:45,8.75,18.466666666633333,1108.0,"34,35,36,37,38"
6409,6,H8,Tornada,17,Sant Antoni Maria Claret - Independència,233,18:20:43,20.72,11.833333333399999,710.0,"1,2"
6056,5,H8,Tornada,17,Sant Antoni Maria Claret - Independència,233,18:31:25,31.42,10.7,642.0,
6411,6,H8,Tornada,17,Sant Antoni Maria Claret - Independència,233,18:40:07,40.12,8.7166666666,523.0,
6414,5,H8,Tornada,17,Sant Antoni Maria Claret - Independència,233,18:59:56,59.93,19.800000000033332,1188.0,12
6015,2,H8,Tornada,17,Sant Antoni Maria Claret - Independència,233,19:04:43,4.72,4.799999999966667,288.0,"9,10,11,12,24,25,26,27,28,29,30,31,32,33,34,35,36,37,38"
6213,6,H8,Tornada,17,Sant Antoni Maria Claret - Independència,233,19:18:14,18.23,12.55,753.0,
6407,5,H8,Tornada,17,Sant Antoni Maria Claret - Independència,233,19:28:46,28.77,10.549999999933334,633.0,
6036,2,H8,Tornada,17,Sant Antoni Maria Claret - Independència,233,19:46:53,46.88,18.116666666666667,1087.0,
6216,6,H8,Tornada,17,Sant Antoni Maria Claret - Independència,233,20:03:38,3.63,16.7333333334,1004.0,"25,26,27,28,29,30,31,32,33,34,35,36,37,38"
6413,6,H8,Tornada,17,Sant Antoni Maria Claret - Independència,233,20:06:44,6.73,3.1166666666,187.0,
6415,6,H8,Tornada,17,Sant Antoni Maria Claret - Independència,233,20:10:51,10.85,4.100000000033334,246.0,37
6200,3,H8,Tornada,17,Sant Antoni Maria Claret - Independència,233,20:24:55,24.92,14.0833333333,845.0,
6408,7,H8,Tornada,17,Sant Antoni Maria Claret - Independència,233,20:40:12,40.2,15.283333333333333,917.0,
6409,7,H8,Tornada,17,Sant Antoni Maria Claret - Independència,233,20:53:34,53.57,13.366666666666667,802.0,
6411,7,H8,Tornada,17,Sant Antoni Maria Claret - Independència,233,21:13:31,13.52,19.933333333366665,1196.0,11
6414,6,H8,Tornada,17,Sant Antoni Maria Claret - Independència,233,21:34:17,34.28,20.766666666666666,1246.0,
6213,7,H8,Tornada,17,Sant Antoni Maria Claret - Independència,233,21:53:53,53.88,19.600000000033333,1176.0,21
6409,1,H8,Tornada,18,Av Gaudí - Castillejos,243,03:43:55,43.92,,,"1,2,3,4,5,6,7,8,9,10,11,12,13,23"
6411,1,H8,Tornada,18,Av Gaudí - Castillejos,243,03:59:50,59.83,15.900000000066665,954.0,1
6117,1,H8,Tornada,18,Av Gaudí - Castillejos,243,04:15:25,15.42,15.5833333333,935.0,3
6213,1,H8,Tornada,18,Av Gaudí - Castillejos,243,04:29:57,29.95,14.549999999966667,873.0,
6211,1,H8,Tornada,18,Av Gaudí - Castillejos,243,04:51:47,51.78,21.816666666699998,1309.0,
6212,1,H8,Tornada,18,Av Gaudí - Castillejos,243,04:58:33,58.55,6.7666666667,406.0,
6216,1,H8,Tornada,18,Av Gaudí - Castillejos,243,05:16:07,16.12,17.566666666633335,1054.0,"1,2"
6413,1,H8,Tornada,18,Av Gaudí - Castillejos,243,05:22:10,22.17,6.066666666633334,364.0,
6217,1,H8,Tornada,18,Av Gaudí - Castillejos,243,05:27:17,27.28,5.116666666666666,307.0,
6415,1,H8,Tornada,18,Av Gaudí - Castillejos,243,05:33:44,33.73,6.45,387.0,
6026,1,H8,Tornada,18,Av Gaudí - Castillejos,243,05:41:51,41.85,8.100000000033333,486.0,
6209,1,H8,Tornada,18,Av Gaudí - Castillejos,243,05:50:59,50.98,9.149999999966667,549.0,
6022,1,H8,Tornada,18,Av Gaudí - Castillejos,243,06:01:02,1.03,10.033333333366667,602.0,"5,8"
6408,1,H8,Tornada,18,Av Gaudí - Castillejos,243,06:12:49,12.82,11.783333333366667,707.0,
6215,1,H8,Tornada,18,Av Gaudí - Castillejos,243,06:19:10,19.17,6.3666666666,382.0,
6409,2,H8,Tornada,18,Av Gaudí - Castillejos,243,06:28:18,28.3,9.133333333333333,548.0,
6056,1,H8,Tornada,18,Av Gaudí - Castillejos,243,06:37:04,37.07,8.766666666666667,526.0,"13,14"
6411,2,H8,Tornada,18,Av Gaudí - Castillejos,243,06:45:46,45.77,8.683333333399998,521.0,
6055,1,H8,Tornada,18,Av Gaudí - Castillejos,243,06:53:20,53.33,7.566666666666666,454.0,
6414,1,H8,Tornada,18,Av Gaudí - Castillejos,243,07:03:25,3.42,10.0833333333,605.0,
6117,2,H8,Tornada,18,Av Gaudí - Castillejos,243,07:10:22,10.37,6.9666666666333334,418.0,
6800,1,H8,Tornada,18,Av Gaudí - Castillejos,243,07:20:22,20.37,10.0,600.0,
6213,2,H8,Tornada,18,Av Gaudí - Castillejos,243,07:25:20,25.33,4.966666666666667,298.0,
6407,1,H8,Tornada,18,Av Gaudí - Castillejos,243,07:36:52,36.87,11.516666666733332,691.0,
6211,2,H8,Tornada,18,Av Gaudí - Castillejos,243,07:45:56,45.93,9.066666666666666,544.0,
6212,2,H8,Tornada,18,Av Gaudí - Castillejos,243,07:55:41,55.68,9.7666666666,586.0,
6216,2,H8,Tornada,18,Av Gaudí - Castillejos,243,08:05:25,5.42,9.733333333333333,584.0,
6413,2,H8,Tornada,18,Av Gaudí - Castillejos,243,08:17:23,17.38,11.950000000066666,717.0,
6217,2,H8,Tornada,18,Av Gaudí - Castillejos,243,08:23:15,23.25,5.866666666633334,352.0,
6415,2,H8,Tornada,18,Av Gaudí - Castillejos,243,08:31:36,31.6,8.350000000033333,501.0,"3,4,5,6"
6026,2,H8,Tornada,18,Av Gaudí - Castillejos,243,08:41:19,41.32,9.716666666633333,583.0,
6209,2,H8,Tornada,18,Av Gaudí - Castillejos,243,08:47:51,47.85,6.549999999966667,393.0,"5,6"
6022,2,H8,Tornada,18,Av Gaudí - Castillejos,243,08:56:31,56.52,8.650000000033334,519.0,3
6408,2,H8,Tornada,18,Av Gaudí - Castillejos,243,09:07:44,7.73,11.233333333300001,674.0,
6215,2,H8,Tornada,18,Av Gaudí - Castillejos,243,09:15:39,15.65,7.916666666666667,475.0,
6409,3,H8,Tornada,18,Av Gaudí - Castillejos,243,09:29:04,29.07,13.400000000033334,804.0,
6056,2,H8,Tornada,18,Av Gaudí - Castillejos,243,09:35:36,35.6,6.5333333333666666,392.0,
6411,3,H8,Tornada,18,Av Gaudí - Castillejos,243,09:46:42,46.7,11.1166666666,667.0,
6055,2,H8,Tornada,18,Av Gaudí - Castillejos,243,09:54:13,54.22,7.516666666666667,451.0,
6414,2,H8,Tornada,18,Av Gaudí - Castillejos,243,10:05:30,5.5,11.283333333333333,677.0,
6800,2,H8,Tornada,18,Av Gaudí - Castillejos,243,10:13:43,13.72,8.216666666666667,493.0,
6213,3,H8,Tornada,18,Av Gaudí - Castillejos,243,10:21:35,21.58,7.866666666666666,472.0,
6407,2,H8,Tornada,18,Av Gaudí - Castillejos,243,10:34:29,34.48,12.883333333366666,773.0,
6211,3,H8,Tornada,18,Av Gaudí - Castillejos,243,10:47:54,47.9,13.4166666667,805.0,
6212,3,H8,Tornada,18,Av Gaudí - Castillejos,243,10:59:33,59.55,11.666666666600001,700.0,
6216,3,H8,Tornada,18,Av Gaudí - Castillejos,243,11:08:48,8.8,9.233333333366666,554.0,
6413,3,H8,Tornada,18,Av Gaudí - Castillejos,243,11:20:22,20.37,11.566666666666666,694.0,
6217,3,H8,Tornada,18,Av Gaudí - Castillejos,243,11:29:46,29.77,9.4,564.0,
6415,3,H8,Tornada,18,Av Gaudí - Castillejos,243,11:40:42,40.7,10.933333333366667,656.0,
6026,3,H8,Tornada,18,Av Gaudí - Castillejos,243,11:44:39,44.65,3.9499999999833335,237.0,
6209,3,H8,Tornada,18,Av Gaudí - Castillejos,243,11:55:42,55.7,11.066666666616667,664.0,
6408,3,H8,Tornada,18,Av Gaudí - Castillejos,243,12:04:26,4.43,8.7166666667,523.0,
6215,3,H8,Tornada,18,Av Gaudí - Castillejos,243,12:16:06,16.1,11.6833333333,701.0,
6409,4,H8,Tornada,18,Av Gaudí - Castillejos,243,12:25:36,25.6,9.5,570.0,5
6056,3,H8,Tornada,18,Av Gaudí - Castillejos,243,12:33:51,33.85,8.233333333366666,494.0,
6411,4,H8,Tornada,18,Av Gaudí - Castillejos,243,12:50:36,50.6,16.75,1005.0,
6055,3,H8,Tornada,18,Av Gaudí - Castillejos,243,12:54:55,54.92,4.316666666666666,259.0,
6414,3,H8,Tornada,18,Av Gaudí - Castillejos,243,13:07:43,7.72,12.800000000016666,768.0,
6800,3,H8,Tornada,18,Av Gaudí - Castillejos,243,13:14:47,14.78,7.06666666665,424.0,
6213,4,H8,Tornada,18,Av Gaudí - Castillejos,243,13:23:51,23.85,9.0666666667,544.0,3
6407,3,H8,Tornada,18,Av Gaudí - Castillejos,243,13:34:50,34.83,10.983333333333333,659.0,
6211,4,H8,Tornada,18,Av Gaudí - Castillejos,243,13:46:37,46.62,11.783333333333333,707.0,
6212,4,H8,Tornada,18,Av Gaudí - Castillejos,243,13:52:35,52.58,5.983333333266667,359.0,
6216,4,H8,Tornada,18,Av Gaudí - Castillejos,243,14:03:45,3.75,11.150000000033334,669.0,
6413,4,H8,Tornada,18,Av Gaudí - Castillejos,243,14:11:23,11.38,7.633333333366666,458.0,
6217,4,H8,Tornada,18,Av Gaudí - Castillejos,243,14:21:51,21.85,10.483333333266668,629.0,
6415,4,H8,Tornada,18,Av Gaudí - Castillejos,243,14:28:50,28.83,6.9666666667333335,418.0,
6200,1,H8,Tornada,18,Av Gaudí - Castillejos,243,14:45:33,45.55,16.733333333266668,1004.0,
6209,4,H8,Tornada,18,Av Gaudí - Castillejos,243,14:49:55,49.92,4.350000000033333,261.0,
6408,4,H8,Tornada,18,Av Gaudí - Castillejos,243,15:02:58,2.97,13.066666666633333,784.0,
6215,4,H8,Tornada,18,Av Gaudí - Castillejos,243,15:21:00,21.0,18.016666666733332,1081.0,
6056,4,H8,Tornada,18,Av Gaudí - Castillejos,243,15:33:14,33.23,11.516666666666667,691.0,
6411,5,H8,Tornada,18,Av Gaudí - Castillejos,243,15:46:40,46.67,13.433333333333334,806.0,
6055,4,H8,Tornada,18,Av Gaudí - Castillejos,243,15:53:50,53.83,7.16666666665,430.0,
6015,1,H8,Tornada,18,Av Gaudí - Castillejos,243,16:07:47,7.78,13.966666666616668,838.0,
6414,4,H8,Tornada,18,Av Gaudí - Castillejos,243,16:10:58,10.97,3.183333333333333,191.0,
6800,4,H8,Tornada,18,Av Gaudí - Castillejos,243,16:18:01,18.02,7.05,423.0,
6213,5,H8,Tornada,18,Av Gaudí - Castillejos,243,16:25:56,25.93,7.900000000066667,474.0,
6407,4,H8,Tornada,18,Av Gaudí - Castillejos,243,16:38:11,38.18,12.25,735.0,
6211,5,H8,Tornada,18,Av Gaudí - Castillejos,243,16:48:48,48.8,10.616666666666667,637.0,
6212,5,H8,Tornada,18,Av Gaudí - Castillejos,243,16:59:58,59.97,11.166666666633335,670.0,
6036,1,H8,Tornada,18,Av Gaudí - Castillejos,243,17:04:01,4.02,4.05,243.0,
6216,5,H8,Tornada,18,Av Gaudí - Castillejos,243,17:13:45,13.75,9.749999999966667,585.0,
6413,5,H8,Tornada,18,Av Gaudí - Castillejos,243,17:25:00,25.0,11.2333333334,674.0,
6217,5,H8,Tornada,18,Av Gaudí - Castillejos,243,17:26:44,26.73,1.7333333333333334,104.0,
6415,5,H8,Tornada,18,Av Gaudí - Castillejos,243,17:35:51,35.85,9.116666666666667,547.0,
6209,5,H8,Tornada,18,Av Gaudí - Castillejos,243,17:51:47,51.78,15.933333333333334,956.0,"1,2"
6200,2,H8,Tornada,18,Av Gaudí - Castillejos,243,18:10:43,10.72,18.933333333333334,1136.0,
6409,6,H8,Tornada,18,Av Gaudí - Castillejos,243,18:23:06,23.1,12.299999999933334,738.0,"1,2"
6056,5,H8,Tornada,18,Av Gaudí - Castillejos,243,18:33:11,33.18,10.083333333333334,605.0,
6411,6,H8,Tornada,18,Av Gaudí - Castillejos,243,18:41:45,41.75,8.550000000066666,513.0,
6414,5,H8,Tornada,18,Av Gaudí - Castillejos,243,19:01:19,1.32,19.566666666666666,1174.0,12
6015,2,H8,Tornada,18,Av Gaudí - Castillejos,243,19:06:39,6.65,5.333333333300001,320.0,"9,10,11,12,24,25,26,27,28,29,30,31,32,33,34,35,36,37,38"
6800,5,H8,Tornada,18,Av Gaudí - Castillejos,243,19:07:47,7.78,1.1333333333666666,68.0,"1,2"
6213,6,H8,Tornada,18,Av Gaudí - Castillejos,243,19:19:56,19.93,12.149999999966667,729.0,
6407,5,H8,Tornada,18,Av Gaudí - Castillejos,243,19:29:45,29.75,9.816666666666666,589.0,
6036,2,H8,Tornada,18,Av Gaudí - Castillejos,243,19:48:33,48.55,18.816666666633335,1129.0,
6216,6,H8,Tornada,18,Av Gaudí - Castillejos,243,20:04:59,4.98,16.41666666673333,985.0,"25,26,27,28,29,30,31,32,33,34,35,36,37,38"
6413,6,H8,Tornada,18,Av Gaudí - Castillejos,243,20:08:05,8.08,3.1166666666,187.0,
6415,6,H8,Tornada,18,Av Gaudí - Castillejos,243,20:12:41,12.68,4.583333333400001,275.0,37
6200,3,H8,Tornada,18,Av Gaudí - Castillejos,243,20:26:12,26.2,13.533333333266667,812.0,
6408,7,H8,Tornada,18,Av Gaudí - Castillejos,243,20:41:47,41.78,15.566666666733333,934.0,
6409,7,H8,Tornada,18,Av Gaudí - Castillejos,243,20:54:56,54.93,13.149999999966667,789.0,
6411,7,H8,Tornada,18,Av Gaudí - Castillejos,243,21:15:47,15.78,20.866666666633332,1252.0,11
6414,6,H8,Tornada,18,Av Gaudí - Castillejos,243,21:36:20,36.33,20.550000000016666,1233.0,
6213,7,H8,Tornada,18,Av Gaudí - Castillejos,243,21:54:54,54.9,18.550000000016666,1113.0,21
6409,1,H8,Tornada,19,Sant Antoni Maria Claret - Lepant,783,03:45:47,45.78,,,"1,2,3,4,5,6,7,8,9,10,11,12,13,23"
6411,1,H8,Tornada,19,Sant Antoni Maria Claret - Lepant,783,04:01:35,1.58,15.800000000016666,948.0,1
6117,1,H8,Tornada,19,Sant Antoni Maria Claret - Lepant,783,04:17:02,17.03,15.433333333383333,926.0,3
6213,1,H8,Tornada,19,Sant Antoni Maria Claret - Lepant,783,04:31:11,31.18,14.149999999966667,849.0,
6211,1,H8,Tornada,19,Sant Antoni Maria Claret - Lepant,783,04:53:35,53.58,22.416666666633333,1345.0,
6212,1,H8,Tornada,19,Sant Antoni Maria Claret - Lepant,783,05:00:27,0.45,6.866666666666666,412.0,
6216,1,H8,Tornada,19,Sant Antoni Maria Claret - Lepant,783,05:17:19,17.32,16.850000000033333,1011.0,"1,2"
6413,1,H8,Tornada,19,Sant Antoni Maria Claret - Lepant,783,05:23:35,23.58,6.283333333300001,377.0,
6217,1,H8,Tornada,19,Sant Antoni Maria Claret - Lepant,783,05:28:08,28.13,4.5333333334,272.0,
6415,1,H8,Tornada,19,Sant Antoni Maria Claret - Lepant,783,05:35:49,35.82,7.6833333333,461.0,
6026,1,H8,Tornada,19,Sant Antoni Maria Claret - Lepant,783,05:43:13,43.22,7.416666666633334,445.0,
6209,1,H8,Tornada,19,Sant Antoni Maria Claret - Lepant,783,05:52:27,52.45,9.233333333333333,554.0,
6022,1,H8,Tornada,19,Sant Antoni Maria Claret - Lepant,783,06:03:32,3.53,11.0666666667,664.0,"5,8"
6408,1,H8,Tornada,19,Sant Antoni Maria Claret - Lepant,783,06:15:30,15.5,11.966666666666667,718.0,
6215,1,H8,Tornada,19,Sant Antoni Maria Claret - Lepant,783,06:21:17,21.28,5.799999999966667,348.0,
6409,2,H8,Tornada,19,Sant Antoni Maria Claret - Lepant,783,06:30:57,30.95,9.650000000033334,579.0,
6056,1,H8,Tornada,19,Sant Antoni Maria Claret - Lepant,783,06:38:58,38.97,8.016666666666667,481.0,"13,14"
6411,2,H8,Tornada,19,Sant Antoni Maria Claret - Lepant,783,06:47:23,47.38,8.4333333333,506.0,
6055,1,H8,Tornada,19,Sant Antoni Maria Claret - Lepant,783,06:54:56,54.93,7.5333333334,452.0,
6414,1,H8,Tornada,19,Sant Antoni Maria Claret - Lepant,783,07:05:56,5.93,11.0166666666,661.0,
6117,2,H8,Tornada,19,Sant Antoni Maria Claret - Lepant,783,07:12:46,12.77,6.816666666733334,409.0,
6800,1,H8,Tornada,19,Sant Antoni Maria Claret - Lepant,783,07:22:02,22.03,9.266666666633334,556.0,
6213,2,H8,Tornada,19,Sant Antoni Maria Claret - Lepant,783,07:26:48,26.8,4.766666666666667,286.0,
6407,1,H8,Tornada,19,Sant Antoni Maria Claret - Lepant,783,07:38:25,38.42,11.6166666667,697.0,
6211,2,H8,Tornada,19,Sant Antoni Maria Claret - Lepant,783,07:47:42,47.7,9.299999999933334,558.0,
6212,2,H8,Tornada,19,Sant Antoni Maria Claret - Lepant,783,07:58:48,58.8,11.1,666.0,
6216,2,H8,Tornada,19,Sant Antoni Maria Claret - Lepant,783,08:07:57,7.95,9.1333333334,548.0,
6413,2,H8,Tornada,19,Sant Antoni Maria Claret - Lepant,783,08:19:41,19.68,11.733333333300001,704.0,
6217,2,H8,Tornada,19,Sant Antoni Maria Claret - Lepant,783,08:24:42,24.7,5.033333333300001,302.0,
6415,2,H8,Tornada,19,Sant Antoni Maria Claret - Lepant,783,08:33:18,33.3,8.583333333399999,515.0,"3,4,5,6"
6026,2,H8,Tornada,19,Sant Antoni Maria Claret - Lepant,783,08:43:33,43.55,10.249999999966667,615.0,
6209,2,H8,Tornada,19,Sant Antoni Maria Claret - Lepant,783,08:49:07,49.12,5.566666666666666,334.0,"5,6"
6022,2,H8,Tornada,19,Sant Antoni Maria Claret - Lepant,783,08:58:31,58.52,9.416666666616667,565.0,3
6408,2,H8,Tornada,19,Sant Antoni Maria Claret - Lepant,783,09:09:55,9.92,11.383333333383332,683.0,
6215,2,H8,Tornada,19,Sant Antoni Maria Claret - Lepant,783,09:17:37,17.62,7.700000000033333,462.0,
6409,3,H8,Tornada,19,Sant Antoni Maria Claret - Lepant,783,09:30:54,30.9,13.283333333333333,797.0,
6056,2,H8,Tornada,19,Sant Antoni Maria Claret - Lepant,783,09:38:19,38.32,7.416666666666667,445.0,
6411,3,H8,Tornada,19,Sant Antoni Maria Claret - Lepant,783,09:48:25,48.42,10.099999999966666,606.0,
6055,2,H8,Tornada,19,Sant Antoni Maria Claret - Lepant,783,09:56:09,56.15,7.733333333333333,464.0,
6414,2,H8,Tornada,19,Sant Antoni Maria Claret - Lepant,783,10:07:38,7.63,11.483333333366666,689.0,
6800,2,H8,Tornada,19,Sant Antoni Maria Claret - Lepant,783,10:15:58,15.97,8.3333333333,500.0,
6213,3,H8,Tornada,19,Sant Antoni Maria Claret - Lepant,783,10:23:29,23.48,7.516666666666667,451.0,
6407,2,H8,Tornada,19,Sant Antoni Maria Claret - Lepant,783,10:35:59,35.98,12.5,750.0,
6211,3,H8,Tornada,19,Sant Antoni Maria Claret - Lepant,783,10:50:13,50.22,14.233333333333333,854.0,
6212,3,H8,Tornada,19,Sant Antoni Maria Claret - Lepant,783,11:01:27,1.45,11.233333333366666,674.0,
6216,3,H8,Tornada,19,Sant Antoni Maria Claret - Lepant,783,11:10:49,10.82,9.366666666633334,562.0,
6413,3,H8,Tornada,19,Sant Antoni Maria Claret - Lepant,783,11:21:47,21.78,10.9666666667,658.0,
TEMP_ErnestLluch_783,1,H8,Tornada,19,Sant Antoni Maria Claret - Lepant,783,11:31:30,31.5,9.733333333266668,584.0,"1,2,3,4,5,6,7,8,9,10,11,12,13,14,15,16,17,18,20,21,22,23,24,25,26,27,28,29,30,31,32,33,34,35,36,37,38"
6415,3,H8,Tornada,19,Sant Antoni Maria Claret - Lepant,783,11:42:32,42.53,11.016666666666667,661.0,
6026,3,H8,Tornada,19,Sant Antoni Maria Claret - Lepant,783,11:46:52,46.87,4.333333333333333,260.0,
6209,3,H8,Tornada,19,Sant Antoni Maria Claret - Lepant,783,11:57:50,57.83,10.9666666667,658.0,
6408,3,H8,Tornada,19,Sant Antoni Maria Claret - Lepant,783,12:07:17,7.28,9.4666666666,568.0,
6215,3,H8,Tornada,19,Sant Antoni Maria Claret - Lepant,783,12:18:15,18.25,10.966666666666667,658.0,
6409,4,H8,Tornada,19,Sant Antoni Maria Claret - Lepant,783,12:27:06,27.1,8.833333333399999,530.0,5
6056,3,H8,Tornada,19,Sant Antoni Maria Claret - Lepant,783,12:36:21,36.35,9.25,555.0,
6411,4,H8,Tornada,19,Sant Antoni Maria Claret - Lepant,783,12:52:54,52.9,16.549999999966666,993.0,
6055,3,H8,Tornada,19,Sant Antoni Maria Claret - Lepant,783,12:55:43,55.72,2.8333333332999997,170.0,
6414,3,H8,Tornada,19,Sant Antoni Maria Claret - Lepant,783,13:09:31,9.52,13.7833333334,827.0,
6800,3,H8,Tornada,19,Sant Antoni Maria Claret - Lepant,783,13:16:41,16.68,7.166666666633334,430.0,
6213,4,H8,Tornada,19,Sant Antoni Maria Claret - Lepant,783,13:25:03,25.05,8.3833333333,503.0,3
6407,3,H8,Tornada,19,Sant Antoni Maria Claret - Lepant,783,13:36:56,36.93,11.866666666733332,712.0,
6211,4,H8,Tornada,19,Sant Antoni Maria Claret - Lepant,783,13:48:26,48.43,11.5,690.0,
6212,4,H8,Tornada,19,Sant Antoni Maria Claret - Lepant,783,13:55:01,55.02,6.583333333333333,395.0,
6216,4,H8,Tornada,19,Sant Antoni Maria Claret - Lepant,783,14:05:12,5.2,10.183333333333334,611.0,
6413,4,H8,Tornada,19,Sant Antoni Maria Claret - Lepant,783,14:12:47,12.78,7.583333333333333,455.0,
6217,4,H8,Tornada,19,Sant Antoni Maria Claret - Lepant,783,14:24:52,24.87,12.0833333333,725.0,
6415,4,H8,Tornada,19,Sant Antoni Maria Claret - Lepant,783,14:31:41,31.68,6.8166666667,409.0,
6200,1,H8,Tornada,19,Sant Antoni Maria Claret - Lepant,783,14:47:49,47.82,16.1333333333,968.0,
6209,4,H8,Tornada,19,Sant Antoni Maria Claret - Lepant,783,14:53:07,53.12,5.3,318.0,
6408,4,H8,Tornada,19,Sant Antoni Maria Claret - Lepant,783,15:06:35,6.58,13.4666666667,808.0,
6215,4,H8,Tornada,19,Sant Antoni Maria Claret - Lepant,783,15:22:51,22.85,16.28333333326667,977.0,
6409,5,H8,Tornada,19,Sant Antoni Maria Claret - Lepant,783,15:24:17,24.28,1.4333333333333333,86.0,
6056,4,H8,Tornada,19,Sant Antoni Maria Claret - Lepant,783,15:34:46,34.77,10.4666666667,628.0,
6411,5,H8,Tornada,19,Sant Antoni Maria Claret - Lepant,783,15:49:02,49.03,14.2833333333,857.0,
6055,4,H8,Tornada,19,Sant Antoni Maria Claret - Lepant,783,15:54:41,54.68,5.65,339.0,
6015,1,H8,Tornada,19,Sant Antoni Maria Claret - Lepant,783,16:11:07,11.12,16.41666666673333,985.0,
6800,4,H8,Tornada,19,Sant Antoni Maria Claret - Lepant,783,16:19:44,19.73,8.0833333334,485.0,
6213,5,H8,Tornada,19,Sant Antoni Maria Claret - Lepant,783,16:26:42,26.7,6.966666666666667,418.0,
6407,4,H8,Tornada,19,Sant Antoni Maria Claret - Lepant,783,16:39:59,39.98,13.2833333333,797.0,
6211,5,H8,Tornada,19,Sant Antoni Maria Claret - Lepant,783,16:50:51,50.85,10.8666666667,652.0,
6212,5,H8,Tornada,19,Sant Antoni Maria Claret - Lepant,783,17:03:06,3.1,12.2666666666,736.0,
6036,1,H8,Tornada,19,Sant Antoni Maria Claret - Lepant,783,17:05:52,5.87,2.7500000000333333,165.0,
6216,5,H8,Tornada,19,Sant Antoni Maria Claret - Lepant,783,17:16:22,16.37,10.500000000033333,630.0,
6413,5,H8,Tornada,19,Sant Antoni Maria Claret - Lepant,783,17:26:56,26.93,10.566666666666666,634.0,
6217,5,H8,Tornada,19,Sant Antoni Maria Claret - Lepant,783,17:29:10,29.17,2.2499999999333338,135.0,
6415,5,H8,Tornada,19,Sant Antoni Maria Claret - Lepant,783,17:36:55,36.92,7.7333333334,464.0,
6209,5,H8,Tornada,19,Sant Antoni Maria Claret - Lepant,783,17:53:30,53.5,16.599999999933335,996.0,"1,2"
6200,2,H8,Tornada,19,Sant Antoni Maria Claret - Lepant,783,18:12:44,12.73,19.21666666673333,1153.0,
6215,5,H8,Tornada,19,Sant Antoni Maria Claret - Lepant,783,18:14:46,14.77,1.6666666666999999,100.0,"16,17,18"
6409,6,H8,Tornada,19,Sant Antoni Maria Claret - Lepant,783,18:24:42,24.7,9.933333333366667,596.0,"1,2"
6056,5,H8,Tornada,19,Sant Antoni Maria Claret - Lepant,783,18:34:55,34.92,10.216666666633333,613.0,
6411,6,H8,Tornada,19,Sant Antoni Maria Claret - Lepant,783,18:43:08,43.13,8.233333333300001,494.0,
6414,5,H8,Tornada,19,Sant Antoni Maria Claret - Lepant,783,19:02:43,2.72,19.583333333333332,1175.0,12
6015,2,H8,Tornada,19,Sant Antoni Maria Claret - Lepant,783,19:08:21,8.35,5.6166666667,337.0,"9,10,11,12,24,25,26,27,28,29,30,31,32,33,34,35,36,37,38"
6213,6,H8,Tornada,19,Sant Antoni Maria Claret - Lepant,783,19:20:48,20.8,12.016666666633334,721.0,
6407,5,H8,Tornada,19,Sant Antoni Maria Claret - Lepant,783,19:31:07,31.12,10.3166666667,619.0,
6036,2,H8,Tornada,19,Sant Antoni Maria Claret - Lepant,783,19:49:45,49.75,18.633333333333333,1118.0,
6216,6,H8,Tornada,19,Sant Antoni Maria Claret - Lepant,783,20:06:26,6.43,16.683333333333334,1001.0,"25,26,27,28,29,30,31,32,33,34,35,36,37,38"
6413,6,H8,Tornada,19,Sant Antoni Maria Claret - Lepant,783,20:09:25,9.42,2.9833333333333334,179.0,
6415,6,H8,Tornada,19,Sant Antoni Maria Claret - Lepant,783,20:13:53,13.88,4.483333333266667,269.0,37
6200,3,H8,Tornada,19,Sant Antoni Maria Claret - Lepant,783,20:27:16,27.27,13.366666666733332,802.0,
6408,7,H8,Tornada,19,Sant Antoni Maria Claret - Lepant,783,20:43:02,43.03,15.766666666633334,946.0,
6409,7,H8,Tornada,19,Sant Antoni Maria Claret - Lepant,783,20:56:26,56.43,13.416666666633335,805.0,
6411,7,H8,Tornada,19,Sant Antoni Maria Claret - Lepant,783,21:17:31,17.52,21.083333333333332,1265.0,11
6414,6,H8,Tornada,19,Sant Antoni Maria Claret - Lepant,783,21:37:54,37.9,20.3666666667,1222.0,
6213,7,H8,Tornada,19,Sant Antoni Maria Claret - Lepant,783,21:56:00,56.0,18.116666666633332,1087.0,21
6409,1,H8,Tornada,20,Sant Antoni Maria Claret - Sardenya,3369,03:47:53,47.88,,,"1,2,3,4,5,6,7,8,9,10,11,12,13,23"
6411,1,H8,Tornada,20,Sant Antoni Maria Claret - Sardenya,3369,04:02:49,2.82,14.933333333333334,896.0,1
6117,1,H8,Tornada,20,Sant Antoni Maria Claret - Sardenya,3369,04:18:11,18.18,15.3833333333,923.0,3
6213,1,H8,Tornada,20,Sant Antoni Maria Claret - Sardenya,3369,04:32:49,32.82,14.633333333333333,878.0,
6211,1,H8,Tornada,20,Sant Antoni Maria Claret - Sardenya,3369,04:55:04,55.07,22.233333333366666,1334.0,
6212,1,H8,Tornada,20,Sant Antoni Maria Claret - Sardenya,3369,05:01:34,1.57,6.500000000033333,390.0,
6216,1,H8,Tornada,20,Sant Antoni Maria Claret - Sardenya,3369,05:19:28,19.47,17.899999999966667,1074.0,"1,2"
6413,1,H8,Tornada,20,Sant Antoni Maria Claret - Sardenya,3369,05:25:33,25.55,6.099999999966667,366.0,
6217,1,H8,Tornada,20,Sant Antoni Maria Claret - Sardenya,3369,05:29:59,29.98,4.416666666733334,265.0,
6415,1,H8,Tornada,20,Sant Antoni Maria Claret - Sardenya,3369,05:37:31,37.52,7.549999999933333,453.0,
6026,1,H8,Tornada,20,Sant Antoni Maria Claret - Sardenya,3369,05:45:21,45.35,7.8166666667,469.0,
6209,1,H8,Tornada,20,Sant Antoni Maria Claret - Sardenya,3369,05:54:32,54.53,9.183333333366667,551.0,
6022,1,H8,Tornada,20,Sant Antoni Maria Claret - Sardenya,3369,06:05:01,5.02,10.483333333300001,629.0,"5,8"
6408,1,H8,Tornada,20,Sant Antoni Maria Claret - Sardenya,3369,06:17:12,17.2,12.183333333366667,731.0,
6215,1,H8,Tornada,20,Sant Antoni Maria Claret - Sardenya,3369,06:23:21,23.35,6.166666666599999,370.0,
6409,2,H8,Tornada,20,Sant Antoni Maria Claret - Sardenya,3369,06:32:34,32.57,9.200000000066666,552.0,
6056,1,H8,Tornada,20,Sant Antoni Maria Claret - Sardenya,3369,06:40:28,40.47,7.9,474.0,"13,14"
6411,2,H8,Tornada,20,Sant Antoni Maria Claret - Sardenya,3369,06:49:17,49.28,8.816666666666666,529.0,
6055,1,H8,Tornada,20,Sant Antoni Maria Claret - Sardenya,3369,06:56:45,56.75,7.483333333266667,449.0,
6414,1,H8,Tornada,20,Sant Antoni Maria Claret - Sardenya,3369,07:07:18,7.3,10.5333333334,632.0,
6117,2,H8,Tornada,20,Sant Antoni Maria Claret - Sardenya,3369,07:13:35,13.58,6.283333333333333,377.0,
6800,1,H8,Tornada,20,Sant Antoni Maria Claret - Sardenya,3369,07:24:03,24.05,10.466666666666667,628.0,
6213,2,H8,Tornada,20,Sant Antoni Maria Claret - Sardenya,3369,07:28:25,28.42,4.366666666633334,262.0,
6407,1,H8,Tornada,20,Sant Antoni Maria Claret - Sardenya,3369,07:40:26,40.43,12.016666666699999,721.0,
6211,2,H8,Tornada,20,Sant Antoni Maria Claret - Sardenya,3369,07:49:44,49.73,9.299999999966667,558.0,
6212,2,H8,Tornada,20,Sant Antoni Maria Claret - Sardenya,3369,07:59:58,59.97,10.249999999966667,615.0,
6216,2,H8,Tornada,20,Sant Antoni Maria Claret - Sardenya,3369,08:09:15,9.25,9.266666666699999,556.0,
6413,2,H8,Tornada,20,Sant Antoni Maria Claret - Sardenya,3369,08:21:34,21.57,12.3166666667,739.0,
6217,2,H8,Tornada,20,Sant Antoni Maria Claret - Sardenya,3369,08:25:55,25.92,4.35,261.0,
6415,2,H8,Tornada,20,Sant Antoni Maria Claret - Sardenya,3369,08:34:51,34.85,8.9333333333,536.0,"3,4,5,6"
6026,2,H8,Tornada,20,Sant Antoni Maria Claret - Sardenya,3369,08:45:36,45.6,10.75,645.0,
6209,2,H8,Tornada,20,Sant Antoni Maria Claret - Sardenya,3369,08:50:37,50.62,5.016666666666667,301.0,"5,6"
6022,2,H8,Tornada,20,Sant Antoni Maria Claret - Sardenya,3369,09:00:43,0.72,10.1,606.0,3
6408,2,H8,Tornada,20,Sant Antoni Maria Claret - Sardenya,3369,09:11:16,11.27,10.566666666633333,634.0,
6215,2,H8,Tornada,20,Sant Antoni Maria Claret - Sardenya,3369,09:19:13,19.22,7.933333333366666,476.0,
6409,3,H8,Tornada,20,Sant Antoni Maria Claret - Sardenya,3369,09:33:08,33.13,13.9333333333,836.0,
6056,2,H8,Tornada,20,Sant Antoni Maria Claret - Sardenya,3369,09:39:14,39.23,6.083333333400001,365.0,
6411,3,H8,Tornada,20,Sant Antoni Maria Claret - Sardenya,3369,09:49:40,49.67,10.449999999933334,627.0,
6055,2,H8,Tornada,20,Sant Antoni Maria Claret - Sardenya,3369,09:57:20,57.33,7.650000000033333,459.0,
6414,2,H8,Tornada,20,Sant Antoni Maria Claret - Sardenya,3369,10:08:42,8.7,11.3833333333,683.0,
6800,2,H8,Tornada,20,Sant Antoni Maria Claret - Sardenya,3369,10:18:14,18.23,9.516666666699999,571.0,
6213,3,H8,Tornada,20,Sant Antoni Maria Claret - Sardenya,3369,10:25:22,25.37,7.149999999966667,429.0,
6407,2,H8,Tornada,20,Sant Antoni Maria Claret - Sardenya,3369,10:37:30,37.5,12.116666666733332,727.0,
6211,3,H8,Tornada,20,Sant Antoni Maria Claret - Sardenya,3369,10:51:31,51.52,14.033333333266667,842.0,
6212,3,H8,Tornada,20,Sant Antoni Maria Claret - Sardenya,3369,11:03:07,3.12,11.6,696.0,
6216,3,H8,Tornada,20,Sant Antoni Maria Claret - Sardenya,3369,11:12:30,12.5,9.383333333333333,563.0,
6413,3,H8,Tornada,20,Sant Antoni Maria Claret - Sardenya,3369,11:23:05,23.08,10.566666666733333,634.0,
6217,3,H8,Tornada,20,Sant Antoni Maria Claret - Sardenya,3369,11:33:23,33.38,10.316666666600002,619.0,
6415,3,H8,Tornada,20,Sant Antoni Maria Claret - Sardenya,3369,11:44:40,44.67,11.26666666665,676.0,
6026,3,H8,Tornada,20,Sant Antoni Maria Claret - Sardenya,3369,11:47:54,47.9,3.2499999999666667,195.0,
6209,3,H8,Tornada,20,Sant Antoni Maria Claret - Sardenya,3369,11:59:37,59.62,11.70000000005,702.0,
6408,3,H8,Tornada,20,Sant Antoni Maria Claret - Sardenya,3369,12:08:33,8.55,8.949999999933334,537.0,
6215,3,H8,Tornada,20,Sant Antoni Maria Claret - Sardenya,3369,12:19:40,19.67,11.100000000066666,666.0,
6409,4,H8,Tornada,20,Sant Antoni Maria Claret - Sardenya,3369,12:28:11,28.18,8.533333333266667,512.0,5
6056,3,H8,Tornada,20,Sant Antoni Maria Claret - Sardenya,3369,12:37:20,37.33,9.15,549.0,
6411,4,H8,Tornada,20,Sant Antoni Maria Claret - Sardenya,3369,12:54:08,54.13,16.783333333399998,1007.0,
6055,3,H8,Tornada,20,Sant Antoni Maria Claret - Sardenya,3369,12:57:17,57.28,3.15,189.0,
6414,3,H8,Tornada,20,Sant Antoni Maria Claret - Sardenya,3369,13:10:48,10.8,13.533333333266667,812.0,
6800,3,H8,Tornada,20,Sant Antoni Maria Claret - Sardenya,3369,13:17:23,17.38,6.583333333333333,395.0,
6213,4,H8,Tornada,20,Sant Antoni Maria Claret - Sardenya,3369,13:26:10,26.17,8.766666666699999,526.0,3
6407,3,H8,Tornada,20,Sant Antoni Maria Claret - Sardenya,3369,13:38:30,38.5,12.333333333366665,740.0,
6211,4,H8,Tornada,20,Sant Antoni Maria Claret - Sardenya,3369,13:49:42,49.7,11.2166666666,673.0,
6212,4,H8,Tornada,20,Sant Antoni Maria Claret - Sardenya,3369,13:56:33,56.55,6.85,411.0,
6216,4,H8,Tornada,20,Sant Antoni Maria Claret - Sardenya,3369,14:07:06,7.1,10.55,633.0,
6413,4,H8,Tornada,20,Sant Antoni Maria Claret - Sardenya,3369,14:14:57,14.95,7.85,471.0,
6217,4,H8,Tornada,20,Sant Antoni Maria Claret - Sardenya,3369,14:27:04,27.07,12.116666666666667,727.0,
6415,4,H8,Tornada,20,Sant Antoni Maria Claret - Sardenya,3369,14:33:31,33.52,6.45,387.0,
6200,1,H8,Tornada,20,Sant Antoni Maria Claret - Sardenya,3369,14:49:41,49.68,16.150000000066665,969.0,
6209,4,H8,Tornada,20,Sant Antoni Maria Claret - Sardenya,3369,14:54:09,54.15,4.483333333266667,269.0,
6408,4,H8,Tornada,20,Sant Antoni Maria Claret - Sardenya,3369,15:07:45,7.75,13.583333333366665,815.0,
6215,4,H8,Tornada,20,Sant Antoni Maria Claret - Sardenya,3369,15:24:48,24.8,17.05,1023.0,
6409,5,H8,Tornada,20,Sant Antoni Maria Claret - Sardenya,3369,15:26:48,26.8,2.0,120.0,
6056,4,H8,Tornada,20,Sant Antoni Maria Claret - Sardenya,3369,15:36:11,36.18,9.383333333366666,563.0,
6411,5,H8,Tornada,20,Sant Antoni Maria Claret - Sardenya,3369,15:50:26,50.43,14.25,855.0,
6055,4,H8,Tornada,20,Sant Antoni Maria Claret - Sardenya,3369,15:56:20,56.33,5.916666666599999,355.0,
6015,1,H8,Tornada,20,Sant Antoni Maria Claret - Sardenya,3369,16:12:52,12.87,16.5166666667,991.0,
6800,4,H8,Tornada,20,Sant Antoni Maria Claret - Sardenya,3369,16:21:45,21.75,8.716666666666667,523.0,
6213,5,H8,Tornada,20,Sant Antoni Maria Claret - Sardenya,3369,16:27:39,27.65,5.8833333334,353.0,
6407,4,H8,Tornada,20,Sant Antoni Maria Claret - Sardenya,3369,16:41:12,41.2,13.549999999966667,813.0,
6211,5,H8,Tornada,20,Sant Antoni Maria Claret - Sardenya,3369,16:52:15,52.25,11.050000000033332,663.0,
6212,5,H8,Tornada,20,Sant Antoni Maria Claret - Sardenya,3369,17:04:16,4.27,12.016666666633334,721.0,
6036,1,H8,Tornada,20,Sant Antoni Maria Claret - Sardenya,3369,17:07:14,7.23,2.9833333333,179.0,
6216,5,H8,Tornada,20,Sant Antoni Maria Claret - Sardenya,3369,17:17:53,17.88,10.633333333366666,638.0,
6413,5,H8,Tornada,20,Sant Antoni Maria Claret - Sardenya,3369,17:28:24,28.4,10.516666666699999,631.0,
6217,5,H8,Tornada,20,Sant Antoni Maria Claret - Sardenya,3369,17:29:39,29.65,1.2666666666,76.0,
6415,5,H8,Tornada,20,Sant Antoni Maria Claret - Sardenya,3369,17:38:03,38.05,8.4,504.0,
6209,5,H8,Tornada,20,Sant Antoni Maria Claret - Sardenya,3369,17:54:51,54.85,16.783333333399998,1007.0,"1,2"
6200,2,H8,Tornada,20,Sant Antoni Maria Claret - Sardenya,3369,18:13:44,13.73,18.899999999933335,1134.0,
6215,5,H8,Tornada,20,Sant Antoni Maria Claret - Sardenya,3369,18:16:34,16.57,2.316666666633333,139.0,"16,17,18"
6409,6,H8,Tornada,20,Sant Antoni Maria Claret - Sardenya,3369,18:25:50,25.83,9.250000000066667,555.0,"1,2"
6056,5,H8,Tornada,20,Sant Antoni Maria Claret - Sardenya,3369,18:35:30,35.5,9.683333333266667,581.0,
6411,6,H8,Tornada,20,Sant Antoni Maria Claret - Sardenya,3369,18:43:44,43.73,8.216666666733333,493.0,
6414,5,H8,Tornada,20,Sant Antoni Maria Claret - Sardenya,3369,19:03:48,3.8,20.066666666633335,1204.0,12
6015,2,H8,Tornada,20,Sant Antoni Maria Claret - Sardenya,3369,19:09:31,9.52,5.716666666699999,343.0,"9,10,11,12,24,25,26,27,28,29,30,31,32,33,34,35,36,37,38"
6213,6,H8,Tornada,20,Sant Antoni Maria Claret - Sardenya,3369,19:21:48,21.8,11.816666666633333,709.0,
6407,5,H8,Tornada,20,Sant Antoni Maria Claret - Sardenya,3369,19:32:42,32.7,10.9,654.0,
6036,2,H8,Tornada,20,Sant Antoni Maria Claret - Sardenya,3369,19:51:09,51.15,18.433333333366665,1106.0,
6216,6,H8,Tornada,20,Sant Antoni Maria Claret - Sardenya,3369,20:07:46,7.77,16.616666666666667,997.0,"25,26,27,28,29,30,31,32,33,34,35,36,37,38"
6413,6,H8,Tornada,20,Sant Antoni Maria Claret - Sardenya,3369,20:11:14,11.23,3.4666666667,208.0,
6415,6,H8,Tornada,20,Sant Antoni Maria Claret - Sardenya,3369,20:15:25,15.42,4.183333333333334,251.0,37
6200,3,H8,Tornada,20,Sant Antoni Maria Claret - Sardenya,3369,20:28:50,28.83,13.433333333266667,806.0,
6408,7,H8,Tornada,20,Sant Antoni Maria Claret - Sardenya,3369,20:44:24,44.4,15.550000000066666,933.0,
6409,7,H8,Tornada,20,Sant Antoni Maria Claret - Sardenya,3369,20:57:41,57.68,13.283333333333333,797.0,
6411,7,H8,Tornada,20,Sant Antoni Maria Claret - Sardenya,3369,21:19:04,19.07,21.399999999933335,1284.0,11
6414,6,H8,Tornada,20,Sant Antoni Maria Claret - Sardenya,3369,21:38:14,38.23,19.150000000066665,1149.0,
6213,7,H8,Tornada,20,Sant Antoni Maria Claret - Sardenya,3369,21:57:55,57.92,19.699999999933333,1182.0,21
6409,1,H8,Tornada,21,Sant Antoni Maria Claret - Nàpols,1225,03:48:59,48.98,,,"1,2,3,4,5,6,7,8,9,10,11,12,13,23"
6411,1,H8,Tornada,21,Sant Antoni Maria Claret - Nàpols,1225,04:04:20,4.33,15.35,921.0,1
6117,1,H8,Tornada,21,Sant Antoni Maria Claret - Nàpols,1225,04:19:48,19.8,15.466666666666667,928.0,3
6213,1,H8,Tornada,21,Sant Antoni Maria Claret - Nàpols,1225,04:33:41,33.68,13.8666666667,832.0,
6211,1,H8,Tornada,21,Sant Antoni Maria Claret - Nàpols,1225,04:57:09,57.15,23.4833333333,1409.0,
6212,1,H8,Tornada,21,Sant Antoni Maria Claret - Nàpols,1225,05:02:38,2.63,5.466666666699999,328.0,
6216,1,H8,Tornada,21,Sant Antoni Maria Claret - Nàpols,1225,05:19:54,19.9,17.266666666666666,1036.0,"1,2"
6413,1,H8,Tornada,21,Sant Antoni Maria Claret - Nàpols,1225,05:26:53,26.88,6.983333333366667,419.0,
6217,1,H8,Tornada,21,Sant Antoni Maria Claret - Nàpols,1225,05:30:18,30.3,3.4166666666666665,205.0,
6415,1,H8,Tornada,21,Sant Antoni Maria Claret - Nàpols,1225,05:39:28,39.47,9.166666666666666,550.0,
6026,1,H8,Tornada,21,Sant Antoni Maria Claret - Nàpols,1225,05:46:28,46.47,7.0,420.0,
6209,1,H8,Tornada,21,Sant Antoni Maria Claret - Nàpols,1225,05:56:21,56.35,9.899999999933334,594.0,
6022,1,H8,Tornada,21,Sant Antoni Maria Claret - Nàpols,1225,06:07:43,7.72,11.350000000033333,681.0,"5,8"
6408,1,H8,Tornada,21,Sant Antoni Maria Claret - Nàpols,1225,06:19:13,19.22,11.5,690.0,
6215,1,H8,Tornada,21,Sant Antoni Maria Claret - Nàpols,1225,06:25:15,25.25,6.049999999966667,363.0,
6409,2,H8,Tornada,21,Sant Antoni Maria Claret - Nàpols,1225,06:34:27,34.45,9.183333333399998,551.0,
6056,1,H8,Tornada,21,Sant Antoni Maria Claret - Nàpols,1225,06:42:43,42.72,8.28333333325,497.0,"13,14"
6411,2,H8,Tornada,21,Sant Antoni Maria Claret - Nàpols,1225,06:51:20,51.33,8.600000000083332,516.0,
6055,1,H8,Tornada,21,Sant Antoni Maria Claret - Nàpols,1225,06:58:43,58.72,7.383333333333334,443.0,
6414,1,H8,Tornada,21,Sant Antoni Maria Claret - Nàpols,1225,07:09:45,9.75,11.049999999933334,663.0,
6117,2,H8,Tornada,21,Sant Antoni Maria Claret - Nàpols,1225,07:15:25,15.42,5.650000000033333,339.0,
6800,1,H8,Tornada,21,Sant Antoni Maria Claret - Nàpols,1225,07:26:18,26.3,10.883333333333333,653.0,
6213,2,H8,Tornada,21,Sant Antoni Maria Claret - Nàpols,1225,07:29:59,29.98,3.683333333333333,221.0,
6407,1,H8,Tornada,21,Sant Antoni Maria Claret - Nàpols,1225,07:42:16,42.27,12.283333333366667,737.0,
6211,2,H8,Tornada,21,Sant Antoni Maria Claret - Nàpols,1225,07:51:09,51.15,8.899999999933334,534.0,
6212,2,H8,Tornada,21,Sant Antoni Maria Claret - Nàpols,1225,08:02:06,2.1,10.95,657.0,
6216,2,H8,Tornada,21,Sant Antoni Maria Claret - Nàpols,1225,08:10:52,10.87,8.750000000033333,525.0,
6413,2,H8,Tornada,21,Sant Antoni Maria Claret - Nàpols,1225,08:23:00,23.0,12.133333333333333,728.0,
6217,2,H8,Tornada,21,Sant Antoni Maria Claret - Nàpols,1225,08:27:41,27.68,4.699999999966667,282.0,
6415,2,H8,Tornada,21,Sant Antoni Maria Claret - Nàpols,1225,08:37:19,37.32,9.616666666733332,577.0,"3,4,5,6"
6026,2,H8,Tornada,21,Sant Antoni Maria Claret - Nàpols,1225,08:46:46,46.77,9.449999999966668,567.0,
6209,2,H8,Tornada,21,Sant Antoni Maria Claret - Nàpols,1225,08:52:37,52.62,5.866666666633334,352.0,"5,6"
6022,2,H8,Tornada,21,Sant Antoni Maria Claret - Nàpols,1225,09:01:38,1.63,9.016666666666667,541.0,3
6408,2,H8,Tornada,21,Sant Antoni Maria Claret - Nàpols,1225,09:13:06,13.1,11.466666666666667,688.0,
6215,2,H8,Tornada,21,Sant Antoni Maria Claret - Nàpols,1225,09:20:22,20.37,7.250000000066667,435.0,
6409,3,H8,Tornada,21,Sant Antoni Maria Claret - Nàpols,1225,09:34:25,34.42,14.066666666600002,844.0,
6056,2,H8,Tornada,21,Sant Antoni Maria Claret - Nàpols,1225,09:40:24,40.4,5.983333333333333,359.0,
6411,3,H8,Tornada,21,Sant Antoni Maria Claret - Nàpols,1225,09:51:36,51.6,11.183333333399998,671.0,
6055,2,H8,Tornada,21,Sant Antoni Maria Claret - Nàpols,1225,09:58:23,58.38,6.799999999933333,408.0,
6414,2,H8,Tornada,21,Sant Antoni Maria Claret - Nàpols,1225,10:10:35,10.58,12.2,732.0,
6800,2,H8,Tornada,21,Sant Antoni Maria Claret - Nàpols,1225,10:20:26,20.43,9.85,591.0,
6213,3,H8,Tornada,21,Sant Antoni Maria Claret - Nàpols,1225,10:26:28,26.47,6.016666666733333,361.0,
6407,2,H8,Tornada,21,Sant Antoni Maria Claret - Nàpols,1225,10:40:23,40.38,13.916666666633335,835.0,
6211,3,H8,Tornada,21,Sant Antoni Maria Claret - Nàpols,1225,10:53:29,53.48,13.1,786.0,
6212,3,H8,Tornada,21,Sant Antoni Maria Claret - Nàpols,1225,11:04:22,4.37,10.883333333366666,653.0,
6216,3,H8,Tornada,21,Sant Antoni Maria Claret - Nàpols,1225,11:13:32,13.53,9.166666666666666,550.0,
6413,3,H8,Tornada,21,Sant Antoni Maria Claret - Nàpols,1225,11:24:31,24.52,10.983333333333333,659.0,
TEMP_ErnestLluch_1225,1,H8,Tornada,21,Sant Antoni Maria Claret - Nàpols,1225,11:35:00,35.0,10.499999999933333,630.0,"1,2,3,4,5,6,7,8,9,10,11,12,13,14,15,16,17,18,19,20,22,23,24,25,26,27,28,29,30,31,32,33,34,35,36,37,38"
6415,3,H8,Tornada,21,Sant Antoni Maria Claret - Nàpols,1225,11:45:41,45.68,10.666666666666666,640.0,
6026,3,H8,Tornada,21,Sant Antoni Maria Claret - Nàpols,1225,11:49:52,49.87,4.183333333366667,251.0,
6209,3,H8,Tornada,21,Sant Antoni Maria Claret - Nàpols,1225,12:00:17,0.28,10.416666666666666,625.0,
6408,3,H8,Tornada,21,Sant Antoni Maria Claret - Nàpols,1225,12:09:54,9.9,9.616666666666667,577.0,
6215,3,H8,Tornada,21,Sant Antoni Maria Claret - Nàpols,1225,12:21:43,21.72,11.816666666666666,709.0,
6409,4,H8,Tornada,21,Sant Antoni Maria Claret - Nàpols,1225,12:29:34,29.57,7.85,471.0,5
6056,3,H8,Tornada,21,Sant Antoni Maria Claret - Nàpols,1225,12:38:34,38.57,9.0166666666,541.0,
6411,4,H8,Tornada,21,Sant Antoni Maria Claret - Nàpols,1225,12:55:01,55.02,16.45,987.0,
6055,3,H8,Tornada,21,Sant Antoni Maria Claret - Nàpols,1225,12:58:11,58.18,3.1500000000333332,189.0,
6414,3,H8,Tornada,21,Sant Antoni Maria Claret - Nàpols,1225,13:12:46,12.77,14.583333333366665,875.0,
6800,3,H8,Tornada,21,Sant Antoni Maria Claret - Nàpols,1225,13:18:50,18.83,6.083333333266666,365.0,
6213,4,H8,Tornada,21,Sant Antoni Maria Claret - Nàpols,1225,13:27:11,27.18,8.333333333366665,500.0,3
6407,3,H8,Tornada,21,Sant Antoni Maria Claret - Nàpols,1225,13:40:38,40.63,13.45,807.0,
6211,4,H8,Tornada,21,Sant Antoni Maria Claret - Nàpols,1225,13:51:38,51.63,11.0,660.0,
6212,4,H8,Tornada,21,Sant Antoni Maria Claret - Nàpols,1225,13:57:27,57.45,5.833333333300001,350.0,
6216,4,H8,Tornada,21,Sant Antoni Maria Claret - Nàpols,1225,14:09:12,9.2,11.7333333334,704.0,
6413,4,H8,Tornada,21,Sant Antoni Maria Claret - Nàpols,1225,14:16:35,16.58,7.399999999933333,444.0,
6217,4,H8,Tornada,21,Sant Antoni Maria Claret - Nàpols,1225,14:29:05,29.08,12.5,750.0,
6415,4,H8,Tornada,21,Sant Antoni Maria Claret - Nàpols,1225,14:34:51,34.85,5.750000000066667,345.0,
6200,1,H8,Tornada,21,Sant Antoni Maria Claret - Nàpols,1225,14:51:50,51.83,16.999999999933333,1020.0,
6209,4,H8,Tornada,21,Sant Antoni Maria Claret - Nàpols,1225,14:56:36,56.6,4.766666666683333,286.0,
6408,4,H8,Tornada,21,Sant Antoni Maria Claret - Nàpols,1225,15:09:56,9.93,13.316666666716666,799.0,
6215,4,H8,Tornada,21,Sant Antoni Maria Claret - Nàpols,1225,15:27:03,27.05,17.116666666633332,1027.0,
6409,5,H8,Tornada,21,Sant Antoni Maria Claret - Nàpols,1225,15:28:34,28.57,1.5166666666666666,91.0,
6056,4,H8,Tornada,21,Sant Antoni Maria Claret - Nàpols,1225,15:37:24,37.4,8.833333333366665,530.0,
6411,5,H8,Tornada,21,Sant Antoni Maria Claret - Nàpols,1225,15:50:59,50.98,13.583333333333334,815.0,
6055,4,H8,Tornada,21,Sant Antoni Maria Claret - Nàpols,1225,15:57:02,57.03,6.049999999966667,363.0,
6015,1,H8,Tornada,21,Sant Antoni Maria Claret - Nàpols,1225,16:14:14,14.23,17.200000000033334,1032.0,
6414,4,H8,Tornada,21,Sant Antoni Maria Claret - Nàpols,1225,16:15:17,15.28,1.05,63.0,
6800,4,H8,Tornada,21,Sant Antoni Maria Claret - Nàpols,1225,16:23:02,23.03,7.75,465.0,
6213,5,H8,Tornada,21,Sant Antoni Maria Claret - Nàpols,1225,16:29:06,29.1,6.066666666633334,364.0,
6407,4,H8,Tornada,21,Sant Antoni Maria Claret - Nàpols,1225,16:42:09,42.15,13.050000000033332,783.0,
6211,5,H8,Tornada,21,Sant Antoni Maria Claret - Nàpols,1225,16:53:18,53.3,11.149999999966667,669.0,
6212,5,H8,Tornada,21,Sant Antoni Maria Claret - Nàpols,1225,17:04:52,4.87,11.5833333333,695.0,
6036,1,H8,Tornada,21,Sant Antoni Maria Claret - Nàpols,1225,17:08:20,8.33,3.466666666666667,208.0,
6216,5,H8,Tornada,21,Sant Antoni Maria Claret - Nàpols,1225,17:18:51,18.85,10.500000000066667,630.0,
6413,5,H8,Tornada,21,Sant Antoni Maria Claret - Nàpols,1225,17:29:39,29.65,10.8,648.0,
6217,5,H8,Tornada,21,Sant Antoni Maria Claret - Nàpols,1225,17:30:48,30.8,1.1499999999666668,69.0,
6415,5,H8,Tornada,21,Sant Antoni Maria Claret - Nàpols,1225,17:39:30,39.5,8.700000000033333,522.0,
6209,5,H8,Tornada,21,Sant Antoni Maria Claret - Nàpols,1225,17:56:21,56.35,16.85,1011.0,"1,2"
6026,5,H8,Tornada,21,Sant Antoni Maria Claret - Nàpols,1225,18:15:08,15.13,18.783333333333335,1127.0,"34,35,36,37,38"
6215,5,H8,Tornada,21,Sant Antoni Maria Claret - Nàpols,1225,18:17:52,17.87,2.69999999995,162.0,"16,17,18"
6409,6,H8,Tornada,21,Sant Antoni Maria Claret - Nàpols,1225,18:27:26,27.43,9.550000000066666,573.0,"1,2"
6056,5,H8,Tornada,21,Sant Antoni Maria Claret - Nàpols,1225,18:36:34,36.57,9.1333333333,548.0,
6411,6,H8,Tornada,21,Sant Antoni Maria Claret - Nàpols,1225,18:44:43,44.72,8.166666666633335,490.0,
6414,5,H8,Tornada,21,Sant Antoni Maria Claret - Nàpols,1225,19:05:02,5.03,20.316666666666666,1219.0,12
6015,2,H8,Tornada,21,Sant Antoni Maria Claret - Nàpols,1225,19:10:31,10.52,5.4666666667333335,328.0,"9,10,11,12,24,25,26,27,28,29,30,31,32,33,34,35,36,37,38"
6213,6,H8,Tornada,21,Sant Antoni Maria Claret - Nàpols,1225,19:23:36,23.6,12.533333333333333,752.0,
6407,5,H8,Tornada,21,Sant Antoni Maria Claret - Nàpols,1225,19:33:11,33.18,9.5666666667,574.0,
6036,2,H8,Tornada,21,Sant Antoni Maria Claret - Nàpols,1225,19:52:33,52.55,19.366666666666667,1162.0,
6216,6,H8,Tornada,21,Sant Antoni Maria Claret - Nàpols,1225,20:09:05,9.08,16.533333333366667,992.0,"25,26,27,28,29,30,31,32,33,34,35,36,37,38"
6413,6,H8,Tornada,21,Sant Antoni Maria Claret - Nàpols,1225,20:13:21,13.35,4.266666666633333,256.0,
6415,6,H8,Tornada,21,Sant Antoni Maria Claret - Nàpols,1225,20:15:58,15.97,2.6166666667,157.0,37
6200,3,H8,Tornada,21,Sant Antoni Maria Claret - Nàpols,1225,20:29:55,29.92,13.95,837.0,
6408,7,H8,Tornada,21,Sant Antoni Maria Claret - Nàpols,1225,20:46:07,46.12,16.216666666600002,973.0,
6409,7,H8,Tornada,21,Sant Antoni Maria Claret - Nàpols,1225,20:59:07,59.12,12.9833333334,779.0,
6411,7,H8,Tornada,21,Sant Antoni Maria Claret - Nàpols,1225,21:20:25,20.42,21.3,1278.0,11
6414,6,H8,Tornada,21,Sant Antoni Maria Claret - Nàpols,1225,21:39:46,39.77,19.3666666666,1162.0,
6409,1,H8,Tornada,22,Pg de Sant Joan - Còrsega,1265,03:53:08,53.13,,,"1,2,3,4,5,6,7,8,9,10,11,12,13,23"
6411,1,H8,Tornada,22,Pg de Sant Joan - Còrsega,1265,04:06:39,6.65,13.500000000033333,810.0,1
6117,1,H8,Tornada,22,Pg de Sant Joan - Còrsega,1265,04:21:55,21.92,15.2833333333,917.0,3
6213,1,H8,Tornada,22,Pg de Sant Joan - Còrsega,1265,04:35:35,35.58,13.666666666666666,820.0,
6211,1,H8,Tornada,22,Pg de Sant Joan - Còrsega,1265,04:59:00,59.0,23.416666666666668,1405.0,
6212,1,H8,Tornada,22,Pg de Sant Joan - Còrsega,1265,05:05:25,5.42,6.416666666666667,385.0,
6216,1,H8,Tornada,22,Pg de Sant Joan - Còrsega,1265,05:22:08,22.13,16.716666666666665,1003.0,"1,2"
6413,1,H8,Tornada,22,Pg de Sant Joan - Còrsega,1265,05:28:13,28.22,6.0666666667,364.0,
6217,1,H8,Tornada,22,Pg de Sant Joan - Còrsega,1265,05:32:39,32.65,4.433333333333334,266.0,
6415,1,H8,Tornada,22,Pg de Sant Joan - Còrsega,1265,05:42:09,42.15,9.500000000016666,570.0,
6026,1,H8,Tornada,22,Pg de Sant Joan - Còrsega,1265,05:49:38,49.63,7.49999999995,450.0,
6209,1,H8,Tornada,22,Pg de Sant Joan - Còrsega,1265,05:58:49,58.82,9.166666666733333,550.0,
6022,1,H8,Tornada,22,Pg de Sant Joan - Còrsega,1265,06:09:33,9.55,10.749999999933333,645.0,"5,8"
6408,1,H8,Tornada,22,Pg de Sant Joan - Còrsega,1265,06:24:23,24.38,14.8166666667,889.0,
6215,1,H8,Tornada,22,Pg de Sant Joan - Còrsega,1265,06:28:38,28.63,4.25,255.0,
6409,2,H8,Tornada,22,Pg de Sant Joan - Còrsega,1265,06:37:42,37.7,9.0833333333,545.0,
6056,1,H8,Tornada,22,Pg de Sant Joan - Còrsega,1265,06:45:34,45.57,7.866666666666666,472.0,"13,14"
6411,2,H8,Tornada,22,Pg de Sant Joan - Còrsega,1265,06:53:44,53.73,8.166666666666666,490.0,
6055,1,H8,Tornada,22,Pg de Sant Joan - Còrsega,1265,07:00:46,0.77,7.0166666667,421.0,
6414,1,H8,Tornada,22,Pg de Sant Joan - Còrsega,1265,07:12:45,12.75,11.983333333333333,719.0,
6117,2,H8,Tornada,22,Pg de Sant Joan - Còrsega,1265,07:18:24,18.4,5.666666666633334,340.0,
6800,1,H8,Tornada,22,Pg de Sant Joan - Còrsega,1265,07:28:40,28.67,10.250000000033333,615.0,
6213,2,H8,Tornada,22,Pg de Sant Joan - Còrsega,1265,07:32:06,32.1,3.433333333333333,206.0,
6407,1,H8,Tornada,22,Pg de Sant Joan - Còrsega,1265,07:45:55,45.92,13.816666666666666,829.0,
6211,2,H8,Tornada,22,Pg de Sant Joan - Còrsega,1265,07:53:18,53.3,7.383333333366666,443.0,
6212,2,H8,Tornada,22,Pg de Sant Joan - Còrsega,1265,08:03:35,3.58,10.2833333333,617.0,
6216,2,H8,Tornada,22,Pg de Sant Joan - Còrsega,1265,08:13:13,13.22,9.649999999983333,579.0,
6413,2,H8,Tornada,22,Pg de Sant Joan - Còrsega,1265,08:25:21,25.35,12.116666666683333,727.0,
6217,2,H8,Tornada,22,Pg de Sant Joan - Còrsega,1265,08:29:37,29.62,4.2666666667,256.0,
6415,2,H8,Tornada,22,Pg de Sant Joan - Còrsega,1265,08:40:20,40.33,10.716666666633333,643.0,"3,4,5,6"
6026,2,H8,Tornada,22,Pg de Sant Joan - Còrsega,1265,08:49:05,49.08,8.750000000033333,525.0,
6209,2,H8,Tornada,22,Pg de Sant Joan - Còrsega,1265,08:55:20,55.33,6.25,375.0,"5,6"
6022,2,H8,Tornada,22,Pg de Sant Joan - Còrsega,1265,09:04:53,4.88,9.55,573.0,3
6408,2,H8,Tornada,22,Pg de Sant Joan - Còrsega,1265,09:14:22,14.37,9.483333333300001,569.0,
6215,2,H8,Tornada,22,Pg de Sant Joan - Còrsega,1265,09:22:00,22.0,7.633333333366666,458.0,
6409,3,H8,Tornada,22,Pg de Sant Joan - Còrsega,1265,09:37:21,37.35,15.349999999966666,921.0,
6056,2,H8,Tornada,22,Pg de Sant Joan - Còrsega,1265,09:43:00,43.0,5.65,339.0,
6411,3,H8,Tornada,22,Pg de Sant Joan - Còrsega,1265,09:54:19,54.32,11.3333333333,680.0,
6055,2,H8,Tornada,22,Pg de Sant Joan - Còrsega,1265,10:00:40,0.67,6.333333333366666,380.0,
6414,2,H8,Tornada,22,Pg de Sant Joan - Còrsega,1265,10:12:47,12.78,12.116666666666667,727.0,
6800,2,H8,Tornada,22,Pg de Sant Joan - Còrsega,1265,10:23:12,23.2,10.4166666667,625.0,
6213,3,H8,Tornada,22,Pg de Sant Joan - Còrsega,1265,10:29:21,29.35,6.149999999966667,369.0,
6407,2,H8,Tornada,22,Pg de Sant Joan - Còrsega,1265,10:42:46,42.77,13.4333333333,806.0,
6211,3,H8,Tornada,22,Pg de Sant Joan - Còrsega,1265,10:55:45,55.75,12.9666666667,778.0,
6212,3,H8,Tornada,22,Pg de Sant Joan - Còrsega,1265,11:06:33,6.55,10.8,648.0,
6216,3,H8,Tornada,22,Pg de Sant Joan - Còrsega,1265,11:16:01,16.02,9.4666666667,568.0,
6413,3,H8,Tornada,22,Pg de Sant Joan - Còrsega,1265,11:26:42,26.7,10.6833333333,641.0,
6217,3,H8,Tornada,22,Pg de Sant Joan - Còrsega,1265,11:37:38,37.63,10.949999999966668,657.0,
6415,3,H8,Tornada,22,Pg de Sant Joan - Còrsega,1265,11:47:40,47.67,10.016666666633334,601.0,
6026,3,H8,Tornada,22,Pg de Sant Joan - Còrsega,1265,11:51:39,51.65,3.9999999999666667,240.0,
6209,3,H8,Tornada,22,Pg de Sant Joan - Còrsega,1265,12:02:50,2.83,11.1666666667,670.0,
6408,3,H8,Tornada,22,Pg de Sant Joan - Còrsega,1265,12:11:40,11.67,8.833333333366665,530.0,
6215,3,H8,Tornada,22,Pg de Sant Joan - Còrsega,1265,12:23:48,23.8,12.149999999933334,729.0,
6409,4,H8,Tornada,22,Pg de Sant Joan - Còrsega,1265,12:31:47,31.78,7.9666666667333335,478.0,5
6056,3,H8,Tornada,22,Pg de Sant Joan - Còrsega,1265,12:40:42,40.7,8.916666666633335,535.0,
6411,4,H8,Tornada,22,Pg de Sant Joan - Còrsega,1265,12:57:07,57.12,16.416666666666668,985.0,
6055,3,H8,Tornada,22,Pg de Sant Joan - Còrsega,1265,13:00:08,0.13,3.0166666667,181.0,
6414,3,H8,Tornada,22,Pg de Sant Joan - Còrsega,1265,13:15:35,15.58,15.449999999966668,927.0,
6800,3,H8,Tornada,22,Pg de Sant Joan - Còrsega,1265,13:20:49,20.82,5.233333333366667,314.0,
6213,4,H8,Tornada,22,Pg de Sant Joan - Còrsega,1265,13:29:52,29.87,9.066666666600002,544.0,3
6407,3,H8,Tornada,22,Pg de Sant Joan - Còrsega,1265,13:42:54,42.9,13.016666666733332,781.0,
6211,4,H8,Tornada,22,Pg de Sant Joan - Còrsega,1265,13:53:53,53.88,10.999999999933333,660.0,
6212,4,H8,Tornada,22,Pg de Sant Joan - Còrsega,1265,13:59:47,59.78,5.8833333334,353.0,
6216,4,H8,Tornada,22,Pg de Sant Joan - Còrsega,1265,14:12:11,12.18,12.399999999966667,744.0,
6413,4,H8,Tornada,22,Pg de Sant Joan - Còrsega,1265,14:19:52,19.87,7.683333333333334,461.0,
6217,4,H8,Tornada,22,Pg de Sant Joan - Còrsega,1265,14:31:28,31.47,11.616666666633334,697.0,
6415,4,H8,Tornada,22,Pg de Sant Joan - Còrsega,1265,14:38:49,38.82,7.333333333400001,440.0,
6200,1,H8,Tornada,22,Pg de Sant Joan - Còrsega,1265,14:55:09,55.15,16.333333333333332,980.0,
6209,4,H8,Tornada,22,Pg de Sant Joan - Còrsega,1265,14:59:48,59.8,4.65,279.0,
6408,4,H8,Tornada,22,Pg de Sant Joan - Còrsega,1265,15:13:43,13.72,13.933333333266667,836.0,
6215,4,H8,Tornada,22,Pg de Sant Joan - Còrsega,1265,15:28:49,28.82,15.083333333366665,905.0,
6409,5,H8,Tornada,22,Pg de Sant Joan - Còrsega,1265,15:30:50,30.83,2.0166666666666666,121.0,
6056,4,H8,Tornada,22,Pg de Sant Joan - Còrsega,1265,15:40:13,40.22,9.399999999966667,564.0,
6411,5,H8,Tornada,22,Pg de Sant Joan - Còrsega,1265,15:54:27,54.45,14.233333333333333,854.0,
6055,4,H8,Tornada,22,Pg de Sant Joan - Còrsega,1265,15:59:13,59.22,4.750000000066667,285.0,
6015,1,H8,Tornada,22,Pg de Sant Joan - Còrsega,1265,16:15:51,15.85,16.633333333333333,998.0,
6800,4,H8,Tornada,22,Pg de Sant Joan - Còrsega,1265,16:25:55,25.92,9.166666666633335,550.0,
6213,5,H8,Tornada,22,Pg de Sant Joan - Còrsega,1265,16:33:04,33.07,7.1333333334,428.0,
6407,4,H8,Tornada,22,Pg de Sant Joan - Còrsega,1265,16:45:30,45.5,12.4333333333,746.0,
6211,5,H8,Tornada,22,Pg de Sant Joan - Còrsega,1265,16:55:00,55.0,9.5,570.0,
6212,5,H8,Tornada,22,Pg de Sant Joan - Còrsega,1265,17:07:41,7.68,12.699999999966668,762.0,
6036,1,H8,Tornada,22,Pg de Sant Joan - Còrsega,1265,17:10:48,10.8,3.1000000000333334,186.0,
6216,5,H8,Tornada,22,Pg de Sant Joan - Còrsega,1265,17:22:12,22.2,11.4,684.0,
6413,5,H8,Tornada,22,Pg de Sant Joan - Còrsega,1265,17:31:36,31.6,9.4,564.0,
6217,5,H8,Tornada,22,Pg de Sant Joan - Còrsega,1265,17:33:29,33.48,1.8833333333666666,113.0,
6415,5,H8,Tornada,22,Pg de Sant Joan - Còrsega,1265,17:41:24,41.4,7.916666666666667,475.0,
6209,5,H8,Tornada,22,Pg de Sant Joan - Còrsega,1265,17:59:25,59.42,18.016666666666666,1081.0,"1,2"
6026,5,H8,Tornada,22,Pg de Sant Joan - Còrsega,1265,18:16:56,16.93,17.53333333326667,1052.0,"34,35,36,37,38"
6215,5,H8,Tornada,22,Pg de Sant Joan - Còrsega,1265,18:20:15,20.25,3.0666666667,184.0,"16,17,18"
6409,6,H8,Tornada,22,Pg de Sant Joan - Còrsega,1265,18:29:47,29.78,9.533333333333333,572.0,"1,2"
6056,5,H8,Tornada,22,Pg de Sant Joan - Còrsega,1265,18:38:47,38.78,9.016666666633334,541.0,
6411,6,H8,Tornada,22,Pg de Sant Joan - Còrsega,1265,18:47:42,47.7,8.900000000066665,534.0,
6414,5,H8,Tornada,22,Pg de Sant Joan - Còrsega,1265,19:07:11,7.18,19.499999999933333,1170.0,12
6015,2,H8,Tornada,22,Pg de Sant Joan - Còrsega,1265,19:12:39,12.65,5.450000000033333,327.0,"9,10,11,12,24,25,26,27,28,29,30,31,32,33,34,35,36,37,38"
6213,6,H8,Tornada,22,Pg de Sant Joan - Còrsega,1265,19:24:45,24.75,12.049999999966667,723.0,
6407,5,H8,Tornada,22,Pg de Sant Joan - Còrsega,1265,19:36:11,36.18,11.416666666733333,685.0,
6036,2,H8,Tornada,22,Pg de Sant Joan - Còrsega,1265,19:55:50,55.83,19.649999999966667,1179.0,
6216,6,H8,Tornada,22,Pg de Sant Joan - Còrsega,1265,20:11:11,11.18,15.350000000033333,921.0,"25,26,27,28,29,30,31,32,33,34,35,36,37,38"
6413,6,H8,Tornada,22,Pg de Sant Joan - Còrsega,1265,20:14:54,14.9,3.716666666633333,223.0,
6415,6,H8,Tornada,22,Pg de Sant Joan - Còrsega,1265,20:16:52,16.87,1.9833333333166665,119.0,37
6200,3,H8,Tornada,22,Pg de Sant Joan - Còrsega,1265,20:32:10,32.17,15.283333333383332,917.0,
6408,7,H8,Tornada,22,Pg de Sant Joan - Còrsega,1265,20:48:25,48.42,16.25,975.0,
6409,7,H8,Tornada,22,Pg de Sant Joan - Còrsega,1265,21:00:55,0.92,12.499999999966667,750.0,
6411,7,H8,Tornada,22,Pg de Sant Joan - Còrsega,1265,21:20:59,20.98,20.066666666666666,1204.0,11
6414,6,H8,Tornada,22,Pg de Sant Joan - Còrsega,1265,21:40:40,40.67,19.683333333366665,1181.0,
6213,7,H8,Tornada,22,Pg de Sant Joan - Còrsega,1265,22:00:06,0.1,19.433333333333334,1166.0,21
6411,1,H8,Tornada,23,Còrsega - Bailèn,3314,04:07:29,7.48,,,1
6117,1,H8,Tornada,23,Còrsega - Bailèn,3314,04:23:20,23.33,15.85,951.0,3
6213,1,H8,Tornada,23,Còrsega - Bailèn,3314,04:36:24,36.4,13.066666666633333,784.0,
6211,1,H8,Tornada,23,Còrsega - Bailèn,3314,05:00:45,0.75,24.366666666633332,1462.0,
6212,1,H8,Tornada,23,Còrsega - Bailèn,3314,05:06:54,6.9,6.133333333366666,368.0,
6216,1,H8,Tornada,23,Còrsega - Bailèn,3314,05:23:29,23.48,16.583333333366667,995.0,"1,2"
6413,1,H8,Tornada,23,Còrsega - Bailèn,3314,05:30:50,30.83,7.349999999966667,441.0,
6217,1,H8,Tornada,23,Còrsega - Bailèn,3314,05:34:58,34.97,4.149999999966666,249.0,
6415,1,H8,Tornada,23,Còrsega - Bailèn,3314,05:43:27,43.45,8.4666666667,508.0,
6026,1,H8,Tornada,23,Còrsega - Bailèn,3314,05:51:32,51.53,8.083333333366665,485.0,
6209,1,H8,Tornada,23,Còrsega - Bailèn,3314,06:01:33,1.55,10.016666666633334,601.0,
6022,1,H8,Tornada,23,Còrsega - Bailèn,3314,06:12:09,12.15,10.6,636.0,"5,8"
6408,1,H8,Tornada,23,Còrsega - Bailèn,3314,06:26:50,26.83,14.699999999966668,882.0,
6215,1,H8,Tornada,23,Còrsega - Bailèn,3314,06:30:26,30.43,3.6000000000166663,216.0,
6409,2,H8,Tornada,23,Còrsega - Bailèn,3314,06:39:11,39.18,8.749999999983334,525.0,
6056,1,H8,Tornada,23,Còrsega - Bailèn,3314,06:46:20,46.33,7.133333333366666,428.0,"13,14"
6411,2,H8,Tornada,23,Còrsega - Bailèn,3314,06:55:40,55.67,9.349999999966666,561.0,
6055,1,H8,Tornada,23,Còrsega - Bailèn,3314,07:03:23,3.38,7.700000000066667,462.0,
6414,1,H8,Tornada,23,Còrsega - Bailèn,3314,07:14:48,14.8,11.433333333266667,686.0,
6117,2,H8,Tornada,23,Còrsega - Bailèn,3314,07:20:00,20.0,5.2,312.0,
6800,1,H8,Tornada,23,Còrsega - Bailèn,3314,07:31:05,31.08,11.083333333333334,665.0,
6213,2,H8,Tornada,23,Còrsega - Bailèn,3314,07:34:00,34.0,2.9000000000666666,174.0,
6407,1,H8,Tornada,23,Còrsega - Bailèn,3314,07:48:17,48.28,14.283333333333333,857.0,
6211,2,H8,Tornada,23,Còrsega - Bailèn,3314,07:55:38,55.63,7.35,441.0,
6212,2,H8,Tornada,23,Còrsega - Bailèn,3314,08:05:10,5.17,9.533333333333333,572.0,
6216,2,H8,Tornada,23,Còrsega - Bailèn,3314,08:14:25,14.42,9.25,555.0,
6413,2,H8,Tornada,23,Còrsega - Bailèn,3314,08:28:35,28.58,14.166666666666666,850.0,
6217,2,H8,Tornada,23,Còrsega - Bailèn,3314,08:31:44,31.73,3.1499999999666666,189.0,
6415,2,H8,Tornada,23,Còrsega - Bailèn,3314,08:42:40,42.67,10.933333333366667,656.0,"3,4,5,6"
6026,2,H8,Tornada,23,Còrsega - Bailèn,3314,08:50:44,50.73,8.066666666666666,484.0,
6209,2,H8,Tornada,23,Còrsega - Bailèn,3314,08:57:41,57.68,6.949999999966667,417.0,"5,6"
6022,2,H8,Tornada,23,Còrsega - Bailèn,3314,09:06:30,6.5,8.816666666666666,529.0,3
6408,2,H8,Tornada,23,Còrsega - Bailèn,3314,09:15:39,15.65,9.166666666633335,550.0,
6215,2,H8,Tornada,23,Còrsega - Bailèn,3314,09:23:43,23.72,8.066666666666666,484.0,
6409,3,H8,Tornada,23,Còrsega - Bailèn,3314,09:39:40,39.67,15.933333333366667,956.0,
6056,2,H8,Tornada,23,Còrsega - Bailèn,3314,09:45:37,45.62,5.9666666666333334,358.0,
6411,3,H8,Tornada,23,Còrsega - Bailèn,3314,09:57:00,57.0,11.3666666667,682.0,
6055,2,H8,Tornada,23,Còrsega - Bailèn,3314,10:01:55,1.92,4.916666666666667,295.0,
6414,2,H8,Tornada,23,Còrsega - Bailèn,3314,10:14:21,14.35,12.433333333366667,746.0,
6800,2,H8,Tornada,23,Còrsega - Bailèn,3314,10:24:22,24.37,10.016666666633334,601.0,
6213,3,H8,Tornada,23,Còrsega - Bailèn,3314,10:31:29,31.48,7.1333333333,428.0,
6407,2,H8,Tornada,23,Còrsega - Bailèn,3314,10:44:35,44.58,13.083333333399999,785.0,
6211,3,H8,Tornada,23,Còrsega - Bailèn,3314,10:58:27,58.45,13.866666666633334,832.0,
6212,3,H8,Tornada,23,Còrsega - Bailèn,3314,11:07:39,7.65,9.216666666633333,553.0,
6216,3,H8,Tornada,23,Còrsega - Bailèn,3314,11:17:58,17.97,10.316666666666666,619.0,
6413,3,H8,Tornada,23,Còrsega - Bailèn,3314,11:28:46,28.77,10.8,648.0,
TEMP_ErnestLluch_3314,1,H8,Tornada,23,Còrsega - Bailèn,3314,11:39:11,39.18,10.400000000033334,624.0,"1,2,3,4,5,6,7,8,9,10,11,12,13,14,15,16,17,18,19,20,21,22,24,25,26,27,28,29,30,31,32,33,34,35,36,37,38"
6415,3,H8,Tornada,23,Còrsega - Bailèn,3314,11:48:39,48.65,9.466666666633333,568.0,
6026,3,H8,Tornada,23,Còrsega - Bailèn,3314,11:54:39,54.65,6.016666666616667,361.0,
6209,3,H8,Tornada,23,Còrsega - Bailèn,3314,12:03:59,3.98,9.33333333335,560.0,
6408,3,H8,Tornada,23,Còrsega - Bailèn,3314,12:13:28,13.47,9.4666666667,568.0,
6215,3,H8,Tornada,23,Còrsega - Bailèn,3314,12:26:36,26.6,13.149999999966667,789.0,
6409,4,H8,Tornada,23,Còrsega - Bailèn,3314,12:33:30,33.5,6.883333333366666,413.0,5
6056,3,H8,Tornada,23,Còrsega - Bailèn,3314,12:42:42,42.7,9.2,552.0,
6411,4,H8,Tornada,23,Còrsega - Bailèn,3314,12:58:03,58.05,15.366666666633334,922.0,
6055,3,H8,Tornada,23,Còrsega - Bailèn,3314,13:02:39,2.65,4.583333333366666,275.0,
6414,3,H8,Tornada,23,Còrsega - Bailèn,3314,13:17:30,17.5,14.866666666633334,892.0,
6800,3,H8,Tornada,23,Còrsega - Bailèn,3314,13:22:36,22.6,5.1,306.0,
6213,4,H8,Tornada,23,Còrsega - Bailèn,3314,13:31:43,31.72,9.116666666666667,547.0,3
6407,3,H8,Tornada,23,Còrsega - Bailèn,3314,13:45:03,45.05,13.333333333333334,800.0,
6211,4,H8,Tornada,23,Còrsega - Bailèn,3314,13:55:57,55.95,10.8833333334,653.0,
6212,4,H8,Tornada,23,Còrsega - Bailèn,3314,14:01:16,1.27,5.333333333266666,320.0,
6216,4,H8,Tornada,23,Còrsega - Bailèn,3314,14:13:05,13.08,11.800000000066666,708.0,
6413,4,H8,Tornada,23,Còrsega - Bailèn,3314,14:22:03,22.05,8.983333333266668,539.0,
6217,4,H8,Tornada,23,Còrsega - Bailèn,3314,14:32:58,32.97,10.900000000066665,654.0,
6415,4,H8,Tornada,23,Còrsega - Bailèn,3314,14:40:49,40.82,7.8666666666,472.0,
6200,1,H8,Tornada,23,Còrsega - Bailèn,3314,14:55:58,55.97,15.15,909.0,
6209,4,H8,Tornada,23,Còrsega - Bailèn,3314,15:01:35,1.58,5.616666666666666,337.0,
6408,4,H8,Tornada,23,Còrsega - Bailèn,3314,15:14:15,14.25,12.650000000033334,759.0,
6215,4,H8,Tornada,23,Còrsega - Bailèn,3314,15:31:44,31.73,17.49999999996667,1050.0,
6409,5,H8,Tornada,23,Còrsega - Bailèn,3314,15:33:50,33.83,2.0833333333666664,125.0,
6056,4,H8,Tornada,23,Còrsega - Bailèn,3314,15:41:16,41.27,7.433333333366666,446.0,
6411,5,H8,Tornada,23,Còrsega - Bailèn,3314,15:55:13,55.22,13.949999999966668,837.0,
6055,4,H8,Tornada,23,Còrsega - Bailèn,3314,16:00:03,0.05,4.833333333366666,290.0,
6414,4,H8,Tornada,23,Còrsega - Bailèn,3314,16:17:38,17.63,17.599999999933335,1056.0,
6800,4,H8,Tornada,23,Còrsega - Bailèn,3314,16:27:44,27.73,9.133333333333333,548.0,
6213,5,H8,Tornada,23,Còrsega - Bailèn,3314,16:34:53,34.88,7.166666666633334,430.0,
6407,4,H8,Tornada,23,Còrsega - Bailèn,3314,16:47:09,47.15,12.25000000005,735.0,
6211,5,H8,Tornada,23,Còrsega - Bailèn,3314,16:56:24,56.4,9.266666666616667,556.0,
6212,5,H8,Tornada,23,Còrsega - Bailèn,3314,17:09:49,9.82,13.400000000066665,804.0,
6036,1,H8,Tornada,23,Còrsega - Bailèn,3314,17:13:06,13.1,3.2833333333,197.0,
6216,5,H8,Tornada,23,Còrsega - Bailèn,3314,17:24:17,24.28,11.183333333333334,671.0,
6413,5,H8,Tornada,23,Còrsega - Bailèn,3314,17:33:02,33.03,8.750000000033333,525.0,
6217,5,H8,Tornada,23,Còrsega - Bailèn,3314,17:34:55,34.92,1.8833333333000002,113.0,
6415,5,H8,Tornada,23,Còrsega - Bailèn,3314,17:43:13,43.22,8.300000000033332,498.0,
6209,5,H8,Tornada,23,Còrsega - Bailèn,3314,18:00:47,0.78,17.566666666666666,1054.0,"1,2"
6026,5,H8,Tornada,23,Còrsega - Bailèn,3314,18:19:03,19.05,18.266666666633334,1096.0,"34,35,36,37,38"
6215,5,H8,Tornada,23,Còrsega - Bailèn,3314,18:21:50,21.83,2.7000000000333335,162.0,"16,17,18"
6409,6,H8,Tornada,23,Còrsega - Bailèn,3314,18:30:10,30.17,8.349999999966666,501.0,"1,2"
6056,5,H8,Tornada,23,Còrsega - Bailèn,3314,18:40:12,40.2,10.016666666699999,601.0,
6411,6,H8,Tornada,23,Còrsega - Bailèn,3314,18:49:28,49.47,9.2833333333,557.0,
6414,5,H8,Tornada,23,Còrsega - Bailèn,3314,19:08:23,8.38,18.900000000066665,1134.0,12
6800,5,H8,Tornada,23,Còrsega - Bailèn,3314,19:13:26,13.43,5.05,303.0,"1,2"
6015,2,H8,Tornada,23,Còrsega - Bailèn,3314,19:14:55,14.92,1.4999999999333333,90.0,"9,10,11,12,24,25,26,27,28,29,30,31,32,33,34,35,36,37,38"
6213,6,H8,Tornada,23,Còrsega - Bailèn,3314,19:26:12,26.2,11.283333333349999,677.0,
6407,5,H8,Tornada,23,Còrsega - Bailèn,3314,19:37:08,37.13,10.933333333316666,656.0,
6036,2,H8,Tornada,23,Còrsega - Bailèn,3314,19:57:06,57.1,19.966666666666665,1198.0,
6216,6,H8,Tornada,23,Còrsega - Bailèn,3314,20:12:20,12.33,15.216666666733333,913.0,"25,26,27,28,29,30,31,32,33,34,35,36,37,38"
6413,6,H8,Tornada,23,Còrsega - Bailèn,3314,20:16:57,16.95,4.633333333266666,278.0,
6415,6,H8,Tornada,23,Còrsega - Bailèn,3314,20:18:37,18.62,1.6500000000666666,99.0,37
6200,3,H8,Tornada,23,Còrsega - Bailèn,3314,20:33:02,33.03,14.433333333266667,866.0,
6408,7,H8,Tornada,23,Còrsega - Bailèn,3314,20:50:03,50.05,17.00000000003333,1020.0,
6409,7,H8,Tornada,23,Còrsega - Bailèn,3314,21:02:12,2.2,12.150000000033334,729.0,
6411,7,H8,Tornada,23,Còrsega - Bailèn,3314,21:22:12,22.2,20.0166666666,1201.0,11
6414,6,H8,Tornada,23,Còrsega - Bailèn,3314,21:42:12,42.2,19.983333333366666,1199.0,
6213,7,H8,Tornada,23,Còrsega - Bailèn,3314,22:02:08,2.13,19.949999999966668,1197.0,21
6409,1,H8,Tornada,24,Còrsega - Llúria,3315,03:54:17,54.28,,,"1,2,3,4,5,6,7,8,9,10,11,12,13,23"
6411,1,H8,Tornada,24,Còrsega - Llúria,3315,04:08:43,8.72,14.4166666667,865.0,1
6117,1,H8,Tornada,24,Còrsega - Llúria,3315,04:24:27,24.45,15.733333333333333,944.0,3
6213,1,H8,Tornada,24,Còrsega - Llúria,3315,04:37:13,37.22,12.766666666683333,766.0,
6211,1,H8,Tornada,24,Còrsega - Llúria,3315,05:01:25,1.42,24.200000000016665,1452.0,
6212,1,H8,Tornada,24,Còrsega - Llúria,3315,05:07:44,7.73,6.316666666666666,379.0,
6216,1,H8,Tornada,24,Còrsega - Llúria,3315,05:25:24,25.4,17.666666666666668,1060.0,"1,2"
6413,1,H8,Tornada,24,Còrsega - Llúria,3315,05:32:10,32.17,6.7833333332666665,407.0,
6217,1,H8,Tornada,24,Còrsega - Llúria,3315,05:35:57,35.95,3.7666666667,226.0,
6415,1,H8,Tornada,24,Còrsega - Llúria,3315,05:44:41,44.68,8.749999999966667,525.0,
6026,1,H8,Tornada,24,Còrsega - Llúria,3315,05:52:47,52.78,8.083333333366665,485.0,
6209,1,H8,Tornada,24,Còrsega - Llúria,3315,06:02:17,2.28,9.500000000033333,570.0,
6022,1,H8,Tornada,24,Còrsega - Llúria,3315,06:13:48,13.8,11.533333333266667,692.0,"5,8"
6408,1,H8,Tornada,24,Còrsega - Llúria,3315,06:28:26,28.43,14.6166666667,877.0,
6215,1,H8,Tornada,24,Còrsega - Llúria,3315,06:31:21,31.35,2.9333333333,176.0,
6409,2,H8,Tornada,24,Còrsega - Llúria,3315,06:40:57,40.95,9.583333333366665,575.0,
6056,1,H8,Tornada,24,Còrsega - Llúria,3315,06:47:55,47.92,6.966666666666667,418.0,"13,14"
6411,2,H8,Tornada,24,Còrsega - Llúria,3315,06:57:21,57.35,9.433333333366667,566.0,
6055,1,H8,Tornada,24,Còrsega - Llúria,3315,07:04:58,4.97,7.616666666633334,457.0,
6414,1,H8,Tornada,24,Còrsega - Llúria,3315,07:16:26,16.43,11.483333333300001,689.0,
6117,2,H8,Tornada,24,Còrsega - Llúria,3315,07:21:12,21.2,4.766666666666667,286.0,
6800,1,H8,Tornada,24,Còrsega - Llúria,3315,07:32:14,32.23,11.016666666733332,661.0,
6213,2,H8,Tornada,24,Còrsega - Llúria,3315,07:35:13,35.22,2.9833333333333334,179.0,
6407,1,H8,Tornada,24,Còrsega - Llúria,3315,07:49:41,49.68,14.466666666633333,868.0,
6211,2,H8,Tornada,24,Còrsega - Llúria,3315,07:55:59,55.98,6.300000000033333,378.0,
6212,2,H8,Tornada,24,Còrsega - Llúria,3315,08:05:36,5.6,9.616666666633334,577.0,
6216,2,H8,Tornada,24,Còrsega - Llúria,3315,08:16:33,16.55,10.950000000033333,657.0,
6413,2,H8,Tornada,24,Còrsega - Llúria,3315,08:30:01,30.02,13.466666666666667,808.0,
6217,2,H8,Tornada,24,Còrsega - Llúria,3315,08:32:47,32.78,2.7666666666666666,166.0,
6415,2,H8,Tornada,24,Còrsega - Llúria,3315,08:43:43,43.72,10.933333333333334,656.0,"3,4,5,6"
6026,2,H8,Tornada,24,Còrsega - Llúria,3315,08:52:04,52.07,8.35,501.0,
6209,2,H8,Tornada,24,Còrsega - Llúria,3315,08:58:44,58.73,6.666666666633334,400.0,"5,6"
6022,2,H8,Tornada,24,Còrsega - Llúria,3315,09:07:50,7.83,9.100000000033333,546.0,3
6408,2,H8,Tornada,24,Còrsega - Llúria,3315,09:17:37,17.62,9.799999999933334,588.0,
6215,2,H8,Tornada,24,Còrsega - Llúria,3315,09:25:07,25.12,7.4833333334,449.0,
6409,3,H8,Tornada,24,Còrsega - Llúria,3315,09:40:28,40.47,15.349999999966666,921.0,
6056,2,H8,Tornada,24,Còrsega - Llúria,3315,09:46:49,46.82,6.350000000033333,381.0,
6411,3,H8,Tornada,24,Còrsega - Llúria,3315,09:57:47,57.78,10.966666666633333,658.0,
6055,2,H8,Tornada,24,Còrsega - Llúria,3315,10:02:20,2.33,4.550000000033333,273.0,
6414,2,H8,Tornada,24,Còrsega - Llúria,3315,10:15:36,15.6,13.266666666666667,796.0,
6800,2,H8,Tornada,24,Còrsega - Llúria,3315,10:26:01,26.02,10.433333333266667,626.0,
6213,3,H8,Tornada,24,Còrsega - Llúria,3315,10:32:43,32.72,6.6833333334,401.0,
6407,2,H8,Tornada,24,Còrsega - Llúria,3315,10:45:41,45.68,12.983333333266668,779.0,
6211,3,H8,Tornada,24,Còrsega - Llúria,3315,10:59:42,59.7,14.016666666666667,841.0,
6212,3,H8,Tornada,24,Còrsega - Llúria,3315,11:09:10,9.17,9.450000000066666,567.0,
6216,3,H8,Tornada,24,Còrsega - Llúria,3315,11:18:58,18.97,9.799999999966667,588.0,
6413,3,H8,Tornada,24,Còrsega - Llúria,3315,11:30:11,30.18,11.2166666667,673.0,
TEMP_ErnestLluch_3315,1,H8,Tornada,24,Còrsega - Llúria,3315,11:40:26,40.43,10.249999999966667,615.0,"1,2,3,4,5,6,7,8,9,10,11,12,13,14,15,16,17,18,19,20,21,22,23,25,26,27,28,29,30,31,32,33,34,35,36,37,38"
6415,3,H8,Tornada,24,Còrsega - Llúria,3315,11:50:56,50.93,10.5,630.0,
6026,3,H8,Tornada,24,Còrsega - Llúria,3315,11:56:06,56.1,5.166666666666667,310.0,
6209,3,H8,Tornada,24,Còrsega - Llúria,3315,12:05:38,5.63,9.5333333333,572.0,
6408,3,H8,Tornada,24,Còrsega - Llúria,3315,12:13:32,13.53,7.916666666633334,475.0,
6215,3,H8,Tornada,24,Còrsega - Llúria,3315,12:27:53,27.88,14.333333333399999,860.0,
6409,4,H8,Tornada,24,Còrsega - Llúria,3315,12:34:44,34.73,6.8666666666,412.0,5
6056,3,H8,Tornada,24,Còrsega - Llúria,3315,12:44:22,44.37,9.616666666733332,577.0,
6411,4,H8,Tornada,24,Còrsega - Llúria,3315,13:00:01,0.02,15.649999999966667,939.0,
6055,3,H8,Tornada,24,Còrsega - Llúria,3315,13:03:04,3.07,3.0500000000333336,183.0,
6414,3,H8,Tornada,24,Còrsega - Llúria,3315,13:19:01,19.02,15.949999999966668,957.0,
6800,3,H8,Tornada,24,Còrsega - Llúria,3315,13:23:53,23.88,4.8666666667,292.0,
6213,4,H8,Tornada,24,Còrsega - Llúria,3315,13:32:07,32.12,8.249999999933333,495.0,3
6407,3,H8,Tornada,24,Còrsega - Llúria,3315,13:46:28,46.47,14.333333333399999,860.0,
6211,4,H8,Tornada,24,Còrsega - Llúria,3315,13:57:42,57.7,11.233333333300001,674.0,
6212,4,H8,Tornada,24,Còrsega - Llúria,3315,14:02:16,2.27,4.566666666666666,274.0,
6216,4,H8,Tornada,24,Còrsega - Llúria,3315,14:14:56,14.93,12.666666666666666,760.0,
6413,4,H8,Tornada,24,Còrsega - Llúria,3315,14:23:17,23.28,8.366666666633334,502.0,
6217,4,H8,Tornada,24,Còrsega - Llúria,3315,14:34:08,34.13,10.833333333366665,650.0,
6415,4,H8,Tornada,24,Còrsega - Llúria,3315,14:42:11,42.18,8.066666666633333,484.0,
6200,1,H8,Tornada,24,Còrsega - Llúria,3315,14:56:47,56.78,14.583333333399999,875.0,
6209,4,H8,Tornada,24,Còrsega - Llúria,3315,15:02:51,2.85,6.066666666633334,364.0,
6408,4,H8,Tornada,24,Còrsega - Llúria,3315,15:15:45,15.75,12.9,774.0,
6215,4,H8,Tornada,24,Còrsega - Llúria,3315,15:32:47,32.78,17.033333333366667,1022.0,
6409,5,H8,Tornada,24,Còrsega - Llúria,3315,15:34:50,34.83,2.0666666666,124.0,
6056,4,H8,Tornada,24,Còrsega - Llúria,3315,15:41:56,41.93,7.083333333400001,425.0,
6411,5,H8,Tornada,24,Còrsega - Llúria,3315,15:56:05,56.08,14.166666666583334,850.0,
6055,4,H8,Tornada,24,Còrsega - Llúria,3315,16:02:09,2.15,6.050000000050001,363.0,
6414,4,H8,Tornada,24,Còrsega - Llúria,3315,16:18:25,18.42,16.2666666667,976.0,
6015,1,H8,Tornada,24,Còrsega - Llúria,3315,16:19:56,19.93,1.5333333332666668,92.0,
6800,4,H8,Tornada,24,Còrsega - Llúria,3315,16:29:13,29.22,9.283333333333333,557.0,
6213,5,H8,Tornada,24,Còrsega - Llúria,3315,16:35:59,35.98,6.750000000033333,405.0,
6407,4,H8,Tornada,24,Còrsega - Llúria,3315,16:49:02,49.03,13.05,783.0,
6211,5,H8,Tornada,24,Còrsega - Llúria,3315,16:58:10,58.17,9.133333333333333,548.0,
6212,5,H8,Tornada,24,Còrsega - Llúria,3315,17:11:01,11.02,12.866666666633334,772.0,
6036,1,H8,Tornada,24,Còrsega - Llúria,3315,17:14:27,14.45,3.433333333333333,206.0,
6216,5,H8,Tornada,24,Còrsega - Llúria,3315,17:25:38,25.63,11.1666666667,670.0,
6413,5,H8,Tornada,24,Còrsega - Llúria,3315,17:34:02,34.03,8.416666666633335,505.0,
6217,5,H8,Tornada,24,Còrsega - Llúria,3315,17:36:37,36.62,2.5833333333333335,155.0,
6415,5,H8,Tornada,24,Còrsega - Llúria,3315,17:44:27,44.45,7.816666666733334,469.0,
6209,5,H8,Tornada,24,Còrsega - Llúria,3315,18:02:24,2.4,17.949999999966668,1077.0,"1,2"
6200,2,H8,Tornada,24,Còrsega - Llúria,3315,18:20:07,20.12,17.7166666667,1063.0,
6215,5,H8,Tornada,24,Còrsega - Llúria,3315,18:23:08,23.13,2.5000000000333333,150.0,"16,17,18"
6409,6,H8,Tornada,24,Còrsega - Llúria,3315,18:31:15,31.25,8.116666666666667,487.0,"1,2"
6056,5,H8,Tornada,24,Còrsega - Llúria,3315,18:41:19,41.32,10.0666666667,604.0,
6411,6,H8,Tornada,24,Còrsega - Llúria,3315,18:50:10,50.17,8.85,531.0,
6414,5,H8,Tornada,24,Còrsega - Llúria,3315,19:09:29,9.48,19.33333333326667,1160.0,12
6800,5,H8,Tornada,24,Còrsega - Llúria,3315,19:14:16,14.27,4.7666666667166675,286.0,"1,2"
6213,6,H8,Tornada,24,Còrsega - Llúria,3315,19:27:22,27.37,13.100000000016667,786.0,
6407,5,H8,Tornada,24,Còrsega - Llúria,3315,19:38:09,38.15,10.799999999933334,648.0,
6212,6,H8,Tornada,24,Còrsega - Llúria,3315,19:44:44,44.73,6.58333333335,395.0,"1,2,3,4,5,6,7,8,9,10,11,12,13,14,15,16,17,18,19,20,21,22,23"
6036,2,H8,Tornada,24,Còrsega - Llúria,3315,19:57:21,57.35,12.600000000016667,756.0,
6216,6,H8,Tornada,24,Còrsega - Llúria,3315,20:13:19,13.32,15.966666666666667,958.0,"25,26,27,28,29,30,31,32,33,34,35,36,37,38"
6413,6,H8,Tornada,24,Còrsega - Llúria,3315,20:18:19,18.32,5.000000000033333,300.0,
6415,6,H8,Tornada,24,Còrsega - Llúria,3315,20:19:38,19.63,1.3166666666333335,79.0,37
6200,3,H8,Tornada,24,Còrsega - Llúria,3315,20:34:17,34.28,14.65,879.0,
6408,7,H8,Tornada,24,Còrsega - Llúria,3315,20:50:33,50.55,16.266666666666666,976.0,
6409,7,H8,Tornada,24,Còrsega - Llúria,3315,21:02:49,2.82,12.266666666699999,736.0,
6411,7,H8,Tornada,24,Còrsega - Llúria,3315,21:23:33,23.55,20.7333333333,1244.0,11
6414,6,H8,Tornada,24,Còrsega - Llúria,3315,21:43:26,43.43,19.883333333333333,1193.0,
6213,7,H8,Tornada,24,Còrsega - Llúria,3315,22:02:50,2.83,19.400000000033334,1164.0,21
6409,1,H8,Tornada,25,Diagonal - Pg de Gràcia,1520,03:54:45,54.75,,,"1,2,3,4,5,6,7,8,9,10,11,12,13,23"
6411,1,H8,Tornada,25,Diagonal - Pg de Gràcia,1520,04:10:16,10.27,15.516666666666667,931.0,1
6117,1,H8,Tornada,25,Diagonal - Pg de Gràcia,1520,04:26:53,26.88,16.6166666667,997.0,3
6213,1,H8,Tornada,25,Diagonal - Pg de Gràcia,1520,04:39:06,39.1,12.23333333325,734.0,
6211,1,H8,Tornada,25,Diagonal - Pg de Gràcia,1520,05:04:19,4.32,25.20000000008333,1512.0,
6212,1,H8,Tornada,25,Diagonal - Pg de Gràcia,1520,05:09:45,9.75,5.4499999999333335,327.0,
6216,1,H8,Tornada,25,Diagonal - Pg de Gràcia,1520,05:28:23,28.38,18.616666666733334,1117.0,"1,2"
6413,1,H8,Tornada,25,Diagonal - Pg de Gràcia,1520,05:34:39,34.65,6.266666666633333,376.0,
6217,1,H8,Tornada,25,Diagonal - Pg de Gràcia,1520,05:37:55,37.92,3.2833333333,197.0,
6415,1,H8,Tornada,25,Diagonal - Pg de Gràcia,1520,05:48:01,48.02,10.1,606.0,
6026,1,H8,Tornada,25,Diagonal - Pg de Gràcia,1520,05:55:21,55.35,7.316666666733334,439.0,
6209,1,H8,Tornada,25,Diagonal - Pg de Gràcia,1520,06:06:19,6.32,10.966666666633333,658.0,
6022,1,H8,Tornada,25,Diagonal - Pg de Gràcia,1520,06:17:14,17.23,10.916666666666666,655.0,"5,8"
6408,1,H8,Tornada,25,Diagonal - Pg de Gràcia,1520,06:31:26,31.43,14.2,852.0,
6215,1,H8,Tornada,25,Diagonal - Pg de Gràcia,1520,06:34:30,34.5,3.0833333332999997,185.0,
6409,2,H8,Tornada,25,Diagonal - Pg de Gràcia,1520,06:44:13,44.22,9.700000000033333,582.0,
6056,1,H8,Tornada,25,Diagonal - Pg de Gràcia,1520,06:51:26,51.43,7.2333333333,434.0,"13,14"
6411,2,H8,Tornada,25,Diagonal - Pg de Gràcia,1520,07:00:18,0.3,8.866666666683333,532.0,
6055,1,H8,Tornada,25,Diagonal - Pg de Gràcia,1520,07:08:16,8.27,7.96666666665,478.0,
6414,1,H8,Tornada,25,Diagonal - Pg de Gràcia,1520,07:19:23,19.38,11.100000000033333,666.0,
6117,2,H8,Tornada,25,Diagonal - Pg de Gràcia,1520,07:24:44,24.73,5.366666666633334,322.0,
6800,1,H8,Tornada,25,Diagonal - Pg de Gràcia,1520,07:35:16,35.27,10.533333333333333,632.0,
6213,2,H8,Tornada,25,Diagonal - Pg de Gràcia,1520,07:38:34,38.57,3.2833333334,197.0,
6407,1,H8,Tornada,25,Diagonal - Pg de Gràcia,1520,07:52:53,52.88,14.333333333266667,860.0,
6211,2,H8,Tornada,25,Diagonal - Pg de Gràcia,1520,08:01:15,1.25,8.366666666666667,502.0,
6212,2,H8,Tornada,25,Diagonal - Pg de Gràcia,1520,08:08:44,8.73,7.466666666699999,448.0,
6216,2,H8,Tornada,25,Diagonal - Pg de Gràcia,1520,08:20:29,20.48,11.766666666633334,706.0,
6413,2,H8,Tornada,25,Diagonal - Pg de Gràcia,1520,08:32:38,32.63,12.15,729.0,
6217,2,H8,Tornada,25,Diagonal - Pg de Gràcia,1520,08:36:43,36.72,4.0666666667,244.0,
6415,2,H8,Tornada,25,Diagonal - Pg de Gràcia,1520,08:46:47,46.78,10.0666666667,604.0,"3,4,5,6"
6026,2,H8,Tornada,25,Diagonal - Pg de Gràcia,1520,08:55:01,55.02,8.249999999933333,495.0,
6209,2,H8,Tornada,25,Diagonal - Pg de Gràcia,1520,09:01:26,1.43,6.400000000066667,384.0,"5,6"
6022,2,H8,Tornada,25,Diagonal - Pg de Gràcia,1520,09:11:22,11.37,9.949999999933334,597.0,3
6408,2,H8,Tornada,25,Diagonal - Pg de Gràcia,1520,09:20:44,20.73,9.350000000033333,561.0,
6215,2,H8,Tornada,25,Diagonal - Pg de Gràcia,1520,09:29:05,29.08,8.366666666633334,502.0,
6409,3,H8,Tornada,25,Diagonal - Pg de Gràcia,1520,09:43:27,43.45,14.366666666666667,862.0,
6056,2,H8,Tornada,25,Diagonal - Pg de Gràcia,1520,09:49:51,49.85,6.383333333366666,383.0,
6411,3,H8,Tornada,25,Diagonal - Pg de Gràcia,1520,10:01:11,1.18,11.333333333366665,680.0,
6055,2,H8,Tornada,25,Diagonal - Pg de Gràcia,1520,10:06:30,6.5,5.333333333266666,320.0,
6414,2,H8,Tornada,25,Diagonal - Pg de Gràcia,1520,10:18:41,18.68,12.183333333333334,731.0,
6800,2,H8,Tornada,25,Diagonal - Pg de Gràcia,1520,10:29:31,29.52,10.8166666667,649.0,
6213,3,H8,Tornada,25,Diagonal - Pg de Gràcia,1520,10:36:09,36.15,6.649999999966667,399.0,
6407,2,H8,Tornada,25,Diagonal - Pg de Gràcia,1520,10:48:59,48.98,12.816666666733333,769.0,
6211,3,H8,Tornada,25,Diagonal - Pg de Gràcia,1520,11:03:43,3.72,14.733333333333333,884.0,
6212,3,H8,Tornada,25,Diagonal - Pg de Gràcia,1520,11:13:03,13.05,9.333333333333334,560.0,
6216,3,H8,Tornada,25,Diagonal - Pg de Gràcia,1520,11:22:25,22.42,9.366666666633334,562.0,
6413,3,H8,Tornada,25,Diagonal - Pg de Gràcia,1520,11:33:28,33.47,11.050000000033332,663.0,
TEMP_ErnestLluch_1520,1,H8,Tornada,25,Diagonal - Pg de Gràcia,1520,11:43:24,43.4,9.949999999933334,597.0,"1,2,3,4,5,6,7,8,9,10,11,12,13,14,15,16,17,18,19,20,21,22,23,24,26,27,28,29,30,31,32,33,34,35,36,37,38"
6415,3,H8,Tornada,25,Diagonal - Pg de Gràcia,1520,11:54:33,54.55,11.149999999966667,669.0,
6026,3,H8,Tornada,25,Diagonal - Pg de Gràcia,1520,11:58:59,58.98,4.416666666733334,265.0,
6209,3,H8,Tornada,25,Diagonal - Pg de Gràcia,1520,12:07:33,7.55,8.566666666666666,514.0,
6408,3,H8,Tornada,25,Diagonal - Pg de Gràcia,1520,12:16:39,16.65,9.116666666583335,547.0,
6215,3,H8,Tornada,25,Diagonal - Pg de Gràcia,1520,12:31:05,31.08,14.43333333335,866.0,
6409,4,H8,Tornada,25,Diagonal - Pg de Gràcia,1520,12:37:55,37.92,6.816666666733334,409.0,5
6056,3,H8,Tornada,25,Diagonal - Pg de Gràcia,1520,12:45:49,45.82,7.899999999966667,474.0,
6411,4,H8,Tornada,25,Diagonal - Pg de Gràcia,1520,13:03:04,3.07,17.266666666633334,1036.0,
6055,3,H8,Tornada,25,Diagonal - Pg de Gràcia,1520,13:06:18,6.3,3.216666666733333,193.0,
6414,3,H8,Tornada,25,Diagonal - Pg de Gràcia,1520,13:22:02,22.03,15.733333333300001,944.0,
6800,3,H8,Tornada,25,Diagonal - Pg de Gràcia,1520,13:26:26,26.43,4.400000000033333,264.0,
6213,4,H8,Tornada,25,Diagonal - Pg de Gràcia,1520,13:34:35,34.58,8.149999999966667,489.0,3
6407,3,H8,Tornada,25,Diagonal - Pg de Gràcia,1520,13:49:29,49.48,14.9,894.0,
6211,4,H8,Tornada,25,Diagonal - Pg de Gràcia,1520,14:00:16,0.27,10.783333333333333,647.0,
6212,4,H8,Tornada,25,Diagonal - Pg de Gràcia,1520,14:04:22,4.37,4.116666666633333,247.0,
6216,4,H8,Tornada,25,Diagonal - Pg de Gràcia,1520,14:18:27,18.45,14.0666666667,844.0,
6413,4,H8,Tornada,25,Diagonal - Pg de Gràcia,1520,14:26:34,26.57,8.1333333333,488.0,
6217,4,H8,Tornada,25,Diagonal - Pg de Gràcia,1520,14:37:16,37.27,10.7,642.0,
6415,4,H8,Tornada,25,Diagonal - Pg de Gràcia,1520,14:45:30,45.5,8.2166666667,493.0,
6200,1,H8,Tornada,25,Diagonal - Pg de Gràcia,1520,14:59:47,59.78,14.283333333333333,857.0,
6209,4,H8,Tornada,25,Diagonal - Pg de Gràcia,1520,15:06:41,6.68,6.900000000033333,414.0,
6408,4,H8,Tornada,25,Diagonal - Pg de Gràcia,1520,15:19:28,19.47,12.7833333333,767.0,
6215,4,H8,Tornada,25,Diagonal - Pg de Gràcia,1520,15:35:23,35.38,15.9166666667,955.0,
6409,5,H8,Tornada,25,Diagonal - Pg de Gràcia,1520,15:38:41,38.68,3.3166666666,199.0,
6056,4,H8,Tornada,25,Diagonal - Pg de Gràcia,1520,15:44:30,44.5,5.816666666666666,349.0,
6411,5,H8,Tornada,25,Diagonal - Pg de Gràcia,1520,15:58:52,58.87,14.366666666666667,862.0,
6055,4,H8,Tornada,25,Diagonal - Pg de Gràcia,1520,16:04:48,4.8,5.916666666699999,355.0,
6414,4,H8,Tornada,25,Diagonal - Pg de Gràcia,1520,16:21:27,21.45,16.650000000033334,999.0,
6015,1,H8,Tornada,25,Diagonal - Pg de Gràcia,1520,16:22:58,22.97,1.5166666666333335,91.0,
6800,4,H8,Tornada,25,Diagonal - Pg de Gràcia,1520,16:32:11,32.18,9.216666666666667,553.0,
6213,5,H8,Tornada,25,Diagonal - Pg de Gràcia,1520,16:38:53,38.88,6.7166666666333334,403.0,
6407,4,H8,Tornada,25,Diagonal - Pg de Gràcia,1520,16:51:50,51.83,12.933333333366667,776.0,
6211,5,H8,Tornada,25,Diagonal - Pg de Gràcia,1520,17:01:21,1.35,9.516666666666667,571.0,
6212,5,H8,Tornada,25,Diagonal - Pg de Gràcia,1520,17:13:38,13.63,12.283333333333333,737.0,
6036,1,H8,Tornada,25,Diagonal - Pg de Gràcia,1520,17:17:30,17.5,3.8666666666666667,232.0,
6216,5,H8,Tornada,25,Diagonal - Pg de Gràcia,1520,17:28:18,28.3,10.800000000033332,648.0,
6413,5,H8,Tornada,25,Diagonal - Pg de Gràcia,1520,17:36:23,36.38,8.0833333333,485.0,
6217,5,H8,Tornada,25,Diagonal - Pg de Gràcia,1520,17:39:36,39.6,3.2166666667,193.0,
6415,5,H8,Tornada,25,Diagonal - Pg de Gràcia,1520,17:47:35,47.58,7.9833333333,479.0,
6209,5,H8,Tornada,25,Diagonal - Pg de Gràcia,1520,18:04:53,4.88,17.316666666633335,1039.0,"1,2"
6026,5,H8,Tornada,25,Diagonal - Pg de Gràcia,1520,18:22:17,22.28,17.4,1044.0,"34,35,36,37,38"
6215,5,H8,Tornada,25,Diagonal - Pg de Gràcia,1520,18:25:59,25.98,3.3500000000333334,201.0,"16,17,18"
6409,6,H8,Tornada,25,Diagonal - Pg de Gràcia,1520,18:33:56,33.93,7.9666666665833334,478.0,"1,2"
6056,5,H8,Tornada,25,Diagonal - Pg de Gràcia,1520,18:43:29,43.48,9.533333333416666,572.0,
6411,6,H8,Tornada,25,Diagonal - Pg de Gràcia,1520,18:52:20,52.33,8.8666666666,532.0,
6414,5,H8,Tornada,25,Diagonal - Pg de Gràcia,1520,19:11:48,11.8,19.450000000066666,1167.0,12
6800,5,H8,Tornada,25,Diagonal - Pg de Gràcia,1520,19:16:53,16.88,5.083333333300001,305.0,"1,2"
6213,6,H8,Tornada,25,Diagonal - Pg de Gràcia,1520,19:29:52,29.87,12.983333333366666,779.0,
6407,5,H8,Tornada,25,Diagonal - Pg de Gràcia,1520,19:40:49,40.82,10.949999999966668,657.0,
6212,6,H8,Tornada,25,Diagonal - Pg de Gràcia,1520,19:46:53,46.88,6.0666666667,364.0,"1,2,3,4,5,6,7,8,9,10,11,12,13,14,15,16,17,18,19,20,21,22,23"
6036,2,H8,Tornada,25,Diagonal - Pg de Gràcia,1520,19:59:54,59.9,13.016666666633334,781.0,
6413,6,H8,Tornada,25,Diagonal - Pg de Gràcia,1520,20:20:45,20.75,20.850000000033333,1251.0,
6200,3,H8,Tornada,25,Diagonal - Pg de Gràcia,1520,20:37:01,37.02,15.9,954.0,
6408,7,H8,Tornada,25,Diagonal - Pg de Gràcia,1520,20:53:11,53.18,16.150000000033334,969.0,
6409,7,H8,Tornada,25,Diagonal - Pg de Gràcia,1520,21:04:27,4.45,11.266666666666667,676.0,
6411,7,H8,Tornada,25,Diagonal - Pg de Gràcia,1520,21:25:40,25.67,21.2166666667,1273.0,11
6414,6,H8,Tornada,25,Diagonal - Pg de Gràcia,1520,21:45:50,45.83,20.183333333266667,1211.0,
6213,7,H8,Tornada,25,Diagonal - Pg de Gràcia,1520,22:04:37,4.62,18.766666666733332,1126.0,21
6409,1,H8,Tornada,26,Diagonal - Balmes,1425,03:57:22,57.37,,,"1,2,3,4,5,6,7,8,9,10,11,12,13,23"
6411,1,H8,Tornada,26,Diagonal - Balmes,1425,04:13:21,13.35,15.966666666733333,958.0,1
6117,1,H8,Tornada,26,Diagonal - Balmes,1425,04:29:51,29.85,16.5,990.0,3
6213,1,H8,Tornada,26,Diagonal - Balmes,1425,04:41:42,41.7,11.849999999966666,711.0,
6211,1,H8,Tornada,26,Diagonal - Balmes,1425,05:05:53,5.88,24.183333333366665,1451.0,
6212,1,H8,Tornada,26,Diagonal - Balmes,1425,05:12:15,12.25,6.366666666666666,382.0,
6216,1,H8,Tornada,26,Diagonal - Balmes,1425,05:31:13,31.22,18.983333333266668,1139.0,"1,2"
6413,1,H8,Tornada,26,Diagonal - Balmes,1425,05:38:01,38.02,6.8,408.0,
6217,1,H8,Tornada,26,Diagonal - Balmes,1425,05:40:21,40.35,2.316666666733333,139.0,
6415,1,H8,Tornada,26,Diagonal - Balmes,1425,05:52:08,52.13,11.783333333333333,707.0,
6026,1,H8,Tornada,26,Diagonal - Balmes,1425,05:58:28,58.47,6.333333333333333,380.0,
6209,1,H8,Tornada,26,Diagonal - Balmes,1425,06:08:40,8.67,10.2166666666,613.0,
6022,1,H8,Tornada,26,Diagonal - Balmes,1425,06:20:01,20.02,11.333333333366665,680.0,"5,8"
6408,1,H8,Tornada,26,Diagonal - Balmes,1425,06:35:32,35.53,15.516666666666667,931.0,
6215,1,H8,Tornada,26,Diagonal - Balmes,1425,06:37:17,37.28,1.75,105.0,
6409,2,H8,Tornada,26,Diagonal - Balmes,1425,06:47:17,47.28,10.016666666633334,601.0,
6056,1,H8,Tornada,26,Diagonal - Balmes,1425,06:58:22,58.37,11.083333333333334,665.0,"13,14"
6411,2,H8,Tornada,26,Diagonal - Balmes,1425,07:02:54,2.9,4.5166666667,271.0,
6055,1,H8,Tornada,26,Diagonal - Balmes,1425,07:12:13,12.22,9.3166666667,559.0,
6414,1,H8,Tornada,26,Diagonal - Balmes,1425,07:21:47,21.78,9.566666666633333,574.0,
6117,2,H8,Tornada,26,Diagonal - Balmes,1425,07:26:40,26.67,4.899999999966667,294.0,
6800,1,H8,Tornada,26,Diagonal - Balmes,1425,07:37:31,37.52,10.833333333399999,650.0,
6213,2,H8,Tornada,26,Diagonal - Balmes,1425,07:41:10,41.17,3.6499999999666666,219.0,
6407,1,H8,Tornada,26,Diagonal - Balmes,1425,07:56:37,56.62,15.466666666633333,928.0,
6211,2,H8,Tornada,26,Diagonal - Balmes,1425,08:04:37,4.62,8.0,480.0,
6212,2,H8,Tornada,26,Diagonal - Balmes,1425,08:11:07,11.12,6.483333333366667,389.0,
6216,2,H8,Tornada,26,Diagonal - Balmes,1425,08:22:27,22.45,11.333333333333334,680.0,
6413,2,H8,Tornada,26,Diagonal - Balmes,1425,08:35:04,35.07,12.6333333333,758.0,
6217,2,H8,Tornada,26,Diagonal - Balmes,1425,08:38:35,38.58,3.5000000000333333,210.0,
6415,2,H8,Tornada,26,Diagonal - Balmes,1425,08:48:20,48.33,9.766666666633334,586.0,"3,4,5,6"
6026,2,H8,Tornada,26,Diagonal - Balmes,1425,08:57:32,57.53,9.183333333366667,551.0,
6209,2,H8,Tornada,26,Diagonal - Balmes,1425,09:04:11,4.18,6.65,399.0,"5,6"
6022,2,H8,Tornada,26,Diagonal - Balmes,1425,09:13:42,13.7,9.516666666666667,571.0,3
6408,2,H8,Tornada,26,Diagonal - Balmes,1425,09:21:47,21.78,8.083333333333334,485.0,
6215,2,H8,Tornada,26,Diagonal - Balmes,1425,09:31:22,31.37,9.583333333366665,575.0,
6409,3,H8,Tornada,26,Diagonal - Balmes,1425,09:46:00,46.0,14.6333333333,878.0,
6056,2,H8,Tornada,26,Diagonal - Balmes,1425,09:54:12,54.2,8.2,492.0,
6411,3,H8,Tornada,26,Diagonal - Balmes,1425,10:03:17,3.28,9.099999999966666,546.0,
6055,2,H8,Tornada,26,Diagonal - Balmes,1425,10:10:58,10.97,7.666666666699999,460.0,
6414,2,H8,Tornada,26,Diagonal - Balmes,1425,10:20:46,20.77,9.8,588.0,
6800,2,H8,Tornada,26,Diagonal - Balmes,1425,10:32:05,32.08,11.3333333333,680.0,
6213,3,H8,Tornada,26,Diagonal - Balmes,1425,10:38:15,38.25,6.166666666666667,370.0,
6407,2,H8,Tornada,26,Diagonal - Balmes,1425,10:53:01,53.02,14.750000000033333,885.0,
6211,3,H8,Tornada,26,Diagonal - Balmes,1425,11:05:51,5.85,12.833333333333334,770.0,
6212,3,H8,Tornada,26,Diagonal - Balmes,1425,11:15:08,15.13,9.283333333333333,557.0,
6216,3,H8,Tornada,26,Diagonal - Balmes,1425,11:24:57,24.95,9.816666666666666,589.0,
6413,3,H8,Tornada,26,Diagonal - Balmes,1425,11:37:56,37.93,12.983333333333333,779.0,
TEMP_ErnestLluch_1425,1,H8,Tornada,26,Diagonal - Balmes,1425,11:45:42,45.7,7.783333333300001,467.0,"1,2,3,4,5,6,7,8,9,10,11,12,13,14,15,16,17,18,19,20,21,22,23,24,25,27,28,29,30,31,32,33,34,35,36,37,38"
6415,3,H8,Tornada,26,Diagonal - Balmes,1425,11:56:42,56.7,10.983333333366666,659.0,
6026,3,H8,Tornada,26,Diagonal - Balmes,1425,12:01:32,1.53,4.849999999933333,291.0,
6209,3,H8,Tornada,26,Diagonal - Balmes,1425,12:09:33,9.55,8.016666666666667,481.0,
6408,3,H8,Tornada,26,Diagonal - Balmes,1425,12:18:57,18.95,9.400000000016666,564.0,
6215,3,H8,Tornada,26,Diagonal - Balmes,1425,12:33:55,33.92,14.966666666633333,898.0,
6409,4,H8,Tornada,26,Diagonal - Balmes,1425,12:39:52,39.87,5.933333333383334,356.0,5
6056,3,H8,Tornada,26,Diagonal - Balmes,1425,12:48:13,48.22,8.350000000033333,501.0,
6411,4,H8,Tornada,26,Diagonal - Balmes,1425,13:05:45,5.75,17.533333333333335,1052.0,
6055,3,H8,Tornada,26,Diagonal - Balmes,1425,13:08:54,8.9,3.1666666666000003,190.0,
6414,3,H8,Tornada,26,Diagonal - Balmes,1425,13:25:05,25.08,16.1666666667,970.0,
6800,3,H8,Tornada,26,Diagonal - Balmes,1425,13:27:57,27.95,2.8833333333,173.0,
6213,4,H8,Tornada,26,Diagonal - Balmes,1425,13:37:44,37.73,9.766666666716667,586.0,3
6407,3,H8,Tornada,26,Diagonal - Balmes,1425,13:53:38,53.63,15.916666666616667,955.0,
6211,4,H8,Tornada,26,Diagonal - Balmes,1425,14:03:09,3.15,9.500000000033333,570.0,
6212,4,H8,Tornada,26,Diagonal - Balmes,1425,14:07:51,7.85,4.7166666666333334,283.0,
6216,4,H8,Tornada,26,Diagonal - Balmes,1425,14:21:03,21.05,13.183333333366667,791.0,
6413,4,H8,Tornada,26,Diagonal - Balmes,1425,14:29:37,29.62,8.583333333316666,515.0,
6217,4,H8,Tornada,26,Diagonal - Balmes,1425,14:39:41,39.68,10.05000000005,603.0,
6415,4,H8,Tornada,26,Diagonal - Balmes,1425,14:48:02,48.03,8.35,501.0,
6200,1,H8,Tornada,26,Diagonal - Balmes,1425,15:04:06,4.1,16.08333333326667,965.0,
6209,4,H8,Tornada,26,Diagonal - Balmes,1425,15:09:09,9.15,5.0333333333666666,302.0,
6408,4,H8,Tornada,26,Diagonal - Balmes,1425,15:22:00,22.0,12.85,771.0,
6215,4,H8,Tornada,26,Diagonal - Balmes,1425,15:40:19,40.32,18.316666666699998,1099.0,
6056,4,H8,Tornada,26,Diagonal - Balmes,1425,15:48:44,48.73,8.100000000066666,486.0,
6411,5,H8,Tornada,26,Diagonal - Balmes,1425,16:03:07,3.12,14.383333333316667,863.0,
6055,4,H8,Tornada,26,Diagonal - Balmes,1425,16:09:33,9.55,6.449999999949999,387.0,
6414,4,H8,Tornada,26,Diagonal - Balmes,1425,16:24:11,24.18,14.616666666733332,877.0,
6015,1,H8,Tornada,26,Diagonal - Balmes,1425,16:25:52,25.87,1.6999999999333333,102.0,
6800,4,H8,Tornada,26,Diagonal - Balmes,1425,16:35:19,35.32,9.433333333366667,566.0,
6213,5,H8,Tornada,26,Diagonal - Balmes,1425,16:41:57,41.95,6.649999999966667,399.0,
6407,4,H8,Tornada,26,Diagonal - Balmes,1425,16:54:26,54.43,12.4666666667,748.0,
6211,5,H8,Tornada,26,Diagonal - Balmes,1425,17:04:01,4.02,9.583333333333334,575.0,
6212,5,H8,Tornada,26,Diagonal - Balmes,1425,17:18:42,18.7,14.683333333366667,881.0,
6216,5,H8,Tornada,26,Diagonal - Balmes,1425,17:33:04,33.07,14.000000000033333,840.0,
6413,5,H8,Tornada,26,Diagonal - Balmes,1425,17:39:17,39.28,6.216666666666667,373.0,
6217,5,H8,Tornada,26,Diagonal - Balmes,1425,17:42:40,42.67,3.3999999999666666,204.0,
6415,5,H8,Tornada,26,Diagonal - Balmes,1425,17:50:22,50.37,7.683333333366666,461.0,
6209,5,H8,Tornada,26,Diagonal - Balmes,1425,18:08:14,8.23,17.8666666667,1072.0,"1,2"
6200,2,H8,Tornada,26,Diagonal - Balmes,1425,18:24:41,24.68,16.45,987.0,
6215,5,H8,Tornada,26,Diagonal - Balmes,1425,18:29:15,29.25,4.2,252.0,"16,17,18"
6409,6,H8,Tornada,26,Diagonal - Balmes,1425,18:35:24,35.4,6.15,369.0,"1,2"
6056,5,H8,Tornada,26,Diagonal - Balmes,1425,18:44:56,44.93,9.516666666733332,571.0,
6411,6,H8,Tornada,26,Diagonal - Balmes,1425,18:57:47,57.78,12.8666666666,772.0,
6414,5,H8,Tornada,26,Diagonal - Balmes,1425,19:13:29,13.48,15.683333333399998,941.0,12
6800,5,H8,Tornada,26,Diagonal - Balmes,1425,19:18:35,18.58,5.1166666666,307.0,"1,2"
6213,6,H8,Tornada,26,Diagonal - Balmes,1425,19:31:18,31.3,12.700000000033333,762.0,
6407,5,H8,Tornada,26,Diagonal - Balmes,1425,19:42:50,42.83,11.533333333333333,692.0,
6212,6,H8,Tornada,26,Diagonal - Balmes,1425,19:48:21,48.35,5.5166666667,331.0,"1,2,3,4,5,6,7,8,9,10,11,12,13,14,15,16,17,18,19,20,21,22,23"
6036,2,H8,Tornada,26,Diagonal - Balmes,1425,20:01:39,1.65,13.316666666600002,799.0,
6413,6,H8,Tornada,26,Diagonal - Balmes,1425,20:22:26,22.43,20.766666666733332,1246.0,
6415,6,H8,Tornada,26,Diagonal - Balmes,1425,20:24:06,24.1,1.6833333332666667,101.0,37
6200,3,H8,Tornada,26,Diagonal - Balmes,1425,20:38:39,38.65,14.55,873.0,
6408,7,H8,Tornada,26,Diagonal - Balmes,1425,20:54:09,54.15,15.483333333366666,929.0,
6409,7,H8,Tornada,26,Diagonal - Balmes,1425,21:06:56,6.93,12.799999999966667,768.0,
6411,7,H8,Tornada,26,Diagonal - Balmes,1425,21:27:39,27.65,20.700000000066666,1242.0,11
6414,6,H8,Tornada,26,Diagonal - Balmes,1425,21:47:41,47.68,20.0333333333,1202.0,
6213,7,H8,Tornada,26,Diagonal - Balmes,1425,22:07:22,7.37,19.699999999966668,1182.0,21
6409,1,H8,Tornada,27,Diagonal - Muntaner,928,03:59:13,59.22,,,"1,2,3,4,5,6,7,8,9,10,11,12,13,23"
6411,1,H8,Tornada,27,Diagonal - Muntaner,928,04:15:28,15.47,16.25,975.0,1
6117,1,H8,Tornada,27,Diagonal - Muntaner,928,04:31:27,31.45,15.999999999966667,960.0,3
6213,1,H8,Tornada,27,Diagonal - Muntaner,928,04:42:55,42.92,11.450000000066666,687.0,
6211,1,H8,Tornada,27,Diagonal - Muntaner,928,05:07:53,7.88,24.966666666666665,1498.0,
6212,1,H8,Tornada,27,Diagonal - Muntaner,928,05:14:31,14.52,6.649999999933333,399.0,
6216,1,H8,Tornada,27,Diagonal - Muntaner,928,05:33:11,33.18,18.666666666666668,1120.0,"1,2"
6413,1,H8,Tornada,27,Diagonal - Muntaner,928,05:42:27,42.45,9.250000000066667,555.0,
6217,1,H8,Tornada,27,Diagonal - Muntaner,928,05:44:38,44.63,2.183333333333333,131.0,
6415,1,H8,Tornada,27,Diagonal - Muntaner,928,05:56:18,56.3,11.666666666666666,700.0,
6026,1,H8,Tornada,27,Diagonal - Muntaner,928,06:01:39,1.65,5.349999999966667,321.0,
6209,1,H8,Tornada,27,Diagonal - Muntaner,928,06:13:24,13.4,11.750000000033333,705.0,
6022,1,H8,Tornada,27,Diagonal - Muntaner,928,06:23:33,23.55,10.166666666600001,610.0,"5,8"
6408,1,H8,Tornada,27,Diagonal - Muntaner,928,06:38:29,38.48,14.933333333333334,896.0,
6215,1,H8,Tornada,27,Diagonal - Muntaner,928,06:40:55,40.92,2.433333333333333,146.0,
6409,2,H8,Tornada,27,Diagonal - Muntaner,928,06:51:51,51.85,10.933333333333334,656.0,
6056,1,H8,Tornada,27,Diagonal - Muntaner,928,07:00:23,0.38,8.516666666733334,511.0,"13,14"
6411,2,H8,Tornada,27,Diagonal - Muntaner,928,07:09:42,9.7,9.333333333266667,560.0,
6055,1,H8,Tornada,27,Diagonal - Muntaner,928,07:16:26,16.43,6.73333333335,404.0,
6414,1,H8,Tornada,27,Diagonal - Muntaner,928,07:24:21,24.35,7.90000000005,474.0,
6117,2,H8,Tornada,27,Diagonal - Muntaner,928,07:27:33,27.55,3.1999999999666664,192.0,
6800,1,H8,Tornada,27,Diagonal - Muntaner,928,07:40:45,40.75,13.2,792.0,
6213,2,H8,Tornada,27,Diagonal - Muntaner,928,07:43:29,43.48,2.7499999999833333,165.0,
6407,1,H8,Tornada,27,Diagonal - Muntaner,928,07:58:30,58.5,15.01666666665,901.0,
6211,2,H8,Tornada,27,Diagonal - Muntaner,928,08:06:44,6.73,8.233333333333333,494.0,
6212,2,H8,Tornada,27,Diagonal - Muntaner,928,08:13:27,13.45,6.700000000066667,402.0,
6216,2,H8,Tornada,27,Diagonal - Muntaner,928,08:24:29,24.48,11.0333333333,662.0,
6413,2,H8,Tornada,27,Diagonal - Muntaner,928,08:36:56,36.93,12.466666666633333,748.0,
6217,2,H8,Tornada,27,Diagonal - Muntaner,928,08:40:33,40.55,3.6000000000666663,216.0,
6415,2,H8,Tornada,27,Diagonal - Muntaner,928,08:50:07,50.12,9.566666666666666,574.0,"3,4,5,6"
6026,2,H8,Tornada,27,Diagonal - Muntaner,928,08:59:44,59.73,9.633333333266668,578.0,
6209,2,H8,Tornada,27,Diagonal - Muntaner,928,09:05:40,5.67,5.933333333333334,356.0,"5,6"
6022,2,H8,Tornada,27,Diagonal - Muntaner,928,09:15:30,15.5,9.816666666733333,589.0,3
6408,2,H8,Tornada,27,Diagonal - Muntaner,928,09:23:52,23.87,8.366666666666667,502.0,
6215,2,H8,Tornada,27,Diagonal - Muntaner,928,09:33:17,33.28,9.416666666633335,565.0,
6409,3,H8,Tornada,27,Diagonal - Muntaner,928,09:47:38,47.63,14.366666666633334,862.0,
6056,2,H8,Tornada,27,Diagonal - Muntaner,928,09:56:30,56.5,8.850000000033333,531.0,
6411,3,H8,Tornada,27,Diagonal - Muntaner,928,10:05:44,5.73,9.233333333333333,554.0,
6055,2,H8,Tornada,27,Diagonal - Muntaner,928,10:12:27,12.45,6.716666666699999,403.0,
6414,2,H8,Tornada,27,Diagonal - Muntaner,928,10:22:57,22.95,10.5,630.0,
6800,2,H8,Tornada,27,Diagonal - Muntaner,928,10:36:03,36.05,13.1166666666,787.0,
6213,3,H8,Tornada,27,Diagonal - Muntaner,928,10:40:10,40.17,4.100000000033334,246.0,
6407,2,H8,Tornada,27,Diagonal - Muntaner,928,10:55:11,55.18,15.016666666666667,901.0,
6211,3,H8,Tornada,27,Diagonal - Muntaner,928,11:07:57,7.95,12.766666666699999,766.0,
6212,3,H8,Tornada,27,Diagonal - Muntaner,928,11:16:44,16.73,8.783333333333333,527.0,
6216,3,H8,Tornada,27,Diagonal - Muntaner,928,11:26:52,26.87,10.133333333333333,608.0,
6413,3,H8,Tornada,27,Diagonal - Muntaner,928,11:39:24,39.4,12.5333333333,752.0,
TEMP_ErnestLluch_928,1,H8,Tornada,27,Diagonal - Muntaner,928,11:47:50,47.83,8.433333333333334,506.0,"1,2,3,4,5,6,7,8,9,10,11,12,13,14,15,16,17,18,19,20,21,22,23,24,25,26,28,29,30,31,32,33,34,35,36,37,38"
6415,3,H8,Tornada,27,Diagonal - Muntaner,928,11:58:58,58.97,11.149999999933334,669.0,
6026,3,H8,Tornada,27,Diagonal - Muntaner,928,12:03:37,3.62,4.633333333366666,278.0,
6209,3,H8,Tornada,27,Diagonal - Muntaner,928,12:11:57,11.95,8.333333333333334,500.0,
6408,3,H8,Tornada,27,Diagonal - Muntaner,928,12:21:28,21.47,9.5333333333,572.0,
6215,3,H8,Tornada,27,Diagonal - Muntaner,928,12:35:27,35.45,13.983333333333333,839.0,
6409,4,H8,Tornada,27,Diagonal - Muntaner,928,12:42:00,42.0,6.5333333334,392.0,5
6056,3,H8,Tornada,27,Diagonal - Muntaner,928,12:49:50,49.83,7.849999999933333,471.0,
6411,4,H8,Tornada,27,Diagonal - Muntaner,928,13:08:01,8.02,18.183333333333334,1091.0,
6055,3,H8,Tornada,27,Diagonal - Muntaner,928,13:10:57,10.95,2.933333333316667,176.0,
6414,3,H8,Tornada,27,Diagonal - Muntaner,928,13:26:41,26.68,15.716666666716666,943.0,
6800,3,H8,Tornada,27,Diagonal - Muntaner,928,13:30:03,30.05,3.3666666666666667,202.0,
6213,4,H8,Tornada,27,Diagonal - Muntaner,928,13:39:58,39.97,9.916666666666666,595.0,3
6407,3,H8,Tornada,27,Diagonal - Muntaner,928,13:55:53,55.88,15.916666666666666,955.0,
6211,4,H8,Tornada,27,Diagonal - Muntaner,928,14:05:15,5.25,9.3833333333,563.0,
6212,4,H8,Tornada,27,Diagonal - Muntaner,928,14:09:54,9.9,4.633333333366666,278.0,
6216,4,H8,Tornada,27,Diagonal - Muntaner,928,14:23:14,23.23,13.333333333366665,800.0,
6413,4,H8,Tornada,27,Diagonal - Muntaner,928,14:31:59,31.98,8.7666666666,526.0,
6217,4,H8,Tornada,27,Diagonal - Muntaner,928,14:41:38,41.63,9.6333333334,578.0,
6415,4,H8,Tornada,27,Diagonal - Muntaner,928,14:52:37,52.62,10.983333333300001,659.0,
6200,1,H8,Tornada,27,Diagonal - Muntaner,928,15:05:47,5.78,13.1666666667,790.0,
6209,4,H8,Tornada,27,Diagonal - Muntaner,928,15:11:26,11.43,5.65,339.0,
6408,4,H8,Tornada,27,Diagonal - Muntaner,928,15:23:41,23.68,12.25,735.0,
6215,4,H8,Tornada,27,Diagonal - Muntaner,928,15:42:42,42.7,19.016666666666666,1141.0,
6056,4,H8,Tornada,27,Diagonal - Muntaner,928,15:51:14,51.23,7.650000000033333,459.0,
6411,5,H8,Tornada,27,Diagonal - Muntaner,928,16:05:38,5.63,14.399999999966667,864.0,
6055,4,H8,Tornada,27,Diagonal - Muntaner,928,16:12:16,12.27,6.633333333333334,398.0,
6414,4,H8,Tornada,27,Diagonal - Muntaner,928,16:25:52,25.87,13.616666666633334,817.0,
6015,1,H8,Tornada,27,Diagonal - Muntaner,928,16:27:42,27.7,1.8166666667333333,109.0,
6800,4,H8,Tornada,27,Diagonal - Muntaner,928,16:37:18,37.3,9.6166666666,577.0,
6213,5,H8,Tornada,27,Diagonal - Muntaner,928,16:44:05,44.08,6.783333333333333,407.0,
6407,4,H8,Tornada,27,Diagonal - Muntaner,928,16:56:08,56.13,12.033333333366667,722.0,
6211,5,H8,Tornada,27,Diagonal - Muntaner,928,17:06:05,6.08,9.950000000033333,597.0,
6212,5,H8,Tornada,27,Diagonal - Muntaner,928,17:20:22,20.37,14.283333333333333,857.0,
6036,1,H8,Tornada,27,Diagonal - Muntaner,928,17:22:58,22.97,2.6166666666,157.0,
6216,5,H8,Tornada,27,Diagonal - Muntaner,928,17:34:41,34.68,11.700000000066666,702.0,
6413,5,H8,Tornada,27,Diagonal - Muntaner,928,17:40:47,40.78,6.099999999966667,366.0,
6217,5,H8,Tornada,27,Diagonal - Muntaner,928,17:44:08,44.13,3.35,201.0,
6415,5,H8,Tornada,27,Diagonal - Muntaner,928,17:53:09,53.15,9.016666666699999,541.0,
6209,5,H8,Tornada,27,Diagonal - Muntaner,928,18:09:43,9.72,16.58333333326667,995.0,"1,2"
6026,5,H8,Tornada,27,Diagonal - Muntaner,928,18:27:05,27.08,17.350000000033333,1041.0,"34,35,36,37,38"
6215,5,H8,Tornada,27,Diagonal - Muntaner,928,18:30:52,30.87,3.0333333334,182.0,"16,17,18"
6409,6,H8,Tornada,27,Diagonal - Muntaner,928,18:37:47,37.78,6.933333333283333,416.0,"1,2"
6056,5,H8,Tornada,27,Diagonal - Muntaner,928,18:47:10,47.17,9.383333333316667,563.0,
6411,6,H8,Tornada,27,Diagonal - Muntaner,928,18:59:24,59.4,12.216666666733333,733.0,
6414,5,H8,Tornada,27,Diagonal - Muntaner,928,19:15:13,15.22,15.833333333283333,950.0,12
6800,5,H8,Tornada,27,Diagonal - Muntaner,928,19:20:03,20.05,4.816666666716667,289.0,"1,2"
6213,6,H8,Tornada,27,Diagonal - Muntaner,928,19:33:27,33.45,13.416666666600001,805.0,
6407,5,H8,Tornada,27,Diagonal - Muntaner,928,19:44:03,44.05,10.583333333366665,635.0,
6212,6,H8,Tornada,27,Diagonal - Muntaner,928,19:50:21,50.35,6.316666666633334,379.0,"1,2,3,4,5,6,7,8,9,10,11,12,13,14,15,16,17,18,19,20,21,22,23"
6036,2,H8,Tornada,27,Diagonal - Muntaner,928,20:03:37,3.62,13.266666666666667,796.0,
6413,6,H8,Tornada,27,Diagonal - Muntaner,928,20:24:27,24.45,20.816666666733333,1249.0,
6415,6,H8,Tornada,27,Diagonal - Muntaner,928,20:25:40,25.67,1.2166666666666666,73.0,37
6200,3,H8,Tornada,27,Diagonal - Muntaner,928,20:40:57,40.95,15.283333333333333,917.0,
6408,7,H8,Tornada,27,Diagonal - Muntaner,928,20:56:35,56.58,15.633333333333333,938.0,
6409,7,H8,Tornada,27,Diagonal - Muntaner,928,21:09:46,9.77,13.183333333333334,791.0,
6411,7,H8,Tornada,27,Diagonal - Muntaner,928,21:29:48,29.8,20.033333333333335,1202.0,11
6414,6,H8,Tornada,27,Diagonal - Muntaner,928,21:50:29,50.48,20.699999999933333,1242.0,
6213,7,H8,Tornada,27,Diagonal - Muntaner,928,22:08:28,8.47,17.9666666667,1078.0,21
6409,1,H8,Tornada,28,Diagonal - Francesc Macià,1098,04:01:37,1.62,,,"1,2,3,4,5,6,7,8,9,10,11,12,13,23"
6411,1,H8,Tornada,28,Diagonal - Francesc Macià,1098,04:17:12,17.2,15.583333333333334,935.0,1
6117,1,H8,Tornada,28,Diagonal - Francesc Macià,1098,04:33:15,33.25,16.05,963.0,3
6213,1,H8,Tornada,28,Diagonal - Francesc Macià,1098,04:45:23,45.38,12.116666666733332,727.0,
6211,1,H8,Tornada,28,Diagonal - Francesc Macià,1098,05:10:42,10.7,25.33333333326667,1520.0,
6212,1,H8,Tornada,28,Diagonal - Francesc Macià,1098,05:15:27,15.45,4.733333333366667,284.0,
6216,1,H8,Tornada,28,Diagonal - Francesc Macià,1098,05:34:34,34.57,19.1166666667,1147.0,"1,2"
6413,1,H8,Tornada,28,Diagonal - Francesc Macià,1098,05:44:16,44.27,9.699999999966668,582.0,
6217,1,H8,Tornada,28,Diagonal - Francesc Macià,1098,05:45:52,45.87,1.6166666666333334,97.0,
6415,1,H8,Tornada,28,Diagonal - Francesc Macià,1098,05:58:49,58.82,12.933333333399998,776.0,
6026,1,H8,Tornada,28,Diagonal - Francesc Macià,1098,06:03:24,3.4,4.583333333316667,275.0,
6209,1,H8,Tornada,28,Diagonal - Francesc Macià,1098,06:15:09,15.15,11.75,705.0,
6022,1,H8,Tornada,28,Diagonal - Francesc Macià,1098,06:27:41,27.68,12.533333333349999,752.0,"5,8"
6408,1,H8,Tornada,28,Diagonal - Francesc Macià,1098,06:40:42,40.7,13.016666666633334,781.0,
6215,1,H8,Tornada,28,Diagonal - Francesc Macià,1098,06:44:47,44.78,4.083333333366666,245.0,
6409,2,H8,Tornada,28,Diagonal - Francesc Macià,1098,06:53:35,53.58,8.816666666600002,529.0,
6056,1,H8,Tornada,28,Diagonal - Francesc Macià,1098,07:02:14,2.23,8.65,519.0,"13,14"
6411,2,H8,Tornada,28,Diagonal - Francesc Macià,1098,07:11:03,11.05,8.800000000033332,528.0,
6055,1,H8,Tornada,28,Diagonal - Francesc Macià,1098,07:18:47,18.78,7.733333333333333,464.0,
6414,1,H8,Tornada,28,Diagonal - Francesc Macià,1098,07:25:46,25.77,6.983333333333333,419.0,
6117,2,H8,Tornada,28,Diagonal - Francesc Macià,1098,07:29:47,29.78,4.016666666666667,241.0,
6800,1,H8,Tornada,28,Diagonal - Francesc Macià,1098,07:42:15,42.25,12.466666666666667,748.0,
6213,2,H8,Tornada,28,Diagonal - Francesc Macià,1098,07:45:58,45.97,3.716666666666667,223.0,
6407,1,H8,Tornada,28,Diagonal - Francesc Macià,1098,08:00:20,0.33,14.3833333333,863.0,
6211,2,H8,Tornada,28,Diagonal - Francesc Macià,1098,08:08:18,8.3,7.966666666666667,478.0,
6212,2,H8,Tornada,28,Diagonal - Francesc Macià,1098,08:14:53,14.88,6.5666666667,394.0,
6216,2,H8,Tornada,28,Diagonal - Francesc Macià,1098,08:26:00,26.0,11.116666666666667,667.0,
6413,2,H8,Tornada,28,Diagonal - Francesc Macià,1098,08:38:54,38.9,12.900000000033334,774.0,
6217,2,H8,Tornada,28,Diagonal - Francesc Macià,1098,08:43:15,43.25,4.349999999966667,261.0,
6415,2,H8,Tornada,28,Diagonal - Francesc Macià,1098,08:51:43,51.72,8.4666666667,508.0,"3,4,5,6"
6026,2,H8,Tornada,28,Diagonal - Francesc Macià,1098,09:00:59,0.98,9.283333333266667,557.0,
6209,2,H8,Tornada,28,Diagonal - Francesc Macià,1098,09:07:23,7.38,6.3833333334,383.0,"5,6"
6022,2,H8,Tornada,28,Diagonal - Francesc Macià,1098,09:18:40,18.67,11.2833333333,677.0,3
6408,2,H8,Tornada,28,Diagonal - Francesc Macià,1098,09:24:49,24.82,6.166666666633334,370.0,
6215,2,H8,Tornada,28,Diagonal - Francesc Macià,1098,09:34:30,34.5,9.6666666667,580.0,
6409,3,H8,Tornada,28,Diagonal - Francesc Macià,1098,09:49:22,49.37,14.8833333333,893.0,
6056,2,H8,Tornada,28,Diagonal - Francesc Macià,1098,09:59:02,59.03,9.650000000066665,579.0,
6411,3,H8,Tornada,28,Diagonal - Francesc Macià,1098,10:06:56,6.93,7.899999999966667,474.0,
6055,2,H8,Tornada,28,Diagonal - Francesc Macià,1098,10:14:42,14.7,7.783333333300001,467.0,
6414,2,H8,Tornada,28,Diagonal - Francesc Macià,1098,10:24:28,24.47,9.750000000033333,585.0,
6800,2,H8,Tornada,28,Diagonal - Francesc Macià,1098,10:36:40,36.67,12.200000000033333,732.0,
6213,3,H8,Tornada,28,Diagonal - Francesc Macià,1098,10:41:39,41.65,4.9833333333,299.0,
6407,2,H8,Tornada,28,Diagonal - Francesc Macià,1098,10:57:29,57.48,15.833333333333334,950.0,
6211,3,H8,Tornada,28,Diagonal - Francesc Macià,1098,11:09:21,9.35,11.8833333333,713.0,
6212,3,H8,Tornada,28,Diagonal - Francesc Macià,1098,11:18:53,18.88,9.533333333316667,572.0,
6216,3,H8,Tornada,28,Diagonal - Francesc Macià,1098,11:28:51,28.85,9.95000000005,597.0,
6413,3,H8,Tornada,28,Diagonal - Francesc Macià,1098,11:41:20,41.33,12.483333333333333,749.0,
6217,3,H8,Tornada,28,Diagonal - Francesc Macià,1098,11:49:04,49.07,7.749999999966667,465.0,
6415,3,H8,Tornada,28,Diagonal - Francesc Macià,1098,12:00:24,0.4,10.6333333333,638.0,
6026,3,H8,Tornada,28,Diagonal - Francesc Macià,1098,12:04:51,4.85,4.4333333334,266.0,
6209,3,H8,Tornada,28,Diagonal - Francesc Macià,1098,12:13:37,13.62,8.766666666633334,526.0,
6408,3,H8,Tornada,28,Diagonal - Francesc Macià,1098,12:23:39,23.65,10.04999999995,603.0,
6215,3,H8,Tornada,28,Diagonal - Francesc Macià,1098,12:37:01,37.02,13.350000000049999,801.0,
6409,4,H8,Tornada,28,Diagonal - Francesc Macià,1098,12:44:32,44.53,7.516666666666667,451.0,5
6056,3,H8,Tornada,28,Diagonal - Francesc Macià,1098,12:51:39,51.65,7.1166666667,427.0,
6411,4,H8,Tornada,28,Diagonal - Francesc Macià,1098,13:08:59,8.98,17.3333333333,1040.0,
6055,3,H8,Tornada,28,Diagonal - Francesc Macià,1098,13:12:10,12.17,3.1999999999666664,192.0,
6414,3,H8,Tornada,28,Diagonal - Francesc Macià,1098,13:29:40,29.67,17.4833333334,1049.0,
6800,3,H8,Tornada,28,Diagonal - Francesc Macià,1098,13:32:15,32.25,2.5999999999333334,156.0,
6213,4,H8,Tornada,28,Diagonal - Francesc Macià,1098,13:41:33,41.55,9.2833333334,557.0,3
6407,3,H8,Tornada,28,Diagonal - Francesc Macià,1098,13:56:54,56.9,15.3666666666,922.0,
6211,4,H8,Tornada,28,Diagonal - Francesc Macià,1098,14:07:14,7.23,10.3166666667,619.0,
6212,4,H8,Tornada,28,Diagonal - Francesc Macià,1098,14:11:51,11.85,4.6333333333,278.0,
6216,4,H8,Tornada,28,Diagonal - Francesc Macià,1098,14:24:31,24.52,12.650000000033334,759.0,
6413,4,H8,Tornada,28,Diagonal - Francesc Macià,1098,14:33:39,33.65,9.149999999966667,549.0,
6217,4,H8,Tornada,28,Diagonal - Francesc Macià,1098,14:43:43,43.72,10.050000000033332,603.0,
6415,4,H8,Tornada,28,Diagonal - Francesc Macià,1098,14:55:03,55.05,11.33333333335,680.0,
6200,1,H8,Tornada,28,Diagonal - Francesc Macià,1098,15:08:37,8.62,13.566666666683334,814.0,
6209,4,H8,Tornada,28,Diagonal - Francesc Macià,1098,15:14:39,14.65,6.033333333300001,362.0,
6408,4,H8,Tornada,28,Diagonal - Francesc Macià,1098,15:25:05,25.08,10.449999999983334,627.0,
6215,4,H8,Tornada,28,Diagonal - Francesc Macià,1098,15:45:19,45.32,20.23333333331667,1214.0,
6409,5,H8,Tornada,28,Diagonal - Francesc Macià,1098,15:46:30,46.5,1.1666666666999999,70.0,
6056,4,H8,Tornada,28,Diagonal - Francesc Macià,1098,15:52:53,52.88,6.383333333366666,383.0,
6411,5,H8,Tornada,28,Diagonal - Francesc Macià,1098,16:07:05,7.08,14.199999999966668,852.0,
6055,4,H8,Tornada,28,Diagonal - Francesc Macià,1098,16:15:59,15.98,8.900000000033334,534.0,
6414,4,H8,Tornada,28,Diagonal - Francesc Macià,1098,16:29:04,29.07,13.099999999933335,786.0,
6800,4,H8,Tornada,28,Diagonal - Francesc Macià,1098,16:39:17,39.28,10.116666666666667,607.0,
6213,5,H8,Tornada,28,Diagonal - Francesc Macià,1098,16:46:36,46.6,7.316666666666666,439.0,
6407,4,H8,Tornada,28,Diagonal - Francesc Macià,1098,17:00:57,0.95,14.349999999966666,861.0,
6211,5,H8,Tornada,28,Diagonal - Francesc Macià,1098,17:08:05,8.08,7.133333333366666,428.0,
6212,5,H8,Tornada,28,Diagonal - Francesc Macià,1098,17:22:01,22.02,13.949999999933334,837.0,
6036,1,H8,Tornada,28,Diagonal - Francesc Macià,1098,17:23:44,23.73,1.7000000000666666,102.0,
6216,5,H8,Tornada,28,Diagonal - Francesc Macià,1098,17:36:09,36.15,12.433333333266667,746.0,
6413,5,H8,Tornada,28,Diagonal - Francesc Macià,1098,17:42:49,42.82,6.666666666666667,400.0,
6217,5,H8,Tornada,28,Diagonal - Francesc Macià,1098,17:46:16,46.27,3.45,207.0,
6415,5,H8,Tornada,28,Diagonal - Francesc Macià,1098,17:53:58,53.97,7.7,462.0,
6209,5,H8,Tornada,28,Diagonal - Francesc Macià,1098,18:12:59,12.98,19.000000000066667,1140.0,"1,2"
6026,5,H8,Tornada,28,Diagonal - Francesc Macià,1098,18:28:54,28.9,15.933333333266667,956.0,"34,35,36,37,38"
6215,5,H8,Tornada,28,Diagonal - Francesc Macià,1098,18:32:12,32.2,3.1000000000166663,186.0,"16,17,18"
6409,6,H8,Tornada,28,Diagonal - Francesc Macià,1098,18:38:59,38.98,6.7833333333166665,407.0,"1,2"
6056,5,H8,Tornada,28,Diagonal - Francesc Macià,1098,18:47:42,47.7,8.716666666666667,523.0,
6411,6,H8,Tornada,28,Diagonal - Francesc Macià,1098,19:00:49,0.82,13.11666666665,787.0,
6414,5,H8,Tornada,28,Diagonal - Francesc Macià,1098,19:17:03,17.05,16.216666666749997,973.0,12
6800,5,H8,Tornada,28,Diagonal - Francesc Macià,1098,19:21:37,21.62,4.566666666666666,274.0,"1,2"
6213,6,H8,Tornada,28,Diagonal - Francesc Macià,1098,19:35:04,35.07,13.449999999966668,807.0,
6407,5,H8,Tornada,28,Diagonal - Francesc Macià,1098,19:45:53,45.88,10.816666666666666,649.0,
6212,6,H8,Tornada,28,Diagonal - Francesc Macià,1098,19:52:07,52.12,6.233333333366667,374.0,"1,2,3,4,5,6,7,8,9,10,11,12,13,14,15,16,17,18,19,20,21,22,23"
6036,2,H8,Tornada,28,Diagonal - Francesc Macià,1098,20:05:09,5.15,13.049999999933334,783.0,
6413,6,H8,Tornada,28,Diagonal - Francesc Macià,1098,20:26:03,26.05,20.8833333334,1253.0,
6200,3,H8,Tornada,28,Diagonal - Francesc Macià,1098,20:41:56,41.93,14.899999999966667,894.0,
6408,7,H8,Tornada,28,Diagonal - Francesc Macià,1098,20:59:28,59.47,17.516666666733332,1051.0,
6409,7,H8,Tornada,28,Diagonal - Francesc Macià,1098,21:10:59,10.98,11.516666666633334,691.0,
6411,7,H8,Tornada,28,Diagonal - Francesc Macià,1098,21:31:56,31.93,20.966666666633333,1258.0,11
6414,6,H8,Tornada,28,Diagonal - Francesc Macià,1098,21:52:19,52.32,20.383333333333333,1223.0,
6213,7,H8,Tornada,28,Diagonal - Francesc Macià,1098,22:10:39,10.65,18.333333333333332,1100.0,21
6409,1,H8,Tornada,29,Josep Tarradellas - Francesc Macià,65,04:03:45,3.75,,,"1,2,3,4,5,6,7,8,9,10,11,12,13,23"
6411,1,H8,Tornada,29,Josep Tarradellas - Francesc Macià,65,04:19:06,19.1,15.366666666633334,922.0,1
6117,1,H8,Tornada,29,Josep Tarradellas - Francesc Macià,65,04:35:07,35.12,16.000000000066667,960.0,3
6213,1,H8,Tornada,29,Josep Tarradellas - Francesc Macià,65,04:47:24,47.4,12.299999999933334,738.0,
6211,1,H8,Tornada,29,Josep Tarradellas - Francesc Macià,65,05:12:48,12.8,25.4,1524.0,
6212,1,H8,Tornada,29,Josep Tarradellas - Francesc Macià,65,05:17:41,17.68,4.866666666733334,292.0,
6216,1,H8,Tornada,29,Josep Tarradellas - Francesc Macià,65,05:36:42,36.7,19.03333333326667,1142.0,"1,2"
6413,1,H8,Tornada,29,Josep Tarradellas - Francesc Macià,65,05:46:21,46.35,9.633333333366666,578.0,
6217,1,H8,Tornada,29,Josep Tarradellas - Francesc Macià,65,05:47:49,47.82,1.4833333333,89.0,
6415,1,H8,Tornada,29,Josep Tarradellas - Francesc Macià,65,06:00:53,0.88,13.050000000033332,783.0,
6026,1,H8,Tornada,29,Josep Tarradellas - Francesc Macià,65,06:05:42,5.7,4.833333333300001,290.0,
6209,1,H8,Tornada,29,Josep Tarradellas - Francesc Macià,65,06:16:54,16.9,11.183333333366667,671.0,
6022,1,H8,Tornada,29,Josep Tarradellas - Francesc Macià,65,06:29:38,29.63,12.749999999966667,765.0,"5,8"
6408,1,H8,Tornada,29,Josep Tarradellas - Francesc Macià,65,06:42:34,42.57,12.916666666733333,775.0,
6215,1,H8,Tornada,29,Josep Tarradellas - Francesc Macià,65,06:47:17,47.28,4.733333333266667,284.0,
6409,2,H8,Tornada,29,Josep Tarradellas - Francesc Macià,65,06:54:56,54.93,7.65,459.0,
6056,1,H8,Tornada,29,Josep Tarradellas - Francesc Macià,65,07:04:17,4.28,9.333333333399999,560.0,"13,14"
6411,2,H8,Tornada,29,Josep Tarradellas - Francesc Macià,65,07:12:54,12.9,8.616666666633334,517.0,
6055,1,H8,Tornada,29,Josep Tarradellas - Francesc Macià,65,07:20:43,20.72,7.8166666667,469.0,
6414,1,H8,Tornada,29,Josep Tarradellas - Francesc Macià,65,07:27:25,27.42,6.7166666666,403.0,
6117,2,H8,Tornada,29,Josep Tarradellas - Francesc Macià,65,07:31:48,31.8,4.3666666667,262.0,
6800,1,H8,Tornada,29,Josep Tarradellas - Francesc Macià,65,07:45:04,45.07,13.266666666666667,796.0,
6213,2,H8,Tornada,29,Josep Tarradellas - Francesc Macià,65,07:47:46,47.77,2.71666666665,163.0,
6407,1,H8,Tornada,29,Josep Tarradellas - Francesc Macià,65,08:02:06,2.1,14.333333333316666,860.0,
6211,2,H8,Tornada,29,Josep Tarradellas - Francesc Macià,65,08:10:22,10.37,8.250000000033333,495.0,
6212,2,H8,Tornada,29,Josep Tarradellas - Francesc Macià,65,08:16:51,16.85,6.483333333366667,389.0,
6216,2,H8,Tornada,29,Josep Tarradellas - Francesc Macià,65,08:27:59,27.98,11.149999999933334,669.0,
6413,2,H8,Tornada,29,Josep Tarradellas - Francesc Macià,65,08:41:08,41.13,13.133333333366666,788.0,
6217,2,H8,Tornada,29,Josep Tarradellas - Francesc Macià,65,08:45:47,45.78,4.650000000033333,279.0,
6415,2,H8,Tornada,29,Josep Tarradellas - Francesc Macià,65,08:53:46,53.77,7.999999999933333,480.0,"3,4,5,6"
6026,2,H8,Tornada,29,Josep Tarradellas - Francesc Macià,65,09:03:17,3.28,9.500000000033333,570.0,
6209,2,H8,Tornada,29,Josep Tarradellas - Francesc Macià,65,09:09:38,9.63,6.366666666633334,382.0,"5,6"
6022,2,H8,Tornada,29,Josep Tarradellas - Francesc Macià,65,09:21:12,21.2,11.550000000033332,693.0,3
6408,2,H8,Tornada,29,Josep Tarradellas - Francesc Macià,65,09:27:29,27.48,6.283333333333333,377.0,
6215,2,H8,Tornada,29,Josep Tarradellas - Francesc Macià,65,09:37:00,37.0,9.516666666699999,571.0,
6409,3,H8,Tornada,29,Josep Tarradellas - Francesc Macià,65,09:53:16,53.27,16.266666666666666,976.0,
6056,2,H8,Tornada,29,Josep Tarradellas - Francesc Macià,65,10:01:02,1.03,7.766666666666667,466.0,
6411,3,H8,Tornada,29,Josep Tarradellas - Francesc Macià,65,10:08:51,8.85,7.816666666666666,469.0,
6055,2,H8,Tornada,29,Josep Tarradellas - Francesc Macià,65,10:17:21,17.35,8.516666666599999,511.0,
6414,2,H8,Tornada,29,Josep Tarradellas - Francesc Macià,65,10:26:49,26.82,9.466666666666667,568.0,
6800,2,H8,Tornada,29,Josep Tarradellas - Francesc Macià,65,10:39:35,39.58,12.750000000066667,765.0,
6213,3,H8,Tornada,29,Josep Tarradellas - Francesc Macià,65,10:44:28,44.47,4.8833333333,293.0,
6407,2,H8,Tornada,29,Josep Tarradellas - Francesc Macià,65,11:00:36,0.6,16.149999999966667,969.0,
6211,3,H8,Tornada,29,Josep Tarradellas - Francesc Macià,65,11:11:51,11.85,11.25,675.0,
6212,3,H8,Tornada,29,Josep Tarradellas - Francesc Macià,65,11:21:35,21.58,9.733333333333333,584.0,
6216,3,H8,Tornada,29,Josep Tarradellas - Francesc Macià,65,11:30:56,30.93,9.333333333366665,560.0,
6413,3,H8,Tornada,29,Josep Tarradellas - Francesc Macià,65,11:44:24,44.4,13.4666666667,808.0,
6217,3,H8,Tornada,29,Josep Tarradellas - Francesc Macià,65,11:52:17,52.28,7.8833333333,473.0,
6415,3,H8,Tornada,29,Josep Tarradellas - Francesc Macià,65,12:02:57,2.95,10.6666666667,640.0,
6026,3,H8,Tornada,29,Josep Tarradellas - Francesc Macià,65,12:07:36,7.6,4.666666666599999,280.0,
6209,3,H8,Tornada,29,Josep Tarradellas - Francesc Macià,65,12:15:30,15.5,7.8833333334,473.0,
6408,3,H8,Tornada,29,Josep Tarradellas - Francesc Macià,65,12:26:05,26.08,10.5833333333,635.0,
6215,3,H8,Tornada,29,Josep Tarradellas - Francesc Macià,65,12:39:06,39.1,13.016666666666667,781.0,
6409,4,H8,Tornada,29,Josep Tarradellas - Francesc Macià,65,12:46:49,46.82,7.716666666666667,463.0,5
6056,3,H8,Tornada,29,Josep Tarradellas - Francesc Macià,65,12:54:14,54.23,7.416666666699999,445.0,
6411,4,H8,Tornada,29,Josep Tarradellas - Francesc Macià,65,13:11:42,11.7,17.466666666633333,1048.0,
6055,3,H8,Tornada,29,Josep Tarradellas - Francesc Macià,65,13:15:12,15.2,3.5000000000333333,210.0,
6414,3,H8,Tornada,29,Josep Tarradellas - Francesc Macià,65,13:32:56,32.93,17.733333333333334,1064.0,
6800,3,H8,Tornada,29,Josep Tarradellas - Francesc Macià,65,13:34:00,34.0,1.0833333332666666,65.0,
6213,4,H8,Tornada,29,Josep Tarradellas - Francesc Macià,65,13:43:14,43.23,9.2166666667,553.0,3
6407,3,H8,Tornada,29,Josep Tarradellas - Francesc Macià,65,13:59:27,59.45,16.216666666666665,973.0,
6211,4,H8,Tornada,29,Josep Tarradellas - Francesc Macià,65,14:08:54,8.9,9.450000000033333,567.0,
6212,4,H8,Tornada,29,Josep Tarradellas - Francesc Macià,65,14:13:44,13.73,4.833333333333333,290.0,
6216,4,H8,Tornada,29,Josep Tarradellas - Francesc Macià,65,14:26:29,26.48,12.75,765.0,
6413,4,H8,Tornada,29,Josep Tarradellas - Francesc Macià,65,14:36:12,36.2,9.716666666666667,583.0,
6217,4,H8,Tornada,29,Josep Tarradellas - Francesc Macià,65,14:45:42,45.7,9.5,570.0,
6415,4,H8,Tornada,29,Josep Tarradellas - Francesc Macià,65,14:57:08,57.13,11.449999999933334,687.0,
6200,1,H8,Tornada,29,Josep Tarradellas - Francesc Macià,65,15:11:20,11.33,14.183333333399998,851.0,
6209,4,H8,Tornada,29,Josep Tarradellas - Francesc Macià,65,15:16:06,16.1,4.766666666633333,286.0,
6408,4,H8,Tornada,29,Josep Tarradellas - Francesc Macià,65,15:27:40,27.67,11.566666666666666,694.0,
6215,4,H8,Tornada,29,Josep Tarradellas - Francesc Macià,65,15:48:20,48.33,20.6666666667,1240.0,
6409,5,H8,Tornada,29,Josep Tarradellas - Francesc Macià,65,15:49:50,49.83,1.5166666666,91.0,
6056,4,H8,Tornada,29,Josep Tarradellas - Francesc Macià,65,15:55:41,55.68,5.85,351.0,
6411,5,H8,Tornada,29,Josep Tarradellas - Francesc Macià,65,16:11:13,11.22,15.533333333333333,932.0,
6055,4,H8,Tornada,29,Josep Tarradellas - Francesc Macià,65,16:17:58,17.97,6.7333333334,404.0,
6414,4,H8,Tornada,29,Josep Tarradellas - Francesc Macià,65,16:32:14,32.23,14.266666666633334,856.0,
6015,1,H8,Tornada,29,Josep Tarradellas - Francesc Macià,65,16:33:15,33.25,1.0166666666666666,61.0,
6800,4,H8,Tornada,29,Josep Tarradellas - Francesc Macià,65,16:43:20,43.33,10.083333333333334,605.0,
6213,5,H8,Tornada,29,Josep Tarradellas - Francesc Macià,65,16:49:27,49.45,6.1333333333,368.0,
6407,4,H8,Tornada,29,Josep Tarradellas - Francesc Macià,65,17:04:57,4.95,15.483333333366666,929.0,
6211,5,H8,Tornada,29,Josep Tarradellas - Francesc Macià,65,17:09:55,9.92,4.966666666699999,298.0,
6212,5,H8,Tornada,29,Josep Tarradellas - Francesc Macià,65,17:24:57,24.95,15.049999999933334,903.0,
6036,1,H8,Tornada,29,Josep Tarradellas - Francesc Macià,65,17:26:12,26.2,1.25,75.0,
6216,5,H8,Tornada,29,Josep Tarradellas - Francesc Macià,65,17:39:18,39.3,13.083333333399999,785.0,
6413,5,H8,Tornada,29,Josep Tarradellas - Francesc Macià,65,17:45:14,45.23,5.9499999999333335,357.0,
6217,5,H8,Tornada,29,Josep Tarradellas - Francesc Macià,65,17:47:58,47.97,2.7333333333333334,164.0,
6415,5,H8,Tornada,29,Josep Tarradellas - Francesc Macià,65,17:56:11,56.18,8.200000000033333,492.0,
6209,5,H8,Tornada,29,Josep Tarradellas - Francesc Macià,65,18:15:23,15.38,19.200000000033334,1152.0,"1,2"
6026,5,H8,Tornada,29,Josep Tarradellas - Francesc Macià,65,18:30:57,30.95,15.583333333266667,935.0,"34,35,36,37,38"
6215,5,H8,Tornada,29,Josep Tarradellas - Francesc Macià,65,18:34:29,34.48,3.3666666666666667,202.0,"16,17,18"
6409,6,H8,Tornada,29,Josep Tarradellas - Francesc Macià,65,18:40:49,40.82,6.349999999933333,381.0,"1,2"
6056,5,H8,Tornada,29,Josep Tarradellas - Francesc Macià,65,18:50:27,50.45,9.6166666667,577.0,
6411,6,H8,Tornada,29,Josep Tarradellas - Francesc Macià,65,19:03:24,3.4,12.95,777.0,
6414,5,H8,Tornada,29,Josep Tarradellas - Francesc Macià,65,19:19:03,19.05,15.666666666633335,940.0,12
6800,5,H8,Tornada,29,Josep Tarradellas - Francesc Macià,65,19:24:06,24.1,5.05,303.0,"1,2"
6213,6,H8,Tornada,29,Josep Tarradellas - Francesc Macià,65,19:36:50,36.83,12.716666666733333,763.0,
6407,5,H8,Tornada,29,Josep Tarradellas - Francesc Macià,65,19:48:05,48.08,11.249999999966667,675.0,
6212,6,H8,Tornada,29,Josep Tarradellas - Francesc Macià,65,19:54:24,54.4,6.3166666667,379.0,"1,2,3,4,5,6,7,8,9,10,11,12,13,14,15,16,17,18,19,20,21,22,23"
6036,2,H8,Tornada,29,Josep Tarradellas - Francesc Macià,65,20:07:16,7.27,12.866666666633334,772.0,
6413,6,H8,Tornada,29,Josep Tarradellas - Francesc Macià,65,20:28:22,28.37,21.1,1266.0,
6200,3,H8,Tornada,29,Josep Tarradellas - Francesc Macià,65,20:44:30,44.5,15.633333333333333,938.0,
6408,7,H8,Tornada,29,Josep Tarradellas - Francesc Macià,65,21:01:46,1.77,17.266666666633334,1036.0,
6409,7,H8,Tornada,29,Josep Tarradellas - Francesc Macià,65,21:13:07,13.12,11.35,681.0,
6411,7,H8,Tornada,29,Josep Tarradellas - Francesc Macià,65,21:34:09,34.15,21.049999999966666,1263.0,11
6414,6,H8,Tornada,29,Josep Tarradellas - Francesc Macià,65,21:54:41,54.68,20.533333333333335,1232.0,
6213,7,H8,Tornada,29,Josep Tarradellas - Francesc Macià,65,22:12:02,12.03,17.3333333334,1040.0,21
6409,1,H8,Tornada,30,Les Corts - Pl Dr Ignasi Barraquer,376,04:05:08,5.13,,,"1,2,3,4,5,6,7,8,9,10,11,12,13,23"
6411,1,H8,Tornada,30,Les Corts - Pl Dr Ignasi Barraquer,376,04:21:19,21.32,16.199999999933333,972.0,1
6117,1,H8,Tornada,30,Les Corts - Pl Dr Ignasi Barraquer,376,04:38:16,38.27,16.9333333334,1016.0,3
6213,1,H8,Tornada,30,Les Corts - Pl Dr Ignasi Barraquer,376,04:49:42,49.7,11.433333333333334,686.0,
6212,1,H8,Tornada,30,Les Corts - Pl Dr Ignasi Barraquer,376,05:19:55,19.92,4.1333333332999995,248.0,
6216,1,H8,Tornada,30,Les Corts - Pl Dr Ignasi Barraquer,376,05:39:46,39.77,19.8333333334,1190.0,"1,2"
6413,1,H8,Tornada,30,Les Corts - Pl Dr Ignasi Barraquer,376,05:48:07,48.12,8.3666666666,502.0,
6217,1,H8,Tornada,30,Les Corts - Pl Dr Ignasi Barraquer,376,05:50:23,50.38,2.2500000000666662,135.0,
6415,1,H8,Tornada,30,Les Corts - Pl Dr Ignasi Barraquer,376,06:03:30,3.5,13.133333333266668,788.0,
6026,1,H8,Tornada,30,Les Corts - Pl Dr Ignasi Barraquer,376,06:07:35,7.58,4.066666666733333,244.0,
6209,1,H8,Tornada,30,Les Corts - Pl Dr Ignasi Barraquer,376,06:19:24,19.4,11.833333333283333,710.0,
6022,1,H8,Tornada,30,Les Corts - Pl Dr Ignasi Barraquer,376,06:31:35,31.58,12.166666666683334,730.0,"5,8"
6408,1,H8,Tornada,30,Les Corts - Pl Dr Ignasi Barraquer,376,06:45:21,45.35,13.766666666666667,826.0,
6215,1,H8,Tornada,30,Les Corts - Pl Dr Ignasi Barraquer,376,06:49:32,49.53,4.183333333366667,251.0,
6409,2,H8,Tornada,30,Les Corts - Pl Dr Ignasi Barraquer,376,06:57:55,57.92,8.399999999933334,504.0,
6056,1,H8,Tornada,30,Les Corts - Pl Dr Ignasi Barraquer,376,07:05:37,5.62,7.683333333366666,461.0,"13,14"
6411,2,H8,Tornada,30,Les Corts - Pl Dr Ignasi Barraquer,376,07:15:40,15.67,10.05,603.0,
6055,1,H8,Tornada,30,Les Corts - Pl Dr Ignasi Barraquer,376,07:23:08,23.13,7.466666666666667,448.0,
6414,1,H8,Tornada,30,Les Corts - Pl Dr Ignasi Barraquer,376,07:29:36,29.6,6.466666666699999,388.0,
6117,2,H8,Tornada,30,Les Corts - Pl Dr Ignasi Barraquer,376,07:34:27,34.45,4.85,291.0,
6800,1,H8,Tornada,30,Les Corts - Pl Dr Ignasi Barraquer,376,07:47:20,47.33,12.8833333333,773.0,
6213,2,H8,Tornada,30,Les Corts - Pl Dr Ignasi Barraquer,376,07:51:30,51.5,4.166666666666667,250.0,
6407,1,H8,Tornada,30,Les Corts - Pl Dr Ignasi Barraquer,376,08:04:34,4.57,13.0833333333,785.0,
6211,2,H8,Tornada,30,Les Corts - Pl Dr Ignasi Barraquer,376,08:14:00,14.0,9.4166666667,565.0,
6212,2,H8,Tornada,30,Les Corts - Pl Dr Ignasi Barraquer,376,08:19:59,19.98,5.983333333333333,359.0,
6216,2,H8,Tornada,30,Les Corts - Pl Dr Ignasi Barraquer,376,08:31:56,31.93,11.95,717.0,
6413,2,H8,Tornada,30,Les Corts - Pl Dr Ignasi Barraquer,376,08:43:48,43.8,11.866666666666667,712.0,
6217,2,H8,Tornada,30,Les Corts - Pl Dr Ignasi Barraquer,376,08:47:41,47.68,3.8833333333333333,233.0,
6415,2,H8,Tornada,30,Les Corts - Pl Dr Ignasi Barraquer,376,08:55:29,55.48,7.800000000033333,468.0,"3,4,5,6"
6026,2,H8,Tornada,30,Les Corts - Pl Dr Ignasi Barraquer,376,09:05:31,5.52,10.033333333333333,602.0,
6209,2,H8,Tornada,30,Les Corts - Pl Dr Ignasi Barraquer,376,09:13:43,13.72,8.2,492.0,"5,6"
6022,2,H8,Tornada,30,Les Corts - Pl Dr Ignasi Barraquer,376,09:23:51,23.85,10.1333333333,608.0,3
6408,2,H8,Tornada,30,Les Corts - Pl Dr Ignasi Barraquer,376,09:29:48,29.8,5.9666666666333334,358.0,
6215,2,H8,Tornada,30,Les Corts - Pl Dr Ignasi Barraquer,376,09:39:34,39.57,9.750000000033333,585.0,
6409,3,H8,Tornada,30,Les Corts - Pl Dr Ignasi Barraquer,376,09:55:26,55.43,15.883333333316667,953.0,
6056,2,H8,Tornada,30,Les Corts - Pl Dr Ignasi Barraquer,376,10:03:33,3.55,8.11666666665,487.0,
6411,3,H8,Tornada,30,Les Corts - Pl Dr Ignasi Barraquer,376,10:11:38,11.63,8.0666666667,484.0,
6055,2,H8,Tornada,30,Les Corts - Pl Dr Ignasi Barraquer,376,10:20:56,20.93,9.300000000033332,558.0,
6414,2,H8,Tornada,30,Les Corts - Pl Dr Ignasi Barraquer,376,10:29:34,29.57,8.6333333333,518.0,
6800,2,H8,Tornada,30,Les Corts - Pl Dr Ignasi Barraquer,376,10:44:13,44.22,14.650000000033334,879.0,
6213,3,H8,Tornada,30,Les Corts - Pl Dr Ignasi Barraquer,376,10:48:00,48.0,3.783333333333333,227.0,
6407,2,H8,Tornada,30,Les Corts - Pl Dr Ignasi Barraquer,376,11:02:24,2.4,14.399999999966667,864.0,
6211,3,H8,Tornada,30,Les Corts - Pl Dr Ignasi Barraquer,376,11:15:37,15.62,13.2166666667,793.0,
6212,3,H8,Tornada,30,Les Corts - Pl Dr Ignasi Barraquer,376,11:24:02,24.03,8.433333333266667,506.0,
6216,3,H8,Tornada,30,Les Corts - Pl Dr Ignasi Barraquer,376,11:33:46,33.77,9.716666666733333,583.0,
6413,3,H8,Tornada,30,Les Corts - Pl Dr Ignasi Barraquer,376,11:48:25,48.42,14.65,879.0,
6217,3,H8,Tornada,30,Les Corts - Pl Dr Ignasi Barraquer,376,11:54:13,54.22,5.8166666666,349.0,
6415,3,H8,Tornada,30,Les Corts - Pl Dr Ignasi Barraquer,376,12:05:48,5.8,11.583333333333334,695.0,
6026,3,H8,Tornada,30,Les Corts - Pl Dr Ignasi Barraquer,376,12:09:47,9.78,3.9666666667,238.0,
6209,3,H8,Tornada,30,Les Corts - Pl Dr Ignasi Barraquer,376,12:17:36,17.6,7.833333333300001,470.0,
6408,3,H8,Tornada,30,Les Corts - Pl Dr Ignasi Barraquer,376,12:29:28,29.47,11.866666666666667,712.0,
6215,3,H8,Tornada,30,Les Corts - Pl Dr Ignasi Barraquer,376,12:41:38,41.63,12.150000000033334,729.0,
6409,4,H8,Tornada,30,Les Corts - Pl Dr Ignasi Barraquer,376,12:49:50,49.83,8.216666666633333,493.0,5
6056,3,H8,Tornada,30,Les Corts - Pl Dr Ignasi Barraquer,376,12:55:34,55.57,5.716666666716667,343.0,
6411,4,H8,Tornada,30,Les Corts - Pl Dr Ignasi Barraquer,376,13:13:53,13.88,18.31666666665,1099.0,
6055,3,H8,Tornada,30,Les Corts - Pl Dr Ignasi Barraquer,376,13:17:53,17.88,4.000000000033333,240.0,
6414,3,H8,Tornada,30,Les Corts - Pl Dr Ignasi Barraquer,376,13:33:57,33.95,16.08333333326667,965.0,
6800,3,H8,Tornada,30,Les Corts - Pl Dr Ignasi Barraquer,376,13:35:22,35.37,1.4000000000333332,84.0,
6213,4,H8,Tornada,30,Les Corts - Pl Dr Ignasi Barraquer,376,13:47:12,47.2,11.833333333333334,710.0,3
6407,3,H8,Tornada,30,Les Corts - Pl Dr Ignasi Barraquer,376,14:01:50,1.83,14.649999999966667,879.0,
6211,4,H8,Tornada,30,Les Corts - Pl Dr Ignasi Barraquer,376,14:11:39,11.65,9.816666666666666,589.0,
6212,4,H8,Tornada,30,Les Corts - Pl Dr Ignasi Barraquer,376,14:15:41,15.68,4.033333333333333,242.0,
6216,4,H8,Tornada,30,Les Corts - Pl Dr Ignasi Barraquer,376,14:29:32,29.53,13.833333333366665,830.0,
6413,4,H8,Tornada,30,Les Corts - Pl Dr Ignasi Barraquer,376,14:38:36,38.6,9.066666666666666,544.0,
6217,4,H8,Tornada,30,Les Corts - Pl Dr Ignasi Barraquer,376,14:48:13,48.22,9.616666666666667,577.0,
6415,4,H8,Tornada,30,Les Corts - Pl Dr Ignasi Barraquer,376,14:59:03,59.05,10.833333333333334,650.0,
6200,1,H8,Tornada,30,Les Corts - Pl Dr Ignasi Barraquer,376,15:17:35,17.58,18.549999999983335,1113.0,
6209,4,H8,Tornada,30,Les Corts - Pl Dr Ignasi Barraquer,376,15:20:14,20.23,2.63333333335,158.0,
6408,4,H8,Tornada,30,Les Corts - Pl Dr Ignasi Barraquer,376,15:29:49,29.82,9.599999999966666,576.0,
6215,4,H8,Tornada,30,Les Corts - Pl Dr Ignasi Barraquer,376,15:50:14,50.23,20.400000000066665,1224.0,
6409,5,H8,Tornada,30,Les Corts - Pl Dr Ignasi Barraquer,376,15:53:38,53.63,3.3999999999666666,204.0,
6056,4,H8,Tornada,30,Les Corts - Pl Dr Ignasi Barraquer,376,15:57:56,57.93,4.3,258.0,
6411,5,H8,Tornada,30,Les Corts - Pl Dr Ignasi Barraquer,376,16:13:35,13.58,15.650000000033334,939.0,
6055,4,H8,Tornada,30,Les Corts - Pl Dr Ignasi Barraquer,376,16:21:59,21.98,8.4,504.0,
6414,4,H8,Tornada,30,Les Corts - Pl Dr Ignasi Barraquer,376,16:34:19,34.32,12.3333333333,740.0,
6015,1,H8,Tornada,30,Les Corts - Pl Dr Ignasi Barraquer,376,16:36:33,36.55,2.2333333333666667,134.0,
6800,4,H8,Tornada,30,Les Corts - Pl Dr Ignasi Barraquer,376,16:45:43,45.72,9.183333333266667,551.0,
6213,5,H8,Tornada,30,Les Corts - Pl Dr Ignasi Barraquer,376,16:51:36,51.6,5.866666666733334,352.0,
6407,4,H8,Tornada,30,Les Corts - Pl Dr Ignasi Barraquer,376,17:07:59,7.98,16.399999999933335,984.0,
6211,5,H8,Tornada,30,Les Corts - Pl Dr Ignasi Barraquer,376,17:14:24,14.4,6.416666666666667,385.0,
6212,5,H8,Tornada,30,Les Corts - Pl Dr Ignasi Barraquer,376,17:27:44,27.73,13.3166666667,799.0,
6036,1,H8,Tornada,30,Les Corts - Pl Dr Ignasi Barraquer,376,17:29:06,29.1,1.3666666666666667,82.0,
6216,5,H8,Tornada,30,Les Corts - Pl Dr Ignasi Barraquer,376,17:40:45,40.75,11.666666666633335,700.0,
6413,5,H8,Tornada,30,Les Corts - Pl Dr Ignasi Barraquer,376,17:48:11,48.18,7.43333333335,446.0,
6217,5,H8,Tornada,30,Les Corts - Pl Dr Ignasi Barraquer,376,17:50:26,50.43,2.2499999999833333,135.0,
6415,5,H8,Tornada,30,Les Corts - Pl Dr Ignasi Barraquer,376,17:57:47,57.78,7.333333333366666,440.0,
6209,5,H8,Tornada,30,Les Corts - Pl Dr Ignasi Barraquer,376,18:17:49,17.82,20.049999999966666,1203.0,"1,2"
6026,5,H8,Tornada,30,Les Corts - Pl Dr Ignasi Barraquer,376,18:33:09,33.15,15.333333333333334,920.0,"34,35,36,37,38"
6215,5,H8,Tornada,30,Les Corts - Pl Dr Ignasi Barraquer,376,18:37:24,37.4,3.716666666666667,223.0,"16,17,18"
6409,6,H8,Tornada,30,Les Corts - Pl Dr Ignasi Barraquer,376,18:44:08,44.13,6.733333333333333,404.0,"1,2"
6056,5,H8,Tornada,30,Les Corts - Pl Dr Ignasi Barraquer,376,18:52:23,52.38,8.266666666599999,496.0,
6411,6,H8,Tornada,30,Les Corts - Pl Dr Ignasi Barraquer,376,19:05:08,5.13,12.75,765.0,
6414,5,H8,Tornada,30,Les Corts - Pl Dr Ignasi Barraquer,376,19:21:22,21.37,16.233333333333334,974.0,12
6800,5,H8,Tornada,30,Les Corts - Pl Dr Ignasi Barraquer,376,19:26:19,26.32,4.933333333366666,296.0,"1,2"
6213,6,H8,Tornada,30,Les Corts - Pl Dr Ignasi Barraquer,376,19:39:09,39.15,12.833333333366665,770.0,
6407,5,H8,Tornada,30,Les Corts - Pl Dr Ignasi Barraquer,376,19:49:42,49.7,10.55,633.0,
6212,6,H8,Tornada,30,Les Corts - Pl Dr Ignasi Barraquer,376,19:56:21,56.35,6.65,399.0,"1,2,3,4,5,6,7,8,9,10,11,12,13,14,15,16,17,18,19,20,21,22,23"
6036,2,H8,Tornada,30,Les Corts - Pl Dr Ignasi Barraquer,376,20:09:52,9.87,12.683333333383333,761.0,
6413,6,H8,Tornada,30,Les Corts - Pl Dr Ignasi Barraquer,376,20:30:13,30.22,20.350000000016667,1221.0,
6415,6,H8,Tornada,30,Les Corts - Pl Dr Ignasi Barraquer,376,20:31:19,31.32,1.0999999999666668,66.0,37
6200,3,H8,Tornada,30,Les Corts - Pl Dr Ignasi Barraquer,376,20:47:04,47.07,15.750000000033333,945.0,
6408,7,H8,Tornada,30,Les Corts - Pl Dr Ignasi Barraquer,376,21:03:27,3.45,16.3833333333,983.0,
6409,7,H8,Tornada,30,Les Corts - Pl Dr Ignasi Barraquer,376,21:15:14,15.23,11.783333333333333,707.0,
6411,7,H8,Tornada,30,Les Corts - Pl Dr Ignasi Barraquer,376,21:35:31,35.52,20.283333333366667,1217.0,11
6414,6,H8,Tornada,30,Les Corts - Pl Dr Ignasi Barraquer,376,21:55:53,55.88,20.366666666633332,1222.0,
6213,7,H8,Tornada,30,Les Corts - Pl Dr Ignasi Barraquer,376,22:13:28,13.47,17.583333333366667,1055.0,21
6409,1,H8,Tornada,31,Les Corts - Numància,991,04:07:41,7.68,,,"1,2,3,4,5,6,7,8,9,10,11,12,13,23"
6411,1,H8,Tornada,31,Les Corts - Numància,991,04:23:23,23.38,15.7,942.0,1
6117,1,H8,Tornada,31,Les Corts - Numància,991,04:39:09,39.15,15.76666666665,946.0,3
6213,1,H8,Tornada,31,Les Corts - Numància,991,04:51:09,51.15,12.000000000016666,720.0,
6212,1,H8,Tornada,31,Les Corts - Numància,991,05:21:41,21.68,3.8666666666,232.0,
6216,1,H8,Tornada,31,Les Corts - Numància,991,05:42:18,42.3,20.616666666666667,1237.0,"1,2"
6413,1,H8,Tornada,31,Les Corts - Numància,991,05:50:02,50.03,7.7166666667333335,463.0,
6217,1,H8,Tornada,31,Les Corts - Numància,991,05:51:47,51.78,1.7666666666,106.0,
6415,1,H8,Tornada,31,Les Corts - Numància,991,06:05:54,5.9,14.100000000066666,846.0,
6026,1,H8,Tornada,31,Les Corts - Numància,991,06:09:33,9.55,3.65,219.0,
6209,1,H8,Tornada,31,Les Corts - Numància,991,06:21:53,21.88,12.333333333333334,740.0,
6022,1,H8,Tornada,31,Les Corts - Numància,991,06:33:29,33.48,11.599999999983334,696.0,"5,8"
6408,1,H8,Tornada,31,Les Corts - Numància,991,06:47:14,47.23,13.766666666616667,826.0,
6215,1,H8,Tornada,31,Les Corts - Numància,991,06:51:35,51.58,4.35,261.0,
6409,2,H8,Tornada,31,Les Corts - Numància,991,07:00:14,0.23,8.6333333334,518.0,
6056,1,H8,Tornada,31,Les Corts - Numància,991,07:07:39,7.65,7.433333333266666,446.0,"13,14"
6411,2,H8,Tornada,31,Les Corts - Numància,991,07:18:27,18.45,10.8,648.0,
6055,1,H8,Tornada,31,Les Corts - Numància,991,07:25:53,25.88,7.433333333333334,446.0,
6414,1,H8,Tornada,31,Les Corts - Numància,991,07:31:30,31.5,5.600000000033333,336.0,
6117,2,H8,Tornada,31,Les Corts - Numància,991,07:35:25,35.42,3.9333333333,236.0,
6800,1,H8,Tornada,31,Les Corts - Numància,991,07:49:57,49.95,14.533333333333333,872.0,
6213,2,H8,Tornada,31,Les Corts - Numància,991,07:53:41,53.68,3.716666666733333,223.0,
6407,1,H8,Tornada,31,Les Corts - Numància,991,08:07:36,7.6,13.916666666666666,835.0,
6211,2,H8,Tornada,31,Les Corts - Numància,991,08:15:20,15.33,7.733333333333333,464.0,
6212,2,H8,Tornada,31,Les Corts - Numància,991,08:21:34,21.57,6.249999999933333,375.0,
6216,2,H8,Tornada,31,Les Corts - Numància,991,08:33:11,33.18,11.600000000066666,696.0,
6413,2,H8,Tornada,31,Les Corts - Numància,991,08:45:50,45.83,12.65,759.0,
6217,2,H8,Tornada,31,Les Corts - Numància,991,08:49:53,49.88,4.066666666600001,244.0,
6415,2,H8,Tornada,31,Les Corts - Numància,991,08:57:45,57.75,7.850000000066667,471.0,"3,4,5,6"
6026,2,H8,Tornada,31,Les Corts - Numància,991,09:07:41,7.68,9.949999999933334,597.0,
6209,2,H8,Tornada,31,Les Corts - Numància,991,09:16:15,16.25,8.550000000066666,513.0,"5,6"
6022,2,H8,Tornada,31,Les Corts - Numància,991,09:26:18,26.3,10.05,603.0,3
6408,2,H8,Tornada,31,Les Corts - Numància,991,09:31:48,31.8,5.516666666583333,331.0,
6215,2,H8,Tornada,31,Les Corts - Numància,991,09:42:24,42.4,10.583333333383333,635.0,
6409,3,H8,Tornada,31,Les Corts - Numància,991,09:57:51,57.85,15.466666666616668,928.0,
6056,2,H8,Tornada,31,Les Corts - Numància,991,10:05:36,5.6,7.733333333416667,464.0,
6411,3,H8,Tornada,31,Les Corts - Numància,991,10:13:43,13.72,8.133333333266666,488.0,
6055,2,H8,Tornada,31,Les Corts - Numància,991,10:23:27,23.45,9.733333333333333,584.0,
6414,2,H8,Tornada,31,Les Corts - Numància,991,10:31:20,31.33,7.883333333333334,473.0,
6800,2,H8,Tornada,31,Les Corts - Numància,991,10:45:38,45.63,14.2833333334,857.0,
6213,3,H8,Tornada,31,Les Corts - Numància,991,10:49:40,49.67,4.0333333333,242.0,
6407,2,H8,Tornada,31,Les Corts - Numància,991,11:03:31,3.52,13.866666666633334,832.0,
6211,3,H8,Tornada,31,Les Corts - Numància,991,11:18:15,18.25,14.7166666667,883.0,
6212,3,H8,Tornada,31,Les Corts - Numància,991,11:25:39,25.65,7.416666666633334,445.0,
6216,3,H8,Tornada,31,Les Corts - Numància,991,11:35:25,35.42,9.766666666666667,586.0,
6413,3,H8,Tornada,31,Les Corts - Numància,991,11:49:55,49.92,14.4833333334,869.0,
6217,3,H8,Tornada,31,Les Corts - Numància,991,11:55:42,55.7,5.783333333333333,347.0,
6415,3,H8,Tornada,31,Les Corts - Numància,991,12:07:36,7.6,11.916666666600001,715.0,
6026,3,H8,Tornada,31,Les Corts - Numància,991,12:11:52,11.87,4.250000000066667,255.0,
6209,3,H8,Tornada,31,Les Corts - Numància,991,12:20:19,20.32,8.45,507.0,
6408,3,H8,Tornada,31,Les Corts - Numància,991,12:32:17,32.28,11.966666666666667,718.0,
6215,3,H8,Tornada,31,Les Corts - Numància,991,12:43:49,43.82,11.549999999933334,693.0,
6409,4,H8,Tornada,31,Les Corts - Numància,991,12:51:35,51.58,7.750000000033333,465.0,5
6056,3,H8,Tornada,31,Les Corts - Numància,991,12:57:53,57.88,6.3,378.0,
6411,4,H8,Tornada,31,Les Corts - Numància,991,13:15:57,15.95,18.0833333333,1085.0,
6055,3,H8,Tornada,31,Les Corts - Numància,991,13:19:34,19.57,3.6000000000666663,216.0,
6414,3,H8,Tornada,31,Les Corts - Numància,991,13:35:22,35.37,15.799999999966667,948.0,
6800,3,H8,Tornada,31,Les Corts - Numància,991,13:36:55,36.92,1.55,93.0,
6213,4,H8,Tornada,31,Les Corts - Numància,991,13:49:41,49.68,12.766666666666667,766.0,3
6407,3,H8,Tornada,31,Les Corts - Numància,991,14:03:49,3.82,14.149999999966667,849.0,
6211,4,H8,Tornada,31,Les Corts - Numància,991,14:13:35,13.58,9.750000000066667,585.0,
6212,4,H8,Tornada,31,Les Corts - Numància,991,14:17:39,17.65,4.083333333266667,245.0,
6216,4,H8,Tornada,31,Les Corts - Numància,991,14:31:35,31.58,13.933333333333334,836.0,
6413,4,H8,Tornada,31,Les Corts - Numància,991,14:39:47,39.78,8.1833333334,491.0,
6217,4,H8,Tornada,31,Les Corts - Numància,991,14:50:44,50.73,10.95,657.0,
6415,4,H8,Tornada,31,Les Corts - Numància,991,15:02:43,2.72,11.999999999933333,720.0,
6200,1,H8,Tornada,31,Les Corts - Numància,991,15:19:51,19.85,17.133333333333333,1028.0,
6209,4,H8,Tornada,31,Les Corts - Numància,991,15:21:52,21.87,2.0000000000666667,120.0,
6408,4,H8,Tornada,31,Les Corts - Numància,991,15:32:02,32.03,10.166666666666666,610.0,
6215,4,H8,Tornada,31,Les Corts - Numància,991,15:51:57,51.95,19.916666666666668,1195.0,
6409,5,H8,Tornada,31,Les Corts - Numància,991,15:55:53,55.88,3.933333333333333,236.0,
6056,4,H8,Tornada,31,Les Corts - Numància,991,15:59:50,59.83,3.966666666616667,238.0,
6411,5,H8,Tornada,31,Les Corts - Numància,991,16:16:02,16.03,16.183333333383334,971.0,
6055,4,H8,Tornada,31,Les Corts - Numància,991,16:23:23,23.38,7.35,441.0,
6414,4,H8,Tornada,31,Les Corts - Numància,991,16:35:57,35.95,12.566666666666666,754.0,
6015,1,H8,Tornada,31,Les Corts - Numància,991,16:37:38,37.63,1.6999999999333333,102.0,
6800,4,H8,Tornada,31,Les Corts - Numància,991,16:47:32,47.53,9.883333333366666,593.0,
6213,5,H8,Tornada,31,Les Corts - Numància,991,16:53:42,53.7,6.166666666699999,370.0,
6407,4,H8,Tornada,31,Les Corts - Numància,991,17:09:48,9.8,16.1,966.0,
6211,5,H8,Tornada,31,Les Corts - Numància,991,17:15:49,15.82,6.0333333332666665,362.0,
6212,5,H8,Tornada,31,Les Corts - Numància,991,17:29:34,29.57,13.75,825.0,
6036,1,H8,Tornada,31,Les Corts - Numància,991,17:31:05,31.08,1.5000000000333331,90.0,
6216,5,H8,Tornada,31,Les Corts - Numància,991,17:43:16,43.27,12.199999999966668,732.0,
6413,5,H8,Tornada,31,Les Corts - Numància,991,17:49:43,49.72,6.433333333366666,386.0,
6217,5,H8,Tornada,31,Les Corts - Numància,991,17:51:24,51.4,1.6833333333666665,101.0,
6415,5,H8,Tornada,31,Les Corts - Numància,991,17:59:22,59.37,7.966666666666667,478.0,
6209,5,H8,Tornada,31,Les Corts - Numància,991,18:19:06,19.1,19.7333333333,1184.0,"1,2"
6026,5,H8,Tornada,31,Les Corts - Numància,991,18:35:05,35.08,15.983333333333333,959.0,"34,35,36,37,38"
6200,2,H8,Tornada,31,Les Corts - Numància,991,18:36:08,36.13,1.0666666666333333,64.0,
6215,5,H8,Tornada,31,Les Corts - Numància,991,18:39:31,39.52,3.3666666667,202.0,"16,17,18"
6409,6,H8,Tornada,31,Les Corts - Numància,991,18:45:37,45.62,6.116666666633334,367.0,"1,2"
6056,5,H8,Tornada,31,Les Corts - Numància,991,18:53:16,53.27,7.6333333334,458.0,
6411,6,H8,Tornada,31,Les Corts - Numància,991,19:07:49,7.82,14.549999999966667,873.0,
6414,5,H8,Tornada,31,Les Corts - Numància,991,19:23:53,23.88,16.066666666666666,964.0,12
6800,5,H8,Tornada,31,Les Corts - Numància,991,19:27:22,27.37,3.4999999999666667,210.0,"1,2"
6213,6,H8,Tornada,31,Les Corts - Numància,991,19:41:42,41.7,14.333333333333334,860.0,
6407,5,H8,Tornada,31,Les Corts - Numància,991,19:51:48,51.8,10.083333333366665,605.0,
6212,6,H8,Tornada,31,Les Corts - Numància,991,19:59:08,59.13,7.333333333366666,440.0,"1,2,3,4,5,6,7,8,9,10,11,12,13,14,15,16,17,18,19,20,21,22,23"
6036,2,H8,Tornada,31,Les Corts - Numància,991,20:11:20,11.33,12.1166666666,727.0,
6413,6,H8,Tornada,31,Les Corts - Numància,991,20:31:26,31.43,20.1,1206.0,
6415,6,H8,Tornada,31,Les Corts - Numància,991,20:33:13,33.22,1.7666666667,106.0,37
6200,3,H8,Tornada,31,Les Corts - Numància,991,20:49:00,49.0,15.783333333333333,947.0,
6408,7,H8,Tornada,31,Les Corts - Numància,991,21:04:58,4.97,15.966666666666667,958.0,
6409,7,H8,Tornada,31,Les Corts - Numància,991,21:17:40,17.67,12.716666666633333,763.0,
6411,7,H8,Tornada,31,Les Corts - Numància,991,21:37:31,37.52,19.85,1191.0,11
6414,6,H8,Tornada,31,Les Corts - Numància,991,21:57:19,57.32,19.8,1188.0,
6213,7,H8,Tornada,31,Les Corts - Numància,991,22:15:19,15.32,17.983333333366666,1079.0,21
6409,1,H8,Tornada,32,Les Corts - Vallespir,484,04:09:35,9.58,,,"1,2,3,4,5,6,7,8,9,10,11,12,13,23"
6411,1,H8,Tornada,32,Les Corts - Vallespir,484,04:25:33,25.55,15.983333333300001,959.0,1
6117,1,H8,Tornada,32,Les Corts - Vallespir,484,04:40:26,40.43,14.8666666667,892.0,3
6213,1,H8,Tornada,32,Les Corts - Vallespir,484,04:53:34,53.57,13.133333333333333,788.0,
6211,1,H8,Tornada,32,Les Corts - Vallespir,484,05:19:02,19.03,25.4833333333,1529.0,
6212,1,H8,Tornada,32,Les Corts - Vallespir,484,05:24:54,24.9,5.850000000033333,351.0,
6216,1,H8,Tornada,32,Les Corts - Vallespir,484,05:43:56,43.93,19.033333333333335,1142.0,"1,2"
6413,1,H8,Tornada,32,Les Corts - Vallespir,484,05:52:27,52.45,8.5333333333,512.0,
6217,1,H8,Tornada,32,Les Corts - Vallespir,484,05:55:15,55.25,2.8,168.0,
6415,1,H8,Tornada,32,Les Corts - Vallespir,484,06:07:20,7.33,12.066666666733333,724.0,
6026,1,H8,Tornada,32,Les Corts - Vallespir,484,06:12:31,12.52,5.1999999999333335,312.0,
6209,1,H8,Tornada,32,Les Corts - Vallespir,484,06:23:11,23.18,10.650000000033334,639.0,
6022,1,H8,Tornada,32,Les Corts - Vallespir,484,06:35:03,35.05,11.8666666667,712.0,"5,8"
6408,1,H8,Tornada,32,Les Corts - Vallespir,484,06:49:17,49.28,14.233333333333333,854.0,
6215,1,H8,Tornada,32,Les Corts - Vallespir,484,06:54:25,54.42,5.1333333333,308.0,
6409,2,H8,Tornada,32,Les Corts - Vallespir,484,07:02:31,2.52,8.100000000033333,486.0,
6056,1,H8,Tornada,32,Les Corts - Vallespir,484,07:11:27,11.45,8.9333333333,536.0,"13,14"
6411,2,H8,Tornada,32,Les Corts - Vallespir,484,07:21:12,21.2,9.750000000033333,585.0,
6055,1,H8,Tornada,32,Les Corts - Vallespir,484,07:28:06,28.1,6.899999999966667,414.0,
6414,1,H8,Tornada,32,Les Corts - Vallespir,484,07:34:27,34.45,6.350000000033333,381.0,
6117,2,H8,Tornada,32,Les Corts - Vallespir,484,07:37:25,37.42,2.966666666666667,178.0,
6800,1,H8,Tornada,32,Les Corts - Vallespir,484,07:52:53,52.88,15.483333333266668,929.0,
6213,2,H8,Tornada,32,Les Corts - Vallespir,484,07:55:44,55.73,2.85,171.0,
6407,1,H8,Tornada,32,Les Corts - Vallespir,484,08:08:36,8.6,12.866666666666667,772.0,
6211,2,H8,Tornada,32,Les Corts - Vallespir,484,08:17:19,17.32,8.700000000033333,522.0,
6212,2,H8,Tornada,32,Les Corts - Vallespir,484,08:23:40,23.67,6.366666666633334,382.0,
6216,2,H8,Tornada,32,Les Corts - Vallespir,484,08:36:25,36.42,12.733333333366666,764.0,
6413,2,H8,Tornada,32,Les Corts - Vallespir,484,08:47:39,47.65,11.233333333366666,674.0,
6217,2,H8,Tornada,32,Les Corts - Vallespir,484,08:50:45,50.75,3.0999999999666668,186.0,
6415,2,H8,Tornada,32,Les Corts - Vallespir,484,09:00:28,0.47,9.716666666666667,583.0,"3,4,5,6"
6026,2,H8,Tornada,32,Les Corts - Vallespir,484,09:10:05,10.08,9.6333333333,578.0,
6209,2,H8,Tornada,32,Les Corts - Vallespir,484,09:17:51,17.85,7.750000000033333,465.0,"5,6"
6022,2,H8,Tornada,32,Les Corts - Vallespir,484,09:28:06,28.1,10.266666666633334,616.0,3
6408,2,H8,Tornada,32,Les Corts - Vallespir,484,09:33:56,33.93,5.8166666667,349.0,
6215,2,H8,Tornada,32,Les Corts - Vallespir,484,09:43:50,43.83,9.9,594.0,
6409,3,H8,Tornada,32,Les Corts - Vallespir,484,10:00:05,0.08,16.25000000003333,975.0,
6056,2,H8,Tornada,32,Les Corts - Vallespir,484,10:07:29,7.48,7.416666666599999,445.0,
6411,3,H8,Tornada,32,Les Corts - Vallespir,484,10:15:38,15.63,8.1333333334,488.0,
6055,2,H8,Tornada,32,Les Corts - Vallespir,484,10:25:24,25.4,9.766666666633334,586.0,
6414,2,H8,Tornada,32,Les Corts - Vallespir,484,10:33:34,33.57,8.1833333333,491.0,
6800,2,H8,Tornada,32,Les Corts - Vallespir,484,10:48:25,48.42,14.833333333366665,890.0,
6213,3,H8,Tornada,32,Les Corts - Vallespir,484,10:52:28,52.47,4.05,243.0,
6407,2,H8,Tornada,32,Les Corts - Vallespir,484,11:05:55,5.92,13.450000000033333,807.0,
6211,3,H8,Tornada,32,Les Corts - Vallespir,484,11:20:19,20.32,14.399999999966667,864.0,
6212,3,H8,Tornada,32,Les Corts - Vallespir,484,11:28:01,28.02,7.7166666666333334,463.0,
6216,3,H8,Tornada,32,Les Corts - Vallespir,484,11:38:09,38.15,10.116666666733332,607.0,
6413,3,H8,Tornada,32,Les Corts - Vallespir,484,11:52:06,52.1,13.9666666666,838.0,
6217,3,H8,Tornada,32,Les Corts - Vallespir,484,11:57:45,57.75,5.65,339.0,
6415,3,H8,Tornada,32,Les Corts - Vallespir,484,12:09:33,9.55,11.8,708.0,
6026,3,H8,Tornada,32,Les Corts - Vallespir,484,12:14:11,14.18,4.633333333333334,278.0,
6209,3,H8,Tornada,32,Les Corts - Vallespir,484,12:21:54,21.9,7.700000000033333,462.0,
6408,3,H8,Tornada,32,Les Corts - Vallespir,484,12:34:10,34.17,12.2833333333,737.0,
6215,3,H8,Tornada,32,Les Corts - Vallespir,484,12:46:32,46.53,12.36666666665,742.0,
6409,4,H8,Tornada,32,Les Corts - Vallespir,484,12:54:14,54.23,7.683333333416667,461.0,5
6056,3,H8,Tornada,32,Les Corts - Vallespir,484,12:58:30,58.5,4.266666666666667,256.0,
6411,4,H8,Tornada,32,Les Corts - Vallespir,484,13:18:02,18.03,19.5333333333,1172.0,
6055,3,H8,Tornada,32,Les Corts - Vallespir,484,13:21:30,21.5,3.4666666667,208.0,
6414,3,H8,Tornada,32,Les Corts - Vallespir,484,13:37:43,37.72,16.216666666633333,973.0,
6213,4,H8,Tornada,32,Les Corts - Vallespir,484,13:52:41,52.68,14.0,840.0,3
6407,3,H8,Tornada,32,Les Corts - Vallespir,484,14:06:18,6.3,13.633333333266668,818.0,
6211,4,H8,Tornada,32,Les Corts - Vallespir,484,14:16:02,16.03,9.716666666733333,583.0,
6212,4,H8,Tornada,32,Les Corts - Vallespir,484,14:20:02,20.03,4.0,240.0,
6216,4,H8,Tornada,32,Les Corts - Vallespir,484,14:33:50,33.83,13.799999999966667,828.0,
6413,4,H8,Tornada,32,Les Corts - Vallespir,484,14:42:37,42.62,8.783333333366667,527.0,
6217,4,H8,Tornada,32,Les Corts - Vallespir,484,14:52:31,52.52,9.899999999966667,594.0,
6415,4,H8,Tornada,32,Les Corts - Vallespir,484,15:04:04,4.07,11.56666666665,694.0,
6200,1,H8,Tornada,32,Les Corts - Vallespir,484,15:22:33,22.55,18.466666666716666,1108.0,
6209,4,H8,Tornada,32,Les Corts - Vallespir,484,15:24:22,24.37,1.8166666666333335,109.0,
6408,4,H8,Tornada,32,Les Corts - Vallespir,484,15:34:18,34.3,9.949999999966668,597.0,
6215,4,H8,Tornada,32,Les Corts - Vallespir,484,15:54:41,54.68,20.383333333333333,1223.0,
6409,5,H8,Tornada,32,Les Corts - Vallespir,484,15:58:06,58.1,3.4000000000666666,204.0,
6056,4,H8,Tornada,32,Les Corts - Vallespir,484,16:02:05,2.08,3.99999999995,240.0,
6411,5,H8,Tornada,32,Les Corts - Vallespir,484,16:17:06,17.1,15.016666666666667,901.0,
6055,4,H8,Tornada,32,Les Corts - Vallespir,484,16:24:50,24.83,7.716666666716667,463.0,
6414,4,H8,Tornada,32,Les Corts - Vallespir,484,16:38:40,38.67,13.8333333333,830.0,
6015,1,H8,Tornada,32,Les Corts - Vallespir,484,16:39:54,39.9,1.2499999999666669,75.0,
6800,4,H8,Tornada,32,Les Corts - Vallespir,484,16:49:38,49.63,9.733333333333333,584.0,
6213,5,H8,Tornada,32,Les Corts - Vallespir,484,16:55:28,55.47,5.816666666733334,349.0,
6407,4,H8,Tornada,32,Les Corts - Vallespir,484,17:11:34,11.57,16.1,966.0,
6211,5,H8,Tornada,32,Les Corts - Vallespir,484,17:17:33,17.55,5.9833333333,359.0,
6212,5,H8,Tornada,32,Les Corts - Vallespir,484,17:31:18,31.3,13.75,825.0,
6036,1,H8,Tornada,32,Les Corts - Vallespir,484,17:33:02,33.03,1.7333333333666665,104.0,
6216,5,H8,Tornada,32,Les Corts - Vallespir,484,17:45:22,45.37,12.3333333333,740.0,
6413,5,H8,Tornada,32,Les Corts - Vallespir,484,17:51:33,51.55,6.199999999966667,372.0,
6217,5,H8,Tornada,32,Les Corts - Vallespir,484,17:53:09,53.15,1.5833333334,95.0,
6415,5,H8,Tornada,32,Les Corts - Vallespir,484,18:01:16,1.27,8.116666666633334,487.0,
6209,5,H8,Tornada,32,Les Corts - Vallespir,484,18:21:17,21.28,20.0166666667,1201.0,"1,2"
6026,5,H8,Tornada,32,Les Corts - Vallespir,484,18:36:54,36.9,15.633333333266668,938.0,"34,35,36,37,38"
6200,2,H8,Tornada,32,Les Corts - Vallespir,484,18:38:43,38.72,1.8000000000333332,108.0,
6215,5,H8,Tornada,32,Les Corts - Vallespir,484,18:41:42,41.7,2.9833333333666667,179.0,"16,17,18"
6409,6,H8,Tornada,32,Les Corts - Vallespir,484,18:47:12,47.2,5.499999999966667,330.0,"1,2"
6056,5,H8,Tornada,32,Les Corts - Vallespir,484,18:55:11,55.18,7.983333333366667,479.0,
6411,6,H8,Tornada,32,Les Corts - Vallespir,484,19:09:46,9.77,14.583333333333334,875.0,
6414,5,H8,Tornada,32,Les Corts - Vallespir,484,19:25:39,25.65,15.899999999933334,954.0,12
6800,5,H8,Tornada,32,Les Corts - Vallespir,484,19:29:33,29.55,3.8833333333666666,233.0,"1,2"
6213,6,H8,Tornada,32,Les Corts - Vallespir,484,19:43:08,43.13,13.583333333333334,815.0,
6407,5,H8,Tornada,32,Les Corts - Vallespir,484,19:52:55,52.92,9.799999999966667,588.0,
6025,1,H8,Tornada,32,Les Corts - Vallespir,484,20:00:28,0.47,7.55,453.0,"1,2,3,4,5,6,7,8,9,10,11,12,13,14,15,16,17,18,19,20,21,22,23,24,25,26,27,28,29"
6036,2,H8,Tornada,32,Les Corts - Vallespir,484,20:13:59,13.98,13.250000000033333,795.0,
6413,6,H8,Tornada,32,Les Corts - Vallespir,484,20:32:40,32.67,18.699999999933333,1122.0,
6415,6,H8,Tornada,32,Les Corts - Vallespir,484,20:33:56,33.93,1.2500000000333331,75.0,37
6200,3,H8,Tornada,32,Les Corts - Vallespir,484,20:50:07,50.12,16.199999999966668,972.0,
6408,7,H8,Tornada,32,Les Corts - Vallespir,484,21:06:47,6.78,16.650000000066665,999.0,
6409,7,H8,Tornada,32,Les Corts - Vallespir,484,21:19:51,19.85,13.066666666633333,784.0,
6411,7,H8,Tornada,32,Les Corts - Vallespir,484,21:39:01,39.02,19.1666666667,1150.0,11
6414,6,H8,Tornada,32,Les Corts - Vallespir,484,22:00:23,0.38,21.366666666633332,1282.0,
6213,7,H8,Tornada,32,Les Corts - Vallespir,484,22:16:42,16.7,16.316666666699998,979.0,21
6409,1,H8,Tornada,33,Mercat de Les Corts,485,04:11:26,11.43,,,"1,2,3,4,5,6,7,8,9,10,11,12,13,23"
6411,1,H8,Tornada,33,Mercat de Les Corts,485,04:27:12,27.2,15.750000000066667,945.0,1
6117,1,H8,Tornada,33,Mercat de Les Corts,485,04:42:00,42.0,14.816666666600002,889.0,3
6213,1,H8,Tornada,33,Mercat de Les Corts,485,04:54:59,54.98,12.983333333333333,779.0,
6212,1,H8,Tornada,33,Mercat de Les Corts,485,05:25:45,25.75,4.666666666666667,280.0,
6216,1,H8,Tornada,33,Mercat de Les Corts,485,05:44:37,44.62,18.850000000033333,1131.0,"1,2"
6413,1,H8,Tornada,33,Mercat de Les Corts,485,05:54:10,54.17,9.55,573.0,
6217,1,H8,Tornada,33,Mercat de Les Corts,485,05:56:35,56.58,2.4166666666666665,145.0,
6415,1,H8,Tornada,33,Mercat de Les Corts,485,06:09:14,9.23,12.65,759.0,
6026,1,H8,Tornada,33,Mercat de Les Corts,485,06:13:54,13.9,4.6833333333,281.0,
6209,1,H8,Tornada,33,Mercat de Les Corts,485,06:24:42,24.7,10.7833333334,647.0,
6022,1,H8,Tornada,33,Mercat de Les Corts,485,06:36:33,36.55,11.85,711.0,"5,8"
6408,1,H8,Tornada,33,Mercat de Les Corts,485,06:50:47,50.78,14.233333333300001,854.0,
6215,1,H8,Tornada,33,Mercat de Les Corts,485,06:55:34,55.57,4.7833333333666666,287.0,
6409,2,H8,Tornada,33,Mercat de Les Corts,485,07:03:19,3.32,7.749999999966667,465.0,
6056,1,H8,Tornada,33,Mercat de Les Corts,485,07:12:37,12.62,9.300000000033332,558.0,"13,14"
6411,2,H8,Tornada,33,Mercat de Les Corts,485,07:22:18,22.3,9.699999999933334,582.0,
6055,1,H8,Tornada,33,Mercat de Les Corts,485,07:28:32,28.53,6.2166666667333335,373.0,
6414,1,H8,Tornada,33,Mercat de Les Corts,485,07:35:36,35.6,7.066666666666666,424.0,
6117,2,H8,Tornada,33,Mercat de Les Corts,485,07:38:52,38.87,3.283333333266667,197.0,
6800,1,H8,Tornada,33,Mercat de Les Corts,485,07:54:45,54.75,15.866666666733332,952.0,
6213,2,H8,Tornada,33,Mercat de Les Corts,485,07:57:31,57.52,2.7666666666333333,166.0,
6407,1,H8,Tornada,33,Mercat de Les Corts,485,08:09:45,9.75,12.233333333366666,734.0,
6211,2,H8,Tornada,33,Mercat de Les Corts,485,08:18:57,18.95,9.199999999966668,552.0,
6212,2,H8,Tornada,33,Mercat de Les Corts,485,08:25:18,25.3,6.366666666633334,382.0,
6216,2,H8,Tornada,33,Mercat de Les Corts,485,08:37:52,37.87,12.566666666666666,754.0,
6413,2,H8,Tornada,33,Mercat de Les Corts,485,08:48:47,48.78,10.916666666666666,655.0,
6217,2,H8,Tornada,33,Mercat de Les Corts,485,08:51:49,51.82,3.033333333333333,182.0,
6415,2,H8,Tornada,33,Mercat de Les Corts,485,09:01:31,1.52,9.683333333366667,581.0,"3,4,5,6"
6026,2,H8,Tornada,33,Mercat de Les Corts,485,09:11:17,11.28,9.766666666666667,586.0,
6209,2,H8,Tornada,33,Mercat de Les Corts,485,09:19:08,19.13,7.866666666633334,472.0,"5,6"
6022,2,H8,Tornada,33,Mercat de Les Corts,485,09:28:59,28.98,9.85,591.0,3
6408,2,H8,Tornada,33,Mercat de Les Corts,485,09:35:22,35.37,6.383333333333334,383.0,
6215,2,H8,Tornada,33,Mercat de Les Corts,485,09:45:26,45.43,10.050000000033332,603.0,
6409,3,H8,Tornada,33,Mercat de Les Corts,485,10:00:47,0.78,15.350000000033333,921.0,
6056,2,H8,Tornada,33,Mercat de Les Corts,485,10:08:57,8.95,8.183333333266667,491.0,
6411,3,H8,Tornada,33,Mercat de Les Corts,485,10:17:02,17.03,8.083333333333334,485.0,
6055,2,H8,Tornada,33,Mercat de Les Corts,485,10:27:33,27.55,10.500000000033333,630.0,
6414,2,H8,Tornada,33,Mercat de Les Corts,485,10:35:48,35.8,8.250000000033333,495.0,
6800,2,H8,Tornada,33,Mercat de Les Corts,485,10:49:37,49.62,13.816666666633333,829.0,
6213,3,H8,Tornada,33,Mercat de Les Corts,485,10:53:42,53.7,4.099999999966666,246.0,
6407,2,H8,Tornada,33,Mercat de Les Corts,485,11:07:21,7.35,13.65,819.0,
6211,3,H8,Tornada,33,Mercat de Les Corts,485,11:21:26,21.43,14.066666666733333,844.0,
6212,3,H8,Tornada,33,Mercat de Les Corts,485,11:29:31,29.52,8.099999999933333,486.0,
6216,3,H8,Tornada,33,Mercat de Les Corts,485,11:39:52,39.87,10.35,621.0,
6413,3,H8,Tornada,33,Mercat de Les Corts,485,11:53:16,53.27,13.383333333366666,803.0,
6217,3,H8,Tornada,33,Mercat de Les Corts,485,11:59:03,59.05,5.7833333333666666,347.0,
6415,3,H8,Tornada,33,Mercat de Les Corts,485,12:11:04,11.07,12.016666666633334,721.0,
6026,3,H8,Tornada,33,Mercat de Les Corts,485,12:15:04,15.07,4.0,240.0,
6209,3,H8,Tornada,33,Mercat de Les Corts,485,12:23:51,23.85,8.783333333366667,527.0,
6408,3,H8,Tornada,33,Mercat de Les Corts,485,12:35:16,35.27,11.416666666633335,685.0,
6215,3,H8,Tornada,33,Mercat de Les Corts,485,12:47:25,47.42,12.166666666633335,730.0,
6409,4,H8,Tornada,33,Mercat de Les Corts,485,12:55:16,55.27,7.833333333400001,470.0,5
6056,3,H8,Tornada,33,Mercat de Les Corts,485,13:00:11,0.18,4.916666666666667,295.0,
6411,4,H8,Tornada,33,Mercat de Les Corts,485,13:19:17,19.28,19.1166666666,1147.0,
6055,3,H8,Tornada,33,Mercat de Les Corts,485,13:22:51,22.85,3.5500000000666665,213.0,
6414,3,H8,Tornada,33,Mercat de Les Corts,485,13:40:05,40.08,17.233333333333334,1034.0,
6213,4,H8,Tornada,33,Mercat de Les Corts,485,13:53:05,53.08,12.283333333333333,737.0,3
6407,3,H8,Tornada,33,Mercat de Les Corts,485,14:06:54,6.9,13.816666666666666,829.0,
6211,4,H8,Tornada,33,Mercat de Les Corts,485,14:16:57,16.95,10.05,603.0,
6212,4,H8,Tornada,33,Mercat de Les Corts,485,14:21:51,21.85,4.9,294.0,
6216,4,H8,Tornada,33,Mercat de Les Corts,485,14:35:02,35.03,13.1666666667,790.0,
6413,4,H8,Tornada,33,Mercat de Les Corts,485,14:44:02,44.03,9.016666666633334,541.0,
6217,4,H8,Tornada,33,Mercat de Les Corts,485,14:53:45,53.75,9.700000000066666,582.0,
6415,4,H8,Tornada,33,Mercat de Les Corts,485,15:05:12,5.2,11.45,687.0,
6200,1,H8,Tornada,33,Mercat de Les Corts,485,15:22:39,22.65,17.45,1047.0,
6209,4,H8,Tornada,33,Mercat de Les Corts,485,15:25:58,25.97,3.316666666633333,199.0,
6408,4,H8,Tornada,33,Mercat de Les Corts,485,15:35:05,35.08,9.1333333333,548.0,
6215,4,H8,Tornada,33,Mercat de Les Corts,485,15:56:08,56.13,21.033333333399998,1262.0,
6409,5,H8,Tornada,33,Mercat de Les Corts,485,15:59:19,59.32,3.1999999999333335,192.0,
6056,4,H8,Tornada,33,Mercat de Les Corts,485,16:04:07,4.12,4.8,288.0,
6411,5,H8,Tornada,33,Mercat de Les Corts,485,16:18:33,18.55,14.4166666667,865.0,
6055,4,H8,Tornada,33,Mercat de Les Corts,485,16:26:28,26.47,7.916666666699999,475.0,
6414,4,H8,Tornada,33,Mercat de Les Corts,485,16:40:40,40.67,14.2166666666,853.0,
6015,1,H8,Tornada,33,Mercat de Les Corts,485,16:42:29,42.48,1.8000000000333332,108.0,
6800,4,H8,Tornada,33,Mercat de Les Corts,485,16:51:02,51.03,8.550000000033332,513.0,
6213,5,H8,Tornada,33,Mercat de Les Corts,485,16:57:03,57.05,6.016666666666667,361.0,
6407,4,H8,Tornada,33,Mercat de Les Corts,485,17:13:09,13.15,16.099999999966666,966.0,
6211,5,H8,Tornada,33,Mercat de Les Corts,485,17:19:24,19.4,6.250000000033333,375.0,
6212,5,H8,Tornada,33,Mercat de Les Corts,485,17:31:48,31.8,12.399999999966667,744.0,
6036,1,H8,Tornada,33,Mercat de Les Corts,485,17:34:11,34.18,2.3833333333666666,143.0,
6216,5,H8,Tornada,33,Mercat de Les Corts,485,17:47:00,47.0,12.816666666666666,769.0,
6413,5,H8,Tornada,33,Mercat de Les Corts,485,17:52:53,52.88,5.8833333333,353.0,
6217,5,H8,Tornada,33,Mercat de Les Corts,485,17:54:28,54.47,1.5999999999666668,96.0,
6415,5,H8,Tornada,33,Mercat de Les Corts,485,18:02:13,2.22,7.75,465.0,
6209,5,H8,Tornada,33,Mercat de Les Corts,485,18:23:03,23.05,20.833333333333332,1250.0,"1,2"
6026,5,H8,Tornada,33,Mercat de Les Corts,485,18:38:06,38.1,15.05,903.0,"34,35,36,37,38"
6200,2,H8,Tornada,33,Mercat de Les Corts,485,18:40:51,40.85,2.7333333333666667,164.0,
6215,5,H8,Tornada,33,Mercat de Les Corts,485,18:42:15,42.25,1.4000000000333332,84.0,"16,17,18"
6409,6,H8,Tornada,33,Mercat de Les Corts,485,18:48:43,48.72,6.466666666666667,388.0,"1,2"
6056,5,H8,Tornada,33,Mercat de Les Corts,485,18:56:50,56.83,8.116666666633334,487.0,
6411,6,H8,Tornada,33,Mercat de Les Corts,485,19:11:25,11.42,14.599999999966666,876.0,
6414,5,H8,Tornada,33,Mercat de Les Corts,485,19:28:26,28.43,17.016666666666666,1021.0,12
6800,5,H8,Tornada,33,Mercat de Les Corts,485,19:30:40,30.67,2.2333333333333334,134.0,"1,2"
6213,6,H8,Tornada,33,Mercat de Les Corts,485,19:44:12,44.2,13.516666666699999,811.0,
6407,5,H8,Tornada,33,Mercat de Les Corts,485,19:54:18,54.3,10.116666666633334,607.0,
6212,6,H8,Tornada,33,Mercat de Les Corts,485,20:01:35,1.58,7.2666666667,436.0,"1,2,3,4,5,6,7,8,9,10,11,12,13,14,15,16,17,18,19,20,21,22,23"
6036,2,H8,Tornada,33,Mercat de Les Corts,485,20:14:49,14.82,12.9,774.0,
6413,6,H8,Tornada,33,Mercat de Les Corts,485,20:33:53,33.88,19.066666666633335,1144.0,
6415,6,H8,Tornada,33,Mercat de Les Corts,485,20:35:37,35.62,1.7499999999666669,105.0,37
6200,3,H8,Tornada,33,Mercat de Les Corts,485,20:51:03,51.05,15.4166666667,925.0,
6408,7,H8,Tornada,33,Mercat de Les Corts,485,21:07:32,7.53,16.483333333366666,989.0,
6409,7,H8,Tornada,33,Mercat de Les Corts,485,21:21:09,21.15,13.616666666633334,817.0,
6411,7,H8,Tornada,33,Mercat de Les Corts,485,21:40:15,40.25,19.1,1146.0,11
6414,6,H8,Tornada,33,Mercat de Les Corts,485,22:01:53,1.88,21.633333333366668,1298.0,
6213,7,H8,Tornada,33,Mercat de Les Corts,485,22:18:14,18.23,16.35,981.0,21
6409,1,H8,Tornada,34,Les Corts - Mejía Lequerica,923,04:12:52,12.87,,,"1,2,3,4,5,6,7,8,9,10,11,12,13,23"
6411,1,H8,Tornada,34,Les Corts - Mejía Lequerica,923,04:28:53,28.88,16.03333333326667,962.0,1
6117,1,H8,Tornada,34,Les Corts - Mejía Lequerica,923,04:42:25,42.42,13.533333333333333,812.0,3
6213,1,H8,Tornada,34,Les Corts - Mejía Lequerica,923,04:56:41,56.68,14.250000000066667,855.0,
6212,1,H8,Tornada,34,Les Corts - Mejía Lequerica,923,05:28:04,28.07,5.699999999966667,342.0,
6216,1,H8,Tornada,34,Les Corts - Mejía Lequerica,923,05:46:55,46.92,18.850000000033333,1131.0,"1,2"
6413,1,H8,Tornada,34,Les Corts - Mejía Lequerica,923,05:56:50,56.83,9.916666666633335,595.0,
6217,1,H8,Tornada,34,Les Corts - Mejía Lequerica,923,05:58:46,58.77,1.9499999999666668,117.0,
6415,1,H8,Tornada,34,Les Corts - Mejía Lequerica,923,06:10:33,10.55,11.783333333333333,707.0,
6026,1,H8,Tornada,34,Les Corts - Mejía Lequerica,923,06:15:36,15.6,5.0333333333666666,302.0,
6209,1,H8,Tornada,34,Les Corts - Mejía Lequerica,923,06:26:15,26.25,10.666666666633335,640.0,
6022,1,H8,Tornada,34,Les Corts - Mejía Lequerica,923,06:37:48,37.8,11.533333333366667,692.0,"5,8"
6408,1,H8,Tornada,34,Les Corts - Mejía Lequerica,923,06:51:50,51.83,14.049999999966667,843.0,
6215,1,H8,Tornada,34,Les Corts - Mejía Lequerica,923,06:57:03,57.05,5.200000000066667,312.0,
6409,2,H8,Tornada,34,Les Corts - Mejía Lequerica,923,07:05:20,5.33,8.283333333316667,497.0,
6056,1,H8,Tornada,34,Les Corts - Mejía Lequerica,923,07:14:57,14.95,9.616666666683333,577.0,"13,14"
6411,2,H8,Tornada,34,Les Corts - Mejía Lequerica,923,07:24:24,24.4,9.4666666666,568.0,
6055,1,H8,Tornada,34,Les Corts - Mejía Lequerica,923,07:30:40,30.67,6.250000000033333,375.0,
6414,1,H8,Tornada,34,Les Corts - Mejía Lequerica,923,07:37:18,37.3,6.633333333333334,398.0,
6117,2,H8,Tornada,34,Les Corts - Mejía Lequerica,923,07:41:26,41.43,4.149999999966666,249.0,
6800,1,H8,Tornada,34,Les Corts - Mejía Lequerica,923,07:56:07,56.12,14.6666666667,880.0,
6213,2,H8,Tornada,34,Les Corts - Mejía Lequerica,923,07:57:46,57.77,1.6666666666499999,100.0,
6407,1,H8,Tornada,34,Les Corts - Mejía Lequerica,923,08:11:14,11.23,13.466666666650001,808.0,
6211,2,H8,Tornada,34,Les Corts - Mejía Lequerica,923,08:20:37,20.62,9.3666666667,562.0,
6212,2,H8,Tornada,34,Les Corts - Mejía Lequerica,923,08:27:25,27.42,6.8,408.0,
6216,2,H8,Tornada,34,Les Corts - Mejía Lequerica,923,08:40:05,40.08,12.666666666666666,760.0,
6413,2,H8,Tornada,34,Les Corts - Mejía Lequerica,923,08:51:16,51.27,11.199999999966668,672.0,
6217,2,H8,Tornada,34,Les Corts - Mejía Lequerica,923,08:54:34,54.57,3.3,198.0,
6415,2,H8,Tornada,34,Les Corts - Mejía Lequerica,923,09:03:36,3.6,9.033333333333333,542.0,"3,4,5,6"
6026,2,H8,Tornada,34,Les Corts - Mejía Lequerica,923,09:13:06,13.1,9.4833333334,569.0,
6209,2,H8,Tornada,34,Les Corts - Mejía Lequerica,923,09:22:06,22.1,9.0,540.0,"5,6"
6022,2,H8,Tornada,34,Les Corts - Mejía Lequerica,923,09:30:35,30.58,8.483333333300001,509.0,3
6408,2,H8,Tornada,34,Les Corts - Mejía Lequerica,923,09:36:33,36.55,5.966666666699999,358.0,
6215,2,H8,Tornada,34,Les Corts - Mejía Lequerica,923,09:47:19,47.32,10.766666666633334,646.0,
6409,3,H8,Tornada,34,Les Corts - Mejía Lequerica,923,10:03:21,3.35,16.049999999966666,963.0,
6056,2,H8,Tornada,34,Les Corts - Mejía Lequerica,923,10:10:47,10.78,7.433333333333334,446.0,
6411,3,H8,Tornada,34,Les Corts - Mejía Lequerica,923,10:19:05,19.08,8.2833333334,497.0,
6055,2,H8,Tornada,34,Les Corts - Mejía Lequerica,923,10:29:26,29.43,10.35,621.0,
6414,2,H8,Tornada,34,Les Corts - Mejía Lequerica,923,10:38:18,38.3,8.866666666666667,532.0,
6800,2,H8,Tornada,34,Les Corts - Mejía Lequerica,923,10:52:04,52.07,13.766666666666667,826.0,
6213,3,H8,Tornada,34,Les Corts - Mejía Lequerica,923,10:55:58,55.97,3.9166666666000003,235.0,
6407,2,H8,Tornada,34,Les Corts - Mejía Lequerica,923,11:09:36,9.6,13.6166666667,817.0,
6211,3,H8,Tornada,34,Les Corts - Mejía Lequerica,923,11:23:08,23.13,13.549999999966667,813.0,
6212,3,H8,Tornada,34,Les Corts - Mejía Lequerica,923,11:31:37,31.62,8.466666666733333,508.0,
6216,3,H8,Tornada,34,Les Corts - Mejía Lequerica,923,11:41:57,41.95,10.333333333333334,620.0,
6413,3,H8,Tornada,34,Les Corts - Mejía Lequerica,923,11:54:39,54.65,12.716666666583334,763.0,
6217,3,H8,Tornada,34,Les Corts - Mejía Lequerica,923,12:00:59,0.98,6.316666666716667,379.0,
6415,3,H8,Tornada,34,Les Corts - Mejía Lequerica,923,12:13:05,13.08,12.100000000033333,726.0,
6026,3,H8,Tornada,34,Les Corts - Mejía Lequerica,923,12:16:30,16.5,3.4166666666666665,205.0,
6209,3,H8,Tornada,34,Les Corts - Mejía Lequerica,923,12:25:46,25.77,9.283333333266667,557.0,
6408,3,H8,Tornada,34,Les Corts - Mejía Lequerica,923,12:37:49,37.82,12.05,723.0,
6215,3,H8,Tornada,34,Les Corts - Mejía Lequerica,923,12:49:22,49.37,11.55,693.0,
6409,4,H8,Tornada,34,Les Corts - Mejía Lequerica,923,12:57:05,57.08,7.716666666666667,463.0,5
6056,3,H8,Tornada,34,Les Corts - Mejía Lequerica,923,13:03:56,3.93,6.833333333366666,410.0,
6411,4,H8,Tornada,34,Les Corts - Mejía Lequerica,923,13:21:17,21.28,17.35,1041.0,
6055,3,H8,Tornada,34,Les Corts - Mejía Lequerica,923,13:25:49,25.82,4.533333333333333,272.0,
6414,3,H8,Tornada,34,Les Corts - Mejía Lequerica,923,13:42:19,42.32,16.516666666633334,991.0,
6213,4,H8,Tornada,34,Les Corts - Mejía Lequerica,923,13:54:43,54.72,11.666666666666666,700.0,3
6407,3,H8,Tornada,34,Les Corts - Mejía Lequerica,923,14:09:03,9.05,14.349999999933335,861.0,
6211,4,H8,Tornada,34,Les Corts - Mejía Lequerica,923,14:18:48,18.8,9.7333333334,584.0,
6212,4,H8,Tornada,34,Les Corts - Mejía Lequerica,923,14:23:33,23.55,4.7666666666,286.0,
6216,4,H8,Tornada,34,Les Corts - Mejía Lequerica,923,14:37:01,37.02,13.466666666666667,808.0,
6413,4,H8,Tornada,34,Les Corts - Mejía Lequerica,923,14:46:15,46.25,9.233333333333333,554.0,
6217,4,H8,Tornada,34,Les Corts - Mejía Lequerica,923,14:55:46,55.77,9.51666666665,571.0,
6415,4,H8,Tornada,34,Les Corts - Mejía Lequerica,923,15:06:41,6.68,10.916666666683334,655.0,
6200,1,H8,Tornada,34,Les Corts - Mejía Lequerica,923,15:25:47,25.78,19.0833333334,1145.0,
6209,4,H8,Tornada,34,Les Corts - Mejía Lequerica,923,15:27:41,27.68,1.9,114.0,
6408,4,H8,Tornada,34,Les Corts - Mejía Lequerica,923,15:37:18,37.3,9.633333333266668,578.0,
6215,4,H8,Tornada,34,Les Corts - Mejía Lequerica,923,15:58:32,58.53,21.2166666667,1273.0,
6409,5,H8,Tornada,34,Les Corts - Mejía Lequerica,923,16:01:06,1.1,2.5833333332833335,155.0,
6056,4,H8,Tornada,34,Les Corts - Mejía Lequerica,923,16:06:06,6.1,4.9833333334,299.0,
6411,5,H8,Tornada,34,Les Corts - Mejía Lequerica,923,16:20:44,20.73,14.633333333316667,878.0,
6055,4,H8,Tornada,34,Les Corts - Mejía Lequerica,923,16:28:24,28.4,7.666666666699999,460.0,
6414,4,H8,Tornada,34,Les Corts - Mejía Lequerica,923,16:43:09,43.15,14.7666666666,886.0,
6015,1,H8,Tornada,34,Les Corts - Mejía Lequerica,923,16:44:40,44.67,1.5166666666666666,91.0,
6800,4,H8,Tornada,34,Les Corts - Mejía Lequerica,923,16:53:38,53.63,8.950000000033333,537.0,
6213,5,H8,Tornada,34,Les Corts - Mejía Lequerica,923,16:59:19,59.32,5.683333333366666,341.0,
6407,4,H8,Tornada,34,Les Corts - Mejía Lequerica,923,17:14:48,14.8,15.483333333300001,929.0,
6211,5,H8,Tornada,34,Les Corts - Mejía Lequerica,923,17:21:13,21.22,6.416666666666667,385.0,
6212,5,H8,Tornada,34,Les Corts - Mejía Lequerica,923,17:35:11,35.18,13.983333333300001,839.0,
6036,1,H8,Tornada,34,Les Corts - Mejía Lequerica,923,17:36:58,36.97,1.7833333333333334,107.0,
6216,5,H8,Tornada,34,Les Corts - Mejía Lequerica,923,17:49:31,49.52,12.5333333334,752.0,
6413,5,H8,Tornada,34,Les Corts - Mejía Lequerica,923,17:55:21,55.35,5.849999999933333,351.0,
6217,5,H8,Tornada,34,Les Corts - Mejía Lequerica,923,17:57:02,57.03,1.6666666666999999,100.0,
6415,5,H8,Tornada,34,Les Corts - Mejía Lequerica,923,18:04:16,4.27,7.249999999966667,435.0,
6209,5,H8,Tornada,34,Les Corts - Mejía Lequerica,923,18:25:08,25.13,20.866666666666667,1252.0,"1,2"
6200,2,H8,Tornada,34,Les Corts - Mejía Lequerica,923,18:42:47,42.78,17.65,1059.0,
6215,5,H8,Tornada,34,Les Corts - Mejía Lequerica,923,18:44:23,44.38,1.5833333334,95.0,"16,17,18"
6409,6,H8,Tornada,34,Les Corts - Mejía Lequerica,923,18:50:07,50.12,5.733333333333333,344.0,"1,2"
6056,5,H8,Tornada,34,Les Corts - Mejía Lequerica,923,18:58:47,58.78,8.666666666633335,520.0,
6411,6,H8,Tornada,34,Les Corts - Mejía Lequerica,923,19:13:08,13.13,14.350000000033333,861.0,
6414,5,H8,Tornada,34,Les Corts - Mejía Lequerica,923,19:30:54,30.9,17.766666666633334,1066.0,12
6800,5,H8,Tornada,34,Les Corts - Mejía Lequerica,923,19:32:05,32.08,1.1833333333333333,71.0,"1,2"
6213,6,H8,Tornada,34,Les Corts - Mejía Lequerica,923,19:46:24,46.4,14.3333333333,860.0,
6407,5,H8,Tornada,34,Les Corts - Mejía Lequerica,923,19:56:18,56.3,9.8833333334,593.0,
6025,1,H8,Tornada,34,Les Corts - Mejía Lequerica,923,20:03:04,3.07,6.7833333332666665,407.0,"1,2,3,4,5,6,7,8,9,10,11,12,13,14,15,16,17,18,19,20,21,22,23,24,25,26,27,28,29"
6036,2,H8,Tornada,34,Les Corts - Mejía Lequerica,923,20:16:24,16.4,13.233333333300001,794.0,
6413,6,H8,Tornada,34,Les Corts - Mejía Lequerica,923,20:35:04,35.07,18.650000000066665,1119.0,
6415,6,H8,Tornada,34,Les Corts - Mejía Lequerica,923,20:36:40,36.67,1.6166666666,97.0,37
6200,3,H8,Tornada,34,Les Corts - Mejía Lequerica,923,20:52:24,52.4,15.733333333333333,944.0,
6408,7,H8,Tornada,34,Les Corts - Mejía Lequerica,923,21:08:33,8.55,16.1333333334,968.0,
6409,7,H8,Tornada,34,Les Corts - Mejía Lequerica,923,21:22:14,22.23,13.6833333333,821.0,
6411,7,H8,Tornada,34,Les Corts - Mejía Lequerica,923,21:42:01,42.02,19.783333333333335,1187.0,11
6414,6,H8,Tornada,34,Les Corts - Mejía Lequerica,923,22:02:34,2.57,20.55,1233.0,
6213,7,H8,Tornada,34,Les Corts - Mejía Lequerica,923,22:19:24,19.4,16.833333333333332,1010.0,21
6409,1,H8,Tornada,35,Estadi del Futbol Club Barcelona,8535,04:13:27,13.45,,,"1,2,3,4,5,6,7,8,9,10,11,12,13,23"
6411,1,H8,Tornada,35,Estadi del Futbol Club Barcelona,8535,04:31:14,31.23,17.7833333333,1067.0,1
6117,1,H8,Tornada,35,Estadi del Futbol Club Barcelona,8535,04:42:46,42.77,11.549999999966667,693.0,3
6213,1,H8,Tornada,35,Estadi del Futbol Club Barcelona,8535,04:57:26,57.43,14.650000000033334,879.0,
6212,1,H8,Tornada,35,Estadi del Futbol Club Barcelona,8535,05:29:52,29.87,4.549999999966667,273.0,
6216,1,H8,Tornada,35,Estadi del Futbol Club Barcelona,8535,05:48:49,48.82,18.966666666633333,1138.0,"1,2"
6413,1,H8,Tornada,35,Estadi del Futbol Club Barcelona,8535,05:58:18,58.3,9.4666666667,568.0,
6217,1,H8,Tornada,35,Estadi del Futbol Club Barcelona,8535,06:00:00,0.0,1.7,102.0,
6415,1,H8,Tornada,35,Estadi del Futbol Club Barcelona,8535,06:12:22,12.37,12.3833333333,743.0,
6026,1,H8,Tornada,35,Estadi del Futbol Club Barcelona,8535,06:16:46,16.77,4.4,264.0,
6209,1,H8,Tornada,35,Estadi del Futbol Club Barcelona,8535,06:27:11,27.18,10.400000000066665,624.0,
6022,1,H8,Tornada,35,Estadi del Futbol Club Barcelona,8535,06:38:20,38.33,11.166666666600001,670.0,"5,8"
6408,1,H8,Tornada,35,Estadi del Futbol Club Barcelona,8535,06:55:25,55.42,17.066666666733333,1024.0,
6215,1,H8,Tornada,35,Estadi del Futbol Club Barcelona,8535,06:58:24,58.4,2.9833333333,179.0,
6409,2,H8,Tornada,35,Estadi del Futbol Club Barcelona,8535,07:07:41,7.68,9.283333333333333,557.0,
6056,1,H8,Tornada,35,Estadi del Futbol Club Barcelona,8535,07:17:22,17.37,9.683333333366667,581.0,"13,14"
6411,2,H8,Tornada,35,Estadi del Futbol Club Barcelona,8535,07:26:22,26.37,9.0166666666,541.0,
6055,1,H8,Tornada,35,Estadi del Futbol Club Barcelona,8535,07:31:46,31.77,5.3833333334,323.0,
6414,1,H8,Tornada,35,Estadi del Futbol Club Barcelona,8535,07:38:49,38.82,7.0666666666,424.0,
6117,2,H8,Tornada,35,Estadi del Futbol Club Barcelona,8535,07:42:21,42.35,3.5166666667,211.0,
6800,1,H8,Tornada,35,Estadi del Futbol Club Barcelona,8535,07:57:18,57.3,14.966666666633333,898.0,
6213,2,H8,Tornada,35,Estadi del Futbol Club Barcelona,8535,07:59:30,59.5,2.2,132.0,
6407,1,H8,Tornada,35,Estadi del Futbol Club Barcelona,8535,08:14:30,14.5,14.9833333334,899.0,
6211,2,H8,Tornada,35,Estadi del Futbol Club Barcelona,8535,08:23:27,23.45,8.949999999966668,537.0,
6212,2,H8,Tornada,35,Estadi del Futbol Club Barcelona,8535,08:29:22,29.37,5.9333333333,356.0,
6216,2,H8,Tornada,35,Estadi del Futbol Club Barcelona,8535,08:42:05,42.08,12.700000000066666,762.0,
6413,2,H8,Tornada,35,Estadi del Futbol Club Barcelona,8535,08:52:22,52.37,10.299999999916668,618.0,
6217,2,H8,Tornada,35,Estadi del Futbol Club Barcelona,8535,08:56:23,56.38,4.016666666683333,241.0,
6415,2,H8,Tornada,35,Estadi del Futbol Club Barcelona,8535,09:05:28,5.47,9.066666666733333,544.0,"3,4,5,6"
6026,2,H8,Tornada,35,Estadi del Futbol Club Barcelona,8535,09:14:44,14.73,9.283333333266667,557.0,
6209,2,H8,Tornada,35,Estadi del Futbol Club Barcelona,8535,09:23:40,23.67,8.916666666733333,535.0,"5,6"
6022,2,H8,Tornada,35,Estadi del Futbol Club Barcelona,8535,09:32:40,32.67,8.999999999966667,540.0,3
6408,2,H8,Tornada,35,Estadi del Futbol Club Barcelona,8535,09:37:55,37.92,5.266666666633333,316.0,
6215,2,H8,Tornada,35,Estadi del Futbol Club Barcelona,8535,09:49:17,49.28,11.350000000066666,681.0,
6409,3,H8,Tornada,35,Estadi del Futbol Club Barcelona,8535,10:04:23,4.38,15.099999999966666,906.0,
6056,2,H8,Tornada,35,Estadi del Futbol Club Barcelona,8535,10:12:54,12.9,8.516666666699999,511.0,
6411,3,H8,Tornada,35,Estadi del Futbol Club Barcelona,8535,10:20:50,20.83,7.9499999999333335,477.0,
6055,2,H8,Tornada,35,Estadi del Futbol Club Barcelona,8535,10:31:40,31.67,10.8166666667,649.0,
6414,2,H8,Tornada,35,Estadi del Futbol Club Barcelona,8535,10:40:38,40.63,8.9666666667,538.0,
6800,2,H8,Tornada,35,Estadi del Futbol Club Barcelona,8535,10:53:32,53.53,12.899999999966667,774.0,
6213,3,H8,Tornada,35,Estadi del Futbol Club Barcelona,8535,10:57:57,57.95,4.416666666699999,265.0,
6407,2,H8,Tornada,35,Estadi del Futbol Club Barcelona,8535,11:12:12,12.2,14.25,855.0,
6211,3,H8,Tornada,35,Estadi del Futbol Club Barcelona,8535,11:24:52,24.87,12.683333333266667,761.0,
6212,3,H8,Tornada,35,Estadi del Futbol Club Barcelona,8535,11:33:37,33.62,8.7333333334,524.0,
6216,3,H8,Tornada,35,Estadi del Futbol Club Barcelona,8535,11:43:57,43.95,10.333333333333334,620.0,
6413,3,H8,Tornada,35,Estadi del Futbol Club Barcelona,8535,11:56:42,56.7,12.75,765.0,
6217,3,H8,Tornada,35,Estadi del Futbol Club Barcelona,8535,12:03:03,3.05,6.35,381.0,
6415,3,H8,Tornada,35,Estadi del Futbol Club Barcelona,8535,12:14:32,14.53,11.499999999916668,690.0,
6026,3,H8,Tornada,35,Estadi del Futbol Club Barcelona,8535,12:19:25,19.42,4.8666666667500005,292.0,
6209,3,H8,Tornada,35,Estadi del Futbol Club Barcelona,8535,12:27:46,27.77,8.35,501.0,
6408,3,H8,Tornada,35,Estadi del Futbol Club Barcelona,8535,12:39:59,39.98,12.233333333266668,734.0,
6215,3,H8,Tornada,35,Estadi del Futbol Club Barcelona,8535,12:51:09,51.15,11.150000000033334,669.0,
6409,4,H8,Tornada,35,Estadi del Futbol Club Barcelona,8535,12:59:46,59.77,8.616666666666667,517.0,5
6056,3,H8,Tornada,35,Estadi del Futbol Club Barcelona,8535,13:06:54,6.9,7.133333333366666,428.0,
6411,4,H8,Tornada,35,Estadi del Futbol Club Barcelona,8535,13:23:37,23.62,16.716666666633333,1003.0,
6055,3,H8,Tornada,35,Estadi del Futbol Club Barcelona,8535,13:27:54,27.9,4.299999999966667,258.0,
6414,3,H8,Tornada,35,Estadi del Futbol Club Barcelona,8535,13:44:12,44.2,16.283333333399998,977.0,
6213,4,H8,Tornada,35,Estadi del Futbol Club Barcelona,8535,13:56:44,56.73,12.25,735.0,3
6407,3,H8,Tornada,35,Estadi del Futbol Club Barcelona,8535,14:11:36,11.6,14.8666666667,892.0,
6211,4,H8,Tornada,35,Estadi del Futbol Club Barcelona,8535,14:20:46,20.77,9.183333333266667,551.0,
6212,4,H8,Tornada,35,Estadi del Futbol Club Barcelona,8535,14:25:47,25.78,5.016666666666667,301.0,
6216,4,H8,Tornada,35,Estadi del Futbol Club Barcelona,8535,14:39:01,39.02,13.233333333333333,794.0,
6413,4,H8,Tornada,35,Estadi del Futbol Club Barcelona,8535,14:48:14,48.23,9.200000000066666,552.0,
6217,4,H8,Tornada,35,Estadi del Futbol Club Barcelona,8535,14:57:11,57.18,8.95,537.0,
6415,4,H8,Tornada,35,Estadi del Futbol Club Barcelona,8535,15:09:16,9.27,12.083333333333334,725.0,
6200,1,H8,Tornada,35,Estadi del Futbol Club Barcelona,8535,15:29:33,29.55,20.2833333333,1217.0,
6408,4,H8,Tornada,35,Estadi del Futbol Club Barcelona,8535,15:41:50,41.83,11.599999999966666,696.0,
6215,4,H8,Tornada,35,Estadi del Futbol Club Barcelona,8535,16:00:03,0.05,18.21666666665,1093.0,
6409,5,H8,Tornada,35,Estadi del Futbol Club Barcelona,8535,16:03:21,3.35,3.283333333383333,197.0,
6056,4,H8,Tornada,35,Estadi del Futbol Club Barcelona,8535,16:09:07,9.12,5.783333333300001,347.0,
6411,5,H8,Tornada,35,Estadi del Futbol Club Barcelona,8535,16:22:14,22.23,13.116666666666667,787.0,
6055,4,H8,Tornada,35,Estadi del Futbol Club Barcelona,8535,16:31:05,31.08,8.833333333399999,530.0,
6414,4,H8,Tornada,35,Estadi del Futbol Club Barcelona,8535,16:45:22,45.37,14.283333333333333,857.0,
6015,1,H8,Tornada,35,Estadi del Futbol Club Barcelona,8535,16:47:29,47.48,2.1166666666333334,127.0,
6800,4,H8,Tornada,35,Estadi del Futbol Club Barcelona,8535,16:54:57,54.95,7.466666666699999,448.0,
6213,5,H8,Tornada,35,Estadi del Futbol Club Barcelona,8535,17:00:11,0.18,5.233333333333333,314.0,
6407,4,H8,Tornada,35,Estadi del Futbol Club Barcelona,8535,17:17:01,17.02,16.849999999933335,1011.0,
6211,5,H8,Tornada,35,Estadi del Futbol Club Barcelona,8535,17:22:01,22.02,5.0,300.0,
6212,5,H8,Tornada,35,Estadi del Futbol Club Barcelona,8535,17:38:57,38.95,16.91666666673333,1015.0,
6036,1,H8,Tornada,35,Estadi del Futbol Club Barcelona,8535,17:40:00,40.0,1.05,63.0,
6216,5,H8,Tornada,35,Estadi del Futbol Club Barcelona,8535,17:51:31,51.52,11.533333333266667,692.0,
6413,5,H8,Tornada,35,Estadi del Futbol Club Barcelona,8535,17:57:02,57.03,5.500000000066667,330.0,
6415,5,H8,Tornada,35,Estadi del Futbol Club Barcelona,8535,18:06:24,6.4,8.450000000033333,507.0,
6209,5,H8,Tornada,35,Estadi del Futbol Club Barcelona,8535,18:25:50,25.83,19.433333333366665,1166.0,"1,2"
6408,6,H8,Tornada,35,Estadi del Futbol Club Barcelona,8535,18:30:12,30.2,4.366666666633334,262.0,"1,2,3,4,5,6,7,8,9,10,11,12,13,14,15,16,17,18,19,20,21,22,23,24,25,26,27,28,29,30,31,32,33,34"
6200,2,H8,Tornada,35,Estadi del Futbol Club Barcelona,8535,18:44:49,44.82,14.6166666667,877.0,
6215,5,H8,Tornada,35,Estadi del Futbol Club Barcelona,8535,18:46:51,46.85,2.0333333333000003,122.0,"16,17,18"
6409,6,H8,Tornada,35,Estadi del Futbol Club Barcelona,8535,18:51:44,51.73,4.883333333366666,293.0,"1,2"
6056,5,H8,Tornada,35,Estadi del Futbol Club Barcelona,8535,19:01:01,1.02,9.299999999933334,558.0,
6411,6,H8,Tornada,35,Estadi del Futbol Club Barcelona,8535,19:15:29,15.48,14.450000000033333,867.0,
6414,5,H8,Tornada,35,Estadi del Futbol Club Barcelona,8535,19:32:03,32.05,16.566666666699998,994.0,12
6213,6,H8,Tornada,35,Estadi del Futbol Club Barcelona,8535,19:48:13,48.22,15.866666666683333,952.0,
6407,5,H8,Tornada,35,Estadi del Futbol Club Barcelona,8535,19:58:13,58.22,9.98333333335,599.0,
6025,1,H8,Tornada,35,Estadi del Futbol Club Barcelona,8535,20:04:22,4.37,6.166666666633334,370.0,"1,2,3,4,5,6,7,8,9,10,11,12,13,14,15,16,17,18,19,20,21,22,23,24,25,26,27,28,29"
6036,2,H8,Tornada,35,Estadi del Futbol Club Barcelona,8535,20:17:51,17.85,13.3,798.0,
6413,6,H8,Tornada,35,Estadi del Futbol Club Barcelona,8535,20:36:04,36.07,18.2333333333,1094.0,
6415,6,H8,Tornada,35,Estadi del Futbol Club Barcelona,8535,20:37:51,37.85,1.7833333333333334,107.0,37
6200,3,H8,Tornada,35,Estadi del Futbol Club Barcelona,8535,20:53:58,53.97,16.116666666666667,967.0,
6408,7,H8,Tornada,35,Estadi del Futbol Club Barcelona,8535,21:10:13,10.22,16.233333333366666,974.0,
6409,7,H8,Tornada,35,Estadi del Futbol Club Barcelona,8535,21:23:37,23.62,13.400000000033334,804.0,
6411,7,H8,Tornada,35,Estadi del Futbol Club Barcelona,8535,21:42:50,42.83,19.216666666633333,1153.0,11
6414,6,H8,Tornada,35,Estadi del Futbol Club Barcelona,8535,22:03:24,3.4,20.566666666666666,1234.0,
6213,7,H8,Tornada,35,Estadi del Futbol Club Barcelona,8535,22:20:33,20.55,17.15,1029.0,21
6409,1,H8,Tornada,36,Les Corts - Aurora Bertrana,1713,04:15:07,15.12,,,"1,2,3,4,5,6,7,8,9,10,11,12,13,23"
6411,1,H8,Tornada,36,Les Corts - Aurora Bertrana,1713,04:33:04,33.07,17.95,1077.0,1
6117,1,H8,Tornada,36,Les Corts - Aurora Bertrana,1713,04:44:18,44.3,11.249999999933333,675.0,3
6213,1,H8,Tornada,36,Les Corts - Aurora Bertrana,1713,04:59:18,59.3,14.9833333334,899.0,
6212,1,H8,Tornada,36,Les Corts - Aurora Bertrana,1713,05:32:01,32.02,5.0666666667,304.0,
6216,1,H8,Tornada,36,Les Corts - Aurora Bertrana,1713,05:50:48,50.8,18.783333333333335,1127.0,"1,2"
6413,1,H8,Tornada,36,Les Corts - Aurora Bertrana,1713,06:00:26,0.43,9.633333333333333,578.0,
6217,1,H8,Tornada,36,Les Corts - Aurora Bertrana,1713,06:01:59,1.98,1.55,93.0,
6415,1,H8,Tornada,36,Les Corts - Aurora Bertrana,1713,06:14:20,14.33,12.35,741.0,
6026,1,H8,Tornada,36,Les Corts - Aurora Bertrana,1713,06:19:14,19.23,4.916666666633334,295.0,
6209,1,H8,Tornada,36,Les Corts - Aurora Bertrana,1713,06:29:11,29.18,9.933333333399998,596.0,
6022,1,H8,Tornada,36,Les Corts - Aurora Bertrana,1713,06:41:24,41.4,12.233333333266668,734.0,"5,8"
6408,1,H8,Tornada,36,Les Corts - Aurora Bertrana,1713,06:57:43,57.72,16.300000000066667,978.0,
6215,1,H8,Tornada,36,Les Corts - Aurora Bertrana,1713,07:00:29,0.48,2.7666666666666666,166.0,
6409,2,H8,Tornada,36,Les Corts - Aurora Bertrana,1713,07:09:26,9.43,8.949999999966668,537.0,
6056,1,H8,Tornada,36,Les Corts - Aurora Bertrana,1713,07:19:00,19.0,9.5833333333,575.0,"13,14"
6411,2,H8,Tornada,36,Les Corts - Aurora Bertrana,1713,07:28:28,28.47,9.450000000066666,567.0,
6055,1,H8,Tornada,36,Les Corts - Aurora Bertrana,1713,07:33:39,33.65,5.183333333333334,311.0,
6414,1,H8,Tornada,36,Les Corts - Aurora Bertrana,1713,07:40:25,40.42,6.766666666633333,406.0,
6117,2,H8,Tornada,36,Les Corts - Aurora Bertrana,1713,07:44:21,44.35,3.9499999999666664,237.0,
6800,1,H8,Tornada,36,Les Corts - Aurora Bertrana,1713,07:59:08,59.13,14.766666666699999,886.0,
6213,2,H8,Tornada,36,Les Corts - Aurora Bertrana,1713,08:01:29,1.48,2.3500000000333334,141.0,
6407,1,H8,Tornada,36,Les Corts - Aurora Bertrana,1713,08:17:41,17.68,16.199999999966668,972.0,
6211,2,H8,Tornada,36,Les Corts - Aurora Bertrana,1713,08:25:35,25.58,7.9,474.0,
6212,2,H8,Tornada,36,Les Corts - Aurora Bertrana,1713,08:32:14,32.23,6.65,399.0,
6216,2,H8,Tornada,36,Les Corts - Aurora Bertrana,1713,08:43:46,43.77,11.533333333366667,692.0,
6413,2,H8,Tornada,36,Les Corts - Aurora Bertrana,1713,08:54:21,54.35,10.5833333333,635.0,
6217,2,H8,Tornada,36,Les Corts - Aurora Bertrana,1713,08:57:24,57.4,3.0500000000333336,183.0,
6415,2,H8,Tornada,36,Les Corts - Aurora Bertrana,1713,09:07:40,7.67,10.266666666633334,616.0,"3,4,5,6"
6026,2,H8,Tornada,36,Les Corts - Aurora Bertrana,1713,09:17:13,17.22,9.55,573.0,
6209,2,H8,Tornada,36,Les Corts - Aurora Bertrana,1713,09:25:51,25.85,8.633333333366666,518.0,"5,6"
6022,2,H8,Tornada,36,Les Corts - Aurora Bertrana,1713,09:34:22,34.37,8.516666666666667,511.0,3
6408,2,H8,Tornada,36,Les Corts - Aurora Bertrana,1713,09:40:25,40.42,6.049999999966667,363.0,
6215,2,H8,Tornada,36,Les Corts - Aurora Bertrana,1713,09:50:34,50.57,10.150000000033334,609.0,
6409,3,H8,Tornada,36,Les Corts - Aurora Bertrana,1713,10:06:09,6.15,15.599999999933335,936.0,
6056,2,H8,Tornada,36,Les Corts - Aurora Bertrana,1713,10:14:16,14.27,8.100000000066666,486.0,
6411,3,H8,Tornada,36,Les Corts - Aurora Bertrana,1713,10:23:30,23.5,9.233333333333333,554.0,
6055,2,H8,Tornada,36,Les Corts - Aurora Bertrana,1713,10:33:45,33.75,10.249999999966667,615.0,
6414,2,H8,Tornada,36,Les Corts - Aurora Bertrana,1713,10:42:22,42.37,8.616666666683333,517.0,
6800,2,H8,Tornada,36,Les Corts - Aurora Bertrana,1713,10:55:48,55.8,13.433333333316666,806.0,
6213,3,H8,Tornada,36,Les Corts - Aurora Bertrana,1713,10:59:50,59.83,4.033333333333333,242.0,
6407,2,H8,Tornada,36,Les Corts - Aurora Bertrana,1713,11:13:42,13.7,13.8666666667,832.0,
6211,3,H8,Tornada,36,Les Corts - Aurora Bertrana,1713,11:26:34,26.57,12.866666666666667,772.0,
6212,3,H8,Tornada,36,Les Corts - Aurora Bertrana,1713,11:35:37,35.62,9.066666666583334,544.0,
6216,3,H8,Tornada,36,Les Corts - Aurora Bertrana,1713,11:45:57,45.95,10.33333333335,620.0,
6413,3,H8,Tornada,36,Les Corts - Aurora Bertrana,1713,11:58:43,58.72,12.750000000066667,765.0,
6217,3,H8,Tornada,36,Les Corts - Aurora Bertrana,1713,12:05:02,5.03,6.316666666633334,379.0,
6415,3,H8,Tornada,36,Les Corts - Aurora Bertrana,1713,12:16:26,16.43,11.4,684.0,
6026,3,H8,Tornada,36,Les Corts - Aurora Bertrana,1713,12:20:51,20.85,4.4333333333,266.0,
6209,3,H8,Tornada,36,Les Corts - Aurora Bertrana,1713,12:29:37,29.62,8.750000000066667,525.0,
6408,3,H8,Tornada,36,Les Corts - Aurora Bertrana,1713,12:41:36,41.6,11.999999999933333,720.0,
6215,3,H8,Tornada,36,Les Corts - Aurora Bertrana,1713,12:54:05,54.08,12.483333333333333,749.0,
6409,4,H8,Tornada,36,Les Corts - Aurora Bertrana,1713,13:02:20,2.33,8.233333333400001,494.0,5
6056,3,H8,Tornada,36,Les Corts - Aurora Bertrana,1713,13:08:37,8.62,6.299999999933333,378.0,
6411,4,H8,Tornada,36,Les Corts - Aurora Bertrana,1713,13:25:44,25.73,17.100000000066665,1026.0,
6055,3,H8,Tornada,36,Les Corts - Aurora Bertrana,1713,13:29:57,29.95,4.2166666666333334,253.0,
6414,3,H8,Tornada,36,Les Corts - Aurora Bertrana,1713,13:46:01,46.02,16.066666666683332,964.0,
6800,3,H8,Tornada,36,Les Corts - Aurora Bertrana,1713,13:47:07,47.12,1.1166666666166667,67.0,
6213,4,H8,Tornada,36,Les Corts - Aurora Bertrana,1713,13:59:32,59.53,12.416666666666666,745.0,3
6407,3,H8,Tornada,36,Les Corts - Aurora Bertrana,1713,14:13:28,13.47,13.9166666667,835.0,
6211,4,H8,Tornada,36,Les Corts - Aurora Bertrana,1713,14:22:32,22.53,9.066666666666666,544.0,
6212,4,H8,Tornada,36,Les Corts - Aurora Bertrana,1713,14:28:14,28.23,5.700000000033333,342.0,
6216,4,H8,Tornada,36,Les Corts - Aurora Bertrana,1713,14:40:28,40.47,12.233333333300001,734.0,
6413,4,H8,Tornada,36,Les Corts - Aurora Bertrana,1713,14:50:17,50.28,9.8333333333,590.0,
6217,4,H8,Tornada,36,Les Corts - Aurora Bertrana,1713,14:59:36,59.6,9.316666666666666,559.0,
6415,4,H8,Tornada,36,Les Corts - Aurora Bertrana,1713,15:10:44,10.73,11.116666666733332,667.0,
6200,1,H8,Tornada,36,Les Corts - Aurora Bertrana,1713,15:32:44,32.73,22.0,1320.0,
6408,4,H8,Tornada,36,Les Corts - Aurora Bertrana,1713,15:45:24,45.4,12.416666666633335,745.0,
6215,4,H8,Tornada,36,Les Corts - Aurora Bertrana,1713,16:02:19,2.32,16.933333333300002,1016.0,
6409,5,H8,Tornada,36,Les Corts - Aurora Bertrana,1713,16:05:10,5.17,2.8333333333999997,170.0,
6056,4,H8,Tornada,36,Les Corts - Aurora Bertrana,1713,16:11:44,11.73,6.566666666666666,394.0,
6411,5,H8,Tornada,36,Les Corts - Aurora Bertrana,1713,16:25:05,25.08,13.35,801.0,
6055,4,H8,Tornada,36,Les Corts - Aurora Bertrana,1713,16:31:45,31.75,6.666666666666667,400.0,
6414,4,H8,Tornada,36,Les Corts - Aurora Bertrana,1713,16:47:23,47.38,15.6333333333,938.0,
6015,1,H8,Tornada,36,Les Corts - Aurora Bertrana,1713,16:48:42,48.7,1.3166666667,79.0,
6800,4,H8,Tornada,36,Les Corts - Aurora Bertrana,1713,16:55:57,55.95,7.249999999966667,435.0,
6213,5,H8,Tornada,36,Les Corts - Aurora Bertrana,1713,17:02:14,2.23,6.2833333333666666,377.0,
6407,4,H8,Tornada,36,Les Corts - Aurora Bertrana,1713,17:18:45,18.75,16.516666666666666,991.0,
6211,5,H8,Tornada,36,Les Corts - Aurora Bertrana,1713,17:23:51,23.85,5.1,306.0,
6212,5,H8,Tornada,36,Les Corts - Aurora Bertrana,1713,17:40:43,40.72,16.866666666633332,1012.0,
6216,5,H8,Tornada,36,Les Corts - Aurora Bertrana,1713,17:52:03,52.05,10.45,627.0,
6217,5,H8,Tornada,36,Les Corts - Aurora Bertrana,1713,17:59:08,59.13,7.08333333335,425.0,
6415,5,H8,Tornada,36,Les Corts - Aurora Bertrana,1713,18:07:52,7.87,8.65,519.0,
6209,5,H8,Tornada,36,Les Corts - Aurora Bertrana,1713,18:27:51,27.85,19.9666666667,1198.0,"1,2"
6408,6,H8,Tornada,36,Les Corts - Aurora Bertrana,1713,18:32:58,32.97,5.116666666666666,307.0,"1,2,3,4,5,6,7,8,9,10,11,12,13,14,15,16,17,18,19,20,21,22,23,24,25,26,27,28,29,30,31,32,33,34"
6200,2,H8,Tornada,36,Les Corts - Aurora Bertrana,1713,18:46:21,46.35,13.383333333366666,803.0,
6215,5,H8,Tornada,36,Les Corts - Aurora Bertrana,1713,18:47:48,47.8,1.4666666666,88.0,"16,17,18"
6409,6,H8,Tornada,36,Les Corts - Aurora Bertrana,1713,18:53:49,53.82,6.016666666666667,361.0,"1,2"
6056,5,H8,Tornada,36,Les Corts - Aurora Bertrana,1713,19:02:31,2.52,8.683333333399998,521.0,
6411,6,H8,Tornada,36,Les Corts - Aurora Bertrana,1713,19:17:44,17.73,15.216666666633333,913.0,
6414,5,H8,Tornada,36,Les Corts - Aurora Bertrana,1713,19:33:53,33.88,16.166666666633333,970.0,12
6213,6,H8,Tornada,36,Les Corts - Aurora Bertrana,1713,19:49:33,49.55,15.283333333266667,917.0,
6407,5,H8,Tornada,36,Les Corts - Aurora Bertrana,1713,19:59:49,59.82,10.266666666666667,616.0,
6212,6,H8,Tornada,36,Les Corts - Aurora Bertrana,1713,20:06:01,6.02,6.2,372.0,"1,2,3,4,5,6,7,8,9,10,11,12,13,14,15,16,17,18,19,20,21,22,23"
6036,2,H8,Tornada,36,Les Corts - Aurora Bertrana,1713,20:19:51,19.85,13.683333333399998,821.0,
6413,6,H8,Tornada,36,Les Corts - Aurora Bertrana,1713,20:38:01,38.02,18.183333333266667,1091.0,
6415,6,H8,Tornada,36,Les Corts - Aurora Bertrana,1713,20:39:27,39.45,1.4333333333333333,86.0,37
6200,3,H8,Tornada,36,Les Corts - Aurora Bertrana,1713,20:55:35,55.58,16.1166666667,967.0,
6408,7,H8,Tornada,36,Les Corts - Aurora Bertrana,1713,21:12:44,12.73,17.166666666633333,1030.0,
6409,7,H8,Tornada,36,Les Corts - Aurora Bertrana,1713,21:24:41,24.68,11.95,717.0,
6411,7,H8,Tornada,36,Les Corts - Aurora Bertrana,1713,21:44:30,44.5,19.816666666666666,1189.0,11
6414,6,H8,Tornada,36,Les Corts - Aurora Bertrana,1713,22:05:35,5.58,21.083333333333332,1265.0,
6213,7,H8,Tornada,36,Les Corts - Aurora Bertrana,1713,22:21:45,21.75,16.150000000066665,969.0,21
6409,1,H8,Tornada,37,Collblanc - Cardenal Reig,1259,04:17:18,17.3,,,"1,2,3,4,5,6,7,8,9,10,11,12,13,23"
6411,1,H8,Tornada,37,Collblanc - Cardenal Reig,1259,04:34:24,34.4,17.083333333366667,1025.0,1
6117,1,H8,Tornada,37,Collblanc - Cardenal Reig,1259,04:47:21,47.35,12.950000000016667,777.0,3
6213,1,H8,Tornada,37,Collblanc - Cardenal Reig,1259,05:02:18,2.3,14.966666666616668,898.0,
6212,1,H8,Tornada,37,Collblanc - Cardenal Reig,1259,05:34:12,34.2,4.78333333335,287.0,
6216,1,H8,Tornada,37,Collblanc - Cardenal Reig,1259,05:53:20,53.33,19.133333333333333,1148.0,"1,2"
6413,1,H8,Tornada,37,Collblanc - Cardenal Reig,1259,06:02:58,2.97,9.633333333333333,578.0,
6217,1,H8,Tornada,37,Collblanc - Cardenal Reig,1259,06:04:19,4.32,1.35,81.0,
6415,1,H8,Tornada,37,Collblanc - Cardenal Reig,1259,06:17:21,17.35,13.049999999966667,783.0,
6026,1,H8,Tornada,37,Collblanc - Cardenal Reig,1259,06:22:19,22.32,4.950000000033333,297.0,
6209,1,H8,Tornada,37,Collblanc - Cardenal Reig,1259,06:31:53,31.88,9.566666666666666,574.0,
6022,1,H8,Tornada,37,Collblanc - Cardenal Reig,1259,06:44:38,44.63,12.750000000033333,765.0,"5,8"
6408,1,H8,Tornada,37,Collblanc - Cardenal Reig,1259,07:00:23,0.38,15.75,945.0,
6215,1,H8,Tornada,37,Collblanc - Cardenal Reig,1259,07:02:33,2.55,2.166666666633333,130.0,
6409,2,H8,Tornada,37,Collblanc - Cardenal Reig,1259,07:12:04,12.07,9.5333333333,572.0,
6056,1,H8,Tornada,37,Collblanc - Cardenal Reig,1259,07:22:00,22.0,9.933333333333334,596.0,"13,14"
6411,2,H8,Tornada,37,Collblanc - Cardenal Reig,1259,07:30:50,30.83,8.816666666733333,529.0,
6055,1,H8,Tornada,37,Collblanc - Cardenal Reig,1259,07:35:54,35.9,5.066666666633334,304.0,
6414,1,H8,Tornada,37,Collblanc - Cardenal Reig,1259,07:43:48,43.8,7.900000000033333,474.0,
6117,2,H8,Tornada,37,Collblanc - Cardenal Reig,1259,07:46:45,46.75,2.9666666666,178.0,
6800,1,H8,Tornada,37,Collblanc - Cardenal Reig,1259,08:01:42,1.7,14.933333333399998,896.0,
6213,2,H8,Tornada,37,Collblanc - Cardenal Reig,1259,08:04:30,4.5,2.7999999999666665,168.0,
6407,1,H8,Tornada,37,Collblanc - Cardenal Reig,1259,08:19:26,19.43,14.933333333333334,896.0,
6211,2,H8,Tornada,37,Collblanc - Cardenal Reig,1259,08:28:43,28.72,9.283333333333333,557.0,
6212,2,H8,Tornada,37,Collblanc - Cardenal Reig,1259,08:33:42,33.7,4.999999999966667,300.0,
6216,2,H8,Tornada,37,Collblanc - Cardenal Reig,1259,08:46:19,46.32,12.600000000033333,756.0,
6413,2,H8,Tornada,37,Collblanc - Cardenal Reig,1259,08:57:20,57.33,11.016666666666667,661.0,
6217,2,H8,Tornada,37,Collblanc - Cardenal Reig,1259,09:00:22,0.37,3.033333333333333,182.0,
6415,2,H8,Tornada,37,Collblanc - Cardenal Reig,1259,09:10:13,10.22,9.85,591.0,"3,4,5,6"
6026,2,H8,Tornada,37,Collblanc - Cardenal Reig,1259,09:18:31,18.52,8.3,498.0,
6209,2,H8,Tornada,37,Collblanc - Cardenal Reig,1259,09:27:57,27.95,9.433333333366667,566.0,"5,6"
6022,2,H8,Tornada,37,Collblanc - Cardenal Reig,1259,09:37:19,37.32,9.383333333266668,563.0,3
6408,2,H8,Tornada,37,Collblanc - Cardenal Reig,1259,09:42:36,42.6,5.2666666667,316.0,
6215,2,H8,Tornada,37,Collblanc - Cardenal Reig,1259,09:52:49,52.82,10.233333333300001,614.0,
6409,3,H8,Tornada,37,Collblanc - Cardenal Reig,1259,10:08:48,8.8,15.966666666733333,958.0,
6056,2,H8,Tornada,37,Collblanc - Cardenal Reig,1259,10:16:56,16.93,8.133333333333333,488.0,
6411,3,H8,Tornada,37,Collblanc - Cardenal Reig,1259,10:25:40,25.67,8.733333333333333,524.0,
6055,2,H8,Tornada,37,Collblanc - Cardenal Reig,1259,10:35:17,35.28,9.616666666633334,577.0,
6414,2,H8,Tornada,37,Collblanc - Cardenal Reig,1259,10:45:08,45.13,9.850000000033333,591.0,
6800,2,H8,Tornada,37,Collblanc - Cardenal Reig,1259,10:59:01,59.02,13.883333333333333,833.0,
6213,3,H8,Tornada,37,Collblanc - Cardenal Reig,1259,11:02:03,2.05,3.033333333333333,182.0,
6407,2,H8,Tornada,37,Collblanc - Cardenal Reig,1259,11:15:12,15.2,13.166666666600001,790.0,
6211,3,H8,Tornada,37,Collblanc - Cardenal Reig,1259,11:29:23,29.38,14.166666666733333,850.0,
6212,3,H8,Tornada,37,Collblanc - Cardenal Reig,1259,11:36:08,36.13,6.749999999966667,405.0,
6216,3,H8,Tornada,37,Collblanc - Cardenal Reig,1259,11:48:18,48.3,12.1666666667,730.0,
6413,3,H8,Tornada,37,Collblanc - Cardenal Reig,1259,12:01:14,1.23,12.9333333333,776.0,
6217,3,H8,Tornada,37,Collblanc - Cardenal Reig,1259,12:07:21,7.35,6.1333333333,368.0,
6415,3,H8,Tornada,37,Collblanc - Cardenal Reig,1259,12:19:20,19.33,11.966666666733333,718.0,
6026,3,H8,Tornada,37,Collblanc - Cardenal Reig,1259,12:23:39,23.65,4.316666666666666,259.0,
6209,3,H8,Tornada,37,Collblanc - Cardenal Reig,1259,12:31:29,31.48,7.849999999933333,471.0,
6408,3,H8,Tornada,37,Collblanc - Cardenal Reig,1259,12:44:51,44.85,13.350000000066666,801.0,
6215,3,H8,Tornada,37,Collblanc - Cardenal Reig,1259,12:56:22,56.37,11.516666666666667,691.0,
6409,4,H8,Tornada,37,Collblanc - Cardenal Reig,1259,13:04:02,4.03,7.666666666633334,460.0,5
6056,3,H8,Tornada,37,Collblanc - Cardenal Reig,1259,13:11:49,11.82,7.799999999966667,468.0,
6411,4,H8,Tornada,37,Collblanc - Cardenal Reig,1259,13:29:21,29.35,17.5166666667,1051.0,
6055,3,H8,Tornada,37,Collblanc - Cardenal Reig,1259,13:32:41,32.68,3.333333333366667,200.0,
6414,3,H8,Tornada,37,Collblanc - Cardenal Reig,1259,13:48:35,48.58,15.916666666600001,955.0,
6800,3,H8,Tornada,37,Collblanc - Cardenal Reig,1259,13:50:20,50.33,1.7333333333666665,104.0,
6213,4,H8,Tornada,37,Collblanc - Cardenal Reig,1259,14:02:31,2.52,12.199999999966668,732.0,3
6407,3,H8,Tornada,37,Collblanc - Cardenal Reig,1259,14:15:31,15.52,12.983333333366666,779.0,
6211,4,H8,Tornada,37,Collblanc - Cardenal Reig,1259,14:25:29,25.48,9.9666666667,598.0,
6212,4,H8,Tornada,37,Collblanc - Cardenal Reig,1259,14:30:36,30.6,5.116666666633334,307.0,
6216,4,H8,Tornada,37,Collblanc - Cardenal Reig,1259,14:43:04,43.07,12.483333333300001,749.0,
6413,4,H8,Tornada,37,Collblanc - Cardenal Reig,1259,14:52:59,52.98,9.900000000066665,594.0,
6217,4,H8,Tornada,37,Collblanc - Cardenal Reig,1259,15:02:08,2.13,9.15,549.0,
6415,4,H8,Tornada,37,Collblanc - Cardenal Reig,1259,15:13:10,13.17,11.049999999933334,663.0,
6200,1,H8,Tornada,37,Collblanc - Cardenal Reig,1259,15:35:49,35.82,22.633333333366668,1358.0,
6408,4,H8,Tornada,37,Collblanc - Cardenal Reig,1259,15:47:50,47.83,11.699999999983334,702.0,
6215,4,H8,Tornada,37,Collblanc - Cardenal Reig,1259,16:04:24,4.4,16.56666666665,994.0,
6409,5,H8,Tornada,37,Collblanc - Cardenal Reig,1259,16:07:38,7.63,3.2333333333666667,194.0,
6056,4,H8,Tornada,37,Collblanc - Cardenal Reig,1259,16:14:10,14.17,6.533333333300001,392.0,
6411,5,H8,Tornada,37,Collblanc - Cardenal Reig,1259,16:27:02,27.03,12.866666666666667,772.0,
6055,4,H8,Tornada,37,Collblanc - Cardenal Reig,1259,16:35:31,35.52,8.483333333333333,509.0,
6414,4,H8,Tornada,37,Collblanc - Cardenal Reig,1259,16:49:11,49.18,13.666666666666666,820.0,
6015,1,H8,Tornada,37,Collblanc - Cardenal Reig,1259,16:51:06,51.1,1.9333333333,116.0,
6800,4,H8,Tornada,37,Collblanc - Cardenal Reig,1259,16:58:42,58.7,7.583333333366666,455.0,
6213,5,H8,Tornada,37,Collblanc - Cardenal Reig,1259,17:05:01,5.02,6.333333333300001,380.0,
6407,4,H8,Tornada,37,Collblanc - Cardenal Reig,1259,17:21:16,21.27,16.233333333366666,974.0,
6211,5,H8,Tornada,37,Collblanc - Cardenal Reig,1259,17:26:09,26.15,4.8999999999499995,294.0,
6212,5,H8,Tornada,37,Collblanc - Cardenal Reig,1259,17:43:09,43.15,16.98333333338333,1019.0,
6036,1,H8,Tornada,37,Collblanc - Cardenal Reig,1259,17:45:02,45.03,1.8999999999666668,114.0,
6216,5,H8,Tornada,37,Collblanc - Cardenal Reig,1259,17:55:03,55.05,10.000000000066667,600.0,
6217,5,H8,Tornada,37,Collblanc - Cardenal Reig,1259,18:01:48,1.8,6.749999999966667,405.0,
6415,5,H8,Tornada,37,Collblanc - Cardenal Reig,1259,18:11:07,11.12,9.0333333333,542.0,
6209,5,H8,Tornada,37,Collblanc - Cardenal Reig,1259,18:30:15,30.25,19.1166666667,1147.0,"1,2"
6408,6,H8,Tornada,37,Collblanc - Cardenal Reig,1259,18:35:09,35.15,4.900000000033333,294.0,"1,2,3,4,5,6,7,8,9,10,11,12,13,14,15,16,17,18,19,20,21,22,23,24,25,26,27,28,29,30,31,32,33,34"
6200,2,H8,Tornada,37,Collblanc - Cardenal Reig,1259,18:49:19,49.32,14.183333333266667,851.0,
6215,5,H8,Tornada,37,Collblanc - Cardenal Reig,1259,18:50:54,50.9,1.5666666667333333,94.0,"16,17,18"
6409,6,H8,Tornada,37,Collblanc - Cardenal Reig,1259,18:55:19,55.32,4.416666666633334,265.0,"1,2"
6056,5,H8,Tornada,37,Collblanc - Cardenal Reig,1259,19:04:41,4.68,9.3833333333,563.0,
6411,6,H8,Tornada,37,Collblanc - Cardenal Reig,1259,19:19:15,19.25,14.56666666665,874.0,
6414,5,H8,Tornada,37,Collblanc - Cardenal Reig,1259,19:35:23,35.38,16.13333333335,968.0,12
6213,6,H8,Tornada,37,Collblanc - Cardenal Reig,1259,19:53:18,53.3,17.850000000033333,1071.0,
6407,5,H8,Tornada,37,Collblanc - Cardenal Reig,1259,20:01:17,1.28,7.983333333333333,479.0,
6025,1,H8,Tornada,37,Collblanc - Cardenal Reig,1259,20:08:20,8.33,7.066666666633334,424.0,"1,2,3,4,5,6,7,8,9,10,11,12,13,14,15,16,17,18,19,20,21,22,23,24,25,26,27,28,29"
6036,2,H8,Tornada,37,Collblanc - Cardenal Reig,1259,20:21:30,21.5,13.083333333333334,785.0,
6413,6,H8,Tornada,37,Collblanc - Cardenal Reig,1259,20:40:05,40.08,18.583333333333332,1115.0,
6200,3,H8,Tornada,37,Collblanc - Cardenal Reig,1259,20:58:31,58.52,18.449999999966668,1107.0,
6408,7,H8,Tornada,37,Collblanc - Cardenal Reig,1259,21:14:19,14.32,15.8,948.0,
6409,7,H8,Tornada,37,Collblanc - Cardenal Reig,1259,21:27:14,27.23,12.900000000033334,774.0,
6411,7,H8,Tornada,37,Collblanc - Cardenal Reig,1259,21:46:46,46.77,19.533333333333335,1172.0,11
6414,6,H8,Tornada,37,Collblanc - Cardenal Reig,1259,22:08:10,8.17,21.4,1284.0,
6213,7,H8,Tornada,37,Collblanc - Cardenal Reig,1259,22:23:51,23.85,15.683333333333334,941.0,21
6409,1,H8,Tornada,38,Camí de la Torre Melina - Av de Xile,1649,04:18:39,18.65,,,"1,2,3,4,5,6,7,8,9,10,11,12,13,23"
6411,1,H8,Tornada,38,Camí de la Torre Melina - Av de Xile,1649,04:41:06,41.1,22.449999999966668,1347.0,1
6117,1,H8,Tornada,38,Camí de la Torre Melina - Av de Xile,1649,04:48:11,48.18,7.083333333366666,425.0,3
6213,1,H8,Tornada,38,Camí de la Torre Melina - Av de Xile,1649,05:10:08,10.13,21.949999999966668,1317.0,
6211,1,H8,Tornada,38,Camí de la Torre Melina - Av de Xile,1649,05:32:13,32.22,22.099999999966666,1326.0,
6212,1,H8,Tornada,38,Camí de la Torre Melina - Av de Xile,1649,05:40:24,40.4,8.183333333333334,491.0,
6216,1,H8,Tornada,38,Camí de la Torre Melina - Av de Xile,1649,05:55:24,55.4,14.983333333383333,899.0,"1,2"
6413,1,H8,Tornada,38,Camí de la Torre Melina - Av de Xile,1649,06:04:22,4.37,8.966666666650001,538.0,
6217,1,H8,Tornada,38,Camí de la Torre Melina - Av de Xile,1649,06:09:26,9.43,5.066666666666666,304.0,
6415,1,H8,Tornada,38,Camí de la Torre Melina - Av de Xile,1649,06:19:14,19.23,9.800000000033332,588.0,
6026,1,H8,Tornada,38,Camí de la Torre Melina - Av de Xile,1649,06:25:15,25.25,6.016666666666667,361.0,
6209,1,H8,Tornada,38,Camí de la Torre Melina - Av de Xile,1649,06:33:47,33.78,8.549999999933334,513.0,
6022,1,H8,Tornada,38,Camí de la Torre Melina - Av de Xile,1649,06:46:29,46.48,12.683333333366667,761.0,"5,8"
6408,1,H8,Tornada,38,Camí de la Torre Melina - Av de Xile,1649,07:03:14,3.23,16.75000000003333,1005.0,
6215,1,H8,Tornada,38,Camí de la Torre Melina - Av de Xile,1649,07:04:25,4.42,1.1833333333,71.0,
6409,2,H8,Tornada,38,Camí de la Torre Melina - Av de Xile,1649,07:13:42,13.7,9.299999999983333,558.0,
6056,1,H8,Tornada,38,Camí de la Torre Melina - Av de Xile,1649,07:23:15,23.25,9.533333333383332,572.0,"13,14"
6411,2,H8,Tornada,38,Camí de la Torre Melina - Av de Xile,1649,07:32:41,32.68,9.449999999933334,567.0,
6055,1,H8,Tornada,38,Camí de la Torre Melina - Av de Xile,1649,07:36:40,36.67,3.9833333333333334,239.0,
6414,1,H8,Tornada,38,Camí de la Torre Melina - Av de Xile,1649,07:45:59,45.98,9.300000000066666,558.0,
6117,2,H8,Tornada,38,Camí de la Torre Melina - Av de Xile,1649,07:48:21,48.35,2.3666666666666667,142.0,
6800,1,H8,Tornada,38,Camí de la Torre Melina - Av de Xile,1649,08:03:17,3.28,14.9333333333,896.0,
6213,2,H8,Tornada,38,Camí de la Torre Melina - Av de Xile,1649,08:06:29,6.48,3.2000000000333335,192.0,
6407,1,H8,Tornada,38,Camí de la Torre Melina - Av de Xile,1649,08:22:31,22.52,16.049999999933334,963.0,
6211,2,H8,Tornada,38,Camí de la Torre Melina - Av de Xile,1649,08:30:33,30.55,8.033333333333333,482.0,
6212,2,H8,Tornada,38,Camí de la Torre Melina - Av de Xile,1649,08:35:39,35.65,5.083333333400001,305.0,
6216,2,H8,Tornada,38,Camí de la Torre Melina - Av de Xile,1649,08:48:16,48.27,12.616666666633334,757.0,
6413,2,H8,Tornada,38,Camí de la Torre Melina - Av de Xile,1649,08:59:55,59.92,11.65,699.0,
6217,2,H8,Tornada,38,Camí de la Torre Melina - Av de Xile,1649,09:01:29,1.48,1.5666666667,94.0,
6415,2,H8,Tornada,38,Camí de la Torre Melina - Av de Xile,1649,09:11:46,11.77,10.299999999933334,618.0,"3,4,5,6"
6026,2,H8,Tornada,38,Camí de la Torre Melina - Av de Xile,1649,09:19:27,19.45,7.666666666733334,460.0,
6209,2,H8,Tornada,38,Camí de la Torre Melina - Av de Xile,1649,09:29:23,29.38,9.9333333333,596.0,"5,6"
6022,2,H8,Tornada,38,Camí de la Torre Melina - Av de Xile,1649,09:39:29,39.48,10.100000000033333,606.0,3
6408,2,H8,Tornada,38,Camí de la Torre Melina - Av de Xile,1649,09:45:34,45.57,6.083333333316667,365.0,
6215,2,H8,Tornada,38,Camí de la Torre Melina - Av de Xile,1649,09:55:31,55.52,9.966666666616668,598.0,
6409,3,H8,Tornada,38,Camí de la Torre Melina - Av de Xile,1649,10:11:24,11.4,15.866666666733332,952.0,
6056,2,H8,Tornada,38,Camí de la Torre Melina - Av de Xile,1649,10:19:20,19.33,7.9333333333,476.0,
6411,3,H8,Tornada,38,Camí de la Torre Melina - Av de Xile,1649,10:27:51,27.85,8.533333333283332,512.0,
6055,2,H8,Tornada,38,Camí de la Torre Melina - Av de Xile,1649,10:37:23,37.38,9.516666666716667,571.0,
6414,2,H8,Tornada,38,Camí de la Torre Melina - Av de Xile,1649,10:47:27,47.45,10.0833333333,605.0,
6800,2,H8,Tornada,38,Camí de la Torre Melina - Av de Xile,1649,11:01:24,1.4,13.933333333399998,836.0,
6213,3,H8,Tornada,38,Camí de la Torre Melina - Av de Xile,1649,11:04:36,4.6,3.2,192.0,
6407,2,H8,Tornada,38,Camí de la Torre Melina - Av de Xile,1649,11:17:22,17.37,12.766666666633334,766.0,
6211,3,H8,Tornada,38,Camí de la Torre Melina - Av de Xile,1649,11:32:34,32.57,15.2,912.0,
6212,3,H8,Tornada,38,Camí de la Torre Melina - Av de Xile,1649,11:37:57,37.95,5.383333333366666,323.0,
6216,3,H8,Tornada,38,Camí de la Torre Melina - Av de Xile,1649,11:48:46,48.77,10.833333333266667,650.0,
6413,3,H8,Tornada,38,Camí de la Torre Melina - Av de Xile,1649,12:02:54,2.9,14.133333333333333,848.0,
6217,3,H8,Tornada,38,Camí de la Torre Melina - Av de Xile,1649,12:08:36,8.6,5.683333333366666,341.0,
6415,3,H8,Tornada,38,Camí de la Torre Melina - Av de Xile,1649,12:20:56,20.93,12.333333333333334,740.0,
6026,3,H8,Tornada,38,Camí de la Torre Melina - Av de Xile,1649,12:26:02,26.03,5.1,306.0,
6209,3,H8,Tornada,38,Camí de la Torre Melina - Av de Xile,1649,12:32:42,32.7,6.666666666666667,400.0,
6408,3,H8,Tornada,38,Camí de la Torre Melina - Av de Xile,1649,12:47:11,47.18,14.499999999966667,870.0,
6215,3,H8,Tornada,38,Camí de la Torre Melina - Av de Xile,1649,12:58:51,58.85,11.650000000066665,699.0,
6409,4,H8,Tornada,38,Camí de la Torre Melina - Av de Xile,1649,13:05:42,5.7,6.85,411.0,5
6056,3,H8,Tornada,38,Camí de la Torre Melina - Av de Xile,1649,13:13:42,13.7,8.0,480.0,
6411,4,H8,Tornada,38,Camí de la Torre Melina - Av de Xile,1649,13:31:08,31.13,17.433333333300002,1046.0,
6055,3,H8,Tornada,38,Camí de la Torre Melina - Av de Xile,1649,13:34:44,34.73,3.6166666666333334,217.0,
6414,3,H8,Tornada,38,Camí de la Torre Melina - Av de Xile,1649,13:50:33,50.55,15.800000000066666,948.0,
6800,3,H8,Tornada,38,Camí de la Torre Melina - Av de Xile,1649,13:53:47,53.78,3.2333333333333334,194.0,
6213,4,H8,Tornada,38,Camí de la Torre Melina - Av de Xile,1649,14:05:38,5.63,11.849999999966666,711.0,3
6407,3,H8,Tornada,38,Camí de la Torre Melina - Av de Xile,1649,14:17:31,17.52,11.899999999966667,714.0,
6211,4,H8,Tornada,38,Camí de la Torre Melina - Av de Xile,1649,14:26:55,26.92,9.3833333334,563.0,
6212,4,H8,Tornada,38,Camí de la Torre Melina - Av de Xile,1649,14:32:39,32.65,5.7333333333,344.0,
6216,4,H8,Tornada,38,Camí de la Torre Melina - Av de Xile,1649,14:44:36,44.6,11.95,717.0,
6413,4,H8,Tornada,38,Camí de la Torre Melina - Av de Xile,1649,14:54:47,54.78,10.183333333333334,611.0,
6217,4,H8,Tornada,38,Camí de la Torre Melina - Av de Xile,1649,15:04:09,4.15,9.3666666667,562.0,
6415,4,H8,Tornada,38,Camí de la Torre Melina - Av de Xile,1649,15:15:46,15.77,11.616666666666667,697.0,
6200,1,H8,Tornada,38,Camí de la Torre Melina - Av de Xile,1649,15:37:57,37.95,22.183333333333334,1331.0,
6209,4,H8,Tornada,38,Camí de la Torre Melina - Av de Xile,1649,15:39:43,39.72,1.7666666666666666,106.0,
6408,4,H8,Tornada,38,Camí de la Torre Melina - Av de Xile,1649,15:51:16,51.27,11.549999999966667,693.0,
6215,4,H8,Tornada,38,Camí de la Torre Melina - Av de Xile,1649,16:07:03,7.05,15.799999999966667,948.0,
6409,5,H8,Tornada,38,Camí de la Torre Melina - Av de Xile,1649,16:10:15,10.25,3.1833333334,191.0,
6056,4,H8,Tornada,38,Camí de la Torre Melina - Av de Xile,1649,16:16:00,16.0,5.75,345.0,
6411,5,H8,Tornada,38,Camí de la Torre Melina - Av de Xile,1649,16:29:10,29.17,13.183333333266667,791.0,
6055,4,H8,Tornada,38,Camí de la Torre Melina - Av de Xile,1649,16:37:24,37.4,8.216666666733333,493.0,
6414,4,H8,Tornada,38,Camí de la Torre Melina - Av de Xile,1649,16:52:06,52.1,14.7166666666,883.0,
6015,1,H8,Tornada,38,Camí de la Torre Melina - Av de Xile,1649,16:53:22,53.37,1.2666666666666666,76.0,
6800,4,H8,Tornada,38,Camí de la Torre Melina - Av de Xile,1649,17:01:10,1.17,7.8,468.0,
6213,5,H8,Tornada,38,Camí de la Torre Melina - Av de Xile,1649,17:08:06,8.1,6.93333333335,416.0,
6407,4,H8,Tornada,38,Camí de la Torre Melina - Av de Xile,1649,17:23:53,23.88,15.766666666683333,946.0,
6211,5,H8,Tornada,38,Camí de la Torre Melina - Av de Xile,1649,17:28:14,28.23,4.35,261.0,
6212,5,H8,Tornada,38,Camí de la Torre Melina - Av de Xile,1649,17:45:10,45.17,16.933333333333334,1016.0,
6036,1,H8,Tornada,38,Camí de la Torre Melina - Av de Xile,1649,17:46:48,46.8,1.6333333333333333,98.0,
6216,5,H8,Tornada,38,Camí de la Torre Melina - Av de Xile,1649,17:56:09,56.15,9.366666666633334,562.0,
6217,5,H8,Tornada,38,Camí de la Torre Melina - Av de Xile,1649,18:03:40,3.67,7.500000000066667,450.0,
6413,5,H8,Tornada,38,Camí de la Torre Melina - Av de Xile,1649,18:04:50,4.83,1.1666666666666667,70.0,
6415,5,H8,Tornada,38,Camí de la Torre Melina - Av de Xile,1649,18:12:58,12.97,8.1333333333,488.0,
6209,5,H8,Tornada,38,Camí de la Torre Melina - Av de Xile,1649,18:32:28,32.47,19.5,1170.0,"1,2"
6408,6,H8,Tornada,38,Camí de la Torre Melina - Av de Xile,1649,18:37:54,37.9,5.449999999966667,327.0,"1,2,3,4,5,6,7,8,9,10,11,12,13,14,15,16,17,18,19,20,21,22,23,24,25,26,27,28,29,30,31,32,33,34"
6200,2,H8,Tornada,38,Camí de la Torre Melina - Av de Xile,1649,18:52:07,52.12,14.200000000033333,852.0,
6409,6,H8,Tornada,38,Camí de la Torre Melina - Av de Xile,1649,18:57:47,57.78,4.699999999966667,282.0,"1,2"
6056,5,H8,Tornada,38,Camí de la Torre Melina - Av de Xile,1649,19:07:46,7.77,9.9666666667,598.0,
6411,6,H8,Tornada,38,Camí de la Torre Melina - Av de Xile,1649,19:21:50,21.83,14.066666666666666,844.0,
6414,5,H8,Tornada,38,Camí de la Torre Melina - Av de Xile,1649,19:37:56,37.93,16.1,966.0,12
6213,6,H8,Tornada,38,Camí de la Torre Melina - Av de Xile,1649,19:55:13,55.22,17.266666666633334,1036.0,
6407,5,H8,Tornada,38,Camí de la Torre Melina - Av de Xile,1649,20:03:04,3.07,7.866666666633334,472.0,
6212,6,H8,Tornada,38,Camí de la Torre Melina - Av de Xile,1649,20:09:55,9.92,6.85,411.0,"1,2,3,4,5,6,7,8,9,10,11,12,13,14,15,16,17,18,19,20,21,22,23"
6036,2,H8,Tornada,38,Camí de la Torre Melina - Av de Xile,1649,20:22:53,22.88,12.783333333366667,767.0,
6413,6,H8,Tornada,38,Camí de la Torre Melina - Av de Xile,1649,20:40:49,40.82,17.933333333300002,1076.0,
6200,3,H8,Tornada,38,Camí de la Torre Melina - Av de Xile,1649,20:59:59,59.98,18.9666666667,1138.0,
6408,7,H8,Tornada,38,Camí de la Torre Melina - Av de Xile,1649,21:16:29,16.48,16.5,990.0,
6409,7,H8,Tornada,38,Camí de la Torre Melina - Av de Xile,1649,21:28:50,28.83,12.3666666666,742.0,
6411,7,H8,Tornada,38,Camí de la Torre Melina - Av de Xile,1649,21:48:04,48.07,19.2166666667,1153.0,11
6414,6,H8,Tornada,38,Camí de la Torre Melina - Av de Xile,1649,22:10:52,10.87,22.800000000033332,1368.0,
6213,7,H8,Tornada,38,Camí de la Torre Melina - Av de Xile,1649,22:25:54,25.9,15.033333333333333,902.0,21
