id_bus,viaje_n,nom_linia,sentit,ordre,nom_parada,codi_parada,hora_paso,min_paso,headway_min,headway_sec,ordre_faltantes
6813,1,H8,Anada,1,Metro Ernest Lluch - Final de trajecte,3797,05:30:00,30.0,,,
6014,1,H8,Anada,1,Metro Ernest Lluch - Final de trajecte,3797,05:50:00,50.0,20.00000000003333,1200.0,
6802,1,H8,Anada,1,Metro Ernest Lluch - Final de trajecte,3797,06:10:00,10.0,20.0,1200.0,
6016,1,H8,Anada,1,Metro Ernest Lluch - Final de trajecte,3797,06:30:00,30.0,19.99999999996667,1200.0,
6805,1,H8,Anada,1,Metro Ernest Lluch - Final de trajecte,3797,06:49:59,49.98,19.99999999996667,1200.0,11
6814,1,H8,Anada,1,Metro Ernest Lluch - Final de trajecte,3797,07:10:00,10.0,20.00000000003333,1200.0,
6015,1,H8,Anada,1,Metro Ernest Lluch - Final de trajecte,3797,07:29:00,29.0,19.0,1140.0,
6813,2,H8,Anada,1,Metro Ernest Lluch - Final de trajecte,3797,07:47:00,47.0,18.00000000003333,1080.0,
6018,1,H8,Anada,1,Metro Ernest Lluch - Final de trajecte,3797,08:04:00,4.0,16.99999999996667,1020.0,
6014,2,H8,Anada,1,Metro Ernest Lluch - Final de trajecte,3797,08:21:00,21.0,17.00000000003333,1020.0,
6802,2,H8,Anada,1,Metro Ernest Lluch - Final de trajecte,3797,08:38:00,38.0,17.0,1020.0,
6803,1,H8,Anada,1,Metro Ernest Lluch - Final de trajecte,3797,08:53:59,53.98,15.999999999933333,960.0,
6016,2,H8,Anada,1,Metro Ernest Lluch - Final de trajecte,3797,09:10:00,10.0,16.00000000003333,960.0,
6805,2,H8,Anada,1,Metro Ernest Lluch - Final de trajecte,3797,09:27:00,27.0,17.00000000003333,1020.0,
6814,2,H8,Anada,1,Metro Ernest Lluch - Final de trajecte,3797,09:47:33,47.55,20.549999999966666,1233.0,
6018,2,H8,Anada,1,Metro Ernest Lluch - Final de trajecte,3797,10:34:00,34.0,14.750000000033333,885.0,
6014,3,H8,Anada,1,Metro Ernest Lluch - Final de trajecte,3797,10:52:00,52.0,18.0,1080.0,
6802,3,H8,Anada,1,Metro Ernest Lluch - Final de trajecte,3797,11:09:59,9.98,17.99999999996667,1080.0,
6803,2,H8,Anada,1,Metro Ernest Lluch - Final de trajecte,3797,11:28:00,28.0,18.000000000066667,1080.0,9
6814,3,H8,Anada,1,Metro Ernest Lluch - Final de trajecte,3797,12:19:59,19.98,17.0,1020.0,
6015,4,H8,Anada,1,Metro Ernest Lluch - Final de trajecte,3797,12:36:00,36.0,16.00000000003333,960.0,
6813,4,H8,Anada,1,Metro Ernest Lluch - Final de trajecte,3797,12:51:59,51.98,15.999999999966667,960.0,
6018,3,H8,Anada,1,Metro Ernest Lluch - Final de trajecte,3797,13:08:00,8.0,16.00000000003333,960.0,12
6014,4,H8,Anada,1,Metro Ernest Lluch - Final de trajecte,3797,13:25:00,25.0,17.00000000003333,1020.0,9
6802,4,H8,Anada,1,Metro Ernest Lluch - Final de trajecte,3797,13:41:00,41.0,16.0,960.0,
6803,3,H8,Anada,1,Metro Ernest Lluch - Final de trajecte,3797,13:58:00,58.0,17.0,1020.0,
6016,4,H8,Anada,1,Metro Ernest Lluch - Final de trajecte,3797,14:15:00,15.0,16.99999999996667,1020.0,
6805,4,H8,Anada,1,Metro Ernest Lluch - Final de trajecte,3797,14:33:00,33.0,18.0,1080.0,
6814,4,H8,Anada,1,Metro Ernest Lluch - Final de trajecte,3797,14:50:00,50.0,17.00000000003333,1020.0,
6015,5,H8,Anada,1,Metro Ernest Lluch - Final de trajecte,3797,15:05:59,5.98,15.999999999933333,960.0,
6813,5,H8,Anada,1,Metro Ernest Lluch - Final de trajecte,3797,15:22:00,22.0,16.00000000003333,960.0,
6018,4,H8,Anada,1,Metro Ernest Lluch - Final de trajecte,3797,15:38:00,38.0,16.0,960.0,"9,12"
6014,5,H8,Anada,1,Metro Ernest Lluch - Final de trajecte,3797,15:55:00,55.0,17.00000000003333,1020.0,"12,13,14,15,16,17,18,19,20,21,22,23,24,25,26,27,28,29,30,31,32,33,34,35,36,37,38,39"
6802,5,H8,Anada,1,Metro Ernest Lluch - Final de trajecte,3797,16:13:00,13.0,18.0,1080.0,
6803,4,H8,Anada,1,Metro Ernest Lluch - Final de trajecte,3797,16:31:00,31.0,17.99999999996667,1080.0,
6016,5,H8,Anada,1,Metro Ernest Lluch - Final de trajecte,3797,16:48:59,48.98,17.99999999996667,1080.0,
6805,5,H8,Anada,1,Metro Ernest Lluch - Final de trajecte,3797,17:06:59,6.98,18.0,1080.0,
6814,5,H8,Anada,1,Metro Ernest Lluch - Final de trajecte,3797,17:24:00,24.0,17.00000000003333,1020.0,
6015,6,H8,Anada,1,Metro Ernest Lluch - Final de trajecte,3797,17:40:59,40.98,16.99999999996667,1020.0,
6813,6,H8,Anada,1,Metro Ernest Lluch - Final de trajecte,3797,17:58:00,58.0,17.00000000003333,1020.0,
6018,5,H8,Anada,1,Metro Ernest Lluch - Final de trajecte,3797,18:15:59,15.98,17.99999999996667,1080.0,
6803,5,H8,Anada,1,Metro Ernest Lluch - Final de trajecte,3797,19:10:59,10.98,18.999999999933333,1140.0,9
6016,6,H8,Anada,1,Metro Ernest Lluch - Final de trajecte,3797,19:30:00,30.0,19.00000000003333,1140.0,
6805,6,H8,Anada,1,Metro Ernest Lluch - Final de trajecte,3797,19:50:00,50.0,20.000000000016666,1200.0,33
6015,7,H8,Anada,1,Metro Ernest Lluch - Final de trajecte,3797,20:10:00,10.0,19.999999999983334,1200.0,
6813,7,H8,Anada,1,Metro Ernest Lluch - Final de trajecte,3797,20:30:00,30.0,20.00000000003333,1200.0,
6813,1,H8,Anada,2,Cardenal Reig - Pisuerga,2984,05:32:34,32.57,,,
6014,1,H8,Anada,2,Cardenal Reig - Pisuerga,2984,05:52:11,52.18,19.6333333333,1178.0,
6802,1,H8,Anada,2,Cardenal Reig - Pisuerga,2984,06:12:26,12.43,20.233333333366666,1214.0,
6016,1,H8,Anada,2,Cardenal Reig - Pisuerga,2984,06:31:38,31.63,19.200000000033334,1152.0,
6805,1,H8,Anada,2,Cardenal Reig - Pisuerga,2984,06:52:21,52.35,20.716666666633333,1243.0,11
6814,1,H8,Anada,2,Cardenal Reig - Pisuerga,2984,07:13:14,13.23,20.883333333366668,1253.0,
6015,1,H8,Anada,2,Cardenal Reig - Pisuerga,2984,07:32:14,32.23,19.0,1140.0,
6813,2,H8,Anada,2,Cardenal Reig - Pisuerga,2984,07:48:28,48.47,16.24999999995,975.0,
6018,1,H8,Anada,2,Cardenal Reig - Pisuerga,2984,08:06:03,6.05,17.566666666716667,1054.0,
6014,2,H8,Anada,2,Cardenal Reig - Pisuerga,2984,08:21:37,21.62,15.566666666633333,934.0,
6802,2,H8,Anada,2,Cardenal Reig - Pisuerga,2984,08:39:07,39.12,17.5,1050.0,
6803,1,H8,Anada,2,Cardenal Reig - Pisuerga,2984,08:55:37,55.62,16.516666666633334,991.0,
6016,2,H8,Anada,2,Cardenal Reig - Pisuerga,2984,09:11:45,11.75,16.1166666667,967.0,
6805,2,H8,Anada,2,Cardenal Reig - Pisuerga,2984,09:31:13,31.22,19.4666666667,1168.0,
6814,2,H8,Anada,2,Cardenal Reig - Pisuerga,2984,09:53:17,53.28,22.08333333326667,1325.0,
6015,3,H8,Anada,2,Cardenal Reig - Pisuerga,2984,10:22:01,22.02,1.1666666666666667,70.0,"5,6,7,9,14,15,16"
6018,2,H8,Anada,2,Cardenal Reig - Pisuerga,2984,10:35:02,35.03,13.016666666666667,781.0,
6014,3,H8,Anada,2,Cardenal Reig - Pisuerga,2984,10:53:33,53.55,18.516666666666666,1111.0,
6802,3,H8,Anada,2,Cardenal Reig - Pisuerga,2984,11:11:28,11.47,17.933333333300002,1076.0,
6803,2,H8,Anada,2,Cardenal Reig - Pisuerga,2984,11:30:37,30.62,19.1333333334,1148.0,9
6016,3,H8,Anada,2,Cardenal Reig - Pisuerga,2984,11:40:02,40.03,9.433333333266667,566.0,1
6814,3,H8,Anada,2,Cardenal Reig - Pisuerga,2984,12:23:33,23.55,17.649999999933335,1059.0,
6015,4,H8,Anada,2,Cardenal Reig - Pisuerga,2984,12:38:05,38.08,14.516666666733332,871.0,
6813,4,H8,Anada,2,Cardenal Reig - Pisuerga,2984,12:52:10,52.17,14.0833333333,845.0,
6018,3,H8,Anada,2,Cardenal Reig - Pisuerga,2984,13:09:47,9.78,17.616666666666667,1057.0,12
6014,4,H8,Anada,2,Cardenal Reig - Pisuerga,2984,13:25:27,25.45,15.6666666667,940.0,9
6802,4,H8,Anada,2,Cardenal Reig - Pisuerga,2984,13:43:40,43.67,18.216666666666665,1093.0,
6803,3,H8,Anada,2,Cardenal Reig - Pisuerga,2984,13:59:11,59.18,15.516666666666667,931.0,
6016,4,H8,Anada,2,Cardenal Reig - Pisuerga,2984,14:17:27,17.45,18.266666666666666,1096.0,
6805,4,H8,Anada,2,Cardenal Reig - Pisuerga,2984,14:35:01,35.02,17.566666666666666,1054.0,
6814,4,H8,Anada,2,Cardenal Reig - Pisuerga,2984,14:50:49,50.82,15.799999999983333,948.0,
6015,5,H8,Anada,2,Cardenal Reig - Pisuerga,2984,15:08:36,8.6,17.799999999933334,1068.0,
6813,5,H8,Anada,2,Cardenal Reig - Pisuerga,2984,15:24:23,24.38,15.766666666716667,946.0,
6018,4,H8,Anada,2,Cardenal Reig - Pisuerga,2984,15:39:44,39.73,15.35,921.0,"9,12"
6014,5,H8,Anada,2,Cardenal Reig - Pisuerga,2984,15:57:00,57.0,17.2833333333,1037.0,"12,13,14,15,16,17,18,19,20,21,22,23,24,25,26,27,28,29,30,31,32,33,34,35,36,37,38,39"
6802,5,H8,Anada,2,Cardenal Reig - Pisuerga,2984,16:13:55,13.92,16.900000000066665,1014.0,
6803,4,H8,Anada,2,Cardenal Reig - Pisuerga,2984,16:32:53,32.88,18.966666666666665,1138.0,
6016,5,H8,Anada,2,Cardenal Reig - Pisuerga,2984,16:51:46,51.77,18.899999999933335,1134.0,
6805,5,H8,Anada,2,Cardenal Reig - Pisuerga,2984,17:09:52,9.87,18.0833333334,1085.0,
6814,5,H8,Anada,2,Cardenal Reig - Pisuerga,2984,17:26:12,26.2,16.349999999933335,981.0,
6015,6,H8,Anada,2,Cardenal Reig - Pisuerga,2984,17:42:56,42.93,16.716666666716666,1003.0,
6813,6,H8,Anada,2,Cardenal Reig - Pisuerga,2984,18:00:48,0.8,17.883333333283336,1073.0,
6018,5,H8,Anada,2,Cardenal Reig - Pisuerga,2984,18:18:43,18.72,17.900000000066665,1074.0,
6014,6,H8,Anada,2,Cardenal Reig - Pisuerga,2984,18:21:45,21.75,3.0333333333,182.0,"1,25,26,27,28,29,30,31,32,33,34,35,36,37,38,39"
6803,5,H8,Anada,2,Cardenal Reig - Pisuerga,2984,19:14:45,14.75,20.316666666699998,1219.0,9
6016,6,H8,Anada,2,Cardenal Reig - Pisuerga,2984,19:32:27,32.45,17.699999999966668,1062.0,
6805,6,H8,Anada,2,Cardenal Reig - Pisuerga,2984,19:52:56,52.93,20.49999999996667,1230.0,33
6015,7,H8,Anada,2,Cardenal Reig - Pisuerga,2984,20:11:54,11.9,18.950000000066666,1137.0,
6813,7,H8,Anada,2,Cardenal Reig - Pisuerga,2984,20:33:15,33.25,21.35,1281.0,
6813,1,H8,Anada,3,Cardenal Reig - Av St Ramon Nonat,2685,05:33:33,33.55,,,
6014,1,H8,Anada,3,Cardenal Reig - Av St Ramon Nonat,2685,05:53:09,53.15,19.600000000033333,1176.0,
6802,1,H8,Anada,3,Cardenal Reig - Av St Ramon Nonat,2685,06:14:06,14.1,20.95,1257.0,
6016,1,H8,Anada,3,Cardenal Reig - Av St Ramon Nonat,2685,06:33:34,33.57,19.466666666633333,1168.0,
6805,1,H8,Anada,3,Cardenal Reig - Av St Ramon Nonat,2685,06:53:31,53.52,19.95,1197.0,11
6814,1,H8,Anada,3,Cardenal Reig - Av St Ramon Nonat,2685,07:14:39,14.65,21.133333333333333,1268.0,
6015,1,H8,Anada,3,Cardenal Reig - Av St Ramon Nonat,2685,07:33:32,33.53,18.883333333366668,1133.0,
6813,2,H8,Anada,3,Cardenal Reig - Av St Ramon Nonat,2685,07:50:18,50.3,16.766666666666666,1006.0,
6018,1,H8,Anada,3,Cardenal Reig - Av St Ramon Nonat,2685,08:07:27,7.45,17.15,1029.0,
6014,2,H8,Anada,3,Cardenal Reig - Av St Ramon Nonat,2685,08:23:18,23.3,15.849999999966666,951.0,
6802,2,H8,Anada,3,Cardenal Reig - Av St Ramon Nonat,2685,08:40:04,40.07,16.766666666666666,1006.0,
6803,1,H8,Anada,3,Cardenal Reig - Av St Ramon Nonat,2685,08:56:36,56.6,16.533333333366667,992.0,
6016,2,H8,Anada,3,Cardenal Reig - Av St Ramon Nonat,2685,09:13:14,13.23,16.6333333333,998.0,
6805,2,H8,Anada,3,Cardenal Reig - Av St Ramon Nonat,2685,09:31:47,31.78,18.55,1113.0,
6814,2,H8,Anada,3,Cardenal Reig - Av St Ramon Nonat,2685,09:54:58,54.97,23.183333333366665,1391.0,
6015,3,H8,Anada,3,Cardenal Reig - Av St Ramon Nonat,2685,10:23:29,23.48,1.2666666666,76.0,"5,6,7,9,14,15,16"
6018,2,H8,Anada,3,Cardenal Reig - Av St Ramon Nonat,2685,10:36:00,36.0,12.516666666666667,751.0,
6014,3,H8,Anada,3,Cardenal Reig - Av St Ramon Nonat,2685,10:55:33,55.55,19.533333333366667,1172.0,
6802,3,H8,Anada,3,Cardenal Reig - Av St Ramon Nonat,2685,11:13:30,13.5,17.966666666633333,1078.0,
6803,2,H8,Anada,3,Cardenal Reig - Av St Ramon Nonat,2685,11:31:50,31.83,18.316666666699998,1099.0,9
6016,3,H8,Anada,3,Cardenal Reig - Av St Ramon Nonat,2685,11:46:27,46.45,14.6166666667,877.0,1
6805,3,H8,Anada,3,Cardenal Reig - Av St Ramon Nonat,2685,12:06:53,6.88,20.433333333300002,1226.0,
6814,3,H8,Anada,3,Cardenal Reig - Av St Ramon Nonat,2685,12:25:28,25.47,18.599999999966666,1116.0,
6015,4,H8,Anada,3,Cardenal Reig - Av St Ramon Nonat,2685,12:38:53,38.88,13.416666666666666,805.0,
6813,4,H8,Anada,3,Cardenal Reig - Av St Ramon Nonat,2685,12:53:39,53.65,14.766666666666667,886.0,
6018,3,H8,Anada,3,Cardenal Reig - Av St Ramon Nonat,2685,13:11:21,11.35,17.7,1062.0,12
6014,4,H8,Anada,3,Cardenal Reig - Av St Ramon Nonat,2685,13:26:40,26.67,15.300000000033332,918.0,9
6802,4,H8,Anada,3,Cardenal Reig - Av St Ramon Nonat,2685,13:44:49,44.82,18.150000000033334,1089.0,
6803,3,H8,Anada,3,Cardenal Reig - Av St Ramon Nonat,2685,14:00:52,0.87,16.0666666666,964.0,
6016,4,H8,Anada,3,Cardenal Reig - Av St Ramon Nonat,2685,14:18:40,18.67,17.783333333366667,1067.0,
6805,4,H8,Anada,3,Cardenal Reig - Av St Ramon Nonat,2685,14:35:57,35.95,17.283333333333335,1037.0,
6814,4,H8,Anada,3,Cardenal Reig - Av St Ramon Nonat,2685,14:52:22,52.37,16.433333333300002,986.0,
6015,5,H8,Anada,3,Cardenal Reig - Av St Ramon Nonat,2685,15:10:18,10.3,17.9166666667,1075.0,
6813,5,H8,Anada,3,Cardenal Reig - Av St Ramon Nonat,2685,15:25:35,25.58,15.283333333333333,917.0,
6018,4,H8,Anada,3,Cardenal Reig - Av St Ramon Nonat,2685,15:40:47,40.78,15.2,912.0,"9,12"
6014,5,H8,Anada,3,Cardenal Reig - Av St Ramon Nonat,2685,15:57:57,57.95,17.183333333300002,1031.0,"12,13,14,15,16,17,18,19,20,21,22,23,24,25,26,27,28,29,30,31,32,33,34,35,36,37,38,39"
6802,5,H8,Anada,3,Cardenal Reig - Av St Ramon Nonat,2685,16:14:49,14.82,16.866666666666667,1012.0,
6803,4,H8,Anada,3,Cardenal Reig - Av St Ramon Nonat,2685,16:34:36,34.6,19.7666666667,1186.0,
6016,5,H8,Anada,3,Cardenal Reig - Av St Ramon Nonat,2685,16:53:43,53.72,19.116666666666667,1147.0,
6805,5,H8,Anada,3,Cardenal Reig - Av St Ramon Nonat,2685,17:11:43,11.72,18.00000000003333,1080.0,
6814,5,H8,Anada,3,Cardenal Reig - Av St Ramon Nonat,2685,17:27:31,27.52,15.816666666600002,949.0,
6015,6,H8,Anada,3,Cardenal Reig - Av St Ramon Nonat,2685,17:45:12,45.2,17.66666666673333,1060.0,
6813,6,H8,Anada,3,Cardenal Reig - Av St Ramon Nonat,2685,18:02:27,2.45,17.25,1035.0,
6018,5,H8,Anada,3,Cardenal Reig - Av St Ramon Nonat,2685,18:20:39,20.65,18.216666666600002,1093.0,
6064,1,H8,Anada,3,Cardenal Reig - Av St Ramon Nonat,2685,18:23:47,23.78,3.1166666667,187.0,"1,2"
6014,6,H8,Anada,3,Cardenal Reig - Av St Ramon Nonat,2685,18:41:07,41.12,17.349999999966666,1041.0,"1,25,26,27,28,29,30,31,32,33,34,35,36,37,38,39"
6802,6,H8,Anada,3,Cardenal Reig - Av St Ramon Nonat,2685,18:55:11,55.18,14.050000000066666,843.0,
6803,5,H8,Anada,3,Cardenal Reig - Av St Ramon Nonat,2685,19:16:16,16.27,21.099999999933335,1266.0,9
6016,6,H8,Anada,3,Cardenal Reig - Av St Ramon Nonat,2685,19:32:49,32.82,16.533333333399998,992.0,
6805,6,H8,Anada,3,Cardenal Reig - Av St Ramon Nonat,2685,19:54:55,54.92,22.1166666666,1327.0,33
6015,7,H8,Anada,3,Cardenal Reig - Av St Ramon Nonat,2685,20:13:06,13.1,18.16666666673333,1090.0,
6813,7,H8,Anada,3,Cardenal Reig - Av St Ramon Nonat,2685,20:34:56,34.93,21.833333333333332,1310.0,
6813,1,H8,Anada,4,Travessera de les Corts - Comte de Güell,3649,05:36:08,36.13,,,
6014,1,H8,Anada,4,Travessera de les Corts - Comte de Güell,3649,05:56:20,56.33,20.1833333334,1211.0,
6802,1,H8,Anada,4,Travessera de les Corts - Comte de Güell,3649,06:17:13,17.22,20.899999999933335,1254.0,
6016,1,H8,Anada,4,Travessera de les Corts - Comte de Güell,3649,06:36:02,36.03,18.800000000033332,1128.0,
6805,1,H8,Anada,4,Travessera de les Corts - Comte de Güell,3649,06:54:51,54.85,18.816666666699998,1129.0,11
6814,1,H8,Anada,4,Travessera de les Corts - Comte de Güell,3649,07:17:48,17.8,22.966666666600002,1378.0,
6015,1,H8,Anada,4,Travessera de les Corts - Comte de Güell,3649,07:36:26,36.43,18.633333333333333,1118.0,
6813,2,H8,Anada,4,Travessera de les Corts - Comte de Güell,3649,07:52:46,52.77,16.316666666699998,979.0,
6018,1,H8,Anada,4,Travessera de les Corts - Comte de Güell,3649,08:08:12,8.2,15.449999999966668,927.0,
6014,2,H8,Anada,4,Travessera de les Corts - Comte de Güell,3649,08:26:29,26.48,18.28333333335,1097.0,
6802,2,H8,Anada,4,Travessera de les Corts - Comte de Güell,3649,08:42:36,42.6,16.11666666665,967.0,
6803,1,H8,Anada,4,Travessera de les Corts - Comte de Güell,3649,08:59:59,59.98,17.383333333333333,1043.0,
6016,2,H8,Anada,4,Travessera de les Corts - Comte de Güell,3649,09:16:06,16.1,16.100000000066665,966.0,
6805,2,H8,Anada,4,Travessera de les Corts - Comte de Güell,3649,09:34:39,34.65,18.55,1113.0,
6814,2,H8,Anada,4,Travessera de les Corts - Comte de Güell,3649,09:57:01,57.02,22.366666666666667,1342.0,
6018,2,H8,Anada,4,Travessera de les Corts - Comte de Güell,3649,10:39:25,39.42,13.516666666633334,811.0,
6014,3,H8,Anada,4,Travessera de les Corts - Comte de Güell,3649,10:58:32,58.53,19.116666666666667,1147.0,
6802,3,H8,Anada,4,Travessera de les Corts - Comte de Güell,3649,11:15:53,15.88,17.35,1041.0,
6803,2,H8,Anada,4,Travessera de les Corts - Comte de Güell,3649,11:33:40,33.67,17.783333333333335,1067.0,9
6016,3,H8,Anada,4,Travessera de les Corts - Comte de Güell,3649,11:49:50,49.83,16.150000000066665,969.0,1
6805,3,H8,Anada,4,Travessera de les Corts - Comte de Güell,3649,12:09:27,9.45,19.616666666666667,1177.0,
6814,3,H8,Anada,4,Travessera de les Corts - Comte de Güell,3649,12:27:43,27.72,18.28333333326667,1097.0,
6015,4,H8,Anada,4,Travessera de les Corts - Comte de Güell,3649,12:40:26,40.43,12.700000000033333,762.0,
6813,4,H8,Anada,4,Travessera de les Corts - Comte de Güell,3649,12:56:39,56.65,16.2333333333,974.0,
6018,3,H8,Anada,4,Travessera de les Corts - Comte de Güell,3649,13:13:44,13.73,17.066666666733333,1024.0,12
6014,4,H8,Anada,4,Travessera de les Corts - Comte de Güell,3649,13:28:21,28.35,14.633333333266668,878.0,9
6802,4,H8,Anada,4,Travessera de les Corts - Comte de Güell,3649,13:47:18,47.3,18.95,1137.0,
6803,3,H8,Anada,4,Travessera de les Corts - Comte de Güell,3649,14:03:25,3.42,16.100000000066665,966.0,
6016,4,H8,Anada,4,Travessera de les Corts - Comte de Güell,3649,14:20:46,20.77,17.349999999966666,1041.0,
6805,4,H8,Anada,4,Travessera de les Corts - Comte de Güell,3649,14:38:45,38.75,17.983333333366666,1079.0,
6814,4,H8,Anada,4,Travessera de les Corts - Comte de Güell,3649,14:55:01,55.02,16.28333333326667,977.0,
6015,5,H8,Anada,4,Travessera de les Corts - Comte de Güell,3649,15:13:08,13.13,18.116666666666667,1087.0,
6813,5,H8,Anada,4,Travessera de les Corts - Comte de Güell,3649,15:27:39,27.65,14.500000000066667,870.0,
6018,4,H8,Anada,4,Travessera de les Corts - Comte de Güell,3649,15:43:12,43.2,15.566666666600002,934.0,"9,12"
6014,5,H8,Anada,4,Travessera de les Corts - Comte de Güell,3649,16:00:42,0.7,17.4833333334,1049.0,"12,13,14,15,16,17,18,19,20,21,22,23,24,25,26,27,28,29,30,31,32,33,34,35,36,37,38,39"
6802,5,H8,Anada,4,Travessera de les Corts - Comte de Güell,3649,16:18:56,18.93,18.2333333333,1094.0,
6803,4,H8,Anada,4,Travessera de les Corts - Comte de Güell,3649,16:37:51,37.85,18.916666666666668,1135.0,
6016,5,H8,Anada,4,Travessera de les Corts - Comte de Güell,3649,16:56:12,56.2,18.350000000033333,1101.0,
6805,5,H8,Anada,4,Travessera de les Corts - Comte de Güell,3649,17:14:48,14.8,18.616666666616666,1117.0,
6814,5,H8,Anada,4,Travessera de les Corts - Comte de Güell,3649,17:30:47,30.78,15.966666666683333,958.0,
6015,6,H8,Anada,4,Travessera de les Corts - Comte de Güell,3649,17:47:31,47.52,16.74999999996667,1005.0,
6813,6,H8,Anada,4,Travessera de les Corts - Comte de Güell,3649,18:05:37,5.62,18.0833333334,1085.0,
6018,5,H8,Anada,4,Travessera de les Corts - Comte de Güell,3649,18:22:46,22.77,17.15,1029.0,
6014,6,H8,Anada,4,Travessera de les Corts - Comte de Güell,3649,18:44:00,44.0,21.249999999933333,1275.0,"1,25,26,27,28,29,30,31,32,33,34,35,36,37,38,39"
6802,6,H8,Anada,4,Travessera de les Corts - Comte de Güell,3649,18:58:52,58.87,14.250000000066667,855.0,
6803,5,H8,Anada,4,Travessera de les Corts - Comte de Güell,3649,19:19:28,19.47,20.6166666666,1237.0,9
6016,6,H8,Anada,4,Travessera de les Corts - Comte de Güell,3649,19:34:31,34.52,15.033333333366667,902.0,
6805,6,H8,Anada,4,Travessera de les Corts - Comte de Güell,3649,19:57:06,57.1,22.599999999966666,1356.0,33
6015,7,H8,Anada,4,Travessera de les Corts - Comte de Güell,3649,20:16:07,16.12,19.000000000066667,1140.0,
6813,7,H8,Anada,4,Travessera de les Corts - Comte de Güell,3649,20:38:06,38.1,21.983333333333334,1319.0,
6813,1,H8,Anada,5,Les Corts - Benavent,3747,05:37:40,37.67,,,
6014,1,H8,Anada,5,Les Corts - Benavent,3747,05:58:40,58.67,20.983333333366666,1259.0,
6802,1,H8,Anada,5,Les Corts - Benavent,3747,06:19:21,19.35,20.683333333366665,1241.0,
6016,1,H8,Anada,5,Les Corts - Benavent,3747,06:36:27,36.45,17.1166666666,1027.0,
6805,1,H8,Anada,5,Les Corts - Benavent,3747,06:55:44,55.73,19.28333333335,1157.0,11
6814,1,H8,Anada,5,Les Corts - Benavent,3747,07:19:41,19.68,23.949999999983334,1437.0,
6015,1,H8,Anada,5,Les Corts - Benavent,3747,07:39:22,39.37,19.683333333333334,1181.0,
6813,2,H8,Anada,5,Les Corts - Benavent,3747,07:55:29,55.48,16.100000000066665,966.0,
6018,1,H8,Anada,5,Les Corts - Benavent,3747,08:10:43,10.72,15.233333333300001,914.0,
6014,2,H8,Anada,5,Les Corts - Benavent,3747,08:29:12,29.2,18.49999999996667,1110.0,
6802,2,H8,Anada,5,Les Corts - Benavent,3747,08:45:21,45.35,16.133333333366668,968.0,
6803,1,H8,Anada,5,Les Corts - Benavent,3747,09:02:18,2.3,16.966666666633333,1018.0,
6016,2,H8,Anada,5,Les Corts - Benavent,3747,09:18:47,18.78,16.46666666673333,988.0,
6805,2,H8,Anada,5,Les Corts - Benavent,3747,09:37:34,37.57,18.783333333333335,1127.0,
6814,2,H8,Anada,5,Les Corts - Benavent,3747,09:58:41,58.68,21.116666666666667,1267.0,
6018,2,H8,Anada,5,Les Corts - Benavent,3747,10:42:14,42.23,14.733333333300001,884.0,
6014,3,H8,Anada,5,Les Corts - Benavent,3747,11:00:56,0.93,18.700000000033334,1122.0,
6802,3,H8,Anada,5,Les Corts - Benavent,3747,11:18:35,18.58,17.649999999966667,1059.0,
6803,2,H8,Anada,5,Les Corts - Benavent,3747,11:36:30,36.5,17.916666666666668,1075.0,9
6016,3,H8,Anada,5,Les Corts - Benavent,3747,11:52:16,52.27,15.7833333333,947.0,1
6805,3,H8,Anada,5,Les Corts - Benavent,3747,12:11:51,11.85,19.566666666733333,1174.0,
6814,3,H8,Anada,5,Les Corts - Benavent,3747,12:29:29,29.48,17.649999999933335,1059.0,
6015,4,H8,Anada,5,Les Corts - Benavent,3747,12:41:35,41.58,12.083333333399999,725.0,
6813,4,H8,Anada,5,Les Corts - Benavent,3747,12:59:02,59.03,17.466666666600002,1048.0,
6018,3,H8,Anada,5,Les Corts - Benavent,3747,13:15:29,15.48,16.4333333334,986.0,12
6014,4,H8,Anada,5,Les Corts - Benavent,3747,13:29:31,29.52,14.049999999933334,843.0,9
6802,4,H8,Anada,5,Les Corts - Benavent,3747,13:48:40,48.67,19.15,1149.0,
6803,3,H8,Anada,5,Les Corts - Benavent,3747,14:04:40,4.67,15.9833333334,959.0,
6016,4,H8,Anada,5,Les Corts - Benavent,3747,14:22:48,22.8,18.149999999933335,1089.0,
6805,4,H8,Anada,5,Les Corts - Benavent,3747,14:41:07,41.12,18.316666666666666,1099.0,
6814,4,H8,Anada,5,Les Corts - Benavent,3747,14:56:37,56.62,15.5,930.0,
6015,5,H8,Anada,5,Les Corts - Benavent,3747,15:14:38,14.63,18.000000000066667,1080.0,
6813,5,H8,Anada,5,Les Corts - Benavent,3747,15:30:04,30.07,15.433333333333334,926.0,
6018,4,H8,Anada,5,Les Corts - Benavent,3747,15:44:21,44.35,14.2833333333,857.0,"9,12"
6014,5,H8,Anada,5,Les Corts - Benavent,3747,16:02:18,2.3,17.966666666633333,1078.0,"12,13,14,15,16,17,18,19,20,21,22,23,24,25,26,27,28,29,30,31,32,33,34,35,36,37,38,39"
6802,5,H8,Anada,5,Les Corts - Benavent,3747,16:21:09,21.15,18.833333333366667,1130.0,
6803,4,H8,Anada,5,Les Corts - Benavent,3747,16:40:10,40.17,19.0166666667,1141.0,
6016,5,H8,Anada,5,Les Corts - Benavent,3747,16:58:22,58.37,18.199999999966668,1092.0,
6805,5,H8,Anada,5,Les Corts - Benavent,3747,17:16:52,16.87,18.516666666633334,1111.0,
6814,5,H8,Anada,5,Les Corts - Benavent,3747,17:32:44,32.73,15.866666666666667,952.0,
6015,6,H8,Anada,5,Les Corts - Benavent,3747,17:48:40,48.67,15.933333333333334,956.0,
6813,6,H8,Anada,5,Les Corts - Benavent,3747,18:07:04,7.07,18.383333333366668,1103.0,
6018,5,H8,Anada,5,Les Corts - Benavent,3747,18:24:51,24.85,17.783333333333335,1067.0,
6014,6,H8,Anada,5,Les Corts - Benavent,3747,18:45:12,45.2,20.350000000033333,1221.0,"1,25,26,27,28,29,30,31,32,33,34,35,36,37,38,39"
6064,1,H8,Anada,5,Les Corts - Benavent,3747,18:47:04,47.07,1.8833333332666666,113.0,"1,2"
6802,6,H8,Anada,5,Les Corts - Benavent,3747,19:00:56,0.93,13.850000000066666,831.0,
6803,5,H8,Anada,5,Les Corts - Benavent,3747,19:21:18,21.3,20.383333333266666,1223.0,9
6016,6,H8,Anada,5,Les Corts - Benavent,3747,19:36:21,36.35,15.0333333334,902.0,
6805,6,H8,Anada,5,Les Corts - Benavent,3747,19:58:32,58.53,22.199999999933333,1332.0,33
6015,7,H8,Anada,5,Les Corts - Benavent,3747,20:18:06,18.1,19.550000000066667,1173.0,
6813,7,H8,Anada,5,Les Corts - Benavent,3747,20:39:58,39.97,21.866666666633332,1312.0,
6813,1,H8,Anada,6,Les Corts - Maternitat,482,05:38:49,38.82,,,
6014,1,H8,Anada,6,Les Corts - Maternitat,482,06:00:06,0.1,21.266666666733332,1276.0,
6802,1,H8,Anada,6,Les Corts - Maternitat,482,06:19:33,19.55,19.466666666600002,1168.0,
6016,1,H8,Anada,6,Les Corts - Maternitat,482,06:37:17,37.28,17.7166666667,1063.0,
6805,1,H8,Anada,6,Les Corts - Maternitat,482,06:56:38,56.63,19.35,1161.0,11
6814,1,H8,Anada,6,Les Corts - Maternitat,482,07:20:58,20.97,24.333333333333332,1460.0,
6015,1,H8,Anada,6,Les Corts - Maternitat,482,07:40:54,40.9,19.949999999966668,1197.0,
6813,2,H8,Anada,6,Les Corts - Maternitat,482,07:57:19,57.32,16.400000000033334,984.0,
6018,1,H8,Anada,6,Les Corts - Maternitat,482,08:11:22,11.37,14.066666666633333,844.0,
6014,2,H8,Anada,6,Les Corts - Maternitat,482,08:30:52,30.87,19.483333333366666,1169.0,
6802,2,H8,Anada,6,Les Corts - Maternitat,482,08:45:35,45.58,14.716666666666667,883.0,
6803,1,H8,Anada,6,Les Corts - Maternitat,482,09:04:05,4.08,18.50000000003333,1110.0,
6016,2,H8,Anada,6,Les Corts - Maternitat,482,09:19:20,19.33,15.2666666666,916.0,
6805,2,H8,Anada,6,Les Corts - Maternitat,482,09:39:01,39.02,19.66666666673333,1180.0,
6814,2,H8,Anada,6,Les Corts - Maternitat,482,10:00:16,0.27,21.25,1275.0,
6018,2,H8,Anada,6,Les Corts - Maternitat,482,10:43:33,43.55,14.6166666666,877.0,
6014,3,H8,Anada,6,Les Corts - Maternitat,482,11:01:31,1.52,17.966666666666665,1078.0,
6802,3,H8,Anada,6,Les Corts - Maternitat,482,11:20:09,20.15,18.6166666667,1117.0,
6803,2,H8,Anada,6,Les Corts - Maternitat,482,11:37:11,37.18,17.049999999966666,1023.0,9
6016,3,H8,Anada,6,Les Corts - Maternitat,482,11:53:19,53.32,16.133333333333333,968.0,1
6805,3,H8,Anada,6,Les Corts - Maternitat,482,12:15:48,15.8,22.4666666667,1348.0,
6814,3,H8,Anada,6,Les Corts - Maternitat,482,12:30:35,30.58,14.799999999966667,888.0,
6015,4,H8,Anada,6,Les Corts - Maternitat,482,12:42:41,42.68,12.083333333399999,725.0,
6813,4,H8,Anada,6,Les Corts - Maternitat,482,13:00:00,0.0,17.316666666633335,1039.0,
6018,3,H8,Anada,6,Les Corts - Maternitat,482,13:15:34,15.57,15.566666666666666,934.0,12
6014,4,H8,Anada,6,Les Corts - Maternitat,482,13:30:39,30.65,15.083333333333334,905.0,9
6802,4,H8,Anada,6,Les Corts - Maternitat,482,13:50:32,50.53,19.899999999966667,1194.0,
6803,3,H8,Anada,6,Les Corts - Maternitat,482,14:05:59,5.98,15.433333333366667,926.0,
6016,4,H8,Anada,6,Les Corts - Maternitat,482,14:24:25,24.42,18.433333333366665,1106.0,
6805,4,H8,Anada,6,Les Corts - Maternitat,482,14:42:02,42.03,17.633333333266666,1058.0,
6814,4,H8,Anada,6,Les Corts - Maternitat,482,14:57:54,57.9,15.850000000033333,951.0,
6015,5,H8,Anada,6,Les Corts - Maternitat,482,15:17:07,17.12,19.2166666667,1153.0,
6813,5,H8,Anada,6,Les Corts - Maternitat,482,15:31:07,31.12,14.0166666666,841.0,
6018,4,H8,Anada,6,Les Corts - Maternitat,482,15:44:45,44.75,13.616666666733332,817.0,"9,12"
6014,5,H8,Anada,6,Les Corts - Maternitat,482,16:03:41,3.68,18.933333333300002,1136.0,"12,13,14,15,16,17,18,19,20,21,22,23,24,25,26,27,28,29,30,31,32,33,34,35,36,37,38,39"
6802,5,H8,Anada,6,Les Corts - Maternitat,482,16:22:36,22.6,18.933333333300002,1136.0,
6803,4,H8,Anada,6,Les Corts - Maternitat,482,16:41:45,41.75,19.133333333366668,1148.0,
6016,5,H8,Anada,6,Les Corts - Maternitat,482,16:59:39,59.65,17.9,1074.0,
6805,5,H8,Anada,6,Les Corts - Maternitat,482,17:17:44,17.73,18.083333333366667,1085.0,
6814,5,H8,Anada,6,Les Corts - Maternitat,482,17:34:19,34.32,16.5833333333,995.0,
6015,6,H8,Anada,6,Les Corts - Maternitat,482,17:49:50,49.83,15.5333333333,932.0,
6813,6,H8,Anada,6,Les Corts - Maternitat,482,18:07:23,7.38,17.533333333366667,1052.0,
6018,5,H8,Anada,6,Les Corts - Maternitat,482,18:26:23,26.38,19.016666666633334,1141.0,
6014,6,H8,Anada,6,Les Corts - Maternitat,482,18:46:15,46.25,19.850000000066665,1191.0,"1,25,26,27,28,29,30,31,32,33,34,35,36,37,38,39"
6064,1,H8,Anada,6,Les Corts - Maternitat,482,18:50:07,50.12,3.8666666666666667,232.0,"1,2"
6802,6,H8,Anada,6,Les Corts - Maternitat,482,19:02:20,2.33,12.216666666633333,733.0,
6803,5,H8,Anada,6,Les Corts - Maternitat,482,19:22:57,22.95,20.616666666666667,1237.0,9
6016,6,H8,Anada,6,Les Corts - Maternitat,482,19:37:34,37.57,14.616666666666667,877.0,
6805,6,H8,Anada,6,Les Corts - Maternitat,482,19:59:12,59.2,21.633333333333333,1298.0,33
6015,7,H8,Anada,6,Les Corts - Maternitat,482,20:19:09,19.15,19.950000000033334,1197.0,
6813,7,H8,Anada,6,Les Corts - Maternitat,482,20:40:50,40.83,21.683333333333334,1301.0,
6813,1,H8,Anada,7,Les Corts - Carles III,709,05:39:44,39.73,,,
6014,1,H8,Anada,7,Les Corts - Carles III,709,06:01:47,1.78,22.066666666633335,1324.0,
6802,1,H8,Anada,7,Les Corts - Carles III,709,06:20:48,20.8,19.016666666666666,1141.0,
6016,1,H8,Anada,7,Les Corts - Carles III,709,06:38:21,38.35,17.533333333366667,1052.0,
6805,1,H8,Anada,7,Les Corts - Carles III,709,06:57:29,57.48,19.149999999966667,1149.0,11
6814,1,H8,Anada,7,Les Corts - Carles III,709,07:22:50,22.83,25.3333333334,1520.0,
6015,1,H8,Anada,7,Les Corts - Carles III,709,07:42:15,42.25,19.416666666666668,1165.0,
6813,2,H8,Anada,7,Les Corts - Carles III,709,07:58:33,58.55,16.3166666666,979.0,
6018,1,H8,Anada,7,Les Corts - Carles III,709,08:13:28,13.47,14.916666666666666,895.0,
6014,2,H8,Anada,7,Les Corts - Carles III,709,08:32:46,32.77,19.283333333399998,1157.0,
6802,2,H8,Anada,7,Les Corts - Carles III,709,08:47:25,47.42,14.649999999966667,879.0,
6803,1,H8,Anada,7,Les Corts - Carles III,709,09:06:06,6.1,18.683333333366665,1121.0,
6016,2,H8,Anada,7,Les Corts - Carles III,709,09:21:22,21.37,15.283333333266667,917.0,
6805,2,H8,Anada,7,Les Corts - Carles III,709,09:41:33,41.55,20.183333333316668,1211.0,
6814,2,H8,Anada,7,Les Corts - Carles III,709,10:02:33,2.55,20.983333333416667,1259.0,
6018,2,H8,Anada,7,Les Corts - Carles III,709,10:44:06,44.1,12.6,756.0,
6014,3,H8,Anada,7,Les Corts - Carles III,709,11:03:34,3.57,19.483333333266668,1169.0,
6802,3,H8,Anada,7,Les Corts - Carles III,709,11:22:26,22.43,18.850000000033333,1131.0,
6803,2,H8,Anada,7,Les Corts - Carles III,709,11:39:19,39.32,16.883333333366668,1013.0,9
6016,3,H8,Anada,7,Les Corts - Carles III,709,11:54:55,54.92,15.6,936.0,1
6805,3,H8,Anada,7,Les Corts - Carles III,709,12:19:29,19.48,24.58333333326667,1475.0,
6814,3,H8,Anada,7,Les Corts - Carles III,709,12:32:54,32.9,13.400000000033334,804.0,
6015,4,H8,Anada,7,Les Corts - Carles III,709,12:43:31,43.52,10.6333333333,638.0,
6813,4,H8,Anada,7,Les Corts - Carles III,709,13:03:11,3.18,19.650000000066665,1179.0,
6018,3,H8,Anada,7,Les Corts - Carles III,709,13:17:21,17.35,14.166666666666666,850.0,12
6014,4,H8,Anada,7,Les Corts - Carles III,709,13:31:49,31.82,14.466666666633333,868.0,9
6802,4,H8,Anada,7,Les Corts - Carles III,709,13:52:54,52.9,21.099999999966666,1266.0,
6803,3,H8,Anada,7,Les Corts - Carles III,709,14:08:56,8.93,16.033333333333335,962.0,
6016,4,H8,Anada,7,Les Corts - Carles III,709,14:26:27,26.45,17.500000000066667,1050.0,
6805,4,H8,Anada,7,Les Corts - Carles III,709,14:45:20,45.33,18.899999999933335,1134.0,
6814,4,H8,Anada,7,Les Corts - Carles III,709,14:59:41,59.68,14.35,861.0,
6015,5,H8,Anada,7,Les Corts - Carles III,709,15:18:41,18.68,18.9833333334,1139.0,
6813,5,H8,Anada,7,Les Corts - Carles III,709,15:33:40,33.67,14.999999999933333,900.0,
6018,4,H8,Anada,7,Les Corts - Carles III,709,15:46:29,46.48,12.800000000033332,768.0,"9,12"
6014,5,H8,Anada,7,Les Corts - Carles III,709,16:06:06,6.1,19.6333333333,1178.0,"12,13,14,15,16,17,18,19,20,21,22,23,24,25,26,27,28,29,30,31,32,33,34,35,36,37,38,39"
6802,5,H8,Anada,7,Les Corts - Carles III,709,16:24:58,24.97,18.850000000066665,1131.0,
6803,4,H8,Anada,7,Les Corts - Carles III,709,16:44:00,44.0,19.0333333333,1142.0,
6016,5,H8,Anada,7,Les Corts - Carles III,709,17:01:38,1.63,17.649999999966667,1059.0,
6805,5,H8,Anada,7,Les Corts - Carles III,709,17:19:35,19.58,17.9333333334,1076.0,
6814,5,H8,Anada,7,Les Corts - Carles III,709,17:36:46,36.77,17.199999999916667,1032.0,
6015,6,H8,Anada,7,Les Corts - Carles III,709,17:50:59,50.98,14.20000000005,852.0,
6813,6,H8,Anada,7,Les Corts - Carles III,709,18:09:21,9.35,18.3666666667,1102.0,
6018,5,H8,Anada,7,Les Corts - Carles III,709,18:27:56,27.93,18.599999999933335,1116.0,
6014,6,H8,Anada,7,Les Corts - Carles III,709,18:48:45,48.75,20.800000000066667,1248.0,"1,25,26,27,28,29,30,31,32,33,34,35,36,37,38,39"
6064,1,H8,Anada,7,Les Corts - Carles III,709,18:52:09,52.15,3.4166666666000003,205.0,"1,2"
6802,6,H8,Anada,7,Les Corts - Carles III,709,19:05:03,5.05,12.8833333334,773.0,
6803,5,H8,Anada,7,Les Corts - Carles III,709,19:25:11,25.18,20.1333333333,1208.0,9
6016,6,H8,Anada,7,Les Corts - Carles III,709,19:38:58,38.97,13.783333333333333,827.0,
6805,6,H8,Anada,7,Les Corts - Carles III,709,19:59:59,59.98,21.0333333333,1262.0,33
6015,7,H8,Anada,7,Les Corts - Carles III,709,20:20:13,20.22,20.233333333333334,1214.0,
6813,7,H8,Anada,7,Les Corts - Carles III,709,20:41:08,41.13,20.916666666666668,1255.0,
6813,1,H8,Anada,8,Les Corts - Vallespir,1577,05:41:21,41.35,,,
6014,1,H8,Anada,8,Les Corts - Vallespir,1577,06:03:06,3.1,21.7666666666,1306.0,
6802,1,H8,Anada,8,Les Corts - Vallespir,1577,06:21:59,21.98,18.883333333333333,1133.0,
6016,1,H8,Anada,8,Les Corts - Vallespir,1577,06:39:43,39.72,17.71666666673333,1063.0,
6805,1,H8,Anada,8,Les Corts - Vallespir,1577,06:58:14,58.23,18.516666666633334,1111.0,11
6015,1,H8,Anada,8,Les Corts - Vallespir,1577,07:44:41,44.68,20.383333333266666,1223.0,
6813,2,H8,Anada,8,Les Corts - Vallespir,1577,08:01:19,1.32,16.633333333333333,998.0,
6018,1,H8,Anada,8,Les Corts - Vallespir,1577,08:15:29,15.48,14.150000000066665,849.0,
6014,2,H8,Anada,8,Les Corts - Vallespir,1577,08:34:28,34.47,18.983333333333334,1139.0,
6802,2,H8,Anada,8,Les Corts - Vallespir,1577,08:48:30,48.5,14.033333333333333,842.0,
6803,1,H8,Anada,8,Les Corts - Vallespir,1577,09:08:48,8.8,20.3,1218.0,
6016,2,H8,Anada,8,Les Corts - Vallespir,1577,09:22:46,22.77,13.966666666666667,838.0,
6805,2,H8,Anada,8,Les Corts - Vallespir,1577,09:43:08,43.13,20.366666666633332,1222.0,
6814,2,H8,Anada,8,Les Corts - Vallespir,1577,10:03:31,3.52,20.383333333333333,1223.0,
6015,3,H8,Anada,8,Les Corts - Vallespir,1577,10:26:35,26.58,23.066666666666666,1384.0,"5,6,7,9,14,15,16"
6813,3,H8,Anada,8,Les Corts - Vallespir,1577,10:33:25,33.42,6.833333333366666,410.0,
6018,2,H8,Anada,8,Les Corts - Vallespir,1577,10:46:23,46.38,12.983333333266668,779.0,
6014,3,H8,Anada,8,Les Corts - Vallespir,1577,11:04:47,4.78,18.4,1104.0,
6802,3,H8,Anada,8,Les Corts - Vallespir,1577,11:25:01,25.02,20.21666666673333,1213.0,
6803,2,H8,Anada,8,Les Corts - Vallespir,1577,11:41:11,41.18,16.166666666633333,970.0,9
6016,3,H8,Anada,8,Les Corts - Vallespir,1577,11:57:45,57.75,16.566666666666666,994.0,1
6805,3,H8,Anada,8,Les Corts - Vallespir,1577,12:21:14,21.23,23.483333333366666,1409.0,
6814,3,H8,Anada,8,Les Corts - Vallespir,1577,12:33:37,33.62,12.399999999933334,744.0,
6015,4,H8,Anada,8,Les Corts - Vallespir,1577,12:44:47,44.78,11.150000000033334,669.0,
6813,4,H8,Anada,8,Les Corts - Vallespir,1577,13:05:28,5.47,20.683333333366665,1241.0,
6018,3,H8,Anada,8,Les Corts - Vallespir,1577,13:18:00,18.0,12.5333333333,752.0,12
6014,4,H8,Anada,8,Les Corts - Vallespir,1577,13:34:39,34.65,16.666666666633333,1000.0,9
6802,4,H8,Anada,8,Les Corts - Vallespir,1577,13:54:33,54.55,19.8833333334,1193.0,
6803,3,H8,Anada,8,Les Corts - Vallespir,1577,14:11:19,11.32,16.766666666666666,1006.0,
6016,4,H8,Anada,8,Les Corts - Vallespir,1577,14:27:56,27.93,16.616666666666667,997.0,
6805,4,H8,Anada,8,Les Corts - Vallespir,1577,14:48:04,48.07,20.133333333333333,1208.0,
6814,4,H8,Anada,8,Les Corts - Vallespir,1577,15:01:07,1.12,13.066666666600002,784.0,
6015,5,H8,Anada,8,Les Corts - Vallespir,1577,15:20:40,20.67,19.55,1173.0,
6813,5,H8,Anada,8,Les Corts - Vallespir,1577,15:35:57,35.95,15.266666666733332,916.0,
6018,4,H8,Anada,8,Les Corts - Vallespir,1577,15:47:43,47.72,11.783333333266667,707.0,"9,12"
6014,5,H8,Anada,8,Les Corts - Vallespir,1577,16:07:48,7.8,20.083333333333332,1205.0,"12,13,14,15,16,17,18,19,20,21,22,23,24,25,26,27,28,29,30,31,32,33,34,35,36,37,38,39"
6802,5,H8,Anada,8,Les Corts - Vallespir,1577,16:26:40,26.67,18.850000000033333,1131.0,
6803,4,H8,Anada,8,Les Corts - Vallespir,1577,16:45:09,45.15,18.483333333366666,1109.0,
6016,5,H8,Anada,8,Les Corts - Vallespir,1577,17:03:43,3.72,18.566666666633335,1114.0,
6805,5,H8,Anada,8,Les Corts - Vallespir,1577,17:21:54,21.9,18.183333333366665,1091.0,
6814,5,H8,Anada,8,Les Corts - Vallespir,1577,17:38:01,38.02,16.116666666666667,967.0,
6015,6,H8,Anada,8,Les Corts - Vallespir,1577,17:53:14,53.23,15.216666666666667,913.0,
6813,6,H8,Anada,8,Les Corts - Vallespir,1577,18:11:46,11.77,18.5333333333,1112.0,
6018,5,H8,Anada,8,Les Corts - Vallespir,1577,18:29:53,29.88,18.116666666666667,1087.0,
6014,6,H8,Anada,8,Les Corts - Vallespir,1577,18:51:21,51.35,21.4666666667,1288.0,"1,25,26,27,28,29,30,31,32,33,34,35,36,37,38,39"
6064,1,H8,Anada,8,Les Corts - Vallespir,1577,18:54:11,54.18,2.8333333332999997,170.0,"1,2"
6802,6,H8,Anada,8,Les Corts - Vallespir,1577,19:06:23,6.38,12.200000000033333,732.0,
6803,5,H8,Anada,8,Les Corts - Vallespir,1577,19:26:50,26.83,20.45,1227.0,9
6016,6,H8,Anada,8,Les Corts - Vallespir,1577,19:40:48,40.8,13.983333333266668,839.0,
6805,6,H8,Anada,8,Les Corts - Vallespir,1577,20:00:47,0.78,19.9666666667,1198.0,33
6015,7,H8,Anada,8,Les Corts - Vallespir,1577,20:21:16,21.27,20.483333333366666,1229.0,
6813,7,H8,Anada,8,Les Corts - Vallespir,1577,20:43:31,43.52,22.2666666666,1336.0,
6813,1,H8,Anada,9,Numància - Parc Les Corts,990,05:42:31,42.52,,,
6014,1,H8,Anada,9,Numància - Parc Les Corts,990,06:04:27,4.45,21.933333333300002,1316.0,
6802,1,H8,Anada,9,Numància - Parc Les Corts,990,06:24:12,24.2,19.75000000003333,1185.0,
6016,1,H8,Anada,9,Numància - Parc Les Corts,990,06:41:44,41.73,17.549999999933334,1053.0,
6805,1,H8,Anada,9,Numància - Parc Les Corts,990,07:00:29,0.48,18.733333333366666,1124.0,11
6015,1,H8,Anada,9,Numància - Parc Les Corts,990,07:46:45,46.75,20.583333333366667,1235.0,
6813,2,H8,Anada,9,Numància - Parc Les Corts,990,08:02:42,2.7,15.95,957.0,
6018,1,H8,Anada,9,Numància - Parc Les Corts,990,08:17:24,17.4,14.7166666666,883.0,
6014,2,H8,Anada,9,Numància - Parc Les Corts,990,08:35:36,35.6,18.183333333366665,1091.0,
6802,2,H8,Anada,9,Numància - Parc Les Corts,990,08:50:13,50.22,14.6333333333,878.0,
6803,1,H8,Anada,9,Numància - Parc Les Corts,990,09:10:37,10.62,20.3833333334,1223.0,
6016,2,H8,Anada,9,Numància - Parc Les Corts,990,09:24:55,24.92,14.299999999966667,858.0,
6805,2,H8,Anada,9,Numància - Parc Les Corts,990,09:46:04,46.07,21.166666666633333,1270.0,
6814,2,H8,Anada,9,Numància - Parc Les Corts,990,10:06:30,6.5,20.4166666667,1225.0,
6018,2,H8,Anada,9,Numància - Parc Les Corts,990,10:48:04,48.07,12.633333333333333,758.0,
6014,3,H8,Anada,9,Numància - Parc Les Corts,990,11:07:05,7.08,19.0333333333,1142.0,
6802,3,H8,Anada,9,Numància - Parc Les Corts,990,11:27:01,27.02,19.933333333333334,1196.0,
6805,3,H8,Anada,9,Numància - Parc Les Corts,990,12:22:24,22.4,22.5833333334,1355.0,
6814,3,H8,Anada,9,Numància - Parc Les Corts,990,12:35:20,35.33,12.949999999933334,777.0,
6015,4,H8,Anada,9,Numància - Parc Les Corts,990,12:46:31,46.52,11.1666666667,670.0,
6813,4,H8,Anada,9,Numància - Parc Les Corts,990,13:07:13,7.22,20.716666666633333,1243.0,
6018,3,H8,Anada,9,Numància - Parc Les Corts,990,13:20:17,20.28,13.066666666666666,784.0,12
6803,3,H8,Anada,9,Numància - Parc Les Corts,990,14:12:59,12.98,15.2833333333,917.0,
6016,4,H8,Anada,9,Numància - Parc Les Corts,990,14:30:53,30.88,17.916666666633333,1075.0,
6805,4,H8,Anada,9,Numància - Parc Les Corts,990,14:50:08,50.13,19.233333333366666,1154.0,
6814,4,H8,Anada,9,Numància - Parc Les Corts,990,15:03:09,3.15,13.016666666666667,781.0,
6015,5,H8,Anada,9,Numància - Parc Les Corts,990,15:23:36,23.6,20.450000000033334,1227.0,
6813,5,H8,Anada,9,Numància - Parc Les Corts,990,15:38:19,38.32,14.733333333266668,884.0,
6802,5,H8,Anada,9,Numància - Parc Les Corts,990,16:29:23,29.38,18.633333333333333,1118.0,
6803,4,H8,Anada,9,Numància - Parc Les Corts,990,16:47:16,47.27,17.866666666733334,1072.0,
6016,5,H8,Anada,9,Numància - Parc Les Corts,990,17:06:12,6.2,18.933333333333334,1136.0,
6805,5,H8,Anada,9,Numància - Parc Les Corts,990,17:23:35,23.58,17.383333333333333,1043.0,
6814,5,H8,Anada,9,Numància - Parc Les Corts,990,17:41:04,41.07,17.4833333333,1049.0,
6015,6,H8,Anada,9,Numància - Parc Les Corts,990,17:56:06,56.1,15.049999999966667,903.0,
6813,6,H8,Anada,9,Numància - Parc Les Corts,990,18:13:24,13.4,17.283333333366667,1037.0,
6018,5,H8,Anada,9,Numància - Parc Les Corts,990,18:32:17,32.28,18.899999999966667,1134.0,
6014,6,H8,Anada,9,Numància - Parc Les Corts,990,18:52:57,52.95,20.650000000066665,1239.0,"1,25,26,27,28,29,30,31,32,33,34,35,36,37,38,39"
6064,1,H8,Anada,9,Numància - Parc Les Corts,990,18:55:53,55.88,2.9499999999333335,177.0,"1,2"
6802,6,H8,Anada,9,Numància - Parc Les Corts,990,19:09:00,9.0,13.116666666666667,787.0,
6805,6,H8,Anada,9,Numància - Parc Les Corts,990,20:02:45,2.75,20.24999999996667,1215.0,33
6015,7,H8,Anada,9,Numància - Parc Les Corts,990,20:23:47,23.78,21.033333333333335,1262.0,
6813,7,H8,Anada,9,Numància - Parc Les Corts,990,20:44:34,44.57,20.799999999966666,1248.0,
6813,1,H8,Anada,10,Numància - Marquès de Sentmenat,109,05:43:39,43.65,,,
6014,1,H8,Anada,10,Numància - Marquès de Sentmenat,109,06:06:49,6.82,23.183333333300002,1391.0,
6802,1,H8,Anada,10,Numància - Marquès de Sentmenat,109,06:25:03,25.05,18.21666666673333,1093.0,
6016,1,H8,Anada,10,Numància - Marquès de Sentmenat,109,06:42:26,42.43,17.399999999933335,1044.0,
6805,1,H8,Anada,10,Numància - Marquès de Sentmenat,109,07:02:44,2.73,20.283333333399998,1217.0,11
6814,1,H8,Anada,10,Numància - Marquès de Sentmenat,109,07:27:19,27.32,24.583333333333332,1475.0,
6015,1,H8,Anada,10,Numància - Marquès de Sentmenat,109,07:48:42,48.7,21.399999999933335,1284.0,
6813,2,H8,Anada,10,Numància - Marquès de Sentmenat,109,08:04:38,4.63,15.9166666667,955.0,
6018,1,H8,Anada,10,Numància - Marquès de Sentmenat,109,08:19:07,19.12,14.483333333333333,869.0,
6014,2,H8,Anada,10,Numància - Marquès de Sentmenat,109,08:36:48,36.8,17.699999999966668,1062.0,
6802,2,H8,Anada,10,Numància - Marquès de Sentmenat,109,08:50:35,50.58,13.766666666699999,826.0,
6803,1,H8,Anada,10,Numància - Marquès de Sentmenat,109,09:11:34,11.57,20.98333333335,1259.0,
6016,2,H8,Anada,10,Numància - Marquès de Sentmenat,109,09:27:06,27.1,15.54999999995,933.0,
6805,2,H8,Anada,10,Numància - Marquès de Sentmenat,109,09:47:01,47.02,19.900000000066665,1194.0,
6814,2,H8,Anada,10,Numància - Marquès de Sentmenat,109,10:06:43,6.72,19.716666666600002,1183.0,
6015,3,H8,Anada,10,Numància - Marquès de Sentmenat,109,10:28:32,28.53,21.800000000033332,1308.0,"5,6,7,9,14,15,16"
6813,3,H8,Anada,10,Numància - Marquès de Sentmenat,109,10:36:18,36.3,7.7666666667,466.0,
6018,2,H8,Anada,10,Numància - Marquès de Sentmenat,109,10:48:42,48.7,12.416666666600001,745.0,
6014,3,H8,Anada,10,Numància - Marquès de Sentmenat,109,11:08:35,8.58,19.883333333333333,1193.0,
6802,3,H8,Anada,10,Numància - Marquès de Sentmenat,109,11:28:41,28.68,20.0833333334,1205.0,
6803,2,H8,Anada,10,Numància - Marquès de Sentmenat,109,11:42:59,42.98,14.299999999966667,858.0,9
6016,3,H8,Anada,10,Numància - Marquès de Sentmenat,109,12:00:55,0.92,17.933333333366665,1076.0,1
6805,3,H8,Anada,10,Numància - Marquès de Sentmenat,109,12:22:36,22.6,21.683333333333334,1301.0,
6814,3,H8,Anada,10,Numància - Marquès de Sentmenat,109,12:36:44,36.73,14.1333333333,848.0,
6015,4,H8,Anada,10,Numància - Marquès de Sentmenat,109,12:47:32,47.53,10.8,648.0,
6813,4,H8,Anada,10,Numància - Marquès de Sentmenat,109,13:08:48,8.8,21.2833333333,1277.0,
6018,3,H8,Anada,10,Numància - Marquès de Sentmenat,109,13:22:33,22.55,13.733333333366666,824.0,12
6014,4,H8,Anada,10,Numància - Marquès de Sentmenat,109,13:36:34,36.57,14.016666666666667,841.0,9
6802,4,H8,Anada,10,Numància - Marquès de Sentmenat,109,13:58:38,58.63,22.0833333333,1325.0,
6803,3,H8,Anada,10,Numància - Marquès de Sentmenat,109,14:14:36,14.6,15.950000000033333,957.0,
6016,4,H8,Anada,10,Numància - Marquès de Sentmenat,109,14:32:08,32.13,17.533333333366667,1052.0,
6805,4,H8,Anada,10,Numància - Marquès de Sentmenat,109,14:50:51,50.85,18.716666666633333,1123.0,
6814,4,H8,Anada,10,Numància - Marquès de Sentmenat,109,15:03:12,3.2,12.35,741.0,
6015,5,H8,Anada,10,Numància - Marquès de Sentmenat,109,15:24:36,24.6,21.4,1284.0,
6813,5,H8,Anada,10,Numància - Marquès de Sentmenat,109,15:40:12,40.2,15.616666666633334,937.0,
6018,4,H8,Anada,10,Numància - Marquès de Sentmenat,109,15:50:56,50.93,10.733333333333333,644.0,"9,12"
6014,5,H8,Anada,10,Numància - Marquès de Sentmenat,109,16:11:54,11.9,20.950000000066666,1257.0,"12,13,14,15,16,17,18,19,20,21,22,23,24,25,26,27,28,29,30,31,32,33,34,35,36,37,38,39"
6802,5,H8,Anada,10,Numància - Marquès de Sentmenat,109,16:30:22,30.37,18.483333333266668,1109.0,
6803,4,H8,Anada,10,Numància - Marquès de Sentmenat,109,16:48:31,48.52,18.1333333334,1088.0,
6016,5,H8,Anada,10,Numància - Marquès de Sentmenat,109,17:08:44,8.73,20.233333333266668,1214.0,
6805,5,H8,Anada,10,Numància - Marquès de Sentmenat,109,17:24:42,24.7,15.950000000066666,957.0,
6814,5,H8,Anada,10,Numància - Marquès de Sentmenat,109,17:42:59,42.98,18.299999999933334,1098.0,
6015,6,H8,Anada,10,Numància - Marquès de Sentmenat,109,17:58:04,58.07,15.066666666733333,904.0,
6813,6,H8,Anada,10,Numància - Marquès de Sentmenat,109,18:14:08,14.13,16.08333333326667,965.0,
6018,5,H8,Anada,10,Numància - Marquès de Sentmenat,109,18:33:02,33.03,18.8833333334,1133.0,
6014,6,H8,Anada,10,Numància - Marquès de Sentmenat,109,18:53:48,53.8,20.766666666666666,1246.0,"1,25,26,27,28,29,30,31,32,33,34,35,36,37,38,39"
6064,1,H8,Anada,10,Numància - Marquès de Sentmenat,109,18:57:59,57.98,4.183333333333334,251.0,"1,2"
6802,6,H8,Anada,10,Numància - Marquès de Sentmenat,109,19:10:40,10.67,12.699999999933334,762.0,
6803,5,H8,Anada,10,Numància - Marquès de Sentmenat,109,19:28:15,28.25,17.583333333316666,1055.0,9
6016,6,H8,Anada,10,Numància - Marquès de Sentmenat,109,19:42:42,42.7,14.433333333383333,866.0,
6805,6,H8,Anada,10,Numància - Marquès de Sentmenat,109,20:04:10,4.17,21.466666666666665,1288.0,33
6015,7,H8,Anada,10,Numància - Marquès de Sentmenat,109,20:24:08,24.13,19.966666666666665,1198.0,
6813,7,H8,Anada,10,Numància - Marquès de Sentmenat,109,20:46:09,46.15,22.0166666667,1321.0,
6813,1,H8,Anada,11,Berlín - Nicaragua,396,05:44:41,44.68,,,
6014,1,H8,Anada,11,Berlín - Nicaragua,396,06:08:54,8.9,24.216666666683334,1453.0,
6802,1,H8,Anada,11,Berlín - Nicaragua,396,06:26:49,26.82,17.916666666633333,1075.0,
6016,1,H8,Anada,11,Berlín - Nicaragua,396,06:46:04,46.07,19.25000000003333,1155.0,
6015,1,H8,Anada,11,Berlín - Nicaragua,396,07:51:30,51.5,22.549999999933334,1353.0,
6813,2,H8,Anada,11,Berlín - Nicaragua,396,08:06:57,6.95,15.433333333399998,926.0,
6018,1,H8,Anada,11,Berlín - Nicaragua,396,08:22:20,22.33,15.399999999933334,924.0,
6014,2,H8,Anada,11,Berlín - Nicaragua,396,08:39:29,39.48,17.1333333334,1028.0,
6802,2,H8,Anada,11,Berlín - Nicaragua,396,08:54:19,54.32,14.8333333333,890.0,
6803,1,H8,Anada,11,Berlín - Nicaragua,396,09:14:05,14.08,19.7833333333,1187.0,
6016,2,H8,Anada,11,Berlín - Nicaragua,396,09:28:29,28.48,14.383333333366666,863.0,
6805,2,H8,Anada,11,Berlín - Nicaragua,396,09:48:44,48.73,20.25,1215.0,
6814,2,H8,Anada,11,Berlín - Nicaragua,396,10:08:43,8.72,19.983333333333334,1199.0,
6015,3,H8,Anada,11,Berlín - Nicaragua,396,10:30:23,30.38,21.666666666666668,1300.0,"5,6,7,9,14,15,16"
6813,3,H8,Anada,11,Berlín - Nicaragua,396,10:39:33,39.55,9.166666666666666,550.0,
6018,2,H8,Anada,11,Berlín - Nicaragua,396,10:52:32,52.53,12.983333333333333,779.0,
6014,3,H8,Anada,11,Berlín - Nicaragua,396,11:11:55,11.92,19.383333333366668,1163.0,
6802,3,H8,Anada,11,Berlín - Nicaragua,396,11:30:52,30.87,18.966666666600002,1138.0,
6803,2,H8,Anada,11,Berlín - Nicaragua,396,11:45:19,45.32,14.433333333399998,866.0,9
6016,3,H8,Anada,11,Berlín - Nicaragua,396,12:04:10,4.17,18.849999999966666,1131.0,1
6805,3,H8,Anada,11,Berlín - Nicaragua,396,12:25:04,25.07,20.900000000033334,1254.0,
6814,3,H8,Anada,11,Berlín - Nicaragua,396,12:39:23,39.38,14.333333333266667,860.0,
6015,4,H8,Anada,11,Berlín - Nicaragua,396,12:50:29,50.48,11.083333333366665,665.0,
6813,4,H8,Anada,11,Berlín - Nicaragua,396,13:10:57,10.95,20.4666666667,1228.0,
6018,3,H8,Anada,11,Berlín - Nicaragua,396,13:25:06,25.1,14.166666666600001,850.0,12
6014,4,H8,Anada,11,Berlín - Nicaragua,396,13:38:40,38.67,13.566666666666666,814.0,9
6802,4,H8,Anada,11,Berlín - Nicaragua,396,14:00:37,0.62,21.95,1317.0,
6803,3,H8,Anada,11,Berlín - Nicaragua,396,14:17:27,17.45,16.833333333333332,1010.0,
6016,4,H8,Anada,11,Berlín - Nicaragua,396,14:34:54,34.9,17.433333333366665,1046.0,
6805,4,H8,Anada,11,Berlín - Nicaragua,396,14:53:51,53.85,18.950000000033334,1137.0,
6814,4,H8,Anada,11,Berlín - Nicaragua,396,15:05:38,5.63,11.783333333333333,707.0,
6015,5,H8,Anada,11,Berlín - Nicaragua,396,15:27:42,27.7,22.066666666666666,1324.0,
6813,5,H8,Anada,11,Berlín - Nicaragua,396,15:43:30,43.5,15.8,948.0,
6018,4,H8,Anada,11,Berlín - Nicaragua,396,15:53:14,53.23,9.749999999933333,585.0,"9,12"
6014,5,H8,Anada,11,Berlín - Nicaragua,396,16:15:00,15.0,21.766666666666666,1306.0,"12,13,14,15,16,17,18,19,20,21,22,23,24,25,26,27,28,29,30,31,32,33,34,35,36,37,38,39"
6802,5,H8,Anada,11,Berlín - Nicaragua,396,16:33:22,33.37,18.350000000033333,1101.0,
6803,4,H8,Anada,11,Berlín - Nicaragua,396,16:50:53,50.88,17.516666666666666,1051.0,
6016,5,H8,Anada,11,Berlín - Nicaragua,396,17:11:40,11.67,20.799999999966666,1248.0,
6805,5,H8,Anada,11,Berlín - Nicaragua,396,17:27:19,27.32,15.6333333334,938.0,
6814,5,H8,Anada,11,Berlín - Nicaragua,396,17:45:35,45.58,18.266666666633334,1096.0,
6015,6,H8,Anada,11,Berlín - Nicaragua,396,18:01:21,1.35,15.7833333333,947.0,
6813,6,H8,Anada,11,Berlín - Nicaragua,396,18:16:44,16.73,15.383333333333333,923.0,
6018,5,H8,Anada,11,Berlín - Nicaragua,396,18:34:52,34.87,18.1166666667,1087.0,
6014,6,H8,Anada,11,Berlín - Nicaragua,396,18:56:33,56.55,21.683333333366665,1301.0,"1,25,26,27,28,29,30,31,32,33,34,35,36,37,38,39"
6064,1,H8,Anada,11,Berlín - Nicaragua,396,19:01:51,1.85,5.3,318.0,"1,2"
6802,6,H8,Anada,11,Berlín - Nicaragua,396,19:13:51,13.85,11.999999999966667,720.0,
6803,5,H8,Anada,11,Berlín - Nicaragua,396,19:30:28,30.47,16.6333333333,998.0,9
6016,6,H8,Anada,11,Berlín - Nicaragua,396,19:44:12,44.2,13.716666666733333,823.0,
6805,6,H8,Anada,11,Berlín - Nicaragua,396,20:06:55,6.92,22.733333333266668,1364.0,33
6015,7,H8,Anada,11,Berlín - Nicaragua,396,20:26:18,26.3,19.366666666716664,1162.0,
6813,7,H8,Anada,11,Berlín - Nicaragua,396,20:48:29,48.48,22.199999999950002,1332.0,
6813,1,H8,Anada,12,Josep Tarradellas - París,1253,05:46:55,46.92,,,
6014,1,H8,Anada,12,Josep Tarradellas - París,1253,06:10:25,10.42,23.49999999996667,1410.0,
6802,1,H8,Anada,12,Josep Tarradellas - París,1253,06:28:09,28.15,17.733333333366666,1064.0,
6016,1,H8,Anada,12,Josep Tarradellas - París,1253,06:47:12,47.2,19.0666666666,1144.0,
6805,1,H8,Anada,12,Josep Tarradellas - París,1253,07:04:31,4.52,17.316666666666666,1039.0,11
6015,1,H8,Anada,12,Josep Tarradellas - París,1253,07:53:15,53.25,22.616666666666667,1357.0,
6813,2,H8,Anada,12,Josep Tarradellas - París,1253,08:09:34,9.57,16.300000000066667,978.0,
6018,1,H8,Anada,12,Josep Tarradellas - París,1253,08:23:39,23.65,14.0833333333,845.0,
6014,2,H8,Anada,12,Josep Tarradellas - París,1253,08:41:12,41.2,17.566666666633335,1054.0,
6802,2,H8,Anada,12,Josep Tarradellas - París,1253,08:56:42,56.7,15.4833333334,929.0,
6803,1,H8,Anada,12,Josep Tarradellas - París,1253,09:14:56,14.93,18.233333333333334,1094.0,
6016,2,H8,Anada,12,Josep Tarradellas - París,1253,09:31:44,31.73,16.799999999966666,1008.0,
6805,2,H8,Anada,12,Josep Tarradellas - París,1253,09:50:39,50.65,18.933333333300002,1136.0,
6814,2,H8,Anada,12,Josep Tarradellas - París,1253,10:11:41,11.68,21.033333333333335,1262.0,
6015,3,H8,Anada,12,Josep Tarradellas - París,1253,10:31:18,31.3,19.600000000066665,1176.0,"5,6,7,9,14,15,16"
6813,3,H8,Anada,12,Josep Tarradellas - París,1253,10:41:59,41.98,10.6833333333,641.0,
6018,2,H8,Anada,12,Josep Tarradellas - París,1253,10:54:29,54.48,12.516666666633334,751.0,
6014,3,H8,Anada,12,Josep Tarradellas - París,1253,11:13:36,13.6,19.100000000033333,1146.0,
6802,3,H8,Anada,12,Josep Tarradellas - París,1253,11:32:47,32.78,19.199999999966668,1152.0,
6803,2,H8,Anada,12,Josep Tarradellas - París,1253,11:47:52,47.87,15.083333333333334,905.0,9
6016,3,H8,Anada,12,Josep Tarradellas - París,1253,12:05:43,5.72,17.85,1071.0,1
6805,3,H8,Anada,12,Josep Tarradellas - París,1253,12:26:53,26.88,21.150000000033334,1269.0,
6814,3,H8,Anada,12,Josep Tarradellas - París,1253,12:40:51,40.85,13.966666666666667,838.0,
6015,4,H8,Anada,12,Josep Tarradellas - París,1253,12:52:13,52.22,11.366666666666667,682.0,
6813,4,H8,Anada,12,Josep Tarradellas - París,1253,13:11:55,11.92,19.700000000033334,1182.0,
6802,4,H8,Anada,12,Josep Tarradellas - París,1253,14:02:31,2.52,21.300000000066667,1278.0,
6803,3,H8,Anada,12,Josep Tarradellas - París,1253,14:18:59,18.98,16.466666666666665,988.0,
6016,4,H8,Anada,12,Josep Tarradellas - París,1253,14:37:01,37.02,18.0333333333,1082.0,
6805,4,H8,Anada,12,Josep Tarradellas - París,1253,14:55:28,55.47,18.450000000033334,1107.0,
6814,4,H8,Anada,12,Josep Tarradellas - París,1253,15:07:38,7.63,12.166666666633335,730.0,
6015,5,H8,Anada,12,Josep Tarradellas - París,1253,15:30:58,30.97,23.349999999966666,1401.0,
6813,5,H8,Anada,12,Josep Tarradellas - París,1253,15:45:45,45.75,14.783333333333333,887.0,
6803,4,H8,Anada,12,Josep Tarradellas - París,1253,16:52:10,52.17,17.283333333283334,1037.0,
6016,5,H8,Anada,12,Josep Tarradellas - París,1253,17:13:08,13.13,20.95000000005,1257.0,
6805,5,H8,Anada,12,Josep Tarradellas - París,1253,17:28:33,28.55,15.4166666667,925.0,
6814,5,H8,Anada,12,Josep Tarradellas - París,1253,17:46:44,46.73,18.183333333333334,1091.0,
6015,6,H8,Anada,12,Josep Tarradellas - París,1253,18:02:39,2.65,15.916666666666666,955.0,
6813,6,H8,Anada,12,Josep Tarradellas - París,1253,18:18:05,18.08,15.433333333333334,926.0,
6018,5,H8,Anada,12,Josep Tarradellas - París,1253,18:36:52,36.87,18.7833333333,1127.0,
6014,6,H8,Anada,12,Josep Tarradellas - París,1253,18:58:33,58.55,21.683333333366665,1301.0,"1,25,26,27,28,29,30,31,32,33,34,35,36,37,38,39"
6064,1,H8,Anada,12,Josep Tarradellas - París,1253,19:03:41,3.68,5.133333333333334,308.0,"1,2"
6802,6,H8,Anada,12,Josep Tarradellas - París,1253,19:16:01,16.02,12.349999999933335,741.0,
6803,5,H8,Anada,12,Josep Tarradellas - París,1253,19:30:44,30.73,14.716666666666667,883.0,9
6016,6,H8,Anada,12,Josep Tarradellas - París,1253,19:45:39,45.65,14.900000000066665,894.0,
6805,6,H8,Anada,12,Josep Tarradellas - París,1253,20:08:25,8.42,22.766666666633334,1366.0,33
6015,7,H8,Anada,12,Josep Tarradellas - París,1253,20:27:55,27.92,19.50000000003333,1170.0,
6813,7,H8,Anada,12,Josep Tarradellas - París,1253,20:48:31,48.52,20.599999999966666,1236.0,
6813,1,H8,Anada,13,Josep Tarradellas - Viladomat,1554,05:47:36,47.6,,,
6014,1,H8,Anada,13,Josep Tarradellas - Viladomat,1554,06:11:23,11.38,23.799999999933334,1428.0,
6802,1,H8,Anada,13,Josep Tarradellas - Viladomat,1554,06:29:10,29.17,17.783333333333335,1067.0,
6016,1,H8,Anada,13,Josep Tarradellas - Viladomat,1554,06:47:57,47.95,18.783333333333335,1127.0,
6805,1,H8,Anada,13,Josep Tarradellas - Viladomat,1554,07:06:15,6.25,18.283333333399998,1097.0,11
6814,1,H8,Anada,13,Josep Tarradellas - Viladomat,1554,07:31:18,31.3,25.05,1503.0,
6015,1,H8,Anada,13,Josep Tarradellas - Viladomat,1554,07:55:20,55.33,24.033333333333335,1442.0,
6813,2,H8,Anada,13,Josep Tarradellas - Viladomat,1554,08:12:03,12.05,16.716666666633333,1003.0,
6018,1,H8,Anada,13,Josep Tarradellas - Viladomat,1554,08:25:02,25.03,12.999999999966667,780.0,
6014,2,H8,Anada,13,Josep Tarradellas - Viladomat,1554,08:43:37,43.62,18.583333333333332,1115.0,
6802,2,H8,Anada,13,Josep Tarradellas - Viladomat,1554,08:57:54,57.9,14.266666666733332,856.0,
6803,1,H8,Anada,13,Josep Tarradellas - Viladomat,1554,09:17:30,17.5,19.599999999966666,1176.0,
6016,2,H8,Anada,13,Josep Tarradellas - Viladomat,1554,09:33:16,33.27,15.766666666666667,946.0,
6805,2,H8,Anada,13,Josep Tarradellas - Viladomat,1554,09:52:29,52.48,19.2333333333,1154.0,
6814,2,H8,Anada,13,Josep Tarradellas - Viladomat,1554,10:13:27,13.45,20.966666666683334,1258.0,
6015,3,H8,Anada,13,Josep Tarradellas - Viladomat,1554,10:33:32,33.53,20.066666666716667,1204.0,"5,6,7,9,14,15,16"
6813,3,H8,Anada,13,Josep Tarradellas - Viladomat,1554,10:43:33,43.55,10.033333333266667,602.0,
6018,2,H8,Anada,13,Josep Tarradellas - Viladomat,1554,10:56:31,56.52,12.950000000033333,777.0,
6014,3,H8,Anada,13,Josep Tarradellas - Viladomat,1554,11:16:08,16.13,19.6333333333,1178.0,
6802,3,H8,Anada,13,Josep Tarradellas - Viladomat,1554,11:35:05,35.08,18.95,1137.0,
6803,2,H8,Anada,13,Josep Tarradellas - Viladomat,1554,11:49:40,49.67,14.5666666667,874.0,9
6016,3,H8,Anada,13,Josep Tarradellas - Viladomat,1554,12:06:56,6.93,17.266666666666666,1036.0,1
6805,3,H8,Anada,13,Josep Tarradellas - Viladomat,1554,12:27:52,27.87,20.933333333366665,1256.0,
6814,3,H8,Anada,13,Josep Tarradellas - Viladomat,1554,12:42:17,42.28,14.433333333266667,866.0,
6015,4,H8,Anada,13,Josep Tarradellas - Viladomat,1554,12:53:56,53.93,11.633333333366666,698.0,
6813,4,H8,Anada,13,Josep Tarradellas - Viladomat,1554,13:13:50,13.83,19.916666666633333,1195.0,
6018,3,H8,Anada,13,Josep Tarradellas - Viladomat,1554,13:26:32,26.53,12.7,762.0,12
6014,4,H8,Anada,13,Josep Tarradellas - Viladomat,1554,13:42:51,42.85,16.316666666666666,979.0,9
6802,4,H8,Anada,13,Josep Tarradellas - Viladomat,1554,14:04:54,4.9,22.033333333366667,1322.0,
6803,3,H8,Anada,13,Josep Tarradellas - Viladomat,1554,14:20:49,20.82,15.916666666666666,955.0,
6016,4,H8,Anada,13,Josep Tarradellas - Viladomat,1554,14:39:20,39.33,18.516666666666666,1111.0,
6805,4,H8,Anada,13,Josep Tarradellas - Viladomat,1554,14:57:57,57.95,18.616666666666667,1117.0,
6814,4,H8,Anada,13,Josep Tarradellas - Viladomat,1554,15:09:30,9.5,11.566666666633333,694.0,
6015,5,H8,Anada,13,Josep Tarradellas - Viladomat,1554,15:31:39,31.65,22.15,1329.0,
6813,5,H8,Anada,13,Josep Tarradellas - Viladomat,1554,15:47:34,47.57,15.916666666666666,955.0,
6018,4,H8,Anada,13,Josep Tarradellas - Viladomat,1554,15:55:17,55.28,7.700000000066667,462.0,"9,12"
6803,4,H8,Anada,13,Josep Tarradellas - Viladomat,1554,16:53:57,53.95,16.8,1008.0,
6016,5,H8,Anada,13,Josep Tarradellas - Viladomat,1554,17:14:44,14.73,20.783333333316666,1247.0,
6805,5,H8,Anada,13,Josep Tarradellas - Viladomat,1554,17:30:11,30.18,15.45,927.0,
6814,5,H8,Anada,13,Josep Tarradellas - Viladomat,1554,17:47:57,47.95,17.750000000066667,1065.0,
6015,6,H8,Anada,13,Josep Tarradellas - Viladomat,1554,18:06:26,6.43,18.483333333333334,1109.0,
6813,6,H8,Anada,13,Josep Tarradellas - Viladomat,1554,18:20:00,20.0,13.566666666666666,814.0,
6018,5,H8,Anada,13,Josep Tarradellas - Viladomat,1554,18:38:19,38.32,18.33333333326667,1100.0,
6014,6,H8,Anada,13,Josep Tarradellas - Viladomat,1554,19:00:24,0.4,22.083333333333332,1325.0,"1,25,26,27,28,29,30,31,32,33,34,35,36,37,38,39"
6064,1,H8,Anada,13,Josep Tarradellas - Viladomat,1554,19:05:47,5.78,5.383333333333334,323.0,"1,2"
6802,6,H8,Anada,13,Josep Tarradellas - Viladomat,1554,19:17:12,17.2,11.400000000066665,684.0,
6803,5,H8,Anada,13,Josep Tarradellas - Viladomat,1554,19:33:25,33.42,16.233333333266668,974.0,9
6016,6,H8,Anada,13,Josep Tarradellas - Viladomat,1554,19:46:03,46.05,12.633333333333333,758.0,
6805,6,H8,Anada,13,Josep Tarradellas - Viladomat,1554,20:09:51,9.85,23.783333333366667,1427.0,33
6015,7,H8,Anada,13,Josep Tarradellas - Viladomat,1554,20:28:59,28.98,19.133333333333333,1148.0,
6813,7,H8,Anada,13,Josep Tarradellas - Viladomat,1554,20:49:37,49.62,20.649999999966667,1239.0,
6813,1,H8,Anada,14,Josep Tarradellas - Comte Borrell,1099,05:49:24,49.4,,,
6014,1,H8,Anada,14,Josep Tarradellas - Comte Borrell,1099,06:13:15,13.25,23.849999999983332,1431.0,
6802,1,H8,Anada,14,Josep Tarradellas - Comte Borrell,1099,06:30:59,30.98,17.71666666673333,1063.0,
6016,1,H8,Anada,14,Josep Tarradellas - Comte Borrell,1099,06:49:28,49.47,18.4833333333,1109.0,
6805,1,H8,Anada,14,Josep Tarradellas - Comte Borrell,1099,07:07:19,7.32,17.866666666633332,1072.0,11
6015,1,H8,Anada,14,Josep Tarradellas - Comte Borrell,1099,07:56:44,56.73,23.466666666600002,1408.0,
6813,2,H8,Anada,14,Josep Tarradellas - Comte Borrell,1099,08:13:25,13.42,16.683333333333334,1001.0,
6018,1,H8,Anada,14,Josep Tarradellas - Comte Borrell,1099,08:25:42,25.7,12.266666666733332,736.0,
6014,2,H8,Anada,14,Josep Tarradellas - Comte Borrell,1099,08:45:27,45.45,19.7666666666,1186.0,
6802,2,H8,Anada,14,Josep Tarradellas - Comte Borrell,1099,08:59:29,59.48,14.016666666733332,841.0,
6803,1,H8,Anada,14,Josep Tarradellas - Comte Borrell,1099,09:19:35,19.58,20.1,1206.0,
6016,2,H8,Anada,14,Josep Tarradellas - Comte Borrell,1099,09:35:37,35.62,16.0333333333,962.0,
6805,2,H8,Anada,14,Josep Tarradellas - Comte Borrell,1099,09:54:19,54.32,18.716666666633333,1123.0,
6015,2,H8,Anada,14,Josep Tarradellas - Comte Borrell,1099,09:59:22,59.37,5.0333333334,302.0,"1,2,3,4,5,6,7,8,9,10,11,12,13,17,18,19,20,21,22,23,24,25,26,27,28,29,30,31,32,33,34,35,36,37,38,39"
6814,2,H8,Anada,14,Josep Tarradellas - Comte Borrell,1099,10:14:52,14.87,15.5166666666,931.0,
6018,2,H8,Anada,14,Josep Tarradellas - Comte Borrell,1099,10:58:26,58.43,13.266666666733332,796.0,
6014,3,H8,Anada,14,Josep Tarradellas - Comte Borrell,1099,11:17:38,17.63,19.2,1152.0,
6802,3,H8,Anada,14,Josep Tarradellas - Comte Borrell,1099,11:37:51,37.85,20.216666666633333,1213.0,
6803,2,H8,Anada,14,Josep Tarradellas - Comte Borrell,1099,11:51:29,51.48,13.649999999966667,819.0,9
6016,3,H8,Anada,14,Josep Tarradellas - Comte Borrell,1099,12:07:54,7.9,16.400000000033334,984.0,1
6805,3,H8,Anada,14,Josep Tarradellas - Comte Borrell,1099,12:29:40,29.67,21.766666666666666,1306.0,
6814,3,H8,Anada,14,Josep Tarradellas - Comte Borrell,1099,12:43:33,43.55,13.883333333333333,833.0,
6015,4,H8,Anada,14,Josep Tarradellas - Comte Borrell,1099,12:54:46,54.77,11.2166666667,673.0,
6813,4,H8,Anada,14,Josep Tarradellas - Comte Borrell,1099,13:15:32,15.53,20.78333333326667,1247.0,
6018,3,H8,Anada,14,Josep Tarradellas - Comte Borrell,1099,13:28:40,28.67,13.1166666667,787.0,12
6014,4,H8,Anada,14,Josep Tarradellas - Comte Borrell,1099,13:44:40,44.67,16.016666666633334,961.0,9
6802,4,H8,Anada,14,Josep Tarradellas - Comte Borrell,1099,14:06:43,6.72,22.033333333399998,1322.0,
6803,3,H8,Anada,14,Josep Tarradellas - Comte Borrell,1099,14:22:37,22.62,15.899999999966667,954.0,
6016,4,H8,Anada,14,Josep Tarradellas - Comte Borrell,1099,14:40:41,40.68,18.066666666699998,1084.0,
6805,4,H8,Anada,14,Josep Tarradellas - Comte Borrell,1099,14:59:47,59.78,19.1166666666,1147.0,
6814,4,H8,Anada,14,Josep Tarradellas - Comte Borrell,1099,15:10:53,10.88,11.083333333399999,665.0,
6015,5,H8,Anada,14,Josep Tarradellas - Comte Borrell,1099,15:33:02,33.03,22.1666666666,1330.0,
6813,5,H8,Anada,14,Josep Tarradellas - Comte Borrell,1099,15:49:15,49.25,16.200000000033334,972.0,
6018,4,H8,Anada,14,Josep Tarradellas - Comte Borrell,1099,15:57:15,57.25,8.0,480.0,"9,12"
6803,4,H8,Anada,14,Josep Tarradellas - Comte Borrell,1099,16:54:59,54.98,16.050000000066667,963.0,
6016,5,H8,Anada,14,Josep Tarradellas - Comte Borrell,1099,17:16:32,16.53,21.5666666666,1294.0,
6805,5,H8,Anada,14,Josep Tarradellas - Comte Borrell,1099,17:31:51,31.85,15.300000000066666,918.0,
6814,5,H8,Anada,14,Josep Tarradellas - Comte Borrell,1099,17:49:55,49.92,18.066666666633335,1084.0,
6015,6,H8,Anada,14,Josep Tarradellas - Comte Borrell,1099,18:08:36,8.6,18.699999999966668,1122.0,
6813,6,H8,Anada,14,Josep Tarradellas - Comte Borrell,1099,18:22:15,22.25,13.633333333366666,818.0,
6018,5,H8,Anada,14,Josep Tarradellas - Comte Borrell,1099,18:41:46,41.77,19.5333333333,1172.0,
6014,6,H8,Anada,14,Josep Tarradellas - Comte Borrell,1099,19:02:42,2.7,20.91666666673333,1255.0,"1,25,26,27,28,29,30,31,32,33,34,35,36,37,38,39"
6064,1,H8,Anada,14,Josep Tarradellas - Comte Borrell,1099,19:08:24,8.4,5.699999999966667,342.0,"1,2"
6802,6,H8,Anada,14,Josep Tarradellas - Comte Borrell,1099,19:20:00,20.0,11.6,696.0,
6803,5,H8,Anada,14,Josep Tarradellas - Comte Borrell,1099,19:35:34,35.57,15.566666666666666,934.0,9
6016,6,H8,Anada,14,Josep Tarradellas - Comte Borrell,1099,19:47:53,47.88,12.3166666667,739.0,
6805,6,H8,Anada,14,Josep Tarradellas - Comte Borrell,1099,20:11:36,11.6,23.733333333266668,1424.0,33
6015,7,H8,Anada,14,Josep Tarradellas - Comte Borrell,1099,20:31:09,31.15,19.533333333399998,1172.0,
6813,7,H8,Anada,14,Josep Tarradellas - Comte Borrell,1099,20:51:25,51.42,20.266666666633334,1216.0,
6813,1,H8,Anada,15,Diagonal - Francesc Macià,168,05:50:48,50.8,,,
6014,1,H8,Anada,15,Diagonal - Francesc Macià,168,06:15:05,15.08,24.283333333333335,1457.0,
6802,1,H8,Anada,15,Diagonal - Francesc Macià,168,06:32:48,32.8,17.716666666633333,1063.0,
6016,1,H8,Anada,15,Diagonal - Francesc Macià,168,06:52:41,52.68,19.899999999983333,1194.0,
6805,1,H8,Anada,15,Diagonal - Francesc Macià,168,07:09:57,9.95,17.250000000016666,1035.0,11
6814,1,H8,Anada,15,Diagonal - Francesc Macià,168,07:34:22,34.37,24.4166666667,1465.0,
6015,1,H8,Anada,15,Diagonal - Francesc Macià,168,07:59:00,59.0,24.649999999933335,1479.0,
6813,2,H8,Anada,15,Diagonal - Francesc Macià,168,08:16:28,16.47,17.466666666666665,1048.0,
6018,1,H8,Anada,15,Diagonal - Francesc Macià,168,08:28:29,28.48,12.000000000033333,720.0,
6014,2,H8,Anada,15,Diagonal - Francesc Macià,168,08:47:17,47.28,18.800000000033332,1128.0,
6802,2,H8,Anada,15,Diagonal - Francesc Macià,168,09:02:41,2.68,15.399999999966667,924.0,
6803,1,H8,Anada,15,Diagonal - Francesc Macià,168,09:21:58,21.97,19.283333333366667,1157.0,
6016,2,H8,Anada,15,Diagonal - Francesc Macià,168,09:36:57,36.95,14.999999999933333,900.0,
6805,2,H8,Anada,15,Diagonal - Francesc Macià,168,09:56:16,56.27,19.316666666666666,1159.0,
6015,2,H8,Anada,15,Diagonal - Francesc Macià,168,10:03:29,3.48,7.216666666666667,433.0,"1,2,3,4,5,6,7,8,9,10,11,12,13,17,18,19,20,21,22,23,24,25,26,27,28,29,30,31,32,33,34,35,36,37,38,39"
6814,2,H8,Anada,15,Diagonal - Francesc Macià,168,10:16:41,16.68,13.183333333366667,791.0,
6018,2,H8,Anada,15,Diagonal - Francesc Macià,168,11:00:38,0.63,13.633333333383332,818.0,
6014,3,H8,Anada,15,Diagonal - Francesc Macià,168,11:20:49,20.82,20.18333333335,1211.0,
6802,3,H8,Anada,15,Diagonal - Francesc Macià,168,11:38:55,38.92,18.1166666666,1087.0,
6803,2,H8,Anada,15,Diagonal - Francesc Macià,168,11:54:19,54.32,15.3833333334,923.0,9
6016,3,H8,Anada,15,Diagonal - Francesc Macià,168,12:09:33,9.55,15.249999999933333,915.0,1
6805,3,H8,Anada,15,Diagonal - Francesc Macià,168,12:31:31,31.52,21.950000000066666,1317.0,
6814,3,H8,Anada,15,Diagonal - Francesc Macià,168,12:46:38,46.63,15.133333333266668,908.0,
6015,4,H8,Anada,15,Diagonal - Francesc Macià,168,12:58:05,58.08,11.433333333399998,686.0,
6813,4,H8,Anada,15,Diagonal - Francesc Macià,168,13:17:51,17.85,19.766666666633334,1186.0,
6018,3,H8,Anada,15,Diagonal - Francesc Macià,168,13:30:04,30.07,12.233333333300001,734.0,12
6014,4,H8,Anada,15,Diagonal - Francesc Macià,168,13:46:26,46.43,16.350000000066665,981.0,9
6802,4,H8,Anada,15,Diagonal - Francesc Macià,168,14:08:44,8.73,22.3,1338.0,
6803,3,H8,Anada,15,Diagonal - Francesc Macià,168,14:24:50,24.83,16.1166666666,967.0,
6016,4,H8,Anada,15,Diagonal - Francesc Macià,168,14:42:13,42.22,17.3666666667,1042.0,
6805,4,H8,Anada,15,Diagonal - Francesc Macià,168,15:03:19,3.32,21.116666666633332,1267.0,
6814,4,H8,Anada,15,Diagonal - Francesc Macià,168,15:12:56,12.93,9.616666666666667,577.0,
6015,5,H8,Anada,15,Diagonal - Francesc Macià,168,15:35:09,35.15,22.216666666666665,1333.0,
6813,5,H8,Anada,15,Diagonal - Francesc Macià,168,15:51:05,51.08,15.933333333316666,956.0,
6018,4,H8,Anada,15,Diagonal - Francesc Macià,168,15:59:29,59.48,8.400000000016666,504.0,"9,12"
6803,4,H8,Anada,15,Diagonal - Francesc Macià,168,16:58:55,58.92,17.433333333333334,1046.0,
6016,5,H8,Anada,15,Diagonal - Francesc Macià,168,17:17:07,17.12,18.216666666600002,1093.0,
6805,5,H8,Anada,15,Diagonal - Francesc Macià,168,17:35:24,35.4,18.2666666667,1096.0,
6814,5,H8,Anada,15,Diagonal - Francesc Macià,168,17:53:11,53.18,17.799999999966666,1068.0,
6015,6,H8,Anada,15,Diagonal - Francesc Macià,168,18:11:15,11.25,18.050000000049998,1083.0,
6813,6,H8,Anada,15,Diagonal - Francesc Macià,168,18:24:09,24.15,12.916666666616667,775.0,
6018,5,H8,Anada,15,Diagonal - Francesc Macià,168,18:44:23,44.38,20.2166666667,1213.0,
6014,6,H8,Anada,15,Diagonal - Francesc Macià,168,19:05:06,5.1,20.7166666667,1243.0,"1,25,26,27,28,29,30,31,32,33,34,35,36,37,38,39"
6064,1,H8,Anada,15,Diagonal - Francesc Macià,168,19:10:59,10.98,5.899999999933333,354.0,"1,2"
6802,6,H8,Anada,15,Diagonal - Francesc Macià,168,19:21:49,21.82,10.833333333333334,650.0,
6803,5,H8,Anada,15,Diagonal - Francesc Macià,168,19:36:59,36.98,15.16666666665,910.0,9
6016,6,H8,Anada,15,Diagonal - Francesc Macià,168,19:49:48,49.8,12.816666666666666,769.0,
6805,6,H8,Anada,15,Diagonal - Francesc Macià,168,20:13:05,13.08,23.266666666716667,1396.0,33
6015,7,H8,Anada,15,Diagonal - Francesc Macià,168,20:32:51,32.85,19.7666666667,1186.0,
6813,7,H8,Anada,15,Diagonal - Francesc Macià,168,20:52:13,52.22,19.366666666666667,1162.0,
6813,1,H8,Anada,16,Diagonal - Muntaner,929,05:52:32,52.53,,,
6014,1,H8,Anada,16,Diagonal - Muntaner,929,06:16:41,16.68,24.166666666616667,1450.0,
6802,1,H8,Anada,16,Diagonal - Muntaner,929,06:34:39,34.65,17.95000000005,1077.0,
6016,1,H8,Anada,16,Diagonal - Muntaner,929,06:53:46,53.77,19.116666666633332,1147.0,
6805,1,H8,Anada,16,Diagonal - Muntaner,929,07:10:43,10.72,16.950000000033334,1017.0,11
6015,1,H8,Anada,16,Diagonal - Muntaner,929,08:00:43,0.72,24.333333333333332,1460.0,
6813,2,H8,Anada,16,Diagonal - Muntaner,929,08:19:04,19.07,18.333333333366667,1100.0,
6018,1,H8,Anada,16,Diagonal - Muntaner,929,08:29:42,29.7,10.649999999966667,639.0,
6014,2,H8,Anada,16,Diagonal - Muntaner,929,08:48:45,48.75,19.033333333399998,1142.0,
6802,2,H8,Anada,16,Diagonal - Muntaner,929,09:03:35,3.58,14.833333333333334,890.0,
6803,1,H8,Anada,16,Diagonal - Muntaner,929,09:24:06,24.1,20.53333333326667,1232.0,
6016,2,H8,Anada,16,Diagonal - Muntaner,929,09:38:22,38.37,14.266666666666667,856.0,
6805,2,H8,Anada,16,Diagonal - Muntaner,929,09:57:40,57.67,19.283333333366667,1157.0,
6015,2,H8,Anada,16,Diagonal - Muntaner,929,10:04:58,4.97,7.3,438.0,"1,2,3,4,5,6,7,8,9,10,11,12,13,17,18,19,20,21,22,23,24,25,26,27,28,29,30,31,32,33,34,35,36,37,38,39"
6814,2,H8,Anada,16,Diagonal - Muntaner,929,10:18:09,18.15,13.199999999966668,792.0,
6018,2,H8,Anada,16,Diagonal - Muntaner,929,11:02:19,2.32,13.266666666666667,796.0,
6014,3,H8,Anada,16,Diagonal - Muntaner,929,11:22:26,22.43,20.100000000033333,1206.0,
6802,3,H8,Anada,16,Diagonal - Muntaner,929,11:40:20,40.33,17.916666666633333,1075.0,
6803,2,H8,Anada,16,Diagonal - Muntaner,929,11:55:34,55.57,15.233333333333333,914.0,9
6016,3,H8,Anada,16,Diagonal - Muntaner,929,12:12:24,12.4,16.833333333333332,1010.0,1
6805,3,H8,Anada,16,Diagonal - Muntaner,929,12:32:58,32.97,20.566666666666666,1234.0,
6814,3,H8,Anada,16,Diagonal - Muntaner,929,12:47:33,47.55,14.566666666733333,874.0,
6015,4,H8,Anada,16,Diagonal - Muntaner,929,12:59:40,59.67,12.133333333266668,728.0,
6813,4,H8,Anada,16,Diagonal - Muntaner,929,13:19:47,19.78,20.100000000066665,1206.0,
6018,3,H8,Anada,16,Diagonal - Muntaner,929,13:31:41,31.68,11.9,714.0,12
6014,4,H8,Anada,16,Diagonal - Muntaner,929,13:48:09,48.15,16.466666666633333,988.0,9
6802,4,H8,Anada,16,Diagonal - Muntaner,929,14:10:52,10.87,22.7333333333,1364.0,
6803,3,H8,Anada,16,Diagonal - Muntaner,929,14:26:21,26.35,15.483333333333333,929.0,
6016,4,H8,Anada,16,Diagonal - Muntaner,929,14:44:41,44.68,18.316666666733333,1099.0,
6805,4,H8,Anada,16,Diagonal - Muntaner,929,15:04:14,4.23,19.55,1173.0,
6814,4,H8,Anada,16,Diagonal - Muntaner,929,15:14:38,14.63,10.399999999966667,624.0,
6015,5,H8,Anada,16,Diagonal - Muntaner,929,15:37:09,37.15,22.5333333333,1352.0,
6813,5,H8,Anada,16,Diagonal - Muntaner,929,15:53:08,53.13,15.966666666733333,958.0,
6018,4,H8,Anada,16,Diagonal - Muntaner,929,16:01:17,1.28,8.1666666666,490.0,"9,12"
6803,4,H8,Anada,16,Diagonal - Muntaner,929,16:59:50,59.83,17.16666666665,1030.0,
6016,5,H8,Anada,16,Diagonal - Muntaner,929,17:19:32,19.53,19.6833333334,1181.0,
6805,5,H8,Anada,16,Diagonal - Muntaner,929,17:37:09,37.15,17.616666666633332,1057.0,
6814,5,H8,Anada,16,Diagonal - Muntaner,929,17:53:55,53.92,16.7833333333,1007.0,
6015,6,H8,Anada,16,Diagonal - Muntaner,929,18:11:46,11.77,17.833333333366667,1070.0,
6813,6,H8,Anada,16,Diagonal - Muntaner,929,18:26:48,26.8,15.033333333333333,902.0,
6018,5,H8,Anada,16,Diagonal - Muntaner,929,18:46:07,46.12,19.316666666666666,1159.0,
6014,6,H8,Anada,16,Diagonal - Muntaner,929,19:06:33,6.55,20.433333333366665,1226.0,"1,25,26,27,28,29,30,31,32,33,34,35,36,37,38,39"
6064,1,H8,Anada,16,Diagonal - Muntaner,929,19:13:19,13.32,6.7833333332666665,407.0,"1,2"
6802,6,H8,Anada,16,Diagonal - Muntaner,929,19:22:45,22.75,9.4166666667,565.0,
6803,5,H8,Anada,16,Diagonal - Muntaner,929,19:38:00,38.0,15.250000000016666,915.0,9
6016,6,H8,Anada,16,Diagonal - Muntaner,929,19:51:09,51.15,13.166666666616667,790.0,
6805,6,H8,Anada,16,Diagonal - Muntaner,929,20:15:28,15.47,24.300000000066667,1458.0,33
6015,7,H8,Anada,16,Diagonal - Muntaner,929,20:33:52,33.87,18.4166666666,1105.0,
6813,7,H8,Anada,16,Diagonal - Muntaner,929,20:53:13,53.22,19.3333333334,1160.0,
6813,1,H8,Anada,17,Diagonal - Balmes,94,05:54:42,54.7,,,
6014,1,H8,Anada,17,Diagonal - Balmes,94,06:18:45,18.75,24.05,1443.0,
6802,1,H8,Anada,17,Diagonal - Balmes,94,06:36:24,36.4,17.65,1059.0,
6016,1,H8,Anada,17,Diagonal - Balmes,94,06:55:40,55.67,19.250000000066667,1155.0,
6805,1,H8,Anada,17,Diagonal - Balmes,94,07:12:28,12.47,16.799999999966666,1008.0,11
6015,1,H8,Anada,17,Diagonal - Balmes,94,08:02:36,2.6,23.483333333333334,1409.0,
6813,2,H8,Anada,17,Diagonal - Balmes,94,08:20:30,20.5,17.9,1074.0,
6018,1,H8,Anada,17,Diagonal - Balmes,94,08:31:41,31.68,11.166666666733333,670.0,
6014,2,H8,Anada,17,Diagonal - Balmes,94,08:51:06,51.1,19.416666666666668,1165.0,
6802,2,H8,Anada,17,Diagonal - Balmes,94,09:05:13,5.22,14.116666666666667,847.0,
6803,1,H8,Anada,17,Diagonal - Balmes,94,09:25:45,25.75,20.549999999933334,1233.0,
6016,2,H8,Anada,17,Diagonal - Balmes,94,09:41:36,41.6,15.833333333399999,950.0,
6805,2,H8,Anada,17,Diagonal - Balmes,94,10:00:46,0.77,19.183333333266667,1151.0,
6814,2,H8,Anada,17,Diagonal - Balmes,94,10:20:41,20.68,19.900000000033334,1194.0,
6015,3,H8,Anada,17,Diagonal - Balmes,94,10:34:41,34.68,14.0,840.0,"5,6,7,9,14,15,16"
6813,3,H8,Anada,17,Diagonal - Balmes,94,10:50:48,50.8,16.116666666666667,967.0,
6018,2,H8,Anada,17,Diagonal - Balmes,94,11:03:46,3.77,12.9666666667,778.0,
6014,3,H8,Anada,17,Diagonal - Balmes,94,11:24:20,24.33,20.566666666633335,1234.0,
6802,3,H8,Anada,17,Diagonal - Balmes,94,11:42:02,42.03,17.700000000033334,1062.0,
6803,2,H8,Anada,17,Diagonal - Balmes,94,11:57:27,57.45,15.416666666633335,925.0,9
6016,3,H8,Anada,17,Diagonal - Balmes,94,12:14:05,14.08,16.649999999966667,999.0,1
6805,3,H8,Anada,17,Diagonal - Balmes,94,12:34:59,34.98,20.8833333334,1253.0,
6814,3,H8,Anada,17,Diagonal - Balmes,94,12:49:05,49.08,14.1,846.0,
6015,4,H8,Anada,17,Diagonal - Balmes,94,13:01:33,1.55,12.466666666633333,748.0,
6813,4,H8,Anada,17,Diagonal - Balmes,94,13:20:52,20.87,19.316666666699998,1159.0,
6018,3,H8,Anada,17,Diagonal - Balmes,94,13:33:59,33.98,13.116666666633334,787.0,12
6014,4,H8,Anada,17,Diagonal - Balmes,94,13:50:04,50.07,16.083333333366667,965.0,9
6802,4,H8,Anada,17,Diagonal - Balmes,94,14:12:10,12.17,22.1,1326.0,
6803,3,H8,Anada,17,Diagonal - Balmes,94,14:27:46,27.77,15.599999999966666,936.0,
6016,4,H8,Anada,17,Diagonal - Balmes,94,14:45:56,45.93,18.183333333300002,1091.0,
6805,4,H8,Anada,17,Diagonal - Balmes,94,15:06:40,6.67,20.733333333333334,1244.0,
6814,4,H8,Anada,17,Diagonal - Balmes,94,15:15:56,15.93,9.250000000033333,555.0,
6015,5,H8,Anada,17,Diagonal - Balmes,94,15:38:57,38.95,23.016666666666666,1381.0,
6813,5,H8,Anada,17,Diagonal - Balmes,94,15:54:44,54.73,15.799999999966667,948.0,
6018,4,H8,Anada,17,Diagonal - Balmes,94,16:02:54,2.9,8.166666666666666,490.0,"9,12"
6803,4,H8,Anada,17,Diagonal - Balmes,94,17:01:18,1.3,17.116666666633332,1027.0,
6016,5,H8,Anada,17,Diagonal - Balmes,94,17:21:06,21.1,19.783333333366667,1187.0,
6805,5,H8,Anada,17,Diagonal - Balmes,94,17:38:55,38.92,17.816666666666666,1069.0,
6814,5,H8,Anada,17,Diagonal - Balmes,94,17:56:42,56.7,17.799999999966666,1068.0,
6015,6,H8,Anada,17,Diagonal - Balmes,94,18:13:52,13.87,17.150000000033334,1029.0,
6813,6,H8,Anada,17,Diagonal - Balmes,94,18:28:44,28.73,14.8833333333,893.0,
6018,5,H8,Anada,17,Diagonal - Balmes,94,18:47:34,47.57,18.833333333333332,1130.0,
6014,6,H8,Anada,17,Diagonal - Balmes,94,19:08:24,8.4,20.816666666733333,1249.0,"1,25,26,27,28,29,30,31,32,33,34,35,36,37,38,39"
6064,1,H8,Anada,17,Diagonal - Balmes,94,19:14:09,14.15,5.7666666666,346.0,"1,2"
6802,6,H8,Anada,17,Diagonal - Balmes,94,19:24:07,24.12,9.950000000033333,597.0,
6803,5,H8,Anada,17,Diagonal - Balmes,94,19:40:22,40.37,16.266666666633334,976.0,9
6016,6,H8,Anada,17,Diagonal - Balmes,94,19:53:14,53.23,12.866666666666667,772.0,
6805,6,H8,Anada,17,Diagonal - Balmes,94,20:17:08,17.13,23.883333333366668,1433.0,33
6015,7,H8,Anada,17,Diagonal - Balmes,94,20:36:22,36.37,19.24999999996667,1155.0,
6813,7,H8,Anada,17,Diagonal - Balmes,94,20:55:28,55.47,19.083333333366667,1145.0,
6813,1,H8,Anada,18,Diagonal - Pau Claris,1080,05:56:23,56.38,,,
6014,1,H8,Anada,18,Diagonal - Pau Claris,1080,06:20:18,20.3,23.900000000066665,1434.0,
6802,1,H8,Anada,18,Diagonal - Pau Claris,1080,06:38:28,38.47,18.183333333266667,1091.0,
6016,1,H8,Anada,18,Diagonal - Pau Claris,1080,06:57:22,57.37,18.883333333366668,1133.0,
6805,1,H8,Anada,18,Diagonal - Pau Claris,1080,07:14:02,14.03,16.683333333300002,1001.0,11
6015,1,H8,Anada,18,Diagonal - Pau Claris,1080,08:04:30,4.5,24.01666666661667,1441.0,
6813,2,H8,Anada,18,Diagonal - Pau Claris,1080,08:22:33,22.55,18.033333333366667,1082.0,
6018,1,H8,Anada,18,Diagonal - Pau Claris,1080,08:32:54,32.9,10.35,621.0,
6014,2,H8,Anada,18,Diagonal - Pau Claris,1080,08:52:23,52.38,19.499999999983334,1170.0,
6802,2,H8,Anada,18,Diagonal - Pau Claris,1080,09:06:53,6.88,14.499999999983334,870.0,
6803,1,H8,Anada,18,Diagonal - Pau Claris,1080,09:29:21,29.35,22.466666666683334,1348.0,
6016,2,H8,Anada,18,Diagonal - Pau Claris,1080,09:44:15,44.25,14.883333333383332,893.0,
6805,2,H8,Anada,18,Diagonal - Pau Claris,1080,10:01:46,1.77,17.516666666666666,1051.0,
6814,2,H8,Anada,18,Diagonal - Pau Claris,1080,10:21:56,21.93,20.166666666666668,1210.0,
6015,3,H8,Anada,18,Diagonal - Pau Claris,1080,10:36:27,36.45,14.533333333266667,872.0,"5,6,7,9,14,15,16"
6813,3,H8,Anada,18,Diagonal - Pau Claris,1080,10:52:21,52.35,15.9,954.0,
6018,2,H8,Anada,18,Diagonal - Pau Claris,1080,11:05:07,5.12,12.750000000033333,765.0,
6014,3,H8,Anada,18,Diagonal - Pau Claris,1080,11:26:04,26.07,20.95,1257.0,
6802,3,H8,Anada,18,Diagonal - Pau Claris,1080,11:43:46,43.77,17.700000000033334,1062.0,
6803,2,H8,Anada,18,Diagonal - Pau Claris,1080,11:59:45,59.75,15.999999999933333,960.0,9
6016,3,H8,Anada,18,Diagonal - Pau Claris,1080,12:15:37,15.62,15.866666666666667,952.0,1
6805,3,H8,Anada,18,Diagonal - Pau Claris,1080,12:36:29,36.48,20.850000000033333,1251.0,
6814,3,H8,Anada,18,Diagonal - Pau Claris,1080,12:50:45,50.75,14.2833333333,857.0,
6015,4,H8,Anada,18,Diagonal - Pau Claris,1080,13:03:13,3.22,12.450000000033333,747.0,
6813,4,H8,Anada,18,Diagonal - Pau Claris,1080,13:22:48,22.8,19.583333333333332,1175.0,
6018,3,H8,Anada,18,Diagonal - Pau Claris,1080,13:35:41,35.68,12.899999999966667,774.0,12
6014,4,H8,Anada,18,Diagonal - Pau Claris,1080,13:51:35,51.58,15.883333333366666,953.0,9
6802,4,H8,Anada,18,Diagonal - Pau Claris,1080,14:13:56,13.93,22.366666666633332,1342.0,
6803,3,H8,Anada,18,Diagonal - Pau Claris,1080,14:29:47,29.78,15.833333333366665,950.0,
6016,4,H8,Anada,18,Diagonal - Pau Claris,1080,14:47:43,47.72,17.933333333366665,1076.0,
6805,4,H8,Anada,18,Diagonal - Pau Claris,1080,15:08:32,8.53,20.816666666633335,1249.0,
6814,4,H8,Anada,18,Diagonal - Pau Claris,1080,15:18:12,18.2,9.6833333333,581.0,
6015,5,H8,Anada,18,Diagonal - Pau Claris,1080,15:40:21,40.35,22.15,1329.0,
6813,5,H8,Anada,18,Diagonal - Pau Claris,1080,15:56:37,56.62,16.250000000066667,975.0,
6018,4,H8,Anada,18,Diagonal - Pau Claris,1080,16:04:46,4.77,8.149999999966667,489.0,"9,12"
6803,4,H8,Anada,18,Diagonal - Pau Claris,1080,17:03:16,3.27,17.11666666665,1027.0,
6016,5,H8,Anada,18,Diagonal - Pau Claris,1080,17:23:04,23.07,19.8,1188.0,
6805,5,H8,Anada,18,Diagonal - Pau Claris,1080,17:40:34,40.57,17.50000000003333,1050.0,
6814,5,H8,Anada,18,Diagonal - Pau Claris,1080,17:58:07,58.12,17.55,1053.0,
6015,6,H8,Anada,18,Diagonal - Pau Claris,1080,18:17:08,17.13,19.016666666666666,1141.0,
6813,6,H8,Anada,18,Diagonal - Pau Claris,1080,18:29:39,29.65,12.533333333266667,752.0,
6018,5,H8,Anada,18,Diagonal - Pau Claris,1080,18:49:06,49.1,19.4333333334,1166.0,
6014,6,H8,Anada,18,Diagonal - Pau Claris,1080,19:10:06,10.1,21.0166666666,1261.0,"1,25,26,27,28,29,30,31,32,33,34,35,36,37,38,39"
6064,1,H8,Anada,18,Diagonal - Pau Claris,1080,19:16:27,16.45,6.333333333366666,380.0,"1,2"
6802,6,H8,Anada,18,Diagonal - Pau Claris,1080,19:26:00,26.0,9.550000000016666,573.0,
6803,5,H8,Anada,18,Diagonal - Pau Claris,1080,19:41:55,41.92,15.916666666683334,955.0,9
6016,6,H8,Anada,18,Diagonal - Pau Claris,1080,19:54:50,54.83,12.916666666666666,775.0,
6805,6,H8,Anada,18,Diagonal - Pau Claris,1080,20:18:57,18.95,24.116666666666667,1447.0,33
6015,7,H8,Anada,18,Diagonal - Pau Claris,1080,20:37:51,37.85,18.9166666666,1135.0,
6813,7,H8,Anada,18,Diagonal - Pau Claris,1080,20:57:06,57.1,19.233333333366666,1154.0,
6813,1,H8,Anada,19,Rosselló - Bruc,146,05:57:29,57.48,,,
6014,1,H8,Anada,19,Rosselló - Bruc,146,06:21:32,21.53,24.050000000033332,1443.0,
6802,1,H8,Anada,19,Rosselló - Bruc,146,06:39:33,39.55,18.016666666633334,1081.0,
6016,1,H8,Anada,19,Rosselló - Bruc,146,06:58:18,58.3,18.75000000003333,1125.0,
6805,1,H8,Anada,19,Rosselló - Bruc,146,07:15:42,15.7,17.399999999966667,1044.0,11
6015,1,H8,Anada,19,Rosselló - Bruc,146,08:05:56,5.93,24.1333333333,1448.0,
6813,2,H8,Anada,19,Rosselló - Bruc,146,08:23:55,23.92,17.99999999996667,1080.0,
6018,1,H8,Anada,19,Rosselló - Bruc,146,08:34:19,34.32,10.4,624.0,
6014,2,H8,Anada,19,Rosselló - Bruc,146,08:53:35,53.58,19.250000000066667,1155.0,
6802,2,H8,Anada,19,Rosselló - Bruc,146,09:09:19,9.32,15.733333333333333,944.0,
6803,1,H8,Anada,19,Rosselló - Bruc,146,09:32:00,32.0,22.699999999933333,1362.0,
6016,2,H8,Anada,19,Rosselló - Bruc,146,09:46:18,46.3,14.2833333334,857.0,
6805,2,H8,Anada,19,Rosselló - Bruc,146,10:03:59,3.98,17.699999999933333,1062.0,
6814,2,H8,Anada,19,Rosselló - Bruc,146,10:23:58,23.97,19.983333333333334,1199.0,
6015,3,H8,Anada,19,Rosselló - Bruc,146,10:37:35,37.58,13.616666666666667,817.0,"5,6,7,9,14,15,16"
6813,3,H8,Anada,19,Rosselló - Bruc,146,10:54:35,54.58,17.0,1020.0,
6018,2,H8,Anada,19,Rosselló - Bruc,146,11:08:26,8.43,13.833333333399999,830.0,
6014,3,H8,Anada,19,Rosselló - Bruc,146,11:27:41,27.68,19.24999999996667,1155.0,
6802,3,H8,Anada,19,Rosselló - Bruc,146,11:45:01,45.02,17.349999999966666,1041.0,
6803,2,H8,Anada,19,Rosselló - Bruc,146,12:01:36,1.6,16.566666666699998,994.0,9
6016,3,H8,Anada,19,Rosselló - Bruc,146,12:17:46,17.77,16.183333333300002,971.0,1
6805,3,H8,Anada,19,Rosselló - Bruc,146,12:38:31,38.52,20.733333333366666,1244.0,
6814,3,H8,Anada,19,Rosselló - Bruc,146,12:53:45,53.75,15.249999999966667,915.0,
6015,4,H8,Anada,19,Rosselló - Bruc,146,13:05:03,5.05,11.283333333366667,677.0,
6813,4,H8,Anada,19,Rosselló - Bruc,146,13:24:22,24.37,19.316666666699998,1159.0,
6018,3,H8,Anada,19,Rosselló - Bruc,146,13:38:30,38.5,14.1333333333,848.0,12
6014,4,H8,Anada,19,Rosselló - Bruc,146,13:53:43,53.72,15.2166666667,913.0,9
6802,4,H8,Anada,19,Rosselló - Bruc,146,14:16:18,16.3,22.5833333333,1355.0,
6803,3,H8,Anada,19,Rosselló - Bruc,146,14:32:49,32.82,16.5333333333,992.0,
6016,4,H8,Anada,19,Rosselló - Bruc,146,14:49:45,49.75,16.933333333333334,1016.0,
6805,4,H8,Anada,19,Rosselló - Bruc,146,15:09:55,9.92,20.150000000066665,1209.0,
6814,4,H8,Anada,19,Rosselló - Bruc,146,15:19:25,19.42,9.499999999966667,570.0,
6015,5,H8,Anada,19,Rosselló - Bruc,146,15:43:24,43.4,23.983333333366666,1439.0,
6813,5,H8,Anada,19,Rosselló - Bruc,146,15:57:58,57.97,14.566666666666666,874.0,
6018,4,H8,Anada,19,Rosselló - Bruc,146,16:05:48,5.8,7.849999999933333,471.0,"9,12"
6803,4,H8,Anada,19,Rosselló - Bruc,146,17:05:08,5.13,16.4166666666,985.0,
6016,5,H8,Anada,19,Rosselló - Bruc,146,17:24:41,24.68,19.533333333366667,1172.0,
6805,5,H8,Anada,19,Rosselló - Bruc,146,17:41:54,41.9,17.216666666666665,1033.0,
6814,5,H8,Anada,19,Rosselló - Bruc,146,17:59:44,59.73,17.833333333333332,1070.0,
6015,6,H8,Anada,19,Rosselló - Bruc,146,18:18:52,18.87,19.133333333366668,1148.0,
6813,6,H8,Anada,19,Rosselló - Bruc,146,18:31:22,31.37,12.5,750.0,
6018,5,H8,Anada,19,Rosselló - Bruc,146,18:50:15,50.25,18.8833333333,1133.0,
6014,6,H8,Anada,19,Rosselló - Bruc,146,19:11:15,11.25,21.016666666633334,1261.0,"1,25,26,27,28,29,30,31,32,33,34,35,36,37,38,39"
6064,1,H8,Anada,19,Rosselló - Bruc,146,19:17:24,17.4,6.15,369.0,"1,2"
6802,6,H8,Anada,19,Rosselló - Bruc,146,19:27:02,27.03,9.616666666733332,577.0,
6803,5,H8,Anada,19,Rosselló - Bruc,146,19:43:06,43.1,16.066666666633335,964.0,9
6016,6,H8,Anada,19,Rosselló - Bruc,146,19:56:03,56.05,12.950000000033333,777.0,
6805,6,H8,Anada,19,Rosselló - Bruc,146,20:19:58,19.97,23.916666666666668,1435.0,33
6015,7,H8,Anada,19,Rosselló - Bruc,146,20:39:17,39.28,19.33333333326667,1160.0,
6813,7,H8,Anada,19,Rosselló - Bruc,146,20:58:31,58.52,19.21666666673333,1153.0,
6813,1,H8,Anada,20,Rosselló - Bailèn,1089,05:58:38,58.63,,,
6014,1,H8,Anada,20,Rosselló - Bailèn,1089,06:22:35,22.58,23.95,1437.0,
6802,1,H8,Anada,20,Rosselló - Bailèn,1089,06:40:36,40.6,18.016666666633334,1081.0,
6016,1,H8,Anada,20,Rosselló - Bailèn,1089,06:59:13,59.22,18.616666666666667,1117.0,
6805,1,H8,Anada,20,Rosselló - Bailèn,1089,07:16:52,16.87,17.666666666633333,1060.0,11
6015,1,H8,Anada,20,Rosselló - Bailèn,1089,08:06:48,6.8,23.716666666683334,1423.0,
6813,2,H8,Anada,20,Rosselló - Bailèn,1089,08:24:19,24.32,17.51666666668333,1051.0,
6018,1,H8,Anada,20,Rosselló - Bailèn,1089,08:37:29,37.48,13.166666666633335,790.0,
6014,2,H8,Anada,20,Rosselló - Bailèn,1089,08:54:41,54.68,17.216666666633333,1033.0,
6802,2,H8,Anada,20,Rosselló - Bailèn,1089,09:10:28,10.47,15.783333333333333,947.0,
6803,1,H8,Anada,20,Rosselló - Bailèn,1089,09:33:05,33.08,22.616666666666667,1357.0,
6016,2,H8,Anada,20,Rosselló - Bailèn,1089,09:53:43,53.72,20.633333333333333,1238.0,
6805,2,H8,Anada,20,Rosselló - Bailèn,1089,10:05:02,5.03,11.300000000033332,678.0,
6814,2,H8,Anada,20,Rosselló - Bailèn,1089,10:24:38,24.63,19.616666666633332,1177.0,
6015,3,H8,Anada,20,Rosselló - Bailèn,1089,10:38:45,38.75,14.100000000066666,846.0,"5,6,7,9,14,15,16"
6813,3,H8,Anada,20,Rosselló - Bailèn,1089,10:56:16,56.27,17.516666666666666,1051.0,
6018,2,H8,Anada,20,Rosselló - Bailèn,1089,11:09:14,9.23,12.966666666666667,778.0,
6014,3,H8,Anada,20,Rosselló - Bailèn,1089,11:28:26,28.43,19.216666666600002,1153.0,
6802,3,H8,Anada,20,Rosselló - Bailèn,1089,11:47:24,47.4,18.950000000066666,1137.0,
6803,2,H8,Anada,20,Rosselló - Bailèn,1089,12:02:04,2.07,14.666666666633335,880.0,9
6016,3,H8,Anada,20,Rosselló - Bailèn,1089,12:19:32,19.53,17.4833333333,1049.0,1
6805,3,H8,Anada,20,Rosselló - Bailèn,1089,12:38:59,38.98,19.4333333334,1166.0,
6814,3,H8,Anada,20,Rosselló - Bailèn,1089,12:54:48,54.8,15.816666666633333,949.0,
6015,4,H8,Anada,20,Rosselló - Bailèn,1089,13:06:06,6.1,11.3,678.0,
6813,4,H8,Anada,20,Rosselló - Bailèn,1089,13:25:09,25.15,19.066666666633335,1144.0,
6018,3,H8,Anada,20,Rosselló - Bailèn,1089,13:39:31,39.52,14.366666666666667,862.0,12
6014,4,H8,Anada,20,Rosselló - Bailèn,1089,13:55:26,55.43,15.900000000033334,954.0,9
6802,4,H8,Anada,20,Rosselló - Bailèn,1089,14:17:33,17.55,22.116666666666667,1327.0,
6803,3,H8,Anada,20,Rosselló - Bailèn,1089,14:34:04,34.07,16.5166666667,991.0,
6016,4,H8,Anada,20,Rosselló - Bailèn,1089,14:51:52,51.87,17.8166666666,1069.0,
6805,4,H8,Anada,20,Rosselló - Bailèn,1089,15:10:47,10.78,18.900000000066665,1134.0,
6814,4,H8,Anada,20,Rosselló - Bailèn,1089,15:20:47,20.78,10.0166666666,601.0,
6015,5,H8,Anada,20,Rosselló - Bailèn,1089,15:45:11,45.18,24.383333333366668,1463.0,
6813,5,H8,Anada,20,Rosselló - Bailèn,1089,15:58:36,58.6,13.433333333316666,806.0,
6018,4,H8,Anada,20,Rosselló - Bailèn,1089,16:06:57,6.95,8.333333333383333,500.0,"9,12"
6803,4,H8,Anada,20,Rosselló - Bailèn,1089,17:07:20,7.33,17.21666666673333,1033.0,
6016,5,H8,Anada,20,Rosselló - Bailèn,1089,17:24:59,24.98,17.649999999966667,1059.0,
6805,5,H8,Anada,20,Rosselló - Bailèn,1089,17:43:11,43.18,18.200000000033334,1092.0,
6814,5,H8,Anada,20,Rosselló - Bailèn,1089,18:00:38,0.63,17.449999999966668,1047.0,
6015,6,H8,Anada,20,Rosselló - Bailèn,1089,18:19:48,19.8,19.1666666667,1150.0,
6813,6,H8,Anada,20,Rosselló - Bailèn,1089,18:31:47,31.78,11.983333333333333,719.0,
6018,5,H8,Anada,20,Rosselló - Bailèn,1089,18:51:25,51.42,19.633333333333333,1178.0,
6014,6,H8,Anada,20,Rosselló - Bailèn,1089,19:12:32,12.53,21.116666666633332,1267.0,"1,25,26,27,28,29,30,31,32,33,34,35,36,37,38,39"
6064,1,H8,Anada,20,Rosselló - Bailèn,1089,19:18:49,18.82,6.299999999966667,378.0,"1,2"
6802,6,H8,Anada,20,Rosselló - Bailèn,1089,19:28:35,28.58,9.750000000033333,585.0,
6803,5,H8,Anada,20,Rosselló - Bailèn,1089,19:44:18,44.3,15.7166666667,943.0,9
6016,6,H8,Anada,20,Rosselló - Bailèn,1089,19:57:00,57.0,12.7166666666,763.0,
6805,6,H8,Anada,20,Rosselló - Bailèn,1089,20:22:17,22.28,25.266666666733332,1516.0,33
6015,7,H8,Anada,20,Rosselló - Bailèn,1089,20:40:03,40.05,17.76666666665,1066.0,
6813,7,H8,Anada,20,Rosselló - Bailèn,1089,20:59:37,59.62,19.583333333283335,1175.0,
6813,1,H8,Anada,21,Pg de Sant Joan - Còrsega,213,05:59:59,59.98,,,
6014,1,H8,Anada,21,Pg de Sant Joan - Còrsega,213,06:23:44,23.73,23.75,1425.0,
6802,1,H8,Anada,21,Pg de Sant Joan - Còrsega,213,06:42:49,42.82,19.083333333333332,1145.0,
6016,1,H8,Anada,21,Pg de Sant Joan - Còrsega,213,07:00:39,0.65,17.849999999966666,1071.0,
6805,1,H8,Anada,21,Pg de Sant Joan - Còrsega,213,07:18:13,18.22,17.566666666666666,1054.0,11
6015,1,H8,Anada,21,Pg de Sant Joan - Còrsega,213,08:09:16,9.27,24.083333333333332,1445.0,
6813,2,H8,Anada,21,Pg de Sant Joan - Còrsega,213,08:26:25,26.42,17.1333333334,1028.0,
6018,1,H8,Anada,21,Pg de Sant Joan - Còrsega,213,08:39:34,39.57,13.149999999966667,789.0,
6014,2,H8,Anada,21,Pg de Sant Joan - Còrsega,213,08:56:56,56.93,17.366666666666667,1042.0,
6802,2,H8,Anada,21,Pg de Sant Joan - Còrsega,213,09:12:51,12.85,15.9333333333,956.0,
6016,2,H8,Anada,21,Pg de Sant Joan - Còrsega,213,09:56:04,56.07,17.35,1041.0,
6805,2,H8,Anada,21,Pg de Sant Joan - Còrsega,213,10:07:49,7.82,11.749999999966667,705.0,
6814,2,H8,Anada,21,Pg de Sant Joan - Còrsega,213,10:27:33,27.55,19.733333333366666,1184.0,
6015,3,H8,Anada,21,Pg de Sant Joan - Còrsega,213,10:41:21,41.35,13.8,828.0,"5,6,7,9,14,15,16"
6813,3,H8,Anada,21,Pg de Sant Joan - Còrsega,213,10:58:56,58.93,17.583333333333332,1055.0,
6018,2,H8,Anada,21,Pg de Sant Joan - Còrsega,213,11:11:42,11.7,12.766666666633334,766.0,
6014,3,H8,Anada,21,Pg de Sant Joan - Còrsega,213,11:31:32,31.53,19.833333333333332,1190.0,
6802,3,H8,Anada,21,Pg de Sant Joan - Còrsega,213,11:50:32,50.53,19.016666666633334,1141.0,
6803,2,H8,Anada,21,Pg de Sant Joan - Còrsega,213,12:04:31,4.52,13.983333333333333,839.0,9
6016,3,H8,Anada,21,Pg de Sant Joan - Còrsega,213,12:22:24,22.4,17.883333333333333,1073.0,1
6805,3,H8,Anada,21,Pg de Sant Joan - Còrsega,213,12:39:29,39.48,17.066666666699998,1024.0,
6814,3,H8,Anada,21,Pg de Sant Joan - Còrsega,213,12:56:45,56.75,17.266666666666666,1036.0,
6015,4,H8,Anada,21,Pg de Sant Joan - Còrsega,213,13:08:38,8.63,11.883333333333333,713.0,
6813,4,H8,Anada,21,Pg de Sant Joan - Còrsega,213,13:27:28,27.47,18.833333333333332,1130.0,
6018,3,H8,Anada,21,Pg de Sant Joan - Còrsega,213,13:42:47,42.78,15.316666666666666,919.0,12
6014,4,H8,Anada,21,Pg de Sant Joan - Còrsega,213,13:57:57,57.95,15.1833333333,911.0,9
6802,4,H8,Anada,21,Pg de Sant Joan - Còrsega,213,14:20:32,20.53,22.566666666733333,1354.0,
6803,3,H8,Anada,21,Pg de Sant Joan - Còrsega,213,14:37:43,37.72,17.199999999933333,1032.0,
6016,4,H8,Anada,21,Pg de Sant Joan - Còrsega,213,14:53:33,53.55,15.833333333333334,950.0,
6805,4,H8,Anada,21,Pg de Sant Joan - Còrsega,213,15:13:52,13.87,20.300000000033332,1218.0,
6814,4,H8,Anada,21,Pg de Sant Joan - Còrsega,213,15:22:47,22.78,8.9333333333,536.0,
6015,5,H8,Anada,21,Pg de Sant Joan - Còrsega,213,15:46:50,46.83,24.033333333366667,1442.0,
6813,5,H8,Anada,21,Pg de Sant Joan - Còrsega,213,16:01:08,1.13,14.300000000016666,858.0,
6018,4,H8,Anada,21,Pg de Sant Joan - Còrsega,213,16:08:54,8.9,7.76666666665,466.0,"9,12"
6803,4,H8,Anada,21,Pg de Sant Joan - Còrsega,213,17:09:52,9.87,17.75,1065.0,
6016,5,H8,Anada,21,Pg de Sant Joan - Còrsega,213,17:27:22,27.37,17.4833333334,1049.0,
6805,5,H8,Anada,21,Pg de Sant Joan - Còrsega,213,17:44:51,44.85,17.483333333333334,1049.0,
6814,5,H8,Anada,21,Pg de Sant Joan - Còrsega,213,18:02:26,2.43,17.5833333333,1055.0,
6015,6,H8,Anada,21,Pg de Sant Joan - Còrsega,213,18:21:45,21.75,19.316666666699998,1159.0,
6813,6,H8,Anada,21,Pg de Sant Joan - Còrsega,213,18:34:11,34.18,12.433333333333334,746.0,
6018,5,H8,Anada,21,Pg de Sant Joan - Còrsega,213,18:53:48,53.8,19.616666666666667,1177.0,
6014,6,H8,Anada,21,Pg de Sant Joan - Còrsega,213,19:14:48,14.8,21.0,1260.0,"1,25,26,27,28,29,30,31,32,33,34,35,36,37,38,39"
6064,1,H8,Anada,21,Pg de Sant Joan - Còrsega,213,19:20:56,20.93,6.1333333333,368.0,"1,2"
6802,6,H8,Anada,21,Pg de Sant Joan - Còrsega,213,19:29:36,29.6,8.666666666666666,520.0,
6803,5,H8,Anada,21,Pg de Sant Joan - Còrsega,213,19:46:23,46.38,16.783333333333335,1007.0,9
6016,6,H8,Anada,21,Pg de Sant Joan - Còrsega,213,19:59:13,59.22,12.833333333366665,770.0,
6805,6,H8,Anada,21,Pg de Sant Joan - Còrsega,213,20:23:51,23.85,24.633333333333333,1478.0,33
6015,7,H8,Anada,21,Pg de Sant Joan - Còrsega,213,20:42:28,42.47,18.616666666666667,1117.0,
6813,7,H8,Anada,21,Pg de Sant Joan - Còrsega,213,21:00:44,0.73,18.266666666666666,1096.0,
6813,1,H8,Anada,22,Indústria - Grassot,3907,06:00:51,0.85,,,
6014,1,H8,Anada,22,Indústria - Grassot,3907,06:24:56,24.93,24.0833333333,1445.0,
6802,1,H8,Anada,22,Indústria - Grassot,3907,06:44:04,44.07,19.149999999966667,1149.0,
6016,1,H8,Anada,22,Indústria - Grassot,3907,07:01:36,1.6,17.533333333333335,1052.0,
6805,1,H8,Anada,22,Indústria - Grassot,3907,07:19:25,19.42,17.800000000033332,1068.0,11
6015,1,H8,Anada,22,Indústria - Grassot,3907,08:10:32,10.53,24.00000000003333,1440.0,
6813,2,H8,Anada,22,Indústria - Grassot,3907,08:28:18,28.3,17.766666666666666,1066.0,
6018,1,H8,Anada,22,Indústria - Grassot,3907,08:40:45,40.75,12.4666666666,748.0,
6014,2,H8,Anada,22,Indústria - Grassot,3907,08:58:35,58.58,17.816666666699998,1069.0,
6802,2,H8,Anada,22,Indústria - Grassot,3907,09:14:26,14.43,15.866666666633334,952.0,
6016,2,H8,Anada,22,Indústria - Grassot,3907,09:58:01,58.02,17.849999999966666,1071.0,
6805,2,H8,Anada,22,Indústria - Grassot,3907,10:08:56,8.93,10.9333333333,656.0,
6814,2,H8,Anada,22,Indústria - Grassot,3907,10:28:21,28.35,19.400000000066665,1164.0,
6015,3,H8,Anada,22,Indústria - Grassot,3907,10:42:39,42.65,14.316666666600002,859.0,"5,6,7,9,14,15,16"
6813,3,H8,Anada,22,Indústria - Grassot,3907,11:00:16,0.27,17.600000000066665,1056.0,
6018,2,H8,Anada,22,Indústria - Grassot,3907,11:12:30,12.5,12.249999999933333,735.0,
6014,3,H8,Anada,22,Indústria - Grassot,3907,11:32:05,32.08,19.566666666699998,1174.0,
6802,3,H8,Anada,22,Indústria - Grassot,3907,11:51:31,51.52,19.433333333366665,1166.0,
6803,2,H8,Anada,22,Indústria - Grassot,3907,12:05:45,5.75,14.233333333300001,854.0,9
6016,3,H8,Anada,22,Indústria - Grassot,3907,12:23:26,23.43,17.683333333333334,1061.0,1
6805,3,H8,Anada,22,Indústria - Grassot,3907,12:40:52,40.87,17.449999999966668,1047.0,
6814,3,H8,Anada,22,Indústria - Grassot,3907,12:56:54,56.9,16.033333333333335,962.0,
6015,4,H8,Anada,22,Indústria - Grassot,3907,13:09:51,9.85,12.933333333399998,776.0,
6813,4,H8,Anada,22,Indústria - Grassot,3907,13:28:53,28.88,19.033333333333335,1142.0,
6018,3,H8,Anada,22,Indústria - Grassot,3907,13:44:57,44.95,16.066666666633335,964.0,12
6014,4,H8,Anada,22,Indústria - Grassot,3907,13:59:30,59.5,14.566666666633333,874.0,9
6802,4,H8,Anada,22,Indústria - Grassot,3907,14:22:13,22.22,22.700000000033334,1362.0,
6803,3,H8,Anada,22,Indústria - Grassot,3907,14:39:03,39.05,16.833333333366667,1010.0,
6016,4,H8,Anada,22,Indústria - Grassot,3907,14:55:41,55.68,16.649999999933335,999.0,
6805,4,H8,Anada,22,Indústria - Grassot,3907,15:14:35,14.58,18.883333333366668,1133.0,
6814,4,H8,Anada,22,Indústria - Grassot,3907,15:24:06,24.1,9.516666666699999,571.0,
6015,5,H8,Anada,22,Indústria - Grassot,3907,15:48:07,48.12,24.016666666666666,1441.0,
6813,5,H8,Anada,22,Indústria - Grassot,3907,16:03:23,3.38,15.266666666633334,916.0,
6018,4,H8,Anada,22,Indústria - Grassot,3907,16:11:00,11.0,7.6166666667,457.0,"9,12"
6803,4,H8,Anada,22,Indústria - Grassot,3907,17:11:15,11.25,17.149999999966667,1029.0,
6016,5,H8,Anada,22,Indústria - Grassot,3907,17:28:49,28.82,17.550000000066667,1053.0,
6805,5,H8,Anada,22,Indústria - Grassot,3907,17:46:55,46.92,18.1166666666,1087.0,
6814,5,H8,Anada,22,Indústria - Grassot,3907,18:04:14,4.23,17.316666666666666,1039.0,
6015,6,H8,Anada,22,Indústria - Grassot,3907,18:22:58,22.97,18.71666666673333,1123.0,
6813,6,H8,Anada,22,Indústria - Grassot,3907,18:35:26,35.43,12.483333333266668,749.0,
6018,5,H8,Anada,22,Indústria - Grassot,3907,18:55:28,55.47,20.0166666667,1201.0,
6014,6,H8,Anada,22,Indústria - Grassot,3907,19:15:57,15.95,20.49999999996667,1230.0,"1,25,26,27,28,29,30,31,32,33,34,35,36,37,38,39"
6064,1,H8,Anada,22,Indústria - Grassot,3907,19:22:19,22.32,6.350000000066667,381.0,"1,2"
6802,6,H8,Anada,22,Indústria - Grassot,3907,19:30:47,30.78,8.466666666666667,508.0,
6803,5,H8,Anada,22,Indústria - Grassot,3907,19:48:17,48.28,17.49999999996667,1050.0,9
6016,6,H8,Anada,22,Indústria - Grassot,3907,20:00:48,0.8,12.516666666699999,751.0,
6805,6,H8,Anada,22,Indústria - Grassot,3907,20:24:55,24.92,24.116666666666667,1447.0,33
6015,7,H8,Anada,22,Indústria - Grassot,3907,20:43:57,43.95,19.0333333333,1142.0,
6813,7,H8,Anada,22,Indústria - Grassot,3907,21:01:33,1.55,17.6,1056.0,
6813,1,H8,Anada,23,Indústria - Sardenya,949,06:02:20,2.33,,,
6014,1,H8,Anada,23,Indústria - Sardenya,949,06:26:13,26.22,23.883333333333333,1433.0,
6802,1,H8,Anada,23,Indústria - Sardenya,949,06:45:49,45.82,19.600000000033333,1176.0,
6016,1,H8,Anada,23,Indústria - Sardenya,949,07:03:25,3.42,17.599999999966666,1056.0,
6805,1,H8,Anada,23,Indústria - Sardenya,949,07:20:44,20.73,17.3333333333,1040.0,11
6015,1,H8,Anada,23,Indústria - Sardenya,949,08:12:17,12.28,24.066666666699998,1444.0,
6813,2,H8,Anada,23,Indústria - Sardenya,949,08:30:05,30.08,17.8,1068.0,
6018,1,H8,Anada,23,Indústria - Sardenya,949,08:42:33,42.55,12.4666666667,748.0,
6014,2,H8,Anada,23,Indústria - Sardenya,949,08:59:50,59.83,17.283333333333335,1037.0,
6802,2,H8,Anada,23,Indústria - Sardenya,949,09:16:03,16.05,16.216666666666665,973.0,
6803,1,H8,Anada,23,Indústria - Sardenya,949,09:41:23,41.38,25.3333333333,1520.0,
6016,2,H8,Anada,23,Indústria - Sardenya,949,09:59:25,59.42,18.033333333366667,1082.0,
6805,2,H8,Anada,23,Indústria - Sardenya,949,10:11:14,11.23,11.816666666633333,709.0,
6814,2,H8,Anada,23,Indústria - Sardenya,949,10:29:28,29.47,18.24999999996667,1095.0,
6015,3,H8,Anada,23,Indústria - Sardenya,949,10:43:59,43.98,14.500000000033333,870.0,"5,6,7,9,14,15,16"
6813,3,H8,Anada,23,Indústria - Sardenya,949,11:01:52,1.87,17.883333333366668,1073.0,
6018,2,H8,Anada,23,Indústria - Sardenya,949,11:14:55,14.92,13.05,783.0,
6014,3,H8,Anada,23,Indústria - Sardenya,949,11:33:58,33.97,19.05,1143.0,
6802,3,H8,Anada,23,Indústria - Sardenya,949,11:54:01,54.02,20.05,1203.0,
6803,2,H8,Anada,23,Indústria - Sardenya,949,12:08:46,8.77,14.75,885.0,9
6016,3,H8,Anada,23,Indústria - Sardenya,949,12:25:36,25.6,16.833333333333332,1010.0,1
6805,3,H8,Anada,23,Indústria - Sardenya,949,12:42:44,42.73,17.133333333333333,1028.0,
6814,3,H8,Anada,23,Indústria - Sardenya,949,12:58:57,58.95,16.233333333283333,974.0,
6015,4,H8,Anada,23,Indústria - Sardenya,949,13:11:36,11.6,12.649999999983333,759.0,
6813,4,H8,Anada,23,Indústria - Sardenya,949,13:30:45,30.75,19.1333333334,1148.0,
6018,3,H8,Anada,23,Indústria - Sardenya,949,13:46:44,46.73,15.999999999933333,960.0,12
6014,4,H8,Anada,23,Indústria - Sardenya,949,14:01:27,1.45,14.700000000033333,882.0,9
6802,4,H8,Anada,23,Indústria - Sardenya,949,14:24:13,24.22,22.7666666667,1366.0,
6803,3,H8,Anada,23,Indústria - Sardenya,949,14:42:05,42.08,17.883333333266666,1073.0,
6016,4,H8,Anada,23,Indústria - Sardenya,949,14:57:13,57.22,15.133333333333333,908.0,
6805,4,H8,Anada,23,Indústria - Sardenya,949,15:16:26,16.43,19.200000000033334,1152.0,
6814,4,H8,Anada,23,Indústria - Sardenya,949,15:26:08,26.13,9.7,582.0,
6015,5,H8,Anada,23,Indústria - Sardenya,949,15:51:32,51.53,25.416666666633333,1525.0,
6813,5,H8,Anada,23,Indústria - Sardenya,949,16:04:07,4.12,12.583333333333334,755.0,
6018,4,H8,Anada,23,Indústria - Sardenya,949,16:12:07,12.12,7.983333333383333,479.0,"9,12"
6803,4,H8,Anada,23,Indústria - Sardenya,949,17:12:57,12.95,17.25,1035.0,
6016,5,H8,Anada,23,Indústria - Sardenya,949,17:30:10,30.17,17.200000000033334,1032.0,
6805,5,H8,Anada,23,Indústria - Sardenya,949,17:47:53,47.88,17.716666666666665,1063.0,
6814,5,H8,Anada,23,Indústria - Sardenya,949,18:05:55,5.92,18.033333333333335,1082.0,
6015,6,H8,Anada,23,Indústria - Sardenya,949,18:24:45,24.75,18.833333333333332,1130.0,
6813,6,H8,Anada,23,Indústria - Sardenya,949,18:37:20,37.33,12.583333333333334,755.0,
6018,5,H8,Anada,23,Indústria - Sardenya,949,18:57:00,57.0,19.666666666666668,1180.0,
6014,6,H8,Anada,23,Indústria - Sardenya,949,19:17:15,17.25,20.266666666633334,1216.0,"1,25,26,27,28,29,30,31,32,33,34,35,36,37,38,39"
6064,1,H8,Anada,23,Indústria - Sardenya,949,19:24:14,24.23,6.983333333333333,419.0,"1,2"
6802,6,H8,Anada,23,Indústria - Sardenya,949,19:32:01,32.02,7.783333333333333,467.0,
6803,5,H8,Anada,23,Indústria - Sardenya,949,19:49:57,49.95,17.933333333333334,1076.0,9
6016,6,H8,Anada,23,Indústria - Sardenya,949,20:02:45,2.75,12.783333333366667,767.0,
6805,6,H8,Anada,23,Indústria - Sardenya,949,20:26:00,26.0,23.266666666633334,1396.0,33
6015,7,H8,Anada,23,Indústria - Sardenya,949,20:45:57,45.95,19.9333333334,1196.0,
6813,7,H8,Anada,23,Indústria - Sardenya,949,21:03:04,3.07,17.116666666633332,1027.0,
6813,1,H8,Anada,24,Indústria - Lepant,913,06:03:48,3.8,,,
6014,1,H8,Anada,24,Indústria - Lepant,913,06:28:03,28.05,24.2666666666,1456.0,
6802,1,H8,Anada,24,Indústria - Lepant,913,06:48:19,48.32,20.25000000005,1215.0,
6016,1,H8,Anada,24,Indústria - Lepant,913,07:04:36,4.6,16.283333333316666,977.0,
6805,1,H8,Anada,24,Indústria - Lepant,913,07:22:37,22.62,18.016666666666666,1081.0,11
6015,1,H8,Anada,24,Indústria - Lepant,913,08:14:25,14.42,24.500000000066667,1470.0,
6813,2,H8,Anada,24,Indústria - Lepant,913,08:31:14,31.23,16.83333333326667,1010.0,
6018,1,H8,Anada,24,Indústria - Lepant,913,08:45:01,45.02,13.783333333333333,827.0,
6014,2,H8,Anada,24,Indústria - Lepant,913,09:01:31,1.52,16.4833333334,989.0,
6802,2,H8,Anada,24,Indústria - Lepant,913,09:18:22,18.37,16.849999999966666,1011.0,
6016,2,H8,Anada,24,Indústria - Lepant,913,10:01:28,1.47,17.433333333266667,1046.0,
6805,2,H8,Anada,24,Indústria - Lepant,913,10:12:48,12.8,11.316666666733333,679.0,
6814,2,H8,Anada,24,Indústria - Lepant,913,10:31:03,31.05,18.25,1095.0,
6015,3,H8,Anada,24,Indústria - Lepant,913,10:46:11,46.18,15.1333333333,908.0,"5,6,7,9,14,15,16"
6813,3,H8,Anada,24,Indústria - Lepant,913,11:04:26,4.43,18.25000000003333,1095.0,
6018,2,H8,Anada,24,Indústria - Lepant,913,11:16:38,16.63,12.2166666666,733.0,
6014,3,H8,Anada,24,Indústria - Lepant,913,11:35:55,35.92,19.266666666733332,1156.0,
6802,3,H8,Anada,24,Indústria - Lepant,913,11:56:06,56.1,20.183333333300002,1211.0,
6803,2,H8,Anada,24,Indústria - Lepant,913,12:09:39,9.65,13.566666666633333,814.0,9
6016,3,H8,Anada,24,Indústria - Lepant,913,12:27:46,27.77,18.116666666666667,1087.0,1
6805,3,H8,Anada,24,Indústria - Lepant,913,12:44:27,44.45,16.683333333333334,1001.0,
6814,3,H8,Anada,24,Indústria - Lepant,913,13:00:59,0.98,16.516666666733332,991.0,
6015,4,H8,Anada,24,Indústria - Lepant,913,13:12:51,12.85,11.866666666666667,712.0,
6813,4,H8,Anada,24,Indústria - Lepant,913,13:32:43,32.72,19.866666666633332,1192.0,
6018,3,H8,Anada,24,Indústria - Lepant,913,13:47:58,47.97,15.250000000033333,915.0,12
6014,4,H8,Anada,24,Indústria - Lepant,913,14:02:43,2.72,14.75,885.0,9
6802,4,H8,Anada,24,Indústria - Lepant,913,14:25:53,25.88,23.166666666633333,1390.0,
6803,3,H8,Anada,24,Indústria - Lepant,913,14:44:18,44.3,18.4166666667,1105.0,
6016,4,H8,Anada,24,Indústria - Lepant,913,14:59:05,59.08,14.799999999933334,888.0,
6805,4,H8,Anada,24,Indústria - Lepant,913,15:17:54,17.9,18.800000000066667,1128.0,
6814,4,H8,Anada,24,Indústria - Lepant,913,15:28:14,28.23,10.3333333333,620.0,
6015,5,H8,Anada,24,Indústria - Lepant,913,15:52:46,52.77,24.533333333333335,1472.0,
6813,5,H8,Anada,24,Indústria - Lepant,913,16:06:18,6.3,13.549999999966667,813.0,
6018,4,H8,Anada,24,Indústria - Lepant,913,16:13:46,13.77,7.466666666666667,448.0,"9,12"
6803,4,H8,Anada,24,Indústria - Lepant,913,17:14:32,14.53,16.766666666666666,1006.0,
6016,5,H8,Anada,24,Indústria - Lepant,913,17:32:12,32.2,17.6666666667,1060.0,
6805,5,H8,Anada,24,Indústria - Lepant,913,17:49:39,49.65,17.449999999966668,1047.0,
6814,5,H8,Anada,24,Indústria - Lepant,913,18:07:15,7.25,17.616666666633332,1057.0,
6015,6,H8,Anada,24,Indústria - Lepant,913,18:27:04,27.07,19.800000000066667,1188.0,
6813,6,H8,Anada,24,Indústria - Lepant,913,18:39:18,39.3,12.249999999933333,735.0,
6018,5,H8,Anada,24,Indústria - Lepant,913,18:59:12,59.2,19.883333333366668,1193.0,
6014,6,H8,Anada,24,Indústria - Lepant,913,19:18:56,18.93,19.733333333333334,1184.0,"1,25,26,27,28,29,30,31,32,33,34,35,36,37,38,39"
6064,1,H8,Anada,24,Indústria - Lepant,913,19:26:18,26.3,7.3833333333,443.0,"1,2"
6802,6,H8,Anada,24,Indústria - Lepant,913,19:33:34,33.57,7.250000000066667,435.0,
6803,5,H8,Anada,24,Indústria - Lepant,913,19:52:11,52.18,18.616666666666667,1117.0,9
6016,6,H8,Anada,24,Indústria - Lepant,913,20:04:17,4.28,12.1166666666,727.0,
6805,6,H8,Anada,24,Indústria - Lepant,913,20:28:15,28.25,23.950000000033334,1437.0,33
6015,7,H8,Anada,24,Indústria - Lepant,913,20:48:16,48.27,20.016666666666666,1201.0,
6813,7,H8,Anada,24,Indústria - Lepant,913,21:03:56,3.93,15.6666666667,940.0,
6813,1,H8,Anada,25,Av Gaudí,307,06:05:03,5.05,,,
6014,1,H8,Anada,25,Av Gaudí,307,06:29:19,29.32,24.2666666667,1456.0,
6802,1,H8,Anada,25,Av Gaudí,307,06:49:20,49.33,20.03333333326667,1202.0,
6016,1,H8,Anada,25,Av Gaudí,307,07:05:45,5.75,16.416666666666668,985.0,
6805,1,H8,Anada,25,Av Gaudí,307,07:23:31,23.52,17.750000000066667,1065.0,11
6015,1,H8,Anada,25,Av Gaudí,307,08:15:38,15.63,24.200000000033334,1452.0,
6813,2,H8,Anada,25,Av Gaudí,307,08:32:20,32.33,16.7,1002.0,
6018,1,H8,Anada,25,Av Gaudí,307,08:46:15,46.25,13.933333333266667,836.0,
6014,2,H8,Anada,25,Av Gaudí,307,09:02:29,2.48,16.2166666667,973.0,
6802,2,H8,Anada,25,Av Gaudí,307,09:19:44,19.73,17.25000000003333,1035.0,
6803,1,H8,Anada,25,Av Gaudí,307,09:44:44,44.73,24.99999999996667,1500.0,
6016,2,H8,Anada,25,Av Gaudí,307,10:01:40,1.67,16.933333333366665,1016.0,
6805,2,H8,Anada,25,Av Gaudí,307,10:14:01,14.02,12.349999999966666,741.0,
6814,2,H8,Anada,25,Av Gaudí,307,10:32:28,32.47,18.450000000033334,1107.0,
6015,3,H8,Anada,25,Av Gaudí,307,10:47:29,47.48,15.016666666666667,901.0,"5,6,7,9,14,15,16"
6813,3,H8,Anada,25,Av Gaudí,307,11:05:32,5.53,18.05,1083.0,
6018,2,H8,Anada,25,Av Gaudí,307,11:17:19,17.32,11.7833333333,707.0,
6014,3,H8,Anada,25,Av Gaudí,307,11:37:31,37.52,20.216666666633333,1213.0,
6802,3,H8,Anada,25,Av Gaudí,307,11:57:10,57.17,19.65,1179.0,
6803,2,H8,Anada,25,Av Gaudí,307,12:11:36,11.6,14.416666666733333,865.0,9
6016,3,H8,Anada,25,Av Gaudí,307,12:29:02,29.03,17.449999999933333,1047.0,1
6805,3,H8,Anada,25,Av Gaudí,307,12:45:45,45.75,16.700000000066666,1002.0,
6814,3,H8,Anada,25,Av Gaudí,307,13:02:04,2.07,16.33333333326667,980.0,
6015,4,H8,Anada,25,Av Gaudí,307,13:14:34,14.57,12.483333333366666,749.0,
6813,4,H8,Anada,25,Av Gaudí,307,13:34:27,34.45,19.899999999966667,1194.0,
6018,3,H8,Anada,25,Av Gaudí,307,13:49:16,49.27,14.816666666666666,889.0,12
6014,4,H8,Anada,25,Av Gaudí,307,14:05:04,5.07,15.799999999983333,948.0,9
6802,4,H8,Anada,25,Av Gaudí,307,14:27:12,27.2,22.11666666675,1327.0,
6803,3,H8,Anada,25,Av Gaudí,307,14:45:28,45.47,18.266666666633334,1096.0,
6016,4,H8,Anada,25,Av Gaudí,307,15:00:34,0.57,15.100000000033333,906.0,
6805,4,H8,Anada,25,Av Gaudí,307,15:19:02,19.03,18.483333333266668,1109.0,
6814,4,H8,Anada,25,Av Gaudí,307,15:29:32,29.53,10.483333333366666,629.0,
6015,5,H8,Anada,25,Av Gaudí,307,15:54:37,54.62,25.083333333333332,1505.0,
6813,5,H8,Anada,25,Av Gaudí,307,16:07:50,7.83,13.216666666666667,793.0,
6018,4,H8,Anada,25,Av Gaudí,307,16:15:29,15.48,7.65,459.0,"9,12"
6803,4,H8,Anada,25,Av Gaudí,307,17:15:50,15.83,16.416666666666668,985.0,
6016,5,H8,Anada,25,Av Gaudí,307,17:34:01,34.02,18.183333333300002,1091.0,
6805,5,H8,Anada,25,Av Gaudí,307,17:50:55,50.92,16.9,1014.0,
6814,5,H8,Anada,25,Av Gaudí,307,18:08:48,8.8,17.883333333366668,1073.0,
6015,6,H8,Anada,25,Av Gaudí,307,18:28:37,28.62,19.816666666633335,1189.0,
6813,6,H8,Anada,25,Av Gaudí,307,18:40:24,40.4,11.799999999966667,708.0,
6018,5,H8,Anada,25,Av Gaudí,307,19:00:32,0.53,20.116666666733334,1207.0,
6802,6,H8,Anada,25,Av Gaudí,307,19:35:22,35.37,8.0666666667,484.0,
6803,5,H8,Anada,25,Av Gaudí,307,19:53:23,53.38,18.0333333333,1082.0,9
6016,6,H8,Anada,25,Av Gaudí,307,20:05:34,5.57,12.1666666667,730.0,
6805,6,H8,Anada,25,Av Gaudí,307,20:29:36,29.6,24.033333333366667,1442.0,33
6015,7,H8,Anada,25,Av Gaudí,307,20:49:33,49.55,19.949999999966668,1197.0,
6813,7,H8,Anada,25,Av Gaudí,307,21:05:11,5.18,15.649999999966667,939.0,
6813,1,H8,Anada,26,Indústria - Independència,212,06:06:39,6.65,,,
6014,1,H8,Anada,26,Indústria - Independència,212,06:30:47,30.78,24.133333333366668,1448.0,
6802,1,H8,Anada,26,Indústria - Independència,212,06:50:31,50.52,19.733333333333334,1184.0,
6016,1,H8,Anada,26,Indústria - Independència,212,07:07:25,7.42,16.9166666666,1015.0,
6805,1,H8,Anada,26,Indústria - Independència,212,07:25:35,25.58,18.150000000066665,1089.0,11
6015,1,H8,Anada,26,Indústria - Independència,212,08:17:15,17.25,24.816666666666666,1489.0,
6813,2,H8,Anada,26,Indústria - Independència,212,08:33:43,33.72,16.450000000066666,987.0,
6018,1,H8,Anada,26,Indústria - Independència,212,08:47:25,47.42,13.699999999966668,822.0,
6014,2,H8,Anada,26,Indústria - Independència,212,09:04:11,4.18,16.7833333333,1007.0,
6802,2,H8,Anada,26,Indústria - Independència,212,09:20:51,20.85,16.66666666665,1000.0,
6016,2,H8,Anada,26,Indústria - Independència,212,10:03:11,3.18,15.966666666633333,958.0,
6805,2,H8,Anada,26,Indústria - Independència,212,10:15:34,15.57,12.383333333333333,743.0,
6814,2,H8,Anada,26,Indústria - Independència,212,10:33:49,33.82,18.25000000003333,1095.0,
6015,3,H8,Anada,26,Indústria - Independència,212,10:48:56,48.93,15.116666666633334,907.0,"5,6,7,9,14,15,16"
6813,3,H8,Anada,26,Indústria - Independència,212,11:06:56,6.93,18.016666666633334,1081.0,
6018,2,H8,Anada,26,Indústria - Independència,212,11:19:04,19.07,12.1166666667,727.0,
6014,3,H8,Anada,26,Indústria - Independència,212,11:39:12,39.2,20.133333333333333,1208.0,
6802,3,H8,Anada,26,Indústria - Independència,212,11:58:48,58.8,19.6,1176.0,
6803,2,H8,Anada,26,Indústria - Independència,212,12:13:32,13.53,14.749999999966667,885.0,9
6016,3,H8,Anada,26,Indústria - Independència,212,12:30:27,30.45,16.900000000033334,1014.0,1
6805,3,H8,Anada,26,Indústria - Independència,212,12:46:50,46.83,16.383333333366668,983.0,
6814,3,H8,Anada,26,Indústria - Independència,212,13:03:44,3.73,16.899999999966667,1014.0,
6015,4,H8,Anada,26,Indústria - Independència,212,13:16:11,16.18,12.466666666633333,748.0,
6813,4,H8,Anada,26,Indústria - Independència,212,13:35:50,35.83,19.6333333334,1178.0,
6018,3,H8,Anada,26,Indústria - Independència,212,13:50:46,50.77,14.9333333333,896.0,12
6014,4,H8,Anada,26,Indústria - Independència,212,14:06:00,6.0,15.233333333366666,914.0,9
6802,4,H8,Anada,26,Indústria - Independència,212,14:28:54,28.9,22.899999999966667,1374.0,
6803,3,H8,Anada,26,Indústria - Independència,212,14:46:51,46.85,17.95,1077.0,
6016,4,H8,Anada,26,Indústria - Independència,212,15:02:01,2.02,15.166666666666666,910.0,
6805,4,H8,Anada,26,Indústria - Independència,212,15:20:44,20.73,18.7333333333,1124.0,
6814,4,H8,Anada,26,Indústria - Independència,212,15:30:25,30.42,9.666666666733333,580.0,
6813,5,H8,Anada,26,Indústria - Independència,212,16:08:49,8.82,12.1,726.0,
6018,4,H8,Anada,26,Indústria - Independència,212,16:16:05,16.08,7.266666666666667,436.0,"9,12"
6803,4,H8,Anada,26,Indústria - Independència,212,17:17:16,17.27,15.866666666666667,952.0,
6016,5,H8,Anada,26,Indústria - Independència,212,17:35:46,35.77,18.5,1110.0,
6805,5,H8,Anada,26,Indústria - Independència,212,17:51:59,51.98,16.233333333266668,974.0,
6814,5,H8,Anada,26,Indústria - Independència,212,18:10:30,10.5,18.500000000066667,1110.0,
6015,6,H8,Anada,26,Indústria - Independència,212,18:30:00,30.0,19.5166666666,1171.0,
6813,6,H8,Anada,26,Indústria - Independència,212,18:41:57,41.95,11.933333333399998,716.0,
6018,5,H8,Anada,26,Indústria - Independència,212,19:01:26,1.43,19.483333333333334,1169.0,
6802,6,H8,Anada,26,Indústria - Independència,212,19:36:53,36.88,7.766666666633333,466.0,
6803,5,H8,Anada,26,Indústria - Independència,212,19:54:47,54.78,17.916666666633333,1075.0,9
6016,6,H8,Anada,26,Indústria - Independència,212,20:06:51,6.85,12.050000000033332,723.0,
6805,6,H8,Anada,26,Indústria - Independència,212,20:31:17,31.28,24.433333333333334,1466.0,33
6015,7,H8,Anada,26,Indústria - Independència,212,20:50:03,50.05,18.7833333333,1127.0,
6813,7,H8,Anada,26,Indústria - Independència,212,21:06:27,6.45,16.4,984.0,
6813,1,H8,Anada,27,Indústria - Freser,2665,06:08:15,8.25,,,
6014,1,H8,Anada,27,Indústria - Freser,2665,06:32:46,32.77,24.500000000066667,1470.0,
6802,1,H8,Anada,27,Indústria - Freser,2665,06:52:45,52.75,19.9833333333,1199.0,
6016,1,H8,Anada,27,Indústria - Freser,2665,07:09:18,9.3,16.55,993.0,
6805,1,H8,Anada,27,Indústria - Freser,2665,07:27:40,27.67,18.3833333333,1103.0,11
6015,1,H8,Anada,27,Indústria - Freser,2665,08:19:25,19.42,24.3833333333,1463.0,
6813,2,H8,Anada,27,Indústria - Freser,2665,08:35:48,35.8,16.383333333333333,983.0,
6018,1,H8,Anada,27,Indústria - Freser,2665,08:49:38,49.63,13.833333333333334,830.0,
6014,2,H8,Anada,27,Indústria - Freser,2665,09:05:45,5.75,16.1166666667,967.0,
6802,2,H8,Anada,27,Indústria - Freser,2665,09:23:13,23.22,17.483333333266668,1049.0,
6803,1,H8,Anada,27,Indústria - Freser,2665,09:48:21,48.35,25.133333333333333,1508.0,
6016,2,H8,Anada,27,Indústria - Freser,2665,10:05:51,5.85,17.483333333366666,1049.0,
6805,2,H8,Anada,27,Indústria - Freser,2665,10:17:20,17.33,11.483333333333333,689.0,
6814,2,H8,Anada,27,Indústria - Freser,2665,10:34:54,34.9,17.566666666699998,1054.0,
6015,3,H8,Anada,27,Indústria - Freser,2665,10:50:55,50.92,16.03333333326667,962.0,"5,6,7,9,14,15,16"
6813,3,H8,Anada,27,Indústria - Freser,2665,11:08:38,8.63,17.716666666666665,1063.0,
6018,2,H8,Anada,27,Indústria - Freser,2665,11:20:19,20.32,11.683333333333334,701.0,
6014,3,H8,Anada,27,Indústria - Freser,2665,11:41:09,41.15,20.816666666733333,1249.0,
6802,3,H8,Anada,27,Indústria - Freser,2665,12:00:42,0.7,19.549999999966666,1173.0,
6803,2,H8,Anada,27,Indústria - Freser,2665,12:15:45,15.75,15.066666666633333,904.0,9
6016,3,H8,Anada,27,Indústria - Freser,2665,12:31:53,31.88,16.116666666733334,967.0,1
6805,3,H8,Anada,27,Indústria - Freser,2665,12:49:08,49.13,17.2666666666,1036.0,
6814,3,H8,Anada,27,Indústria - Freser,2665,13:05:34,5.57,16.433333333333334,986.0,
6015,4,H8,Anada,27,Indústria - Freser,2665,13:17:11,17.18,11.600000000033333,696.0,
6813,4,H8,Anada,27,Indústria - Freser,2665,13:37:36,37.6,20.416666666666668,1225.0,
6018,3,H8,Anada,27,Indústria - Freser,2665,13:52:00,52.0,14.400000000016666,864.0,12
6014,4,H8,Anada,27,Indústria - Freser,2665,14:07:51,7.85,15.866666666616668,952.0,9
6802,4,H8,Anada,27,Indústria - Freser,2665,14:30:56,30.93,23.066666666733333,1384.0,
6803,3,H8,Anada,27,Indústria - Freser,2665,14:49:06,49.1,18.166666666633333,1090.0,
6016,4,H8,Anada,27,Indústria - Freser,2665,15:04:03,4.05,14.95,897.0,
6805,4,H8,Anada,27,Indústria - Freser,2665,15:22:09,22.15,18.1,1086.0,
6814,4,H8,Anada,27,Indústria - Freser,2665,15:31:53,31.88,9.733333333333333,584.0,
6813,5,H8,Anada,27,Indústria - Freser,2665,16:10:49,10.82,11.5666666667,694.0,
6018,4,H8,Anada,27,Indústria - Freser,2665,16:17:59,17.98,7.1833333333,431.0,"9,12"
6803,4,H8,Anada,27,Indústria - Freser,2665,17:19:08,19.13,16.416666666583335,985.0,
6016,5,H8,Anada,27,Indústria - Freser,2665,17:36:46,36.77,17.61666666675,1057.0,
6805,5,H8,Anada,27,Indústria - Freser,2665,17:53:12,53.2,16.449999999950002,987.0,
6814,5,H8,Anada,27,Indústria - Freser,2665,18:11:49,11.82,18.600000000016667,1116.0,
6015,6,H8,Anada,27,Indústria - Freser,2665,18:31:42,31.7,19.883333333333333,1193.0,
6813,6,H8,Anada,27,Indústria - Freser,2665,18:43:51,43.85,12.166666666633335,730.0,
6018,5,H8,Anada,27,Indústria - Freser,2665,19:03:08,3.13,19.266666666733332,1156.0,
6802,6,H8,Anada,27,Indústria - Freser,2665,19:37:51,37.85,7.533333333333333,452.0,
6803,5,H8,Anada,27,Indústria - Freser,2665,19:56:20,56.33,18.483333333333334,1109.0,9
6016,6,H8,Anada,27,Indústria - Freser,2665,20:08:17,8.28,11.95,717.0,
6805,6,H8,Anada,27,Indústria - Freser,2665,20:33:13,33.22,24.949999999933333,1497.0,33
6015,7,H8,Anada,27,Indústria - Freser,2665,20:51:35,51.58,18.366666666666667,1102.0,
6813,7,H8,Anada,27,Indústria - Freser,2665,21:08:08,8.13,16.55,993.0,
6813,1,H8,Anada,28,Navas de Tolosa - Indústria,2736,06:10:50,10.83,,,
6014,1,H8,Anada,28,Navas de Tolosa - Indústria,2736,06:34:41,34.68,23.833333333366667,1430.0,
6802,1,H8,Anada,28,Navas de Tolosa - Indústria,2736,06:54:35,54.58,19.9,1194.0,
6016,1,H8,Anada,28,Navas de Tolosa - Indústria,2736,07:11:56,11.93,17.350000000033333,1041.0,
6805,1,H8,Anada,28,Navas de Tolosa - Indústria,2736,07:29:46,29.77,17.849999999933335,1071.0,11
6015,1,H8,Anada,28,Navas de Tolosa - Indústria,2736,08:20:29,20.48,23.599999999966666,1416.0,
6813,2,H8,Anada,28,Navas de Tolosa - Indústria,2736,08:37:27,37.45,16.9666666667,1018.0,
6018,1,H8,Anada,28,Navas de Tolosa - Indústria,2736,08:50:57,50.95,13.5,810.0,
6014,2,H8,Anada,28,Navas de Tolosa - Indústria,2736,09:08:10,8.17,17.216666666666665,1033.0,
6802,2,H8,Anada,28,Navas de Tolosa - Indústria,2736,09:25:56,25.93,17.766666666633334,1066.0,
6803,1,H8,Anada,28,Navas de Tolosa - Indústria,2736,09:51:11,51.18,25.25,1515.0,
6016,2,H8,Anada,28,Navas de Tolosa - Indústria,2736,10:07:28,7.47,16.283333333333335,977.0,
6805,2,H8,Anada,28,Navas de Tolosa - Indústria,2736,10:19:41,19.68,12.216666666666667,733.0,
6814,2,H8,Anada,28,Navas de Tolosa - Indústria,2736,10:36:50,36.83,17.166666666633333,1030.0,
6015,3,H8,Anada,28,Navas de Tolosa - Indústria,2736,10:52:56,52.93,16.083333333366667,965.0,"5,6,7,9,14,15,16"
6813,3,H8,Anada,28,Navas de Tolosa - Indústria,2736,11:10:36,10.6,17.683333333300002,1061.0,
6018,2,H8,Anada,28,Navas de Tolosa - Indústria,2736,11:21:34,21.57,10.950000000033333,657.0,
6014,3,H8,Anada,28,Navas de Tolosa - Indústria,2736,11:43:12,43.2,21.649999999966667,1299.0,
6802,3,H8,Anada,28,Navas de Tolosa - Indústria,2736,12:02:46,2.77,19.550000000033332,1173.0,
6803,2,H8,Anada,28,Navas de Tolosa - Indústria,2736,12:16:59,16.98,14.216666666666667,853.0,9
6016,3,H8,Anada,28,Navas de Tolosa - Indústria,2736,12:34:25,34.42,17.433333333366665,1046.0,1
6805,3,H8,Anada,28,Navas de Tolosa - Indústria,2736,12:51:26,51.43,17.016666666633334,1021.0,
6814,3,H8,Anada,28,Navas de Tolosa - Indústria,2736,13:08:35,8.58,17.15,1029.0,
6015,4,H8,Anada,28,Navas de Tolosa - Indústria,2736,13:19:26,19.43,10.850000000033333,651.0,
6813,4,H8,Anada,28,Navas de Tolosa - Indústria,2736,13:39:43,39.72,20.29999999991667,1218.0,
6018,3,H8,Anada,28,Navas de Tolosa - Indústria,2736,13:54:50,54.83,15.100000000049999,906.0,12
6014,4,H8,Anada,28,Navas de Tolosa - Indústria,2736,14:10:40,10.67,15.849999999966666,951.0,9
6802,4,H8,Anada,28,Navas de Tolosa - Indústria,2736,14:33:28,33.47,22.783333333399998,1367.0,
6803,3,H8,Anada,28,Navas de Tolosa - Indústria,2736,14:51:04,51.07,17.6,1056.0,
6016,4,H8,Anada,28,Navas de Tolosa - Indústria,2736,15:05:46,5.77,14.699999999966668,882.0,
6805,4,H8,Anada,28,Navas de Tolosa - Indústria,2736,15:24:32,24.53,18.766666666666666,1126.0,
6814,4,H8,Anada,28,Navas de Tolosa - Indústria,2736,15:33:17,33.28,8.750000000033333,525.0,
6813,5,H8,Anada,28,Navas de Tolosa - Indústria,2736,16:11:49,11.82,11.083333333333334,665.0,
6018,4,H8,Anada,28,Navas de Tolosa - Indústria,2736,16:20:50,20.83,9.016666666633334,541.0,"9,12"
6803,4,H8,Anada,28,Navas de Tolosa - Indústria,2736,17:20:46,20.77,15.383333333333333,923.0,
6016,5,H8,Anada,28,Navas de Tolosa - Indústria,2736,17:38:43,38.72,17.933333333366665,1076.0,
6805,5,H8,Anada,28,Navas de Tolosa - Indústria,2736,17:55:16,55.27,16.550000000033332,993.0,
6814,5,H8,Anada,28,Navas de Tolosa - Indústria,2736,18:13:31,13.52,18.25,1095.0,
6015,6,H8,Anada,28,Navas de Tolosa - Indústria,2736,18:34:08,34.13,20.633333333266666,1238.0,
6813,6,H8,Anada,28,Navas de Tolosa - Indústria,2736,18:44:58,44.97,10.816666666733333,649.0,
6018,5,H8,Anada,28,Navas de Tolosa - Indústria,2736,19:05:23,5.38,20.416666666633333,1225.0,
6802,6,H8,Anada,28,Navas de Tolosa - Indústria,2736,19:39:43,39.72,7.549999999966667,453.0,
6803,5,H8,Anada,28,Navas de Tolosa - Indústria,2736,19:57:48,57.8,18.099999999983332,1086.0,9
6016,6,H8,Anada,28,Navas de Tolosa - Indústria,2736,20:11:03,11.05,13.23333333335,794.0,
6805,6,H8,Anada,28,Navas de Tolosa - Indústria,2736,20:34:15,34.25,23.2,1392.0,33
6015,7,H8,Anada,28,Navas de Tolosa - Indústria,2736,20:53:28,53.47,19.2333333333,1154.0,
6813,7,H8,Anada,28,Navas de Tolosa - Indústria,2736,21:09:42,9.7,16.2166666667,973.0,
6813,1,H8,Anada,29,Meridiana - Josep Estivill,705,06:13:51,13.85,,,
6014,1,H8,Anada,29,Meridiana - Josep Estivill,705,06:36:38,36.63,22.7833333333,1367.0,
6802,1,H8,Anada,29,Meridiana - Josep Estivill,705,06:57:00,57.0,20.3833333333,1223.0,
6016,1,H8,Anada,29,Meridiana - Josep Estivill,705,07:16:22,16.37,19.366666666666667,1162.0,
6805,1,H8,Anada,29,Meridiana - Josep Estivill,705,07:32:50,32.83,16.466666666666665,988.0,11
6015,1,H8,Anada,29,Meridiana - Josep Estivill,705,08:24:40,24.67,24.916666666633333,1495.0,
6813,2,H8,Anada,29,Meridiana - Josep Estivill,705,08:41:18,41.3,16.633333333333333,998.0,
6018,1,H8,Anada,29,Meridiana - Josep Estivill,705,08:53:55,53.92,12.616666666666667,757.0,
6014,2,H8,Anada,29,Meridiana - Josep Estivill,705,09:10:49,10.82,16.900000000033334,1014.0,
6802,2,H8,Anada,29,Meridiana - Josep Estivill,705,09:28:42,28.7,17.899999999933335,1074.0,
6803,1,H8,Anada,29,Meridiana - Josep Estivill,705,09:52:46,52.77,24.050000000033332,1443.0,
6016,2,H8,Anada,29,Meridiana - Josep Estivill,705,10:10:27,10.45,17.68333333335,1061.0,
6805,2,H8,Anada,29,Meridiana - Josep Estivill,705,10:21:59,21.98,11.54999999995,693.0,
6814,2,H8,Anada,29,Meridiana - Josep Estivill,705,10:39:48,39.8,17.800000000033332,1068.0,
6015,3,H8,Anada,29,Meridiana - Josep Estivill,705,10:55:05,55.08,15.299999999966667,918.0,"5,6,7,9,14,15,16"
6813,3,H8,Anada,29,Meridiana - Josep Estivill,705,11:13:22,13.37,18.283333333333335,1097.0,
6018,2,H8,Anada,29,Meridiana - Josep Estivill,705,11:24:34,24.57,11.2,672.0,
6014,3,H8,Anada,29,Meridiana - Josep Estivill,705,11:46:24,46.4,21.816666666733333,1309.0,
6802,3,H8,Anada,29,Meridiana - Josep Estivill,705,12:05:03,5.05,18.649999999966667,1119.0,
6803,2,H8,Anada,29,Meridiana - Josep Estivill,705,12:20:29,20.48,15.449999999966668,927.0,9
6016,3,H8,Anada,29,Meridiana - Josep Estivill,705,12:37:18,37.3,16.816666666666666,1009.0,1
6805,3,H8,Anada,29,Meridiana - Josep Estivill,705,12:53:57,53.95,16.65,999.0,
6814,3,H8,Anada,29,Meridiana - Josep Estivill,705,13:11:06,11.1,17.15,1029.0,
6015,4,H8,Anada,29,Meridiana - Josep Estivill,705,13:23:00,23.0,11.883333333366666,713.0,
6813,4,H8,Anada,29,Meridiana - Josep Estivill,705,13:42:33,42.55,19.566666666633335,1174.0,
6018,3,H8,Anada,29,Meridiana - Josep Estivill,705,13:57:57,57.95,15.4,924.0,12
6014,4,H8,Anada,29,Meridiana - Josep Estivill,705,14:14:48,14.8,16.833333333366667,1010.0,9
6802,4,H8,Anada,29,Meridiana - Josep Estivill,705,14:35:51,35.85,21.05,1263.0,
6803,3,H8,Anada,29,Meridiana - Josep Estivill,705,14:54:17,54.28,18.433333333333334,1106.0,
6016,4,H8,Anada,29,Meridiana - Josep Estivill,705,15:09:42,9.7,15.416666666666666,925.0,
6805,4,H8,Anada,29,Meridiana - Josep Estivill,705,15:27:45,27.75,18.050000000033332,1083.0,
6814,4,H8,Anada,29,Meridiana - Josep Estivill,705,15:36:19,36.32,8.566666666666666,514.0,
6813,5,H8,Anada,29,Meridiana - Josep Estivill,705,16:14:04,14.07,10.583333333266667,635.0,
6018,4,H8,Anada,29,Meridiana - Josep Estivill,705,16:23:18,23.3,9.233333333333333,554.0,"9,12"
6803,4,H8,Anada,29,Meridiana - Josep Estivill,705,17:23:35,23.58,15.433333333366667,926.0,
6016,5,H8,Anada,29,Meridiana - Josep Estivill,705,17:41:28,41.47,17.8833333333,1073.0,
6805,5,H8,Anada,29,Meridiana - Josep Estivill,705,17:57:55,57.92,16.466666666633333,988.0,
6814,5,H8,Anada,29,Meridiana - Josep Estivill,705,18:15:59,15.98,18.050000000066667,1083.0,
6015,6,H8,Anada,29,Meridiana - Josep Estivill,705,18:36:23,36.38,20.4166666666,1225.0,
6813,6,H8,Anada,29,Meridiana - Josep Estivill,705,18:48:45,48.75,12.366666666666667,742.0,
6018,5,H8,Anada,29,Meridiana - Josep Estivill,705,19:07:55,7.92,19.166666666666668,1150.0,
6802,6,H8,Anada,29,Meridiana - Josep Estivill,705,19:42:43,42.72,7.066666666733334,424.0,
6803,5,H8,Anada,29,Meridiana - Josep Estivill,705,20:00:54,0.9,18.199999999933333,1092.0,9
6016,6,H8,Anada,29,Meridiana - Josep Estivill,705,20:13:39,13.65,12.7333333334,764.0,
6805,6,H8,Anada,29,Meridiana - Josep Estivill,705,20:37:46,37.77,24.116666666666667,1447.0,33
6015,7,H8,Anada,29,Meridiana - Josep Estivill,705,20:56:04,56.07,18.299999999966666,1098.0,
6813,7,H8,Anada,29,Meridiana - Josep Estivill,705,21:11:11,11.18,15.116666666666667,907.0,
6813,1,H8,Anada,30,"Meridiana, 298",9979,06:16:10,16.17,,,
6014,1,H8,Anada,30,"Meridiana, 298",9979,06:38:33,38.55,22.3666666667,1342.0,
6802,1,H8,Anada,30,"Meridiana, 298",9979,07:00:42,0.7,22.166666666616667,1330.0,
6016,1,H8,Anada,30,"Meridiana, 298",9979,07:18:49,18.82,18.116666666683333,1087.0,
6805,1,H8,Anada,30,"Meridiana, 298",9979,07:35:23,35.38,16.550000000033332,993.0,11
6015,1,H8,Anada,30,"Meridiana, 298",9979,08:27:13,27.22,25.283333333399998,1517.0,
6813,2,H8,Anada,30,"Meridiana, 298",9979,08:43:15,43.25,16.033333333333335,962.0,
6018,1,H8,Anada,30,"Meridiana, 298",9979,08:56:25,56.42,13.166666666666666,790.0,
6014,2,H8,Anada,30,"Meridiana, 298",9979,09:12:27,12.45,16.049999999933334,963.0,
6802,2,H8,Anada,30,"Meridiana, 298",9979,09:31:15,31.25,18.783333333366667,1127.0,
6803,1,H8,Anada,30,"Meridiana, 298",9979,09:54:19,54.32,23.0833333333,1385.0,
6016,2,H8,Anada,30,"Meridiana, 298",9979,10:13:47,13.78,19.450000000066666,1167.0,
6805,2,H8,Anada,30,"Meridiana, 298",9979,10:24:41,24.68,10.9,654.0,
6814,2,H8,Anada,30,"Meridiana, 298",9979,10:42:41,42.68,17.99999999996667,1080.0,
6015,3,H8,Anada,30,"Meridiana, 298",9979,10:58:01,58.02,15.349999999966666,921.0,"5,6,7,9,14,15,16"
6813,3,H8,Anada,30,"Meridiana, 298",9979,11:15:53,15.88,17.866666666666667,1072.0,
6018,2,H8,Anada,30,"Meridiana, 298",9979,11:27:36,27.6,11.716666666666667,703.0,
6014,3,H8,Anada,30,"Meridiana, 298",9979,11:49:01,49.02,21.400000000033334,1284.0,
6802,3,H8,Anada,30,"Meridiana, 298",9979,12:08:40,8.67,19.65,1179.0,
6803,2,H8,Anada,30,"Meridiana, 298",9979,12:23:45,23.75,15.083333333366665,905.0,9
6016,3,H8,Anada,30,"Meridiana, 298",9979,12:39:45,39.75,16.0166666666,961.0,1
6805,3,H8,Anada,30,"Meridiana, 298",9979,12:56:13,56.22,16.466666666666665,988.0,
6814,3,H8,Anada,30,"Meridiana, 298",9979,13:12:51,12.85,16.6166666667,997.0,
6015,4,H8,Anada,30,"Meridiana, 298",9979,13:25:50,25.83,12.983333333333333,779.0,
6813,4,H8,Anada,30,"Meridiana, 298",9979,13:44:55,44.92,19.099999999966666,1146.0,
6018,3,H8,Anada,30,"Meridiana, 298",9979,14:00:20,0.33,15.400000000033334,924.0,12
6014,4,H8,Anada,30,"Meridiana, 298",9979,14:16:28,16.47,16.133333333366668,968.0,9
6802,4,H8,Anada,30,"Meridiana, 298",9979,14:38:59,38.98,22.516666666633334,1351.0,
6803,3,H8,Anada,30,"Meridiana, 298",9979,14:56:17,56.28,17.300000000033332,1038.0,
6016,4,H8,Anada,30,"Meridiana, 298",9979,15:11:43,11.72,15.433333333333334,926.0,
6805,4,H8,Anada,30,"Meridiana, 298",9979,15:30:04,30.07,18.35,1101.0,
6814,4,H8,Anada,30,"Meridiana, 298",9979,15:39:19,39.32,9.2666666666,556.0,
6015,5,H8,Anada,30,"Meridiana, 298",9979,16:04:47,4.78,25.450000000066666,1527.0,
6813,5,H8,Anada,30,"Meridiana, 298",9979,16:15:59,15.98,11.2166666666,673.0,
6018,4,H8,Anada,30,"Meridiana, 298",9979,16:27:23,27.38,11.4,684.0,"9,12"
6803,4,H8,Anada,30,"Meridiana, 298",9979,17:26:12,26.2,15.1,906.0,
6016,5,H8,Anada,30,"Meridiana, 298",9979,17:44:20,44.33,18.1166666667,1087.0,
6805,5,H8,Anada,30,"Meridiana, 298",9979,18:00:36,0.6,16.2666666667,976.0,
6814,5,H8,Anada,30,"Meridiana, 298",9979,18:18:55,18.92,18.33333333326667,1100.0,
6015,6,H8,Anada,30,"Meridiana, 298",9979,18:39:14,39.23,20.300000000033332,1218.0,
6813,6,H8,Anada,30,"Meridiana, 298",9979,18:52:00,52.0,12.766666666666667,766.0,
6018,5,H8,Anada,30,"Meridiana, 298",9979,19:09:52,9.87,17.8666666667,1072.0,
6802,6,H8,Anada,30,"Meridiana, 298",9979,19:45:17,45.28,7.333333333316667,440.0,
6803,5,H8,Anada,30,"Meridiana, 298",9979,20:03:23,3.38,18.100000000016667,1086.0,9
6016,6,H8,Anada,30,"Meridiana, 298",9979,20:16:07,16.12,12.749999999933333,765.0,
6805,6,H8,Anada,30,"Meridiana, 298",9979,20:39:38,39.63,23.500000000066667,1410.0,33
6015,7,H8,Anada,30,"Meridiana, 298",9979,20:58:07,58.12,18.483333333333334,1109.0,
6813,7,H8,Anada,30,"Meridiana, 298",9979,21:12:30,12.5,14.383333333333333,863.0,
6813,1,H8,Anada,31,Garcilaso - La Sagrera,2492,06:17:16,17.27,,,
6014,1,H8,Anada,31,Garcilaso - La Sagrera,2492,06:39:34,39.57,22.300000000016666,1338.0,
6802,1,H8,Anada,31,Garcilaso - La Sagrera,2492,07:02:06,2.1,22.516666666733332,1351.0,
6016,1,H8,Anada,31,Garcilaso - La Sagrera,2492,07:19:26,19.43,17.349999999933335,1041.0,
6805,1,H8,Anada,31,Garcilaso - La Sagrera,2492,07:36:47,36.78,17.333333333383333,1040.0,11
6015,1,H8,Anada,31,Garcilaso - La Sagrera,2492,08:28:37,28.62,24.899999999966667,1494.0,
6813,2,H8,Anada,31,Garcilaso - La Sagrera,2492,08:44:28,44.47,15.866666666633334,952.0,
6018,1,H8,Anada,31,Garcilaso - La Sagrera,2492,08:57:39,57.65,13.166666666733333,790.0,
6014,2,H8,Anada,31,Garcilaso - La Sagrera,2492,09:13:17,13.28,15.6333333333,938.0,
6802,2,H8,Anada,31,Garcilaso - La Sagrera,2492,09:32:42,32.7,19.433333333300002,1166.0,
6803,1,H8,Anada,31,Garcilaso - La Sagrera,2492,09:55:45,55.75,23.033333333366667,1382.0,
6016,2,H8,Anada,31,Garcilaso - La Sagrera,2492,10:14:33,14.55,18.8,1128.0,
6805,2,H8,Anada,31,Garcilaso - La Sagrera,2492,10:25:32,25.53,10.983333333366666,659.0,
6814,2,H8,Anada,31,Garcilaso - La Sagrera,2492,10:43:27,43.45,17.933333333266667,1076.0,
6015,3,H8,Anada,31,Garcilaso - La Sagrera,2492,11:00:04,0.07,16.616666666666667,997.0,"5,6,7,9,14,15,16"
6813,3,H8,Anada,31,Garcilaso - La Sagrera,2492,11:16:38,16.63,16.566666666666666,994.0,
6018,2,H8,Anada,31,Garcilaso - La Sagrera,2492,11:28:29,28.48,11.85,711.0,
6014,3,H8,Anada,31,Garcilaso - La Sagrera,2492,11:49:38,49.63,21.15,1269.0,
6802,3,H8,Anada,31,Garcilaso - La Sagrera,2492,12:10:02,10.03,20.383333333366668,1223.0,
6803,2,H8,Anada,31,Garcilaso - La Sagrera,2492,12:24:00,24.0,13.9666666667,838.0,9
6016,3,H8,Anada,31,Garcilaso - La Sagrera,2492,12:40:55,40.92,16.916666666666668,1015.0,1
6805,3,H8,Anada,31,Garcilaso - La Sagrera,2492,12:57:06,57.1,16.199999999933333,972.0,
6814,3,H8,Anada,31,Garcilaso - La Sagrera,2492,13:14:02,14.03,16.91666666673333,1015.0,
6015,4,H8,Anada,31,Garcilaso - La Sagrera,2492,13:26:47,26.78,12.75,765.0,
6813,4,H8,Anada,31,Garcilaso - La Sagrera,2492,13:46:39,46.65,19.866666666666667,1192.0,
6018,3,H8,Anada,31,Garcilaso - La Sagrera,2492,14:01:21,1.35,14.699999999966668,882.0,12
6014,4,H8,Anada,31,Garcilaso - La Sagrera,2492,14:18:06,18.1,16.75000000003333,1005.0,9
6802,4,H8,Anada,31,Garcilaso - La Sagrera,2492,14:40:14,40.23,22.133333333333333,1328.0,
6803,3,H8,Anada,31,Garcilaso - La Sagrera,2492,14:56:39,56.65,16.416666666633333,985.0,
6016,4,H8,Anada,31,Garcilaso - La Sagrera,2492,15:12:52,12.87,16.216666666666665,973.0,
6805,4,H8,Anada,31,Garcilaso - La Sagrera,2492,15:31:07,31.12,18.266666666633334,1096.0,
6814,4,H8,Anada,31,Garcilaso - La Sagrera,2492,15:40:11,40.18,9.050000000033332,543.0,
6813,5,H8,Anada,31,Garcilaso - La Sagrera,2492,16:17:05,17.08,10.933333333333334,656.0,
6018,4,H8,Anada,31,Garcilaso - La Sagrera,2492,16:28:01,28.02,10.9166666667,655.0,"9,12"
6803,4,H8,Anada,31,Garcilaso - La Sagrera,2492,17:27:13,27.22,15.066666666600002,904.0,
6016,5,H8,Anada,31,Garcilaso - La Sagrera,2492,17:45:14,45.23,18.00000000003333,1080.0,
6805,5,H8,Anada,31,Garcilaso - La Sagrera,2492,18:01:44,1.73,16.5,990.0,
6814,5,H8,Anada,31,Garcilaso - La Sagrera,2492,18:19:42,19.7,17.9833333333,1079.0,
6015,6,H8,Anada,31,Garcilaso - La Sagrera,2492,18:40:57,40.95,21.233333333366666,1274.0,
6813,6,H8,Anada,31,Garcilaso - La Sagrera,2492,18:53:04,53.07,12.1166666667,727.0,
6018,5,H8,Anada,31,Garcilaso - La Sagrera,2492,19:11:17,11.28,18.233333333266668,1094.0,
6802,6,H8,Anada,31,Garcilaso - La Sagrera,2492,19:46:16,46.27,7.4833333333,449.0,
6803,5,H8,Anada,31,Garcilaso - La Sagrera,2492,20:04:20,4.33,18.066666666699998,1084.0,9
6016,6,H8,Anada,31,Garcilaso - La Sagrera,2492,20:16:57,16.95,12.616666666666667,757.0,
6805,6,H8,Anada,31,Garcilaso - La Sagrera,2492,20:40:56,40.93,23.983333333333334,1439.0,33
6015,7,H8,Anada,31,Garcilaso - La Sagrera,2492,20:59:07,59.12,18.183333333333334,1091.0,
6813,7,H8,Anada,31,Garcilaso - La Sagrera,2492,21:13:52,13.87,14.7666666666,886.0,
6813,1,H8,Anada,32,Berenguer de Palou - Pont del Treball Digne,946,06:18:17,18.28,,,
6014,1,H8,Anada,32,Berenguer de Palou - Pont del Treball Digne,946,06:41:22,41.37,23.083333333333332,1385.0,
6802,1,H8,Anada,32,Berenguer de Palou - Pont del Treball Digne,946,07:03:02,3.03,21.683333333300002,1301.0,
6016,1,H8,Anada,32,Berenguer de Palou - Pont del Treball Digne,946,07:21:28,21.47,18.433333333316668,1106.0,
6805,1,H8,Anada,32,Berenguer de Palou - Pont del Treball Digne,946,07:38:13,38.22,16.750000000016666,1005.0,11
6015,1,H8,Anada,32,Berenguer de Palou - Pont del Treball Digne,946,08:29:24,29.4,23.6,1416.0,
6813,2,H8,Anada,32,Berenguer de Palou - Pont del Treball Digne,946,08:46:18,46.3,16.9,1014.0,
6018,1,H8,Anada,32,Berenguer de Palou - Pont del Treball Digne,946,08:59:44,59.73,13.416666666733333,805.0,
6014,2,H8,Anada,32,Berenguer de Palou - Pont del Treball Digne,946,09:16:06,16.1,16.383333333266666,983.0,
6802,2,H8,Anada,32,Berenguer de Palou - Pont del Treball Digne,946,09:34:36,34.6,18.5,1110.0,
6803,1,H8,Anada,32,Berenguer de Palou - Pont del Treball Digne,946,09:57:59,57.98,23.383333333333333,1403.0,
6016,2,H8,Anada,32,Berenguer de Palou - Pont del Treball Digne,946,10:16:45,16.75,18.750000000066667,1125.0,
6805,2,H8,Anada,32,Berenguer de Palou - Pont del Treball Digne,946,10:26:57,26.95,10.2,612.0,
6814,2,H8,Anada,32,Berenguer de Palou - Pont del Treball Digne,946,10:45:17,45.28,18.3333333333,1100.0,
6015,3,H8,Anada,32,Berenguer de Palou - Pont del Treball Digne,946,11:02:46,2.77,17.483333333366666,1049.0,"5,6,7,9,14,15,16"
6813,3,H8,Anada,32,Berenguer de Palou - Pont del Treball Digne,946,11:18:26,18.43,15.666666666666666,940.0,
6018,2,H8,Anada,32,Berenguer de Palou - Pont del Treball Digne,946,11:31:33,31.55,13.133333333266668,788.0,
6014,3,H8,Anada,32,Berenguer de Palou - Pont del Treball Digne,946,11:51:33,51.55,19.983333333366666,1199.0,
6802,3,H8,Anada,32,Berenguer de Palou - Pont del Treball Digne,946,12:12:26,12.43,20.883333333333333,1253.0,
6803,2,H8,Anada,32,Berenguer de Palou - Pont del Treball Digne,946,12:26:15,26.25,13.8333333333,830.0,9
6016,3,H8,Anada,32,Berenguer de Palou - Pont del Treball Digne,946,12:43:14,43.23,16.983333333333334,1019.0,1
6805,3,H8,Anada,32,Berenguer de Palou - Pont del Treball Digne,946,12:59:36,59.6,16.350000000033333,981.0,
6814,3,H8,Anada,32,Berenguer de Palou - Pont del Treball Digne,946,13:16:36,16.6,17.016666666633334,1021.0,
6015,4,H8,Anada,32,Berenguer de Palou - Pont del Treball Digne,946,13:29:42,29.7,13.083333333366665,785.0,
6813,4,H8,Anada,32,Berenguer de Palou - Pont del Treball Digne,946,13:48:25,48.42,18.7333333333,1124.0,
6018,3,H8,Anada,32,Berenguer de Palou - Pont del Treball Digne,946,14:03:09,3.15,14.7166666667,883.0,12
6014,4,H8,Anada,32,Berenguer de Palou - Pont del Treball Digne,946,14:20:04,20.07,16.916666666666668,1015.0,9
6802,4,H8,Anada,32,Berenguer de Palou - Pont del Treball Digne,946,14:41:49,41.82,21.75000000003333,1305.0,
6803,3,H8,Anada,32,Berenguer de Palou - Pont del Treball Digne,946,14:58:24,58.4,16.5833333333,995.0,
6016,4,H8,Anada,32,Berenguer de Palou - Pont del Treball Digne,946,15:14:39,14.65,16.25000000003333,975.0,
6805,4,H8,Anada,32,Berenguer de Palou - Pont del Treball Digne,946,15:32:49,32.82,18.166666666633333,1090.0,
6814,4,H8,Anada,32,Berenguer de Palou - Pont del Treball Digne,946,15:42:12,42.2,9.383333333366666,563.0,
6813,5,H8,Anada,32,Berenguer de Palou - Pont del Treball Digne,946,16:19:39,19.65,11.783333333333333,707.0,
6018,4,H8,Anada,32,Berenguer de Palou - Pont del Treball Digne,946,16:29:51,29.85,10.199999999966668,612.0,"9,12"
6803,4,H8,Anada,32,Berenguer de Palou - Pont del Treball Digne,946,17:29:42,29.7,14.833333333283333,890.0,
6016,5,H8,Anada,32,Berenguer de Palou - Pont del Treball Digne,946,17:47:53,47.88,18.166666666683334,1090.0,
6805,5,H8,Anada,32,Berenguer de Palou - Pont del Treball Digne,946,18:03:20,3.33,15.466666666633333,928.0,
6814,5,H8,Anada,32,Berenguer de Palou - Pont del Treball Digne,946,18:22:37,22.62,19.266666666733332,1156.0,
6015,6,H8,Anada,32,Berenguer de Palou - Pont del Treball Digne,946,18:43:12,43.2,20.583333333333332,1235.0,
6813,6,H8,Anada,32,Berenguer de Palou - Pont del Treball Digne,946,18:55:46,55.77,12.566666666633333,754.0,
6018,5,H8,Anada,32,Berenguer de Palou - Pont del Treball Digne,946,19:13:16,13.27,17.50000000003333,1050.0,
6802,6,H8,Anada,32,Berenguer de Palou - Pont del Treball Digne,946,19:47:48,47.8,8.016666666633334,481.0,
6803,5,H8,Anada,32,Berenguer de Palou - Pont del Treball Digne,946,20:05:51,5.85,18.033333333399998,1082.0,9
6016,6,H8,Anada,32,Berenguer de Palou - Pont del Treball Digne,946,20:19:12,19.2,13.35,801.0,
6805,6,H8,Anada,32,Berenguer de Palou - Pont del Treball Digne,946,20:43:16,43.27,24.066666666666666,1444.0,33
6015,7,H8,Anada,32,Berenguer de Palou - Pont del Treball Digne,946,21:01:42,1.7,18.433333333300002,1106.0,
6813,7,H8,Anada,32,Berenguer de Palou - Pont del Treball Digne,946,21:16:36,16.6,14.9,894.0,
6813,1,H8,Anada,33,Berenguer de Palou - Pare Manyanet,947,06:20:03,20.05,,,
6014,1,H8,Anada,33,Berenguer de Palou - Pare Manyanet,947,06:43:34,43.57,23.516666666666666,1411.0,
6802,1,H8,Anada,33,Berenguer de Palou - Pare Manyanet,947,07:05:12,5.2,21.649999999933335,1299.0,
6016,1,H8,Anada,33,Berenguer de Palou - Pare Manyanet,947,07:23:34,23.57,18.366666666666667,1102.0,
6805,1,H8,Anada,33,Berenguer de Palou - Pare Manyanet,947,07:39:40,39.67,16.0833333334,965.0,11
6015,1,H8,Anada,33,Berenguer de Palou - Pare Manyanet,947,08:31:49,31.82,23.316666666633335,1399.0,
6813,2,H8,Anada,33,Berenguer de Palou - Pare Manyanet,947,08:48:33,48.55,16.733333333366666,1004.0,
6018,1,H8,Anada,33,Berenguer de Palou - Pare Manyanet,947,09:01:46,1.77,13.233333333266668,794.0,
6014,2,H8,Anada,33,Berenguer de Palou - Pare Manyanet,947,09:18:26,18.43,16.650000000066665,999.0,
6802,2,H8,Anada,33,Berenguer de Palou - Pare Manyanet,947,09:36:51,36.85,18.433333333266667,1106.0,
6803,1,H8,Anada,33,Berenguer de Palou - Pare Manyanet,947,09:58:37,58.62,21.75000000003333,1305.0,
6016,2,H8,Anada,33,Berenguer de Palou - Pare Manyanet,947,10:18:25,18.42,19.8,1188.0,
6805,2,H8,Anada,33,Berenguer de Palou - Pare Manyanet,947,10:29:11,29.18,10.766666666666667,646.0,
6814,2,H8,Anada,33,Berenguer de Palou - Pare Manyanet,947,10:46:52,46.87,17.683333333333334,1061.0,
6015,3,H8,Anada,33,Berenguer de Palou - Pare Manyanet,947,11:05:31,5.52,18.65,1119.0,"5,6,7,9,14,15,16"
6813,3,H8,Anada,33,Berenguer de Palou - Pare Manyanet,947,11:19:57,19.95,14.433333333333334,866.0,
6018,2,H8,Anada,33,Berenguer de Palou - Pare Manyanet,947,11:33:31,33.52,13.5833333333,815.0,
6014,3,H8,Anada,33,Berenguer de Palou - Pare Manyanet,947,11:54:51,54.85,21.316666666699998,1279.0,
6802,3,H8,Anada,33,Berenguer de Palou - Pare Manyanet,947,12:13:26,13.43,18.583333333366667,1115.0,
6803,2,H8,Anada,33,Berenguer de Palou - Pare Manyanet,947,12:28:10,28.17,14.733333333333333,884.0,9
6016,3,H8,Anada,33,Berenguer de Palou - Pare Manyanet,947,12:44:41,44.68,16.516666666633334,991.0,1
6805,3,H8,Anada,33,Berenguer de Palou - Pare Manyanet,947,13:01:46,1.77,17.083333333366667,1025.0,
6814,3,H8,Anada,33,Berenguer de Palou - Pare Manyanet,947,13:18:35,18.58,16.83333333326667,1010.0,
6015,4,H8,Anada,33,Berenguer de Palou - Pare Manyanet,947,13:31:35,31.58,13.0,780.0,
6813,4,H8,Anada,33,Berenguer de Palou - Pare Manyanet,947,13:51:47,51.78,20.183333333366665,1211.0,
6018,3,H8,Anada,33,Berenguer de Palou - Pare Manyanet,947,14:05:18,5.3,13.516666666666667,811.0,12
6014,4,H8,Anada,33,Berenguer de Palou - Pare Manyanet,947,14:22:02,22.03,16.74999999996667,1005.0,9
6802,4,H8,Anada,33,Berenguer de Palou - Pare Manyanet,947,14:43:06,43.1,21.050000000066667,1263.0,
6803,3,H8,Anada,33,Berenguer de Palou - Pare Manyanet,947,15:00:02,0.03,16.949999999933333,1017.0,
6016,4,H8,Anada,33,Berenguer de Palou - Pare Manyanet,947,15:16:52,16.87,16.816666666733333,1009.0,
6805,4,H8,Anada,33,Berenguer de Palou - Pare Manyanet,947,15:34:54,34.9,18.033333333333335,1082.0,
6814,4,H8,Anada,33,Berenguer de Palou - Pare Manyanet,947,15:45:00,45.0,10.1166666666,607.0,
6015,5,H8,Anada,33,Berenguer de Palou - Pare Manyanet,947,16:09:59,9.98,24.983333333333334,1499.0,
6813,5,H8,Anada,33,Berenguer de Palou - Pare Manyanet,947,16:21:51,21.85,11.850000000033333,711.0,
6018,4,H8,Anada,33,Berenguer de Palou - Pare Manyanet,947,16:31:57,31.95,10.1,606.0,"9,12"
6803,4,H8,Anada,33,Berenguer de Palou - Pare Manyanet,947,17:31:50,31.83,15.066666666633333,904.0,
6016,5,H8,Anada,33,Berenguer de Palou - Pare Manyanet,947,17:50:02,50.03,18.200000000033334,1092.0,
6805,5,H8,Anada,33,Berenguer de Palou - Pare Manyanet,947,18:05:10,5.17,15.149999999933334,909.0,
6814,5,H8,Anada,33,Berenguer de Palou - Pare Manyanet,947,18:24:29,24.48,19.300000000033332,1158.0,
6015,6,H8,Anada,33,Berenguer de Palou - Pare Manyanet,947,18:44:57,44.95,20.466666666666665,1228.0,
6813,6,H8,Anada,33,Berenguer de Palou - Pare Manyanet,947,18:56:46,56.77,11.8333333333,710.0,
6018,5,H8,Anada,33,Berenguer de Palou - Pare Manyanet,947,19:15:05,15.08,18.300000000033332,1098.0,
6802,6,H8,Anada,33,Berenguer de Palou - Pare Manyanet,947,19:50:09,50.15,8.5333333334,512.0,
6803,5,H8,Anada,33,Berenguer de Palou - Pare Manyanet,947,20:08:14,8.23,18.083333333333332,1085.0,9
6016,6,H8,Anada,33,Berenguer de Palou - Pare Manyanet,947,20:21:59,21.98,13.7666666666,826.0,
6813,7,H8,Anada,33,Berenguer de Palou - Pare Manyanet,947,21:17:54,17.9,14.833333333266667,890.0,
6813,1,H8,Anada,34,Pare Manyanet - Virgili,327,06:21:10,21.17,,,
6014,1,H8,Anada,34,Pare Manyanet - Virgili,327,06:44:27,44.45,23.299999999966666,1398.0,
6802,1,H8,Anada,34,Pare Manyanet - Virgili,327,07:06:14,6.23,21.7666666667,1306.0,
6016,1,H8,Anada,34,Pare Manyanet - Virgili,327,07:24:47,24.78,18.550000000033332,1113.0,
6805,1,H8,Anada,34,Pare Manyanet - Virgili,327,07:41:57,41.95,17.183333333266667,1031.0,11
6015,1,H8,Anada,34,Pare Manyanet - Virgili,327,08:33:18,33.3,22.8666666667,1372.0,
6813,2,H8,Anada,34,Pare Manyanet - Virgili,327,08:50:27,50.45,17.150000000033334,1029.0,
6018,1,H8,Anada,34,Pare Manyanet - Virgili,327,09:03:38,3.63,13.183333333333334,791.0,
6014,2,H8,Anada,34,Pare Manyanet - Virgili,327,09:20:35,20.58,16.949999999966668,1017.0,
6802,2,H8,Anada,34,Pare Manyanet - Virgili,327,09:38:48,38.8,18.216666666666665,1093.0,
6803,1,H8,Anada,34,Pare Manyanet - Virgili,327,09:59:55,59.92,21.1166666667,1267.0,
6016,2,H8,Anada,34,Pare Manyanet - Virgili,327,10:19:35,19.58,19.666666666633333,1180.0,
6805,2,H8,Anada,34,Pare Manyanet - Virgili,327,10:31:32,31.53,11.966666666633333,718.0,
6814,2,H8,Anada,34,Pare Manyanet - Virgili,327,10:48:42,48.7,17.166666666666668,1030.0,
6015,3,H8,Anada,34,Pare Manyanet - Virgili,327,11:06:59,6.98,18.283333333333335,1097.0,"5,6,7,9,14,15,16"
6813,3,H8,Anada,34,Pare Manyanet - Virgili,327,11:21:58,21.97,14.9666666667,898.0,
6018,2,H8,Anada,34,Pare Manyanet - Virgili,327,11:34:30,34.5,12.549999999983333,753.0,
6014,3,H8,Anada,34,Pare Manyanet - Virgili,327,11:56:55,56.92,22.41666666665,1345.0,
6802,3,H8,Anada,34,Pare Manyanet - Virgili,327,12:14:57,14.95,18.033333333333335,1082.0,
6803,2,H8,Anada,34,Pare Manyanet - Virgili,327,12:30:22,30.37,15.400000000033334,924.0,9
6016,3,H8,Anada,34,Pare Manyanet - Virgili,327,12:46:38,46.63,16.2833333333,977.0,1
6805,3,H8,Anada,34,Pare Manyanet - Virgili,327,13:03:27,3.45,16.816666666666666,1009.0,
6814,3,H8,Anada,34,Pare Manyanet - Virgili,327,13:19:49,19.82,16.350000000033333,981.0,
6015,4,H8,Anada,34,Pare Manyanet - Virgili,327,13:33:19,33.32,13.5,810.0,
6813,4,H8,Anada,34,Pare Manyanet - Virgili,327,13:53:15,53.25,19.933333333366665,1196.0,
6018,3,H8,Anada,34,Pare Manyanet - Virgili,327,14:06:43,6.72,13.483333333266668,809.0,12
6014,4,H8,Anada,34,Pare Manyanet - Virgili,327,14:23:52,23.87,17.15,1029.0,9
6802,4,H8,Anada,34,Pare Manyanet - Virgili,327,14:45:14,45.23,21.350000000066665,1281.0,
6803,3,H8,Anada,34,Pare Manyanet - Virgili,327,15:01:43,1.72,16.4833333333,989.0,
6016,4,H8,Anada,34,Pare Manyanet - Virgili,327,15:18:00,18.0,16.283333333366667,977.0,
6805,4,H8,Anada,34,Pare Manyanet - Virgili,327,15:36:51,36.85,18.85,1131.0,
6814,4,H8,Anada,34,Pare Manyanet - Virgili,327,15:46:40,46.67,9.816666666633333,589.0,
6015,5,H8,Anada,34,Pare Manyanet - Virgili,327,16:11:18,11.3,24.649999999966667,1479.0,
6813,5,H8,Anada,34,Pare Manyanet - Virgili,327,16:24:16,24.27,12.966666666666667,778.0,
6018,4,H8,Anada,34,Pare Manyanet - Virgili,327,16:32:53,32.88,8.616666666666667,517.0,"9,12"
6803,4,H8,Anada,34,Pare Manyanet - Virgili,327,17:33:23,33.38,14.7166666666,883.0,
6016,5,H8,Anada,34,Pare Manyanet - Virgili,327,17:51:49,51.82,18.4166666667,1105.0,
6805,5,H8,Anada,34,Pare Manyanet - Virgili,327,18:06:37,6.62,14.8,888.0,
6814,5,H8,Anada,34,Pare Manyanet - Virgili,327,18:26:11,26.18,19.566666666699998,1174.0,
6015,6,H8,Anada,34,Pare Manyanet - Virgili,327,18:46:41,46.68,20.5,1230.0,
6813,6,H8,Anada,34,Pare Manyanet - Virgili,327,18:58:02,58.03,11.3666666666,682.0,
6018,5,H8,Anada,34,Pare Manyanet - Virgili,327,19:16:45,16.75,18.700000000066666,1122.0,
6802,6,H8,Anada,34,Pare Manyanet - Virgili,327,19:51:12,51.2,8.316666666733333,499.0,
6803,5,H8,Anada,34,Pare Manyanet - Virgili,327,20:09:23,9.38,18.183333333333334,1091.0,9
6016,6,H8,Anada,34,Pare Manyanet - Virgili,327,20:23:18,23.3,13.916666666666666,835.0,
6805,6,H8,Anada,34,Pare Manyanet - Virgili,327,20:44:33,44.55,21.24999999996667,1275.0,33
6015,7,H8,Anada,34,Pare Manyanet - Virgili,327,21:04:37,4.62,20.066666666666666,1204.0,
6813,7,H8,Anada,34,Pare Manyanet - Virgili,327,21:19:06,19.1,14.483333333366666,869.0,
6813,1,H8,Anada,35,Segre - Borriana,3284,06:23:11,23.18,,,
6014,1,H8,Anada,35,Segre - Borriana,3284,06:46:10,46.17,22.983333333366666,1379.0,
6802,1,H8,Anada,35,Segre - Borriana,3284,07:07:16,7.27,21.1,1266.0,
6016,1,H8,Anada,35,Segre - Borriana,3284,07:27:04,27.07,19.8,1188.0,
6805,1,H8,Anada,35,Segre - Borriana,3284,07:44:17,44.28,17.216666666666665,1033.0,11
6015,1,H8,Anada,35,Segre - Borriana,3284,08:34:52,34.87,23.6,1416.0,
6813,2,H8,Anada,35,Segre - Borriana,3284,08:52:32,52.53,17.666666666666668,1060.0,
6018,1,H8,Anada,35,Segre - Borriana,3284,09:05:21,5.35,12.816666666666666,769.0,
6014,2,H8,Anada,35,Segre - Borriana,3284,09:22:10,22.17,16.800000000066667,1008.0,
6802,2,H8,Anada,35,Segre - Borriana,3284,09:40:22,40.37,18.216666666600002,1093.0,
6803,1,H8,Anada,35,Segre - Borriana,3284,10:02:04,2.07,21.6833333334,1301.0,
6016,2,H8,Anada,35,Segre - Borriana,3284,10:21:41,21.68,19.616666666666667,1177.0,
6805,2,H8,Anada,35,Segre - Borriana,3284,10:33:40,33.67,11.999999999933333,720.0,
6814,2,H8,Anada,35,Segre - Borriana,3284,10:50:22,50.37,16.6833333334,1001.0,
6015,3,H8,Anada,35,Segre - Borriana,3284,11:09:11,9.18,18.83333333326667,1130.0,"5,6,7,9,14,15,16"
6813,3,H8,Anada,35,Segre - Borriana,3284,11:23:27,23.45,14.266666666666667,856.0,
6018,2,H8,Anada,35,Segre - Borriana,3284,11:35:55,35.92,12.466666666666667,748.0,
6014,3,H8,Anada,35,Segre - Borriana,3284,11:58:48,58.8,22.8666666667,1372.0,
6802,3,H8,Anada,35,Segre - Borriana,3284,12:17:03,17.05,18.266666666633334,1096.0,
6803,2,H8,Anada,35,Segre - Borriana,3284,12:31:26,31.43,14.383333333333333,863.0,9
6016,3,H8,Anada,35,Segre - Borriana,3284,12:48:49,48.82,17.3666666667,1042.0,1
6805,3,H8,Anada,35,Segre - Borriana,3284,13:04:40,4.67,15.866666666633334,952.0,
6814,3,H8,Anada,35,Segre - Borriana,3284,13:21:42,21.7,17.0166666667,1021.0,
6015,4,H8,Anada,35,Segre - Borriana,3284,13:34:50,34.83,13.133333333333333,788.0,
6813,4,H8,Anada,35,Segre - Borriana,3284,13:55:54,55.9,21.0833333333,1265.0,
6018,3,H8,Anada,35,Segre - Borriana,3284,14:08:32,8.53,12.616666666733332,757.0,12
6014,4,H8,Anada,35,Segre - Borriana,3284,14:25:08,25.13,16.6,996.0,9
6802,4,H8,Anada,35,Segre - Borriana,3284,14:46:28,46.47,21.3333333333,1280.0,
6803,3,H8,Anada,35,Segre - Borriana,3284,15:03:58,3.97,17.516666666633334,1051.0,
6016,4,H8,Anada,35,Segre - Borriana,3284,15:20:02,20.03,16.066666666666666,964.0,
6805,4,H8,Anada,35,Segre - Borriana,3284,15:38:55,38.92,18.883333333333333,1133.0,
6814,4,H8,Anada,35,Segre - Borriana,3284,15:48:49,48.82,9.8833333334,593.0,
6015,5,H8,Anada,35,Segre - Borriana,3284,16:13:41,13.68,24.866666666633332,1492.0,
6813,5,H8,Anada,35,Segre - Borriana,3284,16:25:13,25.22,11.533333333366667,692.0,
6018,4,H8,Anada,35,Segre - Borriana,3284,16:34:49,34.82,9.6166666666,577.0,"9,12"
6803,4,H8,Anada,35,Segre - Borriana,3284,17:35:49,35.82,15.6,936.0,
6016,5,H8,Anada,35,Segre - Borriana,3284,17:52:56,52.93,17.133333333266666,1028.0,
6805,5,H8,Anada,35,Segre - Borriana,3284,18:08:47,8.78,15.833333333366665,950.0,
6814,5,H8,Anada,35,Segre - Borriana,3284,18:28:45,28.75,19.9666666667,1198.0,
6015,6,H8,Anada,35,Segre - Borriana,3284,18:48:37,48.62,19.883333333266666,1193.0,
6813,6,H8,Anada,35,Segre - Borriana,3284,18:59:52,59.87,11.233333333366666,674.0,
6018,5,H8,Anada,35,Segre - Borriana,3284,19:18:41,18.68,18.816666666699998,1129.0,
6064,1,H8,Anada,35,Segre - Borriana,3284,19:44:08,44.13,25.449999999966668,1527.0,"1,2"
6802,6,H8,Anada,35,Segre - Borriana,3284,19:52:48,52.8,8.683333333316666,521.0,
6803,5,H8,Anada,35,Segre - Borriana,3284,20:11:36,11.6,18.799999999983335,1128.0,9
6016,6,H8,Anada,35,Segre - Borriana,3284,20:25:09,25.15,13.5333333334,812.0,
6805,6,H8,Anada,35,Segre - Borriana,3284,20:45:54,45.9,20.75,1245.0,33
6015,7,H8,Anada,35,Segre - Borriana,3284,21:07:00,7.0,21.099999999966666,1266.0,
6813,7,H8,Anada,35,Segre - Borriana,3284,21:20:00,20.0,13.016666666633334,781.0,
6813,1,H8,Anada,36,Sant Adrià - Josep Soldevila,3282,06:24:18,24.3,,,
6014,1,H8,Anada,36,Sant Adrià - Josep Soldevila,3282,06:48:33,48.55,24.25,1455.0,
6802,1,H8,Anada,36,Sant Adrià - Josep Soldevila,3282,07:09:44,9.73,21.183333333333334,1271.0,
6016,1,H8,Anada,36,Sant Adrià - Josep Soldevila,3282,07:28:58,28.97,19.233333333333334,1154.0,
6805,1,H8,Anada,36,Sant Adrià - Josep Soldevila,3282,07:46:05,46.08,17.100000000033333,1026.0,11
6015,1,H8,Anada,36,Sant Adrià - Josep Soldevila,3282,08:37:54,37.9,23.883333333333333,1433.0,
6813,2,H8,Anada,36,Sant Adrià - Josep Soldevila,3282,08:55:08,55.13,17.233333333333334,1034.0,
6018,1,H8,Anada,36,Sant Adrià - Josep Soldevila,3282,09:07:31,7.52,12.366666666733332,742.0,
6014,2,H8,Anada,36,Sant Adrià - Josep Soldevila,3282,09:24:20,24.33,16.816666666666666,1009.0,
6802,2,H8,Anada,36,Sant Adrià - Josep Soldevila,3282,09:42:53,42.88,18.549999999966666,1113.0,
6803,1,H8,Anada,36,Sant Adrià - Josep Soldevila,3282,10:03:47,3.78,20.900000000033334,1254.0,
6016,2,H8,Anada,36,Sant Adrià - Josep Soldevila,3282,10:23:25,23.42,19.649999999933335,1179.0,
6805,2,H8,Anada,36,Sant Adrià - Josep Soldevila,3282,10:35:36,35.6,12.166666666733333,730.0,
6814,2,H8,Anada,36,Sant Adrià - Josep Soldevila,3282,10:54:01,54.02,18.433333333266667,1106.0,
6015,3,H8,Anada,36,Sant Adrià - Josep Soldevila,3282,11:11:31,11.52,17.4833333334,1049.0,"5,6,7,9,14,15,16"
6813,3,H8,Anada,36,Sant Adrià - Josep Soldevila,3282,11:25:32,25.53,14.033333333266667,842.0,
6018,2,H8,Anada,36,Sant Adrià - Josep Soldevila,3282,11:38:46,38.77,13.233333333333333,794.0,
6014,3,H8,Anada,36,Sant Adrià - Josep Soldevila,3282,12:01:28,1.47,22.6833333334,1361.0,
6802,3,H8,Anada,36,Sant Adrià - Josep Soldevila,3282,12:19:18,19.3,17.849999999933335,1071.0,
6803,2,H8,Anada,36,Sant Adrià - Josep Soldevila,3282,12:33:55,33.92,14.600000000066666,876.0,9
6016,3,H8,Anada,36,Sant Adrià - Josep Soldevila,3282,12:50:07,50.12,16.216666666600002,973.0,1
6805,3,H8,Anada,36,Sant Adrià - Josep Soldevila,3282,13:05:49,5.82,15.7,942.0,
6814,3,H8,Anada,36,Sant Adrià - Josep Soldevila,3282,13:23:43,23.72,17.9,1074.0,
6015,4,H8,Anada,36,Sant Adrià - Josep Soldevila,3282,13:36:41,36.68,12.966666666666667,778.0,
6813,4,H8,Anada,36,Sant Adrià - Josep Soldevila,3282,13:57:48,57.8,21.116666666666667,1267.0,
6018,3,H8,Anada,36,Sant Adrià - Josep Soldevila,3282,14:10:04,10.07,12.250000000066667,735.0,12
6014,4,H8,Anada,36,Sant Adrià - Josep Soldevila,3282,14:27:18,27.3,17.233333333333334,1034.0,9
6802,4,H8,Anada,36,Sant Adrià - Josep Soldevila,3282,14:49:03,49.05,21.74999999996667,1305.0,
6803,3,H8,Anada,36,Sant Adrià - Josep Soldevila,3282,15:06:02,6.03,16.99999999995,1020.0,
6016,4,H8,Anada,36,Sant Adrià - Josep Soldevila,3282,15:21:13,21.22,15.18333333335,911.0,
6805,4,H8,Anada,36,Sant Adrià - Josep Soldevila,3282,15:41:11,41.18,19.950000000066666,1197.0,
6814,4,H8,Anada,36,Sant Adrià - Josep Soldevila,3282,15:51:01,51.02,9.8333333333,590.0,
6015,5,H8,Anada,36,Sant Adrià - Josep Soldevila,3282,16:15:00,15.0,23.983333333366666,1439.0,
6813,5,H8,Anada,36,Sant Adrià - Josep Soldevila,3282,16:27:49,27.82,12.816666666633333,769.0,
6018,4,H8,Anada,36,Sant Adrià - Josep Soldevila,3282,16:35:57,35.95,8.133333333366666,488.0,"9,12"
6803,4,H8,Anada,36,Sant Adrià - Josep Soldevila,3282,17:37:09,37.15,15.5833333333,935.0,
6016,5,H8,Anada,36,Sant Adrià - Josep Soldevila,3282,17:54:11,54.18,17.033333333366667,1022.0,
6805,5,H8,Anada,36,Sant Adrià - Josep Soldevila,3282,18:09:50,9.83,15.649999999966667,939.0,
6814,5,H8,Anada,36,Sant Adrià - Josep Soldevila,3282,18:30:33,30.55,20.7166666667,1243.0,
6015,6,H8,Anada,36,Sant Adrià - Josep Soldevila,3282,18:50:25,50.42,19.866666666666667,1192.0,
6813,6,H8,Anada,36,Sant Adrià - Josep Soldevila,3282,19:02:03,2.05,11.649999999933334,699.0,
6018,5,H8,Anada,36,Sant Adrià - Josep Soldevila,3282,19:20:09,20.15,18.083333333366667,1085.0,
6802,6,H8,Anada,36,Sant Adrià - Josep Soldevila,3282,19:54:28,54.47,8.416666666666666,505.0,
6803,5,H8,Anada,36,Sant Adrià - Josep Soldevila,3282,20:13:03,13.05,18.566666666733333,1114.0,9
6016,6,H8,Anada,36,Sant Adrià - Josep Soldevila,3282,20:27:21,27.35,14.316666666600002,859.0,
6805,6,H8,Anada,36,Sant Adrià - Josep Soldevila,3282,20:48:01,48.02,20.650000000033334,1239.0,33
6015,7,H8,Anada,36,Sant Adrià - Josep Soldevila,3282,21:08:18,8.3,20.299999999983335,1218.0,
6813,7,H8,Anada,36,Sant Adrià - Josep Soldevila,3282,21:22:00,22.0,13.683333333383333,821.0,
6813,1,H8,Anada,37,Ferran Junoy - Sant Adrià,2583,06:24:26,24.43,,,
6014,1,H8,Anada,37,Ferran Junoy - Sant Adrià,2583,06:48:58,48.97,24.549999999966666,1473.0,
6802,1,H8,Anada,37,Ferran Junoy - Sant Adrià,2583,07:10:30,10.5,21.5166666667,1291.0,
6016,1,H8,Anada,37,Ferran Junoy - Sant Adrià,2583,07:31:35,31.58,21.083333333333332,1265.0,
6805,1,H8,Anada,37,Ferran Junoy - Sant Adrià,2583,07:47:42,47.7,16.1166666667,967.0,11
6015,1,H8,Anada,37,Ferran Junoy - Sant Adrià,2583,08:39:15,39.25,20.983333333366666,1259.0,
6813,2,H8,Anada,37,Ferran Junoy - Sant Adrià,2583,08:56:18,56.3,17.05,1023.0,
6018,1,H8,Anada,37,Ferran Junoy - Sant Adrià,2583,09:08:34,8.57,12.283333333283334,737.0,
6014,2,H8,Anada,37,Ferran Junoy - Sant Adrià,2583,09:25:38,25.63,17.06666666665,1024.0,
6802,2,H8,Anada,37,Ferran Junoy - Sant Adrià,2583,09:44:15,44.25,18.600000000066665,1116.0,
6803,1,H8,Anada,37,Ferran Junoy - Sant Adrià,2583,10:04:38,4.63,20.3833333333,1223.0,
6016,2,H8,Anada,37,Ferran Junoy - Sant Adrià,2583,10:25:41,25.68,21.050000000033332,1263.0,
6805,2,H8,Anada,37,Ferran Junoy - Sant Adrià,2583,10:36:41,36.68,10.999999999966667,660.0,
6814,2,H8,Anada,37,Ferran Junoy - Sant Adrià,2583,10:56:07,56.12,19.449999999966668,1167.0,
6015,3,H8,Anada,37,Ferran Junoy - Sant Adrià,2583,11:13:00,13.0,16.883333333333333,1013.0,"5,6,7,9,14,15,16"
6813,3,H8,Anada,37,Ferran Junoy - Sant Adrià,2583,11:26:27,26.45,13.433333333366667,806.0,
6018,2,H8,Anada,37,Ferran Junoy - Sant Adrià,2583,11:40:19,40.32,13.866666666666667,832.0,
6014,3,H8,Anada,37,Ferran Junoy - Sant Adrià,2583,12:03:23,3.38,23.066666666699998,1384.0,
6802,3,H8,Anada,37,Ferran Junoy - Sant Adrià,2583,12:20:01,20.02,16.6333333333,998.0,
6803,2,H8,Anada,37,Ferran Junoy - Sant Adrià,2583,12:34:38,34.63,14.6166666667,877.0,9
6016,3,H8,Anada,37,Ferran Junoy - Sant Adrià,2583,12:51:33,51.55,16.916666666666668,1015.0,1
6805,3,H8,Anada,37,Ferran Junoy - Sant Adrià,2583,13:08:04,8.07,16.53333333326667,992.0,
6814,3,H8,Anada,37,Ferran Junoy - Sant Adrià,2583,13:24:28,24.47,16.3833333334,983.0,
6015,4,H8,Anada,37,Ferran Junoy - Sant Adrià,2583,13:37:58,37.97,13.5166666666,811.0,
6813,4,H8,Anada,37,Ferran Junoy - Sant Adrià,2583,13:59:06,59.1,21.116666666733334,1267.0,
6018,3,H8,Anada,37,Ferran Junoy - Sant Adrià,2583,14:11:36,11.6,12.499999999966667,750.0,12
6014,4,H8,Anada,37,Ferran Junoy - Sant Adrià,2583,14:28:36,28.6,17.0,1020.0,9
6802,4,H8,Anada,37,Ferran Junoy - Sant Adrià,2583,14:50:31,50.52,21.933333333300002,1316.0,
6803,3,H8,Anada,37,Ferran Junoy - Sant Adrià,2583,15:06:52,6.87,16.35,981.0,
6016,4,H8,Anada,37,Ferran Junoy - Sant Adrià,2583,15:23:19,23.32,16.433333333366665,986.0,
6805,4,H8,Anada,37,Ferran Junoy - Sant Adrià,2583,15:42:44,42.73,19.416666666666668,1165.0,
6814,4,H8,Anada,37,Ferran Junoy - Sant Adrià,2583,15:51:55,51.92,9.183333333333334,551.0,
6015,5,H8,Anada,37,Ferran Junoy - Sant Adrià,2583,16:16:11,16.18,24.2833333333,1457.0,
6813,5,H8,Anada,37,Ferran Junoy - Sant Adrià,2583,16:28:14,28.23,12.0333333334,722.0,
6018,4,H8,Anada,37,Ferran Junoy - Sant Adrià,2583,16:36:55,36.92,8.6833333333,521.0,"9,12"
6803,4,H8,Anada,37,Ferran Junoy - Sant Adrià,2583,17:38:30,38.5,15.566666666633333,934.0,
6016,5,H8,Anada,37,Ferran Junoy - Sant Adrià,2583,17:54:40,54.67,16.183333333300002,971.0,
6805,5,H8,Anada,37,Ferran Junoy - Sant Adrià,2583,18:11:03,11.05,16.366666666733334,982.0,
6814,5,H8,Anada,37,Ferran Junoy - Sant Adrià,2583,18:32:29,32.48,21.433333333333334,1286.0,
6015,6,H8,Anada,37,Ferran Junoy - Sant Adrià,2583,18:51:31,51.52,19.049999999933334,1143.0,
6813,6,H8,Anada,37,Ferran Junoy - Sant Adrià,2583,19:03:07,3.12,11.583333333366665,695.0,
6018,5,H8,Anada,37,Ferran Junoy - Sant Adrià,2583,19:21:59,21.98,18.866666666666667,1132.0,
6064,1,H8,Anada,37,Ferran Junoy - Sant Adrià,2583,19:46:52,46.87,24.883333333333333,1493.0,"1,2"
6802,6,H8,Anada,37,Ferran Junoy - Sant Adrià,2583,19:55:47,55.78,8.916666666666666,535.0,
6803,5,H8,Anada,37,Ferran Junoy - Sant Adrià,2583,20:13:57,13.95,18.1666666667,1090.0,9
6016,6,H8,Anada,37,Ferran Junoy - Sant Adrià,2583,20:27:43,27.72,13.766666666633334,826.0,
6805,6,H8,Anada,37,Ferran Junoy - Sant Adrià,2583,20:48:49,48.82,21.116666666633332,1267.0,33
6015,7,H8,Anada,37,Ferran Junoy - Sant Adrià,2583,21:10:20,10.33,21.50000000003333,1290.0,
6813,7,H8,Anada,37,Ferran Junoy - Sant Adrià,2583,21:23:27,23.45,13.116666666666667,787.0,
6813,1,H8,Anada,38,Sao Paulo - Centre Comercial La Maquinista,2590,06:26:16,26.27,,,
6014,1,H8,Anada,38,Sao Paulo - Centre Comercial La Maquinista,2590,06:51:01,51.02,24.766666666633334,1486.0,
6802,1,H8,Anada,38,Sao Paulo - Centre Comercial La Maquinista,2590,07:11:34,11.57,20.55,1233.0,
6016,1,H8,Anada,38,Sao Paulo - Centre Comercial La Maquinista,2590,07:33:19,33.32,21.733333333366666,1304.0,
6805,1,H8,Anada,38,Sao Paulo - Centre Comercial La Maquinista,2590,07:49:53,49.88,16.566666666666666,994.0,11
6015,1,H8,Anada,38,Sao Paulo - Centre Comercial La Maquinista,2590,08:40:15,40.25,13.683333333333334,821.0,
6813,2,H8,Anada,38,Sao Paulo - Centre Comercial La Maquinista,2590,08:57:48,57.8,17.533333333399998,1052.0,
6018,1,H8,Anada,38,Sao Paulo - Centre Comercial La Maquinista,2590,09:10:09,10.15,12.349999999966666,741.0,
6014,2,H8,Anada,38,Sao Paulo - Centre Comercial La Maquinista,2590,09:26:51,26.85,16.716666666633333,1003.0,
6802,2,H8,Anada,38,Sao Paulo - Centre Comercial La Maquinista,2590,09:45:45,45.75,18.8833333334,1133.0,
6803,1,H8,Anada,38,Sao Paulo - Centre Comercial La Maquinista,2590,10:07:04,7.07,21.33333333326667,1280.0,
6016,2,H8,Anada,38,Sao Paulo - Centre Comercial La Maquinista,2590,10:27:45,27.75,20.6666666667,1240.0,
6805,2,H8,Anada,38,Sao Paulo - Centre Comercial La Maquinista,2590,10:37:44,37.73,9.983333333366666,599.0,
6814,2,H8,Anada,38,Sao Paulo - Centre Comercial La Maquinista,2590,10:58:03,58.05,20.316666666633335,1219.0,
6015,3,H8,Anada,38,Sao Paulo - Centre Comercial La Maquinista,2590,11:14:29,14.48,16.449999999983334,987.0,"5,6,7,9,14,15,16"
6813,3,H8,Anada,38,Sao Paulo - Centre Comercial La Maquinista,2590,11:28:21,28.35,13.86666666665,832.0,
6018,2,H8,Anada,38,Sao Paulo - Centre Comercial La Maquinista,2590,11:41:47,41.78,13.416666666733333,805.0,
6014,3,H8,Anada,38,Sao Paulo - Centre Comercial La Maquinista,2590,12:05:29,5.48,23.716666666600002,1423.0,
6802,3,H8,Anada,38,Sao Paulo - Centre Comercial La Maquinista,2590,12:21:42,21.7,16.200000000066666,972.0,
6803,2,H8,Anada,38,Sao Paulo - Centre Comercial La Maquinista,2590,12:36:45,36.75,15.05,903.0,9
6016,3,H8,Anada,38,Sao Paulo - Centre Comercial La Maquinista,2590,12:53:06,53.1,16.3666666666,982.0,1
6805,3,H8,Anada,38,Sao Paulo - Centre Comercial La Maquinista,2590,13:09:33,9.55,16.4333333334,986.0,
6814,3,H8,Anada,38,Sao Paulo - Centre Comercial La Maquinista,2590,13:26:57,26.95,17.4166666666,1045.0,
6015,4,H8,Anada,38,Sao Paulo - Centre Comercial La Maquinista,2590,13:39:40,39.67,12.716666666666667,763.0,
6813,4,H8,Anada,38,Sao Paulo - Centre Comercial La Maquinista,2590,14:00:02,0.03,20.350000000066665,1221.0,
6018,3,H8,Anada,38,Sao Paulo - Centre Comercial La Maquinista,2590,14:13:15,13.25,13.216666666666667,793.0,12
6014,4,H8,Anada,38,Sao Paulo - Centre Comercial La Maquinista,2590,14:30:01,30.02,16.783333333283334,1007.0,9
6802,4,H8,Anada,38,Sao Paulo - Centre Comercial La Maquinista,2590,14:51:52,51.87,21.833333333383333,1310.0,
6803,3,H8,Anada,38,Sao Paulo - Centre Comercial La Maquinista,2590,15:08:36,8.6,16.749999999916668,1005.0,
6016,4,H8,Anada,38,Sao Paulo - Centre Comercial La Maquinista,2590,15:25:13,25.22,16.600000000083334,996.0,
6805,4,H8,Anada,38,Sao Paulo - Centre Comercial La Maquinista,2590,15:44:47,44.78,19.566666666633335,1174.0,
6814,4,H8,Anada,38,Sao Paulo - Centre Comercial La Maquinista,2590,15:54:07,54.12,9.333333333333334,560.0,
6015,5,H8,Anada,38,Sao Paulo - Centre Comercial La Maquinista,2590,16:18:11,18.18,24.066666666699998,1444.0,
6813,5,H8,Anada,38,Sao Paulo - Centre Comercial La Maquinista,2590,16:30:16,30.27,12.099999999933335,726.0,
6018,4,H8,Anada,38,Sao Paulo - Centre Comercial La Maquinista,2590,16:40:07,40.12,9.85,591.0,"9,12"
6803,4,H8,Anada,38,Sao Paulo - Centre Comercial La Maquinista,2590,17:40:39,40.65,15.983333333366666,959.0,
6016,5,H8,Anada,38,Sao Paulo - Centre Comercial La Maquinista,2590,17:56:32,56.53,15.883333333333333,953.0,
6805,5,H8,Anada,38,Sao Paulo - Centre Comercial La Maquinista,2590,18:12:49,12.82,16.283333333366667,977.0,
6814,5,H8,Anada,38,Sao Paulo - Centre Comercial La Maquinista,2590,18:34:11,34.18,21.383333333266666,1283.0,
6015,6,H8,Anada,38,Sao Paulo - Centre Comercial La Maquinista,2590,18:53:16,53.27,19.066666666733333,1144.0,
6813,6,H8,Anada,38,Sao Paulo - Centre Comercial La Maquinista,2590,19:05:17,5.28,12.01666666665,721.0,
6018,5,H8,Anada,38,Sao Paulo - Centre Comercial La Maquinista,2590,19:23:15,23.25,17.96666666665,1078.0,
6064,1,H8,Anada,38,Sao Paulo - Centre Comercial La Maquinista,2590,19:48:44,48.73,25.483333333333334,1529.0,"1,2"
6802,6,H8,Anada,38,Sao Paulo - Centre Comercial La Maquinista,2590,19:58:14,58.23,9.5,570.0,
6803,5,H8,Anada,38,Sao Paulo - Centre Comercial La Maquinista,2590,20:16:13,16.22,17.983333333366666,1079.0,9
6016,6,H8,Anada,38,Sao Paulo - Centre Comercial La Maquinista,2590,20:29:41,29.68,13.466666666633333,808.0,
6805,6,H8,Anada,38,Sao Paulo - Centre Comercial La Maquinista,2590,20:50:27,50.45,20.7833333333,1247.0,33
6015,7,H8,Anada,38,Sao Paulo - Centre Comercial La Maquinista,2590,21:11:21,11.35,20.9,1254.0,
6813,7,H8,Anada,38,Sao Paulo - Centre Comercial La Maquinista,2590,21:24:55,24.92,13.550000000033332,813.0,
6813,1,H8,Anada,39,Lima - Ciutat d'Asunción,603,06:27:35,27.58,,,
6014,1,H8,Anada,39,Lima - Ciutat d'Asunción,603,06:51:41,51.68,24.116666666633332,1447.0,
6802,1,H8,Anada,39,Lima - Ciutat d'Asunción,603,07:12:41,12.68,20.9833333334,1259.0,
6016,1,H8,Anada,39,Lima - Ciutat d'Asunción,603,07:33:42,33.7,21.03333333326667,1262.0,
6805,1,H8,Anada,39,Lima - Ciutat d'Asunción,603,07:50:42,50.7,16.983333333366666,1019.0,11
6015,1,H8,Anada,39,Lima - Ciutat d'Asunción,603,08:42:09,42.15,14.666666666633335,880.0,
6813,2,H8,Anada,39,Lima - Ciutat d'Asunción,603,08:58:23,58.38,16.233333333333334,974.0,
6018,1,H8,Anada,39,Lima - Ciutat d'Asunción,603,09:12:09,12.15,13.766666666666667,826.0,
6014,2,H8,Anada,39,Lima - Ciutat d'Asunción,603,09:28:30,28.5,16.366666666633332,982.0,
6802,2,H8,Anada,39,Lima - Ciutat d'Asunción,603,09:46:21,46.35,17.833333333366667,1070.0,
6803,1,H8,Anada,39,Lima - Ciutat d'Asunción,603,10:07:32,7.53,21.183333333366665,1271.0,
6016,2,H8,Anada,39,Lima - Ciutat d'Asunción,603,10:28:47,28.78,21.24999999996667,1275.0,
6805,2,H8,Anada,39,Lima - Ciutat d'Asunción,603,10:40:06,40.1,11.316666666666666,679.0,
6814,2,H8,Anada,39,Lima - Ciutat d'Asunción,603,10:59:08,59.13,19.033333333366667,1142.0,
6015,3,H8,Anada,39,Lima - Ciutat d'Asunción,603,11:15:34,15.57,16.433333333300002,986.0,"5,6,7,9,14,15,16"
6813,3,H8,Anada,39,Lima - Ciutat d'Asunción,603,11:30:13,30.22,14.650000000033334,879.0,
6018,2,H8,Anada,39,Lima - Ciutat d'Asunción,603,11:43:37,43.62,13.4,804.0,
6014,3,H8,Anada,39,Lima - Ciutat d'Asunción,603,12:06:43,6.72,23.1166666666,1387.0,
6802,3,H8,Anada,39,Lima - Ciutat d'Asunción,603,12:23:26,23.43,16.700000000033334,1002.0,
6803,2,H8,Anada,39,Lima - Ciutat d'Asunción,603,12:38:20,38.33,14.900000000033334,894.0,9
6016,3,H8,Anada,39,Lima - Ciutat d'Asunción,603,12:54:14,54.23,15.899999999966667,954.0,1
6805,3,H8,Anada,39,Lima - Ciutat d'Asunción,603,13:11:00,11.0,16.7833333333,1007.0,
6814,3,H8,Anada,39,Lima - Ciutat d'Asunción,603,13:27:35,27.58,16.566666666699998,994.0,
6015,4,H8,Anada,39,Lima - Ciutat d'Asunción,603,13:41:41,41.68,14.1,846.0,
6813,4,H8,Anada,39,Lima - Ciutat d'Asunción,603,14:00:33,0.55,18.866666666666667,1132.0,
6018,3,H8,Anada,39,Lima - Ciutat d'Asunción,603,14:15:00,15.0,14.45,867.0,12
6014,4,H8,Anada,39,Lima - Ciutat d'Asunción,603,14:31:20,31.33,16.333333333366667,980.0,9
6802,4,H8,Anada,39,Lima - Ciutat d'Asunción,603,14:53:19,53.32,21.999999999933333,1320.0,
6803,3,H8,Anada,39,Lima - Ciutat d'Asunción,603,15:10:34,10.57,17.233333333366666,1034.0,
6016,4,H8,Anada,39,Lima - Ciutat d'Asunción,603,15:26:42,26.7,16.149999999966667,969.0,
6805,4,H8,Anada,39,Lima - Ciutat d'Asunción,603,15:46:17,46.28,19.566666666699998,1174.0,
6814,4,H8,Anada,39,Lima - Ciutat d'Asunción,603,15:55:17,55.28,9.000000000033333,540.0,
6015,5,H8,Anada,39,Lima - Ciutat d'Asunción,603,16:20:00,20.0,24.716666666666665,1483.0,
6813,5,H8,Anada,39,Lima - Ciutat d'Asunción,603,16:31:53,31.88,11.899999999950001,714.0,
6018,4,H8,Anada,39,Lima - Ciutat d'Asunción,603,16:41:03,41.05,9.150000000016666,549.0,"9,12"
6803,4,H8,Anada,39,Lima - Ciutat d'Asunción,603,17:41:20,41.33,14.050000000066666,843.0,
6016,5,H8,Anada,39,Lima - Ciutat d'Asunción,603,17:57:58,57.97,16.649999999933335,999.0,
6805,5,H8,Anada,39,Lima - Ciutat d'Asunción,603,18:14:14,14.23,16.250000000066667,975.0,
6814,5,H8,Anada,39,Lima - Ciutat d'Asunción,603,18:36:17,36.28,22.0666666666,1324.0,
6015,6,H8,Anada,39,Lima - Ciutat d'Asunción,603,18:54:12,54.2,17.900000000066665,1074.0,
6813,6,H8,Anada,39,Lima - Ciutat d'Asunción,603,19:05:50,5.83,11.649999999933334,699.0,
6018,5,H8,Anada,39,Lima - Ciutat d'Asunción,603,19:23:33,23.55,17.700000000033334,1062.0,
6802,6,H8,Anada,39,Lima - Ciutat d'Asunción,603,19:59:00,59.0,9.316666666666666,559.0,
6803,5,H8,Anada,39,Lima - Ciutat d'Asunción,603,20:17:01,17.02,18.0166666667,1081.0,9
6016,6,H8,Anada,39,Lima - Ciutat d'Asunción,603,20:31:05,31.08,14.066666666633333,844.0,
6805,6,H8,Anada,39,Lima - Ciutat d'Asunción,603,20:52:06,52.1,21.016666666666666,1261.0,33
6015,7,H8,Anada,39,Lima - Ciutat d'Asunción,603,21:12:56,12.93,20.833333333366667,1250.0,
6813,7,H8,Anada,39,Lima - Ciutat d'Asunción,603,21:26:42,26.7,13.766666666633334,826.0,
6814,2,H8,Tornada,0,Meridiana - La Sagrera,455,06:17:45,17.75,,,"1,2,3,4,5,6,7,8,9,10,11,12,13,14,15,16,17,18,19,20,21,22,23,24,25,26,27,28,29,30,31,32,33,34,35,36,37,38"
6015,2,H8,Tornada,0,Meridiana - La Sagrera,455,06:39:06,39.1,21.35,1281.0,"1,2,3,4,5,6,7,8,9,10,11,12,13,14,15,16,17,18,19,20,21,22,23,24,25,26,27,28,29,30,31,32,33,34,35,36,37,38"
6813,2,H8,Tornada,0,Meridiana - La Sagrera,455,06:59:16,59.27,20.166666666666668,1210.0,"1,2,3,4,5,6,7,8,9,10,11,12,13,14,15,16,17,18,19,20,21,22,23,24,25,26,27,28,29,30,31,32,33,34,35,36,37,38"
6014,2,H8,Tornada,0,Meridiana - La Sagrera,455,07:20:38,20.63,21.3833333333,1283.0,"1,2,3,4,5,6,7,8,9,10,11,12,13,14,15,16,17,18,19,20,21,22,23,24,25,26,27,28,29,30,31,32,33,34,35,36,37,38"
6802,2,H8,Tornada,0,Meridiana - La Sagrera,455,07:38:54,38.9,18.25000000003333,1095.0,"1,2,3,4,5,6,7,8,9,10,11,12,13,14,15,16,17,18,19,20,21,22,23,24,25,26,27,28,29,30,31,32,33,34,35,36,37,38"
6803,2,H8,Tornada,0,Meridiana - La Sagrera,455,07:55:01,55.02,16.116666666666667,967.0,"1,2,3,4,5,6,7,8,9,10,11,12,13,14,15,16,17,18,19,20,21,22,23,24,25,26,27,28,29,30,31,32,33,34,35,36,37,38"
6016,2,H8,Tornada,0,Meridiana - La Sagrera,455,08:16:27,16.45,21.433333333333334,1286.0,"1,2,3,4,5,6,7,8,9,10,11,12,13,14,15,16,17,18,19,20,21,22,23,24,25,26,27,28,29,30,31,32,33,34,35,36,37,38"
6805,2,H8,Tornada,0,Meridiana - La Sagrera,455,08:32:04,32.07,15.616666666666667,937.0,"1,2,3,4,5,6,7,8,9,10,11,12,13,14,15,16,17,18,19,20,21,22,23,24,25,26,27,28,29,30,31,32,33,34,35,36,37,38"
6814,4,H8,Tornada,0,Meridiana - La Sagrera,455,08:52:55,52.92,20.850000000033333,1251.0,"1,2,3,4,5,6,7,8,9,10,11,12,13,14,15,16,17,18,19,20,21,22,23,24,25,26,27,28,29,30,31,32,33,34,35,36,37,38"
6015,4,H8,Tornada,0,Meridiana - La Sagrera,455,09:07:24,7.4,14.483333333300001,869.0,"1,2,3,4,5,6,7,8,9,10,11,12,13,14,15,16,17,18,19,20,21,22,23,24,25,26,27,28,29,30,31,32,33,34,35,36,37,38"
6813,4,H8,Tornada,0,Meridiana - La Sagrera,455,09:23:07,23.12,15.733333333300001,944.0,"1,2,3,4,5,6,7,8,9,10,11,12,13,14,15,16,17,18,19,20,21,22,23,24,25,26,27,28,29,30,31,32,33,34,35,36,37,38"
6018,2,H8,Tornada,0,Meridiana - La Sagrera,455,09:40:07,40.12,16.9833333334,1019.0,"1,2,3,4,5,6,7,8,9,10,11,12,13,14,15,16,17,18,19,20,21,22,23,24,25,26,27,28,29,30,31,32,33,34,35,36,37,38"
6014,4,H8,Tornada,0,Meridiana - La Sagrera,455,09:56:25,56.42,16.3,978.0,"1,2,3,4,5,6,7,8,9,10,11,12,13,14,15,16,17,18,19,20,21,22,23,24,25,26,27,28,29,30,31,32,33,34,35,36,37,38"
6802,4,H8,Tornada,0,Meridiana - La Sagrera,455,10:14:40,14.67,18.2666666666,1096.0,"1,2,3,4,5,6,7,8,9,10,11,12,13,14,15,16,17,18,19,20,21,22,23,24,25,26,27,28,29,30,31,32,33,34,35,36,37,38"
6803,4,H8,Tornada,0,Meridiana - La Sagrera,455,10:31:55,31.92,17.233333333366666,1034.0,"1,2,3,4,5,6,7,8,9,10,11,12,13,14,15,16,17,18,19,20,21,22,23,24,25,26,27,28,29,30,31,32,33,34,35,36,37,38"
6016,4,H8,Tornada,0,Meridiana - La Sagrera,455,10:49:41,49.68,17.7666666667,1066.0,"1,2,3,4,5,6,7,8,9,10,11,12,13,14,15,16,17,18,19,20,21,22,23,24,25,26,27,28,29,30,31,32,33,34,35,36,37,38"
6805,5,H8,Tornada,0,Meridiana - La Sagrera,455,11:07:05,7.08,17.4,1044.0,"1,2,3,4,5,6,7,8,9,10,11,12,13,14,15,16,17,18,19,20,21,22,23,24,25,26,27,28,29,30,31,32,33,34,35,36,37,38"
6814,7,H8,Tornada,0,Meridiana - La Sagrera,455,11:26:27,26.45,19.366666666633332,1162.0,"1,2,3,4,5,6,7,8,9,10,11,12,13,14,15,16,17,18,19,20,21,22,23,24,25,26,27,28,29,30,31,32,33,34,35,36,37,38"
6015,7,H8,Tornada,0,Meridiana - La Sagrera,455,11:42:59,42.98,16.533333333333335,992.0,"1,2,3,4,5,6,7,8,9,10,11,12,13,14,15,16,17,18,19,20,21,22,23,24,25,26,27,28,29,30,31,32,33,34,35,36,37,38"
6813,7,H8,Tornada,0,Meridiana - La Sagrera,455,11:55:42,55.7,12.716666666666667,763.0,"1,2,3,4,5,6,7,8,9,10,11,12,13,14,15,16,17,18,19,20,21,22,23,24,25,26,27,28,29,30,31,32,33,34,35,36,37,38"
6018,5,H8,Tornada,0,Meridiana - La Sagrera,455,12:12:50,12.83,17.133333333333333,1028.0,"1,2,3,4,5,6,7,8,9,10,11,12,13,14,15,16,17,18,19,20,21,22,23,24,25,26,27,28,29,30,31,32,33,34,35,36,37,38"
6014,6,H8,Tornada,0,Meridiana - La Sagrera,455,12:31:31,31.52,18.683333333333334,1121.0,"1,2,3,4,5,6,7,8,9,10,11,12,13,14,15,16,17,18,19,20,21,22,23,24,25,26,27,28,29,30,31,32,33,34,35,36,37,38"
6802,7,H8,Tornada,0,Meridiana - La Sagrera,455,12:50:01,50.02,18.516666666633334,1111.0,"1,2,3,4,5,6,7,8,9,10,11,12,13,14,15,16,17,18,19,20,21,22,23,24,25,26,27,28,29,30,31,32,33,34,35,36,37,38"
6803,6,H8,Tornada,0,Meridiana - La Sagrera,455,13:05:16,5.27,15.2333333334,914.0,"1,2,3,4,5,6,7,8,9,10,11,12,13,14,15,16,17,18,19,20,21,22,23,24,25,26,27,28,29,30,31,32,33,34,35,36,37,38"
6016,6,H8,Tornada,0,Meridiana - La Sagrera,455,13:21:22,21.37,16.1,966.0,"1,2,3,4,5,6,7,8,9,10,11,12,13,14,15,16,17,18,19,20,21,22,23,24,25,26,27,28,29,30,31,32,33,34,35,36,37,38"
6805,8,H8,Tornada,0,Meridiana - La Sagrera,455,13:39:28,39.47,18.1166666666,1087.0,"1,2,3,4,5,6,7,8,9,10,11,12,13,14,15,16,17,18,19,20,21,22,23,24,25,26,27,28,29,30,31,32,33,34,35,36,37,38"
6814,10,H8,Tornada,0,Meridiana - La Sagrera,455,13:58:05,58.08,18.600000000033333,1116.0,"1,2,3,4,5,6,7,8,9,10,11,12,13,14,15,16,17,18,19,20,21,22,23,24,25,26,27,28,29,30,31,32,33,34,35,36,37,38"
6015,10,H8,Tornada,0,Meridiana - La Sagrera,455,14:11:25,11.42,13.333333333366665,800.0,"1,2,3,4,5,6,7,8,9,10,11,12,13,14,15,16,17,18,19,20,21,22,23,24,25,26,27,28,29,30,31,32,33,34,35,36,37,38"
6813,10,H8,Tornada,0,Meridiana - La Sagrera,455,14:26:12,26.2,14.783333333333333,887.0,"1,2,3,4,5,6,7,8,9,10,11,12,13,14,15,16,17,18,19,20,21,22,23,24,25,26,27,28,29,30,31,32,33,34,35,36,37,38"
6018,7,H8,Tornada,0,Meridiana - La Sagrera,455,14:44:26,44.43,18.2333333333,1094.0,"1,2,3,4,5,6,7,8,9,10,11,12,13,14,15,16,17,18,19,20,21,22,23,24,25,26,27,28,29,30,31,32,33,34,35,36,37,38"
6014,9,H8,Tornada,0,Meridiana - La Sagrera,455,15:02:42,2.7,18.266666666666666,1096.0,"1,2,3,4,5,6,7,8,9,10,11,12,13,14,15,16,17,18,19,20,21,22,23,24,25,26,27,28,29,30,31,32,33,34,35,36,37,38"
6802,9,H8,Tornada,0,Meridiana - La Sagrera,455,15:20:42,20.7,18.0,1080.0,"1,2,3,4,5,6,7,8,9,10,11,12,13,14,15,16,17,18,19,20,21,22,23,24,25,26,27,28,29,30,31,32,33,34,35,36,37,38"
6803,8,H8,Tornada,0,Meridiana - La Sagrera,455,15:36:19,36.32,15.6333333333,938.0,"1,2,3,4,5,6,7,8,9,10,11,12,13,14,15,16,17,18,19,20,21,22,23,24,25,26,27,28,29,30,31,32,33,34,35,36,37,38"
6016,8,H8,Tornada,0,Meridiana - La Sagrera,455,15:54:31,54.52,18.2,1092.0,"1,2,3,4,5,6,7,8,9,10,11,12,13,14,15,16,17,18,19,20,21,22,23,24,25,26,27,28,29,30,31,32,33,34,35,36,37,38"
6805,10,H8,Tornada,0,Meridiana - La Sagrera,455,16:12:55,12.92,18.3833333334,1103.0,"1,2,3,4,5,6,7,8,9,10,11,12,13,14,15,16,17,18,19,20,21,22,23,24,25,26,27,28,29,30,31,32,33,34,35,36,37,38"
6814,13,H8,Tornada,0,Meridiana - La Sagrera,455,16:28:10,28.17,15.249999999966667,915.0,"1,2,3,4,5,6,7,8,9,10,11,12,13,14,15,16,17,18,19,20,21,22,23,24,25,26,27,28,29,30,31,32,33,34,35,36,37,38"
6015,12,H8,Tornada,0,Meridiana - La Sagrera,455,16:44:34,44.57,16.416666666633333,985.0,"1,2,3,4,5,6,7,8,9,10,11,12,13,14,15,16,17,18,19,20,21,22,23,24,25,26,27,28,29,30,31,32,33,34,35,36,37,38"
6813,12,H8,Tornada,0,Meridiana - La Sagrera,455,17:06:36,6.6,22.016666666733332,1321.0,"1,2,3,4,5,6,7,8,9,10,11,12,13,14,15,16,17,18,19,20,21,22,23,24,25,26,27,28,29,30,31,32,33,34,35,36,37,38"
6018,9,H8,Tornada,0,Meridiana - La Sagrera,455,17:21:46,21.77,15.183333333266667,911.0,"1,2,3,4,5,6,7,8,9,10,11,12,13,14,15,16,17,18,19,20,21,22,23,24,25,26,27,28,29,30,31,32,33,34,35,36,37,38"
6803,10,H8,Tornada,0,Meridiana - La Sagrera,455,18:13:04,13.07,19.516666666733332,1171.0,"1,2,3,4,5,6,7,8,9,10,11,12,13,14,15,16,17,18,19,20,21,22,23,24,25,26,27,28,29,30,31,32,33,34,35,36,37,38"
6016,10,H8,Tornada,0,Meridiana - La Sagrera,455,18:27:58,27.97,14.899999999983333,894.0,"1,2,3,4,5,6,7,8,9,10,11,12,13,14,15,16,17,18,19,20,21,22,23,24,25,26,27,28,29,30,31,32,33,34,35,36,37,38"
6805,12,H8,Tornada,0,Meridiana - La Sagrera,455,18:46:02,46.03,18.083333333283335,1085.0,"1,2,3,4,5,6,7,8,9,10,11,12,13,14,15,16,17,18,19,20,21,22,23,24,25,26,27,28,29,30,31,32,33,34,35,36,37,38"
6814,15,H8,Tornada,0,Meridiana - La Sagrera,455,19:01:46,1.77,15.7166666667,943.0,"1,2,3,4,5,6,7,8,9,10,11,12,13,14,15,16,17,18,19,20,21,22,23,24,25,26,27,28,29,30,31,32,33,34,35,36,37,38"
6015,14,H8,Tornada,0,Meridiana - La Sagrera,455,19:18:46,18.77,17.00000000003333,1020.0,"1,2,3,4,5,6,7,8,9,10,11,12,13,14,15,16,17,18,19,20,21,22,23,24,25,26,27,28,29,30,31,32,33,34,35,36,37,38"
6813,14,H8,Tornada,0,Meridiana - La Sagrera,455,19:35:35,35.58,16.816666666666666,1009.0,"1,2,3,4,5,6,7,8,9,10,11,12,13,14,15,16,17,18,19,20,21,22,23,24,25,26,27,28,29,30,31,32,33,34,35,36,37,38"
6018,11,H8,Tornada,0,Meridiana - La Sagrera,455,19:50:39,50.65,15.066666666666666,904.0,"1,2,3,4,5,6,7,8,9,10,11,12,13,14,15,16,17,18,19,20,21,22,23,24,25,26,27,28,29,30,31,32,33,34,35,36,37,38"
6064,3,H8,Tornada,0,Meridiana - La Sagrera,455,20:12:30,12.5,21.8666666666,1312.0,"1,2,3,4,5,6,7,8,9,10,11,12,13,14,15,16,17,18,19,20,21,22,23,24,25,26,27,28,29,30,31,32,33,34,35,36,37,38"
6802,14,H8,Tornada,0,Meridiana - La Sagrera,455,20:28:15,28.25,15.733333333366666,944.0,"1,2,3,4,5,6,7,8,9,10,11,12,13,14,15,16,17,18,19,20,21,22,23,24,25,26,27,28,29,30,31,32,33,34,35,36,37,38"
6803,12,H8,Tornada,0,Meridiana - La Sagrera,455,20:43:06,43.1,14.85,891.0,"1,2,3,4,5,6,7,8,9,10,11,12,13,14,15,16,17,18,19,20,21,22,23,24,25,26,27,28,29,30,31,32,33,34,35,36,37,38"
6016,12,H8,Tornada,0,Meridiana - La Sagrera,455,21:01:16,1.27,18.1666666667,1090.0,"1,2,3,4,5,6,7,8,9,10,11,12,13,14,15,16,17,18,19,20,21,22,23,24,25,26,27,28,29,30,31,32,33,34,35,36,37,38"
6805,14,H8,Tornada,0,Meridiana - La Sagrera,455,21:15:05,15.08,13.816666666666666,829.0,"1,2,3,4,5,6,7,8,9,10,11,12,13,14,15,16,17,18,19,20,21,22,23,24,25,26,27,28,29,30,31,32,33,34,35,36,37,38"
6015,1,H8,Tornada,1,Sas - Pl Celestí Boada - Final de trajecte,3642,06:20:00,20.0,,,"13,14,15,16,17,18,19,20,21,22,23,24,25,26,27,28,29,30,31,32,33,34,35,36,37,38"
6813,1,H8,Tornada,1,Sas - Pl Celestí Boada - Final de trajecte,3642,06:40:00,40.0,19.99999999996667,1200.0,"13,14,15,16,17,18,19,20,21,22,23,24,25,26,27,28,29,30,31,32,33,34,35,36,37,38"
6014,1,H8,Tornada,1,Sas - Pl Celestí Boada - Final de trajecte,3642,06:59:59,59.98,19.99999999996667,1200.0,"13,14,15,16,17,18,19,20,21,22,23,24,25,26,27,28,29,30,31,32,33,34,35,36,37,38"
6802,1,H8,Tornada,1,Sas - Pl Celestí Boada - Final de trajecte,3642,07:19:59,19.98,20.0,1200.0,"4,13,14,15,16,17,18,19,20,21,22,23,24,25,26,27,28,29,30,31,32,33,34,35,36,37,38"
6805,1,H8,Tornada,1,Sas - Pl Celestí Boada - Final de trajecte,3642,08:12:00,12.0,17.00000000003333,1020.0,"13,14,15,16,17,18,19,20,21,22,23,24,25,26,27,28,29,30,31,32,33,34,35,36,37,38"
6814,3,H8,Tornada,1,Sas - Pl Celestí Boada - Final de trajecte,3642,08:29:21,29.35,17.350000000033333,1041.0,"13,14,15,16,17,18,19,20,21,22,23,24,25,26,27,28,29,30,31,32,33,34,35,36,37,38"
6015,3,H8,Tornada,1,Sas - Pl Celestí Boada - Final de trajecte,3642,08:47:00,47.0,17.65,1059.0,"13,14,15,16,17,18,19,20,21,22,23,24,25,26,27,28,29,30,31,32,33,34,35,36,37,38"
6813,3,H8,Tornada,1,Sas - Pl Celestí Boada - Final de trajecte,3642,09:05:00,5.0,17.99999999996667,1080.0,"6,13,14,15,16,17,18,19,20,21,22,23,24,25,26,27,28,29,30,31,32,33,34,35,36,37,38"
6018,1,H8,Tornada,1,Sas - Pl Celestí Boada - Final de trajecte,3642,09:22:00,22.0,17.0,1020.0,"13,14,15,16,17,18,19,20,21,22,23,24,25,26,27,28,29,30,31,32,33,34,35,36,37,38"
6014,3,H8,Tornada,1,Sas - Pl Celestí Boada - Final de trajecte,3642,09:39:00,39.0,17.0,1020.0,"13,14,15,16,17,18,19,20,21,22,23,24,25,26,27,28,29,30,31,32,33,34,35,36,37,38"
6802,3,H8,Tornada,1,Sas - Pl Celestí Boada - Final de trajecte,3642,09:56:00,56.0,17.0,1020.0,"13,14,15,16,17,18,19,20,21,22,23,24,25,26,27,28,29,30,31,32,33,34,35,36,37,38"
6803,3,H8,Tornada,1,Sas - Pl Celestí Boada - Final de trajecte,3642,10:13:00,13.0,17.00000000003333,1020.0,"13,14,15,16,17,18,19,20,21,22,23,24,25,26,27,28,29,30,31,32,33,34,35,36,37,38"
6016,3,H8,Tornada,1,Sas - Pl Celestí Boada - Final de trajecte,3642,10:30:16,30.27,17.266666666666666,1036.0,"13,14,15,16,17,18,19,20,21,22,23,24,25,26,27,28,29,30,31,32,33,34,35,36,37,38"
6805,4,H8,Tornada,1,Sas - Pl Celestí Boada - Final de trajecte,3642,10:47:59,47.98,17.733333333266668,1064.0,"2,13,14,15,16,17,18,19,20,21,22,23,24,25,26,27,28,29,30,31,32,33,34,35,36,37,38"
6814,6,H8,Tornada,1,Sas - Pl Celestí Boada - Final de trajecte,3642,11:04:59,4.98,17.0,1020.0,"13,14,15,16,17,18,19,20,21,22,23,24,25,26,27,28,29,30,31,32,33,34,35,36,37,38"
6015,6,H8,Tornada,1,Sas - Pl Celestí Boada - Final de trajecte,3642,11:21:00,21.0,16.00000000003333,960.0,"13,14,15,16,17,18,19,20,21,22,23,24,25,26,27,28,29,30,31,32,33,34,35,36,37,38"
6813,6,H8,Tornada,1,Sas - Pl Celestí Boada - Final de trajecte,3642,11:38:00,38.0,17.0,1020.0,"13,14,15,16,17,18,19,20,21,22,23,24,25,26,27,28,29,30,31,32,33,34,35,36,37,38"
6018,4,H8,Tornada,1,Sas - Pl Celestí Boada - Final de trajecte,3642,11:55:00,55.0,17.0,1020.0,"13,14,15,16,17,18,19,20,21,22,23,24,25,26,27,28,29,30,31,32,33,34,35,36,37,38"
6014,5,H8,Tornada,1,Sas - Pl Celestí Boada - Final de trajecte,3642,12:13:00,13.0,18.00000000003333,1080.0,"13,14,15,16,17,18,19,20,21,22,23,24,25,26,27,28,29,30,31,32,33,34,35,36,37,38"
6802,6,H8,Tornada,1,Sas - Pl Celestí Boada - Final de trajecte,3642,12:29:59,29.98,16.999999999933333,1020.0,"13,14,15,16,17,18,19,20,21,22,23,24,25,26,27,28,29,30,31,32,33,34,35,36,37,38"
6803,5,H8,Tornada,1,Sas - Pl Celestí Boada - Final de trajecte,3642,12:46:00,46.0,16.00000000003333,960.0,"13,14,15,16,17,18,19,20,21,22,23,24,25,26,27,28,29,30,31,32,33,34,35,36,37,38"
6016,5,H8,Tornada,1,Sas - Pl Celestí Boada - Final de trajecte,3642,13:02:59,2.98,16.99999999995,1020.0,"13,14,15,16,17,18,19,20,21,22,23,24,25,26,27,28,29,30,31,32,33,34,35,36,37,38"
6805,7,H8,Tornada,1,Sas - Pl Celestí Boada - Final de trajecte,3642,13:21:00,21.0,18.00000000005,1080.0,"13,14,15,16,17,18,19,20,21,22,23,24,25,26,27,28,29,30,31,32,33,34,35,36,37,38"
6814,9,H8,Tornada,1,Sas - Pl Celestí Boada - Final de trajecte,3642,13:37:59,37.98,16.999999999983334,1020.0,"13,14,15,16,17,18,19,20,21,22,23,24,25,26,27,28,29,30,31,32,33,34,35,36,37,38"
6015,9,H8,Tornada,1,Sas - Pl Celestí Boada - Final de trajecte,3642,13:53:59,53.98,16.0,960.0,"13,14,15,16,17,18,19,20,21,22,23,24,25,26,27,28,29,30,31,32,33,34,35,36,37,38"
6813,9,H8,Tornada,1,Sas - Pl Celestí Boada - Final de trajecte,3642,14:08:59,8.98,14.999999999983334,900.0,"3,13,14,15,16,17,18,19,20,21,22,23,24,25,26,27,28,29,30,31,32,33,34,35,36,37,38"
6018,6,H8,Tornada,1,Sas - Pl Celestí Boada - Final de trajecte,3642,14:24:59,24.98,16.0,960.0,"13,14,15,16,17,18,19,20,21,22,23,24,25,26,27,28,29,30,31,32,33,34,35,36,37,38"
6014,8,H8,Tornada,1,Sas - Pl Celestí Boada - Final de trajecte,3642,14:41:59,41.98,17.0,1020.0,"13,14,15,16,17,18,19,20,21,22,23,24,25,26,27,28,29,30,31,32,33,34,35,36,37,38"
6802,8,H8,Tornada,1,Sas - Pl Celestí Boada - Final de trajecte,3642,14:59:59,59.98,18.0,1080.0,"13,14,15,16,17,18,19,20,21,22,23,24,25,26,27,28,29,30,31,32,33,34,35,36,37,38"
6803,7,H8,Tornada,1,Sas - Pl Celestí Boada - Final de trajecte,3642,15:17:00,17.0,17.00000000003333,1020.0,"13,14,15,16,17,18,19,20,21,22,23,24,25,26,27,28,29,30,31,32,33,34,35,36,37,38"
6016,7,H8,Tornada,1,Sas - Pl Celestí Boada - Final de trajecte,3642,15:34:00,34.0,17.0,1020.0,"13,14,15,16,17,18,19,20,21,22,23,24,25,26,27,28,29,30,31,32,33,34,35,36,37,38"
6805,9,H8,Tornada,1,Sas - Pl Celestí Boada - Final de trajecte,3642,15:51:59,51.98,17.99999999996667,1080.0,"13,14,15,16,17,18,19,20,21,22,23,24,25,26,27,28,29,30,31,32,33,34,35,36,37,38"
6814,12,H8,Tornada,1,Sas - Pl Celestí Boada - Final de trajecte,3642,16:09:00,9.0,17.00000000003333,1020.0,"13,14,15,16,17,18,19,20,21,22,23,24,25,26,27,28,29,30,31,32,33,34,35,36,37,38"
6015,11,H8,Tornada,1,Sas - Pl Celestí Boada - Final de trajecte,3642,16:25:59,25.98,16.99999999996667,1020.0,"13,14,15,16,17,18,19,20,21,22,23,24,25,26,27,28,29,30,31,32,33,34,35,36,37,38"
6813,11,H8,Tornada,1,Sas - Pl Celestí Boada - Final de trajecte,3642,16:43:00,43.0,17.000000000066667,1020.0,"13,14,15,16,17,18,19,20,21,22,23,24,25,26,27,28,29,30,31,32,33,34,35,36,37,38"
6018,8,H8,Tornada,1,Sas - Pl Celestí Boada - Final de trajecte,3642,16:59:59,59.98,16.999999999933333,1020.0,"13,14,15,16,17,18,19,20,21,22,23,24,25,26,27,28,29,30,31,32,33,34,35,36,37,38"
6803,9,H8,Tornada,1,Sas - Pl Celestí Boada - Final de trajecte,3642,17:51:00,51.0,17.000000000066667,1020.0,"13,14,15,16,17,18,19,20,21,22,23,24,25,26,27,28,29,30,31,32,33,34,35,36,37,38"
6016,9,H8,Tornada,1,Sas - Pl Celestí Boada - Final de trajecte,3642,18:08:00,8.0,17.0,1020.0,"13,14,15,16,17,18,19,20,21,22,23,24,25,26,27,28,29,30,31,32,33,34,35,36,37,38"
6805,11,H8,Tornada,1,Sas - Pl Celestí Boada - Final de trajecte,3642,18:25:59,25.98,17.999999999933333,1080.0,"13,14,15,16,17,18,19,20,21,22,23,24,25,26,27,28,29,30,31,32,33,34,35,36,37,38"
6814,14,H8,Tornada,1,Sas - Pl Celestí Boada - Final de trajecte,3642,18:43:00,43.0,17.000000000066667,1020.0,"13,14,15,16,17,18,19,20,21,22,23,24,25,26,27,28,29,30,31,32,33,34,35,36,37,38"
6015,13,H8,Tornada,1,Sas - Pl Celestí Boada - Final de trajecte,3642,18:59:59,59.98,16.999999999933333,1020.0,"13,14,15,16,17,18,19,20,21,22,23,24,25,26,27,28,29,30,31,32,33,34,35,36,37,38"
6813,13,H8,Tornada,1,Sas - Pl Celestí Boada - Final de trajecte,3642,19:16:00,16.0,16.00000000003333,960.0,"13,14,15,16,17,18,19,20,21,22,23,24,25,26,27,28,29,30,31,32,33,34,35,36,37,38"
6018,10,H8,Tornada,1,Sas - Pl Celestí Boada - Final de trajecte,3642,19:33:00,33.0,17.0,1020.0,"2,13,14,15,16,17,18,19,20,21,22,23,24,25,26,27,28,29,30,31,32,33,34,35,36,37,38"
6064,2,H8,Tornada,1,Sas - Pl Celestí Boada - Final de trajecte,3642,19:50:59,50.98,17.983333333333334,1079.0,"9,10,13,14,15,16,17,18,19,20,21,22,23,24,25,26,27,28,29,30,31,32,33,34,35,36,37,38"
6802,13,H8,Tornada,1,Sas - Pl Celestí Boada - Final de trajecte,3642,20:07:00,7.0,16.016666666666666,961.0,"13,14,15,16,17,18,19,20,21,22,23,24,25,26,27,28,29,30,31,32,33,34,35,36,37,38"
6803,11,H8,Tornada,1,Sas - Pl Celestí Boada - Final de trajecte,3642,20:24:00,24.0,17.00000000003333,1020.0,"13,14,15,16,17,18,19,20,21,22,23,24,25,26,27,28,29,30,31,32,33,34,35,36,37,38"
6016,11,H8,Tornada,1,Sas - Pl Celestí Boada - Final de trajecte,3642,20:42:00,42.0,17.99999999996667,1080.0,"13,14,15,16,17,18,19,20,21,22,23,24,25,26,27,28,29,30,31,32,33,34,35,36,37,38"
6805,13,H8,Tornada,1,Sas - Pl Celestí Boada - Final de trajecte,3642,20:59:59,59.98,17.99999999996667,1080.0,"13,14,15,16,17,18,19,20,21,22,23,24,25,26,27,28,29,30,31,32,33,34,35,36,37,38"
6015,15,H8,Tornada,1,Sas - Pl Celestí Boada - Final de trajecte,3642,21:14:34,14.57,14.566666666733333,874.0,"4,5,6,7,8,9,10,11,12,13,14,15,16,17,18,19,20,21,22,23,24,25,26,27,28,29,30,31,32,33,34,35,36,37,38"
6813,15,H8,Tornada,1,Sas - Pl Celestí Boada - Final de trajecte,3642,21:32:00,32.0,17.433333333333334,1046.0,"4,5,6,7,8,9,10,11,12,13,14,15,16,17,18,19,20,21,22,23,24,25,26,27,28,29,30,31,32,33,34,35,36,37,38"
6015,1,H8,Tornada,2,Sas - Claramunt,13,06:20:33,20.55,,,"13,14,15,16,17,18,19,20,21,22,23,24,25,26,27,28,29,30,31,32,33,34,35,36,37,38"
6813,1,H8,Tornada,2,Sas - Claramunt,13,06:40:33,40.55,19.983333333366666,1199.0,"13,14,15,16,17,18,19,20,21,22,23,24,25,26,27,28,29,30,31,32,33,34,35,36,37,38"
6014,1,H8,Tornada,2,Sas - Claramunt,13,07:00:31,0.52,19.966666666666665,1198.0,"13,14,15,16,17,18,19,20,21,22,23,24,25,26,27,28,29,30,31,32,33,34,35,36,37,38"
6802,1,H8,Tornada,2,Sas - Claramunt,13,07:20:29,20.48,19.9833333333,1199.0,"4,13,14,15,16,17,18,19,20,21,22,23,24,25,26,27,28,29,30,31,32,33,34,35,36,37,38"
6805,1,H8,Tornada,2,Sas - Claramunt,13,08:12:21,12.35,17.00000000003333,1020.0,"13,14,15,16,17,18,19,20,21,22,23,24,25,26,27,28,29,30,31,32,33,34,35,36,37,38"
6814,3,H8,Tornada,2,Sas - Claramunt,13,08:29:45,29.75,17.416666666633333,1045.0,"13,14,15,16,17,18,19,20,21,22,23,24,25,26,27,28,29,30,31,32,33,34,35,36,37,38"
6015,3,H8,Tornada,2,Sas - Claramunt,13,08:48:17,48.28,18.5166666667,1111.0,"13,14,15,16,17,18,19,20,21,22,23,24,25,26,27,28,29,30,31,32,33,34,35,36,37,38"
6813,3,H8,Tornada,2,Sas - Claramunt,13,09:05:22,5.37,17.099999999966666,1026.0,"6,13,14,15,16,17,18,19,20,21,22,23,24,25,26,27,28,29,30,31,32,33,34,35,36,37,38"
6018,1,H8,Tornada,2,Sas - Claramunt,13,09:22:26,22.43,17.050000000033332,1023.0,"13,14,15,16,17,18,19,20,21,22,23,24,25,26,27,28,29,30,31,32,33,34,35,36,37,38"
6014,3,H8,Tornada,2,Sas - Claramunt,13,09:39:25,39.42,16.99999999996667,1020.0,"13,14,15,16,17,18,19,20,21,22,23,24,25,26,27,28,29,30,31,32,33,34,35,36,37,38"
6802,3,H8,Tornada,2,Sas - Claramunt,13,09:56:28,56.47,17.033333333399998,1022.0,"13,14,15,16,17,18,19,20,21,22,23,24,25,26,27,28,29,30,31,32,33,34,35,36,37,38"
6803,3,H8,Tornada,2,Sas - Claramunt,13,10:13:29,13.48,17.03333333326667,1022.0,"13,14,15,16,17,18,19,20,21,22,23,24,25,26,27,28,29,30,31,32,33,34,35,36,37,38"
6016,3,H8,Tornada,2,Sas - Claramunt,13,10:30:44,30.73,17.233333333366666,1034.0,"13,14,15,16,17,18,19,20,21,22,23,24,25,26,27,28,29,30,31,32,33,34,35,36,37,38"
6015,6,H8,Tornada,2,Sas - Claramunt,13,11:21:41,21.68,16.0166666667,961.0,"13,14,15,16,17,18,19,20,21,22,23,24,25,26,27,28,29,30,31,32,33,34,35,36,37,38"
6813,6,H8,Tornada,2,Sas - Claramunt,13,11:38:34,38.57,16.883333333333333,1013.0,"13,14,15,16,17,18,19,20,21,22,23,24,25,26,27,28,29,30,31,32,33,34,35,36,37,38"
6018,4,H8,Tornada,2,Sas - Claramunt,13,11:55:30,55.5,16.933333333300002,1016.0,"13,14,15,16,17,18,19,20,21,22,23,24,25,26,27,28,29,30,31,32,33,34,35,36,37,38"
6014,5,H8,Tornada,2,Sas - Claramunt,13,12:13:29,13.48,17.99999999996667,1080.0,"13,14,15,16,17,18,19,20,21,22,23,24,25,26,27,28,29,30,31,32,33,34,35,36,37,38"
6802,6,H8,Tornada,2,Sas - Claramunt,13,12:30:33,30.55,17.050000000033332,1023.0,"13,14,15,16,17,18,19,20,21,22,23,24,25,26,27,28,29,30,31,32,33,34,35,36,37,38"
6803,5,H8,Tornada,2,Sas - Claramunt,13,12:46:26,46.43,15.899999999966667,954.0,"13,14,15,16,17,18,19,20,21,22,23,24,25,26,27,28,29,30,31,32,33,34,35,36,37,38"
6016,5,H8,Tornada,2,Sas - Claramunt,13,13:03:26,3.43,16.9833333334,1019.0,"13,14,15,16,17,18,19,20,21,22,23,24,25,26,27,28,29,30,31,32,33,34,35,36,37,38"
6805,7,H8,Tornada,2,Sas - Claramunt,13,13:21:21,21.35,17.916666666633333,1075.0,"13,14,15,16,17,18,19,20,21,22,23,24,25,26,27,28,29,30,31,32,33,34,35,36,37,38"
6814,9,H8,Tornada,2,Sas - Claramunt,13,13:38:24,38.4,17.05,1023.0,"13,14,15,16,17,18,19,20,21,22,23,24,25,26,27,28,29,30,31,32,33,34,35,36,37,38"
6015,9,H8,Tornada,2,Sas - Claramunt,13,13:54:18,54.3,15.916666666633335,955.0,"13,14,15,16,17,18,19,20,21,22,23,24,25,26,27,28,29,30,31,32,33,34,35,36,37,38"
6813,9,H8,Tornada,2,Sas - Claramunt,13,14:09:29,9.48,15.166666666733333,910.0,"3,13,14,15,16,17,18,19,20,21,22,23,24,25,26,27,28,29,30,31,32,33,34,35,36,37,38"
6018,6,H8,Tornada,2,Sas - Claramunt,13,14:25:28,25.47,15.983333333300001,959.0,"13,14,15,16,17,18,19,20,21,22,23,24,25,26,27,28,29,30,31,32,33,34,35,36,37,38"
6014,8,H8,Tornada,2,Sas - Claramunt,13,14:42:26,42.43,16.9833333333,1019.0,"13,14,15,16,17,18,19,20,21,22,23,24,25,26,27,28,29,30,31,32,33,34,35,36,37,38"
6802,8,H8,Tornada,2,Sas - Claramunt,13,15:00:28,0.47,18.0166666667,1081.0,"13,14,15,16,17,18,19,20,21,22,23,24,25,26,27,28,29,30,31,32,33,34,35,36,37,38"
6803,7,H8,Tornada,2,Sas - Claramunt,13,15:17:28,17.47,17.00000000003333,1020.0,"13,14,15,16,17,18,19,20,21,22,23,24,25,26,27,28,29,30,31,32,33,34,35,36,37,38"
6016,7,H8,Tornada,2,Sas - Claramunt,13,15:34:28,34.47,17.0,1020.0,"13,14,15,16,17,18,19,20,21,22,23,24,25,26,27,28,29,30,31,32,33,34,35,36,37,38"
6805,9,H8,Tornada,2,Sas - Claramunt,13,15:52:19,52.32,17.849999999966666,1071.0,"13,14,15,16,17,18,19,20,21,22,23,24,25,26,27,28,29,30,31,32,33,34,35,36,37,38"
6814,12,H8,Tornada,2,Sas - Claramunt,13,16:09:13,9.22,16.900000000033334,1014.0,"13,14,15,16,17,18,19,20,21,22,23,24,25,26,27,28,29,30,31,32,33,34,35,36,37,38"
6015,11,H8,Tornada,2,Sas - Claramunt,13,16:26:19,26.32,17.099999999966666,1026.0,"13,14,15,16,17,18,19,20,21,22,23,24,25,26,27,28,29,30,31,32,33,34,35,36,37,38"
6813,11,H8,Tornada,2,Sas - Claramunt,13,16:43:45,43.75,17.433333333333334,1046.0,"13,14,15,16,17,18,19,20,21,22,23,24,25,26,27,28,29,30,31,32,33,34,35,36,37,38"
6018,8,H8,Tornada,2,Sas - Claramunt,13,17:00:31,0.52,16.766666666666666,1006.0,"13,14,15,16,17,18,19,20,21,22,23,24,25,26,27,28,29,30,31,32,33,34,35,36,37,38"
6803,9,H8,Tornada,2,Sas - Claramunt,13,17:51:30,51.5,16.783333333333335,1007.0,"13,14,15,16,17,18,19,20,21,22,23,24,25,26,27,28,29,30,31,32,33,34,35,36,37,38"
6016,9,H8,Tornada,2,Sas - Claramunt,13,18:08:29,8.48,16.9666666667,1018.0,"13,14,15,16,17,18,19,20,21,22,23,24,25,26,27,28,29,30,31,32,33,34,35,36,37,38"
6805,11,H8,Tornada,2,Sas - Claramunt,13,18:26:26,26.43,17.966666666633333,1078.0,"13,14,15,16,17,18,19,20,21,22,23,24,25,26,27,28,29,30,31,32,33,34,35,36,37,38"
6814,14,H8,Tornada,2,Sas - Claramunt,13,18:43:33,43.55,17.100000000066665,1026.0,"13,14,15,16,17,18,19,20,21,22,23,24,25,26,27,28,29,30,31,32,33,34,35,36,37,38"
6015,13,H8,Tornada,2,Sas - Claramunt,13,19:00:31,0.52,16.966666666633333,1018.0,"13,14,15,16,17,18,19,20,21,22,23,24,25,26,27,28,29,30,31,32,33,34,35,36,37,38"
6813,13,H8,Tornada,2,Sas - Claramunt,13,19:16:31,16.52,16.016666666633334,961.0,"13,14,15,16,17,18,19,20,21,22,23,24,25,26,27,28,29,30,31,32,33,34,35,36,37,38"
6802,13,H8,Tornada,2,Sas - Claramunt,13,20:07:33,7.55,14.783333333349999,887.0,"13,14,15,16,17,18,19,20,21,22,23,24,25,26,27,28,29,30,31,32,33,34,35,36,37,38"
6803,11,H8,Tornada,2,Sas - Claramunt,13,20:24:48,24.8,17.25,1035.0,"13,14,15,16,17,18,19,20,21,22,23,24,25,26,27,28,29,30,31,32,33,34,35,36,37,38"
6016,11,H8,Tornada,2,Sas - Claramunt,13,20:42:48,42.8,18.0,1080.0,"13,14,15,16,17,18,19,20,21,22,23,24,25,26,27,28,29,30,31,32,33,34,35,36,37,38"
6805,13,H8,Tornada,2,Sas - Claramunt,13,21:00:23,0.38,17.599999999966666,1056.0,"13,14,15,16,17,18,19,20,21,22,23,24,25,26,27,28,29,30,31,32,33,34,35,36,37,38"
6015,15,H8,Tornada,2,Sas - Claramunt,13,21:14:58,14.97,14.566666666733333,874.0,"4,5,6,7,8,9,10,11,12,13,14,15,16,17,18,19,20,21,22,23,24,25,26,27,28,29,30,31,32,33,34,35,36,37,38"
6813,15,H8,Tornada,2,Sas - Claramunt,13,21:32:17,32.28,17.316666666633335,1039.0,"4,5,6,7,8,9,10,11,12,13,14,15,16,17,18,19,20,21,22,23,24,25,26,27,28,29,30,31,32,33,34,35,36,37,38"
6814,1,H8,Tornada,3,Sant Adrià - Sas,1435,06:01:23,1.38,,,"1,2,13,14,15,16,17,18,19,20,21,22,23,24,25,26,27,28,29,30,31,32,33,34,35,36,37,38"
6015,1,H8,Tornada,3,Sant Adrià - Sas,1435,06:22:31,22.52,21.1333333333,1268.0,"13,14,15,16,17,18,19,20,21,22,23,24,25,26,27,28,29,30,31,32,33,34,35,36,37,38"
6813,1,H8,Tornada,3,Sant Adrià - Sas,1435,06:40:57,40.95,18.433333333333334,1106.0,"13,14,15,16,17,18,19,20,21,22,23,24,25,26,27,28,29,30,31,32,33,34,35,36,37,38"
6014,1,H8,Tornada,3,Sant Adrià - Sas,1435,07:01:15,1.25,20.316666666633335,1219.0,"13,14,15,16,17,18,19,20,21,22,23,24,25,26,27,28,29,30,31,32,33,34,35,36,37,38"
6802,1,H8,Tornada,3,Sant Adrià - Sas,1435,07:22:22,22.37,21.100000000066665,1266.0,"4,13,14,15,16,17,18,19,20,21,22,23,24,25,26,27,28,29,30,31,32,33,34,35,36,37,38"
6805,1,H8,Tornada,3,Sant Adrià - Sas,1435,08:13:31,13.52,16.766666666733332,1006.0,"13,14,15,16,17,18,19,20,21,22,23,24,25,26,27,28,29,30,31,32,33,34,35,36,37,38"
6814,3,H8,Tornada,3,Sant Adrià - Sas,1435,08:31:41,31.68,18.166666666666668,1090.0,"13,14,15,16,17,18,19,20,21,22,23,24,25,26,27,28,29,30,31,32,33,34,35,36,37,38"
6015,3,H8,Tornada,3,Sant Adrià - Sas,1435,08:49:43,49.72,18.049999999933334,1083.0,"13,14,15,16,17,18,19,20,21,22,23,24,25,26,27,28,29,30,31,32,33,34,35,36,37,38"
6813,3,H8,Tornada,3,Sant Adrià - Sas,1435,09:06:36,6.6,16.883333333333333,1013.0,"6,13,14,15,16,17,18,19,20,21,22,23,24,25,26,27,28,29,30,31,32,33,34,35,36,37,38"
6018,1,H8,Tornada,3,Sant Adrià - Sas,1435,09:22:34,22.57,15.966666666666667,958.0,"13,14,15,16,17,18,19,20,21,22,23,24,25,26,27,28,29,30,31,32,33,34,35,36,37,38"
6014,3,H8,Tornada,3,Sant Adrià - Sas,1435,09:40:03,40.05,17.4666666667,1048.0,"13,14,15,16,17,18,19,20,21,22,23,24,25,26,27,28,29,30,31,32,33,34,35,36,37,38"
6802,3,H8,Tornada,3,Sant Adrià - Sas,1435,09:57:29,57.48,17.449999999966668,1047.0,"13,14,15,16,17,18,19,20,21,22,23,24,25,26,27,28,29,30,31,32,33,34,35,36,37,38"
6803,3,H8,Tornada,3,Sant Adrià - Sas,1435,10:15:41,15.68,18.2,1092.0,"13,14,15,16,17,18,19,20,21,22,23,24,25,26,27,28,29,30,31,32,33,34,35,36,37,38"
6016,3,H8,Tornada,3,Sant Adrià - Sas,1435,10:32:26,32.43,16.75,1005.0,"13,14,15,16,17,18,19,20,21,22,23,24,25,26,27,28,29,30,31,32,33,34,35,36,37,38"
6805,4,H8,Tornada,3,Sant Adrià - Sas,1435,10:48:11,48.18,15.7333333334,944.0,"2,13,14,15,16,17,18,19,20,21,22,23,24,25,26,27,28,29,30,31,32,33,34,35,36,37,38"
6814,6,H8,Tornada,3,Sant Adrià - Sas,1435,11:07:56,7.93,19.75,1185.0,"13,14,15,16,17,18,19,20,21,22,23,24,25,26,27,28,29,30,31,32,33,34,35,36,37,38"
6015,6,H8,Tornada,3,Sant Adrià - Sas,1435,11:23:50,23.83,15.899999999966667,954.0,"13,14,15,16,17,18,19,20,21,22,23,24,25,26,27,28,29,30,31,32,33,34,35,36,37,38"
6813,6,H8,Tornada,3,Sant Adrià - Sas,1435,11:39:32,39.53,15.700000000016667,942.0,"13,14,15,16,17,18,19,20,21,22,23,24,25,26,27,28,29,30,31,32,33,34,35,36,37,38"
6018,4,H8,Tornada,3,Sant Adrià - Sas,1435,11:56:15,56.25,16.71666666665,1003.0,"13,14,15,16,17,18,19,20,21,22,23,24,25,26,27,28,29,30,31,32,33,34,35,36,37,38"
6014,5,H8,Tornada,3,Sant Adrià - Sas,1435,12:14:53,14.88,18.649999999966667,1119.0,"13,14,15,16,17,18,19,20,21,22,23,24,25,26,27,28,29,30,31,32,33,34,35,36,37,38"
6802,6,H8,Tornada,3,Sant Adrià - Sas,1435,12:32:32,32.53,17.65,1059.0,"13,14,15,16,17,18,19,20,21,22,23,24,25,26,27,28,29,30,31,32,33,34,35,36,37,38"
6803,5,H8,Tornada,3,Sant Adrià - Sas,1435,12:47:29,47.48,14.933333333366667,896.0,"13,14,15,16,17,18,19,20,21,22,23,24,25,26,27,28,29,30,31,32,33,34,35,36,37,38"
6016,5,H8,Tornada,3,Sant Adrià - Sas,1435,13:04:26,4.43,16.95,1017.0,"13,14,15,16,17,18,19,20,21,22,23,24,25,26,27,28,29,30,31,32,33,34,35,36,37,38"
6805,7,H8,Tornada,3,Sant Adrià - Sas,1435,13:23:07,23.12,18.683333333366665,1121.0,"13,14,15,16,17,18,19,20,21,22,23,24,25,26,27,28,29,30,31,32,33,34,35,36,37,38"
6814,9,H8,Tornada,3,Sant Adrià - Sas,1435,13:39:28,39.47,16.3666666666,982.0,"13,14,15,16,17,18,19,20,21,22,23,24,25,26,27,28,29,30,31,32,33,34,35,36,37,38"
6015,9,H8,Tornada,3,Sant Adrià - Sas,1435,13:54:51,54.85,15.383333333333333,923.0,"13,14,15,16,17,18,19,20,21,22,23,24,25,26,27,28,29,30,31,32,33,34,35,36,37,38"
6014,8,H8,Tornada,3,Sant Adrià - Sas,1435,14:44:27,44.45,18.6666666667,1120.0,"13,14,15,16,17,18,19,20,21,22,23,24,25,26,27,28,29,30,31,32,33,34,35,36,37,38"
6802,8,H8,Tornada,3,Sant Adrià - Sas,1435,15:01:04,1.07,16.61666666665,997.0,"13,14,15,16,17,18,19,20,21,22,23,24,25,26,27,28,29,30,31,32,33,34,35,36,37,38"
6803,7,H8,Tornada,3,Sant Adrià - Sas,1435,15:19:11,19.18,18.133333333283336,1088.0,"13,14,15,16,17,18,19,20,21,22,23,24,25,26,27,28,29,30,31,32,33,34,35,36,37,38"
6016,7,H8,Tornada,3,Sant Adrià - Sas,1435,15:35:51,35.85,16.650000000033334,999.0,"13,14,15,16,17,18,19,20,21,22,23,24,25,26,27,28,29,30,31,32,33,34,35,36,37,38"
6805,9,H8,Tornada,3,Sant Adrià - Sas,1435,15:54:52,54.87,19.0333333333,1142.0,"13,14,15,16,17,18,19,20,21,22,23,24,25,26,27,28,29,30,31,32,33,34,35,36,37,38"
6814,12,H8,Tornada,3,Sant Adrià - Sas,1435,16:10:39,10.65,15.783333333333333,947.0,"13,14,15,16,17,18,19,20,21,22,23,24,25,26,27,28,29,30,31,32,33,34,35,36,37,38"
6015,11,H8,Tornada,3,Sant Adrià - Sas,1435,16:27:38,27.63,16.96666666673333,1018.0,"13,14,15,16,17,18,19,20,21,22,23,24,25,26,27,28,29,30,31,32,33,34,35,36,37,38"
6813,11,H8,Tornada,3,Sant Adrià - Sas,1435,16:45:29,45.48,17.849999999966666,1071.0,"13,14,15,16,17,18,19,20,21,22,23,24,25,26,27,28,29,30,31,32,33,34,35,36,37,38"
6018,8,H8,Tornada,3,Sant Adrià - Sas,1435,17:01:59,1.98,16.50000000003333,990.0,"13,14,15,16,17,18,19,20,21,22,23,24,25,26,27,28,29,30,31,32,33,34,35,36,37,38"
6803,9,H8,Tornada,3,Sant Adrià - Sas,1435,17:53:32,53.53,17.583333333366667,1055.0,"13,14,15,16,17,18,19,20,21,22,23,24,25,26,27,28,29,30,31,32,33,34,35,36,37,38"
6016,9,H8,Tornada,3,Sant Adrià - Sas,1435,18:09:41,9.68,16.149999999966667,969.0,"13,14,15,16,17,18,19,20,21,22,23,24,25,26,27,28,29,30,31,32,33,34,35,36,37,38"
6805,11,H8,Tornada,3,Sant Adrià - Sas,1435,18:27:49,27.82,18.133333333333333,1088.0,"13,14,15,16,17,18,19,20,21,22,23,24,25,26,27,28,29,30,31,32,33,34,35,36,37,38"
6814,14,H8,Tornada,3,Sant Adrià - Sas,1435,18:44:54,44.9,17.099999999966666,1026.0,"13,14,15,16,17,18,19,20,21,22,23,24,25,26,27,28,29,30,31,32,33,34,35,36,37,38"
6015,13,H8,Tornada,3,Sant Adrià - Sas,1435,19:00:52,0.87,15.950000000033333,957.0,"13,14,15,16,17,18,19,20,21,22,23,24,25,26,27,28,29,30,31,32,33,34,35,36,37,38"
6813,13,H8,Tornada,3,Sant Adrià - Sas,1435,19:18:35,18.58,17.7333333333,1064.0,"13,14,15,16,17,18,19,20,21,22,23,24,25,26,27,28,29,30,31,32,33,34,35,36,37,38"
6018,10,H8,Tornada,3,Sant Adrià - Sas,1435,19:33:34,33.57,14.983333333333333,899.0,"2,13,14,15,16,17,18,19,20,21,22,23,24,25,26,27,28,29,30,31,32,33,34,35,36,37,38"
6064,2,H8,Tornada,3,Sant Adrià - Sas,1435,19:53:16,53.27,19.683333333366665,1181.0,"9,10,13,14,15,16,17,18,19,20,21,22,23,24,25,26,27,28,29,30,31,32,33,34,35,36,37,38"
6802,13,H8,Tornada,3,Sant Adrià - Sas,1435,20:08:20,8.33,15.0833333333,905.0,"13,14,15,16,17,18,19,20,21,22,23,24,25,26,27,28,29,30,31,32,33,34,35,36,37,38"
6803,11,H8,Tornada,3,Sant Adrià - Sas,1435,20:27:06,27.1,18.750000000066667,1125.0,"13,14,15,16,17,18,19,20,21,22,23,24,25,26,27,28,29,30,31,32,33,34,35,36,37,38"
6016,11,H8,Tornada,3,Sant Adrià - Sas,1435,20:44:19,44.32,17.216666666666665,1033.0,"13,14,15,16,17,18,19,20,21,22,23,24,25,26,27,28,29,30,31,32,33,34,35,36,37,38"
6805,13,H8,Tornada,3,Sant Adrià - Sas,1435,21:01:37,1.62,17.3166666666,1039.0,"13,14,15,16,17,18,19,20,21,22,23,24,25,26,27,28,29,30,31,32,33,34,35,36,37,38"
6015,15,H8,Tornada,3,Sant Adrià - Sas,1435,21:16:37,16.62,14.9833333334,899.0,"4,5,6,7,8,9,10,11,12,13,14,15,16,17,18,19,20,21,22,23,24,25,26,27,28,29,30,31,32,33,34,35,36,37,38"
6813,15,H8,Tornada,3,Sant Adrià - Sas,1435,21:33:10,33.17,16.55,993.0,"4,5,6,7,8,9,10,11,12,13,14,15,16,17,18,19,20,21,22,23,24,25,26,27,28,29,30,31,32,33,34,35,36,37,38"
6814,1,H8,Tornada,4,Ciutat d'Asunción - Sant Adrià,1436,06:02:51,2.85,,,"1,2,13,14,15,16,17,18,19,20,21,22,23,24,25,26,27,28,29,30,31,32,33,34,35,36,37,38"
6015,1,H8,Tornada,4,Ciutat d'Asunción - Sant Adrià,1436,06:22:39,22.65,19.8166666666,1189.0,"13,14,15,16,17,18,19,20,21,22,23,24,25,26,27,28,29,30,31,32,33,34,35,36,37,38"
6813,1,H8,Tornada,4,Ciutat d'Asunción - Sant Adrià,1436,06:42:05,42.08,19.433333333333334,1166.0,"13,14,15,16,17,18,19,20,21,22,23,24,25,26,27,28,29,30,31,32,33,34,35,36,37,38"
6014,1,H8,Tornada,4,Ciutat d'Asunción - Sant Adrià,1436,07:02:20,2.33,20.23333333338333,1214.0,"13,14,15,16,17,18,19,20,21,22,23,24,25,26,27,28,29,30,31,32,33,34,35,36,37,38"
6016,1,H8,Tornada,4,Ciutat d'Asunción - Sant Adrià,1436,07:57:16,57.27,16.666666666633333,1000.0,"13,14,15,16,17,18,19,20,21,22,23,24,25,26,27,28,29,30,31,32,33,34,35,36,37,38"
6805,1,H8,Tornada,4,Ciutat d'Asunción - Sant Adrià,1436,08:14:52,14.87,17.600000000033333,1056.0,"13,14,15,16,17,18,19,20,21,22,23,24,25,26,27,28,29,30,31,32,33,34,35,36,37,38"
6814,3,H8,Tornada,4,Ciutat d'Asunción - Sant Adrià,1436,08:33:04,33.07,18.216666666600002,1093.0,"13,14,15,16,17,18,19,20,21,22,23,24,25,26,27,28,29,30,31,32,33,34,35,36,37,38"
6015,3,H8,Tornada,4,Ciutat d'Asunción - Sant Adrià,1436,08:51:43,51.72,18.633333333366668,1118.0,"13,14,15,16,17,18,19,20,21,22,23,24,25,26,27,28,29,30,31,32,33,34,35,36,37,38"
6813,3,H8,Tornada,4,Ciutat d'Asunción - Sant Adrià,1436,09:07:34,7.57,15.850000000033333,951.0,"6,13,14,15,16,17,18,19,20,21,22,23,24,25,26,27,28,29,30,31,32,33,34,35,36,37,38"
6018,1,H8,Tornada,4,Ciutat d'Asunción - Sant Adrià,1436,09:24:22,24.37,16.799999999966666,1008.0,"13,14,15,16,17,18,19,20,21,22,23,24,25,26,27,28,29,30,31,32,33,34,35,36,37,38"
6014,3,H8,Tornada,4,Ciutat d'Asunción - Sant Adrià,1436,09:41:33,41.55,17.183333333333334,1031.0,"13,14,15,16,17,18,19,20,21,22,23,24,25,26,27,28,29,30,31,32,33,34,35,36,37,38"
6802,3,H8,Tornada,4,Ciutat d'Asunción - Sant Adrià,1436,09:58:50,58.83,17.299999999966666,1038.0,"13,14,15,16,17,18,19,20,21,22,23,24,25,26,27,28,29,30,31,32,33,34,35,36,37,38"
6803,3,H8,Tornada,4,Ciutat d'Asunción - Sant Adrià,1436,10:16:21,16.35,17.500000000066667,1050.0,"13,14,15,16,17,18,19,20,21,22,23,24,25,26,27,28,29,30,31,32,33,34,35,36,37,38"
6016,3,H8,Tornada,4,Ciutat d'Asunción - Sant Adrià,1436,10:33:04,33.07,16.733333333266668,1004.0,"13,14,15,16,17,18,19,20,21,22,23,24,25,26,27,28,29,30,31,32,33,34,35,36,37,38"
6805,4,H8,Tornada,4,Ciutat d'Asunción - Sant Adrià,1436,10:49:22,49.37,16.283333333366667,977.0,"2,13,14,15,16,17,18,19,20,21,22,23,24,25,26,27,28,29,30,31,32,33,34,35,36,37,38"
6814,6,H8,Tornada,4,Ciutat d'Asunción - Sant Adrià,1436,11:08:49,8.82,19.45,1167.0,"13,14,15,16,17,18,19,20,21,22,23,24,25,26,27,28,29,30,31,32,33,34,35,36,37,38"
6015,6,H8,Tornada,4,Ciutat d'Asunción - Sant Adrià,1436,11:25:40,25.67,16.85,1011.0,"13,14,15,16,17,18,19,20,21,22,23,24,25,26,27,28,29,30,31,32,33,34,35,36,37,38"
6813,6,H8,Tornada,4,Ciutat d'Asunción - Sant Adrià,1436,11:40:26,40.43,14.766666666666667,886.0,"13,14,15,16,17,18,19,20,21,22,23,24,25,26,27,28,29,30,31,32,33,34,35,36,37,38"
6018,4,H8,Tornada,4,Ciutat d'Asunción - Sant Adrià,1436,11:57:48,57.8,17.366666666666667,1042.0,"13,14,15,16,17,18,19,20,21,22,23,24,25,26,27,28,29,30,31,32,33,34,35,36,37,38"
6014,5,H8,Tornada,4,Ciutat d'Asunción - Sant Adrià,1436,12:16:33,16.55,18.75000000003333,1125.0,"13,14,15,16,17,18,19,20,21,22,23,24,25,26,27,28,29,30,31,32,33,34,35,36,37,38"
6802,6,H8,Tornada,4,Ciutat d'Asunción - Sant Adrià,1436,12:33:16,33.27,16.733333333266668,1004.0,"13,14,15,16,17,18,19,20,21,22,23,24,25,26,27,28,29,30,31,32,33,34,35,36,37,38"
6803,5,H8,Tornada,4,Ciutat d'Asunción - Sant Adrià,1436,12:49:43,49.72,16.45,987.0,"13,14,15,16,17,18,19,20,21,22,23,24,25,26,27,28,29,30,31,32,33,34,35,36,37,38"
6016,5,H8,Tornada,4,Ciutat d'Asunción - Sant Adrià,1436,13:06:09,6.15,16.4166666667,985.0,"13,14,15,16,17,18,19,20,21,22,23,24,25,26,27,28,29,30,31,32,33,34,35,36,37,38"
6805,7,H8,Tornada,4,Ciutat d'Asunción - Sant Adrià,1436,13:24:04,24.07,17.9166666667,1075.0,"13,14,15,16,17,18,19,20,21,22,23,24,25,26,27,28,29,30,31,32,33,34,35,36,37,38"
6814,9,H8,Tornada,4,Ciutat d'Asunción - Sant Adrià,1436,13:40:04,40.07,16.0166666666,961.0,"13,14,15,16,17,18,19,20,21,22,23,24,25,26,27,28,29,30,31,32,33,34,35,36,37,38"
6015,9,H8,Tornada,4,Ciutat d'Asunción - Sant Adrià,1436,13:55:51,55.85,15.766666666733332,946.0,"13,14,15,16,17,18,19,20,21,22,23,24,25,26,27,28,29,30,31,32,33,34,35,36,37,38"
6813,9,H8,Tornada,4,Ciutat d'Asunción - Sant Adrià,1436,14:10:00,10.0,14.149999999966667,849.0,"3,13,14,15,16,17,18,19,20,21,22,23,24,25,26,27,28,29,30,31,32,33,34,35,36,37,38"
6018,6,H8,Tornada,4,Ciutat d'Asunción - Sant Adrià,1436,14:26:59,26.98,16.983333333333334,1019.0,"13,14,15,16,17,18,19,20,21,22,23,24,25,26,27,28,29,30,31,32,33,34,35,36,37,38"
6014,8,H8,Tornada,4,Ciutat d'Asunción - Sant Adrià,1436,14:44:47,44.78,17.816666666633335,1069.0,"13,14,15,16,17,18,19,20,21,22,23,24,25,26,27,28,29,30,31,32,33,34,35,36,37,38"
6802,8,H8,Tornada,4,Ciutat d'Asunción - Sant Adrià,1436,15:02:07,2.12,17.333333333333332,1040.0,"13,14,15,16,17,18,19,20,21,22,23,24,25,26,27,28,29,30,31,32,33,34,35,36,37,38"
6803,7,H8,Tornada,4,Ciutat d'Asunción - Sant Adrià,1436,15:19:37,19.62,17.483333333366666,1049.0,"13,14,15,16,17,18,19,20,21,22,23,24,25,26,27,28,29,30,31,32,33,34,35,36,37,38"
6016,7,H8,Tornada,4,Ciutat d'Asunción - Sant Adrià,1436,15:37:42,37.7,18.083333333333332,1085.0,"13,14,15,16,17,18,19,20,21,22,23,24,25,26,27,28,29,30,31,32,33,34,35,36,37,38"
6805,9,H8,Tornada,4,Ciutat d'Asunción - Sant Adrià,1436,15:56:11,56.18,18.483333333366666,1109.0,"13,14,15,16,17,18,19,20,21,22,23,24,25,26,27,28,29,30,31,32,33,34,35,36,37,38"
6814,12,H8,Tornada,4,Ciutat d'Asunción - Sant Adrià,1436,16:12:01,12.02,15.849999999933335,951.0,"13,14,15,16,17,18,19,20,21,22,23,24,25,26,27,28,29,30,31,32,33,34,35,36,37,38"
6015,11,H8,Tornada,4,Ciutat d'Asunción - Sant Adrià,1436,16:28:08,28.13,16.100000000066665,966.0,"13,14,15,16,17,18,19,20,21,22,23,24,25,26,27,28,29,30,31,32,33,34,35,36,37,38"
6813,11,H8,Tornada,4,Ciutat d'Asunción - Sant Adrià,1436,16:46:43,46.72,18.599999999933335,1116.0,"13,14,15,16,17,18,19,20,21,22,23,24,25,26,27,28,29,30,31,32,33,34,35,36,37,38"
6018,8,H8,Tornada,4,Ciutat d'Asunción - Sant Adrià,1436,17:02:47,2.78,16.066666666666666,964.0,"13,14,15,16,17,18,19,20,21,22,23,24,25,26,27,28,29,30,31,32,33,34,35,36,37,38"
6803,9,H8,Tornada,4,Ciutat d'Asunción - Sant Adrià,1436,17:54:25,54.42,18.33333333326667,1100.0,"13,14,15,16,17,18,19,20,21,22,23,24,25,26,27,28,29,30,31,32,33,34,35,36,37,38"
6016,9,H8,Tornada,4,Ciutat d'Asunción - Sant Adrià,1436,18:11:30,11.5,17.083333333333332,1025.0,"13,14,15,16,17,18,19,20,21,22,23,24,25,26,27,28,29,30,31,32,33,34,35,36,37,38"
6805,11,H8,Tornada,4,Ciutat d'Asunción - Sant Adrià,1436,18:29:41,29.68,18.1666666667,1090.0,"13,14,15,16,17,18,19,20,21,22,23,24,25,26,27,28,29,30,31,32,33,34,35,36,37,38"
6814,14,H8,Tornada,4,Ciutat d'Asunción - Sant Adrià,1436,18:45:56,45.93,16.25,975.0,"13,14,15,16,17,18,19,20,21,22,23,24,25,26,27,28,29,30,31,32,33,34,35,36,37,38"
6015,13,H8,Tornada,4,Ciutat d'Asunción - Sant Adrià,1436,19:01:51,1.85,15.9333333333,956.0,"13,14,15,16,17,18,19,20,21,22,23,24,25,26,27,28,29,30,31,32,33,34,35,36,37,38"
6813,13,H8,Tornada,4,Ciutat d'Asunción - Sant Adrià,1436,19:19:28,19.47,17.616666666666667,1057.0,"13,14,15,16,17,18,19,20,21,22,23,24,25,26,27,28,29,30,31,32,33,34,35,36,37,38"
6018,10,H8,Tornada,4,Ciutat d'Asunción - Sant Adrià,1436,19:33:47,33.78,14.316666666666666,859.0,"2,13,14,15,16,17,18,19,20,21,22,23,24,25,26,27,28,29,30,31,32,33,34,35,36,37,38"
6064,2,H8,Tornada,4,Ciutat d'Asunción - Sant Adrià,1436,19:55:01,55.02,21.2166666667,1273.0,"9,10,13,14,15,16,17,18,19,20,21,22,23,24,25,26,27,28,29,30,31,32,33,34,35,36,37,38"
6802,13,H8,Tornada,4,Ciutat d'Asunción - Sant Adrià,1436,20:10:28,10.47,15.466666666633333,928.0,"13,14,15,16,17,18,19,20,21,22,23,24,25,26,27,28,29,30,31,32,33,34,35,36,37,38"
6803,11,H8,Tornada,4,Ciutat d'Asunción - Sant Adrià,1436,20:27:50,27.83,17.366666666683333,1042.0,"13,14,15,16,17,18,19,20,21,22,23,24,25,26,27,28,29,30,31,32,33,34,35,36,37,38"
6016,11,H8,Tornada,4,Ciutat d'Asunción - Sant Adrià,1436,20:44:56,44.93,17.099999999983332,1026.0,"13,14,15,16,17,18,19,20,21,22,23,24,25,26,27,28,29,30,31,32,33,34,35,36,37,38"
6805,13,H8,Tornada,4,Ciutat d'Asunción - Sant Adrià,1436,21:02:32,2.53,17.5833333334,1055.0,"13,14,15,16,17,18,19,20,21,22,23,24,25,26,27,28,29,30,31,32,33,34,35,36,37,38"
6814,1,H8,Tornada,5,Pg de l'Havana - Ciutat d'Asunción,2593,06:04:43,4.72,,,"1,2,13,14,15,16,17,18,19,20,21,22,23,24,25,26,27,28,29,30,31,32,33,34,35,36,37,38"
6015,1,H8,Tornada,5,Pg de l'Havana - Ciutat d'Asunción,2593,06:23:21,23.35,18.649999999933335,1119.0,"13,14,15,16,17,18,19,20,21,22,23,24,25,26,27,28,29,30,31,32,33,34,35,36,37,38"
6813,1,H8,Tornada,5,Pg de l'Havana - Ciutat d'Asunción,2593,06:43:34,43.57,20.200000000066666,1212.0,"13,14,15,16,17,18,19,20,21,22,23,24,25,26,27,28,29,30,31,32,33,34,35,36,37,38"
6014,1,H8,Tornada,5,Pg de l'Havana - Ciutat d'Asunción,2593,07:04:39,4.65,21.0833333333,1265.0,"13,14,15,16,17,18,19,20,21,22,23,24,25,26,27,28,29,30,31,32,33,34,35,36,37,38"
6802,1,H8,Tornada,5,Pg de l'Havana - Ciutat d'Asunción,2593,07:23:43,23.72,19.066666666683332,1144.0,"4,13,14,15,16,17,18,19,20,21,22,23,24,25,26,27,28,29,30,31,32,33,34,35,36,37,38"
6803,1,H8,Tornada,5,Pg de l'Havana - Ciutat d'Asunción,2593,07:42:09,42.15,18.449999999950002,1107.0,"1,2,3,13,14,15,16,17,18,19,20,21,22,23,24,25,26,27,28,29,30,31,32,33,34,35,36,37,38"
6016,1,H8,Tornada,5,Pg de l'Havana - Ciutat d'Asunción,2593,07:59:35,59.58,17.4166666667,1045.0,"13,14,15,16,17,18,19,20,21,22,23,24,25,26,27,28,29,30,31,32,33,34,35,36,37,38"
6805,1,H8,Tornada,5,Pg de l'Havana - Ciutat d'Asunción,2593,08:17:17,17.28,17.7,1062.0,"13,14,15,16,17,18,19,20,21,22,23,24,25,26,27,28,29,30,31,32,33,34,35,36,37,38"
6814,3,H8,Tornada,5,Pg de l'Havana - Ciutat d'Asunción,2593,08:35:22,35.37,18.099999999966666,1086.0,"13,14,15,16,17,18,19,20,21,22,23,24,25,26,27,28,29,30,31,32,33,34,35,36,37,38"
6015,3,H8,Tornada,5,Pg de l'Havana - Ciutat d'Asunción,2593,08:52:46,52.77,17.4,1044.0,"13,14,15,16,17,18,19,20,21,22,23,24,25,26,27,28,29,30,31,32,33,34,35,36,37,38"
6813,3,H8,Tornada,5,Pg de l'Havana - Ciutat d'Asunción,2593,09:09:16,9.27,16.5,990.0,"6,13,14,15,16,17,18,19,20,21,22,23,24,25,26,27,28,29,30,31,32,33,34,35,36,37,38"
6018,1,H8,Tornada,5,Pg de l'Havana - Ciutat d'Asunción,2593,09:25:57,25.95,16.66666666673333,1000.0,"13,14,15,16,17,18,19,20,21,22,23,24,25,26,27,28,29,30,31,32,33,34,35,36,37,38"
6014,3,H8,Tornada,5,Pg de l'Havana - Ciutat d'Asunción,2593,09:42:29,42.48,16.5333333333,992.0,"13,14,15,16,17,18,19,20,21,22,23,24,25,26,27,28,29,30,31,32,33,34,35,36,37,38"
6802,3,H8,Tornada,5,Pg de l'Havana - Ciutat d'Asunción,2593,10:00:40,0.67,18.199999999966668,1092.0,"13,14,15,16,17,18,19,20,21,22,23,24,25,26,27,28,29,30,31,32,33,34,35,36,37,38"
6803,3,H8,Tornada,5,Pg de l'Havana - Ciutat d'Asunción,2593,10:18:35,18.58,17.900000000066665,1074.0,"13,14,15,16,17,18,19,20,21,22,23,24,25,26,27,28,29,30,31,32,33,34,35,36,37,38"
6016,3,H8,Tornada,5,Pg de l'Havana - Ciutat d'Asunción,2593,10:35:02,35.03,16.449999999966668,987.0,"13,14,15,16,17,18,19,20,21,22,23,24,25,26,27,28,29,30,31,32,33,34,35,36,37,38"
6805,4,H8,Tornada,5,Pg de l'Havana - Ciutat d'Asunción,2593,10:51:22,51.37,16.333333333366667,980.0,"2,13,14,15,16,17,18,19,20,21,22,23,24,25,26,27,28,29,30,31,32,33,34,35,36,37,38"
6814,6,H8,Tornada,5,Pg de l'Havana - Ciutat d'Asunción,2593,11:11:17,11.28,19.916666666633333,1195.0,"13,14,15,16,17,18,19,20,21,22,23,24,25,26,27,28,29,30,31,32,33,34,35,36,37,38"
6015,6,H8,Tornada,5,Pg de l'Havana - Ciutat d'Asunción,2593,11:27:26,27.43,16.15,969.0,"13,14,15,16,17,18,19,20,21,22,23,24,25,26,27,28,29,30,31,32,33,34,35,36,37,38"
6813,6,H8,Tornada,5,Pg de l'Havana - Ciutat d'Asunción,2593,11:42:57,42.95,15.5333333333,932.0,"13,14,15,16,17,18,19,20,21,22,23,24,25,26,27,28,29,30,31,32,33,34,35,36,37,38"
6018,4,H8,Tornada,5,Pg de l'Havana - Ciutat d'Asunción,2593,11:59:21,59.35,16.383333333366668,983.0,"13,14,15,16,17,18,19,20,21,22,23,24,25,26,27,28,29,30,31,32,33,34,35,36,37,38"
6014,5,H8,Tornada,5,Pg de l'Havana - Ciutat d'Asunción,2593,12:18:48,18.8,19.466666666633333,1168.0,"13,14,15,16,17,18,19,20,21,22,23,24,25,26,27,28,29,30,31,32,33,34,35,36,37,38"
6802,6,H8,Tornada,5,Pg de l'Havana - Ciutat d'Asunción,2593,12:34:58,34.97,16.150000000033334,969.0,"13,14,15,16,17,18,19,20,21,22,23,24,25,26,27,28,29,30,31,32,33,34,35,36,37,38"
6803,5,H8,Tornada,5,Pg de l'Havana - Ciutat d'Asunción,2593,12:51:00,51.0,16.033333333366667,962.0,"13,14,15,16,17,18,19,20,21,22,23,24,25,26,27,28,29,30,31,32,33,34,35,36,37,38"
6016,5,H8,Tornada,5,Pg de l'Havana - Ciutat d'Asunción,2593,13:07:42,7.7,16.699999999966668,1002.0,"13,14,15,16,17,18,19,20,21,22,23,24,25,26,27,28,29,30,31,32,33,34,35,36,37,38"
6805,7,H8,Tornada,5,Pg de l'Havana - Ciutat d'Asunción,2593,13:25:51,25.85,18.166666666633333,1090.0,"13,14,15,16,17,18,19,20,21,22,23,24,25,26,27,28,29,30,31,32,33,34,35,36,37,38"
6814,9,H8,Tornada,5,Pg de l'Havana - Ciutat d'Asunción,2593,13:42:12,42.2,16.3333333334,980.0,"13,14,15,16,17,18,19,20,21,22,23,24,25,26,27,28,29,30,31,32,33,34,35,36,37,38"
6015,9,H8,Tornada,5,Pg de l'Havana - Ciutat d'Asunción,2593,13:57:19,57.32,15.133333333266668,908.0,"13,14,15,16,17,18,19,20,21,22,23,24,25,26,27,28,29,30,31,32,33,34,35,36,37,38"
6813,9,H8,Tornada,5,Pg de l'Havana - Ciutat d'Asunción,2593,14:12:21,12.35,15.016666666699999,901.0,"3,13,14,15,16,17,18,19,20,21,22,23,24,25,26,27,28,29,30,31,32,33,34,35,36,37,38"
6018,6,H8,Tornada,5,Pg de l'Havana - Ciutat d'Asunción,2593,14:28:42,28.7,16.35,981.0,"13,14,15,16,17,18,19,20,21,22,23,24,25,26,27,28,29,30,31,32,33,34,35,36,37,38"
6014,8,H8,Tornada,5,Pg de l'Havana - Ciutat d'Asunción,2593,14:46:58,46.97,18.2833333333,1097.0,"13,14,15,16,17,18,19,20,21,22,23,24,25,26,27,28,29,30,31,32,33,34,35,36,37,38"
6802,8,H8,Tornada,5,Pg de l'Havana - Ciutat d'Asunción,2593,15:03:21,3.35,16.3666666667,982.0,"13,14,15,16,17,18,19,20,21,22,23,24,25,26,27,28,29,30,31,32,33,34,35,36,37,38"
6803,7,H8,Tornada,5,Pg de l'Havana - Ciutat d'Asunción,2593,15:21:36,21.6,18.25,1095.0,"13,14,15,16,17,18,19,20,21,22,23,24,25,26,27,28,29,30,31,32,33,34,35,36,37,38"
6016,7,H8,Tornada,5,Pg de l'Havana - Ciutat d'Asunción,2593,15:39:25,39.42,17.816666666699998,1069.0,"13,14,15,16,17,18,19,20,21,22,23,24,25,26,27,28,29,30,31,32,33,34,35,36,37,38"
6805,9,H8,Tornada,5,Pg de l'Havana - Ciutat d'Asunción,2593,15:57:40,57.67,18.2666666666,1096.0,"13,14,15,16,17,18,19,20,21,22,23,24,25,26,27,28,29,30,31,32,33,34,35,36,37,38"
6814,12,H8,Tornada,5,Pg de l'Havana - Ciutat d'Asunción,2593,16:13:55,13.92,16.2333333334,974.0,"13,14,15,16,17,18,19,20,21,22,23,24,25,26,27,28,29,30,31,32,33,34,35,36,37,38"
6015,11,H8,Tornada,5,Pg de l'Havana - Ciutat d'Asunción,2593,16:30:07,30.12,16.216666666600002,973.0,"13,14,15,16,17,18,19,20,21,22,23,24,25,26,27,28,29,30,31,32,33,34,35,36,37,38"
6813,11,H8,Tornada,5,Pg de l'Havana - Ciutat d'Asunción,2593,16:48:38,48.63,18.516666666666666,1111.0,"13,14,15,16,17,18,19,20,21,22,23,24,25,26,27,28,29,30,31,32,33,34,35,36,37,38"
6018,8,H8,Tornada,5,Pg de l'Havana - Ciutat d'Asunción,2593,17:04:48,4.8,16.150000000033334,969.0,"13,14,15,16,17,18,19,20,21,22,23,24,25,26,27,28,29,30,31,32,33,34,35,36,37,38"
6803,9,H8,Tornada,5,Pg de l'Havana - Ciutat d'Asunción,2593,17:58:06,58.1,19.416666666633333,1165.0,"13,14,15,16,17,18,19,20,21,22,23,24,25,26,27,28,29,30,31,32,33,34,35,36,37,38"
6016,9,H8,Tornada,5,Pg de l'Havana - Ciutat d'Asunción,2593,18:13:25,13.42,15.3166666667,919.0,"13,14,15,16,17,18,19,20,21,22,23,24,25,26,27,28,29,30,31,32,33,34,35,36,37,38"
6805,11,H8,Tornada,5,Pg de l'Havana - Ciutat d'Asunción,2593,18:31:34,31.57,18.1666666666,1090.0,"13,14,15,16,17,18,19,20,21,22,23,24,25,26,27,28,29,30,31,32,33,34,35,36,37,38"
6814,14,H8,Tornada,5,Pg de l'Havana - Ciutat d'Asunción,2593,18:47:16,47.27,15.7,942.0,"13,14,15,16,17,18,19,20,21,22,23,24,25,26,27,28,29,30,31,32,33,34,35,36,37,38"
6015,13,H8,Tornada,5,Pg de l'Havana - Ciutat d'Asunción,2593,19:04:28,4.47,17.183333333366665,1031.0,"13,14,15,16,17,18,19,20,21,22,23,24,25,26,27,28,29,30,31,32,33,34,35,36,37,38"
6813,13,H8,Tornada,5,Pg de l'Havana - Ciutat d'Asunción,2593,19:21:51,21.85,17.383333333333333,1043.0,"13,14,15,16,17,18,19,20,21,22,23,24,25,26,27,28,29,30,31,32,33,34,35,36,37,38"
6018,10,H8,Tornada,5,Pg de l'Havana - Ciutat d'Asunción,2593,19:36:30,36.5,14.666666666633335,880.0,"2,13,14,15,16,17,18,19,20,21,22,23,24,25,26,27,28,29,30,31,32,33,34,35,36,37,38"
6064,2,H8,Tornada,5,Pg de l'Havana - Ciutat d'Asunción,2593,19:56:56,56.93,20.4166666667,1225.0,"9,10,13,14,15,16,17,18,19,20,21,22,23,24,25,26,27,28,29,30,31,32,33,34,35,36,37,38"
6802,13,H8,Tornada,5,Pg de l'Havana - Ciutat d'Asunción,2593,20:11:51,11.85,14.9333333333,896.0,"13,14,15,16,17,18,19,20,21,22,23,24,25,26,27,28,29,30,31,32,33,34,35,36,37,38"
6803,11,H8,Tornada,5,Pg de l'Havana - Ciutat d'Asunción,2593,20:30:26,30.43,18.566666666699998,1114.0,"13,14,15,16,17,18,19,20,21,22,23,24,25,26,27,28,29,30,31,32,33,34,35,36,37,38"
6016,11,H8,Tornada,5,Pg de l'Havana - Ciutat d'Asunción,2593,20:47:22,47.37,16.949999999950002,1017.0,"13,14,15,16,17,18,19,20,21,22,23,24,25,26,27,28,29,30,31,32,33,34,35,36,37,38"
6805,13,H8,Tornada,5,Pg de l'Havana - Ciutat d'Asunción,2593,21:04:43,4.72,17.333333333383333,1040.0,"13,14,15,16,17,18,19,20,21,22,23,24,25,26,27,28,29,30,31,32,33,34,35,36,37,38"
6814,1,H8,Tornada,6,Parc de la Maquinista,2594,06:05:44,5.73,,,"1,2,13,14,15,16,17,18,19,20,21,22,23,24,25,26,27,28,29,30,31,32,33,34,35,36,37,38"
6015,1,H8,Tornada,6,Parc de la Maquinista,2594,06:25:32,25.53,19.8,1188.0,"13,14,15,16,17,18,19,20,21,22,23,24,25,26,27,28,29,30,31,32,33,34,35,36,37,38"
6813,1,H8,Tornada,6,Parc de la Maquinista,2594,06:44:45,44.75,19.233333333266668,1154.0,"13,14,15,16,17,18,19,20,21,22,23,24,25,26,27,28,29,30,31,32,33,34,35,36,37,38"
6014,1,H8,Tornada,6,Parc de la Maquinista,2594,07:06:14,6.23,21.4666666667,1288.0,"13,14,15,16,17,18,19,20,21,22,23,24,25,26,27,28,29,30,31,32,33,34,35,36,37,38"
6802,1,H8,Tornada,6,Parc de la Maquinista,2594,07:25:58,25.97,19.733333333333334,1184.0,"4,13,14,15,16,17,18,19,20,21,22,23,24,25,26,27,28,29,30,31,32,33,34,35,36,37,38"
6803,1,H8,Tornada,6,Parc de la Maquinista,2594,07:44:05,44.08,18.1333333333,1088.0,"1,2,3,13,14,15,16,17,18,19,20,21,22,23,24,25,26,27,28,29,30,31,32,33,34,35,36,37,38"
6016,1,H8,Tornada,6,Parc de la Maquinista,2594,08:02:01,2.02,17.91666666673333,1075.0,"13,14,15,16,17,18,19,20,21,22,23,24,25,26,27,28,29,30,31,32,33,34,35,36,37,38"
6805,1,H8,Tornada,6,Parc de la Maquinista,2594,08:19:00,19.0,16.983333333333334,1019.0,"13,14,15,16,17,18,19,20,21,22,23,24,25,26,27,28,29,30,31,32,33,34,35,36,37,38"
6814,3,H8,Tornada,6,Parc de la Maquinista,2594,08:37:59,37.98,18.9833333333,1139.0,"13,14,15,16,17,18,19,20,21,22,23,24,25,26,27,28,29,30,31,32,33,34,35,36,37,38"
6015,3,H8,Tornada,6,Parc de la Maquinista,2594,08:54:26,54.43,16.466666666633333,988.0,"13,14,15,16,17,18,19,20,21,22,23,24,25,26,27,28,29,30,31,32,33,34,35,36,37,38"
6014,3,H8,Tornada,6,Parc de la Maquinista,2594,09:44:12,44.2,16.9,1014.0,"13,14,15,16,17,18,19,20,21,22,23,24,25,26,27,28,29,30,31,32,33,34,35,36,37,38"
6802,3,H8,Tornada,6,Parc de la Maquinista,2594,10:02:01,2.02,17.83333333326667,1070.0,"13,14,15,16,17,18,19,20,21,22,23,24,25,26,27,28,29,30,31,32,33,34,35,36,37,38"
6803,3,H8,Tornada,6,Parc de la Maquinista,2594,10:20:11,20.18,18.150000000033334,1089.0,"13,14,15,16,17,18,19,20,21,22,23,24,25,26,27,28,29,30,31,32,33,34,35,36,37,38"
6016,3,H8,Tornada,6,Parc de la Maquinista,2594,10:36:29,36.48,16.3,978.0,"13,14,15,16,17,18,19,20,21,22,23,24,25,26,27,28,29,30,31,32,33,34,35,36,37,38"
6805,4,H8,Tornada,6,Parc de la Maquinista,2594,10:52:01,52.02,15.549999999966667,933.0,"2,13,14,15,16,17,18,19,20,21,22,23,24,25,26,27,28,29,30,31,32,33,34,35,36,37,38"
6814,6,H8,Tornada,6,Parc de la Maquinista,2594,11:12:32,12.53,20.50000000003333,1230.0,"13,14,15,16,17,18,19,20,21,22,23,24,25,26,27,28,29,30,31,32,33,34,35,36,37,38"
6015,6,H8,Tornada,6,Parc de la Maquinista,2594,11:28:59,28.98,16.466666666633333,988.0,"13,14,15,16,17,18,19,20,21,22,23,24,25,26,27,28,29,30,31,32,33,34,35,36,37,38"
6813,6,H8,Tornada,6,Parc de la Maquinista,2594,11:43:46,43.77,14.783333333333333,887.0,"13,14,15,16,17,18,19,20,21,22,23,24,25,26,27,28,29,30,31,32,33,34,35,36,37,38"
6018,4,H8,Tornada,6,Parc de la Maquinista,2594,12:00:32,0.53,16.75000000003333,1005.0,"13,14,15,16,17,18,19,20,21,22,23,24,25,26,27,28,29,30,31,32,33,34,35,36,37,38"
6014,5,H8,Tornada,6,Parc de la Maquinista,2594,12:20:20,20.33,19.816666666633335,1189.0,"13,14,15,16,17,18,19,20,21,22,23,24,25,26,27,28,29,30,31,32,33,34,35,36,37,38"
6802,6,H8,Tornada,6,Parc de la Maquinista,2594,12:36:19,36.32,15.983333333333333,959.0,"13,14,15,16,17,18,19,20,21,22,23,24,25,26,27,28,29,30,31,32,33,34,35,36,37,38"
6803,5,H8,Tornada,6,Parc de la Maquinista,2594,12:52:36,52.6,16.283333333333335,977.0,"13,14,15,16,17,18,19,20,21,22,23,24,25,26,27,28,29,30,31,32,33,34,35,36,37,38"
6016,5,H8,Tornada,6,Parc de la Maquinista,2594,13:09:11,9.18,16.566666666699998,994.0,"13,14,15,16,17,18,19,20,21,22,23,24,25,26,27,28,29,30,31,32,33,34,35,36,37,38"
6805,7,H8,Tornada,6,Parc de la Maquinista,2594,13:26:49,26.82,17.633333333333333,1058.0,"13,14,15,16,17,18,19,20,21,22,23,24,25,26,27,28,29,30,31,32,33,34,35,36,37,38"
6814,9,H8,Tornada,6,Parc de la Maquinista,2594,13:44:00,44.0,17.183333333333334,1031.0,"13,14,15,16,17,18,19,20,21,22,23,24,25,26,27,28,29,30,31,32,33,34,35,36,37,38"
6015,9,H8,Tornada,6,Parc de la Maquinista,2594,13:59:11,59.18,15.183333333366667,911.0,"13,14,15,16,17,18,19,20,21,22,23,24,25,26,27,28,29,30,31,32,33,34,35,36,37,38"
6813,9,H8,Tornada,6,Parc de la Maquinista,2594,14:13:20,13.33,14.149999999966667,849.0,"3,13,14,15,16,17,18,19,20,21,22,23,24,25,26,27,28,29,30,31,32,33,34,35,36,37,38"
6018,6,H8,Tornada,6,Parc de la Maquinista,2594,14:29:51,29.85,16.5333333333,992.0,"13,14,15,16,17,18,19,20,21,22,23,24,25,26,27,28,29,30,31,32,33,34,35,36,37,38"
6014,8,H8,Tornada,6,Parc de la Maquinista,2594,14:48:43,48.72,18.866666666666667,1132.0,"13,14,15,16,17,18,19,20,21,22,23,24,25,26,27,28,29,30,31,32,33,34,35,36,37,38"
6802,8,H8,Tornada,6,Parc de la Maquinista,2594,15:05:10,5.17,16.433333333366665,986.0,"13,14,15,16,17,18,19,20,21,22,23,24,25,26,27,28,29,30,31,32,33,34,35,36,37,38"
6803,7,H8,Tornada,6,Parc de la Maquinista,2594,15:22:49,22.82,17.65,1059.0,"13,14,15,16,17,18,19,20,21,22,23,24,25,26,27,28,29,30,31,32,33,34,35,36,37,38"
6016,7,H8,Tornada,6,Parc de la Maquinista,2594,15:40:43,40.72,17.9,1074.0,"13,14,15,16,17,18,19,20,21,22,23,24,25,26,27,28,29,30,31,32,33,34,35,36,37,38"
6805,9,H8,Tornada,6,Parc de la Maquinista,2594,15:58:59,58.98,18.2666666667,1096.0,"13,14,15,16,17,18,19,20,21,22,23,24,25,26,27,28,29,30,31,32,33,34,35,36,37,38"
6814,12,H8,Tornada,6,Parc de la Maquinista,2594,16:15:02,15.03,16.049999999966666,963.0,"13,14,15,16,17,18,19,20,21,22,23,24,25,26,27,28,29,30,31,32,33,34,35,36,37,38"
6015,11,H8,Tornada,6,Parc de la Maquinista,2594,16:31:13,31.22,16.183333333366665,971.0,"13,14,15,16,17,18,19,20,21,22,23,24,25,26,27,28,29,30,31,32,33,34,35,36,37,38"
6813,11,H8,Tornada,6,Parc de la Maquinista,2594,16:50:43,50.72,19.5166666666,1171.0,"13,14,15,16,17,18,19,20,21,22,23,24,25,26,27,28,29,30,31,32,33,34,35,36,37,38"
6018,8,H8,Tornada,6,Parc de la Maquinista,2594,17:06:30,6.5,15.783333333333333,947.0,"13,14,15,16,17,18,19,20,21,22,23,24,25,26,27,28,29,30,31,32,33,34,35,36,37,38"
6803,9,H8,Tornada,6,Parc de la Maquinista,2594,17:58:51,58.85,19.28333333326667,1157.0,"13,14,15,16,17,18,19,20,21,22,23,24,25,26,27,28,29,30,31,32,33,34,35,36,37,38"
6016,9,H8,Tornada,6,Parc de la Maquinista,2594,18:14:51,14.85,15.983333333366666,959.0,"13,14,15,16,17,18,19,20,21,22,23,24,25,26,27,28,29,30,31,32,33,34,35,36,37,38"
6805,11,H8,Tornada,6,Parc de la Maquinista,2594,18:32:57,32.95,18.1,1086.0,"13,14,15,16,17,18,19,20,21,22,23,24,25,26,27,28,29,30,31,32,33,34,35,36,37,38"
6814,14,H8,Tornada,6,Parc de la Maquinista,2594,18:49:05,49.08,16.133333333333333,968.0,"13,14,15,16,17,18,19,20,21,22,23,24,25,26,27,28,29,30,31,32,33,34,35,36,37,38"
6015,13,H8,Tornada,6,Parc de la Maquinista,2594,19:06:40,6.67,17.583333333333332,1055.0,"13,14,15,16,17,18,19,20,21,22,23,24,25,26,27,28,29,30,31,32,33,34,35,36,37,38"
6813,13,H8,Tornada,6,Parc de la Maquinista,2594,19:23:10,23.17,16.50000000003333,990.0,"13,14,15,16,17,18,19,20,21,22,23,24,25,26,27,28,29,30,31,32,33,34,35,36,37,38"
6018,10,H8,Tornada,6,Parc de la Maquinista,2594,19:37:53,37.88,14.716666666666667,883.0,"2,13,14,15,16,17,18,19,20,21,22,23,24,25,26,27,28,29,30,31,32,33,34,35,36,37,38"
6064,2,H8,Tornada,6,Parc de la Maquinista,2594,19:59:03,59.05,21.166666666633333,1270.0,"9,10,13,14,15,16,17,18,19,20,21,22,23,24,25,26,27,28,29,30,31,32,33,34,35,36,37,38"
6802,13,H8,Tornada,6,Parc de la Maquinista,2594,20:13:54,13.9,14.850000000033333,891.0,"13,14,15,16,17,18,19,20,21,22,23,24,25,26,27,28,29,30,31,32,33,34,35,36,37,38"
6803,11,H8,Tornada,6,Parc de la Maquinista,2594,20:31:39,31.65,17.75,1065.0,"13,14,15,16,17,18,19,20,21,22,23,24,25,26,27,28,29,30,31,32,33,34,35,36,37,38"
6016,11,H8,Tornada,6,Parc de la Maquinista,2594,20:48:01,48.02,16.366666666633332,982.0,"13,14,15,16,17,18,19,20,21,22,23,24,25,26,27,28,29,30,31,32,33,34,35,36,37,38"
6805,13,H8,Tornada,6,Parc de la Maquinista,2594,21:05:07,5.12,17.116666666633332,1027.0,"13,14,15,16,17,18,19,20,21,22,23,24,25,26,27,28,29,30,31,32,33,34,35,36,37,38"
6814,1,H8,Tornada,7,Josep Soldevila - Torrent Estadella,3309,06:07:31,7.52,,,"1,2,13,14,15,16,17,18,19,20,21,22,23,24,25,26,27,28,29,30,31,32,33,34,35,36,37,38"
6015,1,H8,Tornada,7,Josep Soldevila - Torrent Estadella,3309,06:27:24,27.4,19.866666666733334,1192.0,"13,14,15,16,17,18,19,20,21,22,23,24,25,26,27,28,29,30,31,32,33,34,35,36,37,38"
6813,1,H8,Tornada,7,Josep Soldevila - Torrent Estadella,3309,06:47:15,47.25,19.85,1191.0,"13,14,15,16,17,18,19,20,21,22,23,24,25,26,27,28,29,30,31,32,33,34,35,36,37,38"
6014,1,H8,Tornada,7,Josep Soldevila - Torrent Estadella,3309,07:09:14,9.23,21.999999999933333,1320.0,"13,14,15,16,17,18,19,20,21,22,23,24,25,26,27,28,29,30,31,32,33,34,35,36,37,38"
6802,1,H8,Tornada,7,Josep Soldevila - Torrent Estadella,3309,07:27:30,27.5,18.25000000003333,1095.0,"4,13,14,15,16,17,18,19,20,21,22,23,24,25,26,27,28,29,30,31,32,33,34,35,36,37,38"
6803,1,H8,Tornada,7,Josep Soldevila - Torrent Estadella,3309,07:44:56,44.93,17.449999999966668,1047.0,"1,2,3,13,14,15,16,17,18,19,20,21,22,23,24,25,26,27,28,29,30,31,32,33,34,35,36,37,38"
6016,1,H8,Tornada,7,Josep Soldevila - Torrent Estadella,3309,08:03:24,3.4,18.450000000033334,1107.0,"13,14,15,16,17,18,19,20,21,22,23,24,25,26,27,28,29,30,31,32,33,34,35,36,37,38"
6805,1,H8,Tornada,7,Josep Soldevila - Torrent Estadella,3309,08:20:21,20.35,16.950000000033334,1017.0,"13,14,15,16,17,18,19,20,21,22,23,24,25,26,27,28,29,30,31,32,33,34,35,36,37,38"
6814,3,H8,Tornada,7,Josep Soldevila - Torrent Estadella,3309,08:39:44,39.73,19.383333333333333,1163.0,"13,14,15,16,17,18,19,20,21,22,23,24,25,26,27,28,29,30,31,32,33,34,35,36,37,38"
6015,3,H8,Tornada,7,Josep Soldevila - Torrent Estadella,3309,08:56:44,56.73,16.99999999996667,1020.0,"13,14,15,16,17,18,19,20,21,22,23,24,25,26,27,28,29,30,31,32,33,34,35,36,37,38"
6813,3,H8,Tornada,7,Josep Soldevila - Torrent Estadella,3309,09:10:52,10.87,14.133333333366666,848.0,"6,13,14,15,16,17,18,19,20,21,22,23,24,25,26,27,28,29,30,31,32,33,34,35,36,37,38"
6018,1,H8,Tornada,7,Josep Soldevila - Torrent Estadella,3309,09:29:44,29.73,18.866666666666667,1132.0,"13,14,15,16,17,18,19,20,21,22,23,24,25,26,27,28,29,30,31,32,33,34,35,36,37,38"
6014,3,H8,Tornada,7,Josep Soldevila - Torrent Estadella,3309,09:45:52,45.87,16.149999999933335,969.0,"13,14,15,16,17,18,19,20,21,22,23,24,25,26,27,28,29,30,31,32,33,34,35,36,37,38"
6802,3,H8,Tornada,7,Josep Soldevila - Torrent Estadella,3309,10:03:38,3.63,17.750000000066667,1065.0,"13,14,15,16,17,18,19,20,21,22,23,24,25,26,27,28,29,30,31,32,33,34,35,36,37,38"
6803,3,H8,Tornada,7,Josep Soldevila - Torrent Estadella,3309,10:22:25,22.42,18.783333333333335,1127.0,"13,14,15,16,17,18,19,20,21,22,23,24,25,26,27,28,29,30,31,32,33,34,35,36,37,38"
6016,3,H8,Tornada,7,Josep Soldevila - Torrent Estadella,3309,10:38:20,38.33,15.933333333266667,956.0,"13,14,15,16,17,18,19,20,21,22,23,24,25,26,27,28,29,30,31,32,33,34,35,36,37,38"
6805,4,H8,Tornada,7,Josep Soldevila - Torrent Estadella,3309,10:54:32,54.53,16.1833333334,971.0,"2,13,14,15,16,17,18,19,20,21,22,23,24,25,26,27,28,29,30,31,32,33,34,35,36,37,38"
6814,6,H8,Tornada,7,Josep Soldevila - Torrent Estadella,3309,11:15:01,15.02,20.483333333333334,1229.0,"13,14,15,16,17,18,19,20,21,22,23,24,25,26,27,28,29,30,31,32,33,34,35,36,37,38"
6015,6,H8,Tornada,7,Josep Soldevila - Torrent Estadella,3309,11:30:42,30.7,15.6833333333,941.0,"13,14,15,16,17,18,19,20,21,22,23,24,25,26,27,28,29,30,31,32,33,34,35,36,37,38"
6813,6,H8,Tornada,7,Josep Soldevila - Torrent Estadella,3309,11:46:07,46.12,15.4166666667,925.0,"13,14,15,16,17,18,19,20,21,22,23,24,25,26,27,28,29,30,31,32,33,34,35,36,37,38"
6018,4,H8,Tornada,7,Josep Soldevila - Torrent Estadella,3309,12:02:44,2.73,16.616666666666667,997.0,"13,14,15,16,17,18,19,20,21,22,23,24,25,26,27,28,29,30,31,32,33,34,35,36,37,38"
6014,5,H8,Tornada,7,Josep Soldevila - Torrent Estadella,3309,12:21:59,21.98,19.24999999996667,1155.0,"13,14,15,16,17,18,19,20,21,22,23,24,25,26,27,28,29,30,31,32,33,34,35,36,37,38"
6802,6,H8,Tornada,7,Josep Soldevila - Torrent Estadella,3309,12:38:08,38.13,16.150000000033334,969.0,"13,14,15,16,17,18,19,20,21,22,23,24,25,26,27,28,29,30,31,32,33,34,35,36,37,38"
6803,5,H8,Tornada,7,Josep Soldevila - Torrent Estadella,3309,12:54:15,54.25,16.116666666666667,967.0,"13,14,15,16,17,18,19,20,21,22,23,24,25,26,27,28,29,30,31,32,33,34,35,36,37,38"
6016,5,H8,Tornada,7,Josep Soldevila - Torrent Estadella,3309,13:10:17,10.28,16.0333333333,962.0,"13,14,15,16,17,18,19,20,21,22,23,24,25,26,27,28,29,30,31,32,33,34,35,36,37,38"
6805,7,H8,Tornada,7,Josep Soldevila - Torrent Estadella,3309,13:28:53,28.88,18.600000000033333,1116.0,"13,14,15,16,17,18,19,20,21,22,23,24,25,26,27,28,29,30,31,32,33,34,35,36,37,38"
6814,9,H8,Tornada,7,Josep Soldevila - Torrent Estadella,3309,13:46:23,46.38,17.5,1050.0,"13,14,15,16,17,18,19,20,21,22,23,24,25,26,27,28,29,30,31,32,33,34,35,36,37,38"
6015,9,H8,Tornada,7,Josep Soldevila - Torrent Estadella,3309,14:00:29,0.48,14.099999999966666,846.0,"13,14,15,16,17,18,19,20,21,22,23,24,25,26,27,28,29,30,31,32,33,34,35,36,37,38"
6813,9,H8,Tornada,7,Josep Soldevila - Torrent Estadella,3309,14:15:37,15.62,15.133333333366666,908.0,"3,13,14,15,16,17,18,19,20,21,22,23,24,25,26,27,28,29,30,31,32,33,34,35,36,37,38"
6018,6,H8,Tornada,7,Josep Soldevila - Torrent Estadella,3309,14:32:02,32.03,16.433333333266667,986.0,"13,14,15,16,17,18,19,20,21,22,23,24,25,26,27,28,29,30,31,32,33,34,35,36,37,38"
6014,8,H8,Tornada,7,Josep Soldevila - Torrent Estadella,3309,14:51:55,51.92,19.866666666733334,1192.0,"13,14,15,16,17,18,19,20,21,22,23,24,25,26,27,28,29,30,31,32,33,34,35,36,37,38"
6802,8,H8,Tornada,7,Josep Soldevila - Torrent Estadella,3309,15:07:48,7.8,15.899999999933334,954.0,"13,14,15,16,17,18,19,20,21,22,23,24,25,26,27,28,29,30,31,32,33,34,35,36,37,38"
6803,7,H8,Tornada,7,Josep Soldevila - Torrent Estadella,3309,15:25:39,25.65,17.8333333334,1070.0,"13,14,15,16,17,18,19,20,21,22,23,24,25,26,27,28,29,30,31,32,33,34,35,36,37,38"
6016,7,H8,Tornada,7,Josep Soldevila - Torrent Estadella,3309,15:42:56,42.93,17.2833333333,1037.0,"13,14,15,16,17,18,19,20,21,22,23,24,25,26,27,28,29,30,31,32,33,34,35,36,37,38"
6805,9,H8,Tornada,7,Josep Soldevila - Torrent Estadella,3309,16:01:14,1.23,18.316666666633335,1099.0,"13,14,15,16,17,18,19,20,21,22,23,24,25,26,27,28,29,30,31,32,33,34,35,36,37,38"
6814,12,H8,Tornada,7,Josep Soldevila - Torrent Estadella,3309,16:17:06,17.1,15.866666666683333,952.0,"13,14,15,16,17,18,19,20,21,22,23,24,25,26,27,28,29,30,31,32,33,34,35,36,37,38"
6015,11,H8,Tornada,7,Josep Soldevila - Torrent Estadella,3309,16:34:07,34.12,17.01666666665,1021.0,"13,14,15,16,17,18,19,20,21,22,23,24,25,26,27,28,29,30,31,32,33,34,35,36,37,38"
6813,11,H8,Tornada,7,Josep Soldevila - Torrent Estadella,3309,16:53:28,53.47,19.333333333366667,1160.0,"13,14,15,16,17,18,19,20,21,22,23,24,25,26,27,28,29,30,31,32,33,34,35,36,37,38"
6018,8,H8,Tornada,7,Josep Soldevila - Torrent Estadella,3309,17:09:23,9.38,15.9333333333,956.0,"13,14,15,16,17,18,19,20,21,22,23,24,25,26,27,28,29,30,31,32,33,34,35,36,37,38"
6803,9,H8,Tornada,7,Josep Soldevila - Torrent Estadella,3309,18:01:02,1.03,19.383333333366668,1163.0,"13,14,15,16,17,18,19,20,21,22,23,24,25,26,27,28,29,30,31,32,33,34,35,36,37,38"
6016,9,H8,Tornada,7,Josep Soldevila - Torrent Estadella,3309,18:17:02,17.03,16.016666666633334,961.0,"13,14,15,16,17,18,19,20,21,22,23,24,25,26,27,28,29,30,31,32,33,34,35,36,37,38"
6805,11,H8,Tornada,7,Josep Soldevila - Torrent Estadella,3309,18:35:56,35.93,18.8833333334,1133.0,"13,14,15,16,17,18,19,20,21,22,23,24,25,26,27,28,29,30,31,32,33,34,35,36,37,38"
6814,14,H8,Tornada,7,Josep Soldevila - Torrent Estadella,3309,18:50:21,50.35,14.416666666633335,865.0,"13,14,15,16,17,18,19,20,21,22,23,24,25,26,27,28,29,30,31,32,33,34,35,36,37,38"
6015,13,H8,Tornada,7,Josep Soldevila - Torrent Estadella,3309,19:08:09,8.15,17.8,1068.0,"13,14,15,16,17,18,19,20,21,22,23,24,25,26,27,28,29,30,31,32,33,34,35,36,37,38"
6813,13,H8,Tornada,7,Josep Soldevila - Torrent Estadella,3309,19:25:11,25.18,17.033333333333335,1022.0,"13,14,15,16,17,18,19,20,21,22,23,24,25,26,27,28,29,30,31,32,33,34,35,36,37,38"
6018,10,H8,Tornada,7,Josep Soldevila - Torrent Estadella,3309,19:39:41,39.68,14.500000000033333,870.0,"2,13,14,15,16,17,18,19,20,21,22,23,24,25,26,27,28,29,30,31,32,33,34,35,36,37,38"
6064,2,H8,Tornada,7,Josep Soldevila - Torrent Estadella,3309,20:02:49,2.82,23.149999999933335,1389.0,"9,10,13,14,15,16,17,18,19,20,21,22,23,24,25,26,27,28,29,30,31,32,33,34,35,36,37,38"
6802,13,H8,Tornada,7,Josep Soldevila - Torrent Estadella,3309,20:16:01,16.02,13.183333333399998,791.0,"13,14,15,16,17,18,19,20,21,22,23,24,25,26,27,28,29,30,31,32,33,34,35,36,37,38"
6803,11,H8,Tornada,7,Josep Soldevila - Torrent Estadella,3309,20:33:52,33.87,17.85,1071.0,"13,14,15,16,17,18,19,20,21,22,23,24,25,26,27,28,29,30,31,32,33,34,35,36,37,38"
6016,11,H8,Tornada,7,Josep Soldevila - Torrent Estadella,3309,20:50:44,50.73,16.866666666633332,1012.0,"13,14,15,16,17,18,19,20,21,22,23,24,25,26,27,28,29,30,31,32,33,34,35,36,37,38"
6805,13,H8,Tornada,7,Josep Soldevila - Torrent Estadella,3309,21:07:01,7.02,16.283333333366667,977.0,"13,14,15,16,17,18,19,20,21,22,23,24,25,26,27,28,29,30,31,32,33,34,35,36,37,38"
6814,1,H8,Tornada,8,Josep Soldevila - Onze de Setembre,3310,06:09:21,9.35,,,"1,2,13,14,15,16,17,18,19,20,21,22,23,24,25,26,27,28,29,30,31,32,33,34,35,36,37,38"
6015,1,H8,Tornada,8,Josep Soldevila - Onze de Setembre,3310,06:28:28,28.47,19.133333333266666,1148.0,"13,14,15,16,17,18,19,20,21,22,23,24,25,26,27,28,29,30,31,32,33,34,35,36,37,38"
6813,1,H8,Tornada,8,Josep Soldevila - Onze de Setembre,3310,06:48:49,48.82,20.3333333334,1220.0,"13,14,15,16,17,18,19,20,21,22,23,24,25,26,27,28,29,30,31,32,33,34,35,36,37,38"
6014,1,H8,Tornada,8,Josep Soldevila - Onze de Setembre,3310,07:10:15,10.25,21.433333333300002,1286.0,"13,14,15,16,17,18,19,20,21,22,23,24,25,26,27,28,29,30,31,32,33,34,35,36,37,38"
6802,1,H8,Tornada,8,Josep Soldevila - Onze de Setembre,3310,07:28:40,28.67,18.4166666667,1105.0,"4,13,14,15,16,17,18,19,20,21,22,23,24,25,26,27,28,29,30,31,32,33,34,35,36,37,38"
6803,1,H8,Tornada,8,Josep Soldevila - Onze de Setembre,3310,07:46:06,46.1,17.449999999933333,1047.0,"1,2,3,13,14,15,16,17,18,19,20,21,22,23,24,25,26,27,28,29,30,31,32,33,34,35,36,37,38"
6016,1,H8,Tornada,8,Josep Soldevila - Onze de Setembre,3310,08:05:47,5.78,19.6666666667,1180.0,"13,14,15,16,17,18,19,20,21,22,23,24,25,26,27,28,29,30,31,32,33,34,35,36,37,38"
6805,1,H8,Tornada,8,Josep Soldevila - Onze de Setembre,3310,08:21:39,21.65,15.8666666667,952.0,"13,14,15,16,17,18,19,20,21,22,23,24,25,26,27,28,29,30,31,32,33,34,35,36,37,38"
6814,3,H8,Tornada,8,Josep Soldevila - Onze de Setembre,3310,08:41:21,41.35,19.699999999966668,1182.0,"13,14,15,16,17,18,19,20,21,22,23,24,25,26,27,28,29,30,31,32,33,34,35,36,37,38"
6015,3,H8,Tornada,8,Josep Soldevila - Onze de Setembre,3310,08:57:59,57.98,16.633333333333333,998.0,"13,14,15,16,17,18,19,20,21,22,23,24,25,26,27,28,29,30,31,32,33,34,35,36,37,38"
6813,3,H8,Tornada,8,Josep Soldevila - Onze de Setembre,3310,09:12:57,12.95,14.9666666667,898.0,"6,13,14,15,16,17,18,19,20,21,22,23,24,25,26,27,28,29,30,31,32,33,34,35,36,37,38"
6018,1,H8,Tornada,8,Josep Soldevila - Onze de Setembre,3310,09:30:52,30.87,17.91666666665,1075.0,"13,14,15,16,17,18,19,20,21,22,23,24,25,26,27,28,29,30,31,32,33,34,35,36,37,38"
6014,3,H8,Tornada,8,Josep Soldevila - Onze de Setembre,3310,09:47:31,47.52,16.666666666616667,1000.0,"13,14,15,16,17,18,19,20,21,22,23,24,25,26,27,28,29,30,31,32,33,34,35,36,37,38"
6802,3,H8,Tornada,8,Josep Soldevila - Onze de Setembre,3310,10:05:08,5.13,17.616666666666667,1057.0,"13,14,15,16,17,18,19,20,21,22,23,24,25,26,27,28,29,30,31,32,33,34,35,36,37,38"
6803,3,H8,Tornada,8,Josep Soldevila - Onze de Setembre,3310,10:23:49,23.82,18.66666666673333,1120.0,"13,14,15,16,17,18,19,20,21,22,23,24,25,26,27,28,29,30,31,32,33,34,35,36,37,38"
6016,3,H8,Tornada,8,Josep Soldevila - Onze de Setembre,3310,10:38:23,38.38,14.566666666633333,874.0,"13,14,15,16,17,18,19,20,21,22,23,24,25,26,27,28,29,30,31,32,33,34,35,36,37,38"
6805,4,H8,Tornada,8,Josep Soldevila - Onze de Setembre,3310,10:55:28,55.47,17.083333333333332,1025.0,"2,13,14,15,16,17,18,19,20,21,22,23,24,25,26,27,28,29,30,31,32,33,34,35,36,37,38"
6814,6,H8,Tornada,8,Josep Soldevila - Onze de Setembre,3310,11:15:28,15.47,20.0,1200.0,"13,14,15,16,17,18,19,20,21,22,23,24,25,26,27,28,29,30,31,32,33,34,35,36,37,38"
6015,6,H8,Tornada,8,Josep Soldevila - Onze de Setembre,3310,11:32:21,32.35,16.899999999966667,1014.0,"13,14,15,16,17,18,19,20,21,22,23,24,25,26,27,28,29,30,31,32,33,34,35,36,37,38"
6813,6,H8,Tornada,8,Josep Soldevila - Onze de Setembre,3310,11:47:25,47.42,15.066666666666666,904.0,"13,14,15,16,17,18,19,20,21,22,23,24,25,26,27,28,29,30,31,32,33,34,35,36,37,38"
6018,4,H8,Tornada,8,Josep Soldevila - Onze de Setembre,3310,12:04:08,4.13,16.716666666666665,1003.0,"13,14,15,16,17,18,19,20,21,22,23,24,25,26,27,28,29,30,31,32,33,34,35,36,37,38"
6014,5,H8,Tornada,8,Josep Soldevila - Onze de Setembre,3310,12:23:18,23.3,19.166666666666668,1150.0,"13,14,15,16,17,18,19,20,21,22,23,24,25,26,27,28,29,30,31,32,33,34,35,36,37,38"
6802,6,H8,Tornada,8,Josep Soldevila - Onze de Setembre,3310,12:39:04,39.07,15.750000000033333,945.0,"13,14,15,16,17,18,19,20,21,22,23,24,25,26,27,28,29,30,31,32,33,34,35,36,37,38"
6803,5,H8,Tornada,8,Josep Soldevila - Onze de Setembre,3310,12:55:27,55.45,16.383333333333333,983.0,"13,14,15,16,17,18,19,20,21,22,23,24,25,26,27,28,29,30,31,32,33,34,35,36,37,38"
6016,5,H8,Tornada,8,Josep Soldevila - Onze de Setembre,3310,13:11:38,11.63,16.183333333333334,971.0,"13,14,15,16,17,18,19,20,21,22,23,24,25,26,27,28,29,30,31,32,33,34,35,36,37,38"
6805,7,H8,Tornada,8,Josep Soldevila - Onze de Setembre,3310,13:30:28,30.47,18.849999999966666,1131.0,"13,14,15,16,17,18,19,20,21,22,23,24,25,26,27,28,29,30,31,32,33,34,35,36,37,38"
6814,9,H8,Tornada,8,Josep Soldevila - Onze de Setembre,3310,13:47:46,47.77,17.3,1038.0,"13,14,15,16,17,18,19,20,21,22,23,24,25,26,27,28,29,30,31,32,33,34,35,36,37,38"
6015,9,H8,Tornada,8,Josep Soldevila - Onze de Setembre,3310,14:02:20,2.33,14.550000000066666,873.0,"13,14,15,16,17,18,19,20,21,22,23,24,25,26,27,28,29,30,31,32,33,34,35,36,37,38"
6813,9,H8,Tornada,8,Josep Soldevila - Onze de Setembre,3310,14:17:51,17.85,15.533333333266667,932.0,"3,13,14,15,16,17,18,19,20,21,22,23,24,25,26,27,28,29,30,31,32,33,34,35,36,37,38"
6018,6,H8,Tornada,8,Josep Soldevila - Onze de Setembre,3310,14:34:00,34.0,16.133333333366668,968.0,"13,14,15,16,17,18,19,20,21,22,23,24,25,26,27,28,29,30,31,32,33,34,35,36,37,38"
6014,8,H8,Tornada,8,Josep Soldevila - Onze de Setembre,3310,14:52:37,52.62,18.6166666667,1117.0,"13,14,15,16,17,18,19,20,21,22,23,24,25,26,27,28,29,30,31,32,33,34,35,36,37,38"
6802,8,H8,Tornada,8,Josep Soldevila - Onze de Setembre,3310,15:09:39,9.65,17.049999999933334,1023.0,"13,14,15,16,17,18,19,20,21,22,23,24,25,26,27,28,29,30,31,32,33,34,35,36,37,38"
6803,7,H8,Tornada,8,Josep Soldevila - Onze de Setembre,3310,15:26:30,26.5,16.8333333334,1010.0,"13,14,15,16,17,18,19,20,21,22,23,24,25,26,27,28,29,30,31,32,33,34,35,36,37,38"
6016,7,H8,Tornada,8,Josep Soldevila - Onze de Setembre,3310,15:44:49,44.82,18.33333333325,1100.0,"13,14,15,16,17,18,19,20,21,22,23,24,25,26,27,28,29,30,31,32,33,34,35,36,37,38"
6805,9,H8,Tornada,8,Josep Soldevila - Onze de Setembre,3310,16:01:52,1.87,17.033333333416667,1022.0,"13,14,15,16,17,18,19,20,21,22,23,24,25,26,27,28,29,30,31,32,33,34,35,36,37,38"
6814,12,H8,Tornada,8,Josep Soldevila - Onze de Setembre,3310,16:18:37,18.62,16.76666666661667,1006.0,"13,14,15,16,17,18,19,20,21,22,23,24,25,26,27,28,29,30,31,32,33,34,35,36,37,38"
6015,11,H8,Tornada,8,Josep Soldevila - Onze de Setembre,3310,16:35:15,35.25,16.616666666683333,997.0,"13,14,15,16,17,18,19,20,21,22,23,24,25,26,27,28,29,30,31,32,33,34,35,36,37,38"
6813,11,H8,Tornada,8,Josep Soldevila - Onze de Setembre,3310,16:54:10,54.17,18.916666666666668,1135.0,"13,14,15,16,17,18,19,20,21,22,23,24,25,26,27,28,29,30,31,32,33,34,35,36,37,38"
6018,8,H8,Tornada,8,Josep Soldevila - Onze de Setembre,3310,17:10:54,10.9,16.74999999996667,1005.0,"13,14,15,16,17,18,19,20,21,22,23,24,25,26,27,28,29,30,31,32,33,34,35,36,37,38"
6803,9,H8,Tornada,8,Josep Soldevila - Onze de Setembre,3310,18:02:27,2.45,19.416666666633333,1165.0,"13,14,15,16,17,18,19,20,21,22,23,24,25,26,27,28,29,30,31,32,33,34,35,36,37,38"
6016,9,H8,Tornada,8,Josep Soldevila - Onze de Setembre,3310,18:18:48,18.8,16.333333333366667,980.0,"13,14,15,16,17,18,19,20,21,22,23,24,25,26,27,28,29,30,31,32,33,34,35,36,37,38"
6805,11,H8,Tornada,8,Josep Soldevila - Onze de Setembre,3310,18:36:35,36.58,17.783333333366667,1067.0,"13,14,15,16,17,18,19,20,21,22,23,24,25,26,27,28,29,30,31,32,33,34,35,36,37,38"
6814,14,H8,Tornada,8,Josep Soldevila - Onze de Setembre,3310,18:51:31,51.52,14.949999999933334,897.0,"13,14,15,16,17,18,19,20,21,22,23,24,25,26,27,28,29,30,31,32,33,34,35,36,37,38"
6015,13,H8,Tornada,8,Josep Soldevila - Onze de Setembre,3310,19:08:45,8.75,17.233333333333334,1034.0,"13,14,15,16,17,18,19,20,21,22,23,24,25,26,27,28,29,30,31,32,33,34,35,36,37,38"
6813,13,H8,Tornada,8,Josep Soldevila - Onze de Setembre,3310,19:26:30,26.5,17.75,1065.0,"13,14,15,16,17,18,19,20,21,22,23,24,25,26,27,28,29,30,31,32,33,34,35,36,37,38"
6018,10,H8,Tornada,8,Josep Soldevila - Onze de Setembre,3310,19:40:45,40.75,14.25,855.0,"2,13,14,15,16,17,18,19,20,21,22,23,24,25,26,27,28,29,30,31,32,33,34,35,36,37,38"
6064,2,H8,Tornada,8,Josep Soldevila - Onze de Setembre,3310,20:04:03,4.05,23.283333333366667,1397.0,"9,10,13,14,15,16,17,18,19,20,21,22,23,24,25,26,27,28,29,30,31,32,33,34,35,36,37,38"
6802,13,H8,Tornada,8,Josep Soldevila - Onze de Setembre,3310,20:17:00,17.0,12.95,777.0,"13,14,15,16,17,18,19,20,21,22,23,24,25,26,27,28,29,30,31,32,33,34,35,36,37,38"
6803,11,H8,Tornada,8,Josep Soldevila - Onze de Setembre,3310,20:35:02,35.03,18.03333333335,1082.0,"13,14,15,16,17,18,19,20,21,22,23,24,25,26,27,28,29,30,31,32,33,34,35,36,37,38"
6016,11,H8,Tornada,8,Josep Soldevila - Onze de Setembre,3310,20:51:38,51.63,16.600000000016667,996.0,"13,14,15,16,17,18,19,20,21,22,23,24,25,26,27,28,29,30,31,32,33,34,35,36,37,38"
6805,13,H8,Tornada,8,Josep Soldevila - Onze de Setembre,3310,21:08:02,8.03,16.4,984.0,"13,14,15,16,17,18,19,20,21,22,23,24,25,26,27,28,29,30,31,32,33,34,35,36,37,38"
6814,1,H8,Tornada,9,Onze de Setembre - Virgili,1344,06:10:46,10.77,,,"1,2,13,14,15,16,17,18,19,20,21,22,23,24,25,26,27,28,29,30,31,32,33,34,35,36,37,38"
6015,1,H8,Tornada,9,Onze de Setembre - Virgili,1344,06:31:13,31.22,20.45,1227.0,"13,14,15,16,17,18,19,20,21,22,23,24,25,26,27,28,29,30,31,32,33,34,35,36,37,38"
6813,1,H8,Tornada,9,Onze de Setembre - Virgili,1344,06:50:52,50.87,19.666666666633333,1180.0,"13,14,15,16,17,18,19,20,21,22,23,24,25,26,27,28,29,30,31,32,33,34,35,36,37,38"
6014,1,H8,Tornada,9,Onze de Setembre - Virgili,1344,07:11:45,11.75,20.88333333335,1253.0,"13,14,15,16,17,18,19,20,21,22,23,24,25,26,27,28,29,30,31,32,33,34,35,36,37,38"
6802,1,H8,Tornada,9,Onze de Setembre - Virgili,1344,07:29:39,29.65,17.88333333335,1073.0,"4,13,14,15,16,17,18,19,20,21,22,23,24,25,26,27,28,29,30,31,32,33,34,35,36,37,38"
6803,1,H8,Tornada,9,Onze de Setembre - Virgili,1344,07:47:48,47.8,18.166666666633333,1090.0,"1,2,3,13,14,15,16,17,18,19,20,21,22,23,24,25,26,27,28,29,30,31,32,33,34,35,36,37,38"
6016,1,H8,Tornada,9,Onze de Setembre - Virgili,1344,08:08:42,8.7,20.9,1254.0,"13,14,15,16,17,18,19,20,21,22,23,24,25,26,27,28,29,30,31,32,33,34,35,36,37,38"
6805,1,H8,Tornada,9,Onze de Setembre - Virgili,1344,08:24:10,24.17,15.450000000066666,927.0,"13,14,15,16,17,18,19,20,21,22,23,24,25,26,27,28,29,30,31,32,33,34,35,36,37,38"
6814,3,H8,Tornada,9,Onze de Setembre - Virgili,1344,08:43:25,43.42,19.2666666666,1156.0,"13,14,15,16,17,18,19,20,21,22,23,24,25,26,27,28,29,30,31,32,33,34,35,36,37,38"
6015,3,H8,Tornada,9,Onze de Setembre - Virgili,1344,09:00:26,0.43,17.000000000066667,1020.0,"13,14,15,16,17,18,19,20,21,22,23,24,25,26,27,28,29,30,31,32,33,34,35,36,37,38"
6813,3,H8,Tornada,9,Onze de Setembre - Virgili,1344,09:14:50,14.83,14.4,864.0,"6,13,14,15,16,17,18,19,20,21,22,23,24,25,26,27,28,29,30,31,32,33,34,35,36,37,38"
6018,1,H8,Tornada,9,Onze de Setembre - Virgili,1344,09:32:47,32.78,17.966666666600002,1078.0,"13,14,15,16,17,18,19,20,21,22,23,24,25,26,27,28,29,30,31,32,33,34,35,36,37,38"
6014,3,H8,Tornada,9,Onze de Setembre - Virgili,1344,09:48:49,48.82,16.03333333335,962.0,"13,14,15,16,17,18,19,20,21,22,23,24,25,26,27,28,29,30,31,32,33,34,35,36,37,38"
6802,3,H8,Tornada,9,Onze de Setembre - Virgili,1344,10:05:54,5.9,17.066666666683332,1024.0,"13,14,15,16,17,18,19,20,21,22,23,24,25,26,27,28,29,30,31,32,33,34,35,36,37,38"
6803,3,H8,Tornada,9,Onze de Setembre - Virgili,1344,10:25:17,25.28,19.383333333366668,1163.0,"13,14,15,16,17,18,19,20,21,22,23,24,25,26,27,28,29,30,31,32,33,34,35,36,37,38"
6016,3,H8,Tornada,9,Onze de Setembre - Virgili,1344,10:40:09,40.15,14.866666666633334,892.0,"13,14,15,16,17,18,19,20,21,22,23,24,25,26,27,28,29,30,31,32,33,34,35,36,37,38"
6805,4,H8,Tornada,9,Onze de Setembre - Virgili,1344,10:58:22,58.37,18.2166666667,1093.0,"2,13,14,15,16,17,18,19,20,21,22,23,24,25,26,27,28,29,30,31,32,33,34,35,36,37,38"
6814,6,H8,Tornada,9,Onze de Setembre - Virgili,1344,11:18:29,18.48,20.116666666633332,1207.0,"13,14,15,16,17,18,19,20,21,22,23,24,25,26,27,28,29,30,31,32,33,34,35,36,37,38"
6015,6,H8,Tornada,9,Onze de Setembre - Virgili,1344,11:34:37,34.62,16.133333333333333,968.0,"13,14,15,16,17,18,19,20,21,22,23,24,25,26,27,28,29,30,31,32,33,34,35,36,37,38"
6813,6,H8,Tornada,9,Onze de Setembre - Virgili,1344,11:49:14,49.23,14.6333333333,878.0,"13,14,15,16,17,18,19,20,21,22,23,24,25,26,27,28,29,30,31,32,33,34,35,36,37,38"
6018,4,H8,Tornada,9,Onze de Setembre - Virgili,1344,12:05:49,5.82,16.566666666733333,994.0,"13,14,15,16,17,18,19,20,21,22,23,24,25,26,27,28,29,30,31,32,33,34,35,36,37,38"
6014,5,H8,Tornada,9,Onze de Setembre - Virgili,1344,12:24:31,24.52,18.716666666600002,1123.0,"13,14,15,16,17,18,19,20,21,22,23,24,25,26,27,28,29,30,31,32,33,34,35,36,37,38"
6802,6,H8,Tornada,9,Onze de Setembre - Virgili,1344,12:41:47,41.78,17.266666666666666,1036.0,"13,14,15,16,17,18,19,20,21,22,23,24,25,26,27,28,29,30,31,32,33,34,35,36,37,38"
6803,5,H8,Tornada,9,Onze de Setembre - Virgili,1344,12:58:13,58.22,16.4166666667,985.0,"13,14,15,16,17,18,19,20,21,22,23,24,25,26,27,28,29,30,31,32,33,34,35,36,37,38"
6016,5,H8,Tornada,9,Onze de Setembre - Virgili,1344,13:13:29,13.48,15.266666666699999,916.0,"13,14,15,16,17,18,19,20,21,22,23,24,25,26,27,28,29,30,31,32,33,34,35,36,37,38"
6805,7,H8,Tornada,9,Onze de Setembre - Virgili,1344,13:32:58,32.97,19.4833333333,1169.0,"13,14,15,16,17,18,19,20,21,22,23,24,25,26,27,28,29,30,31,32,33,34,35,36,37,38"
6814,9,H8,Tornada,9,Onze de Setembre - Virgili,1344,13:49:16,49.27,16.316666666633335,979.0,"13,14,15,16,17,18,19,20,21,22,23,24,25,26,27,28,29,30,31,32,33,34,35,36,37,38"
6015,9,H8,Tornada,9,Onze de Setembre - Virgili,1344,14:04:34,4.57,15.3,918.0,"13,14,15,16,17,18,19,20,21,22,23,24,25,26,27,28,29,30,31,32,33,34,35,36,37,38"
6813,9,H8,Tornada,9,Onze de Setembre - Virgili,1344,14:19:26,19.43,14.866666666666667,892.0,"3,13,14,15,16,17,18,19,20,21,22,23,24,25,26,27,28,29,30,31,32,33,34,35,36,37,38"
6018,6,H8,Tornada,9,Onze de Setembre - Virgili,1344,14:35:46,35.77,16.333333333316666,980.0,"13,14,15,16,17,18,19,20,21,22,23,24,25,26,27,28,29,30,31,32,33,34,35,36,37,38"
6014,8,H8,Tornada,9,Onze de Setembre - Virgili,1344,14:55:13,55.22,19.433333333416666,1166.0,"13,14,15,16,17,18,19,20,21,22,23,24,25,26,27,28,29,30,31,32,33,34,35,36,37,38"
6802,8,H8,Tornada,9,Onze de Setembre - Virgili,1344,15:11:55,11.92,16.716666666600002,1003.0,"13,14,15,16,17,18,19,20,21,22,23,24,25,26,27,28,29,30,31,32,33,34,35,36,37,38"
6803,7,H8,Tornada,9,Onze de Setembre - Virgili,1344,15:28:38,28.63,16.700000000033334,1002.0,"13,14,15,16,17,18,19,20,21,22,23,24,25,26,27,28,29,30,31,32,33,34,35,36,37,38"
6016,7,H8,Tornada,9,Onze de Setembre - Virgili,1344,15:46:38,46.63,18.00000000003333,1080.0,"13,14,15,16,17,18,19,20,21,22,23,24,25,26,27,28,29,30,31,32,33,34,35,36,37,38"
6805,9,H8,Tornada,9,Onze de Setembre - Virgili,1344,16:04:06,4.1,17.466666666633333,1048.0,"13,14,15,16,17,18,19,20,21,22,23,24,25,26,27,28,29,30,31,32,33,34,35,36,37,38"
6814,12,H8,Tornada,9,Onze de Setembre - Virgili,1344,16:20:49,20.82,16.7333333333,1004.0,"13,14,15,16,17,18,19,20,21,22,23,24,25,26,27,28,29,30,31,32,33,34,35,36,37,38"
6015,11,H8,Tornada,9,Onze de Setembre - Virgili,1344,16:36:43,36.72,15.883333333366666,953.0,"13,14,15,16,17,18,19,20,21,22,23,24,25,26,27,28,29,30,31,32,33,34,35,36,37,38"
6813,11,H8,Tornada,9,Onze de Setembre - Virgili,1344,16:56:40,56.67,19.950000000016665,1197.0,"13,14,15,16,17,18,19,20,21,22,23,24,25,26,27,28,29,30,31,32,33,34,35,36,37,38"
6018,8,H8,Tornada,9,Onze de Setembre - Virgili,1344,17:13:17,13.28,16.61666666665,997.0,"13,14,15,16,17,18,19,20,21,22,23,24,25,26,27,28,29,30,31,32,33,34,35,36,37,38"
6803,9,H8,Tornada,9,Onze de Setembre - Virgili,1344,18:05:16,5.27,21.050000000066667,1263.0,"13,14,15,16,17,18,19,20,21,22,23,24,25,26,27,28,29,30,31,32,33,34,35,36,37,38"
6016,9,H8,Tornada,9,Onze de Setembre - Virgili,1344,18:21:23,21.38,16.116666666633332,967.0,"13,14,15,16,17,18,19,20,21,22,23,24,25,26,27,28,29,30,31,32,33,34,35,36,37,38"
6805,11,H8,Tornada,9,Onze de Setembre - Virgili,1344,18:39:03,39.05,17.683333333300002,1061.0,"13,14,15,16,17,18,19,20,21,22,23,24,25,26,27,28,29,30,31,32,33,34,35,36,37,38"
6814,14,H8,Tornada,9,Onze de Setembre - Virgili,1344,18:54:06,54.1,15.05,903.0,"13,14,15,16,17,18,19,20,21,22,23,24,25,26,27,28,29,30,31,32,33,34,35,36,37,38"
6015,13,H8,Tornada,9,Onze de Setembre - Virgili,1344,19:10:04,10.07,15.966666666666667,958.0,"13,14,15,16,17,18,19,20,21,22,23,24,25,26,27,28,29,30,31,32,33,34,35,36,37,38"
6813,13,H8,Tornada,9,Onze de Setembre - Virgili,1344,19:27:59,27.98,17.900000000033334,1074.0,"13,14,15,16,17,18,19,20,21,22,23,24,25,26,27,28,29,30,31,32,33,34,35,36,37,38"
6018,10,H8,Tornada,9,Onze de Setembre - Virgili,1344,19:43:07,43.12,15.133333333366666,908.0,"2,13,14,15,16,17,18,19,20,21,22,23,24,25,26,27,28,29,30,31,32,33,34,35,36,37,38"
6803,11,H8,Tornada,9,Onze de Setembre - Virgili,1344,20:37:48,37.8,15.099999999966666,906.0,"13,14,15,16,17,18,19,20,21,22,23,24,25,26,27,28,29,30,31,32,33,34,35,36,37,38"
6016,11,H8,Tornada,9,Onze de Setembre - Virgili,1344,20:54:06,54.1,16.283333333366667,977.0,"13,14,15,16,17,18,19,20,21,22,23,24,25,26,27,28,29,30,31,32,33,34,35,36,37,38"
6805,13,H8,Tornada,9,Onze de Setembre - Virgili,1344,21:09:48,9.8,15.7,942.0,"13,14,15,16,17,18,19,20,21,22,23,24,25,26,27,28,29,30,31,32,33,34,35,36,37,38"
6814,1,H8,Tornada,10,Gran de Sant Andreu - Fabra i Puig,641,06:12:09,12.15,,,"1,2,13,14,15,16,17,18,19,20,21,22,23,24,25,26,27,28,29,30,31,32,33,34,35,36,37,38"
6015,1,H8,Tornada,10,Gran de Sant Andreu - Fabra i Puig,641,06:33:13,33.22,21.066666666666666,1264.0,"13,14,15,16,17,18,19,20,21,22,23,24,25,26,27,28,29,30,31,32,33,34,35,36,37,38"
6813,1,H8,Tornada,10,Gran de Sant Andreu - Fabra i Puig,641,06:53:23,53.38,20.150000000066665,1209.0,"13,14,15,16,17,18,19,20,21,22,23,24,25,26,27,28,29,30,31,32,33,34,35,36,37,38"
6014,1,H8,Tornada,10,Gran de Sant Andreu - Fabra i Puig,641,07:14:25,14.42,21.033333333333335,1262.0,"13,14,15,16,17,18,19,20,21,22,23,24,25,26,27,28,29,30,31,32,33,34,35,36,37,38"
6802,1,H8,Tornada,10,Gran de Sant Andreu - Fabra i Puig,641,07:32:17,32.28,17.883333333266666,1073.0,"4,13,14,15,16,17,18,19,20,21,22,23,24,25,26,27,28,29,30,31,32,33,34,35,36,37,38"
6803,1,H8,Tornada,10,Gran de Sant Andreu - Fabra i Puig,641,07:49:24,49.4,17.100000000066665,1026.0,"1,2,3,13,14,15,16,17,18,19,20,21,22,23,24,25,26,27,28,29,30,31,32,33,34,35,36,37,38"
6016,1,H8,Tornada,10,Gran de Sant Andreu - Fabra i Puig,641,08:10:29,10.48,21.083333333333332,1265.0,"13,14,15,16,17,18,19,20,21,22,23,24,25,26,27,28,29,30,31,32,33,34,35,36,37,38"
6805,1,H8,Tornada,10,Gran de Sant Andreu - Fabra i Puig,641,08:25:39,25.65,15.183333333266667,911.0,"13,14,15,16,17,18,19,20,21,22,23,24,25,26,27,28,29,30,31,32,33,34,35,36,37,38"
6814,3,H8,Tornada,10,Gran de Sant Andreu - Fabra i Puig,641,08:46:54,46.9,21.25,1275.0,"13,14,15,16,17,18,19,20,21,22,23,24,25,26,27,28,29,30,31,32,33,34,35,36,37,38"
6015,3,H8,Tornada,10,Gran de Sant Andreu - Fabra i Puig,641,09:01:57,1.95,15.033333333366667,902.0,"13,14,15,16,17,18,19,20,21,22,23,24,25,26,27,28,29,30,31,32,33,34,35,36,37,38"
6813,3,H8,Tornada,10,Gran de Sant Andreu - Fabra i Puig,641,09:16:26,16.43,14.483333333333333,869.0,"6,13,14,15,16,17,18,19,20,21,22,23,24,25,26,27,28,29,30,31,32,33,34,35,36,37,38"
6018,1,H8,Tornada,10,Gran de Sant Andreu - Fabra i Puig,641,09:34:18,34.3,17.8833333333,1073.0,"13,14,15,16,17,18,19,20,21,22,23,24,25,26,27,28,29,30,31,32,33,34,35,36,37,38"
6014,3,H8,Tornada,10,Gran de Sant Andreu - Fabra i Puig,641,09:50:57,50.95,16.65,999.0,"13,14,15,16,17,18,19,20,21,22,23,24,25,26,27,28,29,30,31,32,33,34,35,36,37,38"
6802,3,H8,Tornada,10,Gran de Sant Andreu - Fabra i Puig,641,10:07:31,7.52,16.566666666666666,994.0,"13,14,15,16,17,18,19,20,21,22,23,24,25,26,27,28,29,30,31,32,33,34,35,36,37,38"
6803,3,H8,Tornada,10,Gran de Sant Andreu - Fabra i Puig,641,10:26:36,26.6,19.066666666733333,1144.0,"13,14,15,16,17,18,19,20,21,22,23,24,25,26,27,28,29,30,31,32,33,34,35,36,37,38"
6016,3,H8,Tornada,10,Gran de Sant Andreu - Fabra i Puig,641,10:42:12,42.2,15.6166666666,937.0,"13,14,15,16,17,18,19,20,21,22,23,24,25,26,27,28,29,30,31,32,33,34,35,36,37,38"
6805,4,H8,Tornada,10,Gran de Sant Andreu - Fabra i Puig,641,11:00:07,0.12,17.900000000066665,1074.0,"2,13,14,15,16,17,18,19,20,21,22,23,24,25,26,27,28,29,30,31,32,33,34,35,36,37,38"
6814,6,H8,Tornada,10,Gran de Sant Andreu - Fabra i Puig,641,11:19:55,19.92,19.8,1188.0,"13,14,15,16,17,18,19,20,21,22,23,24,25,26,27,28,29,30,31,32,33,34,35,36,37,38"
6015,6,H8,Tornada,10,Gran de Sant Andreu - Fabra i Puig,641,11:35:49,35.82,15.9,954.0,"13,14,15,16,17,18,19,20,21,22,23,24,25,26,27,28,29,30,31,32,33,34,35,36,37,38"
6813,6,H8,Tornada,10,Gran de Sant Andreu - Fabra i Puig,641,11:50:38,50.63,14.833333333250001,890.0,"13,14,15,16,17,18,19,20,21,22,23,24,25,26,27,28,29,30,31,32,33,34,35,36,37,38"
6018,4,H8,Tornada,10,Gran de Sant Andreu - Fabra i Puig,641,12:07:31,7.52,16.86666666675,1012.0,"13,14,15,16,17,18,19,20,21,22,23,24,25,26,27,28,29,30,31,32,33,34,35,36,37,38"
6014,5,H8,Tornada,10,Gran de Sant Andreu - Fabra i Puig,641,12:24:55,24.92,17.4166666666,1045.0,"13,14,15,16,17,18,19,20,21,22,23,24,25,26,27,28,29,30,31,32,33,34,35,36,37,38"
6802,6,H8,Tornada,10,Gran de Sant Andreu - Fabra i Puig,641,12:43:34,43.57,18.65,1119.0,"13,14,15,16,17,18,19,20,21,22,23,24,25,26,27,28,29,30,31,32,33,34,35,36,37,38"
6803,5,H8,Tornada,10,Gran de Sant Andreu - Fabra i Puig,641,13:00:35,0.58,17.000000000066667,1020.0,"13,14,15,16,17,18,19,20,21,22,23,24,25,26,27,28,29,30,31,32,33,34,35,36,37,38"
6016,5,H8,Tornada,10,Gran de Sant Andreu - Fabra i Puig,641,13:15:28,15.47,14.899999999933334,894.0,"13,14,15,16,17,18,19,20,21,22,23,24,25,26,27,28,29,30,31,32,33,34,35,36,37,38"
6805,7,H8,Tornada,10,Gran de Sant Andreu - Fabra i Puig,641,13:33:25,33.42,17.933333333366665,1076.0,"13,14,15,16,17,18,19,20,21,22,23,24,25,26,27,28,29,30,31,32,33,34,35,36,37,38"
6814,9,H8,Tornada,10,Gran de Sant Andreu - Fabra i Puig,641,13:51:37,51.62,18.21666666665,1093.0,"13,14,15,16,17,18,19,20,21,22,23,24,25,26,27,28,29,30,31,32,33,34,35,36,37,38"
6015,9,H8,Tornada,10,Gran de Sant Andreu - Fabra i Puig,641,14:05:33,5.55,13.933333333316666,836.0,"13,14,15,16,17,18,19,20,21,22,23,24,25,26,27,28,29,30,31,32,33,34,35,36,37,38"
6813,9,H8,Tornada,10,Gran de Sant Andreu - Fabra i Puig,641,14:20:44,20.73,15.166666666733333,910.0,"3,13,14,15,16,17,18,19,20,21,22,23,24,25,26,27,28,29,30,31,32,33,34,35,36,37,38"
6018,6,H8,Tornada,10,Gran de Sant Andreu - Fabra i Puig,641,14:37:17,37.28,16.55,993.0,"13,14,15,16,17,18,19,20,21,22,23,24,25,26,27,28,29,30,31,32,33,34,35,36,37,38"
6014,8,H8,Tornada,10,Gran de Sant Andreu - Fabra i Puig,641,14:57:13,57.22,19.949999999933333,1197.0,"13,14,15,16,17,18,19,20,21,22,23,24,25,26,27,28,29,30,31,32,33,34,35,36,37,38"
6802,8,H8,Tornada,10,Gran de Sant Andreu - Fabra i Puig,641,15:13:50,13.83,16.60000000005,996.0,"13,14,15,16,17,18,19,20,21,22,23,24,25,26,27,28,29,30,31,32,33,34,35,36,37,38"
6803,7,H8,Tornada,10,Gran de Sant Andreu - Fabra i Puig,641,15:30:31,30.52,16.68333333335,1001.0,"13,14,15,16,17,18,19,20,21,22,23,24,25,26,27,28,29,30,31,32,33,34,35,36,37,38"
6016,7,H8,Tornada,10,Gran de Sant Andreu - Fabra i Puig,641,15:48:25,48.42,17.9166666666,1075.0,"13,14,15,16,17,18,19,20,21,22,23,24,25,26,27,28,29,30,31,32,33,34,35,36,37,38"
6805,9,H8,Tornada,10,Gran de Sant Andreu - Fabra i Puig,641,16:06:09,6.15,17.733333333333334,1064.0,"13,14,15,16,17,18,19,20,21,22,23,24,25,26,27,28,29,30,31,32,33,34,35,36,37,38"
6814,12,H8,Tornada,10,Gran de Sant Andreu - Fabra i Puig,641,16:22:24,22.4,16.233333333366666,974.0,"13,14,15,16,17,18,19,20,21,22,23,24,25,26,27,28,29,30,31,32,33,34,35,36,37,38"
6015,11,H8,Tornada,10,Gran de Sant Andreu - Fabra i Puig,641,16:38:40,38.67,16.2666666667,976.0,"13,14,15,16,17,18,19,20,21,22,23,24,25,26,27,28,29,30,31,32,33,34,35,36,37,38"
6813,11,H8,Tornada,10,Gran de Sant Andreu - Fabra i Puig,641,16:57:59,57.98,19.33333333326667,1160.0,"13,14,15,16,17,18,19,20,21,22,23,24,25,26,27,28,29,30,31,32,33,34,35,36,37,38"
6018,8,H8,Tornada,10,Gran de Sant Andreu - Fabra i Puig,641,17:14:50,14.83,16.8333333334,1010.0,"13,14,15,16,17,18,19,20,21,22,23,24,25,26,27,28,29,30,31,32,33,34,35,36,37,38"
6803,9,H8,Tornada,10,Gran de Sant Andreu - Fabra i Puig,641,18:06:53,6.88,20.233333333266668,1214.0,"13,14,15,16,17,18,19,20,21,22,23,24,25,26,27,28,29,30,31,32,33,34,35,36,37,38"
6016,9,H8,Tornada,10,Gran de Sant Andreu - Fabra i Puig,641,18:22:08,22.13,15.233333333366666,914.0,"13,14,15,16,17,18,19,20,21,22,23,24,25,26,27,28,29,30,31,32,33,34,35,36,37,38"
6805,11,H8,Tornada,10,Gran de Sant Andreu - Fabra i Puig,641,18:40:24,40.4,18.2666666667,1096.0,"13,14,15,16,17,18,19,20,21,22,23,24,25,26,27,28,29,30,31,32,33,34,35,36,37,38"
6814,14,H8,Tornada,10,Gran de Sant Andreu - Fabra i Puig,641,18:55:05,55.08,14.683333333333334,881.0,"13,14,15,16,17,18,19,20,21,22,23,24,25,26,27,28,29,30,31,32,33,34,35,36,37,38"
6015,13,H8,Tornada,10,Gran de Sant Andreu - Fabra i Puig,641,19:11:28,11.47,16.3833333333,983.0,"13,14,15,16,17,18,19,20,21,22,23,24,25,26,27,28,29,30,31,32,33,34,35,36,37,38"
6813,13,H8,Tornada,10,Gran de Sant Andreu - Fabra i Puig,641,19:29:58,29.97,18.516666666633334,1111.0,"13,14,15,16,17,18,19,20,21,22,23,24,25,26,27,28,29,30,31,32,33,34,35,36,37,38"
6018,10,H8,Tornada,10,Gran de Sant Andreu - Fabra i Puig,641,19:44:51,44.85,14.866666666733332,892.0,"2,13,14,15,16,17,18,19,20,21,22,23,24,25,26,27,28,29,30,31,32,33,34,35,36,37,38"
6803,11,H8,Tornada,10,Gran de Sant Andreu - Fabra i Puig,641,20:37:57,37.95,15.083333333399999,905.0,"13,14,15,16,17,18,19,20,21,22,23,24,25,26,27,28,29,30,31,32,33,34,35,36,37,38"
6016,11,H8,Tornada,10,Gran de Sant Andreu - Fabra i Puig,641,20:54:47,54.78,16.849999999933335,1011.0,"13,14,15,16,17,18,19,20,21,22,23,24,25,26,27,28,29,30,31,32,33,34,35,36,37,38"
6805,13,H8,Tornada,10,Gran de Sant Andreu - Fabra i Puig,641,21:09:57,9.95,15.166666666666666,910.0,"13,14,15,16,17,18,19,20,21,22,23,24,25,26,27,28,29,30,31,32,33,34,35,36,37,38"
6814,1,H8,Tornada,11,Sagrera - Parc de la Pegaso,409,06:13:57,13.95,,,"1,2,13,14,15,16,17,18,19,20,21,22,23,24,25,26,27,28,29,30,31,32,33,34,35,36,37,38"
6015,1,H8,Tornada,11,Sagrera - Parc de la Pegaso,409,06:35:09,35.15,21.216666666600002,1273.0,"13,14,15,16,17,18,19,20,21,22,23,24,25,26,27,28,29,30,31,32,33,34,35,36,37,38"
6813,1,H8,Tornada,11,Sagrera - Parc de la Pegaso,409,06:55:16,55.27,20.116666666666667,1207.0,"13,14,15,16,17,18,19,20,21,22,23,24,25,26,27,28,29,30,31,32,33,34,35,36,37,38"
6014,1,H8,Tornada,11,Sagrera - Parc de la Pegaso,409,07:16:07,16.12,20.8333333334,1250.0,"13,14,15,16,17,18,19,20,21,22,23,24,25,26,27,28,29,30,31,32,33,34,35,36,37,38"
6802,1,H8,Tornada,11,Sagrera - Parc de la Pegaso,409,07:34:14,34.23,18.116666666633332,1087.0,"4,13,14,15,16,17,18,19,20,21,22,23,24,25,26,27,28,29,30,31,32,33,34,35,36,37,38"
6803,1,H8,Tornada,11,Sagrera - Parc de la Pegaso,409,07:51:14,51.23,17.0,1020.0,"1,2,3,13,14,15,16,17,18,19,20,21,22,23,24,25,26,27,28,29,30,31,32,33,34,35,36,37,38"
6016,1,H8,Tornada,11,Sagrera - Parc de la Pegaso,409,08:12:17,12.28,21.05,1263.0,"13,14,15,16,17,18,19,20,21,22,23,24,25,26,27,28,29,30,31,32,33,34,35,36,37,38"
6805,1,H8,Tornada,11,Sagrera - Parc de la Pegaso,409,08:27:14,27.23,14.966666666633333,898.0,"13,14,15,16,17,18,19,20,21,22,23,24,25,26,27,28,29,30,31,32,33,34,35,36,37,38"
6814,3,H8,Tornada,11,Sagrera - Parc de la Pegaso,409,08:48:23,48.38,21.133333333366668,1268.0,"13,14,15,16,17,18,19,20,21,22,23,24,25,26,27,28,29,30,31,32,33,34,35,36,37,38"
6015,3,H8,Tornada,11,Sagrera - Parc de la Pegaso,409,09:04:10,4.17,15.783333333333333,947.0,"13,14,15,16,17,18,19,20,21,22,23,24,25,26,27,28,29,30,31,32,33,34,35,36,37,38"
6813,3,H8,Tornada,11,Sagrera - Parc de la Pegaso,409,09:17:34,17.57,13.4,804.0,"6,13,14,15,16,17,18,19,20,21,22,23,24,25,26,27,28,29,30,31,32,33,34,35,36,37,38"
6018,1,H8,Tornada,11,Sagrera - Parc de la Pegaso,409,09:35:50,35.83,18.26666666668333,1096.0,"13,14,15,16,17,18,19,20,21,22,23,24,25,26,27,28,29,30,31,32,33,34,35,36,37,38"
6014,3,H8,Tornada,11,Sagrera - Parc de la Pegaso,409,09:52:13,52.22,16.383333333316667,983.0,"13,14,15,16,17,18,19,20,21,22,23,24,25,26,27,28,29,30,31,32,33,34,35,36,37,38"
6802,3,H8,Tornada,11,Sagrera - Parc de la Pegaso,409,10:10:21,10.35,18.149999999966667,1089.0,"13,14,15,16,17,18,19,20,21,22,23,24,25,26,27,28,29,30,31,32,33,34,35,36,37,38"
6803,3,H8,Tornada,11,Sagrera - Parc de la Pegaso,409,10:29:06,29.1,18.7333333334,1124.0,"13,14,15,16,17,18,19,20,21,22,23,24,25,26,27,28,29,30,31,32,33,34,35,36,37,38"
6016,3,H8,Tornada,11,Sagrera - Parc de la Pegaso,409,10:43:44,43.73,14.6333333333,878.0,"13,14,15,16,17,18,19,20,21,22,23,24,25,26,27,28,29,30,31,32,33,34,35,36,37,38"
6805,4,H8,Tornada,11,Sagrera - Parc de la Pegaso,409,11:02:25,2.42,18.699999999966668,1122.0,"2,13,14,15,16,17,18,19,20,21,22,23,24,25,26,27,28,29,30,31,32,33,34,35,36,37,38"
6814,6,H8,Tornada,11,Sagrera - Parc de la Pegaso,409,11:21:50,21.83,19.416666666666668,1165.0,"13,14,15,16,17,18,19,20,21,22,23,24,25,26,27,28,29,30,31,32,33,34,35,36,37,38"
6015,6,H8,Tornada,11,Sagrera - Parc de la Pegaso,409,11:38:25,38.42,16.566666666733333,994.0,"13,14,15,16,17,18,19,20,21,22,23,24,25,26,27,28,29,30,31,32,33,34,35,36,37,38"
6813,6,H8,Tornada,11,Sagrera - Parc de la Pegaso,409,11:51:58,51.97,13.55,813.0,"13,14,15,16,17,18,19,20,21,22,23,24,25,26,27,28,29,30,31,32,33,34,35,36,37,38"
6018,4,H8,Tornada,11,Sagrera - Parc de la Pegaso,409,12:08:57,8.95,16.99999999995,1020.0,"13,14,15,16,17,18,19,20,21,22,23,24,25,26,27,28,29,30,31,32,33,34,35,36,37,38"
6014,5,H8,Tornada,11,Sagrera - Parc de la Pegaso,409,12:27:06,27.1,18.133333333383334,1088.0,"13,14,15,16,17,18,19,20,21,22,23,24,25,26,27,28,29,30,31,32,33,34,35,36,37,38"
6802,6,H8,Tornada,11,Sagrera - Parc de la Pegaso,409,12:44:56,44.93,17.8333333333,1070.0,"13,14,15,16,17,18,19,20,21,22,23,24,25,26,27,28,29,30,31,32,33,34,35,36,37,38"
6803,5,H8,Tornada,11,Sagrera - Parc de la Pegaso,409,13:02:08,2.13,17.216666666633333,1033.0,"13,14,15,16,17,18,19,20,21,22,23,24,25,26,27,28,29,30,31,32,33,34,35,36,37,38"
6016,5,H8,Tornada,11,Sagrera - Parc de la Pegaso,409,13:16:50,16.83,14.683333333366667,881.0,"13,14,15,16,17,18,19,20,21,22,23,24,25,26,27,28,29,30,31,32,33,34,35,36,37,38"
6805,7,H8,Tornada,11,Sagrera - Parc de la Pegaso,409,13:35:29,35.48,18.650000000033334,1119.0,"13,14,15,16,17,18,19,20,21,22,23,24,25,26,27,28,29,30,31,32,33,34,35,36,37,38"
6814,9,H8,Tornada,11,Sagrera - Parc de la Pegaso,409,13:53:14,53.23,17.74999999996667,1065.0,"13,14,15,16,17,18,19,20,21,22,23,24,25,26,27,28,29,30,31,32,33,34,35,36,37,38"
6015,9,H8,Tornada,11,Sagrera - Parc de la Pegaso,409,14:07:39,7.65,14.416666666666666,865.0,"13,14,15,16,17,18,19,20,21,22,23,24,25,26,27,28,29,30,31,32,33,34,35,36,37,38"
6813,9,H8,Tornada,11,Sagrera - Parc de la Pegaso,409,14:22:13,22.22,14.566666666666666,874.0,"3,13,14,15,16,17,18,19,20,21,22,23,24,25,26,27,28,29,30,31,32,33,34,35,36,37,38"
6018,6,H8,Tornada,11,Sagrera - Parc de la Pegaso,409,14:38:44,38.73,16.516666666666666,991.0,"13,14,15,16,17,18,19,20,21,22,23,24,25,26,27,28,29,30,31,32,33,34,35,36,37,38"
6014,8,H8,Tornada,11,Sagrera - Parc de la Pegaso,409,14:58:59,58.98,20.25000000003333,1215.0,"13,14,15,16,17,18,19,20,21,22,23,24,25,26,27,28,29,30,31,32,33,34,35,36,37,38"
6802,8,H8,Tornada,11,Sagrera - Parc de la Pegaso,409,15:14:40,14.67,15.69999999995,942.0,"13,14,15,16,17,18,19,20,21,22,23,24,25,26,27,28,29,30,31,32,33,34,35,36,37,38"
6803,7,H8,Tornada,11,Sagrera - Parc de la Pegaso,409,15:31:42,31.7,17.016666666716667,1021.0,"13,14,15,16,17,18,19,20,21,22,23,24,25,26,27,28,29,30,31,32,33,34,35,36,37,38"
6016,7,H8,Tornada,11,Sagrera - Parc de la Pegaso,409,15:49:59,49.98,18.283333333333335,1097.0,"13,14,15,16,17,18,19,20,21,22,23,24,25,26,27,28,29,30,31,32,33,34,35,36,37,38"
6805,9,H8,Tornada,11,Sagrera - Parc de la Pegaso,409,16:08:25,8.42,18.433333333333334,1106.0,"13,14,15,16,17,18,19,20,21,22,23,24,25,26,27,28,29,30,31,32,33,34,35,36,37,38"
6814,12,H8,Tornada,11,Sagrera - Parc de la Pegaso,409,16:23:49,23.82,15.4,924.0,"13,14,15,16,17,18,19,20,21,22,23,24,25,26,27,28,29,30,31,32,33,34,35,36,37,38"
6015,11,H8,Tornada,11,Sagrera - Parc de la Pegaso,409,16:40:18,40.3,16.4833333333,989.0,"13,14,15,16,17,18,19,20,21,22,23,24,25,26,27,28,29,30,31,32,33,34,35,36,37,38"
6813,11,H8,Tornada,11,Sagrera - Parc de la Pegaso,409,17:01:40,1.67,21.366666666666667,1282.0,"13,14,15,16,17,18,19,20,21,22,23,24,25,26,27,28,29,30,31,32,33,34,35,36,37,38"
6018,8,H8,Tornada,11,Sagrera - Parc de la Pegaso,409,17:16:32,16.53,14.8666666667,892.0,"13,14,15,16,17,18,19,20,21,22,23,24,25,26,27,28,29,30,31,32,33,34,35,36,37,38"
6803,9,H8,Tornada,11,Sagrera - Parc de la Pegaso,409,18:08:20,8.33,19.616666666633332,1177.0,"13,14,15,16,17,18,19,20,21,22,23,24,25,26,27,28,29,30,31,32,33,34,35,36,37,38"
6016,9,H8,Tornada,11,Sagrera - Parc de la Pegaso,409,18:23:13,23.22,14.88333333335,893.0,"13,14,15,16,17,18,19,20,21,22,23,24,25,26,27,28,29,30,31,32,33,34,35,36,37,38"
6805,11,H8,Tornada,11,Sagrera - Parc de la Pegaso,409,18:41:43,41.72,18.5,1110.0,"13,14,15,16,17,18,19,20,21,22,23,24,25,26,27,28,29,30,31,32,33,34,35,36,37,38"
6814,14,H8,Tornada,11,Sagrera - Parc de la Pegaso,409,18:56:43,56.72,15.000000000016666,900.0,"13,14,15,16,17,18,19,20,21,22,23,24,25,26,27,28,29,30,31,32,33,34,35,36,37,38"
6015,13,H8,Tornada,11,Sagrera - Parc de la Pegaso,409,19:14:00,14.0,17.283333333333335,1037.0,"13,14,15,16,17,18,19,20,21,22,23,24,25,26,27,28,29,30,31,32,33,34,35,36,37,38"
6813,13,H8,Tornada,11,Sagrera - Parc de la Pegaso,409,19:32:04,32.07,18.08333333326667,1085.0,"13,14,15,16,17,18,19,20,21,22,23,24,25,26,27,28,29,30,31,32,33,34,35,36,37,38"
6018,10,H8,Tornada,11,Sagrera - Parc de la Pegaso,409,19:46:53,46.88,14.816666666666666,889.0,"2,13,14,15,16,17,18,19,20,21,22,23,24,25,26,27,28,29,30,31,32,33,34,35,36,37,38"
6064,2,H8,Tornada,11,Sagrera - Parc de la Pegaso,409,20:06:20,6.33,19.433333333366665,1166.0,"9,10,13,14,15,16,17,18,19,20,21,22,23,24,25,26,27,28,29,30,31,32,33,34,35,36,37,38"
6802,13,H8,Tornada,11,Sagrera - Parc de la Pegaso,409,20:25:04,25.07,18.733333333366666,1124.0,"13,14,15,16,17,18,19,20,21,22,23,24,25,26,27,28,29,30,31,32,33,34,35,36,37,38"
6803,11,H8,Tornada,11,Sagrera - Parc de la Pegaso,409,20:39:48,39.8,14.733333333333333,884.0,"13,14,15,16,17,18,19,20,21,22,23,24,25,26,27,28,29,30,31,32,33,34,35,36,37,38"
6016,11,H8,Tornada,11,Sagrera - Parc de la Pegaso,409,20:56:25,56.42,16.616666666633332,997.0,"13,14,15,16,17,18,19,20,21,22,23,24,25,26,27,28,29,30,31,32,33,34,35,36,37,38"
6805,13,H8,Tornada,11,Sagrera - Parc de la Pegaso,409,21:11:32,11.53,15.116666666666667,907.0,"13,14,15,16,17,18,19,20,21,22,23,24,25,26,27,28,29,30,31,32,33,34,35,36,37,38"
6814,1,H8,Tornada,12,Sagrera - Martí Molins,454,06:15:35,15.58,,,"1,2,13,14,15,16,17,18,19,20,21,22,23,24,25,26,27,28,29,30,31,32,33,34,35,36,37,38"
6015,1,H8,Tornada,12,Sagrera - Martí Molins,454,06:36:57,36.95,21.366666666666667,1282.0,"13,14,15,16,17,18,19,20,21,22,23,24,25,26,27,28,29,30,31,32,33,34,35,36,37,38"
6813,1,H8,Tornada,12,Sagrera - Martí Molins,454,06:56:27,56.45,19.5,1170.0,"13,14,15,16,17,18,19,20,21,22,23,24,25,26,27,28,29,30,31,32,33,34,35,36,37,38"
6014,1,H8,Tornada,12,Sagrera - Martí Molins,454,07:17:59,17.98,21.5333333333,1292.0,"13,14,15,16,17,18,19,20,21,22,23,24,25,26,27,28,29,30,31,32,33,34,35,36,37,38"
6802,1,H8,Tornada,12,Sagrera - Martí Molins,454,07:36:05,36.08,18.1,1086.0,"4,13,14,15,16,17,18,19,20,21,22,23,24,25,26,27,28,29,30,31,32,33,34,35,36,37,38"
6803,1,H8,Tornada,12,Sagrera - Martí Molins,454,07:52:54,52.9,16.816666666699998,1009.0,"1,2,3,13,14,15,16,17,18,19,20,21,22,23,24,25,26,27,28,29,30,31,32,33,34,35,36,37,38"
6016,1,H8,Tornada,12,Sagrera - Martí Molins,454,08:14:28,14.47,21.58333333326667,1295.0,"13,14,15,16,17,18,19,20,21,22,23,24,25,26,27,28,29,30,31,32,33,34,35,36,37,38"
6805,1,H8,Tornada,12,Sagrera - Martí Molins,454,08:28:45,28.75,14.266666666733332,856.0,"13,14,15,16,17,18,19,20,21,22,23,24,25,26,27,28,29,30,31,32,33,34,35,36,37,38"
6814,3,H8,Tornada,12,Sagrera - Martí Molins,454,08:50:21,50.35,21.599999999966666,1296.0,"13,14,15,16,17,18,19,20,21,22,23,24,25,26,27,28,29,30,31,32,33,34,35,36,37,38"
6015,3,H8,Tornada,12,Sagrera - Martí Molins,454,09:05:17,5.28,14.933333333333334,896.0,"13,14,15,16,17,18,19,20,21,22,23,24,25,26,27,28,29,30,31,32,33,34,35,36,37,38"
6813,3,H8,Tornada,12,Sagrera - Martí Molins,454,09:19:23,19.38,14.116666666633334,847.0,"6,13,14,15,16,17,18,19,20,21,22,23,24,25,26,27,28,29,30,31,32,33,34,35,36,37,38"
6018,1,H8,Tornada,12,Sagrera - Martí Molins,454,09:37:19,37.32,17.91666666673333,1075.0,"13,14,15,16,17,18,19,20,21,22,23,24,25,26,27,28,29,30,31,32,33,34,35,36,37,38"
6014,3,H8,Tornada,12,Sagrera - Martí Molins,454,09:53:37,53.62,16.3166666666,979.0,"13,14,15,16,17,18,19,20,21,22,23,24,25,26,27,28,29,30,31,32,33,34,35,36,37,38"
6802,3,H8,Tornada,12,Sagrera - Martí Molins,454,10:12:02,12.03,18.416666666666668,1105.0,"13,14,15,16,17,18,19,20,21,22,23,24,25,26,27,28,29,30,31,32,33,34,35,36,37,38"
6803,3,H8,Tornada,12,Sagrera - Martí Molins,454,10:30:03,30.05,18.00000000003333,1080.0,"13,14,15,16,17,18,19,20,21,22,23,24,25,26,27,28,29,30,31,32,33,34,35,36,37,38"
6016,3,H8,Tornada,12,Sagrera - Martí Molins,454,10:46:22,46.37,16.316666666666666,979.0,"13,14,15,16,17,18,19,20,21,22,23,24,25,26,27,28,29,30,31,32,33,34,35,36,37,38"
6805,4,H8,Tornada,12,Sagrera - Martí Molins,454,11:03:39,3.65,17.283333333333335,1037.0,"2,13,14,15,16,17,18,19,20,21,22,23,24,25,26,27,28,29,30,31,32,33,34,35,36,37,38"
6814,6,H8,Tornada,12,Sagrera - Martí Molins,454,11:23:00,23.0,19.350000000033333,1161.0,"13,14,15,16,17,18,19,20,21,22,23,24,25,26,27,28,29,30,31,32,33,34,35,36,37,38"
6015,6,H8,Tornada,12,Sagrera - Martí Molins,454,11:39:56,39.93,16.933333333333334,1016.0,"13,14,15,16,17,18,19,20,21,22,23,24,25,26,27,28,29,30,31,32,33,34,35,36,37,38"
6813,6,H8,Tornada,12,Sagrera - Martí Molins,454,11:53:39,53.65,13.733333333266668,824.0,"13,14,15,16,17,18,19,20,21,22,23,24,25,26,27,28,29,30,31,32,33,34,35,36,37,38"
6018,4,H8,Tornada,12,Sagrera - Martí Molins,454,12:10:23,10.38,16.7166666667,1003.0,"13,14,15,16,17,18,19,20,21,22,23,24,25,26,27,28,29,30,31,32,33,34,35,36,37,38"
6014,5,H8,Tornada,12,Sagrera - Martí Molins,454,12:28:25,28.42,18.033333333366667,1082.0,"13,14,15,16,17,18,19,20,21,22,23,24,25,26,27,28,29,30,31,32,33,34,35,36,37,38"
6802,6,H8,Tornada,12,Sagrera - Martí Molins,454,12:46:29,46.48,18.08333333326667,1085.0,"13,14,15,16,17,18,19,20,21,22,23,24,25,26,27,28,29,30,31,32,33,34,35,36,37,38"
6803,5,H8,Tornada,12,Sagrera - Martí Molins,454,13:02:52,2.87,16.3666666667,982.0,"13,14,15,16,17,18,19,20,21,22,23,24,25,26,27,28,29,30,31,32,33,34,35,36,37,38"
6016,5,H8,Tornada,12,Sagrera - Martí Molins,454,13:18:18,18.3,15.433333333333334,926.0,"13,14,15,16,17,18,19,20,21,22,23,24,25,26,27,28,29,30,31,32,33,34,35,36,37,38"
6805,7,H8,Tornada,12,Sagrera - Martí Molins,454,13:36:55,36.92,18.616666666666667,1117.0,"13,14,15,16,17,18,19,20,21,22,23,24,25,26,27,28,29,30,31,32,33,34,35,36,37,38"
6814,9,H8,Tornada,12,Sagrera - Martí Molins,454,13:55:06,55.1,18.183333333366665,1091.0,"13,14,15,16,17,18,19,20,21,22,23,24,25,26,27,28,29,30,31,32,33,34,35,36,37,38"
6015,9,H8,Tornada,12,Sagrera - Martí Molins,454,14:08:39,8.65,13.55,813.0,"13,14,15,16,17,18,19,20,21,22,23,24,25,26,27,28,29,30,31,32,33,34,35,36,37,38"
6813,9,H8,Tornada,12,Sagrera - Martí Molins,454,14:23:39,23.65,15.0166666666,901.0,"3,13,14,15,16,17,18,19,20,21,22,23,24,25,26,27,28,29,30,31,32,33,34,35,36,37,38"
6018,6,H8,Tornada,12,Sagrera - Martí Molins,454,14:40:40,40.67,17.000000000066667,1020.0,"13,14,15,16,17,18,19,20,21,22,23,24,25,26,27,28,29,30,31,32,33,34,35,36,37,38"
6014,8,H8,Tornada,12,Sagrera - Martí Molins,454,15:00:58,0.97,20.299999999966666,1218.0,"13,14,15,16,17,18,19,20,21,22,23,24,25,26,27,28,29,30,31,32,33,34,35,36,37,38"
6802,8,H8,Tornada,12,Sagrera - Martí Molins,454,15:16:27,16.45,15.499999999966667,930.0,"13,14,15,16,17,18,19,20,21,22,23,24,25,26,27,28,29,30,31,32,33,34,35,36,37,38"
6803,7,H8,Tornada,12,Sagrera - Martí Molins,454,15:33:41,33.68,17.233333333333334,1034.0,"13,14,15,16,17,18,19,20,21,22,23,24,25,26,27,28,29,30,31,32,33,34,35,36,37,38"
6016,7,H8,Tornada,12,Sagrera - Martí Molins,454,15:51:35,51.58,17.8833333334,1073.0,"13,14,15,16,17,18,19,20,21,22,23,24,25,26,27,28,29,30,31,32,33,34,35,36,37,38"
6805,9,H8,Tornada,12,Sagrera - Martí Molins,454,16:10:02,10.03,18.45,1107.0,"13,14,15,16,17,18,19,20,21,22,23,24,25,26,27,28,29,30,31,32,33,34,35,36,37,38"
6814,12,H8,Tornada,12,Sagrera - Martí Molins,454,16:24:55,24.92,14.899999999933334,894.0,"13,14,15,16,17,18,19,20,21,22,23,24,25,26,27,28,29,30,31,32,33,34,35,36,37,38"
6015,11,H8,Tornada,12,Sagrera - Martí Molins,454,16:41:52,41.87,16.933333333366665,1016.0,"13,14,15,16,17,18,19,20,21,22,23,24,25,26,27,28,29,30,31,32,33,34,35,36,37,38"
6813,11,H8,Tornada,12,Sagrera - Martí Molins,454,17:03:05,3.08,21.2333333333,1274.0,"13,14,15,16,17,18,19,20,21,22,23,24,25,26,27,28,29,30,31,32,33,34,35,36,37,38"
6018,8,H8,Tornada,12,Sagrera - Martí Molins,454,17:18:23,18.38,15.2833333334,917.0,"13,14,15,16,17,18,19,20,21,22,23,24,25,26,27,28,29,30,31,32,33,34,35,36,37,38"
6803,9,H8,Tornada,12,Sagrera - Martí Molins,454,18:10:03,10.05,19.78333333326667,1187.0,"13,14,15,16,17,18,19,20,21,22,23,24,25,26,27,28,29,30,31,32,33,34,35,36,37,38"
6016,9,H8,Tornada,12,Sagrera - Martí Molins,454,18:24:46,24.77,14.700000000066666,882.0,"13,14,15,16,17,18,19,20,21,22,23,24,25,26,27,28,29,30,31,32,33,34,35,36,37,38"
6805,11,H8,Tornada,12,Sagrera - Martí Molins,454,18:43:03,43.05,18.283333333333335,1097.0,"13,14,15,16,17,18,19,20,21,22,23,24,25,26,27,28,29,30,31,32,33,34,35,36,37,38"
6814,14,H8,Tornada,12,Sagrera - Martí Molins,454,18:58:38,58.63,15.599999999933335,936.0,"13,14,15,16,17,18,19,20,21,22,23,24,25,26,27,28,29,30,31,32,33,34,35,36,37,38"
6015,13,H8,Tornada,12,Sagrera - Martí Molins,454,19:15:00,15.0,16.366666666666667,982.0,"13,14,15,16,17,18,19,20,21,22,23,24,25,26,27,28,29,30,31,32,33,34,35,36,37,38"
6813,13,H8,Tornada,12,Sagrera - Martí Molins,454,19:33:07,33.12,18.100000000066665,1086.0,"13,14,15,16,17,18,19,20,21,22,23,24,25,26,27,28,29,30,31,32,33,34,35,36,37,38"
6018,10,H8,Tornada,12,Sagrera - Martí Molins,454,19:48:39,48.65,15.533333333333333,932.0,"2,13,14,15,16,17,18,19,20,21,22,23,24,25,26,27,28,29,30,31,32,33,34,35,36,37,38"
6064,2,H8,Tornada,12,Sagrera - Martí Molins,454,20:08:41,8.68,20.049999999933334,1203.0,"9,10,13,14,15,16,17,18,19,20,21,22,23,24,25,26,27,28,29,30,31,32,33,34,35,36,37,38"
6802,13,H8,Tornada,12,Sagrera - Martí Molins,454,20:26:51,26.85,18.150000000033334,1089.0,"13,14,15,16,17,18,19,20,21,22,23,24,25,26,27,28,29,30,31,32,33,34,35,36,37,38"
6803,11,H8,Tornada,12,Sagrera - Martí Molins,454,20:40:47,40.78,13.949999999966668,837.0,"13,14,15,16,17,18,19,20,21,22,23,24,25,26,27,28,29,30,31,32,33,34,35,36,37,38"
6016,11,H8,Tornada,12,Sagrera - Martí Molins,454,20:58:37,58.62,17.816666666733333,1069.0,"13,14,15,16,17,18,19,20,21,22,23,24,25,26,27,28,29,30,31,32,33,34,35,36,37,38"
6805,13,H8,Tornada,12,Sagrera - Martí Molins,454,21:12:08,12.13,13.516666666633334,811.0,"13,14,15,16,17,18,19,20,21,22,23,24,25,26,27,28,29,30,31,32,33,34,35,36,37,38"
6014,11,H8,Tornada,29,Josep Tarradellas - Francesc Macià,65,18:00:02,0.03,,,"1,2,3,4,5,6,7,8,9,10,11,12,13,14,15,16,17,18,19,20,21,22,23,24,25,26,27,28"
6014,11,H8,Tornada,30,Les Corts - Pl Dr Ignasi Barraquer,376,18:02:27,2.45,,,"1,2,3,4,5,6,7,8,9,10,11,12,13,14,15,16,17,18,19,20,21,22,23,24,25,26,27,28"
6014,11,H8,Tornada,31,Les Corts - Numància,991,18:04:16,4.27,,,"1,2,3,4,5,6,7,8,9,10,11,12,13,14,15,16,17,18,19,20,21,22,23,24,25,26,27,28"
6015,5,H8,Tornada,32,Les Corts - Vallespir,484,10:06:46,6.77,,,"1,2,3,4,5,6,7,8,9,10,11,12,13,14,15,16,17,18,19,20,21,22,23,24,25,26,27,28,29,30,31"
6015,5,H8,Tornada,33,Mercat de Les Corts,485,10:07:40,7.67,,,"1,2,3,4,5,6,7,8,9,10,11,12,13,14,15,16,17,18,19,20,21,22,23,24,25,26,27,28,29,30,31"
6813,5,H8,Tornada,34,Les Corts - Mejía Lequerica,923,10:08:38,8.63,,,"1,2,3,4,5,6,7,8,9,10,11,12,13,14,15,16,17,18,19,20,21,22,23,24,25,26,27,28,29,30,31,32,33"
6813,5,H8,Tornada,35,Estadi del Futbol Club Barcelona,8535,10:11:29,11.48,,,"1,2,3,4,5,6,7,8,9,10,11,12,13,14,15,16,17,18,19,20,21,22,23,24,25,26,27,28,29,30,31,32,33"
6814,5,H8,Tornada,36,Les Corts - Aurora Bertrana,1713,09:38:33,38.55,,,"1,2,3,4,5,6,7,8,9,10,11,12,13,14,15,16,17,18,19,20,21,22,23,24,25,26,27,28,29,30,31,32,33,34,35"
6814,5,H8,Tornada,37,Collblanc - Cardenal Reig,1259,09:40:25,40.42,,,"1,2,3,4,5,6,7,8,9,10,11,12,13,14,15,16,17,18,19,20,21,22,23,24,25,26,27,28,29,30,31,32,33,34,35"
6015,5,H8,Tornada,37,Collblanc - Cardenal Reig,1259,10:15:35,15.58,1.0333333332666668,62.0,"1,2,3,4,5,6,7,8,9,10,11,12,13,14,15,16,17,18,19,20,21,22,23,24,25,26,27,28,29,30,31"
6805,3,H8,Tornada,38,Camí de la Torre Melina - Av de Xile,1649,09:18:37,18.62,,,"1,2,3,4,5,6,7,8,9,10,11,12,13,14,15,16,17,18,19,20,21,22,23,24,25,26,27,28,29,30,31,32,33,34,35,36,37"
6814,5,H8,Tornada,38,Camí de la Torre Melina - Av de Xile,1649,09:42:35,42.58,23.966666666666665,1438.0,"1,2,3,4,5,6,7,8,9,10,11,12,13,14,15,16,17,18,19,20,21,22,23,24,25,26,27,28,29,30,31,32,33,34,35"
6018,3,H8,Tornada,38,Camí de la Torre Melina - Av de Xile,1649,10:25:43,25.72,8.45,507.0,"1,2,3,4,5,6,7,8,9,10,11,12,13,14,15,16,17,18,19,20,21,22,23,24,25,26,27,28,29,30,31,32,33,34,35,36,37"
6814,8,H8,Tornada,38,Camí de la Torre Melina - Av de Xile,1649,12:12:45,12.75,19.166666666633333,1150.0,"1,2,3,4,5,6,7,8,9,10,11,12,13,14,15,16,17,18,19,20,21,22,23,24,25,26,27,28,29,30,31,32,33,34,35,36,37"
6015,8,H8,Tornada,38,Camí de la Torre Melina - Av de Xile,1649,12:30:34,30.57,17.800000000066667,1068.0,"1,2,3,4,5,6,7,8,9,10,11,12,13,14,15,16,17,18,19,20,21,22,23,24,25,26,27,28,29,30,31,32,33,34,35,36"
6813,8,H8,Tornada,38,Camí de la Torre Melina - Av de Xile,1649,12:41:41,41.68,11.133333333266668,668.0,"1,2,3,4,5,6,7,8,9,10,11,12,13,14,15,16,17,18,19,20,21,22,23,24,25,26,27,28,29,30,31,32,33,34,35,36,37"
6802,10,H8,Tornada,38,Camí de la Torre Melina - Av de Xile,1649,16:06:57,6.95,13.666666666600001,820.0,"1,2,3,4,5,6,7,8,9,10,11,12,13,14,15,16,17,18,19,20,21,22,23,24,25,26,27,28,29,30,31,32,33,34,35,36,37"
