id_bus,viaje_n,nom_linia,sentit,ordre,nom_parada,codi_parada,hora_paso,min_paso,headway_min,headway_sec,ordre_faltantes
6213,1,H8,Anada,1,Metro Ernest Lluch - Final de trajecte,3797,03:45:00,45.0,,,
6406,1,H8,Anada,1,Metro Ernest Lluch - Final de trajecte,3797,03:55:00,55.0,10.0,600.0,
6408,1,H8,Anada,1,Metro Ernest Lluch - Final de trajecte,3797,04:12:59,12.98,17.99999999996667,1080.0,
6215,1,H8,Anada,1,Metro Ernest Lluch - Final de trajecte,3797,04:22:00,22.0,9.000000000033333,540.0,
6409,2,H8,Anada,1,Metro Ernest Lluch - Final de trajecte,3797,04:30:59,30.98,8.999999999966667,540.0,"9,17,18"
6411,1,H8,Anada,1,Metro Ernest Lluch - Final de trajecte,3797,04:49:00,49.0,18.00000000003333,1080.0,
6407,1,H8,Anada,1,Metro Ernest Lluch - Final de trajecte,3797,04:56:59,56.98,7.999999999966667,480.0,
6204,1,H8,Anada,1,Metro Ernest Lluch - Final de trajecte,3797,05:03:59,3.98,7.0,420.0,
6100,1,H8,Anada,1,Metro Ernest Lluch - Final de trajecte,3797,05:10:59,10.98,7.0,420.0,
6415,1,H8,Anada,1,Metro Ernest Lluch - Final de trajecte,3797,05:19:19,19.32,8.333333333333334,500.0,
6028,1,H8,Anada,1,Metro Ernest Lluch - Final de trajecte,3797,05:30:39,30.65,11.333333333333334,680.0,
6802,1,H8,Anada,1,Metro Ernest Lluch - Final de trajecte,3797,05:40:20,40.33,9.666666666733333,580.0,
6209,2,H8,Anada,1,Metro Ernest Lluch - Final de trajecte,3797,05:50:00,50.0,9.666666666633335,580.0,
6211,2,H8,Anada,1,Metro Ernest Lluch - Final de trajecte,3797,05:57:59,57.98,7.999999999966667,480.0,
6401,1,H8,Anada,1,Metro Ernest Lluch - Final de trajecte,3797,06:06:00,6.0,8.000000000033333,480.0,9
6402,2,H8,Anada,1,Metro Ernest Lluch - Final de trajecte,3797,06:14:00,14.0,8.0,480.0,
6027,1,H8,Anada,1,Metro Ernest Lluch - Final de trajecte,3797,06:22:00,22.0,8.0,480.0,
6213,2,H8,Anada,1,Metro Ernest Lluch - Final de trajecte,3797,06:30:00,30.0,8.0,480.0,
6034,1,H8,Anada,1,Metro Ernest Lluch - Final de trajecte,3797,06:38:59,38.98,8.999999999966667,540.0,36
6406,2,H8,Anada,1,Metro Ernest Lluch - Final de trajecte,3797,06:47:59,47.98,9.0,540.0,33
6110,2,H8,Anada,1,Metro Ernest Lluch - Final de trajecte,3797,06:57:00,57.0,9.000000000033333,540.0,
6408,2,H8,Anada,1,Metro Ernest Lluch - Final de trajecte,3797,07:06:00,6.0,9.0,540.0,9
6215,2,H8,Anada,1,Metro Ernest Lluch - Final de trajecte,3797,07:15:00,15.0,9.0,540.0,
6409,3,H8,Anada,1,Metro Ernest Lluch - Final de trajecte,3797,07:25:00,25.0,10.0,600.0,
6217,2,H8,Anada,1,Metro Ernest Lluch - Final de trajecte,3797,07:34:00,34.0,9.000000000033333,540.0,
6411,2,H8,Anada,1,Metro Ernest Lluch - Final de trajecte,3797,07:44:00,44.0,9.999999999966667,600.0,
6407,2,H8,Anada,1,Metro Ernest Lluch - Final de trajecte,3797,07:54:00,54.0,10.000000000033333,600.0,
6204,2,H8,Anada,1,Metro Ernest Lluch - Final de trajecte,3797,08:04:00,4.0,9.999999999966667,600.0,
6415,2,H8,Anada,1,Metro Ernest Lluch - Final de trajecte,3797,08:16:19,16.32,12.3333333333,740.0,
6028,2,H8,Anada,1,Metro Ernest Lluch - Final de trajecte,3797,08:28:39,28.65,12.333333333333334,740.0,
6802,2,H8,Anada,1,Metro Ernest Lluch - Final de trajecte,3797,08:39:19,39.32,10.666666666666666,640.0,
6209,3,H8,Anada,1,Metro Ernest Lluch - Final de trajecte,3797,08:49:59,49.98,10.666666666666666,640.0,
6211,3,H8,Anada,1,Metro Ernest Lluch - Final de trajecte,3797,08:58:00,58.0,8.000000000033333,480.0,
6034,2,H8,Anada,1,Metro Ernest Lluch - Final de trajecte,3797,09:43:59,43.98,9.999999999933333,600.0,
6406,3,H8,Anada,1,Metro Ernest Lluch - Final de trajecte,3797,09:54:00,54.0,10.000000000066667,600.0,
6408,3,H8,Anada,1,Metro Ernest Lluch - Final de trajecte,3797,10:04:00,4.0,9.999999999966667,600.0,
6215,3,H8,Anada,1,Metro Ernest Lluch - Final de trajecte,3797,10:14:00,14.0,10.0,600.0,9
6409,4,H8,Anada,1,Metro Ernest Lluch - Final de trajecte,3797,10:23:59,23.98,9.999999999966667,600.0,
6100,3,H8,Anada,1,Metro Ernest Lluch - Final de trajecte,3797,11:04:00,4.0,10.000000000033333,600.0,
6415,3,H8,Anada,1,Metro Ernest Lluch - Final de trajecte,3797,11:16:19,16.32,12.3333333333,740.0,
6028,3,H8,Anada,1,Metro Ernest Lluch - Final de trajecte,3797,11:28:40,28.67,12.333333333399999,740.0,
6802,3,H8,Anada,1,Metro Ernest Lluch - Final de trajecte,3797,11:38:19,38.32,9.666666666600001,580.0,
6209,4,H8,Anada,1,Metro Ernest Lluch - Final de trajecte,3797,11:47:59,47.98,9.666666666666666,580.0,
6211,4,H8,Anada,1,Metro Ernest Lluch - Final de trajecte,3797,11:57:00,57.0,9.000000000066667,540.0,
6800,1,H8,Anada,1,Metro Ernest Lluch - Final de trajecte,3797,12:04:59,4.98,7.999999999933333,480.0,
6402,4,H8,Anada,1,Metro Ernest Lluch - Final de trajecte,3797,12:13:00,13.0,8.000000000066667,480.0,
6027,3,H8,Anada,1,Metro Ernest Lluch - Final de trajecte,3797,12:22:00,22.0,8.999999999966667,540.0,
6213,4,H8,Anada,1,Metro Ernest Lluch - Final de trajecte,3797,12:30:59,30.98,8.999999999966667,540.0,"11,12,14,26"
6034,3,H8,Anada,1,Metro Ernest Lluch - Final de trajecte,3797,12:39:59,39.98,9.0,540.0,"26,31"
6406,4,H8,Anada,1,Metro Ernest Lluch - Final de trajecte,3797,12:49:00,49.0,9.000000000066667,540.0,
6408,4,H8,Anada,1,Metro Ernest Lluch - Final de trajecte,3797,12:59:00,59.0,9.999999999966667,600.0,
6215,4,H8,Anada,1,Metro Ernest Lluch - Final de trajecte,3797,13:09:00,9.0,10.0,600.0,
6409,5,H8,Anada,1,Metro Ernest Lluch - Final de trajecte,3797,13:19:00,19.0,10.0,600.0,19
6075,2,H8,Anada,1,Metro Ernest Lluch - Final de trajecte,3797,13:28:59,28.98,9.99999999995,600.0,"13,14"
6411,4,H8,Anada,1,Metro Ernest Lluch - Final de trajecte,3797,13:39:00,39.0,10.00000000005,600.0,
6407,4,H8,Anada,1,Metro Ernest Lluch - Final de trajecte,3797,13:49:01,49.02,10.016666666699999,601.0,"36,37,38"
6036,1,H8,Anada,1,Metro Ernest Lluch - Final de trajecte,3797,13:59:01,59.02,9.999999999966667,600.0,"18,19"
6100,4,H8,Anada,1,Metro Ernest Lluch - Final de trajecte,3797,14:09:00,9.0,9.999999999983334,600.0,
6415,4,H8,Anada,1,Metro Ernest Lluch - Final de trajecte,3797,14:17:01,17.02,8.000000000050001,480.0,
6028,4,H8,Anada,1,Metro Ernest Lluch - Final de trajecte,3797,14:27:41,27.68,10.666666666633335,640.0,
6802,4,H8,Anada,1,Metro Ernest Lluch - Final de trajecte,3797,14:40:01,40.02,12.333333333366665,740.0,
6211,5,H8,Anada,1,Metro Ernest Lluch - Final de trajecte,3797,14:49:00,49.0,8.999999999933333,540.0,
6800,2,H8,Anada,1,Metro Ernest Lluch - Final de trajecte,3797,15:05:01,5.02,16.000000000066667,960.0,
6402,5,H8,Anada,1,Metro Ernest Lluch - Final de trajecte,3797,15:14:01,14.02,8.999999999966667,540.0,
6406,5,H8,Anada,1,Metro Ernest Lluch - Final de trajecte,3797,15:52:00,52.0,8.999999999933333,540.0,
6408,5,H8,Anada,1,Metro Ernest Lluch - Final de trajecte,3797,16:01:01,1.02,9.000000000033333,540.0,
6215,5,H8,Anada,1,Metro Ernest Lluch - Final de trajecte,3797,16:11:01,11.02,10.000000000033333,600.0,
6409,6,H8,Anada,1,Metro Ernest Lluch - Final de trajecte,3797,16:21:01,21.02,9.999999999966667,600.0,"24,25,26,28,29"
6075,3,H8,Anada,1,Metro Ernest Lluch - Final de trajecte,3797,16:31:01,31.02,10.000000000033333,600.0,
6411,5,H8,Anada,1,Metro Ernest Lluch - Final de trajecte,3797,16:41:01,41.02,9.999999999966667,600.0,
6407,5,H8,Anada,1,Metro Ernest Lluch - Final de trajecte,3797,16:50:01,50.02,9.000000000033333,540.0,
6036,2,H8,Anada,1,Metro Ernest Lluch - Final de trajecte,3797,17:00:01,0.02,9.999999999966667,600.0,"11,13,14,15,16"
6100,5,H8,Anada,1,Metro Ernest Lluch - Final de trajecte,3797,17:09:01,9.02,9.0,540.0,"2,3,4,5,6,7,8,9,10,11,12,13,14,15,16,17,18,19,20,21,22,23,24,25,26,27,28,29,30,31,32,33,34,35,36,37,38,39"
6028,5,H8,Anada,1,Metro Ernest Lluch - Final de trajecte,3797,17:26:40,26.67,17.666666666633333,1060.0,
6802,5,H8,Anada,1,Metro Ernest Lluch - Final de trajecte,3797,17:39:01,39.02,12.333333333399999,740.0,
6211,6,H8,Anada,1,Metro Ernest Lluch - Final de trajecte,3797,17:48:00,48.0,8.999999999933333,540.0,
6217,4,H8,Anada,1,Metro Ernest Lluch - Final de trajecte,3797,18:00:00,0.0,12.0,720.0,
6800,3,H8,Anada,1,Metro Ernest Lluch - Final de trajecte,3797,18:05:01,5.02,5.000000000033333,300.0,
6402,6,H8,Anada,1,Metro Ernest Lluch - Final de trajecte,3797,18:17:01,17.02,12.0,720.0,
6213,6,H8,Anada,1,Metro Ernest Lluch - Final de trajecte,3797,18:27:01,27.02,10.000000000033333,600.0,
6034,5,H8,Anada,1,Metro Ernest Lluch - Final de trajecte,3797,18:37:01,37.02,9.999999999966667,600.0,9
6406,6,H8,Anada,1,Metro Ernest Lluch - Final de trajecte,3797,18:47:00,47.0,9.999999999966667,600.0,
6408,6,H8,Anada,1,Metro Ernest Lluch - Final de trajecte,3797,18:56:01,56.02,9.000000000066667,540.0,
6215,6,H8,Anada,1,Metro Ernest Lluch - Final de trajecte,3797,19:05:01,5.02,8.999999999966667,540.0,
6409,8,H8,Anada,1,Metro Ernest Lluch - Final de trajecte,3797,19:15:01,15.02,10.0,600.0,"16,17"
6075,4,H8,Anada,1,Metro Ernest Lluch - Final de trajecte,3797,19:25:00,25.0,9.999999999966667,600.0,36
6036,3,H8,Anada,1,Metro Ernest Lluch - Final de trajecte,3797,19:46:01,46.02,21.00000000003333,1260.0,
6117,1,H8,Anada,1,Metro Ernest Lluch - Final de trajecte,3797,19:57:00,57.0,10.999999999966667,660.0,
6415,6,H8,Anada,1,Metro Ernest Lluch - Final de trajecte,3797,20:05:01,5.02,8.000000000033333,480.0,
6211,7,H8,Anada,1,Metro Ernest Lluch - Final de trajecte,3797,20:25:01,25.02,20.00000000003333,1200.0,
6217,5,H8,Anada,1,Metro Ernest Lluch - Final de trajecte,3797,20:40:01,40.02,15.0,900.0,
6402,7,H8,Anada,1,Metro Ernest Lluch - Final de trajecte,3797,20:55:01,55.02,15.0,900.0,
6034,6,H8,Anada,1,Metro Ernest Lluch - Final de trajecte,3797,21:10:00,10.0,14.999999999933333,900.0,32
6408,7,H8,Anada,1,Metro Ernest Lluch - Final de trajecte,3797,21:25:01,25.02,15.000000000066667,900.0,"19,21,22,23"
6402,1,H8,Anada,2,Cardenal Reig - Pisuerga,2984,03:36:27,36.45,,,1
6213,1,H8,Anada,2,Cardenal Reig - Pisuerga,2984,03:48:09,48.15,11.683333333399998,701.0,
6406,1,H8,Anada,2,Cardenal Reig - Pisuerga,2984,03:58:17,58.28,10.149999999933334,609.0,
6110,1,H8,Anada,2,Cardenal Reig - Pisuerga,2984,04:10:42,10.7,12.400000000033334,744.0,1
6408,1,H8,Anada,2,Cardenal Reig - Pisuerga,2984,04:15:39,15.65,4.950000000033333,297.0,
6215,1,H8,Anada,2,Cardenal Reig - Pisuerga,2984,04:25:20,25.33,9.699999999933334,582.0,
6409,2,H8,Anada,2,Cardenal Reig - Pisuerga,2984,04:33:13,33.22,7.866666666733334,472.0,"9,17,18"
6217,1,H8,Anada,2,Cardenal Reig - Pisuerga,2984,04:42:28,42.47,9.25,555.0,1
6411,1,H8,Anada,2,Cardenal Reig - Pisuerga,2984,04:52:05,52.08,9.633333333266668,578.0,
6407,1,H8,Anada,2,Cardenal Reig - Pisuerga,2984,04:58:39,58.65,6.5500000000666665,393.0,
6204,1,H8,Anada,2,Cardenal Reig - Pisuerga,2984,05:06:34,6.57,7.916666666633334,475.0,
6100,1,H8,Anada,2,Cardenal Reig - Pisuerga,2984,05:13:20,13.33,6.766666666666667,406.0,
6415,1,H8,Anada,2,Cardenal Reig - Pisuerga,2984,05:23:02,23.03,9.700000000033333,582.0,
6028,1,H8,Anada,2,Cardenal Reig - Pisuerga,2984,05:33:08,33.13,10.1166666666,607.0,
6802,1,H8,Anada,2,Cardenal Reig - Pisuerga,2984,05:42:09,42.15,9.016666666666667,541.0,
6209,2,H8,Anada,2,Cardenal Reig - Pisuerga,2984,05:51:40,51.67,9.51666666665,571.0,
6211,2,H8,Anada,2,Cardenal Reig - Pisuerga,2984,06:00:43,0.72,9.033333333416666,542.0,
6401,1,H8,Anada,2,Cardenal Reig - Pisuerga,2984,06:08:29,8.48,7.766666666633333,466.0,9
6402,2,H8,Anada,2,Cardenal Reig - Pisuerga,2984,06:15:36,15.6,7.1333333333,428.0,
6027,1,H8,Anada,2,Cardenal Reig - Pisuerga,2984,06:23:35,23.58,7.966666666699999,478.0,
6213,2,H8,Anada,2,Cardenal Reig - Pisuerga,2984,06:32:17,32.28,8.700000000033333,522.0,
6034,1,H8,Anada,2,Cardenal Reig - Pisuerga,2984,06:40:03,40.05,7.766666666633333,466.0,36
6406,2,H8,Anada,2,Cardenal Reig - Pisuerga,2984,06:51:22,51.37,11.3333333333,680.0,33
6110,2,H8,Anada,2,Cardenal Reig - Pisuerga,2984,07:00:25,0.42,9.033333333366667,542.0,
6408,2,H8,Anada,2,Cardenal Reig - Pisuerga,2984,07:07:39,7.65,7.233333333333333,434.0,9
6215,2,H8,Anada,2,Cardenal Reig - Pisuerga,2984,07:17:22,17.37,9.7166666667,583.0,
6409,3,H8,Anada,2,Cardenal Reig - Pisuerga,2984,07:27:29,27.48,10.116666666633334,607.0,
6217,2,H8,Anada,2,Cardenal Reig - Pisuerga,2984,07:37:24,37.4,9.9166666667,595.0,
6411,2,H8,Anada,2,Cardenal Reig - Pisuerga,2984,07:46:36,46.6,9.2,552.0,
6407,2,H8,Anada,2,Cardenal Reig - Pisuerga,2984,07:56:33,56.55,9.949999999966668,597.0,
6204,2,H8,Anada,2,Cardenal Reig - Pisuerga,2984,08:06:01,6.02,9.4666666667,568.0,
6415,2,H8,Anada,2,Cardenal Reig - Pisuerga,2984,08:17:07,17.12,11.1166666666,667.0,
6028,2,H8,Anada,2,Cardenal Reig - Pisuerga,2984,08:30:54,30.9,13.766666666733332,826.0,
6802,2,H8,Anada,2,Cardenal Reig - Pisuerga,2984,08:40:52,40.87,9.966666666666667,598.0,
6209,3,H8,Anada,2,Cardenal Reig - Pisuerga,2984,08:51:37,51.62,10.7666666666,646.0,
6211,3,H8,Anada,2,Cardenal Reig - Pisuerga,2984,09:01:35,1.58,9.966666666666667,598.0,
6402,3,H8,Anada,2,Cardenal Reig - Pisuerga,2984,09:13:45,13.75,12.150000000066665,729.0,1
6027,2,H8,Anada,2,Cardenal Reig - Pisuerga,2984,09:22:10,22.17,8.433333333266667,506.0,1
6213,3,H8,Anada,2,Cardenal Reig - Pisuerga,2984,09:34:19,34.32,12.15,729.0,
6034,2,H8,Anada,2,Cardenal Reig - Pisuerga,2984,09:46:44,46.73,12.400000000066665,744.0,
6406,3,H8,Anada,2,Cardenal Reig - Pisuerga,2984,09:56:29,56.48,9.75,585.0,
6408,3,H8,Anada,2,Cardenal Reig - Pisuerga,2984,10:05:41,5.68,9.2,552.0,
6215,3,H8,Anada,2,Cardenal Reig - Pisuerga,2984,10:14:06,14.1,8.416666666633335,505.0,9
6409,4,H8,Anada,2,Cardenal Reig - Pisuerga,2984,10:25:33,25.55,11.466666666633333,688.0,
6411,3,H8,Anada,2,Cardenal Reig - Pisuerga,2984,10:41:11,41.18,15.6166666667,937.0,1
6407,3,H8,Anada,2,Cardenal Reig - Pisuerga,2984,10:55:25,55.42,14.249999999966667,855.0,
6100,3,H8,Anada,2,Cardenal Reig - Pisuerga,2984,11:05:05,5.08,9.666666666666666,580.0,
6415,3,H8,Anada,2,Cardenal Reig - Pisuerga,2984,11:17:52,17.87,12.783333333316667,767.0,
6028,3,H8,Anada,2,Cardenal Reig - Pisuerga,2984,11:30:38,30.63,12.750000000083332,765.0,
6802,3,H8,Anada,2,Cardenal Reig - Pisuerga,2984,11:40:24,40.4,9.766666666666667,586.0,
6209,4,H8,Anada,2,Cardenal Reig - Pisuerga,2984,11:50:26,50.43,10.033333333333333,602.0,
6211,4,H8,Anada,2,Cardenal Reig - Pisuerga,2984,11:58:58,58.97,8.549999999933334,513.0,
6800,1,H8,Anada,2,Cardenal Reig - Pisuerga,2984,12:07:23,7.38,8.416666666666666,505.0,
6402,4,H8,Anada,2,Cardenal Reig - Pisuerga,2984,12:16:00,16.0,8.600000000066666,516.0,
6027,3,H8,Anada,2,Cardenal Reig - Pisuerga,2984,12:23:35,23.58,7.599999999933333,456.0,
6213,4,H8,Anada,2,Cardenal Reig - Pisuerga,2984,12:36:30,36.5,12.900000000066665,774.0,"11,12,14,26"
6034,3,H8,Anada,2,Cardenal Reig - Pisuerga,2984,12:42:36,42.6,6.099999999966667,366.0,"26,31"
6406,4,H8,Anada,2,Cardenal Reig - Pisuerga,2984,12:50:30,50.5,7.916666666633334,475.0,
6408,4,H8,Anada,2,Cardenal Reig - Pisuerga,2984,13:00:25,0.42,9.916666666666666,595.0,
6215,4,H8,Anada,2,Cardenal Reig - Pisuerga,2984,13:09:44,9.73,9.300000000066666,558.0,
6409,5,H8,Anada,2,Cardenal Reig - Pisuerga,2984,13:20:54,20.9,11.166666666666666,670.0,19
6075,2,H8,Anada,2,Cardenal Reig - Pisuerga,2984,13:31:34,31.57,10.666666666666666,640.0,"13,14"
6411,4,H8,Anada,2,Cardenal Reig - Pisuerga,2984,13:39:44,39.73,8.166666666633335,490.0,
6407,4,H8,Anada,2,Cardenal Reig - Pisuerga,2984,13:58:29,58.48,18.75000000003333,1125.0,"36,37,38"
6036,1,H8,Anada,2,Cardenal Reig - Pisuerga,2984,14:02:13,2.22,3.7499999999333338,225.0,"18,19"
6100,4,H8,Anada,2,Cardenal Reig - Pisuerga,2984,14:10:50,10.83,8.600000000033333,516.0,
6415,4,H8,Anada,2,Cardenal Reig - Pisuerga,2984,14:19:02,19.03,8.216666666633333,493.0,
6028,4,H8,Anada,2,Cardenal Reig - Pisuerga,2984,14:30:05,30.08,11.0333333334,662.0,
6802,4,H8,Anada,2,Cardenal Reig - Pisuerga,2984,14:42:42,42.7,12.633333333266668,758.0,
6211,5,H8,Anada,2,Cardenal Reig - Pisuerga,2984,14:49:37,49.62,6.900000000033333,414.0,
6800,2,H8,Anada,2,Cardenal Reig - Pisuerga,2984,15:05:09,5.15,15.533333333333333,932.0,
6402,5,H8,Anada,2,Cardenal Reig - Pisuerga,2984,15:16:54,16.9,11.766666666633334,706.0,
6213,5,H8,Anada,2,Cardenal Reig - Pisuerga,2984,15:32:37,32.62,15.083333333333334,905.0,1
6034,4,H8,Anada,2,Cardenal Reig - Pisuerga,2984,15:45:16,45.27,12.65,759.0,
6406,5,H8,Anada,2,Cardenal Reig - Pisuerga,2984,15:54:24,54.4,9.149999999933334,549.0,
6408,5,H8,Anada,2,Cardenal Reig - Pisuerga,2984,16:04:26,4.43,10.016666666699999,601.0,
6215,5,H8,Anada,2,Cardenal Reig - Pisuerga,2984,16:13:45,13.75,9.316666666666666,559.0,
6409,6,H8,Anada,2,Cardenal Reig - Pisuerga,2984,16:23:48,23.8,10.050000000033332,603.0,"24,25,26,28,29"
6075,3,H8,Anada,2,Cardenal Reig - Pisuerga,2984,16:35:10,35.17,11.38333333325,683.0,
6411,5,H8,Anada,2,Cardenal Reig - Pisuerga,2984,16:44:38,44.63,9.466666666683333,568.0,
6407,5,H8,Anada,2,Cardenal Reig - Pisuerga,2984,16:52:43,52.72,8.066666666733333,484.0,
6036,2,H8,Anada,2,Cardenal Reig - Pisuerga,2984,17:10:20,10.33,17.633333333266666,1058.0,"11,13,14,15,16"
6415,5,H8,Anada,2,Cardenal Reig - Pisuerga,2984,17:16:17,16.28,5.933333333366666,356.0,1
6028,5,H8,Anada,2,Cardenal Reig - Pisuerga,2984,17:28:47,28.78,12.5,750.0,
6802,5,H8,Anada,2,Cardenal Reig - Pisuerga,2984,17:40:28,40.47,11.683333333333334,701.0,
6211,6,H8,Anada,2,Cardenal Reig - Pisuerga,2984,17:49:56,49.93,9.466666666666667,568.0,
6217,4,H8,Anada,2,Cardenal Reig - Pisuerga,2984,18:02:48,2.8,12.8666666667,772.0,
6800,3,H8,Anada,2,Cardenal Reig - Pisuerga,2984,18:07:22,7.37,4.566666666666666,274.0,
6402,6,H8,Anada,2,Cardenal Reig - Pisuerga,2984,18:18:47,18.78,11.433333333266667,686.0,
6213,6,H8,Anada,2,Cardenal Reig - Pisuerga,2984,18:27:46,27.77,8.9666666667,538.0,
6034,5,H8,Anada,2,Cardenal Reig - Pisuerga,2984,18:39:13,39.22,11.450000000033333,687.0,9
6406,6,H8,Anada,2,Cardenal Reig - Pisuerga,2984,18:48:51,48.85,9.6333333333,578.0,
6408,6,H8,Anada,2,Cardenal Reig - Pisuerga,2984,18:58:52,58.87,10.016666666666667,601.0,
6215,6,H8,Anada,2,Cardenal Reig - Pisuerga,2984,19:06:41,6.68,7.833333333300001,470.0,
6409,8,H8,Anada,2,Cardenal Reig - Pisuerga,2984,19:17:12,17.2,10.500000000033333,630.0,"16,17"
6075,4,H8,Anada,2,Cardenal Reig - Pisuerga,2984,19:27:05,27.08,9.899999999966667,594.0,36
6036,3,H8,Anada,2,Cardenal Reig - Pisuerga,2984,19:46:49,46.82,19.71666666673333,1183.0,
6117,1,H8,Anada,2,Cardenal Reig - Pisuerga,2984,19:59:01,59.02,12.2166666666,733.0,
6415,6,H8,Anada,2,Cardenal Reig - Pisuerga,2984,20:07:18,7.3,8.283333333333333,497.0,
6211,7,H8,Anada,2,Cardenal Reig - Pisuerga,2984,20:26:45,26.75,19.4333333334,1166.0,
6217,5,H8,Anada,2,Cardenal Reig - Pisuerga,2984,20:42:51,42.85,16.1166666666,967.0,
6402,7,H8,Anada,2,Cardenal Reig - Pisuerga,2984,20:57:07,57.12,14.250000000066667,855.0,
6034,6,H8,Anada,2,Cardenal Reig - Pisuerga,2984,21:13:21,13.35,16.2333333333,974.0,32
6408,7,H8,Anada,2,Cardenal Reig - Pisuerga,2984,21:27:26,27.43,14.083333333333334,845.0,"19,21,22,23"
6402,1,H8,Anada,3,Cardenal Reig - Av St Ramon Nonat,2685,03:38:07,38.12,,,1
6213,1,H8,Anada,3,Cardenal Reig - Av St Ramon Nonat,2685,03:49:58,49.97,11.866666666633334,712.0,
6406,1,H8,Anada,3,Cardenal Reig - Av St Ramon Nonat,2685,03:59:51,59.85,9.883333333333333,593.0,
6110,1,H8,Anada,3,Cardenal Reig - Av St Ramon Nonat,2685,04:11:05,11.08,11.2166666667,673.0,1
6408,1,H8,Anada,3,Cardenal Reig - Av St Ramon Nonat,2685,04:16:44,16.73,5.65,339.0,
6215,1,H8,Anada,3,Cardenal Reig - Av St Ramon Nonat,2685,04:26:41,26.68,9.966666666633333,598.0,
6409,2,H8,Anada,3,Cardenal Reig - Av St Ramon Nonat,2685,04:35:05,35.08,8.4,504.0,"9,17,18"
6217,1,H8,Anada,3,Cardenal Reig - Av St Ramon Nonat,2685,04:44:02,44.03,8.933333333366667,536.0,1
6411,1,H8,Anada,3,Cardenal Reig - Av St Ramon Nonat,2685,04:53:19,53.32,9.283333333366667,557.0,
6407,1,H8,Anada,3,Cardenal Reig - Av St Ramon Nonat,2685,05:00:05,0.08,6.7833333332666665,407.0,
6204,1,H8,Anada,3,Cardenal Reig - Av St Ramon Nonat,2685,05:08:22,8.37,8.266666666733334,496.0,
6100,1,H8,Anada,3,Cardenal Reig - Av St Ramon Nonat,2685,05:15:16,15.27,6.899999999966667,414.0,
6415,1,H8,Anada,3,Cardenal Reig - Av St Ramon Nonat,2685,05:23:59,23.98,8.7166666667,523.0,
6028,1,H8,Anada,3,Cardenal Reig - Av St Ramon Nonat,2685,05:35:15,35.25,11.266666666666667,676.0,
6802,1,H8,Anada,3,Cardenal Reig - Av St Ramon Nonat,2685,05:43:20,43.33,8.0833333333,485.0,
6209,2,H8,Anada,3,Cardenal Reig - Av St Ramon Nonat,2685,05:53:43,53.72,10.383333333366666,623.0,
6211,2,H8,Anada,3,Cardenal Reig - Av St Ramon Nonat,2685,06:02:22,2.37,8.649999999966667,519.0,
6401,1,H8,Anada,3,Cardenal Reig - Av St Ramon Nonat,2685,06:10:16,10.27,7.900000000033333,474.0,9
6402,2,H8,Anada,3,Cardenal Reig - Av St Ramon Nonat,2685,06:17:32,17.53,7.266666666633333,436.0,
6027,1,H8,Anada,3,Cardenal Reig - Av St Ramon Nonat,2685,06:25:11,25.18,7.65,459.0,
6213,2,H8,Anada,3,Cardenal Reig - Av St Ramon Nonat,2685,06:34:13,34.22,9.049999999966667,543.0,
6034,1,H8,Anada,3,Cardenal Reig - Av St Ramon Nonat,2685,06:41:43,41.72,7.5,450.0,36
6406,2,H8,Anada,3,Cardenal Reig - Av St Ramon Nonat,2685,06:52:20,52.33,10.616666666666667,637.0,33
6110,2,H8,Anada,3,Cardenal Reig - Av St Ramon Nonat,2685,07:02:21,2.35,10.000000000066667,600.0,
6408,2,H8,Anada,3,Cardenal Reig - Av St Ramon Nonat,2685,07:09:47,9.78,7.4333333333,446.0,9
6215,2,H8,Anada,3,Cardenal Reig - Av St Ramon Nonat,2685,07:19:00,19.0,9.216666666666667,553.0,
6409,3,H8,Anada,3,Cardenal Reig - Av St Ramon Nonat,2685,07:28:33,28.55,9.566666666633333,574.0,
6217,2,H8,Anada,3,Cardenal Reig - Av St Ramon Nonat,2685,07:38:45,38.75,10.2,612.0,
6411,2,H8,Anada,3,Cardenal Reig - Av St Ramon Nonat,2685,07:48:26,48.43,9.666666666733333,580.0,
6407,2,H8,Anada,3,Cardenal Reig - Av St Ramon Nonat,2685,07:58:19,58.32,9.899999999933334,594.0,
6204,2,H8,Anada,3,Cardenal Reig - Av St Ramon Nonat,2685,08:07:49,7.82,9.5,570.0,
6415,2,H8,Anada,3,Cardenal Reig - Av St Ramon Nonat,2685,08:18:40,18.67,10.833333333399999,650.0,
6028,2,H8,Anada,3,Cardenal Reig - Av St Ramon Nonat,2685,08:33:55,33.92,15.25,915.0,
6802,2,H8,Anada,3,Cardenal Reig - Av St Ramon Nonat,2685,08:42:32,42.53,8.61666666665,517.0,
6209,3,H8,Anada,3,Cardenal Reig - Av St Ramon Nonat,2685,08:53:39,53.65,11.11666666665,667.0,
6211,3,H8,Anada,3,Cardenal Reig - Av St Ramon Nonat,2685,09:03:22,3.37,9.716666666666667,583.0,
6402,3,H8,Anada,3,Cardenal Reig - Av St Ramon Nonat,2685,09:15:04,15.07,11.7,702.0,1
6027,2,H8,Anada,3,Cardenal Reig - Av St Ramon Nonat,2685,09:23:37,23.62,8.566666666633333,514.0,1
6213,3,H8,Anada,3,Cardenal Reig - Av St Ramon Nonat,2685,09:35:33,35.55,11.933333333316666,716.0,
6034,2,H8,Anada,3,Cardenal Reig - Av St Ramon Nonat,2685,09:48:50,48.83,13.266666666733332,796.0,
6406,3,H8,Anada,3,Cardenal Reig - Av St Ramon Nonat,2685,09:59:30,59.5,10.66666666665,640.0,
6408,3,H8,Anada,3,Cardenal Reig - Av St Ramon Nonat,2685,10:06:51,6.85,7.35,441.0,
6215,3,H8,Anada,3,Cardenal Reig - Av St Ramon Nonat,2685,10:15:27,15.45,8.6,516.0,9
6409,4,H8,Anada,3,Cardenal Reig - Av St Ramon Nonat,2685,10:27:06,27.1,11.666666666633335,700.0,
6411,3,H8,Anada,3,Cardenal Reig - Av St Ramon Nonat,2685,10:42:09,42.15,15.05,903.0,1
6407,3,H8,Anada,3,Cardenal Reig - Av St Ramon Nonat,2685,10:57:04,57.07,14.900000000066665,894.0,
6100,3,H8,Anada,3,Cardenal Reig - Av St Ramon Nonat,2685,11:06:29,6.48,9.416666666633335,565.0,
6415,3,H8,Anada,3,Cardenal Reig - Av St Ramon Nonat,2685,11:19:44,19.73,13.250000000033333,795.0,
6028,3,H8,Anada,3,Cardenal Reig - Av St Ramon Nonat,2685,11:32:11,32.18,12.4666666666,748.0,
6802,3,H8,Anada,3,Cardenal Reig - Av St Ramon Nonat,2685,11:41:36,41.6,9.416666666666666,565.0,
6209,4,H8,Anada,3,Cardenal Reig - Av St Ramon Nonat,2685,11:52:06,52.1,10.4833333334,629.0,
6211,4,H8,Anada,3,Cardenal Reig - Av St Ramon Nonat,2685,12:00:48,0.8,8.7,522.0,
6800,1,H8,Anada,3,Cardenal Reig - Av St Ramon Nonat,2685,12:08:27,8.45,7.65,459.0,
6402,4,H8,Anada,3,Cardenal Reig - Av St Ramon Nonat,2685,12:17:41,17.68,9.249999999933333,555.0,
6027,3,H8,Anada,3,Cardenal Reig - Av St Ramon Nonat,2685,12:25:29,25.48,7.7833333334,467.0,
6213,4,H8,Anada,3,Cardenal Reig - Av St Ramon Nonat,2685,12:38:08,38.13,12.666666666600001,760.0,"11,12,14,26"
6034,3,H8,Anada,3,Cardenal Reig - Av St Ramon Nonat,2685,12:43:59,43.98,5.833333333383334,350.0,"26,31"
6406,4,H8,Anada,3,Cardenal Reig - Av St Ramon Nonat,2685,12:51:58,51.97,7.98333333335,479.0,
6408,4,H8,Anada,3,Cardenal Reig - Av St Ramon Nonat,2685,13:01:58,1.97,9.999999999983334,600.0,
6215,4,H8,Anada,3,Cardenal Reig - Av St Ramon Nonat,2685,13:12:08,12.13,10.16666666665,610.0,
6409,5,H8,Anada,3,Cardenal Reig - Av St Ramon Nonat,2685,13:22:46,22.77,10.633333333366666,638.0,19
6075,2,H8,Anada,3,Cardenal Reig - Av St Ramon Nonat,2685,13:32:33,32.55,9.783333333333333,587.0,"13,14"
6411,4,H8,Anada,3,Cardenal Reig - Av St Ramon Nonat,2685,13:41:42,41.7,9.15,549.0,
6407,4,H8,Anada,3,Cardenal Reig - Av St Ramon Nonat,2685,14:00:44,0.73,19.04999999991667,1143.0,"36,37,38"
6036,1,H8,Anada,3,Cardenal Reig - Av St Ramon Nonat,2685,14:04:11,4.18,3.433333333383333,206.0,"18,19"
6100,4,H8,Anada,3,Cardenal Reig - Av St Ramon Nonat,2685,14:12:09,12.15,7.966666666699999,478.0,
6415,4,H8,Anada,3,Cardenal Reig - Av St Ramon Nonat,2685,14:20:06,20.1,7.95,477.0,
6028,4,H8,Anada,3,Cardenal Reig - Av St Ramon Nonat,2685,14:32:02,32.03,11.9333333333,716.0,
6802,4,H8,Anada,3,Cardenal Reig - Av St Ramon Nonat,2685,14:43:43,43.72,11.683333333366667,701.0,
6211,5,H8,Anada,3,Cardenal Reig - Av St Ramon Nonat,2685,14:50:22,50.37,6.649999999966667,399.0,
6800,2,H8,Anada,3,Cardenal Reig - Av St Ramon Nonat,2685,15:06:57,6.95,16.599999999966666,996.0,
6402,5,H8,Anada,3,Cardenal Reig - Av St Ramon Nonat,2685,15:19:11,19.18,12.233333333333333,734.0,
6027,4,H8,Anada,3,Cardenal Reig - Av St Ramon Nonat,2685,15:25:43,25.72,6.516666666733333,391.0,1
6213,5,H8,Anada,3,Cardenal Reig - Av St Ramon Nonat,2685,15:33:42,33.7,7.983333333333333,479.0,1
6034,4,H8,Anada,3,Cardenal Reig - Av St Ramon Nonat,2685,15:47:07,47.12,13.433333333266667,806.0,
6406,5,H8,Anada,3,Cardenal Reig - Av St Ramon Nonat,2685,15:55:23,55.38,8.250000000033333,495.0,
6408,5,H8,Anada,3,Cardenal Reig - Av St Ramon Nonat,2685,16:05:05,5.08,9.716666666633333,583.0,
6215,5,H8,Anada,3,Cardenal Reig - Av St Ramon Nonat,2685,16:14:53,14.88,9.8,588.0,
6409,6,H8,Anada,3,Cardenal Reig - Av St Ramon Nonat,2685,16:25:16,25.27,10.3666666667,622.0,"24,25,26,28,29"
6075,3,H8,Anada,3,Cardenal Reig - Av St Ramon Nonat,2685,16:36:48,36.8,11.533333333366667,692.0,
6411,5,H8,Anada,3,Cardenal Reig - Av St Ramon Nonat,2685,16:45:47,45.78,8.983333333300001,539.0,
6407,5,H8,Anada,3,Cardenal Reig - Av St Ramon Nonat,2685,16:53:58,53.97,8.183333333366667,491.0,
6036,2,H8,Anada,3,Cardenal Reig - Av St Ramon Nonat,2685,17:11:58,11.97,18.0166666666,1081.0,"11,13,14,15,16"
6415,5,H8,Anada,3,Cardenal Reig - Av St Ramon Nonat,2685,17:17:26,17.43,5.466666666666667,328.0,1
6028,5,H8,Anada,3,Cardenal Reig - Av St Ramon Nonat,2685,17:30:11,30.18,12.7333333334,764.0,
6802,5,H8,Anada,3,Cardenal Reig - Av St Ramon Nonat,2685,17:41:45,41.75,11.583333333266667,695.0,
6211,6,H8,Anada,3,Cardenal Reig - Av St Ramon Nonat,2685,17:51:52,51.87,10.116666666666667,607.0,
6217,4,H8,Anada,3,Cardenal Reig - Av St Ramon Nonat,2685,18:03:53,3.88,12.000000000033333,720.0,
6800,3,H8,Anada,3,Cardenal Reig - Av St Ramon Nonat,2685,18:08:39,8.65,4.783333333300001,287.0,
6402,6,H8,Anada,3,Cardenal Reig - Av St Ramon Nonat,2685,18:19:42,19.7,11.033333333366667,662.0,
6213,6,H8,Anada,3,Cardenal Reig - Av St Ramon Nonat,2685,18:30:40,30.67,10.983333333316667,659.0,
6034,5,H8,Anada,3,Cardenal Reig - Av St Ramon Nonat,2685,18:41:08,41.13,10.466666666650001,628.0,9
6406,6,H8,Anada,3,Cardenal Reig - Av St Ramon Nonat,2685,18:49:59,49.98,8.833333333366665,530.0,
6408,6,H8,Anada,3,Cardenal Reig - Av St Ramon Nonat,2685,19:00:11,0.18,10.200000000033333,612.0,
6215,6,H8,Anada,3,Cardenal Reig - Av St Ramon Nonat,2685,19:08:15,8.25,8.083333333266667,485.0,
6409,8,H8,Anada,3,Cardenal Reig - Av St Ramon Nonat,2685,19:18:44,18.73,10.4666666667,628.0,"16,17"
6075,4,H8,Anada,3,Cardenal Reig - Av St Ramon Nonat,2685,19:28:30,28.5,9.766666666666667,586.0,36
6036,3,H8,Anada,3,Cardenal Reig - Av St Ramon Nonat,2685,19:48:03,48.05,19.550000000033332,1173.0,
6117,1,H8,Anada,3,Cardenal Reig - Av St Ramon Nonat,2685,20:00:27,0.45,12.416666666600001,745.0,
6415,6,H8,Anada,3,Cardenal Reig - Av St Ramon Nonat,2685,20:07:49,7.82,7.350000000066667,441.0,
6211,7,H8,Anada,3,Cardenal Reig - Av St Ramon Nonat,2685,20:28:02,28.03,20.216666666633333,1213.0,
6217,5,H8,Anada,3,Cardenal Reig - Av St Ramon Nonat,2685,20:43:44,43.73,15.7,942.0,
6402,7,H8,Anada,3,Cardenal Reig - Av St Ramon Nonat,2685,20:58:12,58.2,14.466666666666667,868.0,
6034,6,H8,Anada,3,Cardenal Reig - Av St Ramon Nonat,2685,21:14:42,14.7,16.5,990.0,32
6408,7,H8,Anada,3,Cardenal Reig - Av St Ramon Nonat,2685,21:28:35,28.58,13.883333333333333,833.0,"19,21,22,23"
6402,1,H8,Anada,4,Travessera de les Corts - Comte de Güell,3649,03:41:03,41.05,,,1
6213,1,H8,Anada,4,Travessera de les Corts - Comte de Güell,3649,03:51:23,51.38,10.3333333333,620.0,
6406,1,H8,Anada,4,Travessera de les Corts - Comte de Güell,3649,04:02:24,2.4,11.016666666666667,661.0,
6110,1,H8,Anada,4,Travessera de les Corts - Comte de Güell,3649,04:14:39,14.65,12.25,735.0,1
6408,1,H8,Anada,4,Travessera de les Corts - Comte de Güell,3649,04:19:15,19.25,4.616666666633334,277.0,
6215,1,H8,Anada,4,Travessera de les Corts - Comte de Güell,3649,04:28:29,28.48,9.2166666667,553.0,
6409,2,H8,Anada,4,Travessera de les Corts - Comte de Güell,3649,04:37:49,37.82,9.333333333333334,560.0,"9,17,18"
6217,1,H8,Anada,4,Travessera de les Corts - Comte de Güell,3649,04:46:43,46.72,8.9,534.0,1
6411,1,H8,Anada,4,Travessera de les Corts - Comte de Güell,3649,04:55:06,55.1,8.399999999966667,504.0,
6407,1,H8,Anada,4,Travessera de les Corts - Comte de Güell,3649,05:02:54,2.9,7.7833333333666666,467.0,
6204,1,H8,Anada,4,Travessera de les Corts - Comte de Güell,3649,05:11:50,11.83,8.933333333333334,536.0,
6100,1,H8,Anada,4,Travessera de les Corts - Comte de Güell,3649,05:17:07,17.12,5.2833333333666666,317.0,
6415,1,H8,Anada,4,Travessera de les Corts - Comte de Güell,3649,05:26:47,26.78,9.666666666633335,580.0,
6028,1,H8,Anada,4,Travessera de les Corts - Comte de Güell,3649,05:38:08,38.13,11.350000000033333,681.0,
6802,1,H8,Anada,4,Travessera de les Corts - Comte de Güell,3649,05:46:19,46.32,8.1833333333,491.0,
6209,2,H8,Anada,4,Travessera de les Corts - Comte de Güell,3649,05:57:34,57.57,11.25,675.0,
6211,2,H8,Anada,4,Travessera de les Corts - Comte de Güell,3649,06:05:36,5.6,8.033333333333333,482.0,
6401,1,H8,Anada,4,Travessera de les Corts - Comte de Güell,3649,06:14:09,14.15,8.55,513.0,9
6402,2,H8,Anada,4,Travessera de les Corts - Comte de Güell,3649,06:21:27,21.45,7.3,438.0,
6027,1,H8,Anada,4,Travessera de les Corts - Comte de Güell,3649,06:29:22,29.37,7.9333333333,476.0,
6213,2,H8,Anada,4,Travessera de les Corts - Comte de Güell,3649,06:37:34,37.57,8.183333333366667,491.0,
6034,1,H8,Anada,4,Travessera de les Corts - Comte de Güell,3649,06:45:12,45.2,7.633333333366666,458.0,36
6406,2,H8,Anada,4,Travessera de les Corts - Comte de Güell,3649,06:56:37,56.62,11.433333333266667,686.0,33
6110,2,H8,Anada,4,Travessera de les Corts - Comte de Güell,3649,07:05:57,5.95,9.3166666667,559.0,
6408,2,H8,Anada,4,Travessera de les Corts - Comte de Güell,3649,07:12:25,12.42,6.466666666699999,388.0,9
6215,2,H8,Anada,4,Travessera de les Corts - Comte de Güell,3649,07:22:04,22.07,9.666666666600001,580.0,
6409,3,H8,Anada,4,Travessera de les Corts - Comte de Güell,3649,07:31:33,31.55,9.466666666733333,568.0,
6217,2,H8,Anada,4,Travessera de les Corts - Comte de Güell,3649,07:41:10,41.17,9.633333333266668,578.0,
6411,2,H8,Anada,4,Travessera de les Corts - Comte de Güell,3649,07:51:53,51.88,10.716666666666667,643.0,
6407,2,H8,Anada,4,Travessera de les Corts - Comte de Güell,3649,08:00:22,0.37,8.466666666733333,508.0,
6204,2,H8,Anada,4,Travessera de les Corts - Comte de Güell,3649,08:10:37,10.62,10.25,615.0,
6415,2,H8,Anada,4,Travessera de les Corts - Comte de Güell,3649,08:20:45,20.75,9.19999999995,552.0,
6028,2,H8,Anada,4,Travessera de les Corts - Comte de Güell,3649,08:37:04,37.07,16.31666666665,979.0,
6802,2,H8,Anada,4,Travessera de les Corts - Comte de Güell,3649,08:45:14,45.23,8.150000000066667,489.0,
6209,3,H8,Anada,4,Travessera de les Corts - Comte de Güell,3649,08:56:25,56.42,11.183333333333334,671.0,
6211,3,H8,Anada,4,Travessera de les Corts - Comte de Güell,3649,09:05:49,5.82,9.399999999983333,564.0,
6402,3,H8,Anada,4,Travessera de les Corts - Comte de Güell,3649,09:18:40,18.67,12.866666666616668,772.0,1
6027,2,H8,Anada,4,Travessera de les Corts - Comte de Güell,3649,09:25:09,25.15,6.4666666667333335,388.0,1
6213,3,H8,Anada,4,Travessera de les Corts - Comte de Güell,3649,09:39:24,39.4,14.2666666666,856.0,
6034,2,H8,Anada,4,Travessera de les Corts - Comte de Güell,3649,09:51:04,51.07,11.650000000033334,699.0,
6406,3,H8,Anada,4,Travessera de les Corts - Comte de Güell,3649,10:01:56,1.93,10.8666666667,652.0,
6408,3,H8,Anada,4,Travessera de les Corts - Comte de Güell,3649,10:09:48,9.8,7.866666666666666,472.0,
6215,3,H8,Anada,4,Travessera de les Corts - Comte de Güell,3649,10:18:06,18.1,8.3166666666,499.0,9
6409,4,H8,Anada,4,Travessera de les Corts - Comte de Güell,3649,10:28:55,28.92,10.800000000066666,648.0,
6411,3,H8,Anada,4,Travessera de les Corts - Comte de Güell,3649,10:44:45,44.75,15.849999999933335,951.0,1
6407,3,H8,Anada,4,Travessera de les Corts - Comte de Güell,3649,10:58:51,58.85,14.1,846.0,
6100,3,H8,Anada,4,Travessera de les Corts - Comte de Güell,3649,11:09:40,9.67,10.816666666666666,649.0,
6415,3,H8,Anada,4,Travessera de les Corts - Comte de Güell,3649,11:23:32,23.53,13.850000000066666,831.0,
6028,3,H8,Anada,4,Travessera de les Corts - Comte de Güell,3649,11:34:45,34.75,11.216666666633333,673.0,
6802,3,H8,Anada,4,Travessera de les Corts - Comte de Güell,3649,11:44:27,44.45,9.700000000033333,582.0,
6209,4,H8,Anada,4,Travessera de les Corts - Comte de Güell,3649,11:55:04,55.07,10.616666666633334,637.0,
6211,4,H8,Anada,4,Travessera de les Corts - Comte de Güell,3649,12:03:26,3.43,8.3666666667,502.0,
6800,1,H8,Anada,4,Travessera de les Corts - Comte de Güell,3649,12:11:30,11.5,8.066666666666666,484.0,
6402,4,H8,Anada,4,Travessera de les Corts - Comte de Güell,3649,12:20:52,20.87,9.383333333266668,563.0,
6027,3,H8,Anada,4,Travessera de les Corts - Comte de Güell,3649,12:28:59,28.98,8.116666666666667,487.0,
6213,4,H8,Anada,4,Travessera de les Corts - Comte de Güell,3649,12:39:56,39.93,10.95,657.0,"11,12,14,26"
6034,3,H8,Anada,4,Travessera de les Corts - Comte de Güell,3649,12:48:48,48.8,8.850000000066666,531.0,"26,31"
6406,4,H8,Anada,4,Travessera de les Corts - Comte de Güell,3649,12:53:34,53.57,4.7833333332666665,287.0,
6408,4,H8,Anada,4,Travessera de les Corts - Comte de Güell,3649,13:03:58,3.97,10.383333333383332,623.0,
6215,4,H8,Anada,4,Travessera de les Corts - Comte de Güell,3649,13:15:33,15.55,11.58333333335,695.0,
6409,5,H8,Anada,4,Travessera de les Corts - Comte de Güell,3649,13:25:02,25.03,9.483333333300001,569.0,19
6075,2,H8,Anada,4,Travessera de les Corts - Comte de Güell,3649,13:36:10,36.17,11.133333333333333,668.0,"13,14"
6411,4,H8,Anada,4,Travessera de les Corts - Comte de Güell,3649,13:44:27,44.45,8.283333333366667,497.0,
6407,4,H8,Anada,4,Travessera de les Corts - Comte de Güell,3649,14:03:39,3.65,19.2,1152.0,"36,37,38"
6036,1,H8,Anada,4,Travessera de les Corts - Comte de Güell,3649,14:07:00,7.0,3.3499999999833334,201.0,"18,19"
6100,4,H8,Anada,4,Travessera de les Corts - Comte de Güell,3649,14:16:23,16.38,9.38333333335,563.0,
6415,4,H8,Anada,4,Travessera de les Corts - Comte de Güell,3649,14:22:17,22.28,5.899999999966667,354.0,
6028,4,H8,Anada,4,Travessera de les Corts - Comte de Güell,3649,14:35:49,35.82,13.533333333366667,812.0,
6802,4,H8,Anada,4,Travessera de les Corts - Comte de Güell,3649,14:46:55,46.92,11.1,666.0,
6211,5,H8,Anada,4,Travessera de les Corts - Comte de Güell,3649,14:52:24,52.4,5.483333333333333,329.0,
6800,2,H8,Anada,4,Travessera de les Corts - Comte de Güell,3649,15:10:46,10.77,18.383333333266666,1103.0,
6402,5,H8,Anada,4,Travessera de les Corts - Comte de Güell,3649,15:22:11,22.18,11.400000000033334,684.0,
6027,4,H8,Anada,4,Travessera de les Corts - Comte de Güell,3649,15:28:36,28.6,6.416666666666667,385.0,1
6213,5,H8,Anada,4,Travessera de les Corts - Comte de Güell,3649,15:36:35,36.58,7.983333333333333,479.0,1
6034,4,H8,Anada,4,Travessera de les Corts - Comte de Güell,3649,15:50:48,50.8,14.2166666667,853.0,
6406,5,H8,Anada,4,Travessera de les Corts - Comte de Güell,3649,15:59:02,59.03,8.233333333300001,494.0,
6408,5,H8,Anada,4,Travessera de les Corts - Comte de Güell,3649,16:07:23,7.38,8.350000000033333,501.0,
6215,5,H8,Anada,4,Travessera de les Corts - Comte de Güell,3649,16:18:09,18.15,10.766666666633334,646.0,
6409,6,H8,Anada,4,Travessera de les Corts - Comte de Güell,3649,16:27:36,27.6,9.450000000033333,567.0,"24,25,26,28,29"
6075,3,H8,Anada,4,Travessera de les Corts - Comte de Güell,3649,16:40:09,40.15,12.55,753.0,
6411,5,H8,Anada,4,Travessera de les Corts - Comte de Güell,3649,16:47:57,47.95,7.8166666666,469.0,
6407,5,H8,Anada,4,Travessera de les Corts - Comte de Güell,3649,16:57:45,57.75,9.8,588.0,
6036,2,H8,Anada,4,Travessera de les Corts - Comte de Güell,3649,17:14:39,14.65,16.883333333366668,1013.0,"11,13,14,15,16"
6415,5,H8,Anada,4,Travessera de les Corts - Comte de Güell,3649,17:20:06,20.1,5.450000000033333,327.0,1
6028,5,H8,Anada,4,Travessera de les Corts - Comte de Güell,3649,17:33:07,33.12,13.016666666633334,781.0,
6802,5,H8,Anada,4,Travessera de les Corts - Comte de Güell,3649,17:44:28,44.47,11.366666666633334,682.0,
6211,6,H8,Anada,4,Travessera de les Corts - Comte de Güell,3649,17:55:14,55.23,10.750000000066667,645.0,
6217,4,H8,Anada,4,Travessera de les Corts - Comte de Güell,3649,18:06:45,6.75,11.516666666633334,691.0,
6800,3,H8,Anada,4,Travessera de les Corts - Comte de Güell,3649,18:11:25,11.42,4.6833333333,281.0,
6402,6,H8,Anada,4,Travessera de les Corts - Comte de Güell,3649,18:22:48,22.8,11.383333333333333,683.0,
6213,6,H8,Anada,4,Travessera de les Corts - Comte de Güell,3649,18:33:55,33.92,11.100000000033333,666.0,
6034,5,H8,Anada,4,Travessera de les Corts - Comte de Güell,3649,18:43:10,43.17,9.250000000033333,555.0,9
6406,6,H8,Anada,4,Travessera de les Corts - Comte de Güell,3649,18:52:54,52.9,9.733333333333333,584.0,
6408,6,H8,Anada,4,Travessera de les Corts - Comte de Güell,3649,19:01:41,1.68,8.799999999933334,528.0,
6215,6,H8,Anada,4,Travessera de les Corts - Comte de Güell,3649,19:12:12,12.2,10.51666666665,631.0,
6409,8,H8,Anada,4,Travessera de les Corts - Comte de Güell,3649,19:21:56,21.93,9.716666666716666,583.0,"16,17"
6075,4,H8,Anada,4,Travessera de les Corts - Comte de Güell,3649,19:30:10,30.17,8.233333333366666,494.0,36
6036,3,H8,Anada,4,Travessera de les Corts - Comte de Güell,3649,19:50:46,50.77,20.599999999983332,1236.0,
6117,1,H8,Anada,4,Travessera de les Corts - Comte de Güell,3649,20:02:22,2.37,11.616666666616668,697.0,
6415,6,H8,Anada,4,Travessera de les Corts - Comte de Güell,3649,20:11:08,11.13,8.750000000033333,525.0,
6211,7,H8,Anada,4,Travessera de les Corts - Comte de Güell,3649,20:32:15,32.25,21.1333333333,1268.0,
6217,5,H8,Anada,4,Travessera de les Corts - Comte de Güell,3649,20:45:52,45.87,13.600000000066666,816.0,
6402,7,H8,Anada,4,Travessera de les Corts - Comte de Güell,3649,21:00:22,0.37,14.5166666666,871.0,
6034,6,H8,Anada,4,Travessera de les Corts - Comte de Güell,3649,21:17:51,17.85,17.46666666673333,1048.0,32
6408,7,H8,Anada,4,Travessera de les Corts - Comte de Güell,3649,21:31:41,31.68,13.849999999933335,831.0,"19,21,22,23"
6402,1,H8,Anada,5,Les Corts - Benavent,3747,03:42:06,42.1,,,1
6213,1,H8,Anada,5,Les Corts - Benavent,3747,03:52:36,52.6,10.5,630.0,
6406,1,H8,Anada,5,Les Corts - Benavent,3747,04:03:39,3.65,11.033333333366667,662.0,
6110,1,H8,Anada,5,Les Corts - Benavent,3747,04:15:42,15.7,12.050000000033332,723.0,1
6408,1,H8,Anada,5,Les Corts - Benavent,3747,04:20:28,20.47,4.7833333332666665,287.0,
6215,1,H8,Anada,5,Les Corts - Benavent,3747,04:29:05,29.08,8.600000000033333,516.0,
6409,2,H8,Anada,5,Les Corts - Benavent,3747,04:39:11,39.18,10.116666666633334,607.0,"9,17,18"
6217,1,H8,Anada,5,Les Corts - Benavent,3747,04:49:13,49.22,10.016666666733332,601.0,1
6411,1,H8,Anada,5,Les Corts - Benavent,3747,04:56:44,56.73,7.516666666666667,451.0,
6407,1,H8,Anada,5,Les Corts - Benavent,3747,05:05:12,5.2,8.466666666666667,508.0,
6204,1,H8,Anada,5,Les Corts - Benavent,3747,05:13:18,13.3,8.1,486.0,
6100,1,H8,Anada,5,Les Corts - Benavent,3747,05:19:52,19.87,6.566666666666666,394.0,
6415,1,H8,Anada,5,Les Corts - Benavent,3747,05:29:31,29.52,9.649999999966667,579.0,
6028,1,H8,Anada,5,Les Corts - Benavent,3747,05:40:53,40.88,11.3666666667,682.0,
6802,1,H8,Anada,5,Les Corts - Benavent,3747,05:49:01,49.02,8.1333333333,488.0,
6209,2,H8,Anada,5,Les Corts - Benavent,3747,05:59:48,59.8,10.783333333333333,647.0,
6211,2,H8,Anada,5,Les Corts - Benavent,3747,06:07:28,7.47,7.6833333333,461.0,
6401,1,H8,Anada,5,Les Corts - Benavent,3747,06:16:18,16.3,8.816666666733333,529.0,9
6402,2,H8,Anada,5,Les Corts - Benavent,3747,06:23:44,23.73,7.4333333333,446.0,
6027,1,H8,Anada,5,Les Corts - Benavent,3747,06:31:51,31.85,8.116666666666667,487.0,
6213,2,H8,Anada,5,Les Corts - Benavent,3747,06:39:58,39.97,8.1166666667,487.0,
6034,1,H8,Anada,5,Les Corts - Benavent,3747,06:48:12,48.2,8.249999999933333,495.0,36
6406,2,H8,Anada,5,Les Corts - Benavent,3747,06:59:12,59.2,10.983333333366666,659.0,33
6110,2,H8,Anada,5,Les Corts - Benavent,3747,07:07:16,7.27,8.0833333333,485.0,
6408,2,H8,Anada,5,Les Corts - Benavent,3747,07:15:15,15.25,7.966666666699999,478.0,9
6215,2,H8,Anada,5,Les Corts - Benavent,3747,07:25:04,25.07,9.8166666667,589.0,
6409,3,H8,Anada,5,Les Corts - Benavent,3747,07:34:21,34.35,9.283333333333333,557.0,
6217,2,H8,Anada,5,Les Corts - Benavent,3747,07:44:24,44.4,10.05,603.0,
6411,2,H8,Anada,5,Les Corts - Benavent,3747,07:53:23,53.38,8.983333333300001,539.0,
6407,2,H8,Anada,5,Les Corts - Benavent,3747,08:01:57,1.95,8.566666666666666,514.0,
6100,2,H8,Anada,5,Les Corts - Benavent,3747,08:13:26,13.43,11.483333333333333,689.0,"1,2,3"
6415,2,H8,Anada,5,Les Corts - Benavent,3747,08:23:39,23.65,9.733333333333333,584.0,
6028,2,H8,Anada,5,Les Corts - Benavent,3747,08:39:57,39.95,16.299999999966666,978.0,
6802,2,H8,Anada,5,Les Corts - Benavent,3747,08:47:50,47.83,7.899999999966667,474.0,
6209,3,H8,Anada,5,Les Corts - Benavent,3747,08:58:49,58.82,10.966666666733333,658.0,
6211,3,H8,Anada,5,Les Corts - Benavent,3747,09:08:31,8.52,9.699999999966668,582.0,
6402,3,H8,Anada,5,Les Corts - Benavent,3747,09:21:36,21.6,13.083333333333334,785.0,1
6027,2,H8,Anada,5,Les Corts - Benavent,3747,09:27:27,27.45,5.850000000033333,351.0,1
6213,3,H8,Anada,5,Les Corts - Benavent,3747,09:42:24,42.4,14.95,897.0,
6034,2,H8,Anada,5,Les Corts - Benavent,3747,09:52:55,52.92,10.516666666666667,631.0,
6406,3,H8,Anada,5,Les Corts - Benavent,3747,10:03:49,3.82,10.9,654.0,
6408,3,H8,Anada,5,Les Corts - Benavent,3747,10:12:25,12.42,8.6,516.0,
6215,3,H8,Anada,5,Les Corts - Benavent,3747,10:20:14,20.23,7.833333333266666,470.0,9
6409,4,H8,Anada,5,Les Corts - Benavent,3747,10:31:28,31.47,11.216666666733333,673.0,
6411,3,H8,Anada,5,Les Corts - Benavent,3747,10:47:22,47.37,15.916666666600001,955.0,1
6407,3,H8,Anada,5,Les Corts - Benavent,3747,11:01:44,1.73,14.350000000066666,861.0,
6100,3,H8,Anada,5,Les Corts - Benavent,3747,11:11:23,11.38,9.666666666600001,580.0,
6415,3,H8,Anada,5,Les Corts - Benavent,3747,11:26:06,26.1,14.716666666666667,883.0,
6028,3,H8,Anada,5,Les Corts - Benavent,3747,11:37:24,37.4,11.283333333366667,677.0,
6802,3,H8,Anada,5,Les Corts - Benavent,3747,11:47:00,47.0,9.616666666633334,577.0,
6209,4,H8,Anada,5,Les Corts - Benavent,3747,11:58:16,58.27,11.250000000066667,675.0,
6211,4,H8,Anada,5,Les Corts - Benavent,3747,12:06:22,6.37,8.099999999966666,486.0,
6800,1,H8,Anada,5,Les Corts - Benavent,3747,12:14:21,14.35,7.983333333366667,479.0,
6402,4,H8,Anada,5,Les Corts - Benavent,3747,12:23:44,23.73,9.383333333333333,563.0,
6027,3,H8,Anada,5,Les Corts - Benavent,3747,12:31:11,31.18,7.45,447.0,
6213,4,H8,Anada,5,Les Corts - Benavent,3747,12:40:35,40.58,9.4,564.0,"11,12,14,26"
6034,3,H8,Anada,5,Les Corts - Benavent,3747,12:50:24,50.4,9.816666666633333,589.0,"26,31"
6406,4,H8,Anada,5,Les Corts - Benavent,3747,12:55:12,55.2,4.816666666633334,289.0,
6408,4,H8,Anada,5,Les Corts - Benavent,3747,13:06:39,6.65,11.433333333399998,686.0,
6215,4,H8,Anada,5,Les Corts - Benavent,3747,13:18:28,18.47,11.833333333266667,710.0,
6409,5,H8,Anada,5,Les Corts - Benavent,3747,13:27:56,27.93,9.450000000066666,567.0,19
6075,2,H8,Anada,5,Les Corts - Benavent,3747,13:38:25,38.42,10.483333333300001,629.0,"13,14"
6411,4,H8,Anada,5,Les Corts - Benavent,3747,13:46:28,46.47,8.050000000033332,483.0,
6407,4,H8,Anada,5,Les Corts - Benavent,3747,14:06:12,6.2,19.749999999933333,1185.0,"36,37,38"
6036,1,H8,Anada,5,Les Corts - Benavent,3747,14:09:38,9.63,3.416666666733333,205.0,"18,19"
6100,4,H8,Anada,5,Les Corts - Benavent,3747,14:18:56,18.93,9.316666666600002,559.0,
6415,4,H8,Anada,5,Les Corts - Benavent,3747,14:23:32,23.53,4.583333333400001,275.0,
6028,4,H8,Anada,5,Les Corts - Benavent,3747,14:38:21,38.35,14.833333333266667,890.0,
6802,4,H8,Anada,5,Les Corts - Benavent,3747,14:49:46,49.77,11.400000000033334,684.0,
6211,5,H8,Anada,5,Les Corts - Benavent,3747,14:54:19,54.32,4.566666666633334,274.0,
6800,2,H8,Anada,5,Les Corts - Benavent,3747,15:13:43,13.72,19.383333333366668,1163.0,
6402,5,H8,Anada,5,Les Corts - Benavent,3747,15:24:35,24.58,10.883333333283334,653.0,
6027,4,H8,Anada,5,Les Corts - Benavent,3747,15:30:59,30.98,6.400000000016666,384.0,1
6213,5,H8,Anada,5,Les Corts - Benavent,3747,15:39:11,39.18,8.183333333366667,491.0,1
6034,4,H8,Anada,5,Les Corts - Benavent,3747,15:53:08,53.13,13.95,837.0,
6406,5,H8,Anada,5,Les Corts - Benavent,3747,16:01:11,1.18,8.050000000033332,483.0,
6408,5,H8,Anada,5,Les Corts - Benavent,3747,16:08:55,8.92,7.7333333333,464.0,
6215,5,H8,Anada,5,Les Corts - Benavent,3747,16:20:35,20.58,11.6666666667,700.0,
6409,6,H8,Anada,5,Les Corts - Benavent,3747,16:30:10,30.17,9.5833333333,575.0,"24,25,26,28,29"
6075,3,H8,Anada,5,Les Corts - Benavent,3747,16:41:17,41.28,11.1166666667,667.0,
6411,5,H8,Anada,5,Les Corts - Benavent,3747,16:51:27,51.45,10.166666666666666,610.0,
6407,5,H8,Anada,5,Les Corts - Benavent,3747,17:00:47,0.78,9.333333333333334,560.0,
6036,2,H8,Anada,5,Les Corts - Benavent,3747,17:16:42,16.7,15.916666666633335,955.0,"11,13,14,15,16"
6415,5,H8,Anada,5,Les Corts - Benavent,3747,17:23:03,23.05,6.35,381.0,1
6028,5,H8,Anada,5,Les Corts - Benavent,3747,17:35:22,35.37,12.3166666667,739.0,
6802,5,H8,Anada,5,Les Corts - Benavent,3747,17:47:03,47.05,11.683333333333334,701.0,
6211,6,H8,Anada,5,Les Corts - Benavent,3747,17:57:56,57.93,10.899999999933334,654.0,
6217,4,H8,Anada,5,Les Corts - Benavent,3747,18:09:20,9.33,11.4,684.0,
6800,3,H8,Anada,5,Les Corts - Benavent,3747,18:14:04,14.07,4.716666666699999,283.0,
6402,6,H8,Anada,5,Les Corts - Benavent,3747,18:25:28,25.47,11.400000000033334,684.0,
6213,6,H8,Anada,5,Les Corts - Benavent,3747,18:35:25,35.42,9.95,597.0,
6034,5,H8,Anada,5,Les Corts - Benavent,3747,18:46:13,46.22,10.816666666600002,649.0,9
6406,6,H8,Anada,5,Les Corts - Benavent,3747,18:55:27,55.45,9.233333333333333,554.0,
6408,6,H8,Anada,5,Les Corts - Benavent,3747,19:04:00,4.0,8.533333333366667,512.0,
6215,6,H8,Anada,5,Les Corts - Benavent,3747,19:14:59,14.98,10.999999999966667,660.0,
6409,8,H8,Anada,5,Les Corts - Benavent,3747,19:24:32,24.53,9.5333333334,572.0,"16,17"
6075,4,H8,Anada,5,Les Corts - Benavent,3747,19:31:55,31.92,7.399999999933333,444.0,36
6036,3,H8,Anada,5,Les Corts - Benavent,3747,19:52:31,52.52,20.583333333366667,1235.0,
6117,1,H8,Anada,5,Les Corts - Benavent,3747,20:04:00,4.0,11.499999999966667,690.0,
6415,6,H8,Anada,5,Les Corts - Benavent,3747,20:11:50,11.83,7.833333333333333,470.0,
6211,7,H8,Anada,5,Les Corts - Benavent,3747,20:34:24,34.4,22.566666666666666,1354.0,
6217,5,H8,Anada,5,Les Corts - Benavent,3747,20:47:33,47.55,13.15,789.0,
6402,7,H8,Anada,5,Les Corts - Benavent,3747,21:01:42,1.7,14.133333333366666,848.0,
6034,6,H8,Anada,5,Les Corts - Benavent,3747,21:18:47,18.78,17.083333333333332,1025.0,32
6408,7,H8,Anada,5,Les Corts - Benavent,3747,21:33:52,33.87,15.099999999966666,906.0,"19,21,22,23"
6402,1,H8,Anada,6,Les Corts - Maternitat,482,03:43:35,43.58,,,1
6213,1,H8,Anada,6,Les Corts - Maternitat,482,03:53:03,53.05,9.450000000033333,567.0,
6406,1,H8,Anada,6,Les Corts - Maternitat,482,04:04:55,4.92,11.866666666666667,712.0,
6110,1,H8,Anada,6,Les Corts - Maternitat,482,04:17:18,17.3,12.399999999950001,744.0,1
6408,1,H8,Anada,6,Les Corts - Maternitat,482,04:21:31,21.52,4.2000000000833335,252.0,
6215,1,H8,Anada,6,Les Corts - Maternitat,482,04:30:35,30.58,9.083333333266667,545.0,
6409,2,H8,Anada,6,Les Corts - Maternitat,482,04:40:39,40.65,10.050000000066666,603.0,"9,17,18"
6217,1,H8,Anada,6,Les Corts - Maternitat,482,04:50:06,50.1,9.45,567.0,1
6411,1,H8,Anada,6,Les Corts - Maternitat,482,04:57:24,57.4,7.299999999966667,438.0,
6407,1,H8,Anada,6,Les Corts - Maternitat,482,05:06:50,6.83,9.433333333366667,566.0,
6204,1,H8,Anada,6,Les Corts - Maternitat,482,05:14:20,14.33,7.5,450.0,
6100,1,H8,Anada,6,Les Corts - Maternitat,482,05:21:04,21.07,6.749999999933333,405.0,
6415,1,H8,Anada,6,Les Corts - Maternitat,482,05:30:33,30.55,9.483333333333333,569.0,
6028,1,H8,Anada,6,Les Corts - Maternitat,482,05:42:14,42.23,11.683333333333334,701.0,
6802,1,H8,Anada,6,Les Corts - Maternitat,482,05:49:43,49.72,7.4666666667333335,448.0,
6209,2,H8,Anada,6,Les Corts - Maternitat,482,06:01:13,1.22,11.5,690.0,
6211,2,H8,Anada,6,Les Corts - Maternitat,482,06:08:57,8.95,7.749999999933333,465.0,
6401,1,H8,Anada,6,Les Corts - Maternitat,482,06:17:18,17.3,8.35,501.0,9
6402,2,H8,Anada,6,Les Corts - Maternitat,482,06:25:05,25.08,7.7666666667,466.0,
6027,1,H8,Anada,6,Les Corts - Maternitat,482,06:33:02,33.03,7.950000000033333,477.0,
6213,2,H8,Anada,6,Les Corts - Maternitat,482,06:41:42,41.7,8.666666666633335,520.0,
6034,1,H8,Anada,6,Les Corts - Maternitat,482,06:49:20,49.33,7.649999999966667,459.0,36
6406,2,H8,Anada,6,Les Corts - Maternitat,482,07:00:32,0.53,11.183333333399998,671.0,33
6110,2,H8,Anada,6,Les Corts - Maternitat,482,07:08:22,8.37,7.833333333300001,470.0,
6408,2,H8,Anada,6,Les Corts - Maternitat,482,07:16:20,16.33,7.983333333316667,479.0,9
6215,2,H8,Anada,6,Les Corts - Maternitat,482,07:25:42,25.7,9.350000000016667,561.0,
6409,3,H8,Anada,6,Les Corts - Maternitat,482,07:35:19,35.32,9.616666666666667,577.0,
6217,2,H8,Anada,6,Les Corts - Maternitat,482,07:44:51,44.85,9.533333333366667,572.0,
6411,2,H8,Anada,6,Les Corts - Maternitat,482,07:54:45,54.75,9.916666666600001,595.0,
6407,2,H8,Anada,6,Les Corts - Maternitat,482,08:04:38,4.63,9.883333333333333,593.0,
6100,2,H8,Anada,6,Les Corts - Maternitat,482,08:14:45,14.75,10.116666666666667,607.0,"1,2,3"
6415,2,H8,Anada,6,Les Corts - Maternitat,482,08:25:18,25.3,9.9,594.0,
6028,2,H8,Anada,6,Les Corts - Maternitat,482,08:41:03,41.05,15.75,945.0,
6802,2,H8,Anada,6,Les Corts - Maternitat,482,08:48:59,48.98,7.949999999966667,477.0,
6209,3,H8,Anada,6,Les Corts - Maternitat,482,09:00:07,0.12,11.116666666733332,667.0,
6211,3,H8,Anada,6,Les Corts - Maternitat,482,09:10:14,10.23,10.116666666633334,607.0,
6402,3,H8,Anada,6,Les Corts - Maternitat,482,09:22:35,22.58,12.350000000033333,741.0,1
6027,2,H8,Anada,6,Les Corts - Maternitat,482,09:29:03,29.05,6.483333333266667,389.0,1
6213,3,H8,Anada,6,Les Corts - Maternitat,482,09:43:30,43.5,14.433333333399998,866.0,
6034,2,H8,Anada,6,Les Corts - Maternitat,482,09:53:24,53.4,9.9,594.0,
6406,3,H8,Anada,6,Les Corts - Maternitat,482,10:05:38,5.63,12.249999999933333,735.0,
6408,3,H8,Anada,6,Les Corts - Maternitat,482,10:13:37,13.62,7.983333333333333,479.0,
6215,3,H8,Anada,6,Les Corts - Maternitat,482,10:20:25,20.42,6.7833333334,407.0,9
6409,4,H8,Anada,6,Les Corts - Maternitat,482,10:33:15,33.25,12.849999999933335,771.0,
6411,3,H8,Anada,6,Les Corts - Maternitat,482,10:48:39,48.65,15.383333333366666,923.0,1
6407,3,H8,Anada,6,Les Corts - Maternitat,482,11:03:30,3.5,14.85,891.0,
6100,3,H8,Anada,6,Les Corts - Maternitat,482,11:13:28,13.47,9.9666666667,598.0,
6415,3,H8,Anada,6,Les Corts - Maternitat,482,11:27:24,27.4,13.949999999933334,837.0,
6028,3,H8,Anada,6,Les Corts - Maternitat,482,11:39:03,39.05,11.633333333366666,698.0,
6802,3,H8,Anada,6,Les Corts - Maternitat,482,11:48:26,48.43,9.383333333333333,563.0,
6209,4,H8,Anada,6,Les Corts - Maternitat,482,11:59:31,59.52,11.099999999983334,666.0,
6211,4,H8,Anada,6,Les Corts - Maternitat,482,12:07:44,7.73,8.20000000005,492.0,
6800,1,H8,Anada,6,Les Corts - Maternitat,482,12:15:29,15.48,7.749999999966667,465.0,
6402,4,H8,Anada,6,Les Corts - Maternitat,482,12:25:13,25.22,9.733333333333333,584.0,
6027,3,H8,Anada,6,Les Corts - Maternitat,482,12:32:53,32.88,7.666666666699999,460.0,
6213,4,H8,Anada,6,Les Corts - Maternitat,482,12:41:53,41.88,9.0166666666,541.0,"11,12,14,26"
6034,3,H8,Anada,6,Les Corts - Maternitat,482,12:50:27,50.45,8.566666666666666,514.0,"26,31"
6406,4,H8,Anada,6,Les Corts - Maternitat,482,12:56:30,56.5,6.05,363.0,
6408,4,H8,Anada,6,Les Corts - Maternitat,482,13:08:33,8.55,12.033333333366667,722.0,
6215,4,H8,Anada,6,Les Corts - Maternitat,482,13:19:33,19.55,11.0,660.0,
6409,5,H8,Anada,6,Les Corts - Maternitat,482,13:29:14,29.23,9.699999999966668,582.0,19
6075,2,H8,Anada,6,Les Corts - Maternitat,482,13:39:34,39.57,10.333333333316666,620.0,"13,14"
6411,4,H8,Anada,6,Les Corts - Maternitat,482,13:47:01,47.02,7.433333333416667,446.0,
6407,4,H8,Anada,6,Les Corts - Maternitat,482,14:07:26,7.43,20.416666666633333,1225.0,"36,37,38"
6036,1,H8,Anada,6,Les Corts - Maternitat,482,14:10:35,10.58,3.15,189.0,"18,19"
6100,4,H8,Anada,6,Les Corts - Maternitat,482,14:20:24,20.4,9.8166666667,589.0,
6415,4,H8,Anada,6,Les Corts - Maternitat,482,14:25:00,25.0,4.6166666666,277.0,
6028,4,H8,Anada,6,Les Corts - Maternitat,482,14:39:34,39.57,14.566666666666666,874.0,
6802,4,H8,Anada,6,Les Corts - Maternitat,482,14:50:52,50.87,11.2833333334,677.0,
6211,5,H8,Anada,6,Les Corts - Maternitat,482,14:55:41,55.68,4.816666666666666,289.0,
6800,2,H8,Anada,6,Les Corts - Maternitat,482,15:14:36,14.6,18.916666666666668,1135.0,
6402,5,H8,Anada,6,Les Corts - Maternitat,482,15:26:07,26.12,11.516666666666667,691.0,
6027,4,H8,Anada,6,Les Corts - Maternitat,482,15:32:28,32.47,6.349999999966667,381.0,1
6213,5,H8,Anada,6,Les Corts - Maternitat,482,15:40:31,40.52,8.050000000033332,483.0,1
6034,4,H8,Anada,6,Les Corts - Maternitat,482,15:54:39,54.65,14.149999999933334,849.0,
6406,5,H8,Anada,6,Les Corts - Maternitat,482,16:02:42,2.7,8.0333333334,482.0,
6408,5,H8,Anada,6,Les Corts - Maternitat,482,16:10:37,10.62,7.93333333325,476.0,
6215,5,H8,Anada,6,Les Corts - Maternitat,482,16:21:35,21.58,10.950000000083332,657.0,
6409,6,H8,Anada,6,Les Corts - Maternitat,482,16:31:31,31.52,9.949999999933334,597.0,"24,25,26,28,29"
6075,3,H8,Anada,6,Les Corts - Maternitat,482,16:42:32,42.53,11.000000000066667,660.0,
6411,5,H8,Anada,6,Les Corts - Maternitat,482,16:52:17,52.28,9.7666666666,586.0,
6407,5,H8,Anada,6,Les Corts - Maternitat,482,17:01:57,1.95,9.650000000033334,579.0,
6036,2,H8,Anada,6,Les Corts - Maternitat,482,17:17:48,17.8,15.85,951.0,"11,13,14,15,16"
6415,5,H8,Anada,6,Les Corts - Maternitat,482,17:24:08,24.13,6.349999999966667,381.0,1
6028,5,H8,Anada,6,Les Corts - Maternitat,482,17:35:50,35.83,11.683333333366667,701.0,
6802,5,H8,Anada,6,Les Corts - Maternitat,482,17:47:57,47.95,12.1166666667,727.0,
6211,6,H8,Anada,6,Les Corts - Maternitat,482,17:58:45,58.75,10.8,648.0,
6217,4,H8,Anada,6,Les Corts - Maternitat,482,18:10:46,10.77,12.016666666666667,721.0,
6800,3,H8,Anada,6,Les Corts - Maternitat,482,18:15:18,15.3,4.533333333300001,272.0,
6402,6,H8,Anada,6,Les Corts - Maternitat,482,18:26:34,26.57,11.2833333333,677.0,
6213,6,H8,Anada,6,Les Corts - Maternitat,482,18:37:26,37.43,10.866666666666667,652.0,
6034,5,H8,Anada,6,Les Corts - Maternitat,482,18:47:27,47.45,10.016666666666667,601.0,9
6406,6,H8,Anada,6,Les Corts - Maternitat,482,18:56:42,56.7,9.2333333334,554.0,
6408,6,H8,Anada,6,Les Corts - Maternitat,482,19:05:14,5.23,8.549999999933334,513.0,
6215,6,H8,Anada,6,Les Corts - Maternitat,482,19:15:51,15.85,10.600000000033333,636.0,
6409,8,H8,Anada,6,Les Corts - Maternitat,482,19:26:00,26.0,10.166666666633335,610.0,"16,17"
6075,4,H8,Anada,6,Les Corts - Maternitat,482,19:32:28,32.47,6.466666666666667,388.0,36
6036,3,H8,Anada,6,Les Corts - Maternitat,482,19:53:29,53.48,21.000000000066667,1260.0,
6117,1,H8,Anada,6,Les Corts - Maternitat,482,20:04:53,4.88,11.416666666600001,685.0,
6415,6,H8,Anada,6,Les Corts - Maternitat,482,20:13:04,13.07,8.166666666733333,490.0,
6211,7,H8,Anada,6,Les Corts - Maternitat,482,20:35:23,35.38,22.316666666666666,1339.0,
6217,5,H8,Anada,6,Les Corts - Maternitat,482,20:48:44,48.73,13.349999999966666,801.0,
6402,7,H8,Anada,6,Les Corts - Maternitat,482,21:01:58,1.97,13.249999999966667,795.0,
6034,6,H8,Anada,6,Les Corts - Maternitat,482,21:19:21,19.35,17.366666666733334,1042.0,32
6408,7,H8,Anada,6,Les Corts - Maternitat,482,21:34:48,34.8,15.4666666666,928.0,"19,21,22,23"
6402,1,H8,Anada,7,Les Corts - Carles III,709,03:44:25,44.42,,,1
6213,1,H8,Anada,7,Les Corts - Carles III,709,03:54:42,54.7,10.2833333333,617.0,
6406,1,H8,Anada,7,Les Corts - Carles III,709,04:06:14,6.23,11.549999999966667,693.0,
6110,1,H8,Anada,7,Les Corts - Carles III,709,04:18:27,18.45,12.200000000066666,732.0,1
6408,1,H8,Anada,7,Les Corts - Carles III,709,04:23:27,23.45,5.0,300.0,
6215,1,H8,Anada,7,Les Corts - Carles III,709,04:31:37,31.62,8.166666666633335,490.0,
6409,2,H8,Anada,7,Les Corts - Carles III,709,04:41:32,41.53,9.916666666666666,595.0,"9,17,18"
6217,1,H8,Anada,7,Les Corts - Carles III,709,04:52:11,52.18,10.650000000033334,639.0,1
6411,1,H8,Anada,7,Les Corts - Carles III,709,04:58:56,58.93,6.749999999966667,405.0,
6407,1,H8,Anada,7,Les Corts - Carles III,709,05:09:04,9.07,10.149999999966667,609.0,
6204,1,H8,Anada,7,Les Corts - Carles III,709,05:16:31,16.52,7.433333333366666,446.0,
6100,1,H8,Anada,7,Les Corts - Carles III,709,05:21:42,21.7,5.183333333333334,311.0,
6415,1,H8,Anada,7,Les Corts - Carles III,709,05:32:39,32.65,10.966666666633333,658.0,
6028,1,H8,Anada,7,Les Corts - Carles III,709,05:43:39,43.65,10.9833333334,659.0,
6802,1,H8,Anada,7,Les Corts - Carles III,709,05:51:49,51.82,8.166666666666666,490.0,
6209,2,H8,Anada,7,Les Corts - Carles III,709,06:03:16,3.27,11.449999999966668,687.0,
6211,2,H8,Anada,7,Les Corts - Carles III,709,06:11:27,11.45,8.199999999966668,492.0,
6401,1,H8,Anada,7,Les Corts - Carles III,709,06:19:10,19.17,7.71666666665,463.0,9
6402,2,H8,Anada,7,Les Corts - Carles III,709,06:28:14,28.23,9.050000000083333,543.0,
6027,1,H8,Anada,7,Les Corts - Carles III,709,06:35:06,35.1,6.866666666633334,412.0,
6213,2,H8,Anada,7,Les Corts - Carles III,709,06:43:28,43.47,8.366666666666667,502.0,
6034,1,H8,Anada,7,Les Corts - Carles III,709,06:51:05,51.08,7.616666666666666,457.0,36
6406,2,H8,Anada,7,Les Corts - Carles III,709,07:02:56,2.93,11.85,711.0,33
6110,2,H8,Anada,7,Les Corts - Carles III,709,07:10:06,10.1,7.166666666699999,430.0,
6408,2,H8,Anada,7,Les Corts - Carles III,709,07:18:44,18.73,8.649999999950001,519.0,9
6215,2,H8,Anada,7,Les Corts - Carles III,709,07:28:42,28.7,9.95000000005,597.0,
6409,3,H8,Anada,7,Les Corts - Carles III,709,07:37:59,37.98,9.2833333333,557.0,
6217,2,H8,Anada,7,Les Corts - Carles III,709,07:46:53,46.88,8.9,534.0,
6411,2,H8,Anada,7,Les Corts - Carles III,709,07:56:58,56.97,10.083333333366665,605.0,
6407,2,H8,Anada,7,Les Corts - Carles III,709,08:06:47,6.78,9.816666666666666,589.0,
6204,2,H8,Anada,7,Les Corts - Carles III,709,08:17:45,17.75,10.966666666633333,658.0,
6415,2,H8,Anada,7,Les Corts - Carles III,709,08:27:10,27.17,9.316666666633333,559.0,
6028,2,H8,Anada,7,Les Corts - Carles III,709,08:43:07,43.12,15.966666666633333,958.0,
6802,2,H8,Anada,7,Les Corts - Carles III,709,08:50:59,50.98,7.850000000033333,471.0,
6209,3,H8,Anada,7,Les Corts - Carles III,709,09:02:22,2.37,11.383333333333333,683.0,
6211,3,H8,Anada,7,Les Corts - Carles III,709,09:11:45,11.75,9.383333333333333,563.0,
6402,3,H8,Anada,7,Les Corts - Carles III,709,09:24:29,24.48,12.733333333333333,764.0,1
6027,2,H8,Anada,7,Les Corts - Carles III,709,09:31:15,31.25,6.783333333300001,407.0,1
6213,3,H8,Anada,7,Les Corts - Carles III,709,09:45:39,45.65,14.4,864.0,
6034,2,H8,Anada,7,Les Corts - Carles III,709,09:55:19,55.32,9.650000000033334,579.0,
6406,3,H8,Anada,7,Les Corts - Carles III,709,10:07:33,7.55,12.233333333333333,734.0,
6408,3,H8,Anada,7,Les Corts - Carles III,709,10:16:03,16.05,8.5,510.0,
6215,3,H8,Anada,7,Les Corts - Carles III,709,10:22:28,22.47,6.416666666699999,385.0,9
6409,4,H8,Anada,7,Les Corts - Carles III,709,10:35:25,35.42,12.949999999966668,777.0,
6411,3,H8,Anada,7,Les Corts - Carles III,709,10:49:34,49.57,14.150000000033334,849.0,1
6407,3,H8,Anada,7,Les Corts - Carles III,709,11:04:56,4.93,15.366666666666667,922.0,
6100,3,H8,Anada,7,Les Corts - Carles III,709,11:14:56,14.93,10.0166666666,601.0,
6415,3,H8,Anada,7,Les Corts - Carles III,709,11:29:43,29.72,14.783333333333333,887.0,
6028,3,H8,Anada,7,Les Corts - Carles III,709,11:41:09,41.15,11.433333333333334,686.0,
6802,3,H8,Anada,7,Les Corts - Carles III,709,11:50:47,50.78,9.616666666733332,577.0,
6209,4,H8,Anada,7,Les Corts - Carles III,709,12:02:00,2.0,11.233333333266668,674.0,
6211,4,H8,Anada,7,Les Corts - Carles III,709,12:09:45,9.75,7.7333333334,464.0,
6800,1,H8,Anada,7,Les Corts - Carles III,709,12:17:32,17.53,7.783333333333333,467.0,
6402,4,H8,Anada,7,Les Corts - Carles III,709,12:27:34,27.57,10.0333333333,602.0,
6027,3,H8,Anada,7,Les Corts - Carles III,709,12:35:27,35.45,7.899999999966667,474.0,
6213,4,H8,Anada,7,Les Corts - Carles III,709,12:42:16,42.27,6.8000000000666665,408.0,"11,12,14,26"
6034,3,H8,Anada,7,Les Corts - Carles III,709,12:53:30,53.5,11.233333333316667,674.0,"26,31"
6406,4,H8,Anada,7,Les Corts - Carles III,709,12:56:50,56.83,3.34999999995,201.0,
6408,4,H8,Anada,7,Les Corts - Carles III,709,13:10:14,10.23,13.3833333334,803.0,
6215,4,H8,Anada,7,Les Corts - Carles III,709,13:21:45,21.75,11.516666666666667,691.0,
6409,5,H8,Anada,7,Les Corts - Carles III,709,13:31:36,31.6,9.849999999966666,591.0,19
6075,2,H8,Anada,7,Les Corts - Carles III,709,13:39:54,39.9,8.300000000033332,498.0,"13,14"
6411,4,H8,Anada,7,Les Corts - Carles III,709,13:49:07,49.12,9.216666666666667,553.0,
6407,4,H8,Anada,7,Les Corts - Carles III,709,14:09:58,9.97,20.849999999966666,1251.0,"36,37,38"
6036,1,H8,Anada,7,Les Corts - Carles III,709,14:13:03,13.05,3.0833333333499997,185.0,"18,19"
6100,4,H8,Anada,7,Les Corts - Carles III,709,14:21:53,21.88,8.833333333316666,530.0,
6415,4,H8,Anada,7,Les Corts - Carles III,709,14:27:02,27.03,5.16666666665,310.0,
6028,4,H8,Anada,7,Les Corts - Carles III,709,14:41:33,41.55,14.500000000016666,870.0,
6802,4,H8,Anada,7,Les Corts - Carles III,709,14:52:53,52.88,11.333333333366665,680.0,
6211,5,H8,Anada,7,Les Corts - Carles III,709,14:57:46,57.77,4.8833333333,293.0,
6800,2,H8,Anada,7,Les Corts - Carles III,709,15:16:47,16.78,19.016666666666666,1141.0,
6402,5,H8,Anada,7,Les Corts - Carles III,709,15:28:14,28.23,11.466666666633333,688.0,
6027,4,H8,Anada,7,Les Corts - Carles III,709,15:34:09,34.15,5.900000000066667,354.0,1
6213,5,H8,Anada,7,Les Corts - Carles III,709,15:42:21,42.35,8.199999999966668,492.0,1
6034,4,H8,Anada,7,Les Corts - Carles III,709,15:56:29,56.48,14.133333333366666,848.0,
6406,5,H8,Anada,7,Les Corts - Carles III,709,16:05:26,5.43,8.95,537.0,
6408,5,H8,Anada,7,Les Corts - Carles III,709,16:13:29,13.48,8.0666666666,484.0,
6215,5,H8,Anada,7,Les Corts - Carles III,709,16:24:18,24.3,10.816666666666666,649.0,
6409,6,H8,Anada,7,Les Corts - Carles III,709,16:34:22,34.37,10.050000000066666,603.0,"24,25,26,28,29"
6075,3,H8,Anada,7,Les Corts - Carles III,709,16:45:16,45.27,10.916666666600001,655.0,
6411,5,H8,Anada,7,Les Corts - Carles III,709,16:53:50,53.83,8.566666666683334,514.0,
6407,5,H8,Anada,7,Les Corts - Carles III,709,17:04:19,4.32,10.466666666683333,628.0,
6036,2,H8,Anada,7,Les Corts - Carles III,709,17:19:48,19.8,15.483333333333333,929.0,"11,13,14,15,16"
6415,5,H8,Anada,7,Les Corts - Carles III,709,17:25:55,25.92,6.1333333333,368.0,1
6028,5,H8,Anada,7,Les Corts - Carles III,709,17:36:45,36.75,10.83333333335,650.0,
6802,5,H8,Anada,7,Les Corts - Carles III,709,17:50:51,50.85,14.083333333383333,845.0,
6211,6,H8,Anada,7,Les Corts - Carles III,709,18:01:35,1.58,10.733333333300001,644.0,
6217,4,H8,Anada,7,Les Corts - Carles III,709,18:12:49,12.82,11.249999999966667,675.0,
6800,3,H8,Anada,7,Les Corts - Carles III,709,18:17:08,17.13,4.316666666666666,259.0,
6402,6,H8,Anada,7,Les Corts - Carles III,709,18:29:09,29.15,12.01666666665,721.0,
6213,6,H8,Anada,7,Les Corts - Carles III,709,18:39:52,39.87,10.70000000005,642.0,
6034,5,H8,Anada,7,Les Corts - Carles III,709,18:49:54,49.9,10.033333333366667,602.0,9
6406,6,H8,Anada,7,Les Corts - Carles III,709,18:59:08,59.13,9.249999999933333,555.0,
6408,6,H8,Anada,7,Les Corts - Carles III,709,19:07:42,7.7,8.566666666666666,514.0,
6215,6,H8,Anada,7,Les Corts - Carles III,709,19:18:45,18.75,11.0333333334,662.0,
6409,8,H8,Anada,7,Les Corts - Carles III,709,19:27:46,27.77,9.033333333266667,542.0,"16,17"
6075,4,H8,Anada,7,Les Corts - Carles III,709,19:33:49,33.82,6.0333333333666666,362.0,36
6036,3,H8,Anada,7,Les Corts - Carles III,709,19:55:44,55.73,21.933333333300002,1316.0,
6117,1,H8,Anada,7,Les Corts - Carles III,709,20:07:06,7.1,11.350000000066666,681.0,
6415,6,H8,Anada,7,Les Corts - Carles III,709,20:15:41,15.68,8.583333333333334,515.0,
6211,7,H8,Anada,7,Les Corts - Carles III,709,20:38:06,38.1,22.416666666633333,1345.0,
6217,5,H8,Anada,7,Les Corts - Carles III,709,20:49:06,49.1,11.0,660.0,
6402,7,H8,Anada,7,Les Corts - Carles III,709,21:03:08,3.13,14.049999999966667,843.0,
6034,6,H8,Anada,7,Les Corts - Carles III,709,21:20:34,20.57,17.41666666673333,1045.0,32
6408,7,H8,Anada,7,Les Corts - Carles III,709,21:37:16,37.27,16.7,1002.0,"19,21,22,23"
6402,1,H8,Anada,8,Les Corts - Vallespir,1577,03:47:04,47.07,,,1
6213,1,H8,Anada,8,Les Corts - Vallespir,1577,03:55:43,55.72,8.65,519.0,
6406,1,H8,Anada,8,Les Corts - Vallespir,1577,04:07:43,7.72,12.000000000033333,720.0,
6110,1,H8,Anada,8,Les Corts - Vallespir,1577,04:21:09,21.15,13.4333333333,806.0,1
6408,1,H8,Anada,8,Les Corts - Vallespir,1577,04:24:30,24.5,3.3500000000333334,201.0,
6215,1,H8,Anada,8,Les Corts - Vallespir,1577,04:33:17,33.28,8.7833333333,527.0,
6409,2,H8,Anada,8,Les Corts - Vallespir,1577,04:42:37,42.62,9.333333333366665,560.0,"9,17,18"
6217,1,H8,Anada,8,Les Corts - Vallespir,1577,04:54:15,54.25,11.6333333333,698.0,1
6411,1,H8,Anada,8,Les Corts - Vallespir,1577,05:01:08,1.13,6.883333333366666,413.0,
6407,1,H8,Anada,8,Les Corts - Vallespir,1577,05:10:10,10.17,9.033333333333333,542.0,
6204,1,H8,Anada,8,Les Corts - Vallespir,1577,05:17:37,17.62,7.4499999999833335,447.0,
6100,1,H8,Anada,8,Les Corts - Vallespir,1577,05:23:11,23.18,5.566666666683333,334.0,
6415,1,H8,Anada,8,Les Corts - Vallespir,1577,05:34:07,34.12,10.9333333333,656.0,
6028,1,H8,Anada,8,Les Corts - Vallespir,1577,05:45:39,45.65,11.549999999966667,693.0,
6802,1,H8,Anada,8,Les Corts - Vallespir,1577,05:54:45,54.75,9.083333333366665,545.0,
6209,2,H8,Anada,8,Les Corts - Vallespir,1577,06:05:28,5.47,10.733333333300001,644.0,
6211,2,H8,Anada,8,Les Corts - Vallespir,1577,06:12:35,12.58,7.100000000066667,426.0,
6401,1,H8,Anada,8,Les Corts - Vallespir,1577,06:22:30,22.5,9.916666666633335,595.0,9
6402,2,H8,Anada,8,Les Corts - Vallespir,1577,06:29:46,29.77,7.2666666667,436.0,
6027,1,H8,Anada,8,Les Corts - Vallespir,1577,06:36:47,36.78,7.016666666633333,421.0,
6213,2,H8,Anada,8,Les Corts - Vallespir,1577,06:45:42,45.7,8.933333333283334,536.0,
6034,1,H8,Anada,8,Les Corts - Vallespir,1577,06:53:24,53.4,7.683333333416667,461.0,36
6406,2,H8,Anada,8,Les Corts - Vallespir,1577,07:04:27,4.45,11.049999999966667,663.0,33
6110,2,H8,Anada,8,Les Corts - Vallespir,1577,07:13:13,13.22,8.766666666666667,526.0,
6408,2,H8,Anada,8,Les Corts - Vallespir,1577,07:20:15,20.25,7.04999999995,423.0,9
6215,2,H8,Anada,8,Les Corts - Vallespir,1577,07:29:57,29.95,9.700000000016667,582.0,
6409,3,H8,Anada,8,Les Corts - Vallespir,1577,07:39:15,39.25,9.3,558.0,
6217,2,H8,Anada,8,Les Corts - Vallespir,1577,07:50:18,50.3,11.033333333366667,662.0,
6411,2,H8,Anada,8,Les Corts - Vallespir,1577,07:59:15,59.25,8.950000000033333,537.0,
6407,2,H8,Anada,8,Les Corts - Vallespir,1577,08:08:22,8.37,9.116666666633334,547.0,
6100,2,H8,Anada,8,Les Corts - Vallespir,1577,08:19:27,19.45,11.083333333333334,665.0,"1,2,3"
6415,2,H8,Anada,8,Les Corts - Vallespir,1577,08:28:30,28.5,8.533333333333333,512.0,
6028,2,H8,Anada,8,Les Corts - Vallespir,1577,08:45:54,45.9,17.383333333366668,1043.0,
6802,2,H8,Anada,8,Les Corts - Vallespir,1577,08:52:55,52.92,7.016666666666667,421.0,
6209,3,H8,Anada,8,Les Corts - Vallespir,1577,09:05:31,5.52,12.616666666633334,757.0,
6211,3,H8,Anada,8,Les Corts - Vallespir,1577,09:12:47,12.78,7.266666666683333,436.0,
6402,3,H8,Anada,8,Les Corts - Vallespir,1577,09:27:48,27.8,15.01666666665,901.0,1
6027,2,H8,Anada,8,Les Corts - Vallespir,1577,09:32:23,32.38,4.583333333333333,275.0,1
6213,3,H8,Anada,8,Les Corts - Vallespir,1577,09:47:32,47.53,15.149999999983333,909.0,
6034,2,H8,Anada,8,Les Corts - Vallespir,1577,09:56:44,56.73,9.183333333416666,551.0,
6406,3,H8,Anada,8,Les Corts - Vallespir,1577,10:09:34,9.57,12.8333333333,770.0,
6408,3,H8,Anada,8,Les Corts - Vallespir,1577,10:18:54,18.9,9.349999999966666,561.0,
6215,3,H8,Anada,8,Les Corts - Vallespir,1577,10:24:08,24.13,5.2166666667333335,313.0,9
6409,4,H8,Anada,8,Les Corts - Vallespir,1577,10:39:30,39.5,15.366666666666667,922.0,
6411,3,H8,Anada,8,Les Corts - Vallespir,1577,10:52:20,52.33,12.849999999933335,771.0,1
6407,3,H8,Anada,8,Les Corts - Vallespir,1577,11:07:56,7.93,15.583333333399999,935.0,
6100,3,H8,Anada,8,Les Corts - Vallespir,1577,11:17:09,17.15,9.216666666666667,553.0,
6415,3,H8,Anada,8,Les Corts - Vallespir,1577,11:31:56,31.93,14.799999999933334,888.0,
6028,3,H8,Anada,8,Les Corts - Vallespir,1577,11:42:32,42.53,10.583333333366665,635.0,
6802,3,H8,Anada,8,Les Corts - Vallespir,1577,11:52:12,52.2,9.6833333333,581.0,
6209,4,H8,Anada,8,Les Corts - Vallespir,1577,12:04:47,4.78,12.566666666733333,754.0,
6211,4,H8,Anada,8,Les Corts - Vallespir,1577,12:12:27,12.45,7.666666666666667,460.0,
6800,1,H8,Anada,8,Les Corts - Vallespir,1577,12:19:26,19.43,6.999999999933333,420.0,
6402,4,H8,Anada,8,Les Corts - Vallespir,1577,12:28:35,28.58,9.15,549.0,
6027,3,H8,Anada,8,Les Corts - Vallespir,1577,12:38:01,38.02,9.4166666667,565.0,
6213,4,H8,Anada,8,Les Corts - Vallespir,1577,12:43:19,43.32,5.316666666633334,319.0,"11,12,14,26"
6034,3,H8,Anada,8,Les Corts - Vallespir,1577,12:54:49,54.82,11.5,690.0,"26,31"
6406,4,H8,Anada,8,Les Corts - Vallespir,1577,12:59:43,59.72,4.9,294.0,
6408,4,H8,Anada,8,Les Corts - Vallespir,1577,13:12:55,12.92,13.2,792.0,
6215,4,H8,Anada,8,Les Corts - Vallespir,1577,13:23:48,23.8,10.8666666667,652.0,
6409,5,H8,Anada,8,Les Corts - Vallespir,1577,13:33:37,33.62,9.8333333333,590.0,19
6075,2,H8,Anada,8,Les Corts - Vallespir,1577,13:43:27,43.45,9.833333333333334,590.0,"13,14"
6411,4,H8,Anada,8,Les Corts - Vallespir,1577,13:51:44,51.73,8.266666666699999,496.0,
6407,4,H8,Anada,8,Les Corts - Vallespir,1577,14:11:48,11.8,20.0833333333,1205.0,"36,37,38"
6036,1,H8,Anada,8,Les Corts - Vallespir,1577,14:13:51,13.85,2.0333333334,122.0,"18,19"
6100,4,H8,Anada,8,Les Corts - Vallespir,1577,14:25:42,25.7,11.849999999966666,711.0,
6415,4,H8,Anada,8,Les Corts - Vallespir,1577,14:30:20,30.33,4.633333333366666,278.0,
6028,4,H8,Anada,8,Les Corts - Vallespir,1577,14:44:50,44.83,14.5,870.0,
6802,4,H8,Anada,8,Les Corts - Vallespir,1577,14:53:34,53.57,8.749999999916668,525.0,
6211,5,H8,Anada,8,Les Corts - Vallespir,1577,14:59:49,59.82,6.233333333383333,374.0,
6800,2,H8,Anada,8,Les Corts - Vallespir,1577,15:20:02,20.03,20.216666666683334,1213.0,
6402,5,H8,Anada,8,Les Corts - Vallespir,1577,15:30:49,30.82,10.783333333316667,647.0,
6027,4,H8,Anada,8,Les Corts - Vallespir,1577,15:36:23,36.38,5.566666666666666,334.0,1
6213,5,H8,Anada,8,Les Corts - Vallespir,1577,15:45:15,45.25,8.866666666666667,532.0,1
6034,4,H8,Anada,8,Les Corts - Vallespir,1577,15:59:29,59.48,14.233333333333333,854.0,
6406,5,H8,Anada,8,Les Corts - Vallespir,1577,16:07:02,7.03,7.566666666633334,454.0,
6408,5,H8,Anada,8,Les Corts - Vallespir,1577,16:14:56,14.93,7.8833333334,473.0,
6215,5,H8,Anada,8,Les Corts - Vallespir,1577,16:27:32,27.53,12.599999999966666,756.0,
6409,6,H8,Anada,8,Les Corts - Vallespir,1577,16:36:04,36.07,8.533333333333333,512.0,"24,25,26,28,29"
6075,3,H8,Anada,8,Les Corts - Vallespir,1577,16:45:45,45.75,9.699999999966668,582.0,
6411,5,H8,Anada,8,Les Corts - Vallespir,1577,16:56:11,56.18,10.4166666667,625.0,
6407,5,H8,Anada,8,Les Corts - Vallespir,1577,17:05:58,5.97,9.783333333333333,587.0,
6036,2,H8,Anada,8,Les Corts - Vallespir,1577,17:22:06,22.1,16.133333333333333,968.0,"11,13,14,15,16"
6415,5,H8,Anada,8,Les Corts - Vallespir,1577,17:27:29,27.48,5.383333333366666,323.0,1
6028,5,H8,Anada,8,Les Corts - Vallespir,1577,17:40:17,40.28,12.8,768.0,
6802,5,H8,Anada,8,Les Corts - Vallespir,1577,17:52:40,52.67,12.383333333333333,743.0,
6211,6,H8,Anada,8,Les Corts - Vallespir,1577,18:02:05,2.08,9.416666666633335,565.0,
6217,4,H8,Anada,8,Les Corts - Vallespir,1577,18:15:36,15.6,13.516666666666667,811.0,
6800,3,H8,Anada,8,Les Corts - Vallespir,1577,18:18:54,18.9,3.316666666633333,199.0,
6402,6,H8,Anada,8,Les Corts - Vallespir,1577,18:32:03,32.05,13.15,789.0,
6213,6,H8,Anada,8,Les Corts - Vallespir,1577,18:40:47,40.78,8.733333333333333,524.0,
6034,5,H8,Anada,8,Les Corts - Vallespir,1577,18:51:43,51.72,10.916666666716667,655.0,9
6406,6,H8,Anada,8,Les Corts - Vallespir,1577,19:00:46,0.77,9.066666666616667,544.0,
6408,6,H8,Anada,8,Les Corts - Vallespir,1577,19:10:00,10.0,9.2166666667,553.0,
6411,6,H8,Anada,8,Les Corts - Vallespir,1577,19:15:02,15.03,5.0333333333666666,302.0,"1,2,3,4,5,6,7"
6215,6,H8,Anada,8,Les Corts - Vallespir,1577,19:21:00,21.0,5.9666666666333334,358.0,
6409,8,H8,Anada,8,Les Corts - Vallespir,1577,19:28:33,28.55,7.55,453.0,"16,17"
6075,4,H8,Anada,8,Les Corts - Vallespir,1577,19:36:02,36.03,7.499999999966667,450.0,36
6036,3,H8,Anada,8,Les Corts - Vallespir,1577,19:57:23,57.38,21.333333333366667,1280.0,
6117,1,H8,Anada,8,Les Corts - Vallespir,1577,20:08:53,8.88,11.5,690.0,
6415,6,H8,Anada,8,Les Corts - Vallespir,1577,20:17:23,17.38,8.5,510.0,
6211,7,H8,Anada,8,Les Corts - Vallespir,1577,20:39:46,39.77,22.399999999966667,1344.0,
6217,5,H8,Anada,8,Les Corts - Vallespir,1577,20:50:51,50.85,11.066666666733333,664.0,
6402,7,H8,Anada,8,Les Corts - Vallespir,1577,21:04:49,4.82,13.966666666633333,838.0,
6034,6,H8,Anada,8,Les Corts - Vallespir,1577,21:22:12,22.2,17.383333333333333,1043.0,32
6408,7,H8,Anada,8,Les Corts - Vallespir,1577,21:39:11,39.18,16.99999999996667,1020.0,"19,21,22,23"
6402,1,H8,Anada,9,Numància - Parc Les Corts,990,03:48:51,48.85,,,1
6213,1,H8,Anada,9,Numància - Parc Les Corts,990,03:57:18,57.3,8.4333333334,506.0,
6406,1,H8,Anada,9,Numància - Parc Les Corts,990,04:10:31,10.52,13.233333333266668,794.0,
6110,1,H8,Anada,9,Numància - Parc Les Corts,990,04:22:34,22.57,12.050000000016666,723.0,1
6408,1,H8,Anada,9,Numància - Parc Les Corts,990,04:26:04,26.07,3.4833333333499996,209.0,
6215,1,H8,Anada,9,Numància - Parc Les Corts,990,04:34:37,34.62,8.55,513.0,
6217,1,H8,Anada,9,Numància - Parc Les Corts,990,04:55:03,55.05,20.433333333333334,1226.0,1
6411,1,H8,Anada,9,Numància - Parc Les Corts,990,05:03:16,3.27,8.233333333300001,494.0,
6407,1,H8,Anada,9,Numància - Parc Les Corts,990,05:13:29,13.48,10.200000000033333,612.0,
6204,1,H8,Anada,9,Numància - Parc Les Corts,990,05:19:55,19.92,6.449999999966667,387.0,
6100,1,H8,Anada,9,Numància - Parc Les Corts,990,05:24:38,24.63,4.700000000066667,282.0,
6415,1,H8,Anada,9,Numància - Parc Les Corts,990,05:37:06,37.1,12.466666666633333,748.0,
6028,1,H8,Anada,9,Numància - Parc Les Corts,990,05:48:32,48.53,11.433333333366667,686.0,
6802,1,H8,Anada,9,Numància - Parc Les Corts,990,05:56:52,56.87,8.3333333333,500.0,
6209,2,H8,Anada,9,Numància - Parc Les Corts,990,06:07:40,7.67,10.816666666633333,649.0,
6211,2,H8,Anada,9,Numància - Parc Les Corts,990,06:15:36,15.6,7.916666666733334,475.0,
6402,2,H8,Anada,9,Numància - Parc Les Corts,990,06:31:40,31.67,16.066666666666666,964.0,
6027,1,H8,Anada,9,Numància - Parc Les Corts,990,06:38:17,38.28,6.616666666666666,397.0,
6213,2,H8,Anada,9,Numància - Parc Les Corts,990,06:47:49,47.82,9.5333333333,572.0,
6034,1,H8,Anada,9,Numància - Parc Les Corts,990,06:56:12,56.2,8.383333333333333,503.0,36
6406,2,H8,Anada,9,Numància - Parc Les Corts,990,07:09:21,9.35,13.166666666633335,790.0,33
6110,2,H8,Anada,9,Numància - Parc Les Corts,990,07:15:34,15.57,6.216666666666667,373.0,
6215,2,H8,Anada,9,Numància - Parc Les Corts,990,07:32:56,32.93,17.366666666666667,1042.0,
6409,3,H8,Anada,9,Numància - Parc Les Corts,990,07:42:07,42.12,9.166666666733333,550.0,
6217,2,H8,Anada,9,Numància - Parc Les Corts,990,07:51:46,51.77,9.649999999966667,579.0,
6411,2,H8,Anada,9,Numància - Parc Les Corts,990,08:03:01,3.02,11.250000000033333,675.0,
6407,2,H8,Anada,9,Numància - Parc Les Corts,990,08:11:16,11.27,8.266666666599999,496.0,
6100,2,H8,Anada,9,Numància - Parc Les Corts,990,08:21:38,21.63,10.366666666666667,622.0,"1,2,3"
6415,2,H8,Anada,9,Numància - Parc Les Corts,990,08:29:55,29.92,7.449999999966667,447.0,
6028,2,H8,Anada,9,Numància - Parc Les Corts,990,08:48:35,48.58,18.683333333300002,1121.0,
6802,2,H8,Anada,9,Numància - Parc Les Corts,990,08:54:13,54.22,5.616666666733334,337.0,
6209,3,H8,Anada,9,Numància - Parc Les Corts,990,09:07:16,7.27,13.05,783.0,
6211,3,H8,Anada,9,Numància - Parc Les Corts,990,09:15:20,15.33,8.066666666666666,484.0,
6402,3,H8,Anada,9,Numància - Parc Les Corts,990,09:29:40,29.67,14.333333333333334,860.0,1
6027,2,H8,Anada,9,Numància - Parc Les Corts,990,09:35:18,35.3,5.649999999933333,339.0,1
6213,3,H8,Anada,9,Numància - Parc Les Corts,990,09:49:41,49.68,14.3666666667,862.0,
6034,2,H8,Anada,9,Numància - Parc Les Corts,990,09:59:57,59.95,10.266666666666667,616.0,
6406,3,H8,Anada,9,Numància - Parc Les Corts,990,10:13:10,13.17,13.2166666667,793.0,
6408,3,H8,Anada,9,Numància - Parc Les Corts,990,10:20:31,20.52,7.3666666666,442.0,
6409,4,H8,Anada,9,Numància - Parc Les Corts,990,10:41:45,41.75,21.21666666673333,1273.0,
6411,3,H8,Anada,9,Numància - Parc Les Corts,990,10:54:22,54.37,12.633333333266668,758.0,1
6407,3,H8,Anada,9,Numància - Parc Les Corts,990,11:10:10,10.17,15.8,948.0,
6100,3,H8,Anada,9,Numància - Parc Les Corts,990,11:19:55,19.92,9.733333333366666,584.0,
6415,3,H8,Anada,9,Numància - Parc Les Corts,990,11:34:14,34.23,14.3166666667,859.0,
6028,3,H8,Anada,9,Numància - Parc Les Corts,990,11:45:27,45.45,11.233333333266668,674.0,
6802,3,H8,Anada,9,Numància - Parc Les Corts,990,11:53:56,53.93,8.483333333333333,509.0,
6209,4,H8,Anada,9,Numància - Parc Les Corts,990,12:07:41,7.68,13.7333333334,824.0,
6211,4,H8,Anada,9,Numància - Parc Les Corts,990,12:15:16,15.27,7.583333333300001,455.0,
6800,1,H8,Anada,9,Numància - Parc Les Corts,990,12:22:24,22.4,7.133333333333334,428.0,
6402,4,H8,Anada,9,Numància - Parc Les Corts,990,12:32:12,32.2,9.800000000033332,588.0,
6027,3,H8,Anada,9,Numància - Parc Les Corts,990,12:39:58,39.97,7.766666666633333,466.0,
6213,4,H8,Anada,9,Numància - Parc Les Corts,990,12:44:10,44.17,4.2,252.0,"11,12,14,26"
6034,3,H8,Anada,9,Numància - Parc Les Corts,990,12:57:36,57.6,13.433333333333334,806.0,"26,31"
6406,4,H8,Anada,9,Numància - Parc Les Corts,990,13:01:59,1.98,4.399999999966667,264.0,
6408,4,H8,Anada,9,Numància - Parc Les Corts,990,13:15:03,15.05,13.050000000033332,783.0,
6215,4,H8,Anada,9,Numància - Parc Les Corts,990,13:26:05,26.08,11.033333333333333,662.0,
6409,5,H8,Anada,9,Numància - Parc Les Corts,990,13:35:53,35.88,9.816666666633333,589.0,19
6075,2,H8,Anada,9,Numància - Parc Les Corts,990,13:45:34,45.57,9.6666666667,580.0,"13,14"
6411,4,H8,Anada,9,Numància - Parc Les Corts,990,13:52:39,52.65,7.083333333366666,425.0,
6407,4,H8,Anada,9,Numància - Parc Les Corts,990,14:13:56,13.93,21.2833333333,1277.0,"36,37,38"
6036,1,H8,Anada,9,Numància - Parc Les Corts,990,14:16:52,16.87,2.9499999999666664,177.0,"18,19"
6100,4,H8,Anada,9,Numància - Parc Les Corts,990,14:29:01,29.02,12.150000000016666,729.0,
6415,4,H8,Anada,9,Numància - Parc Les Corts,990,14:33:44,33.73,4.71666666665,283.0,
6028,4,H8,Anada,9,Numància - Parc Les Corts,990,14:46:00,46.0,12.250000000033333,735.0,
6802,4,H8,Anada,9,Numància - Parc Les Corts,990,14:55:34,55.57,9.566666666666666,574.0,
6211,5,H8,Anada,9,Numància - Parc Les Corts,990,15:02:43,2.72,7.15,429.0,
6800,2,H8,Anada,9,Numància - Parc Les Corts,990,15:21:39,21.65,18.933333333366665,1136.0,
6217,3,H8,Anada,9,Numància - Parc Les Corts,990,15:30:41,30.68,9.049999999933334,543.0,"1,2,3,4,5,6,7,8,19"
6402,5,H8,Anada,9,Numància - Parc Les Corts,990,15:34:27,34.45,3.7666666666666666,226.0,
6027,4,H8,Anada,9,Numància - Parc Les Corts,990,15:38:36,38.6,4.1333333333999995,248.0,1
6213,5,H8,Anada,9,Numància - Parc Les Corts,990,15:47:04,47.07,8.483333333266666,509.0,1
6034,4,H8,Anada,9,Numància - Parc Les Corts,990,16:01:23,1.38,14.316666666666666,859.0,
6406,5,H8,Anada,9,Numància - Parc Les Corts,990,16:09:29,9.48,8.0833333334,485.0,
6408,5,H8,Anada,9,Numància - Parc Les Corts,990,16:17:18,17.3,7.816666666666666,469.0,
6215,5,H8,Anada,9,Numància - Parc Les Corts,990,16:29:50,29.83,12.533333333333333,752.0,
6409,6,H8,Anada,9,Numància - Parc Les Corts,990,16:40:17,40.28,10.449999999966668,627.0,"24,25,26,28,29"
6075,3,H8,Anada,9,Numància - Parc Les Corts,990,16:47:54,47.9,7.6166666667,457.0,
6411,5,H8,Anada,9,Numància - Parc Les Corts,990,16:59:13,59.22,11.316666666666666,679.0,
6407,5,H8,Anada,9,Numància - Parc Les Corts,990,17:08:45,8.75,9.533333333316667,572.0,
6036,2,H8,Anada,9,Numància - Parc Les Corts,990,17:25:00,25.0,16.249999999983334,975.0,"11,13,14,15,16"
6415,5,H8,Anada,9,Numància - Parc Les Corts,990,17:31:06,31.1,6.100000000033333,366.0,1
6028,5,H8,Anada,9,Numància - Parc Les Corts,990,17:41:41,41.68,10.583333333333334,635.0,
6802,5,H8,Anada,9,Numància - Parc Les Corts,990,17:55:05,55.08,13.416666666600001,805.0,
6211,6,H8,Anada,9,Numància - Parc Les Corts,990,18:06:37,6.62,11.533333333333333,692.0,
6217,4,H8,Anada,9,Numància - Parc Les Corts,990,18:17:37,17.62,10.983333333366666,659.0,
6800,3,H8,Anada,9,Numància - Parc Les Corts,990,18:20:40,20.67,3.066666666633333,184.0,
6402,6,H8,Anada,9,Numància - Parc Les Corts,990,18:33:19,33.32,12.65,759.0,
6213,6,H8,Anada,9,Numància - Parc Les Corts,990,18:43:16,43.27,9.933333333399998,596.0,
6406,6,H8,Anada,9,Numància - Parc Les Corts,990,19:03:12,3.2,19.933333333300002,1196.0,
6408,6,H8,Anada,9,Numància - Parc Les Corts,990,19:11:27,11.45,8.266666666633334,496.0,
6411,6,H8,Anada,9,Numància - Parc Les Corts,990,19:16:58,16.97,5.500000000066667,330.0,"1,2,3,4,5,6,7"
6215,6,H8,Anada,9,Numància - Parc Les Corts,990,19:23:13,23.22,6.2666666666,376.0,
6409,8,H8,Anada,9,Numància - Parc Les Corts,990,19:29:51,29.85,6.6166666667,397.0,"16,17"
6075,4,H8,Anada,9,Numància - Parc Les Corts,990,19:37:12,37.2,7.35,441.0,36
6036,3,H8,Anada,9,Numància - Parc Les Corts,990,19:59:30,59.5,22.3,1338.0,
6117,1,H8,Anada,9,Numància - Parc Les Corts,990,20:11:03,11.05,11.550000000033332,693.0,
6415,6,H8,Anada,9,Numància - Parc Les Corts,990,20:20:09,20.15,9.1,546.0,
6211,7,H8,Anada,9,Numància - Parc Les Corts,990,20:41:13,41.22,21.066666666666666,1264.0,
6217,5,H8,Anada,9,Numància - Parc Les Corts,990,20:52:10,52.17,10.9666666666,658.0,
6402,7,H8,Anada,9,Numància - Parc Les Corts,990,21:06:56,6.93,14.766666666666667,886.0,
6034,6,H8,Anada,9,Numància - Parc Les Corts,990,21:23:39,23.65,16.700000000033334,1002.0,32
6408,7,H8,Anada,9,Numància - Parc Les Corts,990,21:41:39,41.65,18.016666666633334,1081.0,"19,21,22,23"
6402,1,H8,Anada,10,Numància - Marquès de Sentmenat,109,03:50:09,50.15,,,1
6213,1,H8,Anada,10,Numància - Marquès de Sentmenat,109,03:58:22,58.37,8.200000000033333,492.0,
6406,1,H8,Anada,10,Numància - Marquès de Sentmenat,109,04:10:40,10.67,12.316666666633333,739.0,
6110,1,H8,Anada,10,Numància - Marquès de Sentmenat,109,04:24:12,24.2,13.533333333333333,812.0,1
6408,1,H8,Anada,10,Numància - Marquès de Sentmenat,109,04:26:26,26.43,2.216666666733333,133.0,
6215,1,H8,Anada,10,Numància - Marquès de Sentmenat,109,04:36:56,36.93,10.5,630.0,
6409,2,H8,Anada,10,Numància - Marquès de Sentmenat,109,04:44:20,44.33,7.416666666599999,445.0,"9,17,18"
6217,1,H8,Anada,10,Numància - Marquès de Sentmenat,109,04:56:29,56.48,12.1333333334,728.0,1
6411,1,H8,Anada,10,Numància - Marquès de Sentmenat,109,05:04:34,4.57,8.0833333333,485.0,
6407,1,H8,Anada,10,Numància - Marquès de Sentmenat,109,05:15:14,15.23,10.6833333333,641.0,
6204,1,H8,Anada,10,Numància - Marquès de Sentmenat,109,05:20:47,20.78,5.5333333333666666,332.0,
6100,1,H8,Anada,10,Numància - Marquès de Sentmenat,109,05:25:22,25.37,4.599999999966667,276.0,
6415,1,H8,Anada,10,Numància - Marquès de Sentmenat,109,05:37:10,37.17,11.783333333366667,707.0,
6028,1,H8,Anada,10,Numància - Marquès de Sentmenat,109,05:49:32,49.53,12.3666666667,742.0,
6802,1,H8,Anada,10,Numància - Marquès de Sentmenat,109,05:57:11,57.18,7.666666666599999,460.0,
6209,2,H8,Anada,10,Numància - Marquès de Sentmenat,109,06:09:57,9.95,12.750000000033333,765.0,
6211,2,H8,Anada,10,Numància - Marquès de Sentmenat,109,06:17:00,17.0,7.066666666633334,424.0,
6401,1,H8,Anada,10,Numància - Marquès de Sentmenat,109,06:25:24,25.4,8.399999999983333,504.0,9
6402,2,H8,Anada,10,Numància - Marquès de Sentmenat,109,06:33:34,33.57,8.166666666683334,490.0,
6027,1,H8,Anada,10,Numància - Marquès de Sentmenat,109,06:39:49,39.82,6.2333333334,374.0,
6213,2,H8,Anada,10,Numància - Marquès de Sentmenat,109,06:49:41,49.68,9.866666666666667,592.0,
6034,1,H8,Anada,10,Numància - Marquès de Sentmenat,109,06:57:20,57.33,7.649999999966667,459.0,36
6406,2,H8,Anada,10,Numància - Marquès de Sentmenat,109,07:11:21,11.35,14.0333333333,842.0,33
6110,2,H8,Anada,10,Numància - Marquès de Sentmenat,109,07:16:57,16.95,5.583333333366666,335.0,
6408,2,H8,Anada,10,Numància - Marquès de Sentmenat,109,07:23:17,23.28,6.349999999966667,381.0,9
6215,2,H8,Anada,10,Numància - Marquès de Sentmenat,109,07:34:08,34.13,10.833333333366665,650.0,
6409,3,H8,Anada,10,Numància - Marquès de Sentmenat,109,07:43:12,43.2,9.066666666666666,544.0,
6217,2,H8,Anada,10,Numància - Marquès de Sentmenat,109,07:53:15,53.25,10.050000000016666,603.0,
6411,2,H8,Anada,10,Numància - Marquès de Sentmenat,109,08:03:42,3.7,10.449999999983334,627.0,
6407,2,H8,Anada,10,Numància - Marquès de Sentmenat,109,08:12:45,12.75,9.066666666633333,544.0,
6100,2,H8,Anada,10,Numància - Marquès de Sentmenat,109,08:23:16,23.27,10.516666666666667,631.0,"1,2,3"
6415,2,H8,Anada,10,Numància - Marquès de Sentmenat,109,08:33:18,33.3,9.6333333333,578.0,
6028,2,H8,Anada,10,Numància - Marquès de Sentmenat,109,08:51:18,51.3,18.0,1080.0,
6802,2,H8,Anada,10,Numància - Marquès de Sentmenat,109,08:55:38,55.63,4.333333333366666,260.0,
6209,3,H8,Anada,10,Numància - Marquès de Sentmenat,109,09:08:56,8.93,13.3,798.0,
6211,3,H8,Anada,10,Numància - Marquès de Sentmenat,109,09:16:51,16.85,7.916666666666667,475.0,
6402,3,H8,Anada,10,Numància - Marquès de Sentmenat,109,09:31:21,31.35,14.499999999966667,870.0,1
6027,2,H8,Anada,10,Numància - Marquès de Sentmenat,109,09:37:21,37.35,6.000000000033333,360.0,1
6213,3,H8,Anada,10,Numància - Marquès de Sentmenat,109,09:50:58,50.97,13.616666666633334,817.0,
6034,2,H8,Anada,10,Numància - Marquès de Sentmenat,109,10:01:19,1.32,10.35,621.0,
6406,3,H8,Anada,10,Numància - Marquès de Sentmenat,109,10:14:52,14.87,13.550000000033332,813.0,
6408,3,H8,Anada,10,Numància - Marquès de Sentmenat,109,10:23:07,23.12,8.266666666599999,496.0,
6215,3,H8,Anada,10,Numància - Marquès de Sentmenat,109,10:27:13,27.22,4.083333333366666,245.0,9
6409,4,H8,Anada,10,Numància - Marquès de Sentmenat,109,10:42:59,42.98,15.766666666666667,946.0,
6411,3,H8,Anada,10,Numància - Marquès de Sentmenat,109,10:56:40,56.67,13.699999999966668,822.0,1
6407,3,H8,Anada,10,Numància - Marquès de Sentmenat,109,11:12:55,12.92,16.249999999983334,975.0,
6100,3,H8,Anada,10,Numància - Marquès de Sentmenat,109,11:20:45,20.75,7.816666666716667,469.0,
6415,3,H8,Anada,10,Numància - Marquès de Sentmenat,109,11:37:00,37.0,16.25000000003333,975.0,
6028,3,H8,Anada,10,Numància - Marquès de Sentmenat,109,11:45:36,45.6,8.6166666666,517.0,
6802,3,H8,Anada,10,Numància - Marquès de Sentmenat,109,11:56:41,56.68,11.0666666667,664.0,
6209,4,H8,Anada,10,Numància - Marquès de Sentmenat,109,12:09:30,9.5,12.8333333333,770.0,
6211,4,H8,Anada,10,Numància - Marquès de Sentmenat,109,12:15:32,15.53,6.0166666667,361.0,
6800,1,H8,Anada,10,Numància - Marquès de Sentmenat,109,12:23:46,23.77,8.233333333333333,494.0,
6402,4,H8,Anada,10,Numància - Marquès de Sentmenat,109,12:34:14,34.23,10.4666666667,628.0,
6027,3,H8,Anada,10,Numància - Marquès de Sentmenat,109,12:40:02,40.03,5.8166666666,349.0,
6213,4,H8,Anada,10,Numància - Marquès de Sentmenat,109,12:45:25,45.42,5.3666666667,322.0,"11,12,14,26"
6034,3,H8,Anada,10,Numància - Marquès de Sentmenat,109,12:57:42,57.7,12.283333333333333,737.0,"26,31"
6406,4,H8,Anada,10,Numància - Marquès de Sentmenat,109,13:03:06,3.1,5.416666666633334,325.0,
6408,4,H8,Anada,10,Numància - Marquès de Sentmenat,109,13:17:46,17.77,14.650000000066665,879.0,
6215,4,H8,Anada,10,Numància - Marquès de Sentmenat,109,13:27:32,27.53,9.766666666666667,586.0,
6409,5,H8,Anada,10,Numància - Marquès de Sentmenat,109,13:37:40,37.67,10.1333333333,608.0,19
6075,2,H8,Anada,10,Numància - Marquès de Sentmenat,109,13:46:34,46.57,8.916666666633335,535.0,"13,14"
6411,4,H8,Anada,10,Numància - Marquès de Sentmenat,109,13:53:47,53.78,7.200000000033333,432.0,
6407,4,H8,Anada,10,Numància - Marquès de Sentmenat,109,14:15:43,15.72,21.933333333333334,1316.0,"36,37,38"
6036,1,H8,Anada,10,Numància - Marquès de Sentmenat,109,14:18:24,18.4,2.683333333333333,161.0,"18,19"
6100,4,H8,Anada,10,Numància - Marquès de Sentmenat,109,14:30:46,30.77,12.366666666666667,742.0,
6415,4,H8,Anada,10,Numància - Marquès de Sentmenat,109,14:36:12,36.2,5.433333333333334,326.0,
6028,4,H8,Anada,10,Numància - Marquès de Sentmenat,109,14:47:51,47.85,11.65,699.0,
6802,4,H8,Anada,10,Numància - Marquès de Sentmenat,109,14:57:50,57.83,9.983333333366666,599.0,
6211,5,H8,Anada,10,Numància - Marquès de Sentmenat,109,15:03:56,3.93,6.1166666666,367.0,
6800,2,H8,Anada,10,Numància - Marquès de Sentmenat,109,15:23:58,23.97,20.033333333333335,1202.0,
6217,3,H8,Anada,10,Numància - Marquès de Sentmenat,109,15:31:37,31.62,7.633333333366666,458.0,"1,2,3,4,5,6,7,8,19"
6402,5,H8,Anada,10,Numància - Marquès de Sentmenat,109,15:36:30,36.5,4.883333333366666,293.0,
6027,4,H8,Anada,10,Numància - Marquès de Sentmenat,109,15:39:52,39.87,3.383333333266667,203.0,1
6213,5,H8,Anada,10,Numància - Marquès de Sentmenat,109,15:50:54,50.9,11.016666666733332,661.0,1
6034,4,H8,Anada,10,Numància - Marquès de Sentmenat,109,16:03:57,3.95,13.05,783.0,
6406,5,H8,Anada,10,Numància - Marquès de Sentmenat,109,16:12:16,12.27,8.333333333266667,500.0,
6408,5,H8,Anada,10,Numància - Marquès de Sentmenat,109,16:17:27,17.45,5.183333333333334,311.0,
6215,5,H8,Anada,10,Numància - Marquès de Sentmenat,109,16:29:53,29.88,12.416666666733333,745.0,
6409,6,H8,Anada,10,Numància - Marquès de Sentmenat,109,16:41:43,41.72,11.8333333333,710.0,"24,25,26,28,29"
6075,3,H8,Anada,10,Numància - Marquès de Sentmenat,109,16:49:46,49.77,8.050000000033332,483.0,
6411,5,H8,Anada,10,Numància - Marquès de Sentmenat,109,17:02:07,2.12,12.3666666666,742.0,
6407,5,H8,Anada,10,Numància - Marquès de Sentmenat,109,17:09:55,9.92,7.7833333333666666,467.0,
6036,2,H8,Anada,10,Numància - Marquès de Sentmenat,109,17:26:00,26.0,16.083333333333332,965.0,"11,13,14,15,16"
6415,5,H8,Anada,10,Numància - Marquès de Sentmenat,109,17:34:16,34.27,8.2833333333,497.0,1
6028,5,H8,Anada,10,Numància - Marquès de Sentmenat,109,17:43:31,43.52,9.233333333366666,554.0,
6802,5,H8,Anada,10,Numància - Marquès de Sentmenat,109,17:57:52,57.87,14.35,861.0,
6211,6,H8,Anada,10,Numància - Marquès de Sentmenat,109,18:07:55,7.92,10.066666666616667,604.0,
6217,4,H8,Anada,10,Numància - Marquès de Sentmenat,109,18:18:41,18.68,10.766666666683333,646.0,
6800,3,H8,Anada,10,Numància - Marquès de Sentmenat,109,18:21:51,21.85,3.1666666666666665,190.0,
6402,6,H8,Anada,10,Numància - Marquès de Sentmenat,109,18:35:01,35.02,13.150000000066665,789.0,
6213,6,H8,Anada,10,Numància - Marquès de Sentmenat,109,18:44:31,44.52,9.5,570.0,
6034,5,H8,Anada,10,Numància - Marquès de Sentmenat,109,18:53:59,53.98,9.466666666633333,568.0,9
6406,6,H8,Anada,10,Numància - Marquès de Sentmenat,109,19:04:09,4.15,10.166666666666666,610.0,
6408,6,H8,Anada,10,Numància - Marquès de Sentmenat,109,19:12:38,12.63,8.483333333333333,509.0,
6215,6,H8,Anada,10,Numància - Marquès de Sentmenat,109,19:25:21,25.35,12.733333333300001,764.0,
6409,8,H8,Anada,10,Numància - Marquès de Sentmenat,109,19:32:04,32.07,6.700000000066667,402.0,"16,17"
6075,4,H8,Anada,10,Numància - Marquès de Sentmenat,109,19:39:29,39.48,7.433333333266666,446.0,36
6411,6,H8,Anada,10,Numància - Marquès de Sentmenat,109,19:49:35,49.58,10.083333333399999,605.0,"1,2,3,4,5,6,7"
6036,3,H8,Anada,10,Numància - Marquès de Sentmenat,109,20:00:49,0.82,11.233333333333333,674.0,
6117,1,H8,Anada,10,Numància - Marquès de Sentmenat,109,20:13:34,13.57,12.75,765.0,
6415,6,H8,Anada,10,Numància - Marquès de Sentmenat,109,20:21:36,21.6,8.0333333333,482.0,
6211,7,H8,Anada,10,Numància - Marquès de Sentmenat,109,20:42:19,42.32,20.733333333283333,1244.0,
6217,5,H8,Anada,10,Numància - Marquès de Sentmenat,109,20:53:15,53.25,10.916666666716667,655.0,
6402,7,H8,Anada,10,Numància - Marquès de Sentmenat,109,21:09:12,9.2,15.95,957.0,
6034,6,H8,Anada,10,Numància - Marquès de Sentmenat,109,21:25:31,25.52,16.316666666699998,979.0,32
6408,7,H8,Anada,10,Numància - Marquès de Sentmenat,109,21:43:06,43.1,17.583333333333332,1055.0,"19,21,22,23"
6211,1,H8,Anada,11,Berlín - Nicaragua,396,03:36:11,36.18,,,"1,2,3,4,5,6,7,8,9,10"
6402,1,H8,Anada,11,Berlín - Nicaragua,396,03:52:16,52.27,16.099999999966666,966.0,1
6213,1,H8,Anada,11,Berlín - Nicaragua,396,04:00:27,0.45,8.166666666733333,490.0,
6406,1,H8,Anada,11,Berlín - Nicaragua,396,04:12:34,12.57,12.116666666633334,727.0,
6110,1,H8,Anada,11,Berlín - Nicaragua,396,04:25:47,25.78,13.233333333300001,794.0,1
6408,1,H8,Anada,11,Berlín - Nicaragua,396,04:28:08,28.13,2.333333333366667,140.0,
6215,1,H8,Anada,11,Berlín - Nicaragua,396,04:38:19,38.32,10.183333333333334,611.0,
6409,2,H8,Anada,11,Berlín - Nicaragua,396,04:46:05,46.08,7.783333333300001,467.0,"9,17,18"
6217,1,H8,Anada,11,Berlín - Nicaragua,396,04:59:42,59.7,13.616666666666667,817.0,1
6411,1,H8,Anada,11,Berlín - Nicaragua,396,05:07:37,7.62,7.900000000066667,474.0,
6407,1,H8,Anada,11,Berlín - Nicaragua,396,05:17:15,17.25,9.6333333333,578.0,
6204,1,H8,Anada,11,Berlín - Nicaragua,396,05:24:14,24.23,6.983333333366667,419.0,
6100,1,H8,Anada,11,Berlín - Nicaragua,396,05:29:03,29.05,4.816666666633334,289.0,
6415,1,H8,Anada,11,Berlín - Nicaragua,396,05:40:07,40.12,11.0666666667,664.0,
6028,1,H8,Anada,11,Berlín - Nicaragua,396,05:52:40,52.67,12.566666666600002,754.0,
6802,1,H8,Anada,11,Berlín - Nicaragua,396,06:00:49,0.82,8.15,489.0,
6209,2,H8,Anada,11,Berlín - Nicaragua,396,06:11:59,11.98,11.150000000033334,669.0,
6211,2,H8,Anada,11,Berlín - Nicaragua,396,06:19:46,19.77,7.7833333333666666,467.0,
6401,1,H8,Anada,11,Berlín - Nicaragua,396,06:28:52,28.87,9.099999999966666,546.0,9
6402,2,H8,Anada,11,Berlín - Nicaragua,396,06:37:06,37.1,8.233333333366666,494.0,
6027,1,H8,Anada,11,Berlín - Nicaragua,396,06:42:13,42.22,5.116666666633334,307.0,
6213,2,H8,Anada,11,Berlín - Nicaragua,396,06:52:59,52.98,10.7833333333,647.0,
6034,1,H8,Anada,11,Berlín - Nicaragua,396,06:59:43,59.72,6.7166666667333335,403.0,36
6406,2,H8,Anada,11,Berlín - Nicaragua,396,07:13:59,13.98,14.266666666666667,856.0,33
6110,2,H8,Anada,11,Berlín - Nicaragua,396,07:20:39,20.65,6.666666666666667,400.0,
6408,2,H8,Anada,11,Berlín - Nicaragua,396,07:27:07,27.12,6.483333333266667,389.0,9
6215,2,H8,Anada,11,Berlín - Nicaragua,396,07:36:43,36.72,9.583333333399999,575.0,
6409,3,H8,Anada,11,Berlín - Nicaragua,396,07:46:12,46.2,9.483333333333333,569.0,
6217,2,H8,Anada,11,Berlín - Nicaragua,396,07:57:18,57.3,11.1166666666,667.0,
6411,2,H8,Anada,11,Berlín - Nicaragua,396,08:07:14,7.23,9.916666666733333,595.0,
6407,2,H8,Anada,11,Berlín - Nicaragua,396,08:14:45,14.75,7.516666666633333,451.0,
6204,2,H8,Anada,11,Berlín - Nicaragua,396,08:25:56,25.93,11.183333333366667,671.0,
6415,2,H8,Anada,11,Berlín - Nicaragua,396,08:36:01,36.02,9.8666666667,592.0,
6028,2,H8,Anada,11,Berlín - Nicaragua,396,08:54:40,54.67,18.65,1119.0,
6802,2,H8,Anada,11,Berlín - Nicaragua,396,08:59:31,59.52,4.8666666666,292.0,
6209,3,H8,Anada,11,Berlín - Nicaragua,396,09:12:25,12.42,12.883333333383332,773.0,
6211,3,H8,Anada,11,Berlín - Nicaragua,396,09:19:49,19.82,7.416666666633334,445.0,
6402,3,H8,Anada,11,Berlín - Nicaragua,396,09:35:07,35.12,15.283333333383332,917.0,1
6027,2,H8,Anada,11,Berlín - Nicaragua,396,09:39:39,39.65,4.533333333333333,272.0,1
6213,3,H8,Anada,11,Berlín - Nicaragua,396,09:54:17,54.28,14.6333333333,878.0,
6034,2,H8,Anada,11,Berlín - Nicaragua,396,10:03:58,3.97,9.683333333366667,581.0,
6406,3,H8,Anada,11,Berlín - Nicaragua,396,10:18:03,18.05,14.099999999933335,846.0,
6408,3,H8,Anada,11,Berlín - Nicaragua,396,10:26:09,26.15,8.0833333334,485.0,
6215,3,H8,Anada,11,Berlín - Nicaragua,396,10:30:43,30.72,4.566666666666666,274.0,9
6409,4,H8,Anada,11,Berlín - Nicaragua,396,10:45:25,45.42,14.7166666666,883.0,
6411,3,H8,Anada,11,Berlín - Nicaragua,396,11:00:05,0.08,14.650000000066665,879.0,1
6407,3,H8,Anada,11,Berlín - Nicaragua,396,11:15:40,15.67,15.583333333333334,935.0,
6100,3,H8,Anada,11,Berlín - Nicaragua,396,11:23:52,23.87,8.199999999966668,492.0,
6415,3,H8,Anada,11,Berlín - Nicaragua,396,11:40:14,40.23,16.3666666667,982.0,
6028,3,H8,Anada,11,Berlín - Nicaragua,396,11:49:03,49.05,8.833333333266667,530.0,
6802,3,H8,Anada,11,Berlín - Nicaragua,396,11:59:16,59.27,10.200000000066666,612.0,
6209,4,H8,Anada,11,Berlín - Nicaragua,396,12:11:51,11.85,12.583333333333334,755.0,
6211,4,H8,Anada,11,Berlín - Nicaragua,396,12:18:02,18.03,6.1999999999333335,372.0,
6800,1,H8,Anada,11,Berlín - Nicaragua,396,12:25:54,25.9,7.850000000033333,471.0,
6402,4,H8,Anada,11,Berlín - Nicaragua,396,12:36:44,36.73,10.833333333333334,650.0,
6027,3,H8,Anada,11,Berlín - Nicaragua,396,12:42:03,42.05,5.316666666666666,319.0,
6034,3,H8,Anada,11,Berlín - Nicaragua,396,12:59:48,59.8,17.75,1065.0,"26,31"
6406,4,H8,Anada,11,Berlín - Nicaragua,396,13:06:05,6.08,6.299999999966667,378.0,
6408,4,H8,Anada,11,Berlín - Nicaragua,396,13:20:33,20.55,14.450000000066666,867.0,
6215,4,H8,Anada,11,Berlín - Nicaragua,396,13:30:09,30.15,9.6166666666,577.0,
6409,5,H8,Anada,11,Berlín - Nicaragua,396,13:41:15,41.25,11.083333333366665,665.0,19
6075,2,H8,Anada,11,Berlín - Nicaragua,396,13:49:10,49.17,7.9333333333,476.0,"13,14"
6411,4,H8,Anada,11,Berlín - Nicaragua,396,13:57:38,57.63,8.450000000066668,507.0,
6407,4,H8,Anada,11,Berlín - Nicaragua,396,14:19:17,19.28,21.65,1299.0,"36,37,38"
6036,1,H8,Anada,11,Berlín - Nicaragua,396,14:21:16,21.27,1.9833333333,119.0,"18,19"
6100,4,H8,Anada,11,Berlín - Nicaragua,396,14:32:12,32.2,10.949999999966668,657.0,
6415,4,H8,Anada,11,Berlín - Nicaragua,396,14:38:50,38.83,6.616666666733334,397.0,
6028,4,H8,Anada,11,Berlín - Nicaragua,396,14:51:10,51.17,12.333333333333334,740.0,
6802,4,H8,Anada,11,Berlín - Nicaragua,396,14:59:58,59.97,8.799999999966667,528.0,
6211,5,H8,Anada,11,Berlín - Nicaragua,396,15:06:03,6.05,6.099999999966667,366.0,
6800,2,H8,Anada,11,Berlín - Nicaragua,396,15:26:51,26.85,20.783333333366667,1247.0,
6217,3,H8,Anada,11,Berlín - Nicaragua,396,15:34:00,34.0,7.150000000033333,429.0,"1,2,3,4,5,6,7,8,19"
6402,5,H8,Anada,11,Berlín - Nicaragua,396,15:39:51,39.85,5.849999999966667,351.0,
6027,4,H8,Anada,11,Berlín - Nicaragua,396,15:42:43,42.72,2.8833333333,173.0,1
6213,5,H8,Anada,11,Berlín - Nicaragua,396,15:54:19,54.32,11.6,696.0,1
6034,4,H8,Anada,11,Berlín - Nicaragua,396,16:06:38,6.63,12.300000000066666,738.0,
6406,5,H8,Anada,11,Berlín - Nicaragua,396,16:14:30,14.5,7.866666666633334,472.0,
6408,5,H8,Anada,11,Berlín - Nicaragua,396,16:19:41,19.68,5.183333333333334,311.0,
6215,5,H8,Anada,11,Berlín - Nicaragua,396,16:33:55,33.92,14.249999999966667,855.0,
6409,6,H8,Anada,11,Berlín - Nicaragua,396,16:45:13,45.22,11.2833333334,677.0,"24,25,26,28,29"
6075,3,H8,Anada,11,Berlín - Nicaragua,396,16:51:56,51.93,6.716666666666667,403.0,
6411,5,H8,Anada,11,Berlín - Nicaragua,396,17:04:10,4.17,12.233333333300001,734.0,
6407,5,H8,Anada,11,Berlín - Nicaragua,396,17:12:46,12.77,8.600000000033333,516.0,
6415,5,H8,Anada,11,Berlín - Nicaragua,396,17:36:24,36.4,23.649999999933335,1419.0,1
6028,5,H8,Anada,11,Berlín - Nicaragua,396,17:45:59,45.98,9.583333333333334,575.0,
6802,5,H8,Anada,11,Berlín - Nicaragua,396,18:00:17,0.28,14.283333333366667,857.0,
6211,6,H8,Anada,11,Berlín - Nicaragua,396,18:10:15,10.25,9.966666666666667,598.0,
6217,4,H8,Anada,11,Berlín - Nicaragua,396,18:19:47,19.78,9.549999999966667,573.0,
6800,3,H8,Anada,11,Berlín - Nicaragua,396,18:23:58,23.97,4.166666666733333,250.0,
6402,6,H8,Anada,11,Berlín - Nicaragua,396,18:38:49,38.82,14.8666666666,892.0,
6213,6,H8,Anada,11,Berlín - Nicaragua,396,18:47:00,47.0,8.183333333333334,491.0,
6034,5,H8,Anada,11,Berlín - Nicaragua,396,18:56:49,56.82,9.800000000066666,588.0,9
6406,6,H8,Anada,11,Berlín - Nicaragua,396,19:07:17,7.28,10.466666666666667,628.0,
6408,6,H8,Anada,11,Berlín - Nicaragua,396,19:13:28,13.47,6.183333333333334,371.0,
6215,6,H8,Anada,11,Berlín - Nicaragua,396,19:28:12,28.2,14.733333333300001,884.0,
6409,8,H8,Anada,11,Berlín - Nicaragua,396,19:34:17,34.28,6.099999999966667,366.0,"16,17"
6075,4,H8,Anada,11,Berlín - Nicaragua,396,19:42:25,42.42,8.116666666733334,487.0,36
6411,6,H8,Anada,11,Berlín - Nicaragua,396,19:52:19,52.32,9.899999999966667,594.0,"1,2,3,4,5,6,7"
6036,3,H8,Anada,11,Berlín - Nicaragua,396,20:01:49,1.82,9.500000000033333,570.0,
6117,1,H8,Anada,11,Berlín - Nicaragua,396,20:16:14,16.23,14.433333333266667,866.0,
6415,6,H8,Anada,11,Berlín - Nicaragua,396,20:23:58,23.97,7.7166666667333335,463.0,
6211,7,H8,Anada,11,Berlín - Nicaragua,396,20:43:30,43.5,19.533333333333335,1172.0,
6217,5,H8,Anada,11,Berlín - Nicaragua,396,20:55:13,55.22,11.733333333266668,704.0,
6402,7,H8,Anada,11,Berlín - Nicaragua,396,21:11:07,11.12,15.9,954.0,
6034,6,H8,Anada,11,Berlín - Nicaragua,396,21:28:08,28.13,17.00000000003333,1020.0,32
6408,7,H8,Anada,11,Berlín - Nicaragua,396,21:45:00,45.0,16.866666666666667,1012.0,"19,21,22,23"
6211,1,H8,Anada,12,Josep Tarradellas - París,1253,03:37:41,37.68,,,"1,2,3,4,5,6,7,8,9,10"
6402,1,H8,Anada,12,Josep Tarradellas - París,1253,03:53:29,53.48,15.8,948.0,1
6213,1,H8,Anada,12,Josep Tarradellas - París,1253,04:01:25,1.42,7.916666666733334,475.0,
6406,1,H8,Anada,12,Josep Tarradellas - París,1253,04:14:09,14.15,12.733333333300001,764.0,
6110,1,H8,Anada,12,Josep Tarradellas - París,1253,04:27:19,27.32,13.166666666666666,790.0,1
6408,1,H8,Anada,12,Josep Tarradellas - París,1253,04:29:37,29.62,2.3,138.0,
6215,1,H8,Anada,12,Josep Tarradellas - París,1253,04:40:48,40.8,11.199999999966668,672.0,
6409,2,H8,Anada,12,Josep Tarradellas - París,1253,04:48:16,48.27,7.450000000066667,447.0,"9,17,18"
6217,1,H8,Anada,12,Josep Tarradellas - París,1253,05:01:32,1.53,13.266666666633334,796.0,1
6411,1,H8,Anada,12,Josep Tarradellas - París,1253,05:09:52,9.87,8.349999999966666,501.0,
6407,1,H8,Anada,12,Josep Tarradellas - París,1253,05:18:57,18.95,9.0666666667,544.0,
6204,1,H8,Anada,12,Josep Tarradellas - París,1253,05:25:22,25.37,6.4333333333,386.0,
6100,1,H8,Anada,12,Josep Tarradellas - París,1253,05:30:29,30.48,5.100000000033333,306.0,
6415,1,H8,Anada,12,Josep Tarradellas - París,1253,05:41:46,41.77,11.283333333333333,677.0,
6028,1,H8,Anada,12,Josep Tarradellas - París,1253,05:54:49,54.82,13.050000000033332,783.0,
6802,1,H8,Anada,12,Josep Tarradellas - París,1253,06:02:55,2.92,8.099999999966666,486.0,
6209,2,H8,Anada,12,Josep Tarradellas - París,1253,06:13:45,13.75,10.833333333333334,650.0,
6211,2,H8,Anada,12,Josep Tarradellas - París,1253,06:22:22,22.37,8.6333333333,518.0,
6401,1,H8,Anada,12,Josep Tarradellas - París,1253,06:32:07,32.12,9.7333333334,584.0,9
6402,2,H8,Anada,12,Josep Tarradellas - París,1253,06:39:34,39.57,7.45,447.0,
6027,1,H8,Anada,12,Josep Tarradellas - París,1253,06:44:27,44.45,4.8833333333,293.0,
6213,2,H8,Anada,12,Josep Tarradellas - París,1253,06:55:23,55.38,10.933333333333334,656.0,
6034,1,H8,Anada,12,Josep Tarradellas - París,1253,07:01:14,1.23,5.866666666633334,352.0,36
6406,2,H8,Anada,12,Josep Tarradellas - París,1253,07:16:34,16.57,15.333333333333334,920.0,33
6110,2,H8,Anada,12,Josep Tarradellas - París,1253,07:23:13,23.22,6.633333333366666,398.0,
6408,2,H8,Anada,12,Josep Tarradellas - París,1253,07:29:42,29.7,6.499999999966667,390.0,9
6215,2,H8,Anada,12,Josep Tarradellas - París,1253,07:38:51,38.85,9.1333333334,548.0,
6409,3,H8,Anada,12,Josep Tarradellas - París,1253,07:48:19,48.32,9.466666666633333,568.0,
6217,2,H8,Anada,12,Josep Tarradellas - París,1253,07:59:48,59.8,11.499999999966667,690.0,
6411,2,H8,Anada,12,Josep Tarradellas - París,1253,08:09:15,9.25,9.433333333366667,566.0,
6407,2,H8,Anada,12,Josep Tarradellas - París,1253,08:16:25,16.42,7.166666666699999,430.0,
6204,2,H8,Anada,12,Josep Tarradellas - París,1253,08:28:23,28.38,11.966666666650001,718.0,
6415,2,H8,Anada,12,Josep Tarradellas - París,1253,08:38:26,38.43,10.049999999933334,603.0,
6028,2,H8,Anada,12,Josep Tarradellas - París,1253,08:57:16,57.27,18.816666666733333,1129.0,
6802,2,H8,Anada,12,Josep Tarradellas - París,1253,09:02:02,2.03,4.7833333332666665,287.0,
6209,3,H8,Anada,12,Josep Tarradellas - París,1253,09:15:04,15.07,13.016666666699999,781.0,
6211,3,H8,Anada,12,Josep Tarradellas - París,1253,09:22:53,22.88,7.833333333300001,470.0,
6402,3,H8,Anada,12,Josep Tarradellas - París,1253,09:37:27,37.45,14.566666666666666,874.0,1
6027,2,H8,Anada,12,Josep Tarradellas - París,1253,09:44:35,44.58,7.116666666733334,427.0,1
6213,3,H8,Anada,12,Josep Tarradellas - París,1253,09:56:38,56.63,12.05,723.0,
6034,2,H8,Anada,12,Josep Tarradellas - París,1253,10:06:42,6.7,10.066666666633333,604.0,
6406,3,H8,Anada,12,Josep Tarradellas - París,1253,10:20:10,20.17,13.466666666666667,808.0,
6408,3,H8,Anada,12,Josep Tarradellas - París,1253,10:28:25,28.42,8.266666666633334,496.0,
6215,3,H8,Anada,12,Josep Tarradellas - París,1253,10:33:15,33.25,4.833333333333333,290.0,9
6409,4,H8,Anada,12,Josep Tarradellas - París,1253,10:47:31,47.52,14.266666666666667,856.0,
6411,3,H8,Anada,12,Josep Tarradellas - París,1253,11:01:43,1.72,14.183333333366667,851.0,1
6407,3,H8,Anada,12,Josep Tarradellas - París,1253,11:17:49,17.82,16.100000000033333,966.0,
6100,3,H8,Anada,12,Josep Tarradellas - París,1253,11:26:05,26.08,8.266666666633334,496.0,
6415,3,H8,Anada,12,Josep Tarradellas - París,1253,11:42:14,42.23,16.15,969.0,
6028,3,H8,Anada,12,Josep Tarradellas - París,1253,11:51:50,51.83,9.6,576.0,
6802,3,H8,Anada,12,Josep Tarradellas - París,1253,12:01:30,1.5,9.6833333333,581.0,
6209,4,H8,Anada,12,Josep Tarradellas - París,1253,12:14:09,14.15,12.6333333334,758.0,
6211,4,H8,Anada,12,Josep Tarradellas - París,1253,12:20:25,20.42,6.266666666666667,376.0,
6800,1,H8,Anada,12,Josep Tarradellas - París,1253,12:27:46,27.77,7.349999999966667,441.0,
6402,4,H8,Anada,12,Josep Tarradellas - París,1253,12:39:28,39.47,11.7,702.0,
6027,3,H8,Anada,12,Josep Tarradellas - París,1253,12:43:47,43.78,4.3166666667,259.0,
6034,3,H8,Anada,12,Josep Tarradellas - París,1253,13:01:36,1.6,17.816666666633335,1069.0,"26,31"
6406,4,H8,Anada,12,Josep Tarradellas - París,1253,13:07:48,7.8,6.200000000033333,372.0,
6408,4,H8,Anada,12,Josep Tarradellas - París,1253,13:22:42,22.7,14.899999999966667,894.0,
6215,4,H8,Anada,12,Josep Tarradellas - París,1253,13:32:36,32.6,9.900000000033334,594.0,
6409,5,H8,Anada,12,Josep Tarradellas - París,1253,13:43:57,43.95,11.366666666583335,682.0,19
6075,2,H8,Anada,12,Josep Tarradellas - París,1253,13:50:39,50.65,6.683333333383334,401.0,"13,14"
6411,4,H8,Anada,12,Josep Tarradellas - París,1253,13:59:32,59.53,8.883333333366666,533.0,
6407,4,H8,Anada,12,Josep Tarradellas - París,1253,14:21:35,21.58,22.049999999966666,1323.0,"36,37,38"
6036,1,H8,Anada,12,Josep Tarradellas - París,1253,14:24:13,24.22,2.6333333333333333,158.0,"18,19"
6100,4,H8,Anada,12,Josep Tarradellas - París,1253,14:34:53,34.88,10.6833333333,641.0,
6415,4,H8,Anada,12,Josep Tarradellas - París,1253,14:41:10,41.17,6.283333333333333,377.0,
6028,4,H8,Anada,12,Josep Tarradellas - París,1253,14:54:15,54.25,13.0666666667,784.0,
6802,4,H8,Anada,12,Josep Tarradellas - París,1253,15:02:34,2.57,8.316666666666666,499.0,
6211,5,H8,Anada,12,Josep Tarradellas - París,1253,15:08:19,8.32,5.766666666633333,346.0,
6201,1,H8,Anada,12,Josep Tarradellas - París,1253,15:15:00,15.0,6.683333333333334,401.0,"1,2,3,4,5,6,7,8,9,10,11"
6800,2,H8,Anada,12,Josep Tarradellas - París,1253,15:29:31,29.52,14.516666666666667,871.0,
6217,3,H8,Anada,12,Josep Tarradellas - París,1253,15:34:37,34.62,5.083333333400001,305.0,"1,2,3,4,5,6,7,8,19"
6402,5,H8,Anada,12,Josep Tarradellas - París,1253,15:42:01,42.02,7.4,444.0,
6027,4,H8,Anada,12,Josep Tarradellas - París,1253,15:44:14,44.23,2.2333333332666667,134.0,1
6213,5,H8,Anada,12,Josep Tarradellas - París,1253,15:56:11,56.18,11.933333333399998,716.0,1
6034,4,H8,Anada,12,Josep Tarradellas - París,1253,16:08:43,8.72,12.5333333333,752.0,
6406,5,H8,Anada,12,Josep Tarradellas - París,1253,16:17:15,17.25,8.549999999966667,513.0,
6408,5,H8,Anada,12,Josep Tarradellas - París,1253,16:21:50,21.83,4.566666666716667,274.0,
6215,5,H8,Anada,12,Josep Tarradellas - París,1253,16:36:31,36.52,14.683333333316666,881.0,
6409,6,H8,Anada,12,Josep Tarradellas - París,1253,16:46:48,46.8,10.299999999966667,618.0,"24,25,26,28,29"
6075,3,H8,Anada,12,Josep Tarradellas - París,1253,16:53:28,53.47,6.666666666666667,400.0,
6411,5,H8,Anada,12,Josep Tarradellas - París,1253,17:06:35,6.58,13.100000000066666,786.0,
6407,5,H8,Anada,12,Josep Tarradellas - París,1253,17:14:39,14.65,8.066666666666666,484.0,
6036,2,H8,Anada,12,Josep Tarradellas - París,1253,17:26:29,26.48,11.833333333333334,710.0,"11,13,14,15,16"
6415,5,H8,Anada,12,Josep Tarradellas - París,1253,17:38:06,38.1,11.633333333266668,698.0,1
6028,5,H8,Anada,12,Josep Tarradellas - París,1253,17:47:12,47.2,9.1,546.0,
6802,5,H8,Anada,12,Josep Tarradellas - París,1253,18:02:51,2.85,15.6333333334,938.0,
6211,6,H8,Anada,12,Josep Tarradellas - París,1253,18:11:31,11.52,8.666666666666666,520.0,
6217,4,H8,Anada,12,Josep Tarradellas - París,1253,18:20:49,20.82,9.3,558.0,
6800,3,H8,Anada,12,Josep Tarradellas - París,1253,18:26:43,26.72,5.9,354.0,
6402,6,H8,Anada,12,Josep Tarradellas - París,1253,18:40:49,40.82,14.099999999966666,846.0,
6213,6,H8,Anada,12,Josep Tarradellas - París,1253,18:49:06,49.1,8.283333333333333,497.0,
6034,5,H8,Anada,12,Josep Tarradellas - París,1253,18:58:15,58.25,9.150000000033334,549.0,9
6406,6,H8,Anada,12,Josep Tarradellas - París,1253,19:09:43,9.72,11.466666666666667,688.0,
6408,6,H8,Anada,12,Josep Tarradellas - París,1253,19:15:17,15.28,5.583333333266666,335.0,
6215,6,H8,Anada,12,Josep Tarradellas - París,1253,19:29:28,29.47,14.1666666667,850.0,
6409,8,H8,Anada,12,Josep Tarradellas - París,1253,19:36:23,36.38,6.916666666699999,415.0,"16,17"
6075,4,H8,Anada,12,Josep Tarradellas - París,1253,19:43:34,43.57,7.183333333333334,431.0,36
6411,6,H8,Anada,12,Josep Tarradellas - París,1253,19:53:58,53.97,10.4,624.0,"1,2,3,4,5,6,7"
6036,3,H8,Anada,12,Josep Tarradellas - París,1253,20:02:58,2.97,9.016666666616667,541.0,
6117,1,H8,Anada,12,Josep Tarradellas - París,1253,20:17:51,17.85,14.883333333316667,893.0,
6415,6,H8,Anada,12,Josep Tarradellas - París,1253,20:25:22,25.37,7.500000000066667,450.0,
6211,7,H8,Anada,12,Josep Tarradellas - París,1253,20:44:48,44.8,19.433333333300002,1166.0,
6217,5,H8,Anada,12,Josep Tarradellas - París,1253,20:56:37,56.62,11.8333333333,710.0,
6402,7,H8,Anada,12,Josep Tarradellas - París,1253,21:12:16,12.27,15.6333333334,938.0,
6034,6,H8,Anada,12,Josep Tarradellas - París,1253,21:29:28,29.47,17.216666666600002,1033.0,32
6408,7,H8,Anada,12,Josep Tarradellas - París,1253,21:47:31,47.52,18.033333333366667,1082.0,"19,21,22,23"
6211,1,H8,Anada,13,Josep Tarradellas - Viladomat,1554,03:39:14,39.23,,,"1,2,3,4,5,6,7,8,9,10"
6402,1,H8,Anada,13,Josep Tarradellas - Viladomat,1554,03:55:20,55.33,16.1,966.0,1
6213,1,H8,Anada,13,Josep Tarradellas - Viladomat,1554,04:03:01,3.02,7.6999999999333335,462.0,
6406,1,H8,Anada,13,Josep Tarradellas - Viladomat,1554,04:16:17,16.28,13.266666666666667,796.0,
6110,1,H8,Anada,13,Josep Tarradellas - Viladomat,1554,04:29:31,29.52,13.2166666667,793.0,1
6408,1,H8,Anada,13,Josep Tarradellas - Viladomat,1554,04:31:14,31.23,1.7166666667,103.0,
6215,1,H8,Anada,13,Josep Tarradellas - Viladomat,1554,04:42:31,42.52,11.283333333333333,677.0,
6409,2,H8,Anada,13,Josep Tarradellas - Viladomat,1554,04:49:03,49.05,6.533333333300001,392.0,"9,17,18"
6217,1,H8,Anada,13,Josep Tarradellas - Viladomat,1554,05:03:49,3.82,14.766666666666667,886.0,1
6411,1,H8,Anada,13,Josep Tarradellas - Viladomat,1554,05:11:36,11.6,7.79999999995,468.0,
6407,1,H8,Anada,13,Josep Tarradellas - Viladomat,1554,05:20:09,20.15,8.550000000016666,513.0,
6204,1,H8,Anada,13,Josep Tarradellas - Viladomat,1554,05:27:30,27.5,7.35,441.0,
6100,1,H8,Anada,13,Josep Tarradellas - Viladomat,1554,05:32:39,32.65,5.15,309.0,
6415,1,H8,Anada,13,Josep Tarradellas - Viladomat,1554,05:43:36,43.6,10.95,657.0,
6028,1,H8,Anada,13,Josep Tarradellas - Viladomat,1554,05:56:16,56.27,12.650000000033334,759.0,
6802,1,H8,Anada,13,Josep Tarradellas - Viladomat,1554,06:04:42,4.7,8.433333333333334,506.0,
6209,2,H8,Anada,13,Josep Tarradellas - Viladomat,1554,06:16:12,16.2,11.500000000033333,690.0,
6211,2,H8,Anada,13,Josep Tarradellas - Viladomat,1554,06:24:39,24.65,8.466666666583333,508.0,
6401,1,H8,Anada,13,Josep Tarradellas - Viladomat,1554,06:33:40,33.67,9.000000000083332,540.0,9
6402,2,H8,Anada,13,Josep Tarradellas - Viladomat,1554,06:41:24,41.4,7.7333333333,464.0,
6027,1,H8,Anada,13,Josep Tarradellas - Viladomat,1554,06:46:27,46.45,5.066666666633334,304.0,
6213,2,H8,Anada,13,Josep Tarradellas - Viladomat,1554,06:56:09,56.15,9.7,582.0,
6034,1,H8,Anada,13,Josep Tarradellas - Viladomat,1554,07:03:30,3.5,7.333333333366666,440.0,36
6406,2,H8,Anada,13,Josep Tarradellas - Viladomat,1554,07:18:25,18.42,14.9333333333,896.0,33
6110,2,H8,Anada,13,Josep Tarradellas - Viladomat,1554,07:24:31,24.52,6.083333333400001,365.0,
6408,2,H8,Anada,13,Josep Tarradellas - Viladomat,1554,07:31:44,31.73,7.2166666666333334,433.0,9
6215,2,H8,Anada,13,Josep Tarradellas - Viladomat,1554,07:40:36,40.6,8.866666666666667,532.0,
6409,3,H8,Anada,13,Josep Tarradellas - Viladomat,1554,07:50:16,50.27,9.6666666667,580.0,
6217,2,H8,Anada,13,Josep Tarradellas - Viladomat,1554,08:01:39,1.65,11.3833333333,683.0,
6411,2,H8,Anada,13,Josep Tarradellas - Viladomat,1554,08:10:47,10.78,9.149999999966667,549.0,
6407,2,H8,Anada,13,Josep Tarradellas - Viladomat,1554,08:19:00,19.0,8.200000000033333,492.0,
6204,2,H8,Anada,13,Josep Tarradellas - Viladomat,1554,08:30:18,30.3,11.316666666633333,679.0,
6415,2,H8,Anada,13,Josep Tarradellas - Viladomat,1554,08:39:52,39.87,9.416666666733333,565.0,
6028,2,H8,Anada,13,Josep Tarradellas - Viladomat,1554,08:59:58,59.97,20.1,1206.0,
6802,2,H8,Anada,13,Josep Tarradellas - Viladomat,1554,09:04:05,4.08,4.116666666633333,247.0,
6209,3,H8,Anada,13,Josep Tarradellas - Viladomat,1554,09:17:03,17.05,12.983333333300001,779.0,
6211,3,H8,Anada,13,Josep Tarradellas - Viladomat,1554,09:24:36,24.6,7.55,453.0,
6402,3,H8,Anada,13,Josep Tarradellas - Viladomat,1554,09:39:10,39.17,14.550000000033332,873.0,1
6027,2,H8,Anada,13,Josep Tarradellas - Viladomat,1554,09:47:29,47.48,8.3166666667,499.0,1
6213,3,H8,Anada,13,Josep Tarradellas - Viladomat,1554,09:58:29,58.48,10.999999999966667,660.0,
6034,2,H8,Anada,13,Josep Tarradellas - Viladomat,1554,10:07:52,7.87,9.399999999966667,564.0,
6406,3,H8,Anada,13,Josep Tarradellas - Viladomat,1554,10:22:49,22.82,14.933333333399998,896.0,
6408,3,H8,Anada,13,Josep Tarradellas - Viladomat,1554,10:30:25,30.42,7.6,456.0,
6215,3,H8,Anada,13,Josep Tarradellas - Viladomat,1554,10:35:22,35.37,4.949999999966667,297.0,9
6409,4,H8,Anada,13,Josep Tarradellas - Viladomat,1554,10:49:40,49.67,14.316666666633333,859.0,
6411,3,H8,Anada,13,Josep Tarradellas - Viladomat,1554,11:03:46,3.77,14.1,846.0,1
6407,3,H8,Anada,13,Josep Tarradellas - Viladomat,1554,11:19:38,19.63,15.866666666666667,952.0,
6100,3,H8,Anada,13,Josep Tarradellas - Viladomat,1554,11:28:24,28.4,8.750000000033333,525.0,
6415,3,H8,Anada,13,Josep Tarradellas - Viladomat,1554,11:43:52,43.87,15.483333333300001,929.0,
6028,3,H8,Anada,13,Josep Tarradellas - Viladomat,1554,11:53:22,53.37,9.5,570.0,
6802,3,H8,Anada,13,Josep Tarradellas - Viladomat,1554,12:02:58,2.97,9.583333333399999,575.0,
6209,4,H8,Anada,13,Josep Tarradellas - Viladomat,1554,12:15:55,15.92,12.966666666616668,778.0,
6211,4,H8,Anada,13,Josep Tarradellas - Viladomat,1554,12:22:10,22.17,6.233333333383333,374.0,
6800,1,H8,Anada,13,Josep Tarradellas - Viladomat,1554,12:30:03,30.05,7.883333333333334,473.0,
6402,4,H8,Anada,13,Josep Tarradellas - Viladomat,1554,12:41:28,41.47,11.433333333266667,686.0,
6027,3,H8,Anada,13,Josep Tarradellas - Viladomat,1554,12:46:20,46.33,4.850000000033333,291.0,
6034,3,H8,Anada,13,Josep Tarradellas - Viladomat,1554,13:02:32,2.53,16.05,963.0,"26,31"
6406,4,H8,Anada,13,Josep Tarradellas - Viladomat,1554,13:10:05,10.08,7.566666666633334,454.0,
6408,4,H8,Anada,13,Josep Tarradellas - Viladomat,1554,13:24:28,24.47,14.38333333335,863.0,
6215,4,H8,Anada,13,Josep Tarradellas - Viladomat,1554,13:34:19,34.32,9.833333333383333,590.0,
6409,5,H8,Anada,13,Josep Tarradellas - Viladomat,1554,13:45:53,45.88,11.566666666666666,694.0,19
6411,4,H8,Anada,13,Josep Tarradellas - Viladomat,1554,14:01:31,1.52,15.649999999933334,939.0,
6407,4,H8,Anada,13,Josep Tarradellas - Viladomat,1554,14:23:56,23.93,22.416666666666668,1345.0,"36,37,38"
6036,1,H8,Anada,13,Josep Tarradellas - Viladomat,1554,14:25:45,25.75,1.8000000000333332,108.0,"18,19"
6100,4,H8,Anada,13,Josep Tarradellas - Viladomat,1554,14:36:32,36.53,10.783333333333333,647.0,
6415,4,H8,Anada,13,Josep Tarradellas - Viladomat,1554,14:42:51,42.85,6.3166666667,379.0,
6028,4,H8,Anada,13,Josep Tarradellas - Viladomat,1554,14:55:50,55.83,12.983333333333333,779.0,
6802,4,H8,Anada,13,Josep Tarradellas - Viladomat,1554,15:03:59,3.98,8.15,489.0,
6211,5,H8,Anada,13,Josep Tarradellas - Viladomat,1554,15:10:34,10.57,6.583333333333333,395.0,
6201,1,H8,Anada,13,Josep Tarradellas - Viladomat,1554,15:16:39,16.65,6.083333333333333,365.0,"1,2,3,4,5,6,7,8,9,10,11"
6800,2,H8,Anada,13,Josep Tarradellas - Viladomat,1554,15:31:20,31.33,14.683333333333334,881.0,
6217,3,H8,Anada,13,Josep Tarradellas - Viladomat,1554,15:37:37,37.62,6.283333333333333,377.0,"1,2,3,4,5,6,7,8,19"
6402,5,H8,Anada,13,Josep Tarradellas - Viladomat,1554,15:44:02,44.03,6.416666666666667,385.0,
6027,4,H8,Anada,13,Josep Tarradellas - Viladomat,1554,15:45:37,45.62,1.5999999999333334,96.0,1
6213,5,H8,Anada,13,Josep Tarradellas - Viladomat,1554,15:58:30,58.5,12.883333333333333,773.0,1
6034,4,H8,Anada,13,Josep Tarradellas - Viladomat,1554,16:10:21,10.35,11.85,711.0,
6406,5,H8,Anada,13,Josep Tarradellas - Viladomat,1554,16:17:32,17.53,7.166666666699999,430.0,
6408,5,H8,Anada,13,Josep Tarradellas - Viladomat,1554,16:23:51,23.85,6.3166666667,379.0,
6215,5,H8,Anada,13,Josep Tarradellas - Viladomat,1554,16:38:58,38.97,15.116666666633334,907.0,
6409,6,H8,Anada,13,Josep Tarradellas - Viladomat,1554,16:49:04,49.07,10.100000000033333,606.0,"24,25,26,28,29"
6075,3,H8,Anada,13,Josep Tarradellas - Viladomat,1554,16:55:39,55.65,6.599999999933333,396.0,
6411,5,H8,Anada,13,Josep Tarradellas - Viladomat,1554,17:07:13,7.22,11.566666666666666,694.0,
6407,5,H8,Anada,13,Josep Tarradellas - Viladomat,1554,17:16:55,16.92,9.683333333366667,581.0,
6415,5,H8,Anada,13,Josep Tarradellas - Viladomat,1554,17:39:36,39.6,22.683333333333334,1361.0,1
6028,5,H8,Anada,13,Josep Tarradellas - Viladomat,1554,17:49:20,49.33,9.733333333366666,584.0,
6802,5,H8,Anada,13,Josep Tarradellas - Viladomat,1554,18:04:18,4.3,14.983333333266668,899.0,
6211,6,H8,Anada,13,Josep Tarradellas - Viladomat,1554,18:13:48,13.8,9.500000000016666,570.0,
6217,4,H8,Anada,13,Josep Tarradellas - Viladomat,1554,18:23:39,23.65,9.833333333383333,590.0,
6800,3,H8,Anada,13,Josep Tarradellas - Viladomat,1554,18:28:38,28.63,4.999999999933333,300.0,
6402,6,H8,Anada,13,Josep Tarradellas - Viladomat,1554,18:43:00,43.0,14.350000000033333,861.0,
6213,6,H8,Anada,13,Josep Tarradellas - Viladomat,1554,18:51:18,51.3,8.300000000033332,498.0,
6034,5,H8,Anada,13,Josep Tarradellas - Viladomat,1554,18:59:04,59.07,7.766666666633333,466.0,9
6406,6,H8,Anada,13,Josep Tarradellas - Viladomat,1554,19:11:42,11.7,12.649999999966667,759.0,
6408,6,H8,Anada,13,Josep Tarradellas - Viladomat,1554,19:16:40,16.67,4.950000000066667,297.0,
6215,6,H8,Anada,13,Josep Tarradellas - Viladomat,1554,19:33:04,33.07,16.4,984.0,
6409,8,H8,Anada,13,Josep Tarradellas - Viladomat,1554,19:37:22,37.37,4.3166666666,259.0,"16,17"
6075,4,H8,Anada,13,Josep Tarradellas - Viladomat,1554,19:45:36,45.6,8.233333333333333,494.0,36
6411,6,H8,Anada,13,Josep Tarradellas - Viladomat,1554,19:56:07,56.12,10.500000000033333,630.0,"1,2,3,4,5,6,7"
6036,3,H8,Anada,13,Josep Tarradellas - Viladomat,1554,20:05:02,5.03,8.9166666667,535.0,
6117,1,H8,Anada,13,Josep Tarradellas - Viladomat,1554,20:18:51,18.85,13.816666666633333,829.0,
6415,6,H8,Anada,13,Josep Tarradellas - Viladomat,1554,20:27:06,27.1,8.250000000033333,495.0,
6211,7,H8,Anada,13,Josep Tarradellas - Viladomat,1554,20:46:10,46.17,19.066666666666666,1144.0,
6217,5,H8,Anada,13,Josep Tarradellas - Viladomat,1554,20:57:19,57.32,11.166666666600001,670.0,
6402,7,H8,Anada,13,Josep Tarradellas - Viladomat,1554,21:12:52,12.87,15.55,933.0,
6034,6,H8,Anada,13,Josep Tarradellas - Viladomat,1554,21:30:53,30.88,18.016666666666666,1081.0,32
6408,7,H8,Anada,13,Josep Tarradellas - Viladomat,1554,21:49:37,49.62,18.71666666673333,1123.0,"19,21,22,23"
6211,1,H8,Anada,14,Josep Tarradellas - Comte Borrell,1099,03:40:51,40.85,,,"1,2,3,4,5,6,7,8,9,10"
6402,1,H8,Anada,14,Josep Tarradellas - Comte Borrell,1099,03:56:32,56.53,15.683333333366667,941.0,1
6213,1,H8,Anada,14,Josep Tarradellas - Comte Borrell,1099,04:04:40,4.67,8.1333333333,488.0,
6406,1,H8,Anada,14,Josep Tarradellas - Comte Borrell,1099,04:17:25,17.42,12.75,765.0,
6110,1,H8,Anada,14,Josep Tarradellas - Comte Borrell,1099,04:30:31,30.52,13.1,786.0,1
6408,1,H8,Anada,14,Josep Tarradellas - Comte Borrell,1099,04:31:50,31.83,1.3333333333000001,80.0,
6215,1,H8,Anada,14,Josep Tarradellas - Comte Borrell,1099,04:44:11,44.18,12.333333333366665,740.0,
6409,2,H8,Anada,14,Josep Tarradellas - Comte Borrell,1099,04:51:08,51.13,6.950000000033333,417.0,"9,17,18"
6217,1,H8,Anada,14,Josep Tarradellas - Comte Borrell,1099,05:05:59,5.98,14.849999999966666,891.0,1
6411,1,H8,Anada,14,Josep Tarradellas - Comte Borrell,1099,05:14:13,14.22,8.233333333333333,494.0,
6407,1,H8,Anada,14,Josep Tarradellas - Comte Borrell,1099,05:21:25,21.42,7.200000000033333,432.0,
6204,1,H8,Anada,14,Josep Tarradellas - Comte Borrell,1099,05:28:58,28.97,7.5666666666,454.0,
6100,1,H8,Anada,14,Josep Tarradellas - Comte Borrell,1099,05:34:09,34.15,5.183333333333334,311.0,
6415,1,H8,Anada,14,Josep Tarradellas - Comte Borrell,1099,05:45:26,45.43,11.266666666699999,676.0,
6028,1,H8,Anada,14,Josep Tarradellas - Comte Borrell,1099,05:58:50,58.83,13.416666666633335,805.0,
6802,1,H8,Anada,14,Josep Tarradellas - Comte Borrell,1099,06:06:09,6.15,7.316666666666666,439.0,
6209,2,H8,Anada,14,Josep Tarradellas - Comte Borrell,1099,06:19:34,19.57,13.416666666666666,805.0,
6211,2,H8,Anada,14,Josep Tarradellas - Comte Borrell,1099,06:27:17,27.28,7.700000000033333,462.0,
6401,1,H8,Anada,14,Josep Tarradellas - Comte Borrell,1099,06:35:36,35.6,8.3333333333,500.0,9
6402,2,H8,Anada,14,Josep Tarradellas - Comte Borrell,1099,06:43:32,43.53,7.916666666733334,475.0,
6027,1,H8,Anada,14,Josep Tarradellas - Comte Borrell,1099,06:49:41,49.68,6.166666666599999,370.0,
6213,2,H8,Anada,14,Josep Tarradellas - Comte Borrell,1099,06:57:23,57.38,7.683333333366666,461.0,
6034,1,H8,Anada,14,Josep Tarradellas - Comte Borrell,1099,07:04:45,4.75,7.366666666666666,442.0,36
6406,2,H8,Anada,14,Josep Tarradellas - Comte Borrell,1099,07:20:14,20.23,15.483333333333333,929.0,33
6110,2,H8,Anada,14,Josep Tarradellas - Comte Borrell,1099,07:27:18,27.3,7.083333333300001,425.0,
6408,2,H8,Anada,14,Josep Tarradellas - Comte Borrell,1099,07:33:32,33.53,6.216666666699999,373.0,9
6215,2,H8,Anada,14,Josep Tarradellas - Comte Borrell,1099,07:42:24,42.4,8.866666666666667,532.0,
6409,3,H8,Anada,14,Josep Tarradellas - Comte Borrell,1099,07:52:27,52.45,10.05,603.0,
6217,2,H8,Anada,14,Josep Tarradellas - Comte Borrell,1099,08:03:42,3.7,11.25,675.0,
6411,2,H8,Anada,14,Josep Tarradellas - Comte Borrell,1099,08:13:39,13.65,9.950000000033333,597.0,
6407,2,H8,Anada,14,Josep Tarradellas - Comte Borrell,1099,08:20:35,20.58,6.933333333333334,416.0,
6100,2,H8,Anada,14,Josep Tarradellas - Comte Borrell,1099,08:32:11,32.18,11.6166666666,697.0,"1,2,3"
6415,2,H8,Anada,14,Josep Tarradellas - Comte Borrell,1099,08:41:25,41.42,8.616666666633334,517.0,
6028,2,H8,Anada,14,Josep Tarradellas - Comte Borrell,1099,09:01:59,1.98,20.550000000066667,1233.0,
6802,2,H8,Anada,14,Josep Tarradellas - Comte Borrell,1099,09:05:16,5.27,3.283333333333333,197.0,
6209,3,H8,Anada,14,Josep Tarradellas - Comte Borrell,1099,09:19:47,19.78,14.516666666633334,871.0,
6211,3,H8,Anada,14,Josep Tarradellas - Comte Borrell,1099,09:26:54,26.9,7.116666666666666,427.0,
6402,3,H8,Anada,14,Josep Tarradellas - Comte Borrell,1099,09:41:50,41.83,14.949999999966668,897.0,1
6027,2,H8,Anada,14,Josep Tarradellas - Comte Borrell,1099,09:49:20,49.33,7.483333333366667,449.0,1
6213,3,H8,Anada,14,Josep Tarradellas - Comte Borrell,1099,10:00:50,0.83,11.516666666633334,691.0,
6034,2,H8,Anada,14,Josep Tarradellas - Comte Borrell,1099,10:09:54,9.9,9.066666666666666,544.0,
6406,3,H8,Anada,14,Josep Tarradellas - Comte Borrell,1099,10:24:54,24.9,14.9833333334,899.0,
6408,3,H8,Anada,14,Josep Tarradellas - Comte Borrell,1099,10:32:10,32.17,7.2833333332666665,437.0,
6215,3,H8,Anada,14,Josep Tarradellas - Comte Borrell,1099,10:37:24,37.4,5.233333333333333,314.0,9
6409,4,H8,Anada,14,Josep Tarradellas - Comte Borrell,1099,10:51:43,51.72,14.300000000066666,858.0,
6411,3,H8,Anada,14,Josep Tarradellas - Comte Borrell,1099,11:06:16,6.27,14.55,873.0,1
6407,3,H8,Anada,14,Josep Tarradellas - Comte Borrell,1099,11:21:50,21.83,15.583333333266667,935.0,
6100,3,H8,Anada,14,Josep Tarradellas - Comte Borrell,1099,11:32:38,32.63,10.783333333366667,647.0,
6415,3,H8,Anada,14,Josep Tarradellas - Comte Borrell,1099,11:45:50,45.83,13.2,792.0,
6028,3,H8,Anada,14,Josep Tarradellas - Comte Borrell,1099,11:55:48,55.8,9.983333333300001,599.0,
6802,3,H8,Anada,14,Josep Tarradellas - Comte Borrell,1099,12:05:11,5.18,9.383333333333333,563.0,
6209,4,H8,Anada,14,Josep Tarradellas - Comte Borrell,1099,12:17:39,17.65,12.466666666683333,748.0,
6211,4,H8,Anada,14,Josep Tarradellas - Comte Borrell,1099,12:23:38,23.63,5.966666666716667,358.0,
6800,1,H8,Anada,14,Josep Tarradellas - Comte Borrell,1099,12:32:31,32.52,8.8833333333,533.0,
6402,4,H8,Anada,14,Josep Tarradellas - Comte Borrell,1099,12:43:28,43.47,10.95,657.0,
6027,3,H8,Anada,14,Josep Tarradellas - Comte Borrell,1099,12:48:27,48.45,4.999999999966667,300.0,
6034,3,H8,Anada,14,Josep Tarradellas - Comte Borrell,1099,13:04:30,4.5,16.033333333366667,962.0,"26,31"
6406,4,H8,Anada,14,Josep Tarradellas - Comte Borrell,1099,13:12:09,12.15,7.650000000033333,459.0,
6408,4,H8,Anada,14,Josep Tarradellas - Comte Borrell,1099,13:27:06,27.1,14.949999999966668,897.0,
6215,4,H8,Anada,14,Josep Tarradellas - Comte Borrell,1099,13:35:47,35.78,8.699999999966668,522.0,
6409,5,H8,Anada,14,Josep Tarradellas - Comte Borrell,1099,13:47:41,47.68,11.883333333366666,713.0,19
6411,4,H8,Anada,14,Josep Tarradellas - Comte Borrell,1099,14:02:52,2.87,15.183333333366667,911.0,
6407,4,H8,Anada,14,Josep Tarradellas - Comte Borrell,1099,14:25:24,25.4,22.549999999933334,1353.0,"36,37,38"
6036,1,H8,Anada,14,Josep Tarradellas - Comte Borrell,1099,14:27:28,27.47,2.066666666666667,124.0,"18,19"
6100,4,H8,Anada,14,Josep Tarradellas - Comte Borrell,1099,14:38:12,38.2,10.733333333333333,644.0,
6415,4,H8,Anada,14,Josep Tarradellas - Comte Borrell,1099,14:45:36,45.6,7.383333333366666,443.0,
6028,4,H8,Anada,14,Josep Tarradellas - Comte Borrell,1099,14:57:53,57.88,12.299999999966667,738.0,
6802,4,H8,Anada,14,Josep Tarradellas - Comte Borrell,1099,15:05:39,5.65,7.750000000066667,465.0,
6211,5,H8,Anada,14,Josep Tarradellas - Comte Borrell,1099,15:12:10,12.17,6.5333333332666665,392.0,
6201,1,H8,Anada,14,Josep Tarradellas - Comte Borrell,1099,15:18:49,18.82,6.633333333366666,398.0,"1,2,3,4,5,6,7,8,9,10,11"
6800,2,H8,Anada,14,Josep Tarradellas - Comte Borrell,1099,15:33:07,33.12,14.316666666633333,859.0,
6217,3,H8,Anada,14,Josep Tarradellas - Comte Borrell,1099,15:39:31,39.52,6.3833333334,383.0,"1,2,3,4,5,6,7,8,19"
6402,5,H8,Anada,14,Josep Tarradellas - Comte Borrell,1099,15:45:53,45.88,6.366666666633334,382.0,
6027,4,H8,Anada,14,Josep Tarradellas - Comte Borrell,1099,15:46:58,46.97,1.0999999999666668,66.0,1
6213,5,H8,Anada,14,Josep Tarradellas - Comte Borrell,1099,16:00:15,0.25,13.283333333333333,797.0,1
6034,4,H8,Anada,14,Josep Tarradellas - Comte Borrell,1099,16:12:04,12.07,11.800000000066666,708.0,
6406,5,H8,Anada,14,Josep Tarradellas - Comte Borrell,1099,16:19:25,19.42,7.35,441.0,
6408,5,H8,Anada,14,Josep Tarradellas - Comte Borrell,1099,16:25:35,25.58,6.183333333266666,371.0,
6215,5,H8,Anada,14,Josep Tarradellas - Comte Borrell,1099,16:40:50,40.83,15.25,915.0,
6409,6,H8,Anada,14,Josep Tarradellas - Comte Borrell,1099,16:51:41,51.68,10.85,651.0,"24,25,26,28,29"
6075,3,H8,Anada,14,Josep Tarradellas - Comte Borrell,1099,16:58:04,58.07,6.3666666667,382.0,
6411,5,H8,Anada,14,Josep Tarradellas - Comte Borrell,1099,17:08:56,8.93,10.866666666666667,652.0,
6407,5,H8,Anada,14,Josep Tarradellas - Comte Borrell,1099,17:18:37,18.62,9.699999999966668,582.0,
6415,5,H8,Anada,14,Josep Tarradellas - Comte Borrell,1099,17:40:37,40.62,21.983333333366666,1319.0,1
6028,5,H8,Anada,14,Josep Tarradellas - Comte Borrell,1099,17:51:00,51.0,10.383333333366666,623.0,
6802,5,H8,Anada,14,Josep Tarradellas - Comte Borrell,1099,18:06:49,6.82,15.816666666666666,949.0,
6211,6,H8,Anada,14,Josep Tarradellas - Comte Borrell,1099,18:15:52,15.87,9.049999999966667,543.0,
6217,4,H8,Anada,14,Josep Tarradellas - Comte Borrell,1099,18:26:09,26.15,10.283333333333333,617.0,
6800,3,H8,Anada,14,Josep Tarradellas - Comte Borrell,1099,18:30:40,30.67,4.5333333333166665,272.0,
6402,6,H8,Anada,14,Josep Tarradellas - Comte Borrell,1099,18:45:25,45.42,14.73333333335,884.0,
6213,6,H8,Anada,14,Josep Tarradellas - Comte Borrell,1099,18:53:26,53.43,8.016666666666667,481.0,
6034,5,H8,Anada,14,Josep Tarradellas - Comte Borrell,1099,19:00:51,0.85,7.416666666666667,445.0,9
6406,6,H8,Anada,14,Josep Tarradellas - Comte Borrell,1099,19:13:04,13.07,12.233333333300001,734.0,
6408,6,H8,Anada,14,Josep Tarradellas - Comte Borrell,1099,19:17:34,17.57,4.5,270.0,
6215,6,H8,Anada,14,Josep Tarradellas - Comte Borrell,1099,19:34:02,34.03,16.450000000066666,987.0,
6409,8,H8,Anada,14,Josep Tarradellas - Comte Borrell,1099,19:39:01,39.02,4.9833333333,299.0,"16,17"
6075,4,H8,Anada,14,Josep Tarradellas - Comte Borrell,1099,19:46:28,46.47,7.45,447.0,36
6411,6,H8,Anada,14,Josep Tarradellas - Comte Borrell,1099,19:57:24,57.4,10.933333333366667,656.0,"1,2,3,4,5,6,7"
6036,3,H8,Anada,14,Josep Tarradellas - Comte Borrell,1099,20:05:49,5.82,8.416666666666666,505.0,
6117,1,H8,Anada,14,Josep Tarradellas - Comte Borrell,1099,20:21:07,21.12,15.3,918.0,
6415,6,H8,Anada,14,Josep Tarradellas - Comte Borrell,1099,20:28:48,28.8,7.6999999999333335,462.0,
6211,7,H8,Anada,14,Josep Tarradellas - Comte Borrell,1099,20:47:30,47.5,18.6833333334,1121.0,
6217,5,H8,Anada,14,Josep Tarradellas - Comte Borrell,1099,20:58:58,58.97,11.466666666633333,688.0,
6402,7,H8,Anada,14,Josep Tarradellas - Comte Borrell,1099,21:15:19,15.32,16.35,981.0,
6034,6,H8,Anada,14,Josep Tarradellas - Comte Borrell,1099,21:32:11,32.18,16.866666666666667,1012.0,32
6408,7,H8,Anada,14,Josep Tarradellas - Comte Borrell,1099,21:51:25,51.42,19.24999999996667,1155.0,"19,21,22,23"
6211,1,H8,Anada,15,Diagonal - Francesc Macià,168,03:42:12,42.2,,,"1,2,3,4,5,6,7,8,9,10"
6402,1,H8,Anada,15,Diagonal - Francesc Macià,168,03:58:08,58.13,15.933333333333334,956.0,1
6213,1,H8,Anada,15,Diagonal - Francesc Macià,168,04:06:18,6.3,8.166666666666666,490.0,
6406,1,H8,Anada,15,Diagonal - Francesc Macià,168,04:18:09,18.15,11.833333333399999,710.0,
6110,1,H8,Anada,15,Diagonal - Francesc Macià,168,04:32:09,32.15,13.999999999983334,840.0,1
6408,1,H8,Anada,15,Diagonal - Francesc Macià,168,04:33:31,33.52,1.3833333332833333,83.0,
6215,1,H8,Anada,15,Diagonal - Francesc Macià,168,04:46:11,46.18,12.666666666666666,760.0,
6409,2,H8,Anada,15,Diagonal - Francesc Macià,168,04:54:13,54.22,8.033333333333333,482.0,"9,17,18"
6217,1,H8,Anada,15,Diagonal - Francesc Macià,168,05:08:31,8.52,14.2833333334,857.0,1
6411,1,H8,Anada,15,Diagonal - Francesc Macià,168,05:15:05,15.08,6.566666666666666,394.0,
6407,1,H8,Anada,15,Diagonal - Francesc Macià,168,05:22:07,22.12,7.049999999933333,423.0,
6204,1,H8,Anada,15,Diagonal - Francesc Macià,168,05:30:39,30.65,8.533333333333333,512.0,
6100,1,H8,Anada,15,Diagonal - Francesc Macià,168,05:38:48,38.8,8.15,489.0,
6415,1,H8,Anada,15,Diagonal - Francesc Macià,168,05:47:30,47.5,8.683333333366667,521.0,
6028,1,H8,Anada,15,Diagonal - Francesc Macià,168,06:03:32,3.53,16.049999999966666,963.0,
6802,1,H8,Anada,15,Diagonal - Francesc Macià,168,06:08:53,8.88,5.333333333366666,320.0,
6209,2,H8,Anada,15,Diagonal - Francesc Macià,168,06:21:16,21.27,12.399999999966667,744.0,
6211,2,H8,Anada,15,Diagonal - Francesc Macià,168,06:29:08,29.13,7.866666666666666,472.0,
6401,1,H8,Anada,15,Diagonal - Francesc Macià,168,06:38:19,38.32,9.1666666667,550.0,9
6402,2,H8,Anada,15,Diagonal - Francesc Macià,168,06:44:31,44.52,6.2166666666333334,373.0,
6027,1,H8,Anada,15,Diagonal - Francesc Macià,168,06:52:31,52.52,7.983333333366667,479.0,
6213,2,H8,Anada,15,Diagonal - Francesc Macià,168,06:59:16,59.27,6.750000000033333,405.0,
6034,1,H8,Anada,15,Diagonal - Francesc Macià,168,07:06:39,6.65,7.399999999933333,444.0,36
6406,2,H8,Anada,15,Diagonal - Francesc Macià,168,07:26:27,26.45,19.783333333366667,1187.0,33
6110,2,H8,Anada,15,Diagonal - Francesc Macià,168,07:28:59,28.98,2.533333333333333,152.0,
6408,2,H8,Anada,15,Diagonal - Francesc Macià,168,07:36:28,36.47,7.483333333366667,449.0,9
6215,2,H8,Anada,15,Diagonal - Francesc Macià,168,07:46:24,46.4,9.933333333333334,596.0,
6409,3,H8,Anada,15,Diagonal - Francesc Macià,168,07:55:27,55.45,9.066666666600002,544.0,
6217,2,H8,Anada,15,Diagonal - Francesc Macià,168,08:06:40,6.67,11.200000000033333,672.0,
6411,2,H8,Anada,15,Diagonal - Francesc Macià,168,08:14:43,14.72,8.066666666616666,484.0,
6407,2,H8,Anada,15,Diagonal - Francesc Macià,168,08:22:52,22.87,8.133333333416667,488.0,
6100,2,H8,Anada,15,Diagonal - Francesc Macià,168,08:34:56,34.93,12.066666666633333,724.0,"1,2,3"
6415,2,H8,Anada,15,Diagonal - Francesc Macià,168,08:44:55,44.92,9.9666666667,598.0,
6028,2,H8,Anada,15,Diagonal - Francesc Macià,168,09:07:43,7.72,22.8,1368.0,
6802,2,H8,Anada,15,Diagonal - Francesc Macià,168,09:09:08,9.13,1.4166666666999999,85.0,
6209,3,H8,Anada,15,Diagonal - Francesc Macià,168,09:23:38,23.63,14.499999999966667,870.0,
6211,3,H8,Anada,15,Diagonal - Francesc Macià,168,09:29:37,29.62,5.983333333366667,359.0,
6402,3,H8,Anada,15,Diagonal - Francesc Macià,168,09:44:44,44.73,15.133333333266668,908.0,1
6027,2,H8,Anada,15,Diagonal - Francesc Macià,168,09:52:34,52.57,7.816666666733334,469.0,1
6213,3,H8,Anada,15,Diagonal - Francesc Macià,168,10:02:49,2.82,10.25,615.0,
6034,2,H8,Anada,15,Diagonal - Francesc Macià,168,10:13:15,13.25,10.4333333333,626.0,
6406,3,H8,Anada,15,Diagonal - Francesc Macià,168,10:27:05,27.08,13.849999999966666,831.0,
6408,3,H8,Anada,15,Diagonal - Francesc Macià,168,10:34:31,34.52,7.433333333333334,446.0,
6215,3,H8,Anada,15,Diagonal - Francesc Macià,168,10:40:21,40.35,5.816666666733334,349.0,9
6409,4,H8,Anada,15,Diagonal - Francesc Macià,168,10:52:52,52.87,12.516666666633334,751.0,
6411,3,H8,Anada,15,Diagonal - Francesc Macià,168,11:08:52,8.87,16.00000000003333,960.0,1
6407,3,H8,Anada,15,Diagonal - Francesc Macià,168,11:23:00,23.0,14.133333333333333,848.0,
6100,3,H8,Anada,15,Diagonal - Francesc Macià,168,11:34:31,34.52,11.516666666666667,691.0,
6415,3,H8,Anada,15,Diagonal - Francesc Macià,168,11:48:33,48.55,14.049999999933334,843.0,
6028,3,H8,Anada,15,Diagonal - Francesc Macià,168,11:57:25,57.42,8.850000000066666,531.0,
6802,3,H8,Anada,15,Diagonal - Francesc Macià,168,12:07:19,7.32,9.916666666600001,595.0,
6209,4,H8,Anada,15,Diagonal - Francesc Macià,168,12:20:43,20.72,13.4,804.0,
6211,4,H8,Anada,15,Diagonal - Francesc Macià,168,12:26:10,26.17,5.45,327.0,
6800,1,H8,Anada,15,Diagonal - Francesc Macià,168,12:32:50,32.83,6.666666666666667,400.0,
6402,4,H8,Anada,15,Diagonal - Francesc Macià,168,12:45:04,45.07,12.216666666733333,733.0,
6213,4,H8,Anada,15,Diagonal - Francesc Macià,168,12:48:13,48.22,3.1666666666000003,190.0,"11,12,14,26"
6027,3,H8,Anada,15,Diagonal - Francesc Macià,168,12:52:35,52.58,4.350000000033333,261.0,
6034,3,H8,Anada,15,Diagonal - Francesc Macià,168,13:07:18,7.3,14.7166666667,883.0,"26,31"
6406,4,H8,Anada,15,Diagonal - Francesc Macià,168,13:15:01,15.02,7.716666666666667,463.0,
6408,4,H8,Anada,15,Diagonal - Francesc Macià,168,13:28:53,28.88,13.866666666666667,832.0,
6215,4,H8,Anada,15,Diagonal - Francesc Macià,168,13:38:08,38.13,9.25,555.0,
6409,5,H8,Anada,15,Diagonal - Francesc Macià,168,13:48:45,48.75,10.616666666633334,637.0,19
6075,2,H8,Anada,15,Diagonal - Francesc Macià,168,13:52:29,52.48,3.7333333333333334,224.0,"13,14"
6411,4,H8,Anada,15,Diagonal - Francesc Macià,168,14:04:57,4.95,12.483333333300001,749.0,
6407,4,H8,Anada,15,Diagonal - Francesc Macià,168,14:27:16,27.27,22.316666666666666,1339.0,"36,37,38"
6036,1,H8,Anada,15,Diagonal - Francesc Macià,168,14:31:51,31.85,4.583333333333333,275.0,"18,19"
6100,4,H8,Anada,15,Diagonal - Francesc Macià,168,14:40:43,40.72,8.866666666666667,532.0,
6415,4,H8,Anada,15,Diagonal - Francesc Macià,168,14:46:43,46.72,6.0,360.0,
6028,4,H8,Anada,15,Diagonal - Francesc Macià,168,14:59:58,59.97,13.233333333366666,794.0,
6802,4,H8,Anada,15,Diagonal - Francesc Macià,168,15:07:06,7.1,7.149999999966667,429.0,
6211,5,H8,Anada,15,Diagonal - Francesc Macià,168,15:15:06,15.1,7.9833333334,479.0,
6201,1,H8,Anada,15,Diagonal - Francesc Macià,168,15:20:57,20.95,5.849999999966667,351.0,"1,2,3,4,5,6,7,8,9,10,11"
6800,2,H8,Anada,15,Diagonal - Francesc Macià,168,15:36:30,36.5,15.566666666633333,934.0,
6217,3,H8,Anada,15,Diagonal - Francesc Macià,168,15:41:49,41.82,5.3000000000666665,318.0,"1,2,3,4,5,6,7,8,19"
6402,5,H8,Anada,15,Diagonal - Francesc Macià,168,15:48:57,48.95,7.1333333333,428.0,
6027,4,H8,Anada,15,Diagonal - Francesc Macià,168,15:50:09,50.15,1.2166666666333334,73.0,1
6213,5,H8,Anada,15,Diagonal - Francesc Macià,168,16:03:17,3.28,13.1166666667,787.0,1
6034,4,H8,Anada,15,Diagonal - Francesc Macià,168,16:14:40,14.67,11.383333333333333,683.0,
6406,5,H8,Anada,15,Diagonal - Francesc Macià,168,16:20:46,20.77,6.1,366.0,
6408,5,H8,Anada,15,Diagonal - Francesc Macià,168,16:28:47,28.78,8.016666666699999,481.0,
6215,5,H8,Anada,15,Diagonal - Francesc Macià,168,16:45:07,45.12,16.349999999933335,981.0,
6409,6,H8,Anada,15,Diagonal - Francesc Macià,168,16:54:21,54.35,9.2166666667,553.0,"24,25,26,28,29"
6075,3,H8,Anada,15,Diagonal - Francesc Macià,168,16:58:55,58.92,4.583333333300001,275.0,
6411,5,H8,Anada,15,Diagonal - Francesc Macià,168,17:11:04,11.07,12.1333333334,728.0,
6407,5,H8,Anada,15,Diagonal - Francesc Macià,168,17:22:19,22.32,11.25,675.0,
6415,5,H8,Anada,15,Diagonal - Francesc Macià,168,17:43:55,43.92,21.6166666666,1297.0,1
6028,5,H8,Anada,15,Diagonal - Francesc Macià,168,17:54:59,54.98,11.066666666666666,664.0,
6802,5,H8,Anada,15,Diagonal - Francesc Macià,168,18:08:39,8.65,13.666666666666666,820.0,
6211,6,H8,Anada,15,Diagonal - Francesc Macià,168,18:17:50,17.83,9.1666666667,550.0,
6217,4,H8,Anada,15,Diagonal - Francesc Macià,168,18:27:50,27.83,10.000000000033333,600.0,
6800,3,H8,Anada,15,Diagonal - Francesc Macià,168,18:32:45,32.75,4.916666666633334,295.0,
6402,6,H8,Anada,15,Diagonal - Francesc Macià,168,18:46:13,46.22,13.4666666667,808.0,
6213,6,H8,Anada,15,Diagonal - Francesc Macià,168,18:54:26,54.43,8.216666666633333,493.0,
6034,5,H8,Anada,15,Diagonal - Francesc Macià,168,19:02:51,2.85,8.416666666666666,505.0,9
6406,6,H8,Anada,15,Diagonal - Francesc Macià,168,19:14:49,14.82,11.966666666666667,718.0,
6408,6,H8,Anada,15,Diagonal - Francesc Macià,168,19:20:32,20.53,5.716666666666667,343.0,
6215,6,H8,Anada,15,Diagonal - Francesc Macià,168,19:36:17,36.28,15.766666666633334,946.0,
6409,8,H8,Anada,15,Diagonal - Francesc Macià,168,19:40:14,40.23,3.95,237.0,"16,17"
6075,4,H8,Anada,15,Diagonal - Francesc Macià,168,19:48:55,48.92,8.6666666667,520.0,36
6411,6,H8,Anada,15,Diagonal - Francesc Macià,168,20:00:21,0.35,11.433333333366667,686.0,"1,2,3,4,5,6,7"
6036,3,H8,Anada,15,Diagonal - Francesc Macià,168,20:07:57,7.95,7.599999999966667,456.0,
6117,1,H8,Anada,15,Diagonal - Francesc Macià,168,20:22:42,22.7,14.766666666633334,886.0,
6415,6,H8,Anada,15,Diagonal - Francesc Macià,168,20:29:59,29.98,7.2666666667,436.0,
6211,7,H8,Anada,15,Diagonal - Francesc Macià,168,20:49:36,49.6,19.616666666666667,1177.0,
6217,5,H8,Anada,15,Diagonal - Francesc Macià,168,21:01:46,1.77,12.1833333333,731.0,
6402,7,H8,Anada,15,Diagonal - Francesc Macià,168,21:16:15,16.25,14.483333333333333,869.0,
6034,6,H8,Anada,15,Diagonal - Francesc Macià,168,21:34:19,34.32,18.066666666666666,1084.0,32
6408,7,H8,Anada,15,Diagonal - Francesc Macià,168,21:53:55,53.92,19.5833333334,1175.0,"19,21,22,23"
6211,1,H8,Anada,16,Diagonal - Muntaner,929,03:44:25,44.42,,,"1,2,3,4,5,6,7,8,9,10"
6402,1,H8,Anada,16,Diagonal - Muntaner,929,03:59:15,59.25,14.849999999933335,891.0,1
6213,1,H8,Anada,16,Diagonal - Muntaner,929,04:07:43,7.72,8.450000000066668,507.0,
6406,1,H8,Anada,16,Diagonal - Muntaner,929,04:20:09,20.15,12.4333333333,746.0,
6110,1,H8,Anada,16,Diagonal - Muntaner,929,04:33:55,33.92,13.766666666699999,826.0,1
6408,1,H8,Anada,16,Diagonal - Muntaner,929,04:35:43,35.72,1.7999999999666667,108.0,
6215,1,H8,Anada,16,Diagonal - Muntaner,929,04:48:07,48.12,12.416666666633335,745.0,
6409,2,H8,Anada,16,Diagonal - Muntaner,929,04:56:11,56.18,8.066666666666666,484.0,"9,17,18"
6217,1,H8,Anada,16,Diagonal - Muntaner,929,05:10:13,10.22,14.016666666733332,841.0,1
6411,1,H8,Anada,16,Diagonal - Muntaner,929,05:17:07,17.12,6.9,414.0,
6407,1,H8,Anada,16,Diagonal - Muntaner,929,05:23:31,23.52,6.399999999966667,384.0,
6204,1,H8,Anada,16,Diagonal - Muntaner,929,05:32:35,32.58,9.066666666666666,544.0,
6100,1,H8,Anada,16,Diagonal - Muntaner,929,05:40:35,40.58,8.016666666633334,481.0,
6415,1,H8,Anada,16,Diagonal - Muntaner,929,05:48:53,48.88,8.2833333334,497.0,
6028,1,H8,Anada,16,Diagonal - Muntaner,929,06:04:46,4.77,15.899999999933334,954.0,
6802,1,H8,Anada,16,Diagonal - Muntaner,929,06:10:54,10.9,6.133333333333334,368.0,
6209,2,H8,Anada,16,Diagonal - Muntaner,929,06:22:45,22.75,11.833333333366665,710.0,
6211,2,H8,Anada,16,Diagonal - Muntaner,929,06:31:11,31.18,8.449999999966668,507.0,
6401,1,H8,Anada,16,Diagonal - Muntaner,929,06:40:27,40.45,9.266666666666667,556.0,9
6402,2,H8,Anada,16,Diagonal - Muntaner,929,06:46:35,46.58,6.1166666667,367.0,
6027,1,H8,Anada,16,Diagonal - Muntaner,929,06:55:00,55.0,8.4166666667,505.0,
6213,2,H8,Anada,16,Diagonal - Muntaner,929,07:01:17,1.28,6.299999999933333,378.0,
6034,1,H8,Anada,16,Diagonal - Muntaner,929,07:09:12,9.2,7.900000000066667,474.0,36
6406,2,H8,Anada,16,Diagonal - Muntaner,929,07:28:24,28.4,19.2,1152.0,33
6110,2,H8,Anada,16,Diagonal - Muntaner,929,07:29:42,29.7,1.3166666666,79.0,
6408,2,H8,Anada,16,Diagonal - Muntaner,929,07:37:51,37.85,8.1333333334,488.0,9
6215,2,H8,Anada,16,Diagonal - Muntaner,929,07:48:22,48.37,10.516666666633334,631.0,
6409,3,H8,Anada,16,Diagonal - Muntaner,929,07:56:55,56.92,8.550000000033332,513.0,
6217,2,H8,Anada,16,Diagonal - Muntaner,929,08:08:16,8.27,11.3666666666,682.0,
6411,2,H8,Anada,16,Diagonal - Muntaner,929,08:16:36,16.6,8.3166666667,499.0,
6407,2,H8,Anada,16,Diagonal - Muntaner,929,08:24:14,24.23,7.633333333333334,458.0,
6100,2,H8,Anada,16,Diagonal - Muntaner,929,08:36:38,36.63,12.4,744.0,"1,2,3"
6415,2,H8,Anada,16,Diagonal - Muntaner,929,08:46:52,46.87,9.8166666667,589.0,
6028,2,H8,Anada,16,Diagonal - Muntaner,929,09:09:21,9.35,22.499999999933333,1350.0,
6802,2,H8,Anada,16,Diagonal - Muntaner,929,09:10:40,10.67,1.3000000000666667,78.0,
6209,3,H8,Anada,16,Diagonal - Muntaner,929,09:25:26,25.43,14.766666666633334,886.0,
6211,3,H8,Anada,16,Diagonal - Muntaner,929,09:31:19,31.32,5.899999999966667,354.0,
6402,3,H8,Anada,16,Diagonal - Muntaner,929,09:46:23,46.38,15.066666666666666,904.0,1
6027,2,H8,Anada,16,Diagonal - Muntaner,929,09:53:51,53.85,7.466666666666667,448.0,1
6213,3,H8,Anada,16,Diagonal - Muntaner,929,10:05:26,5.43,11.583333333333334,695.0,
6034,2,H8,Anada,16,Diagonal - Muntaner,929,10:14:34,14.57,9.116666666733332,547.0,
6406,3,H8,Anada,16,Diagonal - Muntaner,929,10:29:12,29.2,14.6333333333,878.0,
6408,3,H8,Anada,16,Diagonal - Muntaner,929,10:35:06,35.1,5.9,354.0,
6215,3,H8,Anada,16,Diagonal - Muntaner,929,10:41:29,41.48,6.383333333333334,383.0,9
6409,4,H8,Anada,16,Diagonal - Muntaner,929,10:54:52,54.87,13.38333333335,803.0,
6411,3,H8,Anada,16,Diagonal - Muntaner,929,11:10:47,10.78,15.933333333283334,956.0,1
6407,3,H8,Anada,16,Diagonal - Muntaner,929,11:24:50,24.83,14.05,843.0,
6100,3,H8,Anada,16,Diagonal - Muntaner,929,11:35:34,35.57,10.733333333333333,644.0,
6415,3,H8,Anada,16,Diagonal - Muntaner,929,11:50:47,50.78,15.216666666666667,913.0,
6028,3,H8,Anada,16,Diagonal - Muntaner,929,11:58:57,58.95,8.150000000033334,489.0,
6802,3,H8,Anada,16,Diagonal - Muntaner,929,12:08:29,8.48,9.533333333366667,572.0,
6209,4,H8,Anada,16,Diagonal - Muntaner,929,12:23:56,23.93,15.45,927.0,
6211,4,H8,Anada,16,Diagonal - Muntaner,929,12:27:47,27.78,3.85,231.0,
6800,1,H8,Anada,16,Diagonal - Muntaner,929,12:35:16,35.27,7.483333333333333,449.0,
6402,4,H8,Anada,16,Diagonal - Muntaner,929,12:47:09,47.15,11.899999999933334,714.0,
6213,4,H8,Anada,16,Diagonal - Muntaner,929,12:50:17,50.28,3.1166666667,187.0,"11,12,14,26"
6027,3,H8,Anada,16,Diagonal - Muntaner,929,12:55:15,55.25,4.9833333333,299.0,
6034,3,H8,Anada,16,Diagonal - Muntaner,929,13:10:01,10.02,14.750000000033333,885.0,"26,31"
6406,4,H8,Anada,16,Diagonal - Muntaner,929,13:17:43,17.72,7.7166666666333334,463.0,
6408,4,H8,Anada,16,Diagonal - Muntaner,929,13:30:52,30.87,13.15,789.0,
6215,4,H8,Anada,16,Diagonal - Muntaner,929,13:39:25,39.42,8.5333333334,512.0,
6409,5,H8,Anada,16,Diagonal - Muntaner,929,13:52:29,52.48,13.066666666633333,784.0,19
6075,2,H8,Anada,16,Diagonal - Muntaner,929,13:55:10,55.17,2.683333333333333,161.0,"13,14"
6411,4,H8,Anada,16,Diagonal - Muntaner,929,14:07:15,7.25,12.099999999966666,726.0,
6407,4,H8,Anada,16,Diagonal - Muntaner,929,14:29:32,29.53,22.283333333333335,1337.0,"36,37,38"
6036,1,H8,Anada,16,Diagonal - Muntaner,929,14:34:11,34.18,4.6333333334,278.0,"18,19"
6100,4,H8,Anada,16,Diagonal - Muntaner,929,14:42:28,42.47,8.299999999933332,498.0,
6415,4,H8,Anada,16,Diagonal - Muntaner,929,14:48:33,48.55,6.066666666733334,364.0,
6028,4,H8,Anada,16,Diagonal - Muntaner,929,15:03:38,3.63,15.083333333333334,905.0,
6802,4,H8,Anada,16,Diagonal - Muntaner,929,15:09:12,9.2,5.566666666666666,334.0,
6211,5,H8,Anada,16,Diagonal - Muntaner,929,15:17:37,17.62,8.416666666633335,505.0,
6201,1,H8,Anada,16,Diagonal - Muntaner,929,15:22:21,22.35,4.733333333366667,284.0,"1,2,3,4,5,6,7,8,9,10,11"
6800,2,H8,Anada,16,Diagonal - Muntaner,929,15:38:19,38.32,15.983333333266668,959.0,
6217,3,H8,Anada,16,Diagonal - Muntaner,929,15:44:16,44.27,5.9333333334,356.0,"1,2,3,4,5,6,7,8,19"
6402,5,H8,Anada,16,Diagonal - Muntaner,929,15:52:04,52.07,7.8166666666,469.0,
6213,5,H8,Anada,16,Diagonal - Muntaner,929,16:04:59,4.98,12.333333333333334,740.0,1
6034,4,H8,Anada,16,Diagonal - Muntaner,929,16:16:02,16.03,11.05,663.0,
6406,5,H8,Anada,16,Diagonal - Muntaner,929,16:22:53,22.88,6.833333333366666,410.0,
6408,5,H8,Anada,16,Diagonal - Muntaner,929,16:30:04,30.07,7.183333333333334,431.0,
6215,5,H8,Anada,16,Diagonal - Muntaner,929,16:48:43,48.72,18.666666666633333,1120.0,
6409,6,H8,Anada,16,Diagonal - Muntaner,929,16:56:49,56.82,8.083333333366665,485.0,"24,25,26,28,29"
6075,3,H8,Anada,16,Diagonal - Muntaner,929,17:01:01,1.02,4.2,252.0,
6411,5,H8,Anada,16,Diagonal - Muntaner,929,17:12:15,12.25,11.233333333333333,674.0,
6407,5,H8,Anada,16,Diagonal - Muntaner,929,17:23:25,23.42,11.1666666667,670.0,
6415,5,H8,Anada,16,Diagonal - Muntaner,929,17:45:50,45.83,22.416666666666668,1345.0,1
6028,5,H8,Anada,16,Diagonal - Muntaner,929,17:56:52,56.87,11.049999999933334,663.0,
6802,5,H8,Anada,16,Diagonal - Muntaner,929,18:09:55,9.92,13.05,783.0,
6211,6,H8,Anada,16,Diagonal - Muntaner,929,18:19:17,19.28,9.350000000066666,561.0,
6217,4,H8,Anada,16,Diagonal - Muntaner,929,18:30:45,30.75,11.483333333266668,689.0,
6800,3,H8,Anada,16,Diagonal - Muntaner,929,18:33:44,33.73,2.966666666733333,178.0,
6409,7,H8,Anada,16,Diagonal - Muntaner,929,18:45:45,45.75,12.016666666633334,721.0,"1,2,3,4,5,6,7,8,9,10,11,12,13,14,15,18,19,20,21,22,23,24,25,26,27,28,29,30,31,32,33,34,35,36,37,38,39"
6402,6,H8,Anada,16,Diagonal - Muntaner,929,18:47:43,47.72,1.9666666667,118.0,
6213,6,H8,Anada,16,Diagonal - Muntaner,929,18:56:31,56.52,8.8,528.0,
6034,5,H8,Anada,16,Diagonal - Muntaner,929,19:04:07,4.12,7.6166666666,457.0,9
6406,6,H8,Anada,16,Diagonal - Muntaner,929,19:17:04,17.07,12.95,777.0,
6408,6,H8,Anada,16,Diagonal - Muntaner,929,19:21:50,21.83,4.750000000033333,285.0,
6215,6,H8,Anada,16,Diagonal - Muntaner,929,19:37:51,37.85,16.01666666668333,961.0,
6075,4,H8,Anada,16,Diagonal - Muntaner,929,19:49:46,49.77,11.916666666666666,715.0,36
6411,6,H8,Anada,16,Diagonal - Muntaner,929,20:01:30,1.5,11.733333333316667,704.0,"1,2,3,4,5,6,7"
6036,3,H8,Anada,16,Diagonal - Muntaner,929,20:09:12,9.2,7.7166666666333334,463.0,
6117,1,H8,Anada,16,Diagonal - Muntaner,929,20:23:36,23.6,14.383333333366666,863.0,
6415,6,H8,Anada,16,Diagonal - Muntaner,929,20:32:00,32.0,8.400000000033334,504.0,
6211,7,H8,Anada,16,Diagonal - Muntaner,929,20:51:05,51.08,19.083333333333332,1145.0,
6217,5,H8,Anada,16,Diagonal - Muntaner,929,21:04:04,4.07,12.983333333300001,779.0,
6402,7,H8,Anada,16,Diagonal - Muntaner,929,21:18:11,18.18,14.116666666666667,847.0,
6034,6,H8,Anada,16,Diagonal - Muntaner,929,21:36:27,36.45,18.2666666667,1096.0,32
6408,7,H8,Anada,16,Diagonal - Muntaner,929,21:55:34,55.57,19.133333333266666,1148.0,"19,21,22,23"
6211,1,H8,Anada,17,Diagonal - Balmes,94,03:45:47,45.78,,,"1,2,3,4,5,6,7,8,9,10"
6409,1,H8,Anada,17,Diagonal - Balmes,94,03:56:14,56.23,10.433333333399998,626.0,"1,2,3,4,5,6,7,8,9,10,11,12,13,14,15,16,19,20,36,37,38,39"
6402,1,H8,Anada,17,Diagonal - Balmes,94,04:01:25,1.42,5.183333333333334,311.0,1
6213,1,H8,Anada,17,Diagonal - Balmes,94,04:09:37,9.62,8.199999999966668,492.0,
6406,1,H8,Anada,17,Diagonal - Balmes,94,04:21:45,21.75,12.133333333333333,728.0,
6110,1,H8,Anada,17,Diagonal - Balmes,94,04:35:28,35.47,13.716666666666667,823.0,1
6408,1,H8,Anada,17,Diagonal - Balmes,94,04:37:23,37.38,1.9166666666999999,115.0,
6215,1,H8,Anada,17,Diagonal - Balmes,94,04:49:31,49.52,12.133333333333333,728.0,
6217,1,H8,Anada,17,Diagonal - Balmes,94,05:12:29,12.48,22.983333333266668,1379.0,1
6411,1,H8,Anada,17,Diagonal - Balmes,94,05:18:37,18.62,6.116666666716667,367.0,
6407,1,H8,Anada,17,Diagonal - Balmes,94,05:26:21,26.35,7.73333333335,464.0,
6204,1,H8,Anada,17,Diagonal - Balmes,94,05:34:51,34.85,8.5,510.0,
6100,1,H8,Anada,17,Diagonal - Balmes,94,05:42:33,42.55,7.7166666666,463.0,
6415,1,H8,Anada,17,Diagonal - Balmes,94,05:50:30,50.5,7.95,477.0,
6028,1,H8,Anada,17,Diagonal - Balmes,94,06:06:53,6.88,16.3666666667,982.0,
6802,1,H8,Anada,17,Diagonal - Balmes,94,06:11:23,11.38,4.5,270.0,
6209,2,H8,Anada,17,Diagonal - Balmes,94,06:24:29,24.48,13.1,786.0,
6211,2,H8,Anada,17,Diagonal - Balmes,94,06:32:29,32.48,8.000000000033333,480.0,
6401,1,H8,Anada,17,Diagonal - Balmes,94,06:41:52,41.87,9.383333333333333,563.0,9
6402,2,H8,Anada,17,Diagonal - Balmes,94,06:48:51,48.85,6.983333333333333,419.0,
6027,1,H8,Anada,17,Diagonal - Balmes,94,06:56:51,56.85,7.999999999966667,480.0,
6213,2,H8,Anada,17,Diagonal - Balmes,94,07:02:48,2.8,5.9666666666333334,358.0,
6034,1,H8,Anada,17,Diagonal - Balmes,94,07:10:48,10.8,8.0,480.0,36
6406,2,H8,Anada,17,Diagonal - Balmes,94,07:31:39,31.65,20.85,1251.0,33
6408,2,H8,Anada,17,Diagonal - Balmes,94,07:39:36,39.6,7.8666666667,472.0,9
6215,2,H8,Anada,17,Diagonal - Balmes,94,07:50:39,50.65,11.049999999966667,663.0,
6409,3,H8,Anada,17,Diagonal - Balmes,94,07:59:18,59.3,8.666666666633335,520.0,
6217,2,H8,Anada,17,Diagonal - Balmes,94,08:10:00,10.0,10.683333333366667,641.0,
6411,2,H8,Anada,17,Diagonal - Balmes,94,08:19:19,19.32,9.316666666666666,559.0,
6407,2,H8,Anada,17,Diagonal - Balmes,94,08:25:53,25.88,6.583333333300001,395.0,
6204,2,H8,Anada,17,Diagonal - Balmes,94,08:39:19,39.32,13.416666666716667,805.0,
6415,2,H8,Anada,17,Diagonal - Balmes,94,08:48:29,48.48,8.899999999966667,534.0,
6028,2,H8,Anada,17,Diagonal - Balmes,94,09:10:55,10.92,22.433333333333334,1346.0,
6802,2,H8,Anada,17,Diagonal - Balmes,94,09:12:34,12.57,1.6333333334,98.0,
6209,3,H8,Anada,17,Diagonal - Balmes,94,09:27:29,27.48,14.916666666633335,895.0,
6211,3,H8,Anada,17,Diagonal - Balmes,94,09:33:45,33.75,6.283333333300001,377.0,
6402,3,H8,Anada,17,Diagonal - Balmes,94,09:47:37,47.62,13.850000000033333,831.0,1
6027,2,H8,Anada,17,Diagonal - Balmes,94,09:56:08,56.13,8.516666666699999,511.0,1
6213,3,H8,Anada,17,Diagonal - Balmes,94,10:08:00,8.0,11.866666666633334,712.0,
6034,2,H8,Anada,17,Diagonal - Balmes,94,10:16:24,16.4,8.400000000033334,504.0,
6406,3,H8,Anada,17,Diagonal - Balmes,94,10:30:55,30.92,14.533333333266667,872.0,
6408,3,H8,Anada,17,Diagonal - Balmes,94,10:36:58,36.97,6.0333333334,362.0,
6215,3,H8,Anada,17,Diagonal - Balmes,94,10:45:24,45.4,8.4333333333,506.0,9
6409,4,H8,Anada,17,Diagonal - Balmes,94,10:57:58,57.97,12.566666666666666,754.0,
6411,3,H8,Anada,17,Diagonal - Balmes,94,11:13:12,13.2,15.233333333333333,914.0,1
6407,3,H8,Anada,17,Diagonal - Balmes,94,11:27:02,27.03,13.833333333366665,830.0,
6100,3,H8,Anada,17,Diagonal - Balmes,94,11:38:10,38.17,11.133333333333333,668.0,
6415,3,H8,Anada,17,Diagonal - Balmes,94,11:53:16,53.27,15.1,906.0,
6028,3,H8,Anada,17,Diagonal - Balmes,94,12:00:59,0.98,7.733333333266667,464.0,
6802,3,H8,Anada,17,Diagonal - Balmes,94,12:09:53,9.88,8.883333333366666,533.0,
6209,4,H8,Anada,17,Diagonal - Balmes,94,12:26:50,26.83,16.966666666633333,1018.0,
6211,4,H8,Anada,17,Diagonal - Balmes,94,12:29:36,29.6,2.7666666666666666,166.0,
6800,1,H8,Anada,17,Diagonal - Balmes,94,12:37:57,37.95,8.350000000016667,501.0,
6402,4,H8,Anada,17,Diagonal - Balmes,94,12:49:43,49.72,11.75000000005,705.0,
6027,3,H8,Anada,17,Diagonal - Balmes,94,12:58:06,58.1,7.449999999966667,447.0,
6034,3,H8,Anada,17,Diagonal - Balmes,94,13:11:58,11.97,13.8666666667,832.0,"26,31"
6406,4,H8,Anada,17,Diagonal - Balmes,94,13:19:45,19.75,7.783333333300001,467.0,
6408,4,H8,Anada,17,Diagonal - Balmes,94,13:32:25,32.42,12.6833333333,761.0,
6215,4,H8,Anada,17,Diagonal - Balmes,94,13:41:51,41.85,9.416666666733333,565.0,
6409,5,H8,Anada,17,Diagonal - Balmes,94,13:55:02,55.03,13.183333333333334,791.0,19
6075,2,H8,Anada,17,Diagonal - Balmes,94,13:57:16,57.27,2.2333333333333334,134.0,"13,14"
6411,4,H8,Anada,17,Diagonal - Balmes,94,14:10:14,10.23,12.966666666666667,778.0,
6407,4,H8,Anada,17,Diagonal - Balmes,94,14:33:19,33.32,23.083333333333332,1385.0,"36,37,38"
6036,1,H8,Anada,17,Diagonal - Balmes,94,14:37:39,37.65,4.349999999933333,261.0,"18,19"
6100,4,H8,Anada,17,Diagonal - Balmes,94,14:43:39,43.65,5.983333333366667,359.0,
6415,4,H8,Anada,17,Diagonal - Balmes,94,14:49:59,49.98,6.349999999966667,381.0,
6028,4,H8,Anada,17,Diagonal - Balmes,94,15:06:51,6.85,16.866666666666667,1012.0,
6802,4,H8,Anada,17,Diagonal - Balmes,94,15:11:55,11.92,5.0500000000666665,303.0,
6211,5,H8,Anada,17,Diagonal - Balmes,94,15:21:00,21.0,9.0833333333,545.0,
6201,1,H8,Anada,17,Diagonal - Balmes,94,15:24:47,24.78,3.7999999999666665,228.0,"1,2,3,4,5,6,7,8,9,10,11"
6800,2,H8,Anada,17,Diagonal - Balmes,94,15:40:42,40.7,15.916666666666666,955.0,
6217,3,H8,Anada,17,Diagonal - Balmes,94,15:46:52,46.87,6.150000000066667,369.0,"1,2,3,4,5,6,7,8,19"
6402,5,H8,Anada,17,Diagonal - Balmes,94,15:54:48,54.8,7.933333333333334,476.0,
6213,5,H8,Anada,17,Diagonal - Balmes,94,16:08:38,8.63,13.449999999933334,807.0,1
6034,4,H8,Anada,17,Diagonal - Balmes,94,16:18:09,18.15,9.500000000033333,570.0,
6406,5,H8,Anada,17,Diagonal - Balmes,94,16:25:34,25.57,7.416666666666667,445.0,
6408,5,H8,Anada,17,Diagonal - Balmes,94,16:32:21,32.35,6.799999999966667,408.0,
6215,5,H8,Anada,17,Diagonal - Balmes,94,16:51:43,51.72,19.350000000033333,1161.0,
6409,6,H8,Anada,17,Diagonal - Balmes,94,16:59:13,59.22,7.500000000033333,450.0,"24,25,26,28,29"
6075,3,H8,Anada,17,Diagonal - Balmes,94,17:03:20,3.33,4.116666666633333,247.0,
6411,5,H8,Anada,17,Diagonal - Balmes,94,17:14:19,14.32,10.999999999966667,660.0,
6407,5,H8,Anada,17,Diagonal - Balmes,94,17:26:03,26.05,11.7166666667,703.0,
6036,2,H8,Anada,17,Diagonal - Balmes,94,17:29:12,29.2,3.1500000000333332,189.0,"11,13,14,15,16"
6415,5,H8,Anada,17,Diagonal - Balmes,94,17:48:38,48.63,19.449999999933333,1167.0,1
6028,5,H8,Anada,17,Diagonal - Balmes,94,17:58:44,58.73,10.083333333366665,605.0,
6802,5,H8,Anada,17,Diagonal - Balmes,94,18:11:40,11.67,12.949999999966668,777.0,
6211,6,H8,Anada,17,Diagonal - Balmes,94,18:21:31,21.52,9.833333333399999,590.0,
6217,4,H8,Anada,17,Diagonal - Balmes,94,18:32:18,32.3,10.799999999933334,648.0,
6800,3,H8,Anada,17,Diagonal - Balmes,94,18:35:21,35.35,3.033333333366667,182.0,
6409,7,H8,Anada,17,Diagonal - Balmes,94,18:48:43,48.72,13.3666666667,802.0,"1,2,3,4,5,6,7,8,9,10,11,12,13,14,15,18,19,20,21,22,23,24,25,26,27,28,29,30,31,32,33,34,35,36,37,38,39"
6402,6,H8,Anada,17,Diagonal - Balmes,94,18:50:12,50.2,1.4999999999333333,90.0,
6213,6,H8,Anada,17,Diagonal - Balmes,94,18:58:30,58.5,8.3,498.0,
6034,5,H8,Anada,17,Diagonal - Balmes,94,19:06:06,6.1,7.583333333366666,455.0,9
6406,6,H8,Anada,17,Diagonal - Balmes,94,19:18:25,18.42,12.3333333333,740.0,
6408,6,H8,Anada,17,Diagonal - Balmes,94,19:23:30,23.5,5.0666666667,304.0,
6215,6,H8,Anada,17,Diagonal - Balmes,94,19:39:25,39.42,15.916666666666666,955.0,
6075,4,H8,Anada,17,Diagonal - Balmes,94,19:52:32,52.53,13.1166666667,787.0,36
6411,6,H8,Anada,17,Diagonal - Balmes,94,20:03:15,3.25,10.733333333266668,644.0,"1,2,3,4,5,6,7"
6036,3,H8,Anada,17,Diagonal - Balmes,94,20:11:12,11.2,7.9333333334,476.0,
6117,1,H8,Anada,17,Diagonal - Balmes,94,20:26:01,26.02,14.816666666633333,889.0,
6415,6,H8,Anada,17,Diagonal - Balmes,94,20:33:57,33.95,7.949999999966667,477.0,
6211,7,H8,Anada,17,Diagonal - Balmes,94,20:53:07,53.12,19.166666666666668,1150.0,
6217,5,H8,Anada,17,Diagonal - Balmes,94,21:05:52,5.87,12.7333333334,764.0,
6402,7,H8,Anada,17,Diagonal - Balmes,94,21:20:13,20.22,14.3666666666,862.0,
6034,6,H8,Anada,17,Diagonal - Balmes,94,21:37:53,37.88,17.650000000033334,1059.0,32
6408,7,H8,Anada,17,Diagonal - Balmes,94,21:57:18,57.3,19.433333333300002,1166.0,"19,21,22,23"
6211,1,H8,Anada,18,Diagonal - Pau Claris,1080,03:47:20,47.33,,,"1,2,3,4,5,6,7,8,9,10"
6409,1,H8,Anada,18,Diagonal - Pau Claris,1080,03:59:09,59.15,11.833333333266667,710.0,"1,2,3,4,5,6,7,8,9,10,11,12,13,14,15,16,19,20,36,37,38,39"
6402,1,H8,Anada,18,Diagonal - Pau Claris,1080,04:03:15,3.25,4.083333333366666,245.0,1
6213,1,H8,Anada,18,Diagonal - Pau Claris,1080,04:11:34,11.57,8.333333333316666,500.0,
6406,1,H8,Anada,18,Diagonal - Pau Claris,1080,04:24:11,24.18,12.600000000016667,756.0,
6110,1,H8,Anada,18,Diagonal - Pau Claris,1080,04:37:29,37.48,13.316666666633333,799.0,1
6408,1,H8,Anada,18,Diagonal - Pau Claris,1080,04:40:09,40.15,2.6500000000666666,159.0,
6215,1,H8,Anada,18,Diagonal - Pau Claris,1080,04:51:50,51.83,11.699999999933334,702.0,
6217,1,H8,Anada,18,Diagonal - Pau Claris,1080,05:14:08,14.13,22.3,1338.0,1
6411,1,H8,Anada,18,Diagonal - Pau Claris,1080,05:20:25,20.42,6.266666666733333,376.0,
6407,1,H8,Anada,18,Diagonal - Pau Claris,1080,05:29:55,29.92,9.499999999966667,570.0,
6204,1,H8,Anada,18,Diagonal - Pau Claris,1080,05:36:27,36.45,6.533333333333333,392.0,
6100,1,H8,Anada,18,Diagonal - Pau Claris,1080,05:44:25,44.42,7.966666666699999,478.0,
6415,1,H8,Anada,18,Diagonal - Pau Claris,1080,05:52:43,52.72,8.3,498.0,
6028,1,H8,Anada,18,Diagonal - Pau Claris,1080,06:09:05,9.08,16.366666666633332,982.0,
6802,1,H8,Anada,18,Diagonal - Pau Claris,1080,06:13:16,13.27,4.183333333366667,251.0,
6209,2,H8,Anada,18,Diagonal - Pau Claris,1080,06:26:17,26.28,13.016666666633334,781.0,
6211,2,H8,Anada,18,Diagonal - Pau Claris,1080,06:35:50,35.83,9.55,573.0,
6401,1,H8,Anada,18,Diagonal - Pau Claris,1080,06:43:32,43.53,7.7166666666333334,463.0,9
6402,2,H8,Anada,18,Diagonal - Pau Claris,1080,06:50:17,50.28,6.749999999983333,405.0,
6027,1,H8,Anada,18,Diagonal - Pau Claris,1080,06:59:18,59.3,9.00000000005,540.0,
6213,2,H8,Anada,18,Diagonal - Pau Claris,1080,07:04:46,4.77,5.4833333332833325,329.0,
6034,1,H8,Anada,18,Diagonal - Pau Claris,1080,07:13:44,13.73,8.966666666683333,538.0,36
6110,2,H8,Anada,18,Diagonal - Pau Claris,1080,07:33:11,33.18,19.45,1167.0,
6406,2,H8,Anada,18,Diagonal - Pau Claris,1080,07:35:06,35.1,1.9000000000666666,114.0,33
6408,2,H8,Anada,18,Diagonal - Pau Claris,1080,07:41:31,41.52,6.433333333266666,386.0,9
6215,2,H8,Anada,18,Diagonal - Pau Claris,1080,07:53:39,53.65,12.133333333333333,728.0,
6409,3,H8,Anada,18,Diagonal - Pau Claris,1080,08:01:40,1.67,8.016666666666667,481.0,
6217,2,H8,Anada,18,Diagonal - Pau Claris,1080,08:11:36,11.6,9.9166666667,595.0,
6411,2,H8,Anada,18,Diagonal - Pau Claris,1080,08:20:58,20.97,9.366666666666667,562.0,
6407,2,H8,Anada,18,Diagonal - Pau Claris,1080,08:27:46,27.77,6.800000000033333,408.0,
6100,2,H8,Anada,18,Diagonal - Pau Claris,1080,08:42:23,42.38,14.616666666666667,877.0,"1,2,3"
6415,2,H8,Anada,18,Diagonal - Pau Claris,1080,08:50:39,50.65,7.8999999999499995,474.0,
6028,2,H8,Anada,18,Diagonal - Pau Claris,1080,09:14:06,14.1,23.4333333334,1406.0,
6802,2,H8,Anada,18,Diagonal - Pau Claris,1080,09:15:56,15.93,1.8333333333333333,110.0,
6209,3,H8,Anada,18,Diagonal - Pau Claris,1080,09:29:21,29.35,13.416666666633335,805.0,
6211,3,H8,Anada,18,Diagonal - Pau Claris,1080,09:36:37,36.62,7.283333333300001,437.0,
6402,3,H8,Anada,18,Diagonal - Pau Claris,1080,09:50:31,50.52,13.883333333366666,833.0,1
6027,2,H8,Anada,18,Diagonal - Pau Claris,1080,09:58:46,58.77,8.25,495.0,1
6213,3,H8,Anada,18,Diagonal - Pau Claris,1080,10:10:53,10.88,12.1166666667,727.0,
6034,2,H8,Anada,18,Diagonal - Pau Claris,1080,10:18:30,18.5,7.633333333266666,458.0,
6406,3,H8,Anada,18,Diagonal - Pau Claris,1080,10:33:37,33.62,15.100000000066666,906.0,
6408,3,H8,Anada,18,Diagonal - Pau Claris,1080,10:39:27,39.45,5.849999999933333,351.0,
6215,3,H8,Anada,18,Diagonal - Pau Claris,1080,10:48:31,48.52,9.050000000033332,543.0,9
6409,4,H8,Anada,18,Diagonal - Pau Claris,1080,11:00:57,0.95,12.449999999966668,747.0,
6411,3,H8,Anada,18,Diagonal - Pau Claris,1080,11:16:06,16.1,15.133333333366666,908.0,1
6407,3,H8,Anada,18,Diagonal - Pau Claris,1080,11:28:36,28.6,12.5,750.0,
6100,3,H8,Anada,18,Diagonal - Pau Claris,1080,11:41:30,41.5,12.916666666633335,775.0,
6415,3,H8,Anada,18,Diagonal - Pau Claris,1080,11:54:13,54.22,12.700000000033333,762.0,
6028,3,H8,Anada,18,Diagonal - Pau Claris,1080,12:04:11,4.18,9.983333333300001,599.0,
6802,3,H8,Anada,18,Diagonal - Pau Claris,1080,12:12:39,12.65,8.466666666666667,508.0,
6209,4,H8,Anada,18,Diagonal - Pau Claris,1080,12:30:44,30.73,18.066666666733333,1084.0,
6211,4,H8,Anada,18,Diagonal - Pau Claris,1080,12:34:51,34.85,4.116666666633333,247.0,
6800,1,H8,Anada,18,Diagonal - Pau Claris,1080,12:41:27,41.45,6.6,396.0,
6402,4,H8,Anada,18,Diagonal - Pau Claris,1080,12:52:16,52.27,10.8333333333,650.0,
6213,4,H8,Anada,18,Diagonal - Pau Claris,1080,12:53:48,53.8,1.5166666667,91.0,"11,12,14,26"
6027,3,H8,Anada,18,Diagonal - Pau Claris,1080,12:59:55,59.92,6.1333333333,368.0,
6034,3,H8,Anada,18,Diagonal - Pau Claris,1080,13:12:46,12.77,12.833333333399999,770.0,"26,31"
6406,4,H8,Anada,18,Diagonal - Pau Claris,1080,13:23:03,23.05,10.299999999933334,618.0,
6408,4,H8,Anada,18,Diagonal - Pau Claris,1080,13:37:55,37.92,14.850000000033333,891.0,
6215,4,H8,Anada,18,Diagonal - Pau Claris,1080,13:45:53,45.88,7.966666666666667,478.0,
6409,5,H8,Anada,18,Diagonal - Pau Claris,1080,13:58:02,58.03,12.150000000033334,729.0,19
6075,2,H8,Anada,18,Diagonal - Pau Claris,1080,14:00:40,0.67,2.6333333333333333,158.0,"13,14"
6411,4,H8,Anada,18,Diagonal - Pau Claris,1080,14:13:30,13.5,12.849999999933335,771.0,
6407,4,H8,Anada,18,Diagonal - Pau Claris,1080,14:35:05,35.08,21.583333333333332,1295.0,"36,37,38"
6100,4,H8,Anada,18,Diagonal - Pau Claris,1080,14:45:37,45.62,10.533333333316667,632.0,
6415,4,H8,Anada,18,Diagonal - Pau Claris,1080,14:53:34,53.57,7.95,477.0,
6028,4,H8,Anada,18,Diagonal - Pau Claris,1080,15:09:50,9.83,16.25000000005,975.0,
6802,4,H8,Anada,18,Diagonal - Pau Claris,1080,15:13:21,13.35,3.5166666666666666,211.0,
6211,5,H8,Anada,18,Diagonal - Pau Claris,1080,15:22:57,22.95,9.600000000033333,576.0,
6201,1,H8,Anada,18,Diagonal - Pau Claris,1080,15:27:38,27.63,4.6999999999333335,282.0,"1,2,3,4,5,6,7,8,9,10,11"
6800,2,H8,Anada,18,Diagonal - Pau Claris,1080,15:43:37,43.62,15.9666666667,958.0,
6217,3,H8,Anada,18,Diagonal - Pau Claris,1080,15:49:25,49.42,5.816666666633334,349.0,"1,2,3,4,5,6,7,8,19"
6402,5,H8,Anada,18,Diagonal - Pau Claris,1080,15:59:51,59.85,10.416666666733333,625.0,
6213,5,H8,Anada,18,Diagonal - Pau Claris,1080,16:10:40,10.67,10.633333333266668,638.0,1
6034,4,H8,Anada,18,Diagonal - Pau Claris,1080,16:20:47,20.78,10.116666666666667,607.0,
6406,5,H8,Anada,18,Diagonal - Pau Claris,1080,16:27:27,27.45,6.650000000066667,399.0,
6408,5,H8,Anada,18,Diagonal - Pau Claris,1080,16:34:18,34.3,6.849999999966667,411.0,
6215,5,H8,Anada,18,Diagonal - Pau Claris,1080,16:54:53,54.88,20.583333333366667,1235.0,
6409,6,H8,Anada,18,Diagonal - Pau Claris,1080,17:00:02,0.03,5.166666666599999,310.0,"24,25,26,28,29"
6075,3,H8,Anada,18,Diagonal - Pau Claris,1080,17:06:49,6.82,6.783333333333333,407.0,
6411,5,H8,Anada,18,Diagonal - Pau Claris,1080,17:15:45,15.75,8.933333333333334,536.0,
6407,5,H8,Anada,18,Diagonal - Pau Claris,1080,17:30:26,30.43,14.666666666733333,880.0,
6036,2,H8,Anada,18,Diagonal - Pau Claris,1080,17:31:56,31.93,1.5,90.0,"11,13,14,15,16"
6415,5,H8,Anada,18,Diagonal - Pau Claris,1080,17:51:26,51.43,19.49999999996667,1170.0,1
6028,5,H8,Anada,18,Diagonal - Pau Claris,1080,18:00:54,0.9,9.4666666667,568.0,
6802,5,H8,Anada,18,Diagonal - Pau Claris,1080,18:13:12,13.2,12.299999999966667,738.0,
6211,6,H8,Anada,18,Diagonal - Pau Claris,1080,18:22:50,22.83,9.633333333333333,578.0,
6217,4,H8,Anada,18,Diagonal - Pau Claris,1080,18:33:58,33.97,11.133333333333333,668.0,
6800,3,H8,Anada,18,Diagonal - Pau Claris,1080,18:37:02,37.03,3.0666666667,184.0,
6402,6,H8,Anada,18,Diagonal - Pau Claris,1080,18:53:39,53.65,16.633333333266666,998.0,
6213,6,H8,Anada,18,Diagonal - Pau Claris,1080,19:00:40,0.67,7.000000000033333,420.0,
6034,5,H8,Anada,18,Diagonal - Pau Claris,1080,19:07:53,7.88,7.216666666666667,433.0,9
6406,6,H8,Anada,18,Diagonal - Pau Claris,1080,19:20:27,20.45,12.5833333333,755.0,
6408,6,H8,Anada,18,Diagonal - Pau Claris,1080,19:25:54,25.9,5.4333333334,326.0,
6215,6,H8,Anada,18,Diagonal - Pau Claris,1080,19:41:04,41.07,15.183333333266667,911.0,
6409,8,H8,Anada,18,Diagonal - Pau Claris,1080,19:45:53,45.88,4.8000000000666665,288.0,"16,17"
6075,4,H8,Anada,18,Diagonal - Pau Claris,1080,19:54:19,54.32,8.433333333333334,506.0,36
6411,6,H8,Anada,18,Diagonal - Pau Claris,1080,20:05:22,5.37,11.049999999966667,663.0,"1,2,3,4,5,6,7"
6036,3,H8,Anada,18,Diagonal - Pau Claris,1080,20:13:10,13.17,7.800000000033333,468.0,
6117,1,H8,Anada,18,Diagonal - Pau Claris,1080,20:27:45,27.75,14.599999999933335,876.0,
6415,6,H8,Anada,18,Diagonal - Pau Claris,1080,20:35:41,35.68,7.916666666733334,475.0,
6211,7,H8,Anada,18,Diagonal - Pau Claris,1080,20:54:23,54.38,18.699999999966668,1122.0,
6217,5,H8,Anada,18,Diagonal - Pau Claris,1080,21:07:28,7.47,13.083333333333334,785.0,
6402,7,H8,Anada,18,Diagonal - Pau Claris,1080,21:21:47,21.78,14.316666666666666,859.0,
6034,6,H8,Anada,18,Diagonal - Pau Claris,1080,21:40:04,40.07,18.283333333333335,1097.0,32
6408,7,H8,Anada,18,Diagonal - Pau Claris,1080,21:58:58,58.97,18.9,1134.0,"19,21,22,23"
6211,1,H8,Anada,19,Rosselló - Bruc,146,03:48:09,48.15,,,"1,2,3,4,5,6,7,8,9,10"
6402,1,H8,Anada,19,Rosselló - Bruc,146,04:05:11,5.18,17.049999999933334,1023.0,1
6213,1,H8,Anada,19,Rosselló - Bruc,146,04:13:23,13.38,8.2,492.0,
6406,1,H8,Anada,19,Rosselló - Bruc,146,04:26:16,26.27,12.8666666667,772.0,
6110,1,H8,Anada,19,Rosselló - Bruc,146,04:38:35,38.58,12.3333333333,740.0,1
6408,1,H8,Anada,19,Rosselló - Bruc,146,04:41:41,41.68,3.083333333366667,185.0,
6215,1,H8,Anada,19,Rosselló - Bruc,146,04:53:09,53.15,11.466666666666667,688.0,
6409,2,H8,Anada,19,Rosselló - Bruc,146,05:00:41,0.68,7.5333333333666666,452.0,"9,17,18"
6217,1,H8,Anada,19,Rosselló - Bruc,146,05:15:11,15.18,14.5,870.0,1
6411,1,H8,Anada,19,Rosselló - Bruc,146,05:21:55,21.92,6.733333333333333,404.0,
6407,1,H8,Anada,19,Rosselló - Bruc,146,05:31:45,31.75,9.8333333333,590.0,
6204,1,H8,Anada,19,Rosselló - Bruc,146,05:37:46,37.77,6.016666666666667,361.0,
6100,1,H8,Anada,19,Rosselló - Bruc,146,05:46:06,46.1,8.333333333366665,500.0,
6415,1,H8,Anada,19,Rosselló - Bruc,146,05:53:16,53.27,7.183333333266666,431.0,
6028,1,H8,Anada,19,Rosselló - Bruc,146,06:09:46,9.77,16.4833333334,989.0,
6802,1,H8,Anada,19,Rosselló - Bruc,146,06:14:33,14.55,4.783333333300001,287.0,
6209,2,H8,Anada,19,Rosselló - Bruc,146,06:27:35,27.58,13.033333333333333,782.0,
6211,2,H8,Anada,19,Rosselló - Bruc,146,06:37:08,37.13,9.55,573.0,
6401,1,H8,Anada,19,Rosselló - Bruc,146,06:45:10,45.17,8.033333333366667,482.0,9
6402,2,H8,Anada,19,Rosselló - Bruc,146,06:50:54,50.9,5.749999999933333,345.0,
6027,1,H8,Anada,19,Rosselló - Bruc,146,07:00:35,0.58,9.683333333333334,581.0,
6213,2,H8,Anada,19,Rosselló - Bruc,146,07:06:07,6.12,5.516666666733333,331.0,
6034,1,H8,Anada,19,Rosselló - Bruc,146,07:15:40,15.67,9.566666666600002,574.0,36
6110,2,H8,Anada,19,Rosselló - Bruc,146,07:35:35,35.58,19.900000000066665,1194.0,
6406,2,H8,Anada,19,Rosselló - Bruc,146,07:37:17,37.28,1.6999999999666668,102.0,33
6408,2,H8,Anada,19,Rosselló - Bruc,146,07:45:30,45.5,8.233333333300001,494.0,9
6215,2,H8,Anada,19,Rosselló - Bruc,146,07:56:33,56.55,11.0333333334,662.0,
6409,3,H8,Anada,19,Rosselló - Bruc,146,08:04:55,4.92,8.366666666633334,502.0,
6217,2,H8,Anada,19,Rosselló - Bruc,146,08:15:19,15.32,10.400000000033334,624.0,
6411,2,H8,Anada,19,Rosselló - Bruc,146,08:23:16,23.27,7.95,477.0,
6407,2,H8,Anada,19,Rosselló - Bruc,146,08:29:20,29.33,6.066666666666666,364.0,
6204,2,H8,Anada,19,Rosselló - Bruc,146,08:45:13,45.22,15.883333333333333,953.0,
6415,2,H8,Anada,19,Rosselló - Bruc,146,08:53:18,53.3,7.35,441.0,
6028,2,H8,Anada,19,Rosselló - Bruc,146,09:16:23,16.38,23.083333333333332,1385.0,
6802,2,H8,Anada,19,Rosselló - Bruc,146,09:17:35,17.58,1.2166666666333334,73.0,
6209,3,H8,Anada,19,Rosselló - Bruc,146,09:31:50,31.83,14.250000000016666,855.0,
6211,3,H8,Anada,19,Rosselló - Bruc,146,09:38:29,38.48,6.633333333383334,398.0,
6402,3,H8,Anada,19,Rosselló - Bruc,146,09:51:23,51.38,12.916666666600001,775.0,1
6027,2,H8,Anada,19,Rosselló - Bruc,146,10:01:19,1.32,9.9166666667,595.0,1
6213,3,H8,Anada,19,Rosselló - Bruc,146,10:13:07,13.12,11.816666666633333,709.0,
6034,2,H8,Anada,19,Rosselló - Bruc,146,10:20:45,20.75,7.6166666667,457.0,
6406,3,H8,Anada,19,Rosselló - Bruc,146,10:36:40,36.67,15.9333333333,956.0,
6408,3,H8,Anada,19,Rosselló - Bruc,146,10:41:42,41.7,5.033333333333333,302.0,
6215,3,H8,Anada,19,Rosselló - Bruc,146,10:52:15,52.25,10.533333333366667,632.0,9
6409,4,H8,Anada,19,Rosselló - Bruc,146,11:03:52,3.87,11.6166666667,697.0,
6411,3,H8,Anada,19,Rosselló - Bruc,146,11:18:59,18.98,15.116666666633334,907.0,1
6407,3,H8,Anada,19,Rosselló - Bruc,146,11:30:30,30.5,11.533333333316667,692.0,
6100,3,H8,Anada,19,Rosselló - Bruc,146,11:44:45,44.75,14.249999999983334,855.0,
6415,3,H8,Anada,19,Rosselló - Bruc,146,11:56:27,56.45,11.6,696.0,
6028,3,H8,Anada,19,Rosselló - Bruc,146,12:06:37,6.62,10.183333333266667,611.0,
6802,3,H8,Anada,19,Rosselló - Bruc,146,12:14:15,14.25,7.633333333333334,458.0,
6209,4,H8,Anada,19,Rosselló - Bruc,146,12:36:57,36.95,22.699999999983334,1362.0,
6211,4,H8,Anada,19,Rosselló - Bruc,146,12:38:31,38.52,1.55000000005,93.0,
6800,1,H8,Anada,19,Rosselló - Bruc,146,12:44:46,44.77,6.250000000033333,375.0,
6402,4,H8,Anada,19,Rosselló - Bruc,146,12:56:09,56.15,11.383333333333333,683.0,
6027,3,H8,Anada,19,Rosselló - Bruc,146,13:01:40,1.67,5.1333333333,308.0,
6034,3,H8,Anada,19,Rosselló - Bruc,146,13:15:33,15.55,13.883333333366666,833.0,"26,31"
6406,4,H8,Anada,19,Rosselló - Bruc,146,13:25:39,25.65,10.1166666666,607.0,
6408,4,H8,Anada,19,Rosselló - Bruc,146,13:41:42,41.7,16.033333333399998,962.0,
6215,4,H8,Anada,19,Rosselló - Bruc,146,13:49:36,49.6,7.899999999966667,474.0,
6075,2,H8,Anada,19,Rosselló - Bruc,146,14:02:46,2.77,13.1833333333,791.0,"13,14"
6411,4,H8,Anada,19,Rosselló - Bruc,146,14:18:10,18.17,15.4,924.0,
6407,4,H8,Anada,19,Rosselló - Bruc,146,14:39:02,39.03,20.86666666665,1252.0,"36,37,38"
6100,4,H8,Anada,19,Rosselló - Bruc,146,14:49:50,49.83,10.783333333416666,647.0,
6415,4,H8,Anada,19,Rosselló - Bruc,146,14:55:43,55.72,5.8833333333,353.0,
6028,4,H8,Anada,19,Rosselló - Bruc,146,15:11:36,11.6,15.883333333333333,953.0,
6802,4,H8,Anada,19,Rosselló - Bruc,146,15:15:33,15.55,3.9500000000333335,237.0,
6211,5,H8,Anada,19,Rosselló - Bruc,146,15:25:52,25.87,10.333333333266667,620.0,
6201,1,H8,Anada,19,Rosselló - Bruc,146,15:31:01,31.02,5.133333333366666,308.0,"1,2,3,4,5,6,7,8,9,10,11"
6800,2,H8,Anada,19,Rosselló - Bruc,146,15:49:13,49.22,18.200000000033334,1092.0,
6027,4,H8,Anada,19,Rosselló - Bruc,146,16:03:27,3.45,14.233333333333333,854.0,1
6213,5,H8,Anada,19,Rosselló - Bruc,146,16:13:48,13.8,10.266666666666667,616.0,1
6034,4,H8,Anada,19,Rosselló - Bruc,146,16:24:46,24.77,10.966666666666667,658.0,
6406,5,H8,Anada,19,Rosselló - Bruc,146,16:31:28,31.47,6.7166666666333334,403.0,
6408,5,H8,Anada,19,Rosselló - Bruc,146,16:37:06,37.1,5.616666666733334,337.0,
6215,5,H8,Anada,19,Rosselló - Bruc,146,16:59:44,59.73,22.633333333333333,1358.0,
6409,6,H8,Anada,19,Rosselló - Bruc,146,17:02:38,2.63,2.8999999999666666,174.0,"24,25,26,28,29"
6075,3,H8,Anada,19,Rosselló - Bruc,146,17:09:44,9.73,7.116666666633334,427.0,
6411,5,H8,Anada,19,Rosselló - Bruc,146,17:19:11,19.18,9.433333333383333,566.0,
6407,5,H8,Anada,19,Rosselló - Bruc,146,17:32:53,32.88,13.700000000016667,822.0,
6036,2,H8,Anada,19,Rosselló - Bruc,146,17:34:37,34.62,1.7333333333333334,104.0,"11,13,14,15,16"
6415,5,H8,Anada,19,Rosselló - Bruc,146,17:55:02,55.03,20.433333333266667,1226.0,1
6028,5,H8,Anada,19,Rosselló - Bruc,146,18:03:12,3.2,8.150000000066667,489.0,
6802,5,H8,Anada,19,Rosselló - Bruc,146,18:15:41,15.68,12.483333333333333,749.0,
6211,6,H8,Anada,19,Rosselló - Bruc,146,18:24:58,24.97,9.283333333333333,557.0,
6217,4,H8,Anada,19,Rosselló - Bruc,146,18:36:31,36.52,11.549999999966667,693.0,
6800,3,H8,Anada,19,Rosselló - Bruc,146,18:39:28,39.47,2.9500000000333335,177.0,
6402,6,H8,Anada,19,Rosselló - Bruc,146,18:54:51,54.85,15.399999999933334,924.0,
6213,6,H8,Anada,19,Rosselló - Bruc,146,19:00:58,0.97,6.116666666666666,367.0,
6034,5,H8,Anada,19,Rosselló - Bruc,146,19:08:56,8.93,7.966666666666667,478.0,9
6406,6,H8,Anada,19,Rosselló - Bruc,146,19:22:48,22.8,13.850000000033333,831.0,
6408,6,H8,Anada,19,Rosselló - Bruc,146,19:26:48,26.8,4.016666666633333,241.0,
6215,6,H8,Anada,19,Rosselló - Bruc,146,19:42:16,42.27,15.450000000066666,927.0,
6409,8,H8,Anada,19,Rosselló - Bruc,146,19:47:16,47.27,5.0,300.0,"16,17"
6075,4,H8,Anada,19,Rosselló - Bruc,146,19:55:56,55.93,8.666666666666666,520.0,36
6411,6,H8,Anada,19,Rosselló - Bruc,146,20:07:03,7.05,11.116666666633334,667.0,"1,2,3,4,5,6,7"
6036,3,H8,Anada,19,Rosselló - Bruc,146,20:14:39,14.65,7.6,456.0,
6117,1,H8,Anada,19,Rosselló - Bruc,146,20:28:51,28.85,14.216666666633333,853.0,
6415,6,H8,Anada,19,Rosselló - Bruc,146,20:36:32,36.53,7.683333333333334,461.0,
6211,7,H8,Anada,19,Rosselló - Bruc,146,20:56:14,56.23,19.6833333334,1181.0,
6217,5,H8,Anada,19,Rosselló - Bruc,146,21:09:19,9.32,13.083333333333334,785.0,
6402,7,H8,Anada,19,Rosselló - Bruc,146,21:23:31,23.52,14.2166666666,853.0,
6034,6,H8,Anada,19,Rosselló - Bruc,146,21:41:08,41.13,17.600000000033333,1056.0,32
6211,1,H8,Anada,20,Rosselló - Bailèn,1089,03:49:19,49.32,,,"1,2,3,4,5,6,7,8,9,10"
6402,1,H8,Anada,20,Rosselló - Bailèn,1089,04:06:12,6.2,16.866666666733334,1012.0,1
6213,1,H8,Anada,20,Rosselló - Bailèn,1089,04:13:58,13.97,7.766666666633333,466.0,
6406,1,H8,Anada,20,Rosselló - Bailèn,1089,04:27:26,27.43,13.4666666667,808.0,
6110,1,H8,Anada,20,Rosselló - Bailèn,1089,04:39:27,39.45,12.016666666633334,721.0,1
6408,1,H8,Anada,20,Rosselló - Bailèn,1089,04:42:43,42.72,3.2833333333,197.0,
6215,1,H8,Anada,20,Rosselló - Bailèn,1089,04:53:57,53.95,11.2166666667,673.0,
6409,2,H8,Anada,20,Rosselló - Bailèn,1089,05:02:13,2.22,8.283333333316667,497.0,"9,17,18"
6217,1,H8,Anada,20,Rosselló - Bailèn,1089,05:16:11,16.18,13.95000000005,837.0,1
6411,1,H8,Anada,20,Rosselló - Bailèn,1089,05:24:22,24.37,8.1833333333,491.0,
6407,1,H8,Anada,20,Rosselló - Bailèn,1089,05:32:23,32.38,8.016666666666667,481.0,
6204,1,H8,Anada,20,Rosselló - Bailèn,1089,05:39:02,39.03,6.65,399.0,
6100,1,H8,Anada,20,Rosselló - Bailèn,1089,05:46:23,46.38,7.350000000033333,441.0,
6415,1,H8,Anada,20,Rosselló - Bailèn,1089,05:54:36,54.6,8.216666666633333,493.0,
6028,1,H8,Anada,20,Rosselló - Bailèn,1089,06:12:34,12.57,17.966666666666665,1078.0,
6802,1,H8,Anada,20,Rosselló - Bailèn,1089,06:15:24,15.4,2.833333333366667,170.0,
6209,2,H8,Anada,20,Rosselló - Bailèn,1089,06:28:46,28.77,13.366666666633334,802.0,
6211,2,H8,Anada,20,Rosselló - Bailèn,1089,06:38:14,38.23,9.4666666667,568.0,
6401,1,H8,Anada,20,Rosselló - Bailèn,1089,06:45:57,45.95,7.733333333266667,464.0,9
6402,2,H8,Anada,20,Rosselló - Bailèn,1089,06:52:25,52.42,6.450000000033333,387.0,
6027,1,H8,Anada,20,Rosselló - Bailèn,1089,07:03:39,3.65,11.233333333333333,674.0,
6213,2,H8,Anada,20,Rosselló - Bailèn,1089,07:08:13,8.22,4.566666666666666,274.0,
6034,1,H8,Anada,20,Rosselló - Bailèn,1089,07:17:49,17.82,9.616666666633334,577.0,36
6110,2,H8,Anada,20,Rosselló - Bailèn,1089,07:37:10,37.17,19.3333333334,1160.0,
6406,2,H8,Anada,20,Rosselló - Bailèn,1089,07:39:21,39.35,2.183333333333333,131.0,33
6408,2,H8,Anada,20,Rosselló - Bailèn,1089,07:46:47,46.78,7.4333333333,446.0,9
6215,2,H8,Anada,20,Rosselló - Bailèn,1089,07:58:00,58.0,11.2166666667,673.0,
6409,3,H8,Anada,20,Rosselló - Bailèn,1089,08:06:11,6.18,8.1833333333,491.0,
6217,2,H8,Anada,20,Rosselló - Bailèn,1089,08:15:34,15.57,9.399999999966667,564.0,
6411,2,H8,Anada,20,Rosselló - Bailèn,1089,08:24:27,24.45,8.866666666733332,532.0,
6407,2,H8,Anada,20,Rosselló - Bailèn,1089,08:31:43,31.72,7.266666666633333,436.0,
6100,2,H8,Anada,20,Rosselló - Bailèn,1089,08:46:01,46.02,14.316666666633333,859.0,"1,2,3"
6415,2,H8,Anada,20,Rosselló - Bailèn,1089,08:54:15,54.25,7.916666666699999,475.0,
6028,2,H8,Anada,20,Rosselló - Bailèn,1089,09:17:32,17.53,23.283333333366667,1397.0,
6209,3,H8,Anada,20,Rosselló - Bailèn,1089,09:34:19,34.32,16.383333333333333,983.0,
6211,3,H8,Anada,20,Rosselló - Bailèn,1089,09:40:28,40.47,6.15,369.0,
6402,3,H8,Anada,20,Rosselló - Bailèn,1089,09:54:29,54.48,14.016666666666667,841.0,1
6027,2,H8,Anada,20,Rosselló - Bailèn,1089,10:03:07,3.12,8.649999999933334,519.0,1
6213,3,H8,Anada,20,Rosselló - Bailèn,1089,10:14:13,14.22,11.083333333399999,665.0,
6034,2,H8,Anada,20,Rosselló - Bailèn,1089,10:21:44,21.73,7.516666666633333,451.0,
6406,3,H8,Anada,20,Rosselló - Bailèn,1089,10:37:20,37.33,15.6,936.0,
6408,3,H8,Anada,20,Rosselló - Bailèn,1089,10:43:23,43.38,6.05,363.0,
6215,3,H8,Anada,20,Rosselló - Bailèn,1089,10:53:25,53.42,10.033333333333333,602.0,9
6409,4,H8,Anada,20,Rosselló - Bailèn,1089,11:04:25,4.42,11.0,660.0,
6411,3,H8,Anada,20,Rosselló - Bailèn,1089,11:20:24,20.4,15.983333333333333,959.0,1
6407,3,H8,Anada,20,Rosselló - Bailèn,1089,11:32:27,32.45,12.066666666633333,724.0,
6204,3,H8,Anada,20,Rosselló - Bailèn,1089,11:46:17,46.28,13.8166666667,829.0,"1,2,3,4,5,6,7,8,9,10,11,12,13,14,15,16,17,18,30,31,32,33,34,35,36,37,38,39"
6415,3,H8,Anada,20,Rosselló - Bailèn,1089,11:58:06,58.1,11.266666666666667,676.0,
6028,3,H8,Anada,20,Rosselló - Bailèn,1089,12:07:29,7.48,9.399999999966667,564.0,
6802,3,H8,Anada,20,Rosselló - Bailèn,1089,12:15:29,15.48,7.983333333366667,479.0,
6209,4,H8,Anada,20,Rosselló - Bailèn,1089,12:38:08,38.13,22.666666666633333,1360.0,
6211,4,H8,Anada,20,Rosselló - Bailèn,1089,12:39:47,39.78,1.6333333334,98.0,
6800,1,H8,Anada,20,Rosselló - Bailèn,1089,12:45:01,45.02,5.233333333333333,314.0,
6402,4,H8,Anada,20,Rosselló - Bailèn,1089,12:57:25,57.42,12.399999999966667,744.0,
6213,4,H8,Anada,20,Rosselló - Bailèn,1089,12:58:48,58.8,1.3833333333333333,83.0,"11,12,14,26"
6027,3,H8,Anada,20,Rosselló - Bailèn,1089,13:02:13,2.22,3.4166666666666665,205.0,
6034,3,H8,Anada,20,Rosselló - Bailèn,1089,13:18:22,18.37,16.150000000033334,969.0,"26,31"
6406,4,H8,Anada,20,Rosselló - Bailèn,1089,13:27:50,27.83,9.466666666666667,568.0,
6408,4,H8,Anada,20,Rosselló - Bailèn,1089,13:42:12,42.2,14.383333333266668,863.0,
6215,4,H8,Anada,20,Rosselló - Bailèn,1089,13:50:39,50.65,8.433333333366667,506.0,
6409,5,H8,Anada,20,Rosselló - Bailèn,1089,14:01:31,1.52,10.8666666667,652.0,19
6075,2,H8,Anada,20,Rosselló - Bailèn,1089,14:04:42,4.7,3.183333333333333,191.0,"13,14"
6411,4,H8,Anada,20,Rosselló - Bailèn,1089,14:19:13,19.22,14.516666666633334,871.0,
6407,4,H8,Anada,20,Rosselló - Bailèn,1089,14:40:30,40.5,21.283333333333335,1277.0,"36,37,38"
6036,1,H8,Anada,20,Rosselló - Bailèn,1089,14:42:53,42.88,2.3833333333333333,143.0,"18,19"
6100,4,H8,Anada,20,Rosselló - Bailèn,1089,14:51:07,51.12,8.233333333366666,494.0,
6415,4,H8,Anada,20,Rosselló - Bailèn,1089,14:57:49,57.82,6.699999999966667,402.0,
6028,4,H8,Anada,20,Rosselló - Bailèn,1089,15:13:49,13.82,16.00000000003333,960.0,
6802,4,H8,Anada,20,Rosselló - Bailèn,1089,15:17:44,17.73,3.933333333266667,236.0,
6211,5,H8,Anada,20,Rosselló - Bailèn,1089,15:27:35,27.58,9.833333333399999,590.0,
6201,1,H8,Anada,20,Rosselló - Bailèn,1089,15:32:36,32.6,5.016666666633333,301.0,"1,2,3,4,5,6,7,8,9,10,11"
6800,2,H8,Anada,20,Rosselló - Bailèn,1089,15:49:45,49.75,17.150000000033334,1029.0,
6402,5,H8,Anada,20,Rosselló - Bailèn,1089,16:03:51,3.85,13.933333333399998,836.0,
6213,5,H8,Anada,20,Rosselló - Bailèn,1089,16:15:16,15.27,10.866666666633334,652.0,1
6034,4,H8,Anada,20,Rosselló - Bailèn,1089,16:26:38,26.63,11.3666666667,682.0,
6406,5,H8,Anada,20,Rosselló - Bailèn,1089,16:31:45,31.75,5.116666666666666,307.0,
6408,5,H8,Anada,20,Rosselló - Bailèn,1089,16:38:25,38.42,6.666666666666667,400.0,
6215,5,H8,Anada,20,Rosselló - Bailèn,1089,17:00:50,0.83,22.416666666666668,1345.0,
6409,6,H8,Anada,20,Rosselló - Bailèn,1089,17:03:41,3.68,2.8666666666,172.0,"24,25,26,28,29"
6075,3,H8,Anada,20,Rosselló - Bailèn,1089,17:09:53,9.88,6.183333333383334,371.0,
6411,5,H8,Anada,20,Rosselló - Bailèn,1089,17:20:20,20.33,10.466666666616668,628.0,
6407,5,H8,Anada,20,Rosselló - Bailèn,1089,17:34:13,34.22,13.883333333333333,833.0,
6036,2,H8,Anada,20,Rosselló - Bailèn,1089,17:35:33,35.55,1.3166666667,79.0,"11,13,14,15,16"
6415,5,H8,Anada,20,Rosselló - Bailèn,1089,17:56:54,56.9,21.35,1281.0,1
6028,5,H8,Anada,20,Rosselló - Bailèn,1089,18:04:38,4.63,7.733333333333333,464.0,
6802,5,H8,Anada,20,Rosselló - Bailèn,1089,18:15:53,15.88,11.266666666633334,676.0,
6211,6,H8,Anada,20,Rosselló - Bailèn,1089,18:26:49,26.82,10.916666666733333,655.0,
6217,4,H8,Anada,20,Rosselló - Bailèn,1089,18:38:11,38.18,11.366666666633334,682.0,
6800,3,H8,Anada,20,Rosselló - Bailèn,1089,18:40:45,40.75,2.566666666666667,154.0,
6402,6,H8,Anada,20,Rosselló - Bailèn,1089,18:55:51,55.85,15.116666666633334,907.0,
6213,6,H8,Anada,20,Rosselló - Bailèn,1089,19:01:47,1.78,5.933333333333334,356.0,
6034,5,H8,Anada,20,Rosselló - Bailèn,1089,19:09:46,9.77,7.983333333333333,479.0,9
6406,6,H8,Anada,20,Rosselló - Bailèn,1089,19:24:05,24.08,14.300000000066666,858.0,
6408,6,H8,Anada,20,Rosselló - Bailèn,1089,19:27:22,27.37,3.2833333333,197.0,
6215,6,H8,Anada,20,Rosselló - Bailèn,1089,19:44:51,44.85,17.483333333366666,1049.0,
6409,8,H8,Anada,20,Rosselló - Bailèn,1089,19:49:53,49.88,5.033333333333333,302.0,"16,17"
6075,4,H8,Anada,20,Rosselló - Bailèn,1089,19:56:35,56.58,6.7166666666,403.0,36
6411,6,H8,Anada,20,Rosselló - Bailèn,1089,20:07:27,7.45,10.850000000066666,651.0,"1,2,3,4,5,6,7"
6036,3,H8,Anada,20,Rosselló - Bailèn,1089,20:15:38,15.63,8.199999999933333,492.0,
6117,1,H8,Anada,20,Rosselló - Bailèn,1089,20:30:09,30.15,14.500000000066667,870.0,
6415,6,H8,Anada,20,Rosselló - Bailèn,1089,20:37:43,37.72,7.566666666666666,454.0,
6211,7,H8,Anada,20,Rosselló - Bailèn,1089,20:58:33,58.55,20.849999999933335,1251.0,
6217,5,H8,Anada,20,Rosselló - Bailèn,1089,21:09:48,9.8,11.2333333334,674.0,
6402,7,H8,Anada,20,Rosselló - Bailèn,1089,21:24:20,24.33,14.5333333333,872.0,
6034,6,H8,Anada,20,Rosselló - Bailèn,1089,21:42:03,42.05,17.716666666683334,1063.0,32
6408,7,H8,Anada,20,Rosselló - Bailèn,1089,21:59:53,59.88,17.833333333316666,1070.0,"19,21,22,23"
6209,1,H8,Anada,21,Pg de Sant Joan - Còrsega,213,03:35:29,35.48,,,"1,2,3,4,5,6,7,8,9,10,11,12,13,14,15,16,17,18,19,20"
6211,1,H8,Anada,21,Pg de Sant Joan - Còrsega,213,03:51:15,51.25,15.750000000066667,945.0,"1,2,3,4,5,6,7,8,9,10"
6409,1,H8,Anada,21,Pg de Sant Joan - Còrsega,213,04:04:24,4.4,13.15,789.0,"1,2,3,4,5,6,7,8,9,10,11,12,13,14,15,16,19,20,36,37,38,39"
6402,1,H8,Anada,21,Pg de Sant Joan - Còrsega,213,04:08:27,8.45,4.05,243.0,1
6213,1,H8,Anada,21,Pg de Sant Joan - Còrsega,213,04:15:47,15.78,7.333333333300001,440.0,
6406,1,H8,Anada,21,Pg de Sant Joan - Còrsega,213,04:29:00,29.0,13.2166666667,793.0,
6110,1,H8,Anada,21,Pg de Sant Joan - Còrsega,213,04:40:12,40.2,11.216666666583334,673.0,1
6408,1,H8,Anada,21,Pg de Sant Joan - Còrsega,213,04:44:49,44.82,4.6000000000500005,276.0,
6215,1,H8,Anada,21,Pg de Sant Joan - Còrsega,213,04:56:23,56.38,11.5666666667,694.0,
6409,2,H8,Anada,21,Pg de Sant Joan - Còrsega,213,05:03:42,3.7,7.316666666633334,439.0,"9,17,18"
6217,1,H8,Anada,21,Pg de Sant Joan - Còrsega,213,05:18:28,18.47,14.766666666699999,886.0,1
6411,1,H8,Anada,21,Pg de Sant Joan - Còrsega,213,05:25:36,25.6,7.1333333333,428.0,
6407,1,H8,Anada,21,Pg de Sant Joan - Còrsega,213,05:34:36,34.6,9.000000000033333,540.0,
6204,1,H8,Anada,21,Pg de Sant Joan - Còrsega,213,05:40:11,40.18,5.583333333333333,335.0,
6100,1,H8,Anada,21,Pg de Sant Joan - Còrsega,213,05:49:10,49.17,8.999999999933333,540.0,
6415,1,H8,Anada,21,Pg de Sant Joan - Còrsega,213,05:56:50,56.83,7.650000000066667,459.0,
6028,1,H8,Anada,21,Pg de Sant Joan - Còrsega,213,06:14:33,14.55,17.716666666633333,1063.0,
6802,1,H8,Anada,21,Pg de Sant Joan - Còrsega,213,06:16:47,16.78,2.2333333333333334,134.0,
6209,2,H8,Anada,21,Pg de Sant Joan - Còrsega,213,06:31:34,31.57,14.799999999966667,888.0,
6211,2,H8,Anada,21,Pg de Sant Joan - Còrsega,213,06:40:18,40.3,8.716666666733333,523.0,
6401,1,H8,Anada,21,Pg de Sant Joan - Còrsega,213,06:48:18,48.3,7.999999999983333,480.0,9
6402,2,H8,Anada,21,Pg de Sant Joan - Còrsega,213,06:54:51,54.85,6.5500000000166665,393.0,
6027,1,H8,Anada,21,Pg de Sant Joan - Còrsega,213,07:04:43,4.72,9.883333333266668,593.0,
6213,2,H8,Anada,21,Pg de Sant Joan - Còrsega,213,07:10:30,10.5,5.766666666733333,346.0,
6034,1,H8,Anada,21,Pg de Sant Joan - Còrsega,213,07:19:36,19.6,9.099999999966666,546.0,36
6110,2,H8,Anada,21,Pg de Sant Joan - Còrsega,213,07:39:21,39.35,19.766666666633334,1186.0,
6406,2,H8,Anada,21,Pg de Sant Joan - Còrsega,213,07:41:25,41.42,2.0500000000666665,123.0,33
6408,2,H8,Anada,21,Pg de Sant Joan - Còrsega,213,07:49:16,49.27,7.85,471.0,9
6215,2,H8,Anada,21,Pg de Sant Joan - Còrsega,213,08:00:28,0.47,11.2166666666,673.0,
6409,3,H8,Anada,21,Pg de Sant Joan - Còrsega,213,08:07:49,7.82,7.35,441.0,
6217,2,H8,Anada,21,Pg de Sant Joan - Còrsega,213,08:17:47,17.78,9.950000000033333,597.0,
6411,2,H8,Anada,21,Pg de Sant Joan - Còrsega,213,08:26:02,26.03,8.250000000033333,495.0,
6407,2,H8,Anada,21,Pg de Sant Joan - Còrsega,213,08:34:07,34.12,8.083333333333334,485.0,
6204,2,H8,Anada,21,Pg de Sant Joan - Còrsega,213,08:48:33,48.55,14.4333333333,866.0,
6415,2,H8,Anada,21,Pg de Sant Joan - Còrsega,213,08:56:34,56.57,7.766666666633333,466.0,
6028,2,H8,Anada,21,Pg de Sant Joan - Còrsega,213,09:21:57,21.95,25.3666666667,1522.0,
6209,3,H8,Anada,21,Pg de Sant Joan - Còrsega,213,09:37:00,37.0,14.733333333300001,884.0,
6211,3,H8,Anada,21,Pg de Sant Joan - Còrsega,213,09:42:54,42.9,5.916666666633334,355.0,
6402,3,H8,Anada,21,Pg de Sant Joan - Còrsega,213,09:56:20,56.33,13.416666666733333,805.0,1
6027,2,H8,Anada,21,Pg de Sant Joan - Còrsega,213,10:05:38,5.63,9.299999999983333,558.0,1
6213,3,H8,Anada,21,Pg de Sant Joan - Còrsega,213,10:16:42,16.7,11.066666666683334,664.0,
6034,2,H8,Anada,21,Pg de Sant Joan - Còrsega,213,10:24:04,24.07,7.366666666633334,442.0,
6406,3,H8,Anada,21,Pg de Sant Joan - Còrsega,213,10:40:35,40.58,16.516666666666666,991.0,
6408,3,H8,Anada,21,Pg de Sant Joan - Còrsega,213,10:45:14,45.23,4.65,279.0,
6215,3,H8,Anada,21,Pg de Sant Joan - Còrsega,213,10:56:22,56.37,11.149999999966667,669.0,9
6409,4,H8,Anada,21,Pg de Sant Joan - Còrsega,213,11:08:14,8.23,11.850000000066666,711.0,
6411,3,H8,Anada,21,Pg de Sant Joan - Còrsega,213,11:24:11,24.18,15.9666666666,958.0,1
6407,3,H8,Anada,21,Pg de Sant Joan - Còrsega,213,11:35:12,35.2,11.000000000033333,660.0,
6100,3,H8,Anada,21,Pg de Sant Joan - Còrsega,213,11:49:21,49.35,14.166666666633335,850.0,
6415,3,H8,Anada,21,Pg de Sant Joan - Còrsega,213,12:00:47,0.78,11.083333333333334,665.0,
6028,3,H8,Anada,21,Pg de Sant Joan - Còrsega,213,12:10:43,10.72,9.9166666667,595.0,
6802,3,H8,Anada,21,Pg de Sant Joan - Còrsega,213,12:18:07,18.12,7.4,444.0,
6209,4,H8,Anada,21,Pg de Sant Joan - Còrsega,213,12:40:28,40.47,22.35,1341.0,
6211,4,H8,Anada,21,Pg de Sant Joan - Còrsega,213,12:42:07,42.12,1.6500000000333332,99.0,
6800,1,H8,Anada,21,Pg de Sant Joan - Còrsega,213,12:47:36,47.6,5.4833333333,329.0,
6213,4,H8,Anada,21,Pg de Sant Joan - Còrsega,213,13:01:03,1.05,13.45,807.0,"11,12,14,26"
6402,4,H8,Anada,21,Pg de Sant Joan - Còrsega,213,13:02:48,2.8,1.7666666666333335,106.0,
6027,3,H8,Anada,21,Pg de Sant Joan - Còrsega,213,13:07:36,7.6,4.8,288.0,
6034,3,H8,Anada,21,Pg de Sant Joan - Còrsega,213,13:21:51,21.85,14.2333333334,854.0,"26,31"
6406,4,H8,Anada,21,Pg de Sant Joan - Còrsega,213,13:30:02,30.03,8.1833333333,491.0,
6408,4,H8,Anada,21,Pg de Sant Joan - Còrsega,213,13:44:26,44.43,14.4,864.0,
6215,4,H8,Anada,21,Pg de Sant Joan - Còrsega,213,13:54:05,54.08,9.666666666633335,580.0,
6409,5,H8,Anada,21,Pg de Sant Joan - Còrsega,213,14:05:24,5.4,11.300000000066666,678.0,19
6075,2,H8,Anada,21,Pg de Sant Joan - Còrsega,213,14:06:45,6.75,1.3666666666,82.0,"13,14"
6411,4,H8,Anada,21,Pg de Sant Joan - Còrsega,213,14:21:20,21.33,14.583333333333334,875.0,
6407,4,H8,Anada,21,Pg de Sant Joan - Còrsega,213,14:43:32,43.53,22.183333333366665,1331.0,"36,37,38"
6036,1,H8,Anada,21,Pg de Sant Joan - Còrsega,213,14:45:37,45.62,2.09999999995,126.0,"18,19"
6100,4,H8,Anada,21,Pg de Sant Joan - Còrsega,213,14:55:20,55.33,9.70000000005,582.0,
6415,4,H8,Anada,21,Pg de Sant Joan - Còrsega,213,14:59:53,59.88,4.550000000033333,273.0,
6028,4,H8,Anada,21,Pg de Sant Joan - Còrsega,213,15:16:36,16.6,16.716666666666665,1003.0,
6802,4,H8,Anada,21,Pg de Sant Joan - Còrsega,213,15:20:31,20.52,3.933333333266667,236.0,
6211,5,H8,Anada,21,Pg de Sant Joan - Còrsega,213,15:30:44,30.73,10.216666666666667,613.0,
6201,1,H8,Anada,21,Pg de Sant Joan - Còrsega,213,15:35:10,35.17,4.416666666733334,265.0,"1,2,3,4,5,6,7,8,9,10,11"
6217,3,H8,Anada,21,Pg de Sant Joan - Còrsega,213,15:50:51,50.85,15.683333333333334,941.0,"1,2,3,4,5,6,7,8,19"
6800,2,H8,Anada,21,Pg de Sant Joan - Còrsega,213,15:52:51,52.85,2.0166666666,121.0,
6402,5,H8,Anada,21,Pg de Sant Joan - Còrsega,213,16:06:41,6.68,13.833333333333334,830.0,
6213,5,H8,Anada,21,Pg de Sant Joan - Còrsega,213,16:18:09,18.15,11.283333333333333,677.0,1
6034,4,H8,Anada,21,Pg de Sant Joan - Còrsega,213,16:28:06,28.1,9.966666666616668,598.0,
6406,5,H8,Anada,21,Pg de Sant Joan - Còrsega,213,16:34:15,34.25,6.133333333383334,368.0,
6408,5,H8,Anada,21,Pg de Sant Joan - Còrsega,213,16:40:32,40.53,6.283333333333333,377.0,
6215,5,H8,Anada,21,Pg de Sant Joan - Còrsega,213,17:04:11,4.18,23.650000000033334,1419.0,
6409,6,H8,Anada,21,Pg de Sant Joan - Còrsega,213,17:06:05,6.08,1.9,114.0,"24,25,26,28,29"
6075,3,H8,Anada,21,Pg de Sant Joan - Còrsega,213,17:12:52,12.87,6.799999999933333,408.0,
6411,5,H8,Anada,21,Pg de Sant Joan - Còrsega,213,17:22:07,22.12,9.2333333334,554.0,
6407,5,H8,Anada,21,Pg de Sant Joan - Còrsega,213,17:36:27,36.45,14.333333333333334,860.0,
6036,2,H8,Anada,21,Pg de Sant Joan - Còrsega,213,17:38:08,38.13,1.6833333333,101.0,"11,13,14,15,16"
6415,5,H8,Anada,21,Pg de Sant Joan - Còrsega,213,18:00:36,0.6,22.4666666667,1348.0,1
6028,5,H8,Anada,21,Pg de Sant Joan - Còrsega,213,18:06:43,6.72,6.1333333332499995,368.0,
6802,5,H8,Anada,21,Pg de Sant Joan - Còrsega,213,18:18:33,18.55,11.816666666749999,709.0,
6211,6,H8,Anada,21,Pg de Sant Joan - Còrsega,213,18:29:12,29.2,10.649999999983333,639.0,
6217,4,H8,Anada,21,Pg de Sant Joan - Còrsega,213,18:40:14,40.23,11.033333333333333,662.0,
6800,3,H8,Anada,21,Pg de Sant Joan - Còrsega,213,18:42:15,42.25,2.033333333283333,122.0,
6402,6,H8,Anada,21,Pg de Sant Joan - Còrsega,213,18:57:35,57.58,15.3166666667,919.0,
6213,6,H8,Anada,21,Pg de Sant Joan - Còrsega,213,19:04:49,4.82,7.233333333333333,434.0,
6034,5,H8,Anada,21,Pg de Sant Joan - Còrsega,213,19:12:02,12.03,7.216666666666667,433.0,9
6406,6,H8,Anada,21,Pg de Sant Joan - Còrsega,213,19:26:39,26.65,14.6333333333,878.0,
6408,6,H8,Anada,21,Pg de Sant Joan - Còrsega,213,19:29:32,29.53,2.8833333333333333,173.0,
6215,6,H8,Anada,21,Pg de Sant Joan - Còrsega,213,19:47:19,47.32,17.766666666733332,1066.0,
6409,8,H8,Anada,21,Pg de Sant Joan - Còrsega,213,19:51:53,51.88,4.566666666666666,274.0,"16,17"
6075,4,H8,Anada,21,Pg de Sant Joan - Còrsega,213,19:58:55,58.92,7.033333333333333,422.0,36
6411,6,H8,Anada,21,Pg de Sant Joan - Còrsega,213,20:09:45,9.75,10.8333333333,650.0,"1,2,3,4,5,6,7"
6036,3,H8,Anada,21,Pg de Sant Joan - Còrsega,213,20:17:46,17.77,8.0333333333,482.0,
6117,1,H8,Anada,21,Pg de Sant Joan - Còrsega,213,20:31:47,31.78,14.000000000033333,840.0,
6415,6,H8,Anada,21,Pg de Sant Joan - Còrsega,213,20:40:12,40.2,8.416666666666666,505.0,
6211,7,H8,Anada,21,Pg de Sant Joan - Còrsega,213,21:00:22,0.37,20.1666666667,1210.0,
6217,5,H8,Anada,21,Pg de Sant Joan - Còrsega,213,21:11:40,11.67,11.3,678.0,
6402,7,H8,Anada,21,Pg de Sant Joan - Còrsega,213,21:27:09,27.15,15.483333333333333,929.0,
6034,6,H8,Anada,21,Pg de Sant Joan - Còrsega,213,21:43:57,43.95,16.8166666666,1009.0,32
6209,1,H8,Anada,22,Indústria - Grassot,3907,03:36:45,36.75,,,"1,2,3,4,5,6,7,8,9,10,11,12,13,14,15,16,17,18,19,20"
6211,1,H8,Anada,22,Indústria - Grassot,3907,03:52:12,52.2,15.433333333366667,926.0,"1,2,3,4,5,6,7,8,9,10"
6409,1,H8,Anada,22,Indústria - Grassot,3907,04:05:23,5.38,13.183333333333334,791.0,"1,2,3,4,5,6,7,8,9,10,11,12,13,14,15,16,19,20,36,37,38,39"
6402,1,H8,Anada,22,Indústria - Grassot,3907,04:09:14,9.23,3.8666666666333334,232.0,1
6213,1,H8,Anada,22,Indústria - Grassot,3907,04:16:53,16.88,7.65,459.0,
6406,1,H8,Anada,22,Indústria - Grassot,3907,04:30:07,30.12,13.2166666667,793.0,
6110,1,H8,Anada,22,Indústria - Grassot,3907,04:41:24,41.4,11.299999999966667,678.0,1
6408,1,H8,Anada,22,Indústria - Grassot,3907,04:46:29,46.48,5.066666666733334,304.0,
6215,1,H8,Anada,22,Indústria - Grassot,3907,04:57:25,57.42,10.933333333333334,656.0,
6409,2,H8,Anada,22,Indústria - Grassot,3907,05:04:20,4.33,6.933333333266666,416.0,"9,17,18"
6217,1,H8,Anada,22,Indústria - Grassot,3907,05:19:46,19.77,15.416666666733333,925.0,1
6411,1,H8,Anada,22,Indústria - Grassot,3907,05:26:27,26.45,6.6999999999333335,402.0,
6407,1,H8,Anada,22,Indústria - Grassot,3907,05:35:59,35.98,9.516666666733332,571.0,
6204,1,H8,Anada,22,Indústria - Grassot,3907,05:41:13,41.22,5.2333333333,314.0,
6100,1,H8,Anada,22,Indústria - Grassot,3907,05:50:30,50.5,9.283333333366667,557.0,
6415,1,H8,Anada,22,Indústria - Grassot,3907,05:58:35,58.58,8.083333333333334,485.0,
6028,1,H8,Anada,22,Indústria - Grassot,3907,06:16:17,16.28,17.699999999966668,1062.0,
6802,1,H8,Anada,22,Indústria - Grassot,3907,06:17:33,17.55,1.2666666667,76.0,
6209,2,H8,Anada,22,Indústria - Grassot,3907,06:33:41,33.68,16.14999999995,969.0,
6211,2,H8,Anada,22,Indústria - Grassot,3907,06:41:43,41.72,8.016666666716667,481.0,
6401,1,H8,Anada,22,Indústria - Grassot,3907,06:50:21,50.35,8.633333333333333,518.0,9
6402,2,H8,Anada,22,Indústria - Grassot,3907,06:56:31,56.52,6.183333333266666,371.0,
6027,1,H8,Anada,22,Indústria - Grassot,3907,07:06:30,6.5,9.983333333333333,599.0,
6213,2,H8,Anada,22,Indústria - Grassot,3907,07:12:30,12.5,5.983333333366667,359.0,
6034,1,H8,Anada,22,Indústria - Grassot,3907,07:21:05,21.08,8.583333333333334,515.0,36
6110,2,H8,Anada,22,Indústria - Grassot,3907,07:41:27,41.45,20.366666666666667,1222.0,
6406,2,H8,Anada,22,Indústria - Grassot,3907,07:43:22,43.37,1.9166666666999999,115.0,33
6408,2,H8,Anada,22,Indústria - Grassot,3907,07:50:54,50.9,7.533333333300001,452.0,9
6215,2,H8,Anada,22,Indústria - Grassot,3907,08:01:57,1.95,11.05,663.0,
6409,3,H8,Anada,22,Indústria - Grassot,3907,08:09:45,9.75,7.8,468.0,
6217,2,H8,Anada,22,Indústria - Grassot,3907,08:19:32,19.53,9.783333333366667,587.0,
6411,2,H8,Anada,22,Indústria - Grassot,3907,08:27:37,27.62,8.083333333333334,485.0,
6407,2,H8,Anada,22,Indústria - Grassot,3907,08:35:52,35.87,8.25,495.0,
6204,2,H8,Anada,22,Indústria - Grassot,3907,08:49:59,49.98,14.133333333266668,848.0,
6415,2,H8,Anada,22,Indústria - Grassot,3907,08:57:55,57.92,7.433333333333334,446.0,
6028,2,H8,Anada,22,Indústria - Grassot,3907,09:23:29,23.48,25.566666666633335,1534.0,
6209,3,H8,Anada,22,Indústria - Grassot,3907,09:37:54,37.9,14.1166666666,847.0,
6211,3,H8,Anada,22,Indústria - Grassot,3907,09:44:46,44.77,6.850000000033333,411.0,
6402,3,H8,Anada,22,Indústria - Grassot,3907,09:58:54,58.9,14.149999999966667,849.0,1
6027,2,H8,Anada,22,Indústria - Grassot,3907,10:06:39,6.65,7.733333333366667,464.0,1
6213,3,H8,Anada,22,Indústria - Grassot,3907,10:18:15,18.25,11.616666666633334,697.0,
6034,2,H8,Anada,22,Indústria - Grassot,3907,10:25:27,25.45,7.1833333334,431.0,
6406,3,H8,Anada,22,Indústria - Grassot,3907,10:41:51,41.85,16.399999999983333,984.0,
6408,3,H8,Anada,22,Indústria - Grassot,3907,10:46:52,46.87,5.016666666683333,301.0,
6215,3,H8,Anada,22,Indústria - Grassot,3907,10:57:51,57.85,10.99999999995,660.0,9
6409,4,H8,Anada,22,Indústria - Grassot,3907,11:09:34,9.57,11.716666666650001,703.0,
6411,3,H8,Anada,22,Indústria - Grassot,3907,11:25:11,25.18,15.600000000066666,936.0,1
6407,3,H8,Anada,22,Indústria - Grassot,3907,11:36:46,36.77,11.599999999933335,696.0,
6100,3,H8,Anada,22,Indústria - Grassot,3907,11:50:31,50.52,13.733333333366666,824.0,
6415,3,H8,Anada,22,Indústria - Grassot,3907,12:02:18,2.3,11.1333333334,668.0,
6028,3,H8,Anada,22,Indústria - Grassot,3907,12:13:36,13.6,11.316666666600002,679.0,
6802,3,H8,Anada,22,Indústria - Grassot,3907,12:19:56,19.93,6.333333333333333,380.0,
6209,4,H8,Anada,22,Indústria - Grassot,3907,12:41:41,41.68,21.750000000016666,1305.0,
6211,4,H8,Anada,22,Indústria - Grassot,3907,12:43:58,43.97,2.2666666666833333,136.0,
6800,1,H8,Anada,22,Indústria - Grassot,3907,12:48:38,48.63,4.666666666666667,280.0,
6213,4,H8,Anada,22,Indústria - Grassot,3907,13:02:34,2.57,13.949999999983334,837.0,"11,12,14,26"
6402,4,H8,Anada,22,Indústria - Grassot,3907,13:04:00,4.0,1.4166666666833334,85.0,
6027,3,H8,Anada,22,Indústria - Grassot,3907,13:09:34,9.57,5.583333333300001,335.0,
6034,3,H8,Anada,22,Indústria - Grassot,3907,13:24:39,24.65,15.083333333333334,905.0,"26,31"
6406,4,H8,Anada,22,Indústria - Grassot,3907,13:31:18,31.3,6.633333333366666,398.0,
6408,4,H8,Anada,22,Indústria - Grassot,3907,13:45:38,45.63,14.349999999966666,861.0,
6215,4,H8,Anada,22,Indústria - Grassot,3907,13:55:43,55.72,10.0666666667,604.0,
6409,5,H8,Anada,22,Indústria - Grassot,3907,14:07:09,7.15,11.433333333366667,686.0,19
6075,2,H8,Anada,22,Indústria - Grassot,3907,14:08:47,8.78,1.6499999999333332,99.0,"13,14"
6411,4,H8,Anada,22,Indústria - Grassot,3907,14:23:32,23.53,14.7333333334,884.0,
6407,4,H8,Anada,22,Indústria - Grassot,3907,14:45:37,45.62,22.09999999991667,1326.0,"36,37,38"
6036,1,H8,Anada,22,Indústria - Grassot,3907,14:48:16,48.27,2.6500000000166666,159.0,"18,19"
6100,4,H8,Anada,22,Indústria - Grassot,3907,14:56:32,56.53,8.250000000066667,495.0,
6415,4,H8,Anada,22,Indústria - Grassot,3907,15:01:12,1.2,4.666666666633334,280.0,
6028,4,H8,Anada,22,Indústria - Grassot,3907,15:18:38,18.63,17.449999999966668,1047.0,
6802,4,H8,Anada,22,Indústria - Grassot,3907,15:22:06,22.1,3.466666666666667,208.0,
6211,5,H8,Anada,22,Indústria - Grassot,3907,15:32:34,32.57,10.466666666666667,628.0,
6201,1,H8,Anada,22,Indústria - Grassot,3907,15:36:45,36.75,4.183333333333334,251.0,"1,2,3,4,5,6,7,8,9,10,11"
6217,3,H8,Anada,22,Indústria - Grassot,3907,15:52:22,52.37,15.616666666666667,937.0,"1,2,3,4,5,6,7,8,19"
6800,2,H8,Anada,22,Indústria - Grassot,3907,15:54:07,54.12,1.75,105.0,
6402,5,H8,Anada,22,Indústria - Grassot,3907,16:08:24,8.4,14.266666666699999,856.0,
6213,5,H8,Anada,22,Indústria - Grassot,3907,16:19:53,19.88,11.466666666633333,688.0,1
6034,4,H8,Anada,22,Indústria - Grassot,3907,16:29:41,29.68,9.800000000033332,588.0,
6406,5,H8,Anada,22,Indústria - Grassot,3907,16:36:01,36.02,6.333333333300001,380.0,
6408,5,H8,Anada,22,Indústria - Grassot,3907,16:41:35,41.58,5.583333333300001,335.0,
6215,5,H8,Anada,22,Indústria - Grassot,3907,17:06:13,6.22,24.6166666667,1477.0,
6075,3,H8,Anada,22,Indústria - Grassot,3907,17:14:07,14.12,7.0666666667,424.0,
6411,5,H8,Anada,22,Indústria - Grassot,3907,17:23:59,23.98,9.883333333266668,593.0,
6407,5,H8,Anada,22,Indústria - Grassot,3907,17:39:50,39.83,15.833333333399999,950.0,
6415,5,H8,Anada,22,Indústria - Grassot,3907,18:02:39,2.65,22.183333333266667,1331.0,1
6028,5,H8,Anada,22,Indústria - Grassot,3907,18:08:27,8.45,5.8,348.0,
6802,5,H8,Anada,22,Indústria - Grassot,3907,18:19:38,19.63,11.166666666733333,670.0,
6211,6,H8,Anada,22,Indústria - Grassot,3907,18:30:45,30.75,11.133333333266668,668.0,
6217,4,H8,Anada,22,Indústria - Grassot,3907,18:41:31,41.52,10.750000000033333,645.0,
6800,3,H8,Anada,22,Indústria - Grassot,3907,18:43:13,43.22,1.7166666666333334,103.0,
6402,6,H8,Anada,22,Indústria - Grassot,3907,18:59:41,59.68,16.450000000066666,987.0,
6213,6,H8,Anada,22,Indústria - Grassot,3907,19:06:09,6.15,6.4666666666333334,388.0,
6034,5,H8,Anada,22,Indústria - Grassot,3907,19:13:43,13.72,7.583333333300001,455.0,9
6406,6,H8,Anada,22,Indústria - Grassot,3907,19:28:04,28.07,14.333333333399999,860.0,
6408,6,H8,Anada,22,Indústria - Grassot,3907,19:31:26,31.43,3.3666666666666667,202.0,
6215,6,H8,Anada,22,Indústria - Grassot,3907,19:49:17,49.28,17.849999999983332,1071.0,
6409,8,H8,Anada,22,Indústria - Grassot,3907,19:53:49,53.82,4.53333333335,272.0,"16,17"
6075,4,H8,Anada,22,Indústria - Grassot,3907,20:00:27,0.45,6.633333333333334,398.0,36
6411,6,H8,Anada,22,Indústria - Grassot,3907,20:11:49,11.82,11.366666666633334,682.0,"1,2,3,4,5,6,7"
6036,3,H8,Anada,22,Indústria - Grassot,3907,20:19:23,19.38,7.5666666667,454.0,
6117,1,H8,Anada,22,Indústria - Grassot,3907,20:33:28,33.47,14.099999999933335,846.0,
6415,6,H8,Anada,22,Indústria - Grassot,3907,20:41:37,41.62,8.15,489.0,
6211,7,H8,Anada,22,Indústria - Grassot,3907,21:02:36,2.6,20.9666666667,1258.0,
6217,5,H8,Anada,22,Indústria - Grassot,3907,21:12:03,12.05,9.450000000033333,567.0,
6402,7,H8,Anada,22,Indústria - Grassot,3907,21:28:15,28.25,16.2,972.0,
6034,6,H8,Anada,22,Indústria - Grassot,3907,21:45:56,45.93,17.683333333333334,1061.0,32
6209,1,H8,Anada,23,Indústria - Sardenya,949,03:38:29,38.48,,,"1,2,3,4,5,6,7,8,9,10,11,12,13,14,15,16,17,18,19,20"
6211,1,H8,Anada,23,Indústria - Sardenya,949,03:54:17,54.28,15.8,948.0,"1,2,3,4,5,6,7,8,9,10"
6409,1,H8,Anada,23,Indústria - Sardenya,949,04:07:24,7.4,13.116666666666667,787.0,"1,2,3,4,5,6,7,8,9,10,11,12,13,14,15,16,19,20,36,37,38,39"
6402,1,H8,Anada,23,Indústria - Sardenya,949,04:11:11,11.18,3.7833333333,227.0,1
6213,1,H8,Anada,23,Indústria - Sardenya,949,04:18:42,18.7,7.533333333300001,452.0,
6406,1,H8,Anada,23,Indústria - Sardenya,949,04:31:58,31.97,13.250000000033333,795.0,
6110,1,H8,Anada,23,Indústria - Sardenya,949,04:43:17,43.28,11.316666666666666,679.0,1
6408,1,H8,Anada,23,Indústria - Sardenya,949,04:48:05,48.08,4.81666666665,289.0,
6215,1,H8,Anada,23,Indústria - Sardenya,949,04:59:24,59.4,11.30000000005,678.0,
6409,2,H8,Anada,23,Indústria - Sardenya,949,05:05:20,5.33,5.9333333333,356.0,"9,17,18"
6217,1,H8,Anada,23,Indústria - Sardenya,949,05:21:16,21.27,15.933333333366667,956.0,1
6411,1,H8,Anada,23,Indústria - Sardenya,949,05:27:44,27.73,6.4666666666333334,388.0,
6407,1,H8,Anada,23,Indústria - Sardenya,949,05:37:19,37.32,9.583333333333334,575.0,
6204,1,H8,Anada,23,Indústria - Sardenya,949,05:42:38,42.63,5.316666666666666,319.0,
6100,1,H8,Anada,23,Indústria - Sardenya,949,05:52:21,52.35,9.716666666666667,583.0,
6415,1,H8,Anada,23,Indústria - Sardenya,949,06:00:19,0.32,7.9833333333,479.0,
6028,1,H8,Anada,23,Indústria - Sardenya,949,06:18:24,18.4,18.066666666699998,1084.0,
6209,2,H8,Anada,23,Indústria - Sardenya,949,06:35:42,35.7,16.349999999933335,981.0,
6211,2,H8,Anada,23,Indústria - Sardenya,949,06:44:30,44.5,8.783333333366667,527.0,
6401,1,H8,Anada,23,Indústria - Sardenya,949,06:52:26,52.43,7.933333333366666,476.0,9
6402,2,H8,Anada,23,Indústria - Sardenya,949,06:59:25,59.42,6.983333333333333,419.0,
6027,1,H8,Anada,23,Indústria - Sardenya,949,07:08:01,8.02,8.6166666666,517.0,
6213,2,H8,Anada,23,Indústria - Sardenya,949,07:14:16,14.27,6.2333333334,374.0,
6034,1,H8,Anada,23,Indústria - Sardenya,949,07:22:52,22.87,8.6,516.0,36
6110,2,H8,Anada,23,Indústria - Sardenya,949,07:42:46,42.77,19.9,1194.0,
6406,2,H8,Anada,23,Indústria - Sardenya,949,07:45:44,45.73,2.966666666633333,178.0,33
6408,2,H8,Anada,23,Indústria - Sardenya,949,07:52:28,52.47,6.733333333366667,404.0,9
6215,2,H8,Anada,23,Indústria - Sardenya,949,08:03:49,3.82,11.3666666666,682.0,
6409,3,H8,Anada,23,Indústria - Sardenya,949,08:11:31,11.52,7.6833333334,461.0,
6217,2,H8,Anada,23,Indústria - Sardenya,949,08:21:20,21.33,9.816666666666666,589.0,
6411,2,H8,Anada,23,Indústria - Sardenya,949,08:29:47,29.78,8.4666666666,508.0,
6407,2,H8,Anada,23,Indústria - Sardenya,949,08:38:10,38.17,8.366666666733334,502.0,
6100,2,H8,Anada,23,Indústria - Sardenya,949,08:51:51,51.85,13.683333333333334,821.0,"1,2,3"
6415,2,H8,Anada,23,Indústria - Sardenya,949,08:59:34,59.57,7.116666666733334,427.0,
6028,2,H8,Anada,23,Indústria - Sardenya,949,09:25:00,25.0,25.449999999933333,1527.0,
6802,2,H8,Anada,23,Indústria - Sardenya,949,09:26:06,26.1,1.0833333333666666,65.0,
6209,3,H8,Anada,23,Indústria - Sardenya,949,09:41:13,41.22,15.1166666667,907.0,
6211,3,H8,Anada,23,Indústria - Sardenya,949,09:46:03,46.05,4.849999999933333,291.0,
6402,3,H8,Anada,23,Indústria - Sardenya,949,10:00:52,0.87,14.800000000033332,888.0,1
6027,2,H8,Anada,23,Indústria - Sardenya,949,10:09:33,9.55,8.699999999966668,522.0,1
6213,3,H8,Anada,23,Indústria - Sardenya,949,10:19:50,19.83,10.266666666733332,616.0,
6034,2,H8,Anada,23,Indústria - Sardenya,949,10:27:44,27.73,7.9,474.0,
6406,3,H8,Anada,23,Indústria - Sardenya,949,10:43:33,43.55,15.816666666666666,949.0,
6408,3,H8,Anada,23,Indústria - Sardenya,949,10:48:09,48.15,4.599999999966667,276.0,
6215,3,H8,Anada,23,Indústria - Sardenya,949,10:59:47,59.78,11.649999999966667,699.0,9
6409,4,H8,Anada,23,Indústria - Sardenya,949,11:12:24,12.4,12.600000000033333,756.0,
6411,3,H8,Anada,23,Indústria - Sardenya,949,11:26:53,26.88,14.49999999995,870.0,1
6407,3,H8,Anada,23,Indústria - Sardenya,949,11:39:13,39.22,12.33333333335,740.0,
6204,3,H8,Anada,23,Indústria - Sardenya,949,11:53:18,53.3,14.083333333333334,845.0,"1,2,3,4,5,6,7,8,9,10,11,12,13,14,15,16,17,18,30,31,32,33,34,35,36,37,38,39"
6415,3,H8,Anada,23,Indústria - Sardenya,949,12:04:10,4.17,10.650000000016666,639.0,
6028,3,H8,Anada,23,Indústria - Sardenya,949,12:14:29,14.48,10.3333333333,620.0,
6802,3,H8,Anada,23,Indústria - Sardenya,949,12:21:43,21.72,7.2166666667333335,433.0,
6209,4,H8,Anada,23,Indústria - Sardenya,949,12:43:26,43.43,21.716666666666665,1303.0,
6211,4,H8,Anada,23,Indústria - Sardenya,949,12:45:51,45.85,2.4166666666666665,145.0,
6800,1,H8,Anada,23,Indústria - Sardenya,949,12:49:54,49.9,4.0499999999666665,243.0,
6213,4,H8,Anada,23,Indústria - Sardenya,949,13:04:40,4.67,14.766666666699999,886.0,"11,12,14,26"
6402,4,H8,Anada,23,Indústria - Sardenya,949,13:06:57,6.95,2.283333333333333,137.0,
6027,3,H8,Anada,23,Indústria - Sardenya,949,13:11:11,11.18,4.233333333333333,254.0,
6034,3,H8,Anada,23,Indústria - Sardenya,949,13:27:04,27.07,15.883333333333333,953.0,"26,31"
6406,4,H8,Anada,23,Indústria - Sardenya,949,13:33:38,33.63,6.566666666633334,394.0,
6408,4,H8,Anada,23,Indústria - Sardenya,949,13:48:28,48.47,14.849999999966666,891.0,
6215,4,H8,Anada,23,Indústria - Sardenya,949,13:58:41,58.68,10.216666666666667,613.0,
6409,5,H8,Anada,23,Indústria - Sardenya,949,14:10:30,10.5,11.800000000066666,708.0,19
6075,2,H8,Anada,23,Indústria - Sardenya,949,14:12:03,12.05,1.5499999999833334,93.0,"13,14"
6411,4,H8,Anada,23,Indústria - Sardenya,949,14:26:34,26.57,14.533333333283334,872.0,
6407,4,H8,Anada,23,Indústria - Sardenya,949,14:48:48,48.8,22.21666666673333,1333.0,"36,37,38"
6036,1,H8,Anada,23,Indústria - Sardenya,949,14:52:52,52.87,4.066666666633333,244.0,"18,19"
6100,4,H8,Anada,23,Indústria - Sardenya,949,14:58:28,58.47,5.6,336.0,
6415,4,H8,Anada,23,Indústria - Sardenya,949,15:02:41,2.68,4.2333333333,254.0,
6028,4,H8,Anada,23,Indústria - Sardenya,949,15:20:57,20.95,18.25000000003333,1095.0,
6802,4,H8,Anada,23,Indústria - Sardenya,949,15:24:34,24.57,3.6166666667,217.0,
6211,5,H8,Anada,23,Indústria - Sardenya,949,15:35:01,35.02,10.45,627.0,
6201,1,H8,Anada,23,Indústria - Sardenya,949,15:37:54,37.9,2.8833333333,173.0,"1,2,3,4,5,6,7,8,9,10,11"
6217,3,H8,Anada,23,Indústria - Sardenya,949,15:54:19,54.32,16.433333333300002,986.0,"1,2,3,4,5,6,7,8,19"
6800,2,H8,Anada,23,Indústria - Sardenya,949,15:55:53,55.88,1.5500000000666667,93.0,
6402,5,H8,Anada,23,Indústria - Sardenya,949,16:10:34,10.57,14.699999999916667,882.0,
6213,5,H8,Anada,23,Indústria - Sardenya,949,16:21:04,21.07,10.149999999966667,609.0,1
6034,4,H8,Anada,23,Indústria - Sardenya,949,16:31:33,31.55,10.483333333333333,629.0,
6406,5,H8,Anada,23,Indústria - Sardenya,949,16:36:45,36.75,5.2166666666333334,313.0,
6408,5,H8,Anada,23,Indústria - Sardenya,949,16:43:51,43.85,7.100000000016666,426.0,
6215,5,H8,Anada,23,Indústria - Sardenya,949,17:08:11,8.18,24.333333333316666,1460.0,
6409,6,H8,Anada,23,Indústria - Sardenya,949,17:13:52,13.87,5.683333333333334,341.0,"24,25,26,28,29"
6075,3,H8,Anada,23,Indústria - Sardenya,949,17:14:52,14.87,1.0000000000166667,60.0,
6411,5,H8,Anada,23,Indústria - Sardenya,949,17:26:25,26.42,11.533333333383332,692.0,
6407,5,H8,Anada,23,Indústria - Sardenya,949,17:41:53,41.88,15.466666666666667,928.0,
6415,5,H8,Anada,23,Indústria - Sardenya,949,18:04:45,4.75,22.550000000066667,1353.0,1
6028,5,H8,Anada,23,Indústria - Sardenya,949,18:09:40,9.67,4.933333333266666,296.0,
6802,5,H8,Anada,23,Indústria - Sardenya,949,18:21:34,21.57,11.8833333334,713.0,
6211,6,H8,Anada,23,Indústria - Sardenya,949,18:32:38,32.63,11.066666666633333,664.0,
6217,4,H8,Anada,23,Indústria - Sardenya,949,18:43:55,43.92,11.283333333333333,677.0,
6800,3,H8,Anada,23,Indústria - Sardenya,949,18:45:32,45.53,1.6166666666999998,97.0,
6402,6,H8,Anada,23,Indústria - Sardenya,949,19:01:07,1.12,15.599999999933335,936.0,
6213,6,H8,Anada,23,Indústria - Sardenya,949,19:07:07,7.12,5.983333333366667,359.0,
6034,5,H8,Anada,23,Indústria - Sardenya,949,19:16:01,16.02,8.916666666633335,535.0,9
6406,6,H8,Anada,23,Indústria - Sardenya,949,19:30:52,30.87,14.833333333366665,890.0,
6408,6,H8,Anada,23,Indústria - Sardenya,949,19:33:22,33.37,2.5166666666333333,151.0,
6215,6,H8,Anada,23,Indústria - Sardenya,949,19:51:11,51.18,17.800000000066667,1068.0,
6409,8,H8,Anada,23,Indústria - Sardenya,949,19:55:33,55.55,4.383333333266666,263.0,"16,17"
6075,4,H8,Anada,23,Indústria - Sardenya,949,20:01:45,1.75,6.183333333366666,371.0,36
6411,6,H8,Anada,23,Indústria - Sardenya,949,20:13:06,13.1,11.35,681.0,"1,2,3,4,5,6,7"
6036,3,H8,Anada,23,Indústria - Sardenya,949,20:21:19,21.32,8.233333333300001,494.0,
6117,1,H8,Anada,23,Indústria - Sardenya,949,20:35:28,35.47,14.133333333366666,848.0,
6415,6,H8,Anada,23,Indústria - Sardenya,949,20:43:06,43.1,7.633333333366666,458.0,
6211,7,H8,Anada,23,Indústria - Sardenya,949,21:03:55,3.92,20.816666666633335,1249.0,
6217,5,H8,Anada,23,Indústria - Sardenya,949,21:16:09,16.15,12.233333333366666,734.0,
6402,7,H8,Anada,23,Indústria - Sardenya,949,21:30:04,30.07,13.916666666633335,835.0,
6034,6,H8,Anada,23,Indústria - Sardenya,949,21:47:41,47.68,17.6166666667,1057.0,32
6209,1,H8,Anada,24,Indústria - Lepant,913,03:40:40,40.67,,,"1,2,3,4,5,6,7,8,9,10,11,12,13,14,15,16,17,18,19,20"
6211,1,H8,Anada,24,Indústria - Lepant,913,03:55:15,55.25,14.5833333333,875.0,"1,2,3,4,5,6,7,8,9,10"
6409,1,H8,Anada,24,Indústria - Lepant,913,04:08:32,8.53,13.283333333333333,797.0,"1,2,3,4,5,6,7,8,9,10,11,12,13,14,15,16,19,20,36,37,38,39"
6402,1,H8,Anada,24,Indústria - Lepant,913,04:12:20,12.33,3.8000000000166665,228.0,1
6213,1,H8,Anada,24,Indústria - Lepant,913,04:19:32,19.53,7.1999999999833335,432.0,
6406,1,H8,Anada,24,Indústria - Lepant,913,04:33:10,33.17,13.633333333366666,818.0,
6110,1,H8,Anada,24,Indústria - Lepant,913,04:44:20,44.33,11.183333333266667,671.0,1
6408,1,H8,Anada,24,Indústria - Lepant,913,04:49:43,49.72,5.383333333333334,323.0,
6215,1,H8,Anada,24,Indústria - Lepant,913,05:00:29,0.48,10.750000000066667,645.0,
6409,2,H8,Anada,24,Indústria - Lepant,913,05:06:50,6.83,6.35,381.0,"9,17,18"
6217,1,H8,Anada,24,Indústria - Lepant,913,05:23:40,23.67,16.8333333333,1010.0,1
6411,1,H8,Anada,24,Indústria - Lepant,913,05:29:35,29.58,5.9333333333,356.0,
6407,1,H8,Anada,24,Indústria - Lepant,913,05:40:38,40.63,11.0333333334,662.0,
6204,1,H8,Anada,24,Indústria - Lepant,913,05:45:07,45.12,4.499999999933333,270.0,
6100,1,H8,Anada,24,Indústria - Lepant,913,05:54:37,54.62,9.4833333334,569.0,
6415,1,H8,Anada,24,Indústria - Lepant,913,06:02:35,2.58,7.966666666666667,478.0,
6028,1,H8,Anada,24,Indústria - Lepant,913,06:19:40,19.67,17.083333333316666,1025.0,
6802,1,H8,Anada,24,Indústria - Lepant,913,06:21:16,21.27,1.6000000000166668,96.0,
6209,2,H8,Anada,24,Indústria - Lepant,913,06:38:02,38.03,16.766666666666666,1006.0,
6211,2,H8,Anada,24,Indústria - Lepant,913,06:46:56,46.93,8.899999999966667,534.0,
6401,1,H8,Anada,24,Indústria - Lepant,913,06:54:33,54.55,7.6333333333,458.0,9
6402,2,H8,Anada,24,Indústria - Lepant,913,07:01:14,1.23,6.683333333333334,401.0,
6027,1,H8,Anada,24,Indústria - Lepant,913,07:10:03,10.05,8.816666666666666,529.0,
6213,2,H8,Anada,24,Indústria - Lepant,913,07:16:25,16.42,6.366666666666666,382.0,
6034,1,H8,Anada,24,Indústria - Lepant,913,07:25:31,25.52,9.1,546.0,36
6110,2,H8,Anada,24,Indústria - Lepant,913,07:44:24,44.4,18.866666666733334,1132.0,
6406,2,H8,Anada,24,Indústria - Lepant,913,07:47:55,47.92,3.533333333266667,212.0,33
6408,2,H8,Anada,24,Indústria - Lepant,913,07:54:05,54.08,6.150000000033333,369.0,9
6215,2,H8,Anada,24,Indústria - Lepant,913,08:06:17,6.28,12.200000000033333,732.0,
6409,3,H8,Anada,24,Indústria - Lepant,913,08:13:37,13.62,7.349999999933333,441.0,
6217,2,H8,Anada,24,Indústria - Lepant,913,08:22:55,22.92,9.2833333334,557.0,
6411,2,H8,Anada,24,Indústria - Lepant,913,08:32:20,32.33,9.416666666666666,565.0,
6407,2,H8,Anada,24,Indústria - Lepant,913,08:39:34,39.57,7.233333333333333,434.0,
6100,2,H8,Anada,24,Indústria - Lepant,913,08:54:12,54.2,14.633333333333333,878.0,"1,2,3"
6415,2,H8,Anada,24,Indústria - Lepant,913,09:02:05,2.08,7.766666666666667,466.0,
6209,3,H8,Anada,24,Indústria - Lepant,913,09:43:20,43.33,14.850000000033333,891.0,
6211,3,H8,Anada,24,Indústria - Lepant,913,09:47:38,47.63,4.3,258.0,
6402,3,H8,Anada,24,Indústria - Lepant,913,10:03:09,3.15,15.516666666633334,931.0,1
6027,2,H8,Anada,24,Indústria - Lepant,913,10:12:01,12.02,8.8666666667,532.0,1
6213,3,H8,Anada,24,Indústria - Lepant,913,10:22:28,22.47,10.4666666666,628.0,
6034,2,H8,Anada,24,Indústria - Lepant,913,10:30:36,30.6,8.1166666667,487.0,
6406,3,H8,Anada,24,Indústria - Lepant,913,10:45:28,45.47,14.8666666667,892.0,
6408,3,H8,Anada,24,Indústria - Lepant,913,10:50:01,50.02,4.5666666666,274.0,
6215,3,H8,Anada,24,Indústria - Lepant,913,11:02:30,2.5,12.4666666667,748.0,9
6409,4,H8,Anada,24,Indústria - Lepant,913,11:14:35,14.58,12.099999999966666,726.0,
6411,3,H8,Anada,24,Indústria - Lepant,913,11:28:52,28.87,14.283333333333333,857.0,1
6407,3,H8,Anada,24,Indústria - Lepant,913,11:41:26,41.43,12.550000000033332,753.0,
6204,3,H8,Anada,24,Indústria - Lepant,913,11:55:45,55.75,14.3333333333,860.0,"1,2,3,4,5,6,7,8,9,10,11,12,13,14,15,16,17,18,30,31,32,33,34,35,36,37,38,39"
6415,3,H8,Anada,24,Indústria - Lepant,913,12:07:25,7.42,10.783333333333333,647.0,
6028,3,H8,Anada,24,Indústria - Lepant,913,12:16:21,16.35,8.933333333366667,536.0,
6802,3,H8,Anada,24,Indústria - Lepant,913,12:24:14,24.23,7.883333333333334,473.0,
6209,4,H8,Anada,24,Indústria - Lepant,913,12:45:21,45.35,21.116666666633332,1267.0,
6211,4,H8,Anada,24,Indústria - Lepant,913,12:48:16,48.27,2.9166666667000003,175.0,
6800,1,H8,Anada,24,Indústria - Lepant,913,12:52:15,52.25,3.9833333333,239.0,
6213,4,H8,Anada,24,Indústria - Lepant,913,13:06:07,6.12,13.8833333333,833.0,"11,12,14,26"
6402,4,H8,Anada,24,Indústria - Lepant,913,13:08:49,8.82,2.6833333334,161.0,
6027,3,H8,Anada,24,Indústria - Lepant,913,13:12:15,12.25,3.433333333333333,206.0,
6034,3,H8,Anada,24,Indústria - Lepant,913,13:29:04,29.07,16.816666666633335,1009.0,"26,31"
6406,4,H8,Anada,24,Indústria - Lepant,913,13:35:25,35.42,6.35,381.0,
6408,4,H8,Anada,24,Indústria - Lepant,913,13:51:56,51.93,16.516666666666666,991.0,
6215,4,H8,Anada,24,Indústria - Lepant,913,14:00:46,0.77,8.833333333366665,530.0,
6409,5,H8,Anada,24,Indústria - Lepant,913,14:14:08,14.13,13.366666666633334,802.0,19
6075,2,H8,Anada,24,Indústria - Lepant,913,14:15:15,15.25,1.1166666666666667,67.0,"13,14"
6411,4,H8,Anada,24,Indústria - Lepant,913,14:29:44,29.73,14.483333333366666,869.0,
6407,4,H8,Anada,24,Indústria - Lepant,913,14:51:10,51.17,21.433333333333334,1286.0,"36,37,38"
6036,1,H8,Anada,24,Indústria - Lepant,913,14:56:20,56.33,5.166666666666667,310.0,"18,19"
6100,4,H8,Anada,24,Indústria - Lepant,913,15:00:14,0.23,3.9,234.0,
6415,4,H8,Anada,24,Indústria - Lepant,913,15:05:18,5.3,5.066666666633334,304.0,
6028,4,H8,Anada,24,Indústria - Lepant,913,15:23:00,23.0,17.716666666633333,1063.0,
6802,4,H8,Anada,24,Indústria - Lepant,913,15:26:13,26.22,3.2000000000666664,192.0,
6211,5,H8,Anada,24,Indústria - Lepant,913,15:38:19,38.32,12.1166666666,727.0,
6201,1,H8,Anada,24,Indústria - Lepant,913,15:39:42,39.7,1.3666666666999998,82.0,"1,2,3,4,5,6,7,8,9,10,11"
6217,3,H8,Anada,24,Indústria - Lepant,913,15:56:08,56.13,16.449999999966668,987.0,"1,2,3,4,5,6,7,8,19"
6800,2,H8,Anada,24,Indústria - Lepant,913,15:57:45,57.75,1.6166666666666667,97.0,
6402,5,H8,Anada,24,Indústria - Lepant,913,16:13:20,13.33,15.583333333333334,935.0,
6213,5,H8,Anada,24,Indústria - Lepant,913,16:23:42,23.7,9.866666666733332,592.0,1
6034,4,H8,Anada,24,Indústria - Lepant,913,16:34:06,34.1,10.399999999966667,624.0,
6406,5,H8,Anada,24,Indústria - Lepant,913,16:38:18,38.3,4.2,252.0,
6408,5,H8,Anada,24,Indústria - Lepant,913,16:46:21,46.35,8.066666666633333,484.0,
6215,5,H8,Anada,24,Indústria - Lepant,913,17:10:45,10.75,24.383333333366668,1463.0,
6075,3,H8,Anada,24,Indústria - Lepant,913,17:16:38,16.63,5.899999999966667,354.0,
6411,5,H8,Anada,24,Indústria - Lepant,913,17:28:29,28.48,11.833333333366665,710.0,
6407,5,H8,Anada,24,Indústria - Lepant,913,17:44:07,44.12,15.649999999966667,939.0,
6036,2,H8,Anada,24,Indústria - Lepant,913,17:45:38,45.63,1.5000000000666667,90.0,"11,13,14,15,16"
6415,5,H8,Anada,24,Indústria - Lepant,913,18:07:01,7.02,21.399999999933335,1284.0,1
6028,5,H8,Anada,24,Indústria - Lepant,913,18:11:22,11.37,4.333333333400001,260.0,
6802,5,H8,Anada,24,Indústria - Lepant,913,18:23:26,23.43,12.066666666633333,724.0,
6211,6,H8,Anada,24,Indústria - Lepant,913,18:34:17,34.28,10.850000000033333,651.0,
6217,4,H8,Anada,24,Indústria - Lepant,913,18:46:01,46.02,11.749999999933333,705.0,
6800,3,H8,Anada,24,Indústria - Lepant,913,18:47:23,47.38,1.3500000000333332,81.0,
6402,6,H8,Anada,24,Indústria - Lepant,913,19:03:12,3.2,15.816666666666666,949.0,
6213,6,H8,Anada,24,Indústria - Lepant,913,19:09:19,9.32,6.116666666666666,367.0,
6034,5,H8,Anada,24,Indústria - Lepant,913,19:17:54,17.9,8.583333333333334,515.0,9
6406,6,H8,Anada,24,Indústria - Lepant,913,19:33:22,33.37,15.483333333300001,929.0,
6408,6,H8,Anada,24,Indústria - Lepant,913,19:34:47,34.78,1.4000000000666666,84.0,
6215,6,H8,Anada,24,Indústria - Lepant,913,19:53:17,53.28,18.5166666666,1111.0,
6409,8,H8,Anada,24,Indústria - Lepant,913,19:57:12,57.2,3.9000000000666666,234.0,"16,17"
6075,4,H8,Anada,24,Indústria - Lepant,913,20:04:44,4.73,7.533333333333333,452.0,36
6411,6,H8,Anada,24,Indústria - Lepant,913,20:15:10,15.17,10.4333333333,626.0,"1,2,3,4,5,6,7"
6036,3,H8,Anada,24,Indústria - Lepant,913,20:22:20,22.33,7.166666666666667,430.0,
6117,1,H8,Anada,24,Indústria - Lepant,913,20:36:38,36.63,14.316666666633333,859.0,
6415,6,H8,Anada,24,Indústria - Lepant,913,20:44:49,44.82,8.166666666733333,490.0,
6211,7,H8,Anada,24,Indústria - Lepant,913,21:06:02,6.03,21.233333333283333,1274.0,
6217,5,H8,Anada,24,Indústria - Lepant,913,21:17:05,17.08,11.033333333349999,662.0,
6402,7,H8,Anada,24,Indústria - Lepant,913,21:31:40,31.67,14.583333333333334,875.0,
6034,6,H8,Anada,24,Indústria - Lepant,913,21:49:33,49.55,17.883333333333333,1073.0,32
6408,7,H8,Anada,24,Indústria - Lepant,913,22:06:01,6.02,16.466666666666665,988.0,"19,21,22,23"
6209,1,H8,Anada,25,Av Gaudí,307,03:42:03,42.05,,,"1,2,3,4,5,6,7,8,9,10,11,12,13,14,15,16,17,18,19,20"
6211,1,H8,Anada,25,Av Gaudí,307,03:55:50,55.83,13.783333333333333,827.0,"1,2,3,4,5,6,7,8,9,10"
6409,1,H8,Anada,25,Av Gaudí,307,04:09:48,9.8,13.966666666666667,838.0,"1,2,3,4,5,6,7,8,9,10,11,12,13,14,15,16,19,20,36,37,38,39"
6402,1,H8,Anada,25,Av Gaudí,307,04:13:32,13.53,3.7333333333333334,224.0,1
6213,1,H8,Anada,25,Av Gaudí,307,04:20:45,20.75,7.200000000033333,432.0,
6406,1,H8,Anada,25,Av Gaudí,307,04:34:17,34.28,13.549999999966667,813.0,
6110,1,H8,Anada,25,Av Gaudí,307,04:45:44,45.73,11.45,687.0,1
6408,1,H8,Anada,25,Av Gaudí,307,04:51:47,51.78,6.0333333334,362.0,
6215,1,H8,Anada,25,Av Gaudí,307,05:01:53,1.88,10.1,606.0,
6409,2,H8,Anada,25,Av Gaudí,307,05:08:28,8.47,6.599999999933333,396.0,"9,17,18"
6217,1,H8,Anada,25,Av Gaudí,307,05:25:02,25.03,16.566666666666666,994.0,1
6411,1,H8,Anada,25,Av Gaudí,307,05:31:11,31.18,6.133333333366666,368.0,
6407,1,H8,Anada,25,Av Gaudí,307,05:41:41,41.68,10.500000000033333,630.0,
6204,1,H8,Anada,25,Av Gaudí,307,05:46:12,46.2,4.5333333332666665,272.0,
6100,1,H8,Anada,25,Av Gaudí,307,05:55:40,55.67,9.45000000005,567.0,
6415,1,H8,Anada,25,Av Gaudí,307,06:04:22,4.37,8.716666666616668,523.0,
6028,1,H8,Anada,25,Av Gaudí,307,06:21:01,21.02,16.65,999.0,
6802,1,H8,Anada,25,Av Gaudí,307,06:23:06,23.1,2.0666666666999998,124.0,
6209,2,H8,Anada,25,Av Gaudí,307,06:39:30,39.5,16.4,984.0,
6211,2,H8,Anada,25,Av Gaudí,307,06:48:36,48.6,9.100000000033333,546.0,
6401,1,H8,Anada,25,Av Gaudí,307,06:55:54,55.9,7.3,438.0,9
6402,2,H8,Anada,25,Av Gaudí,307,07:02:31,2.52,6.616666666633334,397.0,
6027,1,H8,Anada,25,Av Gaudí,307,07:11:33,11.55,9.049999999966667,543.0,
6213,2,H8,Anada,25,Av Gaudí,307,07:17:18,17.3,5.733333333366667,344.0,
6034,1,H8,Anada,25,Av Gaudí,307,07:26:18,26.3,9.0,540.0,36
6110,2,H8,Anada,25,Av Gaudí,307,07:46:00,46.0,19.716666666633333,1183.0,
6406,2,H8,Anada,25,Av Gaudí,307,07:49:33,49.55,3.533333333366667,212.0,33
6408,2,H8,Anada,25,Av Gaudí,307,07:55:20,55.33,5.783333333333333,347.0,9
6215,2,H8,Anada,25,Av Gaudí,307,08:07:47,7.78,12.466666666633333,748.0,
6409,3,H8,Anada,25,Av Gaudí,307,08:15:09,15.15,7.350000000033333,441.0,
6217,2,H8,Anada,25,Av Gaudí,307,08:24:00,24.0,8.866666666633334,532.0,
6411,2,H8,Anada,25,Av Gaudí,307,08:33:23,33.38,9.366666666733332,562.0,
6407,2,H8,Anada,25,Av Gaudí,307,08:41:29,41.48,8.116666666583333,487.0,
6204,2,H8,Anada,25,Av Gaudí,307,08:55:40,55.67,14.18333333335,851.0,
6415,2,H8,Anada,25,Av Gaudí,307,09:03:44,3.73,8.016666666666667,481.0,
6028,2,H8,Anada,25,Av Gaudí,307,09:29:16,29.27,25.54999999995,1533.0,
6209,3,H8,Anada,25,Av Gaudí,307,09:45:24,45.4,15.666666666733333,940.0,
6211,3,H8,Anada,25,Av Gaudí,307,09:49:42,49.7,4.3,258.0,
6402,3,H8,Anada,25,Av Gaudí,307,10:04:51,4.85,15.166666666583334,910.0,1
6027,2,H8,Anada,25,Av Gaudí,307,10:13:40,13.67,8.800000000083333,528.0,1
6213,3,H8,Anada,25,Av Gaudí,307,10:24:29,24.48,10.816666666633333,649.0,
6034,2,H8,Anada,25,Av Gaudí,307,10:31:51,31.85,7.366666666666666,442.0,
6406,3,H8,Anada,25,Av Gaudí,307,10:47:00,47.0,15.15,909.0,
6408,3,H8,Anada,25,Av Gaudí,307,10:51:24,51.4,4.4,264.0,
6215,3,H8,Anada,25,Av Gaudí,307,11:03:24,3.4,12.0,720.0,9
6409,4,H8,Anada,25,Av Gaudí,307,11:15:46,15.77,12.3833333333,743.0,
6411,3,H8,Anada,25,Av Gaudí,307,11:32:08,32.13,16.350000000066665,981.0,1
6407,3,H8,Anada,25,Av Gaudí,307,11:44:33,44.55,12.416666666666666,745.0,
6204,3,H8,Anada,25,Av Gaudí,307,11:57:29,57.48,12.9333333333,776.0,"1,2,3,4,5,6,7,8,9,10,11,12,13,14,15,16,17,18,30,31,32,33,34,35,36,37,38,39"
6415,3,H8,Anada,25,Av Gaudí,307,12:09:55,9.92,11.566666666616667,694.0,
6028,3,H8,Anada,25,Av Gaudí,307,12:18:38,18.63,8.716666666650001,523.0,
6802,3,H8,Anada,25,Av Gaudí,307,12:25:58,25.97,7.3166666667,439.0,
6209,4,H8,Anada,25,Av Gaudí,307,12:47:00,47.0,21.033333333366667,1262.0,
6211,4,H8,Anada,25,Av Gaudí,307,12:49:36,49.6,2.5999999999666668,156.0,
6800,1,H8,Anada,25,Av Gaudí,307,12:52:27,52.45,2.8666666666333334,172.0,
6213,4,H8,Anada,25,Av Gaudí,307,13:06:35,6.58,14.133333333333333,848.0,"11,12,14,26"
6402,4,H8,Anada,25,Av Gaudí,307,13:11:29,11.48,4.883333333366666,293.0,
6027,3,H8,Anada,25,Av Gaudí,307,13:14:05,14.08,2.6166666666333334,157.0,
6034,3,H8,Anada,25,Av Gaudí,307,13:30:40,30.67,16.566666666699998,994.0,"26,31"
6406,4,H8,Anada,25,Av Gaudí,307,13:36:56,36.93,6.2666666667,376.0,
6408,4,H8,Anada,25,Av Gaudí,307,13:53:09,53.15,16.233333333266668,974.0,
6215,4,H8,Anada,25,Av Gaudí,307,14:02:13,2.22,9.066666666666666,544.0,
6075,2,H8,Anada,25,Av Gaudí,307,14:16:55,16.92,14.683333333366667,881.0,"13,14"
6411,4,H8,Anada,25,Av Gaudí,307,14:31:25,31.42,13.533333333366667,812.0,
6407,4,H8,Anada,25,Av Gaudí,307,14:53:04,53.07,21.65,1299.0,"36,37,38"
6036,1,H8,Anada,25,Av Gaudí,307,14:58:08,58.13,5.0666666667,304.0,"18,19"
6100,4,H8,Anada,25,Av Gaudí,307,15:02:09,2.15,4.016666666633333,241.0,
6415,4,H8,Anada,25,Av Gaudí,307,15:07:14,7.23,5.083333333333333,305.0,
6028,4,H8,Anada,25,Av Gaudí,307,15:24:35,24.58,17.350000000033333,1041.0,
6802,4,H8,Anada,25,Av Gaudí,307,15:27:30,27.5,2.916666666633333,175.0,
6211,5,H8,Anada,25,Av Gaudí,307,15:39:33,39.55,12.050000000033332,723.0,
6201,1,H8,Anada,25,Av Gaudí,307,15:40:44,40.73,1.1833333333,71.0,"1,2,3,4,5,6,7,8,9,10,11"
6217,3,H8,Anada,25,Av Gaudí,307,15:58:03,58.05,17.3333333333,1040.0,"1,2,3,4,5,6,7,8,19"
6402,5,H8,Anada,25,Av Gaudí,307,16:14:55,14.92,15.983333333333333,959.0,
6213,5,H8,Anada,25,Av Gaudí,307,16:25:35,25.58,10.5666666667,634.0,1
6034,4,H8,Anada,25,Av Gaudí,307,16:35:19,35.32,9.733333333333333,584.0,
6406,5,H8,Anada,25,Av Gaudí,307,16:40:00,40.0,4.683333333333334,281.0,
6408,5,H8,Anada,25,Av Gaudí,307,16:47:15,47.25,7.2666666666,436.0,
6075,3,H8,Anada,25,Av Gaudí,307,17:18:27,18.45,5.3666666667,322.0,
6411,5,H8,Anada,25,Av Gaudí,307,17:30:40,30.67,12.216666666666667,733.0,
6407,5,H8,Anada,25,Av Gaudí,307,17:46:13,46.22,15.55,933.0,
6036,2,H8,Anada,25,Av Gaudí,307,17:47:53,47.88,1.6666666666666667,100.0,"11,13,14,15,16"
6415,5,H8,Anada,25,Av Gaudí,307,18:08:24,8.4,20.5333333333,1232.0,1
6028,5,H8,Anada,25,Av Gaudí,307,18:13:01,13.02,4.616666666666666,277.0,
6802,5,H8,Anada,25,Av Gaudí,307,18:25:16,25.27,12.25,735.0,
6211,6,H8,Anada,25,Av Gaudí,307,18:35:57,35.95,10.6666666667,640.0,
6217,4,H8,Anada,25,Av Gaudí,307,18:47:48,47.8,11.850000000033333,711.0,
6800,3,H8,Anada,25,Av Gaudí,307,18:49:16,49.27,1.4833333332666667,89.0,
6402,6,H8,Anada,25,Av Gaudí,307,19:04:25,4.42,15.1333333334,908.0,
6213,6,H8,Anada,25,Av Gaudí,307,19:11:21,11.35,6.933333333333334,416.0,
6034,5,H8,Anada,25,Av Gaudí,307,19:19:14,19.23,7.8833333333,473.0,9
6406,6,H8,Anada,25,Av Gaudí,307,19:34:59,34.98,15.766666666633334,946.0,
6408,6,H8,Anada,25,Av Gaudí,307,19:37:04,37.07,2.0833333333333335,125.0,
6215,6,H8,Anada,25,Av Gaudí,307,19:54:54,54.9,17.816666666733333,1069.0,
6409,8,H8,Anada,25,Av Gaudí,307,19:58:42,58.7,3.7999999999666665,228.0,"16,17"
6075,4,H8,Anada,25,Av Gaudí,307,20:06:10,6.17,7.4833333333,449.0,36
6411,6,H8,Anada,25,Av Gaudí,307,20:15:59,15.98,9.816666666666666,589.0,"1,2,3,4,5,6,7"
6036,3,H8,Anada,25,Av Gaudí,307,20:24:07,24.12,8.116666666733334,487.0,
6117,1,H8,Anada,25,Av Gaudí,307,20:37:52,37.87,13.7666666666,826.0,
6415,6,H8,Anada,25,Av Gaudí,307,20:45:58,45.97,8.1,486.0,
6211,7,H8,Anada,25,Av Gaudí,307,21:08:18,8.3,22.316666666733333,1339.0,
6217,5,H8,Anada,25,Av Gaudí,307,21:18:48,18.8,10.5,630.0,
6402,7,H8,Anada,25,Av Gaudí,307,21:33:04,33.07,14.266666666666667,856.0,
6034,6,H8,Anada,25,Av Gaudí,307,21:50:52,50.87,17.8,1068.0,32
6408,7,H8,Anada,25,Av Gaudí,307,22:07:11,7.18,16.316666666633335,979.0,"19,21,22,23"
6209,1,H8,Anada,26,Indústria - Independència,212,03:43:05,43.08,,,"1,2,3,4,5,6,7,8,9,10,11,12,13,14,15,16,17,18,19,20"
6211,1,H8,Anada,26,Indústria - Independència,212,03:57:59,57.98,14.9,894.0,"1,2,3,4,5,6,7,8,9,10"
6409,1,H8,Anada,26,Indústria - Independència,212,04:11:30,11.5,13.516666666699999,811.0,"1,2,3,4,5,6,7,8,9,10,11,12,13,14,15,16,19,20,36,37,38,39"
6402,1,H8,Anada,26,Indústria - Independència,212,04:15:27,15.45,3.9499999999666664,237.0,1
6213,1,H8,Anada,26,Indústria - Independència,212,04:22:04,22.07,6.6166666667,397.0,
6406,1,H8,Anada,26,Indústria - Independència,212,04:35:58,35.97,13.899999999966667,834.0,
6110,1,H8,Anada,26,Indústria - Independència,212,04:47:07,47.12,11.150000000033334,669.0,1
6408,1,H8,Anada,26,Indústria - Independència,212,04:53:07,53.12,6.0,360.0,
6215,1,H8,Anada,26,Indústria - Independència,212,05:02:25,2.42,9.316666666600002,559.0,
6409,2,H8,Anada,26,Indústria - Independència,212,05:09:23,9.38,6.9666666666833335,418.0,"9,17,18"
6217,1,H8,Anada,26,Indústria - Independència,212,05:26:39,26.65,17.25000000005,1035.0,1
6411,1,H8,Anada,26,Indústria - Independència,212,05:32:44,32.73,6.083333333300001,365.0,
6407,1,H8,Anada,26,Indústria - Independència,212,05:42:56,42.93,10.2,612.0,
6204,1,H8,Anada,26,Indústria - Independència,212,05:47:22,47.37,4.449999999949999,267.0,
6100,1,H8,Anada,26,Indústria - Independència,212,05:56:34,56.57,9.183333333383333,551.0,
6415,1,H8,Anada,26,Indústria - Independència,212,06:05:52,5.87,9.300000000033332,558.0,
6028,1,H8,Anada,26,Indústria - Independència,212,06:22:33,22.55,16.683333333300002,1001.0,
6802,1,H8,Anada,26,Indústria - Independència,212,06:24:27,24.45,1.9000000000333332,114.0,
6209,2,H8,Anada,26,Indústria - Independència,212,06:41:14,41.23,16.7833333333,1007.0,
6211,2,H8,Anada,26,Indústria - Independència,212,06:49:44,49.73,8.500000000033333,510.0,
6401,1,H8,Anada,26,Indústria - Independència,212,06:57:26,57.43,7.699999999966667,462.0,9
6402,2,H8,Anada,26,Indústria - Independència,212,07:03:36,3.6,6.166666666666667,370.0,
6027,1,H8,Anada,26,Indústria - Independència,212,07:13:45,13.75,10.15,609.0,
6213,2,H8,Anada,26,Indústria - Independència,212,07:18:49,18.82,5.0666666667,304.0,
6034,1,H8,Anada,26,Indústria - Independència,212,07:29:18,29.3,10.483333333333333,629.0,36
6110,2,H8,Anada,26,Indústria - Independència,212,07:47:40,47.67,18.366666666666667,1102.0,
6406,2,H8,Anada,26,Indústria - Independència,212,07:52:15,52.25,4.583333333300001,275.0,33
6408,2,H8,Anada,26,Indústria - Independència,212,07:56:57,56.95,4.7,282.0,9
6215,2,H8,Anada,26,Indústria - Independència,212,08:09:17,9.28,12.349999999966666,741.0,
6409,3,H8,Anada,26,Indústria - Independència,212,08:16:27,16.45,7.150000000033333,429.0,
6217,2,H8,Anada,26,Indústria - Independència,212,08:25:41,25.68,9.249999999966667,555.0,
6411,2,H8,Anada,26,Indústria - Independència,212,08:34:50,34.83,9.133333333366666,548.0,
6407,2,H8,Anada,26,Indústria - Independència,212,08:43:52,43.87,9.033333333366667,542.0,
6100,2,H8,Anada,26,Indústria - Independència,212,08:57:32,57.53,13.683333333266667,821.0,"1,2,3"
6415,2,H8,Anada,26,Indústria - Independència,212,09:05:01,5.02,7.35,441.0,
6209,3,H8,Anada,26,Indústria - Independència,212,09:47:26,47.43,15.616666666683333,937.0,
6211,3,H8,Anada,26,Indústria - Independència,212,09:51:32,51.53,4.1166666666000005,247.0,
6402,3,H8,Anada,26,Indústria - Independència,212,10:07:27,7.45,15.900000000033334,954.0,1
6027,2,H8,Anada,26,Indústria - Independència,212,10:15:00,15.0,7.55,453.0,1
6213,3,H8,Anada,26,Indústria - Independència,212,10:26:56,26.93,11.933333333366667,716.0,
6034,2,H8,Anada,26,Indústria - Independència,212,10:34:40,34.67,7.733333333333333,464.0,
6406,3,H8,Anada,26,Indústria - Independència,212,10:48:34,48.57,13.899999999966667,834.0,
6408,3,H8,Anada,26,Indústria - Independència,212,10:53:35,53.58,5.0166666667,301.0,
6215,3,H8,Anada,26,Indústria - Independència,212,11:04:47,4.78,11.2,672.0,9
6409,4,H8,Anada,26,Indústria - Independència,212,11:18:24,18.4,13.633333333266668,818.0,
6411,3,H8,Anada,26,Indústria - Independència,212,11:33:40,33.67,15.250000000033333,915.0,1
6407,3,H8,Anada,26,Indústria - Independència,212,11:46:24,46.4,12.749999999966667,765.0,
6204,3,H8,Anada,26,Indústria - Independència,212,11:59:27,59.45,13.05,783.0,"1,2,3,4,5,6,7,8,9,10,11,12,13,14,15,16,17,18,30,31,32,33,34,35,36,37,38,39"
6415,3,H8,Anada,26,Indústria - Independència,212,12:11:24,11.4,11.7333333334,704.0,
6028,3,H8,Anada,26,Indústria - Independència,212,12:19:28,19.47,8.066666666633333,484.0,
6802,3,H8,Anada,26,Indústria - Independència,212,12:26:40,26.67,7.2,432.0,
6209,4,H8,Anada,26,Indústria - Independència,212,12:47:54,47.9,21.233333333333334,1274.0,
6211,4,H8,Anada,26,Indústria - Independència,212,12:51:06,51.1,3.2000000000333335,192.0,
6800,1,H8,Anada,26,Indústria - Independència,212,12:53:57,53.95,2.8499999999666668,171.0,
6402,4,H8,Anada,26,Indústria - Independència,212,13:13:31,13.52,19.566666666666666,1174.0,
6027,3,H8,Anada,26,Indústria - Independència,212,13:14:51,14.85,1.3333333333333333,80.0,
6406,4,H8,Anada,26,Indústria - Independència,212,13:38:02,38.03,23.183333333366665,1391.0,
6408,4,H8,Anada,26,Indústria - Independència,212,13:54:40,54.67,16.6333333333,998.0,
6215,4,H8,Anada,26,Indústria - Independència,212,14:04:20,4.33,9.666666666666666,580.0,
6075,2,H8,Anada,26,Indústria - Independència,212,14:18:04,18.07,13.749999999966667,825.0,"13,14"
6409,5,H8,Anada,26,Indústria - Independència,212,14:19:40,19.67,1.5833333333666666,95.0,19
6411,4,H8,Anada,26,Indústria - Independència,212,14:33:31,33.52,13.866666666633334,832.0,
6407,4,H8,Anada,26,Indústria - Independència,212,14:54:59,54.98,21.450000000033334,1287.0,"36,37,38"
6036,1,H8,Anada,26,Indústria - Independència,212,14:59:44,59.73,4.766666666633333,286.0,"18,19"
6100,4,H8,Anada,26,Indústria - Independència,212,15:03:29,3.48,3.75,225.0,
6415,4,H8,Anada,26,Indústria - Independència,212,15:09:09,9.15,5.650000000066667,339.0,
6028,4,H8,Anada,26,Indústria - Independència,212,15:26:01,26.02,16.883333333266666,1013.0,
6802,4,H8,Anada,26,Indústria - Independència,212,15:28:46,28.77,2.75,165.0,
6211,5,H8,Anada,26,Indústria - Independència,212,15:40:33,40.55,11.766666666733332,706.0,
6201,1,H8,Anada,26,Indústria - Independència,212,15:42:01,42.02,1.4833333332666667,89.0,"1,2,3,4,5,6,7,8,9,10,11"
6217,3,H8,Anada,26,Indústria - Independència,212,15:59:21,59.35,17.333333333333332,1040.0,"1,2,3,4,5,6,7,8,19"
6800,2,H8,Anada,26,Indústria - Independència,212,16:02:09,2.15,2.8,168.0,
6402,5,H8,Anada,26,Indústria - Independència,212,16:17:00,17.0,14.85,891.0,
6213,5,H8,Anada,26,Indústria - Independència,212,16:27:39,27.65,10.483333333300001,629.0,1
6034,4,H8,Anada,26,Indústria - Independència,212,16:37:46,37.77,10.100000000066666,606.0,
6406,5,H8,Anada,26,Indústria - Independència,212,16:41:26,41.43,3.6666666666666665,220.0,
6408,5,H8,Anada,26,Indústria - Independència,212,16:49:43,49.72,8.299999999933332,498.0,
6215,5,H8,Anada,26,Indústria - Independència,212,17:14:54,14.9,25.166666666716665,1510.0,
6075,3,H8,Anada,26,Indústria - Independència,212,17:20:29,20.48,5.583333333316667,335.0,
6411,5,H8,Anada,26,Indústria - Independència,212,17:32:32,32.53,12.066666666633333,724.0,
6407,5,H8,Anada,26,Indústria - Independència,212,17:47:51,47.85,15.300000000066666,918.0,
6036,2,H8,Anada,26,Indústria - Independència,212,17:49:23,49.38,1.5333333333,92.0,"11,13,14,15,16"
6415,5,H8,Anada,26,Indústria - Independència,212,18:11:04,11.07,21.683333333366665,1301.0,1
6028,5,H8,Anada,26,Indústria - Independència,212,18:14:02,14.03,2.966666666666667,178.0,
6802,5,H8,Anada,26,Indústria - Independència,212,18:26:34,26.57,12.549999999933334,753.0,
6211,6,H8,Anada,26,Indústria - Independència,212,18:36:46,36.77,10.183333333366667,611.0,
6217,4,H8,Anada,26,Indústria - Independència,212,18:48:49,48.82,12.050000000033332,723.0,
6800,3,H8,Anada,26,Indústria - Independència,212,18:50:56,50.93,2.1166666666333334,127.0,
6402,6,H8,Anada,26,Indústria - Independència,212,19:05:55,5.92,14.983333333366666,899.0,
6213,6,H8,Anada,26,Indústria - Independència,212,19:12:08,12.13,6.2166666666333334,373.0,
6034,5,H8,Anada,26,Indústria - Independència,212,19:20:42,20.7,8.5833333333,515.0,9
6406,6,H8,Anada,26,Indústria - Independència,212,19:37:09,37.15,16.433333333366665,986.0,
6408,6,H8,Anada,26,Indústria - Independència,212,19:38:24,38.4,1.2500000000333331,75.0,
6215,6,H8,Anada,26,Indústria - Independència,212,19:56:54,56.9,18.5,1110.0,
6409,8,H8,Anada,26,Indústria - Independència,212,20:00:09,0.15,3.2666666666000004,196.0,"16,17"
6075,4,H8,Anada,26,Indústria - Independència,212,20:07:54,7.9,7.733333333366667,464.0,36
6411,6,H8,Anada,26,Indústria - Independència,212,20:16:44,16.73,8.849999999966666,531.0,"1,2,3,4,5,6,7"
6036,3,H8,Anada,26,Indústria - Independència,212,20:26:05,26.08,9.35,561.0,
6117,1,H8,Anada,26,Indústria - Independència,212,20:39:22,39.37,13.266666666733332,796.0,
6415,6,H8,Anada,26,Indústria - Independència,212,20:46:59,46.98,7.616666666633334,457.0,
6211,7,H8,Anada,26,Indústria - Independència,212,21:09:55,9.92,22.949999999966668,1377.0,
6217,5,H8,Anada,26,Indústria - Independència,212,21:20:19,20.32,10.399999999983333,624.0,
6402,7,H8,Anada,26,Indústria - Independència,212,21:34:10,34.17,13.850000000016667,831.0,
6034,6,H8,Anada,26,Indústria - Independència,212,21:51:51,51.85,17.6666666667,1060.0,32
6408,7,H8,Anada,26,Indústria - Independència,212,22:09:01,9.02,17.1666666667,1030.0,"19,21,22,23"
6209,1,H8,Anada,27,Indústria - Freser,2665,03:43:56,43.93,,,"1,2,3,4,5,6,7,8,9,10,11,12,13,14,15,16,17,18,19,20"
6211,1,H8,Anada,27,Indústria - Freser,2665,03:59:27,59.45,15.516666666666667,931.0,"1,2,3,4,5,6,7,8,9,10"
6409,1,H8,Anada,27,Indústria - Freser,2665,04:13:23,13.38,13.9333333333,836.0,"1,2,3,4,5,6,7,8,9,10,11,12,13,14,15,16,19,20,36,37,38,39"
6402,1,H8,Anada,27,Indústria - Freser,2665,04:16:59,16.98,3.6000000000333334,216.0,1
6213,1,H8,Anada,27,Indústria - Freser,2665,04:23:30,23.5,6.5333333332666665,392.0,
6406,1,H8,Anada,27,Indústria - Freser,2665,04:37:31,37.52,14.000000000033333,840.0,
6110,1,H8,Anada,27,Indústria - Freser,2665,04:48:07,48.12,10.600000000033333,636.0,1
6408,1,H8,Anada,27,Indústria - Freser,2665,04:54:28,54.47,6.35,381.0,
6215,1,H8,Anada,27,Indústria - Freser,2665,05:04:08,4.13,9.683333333266667,581.0,
6409,2,H8,Anada,27,Indústria - Freser,2665,05:11:29,11.48,7.333333333400001,440.0,"9,17,18"
6217,1,H8,Anada,27,Indústria - Freser,2665,05:28:00,28.0,16.516666666666666,991.0,1
6411,1,H8,Anada,27,Indústria - Freser,2665,05:33:53,33.88,5.899999999933333,354.0,
6407,1,H8,Anada,27,Indústria - Freser,2665,05:44:33,44.55,10.650000000033334,639.0,
6204,1,H8,Anada,27,Indústria - Freser,2665,05:50:12,50.2,5.666666666633334,340.0,
6100,1,H8,Anada,27,Indústria - Freser,2665,05:58:53,58.88,8.683333333333334,521.0,
6415,1,H8,Anada,27,Indústria - Freser,2665,06:07:40,7.67,8.766666666733332,526.0,
6028,1,H8,Anada,27,Indústria - Freser,2665,06:24:59,24.98,17.316666666633335,1039.0,
6209,2,H8,Anada,27,Indústria - Freser,2665,06:42:59,42.98,17.166666666633333,1030.0,
6211,2,H8,Anada,27,Indústria - Freser,2665,06:52:07,52.12,9.116666666733332,547.0,
6401,1,H8,Anada,27,Indústria - Freser,2665,06:59:46,59.77,7.666666666599999,460.0,9
6402,2,H8,Anada,27,Indústria - Freser,2665,07:05:34,5.57,5.7833333334,347.0,
6027,1,H8,Anada,27,Indústria - Freser,2665,07:14:55,14.92,9.3666666666,562.0,
6213,2,H8,Anada,27,Indústria - Freser,2665,07:20:45,20.75,5.833333333316667,350.0,
6034,1,H8,Anada,27,Indústria - Freser,2665,07:32:47,32.78,12.01666666675,721.0,36
6110,2,H8,Anada,27,Indústria - Freser,2665,07:49:28,49.47,16.683333333333334,1001.0,
6406,2,H8,Anada,27,Indústria - Freser,2665,07:53:30,53.5,4.033333333333333,242.0,33
6408,2,H8,Anada,27,Indústria - Freser,2665,07:58:57,58.95,5.45,327.0,9
6215,2,H8,Anada,27,Indústria - Freser,2665,08:10:26,10.43,11.483333333333333,689.0,
6409,3,H8,Anada,27,Indústria - Freser,2665,08:18:24,18.4,7.9666666666333334,478.0,
6217,2,H8,Anada,27,Indústria - Freser,2665,08:27:11,27.18,8.799999999966667,528.0,
6411,2,H8,Anada,27,Indústria - Freser,2665,08:36:42,36.7,9.500000000033333,570.0,
6407,2,H8,Anada,27,Indústria - Freser,2665,08:45:43,45.72,9.0333333333,542.0,
6204,2,H8,Anada,27,Indústria - Freser,2665,08:59:25,59.42,13.7,822.0,
6415,2,H8,Anada,27,Indústria - Freser,2665,09:06:50,6.83,7.316666666616666,439.0,
6802,2,H8,Anada,27,Indústria - Freser,2665,09:34:24,34.4,1.3666666666333334,82.0,
6209,3,H8,Anada,27,Indústria - Freser,2665,09:49:24,49.4,15.000000000033333,900.0,
6211,3,H8,Anada,27,Indústria - Freser,2665,09:53:54,53.9,4.5,270.0,
6402,3,H8,Anada,27,Indústria - Freser,2665,10:09:29,9.48,15.5833333333,935.0,1
6027,2,H8,Anada,27,Indústria - Freser,2665,10:17:23,17.38,7.9,474.0,1
6213,3,H8,Anada,27,Indústria - Freser,2665,10:29:16,29.27,11.883333333366666,713.0,
6034,2,H8,Anada,27,Indústria - Freser,2665,10:36:16,36.27,6.999999999966667,420.0,
6406,3,H8,Anada,27,Indústria - Freser,2665,10:50:07,50.12,13.850000000033333,831.0,
6408,3,H8,Anada,27,Indústria - Freser,2665,10:55:45,55.75,5.6333333333,338.0,
6215,3,H8,Anada,27,Indústria - Freser,2665,11:06:56,6.93,11.183333333333334,671.0,9
6409,4,H8,Anada,27,Indústria - Freser,2665,11:20:48,20.8,13.866666666666667,832.0,
6411,3,H8,Anada,27,Indústria - Freser,2665,11:35:42,35.7,14.9,894.0,1
6407,3,H8,Anada,27,Indústria - Freser,2665,11:47:59,47.98,12.283333333366667,737.0,
6204,3,H8,Anada,27,Indústria - Freser,2665,12:01:26,1.43,13.449999999966668,807.0,"1,2,3,4,5,6,7,8,9,10,11,12,13,14,15,16,17,18,30,31,32,33,34,35,36,37,38,39"
6415,3,H8,Anada,27,Indústria - Freser,2665,12:13:32,13.53,12.0,720.0,
6028,3,H8,Anada,27,Indústria - Freser,2665,12:21:40,21.67,8.149999999966667,489.0,
6802,3,H8,Anada,27,Indústria - Freser,2665,12:28:35,28.58,6.916666666666667,415.0,
6209,4,H8,Anada,27,Indústria - Freser,2665,12:50:01,50.02,21.41666666673333,1285.0,
6211,4,H8,Anada,27,Indústria - Freser,2665,12:52:39,52.65,2.6499999999333337,159.0,
6800,1,H8,Anada,27,Indústria - Freser,2665,12:55:35,55.58,2.9166666667000003,175.0,
6213,4,H8,Anada,27,Indústria - Freser,2665,13:07:36,7.6,12.016666666699999,721.0,"11,12,14,26"
6402,4,H8,Anada,27,Indústria - Freser,2665,13:15:36,15.6,8.016666666599999,481.0,
6027,3,H8,Anada,27,Indústria - Freser,2665,13:16:45,16.75,1.15,69.0,
6034,3,H8,Anada,27,Indústria - Freser,2665,13:30:45,30.75,13.983333333366666,839.0,"26,31"
6406,4,H8,Anada,27,Indústria - Freser,2665,13:40:21,40.35,9.600000000033333,576.0,
6408,4,H8,Anada,27,Indústria - Freser,2665,13:55:59,55.98,15.649999999933334,939.0,
6215,4,H8,Anada,27,Indústria - Freser,2665,14:05:54,5.9,9.900000000066665,594.0,
6075,2,H8,Anada,27,Indústria - Freser,2665,14:19:08,19.13,13.233333333333333,794.0,"13,14"
6409,5,H8,Anada,27,Indústria - Freser,2665,14:21:43,21.72,2.5833333332999997,155.0,19
6411,4,H8,Anada,27,Indústria - Freser,2665,14:34:59,34.98,13.266666666699999,796.0,
6407,4,H8,Anada,27,Indústria - Freser,2665,14:57:05,57.08,22.1,1326.0,"36,37,38"
6036,1,H8,Anada,27,Indústria - Freser,2665,15:01:10,1.17,4.0833333333,245.0,"18,19"
6100,4,H8,Anada,27,Indústria - Freser,2665,15:04:58,4.97,3.8000000000333336,228.0,
6415,4,H8,Anada,27,Indústria - Freser,2665,15:10:58,10.97,6.0166666666,361.0,
6028,4,H8,Anada,27,Indústria - Freser,2665,15:27:31,27.52,16.55,993.0,
6802,4,H8,Anada,27,Indústria - Freser,2665,15:30:49,30.82,3.283333333366667,197.0,
6211,5,H8,Anada,27,Indústria - Freser,2665,15:42:52,42.87,12.050000000033332,723.0,
6217,3,H8,Anada,27,Indústria - Freser,2665,16:00:45,0.75,16.916666666666668,1015.0,"1,2,3,4,5,6,7,8,19"
6800,2,H8,Anada,27,Indústria - Freser,2665,16:03:50,3.83,3.0666666667,184.0,
6402,5,H8,Anada,27,Indústria - Freser,2665,16:19:22,19.37,15.533333333366667,932.0,
6213,5,H8,Anada,27,Indústria - Freser,2665,16:29:35,29.58,9.916666666633335,595.0,1
6034,4,H8,Anada,27,Indústria - Freser,2665,16:40:02,40.03,10.433333333366667,626.0,
6406,5,H8,Anada,27,Indústria - Freser,2665,16:43:01,43.02,2.9999999999666667,180.0,
6408,5,H8,Anada,27,Indústria - Freser,2665,16:50:57,50.95,7.916666666733334,475.0,
6075,3,H8,Anada,27,Indústria - Freser,2665,17:21:51,21.85,4.2,252.0,
6411,5,H8,Anada,27,Indústria - Freser,2665,17:33:41,33.68,11.833333333366665,710.0,
6407,5,H8,Anada,27,Indústria - Freser,2665,17:49:50,49.83,16.149999999966667,969.0,
6415,5,H8,Anada,27,Indústria - Freser,2665,18:12:43,12.72,22.449999999966668,1347.0,1
6028,5,H8,Anada,27,Indústria - Freser,2665,18:15:06,15.1,2.3666666667,142.0,
6802,5,H8,Anada,27,Indústria - Freser,2665,18:27:50,27.83,12.733333333366666,764.0,
6211,6,H8,Anada,27,Indústria - Freser,2665,18:39:22,39.37,11.533333333333333,692.0,
6217,4,H8,Anada,27,Indústria - Freser,2665,18:51:06,51.1,11.733333333333333,704.0,
6800,3,H8,Anada,27,Indústria - Freser,2665,18:52:48,52.8,1.7166666665833332,103.0,
6402,6,H8,Anada,27,Indústria - Freser,2665,19:07:23,7.38,14.566666666749999,874.0,
6213,6,H8,Anada,27,Indústria - Freser,2665,19:13:43,13.72,6.349999999933333,381.0,
6034,5,H8,Anada,27,Indústria - Freser,2665,19:21:45,21.75,8.016666666733334,481.0,9
6406,6,H8,Anada,27,Indústria - Freser,2665,19:39:19,39.32,17.566666666633335,1054.0,
6215,6,H8,Anada,27,Indústria - Freser,2665,19:58:54,58.9,19.00000000003333,1140.0,
6409,8,H8,Anada,27,Indústria - Freser,2665,20:02:27,2.45,3.55,213.0,"16,17"
6075,4,H8,Anada,27,Indústria - Freser,2665,20:10:01,10.02,7.583333333300001,455.0,36
6411,6,H8,Anada,27,Indústria - Freser,2665,20:18:37,18.62,8.6,516.0,"1,2,3,4,5,6,7"
6036,3,H8,Anada,27,Indústria - Freser,2665,20:27:48,27.8,9.166666666733333,550.0,
6117,1,H8,Anada,27,Indústria - Freser,2665,20:41:18,41.3,13.499999999966667,810.0,
6415,6,H8,Anada,27,Indústria - Freser,2665,20:48:46,48.77,7.4833333333,449.0,
6211,7,H8,Anada,27,Indústria - Freser,2665,21:11:04,11.07,22.283333333399998,1337.0,
6217,5,H8,Anada,27,Indústria - Freser,2665,21:21:47,21.78,10.716666666633333,643.0,
6402,7,H8,Anada,27,Indústria - Freser,2665,21:35:51,35.85,14.0666666667,844.0,
6034,6,H8,Anada,27,Indústria - Freser,2665,21:52:55,52.92,17.08333333326667,1025.0,32
6408,7,H8,Anada,27,Indústria - Freser,2665,22:10:04,10.07,17.133333333366668,1028.0,"19,21,22,23"
6209,1,H8,Anada,28,Navas de Tolosa - Indústria,2736,03:45:43,45.72,,,"1,2,3,4,5,6,7,8,9,10,11,12,13,14,15,16,17,18,19,20"
6211,1,H8,Anada,28,Navas de Tolosa - Indústria,2736,04:00:32,0.53,14.816666666666666,889.0,"1,2,3,4,5,6,7,8,9,10"
6409,1,H8,Anada,28,Navas de Tolosa - Indústria,2736,04:14:53,14.88,14.35,861.0,"1,2,3,4,5,6,7,8,9,10,11,12,13,14,15,16,19,20,36,37,38,39"
6402,1,H8,Anada,28,Navas de Tolosa - Indústria,2736,04:18:23,18.38,3.5,210.0,1
6213,1,H8,Anada,28,Navas de Tolosa - Indústria,2736,04:24:48,24.8,6.416666666699999,385.0,
6406,1,H8,Anada,28,Navas de Tolosa - Indústria,2736,04:38:26,38.43,13.649999999933334,819.0,
6110,1,H8,Anada,28,Navas de Tolosa - Indústria,2736,04:49:25,49.42,10.983333333333333,659.0,1
6408,1,H8,Anada,28,Navas de Tolosa - Indústria,2736,04:56:50,56.83,7.416666666666667,445.0,
6215,1,H8,Anada,28,Navas de Tolosa - Indústria,2736,05:06:37,6.62,9.766666666699999,586.0,
6409,2,H8,Anada,28,Navas de Tolosa - Indústria,2736,05:13:14,13.23,6.616666666666666,397.0,"9,17,18"
6217,1,H8,Anada,28,Navas de Tolosa - Indústria,2736,05:29:52,29.87,16.633333333333333,998.0,1
6411,1,H8,Anada,28,Navas de Tolosa - Indústria,2736,05:36:39,36.65,6.783333333333333,407.0,
6407,1,H8,Anada,28,Navas de Tolosa - Indústria,2736,05:47:29,47.48,10.833333333366665,650.0,
6204,1,H8,Anada,28,Navas de Tolosa - Indústria,2736,05:51:25,51.42,3.933333333333333,236.0,
6100,1,H8,Anada,28,Navas de Tolosa - Indústria,2736,06:01:07,1.12,9.7,582.0,
6415,1,H8,Anada,28,Navas de Tolosa - Indústria,2736,06:09:46,9.77,8.666666666600001,520.0,
6028,1,H8,Anada,28,Navas de Tolosa - Indústria,2736,06:27:30,27.5,17.71666666673333,1063.0,
6802,1,H8,Anada,28,Navas de Tolosa - Indústria,2736,06:28:55,28.92,1.4166666666333334,85.0,
6209,2,H8,Anada,28,Navas de Tolosa - Indústria,2736,06:45:42,45.7,16.79999999995,1008.0,
6211,2,H8,Anada,28,Navas de Tolosa - Indústria,2736,06:54:24,54.4,8.700000000016667,522.0,
6401,1,H8,Anada,28,Navas de Tolosa - Indústria,2736,07:02:08,2.13,7.733333333333333,464.0,9
6402,2,H8,Anada,28,Navas de Tolosa - Indústria,2736,07:08:38,8.63,6.4833333334,389.0,
6027,1,H8,Anada,28,Navas de Tolosa - Indústria,2736,07:17:28,17.47,8.849999999933335,531.0,
6213,2,H8,Anada,28,Navas de Tolosa - Indústria,2736,07:23:06,23.1,5.6166666667,337.0,
6034,1,H8,Anada,28,Navas de Tolosa - Indústria,2736,07:35:26,35.43,12.349999999966666,741.0,36
6110,2,H8,Anada,28,Navas de Tolosa - Indústria,2736,07:51:42,51.7,16.25000000003333,975.0,
6406,2,H8,Anada,28,Navas de Tolosa - Indústria,2736,07:55:42,55.7,4.016666666633333,241.0,33
6408,2,H8,Anada,28,Navas de Tolosa - Indústria,2736,08:01:04,1.07,5.366666666666666,322.0,9
6215,2,H8,Anada,28,Navas de Tolosa - Indústria,2736,08:12:42,12.7,11.616666666733332,697.0,
6409,3,H8,Anada,28,Navas de Tolosa - Indústria,2736,08:20:17,20.28,7.583333333333333,455.0,
6217,2,H8,Anada,28,Navas de Tolosa - Indústria,2736,08:30:02,30.03,9.7666666666,586.0,
6411,2,H8,Anada,28,Navas de Tolosa - Indústria,2736,08:39:25,39.42,9.383333333333333,563.0,
6407,2,H8,Anada,28,Navas de Tolosa - Indústria,2736,08:48:30,48.5,9.08333333335,545.0,
6100,2,H8,Anada,28,Navas de Tolosa - Indústria,2736,09:01:32,1.53,13.033333333316667,782.0,"1,2,3"
6415,2,H8,Anada,28,Navas de Tolosa - Indústria,2736,09:09:41,9.68,7.500000000033333,450.0,
6209,3,H8,Anada,28,Navas de Tolosa - Indústria,2736,09:52:07,52.12,15.633333333366666,938.0,
6211,3,H8,Anada,28,Navas de Tolosa - Indústria,2736,09:56:33,56.55,4.4499999999833335,267.0,
6402,3,H8,Anada,28,Navas de Tolosa - Indústria,2736,10:12:10,12.17,15.600000000049999,936.0,1
6027,2,H8,Anada,28,Navas de Tolosa - Indústria,2736,10:19:25,19.42,7.249999999966667,435.0,1
6213,3,H8,Anada,28,Navas de Tolosa - Indústria,2736,10:31:30,31.5,12.083333333333334,725.0,
6034,2,H8,Anada,28,Navas de Tolosa - Indústria,2736,10:39:10,39.17,7.6833333333,461.0,
6406,3,H8,Anada,28,Navas de Tolosa - Indústria,2736,10:52:32,52.53,13.350000000066666,801.0,
6408,3,H8,Anada,28,Navas de Tolosa - Indústria,2736,10:59:25,59.42,6.8833333333,413.0,
6215,3,H8,Anada,28,Navas de Tolosa - Indústria,2736,11:09:30,9.5,10.083333333333334,605.0,9
6409,4,H8,Anada,28,Navas de Tolosa - Indústria,2736,11:23:34,23.57,14.066666666666666,844.0,
6411,3,H8,Anada,28,Navas de Tolosa - Indústria,2736,11:38:46,38.77,15.216666666633333,913.0,1
6407,3,H8,Anada,28,Navas de Tolosa - Indústria,2736,11:50:26,50.43,11.666666666666666,700.0,
6204,3,H8,Anada,28,Navas de Tolosa - Indústria,2736,12:04:11,4.18,13.733333333366666,824.0,"1,2,3,4,5,6,7,8,9,10,11,12,13,14,15,16,17,18,30,31,32,33,34,35,36,37,38,39"
6415,3,H8,Anada,28,Navas de Tolosa - Indústria,2736,12:16:21,16.35,12.133333333366666,728.0,
6028,3,H8,Anada,28,Navas de Tolosa - Indústria,2736,12:23:37,23.62,7.266666666633333,436.0,
6802,3,H8,Anada,28,Navas de Tolosa - Indústria,2736,12:30:59,30.98,7.3666666667,442.0,
6209,4,H8,Anada,28,Navas de Tolosa - Indústria,2736,12:51:58,51.97,20.983333333333334,1259.0,
6211,4,H8,Anada,28,Navas de Tolosa - Indústria,2736,12:54:56,54.93,2.966666666633333,178.0,
6800,1,H8,Anada,28,Navas de Tolosa - Indústria,2736,12:57:52,57.87,2.933333333366667,176.0,
6213,4,H8,Anada,28,Navas de Tolosa - Indústria,2736,13:09:04,9.07,11.2166666666,673.0,"11,12,14,26"
6402,4,H8,Anada,28,Navas de Tolosa - Indústria,2736,13:18:15,18.25,9.1666666667,550.0,
6034,3,H8,Anada,28,Navas de Tolosa - Indústria,2736,13:32:57,32.95,14.533333333333333,872.0,"26,31"
6406,4,H8,Anada,28,Navas de Tolosa - Indústria,2736,13:42:28,42.47,9.516666666666667,571.0,
6408,4,H8,Anada,28,Navas de Tolosa - Indústria,2736,13:59:47,59.78,17.316666666666666,1039.0,
6215,4,H8,Anada,28,Navas de Tolosa - Indústria,2736,14:09:13,9.22,9.416666666733333,565.0,
6409,5,H8,Anada,28,Navas de Tolosa - Indústria,2736,14:24:19,24.32,15.099999999966666,906.0,19
6411,4,H8,Anada,28,Navas de Tolosa - Indústria,2736,14:37:17,37.28,12.1,726.0,
6407,4,H8,Anada,28,Navas de Tolosa - Indústria,2736,15:00:25,0.42,23.133333333333333,1388.0,"36,37,38"
6036,1,H8,Anada,28,Navas de Tolosa - Indústria,2736,15:03:44,3.73,3.3333333332999997,200.0,"18,19"
6100,4,H8,Anada,28,Navas de Tolosa - Indústria,2736,15:07:42,7.7,3.9500000000666664,237.0,
6415,4,H8,Anada,28,Navas de Tolosa - Indústria,2736,15:13:37,13.62,5.916666666633334,355.0,
6028,4,H8,Anada,28,Navas de Tolosa - Indústria,2736,15:30:09,30.15,16.533333333366667,992.0,
6802,4,H8,Anada,28,Navas de Tolosa - Indústria,2736,15:33:36,33.6,3.4499999999666664,207.0,
6201,1,H8,Anada,28,Navas de Tolosa - Indústria,2736,15:46:20,46.33,12.733333333333333,764.0,"1,2,3,4,5,6,7,8,9,10,11"
6211,5,H8,Anada,28,Navas de Tolosa - Indústria,2736,15:47:52,47.87,1.5499999999666667,93.0,
6217,3,H8,Anada,28,Navas de Tolosa - Indústria,2736,16:02:50,2.83,14.950000000033333,897.0,"1,2,3,4,5,6,7,8,19"
6800,2,H8,Anada,28,Navas de Tolosa - Indústria,2736,16:06:19,6.32,3.4833333333333334,209.0,
6402,5,H8,Anada,28,Navas de Tolosa - Indústria,2736,16:23:24,23.4,17.099999999966666,1026.0,
6213,5,H8,Anada,28,Navas de Tolosa - Indústria,2736,16:32:14,32.23,8.516666666699999,511.0,1
6034,4,H8,Anada,28,Navas de Tolosa - Indústria,2736,16:42:50,42.83,10.616666666616668,637.0,
6406,5,H8,Anada,28,Navas de Tolosa - Indústria,2736,16:45:28,45.47,2.61666666675,157.0,
6408,5,H8,Anada,28,Navas de Tolosa - Indústria,2736,16:53:09,53.15,7.6833333333,461.0,
6075,3,H8,Anada,28,Navas de Tolosa - Indústria,2736,17:23:41,23.68,4.333333333300001,260.0,
6411,5,H8,Anada,28,Navas de Tolosa - Indústria,2736,17:35:41,35.68,11.983333333366666,719.0,
6407,5,H8,Anada,28,Navas de Tolosa - Indústria,2736,17:52:43,52.72,17.03333333335,1022.0,
TEMP_BonPastor_2736,1,H8,Anada,28,Navas de Tolosa - Indústria,2736,17:54:05,54.08,1.1333333333333333,68.0,"1,2,3,4,5,6,7,8,9,10,11,12,13,14,15,16,17,18,19,20,21,22,23,24,25,26,27,29,30,31,32,33,34,35,36,37,38,39"
6415,5,H8,Anada,28,Navas de Tolosa - Indústria,2736,18:15:40,15.67,21.583333333366667,1295.0,1
6028,5,H8,Anada,28,Navas de Tolosa - Indústria,2736,18:17:42,17.7,2.033333333333333,122.0,
6802,5,H8,Anada,28,Navas de Tolosa - Indústria,2736,18:30:42,30.7,13.0,780.0,
6211,6,H8,Anada,28,Navas de Tolosa - Indústria,2736,18:41:17,41.28,10.583333333333334,635.0,
6217,4,H8,Anada,28,Navas de Tolosa - Indústria,2736,18:53:39,53.65,12.366666666666667,742.0,
6402,6,H8,Anada,28,Navas de Tolosa - Indústria,2736,19:10:45,10.75,16.4833333334,989.0,
6213,6,H8,Anada,28,Navas de Tolosa - Indústria,2736,19:16:03,16.05,5.299999999966667,318.0,
6034,5,H8,Anada,28,Navas de Tolosa - Indústria,2736,19:24:02,24.03,7.983333333366667,479.0,9
6406,6,H8,Anada,28,Navas de Tolosa - Indústria,2736,19:41:22,41.37,17.349999999933335,1041.0,
6215,6,H8,Anada,28,Navas de Tolosa - Indústria,2736,20:01:59,1.98,20.099999999983332,1206.0,
6409,8,H8,Anada,28,Navas de Tolosa - Indústria,2736,20:03:02,3.03,1.0333333333499999,62.0,"16,17"
6075,4,H8,Anada,28,Navas de Tolosa - Indústria,2736,20:10:58,10.97,7.933333333366666,476.0,36
6411,6,H8,Anada,28,Navas de Tolosa - Indústria,2736,20:19:56,19.93,8.966666666633333,538.0,"1,2,3,4,5,6,7"
6036,3,H8,Anada,28,Navas de Tolosa - Indústria,2736,20:28:48,28.8,8.8833333333,533.0,
6117,1,H8,Anada,28,Navas de Tolosa - Indústria,2736,20:43:12,43.2,14.4,864.0,
6415,6,H8,Anada,28,Navas de Tolosa - Indústria,2736,20:50:23,50.38,7.166666666699999,430.0,
6211,7,H8,Anada,28,Navas de Tolosa - Indústria,2736,21:13:42,13.7,23.316666666666666,1399.0,
6217,5,H8,Anada,28,Navas de Tolosa - Indústria,2736,21:22:38,22.63,8.933333333333334,536.0,
6402,7,H8,Anada,28,Navas de Tolosa - Indústria,2736,21:37:40,37.67,15.049999999966667,903.0,
6034,6,H8,Anada,28,Navas de Tolosa - Indústria,2736,21:54:19,54.32,16.6333333334,998.0,32
6408,7,H8,Anada,28,Navas de Tolosa - Indústria,2736,22:11:37,11.62,17.299999999966666,1038.0,"19,21,22,23"
6209,1,H8,Anada,29,Meridiana - Josep Estivill,705,03:47:11,47.18,,,"1,2,3,4,5,6,7,8,9,10,11,12,13,14,15,16,17,18,19,20"
6211,1,H8,Anada,29,Meridiana - Josep Estivill,705,04:03:22,3.37,16.199999999933333,972.0,"1,2,3,4,5,6,7,8,9,10"
6409,1,H8,Anada,29,Meridiana - Josep Estivill,705,04:17:29,17.48,14.100000000033333,846.0,"1,2,3,4,5,6,7,8,9,10,11,12,13,14,15,16,19,20,36,37,38,39"
6402,1,H8,Anada,29,Meridiana - Josep Estivill,705,04:20:52,20.87,3.3833333333666666,203.0,1
6213,1,H8,Anada,29,Meridiana - Josep Estivill,705,04:26:55,26.92,6.049999999966667,363.0,
6406,1,H8,Anada,29,Meridiana - Josep Estivill,705,04:41:53,41.88,14.966666666666667,898.0,
6110,1,H8,Anada,29,Meridiana - Josep Estivill,705,04:51:41,51.68,9.800000000033332,588.0,1
6408,1,H8,Anada,29,Meridiana - Josep Estivill,705,04:58:42,58.7,7.016666666666667,421.0,
6215,1,H8,Anada,29,Meridiana - Josep Estivill,705,05:10:00,10.0,11.299999999966667,678.0,
6409,2,H8,Anada,29,Meridiana - Josep Estivill,705,05:17:01,17.02,7.016666666666667,421.0,"9,17,18"
6217,1,H8,Anada,29,Meridiana - Josep Estivill,705,05:33:56,33.93,16.933333333300002,1016.0,1
6411,1,H8,Anada,29,Meridiana - Josep Estivill,705,05:39:15,39.25,5.300000000033333,318.0,
6407,1,H8,Anada,29,Meridiana - Josep Estivill,705,05:50:27,50.45,11.216666666633333,673.0,
6204,1,H8,Anada,29,Meridiana - Josep Estivill,705,05:54:28,54.47,4.016666666666667,241.0,
6100,1,H8,Anada,29,Meridiana - Josep Estivill,705,06:04:57,4.95,10.4666666667,628.0,
6415,1,H8,Anada,29,Meridiana - Josep Estivill,705,06:12:41,12.68,7.74999999995,465.0,
6028,1,H8,Anada,29,Meridiana - Josep Estivill,705,06:30:40,30.67,17.966666666716666,1078.0,
6802,1,H8,Anada,29,Meridiana - Josep Estivill,705,06:32:47,32.78,2.1166666667,127.0,
6209,2,H8,Anada,29,Meridiana - Josep Estivill,705,06:49:08,49.13,16.349999999966666,981.0,
6211,2,H8,Anada,29,Meridiana - Josep Estivill,705,06:56:28,56.47,7.349999999966667,441.0,
6401,1,H8,Anada,29,Meridiana - Josep Estivill,705,07:05:40,5.67,9.2,552.0,9
6402,2,H8,Anada,29,Meridiana - Josep Estivill,705,07:11:12,11.2,5.533333333333333,332.0,
6027,1,H8,Anada,29,Meridiana - Josep Estivill,705,07:20:13,20.22,9.016666666666667,541.0,
6213,2,H8,Anada,29,Meridiana - Josep Estivill,705,07:25:19,25.32,5.1,306.0,
6034,1,H8,Anada,29,Meridiana - Josep Estivill,705,07:36:17,36.28,10.950000000066666,657.0,36
6110,2,H8,Anada,29,Meridiana - Josep Estivill,705,07:54:53,54.88,18.599999999966666,1116.0,
6406,2,H8,Anada,29,Meridiana - Josep Estivill,705,07:58:47,58.78,3.9,234.0,33
6408,2,H8,Anada,29,Meridiana - Josep Estivill,705,08:03:54,3.9,5.116666666666666,307.0,9
6215,2,H8,Anada,29,Meridiana - Josep Estivill,705,08:15:04,15.07,11.1666666667,670.0,
6409,3,H8,Anada,29,Meridiana - Josep Estivill,705,08:22:33,22.55,7.4833333333,449.0,
6217,2,H8,Anada,29,Meridiana - Josep Estivill,705,08:33:24,33.4,10.85,651.0,
6411,2,H8,Anada,29,Meridiana - Josep Estivill,705,08:42:22,42.37,8.983333333283333,539.0,
6407,2,H8,Anada,29,Meridiana - Josep Estivill,705,08:51:49,51.82,9.433333333416666,566.0,
6204,2,H8,Anada,29,Meridiana - Josep Estivill,705,09:03:44,3.73,11.916666666633335,715.0,
6415,2,H8,Anada,29,Meridiana - Josep Estivill,705,09:14:05,14.08,9.683333333333334,581.0,
6028,2,H8,Anada,29,Meridiana - Josep Estivill,705,09:39:26,39.43,25.35,1521.0,
6209,3,H8,Anada,29,Meridiana - Josep Estivill,705,09:55:59,55.98,16.399999999933335,984.0,
6211,3,H8,Anada,29,Meridiana - Josep Estivill,705,10:00:03,0.05,4.050000000033333,243.0,
6402,3,H8,Anada,29,Meridiana - Josep Estivill,705,10:16:10,16.17,16.1166666667,967.0,1
6027,2,H8,Anada,29,Meridiana - Josep Estivill,705,10:23:32,23.53,7.366666666666666,442.0,1
6213,3,H8,Anada,29,Meridiana - Josep Estivill,705,10:35:32,35.53,12.0166666666,721.0,
6034,2,H8,Anada,29,Meridiana - Josep Estivill,705,10:41:29,41.48,5.933333333366666,356.0,
6406,3,H8,Anada,29,Meridiana - Josep Estivill,705,10:54:33,54.55,13.066666666666666,784.0,
6408,3,H8,Anada,29,Meridiana - Josep Estivill,705,11:02:22,2.37,7.833333333300001,470.0,
6215,3,H8,Anada,29,Meridiana - Josep Estivill,705,11:12:54,12.9,10.516666666699999,631.0,9
6409,4,H8,Anada,29,Meridiana - Josep Estivill,705,11:26:35,26.58,13.683333333366667,821.0,
6411,3,H8,Anada,29,Meridiana - Josep Estivill,705,11:42:24,42.4,15.833333333266667,950.0,1
6407,3,H8,Anada,29,Meridiana - Josep Estivill,705,11:53:30,53.5,11.083333333366665,665.0,
6204,3,H8,Anada,29,Meridiana - Josep Estivill,705,12:07:21,7.35,13.850000000033333,831.0,"1,2,3,4,5,6,7,8,9,10,11,12,13,14,15,16,17,18,30,31,32,33,34,35,36,37,38,39"
6415,3,H8,Anada,29,Meridiana - Josep Estivill,705,12:20:46,20.77,13.25,795.0,
6028,3,H8,Anada,29,Meridiana - Josep Estivill,705,12:27:16,27.27,6.499999999966667,390.0,
6802,3,H8,Anada,29,Meridiana - Josep Estivill,705,12:33:59,33.98,6.7333333333,404.0,
6209,4,H8,Anada,29,Meridiana - Josep Estivill,705,12:55:57,55.95,21.95000000005,1317.0,
6211,4,H8,Anada,29,Meridiana - Josep Estivill,705,12:57:41,57.68,1.74999999995,105.0,
6800,1,H8,Anada,29,Meridiana - Josep Estivill,705,13:01:06,1.1,3.4000000000333332,204.0,
6213,4,H8,Anada,29,Meridiana - Josep Estivill,705,13:10:29,10.48,9.399999999966667,564.0,"11,12,14,26"
6402,4,H8,Anada,29,Meridiana - Josep Estivill,705,13:21:30,21.5,11.000000000066667,660.0,
6027,3,H8,Anada,29,Meridiana - Josep Estivill,705,13:23:01,23.02,1.5166666666666666,91.0,
6034,3,H8,Anada,29,Meridiana - Josep Estivill,705,13:36:42,36.7,13.683333333316666,821.0,"26,31"
6406,4,H8,Anada,29,Meridiana - Josep Estivill,705,13:46:40,46.67,9.983333333283333,599.0,
6408,4,H8,Anada,29,Meridiana - Josep Estivill,705,14:03:24,3.4,16.7166666667,1003.0,
6215,4,H8,Anada,29,Meridiana - Josep Estivill,705,14:12:52,12.87,9.483333333300001,569.0,
6409,5,H8,Anada,29,Meridiana - Josep Estivill,705,14:27:36,27.6,14.7166666667,883.0,19
6075,2,H8,Anada,29,Meridiana - Josep Estivill,705,14:29:17,29.28,1.6833333333333333,101.0,"13,14"
6411,4,H8,Anada,29,Meridiana - Josep Estivill,705,14:40:37,40.62,11.349999999966666,681.0,
6407,4,H8,Anada,29,Meridiana - Josep Estivill,705,15:03:53,3.88,23.266666666666666,1396.0,"36,37,38"
6100,4,H8,Anada,29,Meridiana - Josep Estivill,705,15:11:49,11.82,7.4666666667333335,448.0,
6415,4,H8,Anada,29,Meridiana - Josep Estivill,705,15:17:30,17.5,5.6999999999333335,342.0,
6028,4,H8,Anada,29,Meridiana - Josep Estivill,705,15:33:35,33.58,16.066666666699998,964.0,
6802,4,H8,Anada,29,Meridiana - Josep Estivill,705,15:37:37,37.62,4.0333333333666666,242.0,
6201,1,H8,Anada,29,Meridiana - Josep Estivill,705,15:50:09,50.15,12.549999999933334,753.0,"1,2,3,4,5,6,7,8,9,10,11"
6211,5,H8,Anada,29,Meridiana - Josep Estivill,705,15:51:40,51.67,1.5166666666666666,91.0,
6217,3,H8,Anada,29,Meridiana - Josep Estivill,705,16:06:35,6.58,14.916666666666666,895.0,"1,2,3,4,5,6,7,8,19"
6800,2,H8,Anada,29,Meridiana - Josep Estivill,705,16:08:30,8.5,1.9000000000333332,114.0,
6402,5,H8,Anada,29,Meridiana - Josep Estivill,705,16:26:57,26.95,18.450000000033334,1107.0,
6027,4,H8,Anada,29,Meridiana - Josep Estivill,705,16:28:18,28.3,1.3666666666,82.0,1
6213,5,H8,Anada,29,Meridiana - Josep Estivill,705,16:34:48,34.8,6.483333333366667,389.0,1
6034,4,H8,Anada,29,Meridiana - Josep Estivill,705,16:45:41,45.68,10.883333333366666,653.0,
6406,5,H8,Anada,29,Meridiana - Josep Estivill,705,16:48:26,48.43,2.7499999999666667,165.0,
6408,5,H8,Anada,29,Meridiana - Josep Estivill,705,16:55:54,55.9,7.4833333333,449.0,
6075,3,H8,Anada,29,Meridiana - Josep Estivill,705,17:27:44,27.73,4.0666666667,244.0,
6411,5,H8,Anada,29,Meridiana - Josep Estivill,705,17:38:15,38.25,10.533333333266667,632.0,
6407,5,H8,Anada,29,Meridiana - Josep Estivill,705,17:56:28,56.47,18.216666666666665,1093.0,
6415,5,H8,Anada,29,Meridiana - Josep Estivill,705,18:19:13,19.22,22.449999999966668,1347.0,1
6028,5,H8,Anada,29,Meridiana - Josep Estivill,705,18:20:24,20.4,1.1833333333333333,71.0,
6802,5,H8,Anada,29,Meridiana - Josep Estivill,705,18:34:54,34.9,14.5,870.0,
6211,6,H8,Anada,29,Meridiana - Josep Estivill,705,18:44:43,44.72,9.816666666666666,589.0,
6217,4,H8,Anada,29,Meridiana - Josep Estivill,705,18:57:09,57.15,12.433333333366667,746.0,
6402,6,H8,Anada,29,Meridiana - Josep Estivill,705,19:13:54,13.9,16.666666666666668,1000.0,
6213,6,H8,Anada,29,Meridiana - Josep Estivill,705,19:19:06,19.1,5.2166666666333334,313.0,
6034,5,H8,Anada,29,Meridiana - Josep Estivill,705,19:28:10,28.17,9.050000000066666,543.0,9
6406,6,H8,Anada,29,Meridiana - Josep Estivill,705,19:44:34,44.57,16.399999999966667,984.0,
6215,6,H8,Anada,29,Meridiana - Josep Estivill,705,20:04:59,4.98,20.099999999933335,1206.0,
6409,8,H8,Anada,29,Meridiana - Josep Estivill,705,20:06:31,6.52,1.5166666667333333,91.0,"16,17"
6075,4,H8,Anada,29,Meridiana - Josep Estivill,705,20:13:25,13.42,6.916666666599999,415.0,36
6411,6,H8,Anada,29,Meridiana - Josep Estivill,705,20:22:55,22.92,9.5,570.0,"1,2,3,4,5,6,7"
6036,3,H8,Anada,29,Meridiana - Josep Estivill,705,20:32:23,32.38,9.450000000033333,567.0,
6117,1,H8,Anada,29,Meridiana - Josep Estivill,705,20:46:51,46.85,14.466666666666667,868.0,
6415,6,H8,Anada,29,Meridiana - Josep Estivill,705,20:54:08,54.13,7.283333333333333,437.0,
6211,7,H8,Anada,29,Meridiana - Josep Estivill,705,21:16:12,16.2,22.0833333333,1325.0,
6217,5,H8,Anada,29,Meridiana - Josep Estivill,705,21:25:30,25.5,9.283333333366667,557.0,
6402,7,H8,Anada,29,Meridiana - Josep Estivill,705,21:40:08,40.13,14.633333333366666,878.0,
6034,6,H8,Anada,29,Meridiana - Josep Estivill,705,21:56:44,56.73,16.6,996.0,32
6408,7,H8,Anada,29,Meridiana - Josep Estivill,705,22:14:52,14.87,18.133333333333333,1088.0,"19,21,22,23"
6209,1,H8,Anada,30,"Meridiana, 298",9979,03:49:22,49.37,,,"1,2,3,4,5,6,7,8,9,10,11,12,13,14,15,16,17,18,19,20"
6211,1,H8,Anada,30,"Meridiana, 298",9979,04:05:44,5.73,16.366666666666667,982.0,"1,2,3,4,5,6,7,8,9,10"
6409,1,H8,Anada,30,"Meridiana, 298",9979,04:19:48,19.8,14.050000000066666,843.0,"1,2,3,4,5,6,7,8,9,10,11,12,13,14,15,16,19,20,36,37,38,39"
6402,1,H8,Anada,30,"Meridiana, 298",9979,04:23:03,23.05,3.2666666666000004,196.0,1
6213,1,H8,Anada,30,"Meridiana, 298",9979,04:28:44,28.73,5.666666666699999,340.0,
6406,1,H8,Anada,30,"Meridiana, 298",9979,04:44:55,44.92,16.183333333333334,971.0,
6110,1,H8,Anada,30,"Meridiana, 298",9979,04:54:03,54.05,9.133333333333333,548.0,1
6408,1,H8,Anada,30,"Meridiana, 298",9979,05:01:05,1.08,7.0333333333666666,422.0,
6215,1,H8,Anada,30,"Meridiana, 298",9979,05:12:23,12.38,11.316666666600002,679.0,
6409,2,H8,Anada,30,"Meridiana, 298",9979,05:19:27,19.45,7.050000000033333,423.0,"9,17,18"
6217,1,H8,Anada,30,"Meridiana, 298",9979,05:36:11,36.18,16.74999999996667,1005.0,1
6411,1,H8,Anada,30,"Meridiana, 298",9979,05:41:44,41.73,5.5333333334,332.0,
6407,1,H8,Anada,30,"Meridiana, 298",9979,05:52:52,52.87,11.133333333333333,668.0,
6204,1,H8,Anada,30,"Meridiana, 298",9979,05:56:38,56.63,3.783333333266667,227.0,
6100,1,H8,Anada,30,"Meridiana, 298",9979,06:07:21,7.35,10.700000000066666,642.0,
6415,1,H8,Anada,30,"Meridiana, 298",9979,06:15:39,15.65,8.3,498.0,
6028,1,H8,Anada,30,"Meridiana, 298",9979,06:33:23,33.38,17.733333333333334,1064.0,
6802,1,H8,Anada,30,"Meridiana, 298",9979,06:35:12,35.2,1.8166666666666667,109.0,
6209,2,H8,Anada,30,"Meridiana, 298",9979,06:51:31,51.52,16.33333333326667,980.0,
6211,2,H8,Anada,30,"Meridiana, 298",9979,06:58:55,58.92,7.383333333366666,443.0,
6401,1,H8,Anada,30,"Meridiana, 298",9979,07:07:40,7.67,8.750000000033333,525.0,9
6402,2,H8,Anada,30,"Meridiana, 298",9979,07:13:29,13.48,5.833333333266666,350.0,
6027,1,H8,Anada,30,"Meridiana, 298",9979,07:22:12,22.2,8.700000000033333,522.0,
6213,2,H8,Anada,30,"Meridiana, 298",9979,07:28:18,28.3,6.100000000033333,366.0,
6034,1,H8,Anada,30,"Meridiana, 298",9979,07:39:38,39.63,11.3333333333,680.0,36
6110,2,H8,Anada,30,"Meridiana, 298",9979,07:57:53,57.88,18.25,1095.0,
6406,2,H8,Anada,30,"Meridiana, 298",9979,08:00:18,0.3,2.4333333333,146.0,33
6408,2,H8,Anada,30,"Meridiana, 298",9979,08:06:35,6.58,6.266666666733333,376.0,9
6215,2,H8,Anada,30,"Meridiana, 298",9979,08:17:36,17.6,11.033333333266667,662.0,
6409,3,H8,Anada,30,"Meridiana, 298",9979,08:25:38,25.63,8.016666666733334,481.0,
6217,2,H8,Anada,30,"Meridiana, 298",9979,08:35:57,35.95,10.316666666633333,619.0,
6411,2,H8,Anada,30,"Meridiana, 298",9979,08:45:10,45.17,9.216666666666667,553.0,
6407,2,H8,Anada,30,"Meridiana, 298",9979,08:54:22,54.37,9.216666666633333,553.0,
6100,2,H8,Anada,30,"Meridiana, 298",9979,09:06:43,6.72,12.35,741.0,"1,2,3"
6415,2,H8,Anada,30,"Meridiana, 298",9979,09:16:14,16.23,9.333333333366665,560.0,
6209,3,H8,Anada,30,"Meridiana, 298",9979,09:58:59,58.98,16.2833333333,977.0,
6211,3,H8,Anada,30,"Meridiana, 298",9979,10:02:30,2.5,3.5166666666666666,211.0,
6402,3,H8,Anada,30,"Meridiana, 298",9979,10:20:31,20.52,18.0333333333,1082.0,1
6027,2,H8,Anada,30,"Meridiana, 298",9979,10:25:53,25.88,5.350000000033333,321.0,1
6213,3,H8,Anada,30,"Meridiana, 298",9979,10:36:57,36.95,11.066666666666666,664.0,
6034,2,H8,Anada,30,"Meridiana, 298",9979,10:45:18,45.3,8.366666666633334,502.0,
6406,3,H8,Anada,30,"Meridiana, 298",9979,10:57:22,57.37,12.050000000033332,723.0,
6408,3,H8,Anada,30,"Meridiana, 298",9979,11:06:19,6.32,8.966666666633333,538.0,
6215,3,H8,Anada,30,"Meridiana, 298",9979,11:15:11,15.18,8.866666666666667,532.0,9
6409,4,H8,Anada,30,"Meridiana, 298",9979,11:29:55,29.92,14.733333333333333,884.0,
6411,3,H8,Anada,30,"Meridiana, 298",9979,11:44:56,44.93,15.000000000033333,900.0,1
6407,3,H8,Anada,30,"Meridiana, 298",9979,11:55:48,55.8,10.8833333333,653.0,
6100,3,H8,Anada,30,"Meridiana, 298",9979,12:10:03,10.05,14.233333333366666,854.0,
6415,3,H8,Anada,30,"Meridiana, 298",9979,12:23:47,23.78,13.749999999966667,825.0,
6028,3,H8,Anada,30,"Meridiana, 298",9979,12:30:00,30.0,6.200000000066667,372.0,
6802,3,H8,Anada,30,"Meridiana, 298",9979,12:36:21,36.35,6.35,381.0,
6209,4,H8,Anada,30,"Meridiana, 298",9979,12:58:31,58.52,22.183333333266667,1331.0,
6211,4,H8,Anada,30,"Meridiana, 298",9979,13:00:07,0.12,1.5833333334,95.0,
6800,1,H8,Anada,30,"Meridiana, 298",9979,13:03:58,3.97,3.8499999999833334,231.0,
6213,4,H8,Anada,30,"Meridiana, 298",9979,13:13:07,13.12,9.150000000016666,549.0,"11,12,14,26"
6402,4,H8,Anada,30,"Meridiana, 298",9979,13:24:47,24.78,11.666666666633335,700.0,
6034,3,H8,Anada,30,"Meridiana, 298",9979,13:40:37,40.62,14.949999999966668,897.0,"26,31"
6406,4,H8,Anada,30,"Meridiana, 298",9979,13:49:27,49.45,8.8166666667,529.0,
6408,4,H8,Anada,30,"Meridiana, 298",9979,14:05:38,5.63,16.183333333333334,971.0,
6215,4,H8,Anada,30,"Meridiana, 298",9979,14:15:04,15.07,9.449999999966668,567.0,
6409,5,H8,Anada,30,"Meridiana, 298",9979,14:29:50,29.83,14.766666666666667,886.0,19
6075,2,H8,Anada,30,"Meridiana, 298",9979,14:31:42,31.7,1.8666666666666667,112.0,"13,14"
6411,4,H8,Anada,30,"Meridiana, 298",9979,14:43:46,43.77,12.050000000066666,723.0,
6407,4,H8,Anada,30,"Meridiana, 298",9979,15:06:45,6.75,22.999999999933333,1380.0,"36,37,38"
6100,4,H8,Anada,30,"Meridiana, 298",9979,15:14:48,14.8,7.16666666665,430.0,
6415,4,H8,Anada,30,"Meridiana, 298",9979,15:20:42,20.7,5.883333333366666,353.0,
6028,4,H8,Anada,30,"Meridiana, 298",9979,15:36:24,36.4,15.700000000033333,942.0,
6802,4,H8,Anada,30,"Meridiana, 298",9979,15:40:42,40.7,4.3166666666,259.0,
6201,1,H8,Anada,30,"Meridiana, 298",9979,15:52:40,52.67,11.966666666666667,718.0,"1,2,3,4,5,6,7,8,9,10,11"
6211,5,H8,Anada,30,"Meridiana, 298",9979,15:54:22,54.37,1.7,102.0,
6217,3,H8,Anada,30,"Meridiana, 298",9979,16:08:34,8.57,14.183333333366667,851.0,"1,2,3,4,5,6,7,8,19"
6800,2,H8,Anada,30,"Meridiana, 298",9979,16:10:37,10.62,2.050000000033333,123.0,
6402,5,H8,Anada,30,"Meridiana, 298",9979,16:31:36,31.6,20.999999999933333,1260.0,
6213,5,H8,Anada,30,"Meridiana, 298",9979,16:37:03,37.05,5.283333333300001,317.0,1
6034,4,H8,Anada,30,"Meridiana, 298",9979,16:46:45,46.75,9.683333333399998,581.0,
6406,5,H8,Anada,30,"Meridiana, 298",9979,16:50:39,50.65,3.8999999999666666,234.0,
6408,5,H8,Anada,30,"Meridiana, 298",9979,16:58:20,58.33,7.683333333333334,461.0,
6075,3,H8,Anada,30,"Meridiana, 298",9979,17:30:44,30.73,4.733333333333333,284.0,
6411,5,H8,Anada,30,"Meridiana, 298",9979,17:40:14,40.23,9.516666666633334,571.0,
6409,6,H8,Anada,30,"Meridiana, 298",9979,17:51:29,51.48,11.2333333334,674.0,"24,25,26,28,29"
6036,2,H8,Anada,30,"Meridiana, 298",9979,18:00:56,0.93,9.449999999966668,567.0,"11,13,14,15,16"
6415,5,H8,Anada,30,"Meridiana, 298",9979,18:21:07,21.12,20.166666666666668,1210.0,1
6028,5,H8,Anada,30,"Meridiana, 298",9979,18:22:36,22.6,1.4999999999333333,90.0,
6802,5,H8,Anada,30,"Meridiana, 298",9979,18:38:03,38.05,15.433333333399998,926.0,
6211,6,H8,Anada,30,"Meridiana, 298",9979,18:47:42,47.7,9.649999999966667,579.0,
6217,4,H8,Anada,30,"Meridiana, 298",9979,19:00:04,0.07,12.366666666666667,742.0,
6402,6,H8,Anada,30,"Meridiana, 298",9979,19:17:43,17.72,17.083333333333332,1025.0,
6213,6,H8,Anada,30,"Meridiana, 298",9979,19:22:00,22.0,4.266666666733333,256.0,
6034,5,H8,Anada,30,"Meridiana, 298",9979,19:30:53,30.88,8.899999999933334,534.0,9
6406,6,H8,Anada,30,"Meridiana, 298",9979,19:46:59,46.98,16.100000000016667,966.0,
6215,6,H8,Anada,30,"Meridiana, 298",9979,20:07:36,7.6,20.133333333333333,1208.0,
6409,8,H8,Anada,30,"Meridiana, 298",9979,20:08:47,8.78,1.1666666666999999,70.0,"16,17"
6075,4,H8,Anada,30,"Meridiana, 298",9979,20:16:20,16.33,7.550000000033333,453.0,36
6411,6,H8,Anada,30,"Meridiana, 298",9979,20:25:47,25.78,9.45,567.0,"1,2,3,4,5,6,7"
6036,3,H8,Anada,30,"Meridiana, 298",9979,20:34:33,34.55,8.766666666666667,526.0,
6117,1,H8,Anada,30,"Meridiana, 298",9979,20:48:48,48.8,14.249999999966667,855.0,
6415,6,H8,Anada,30,"Meridiana, 298",9979,20:56:20,56.33,7.549999999966667,453.0,
6211,7,H8,Anada,30,"Meridiana, 298",9979,21:18:57,18.95,22.616666666666667,1357.0,
6217,5,H8,Anada,30,"Meridiana, 298",9979,21:27:18,27.3,8.35,501.0,
6402,7,H8,Anada,30,"Meridiana, 298",9979,21:43:46,43.77,16.450000000033334,987.0,
6034,6,H8,Anada,30,"Meridiana, 298",9979,21:59:54,59.9,16.149999999966667,969.0,32
6408,7,H8,Anada,30,"Meridiana, 298",9979,22:16:31,16.52,16.600000000033333,996.0,"19,21,22,23"
6209,1,H8,Anada,31,Garcilaso - La Sagrera,2492,03:51:30,51.5,,,"1,2,3,4,5,6,7,8,9,10,11,12,13,14,15,16,17,18,19,20"
6211,1,H8,Anada,31,Garcilaso - La Sagrera,2492,04:07:03,7.05,15.566666666600002,934.0,"1,2,3,4,5,6,7,8,9,10"
6409,1,H8,Anada,31,Garcilaso - La Sagrera,2492,04:21:06,21.1,14.05,843.0,"1,2,3,4,5,6,7,8,9,10,11,12,13,14,15,16,19,20,36,37,38,39"
6402,1,H8,Anada,31,Garcilaso - La Sagrera,2492,04:24:14,24.23,3.1166666667,187.0,1
6213,1,H8,Anada,31,Garcilaso - La Sagrera,2492,04:29:48,29.8,5.5666666667,334.0,
6406,1,H8,Anada,31,Garcilaso - La Sagrera,2492,04:45:55,45.92,16.133333333266666,968.0,
6110,1,H8,Anada,31,Garcilaso - La Sagrera,2492,04:54:27,54.45,8.516666666699999,511.0,1
6408,1,H8,Anada,31,Garcilaso - La Sagrera,2492,05:02:06,2.1,7.650000000033333,459.0,
6215,1,H8,Anada,31,Garcilaso - La Sagrera,2492,05:13:08,13.13,11.0333333333,662.0,
6409,2,H8,Anada,31,Garcilaso - La Sagrera,2492,05:20:48,20.8,7.6833333333,461.0,"9,17,18"
6217,1,H8,Anada,31,Garcilaso - La Sagrera,2492,05:36:42,36.7,15.883333333366666,953.0,1
6411,1,H8,Anada,31,Garcilaso - La Sagrera,2492,05:42:24,42.4,5.7166666666333334,343.0,
6407,1,H8,Anada,31,Garcilaso - La Sagrera,2492,05:53:49,53.82,11.416666666666666,685.0,
6204,1,H8,Anada,31,Garcilaso - La Sagrera,2492,05:57:14,57.23,3.4000000000666666,204.0,
6100,1,H8,Anada,31,Garcilaso - La Sagrera,2492,06:08:01,8.02,10.783333333333333,647.0,
6415,1,H8,Anada,31,Garcilaso - La Sagrera,2492,06:17:18,17.3,9.299999999933334,558.0,
6028,1,H8,Anada,31,Garcilaso - La Sagrera,2492,06:34:18,34.3,16.983333333366666,1019.0,
6802,1,H8,Anada,31,Garcilaso - La Sagrera,2492,06:36:20,36.33,2.033333333333333,122.0,
6209,2,H8,Anada,31,Garcilaso - La Sagrera,2492,06:52:29,52.48,16.150000000033334,969.0,
6211,2,H8,Anada,31,Garcilaso - La Sagrera,2492,07:00:16,0.27,7.783333333333333,467.0,
6401,1,H8,Anada,31,Garcilaso - La Sagrera,2492,07:08:35,8.58,8.333333333266667,500.0,9
6402,2,H8,Anada,31,Garcilaso - La Sagrera,2492,07:14:40,14.67,6.0666666667,364.0,
6027,1,H8,Anada,31,Garcilaso - La Sagrera,2492,07:23:12,23.2,8.533333333333333,512.0,
6213,2,H8,Anada,31,Garcilaso - La Sagrera,2492,07:29:06,29.1,5.900000000033333,354.0,
6034,1,H8,Anada,31,Garcilaso - La Sagrera,2492,07:41:31,41.52,12.416666666666666,745.0,36
6110,2,H8,Anada,31,Garcilaso - La Sagrera,2492,07:58:18,58.3,16.799999999933334,1008.0,
6406,2,H8,Anada,31,Garcilaso - La Sagrera,2492,08:01:19,1.32,3.0000000000666662,180.0,33
6408,2,H8,Anada,31,Garcilaso - La Sagrera,2492,08:08:04,8.07,6.75,405.0,9
6215,2,H8,Anada,31,Garcilaso - La Sagrera,2492,08:19:44,19.73,11.683333333250001,701.0,
6409,3,H8,Anada,31,Garcilaso - La Sagrera,2492,08:26:14,26.23,6.500000000016667,390.0,
6217,2,H8,Anada,31,Garcilaso - La Sagrera,2492,08:36:49,36.82,10.583333333333334,635.0,
6411,2,H8,Anada,31,Garcilaso - La Sagrera,2492,08:46:16,46.27,9.433333333399998,566.0,
6407,2,H8,Anada,31,Garcilaso - La Sagrera,2492,08:55:10,55.17,8.9,534.0,
6100,2,H8,Anada,31,Garcilaso - La Sagrera,2492,09:07:59,7.98,12.816666666666666,769.0,"1,2,3"
6415,2,H8,Anada,31,Garcilaso - La Sagrera,2492,09:17:33,17.55,9.449999999933334,567.0,
6802,2,H8,Anada,31,Garcilaso - La Sagrera,2492,09:44:23,44.38,1.1333333333333333,68.0,
6209,3,H8,Anada,31,Garcilaso - La Sagrera,2492,09:59:19,59.32,14.933333333333334,896.0,
6211,3,H8,Anada,31,Garcilaso - La Sagrera,2492,10:04:32,4.53,5.200000000033333,312.0,
6402,3,H8,Anada,31,Garcilaso - La Sagrera,2492,10:23:28,23.47,18.933333333333334,1136.0,1
6027,2,H8,Anada,31,Garcilaso - La Sagrera,2492,10:27:38,27.63,4.1666666667,250.0,1
6213,3,H8,Anada,31,Garcilaso - La Sagrera,2492,10:39:55,39.92,12.2833333333,737.0,
6034,2,H8,Anada,31,Garcilaso - La Sagrera,2492,10:46:30,46.5,6.583333333333333,395.0,
6406,3,H8,Anada,31,Garcilaso - La Sagrera,2492,10:58:27,58.45,11.950000000033333,717.0,
6408,3,H8,Anada,31,Garcilaso - La Sagrera,2492,11:07:36,7.6,9.166666666616667,550.0,
6215,3,H8,Anada,31,Garcilaso - La Sagrera,2492,11:18:39,18.65,11.033333333383332,662.0,9
6409,4,H8,Anada,31,Garcilaso - La Sagrera,2492,11:31:19,31.32,12.666666666633335,760.0,
6411,3,H8,Anada,31,Garcilaso - La Sagrera,2492,11:46:33,46.55,15.249999999966667,915.0,1
6407,3,H8,Anada,31,Garcilaso - La Sagrera,2492,11:57:06,57.1,10.55,633.0,
6100,3,H8,Anada,31,Garcilaso - La Sagrera,2492,12:11:22,11.37,14.250000000066667,855.0,
6415,3,H8,Anada,31,Garcilaso - La Sagrera,2492,12:24:59,24.98,13.616666666666667,817.0,
6075,1,H8,Anada,31,Garcilaso - La Sagrera,2492,12:28:29,28.48,3.5166666666000004,211.0,"1,2,3,4,5,6,7,8,9,10,11,12,13,14,15,16,17,18,19,20,21,22,23,24,25,26,27,28,29,30"
6028,3,H8,Anada,31,Garcilaso - La Sagrera,2492,12:31:20,31.33,2.85,171.0,
6802,3,H8,Anada,31,Garcilaso - La Sagrera,2492,12:37:42,37.7,6.350000000066667,381.0,
6209,4,H8,Anada,31,Garcilaso - La Sagrera,2492,13:00:01,0.02,22.316666666666666,1339.0,
6211,4,H8,Anada,31,Garcilaso - La Sagrera,2492,13:01:13,1.22,1.2166666666,73.0,
6800,1,H8,Anada,31,Garcilaso - La Sagrera,2492,13:05:18,5.3,4.0666666667,244.0,
6213,4,H8,Anada,31,Garcilaso - La Sagrera,2492,13:16:33,16.55,11.266666666633334,676.0,"11,12,14,26"
6402,4,H8,Anada,31,Garcilaso - La Sagrera,2492,13:26:15,26.25,9.683333333399998,581.0,
6406,4,H8,Anada,31,Garcilaso - La Sagrera,2492,13:50:24,50.4,23.783333333333335,1427.0,
6408,4,H8,Anada,31,Garcilaso - La Sagrera,2492,14:07:35,7.58,17.183333333300002,1031.0,
6215,4,H8,Anada,31,Garcilaso - La Sagrera,2492,14:16:47,16.78,9.200000000033333,552.0,
6409,5,H8,Anada,31,Garcilaso - La Sagrera,2492,14:31:08,31.13,14.3666666666,862.0,19
6075,2,H8,Anada,31,Garcilaso - La Sagrera,2492,14:33:38,33.63,2.5,150.0,"13,14"
6411,4,H8,Anada,31,Garcilaso - La Sagrera,2492,14:45:41,45.68,12.05,723.0,
6407,4,H8,Anada,31,Garcilaso - La Sagrera,2492,15:09:11,9.18,23.483333333366666,1409.0,"36,37,38"
6100,4,H8,Anada,31,Garcilaso - La Sagrera,2492,15:17:14,17.23,7.833333333333333,470.0,
6415,4,H8,Anada,31,Garcilaso - La Sagrera,2492,15:24:03,24.05,6.816666666666666,409.0,
6028,4,H8,Anada,31,Garcilaso - La Sagrera,2492,15:38:51,38.85,14.816666666633333,889.0,
6802,4,H8,Anada,31,Garcilaso - La Sagrera,2492,15:44:37,44.62,5.750000000066667,345.0,
6201,1,H8,Anada,31,Garcilaso - La Sagrera,2492,15:53:47,53.78,9.166666666633335,550.0,"1,2,3,4,5,6,7,8,9,10,11"
6211,5,H8,Anada,31,Garcilaso - La Sagrera,2492,15:56:37,56.62,2.8333333333333335,170.0,
6217,3,H8,Anada,31,Garcilaso - La Sagrera,2492,16:11:00,11.0,14.383333333333333,863.0,"1,2,3,4,5,6,7,8,19"
6800,2,H8,Anada,31,Garcilaso - La Sagrera,2492,16:13:04,13.07,2.066666666666667,124.0,
6402,5,H8,Anada,31,Garcilaso - La Sagrera,2492,16:32:46,32.77,19.716666666633333,1183.0,
6027,4,H8,Anada,31,Garcilaso - La Sagrera,2492,16:33:55,33.92,1.1333333334,68.0,1
6213,5,H8,Anada,31,Garcilaso - La Sagrera,2492,16:37:30,37.5,3.5833333333333335,215.0,1
6034,4,H8,Anada,31,Garcilaso - La Sagrera,2492,16:48:17,48.28,10.7833333333,647.0,
6406,5,H8,Anada,31,Garcilaso - La Sagrera,2492,16:51:50,51.83,3.5500000000333336,213.0,
6408,5,H8,Anada,31,Garcilaso - La Sagrera,2492,16:59:36,59.6,7.766666666633333,466.0,
6075,3,H8,Anada,31,Garcilaso - La Sagrera,2492,17:31:45,31.75,4.7833333333666666,287.0,
6411,5,H8,Anada,31,Garcilaso - La Sagrera,2492,17:40:54,40.9,9.166666666583334,550.0,
6409,6,H8,Anada,31,Garcilaso - La Sagrera,2492,17:52:41,52.68,11.783333333349999,707.0,"24,25,26,28,29"
6407,5,H8,Anada,31,Garcilaso - La Sagrera,2492,18:01:29,1.48,8.783333333366667,527.0,
6415,5,H8,Anada,31,Garcilaso - La Sagrera,2492,18:22:19,22.32,20.383333333366668,1223.0,1
6028,5,H8,Anada,31,Garcilaso - La Sagrera,2492,18:23:38,23.63,1.3166666666333335,79.0,
6802,5,H8,Anada,31,Garcilaso - La Sagrera,2492,18:40:04,40.07,16.433333333333334,986.0,
6211,6,H8,Anada,31,Garcilaso - La Sagrera,2492,18:49:16,49.27,9.216666666633333,553.0,
6217,4,H8,Anada,31,Garcilaso - La Sagrera,2492,19:01:19,1.32,12.05,723.0,
6402,6,H8,Anada,31,Garcilaso - La Sagrera,2492,19:18:24,18.4,16.566666666633335,994.0,
6213,6,H8,Anada,31,Garcilaso - La Sagrera,2492,19:22:18,22.3,3.9000000000333332,234.0,
6034,5,H8,Anada,31,Garcilaso - La Sagrera,2492,19:32:48,32.8,10.499999999966667,630.0,9
6406,6,H8,Anada,31,Garcilaso - La Sagrera,2492,19:47:48,47.8,15.016666666633334,901.0,
6408,6,H8,Anada,31,Garcilaso - La Sagrera,2492,19:48:56,48.93,1.1166666667333334,67.0,
6215,6,H8,Anada,31,Garcilaso - La Sagrera,2492,20:08:52,8.87,19.933333333333334,1196.0,
6409,8,H8,Anada,31,Garcilaso - La Sagrera,2492,20:10:00,10.0,1.1499999999333332,69.0,"16,17"
6075,4,H8,Anada,31,Garcilaso - La Sagrera,2492,20:16:56,16.93,6.916666666699999,415.0,36
6411,6,H8,Anada,31,Garcilaso - La Sagrera,2492,20:26:43,26.72,9.799999999966667,588.0,"1,2,3,4,5,6,7"
6036,3,H8,Anada,31,Garcilaso - La Sagrera,2492,20:35:40,35.67,8.933333333366667,536.0,
6117,1,H8,Anada,31,Garcilaso - La Sagrera,2492,20:50:02,50.03,14.366666666666667,862.0,
6415,6,H8,Anada,31,Garcilaso - La Sagrera,2492,20:57:19,57.32,7.299999999966667,438.0,
6211,7,H8,Anada,31,Garcilaso - La Sagrera,2492,21:19:38,19.63,22.300000000033332,1338.0,
6217,5,H8,Anada,31,Garcilaso - La Sagrera,2492,21:28:55,28.92,9.283333333366667,557.0,
6402,7,H8,Anada,31,Garcilaso - La Sagrera,2492,21:45:01,45.02,16.1,966.0,
6034,6,H8,Anada,31,Garcilaso - La Sagrera,2492,21:59:56,59.93,14.916666666633335,895.0,32
6408,7,H8,Anada,31,Garcilaso - La Sagrera,2492,22:17:39,17.65,17.7333333333,1064.0,"19,21,22,23"
6209,1,H8,Anada,32,Berenguer de Palou - Pont del Treball Digne,946,03:53:23,53.38,,,"1,2,3,4,5,6,7,8,9,10,11,12,13,14,15,16,17,18,19,20"
6211,1,H8,Anada,32,Berenguer de Palou - Pont del Treball Digne,946,04:08:33,8.55,15.16666666665,910.0,"1,2,3,4,5,6,7,8,9,10"
6409,1,H8,Anada,32,Berenguer de Palou - Pont del Treball Digne,946,04:22:57,22.95,14.383333333416665,863.0,"1,2,3,4,5,6,7,8,9,10,11,12,13,14,15,16,19,20,36,37,38,39"
6402,1,H8,Anada,32,Berenguer de Palou - Pont del Treball Digne,946,04:24:41,24.68,1.7333333333,104.0,1
6213,1,H8,Anada,32,Berenguer de Palou - Pont del Treball Digne,946,04:31:08,31.13,6.450000000033333,387.0,
6406,1,H8,Anada,32,Berenguer de Palou - Pont del Treball Digne,946,04:47:31,47.52,16.383333333333333,983.0,
6110,1,H8,Anada,32,Berenguer de Palou - Pont del Treball Digne,946,04:56:37,56.62,9.099999999966666,546.0,1
6408,1,H8,Anada,32,Berenguer de Palou - Pont del Treball Digne,946,05:04:23,4.38,7.7666666667,466.0,
6215,1,H8,Anada,32,Berenguer de Palou - Pont del Treball Digne,946,05:14:46,14.77,10.3833333333,623.0,
6409,2,H8,Anada,32,Berenguer de Palou - Pont del Treball Digne,946,05:22:14,22.23,7.4833333333,449.0,"9,17,18"
6217,1,H8,Anada,32,Berenguer de Palou - Pont del Treball Digne,946,05:39:22,39.37,17.116666666733334,1027.0,1
6411,1,H8,Anada,32,Berenguer de Palou - Pont del Treball Digne,946,05:44:49,44.82,5.4666666666,328.0,
6407,1,H8,Anada,32,Berenguer de Palou - Pont del Treball Digne,946,05:56:17,56.28,11.450000000066666,687.0,
6204,1,H8,Anada,32,Berenguer de Palou - Pont del Treball Digne,946,05:59:25,59.42,3.1499999999333337,189.0,
6100,1,H8,Anada,32,Berenguer de Palou - Pont del Treball Digne,946,06:10:21,10.35,10.9166666667,655.0,
6415,1,H8,Anada,32,Berenguer de Palou - Pont del Treball Digne,946,06:19:18,19.3,8.95,537.0,
6028,1,H8,Anada,32,Berenguer de Palou - Pont del Treball Digne,946,06:35:42,35.7,16.400000000033334,984.0,
6802,1,H8,Anada,32,Berenguer de Palou - Pont del Treball Digne,946,06:37:47,37.78,2.0999999999333334,126.0,
6209,2,H8,Anada,32,Berenguer de Palou - Pont del Treball Digne,946,06:54:30,54.5,16.716666666666665,1003.0,
6211,2,H8,Anada,32,Berenguer de Palou - Pont del Treball Digne,946,07:01:41,1.68,7.166666666733334,430.0,
6401,1,H8,Anada,32,Berenguer de Palou - Pont del Treball Digne,946,07:11:09,11.15,9.466666666666667,568.0,9
6402,2,H8,Anada,32,Berenguer de Palou - Pont del Treball Digne,946,07:16:40,16.67,5.5333333332666665,332.0,
6027,1,H8,Anada,32,Berenguer de Palou - Pont del Treball Digne,946,07:25:15,25.25,8.5666666667,514.0,
6213,2,H8,Anada,32,Berenguer de Palou - Pont del Treball Digne,946,07:31:27,31.45,6.2166666666333334,373.0,
6034,1,H8,Anada,32,Berenguer de Palou - Pont del Treball Digne,946,07:44:35,44.58,13.1166666667,787.0,36
6110,2,H8,Anada,32,Berenguer de Palou - Pont del Treball Digne,946,08:00:27,0.45,15.866666666666667,952.0,
6406,2,H8,Anada,32,Berenguer de Palou - Pont del Treball Digne,946,08:04:04,4.07,3.6166666667,217.0,33
6408,2,H8,Anada,32,Berenguer de Palou - Pont del Treball Digne,946,08:10:07,10.12,6.0666666666,364.0,9
6215,2,H8,Anada,32,Berenguer de Palou - Pont del Treball Digne,946,08:21:58,21.97,11.833333333366665,710.0,
6409,3,H8,Anada,32,Berenguer de Palou - Pont del Treball Digne,946,08:26:46,26.77,4.8,288.0,
6217,2,H8,Anada,32,Berenguer de Palou - Pont del Treball Digne,946,08:38:41,38.68,11.9166666667,715.0,
6411,2,H8,Anada,32,Berenguer de Palou - Pont del Treball Digne,946,08:47:50,47.83,9.15,549.0,
6407,2,H8,Anada,32,Berenguer de Palou - Pont del Treball Digne,946,08:56:25,56.42,8.599999999933335,516.0,
6100,2,H8,Anada,32,Berenguer de Palou - Pont del Treball Digne,946,09:10:11,10.18,13.750000000033333,825.0,"1,2,3"
6415,2,H8,Anada,32,Berenguer de Palou - Pont del Treball Digne,946,09:19:45,19.75,9.166666666633335,550.0,
6028,2,H8,Anada,32,Berenguer de Palou - Pont del Treball Digne,946,09:44:32,44.53,24.783333333333335,1487.0,
6802,2,H8,Anada,32,Berenguer de Palou - Pont del Treball Digne,946,09:46:20,46.33,1.7833333334,107.0,
6209,3,H8,Anada,32,Berenguer de Palou - Pont del Treball Digne,946,10:01:49,1.82,15.483333333300001,929.0,
6211,3,H8,Anada,32,Berenguer de Palou - Pont del Treball Digne,946,10:06:37,6.62,4.816666666633334,289.0,
6402,3,H8,Anada,32,Berenguer de Palou - Pont del Treball Digne,946,10:25:33,25.55,18.91666666673333,1135.0,1
6027,2,H8,Anada,32,Berenguer de Palou - Pont del Treball Digne,946,10:31:37,31.62,6.083333333266666,365.0,1
6213,3,H8,Anada,32,Berenguer de Palou - Pont del Treball Digne,946,10:42:06,42.1,10.483333333333333,629.0,
6034,2,H8,Anada,32,Berenguer de Palou - Pont del Treball Digne,946,10:49:04,49.07,6.950000000033333,417.0,
6406,3,H8,Anada,32,Berenguer de Palou - Pont del Treball Digne,946,11:00:17,0.28,11.233333333300001,674.0,
6408,3,H8,Anada,32,Berenguer de Palou - Pont del Treball Digne,946,11:09:48,9.8,9.500000000033333,570.0,
6215,3,H8,Anada,32,Berenguer de Palou - Pont del Treball Digne,946,11:20:52,20.87,11.083333333283333,665.0,9
6409,4,H8,Anada,32,Berenguer de Palou - Pont del Treball Digne,946,11:34:28,34.47,13.583333333416666,815.0,
6411,3,H8,Anada,32,Berenguer de Palou - Pont del Treball Digne,946,11:49:34,49.57,15.1166666666,907.0,1
6407,3,H8,Anada,32,Berenguer de Palou - Pont del Treball Digne,946,11:59:33,59.55,9.983333333333333,599.0,
6100,3,H8,Anada,32,Berenguer de Palou - Pont del Treball Digne,946,12:14:18,14.3,14.733333333366666,884.0,
6415,3,H8,Anada,32,Berenguer de Palou - Pont del Treball Digne,946,12:28:13,28.22,13.916666666666666,835.0,
6075,1,H8,Anada,32,Berenguer de Palou - Pont del Treball Digne,946,12:30:56,30.93,2.7166666667,163.0,"1,2,3,4,5,6,7,8,9,10,11,12,13,14,15,16,17,18,19,20,21,22,23,24,25,26,27,28,29,30"
6028,3,H8,Anada,32,Berenguer de Palou - Pont del Treball Digne,946,12:33:50,33.83,2.9,174.0,
6802,3,H8,Anada,32,Berenguer de Palou - Pont del Treball Digne,946,12:38:26,38.43,4.6166666666,277.0,
6209,4,H8,Anada,32,Berenguer de Palou - Pont del Treball Digne,946,13:02:34,2.57,24.13333333335,1448.0,
6800,1,H8,Anada,32,Berenguer de Palou - Pont del Treball Digne,946,13:05:41,5.68,2.5166666667333333,151.0,
6213,4,H8,Anada,32,Berenguer de Palou - Pont del Treball Digne,946,13:19:36,19.6,13.916666666633335,835.0,"11,12,14,26"
6402,4,H8,Anada,32,Berenguer de Palou - Pont del Treball Digne,946,13:29:29,29.48,9.883333333333333,593.0,
6034,3,H8,Anada,32,Berenguer de Palou - Pont del Treball Digne,946,13:41:39,41.65,12.0166666666,721.0,"26,31"
6406,4,H8,Anada,32,Berenguer de Palou - Pont del Treball Digne,946,13:53:55,53.92,12.250000000033333,735.0,
6408,4,H8,Anada,32,Berenguer de Palou - Pont del Treball Digne,946,14:09:35,9.58,15.6666666667,940.0,
6215,4,H8,Anada,32,Berenguer de Palou - Pont del Treball Digne,946,14:18:50,18.83,9.25,555.0,
6409,5,H8,Anada,32,Berenguer de Palou - Pont del Treball Digne,946,14:34:40,34.67,15.8333333333,950.0,19
6075,2,H8,Anada,32,Berenguer de Palou - Pont del Treball Digne,946,14:37:42,37.7,3.0499999999666665,183.0,"13,14"
6411,4,H8,Anada,32,Berenguer de Palou - Pont del Treball Digne,946,14:48:13,48.22,10.516666666666667,631.0,
6036,1,H8,Anada,32,Berenguer de Palou - Pont del Treball Digne,946,15:12:30,12.5,24.2666666667,1456.0,"18,19"
6100,4,H8,Anada,32,Berenguer de Palou - Pont del Treball Digne,946,15:19:35,19.58,6.616666666666666,397.0,
6415,4,H8,Anada,32,Berenguer de Palou - Pont del Treball Digne,946,15:26:52,26.87,7.299999999933333,438.0,
6028,4,H8,Anada,32,Berenguer de Palou - Pont del Treball Digne,946,15:41:24,41.4,14.533333333333333,872.0,
6802,4,H8,Anada,32,Berenguer de Palou - Pont del Treball Digne,946,15:48:27,48.45,7.0333333334,422.0,
6201,1,H8,Anada,32,Berenguer de Palou - Pont del Treball Digne,946,15:54:49,54.82,6.383333333283333,383.0,"1,2,3,4,5,6,7,8,9,10,11"
6211,5,H8,Anada,32,Berenguer de Palou - Pont del Treball Digne,946,15:58:35,58.58,3.7500000000166667,225.0,
6217,3,H8,Anada,32,Berenguer de Palou - Pont del Treball Digne,946,16:13:46,13.77,15.199999999966668,912.0,"1,2,3,4,5,6,7,8,19"
6800,2,H8,Anada,32,Berenguer de Palou - Pont del Treball Digne,946,16:15:08,15.13,1.3500000000499999,81.0,
6402,5,H8,Anada,32,Berenguer de Palou - Pont del Treball Digne,946,16:36:41,36.68,21.549999999983335,1293.0,
6027,4,H8,Anada,32,Berenguer de Palou - Pont del Treball Digne,946,16:38:08,38.13,1.46666666665,88.0,1
6034,4,H8,Anada,32,Berenguer de Palou - Pont del Treball Digne,946,16:51:02,51.03,12.149999999966667,729.0,
6406,5,H8,Anada,32,Berenguer de Palou - Pont del Treball Digne,946,16:54:56,54.93,3.916666666633333,235.0,
6408,5,H8,Anada,32,Berenguer de Palou - Pont del Treball Digne,946,17:01:11,1.18,6.2333333334,374.0,
6075,3,H8,Anada,32,Berenguer de Palou - Pont del Treball Digne,946,17:34:07,34.12,5.933333333383334,356.0,
6411,5,H8,Anada,32,Berenguer de Palou - Pont del Treball Digne,946,17:43:14,43.23,9.133333333266668,548.0,
6409,6,H8,Anada,32,Berenguer de Palou - Pont del Treball Digne,946,17:53:38,53.63,10.4,624.0,"24,25,26,28,29"
6407,5,H8,Anada,32,Berenguer de Palou - Pont del Treball Digne,946,18:03:36,3.6,9.966666666666667,598.0,
6036,2,H8,Anada,32,Berenguer de Palou - Pont del Treball Digne,946,18:05:02,5.03,1.4166666667333334,85.0,"11,13,14,15,16"
6415,5,H8,Anada,32,Berenguer de Palou - Pont del Treball Digne,946,18:23:42,23.7,18.666666666633333,1120.0,1
6028,5,H8,Anada,32,Berenguer de Palou - Pont del Treball Digne,946,18:24:55,24.92,1.2333333333,74.0,
6802,5,H8,Anada,32,Berenguer de Palou - Pont del Treball Digne,946,18:41:31,41.52,16.583333333366667,995.0,
6211,6,H8,Anada,32,Berenguer de Palou - Pont del Treball Digne,946,18:51:20,51.33,9.816666666666666,589.0,
6217,4,H8,Anada,32,Berenguer de Palou - Pont del Treball Digne,946,19:03:19,3.32,11.983333333366666,719.0,
6402,6,H8,Anada,32,Berenguer de Palou - Pont del Treball Digne,946,19:20:58,20.97,17.2,1032.0,
6213,6,H8,Anada,32,Berenguer de Palou - Pont del Treball Digne,946,19:23:28,23.47,2.5166666666000004,151.0,
6034,5,H8,Anada,32,Berenguer de Palou - Pont del Treball Digne,946,19:34:14,34.23,10.75000000005,645.0,9
6406,6,H8,Anada,32,Berenguer de Palou - Pont del Treball Digne,946,19:49:38,49.63,15.416666666616667,925.0,
6408,6,H8,Anada,32,Berenguer de Palou - Pont del Treball Digne,946,19:51:08,51.13,1.4833333334,89.0,
6215,6,H8,Anada,32,Berenguer de Palou - Pont del Treball Digne,946,20:10:25,10.42,19.299999999933334,1158.0,
6075,4,H8,Anada,32,Berenguer de Palou - Pont del Treball Digne,946,20:18:19,18.32,7.216666666666667,433.0,36
6411,6,H8,Anada,32,Berenguer de Palou - Pont del Treball Digne,946,20:27:15,27.25,8.916666666733333,535.0,"1,2,3,4,5,6,7"
6036,3,H8,Anada,32,Berenguer de Palou - Pont del Treball Digne,946,20:36:59,36.98,9.733333333333333,584.0,
6117,1,H8,Anada,32,Berenguer de Palou - Pont del Treball Digne,946,20:51:55,51.92,14.949999999933334,897.0,
6415,6,H8,Anada,32,Berenguer de Palou - Pont del Treball Digne,946,20:59:31,59.52,7.583333333366666,455.0,
6211,7,H8,Anada,32,Berenguer de Palou - Pont del Treball Digne,946,21:20:13,20.22,20.700000000033334,1242.0,
6217,5,H8,Anada,32,Berenguer de Palou - Pont del Treball Digne,946,21:30:59,30.98,10.766666666666667,646.0,
6402,7,H8,Anada,32,Berenguer de Palou - Pont del Treball Digne,946,21:46:29,46.48,15.5,930.0,
6209,1,H8,Anada,33,Berenguer de Palou - Pare Manyanet,947,03:55:05,55.08,,,"1,2,3,4,5,6,7,8,9,10,11,12,13,14,15,16,17,18,19,20"
6211,1,H8,Anada,33,Berenguer de Palou - Pare Manyanet,947,04:10:07,10.12,15.049999999933334,903.0,"1,2,3,4,5,6,7,8,9,10"
6409,1,H8,Anada,33,Berenguer de Palou - Pare Manyanet,947,04:24:53,24.88,14.750000000033333,885.0,"1,2,3,4,5,6,7,8,9,10,11,12,13,14,15,16,19,20,36,37,38,39"
6402,1,H8,Anada,33,Berenguer de Palou - Pare Manyanet,947,04:26:32,26.53,1.6500000000333332,99.0,1
6213,1,H8,Anada,33,Berenguer de Palou - Pare Manyanet,947,04:33:33,33.55,7.016666666633333,421.0,
6406,1,H8,Anada,33,Berenguer de Palou - Pare Manyanet,947,04:49:48,49.8,16.25,975.0,
6110,1,H8,Anada,33,Berenguer de Palou - Pare Manyanet,947,04:58:33,58.55,8.750000000033333,525.0,1
6408,1,H8,Anada,33,Berenguer de Palou - Pare Manyanet,947,05:05:24,5.4,6.85,411.0,
6215,1,H8,Anada,33,Berenguer de Palou - Pare Manyanet,947,05:16:31,16.52,11.116666666633334,667.0,
6409,2,H8,Anada,33,Berenguer de Palou - Pare Manyanet,947,05:23:41,23.68,7.166666666699999,430.0,"9,17,18"
6217,1,H8,Anada,33,Berenguer de Palou - Pare Manyanet,947,05:41:37,41.62,17.933333333300002,1076.0,1
6411,1,H8,Anada,33,Berenguer de Palou - Pare Manyanet,947,05:46:28,46.47,4.85,291.0,
6407,1,H8,Anada,33,Berenguer de Palou - Pare Manyanet,947,05:57:55,57.92,11.45,687.0,
6204,1,H8,Anada,33,Berenguer de Palou - Pare Manyanet,947,06:01:46,1.77,3.8500000000333334,231.0,
6100,1,H8,Anada,33,Berenguer de Palou - Pare Manyanet,947,06:11:24,11.4,9.633333333333333,578.0,
6415,1,H8,Anada,33,Berenguer de Palou - Pare Manyanet,947,06:21:36,21.6,10.199999999966668,612.0,
6028,1,H8,Anada,33,Berenguer de Palou - Pare Manyanet,947,06:38:20,38.33,16.74999999996667,1005.0,
6802,1,H8,Anada,33,Berenguer de Palou - Pare Manyanet,947,06:40:24,40.4,2.0500000000666665,123.0,
6209,2,H8,Anada,33,Berenguer de Palou - Pare Manyanet,947,06:57:07,57.12,16.733333333266668,1004.0,
6211,2,H8,Anada,33,Berenguer de Palou - Pare Manyanet,947,07:03:25,3.42,6.3,378.0,
6401,1,H8,Anada,33,Berenguer de Palou - Pare Manyanet,947,07:15:19,15.32,11.9,714.0,9
6402,2,H8,Anada,33,Berenguer de Palou - Pare Manyanet,947,07:19:12,19.2,3.8666666667,232.0,
6027,1,H8,Anada,33,Berenguer de Palou - Pare Manyanet,947,07:27:18,27.3,8.116666666633334,487.0,
6213,2,H8,Anada,33,Berenguer de Palou - Pare Manyanet,947,07:34:03,34.05,6.75,405.0,
6034,1,H8,Anada,33,Berenguer de Palou - Pare Manyanet,947,07:46:24,46.4,12.333333333399999,740.0,36
6110,2,H8,Anada,33,Berenguer de Palou - Pare Manyanet,947,08:01:52,1.87,15.466666666666667,928.0,
6408,2,H8,Anada,33,Berenguer de Palou - Pare Manyanet,947,08:11:31,11.52,9.666666666600001,580.0,9
6215,2,H8,Anada,33,Berenguer de Palou - Pare Manyanet,947,08:23:21,23.35,11.8166666667,709.0,
6409,3,H8,Anada,33,Berenguer de Palou - Pare Manyanet,947,08:29:53,29.88,6.5333333333666666,392.0,
6217,2,H8,Anada,33,Berenguer de Palou - Pare Manyanet,947,08:39:49,39.82,9.949999999933334,597.0,
6411,2,H8,Anada,33,Berenguer de Palou - Pare Manyanet,947,08:49:37,49.62,9.783333333366667,587.0,
6407,2,H8,Anada,33,Berenguer de Palou - Pare Manyanet,947,08:58:21,58.35,8.733333333333333,524.0,
6100,2,H8,Anada,33,Berenguer de Palou - Pare Manyanet,947,09:11:36,11.6,13.25,795.0,"1,2,3"
6204,2,H8,Anada,33,Berenguer de Palou - Pare Manyanet,947,09:12:36,12.6,1.0,60.0,
6415,2,H8,Anada,33,Berenguer de Palou - Pare Manyanet,947,09:21:49,21.82,9.2166666667,553.0,
6028,2,H8,Anada,33,Berenguer de Palou - Pare Manyanet,947,09:46:56,46.93,25.133333333266666,1508.0,
6802,2,H8,Anada,33,Berenguer de Palou - Pare Manyanet,947,09:48:31,48.52,1.5666666667333333,94.0,
6209,3,H8,Anada,33,Berenguer de Palou - Pare Manyanet,947,10:03:09,3.15,14.6333333333,878.0,
6211,3,H8,Anada,33,Berenguer de Palou - Pare Manyanet,947,10:08:38,8.63,5.483333333366667,329.0,
6402,3,H8,Anada,33,Berenguer de Palou - Pare Manyanet,947,10:28:57,28.95,20.316666666633335,1219.0,1
6027,2,H8,Anada,33,Berenguer de Palou - Pare Manyanet,947,10:33:32,33.53,4.583333333333333,275.0,1
6213,3,H8,Anada,33,Berenguer de Palou - Pare Manyanet,947,10:43:26,43.43,9.9,594.0,
6034,2,H8,Anada,33,Berenguer de Palou - Pare Manyanet,947,10:52:00,52.0,8.566666666666666,514.0,
6406,3,H8,Anada,33,Berenguer de Palou - Pare Manyanet,947,11:01:55,1.92,9.916666666666666,595.0,
6408,3,H8,Anada,33,Berenguer de Palou - Pare Manyanet,947,11:11:24,11.4,9.483333333333333,569.0,
6215,3,H8,Anada,33,Berenguer de Palou - Pare Manyanet,947,11:23:46,23.77,12.366666666666667,742.0,9
6409,4,H8,Anada,33,Berenguer de Palou - Pare Manyanet,947,11:36:51,36.85,13.083333333366665,785.0,
6411,3,H8,Anada,33,Berenguer de Palou - Pare Manyanet,947,11:52:05,52.08,15.233333333300001,914.0,1
6407,3,H8,Anada,33,Berenguer de Palou - Pare Manyanet,947,12:02:30,2.5,10.416666666666666,625.0,
6100,3,H8,Anada,33,Berenguer de Palou - Pare Manyanet,947,12:16:30,16.5,14.0,840.0,
6415,3,H8,Anada,33,Berenguer de Palou - Pare Manyanet,947,12:29:54,29.9,13.416666666633335,805.0,
6075,1,H8,Anada,33,Berenguer de Palou - Pare Manyanet,947,12:32:32,32.53,2.616666666733333,157.0,"1,2,3,4,5,6,7,8,9,10,11,12,13,14,15,16,17,18,19,20,21,22,23,24,25,26,27,28,29,30"
6028,3,H8,Anada,33,Berenguer de Palou - Pare Manyanet,947,12:35:10,35.17,2.6333333333333333,158.0,
6802,3,H8,Anada,33,Berenguer de Palou - Pare Manyanet,947,12:39:58,39.97,4.799999999966667,288.0,
6209,4,H8,Anada,33,Berenguer de Palou - Pare Manyanet,947,13:04:52,4.87,24.900000000033334,1494.0,
6800,1,H8,Anada,33,Berenguer de Palou - Pare Manyanet,947,13:08:06,8.1,2.8333333333333335,170.0,
6213,4,H8,Anada,33,Berenguer de Palou - Pare Manyanet,947,13:21:53,21.88,13.766666666699999,826.0,"11,12,14,26"
6402,4,H8,Anada,33,Berenguer de Palou - Pare Manyanet,947,13:31:45,31.75,9.866666666666667,592.0,
6034,3,H8,Anada,33,Berenguer de Palou - Pare Manyanet,947,13:43:36,43.6,11.483333333333333,689.0,"26,31"
6406,4,H8,Anada,33,Berenguer de Palou - Pare Manyanet,947,13:55:34,55.57,11.966666666633333,718.0,
6408,4,H8,Anada,33,Berenguer de Palou - Pare Manyanet,947,14:11:45,11.75,16.199999999966668,972.0,
6215,4,H8,Anada,33,Berenguer de Palou - Pare Manyanet,947,14:20:32,20.53,8.783333333333333,527.0,
6409,5,H8,Anada,33,Berenguer de Palou - Pare Manyanet,947,14:37:05,37.08,16.533333333366667,992.0,19
6075,2,H8,Anada,33,Berenguer de Palou - Pare Manyanet,947,14:39:41,39.68,2.6166666666333334,157.0,"13,14"
6411,4,H8,Anada,33,Berenguer de Palou - Pare Manyanet,947,14:50:02,50.03,10.333333333399999,620.0,
6036,1,H8,Anada,33,Berenguer de Palou - Pare Manyanet,947,15:14:31,14.52,24.499999999933333,1470.0,"18,19"
6100,4,H8,Anada,33,Berenguer de Palou - Pare Manyanet,947,15:22:11,22.18,7.2666666667,436.0,
6415,4,H8,Anada,33,Berenguer de Palou - Pare Manyanet,947,15:28:08,28.13,5.9666666666333334,358.0,
6028,4,H8,Anada,33,Berenguer de Palou - Pare Manyanet,947,15:43:16,43.27,15.133333333333333,908.0,
6802,4,H8,Anada,33,Berenguer de Palou - Pare Manyanet,947,15:49:59,49.98,6.700000000033333,402.0,
6201,1,H8,Anada,33,Berenguer de Palou - Pare Manyanet,947,15:56:40,56.67,6.683333333333334,401.0,"1,2,3,4,5,6,7,8,9,10,11"
6211,5,H8,Anada,33,Berenguer de Palou - Pare Manyanet,947,16:01:51,1.85,5.183333333366666,311.0,
6217,3,H8,Anada,33,Berenguer de Palou - Pare Manyanet,947,16:15:08,15.13,13.299999999933334,798.0,"1,2,3,4,5,6,7,8,19"
6800,2,H8,Anada,33,Berenguer de Palou - Pare Manyanet,947,16:16:53,16.88,1.7333333333666665,104.0,
6402,5,H8,Anada,33,Berenguer de Palou - Pare Manyanet,947,16:38:18,38.3,21.416666666666668,1285.0,
6027,4,H8,Anada,33,Berenguer de Palou - Pare Manyanet,947,16:40:11,40.18,1.8833333333333333,113.0,1
6213,5,H8,Anada,33,Berenguer de Palou - Pare Manyanet,947,16:41:55,41.92,1.7333333333333334,104.0,1
6034,4,H8,Anada,33,Berenguer de Palou - Pare Manyanet,947,16:53:16,53.27,11.350000000033333,681.0,
6406,5,H8,Anada,33,Berenguer de Palou - Pare Manyanet,947,16:56:50,56.83,3.583333333266667,215.0,
6408,5,H8,Anada,33,Berenguer de Palou - Pare Manyanet,947,17:03:24,3.4,6.5500000000666665,393.0,
6075,3,H8,Anada,33,Berenguer de Palou - Pare Manyanet,947,17:36:38,36.63,6.4333333333,386.0,
6411,5,H8,Anada,33,Berenguer de Palou - Pare Manyanet,947,17:45:34,45.57,8.9166666667,535.0,
6409,6,H8,Anada,33,Berenguer de Palou - Pare Manyanet,947,17:58:45,58.75,13.199999999966668,792.0,"24,25,26,28,29"
6407,5,H8,Anada,33,Berenguer de Palou - Pare Manyanet,947,18:04:48,4.8,6.05,363.0,
6036,2,H8,Anada,33,Berenguer de Palou - Pare Manyanet,947,18:07:04,7.07,2.2500000000666662,135.0,"11,13,14,15,16"
6415,5,H8,Anada,33,Berenguer de Palou - Pare Manyanet,947,18:24:43,24.72,17.65,1059.0,1
6028,5,H8,Anada,33,Berenguer de Palou - Pare Manyanet,947,18:27:01,27.02,2.3,138.0,
6802,5,H8,Anada,33,Berenguer de Palou - Pare Manyanet,947,18:43:47,43.78,16.766666666666666,1006.0,
6211,6,H8,Anada,33,Berenguer de Palou - Pare Manyanet,947,18:53:42,53.7,9.933333333266667,596.0,
6217,4,H8,Anada,33,Berenguer de Palou - Pare Manyanet,947,19:04:53,4.88,11.166666666733333,670.0,
6402,6,H8,Anada,33,Berenguer de Palou - Pare Manyanet,947,19:23:16,23.27,18.133333333333333,1088.0,
6213,6,H8,Anada,33,Berenguer de Palou - Pare Manyanet,947,19:25:09,25.15,1.8833333333333333,113.0,
6034,5,H8,Anada,33,Berenguer de Palou - Pare Manyanet,947,19:36:32,36.53,11.383333333333333,683.0,9
6406,6,H8,Anada,33,Berenguer de Palou - Pare Manyanet,947,19:51:50,51.83,15.316666666600002,919.0,
6408,6,H8,Anada,33,Berenguer de Palou - Pare Manyanet,947,19:53:19,53.32,1.4666666667,88.0,
6215,6,H8,Anada,33,Berenguer de Palou - Pare Manyanet,947,20:12:54,12.9,19.583333333333332,1175.0,
6075,4,H8,Anada,33,Berenguer de Palou - Pare Manyanet,947,20:20:03,20.05,6.9666666666333334,418.0,36
6411,6,H8,Anada,33,Berenguer de Palou - Pare Manyanet,947,20:29:30,29.5,9.45,567.0,"1,2,3,4,5,6,7"
6036,3,H8,Anada,33,Berenguer de Palou - Pare Manyanet,947,20:38:04,38.07,8.550000000066666,513.0,
6117,1,H8,Anada,33,Berenguer de Palou - Pare Manyanet,947,20:53:07,53.12,15.066666666600002,904.0,
6415,6,H8,Anada,33,Berenguer de Palou - Pare Manyanet,947,21:01:28,1.47,8.35,501.0,
6211,7,H8,Anada,33,Berenguer de Palou - Pare Manyanet,947,21:21:30,21.5,20.0166666667,1201.0,
6217,5,H8,Anada,33,Berenguer de Palou - Pare Manyanet,947,21:33:04,33.07,11.5833333333,695.0,
6402,7,H8,Anada,33,Berenguer de Palou - Pare Manyanet,947,21:48:04,48.07,15.0,900.0,
6034,6,H8,Anada,33,Berenguer de Palou - Pare Manyanet,947,22:03:08,3.13,15.050000000033332,903.0,32
6408,7,H8,Anada,33,Berenguer de Palou - Pare Manyanet,947,22:20:08,20.13,17.016666666633334,1021.0,"19,21,22,23"
6209,1,H8,Anada,34,Pare Manyanet - Virgili,327,03:56:33,56.55,,,"1,2,3,4,5,6,7,8,9,10,11,12,13,14,15,16,17,18,19,20"
6211,1,H8,Anada,34,Pare Manyanet - Virgili,327,04:11:05,11.08,14.516666666683333,871.0,"1,2,3,4,5,6,7,8,9,10"
6409,1,H8,Anada,34,Pare Manyanet - Virgili,327,04:26:12,26.2,15.1333333333,908.0,"1,2,3,4,5,6,7,8,9,10,11,12,13,14,15,16,19,20,36,37,38,39"
6402,1,H8,Anada,34,Pare Manyanet - Virgili,327,04:27:44,27.73,1.5166666667,91.0,1
6213,1,H8,Anada,34,Pare Manyanet - Virgili,327,04:34:22,34.37,6.649999999966667,399.0,
6406,1,H8,Anada,34,Pare Manyanet - Virgili,327,04:51:12,51.2,16.833333333333332,1010.0,
6110,1,H8,Anada,34,Pare Manyanet - Virgili,327,04:59:06,59.1,7.9,474.0,1
6408,1,H8,Anada,34,Pare Manyanet - Virgili,327,05:07:04,7.07,7.950000000033333,477.0,
6215,1,H8,Anada,34,Pare Manyanet - Virgili,327,05:18:30,18.5,11.433333333333334,686.0,
6409,2,H8,Anada,34,Pare Manyanet - Virgili,327,05:24:43,24.72,6.216666666666667,373.0,"9,17,18"
6217,1,H8,Anada,34,Pare Manyanet - Virgili,327,05:43:15,43.25,18.549999999966666,1113.0,1
6411,1,H8,Anada,34,Pare Manyanet - Virgili,327,05:48:13,48.22,4.966666666666667,298.0,
6407,1,H8,Anada,34,Pare Manyanet - Virgili,327,06:00:15,0.25,12.016666666699999,721.0,
6204,1,H8,Anada,34,Pare Manyanet - Virgili,327,06:03:20,3.33,3.083333333366667,185.0,
6100,1,H8,Anada,34,Pare Manyanet - Virgili,327,06:13:16,13.27,9.949999999933334,597.0,
6415,1,H8,Anada,34,Pare Manyanet - Virgili,327,06:23:39,23.65,10.366666666733332,622.0,
6028,1,H8,Anada,34,Pare Manyanet - Virgili,327,06:40:48,40.8,17.15,1029.0,
6802,1,H8,Anada,34,Pare Manyanet - Virgili,327,06:42:06,42.1,1.2999999999666667,78.0,
6209,2,H8,Anada,34,Pare Manyanet - Virgili,327,06:58:56,58.93,16.833333333366667,1010.0,
6211,2,H8,Anada,34,Pare Manyanet - Virgili,327,07:05:01,5.02,6.099999999933333,366.0,
6401,1,H8,Anada,34,Pare Manyanet - Virgili,327,07:18:25,18.42,13.4,804.0,9
6402,2,H8,Anada,34,Pare Manyanet - Virgili,327,07:20:23,20.38,1.9500000000333333,117.0,
6027,1,H8,Anada,34,Pare Manyanet - Virgili,327,07:29:20,29.33,8.95,537.0,
6213,2,H8,Anada,34,Pare Manyanet - Virgili,327,07:34:45,34.75,5.416666666683333,325.0,
6034,1,H8,Anada,34,Pare Manyanet - Virgili,327,07:48:44,48.73,13.99999999995,840.0,36
6110,2,H8,Anada,34,Pare Manyanet - Virgili,327,08:03:33,3.55,14.800000000033332,888.0,
6408,2,H8,Anada,34,Pare Manyanet - Virgili,327,08:13:47,13.78,9.283333333316667,557.0,9
6215,2,H8,Anada,34,Pare Manyanet - Virgili,327,08:24:54,24.9,11.100000000016667,666.0,
6409,3,H8,Anada,34,Pare Manyanet - Virgili,327,08:31:54,31.9,7.016666666633333,421.0,
6217,2,H8,Anada,34,Pare Manyanet - Virgili,327,08:41:20,41.33,9.416666666733333,565.0,
6411,2,H8,Anada,34,Pare Manyanet - Virgili,327,08:51:43,51.72,10.399999999933334,624.0,
6407,2,H8,Anada,34,Pare Manyanet - Virgili,327,09:00:07,0.12,8.3833333334,503.0,
6204,2,H8,Anada,34,Pare Manyanet - Virgili,327,09:13:13,13.22,13.1,786.0,
6415,2,H8,Anada,34,Pare Manyanet - Virgili,327,09:23:42,23.7,10.1833333333,611.0,
6028,2,H8,Anada,34,Pare Manyanet - Virgili,327,09:48:30,48.5,24.783333333366667,1487.0,
6802,2,H8,Anada,34,Pare Manyanet - Virgili,327,09:51:20,51.33,2.8333333333499997,170.0,
6209,3,H8,Anada,34,Pare Manyanet - Virgili,327,10:05:27,5.45,14.133333333283334,848.0,
6211,3,H8,Anada,34,Pare Manyanet - Virgili,327,10:10:12,10.2,4.75,285.0,
6402,3,H8,Anada,34,Pare Manyanet - Virgili,327,10:30:49,30.82,20.600000000066665,1236.0,1
6027,2,H8,Anada,34,Pare Manyanet - Virgili,327,10:35:20,35.33,4.5333333332666665,272.0,1
6213,3,H8,Anada,34,Pare Manyanet - Virgili,327,10:45:18,45.3,9.966666666666667,598.0,
6034,2,H8,Anada,34,Pare Manyanet - Virgili,327,10:52:38,52.63,7.333333333333333,440.0,
6406,3,H8,Anada,34,Pare Manyanet - Virgili,327,11:03:51,3.85,11.200000000033333,672.0,
6408,3,H8,Anada,34,Pare Manyanet - Virgili,327,11:12:57,12.95,9.1,546.0,
6215,3,H8,Anada,34,Pare Manyanet - Virgili,327,11:25:29,25.48,12.533333333366667,752.0,9
6409,4,H8,Anada,34,Pare Manyanet - Virgili,327,11:38:51,38.85,13.366666666633334,802.0,
6411,3,H8,Anada,34,Pare Manyanet - Virgili,327,11:53:41,53.68,14.849999999966666,891.0,1
6407,3,H8,Anada,34,Pare Manyanet - Virgili,327,12:03:38,3.63,9.933333333399998,596.0,
6100,3,H8,Anada,34,Pare Manyanet - Virgili,327,12:18:06,18.1,14.466666666633333,868.0,
6415,3,H8,Anada,34,Pare Manyanet - Virgili,327,12:33:14,33.23,15.133333333366666,908.0,
6028,3,H8,Anada,34,Pare Manyanet - Virgili,327,12:36:48,36.8,2.816666666666667,169.0,
6802,3,H8,Anada,34,Pare Manyanet - Virgili,327,12:41:52,41.87,5.066666666666666,304.0,
6209,4,H8,Anada,34,Pare Manyanet - Virgili,327,13:06:32,6.53,24.666666666633333,1480.0,
6800,1,H8,Anada,34,Pare Manyanet - Virgili,327,13:10:23,10.38,3.2499999999333338,195.0,
6213,4,H8,Anada,34,Pare Manyanet - Virgili,327,13:24:20,24.33,13.95,837.0,"11,12,14,26"
6402,4,H8,Anada,34,Pare Manyanet - Virgili,327,13:33:57,33.95,9.600000000033333,576.0,
6034,3,H8,Anada,34,Pare Manyanet - Virgili,327,13:45:45,45.75,11.066666666683334,664.0,"26,31"
6406,4,H8,Anada,34,Pare Manyanet - Virgili,327,13:56:57,56.95,11.18333333335,671.0,
6408,4,H8,Anada,34,Pare Manyanet - Virgili,327,14:13:53,13.88,16.933333333333334,1016.0,
6215,4,H8,Anada,34,Pare Manyanet - Virgili,327,14:22:54,22.9,9.0333333333,542.0,
6409,5,H8,Anada,34,Pare Manyanet - Virgili,327,14:38:35,38.58,15.666666666733333,940.0,19
6075,2,H8,Anada,34,Pare Manyanet - Virgili,327,14:41:35,41.58,3.0166666666000004,181.0,"13,14"
6411,4,H8,Anada,34,Pare Manyanet - Virgili,327,14:51:51,51.85,10.250000000066667,615.0,
6407,4,H8,Anada,34,Pare Manyanet - Virgili,327,15:16:39,16.65,24.8166666666,1489.0,"36,37,38"
6036,1,H8,Anada,34,Pare Manyanet - Virgili,327,15:20:36,20.6,3.933333333366667,236.0,"18,19"
6100,4,H8,Anada,34,Pare Manyanet - Virgili,327,15:23:37,23.62,3.0333333333,182.0,
6415,4,H8,Anada,34,Pare Manyanet - Virgili,327,15:29:57,29.95,6.316666666733334,379.0,
6028,4,H8,Anada,34,Pare Manyanet - Virgili,327,15:45:07,45.12,15.16666666665,910.0,
6802,4,H8,Anada,34,Pare Manyanet - Virgili,327,15:51:36,51.6,6.49999999995,390.0,
6201,1,H8,Anada,34,Pare Manyanet - Virgili,327,15:58:48,58.8,7.1999999999833335,432.0,"1,2,3,4,5,6,7,8,9,10,11"
6211,5,H8,Anada,34,Pare Manyanet - Virgili,327,16:03:53,3.88,5.066666666716667,304.0,
6217,3,H8,Anada,34,Pare Manyanet - Virgili,327,16:17:06,17.1,13.2166666667,793.0,"1,2,3,4,5,6,7,8,19"
6800,2,H8,Anada,34,Pare Manyanet - Virgili,327,16:18:33,18.55,1.4499999999666668,87.0,
6402,5,H8,Anada,34,Pare Manyanet - Virgili,327,16:40:02,40.03,21.483333333333334,1289.0,
6027,4,H8,Anada,34,Pare Manyanet - Virgili,327,16:41:53,41.88,1.8666666666333334,112.0,1
6213,5,H8,Anada,34,Pare Manyanet - Virgili,327,16:43:59,43.98,2.1,126.0,1
6034,4,H8,Anada,34,Pare Manyanet - Virgili,327,16:54:50,54.83,10.85,651.0,
6406,5,H8,Anada,34,Pare Manyanet - Virgili,327,16:58:24,58.4,3.566666666666667,214.0,
6408,5,H8,Anada,34,Pare Manyanet - Virgili,327,17:04:50,4.83,6.416666666699999,385.0,
6075,3,H8,Anada,34,Pare Manyanet - Virgili,327,17:38:40,38.67,6.6999999999333335,402.0,
6411,5,H8,Anada,34,Pare Manyanet - Virgili,327,17:47:20,47.33,8.650000000066665,519.0,
6409,6,H8,Anada,34,Pare Manyanet - Virgili,327,18:00:23,0.38,13.049999999966667,783.0,"24,25,26,28,29"
6407,5,H8,Anada,34,Pare Manyanet - Virgili,327,18:06:49,6.82,6.449999999966667,387.0,
6036,2,H8,Anada,34,Pare Manyanet - Virgili,327,18:08:50,8.83,2.0166666666666666,121.0,"11,13,14,15,16"
6415,5,H8,Anada,34,Pare Manyanet - Virgili,327,18:26:45,26.75,17.900000000033334,1074.0,1
6028,5,H8,Anada,34,Pare Manyanet - Virgili,327,18:29:59,29.98,3.2333333333666667,194.0,
6802,5,H8,Anada,34,Pare Manyanet - Virgili,327,18:44:50,44.83,14.85,891.0,
6211,6,H8,Anada,34,Pare Manyanet - Virgili,327,18:55:20,55.33,10.499999999966667,630.0,
6217,4,H8,Anada,34,Pare Manyanet - Virgili,327,19:06:47,6.78,11.466666666633333,688.0,
6402,6,H8,Anada,34,Pare Manyanet - Virgili,327,19:24:45,24.75,17.899999999966667,1074.0,
6213,6,H8,Anada,34,Pare Manyanet - Virgili,327,19:26:38,26.63,1.8666666666999998,112.0,
6034,5,H8,Anada,34,Pare Manyanet - Virgili,327,19:38:23,38.38,11.75,705.0,9
6406,6,H8,Anada,34,Pare Manyanet - Virgili,327,19:52:50,52.83,14.450000000033333,867.0,
6408,6,H8,Anada,34,Pare Manyanet - Virgili,327,19:55:03,55.05,2.216666666666667,133.0,
6215,6,H8,Anada,34,Pare Manyanet - Virgili,327,20:14:25,14.42,19.366666666666667,1162.0,
6409,8,H8,Anada,34,Pare Manyanet - Virgili,327,20:15:46,15.77,1.3499999999666668,81.0,"16,17"
6075,4,H8,Anada,34,Pare Manyanet - Virgili,327,20:20:55,20.92,5.166666666633334,310.0,36
6411,6,H8,Anada,34,Pare Manyanet - Virgili,327,20:30:42,30.7,9.766666666733332,586.0,"1,2,3,4,5,6,7"
6036,3,H8,Anada,34,Pare Manyanet - Virgili,327,20:39:04,39.07,8.366666666666667,502.0,
6117,1,H8,Anada,34,Pare Manyanet - Virgili,327,20:54:21,54.35,15.299999999933334,918.0,
6415,6,H8,Anada,34,Pare Manyanet - Virgili,327,21:02:25,2.42,8.066666666666666,484.0,
6211,7,H8,Anada,34,Pare Manyanet - Virgili,327,21:22:24,22.4,19.983333333333334,1199.0,
6217,5,H8,Anada,34,Pare Manyanet - Virgili,327,21:34:19,34.32,11.916666666666666,715.0,
6402,7,H8,Anada,34,Pare Manyanet - Virgili,327,21:49:58,49.97,15.6333333334,938.0,
6034,6,H8,Anada,34,Pare Manyanet - Virgili,327,22:04:54,4.9,14.933333333333334,896.0,32
6408,7,H8,Anada,34,Pare Manyanet - Virgili,327,22:21:22,21.37,16.466666666666665,988.0,"19,21,22,23"
6209,1,H8,Anada,35,Segre - Borriana,3284,03:58:32,58.53,,,"1,2,3,4,5,6,7,8,9,10,11,12,13,14,15,16,17,18,19,20"
6211,1,H8,Anada,35,Segre - Borriana,3284,04:12:37,12.62,14.0666666667,844.0,"1,2,3,4,5,6,7,8,9,10"
6409,1,H8,Anada,35,Segre - Borriana,3284,04:28:12,28.2,15.599999999966666,936.0,"1,2,3,4,5,6,7,8,9,10,11,12,13,14,15,16,19,20,36,37,38,39"
6213,1,H8,Anada,35,Segre - Borriana,3284,04:36:20,36.33,7.366666666633334,442.0,
6406,1,H8,Anada,35,Segre - Borriana,3284,04:52:32,52.53,16.1833333334,971.0,
6110,1,H8,Anada,35,Segre - Borriana,3284,05:01:26,1.43,8.899999999966667,534.0,1
6408,1,H8,Anada,35,Segre - Borriana,3284,05:09:07,9.12,7.683333333366666,461.0,
6215,1,H8,Anada,35,Segre - Borriana,3284,05:19:54,19.9,10.7833333333,647.0,
6409,2,H8,Anada,35,Segre - Borriana,3284,05:26:31,26.52,6.6333333333,398.0,"9,17,18"
6217,1,H8,Anada,35,Segre - Borriana,3284,05:44:43,44.72,18.2,1092.0,1
6411,1,H8,Anada,35,Segre - Borriana,3284,05:50:27,50.45,5.733333333333333,344.0,
6407,1,H8,Anada,35,Segre - Borriana,3284,06:01:36,1.6,11.133333333366666,668.0,
6204,1,H8,Anada,35,Segre - Borriana,3284,06:05:10,5.17,3.5666666667,214.0,
6100,1,H8,Anada,35,Segre - Borriana,3284,06:15:30,15.5,10.349999999933335,621.0,
6415,1,H8,Anada,35,Segre - Borriana,3284,06:25:47,25.78,10.266666666699999,616.0,
6028,1,H8,Anada,35,Segre - Borriana,3284,06:43:32,43.53,17.75000000003333,1065.0,
6209,2,H8,Anada,35,Segre - Borriana,3284,07:00:28,0.47,16.3,978.0,
6211,2,H8,Anada,35,Segre - Borriana,3284,07:08:20,8.33,7.8833333333,473.0,
6401,1,H8,Anada,35,Segre - Borriana,3284,07:20:43,20.72,12.383333333333333,743.0,9
6027,1,H8,Anada,35,Segre - Borriana,3284,07:31:20,31.33,9.966666666633333,598.0,
6213,2,H8,Anada,35,Segre - Borriana,3284,07:36:58,36.97,5.649999999966667,339.0,
6034,1,H8,Anada,35,Segre - Borriana,3284,07:50:31,50.52,13.55,813.0,36
6110,2,H8,Anada,35,Segre - Borriana,3284,08:06:58,6.97,16.433333333366665,986.0,
6408,2,H8,Anada,35,Segre - Borriana,3284,08:16:10,16.17,8.383333333333333,503.0,9
6215,2,H8,Anada,35,Segre - Borriana,3284,08:26:32,26.53,10.383333333266668,623.0,
6409,3,H8,Anada,35,Segre - Borriana,3284,08:33:39,33.65,7.100000000033333,426.0,
6217,2,H8,Anada,35,Segre - Borriana,3284,08:43:34,43.57,9.9333333333,596.0,
6411,2,H8,Anada,35,Segre - Borriana,3284,08:54:04,54.07,10.4833333334,629.0,
6407,2,H8,Anada,35,Segre - Borriana,3284,09:01:41,1.68,7.616666666666666,457.0,
6100,2,H8,Anada,35,Segre - Borriana,3284,09:15:17,15.28,13.6166666666,817.0,"1,2,3"
6415,2,H8,Anada,35,Segre - Borriana,3284,09:25:33,25.55,9.85,591.0,
6028,2,H8,Anada,35,Segre - Borriana,3284,09:50:41,50.68,25.149999999966667,1509.0,
6802,2,H8,Anada,35,Segre - Borriana,3284,09:53:34,53.57,2.8833333333333333,173.0,
6209,3,H8,Anada,35,Segre - Borriana,3284,10:07:18,7.3,13.7166666667,823.0,
6211,3,H8,Anada,35,Segre - Borriana,3284,10:11:46,11.77,4.4833333333,269.0,
6402,3,H8,Anada,35,Segre - Borriana,3284,10:33:31,33.52,21.75,1305.0,1
6027,2,H8,Anada,35,Segre - Borriana,3284,10:37:41,37.68,4.150000000033334,249.0,1
6213,3,H8,Anada,35,Segre - Borriana,3284,10:46:37,46.62,8.933333333366667,536.0,
6034,2,H8,Anada,35,Segre - Borriana,3284,10:55:55,55.92,9.3,558.0,
6406,3,H8,Anada,35,Segre - Borriana,3284,11:05:58,5.97,10.066666666600002,604.0,
6408,3,H8,Anada,35,Segre - Borriana,3284,11:15:52,15.87,9.9,594.0,
6215,3,H8,Anada,35,Segre - Borriana,3284,11:27:24,27.4,11.533333333333333,692.0,9
6409,4,H8,Anada,35,Segre - Borriana,3284,11:41:36,41.6,14.2,852.0,
6411,3,H8,Anada,35,Segre - Borriana,3284,11:55:39,55.65,14.05,843.0,1
6407,3,H8,Anada,35,Segre - Borriana,3284,12:04:59,4.98,9.316666666733333,559.0,
6100,3,H8,Anada,35,Segre - Borriana,3284,12:20:30,20.5,15.516666666633334,931.0,
6415,3,H8,Anada,35,Segre - Borriana,3284,12:35:24,35.4,14.916666666633335,895.0,
6075,1,H8,Anada,35,Segre - Borriana,3284,12:36:29,36.48,1.0666666667333333,64.0,"1,2,3,4,5,6,7,8,9,10,11,12,13,14,15,16,17,18,19,20,21,22,23,24,25,26,27,28,29,30"
6028,3,H8,Anada,35,Segre - Borriana,3284,12:39:38,39.63,3.1666666666000003,190.0,
6802,3,H8,Anada,35,Segre - Borriana,3284,12:43:01,43.02,3.366666666733333,202.0,
6800,1,H8,Anada,35,Segre - Borriana,3284,13:12:02,12.03,2.566666666666667,154.0,
6213,4,H8,Anada,35,Segre - Borriana,3284,13:26:02,26.03,14.0,840.0,"11,12,14,26"
6402,4,H8,Anada,35,Segre - Borriana,3284,13:36:28,36.47,10.433333333333334,626.0,
6034,3,H8,Anada,35,Segre - Borriana,3284,13:47:42,47.7,10.85,651.0,"26,31"
6406,4,H8,Anada,35,Segre - Borriana,3284,14:00:43,0.72,13.033333333266667,782.0,
6408,4,H8,Anada,35,Segre - Borriana,3284,14:15:40,15.67,14.933333333366667,896.0,
6215,4,H8,Anada,35,Segre - Borriana,3284,14:24:31,24.52,8.85,531.0,
6409,5,H8,Anada,35,Segre - Borriana,3284,14:40:46,40.77,16.266666666633334,976.0,19
6411,4,H8,Anada,35,Segre - Borriana,3284,14:53:07,53.12,11.349999999966666,681.0,
6204,4,H8,Anada,35,Segre - Borriana,3284,15:25:56,25.93,3.3499999999333334,201.0,"1,2,3,4,5,6,7,8,9,10,11,12,13,14,15,16,17,18,19,20,21,22,23,24,25,26,27,28,29,30,31,32,33,34,36,37,38,39"
6407,4,H8,Anada,35,Segre - Borriana,3284,15:28:43,28.72,2.7666666667,166.0,"36,37,38"
6415,4,H8,Anada,35,Segre - Borriana,3284,15:33:31,33.52,4.8166666666,289.0,
6028,4,H8,Anada,35,Segre - Borriana,3284,15:46:51,46.85,13.3166666667,799.0,
6802,4,H8,Anada,35,Segre - Borriana,3284,15:54:10,54.17,7.333333333300001,440.0,
6201,1,H8,Anada,35,Segre - Borriana,3284,16:01:23,1.38,7.200000000066667,432.0,"1,2,3,4,5,6,7,8,9,10,11"
6211,5,H8,Anada,35,Segre - Borriana,3284,16:06:05,6.08,4.7,282.0,
6217,3,H8,Anada,35,Segre - Borriana,3284,16:18:54,18.9,12.816666666633333,769.0,"1,2,3,4,5,6,7,8,19"
6800,2,H8,Anada,35,Segre - Borriana,3284,16:21:34,21.57,2.6666666666666665,160.0,
6402,5,H8,Anada,35,Segre - Borriana,3284,16:42:19,42.32,20.75,1245.0,
6027,4,H8,Anada,35,Segre - Borriana,3284,16:43:53,43.88,1.5666666667,94.0,1
6213,5,H8,Anada,35,Segre - Borriana,3284,16:45:48,45.8,1.9166666666666667,115.0,1
6034,4,H8,Anada,35,Segre - Borriana,3284,16:57:29,57.48,11.683333333333334,701.0,
6406,5,H8,Anada,35,Segre - Borriana,3284,17:00:04,0.07,2.5833333333333335,155.0,
6408,5,H8,Anada,35,Segre - Borriana,3284,17:07:13,7.22,7.166666666599999,430.0,
6075,3,H8,Anada,35,Segre - Borriana,3284,17:40:42,40.7,6.066666666733334,364.0,
6411,5,H8,Anada,35,Segre - Borriana,3284,17:48:18,48.3,7.6,456.0,
6409,6,H8,Anada,35,Segre - Borriana,3284,18:02:30,2.5,14.2,852.0,"24,25,26,28,29"
6407,5,H8,Anada,35,Segre - Borriana,3284,18:09:56,9.93,7.433333333333334,446.0,
6415,5,H8,Anada,35,Segre - Borriana,3284,18:29:27,29.45,18.549999999933334,1113.0,1
6028,5,H8,Anada,35,Segre - Borriana,3284,18:31:48,31.8,2.35,141.0,
6802,5,H8,Anada,35,Segre - Borriana,3284,18:47:17,47.28,15.4666666667,928.0,
6211,6,H8,Anada,35,Segre - Borriana,3284,18:57:08,57.13,9.85,591.0,
6800,3,H8,Anada,35,Segre - Borriana,3284,19:08:17,8.28,11.15,669.0,
6402,6,H8,Anada,35,Segre - Borriana,3284,19:26:47,26.78,18.366666666633332,1102.0,
6213,6,H8,Anada,35,Segre - Borriana,3284,19:28:04,28.07,1.2666666667333333,76.0,
6034,5,H8,Anada,35,Segre - Borriana,3284,19:40:10,40.17,12.099999999966666,726.0,9
6406,6,H8,Anada,35,Segre - Borriana,3284,19:55:12,55.2,15.049999999966667,903.0,
6408,6,H8,Anada,35,Segre - Borriana,3284,19:56:28,56.47,1.2500000000333331,75.0,
6215,6,H8,Anada,35,Segre - Borriana,3284,20:16:52,16.87,20.4,1224.0,
6075,4,H8,Anada,35,Segre - Borriana,3284,20:22:55,22.92,5.366666666666666,322.0,36
6411,6,H8,Anada,35,Segre - Borriana,3284,20:33:03,33.05,10.1333333333,608.0,"1,2,3,4,5,6,7"
6036,3,H8,Anada,35,Segre - Borriana,3284,20:42:10,42.17,9.116666666666667,547.0,
6117,1,H8,Anada,35,Segre - Borriana,3284,20:55:53,55.88,13.7166666667,823.0,
6415,6,H8,Anada,35,Segre - Borriana,3284,21:04:46,4.77,8.8833333333,533.0,
6211,7,H8,Anada,35,Segre - Borriana,3284,21:24:36,24.6,19.833333333366667,1190.0,
6217,5,H8,Anada,35,Segre - Borriana,3284,21:36:45,36.75,12.166666666600001,730.0,
6402,7,H8,Anada,35,Segre - Borriana,3284,21:52:16,52.27,15.500000000066667,930.0,
6034,6,H8,Anada,35,Segre - Borriana,3284,22:05:14,5.23,12.966666666666667,778.0,32
6408,7,H8,Anada,35,Segre - Borriana,3284,22:23:14,23.23,18.0,1080.0,"19,21,22,23"
6209,1,H8,Anada,36,Sant Adrià - Josep Soldevila,3282,04:00:42,0.7,,,"1,2,3,4,5,6,7,8,9,10,11,12,13,14,15,16,17,18,19,20"
6211,1,H8,Anada,36,Sant Adrià - Josep Soldevila,3282,04:13:44,13.73,13.016666666733332,781.0,"1,2,3,4,5,6,7,8,9,10"
6402,1,H8,Anada,36,Sant Adrià - Josep Soldevila,3282,04:30:28,30.47,16.7333333333,1004.0,1
6213,1,H8,Anada,36,Sant Adrià - Josep Soldevila,3282,04:38:11,38.18,7.716666666699999,463.0,
6406,1,H8,Anada,36,Sant Adrià - Josep Soldevila,3282,04:54:36,54.6,16.416666666633333,985.0,
6110,1,H8,Anada,36,Sant Adrià - Josep Soldevila,3282,05:03:25,3.42,8.816666666666666,529.0,1
6408,1,H8,Anada,36,Sant Adrià - Josep Soldevila,3282,05:11:01,11.02,7.6,456.0,
6215,1,H8,Anada,36,Sant Adrià - Josep Soldevila,3282,05:22:07,22.12,11.100000000033333,666.0,
6409,2,H8,Anada,36,Sant Adrià - Josep Soldevila,3282,05:28:13,28.22,6.1166666666,367.0,"9,17,18"
6217,1,H8,Anada,36,Sant Adrià - Josep Soldevila,3282,05:47:46,47.77,19.533333333399998,1172.0,1
6411,1,H8,Anada,36,Sant Adrià - Josep Soldevila,3282,05:51:31,51.52,3.75,225.0,
6407,1,H8,Anada,36,Sant Adrià - Josep Soldevila,3282,06:04:43,4.72,13.2,792.0,
6204,1,H8,Anada,36,Sant Adrià - Josep Soldevila,3282,06:07:24,7.4,2.6833333333,161.0,
6100,1,H8,Anada,36,Sant Adrià - Josep Soldevila,3282,06:17:42,17.7,10.300000000033332,618.0,
6415,1,H8,Anada,36,Sant Adrià - Josep Soldevila,3282,06:29:21,29.35,11.649999999966667,699.0,
6028,1,H8,Anada,36,Sant Adrià - Josep Soldevila,3282,06:46:00,46.0,16.666666666633333,1000.0,
6209,2,H8,Anada,36,Sant Adrià - Josep Soldevila,3282,07:04:18,4.3,17.549999999966666,1053.0,
6211,2,H8,Anada,36,Sant Adrià - Josep Soldevila,3282,07:10:24,10.4,6.100000000033333,366.0,
6401,1,H8,Anada,36,Sant Adrià - Josep Soldevila,3282,07:22:25,22.42,12.033333333266667,722.0,9
6027,1,H8,Anada,36,Sant Adrià - Josep Soldevila,3282,07:33:12,33.2,9.866666666633334,592.0,
6213,2,H8,Anada,36,Sant Adrià - Josep Soldevila,3282,07:40:54,40.9,7.683333333366666,461.0,
6408,2,H8,Anada,36,Sant Adrià - Josep Soldevila,3282,08:18:00,18.0,9.316666666666666,559.0,9
6215,2,H8,Anada,36,Sant Adrià - Josep Soldevila,3282,08:28:53,28.88,10.8666666667,652.0,
6409,3,H8,Anada,36,Sant Adrià - Josep Soldevila,3282,08:35:24,35.4,6.5166666667,391.0,
6217,2,H8,Anada,36,Sant Adrià - Josep Soldevila,3282,08:46:46,46.77,11.383333333266668,683.0,
6411,2,H8,Anada,36,Sant Adrià - Josep Soldevila,3282,08:57:16,57.27,10.5,630.0,
6407,2,H8,Anada,36,Sant Adrià - Josep Soldevila,3282,09:04:30,4.5,7.216666666699999,433.0,
6204,2,H8,Anada,36,Sant Adrià - Josep Soldevila,3282,09:17:32,17.53,13.049999999966667,783.0,
6415,2,H8,Anada,36,Sant Adrià - Josep Soldevila,3282,09:28:15,28.25,10.333333333366665,620.0,
6028,2,H8,Anada,36,Sant Adrià - Josep Soldevila,3282,09:53:42,53.7,25.466666666600002,1528.0,
6802,2,H8,Anada,36,Sant Adrià - Josep Soldevila,3282,09:55:35,55.58,1.8833333333333333,113.0,
6209,3,H8,Anada,36,Sant Adrià - Josep Soldevila,3282,10:09:16,9.27,13.6666666667,820.0,
6211,3,H8,Anada,36,Sant Adrià - Josep Soldevila,3282,10:14:33,14.55,5.283333333333333,317.0,
6402,3,H8,Anada,36,Sant Adrià - Josep Soldevila,3282,10:36:25,36.42,21.866666666666667,1312.0,1
6027,2,H8,Anada,36,Sant Adrià - Josep Soldevila,3282,10:40:11,40.18,3.7666666667,226.0,1
6213,3,H8,Anada,36,Sant Adrià - Josep Soldevila,3282,10:49:28,49.47,9.299999999933334,558.0,
6034,2,H8,Anada,36,Sant Adrià - Josep Soldevila,3282,10:58:11,58.18,8.700000000066666,522.0,
6406,3,H8,Anada,36,Sant Adrià - Josep Soldevila,3282,11:07:52,7.87,9.6833333333,581.0,
6408,3,H8,Anada,36,Sant Adrià - Josep Soldevila,3282,11:17:58,17.97,10.116666666633334,607.0,
6215,3,H8,Anada,36,Sant Adrià - Josep Soldevila,3282,11:30:01,30.02,12.0333333334,722.0,9
6409,4,H8,Anada,36,Sant Adrià - Josep Soldevila,3282,11:43:45,43.75,13.733333333300001,824.0,
6411,3,H8,Anada,36,Sant Adrià - Josep Soldevila,3282,11:58:16,58.27,14.5333333333,872.0,1
6407,3,H8,Anada,36,Sant Adrià - Josep Soldevila,3282,12:07:56,7.93,9.666666666666666,580.0,
6100,3,H8,Anada,36,Sant Adrià - Josep Soldevila,3282,12:22:58,22.97,15.016666666733332,901.0,
6415,3,H8,Anada,36,Sant Adrià - Josep Soldevila,3282,12:37:37,37.62,14.649999999966667,879.0,
6075,1,H8,Anada,36,Sant Adrià - Josep Soldevila,3282,12:38:57,38.95,1.3499999999833332,81.0,"1,2,3,4,5,6,7,8,9,10,11,12,13,14,15,16,17,18,19,20,21,22,23,24,25,26,27,28,29,30"
6028,3,H8,Anada,36,Sant Adrià - Josep Soldevila,3282,12:41:33,41.55,2.5833333333499997,155.0,
6802,3,H8,Anada,36,Sant Adrià - Josep Soldevila,3282,12:45:36,45.6,4.066666666633333,244.0,
6211,4,H8,Anada,36,Sant Adrià - Josep Soldevila,3282,13:12:31,12.52,1.0833333332666666,65.0,
6800,1,H8,Anada,36,Sant Adrià - Josep Soldevila,3282,13:14:43,14.72,2.183333333383333,131.0,
6213,4,H8,Anada,36,Sant Adrià - Josep Soldevila,3282,13:28:47,28.78,14.083333333283333,845.0,"11,12,14,26"
6402,4,H8,Anada,36,Sant Adrià - Josep Soldevila,3282,13:38:26,38.43,9.65,579.0,
6034,3,H8,Anada,36,Sant Adrià - Josep Soldevila,3282,13:50:52,50.87,12.3833333334,743.0,"26,31"
6406,4,H8,Anada,36,Sant Adrià - Josep Soldevila,3282,14:01:49,1.82,10.9666666666,658.0,
6408,4,H8,Anada,36,Sant Adrià - Josep Soldevila,3282,14:18:43,18.72,16.883333333366668,1013.0,
6215,4,H8,Anada,36,Sant Adrià - Josep Soldevila,3282,14:26:04,26.07,7.350000000033333,441.0,
6409,5,H8,Anada,36,Sant Adrià - Josep Soldevila,3282,14:43:35,43.58,17.516666666633334,1051.0,19
6075,2,H8,Anada,36,Sant Adrià - Josep Soldevila,3282,14:47:13,47.22,3.6499999999666666,219.0,"13,14"
6411,4,H8,Anada,36,Sant Adrià - Josep Soldevila,3282,14:55:26,55.43,8.200000000033333,492.0,
6415,4,H8,Anada,36,Sant Adrià - Josep Soldevila,3282,15:36:17,36.28,5.9,354.0,
6028,4,H8,Anada,36,Sant Adrià - Josep Soldevila,3282,15:49:36,49.6,13.3166666667,799.0,
6802,4,H8,Anada,36,Sant Adrià - Josep Soldevila,3282,15:57:11,57.18,7.583333333333333,455.0,
6201,1,H8,Anada,36,Sant Adrià - Josep Soldevila,3282,16:03:35,3.58,6.399999999966667,384.0,"1,2,3,4,5,6,7,8,9,10,11"
6211,5,H8,Anada,36,Sant Adrià - Josep Soldevila,3282,16:08:44,8.73,5.166666666633334,310.0,
6217,3,H8,Anada,36,Sant Adrià - Josep Soldevila,3282,16:22:11,22.18,13.433333333399998,806.0,"1,2,3,4,5,6,7,8,19"
6800,2,H8,Anada,36,Sant Adrià - Josep Soldevila,3282,16:24:06,24.1,1.9333333332666667,116.0,
6402,5,H8,Anada,36,Sant Adrià - Josep Soldevila,3282,16:44:52,44.87,20.750000000066667,1245.0,
6027,4,H8,Anada,36,Sant Adrià - Josep Soldevila,3282,16:45:54,45.9,1.0333333333333334,62.0,1
6213,5,H8,Anada,36,Sant Adrià - Josep Soldevila,3282,16:50:15,50.25,4.349999999966667,261.0,1
6034,4,H8,Anada,36,Sant Adrià - Josep Soldevila,3282,16:59:58,59.97,9.716666666666667,583.0,
6406,5,H8,Anada,36,Sant Adrià - Josep Soldevila,3282,17:01:43,1.72,1.7500000000333331,105.0,
6408,5,H8,Anada,36,Sant Adrià - Josep Soldevila,3282,17:10:38,10.63,8.933333333266667,536.0,
6075,3,H8,Anada,36,Sant Adrià - Josep Soldevila,3282,17:42:47,42.78,5.116666666633334,307.0,
6411,5,H8,Anada,36,Sant Adrià - Josep Soldevila,3282,17:50:54,50.9,8.100000000066666,486.0,
6409,6,H8,Anada,36,Sant Adrià - Josep Soldevila,3282,18:04:45,4.75,13.85,831.0,"24,25,26,28,29"
6407,5,H8,Anada,36,Sant Adrià - Josep Soldevila,3282,18:11:52,11.87,7.116666666666666,427.0,
6036,2,H8,Anada,36,Sant Adrià - Josep Soldevila,3282,18:14:19,14.32,2.4499999999666664,147.0,"11,13,14,15,16"
6415,5,H8,Anada,36,Sant Adrià - Josep Soldevila,3282,18:32:48,32.8,18.483333333333334,1109.0,1
6028,5,H8,Anada,36,Sant Adrià - Josep Soldevila,3282,18:34:26,34.43,1.6499999999666668,99.0,
6802,5,H8,Anada,36,Sant Adrià - Josep Soldevila,3282,18:48:55,48.92,14.466666666733333,868.0,
6211,6,H8,Anada,36,Sant Adrià - Josep Soldevila,3282,18:59:19,59.32,10.399999999966667,624.0,
6217,4,H8,Anada,36,Sant Adrià - Josep Soldevila,3282,19:11:00,11.0,11.699999999966668,702.0,
6402,6,H8,Anada,36,Sant Adrià - Josep Soldevila,3282,19:28:53,28.88,17.50000000003333,1050.0,
6213,6,H8,Anada,36,Sant Adrià - Josep Soldevila,3282,19:30:31,30.52,1.6499999999333332,99.0,
6034,5,H8,Anada,36,Sant Adrià - Josep Soldevila,3282,19:42:18,42.3,11.766666666699999,706.0,9
6406,6,H8,Anada,36,Sant Adrià - Josep Soldevila,3282,19:57:54,57.9,15.616666666633334,937.0,
6408,6,H8,Anada,36,Sant Adrià - Josep Soldevila,3282,19:59:10,59.17,1.2500000000666667,75.0,
6215,6,H8,Anada,36,Sant Adrià - Josep Soldevila,3282,20:18:46,18.77,19.599999999966666,1176.0,
6409,8,H8,Anada,36,Sant Adrià - Josep Soldevila,3282,20:19:54,19.9,1.1333333333666666,68.0,"16,17"
6411,6,H8,Anada,36,Sant Adrià - Josep Soldevila,3282,20:35:06,35.1,15.2,912.0,"1,2,3,4,5,6,7"
6036,3,H8,Anada,36,Sant Adrià - Josep Soldevila,3282,20:44:08,44.13,9.0333333333,542.0,
6117,1,H8,Anada,36,Sant Adrià - Josep Soldevila,3282,20:57:13,57.22,13.099999999966666,786.0,
6415,6,H8,Anada,36,Sant Adrià - Josep Soldevila,3282,21:06:22,6.37,9.1333333334,548.0,
6211,7,H8,Anada,36,Sant Adrià - Josep Soldevila,3282,21:26:20,26.33,19.966666666633333,1198.0,
6217,5,H8,Anada,36,Sant Adrià - Josep Soldevila,3282,21:38:06,38.1,11.766666666666667,706.0,
6402,7,H8,Anada,36,Sant Adrià - Josep Soldevila,3282,21:53:13,53.22,15.1333333333,908.0,
6034,6,H8,Anada,36,Sant Adrià - Josep Soldevila,3282,22:07:11,7.18,13.950000000033333,837.0,32
6408,7,H8,Anada,36,Sant Adrià - Josep Soldevila,3282,22:25:01,25.02,17.833333333366667,1070.0,"19,21,22,23"
6209,1,H8,Anada,37,Ferran Junoy - Sant Adrià,2583,04:01:27,1.45,,,"1,2,3,4,5,6,7,8,9,10,11,12,13,14,15,16,17,18,19,20"
6211,1,H8,Anada,37,Ferran Junoy - Sant Adrià,2583,04:15:35,15.58,14.1166666667,847.0,"1,2,3,4,5,6,7,8,9,10"
6402,1,H8,Anada,37,Ferran Junoy - Sant Adrià,2583,04:32:04,32.07,16.483333333333334,989.0,1
6213,1,H8,Anada,37,Ferran Junoy - Sant Adrià,2583,04:38:56,38.93,6.8833333333,413.0,
6406,1,H8,Anada,37,Ferran Junoy - Sant Adrià,2583,04:56:47,56.78,17.85,1071.0,
6110,1,H8,Anada,37,Ferran Junoy - Sant Adrià,2583,05:04:17,4.28,7.4833333334,449.0,1
6408,1,H8,Anada,37,Ferran Junoy - Sant Adrià,2583,05:11:51,11.85,7.583333333266666,455.0,
6215,1,H8,Anada,37,Ferran Junoy - Sant Adrià,2583,05:23:52,23.87,12.000000000033333,720.0,
6409,2,H8,Anada,37,Ferran Junoy - Sant Adrià,2583,05:29:58,29.97,6.1,366.0,"9,17,18"
6217,1,H8,Anada,37,Ferran Junoy - Sant Adrià,2583,05:48:29,48.48,18.5166666667,1111.0,1
6411,1,H8,Anada,37,Ferran Junoy - Sant Adrià,2583,05:54:16,54.27,5.799999999933333,348.0,
6407,1,H8,Anada,37,Ferran Junoy - Sant Adrià,2583,06:06:21,6.35,12.083333333333334,725.0,
6204,1,H8,Anada,37,Ferran Junoy - Sant Adrià,2583,06:09:15,9.25,2.8833333333666666,173.0,
6100,1,H8,Anada,37,Ferran Junoy - Sant Adrià,2583,06:19:45,19.75,10.5,630.0,
6415,1,H8,Anada,37,Ferran Junoy - Sant Adrià,2583,06:30:53,30.88,11.149999999966667,669.0,
6028,1,H8,Anada,37,Ferran Junoy - Sant Adrià,2583,06:47:14,47.23,16.3333333334,980.0,
6802,1,H8,Anada,37,Ferran Junoy - Sant Adrià,2583,06:49:24,49.4,2.1666666666666665,130.0,
6209,2,H8,Anada,37,Ferran Junoy - Sant Adrià,2583,07:05:49,5.82,16.416666666666668,985.0,
6211,2,H8,Anada,37,Ferran Junoy - Sant Adrià,2583,07:12:19,12.32,6.5,390.0,
6401,1,H8,Anada,37,Ferran Junoy - Sant Adrià,2583,07:24:05,24.08,11.766666666666667,706.0,9
6402,2,H8,Anada,37,Ferran Junoy - Sant Adrià,2583,07:25:21,25.35,1.2666666666333335,76.0,
6027,1,H8,Anada,37,Ferran Junoy - Sant Adrià,2583,07:33:15,33.25,7.900000000033333,474.0,
6213,2,H8,Anada,37,Ferran Junoy - Sant Adrià,2583,07:43:15,43.25,9.999999999966667,600.0,
6034,1,H8,Anada,37,Ferran Junoy - Sant Adrià,2583,07:52:18,52.3,9.05,543.0,36
6110,2,H8,Anada,37,Ferran Junoy - Sant Adrià,2583,08:09:52,9.87,17.566666666699998,1054.0,
6406,2,H8,Anada,37,Ferran Junoy - Sant Adrià,2583,08:10:56,10.93,1.0666666666666667,64.0,33
6408,2,H8,Anada,37,Ferran Junoy - Sant Adrià,2583,08:18:30,18.5,7.566666666633334,454.0,9
6215,2,H8,Anada,37,Ferran Junoy - Sant Adrià,2583,08:30:17,30.28,11.783333333366667,707.0,
6409,3,H8,Anada,37,Ferran Junoy - Sant Adrià,2583,08:36:58,36.97,6.683333333333334,401.0,
6217,2,H8,Anada,37,Ferran Junoy - Sant Adrià,2583,08:49:05,49.08,12.133333333266668,728.0,
6411,2,H8,Anada,37,Ferran Junoy - Sant Adrià,2583,08:58:40,58.67,9.566666666733333,574.0,
6407,2,H8,Anada,37,Ferran Junoy - Sant Adrià,2583,09:05:37,5.62,6.95,417.0,
6204,2,H8,Anada,37,Ferran Junoy - Sant Adrià,2583,09:19:32,19.53,13.916666666633335,835.0,
6415,2,H8,Anada,37,Ferran Junoy - Sant Adrià,2583,09:28:39,28.65,9.116666666666667,547.0,
6802,2,H8,Anada,37,Ferran Junoy - Sant Adrià,2583,09:57:05,57.08,1.7,102.0,
6209,3,H8,Anada,37,Ferran Junoy - Sant Adrià,2583,10:11:27,11.45,14.366666666633334,862.0,
6211,3,H8,Anada,37,Ferran Junoy - Sant Adrià,2583,10:17:09,17.15,5.700000000033333,342.0,
6402,3,H8,Anada,37,Ferran Junoy - Sant Adrià,2583,10:37:35,37.58,20.433333333300002,1226.0,1
6027,2,H8,Anada,37,Ferran Junoy - Sant Adrià,2583,10:41:00,41.0,3.4333333333,206.0,1
6213,3,H8,Anada,37,Ferran Junoy - Sant Adrià,2583,10:51:37,51.62,10.600000000066666,636.0,
6034,2,H8,Anada,37,Ferran Junoy - Sant Adrià,2583,10:58:42,58.7,7.083333333333333,425.0,
6406,3,H8,Anada,37,Ferran Junoy - Sant Adrià,2583,11:09:51,9.85,11.149999999966667,669.0,
6408,3,H8,Anada,37,Ferran Junoy - Sant Adrià,2583,11:20:43,20.72,10.8666666667,652.0,
6215,3,H8,Anada,37,Ferran Junoy - Sant Adrià,2583,11:31:24,31.4,10.69999999995,642.0,9
6409,4,H8,Anada,37,Ferran Junoy - Sant Adrià,2583,11:45:56,45.93,14.516666666683333,871.0,
6411,3,H8,Anada,37,Ferran Junoy - Sant Adrià,2583,11:59:53,59.88,13.95,837.0,1
6407,3,H8,Anada,37,Ferran Junoy - Sant Adrià,2583,12:09:39,9.65,9.766666666699999,586.0,
6100,3,H8,Anada,37,Ferran Junoy - Sant Adrià,2583,12:25:40,25.67,16.03333333326667,962.0,
6415,3,H8,Anada,37,Ferran Junoy - Sant Adrià,2583,12:39:37,39.62,13.933333333366667,836.0,
6075,1,H8,Anada,37,Ferran Junoy - Sant Adrià,2583,12:40:44,40.73,1.1333333333000002,68.0,"1,2,3,4,5,6,7,8,9,10,11,12,13,14,15,16,17,18,19,20,21,22,23,24,25,26,27,28,29,30"
6028,3,H8,Anada,37,Ferran Junoy - Sant Adrià,2583,12:43:13,43.22,2.466666666733333,148.0,
6802,3,H8,Anada,37,Ferran Junoy - Sant Adrià,2583,12:47:33,47.55,4.349999999933333,261.0,
6211,4,H8,Anada,37,Ferran Junoy - Sant Adrià,2583,13:14:38,14.63,1.3166666666333335,79.0,
6800,1,H8,Anada,37,Ferran Junoy - Sant Adrià,2583,13:17:09,17.15,2.5000000000666662,150.0,
6213,4,H8,Anada,37,Ferran Junoy - Sant Adrià,2583,13:29:30,29.5,12.366666666583335,742.0,"11,12,14,26"
6402,4,H8,Anada,37,Ferran Junoy - Sant Adrià,2583,13:40:03,40.05,10.550000000016666,633.0,
6034,3,H8,Anada,37,Ferran Junoy - Sant Adrià,2583,13:52:21,52.35,12.199999999966668,732.0,"26,31"
6406,4,H8,Anada,37,Ferran Junoy - Sant Adrià,2583,14:04:45,4.75,12.416666666633335,745.0,
6408,4,H8,Anada,37,Ferran Junoy - Sant Adrià,2583,14:20:30,20.5,15.750000000016666,945.0,
6215,4,H8,Anada,37,Ferran Junoy - Sant Adrià,2583,14:27:55,27.92,7.41666666665,445.0,
6409,5,H8,Anada,37,Ferran Junoy - Sant Adrià,2583,14:46:40,46.67,18.7333333334,1124.0,19
6075,2,H8,Anada,37,Ferran Junoy - Sant Adrià,2583,14:49:07,49.12,2.4666666666,148.0,"13,14"
6411,4,H8,Anada,37,Ferran Junoy - Sant Adrià,2583,14:55:47,55.78,6.650000000066667,399.0,
6415,4,H8,Anada,37,Ferran Junoy - Sant Adrià,2583,15:39:48,39.8,7.633333333333334,458.0,
6028,4,H8,Anada,37,Ferran Junoy - Sant Adrià,2583,15:52:45,52.75,12.950000000033333,777.0,
6802,4,H8,Anada,37,Ferran Junoy - Sant Adrià,2583,15:59:33,59.55,6.8166666666,409.0,
6201,1,H8,Anada,37,Ferran Junoy - Sant Adrià,2583,16:05:41,5.68,6.116666666733334,367.0,"1,2,3,4,5,6,7,8,9,10,11"
6211,5,H8,Anada,37,Ferran Junoy - Sant Adrià,2583,16:11:43,11.72,6.049999999933333,363.0,
6217,3,H8,Anada,37,Ferran Junoy - Sant Adrià,2583,16:23:54,23.9,12.183333333333334,731.0,"1,2,3,4,5,6,7,8,19"
6800,2,H8,Anada,37,Ferran Junoy - Sant Adrià,2583,16:25:53,25.88,1.9833333333333334,119.0,
6402,5,H8,Anada,37,Ferran Junoy - Sant Adrià,2583,16:46:36,46.6,20.700000000066666,1242.0,
6027,4,H8,Anada,37,Ferran Junoy - Sant Adrià,2583,16:47:50,47.83,1.2333333333,74.0,1
6213,5,H8,Anada,37,Ferran Junoy - Sant Adrià,2583,16:51:53,51.88,4.050000000033333,243.0,1
6034,4,H8,Anada,37,Ferran Junoy - Sant Adrià,2583,17:00:16,0.27,8.3833333333,503.0,
6406,5,H8,Anada,37,Ferran Junoy - Sant Adrià,2583,17:02:57,2.95,2.683333333366667,161.0,
6408,5,H8,Anada,37,Ferran Junoy - Sant Adrià,2583,17:12:40,12.67,9.716666666666667,583.0,
6075,3,H8,Anada,37,Ferran Junoy - Sant Adrià,2583,17:44:12,44.2,5.15,309.0,
6411,5,H8,Anada,37,Ferran Junoy - Sant Adrià,2583,17:53:37,53.62,9.4333333333,566.0,
6409,6,H8,Anada,37,Ferran Junoy - Sant Adrià,2583,18:06:17,6.28,12.650000000033334,759.0,"24,25,26,28,29"
6407,5,H8,Anada,37,Ferran Junoy - Sant Adrià,2583,18:13:56,13.93,7.666666666633334,460.0,
6415,5,H8,Anada,37,Ferran Junoy - Sant Adrià,2583,18:36:10,36.17,21.366666666666667,1282.0,1
6028,5,H8,Anada,37,Ferran Junoy - Sant Adrià,2583,18:37:57,37.95,1.79999999995,108.0,
6802,5,H8,Anada,37,Ferran Junoy - Sant Adrià,2583,18:50:41,50.68,12.716666666716666,763.0,
6211,6,H8,Anada,37,Ferran Junoy - Sant Adrià,2583,19:01:27,1.45,10.766666666666667,646.0,
6217,4,H8,Anada,37,Ferran Junoy - Sant Adrià,2583,19:11:45,11.75,10.316666666633333,619.0,
6800,3,H8,Anada,37,Ferran Junoy - Sant Adrià,2583,19:13:55,13.92,2.1500000000666666,129.0,
6402,6,H8,Anada,37,Ferran Junoy - Sant Adrià,2583,19:30:01,30.02,16.1,966.0,
6213,6,H8,Anada,37,Ferran Junoy - Sant Adrià,2583,19:31:53,31.88,1.8666666666666667,112.0,
6034,5,H8,Anada,37,Ferran Junoy - Sant Adrià,2583,19:43:01,43.02,11.149999999933334,669.0,9
6406,6,H8,Anada,37,Ferran Junoy - Sant Adrià,2583,19:59:16,59.27,16.25,975.0,
6408,6,H8,Anada,37,Ferran Junoy - Sant Adrià,2583,20:00:53,0.88,1.6000000000333332,96.0,
6215,6,H8,Anada,37,Ferran Junoy - Sant Adrià,2583,20:20:33,20.55,19.683333333300002,1181.0,
6409,8,H8,Anada,37,Ferran Junoy - Sant Adrià,2583,20:21:40,21.67,1.1166666666666667,67.0,"16,17"
6075,4,H8,Anada,37,Ferran Junoy - Sant Adrià,2583,20:24:58,24.97,3.3,198.0,36
6411,6,H8,Anada,37,Ferran Junoy - Sant Adrià,2583,20:35:25,35.42,10.433333333366667,626.0,"1,2,3,4,5,6,7"
6036,3,H8,Anada,37,Ferran Junoy - Sant Adrià,2583,20:44:41,44.68,9.266666666666667,556.0,
6117,1,H8,Anada,37,Ferran Junoy - Sant Adrià,2583,20:59:35,59.58,14.900000000033334,894.0,
6415,6,H8,Anada,37,Ferran Junoy - Sant Adrià,2583,21:07:26,7.43,7.85,471.0,
6211,7,H8,Anada,37,Ferran Junoy - Sant Adrià,2583,21:27:12,27.2,19.766666666666666,1186.0,
6217,5,H8,Anada,37,Ferran Junoy - Sant Adrià,2583,21:38:48,38.8,11.6,696.0,
6402,7,H8,Anada,37,Ferran Junoy - Sant Adrià,2583,21:54:13,54.22,15.433333333266667,926.0,
6034,6,H8,Anada,37,Ferran Junoy - Sant Adrià,2583,22:09:03,9.05,14.8166666667,889.0,32
6408,7,H8,Anada,37,Ferran Junoy - Sant Adrià,2583,22:25:57,25.95,16.916666666633333,1015.0,"19,21,22,23"
6209,1,H8,Anada,38,Sao Paulo - Centre Comercial La Maquinista,2590,04:02:46,2.77,,,"1,2,3,4,5,6,7,8,9,10,11,12,13,14,15,16,17,18,19,20"
6211,1,H8,Anada,38,Sao Paulo - Centre Comercial La Maquinista,2590,04:17:03,17.05,14.299999999933334,858.0,"1,2,3,4,5,6,7,8,9,10"
6402,1,H8,Anada,38,Sao Paulo - Centre Comercial La Maquinista,2590,04:33:49,33.82,16.750000000066667,1005.0,1
6213,1,H8,Anada,38,Sao Paulo - Centre Comercial La Maquinista,2590,04:40:07,40.12,6.299999999983333,378.0,
6406,1,H8,Anada,38,Sao Paulo - Centre Comercial La Maquinista,2590,04:58:11,58.18,18.06666666665,1084.0,
6110,1,H8,Anada,38,Sao Paulo - Centre Comercial La Maquinista,2590,05:05:44,5.73,7.55,453.0,1
6408,1,H8,Anada,38,Sao Paulo - Centre Comercial La Maquinista,2590,05:13:08,13.13,7.4,444.0,
6215,1,H8,Anada,38,Sao Paulo - Centre Comercial La Maquinista,2590,05:25:58,25.97,12.849999999966666,771.0,
6409,2,H8,Anada,38,Sao Paulo - Centre Comercial La Maquinista,2590,05:31:45,31.75,5.7666666667,346.0,"9,17,18"
6217,1,H8,Anada,38,Sao Paulo - Centre Comercial La Maquinista,2590,05:50:15,50.25,18.51666666661667,1111.0,1
6411,1,H8,Anada,38,Sao Paulo - Centre Comercial La Maquinista,2590,05:55:33,55.55,5.283333333383334,317.0,
6407,1,H8,Anada,38,Sao Paulo - Centre Comercial La Maquinista,2590,06:08:12,8.2,12.650000000033334,759.0,
6204,1,H8,Anada,38,Sao Paulo - Centre Comercial La Maquinista,2590,06:11:11,11.18,2.9833333333,179.0,
6100,1,H8,Anada,38,Sao Paulo - Centre Comercial La Maquinista,2590,06:21:57,21.95,10.766666666666667,646.0,
6415,1,H8,Anada,38,Sao Paulo - Centre Comercial La Maquinista,2590,06:33:01,33.02,11.066666666666666,664.0,
6028,1,H8,Anada,38,Sao Paulo - Centre Comercial La Maquinista,2590,06:49:16,49.27,16.25,975.0,
6802,1,H8,Anada,38,Sao Paulo - Centre Comercial La Maquinista,2590,06:51:12,51.2,1.9333333333333333,116.0,
6209,2,H8,Anada,38,Sao Paulo - Centre Comercial La Maquinista,2590,07:08:16,8.27,17.066666666666666,1024.0,
6211,2,H8,Anada,38,Sao Paulo - Centre Comercial La Maquinista,2590,07:15:10,15.17,6.916666666633334,415.0,
6401,1,H8,Anada,38,Sao Paulo - Centre Comercial La Maquinista,2590,07:25:43,25.72,10.5333333334,632.0,9
6402,2,H8,Anada,38,Sao Paulo - Centre Comercial La Maquinista,2590,07:26:46,26.77,1.0666666666,64.0,
6027,1,H8,Anada,38,Sao Paulo - Centre Comercial La Maquinista,2590,07:35:55,35.92,9.133333333366666,548.0,
6213,2,H8,Anada,38,Sao Paulo - Centre Comercial La Maquinista,2590,07:45:27,45.45,9.533333333366667,572.0,
6034,1,H8,Anada,38,Sao Paulo - Centre Comercial La Maquinista,2590,07:55:02,55.03,9.5833333333,575.0,36
6406,2,H8,Anada,38,Sao Paulo - Centre Comercial La Maquinista,2590,08:12:23,12.38,17.35,1041.0,33
6408,2,H8,Anada,38,Sao Paulo - Centre Comercial La Maquinista,2590,08:21:19,21.32,8.666666666633335,520.0,9
6215,2,H8,Anada,38,Sao Paulo - Centre Comercial La Maquinista,2590,08:32:26,32.43,11.1166666667,667.0,
6409,3,H8,Anada,38,Sao Paulo - Centre Comercial La Maquinista,2590,08:38:28,38.47,6.033333333300001,362.0,
6217,2,H8,Anada,38,Sao Paulo - Centre Comercial La Maquinista,2590,08:51:37,51.62,13.166666666633335,790.0,
6411,2,H8,Anada,38,Sao Paulo - Centre Comercial La Maquinista,2590,09:00:40,0.67,9.0333333334,542.0,
6407,2,H8,Anada,38,Sao Paulo - Centre Comercial La Maquinista,2590,09:07:31,7.52,6.849999999966667,411.0,
6100,2,H8,Anada,38,Sao Paulo - Centre Comercial La Maquinista,2590,09:21:39,21.65,14.133333333333333,848.0,"1,2,3"
6415,2,H8,Anada,38,Sao Paulo - Centre Comercial La Maquinista,2590,09:30:39,30.65,8.6166666667,517.0,
6028,2,H8,Anada,38,Sao Paulo - Centre Comercial La Maquinista,2590,09:56:11,56.18,25.533333333333335,1532.0,
6802,2,H8,Anada,38,Sao Paulo - Centre Comercial La Maquinista,2590,09:59:22,59.37,3.1999999999166664,192.0,
6209,3,H8,Anada,38,Sao Paulo - Centre Comercial La Maquinista,2590,10:14:34,14.57,15.2,912.0,
6211,3,H8,Anada,38,Sao Paulo - Centre Comercial La Maquinista,2590,10:18:27,18.45,3.88333333335,233.0,
6402,3,H8,Anada,38,Sao Paulo - Centre Comercial La Maquinista,2590,10:39:40,39.67,21.200000000033334,1272.0,1
6027,2,H8,Anada,38,Sao Paulo - Centre Comercial La Maquinista,2590,10:42:30,42.5,2.833333333366667,170.0,1
6213,3,H8,Anada,38,Sao Paulo - Centre Comercial La Maquinista,2590,10:54:40,54.67,12.166666666633335,730.0,
6034,2,H8,Anada,38,Sao Paulo - Centre Comercial La Maquinista,2590,11:00:35,0.58,5.916666666666667,355.0,
6406,3,H8,Anada,38,Sao Paulo - Centre Comercial La Maquinista,2590,11:11:49,11.82,11.233333333366666,674.0,
6408,3,H8,Anada,38,Sao Paulo - Centre Comercial La Maquinista,2590,11:23:15,23.25,11.433333333333334,686.0,
6215,3,H8,Anada,38,Sao Paulo - Centre Comercial La Maquinista,2590,11:33:21,33.35,10.1,606.0,9
6409,4,H8,Anada,38,Sao Paulo - Centre Comercial La Maquinista,2590,11:48:23,48.38,15.049999999933334,903.0,
6411,3,H8,Anada,38,Sao Paulo - Centre Comercial La Maquinista,2590,12:02:25,2.42,14.016666666733332,841.0,1
6407,3,H8,Anada,38,Sao Paulo - Centre Comercial La Maquinista,2590,12:11:59,11.98,9.566666666633333,574.0,
6100,3,H8,Anada,38,Sao Paulo - Centre Comercial La Maquinista,2590,12:27:41,27.68,15.700000000016667,942.0,
6415,3,H8,Anada,38,Sao Paulo - Centre Comercial La Maquinista,2590,12:42:01,42.02,14.33333333335,860.0,
6075,1,H8,Anada,38,Sao Paulo - Centre Comercial La Maquinista,2590,12:43:05,43.08,1.0833333332666666,65.0,"1,2,3,4,5,6,7,8,9,10,11,12,13,14,15,16,17,18,19,20,21,22,23,24,25,26,27,28,29,30"
6028,3,H8,Anada,38,Sao Paulo - Centre Comercial La Maquinista,2590,12:44:49,44.82,1.7166666667333332,103.0,
6802,3,H8,Anada,38,Sao Paulo - Centre Comercial La Maquinista,2590,12:49:06,49.1,4.283333333333333,257.0,
6800,1,H8,Anada,38,Sao Paulo - Centre Comercial La Maquinista,2590,13:19:42,19.7,3.5999999999666668,216.0,
6213,4,H8,Anada,38,Sao Paulo - Centre Comercial La Maquinista,2590,13:32:06,32.1,12.4,744.0,"11,12,14,26"
6402,4,H8,Anada,38,Sao Paulo - Centre Comercial La Maquinista,2590,13:42:31,42.52,10.4166666667,625.0,
6034,3,H8,Anada,38,Sao Paulo - Centre Comercial La Maquinista,2590,13:52:27,52.45,9.799999999933334,588.0,"26,31"
6406,4,H8,Anada,38,Sao Paulo - Centre Comercial La Maquinista,2590,14:07:46,7.77,15.316666666666666,919.0,
6408,4,H8,Anada,38,Sao Paulo - Centre Comercial La Maquinista,2590,14:23:17,23.28,15.500000000033333,930.0,
6215,4,H8,Anada,38,Sao Paulo - Centre Comercial La Maquinista,2590,14:29:03,29.05,5.7666666667,346.0,
6409,5,H8,Anada,38,Sao Paulo - Centre Comercial La Maquinista,2590,14:48:33,48.55,19.5,1170.0,19
6075,2,H8,Anada,38,Sao Paulo - Centre Comercial La Maquinista,2590,14:50:46,50.77,2.216666666633333,133.0,"13,14"
6411,4,H8,Anada,38,Sao Paulo - Centre Comercial La Maquinista,2590,14:58:08,58.13,7.3666666667,442.0,
6100,4,H8,Anada,38,Sao Paulo - Centre Comercial La Maquinista,2590,15:35:44,35.73,1.2333333333,74.0,
6415,4,H8,Anada,38,Sao Paulo - Centre Comercial La Maquinista,2590,15:42:46,42.77,7.0333333333666666,422.0,
6028,4,H8,Anada,38,Sao Paulo - Centre Comercial La Maquinista,2590,15:55:49,55.82,13.049999999966667,783.0,
6802,4,H8,Anada,38,Sao Paulo - Centre Comercial La Maquinista,2590,16:01:31,1.52,5.7,342.0,
6201,1,H8,Anada,38,Sao Paulo - Centre Comercial La Maquinista,2590,16:07:49,7.82,6.300000000033333,378.0,"1,2,3,4,5,6,7,8,9,10,11"
6211,5,H8,Anada,38,Sao Paulo - Centre Comercial La Maquinista,2590,16:13:34,13.57,5.749999999966667,345.0,
6217,3,H8,Anada,38,Sao Paulo - Centre Comercial La Maquinista,2590,16:26:04,26.07,12.5,750.0,"1,2,3,4,5,6,7,8,19"
6800,2,H8,Anada,38,Sao Paulo - Centre Comercial La Maquinista,2590,16:28:52,28.87,2.8,168.0,
6402,5,H8,Anada,38,Sao Paulo - Centre Comercial La Maquinista,2590,16:50:51,50.85,21.983333333366666,1319.0,
6213,5,H8,Anada,38,Sao Paulo - Centre Comercial La Maquinista,2590,16:54:43,54.72,2.9333333333,176.0,1
6034,4,H8,Anada,38,Sao Paulo - Centre Comercial La Maquinista,2590,17:02:48,2.8,8.083333333366665,485.0,
6406,5,H8,Anada,38,Sao Paulo - Centre Comercial La Maquinista,2590,17:06:04,6.07,3.2666666666333333,196.0,
6408,5,H8,Anada,38,Sao Paulo - Centre Comercial La Maquinista,2590,17:14:18,14.3,8.233333333333333,494.0,
6075,3,H8,Anada,38,Sao Paulo - Centre Comercial La Maquinista,2590,17:46:45,46.75,5.099999999966667,306.0,
6411,5,H8,Anada,38,Sao Paulo - Centre Comercial La Maquinista,2590,17:55:54,55.9,9.133333333366666,548.0,
6409,6,H8,Anada,38,Sao Paulo - Centre Comercial La Maquinista,2590,18:08:48,8.8,12.900000000033334,774.0,"24,25,26,28,29"
6407,5,H8,Anada,38,Sao Paulo - Centre Comercial La Maquinista,2590,18:16:25,16.42,7.616666666633334,457.0,
6415,5,H8,Anada,38,Sao Paulo - Centre Comercial La Maquinista,2590,18:38:02,38.03,21.4166666667,1285.0,1
6028,5,H8,Anada,38,Sao Paulo - Centre Comercial La Maquinista,2590,18:40:04,40.07,2.033333333333333,122.0,
6802,5,H8,Anada,38,Sao Paulo - Centre Comercial La Maquinista,2590,18:52:56,52.93,12.866666666633334,772.0,
6211,6,H8,Anada,38,Sao Paulo - Centre Comercial La Maquinista,2590,19:04:16,4.27,11.333333333366665,680.0,
6217,4,H8,Anada,38,Sao Paulo - Centre Comercial La Maquinista,2590,19:14:07,14.12,9.85,591.0,
6402,6,H8,Anada,38,Sao Paulo - Centre Comercial La Maquinista,2590,19:32:23,32.38,17.4333333334,1046.0,
6213,6,H8,Anada,38,Sao Paulo - Centre Comercial La Maquinista,2590,19:33:49,33.82,1.4333333333,86.0,
6034,5,H8,Anada,38,Sao Paulo - Centre Comercial La Maquinista,2590,19:45:26,45.43,11.616666666666667,697.0,9
6406,6,H8,Anada,38,Sao Paulo - Centre Comercial La Maquinista,2590,20:01:10,1.17,15.733333333366666,944.0,
6215,6,H8,Anada,38,Sao Paulo - Centre Comercial La Maquinista,2590,20:22:45,22.75,20.91666666673333,1255.0,
6075,4,H8,Anada,38,Sao Paulo - Centre Comercial La Maquinista,2590,20:27:17,27.28,3.96666666665,238.0,36
6411,6,H8,Anada,38,Sao Paulo - Centre Comercial La Maquinista,2590,20:37:10,37.17,9.88333333335,593.0,"1,2,3,4,5,6,7"
6036,3,H8,Anada,38,Sao Paulo - Centre Comercial La Maquinista,2590,20:46:12,46.2,9.0333333333,542.0,
6117,1,H8,Anada,38,Sao Paulo - Centre Comercial La Maquinista,2590,21:00:57,0.95,14.75,885.0,
6415,6,H8,Anada,38,Sao Paulo - Centre Comercial La Maquinista,2590,21:08:49,8.82,7.8833333333,473.0,
6211,7,H8,Anada,38,Sao Paulo - Centre Comercial La Maquinista,2590,21:28:21,28.35,19.533333333333335,1172.0,
6217,5,H8,Anada,38,Sao Paulo - Centre Comercial La Maquinista,2590,21:40:13,40.22,11.850000000033333,711.0,
6402,7,H8,Anada,38,Sao Paulo - Centre Comercial La Maquinista,2590,21:56:10,56.17,15.950000000033333,957.0,
6034,6,H8,Anada,38,Sao Paulo - Centre Comercial La Maquinista,2590,22:11:02,11.03,14.883333333266668,893.0,32
6408,7,H8,Anada,38,Sao Paulo - Centre Comercial La Maquinista,2590,22:28:16,28.27,17.2166666667,1033.0,"19,21,22,23"
6209,1,H8,Anada,39,Lima - Ciutat d'Asunción,603,04:04:26,4.43,,,"1,2,3,4,5,6,7,8,9,10,11,12,13,14,15,16,17,18,19,20"
6211,1,H8,Anada,39,Lima - Ciutat d'Asunción,603,04:18:18,18.3,13.866666666666667,832.0,"1,2,3,4,5,6,7,8,9,10"
6402,1,H8,Anada,39,Lima - Ciutat d'Asunción,603,04:35:01,35.02,16.700000000033334,1002.0,1
6213,1,H8,Anada,39,Lima - Ciutat d'Asunción,603,04:41:42,41.7,6.699999999966667,402.0,
6406,1,H8,Anada,39,Lima - Ciutat d'Asunción,603,04:59:39,59.65,17.9333333334,1076.0,
6110,1,H8,Anada,39,Lima - Ciutat d'Asunción,603,05:06:52,6.87,7.2166666666333334,433.0,1
6408,1,H8,Anada,39,Lima - Ciutat d'Asunción,603,05:14:59,14.98,8.1166666667,487.0,
6215,1,H8,Anada,39,Lima - Ciutat d'Asunción,603,05:27:14,27.23,12.249999999966667,735.0,
6409,2,H8,Anada,39,Lima - Ciutat d'Asunción,603,05:34:07,34.12,6.883333333333334,413.0,"9,17,18"
6217,1,H8,Anada,39,Lima - Ciutat d'Asunción,603,05:51:45,51.75,17.633333333333333,1058.0,1
6411,1,H8,Anada,39,Lima - Ciutat d'Asunción,603,05:57:35,57.58,5.849999999966667,351.0,
6407,1,H8,Anada,39,Lima - Ciutat d'Asunción,603,06:10:10,10.17,12.566666666733333,754.0,
6204,1,H8,Anada,39,Lima - Ciutat d'Asunción,603,06:13:10,13.17,3.0166666666000004,181.0,
6100,1,H8,Anada,39,Lima - Ciutat d'Asunción,603,06:23:20,23.33,10.150000000033334,609.0,
6415,1,H8,Anada,39,Lima - Ciutat d'Asunción,603,06:34:43,34.72,11.399999999966667,684.0,
6028,1,H8,Anada,39,Lima - Ciutat d'Asunción,603,06:51:24,51.4,16.683333333333334,1001.0,
6802,1,H8,Anada,39,Lima - Ciutat d'Asunción,603,06:53:21,53.35,1.9333333334,116.0,
6209,2,H8,Anada,39,Lima - Ciutat d'Asunción,603,07:09:57,9.95,16.6166666666,997.0,
6211,2,H8,Anada,39,Lima - Ciutat d'Asunción,603,07:16:51,16.85,6.883333333366666,413.0,
6401,1,H8,Anada,39,Lima - Ciutat d'Asunción,603,07:27:10,27.17,10.3166666667,619.0,9
6402,2,H8,Anada,39,Lima - Ciutat d'Asunción,603,07:28:30,28.5,1.3499999999333334,81.0,
6027,1,H8,Anada,39,Lima - Ciutat d'Asunción,603,07:37:27,37.45,8.949999999983334,537.0,
6213,2,H8,Anada,39,Lima - Ciutat d'Asunción,603,07:46:24,46.4,8.933333333416666,536.0,
6034,1,H8,Anada,39,Lima - Ciutat d'Asunción,603,07:56:09,56.15,9.7666666666,586.0,36
6110,2,H8,Anada,39,Lima - Ciutat d'Asunción,603,08:13:55,13.92,17.766666666666666,1066.0,
6408,2,H8,Anada,39,Lima - Ciutat d'Asunción,603,08:22:52,22.87,8.933333333399998,536.0,9
6215,2,H8,Anada,39,Lima - Ciutat d'Asunción,603,08:34:24,34.4,11.15,669.0,
6409,3,H8,Anada,39,Lima - Ciutat d'Asunción,603,08:40:37,40.62,6.216666666666667,373.0,
6217,2,H8,Anada,39,Lima - Ciutat d'Asunción,603,08:52:29,52.48,11.866666666666667,712.0,
6411,2,H8,Anada,39,Lima - Ciutat d'Asunción,603,09:01:32,1.53,9.05,543.0,
6407,2,H8,Anada,39,Lima - Ciutat d'Asunción,603,09:08:55,8.92,7.3666666667,442.0,
6100,2,H8,Anada,39,Lima - Ciutat d'Asunción,603,09:23:38,23.63,14.7166666667,883.0,"1,2,3"
6415,2,H8,Anada,39,Lima - Ciutat d'Asunción,603,09:32:25,32.42,8.283333333333333,497.0,
6802,2,H8,Anada,39,Lima - Ciutat d'Asunción,603,10:01:41,1.68,3.5833333333999997,215.0,
6209,3,H8,Anada,39,Lima - Ciutat d'Asunción,603,10:16:27,16.45,14.783333333266667,887.0,
6211,3,H8,Anada,39,Lima - Ciutat d'Asunción,603,10:20:30,20.5,4.0333333333666666,242.0,
6402,3,H8,Anada,39,Lima - Ciutat d'Asunción,603,10:42:33,42.55,22.066666666633335,1324.0,1
6027,2,H8,Anada,39,Lima - Ciutat d'Asunción,603,10:45:30,45.5,2.95,177.0,1
6213,3,H8,Anada,39,Lima - Ciutat d'Asunción,603,10:55:27,55.45,9.933333333366667,596.0,
6034,2,H8,Anada,39,Lima - Ciutat d'Asunción,603,11:02:10,2.17,6.716666666666667,403.0,
6406,3,H8,Anada,39,Lima - Ciutat d'Asunción,603,11:14:14,14.23,12.0666666667,724.0,
6408,3,H8,Anada,39,Lima - Ciutat d'Asunción,603,11:24:14,24.23,10.0,600.0,
6215,3,H8,Anada,39,Lima - Ciutat d'Asunción,603,11:34:55,34.92,10.683333333333334,641.0,9
6409,4,H8,Anada,39,Lima - Ciutat d'Asunción,603,11:49:46,49.77,14.85,891.0,
6411,3,H8,Anada,39,Lima - Ciutat d'Asunción,603,12:03:50,3.83,14.083333333266667,845.0,1
6407,3,H8,Anada,39,Lima - Ciutat d'Asunción,603,12:12:12,12.2,8.350000000066666,501.0,
6100,3,H8,Anada,39,Lima - Ciutat d'Asunción,603,12:29:42,29.7,17.5,1050.0,
6415,3,H8,Anada,39,Lima - Ciutat d'Asunción,603,12:43:38,43.63,13.949999999933334,837.0,
6075,1,H8,Anada,39,Lima - Ciutat d'Asunción,603,12:44:47,44.78,1.1333333334,68.0,"1,2,3,4,5,6,7,8,9,10,11,12,13,14,15,16,17,18,19,20,21,22,23,24,25,26,27,28,29,30"
6802,3,H8,Anada,39,Lima - Ciutat d'Asunción,603,12:49:46,49.77,4.100000000066666,246.0,
6211,4,H8,Anada,39,Lima - Ciutat d'Asunción,603,13:18:16,18.27,1.0499999999666667,63.0,
6800,1,H8,Anada,39,Lima - Ciutat d'Asunción,603,13:21:27,21.45,3.183333333333333,191.0,
6213,4,H8,Anada,39,Lima - Ciutat d'Asunción,603,13:33:14,33.23,11.766666666699999,706.0,"11,12,14,26"
6027,3,H8,Anada,39,Lima - Ciutat d'Asunción,603,13:43:54,43.9,10.6666666667,640.0,
6034,3,H8,Anada,39,Lima - Ciutat d'Asunción,603,13:53:40,53.67,9.766666666633334,586.0,"26,31"
6406,4,H8,Anada,39,Lima - Ciutat d'Asunción,603,14:09:07,9.12,15.45,927.0,
6408,4,H8,Anada,39,Lima - Ciutat d'Asunción,603,14:25:00,25.0,15.899999999966667,954.0,
6215,4,H8,Anada,39,Lima - Ciutat d'Asunción,603,14:29:49,29.82,4.800000000033333,288.0,
6409,5,H8,Anada,39,Lima - Ciutat d'Asunción,603,14:50:14,50.23,20.433333333300002,1226.0,19
6075,2,H8,Anada,39,Lima - Ciutat d'Asunción,603,14:51:39,51.65,1.4166666666666667,85.0,"13,14"
6411,4,H8,Anada,39,Lima - Ciutat d'Asunción,603,15:00:34,0.57,8.900000000033334,534.0,
6036,1,H8,Anada,39,Lima - Ciutat d'Asunción,603,15:36:01,36.02,6.116666666666666,367.0,"18,19"
6100,4,H8,Anada,39,Lima - Ciutat d'Asunción,603,15:38:09,38.15,2.1166666667,127.0,
6415,4,H8,Anada,39,Lima - Ciutat d'Asunción,603,15:44:14,44.23,6.099999999966667,366.0,
6028,4,H8,Anada,39,Lima - Ciutat d'Asunción,603,15:56:26,56.43,12.183333333399998,731.0,
6802,4,H8,Anada,39,Lima - Ciutat d'Asunción,603,16:03:14,3.23,6.799999999966667,408.0,
6201,1,H8,Anada,39,Lima - Ciutat d'Asunción,603,16:10:09,10.15,6.916666666699999,415.0,"1,2,3,4,5,6,7,8,9,10,11"
6211,5,H8,Anada,39,Lima - Ciutat d'Asunción,603,16:14:52,14.87,4.7166666666333334,283.0,
6217,3,H8,Anada,39,Lima - Ciutat d'Asunción,603,16:26:56,26.93,12.066666666666666,724.0,"1,2,3,4,5,6,7,8,19"
6800,2,H8,Anada,39,Lima - Ciutat d'Asunción,603,16:30:08,30.13,3.216666666633333,193.0,
6402,5,H8,Anada,39,Lima - Ciutat d'Asunción,603,16:53:46,53.77,23.616666666733334,1417.0,
6027,4,H8,Anada,39,Lima - Ciutat d'Asunción,603,16:54:53,54.88,1.1166666666666667,67.0,1
6213,5,H8,Anada,39,Lima - Ciutat d'Asunción,603,16:56:24,56.4,1.5166666666666666,91.0,1
6034,4,H8,Anada,39,Lima - Ciutat d'Asunción,603,17:03:51,3.85,7.4666666665833334,448.0,
6406,5,H8,Anada,39,Lima - Ciutat d'Asunción,603,17:08:28,8.47,4.6000000000500005,276.0,
6408,5,H8,Anada,39,Lima - Ciutat d'Asunción,603,17:15:41,15.68,7.216666666666667,433.0,
6075,3,H8,Anada,39,Lima - Ciutat d'Asunción,603,17:48:23,48.38,4.566666666633334,274.0,
6411,5,H8,Anada,39,Lima - Ciutat d'Asunción,603,17:57:25,57.42,9.049999999966667,543.0,
6409,6,H8,Anada,39,Lima - Ciutat d'Asunción,603,18:11:35,11.58,14.150000000066665,849.0,"24,25,26,28,29"
6036,2,H8,Anada,39,Lima - Ciutat d'Asunción,603,18:17:43,17.72,6.1333333333,368.0,"11,13,14,15,16"
6415,5,H8,Anada,39,Lima - Ciutat d'Asunción,603,18:39:10,39.17,21.383333333333333,1283.0,1
6028,5,H8,Anada,39,Lima - Ciutat d'Asunción,603,18:41:20,41.33,2.1500000000666666,129.0,
6802,5,H8,Anada,39,Lima - Ciutat d'Asunción,603,18:54:33,54.55,13.216666666666667,793.0,
6211,6,H8,Anada,39,Lima - Ciutat d'Asunción,603,19:04:59,4.98,10.449999999933334,627.0,
6217,4,H8,Anada,39,Lima - Ciutat d'Asunción,603,19:14:43,14.72,9.733333333333333,584.0,
6800,3,H8,Anada,39,Lima - Ciutat d'Asunción,603,19:16:07,16.12,1.4,84.0,
6402,6,H8,Anada,39,Lima - Ciutat d'Asunción,603,19:33:18,33.3,17.1666666667,1030.0,
6213,6,H8,Anada,39,Lima - Ciutat d'Asunción,603,19:34:50,34.83,1.5499999999666667,93.0,
6034,5,H8,Anada,39,Lima - Ciutat d'Asunción,603,19:46:46,46.77,11.916666666733333,715.0,9
6406,6,H8,Anada,39,Lima - Ciutat d'Asunción,603,20:02:54,2.9,16.149999999933335,969.0,
6215,6,H8,Anada,39,Lima - Ciutat d'Asunción,603,20:25:19,25.32,22.050000000066667,1323.0,
6075,4,H8,Anada,39,Lima - Ciutat d'Asunción,603,20:28:15,28.25,2.8666666666333334,172.0,36
6411,6,H8,Anada,39,Lima - Ciutat d'Asunción,603,20:38:28,38.47,10.200000000066666,612.0,"1,2,3,4,5,6,7"
6036,3,H8,Anada,39,Lima - Ciutat d'Asunción,603,20:47:35,47.58,9.116666666633334,547.0,
6117,1,H8,Anada,39,Lima - Ciutat d'Asunción,603,21:02:27,2.45,14.866666666666667,892.0,
6415,6,H8,Anada,39,Lima - Ciutat d'Asunción,603,21:09:31,9.52,7.083333333300001,425.0,
6211,7,H8,Anada,39,Lima - Ciutat d'Asunción,603,21:29:40,29.67,20.1333333334,1208.0,
6217,5,H8,Anada,39,Lima - Ciutat d'Asunción,603,21:41:45,41.75,12.099999999933335,726.0,
6402,7,H8,Anada,39,Lima - Ciutat d'Asunción,603,21:57:19,57.32,15.566666666683334,934.0,
6034,6,H8,Anada,39,Lima - Ciutat d'Asunción,603,22:12:55,12.92,15.599999999983334,936.0,32
6408,7,H8,Anada,39,Lima - Ciutat d'Asunción,603,22:29:22,29.37,16.449999999983334,987.0,"19,21,22,23"
6411,2,H8,Tornada,0,Meridiana - La Sagrera,455,03:49:37,49.62,,,"1,2,3,4,5,6,7,8,9,10,11,12,13,14,15,16,17,18,19,20,21,22,23,24,25,26,27,28,29,30,31,32,33,34,35,36,37,38"
6100,2,H8,Tornada,0,Meridiana - La Sagrera,455,04:06:15,6.25,16.633333333333333,998.0,"1,2,3,4,5,6,7,8,9,10,11,12,13,14,15,16,17,18,19,20,21,22,23,24,25,26,27,28,29,30,31,32,33,34,35,36,37,38"
6415,2,H8,Tornada,0,Meridiana - La Sagrera,455,04:22:21,22.35,16.1166666666,967.0,"1,2,3,4,5,6,7,8,9,10,11,12,13,14,15,16,17,18,19,20,21,22,23,24,25,26,27,28,29,30,31,32,33,34,35,36,37,38"
6209,2,H8,Tornada,0,Meridiana - La Sagrera,455,04:40:53,40.88,18.5166666667,1111.0,"1,2,3,4,5,6,7,8,9,10,11,12,13,14,15,16,17,18,19,20,21,22,23,24,25,26,27,28,29,30,31,32,33,34,35,36,37,38"
6211,2,H8,Tornada,0,Meridiana - La Sagrera,455,04:49:15,49.25,8.366666666666667,502.0,"1,2,3,4,5,6,7,8,9,10,11,12,13,14,15,16,17,18,19,20,21,22,23,24,25,26,27,28,29,30,31,32,33,34,35,36,37,38"
6401,2,H8,Tornada,0,Meridiana - La Sagrera,455,05:01:30,1.5,12.266666666633334,736.0,"1,2,3,4,5,6,7,8,9,10,11,12,13,14,15,16,17,18,19,20,21,22,23,24,25,26,27,28,29,30,31,32,33,34,35,36,37,38"
6402,2,H8,Tornada,0,Meridiana - La Sagrera,455,05:07:34,7.57,6.066666666666666,364.0,"1,2,3,4,5,6,7,8,9,10,11,12,13,14,15,16,17,18,19,20,21,22,23,24,25,26,27,28,29,30,31,32,33,34,35,36,37,38"
6213,2,H8,Tornada,0,Meridiana - La Sagrera,455,05:21:27,21.45,13.8666666667,832.0,"1,2,3,4,5,6,7,8,9,10,11,12,13,14,15,16,17,18,19,20,21,22,23,24,25,26,27,28,29,30,31,32,33,34,35,36,37,38"
6034,2,H8,Tornada,0,Meridiana - La Sagrera,455,05:31:28,31.47,10.0333333333,602.0,"1,2,3,4,5,6,7,8,9,10,11,12,13,14,15,16,17,18,19,20,21,22,23,24,25,26,27,28,29,30,31,32,33,34,35,36,37,38"
6406,2,H8,Tornada,0,Meridiana - La Sagrera,455,05:36:07,36.12,4.633333333366666,278.0,"1,2,3,4,5,6,7,8,9,10,11,12,13,14,15,16,17,18,19,20,21,22,23,24,25,26,27,28,29,30,31,32,33,34,35,36,37,38"
6110,2,H8,Tornada,0,Meridiana - La Sagrera,455,05:47:52,47.87,11.766666666633334,706.0,"1,2,3,4,5,6,7,8,9,10,11,12,13,14,15,16,17,18,19,20,21,22,23,24,25,26,27,28,29,30,31,32,33,34,35,36,37,38"
6408,2,H8,Tornada,0,Meridiana - La Sagrera,455,05:58:04,58.07,10.183333333366667,611.0,"1,2,3,4,5,6,7,8,9,10,11,12,13,14,15,16,17,18,19,20,21,22,23,24,25,26,27,28,29,30,31,32,33,34,35,36,37,38"
6215,2,H8,Tornada,0,Meridiana - La Sagrera,455,06:06:18,6.3,8.233333333366666,494.0,"1,2,3,4,5,6,7,8,9,10,11,12,13,14,15,16,17,18,19,20,21,22,23,24,25,26,27,28,29,30,31,32,33,34,35,36,37,38"
6409,3,H8,Tornada,0,Meridiana - La Sagrera,455,06:18:22,18.37,12.083333333266667,725.0,"1,2,3,4,5,6,7,8,9,10,11,12,13,14,15,16,17,18,19,20,21,22,23,24,25,26,27,28,29,30,31,32,33,34,35,36,37,38"
6217,2,H8,Tornada,0,Meridiana - La Sagrera,455,06:25:24,25.4,7.016666666733333,421.0,"1,2,3,4,5,6,7,8,9,10,11,12,13,14,15,16,17,18,19,20,21,22,23,24,25,26,27,28,29,30,31,32,33,34,35,36,37,38"
6411,4,H8,Tornada,0,Meridiana - La Sagrera,455,06:36:33,36.55,11.166666666600001,670.0,"1,2,3,4,5,6,7,8,9,10,11,12,13,14,15,16,17,18,19,20,21,22,23,24,25,26,27,28,29,30,31,32,33,34,35,36,37,38"
6407,2,H8,Tornada,0,Meridiana - La Sagrera,455,06:44:45,44.75,8.183333333366667,491.0,"1,2,3,4,5,6,7,8,9,10,11,12,13,14,15,16,17,18,19,20,21,22,23,24,25,26,27,28,29,30,31,32,33,34,35,36,37,38"
6204,2,H8,Tornada,0,Meridiana - La Sagrera,455,06:53:15,53.25,8.500000000033333,510.0,"1,2,3,4,5,6,7,8,9,10,11,12,13,14,15,16,17,18,19,20,21,22,23,24,25,26,27,28,29,30,31,32,33,34,35,36,37,38"
6100,5,H8,Tornada,0,Meridiana - La Sagrera,455,07:02:51,2.85,9.6,576.0,"1,2,3,4,5,6,7,8,9,10,11,12,13,14,15,16,17,18,19,20,21,22,23,24,25,26,27,28,29,30,31,32,33,34,35,36,37,38"
6415,4,H8,Tornada,0,Meridiana - La Sagrera,455,07:12:43,12.72,9.883333333266668,593.0,"1,2,3,4,5,6,7,8,9,10,11,12,13,14,15,16,17,18,19,20,21,22,23,24,25,26,27,28,29,30,31,32,33,34,35,36,37,38"
6028,2,H8,Tornada,0,Meridiana - La Sagrera,455,07:24:36,24.6,11.8666666667,712.0,"1,2,3,4,5,6,7,8,9,10,11,12,13,14,15,16,17,18,19,20,21,22,23,24,25,26,27,28,29,30,31,32,33,34,35,36,37,38"
6802,2,H8,Tornada,0,Meridiana - La Sagrera,455,07:32:31,32.52,7.916666666666667,475.0,"1,2,3,4,5,6,7,8,9,10,11,12,13,14,15,16,17,18,19,20,21,22,23,24,25,26,27,28,29,30,31,32,33,34,35,36,37,38"
6209,5,H8,Tornada,0,Meridiana - La Sagrera,455,07:40:00,40.0,7.483333333366667,449.0,"1,2,3,4,5,6,7,8,9,10,11,12,13,14,15,16,17,18,19,20,21,22,23,24,25,26,27,28,29,30,31,32,33,34,35,36,37,38"
6211,5,H8,Tornada,0,Meridiana - La Sagrera,455,07:50:16,50.27,10.266666666666667,616.0,"1,2,3,4,5,6,7,8,9,10,11,12,13,14,15,16,17,18,19,20,21,22,23,24,25,26,27,28,29,30,31,32,33,34,35,36,37,38"
6402,5,H8,Tornada,0,Meridiana - La Sagrera,455,08:06:47,6.78,16.516666666666666,991.0,"1,2,3,4,5,6,7,8,9,10,11,12,13,14,15,16,17,18,19,20,21,22,23,24,25,26,27,28,29,30,31,32,33,34,35,36,37,38"
6027,3,H8,Tornada,0,Meridiana - La Sagrera,455,08:14:01,14.02,7.249999999933333,435.0,"1,2,3,4,5,6,7,8,9,10,11,12,13,14,15,16,17,18,19,20,21,22,23,24,25,26,27,28,29,30,31,32,33,34,35,36,37,38"
6213,5,H8,Tornada,0,Meridiana - La Sagrera,455,08:20:20,20.33,6.316666666666666,379.0,"1,2,3,4,5,6,7,8,9,10,11,12,13,14,15,16,17,18,19,20,21,22,23,24,25,26,27,28,29,30,31,32,33,34,35,36,37,38"
6034,5,H8,Tornada,0,Meridiana - La Sagrera,455,08:30:39,30.65,10.316666666666666,619.0,"1,2,3,4,5,6,7,8,9,10,11,12,13,14,15,16,17,18,19,20,21,22,23,24,25,26,27,28,29,30,31,32,33,34,35,36,37,38"
6406,5,H8,Tornada,0,Meridiana - La Sagrera,455,08:40:16,40.27,9.600000000066666,576.0,"1,2,3,4,5,6,7,8,9,10,11,12,13,14,15,16,17,18,19,20,21,22,23,24,25,26,27,28,29,30,31,32,33,34,35,36,37,38"
6110,5,H8,Tornada,0,Meridiana - La Sagrera,455,08:50:14,50.23,9.983333333266668,599.0,"1,2,3,4,5,6,7,8,9,10,11,12,13,14,15,16,17,18,19,20,21,22,23,24,25,26,27,28,29,30,31,32,33,34,35,36,37,38"
6408,5,H8,Tornada,0,Meridiana - La Sagrera,455,08:56:37,56.62,6.366666666733334,382.0,"1,2,3,4,5,6,7,8,9,10,11,12,13,14,15,16,17,18,19,20,21,22,23,24,25,26,27,28,29,30,31,32,33,34,35,36,37,38"
6215,5,H8,Tornada,0,Meridiana - La Sagrera,455,09:09:56,9.93,13.316666666633333,799.0,"1,2,3,4,5,6,7,8,9,10,11,12,13,14,15,16,17,18,19,20,21,22,23,24,25,26,27,28,29,30,31,32,33,34,35,36,37,38"
6409,6,H8,Tornada,0,Meridiana - La Sagrera,455,09:16:42,16.7,6.783333333300001,407.0,"1,2,3,4,5,6,7,8,9,10,11,12,13,14,15,16,17,18,19,20,21,22,23,24,25,26,27,28,29,30,31,32,33,34,35,36,37,38"
6217,5,H8,Tornada,0,Meridiana - La Sagrera,455,09:30:16,30.27,13.56666666665,814.0,"1,2,3,4,5,6,7,8,9,10,11,12,13,14,15,16,17,18,19,20,21,22,23,24,25,26,27,28,29,30,31,32,33,34,35,36,37,38"
6411,7,H8,Tornada,0,Meridiana - La Sagrera,455,09:36:40,36.67,6.400000000016666,384.0,"1,2,3,4,5,6,7,8,9,10,11,12,13,14,15,16,17,18,19,20,21,22,23,24,25,26,27,28,29,30,31,32,33,34,35,36,37,38"
6407,5,H8,Tornada,0,Meridiana - La Sagrera,455,09:52:02,52.03,15.366666666666667,922.0,"1,2,3,4,5,6,7,8,9,10,11,12,13,14,15,16,17,18,19,20,21,22,23,24,25,26,27,28,29,30,31,32,33,34,35,36,37,38"
6100,7,H8,Tornada,0,Meridiana - La Sagrera,455,09:55:43,55.72,3.6666666667000003,220.0,"1,2,3,4,5,6,7,8,9,10,11,12,13,14,15,16,17,18,19,20,21,22,23,24,25,26,27,28,29,30,31,32,33,34,35,36,37,38"
6415,7,H8,Tornada,0,Meridiana - La Sagrera,455,10:08:38,8.63,12.1166666666,727.0,"1,2,3,4,5,6,7,8,9,10,11,12,13,14,15,16,17,18,19,20,21,22,23,24,25,26,27,28,29,30,31,32,33,34,35,36,37,38"
6028,5,H8,Tornada,0,Meridiana - La Sagrera,455,10:19:29,19.48,10.85,651.0,"1,2,3,4,5,6,7,8,9,10,11,12,13,14,15,16,17,18,19,20,21,22,23,24,25,26,27,28,29,30,31,32,33,34,35,36,37,38"
6802,5,H8,Tornada,0,Meridiana - La Sagrera,455,10:35:28,35.47,15.9666666667,958.0,"1,2,3,4,5,6,7,8,9,10,11,12,13,14,15,16,17,18,19,20,21,22,23,24,25,26,27,28,29,30,31,32,33,34,35,36,37,38"
6209,8,H8,Tornada,0,Meridiana - La Sagrera,455,10:47:07,47.12,11.666666666633335,700.0,"1,2,3,4,5,6,7,8,9,10,11,12,13,14,15,16,17,18,19,20,21,22,23,24,25,26,27,28,29,30,31,32,33,34,35,36,37,38"
6211,8,H8,Tornada,0,Meridiana - La Sagrera,455,10:50:22,50.37,3.25,195.0,"1,2,3,4,5,6,7,8,9,10,11,12,13,14,15,16,17,18,19,20,21,22,23,24,25,26,27,28,29,30,31,32,33,34,35,36,37,38"
6402,8,H8,Tornada,0,Meridiana - La Sagrera,455,11:12:04,12.07,21.6833333334,1301.0,"1,2,3,4,5,6,7,8,9,10,11,12,13,14,15,16,17,18,19,20,21,22,23,24,25,26,27,28,29,30,31,32,33,34,35,36,37,38"
6027,6,H8,Tornada,0,Meridiana - La Sagrera,455,11:18:56,18.93,6.866666666633334,412.0,"1,2,3,4,5,6,7,8,9,10,11,12,13,14,15,16,17,18,19,20,21,22,23,24,25,26,27,28,29,30,31,32,33,34,35,36,37,38"
6213,8,H8,Tornada,0,Meridiana - La Sagrera,455,11:33:47,33.78,14.866666666633334,892.0,"1,2,3,4,5,6,7,8,9,10,11,12,13,14,15,16,17,18,19,20,21,22,23,24,25,26,27,28,29,30,31,32,33,34,35,36,37,38"
6034,8,H8,Tornada,0,Meridiana - La Sagrera,455,11:35:12,35.2,1.4000000000333332,84.0,"1,2,3,4,5,6,7,8,9,10,11,12,13,14,15,16,17,18,19,20,21,22,23,24,25,26,27,28,29,30,31,32,33,34,35,36,37,38"
6406,8,H8,Tornada,0,Meridiana - La Sagrera,455,11:45:09,45.15,9.950000000033333,597.0,"1,2,3,4,5,6,7,8,9,10,11,12,13,14,15,16,17,18,19,20,21,22,23,24,25,26,27,28,29,30,31,32,33,34,35,36,37,38"
6408,8,H8,Tornada,0,Meridiana - La Sagrera,455,11:54:47,54.78,9.649999999933334,579.0,"1,2,3,4,5,6,7,8,9,10,11,12,13,14,15,16,17,18,19,20,21,22,23,24,25,26,27,28,29,30,31,32,33,34,35,36,37,38"
6215,8,H8,Tornada,0,Meridiana - La Sagrera,455,12:04:44,4.73,9.95,597.0,"1,2,3,4,5,6,7,8,9,10,11,12,13,14,15,16,17,18,19,20,21,22,23,24,25,26,27,28,29,30,31,32,33,34,35,36,37,38"
6409,9,H8,Tornada,0,Meridiana - La Sagrera,455,12:16:40,16.67,11.933333333333334,716.0,"1,2,3,4,5,6,7,8,9,10,11,12,13,14,15,16,17,18,19,20,21,22,23,24,25,26,27,28,29,30,31,32,33,34,35,36,37,38"
6411,10,H8,Tornada,0,Meridiana - La Sagrera,455,12:36:27,36.45,19.766666666733332,1186.0,"1,2,3,4,5,6,7,8,9,10,11,12,13,14,15,16,17,18,19,20,21,22,23,24,25,26,27,28,29,30,31,32,33,34,35,36,37,38"
6407,8,H8,Tornada,0,Meridiana - La Sagrera,455,12:48:25,48.42,11.966666666666667,718.0,"1,2,3,4,5,6,7,8,9,10,11,12,13,14,15,16,17,18,19,20,21,22,23,24,25,26,27,28,29,30,31,32,33,34,35,36,37,38"
6100,10,H8,Tornada,0,Meridiana - La Sagrera,455,13:00:30,0.5,12.0833333333,725.0,"1,2,3,4,5,6,7,8,9,10,11,12,13,14,15,16,17,18,19,20,21,22,23,24,25,26,27,28,29,30,31,32,33,34,35,36,37,38"
6415,10,H8,Tornada,0,Meridiana - La Sagrera,455,13:13:31,13.52,13.016666666666667,781.0,"1,2,3,4,5,6,7,8,9,10,11,12,13,14,15,16,17,18,19,20,21,22,23,24,25,26,27,28,29,30,31,32,33,34,35,36,37,38"
6028,8,H8,Tornada,0,Meridiana - La Sagrera,455,13:22:00,22.0,8.483333333366666,509.0,"1,2,3,4,5,6,7,8,9,10,11,12,13,14,15,16,17,18,19,20,21,22,23,24,25,26,27,28,29,30,31,32,33,34,35,36,37,38"
6802,8,H8,Tornada,0,Meridiana - La Sagrera,455,13:35:35,35.58,13.583333333333334,815.0,"1,2,3,4,5,6,7,8,9,10,11,12,13,14,15,16,17,18,19,20,21,22,23,24,25,26,27,28,29,30,31,32,33,34,35,36,37,38"
6211,11,H8,Tornada,0,Meridiana - La Sagrera,455,13:44:32,44.53,8.949999999966668,537.0,"1,2,3,4,5,6,7,8,9,10,11,12,13,14,15,16,17,18,19,20,21,22,23,24,25,26,27,28,29,30,31,32,33,34,35,36,37,38"
6800,3,H8,Tornada,0,Meridiana - La Sagrera,455,13:53:09,53.15,8.6166666667,517.0,"1,2,3,4,5,6,7,8,9,10,11,12,13,14,15,16,17,18,19,20,21,22,23,24,25,26,27,28,29,30,31,32,33,34,35,36,37,38"
6213,11,H8,Tornada,0,Meridiana - La Sagrera,455,14:06:30,6.5,13.3666666666,802.0,"1,2,3,4,5,6,7,8,9,10,11,12,13,14,15,16,17,18,19,20,21,22,23,24,25,26,27,28,29,30,31,32,33,34,35,36,37,38"
6402,11,H8,Tornada,0,Meridiana - La Sagrera,455,14:07:36,7.6,1.1000000000166668,66.0,"1,2,3,4,5,6,7,8,9,10,11,12,13,14,15,16,17,18,19,20,21,22,23,24,25,26,27,28,29,30,31,32,33,34,35,36,37,38"
6027,9,H8,Tornada,0,Meridiana - La Sagrera,455,14:09:28,9.47,1.8500000000166668,111.0,"1,2,3,4,5,6,7,8,9,10,11,12,13,14,15,16,17,18,19,20,21,22,23,24,25,26,27,28,29,30,31,32,33,34,35,36,37,38"
6034,11,H8,Tornada,0,Meridiana - La Sagrera,455,14:33:01,33.02,23.550000000033332,1413.0,"1,2,3,4,5,6,7,8,9,10,11,12,13,14,15,16,17,18,19,20,21,22,23,24,25,26,27,28,29,30,31,32,33,34,35,36,37,38"
6406,11,H8,Tornada,0,Meridiana - La Sagrera,455,14:39:36,39.6,6.583333333300001,395.0,"1,2,3,4,5,6,7,8,9,10,11,12,13,14,15,16,17,18,19,20,21,22,23,24,25,26,27,28,29,30,31,32,33,34,35,36,37,38"
6408,11,H8,Tornada,0,Meridiana - La Sagrera,455,14:52:56,52.93,13.349999999966666,801.0,"1,2,3,4,5,6,7,8,9,10,11,12,13,14,15,16,17,18,19,20,21,22,23,24,25,26,27,28,29,30,31,32,33,34,35,36,37,38"
6215,11,H8,Tornada,0,Meridiana - La Sagrera,455,15:05:00,5.0,12.050000000033332,723.0,"1,2,3,4,5,6,7,8,9,10,11,12,13,14,15,16,17,18,19,20,21,22,23,24,25,26,27,28,29,30,31,32,33,34,35,36,37,38"
6409,12,H8,Tornada,0,Meridiana - La Sagrera,455,15:17:11,17.18,12.183333333333334,731.0,"1,2,3,4,5,6,7,8,9,10,11,12,13,14,15,16,17,18,19,20,21,22,23,24,25,26,27,28,29,30,31,32,33,34,35,36,37,38"
6075,4,H8,Tornada,0,Meridiana - La Sagrera,455,15:23:43,23.72,6.549999999966667,393.0,"1,2,3,4,5,6,7,8,9,10,11,12,13,14,15,16,17,18,19,20,21,22,23,24,25,26,27,28,29,30,31,32,33,34,35,36,37,38"
6411,13,H8,Tornada,0,Meridiana - La Sagrera,455,15:31:52,31.87,8.133333333366666,488.0,"1,2,3,4,5,6,7,8,9,10,11,12,13,14,15,16,17,18,19,20,21,22,23,24,25,26,27,28,29,30,31,32,33,34,35,36,37,38"
6100,13,H8,Tornada,0,Meridiana - La Sagrera,455,16:08:03,8.05,3.43333333335,206.0,"1,2,3,4,5,6,7,8,9,10,11,12,13,14,15,16,17,18,19,20,21,22,23,24,25,26,27,28,29,30,31,32,33,34,35,36,37,38"
6415,13,H8,Tornada,0,Meridiana - La Sagrera,455,16:13:43,13.72,5.6833333333,341.0,"1,2,3,4,5,6,7,8,9,10,11,12,13,14,15,16,17,18,19,20,21,22,23,24,25,26,27,28,29,30,31,32,33,34,35,36,37,38"
6028,11,H8,Tornada,0,Meridiana - La Sagrera,455,16:22:01,22.02,8.283333333366667,497.0,"1,2,3,4,5,6,7,8,9,10,11,12,13,14,15,16,17,18,19,20,21,22,23,24,25,26,27,28,29,30,31,32,33,34,35,36,37,38"
6802,11,H8,Tornada,0,Meridiana - La Sagrera,455,16:36:59,36.98,14.966666666666667,898.0,"1,2,3,4,5,6,7,8,9,10,11,12,13,14,15,16,17,18,19,20,21,22,23,24,25,26,27,28,29,30,31,32,33,34,35,36,37,38"
6201,2,H8,Tornada,0,Meridiana - La Sagrera,455,16:40:21,40.35,3.3833333333,203.0,"1,2,3,4,5,6,7,8,9,10,11,12,13,14,15,16,17,18,19,20,21,22,23,24,25,26,27,28,29,30,31,32,33,34,35,36,37,38"
6211,14,H8,Tornada,0,Meridiana - La Sagrera,455,16:46:54,46.9,6.5333333334,392.0,"1,2,3,4,5,6,7,8,9,10,11,12,13,14,15,16,17,18,19,20,21,22,23,24,25,26,27,28,29,30,31,32,33,34,35,36,37,38"
6217,8,H8,Tornada,0,Meridiana - La Sagrera,455,16:54:36,54.6,7.716666666616666,463.0,"1,2,3,4,5,6,7,8,9,10,11,12,13,14,15,16,17,18,19,20,21,22,23,24,25,26,27,28,29,30,31,32,33,34,35,36,37,38"
6800,6,H8,Tornada,0,Meridiana - La Sagrera,455,16:59:43,59.72,5.1166666666500005,307.0,"1,2,3,4,5,6,7,8,9,10,11,12,13,14,15,16,17,18,19,20,21,22,23,24,25,26,27,28,29,30,31,32,33,34,35,36,37,38"
6402,14,H8,Tornada,0,Meridiana - La Sagrera,455,17:10:20,10.33,10.600000000066666,636.0,"1,2,3,4,5,6,7,8,9,10,11,12,13,14,15,16,17,18,19,20,21,22,23,24,25,26,27,28,29,30,31,32,33,34,35,36,37,38"
6027,12,H8,Tornada,0,Meridiana - La Sagrera,455,17:15:33,15.55,5.233333333266667,314.0,"1,2,3,4,5,6,7,8,9,10,11,12,13,14,15,16,17,18,19,20,21,22,23,24,25,26,27,28,29,30,31,32,33,34,35,36,37,38"
6213,14,H8,Tornada,0,Meridiana - La Sagrera,455,17:25:06,25.1,9.55,573.0,"1,2,3,4,5,6,7,8,9,10,11,12,13,14,15,16,17,18,19,20,21,22,23,24,25,26,27,28,29,30,31,32,33,34,35,36,37,38"
6034,14,H8,Tornada,0,Meridiana - La Sagrera,455,17:37:04,37.07,11.950000000033333,717.0,"1,2,3,4,5,6,7,8,9,10,11,12,13,14,15,16,17,18,19,20,21,22,23,24,25,26,27,28,29,30,31,32,33,34,35,36,37,38"
6406,14,H8,Tornada,0,Meridiana - La Sagrera,455,17:46:43,46.72,9.65,579.0,"1,2,3,4,5,6,7,8,9,10,11,12,13,14,15,16,17,18,19,20,21,22,23,24,25,26,27,28,29,30,31,32,33,34,35,36,37,38"
6408,14,H8,Tornada,0,Meridiana - La Sagrera,455,17:54:44,54.73,8.016666666699999,481.0,"1,2,3,4,5,6,7,8,9,10,11,12,13,14,15,16,17,18,19,20,21,22,23,24,25,26,27,28,29,30,31,32,33,34,35,36,37,38"
6215,14,H8,Tornada,0,Meridiana - La Sagrera,455,18:04:41,4.68,9.9666666666,598.0,"1,2,3,4,5,6,7,8,9,10,11,12,13,14,15,16,17,18,19,20,21,22,23,24,25,26,27,28,29,30,31,32,33,34,35,36,37,38"
6409,15,H8,Tornada,0,Meridiana - La Sagrera,455,18:19:02,19.03,14.333333333399999,860.0,"1,2,3,4,5,6,7,8,9,10,11,12,13,14,15,16,17,18,19,20,21,22,23,24,25,26,27,28,29,30,31,32,33,34,35,36,37,38"
6075,7,H8,Tornada,0,Meridiana - La Sagrera,455,18:22:11,22.18,3.1499999999666666,189.0,"1,2,3,4,5,6,7,8,9,10,11,12,13,14,15,16,17,18,19,20,21,22,23,24,25,26,27,28,29,30,31,32,33,34,35,36,37,38"
6411,16,H8,Tornada,0,Meridiana - La Sagrera,455,18:36:44,36.73,14.550000000033332,873.0,"1,2,3,4,5,6,7,8,9,10,11,12,13,14,15,16,17,18,19,20,21,22,23,24,25,26,27,28,29,30,31,32,33,34,35,36,37,38"
6036,5,H8,Tornada,0,Meridiana - La Sagrera,455,18:44:35,44.58,7.85,471.0,"1,2,3,4,5,6,7,8,9,10,11,12,13,14,15,16,17,18,19,20,21,22,23,24,25,26,27,28,29,30,31,32,33,34,35,36,37,38"
6117,2,H8,Tornada,0,Meridiana - La Sagrera,455,18:57:57,57.95,13.36666666665,802.0,"1,2,3,4,5,6,7,8,9,10,11,12,13,14,15,16,17,18,19,20,21,22,23,24,25,26,27,28,29,30,31,32,33,34,35,36,37,38"
6415,16,H8,Tornada,0,Meridiana - La Sagrera,455,19:07:56,7.93,9.983333333316667,599.0,"1,2,3,4,5,6,7,8,9,10,11,12,13,14,15,16,17,18,19,20,21,22,23,24,25,26,27,28,29,30,31,32,33,34,35,36,37,38"
6028,14,H8,Tornada,0,Meridiana - La Sagrera,455,19:14:42,14.7,6.766666666666667,406.0,"1,2,3,4,5,6,7,8,9,10,11,12,13,14,15,16,17,18,19,20,21,22,23,24,25,26,27,28,29,30,31,32,33,34,35,36,37,38"
6211,17,H8,Tornada,0,Meridiana - La Sagrera,455,19:34:38,34.63,19.933333333366665,1196.0,"1,2,3,4,5,6,7,8,9,10,11,12,13,14,15,16,17,18,19,20,21,22,23,24,25,26,27,28,29,30,31,32,33,34,35,36,37,38"
6217,11,H8,Tornada,0,Meridiana - La Sagrera,455,19:39:58,39.97,5.333333333300001,320.0,"1,2,3,4,5,6,7,8,9,10,11,12,13,14,15,16,17,18,19,20,21,22,23,24,25,26,27,28,29,30,31,32,33,34,35,36,37,38"
6800,9,H8,Tornada,0,Meridiana - La Sagrera,455,19:50:05,50.08,10.1166666667,607.0,"1,2,3,4,5,6,7,8,9,10,11,12,13,14,15,16,17,18,19,20,21,22,23,24,25,26,27,28,29,30,31,32,33,34,35,36,37,38"
6402,17,H8,Tornada,0,Meridiana - La Sagrera,455,20:02:07,2.12,12.033333333333333,722.0,"1,2,3,4,5,6,7,8,9,10,11,12,13,14,15,16,17,18,19,20,21,22,23,24,25,26,27,28,29,30,31,32,33,34,35,36,37,38"
6213,17,H8,Tornada,0,Meridiana - La Sagrera,455,20:11:55,11.92,9.799999999966667,588.0,"1,2,3,4,5,6,7,8,9,10,11,12,13,14,15,16,17,18,19,20,21,22,23,24,25,26,27,28,29,30,31,32,33,34,35,36,37,38"
6034,17,H8,Tornada,0,Meridiana - La Sagrera,455,20:17:20,17.33,5.416666666666667,325.0,"1,2,3,4,5,6,7,8,9,10,11,12,13,14,15,16,17,18,19,20,21,22,23,24,25,26,27,28,29,30,31,32,33,34,35,36,37,38"
6408,17,H8,Tornada,0,Meridiana - La Sagrera,455,20:33:28,33.47,16.133333333366668,968.0,"1,2,3,4,5,6,7,8,9,10,11,12,13,14,15,16,17,18,19,20,21,22,23,24,25,26,27,28,29,30,31,32,33,34,35,36,37,38"
6409,17,H8,Tornada,0,Meridiana - La Sagrera,455,20:57:07,57.12,23.6666666666,1420.0,"1,2,3,4,5,6,7,8,9,10,11,12,13,14,15,16,17,18,19,20,21,22,23,24,25,26,27,28,29,30,31,32,33,34,35,36,37,38"
6411,18,H8,Tornada,0,Meridiana - La Sagrera,455,21:07:47,7.78,10.650000000033334,639.0,"1,2,3,4,5,6,7,8,9,10,11,12,13,14,15,16,17,18,19,20,21,22,23,24,25,26,27,28,29,30,31,32,33,34,35,36,37,38"
6117,5,H8,Tornada,0,Meridiana - La Sagrera,455,21:29:50,29.83,22.066666666633335,1324.0,"1,2,3,4,5,6,7,8,9,10,11,12,13,14,15,16,17,18,19,20,21,22,23,24,25,26,27,28,29,30,31,32,33,34,35,36,37,38"
6415,19,H8,Tornada,0,Meridiana - La Sagrera,455,21:43:40,43.67,13.8166666667,829.0,"1,2,3,4,5,6,7,8,9,10,11,12,13,14,15,16,17,18,19,20,21,22,23,24,25,26,27,28,29,30,31,32,33,34,35,36,37,38"
6100,1,H8,Tornada,1,Sas - Pl Celestí Boada - Final de trajecte,3642,03:50:00,50.0,,,"13,14,15,16,17,18,19,20,21,22,23,24,25,26,27,28,29,30,31,32,33,34,35,36,37,38"
6415,1,H8,Tornada,1,Sas - Pl Celestí Boada - Final de trajecte,3642,04:04:59,4.98,14.999999999966667,900.0,"13,14,15,16,17,18,19,20,21,22,23,24,25,26,27,28,29,30,31,32,33,34,35,36,37,38"
6209,1,H8,Tornada,1,Sas - Pl Celestí Boada - Final de trajecte,3642,04:20:00,20.0,15.000000000066667,900.0,"13,14,15,16,17,18,19,20,21,22,23,24,25,26,27,28,29,30,31,32,33,34,35,36,37,38"
6211,1,H8,Tornada,1,Sas - Pl Celestí Boada - Final de trajecte,3642,04:29:59,29.98,9.999999999933333,600.0,"13,14,15,16,17,18,19,20,21,22,23,24,25,26,27,28,29,30,31,32,33,34,35,36,37,38"
6401,1,H8,Tornada,1,Sas - Pl Celestí Boada - Final de trajecte,3642,04:40:00,40.0,10.000000000033333,600.0,"13,14,15,16,17,18,19,20,21,22,23,24,25,26,27,28,29,30,31,32,33,34,35,36,37,38"
6402,1,H8,Tornada,1,Sas - Pl Celestí Boada - Final de trajecte,3642,04:46:59,46.98,6.999999999966667,420.0,"13,14,15,16,17,18,19,20,21,22,23,24,25,26,27,28,29,30,31,32,33,34,35,36,37,38"
6213,1,H8,Tornada,1,Sas - Pl Celestí Boada - Final de trajecte,3642,05:02:00,2.0,15.000000000066667,900.0,"13,14,15,16,17,18,19,20,21,22,23,24,25,26,27,28,29,30,31,32,33,34,35,36,37,38"
6408,1,H8,Tornada,1,Sas - Pl Celestí Boada - Final de trajecte,3642,05:37:00,37.0,8.999999999966667,540.0,"13,14,15,16,17,18,19,20,21,22,23,24,25,26,27,28,29,30,31,32,33,34,35,36,37,38"
6215,1,H8,Tornada,1,Sas - Pl Celestí Boada - Final de trajecte,3642,05:46:00,46.0,9.000000000033333,540.0,"13,14,15,16,17,18,19,20,21,22,23,24,25,26,27,28,29,30,31,32,33,34,35,36,37,38"
6409,2,H8,Tornada,1,Sas - Pl Celestí Boada - Final de trajecte,3642,05:55:00,55.0,8.999999999966667,540.0,"13,14,15,16,17,18,19,20,21,22,23,24,25,26,27,28,29,30,31,32,33,34,35,36,37,38"
6217,1,H8,Tornada,1,Sas - Pl Celestí Boada - Final de trajecte,3642,06:03:59,3.98,8.999999999966667,540.0,"13,14,15,16,17,18,19,20,21,22,23,24,25,26,27,28,29,30,31,32,33,34,35,36,37,38"
6411,3,H8,Tornada,1,Sas - Pl Celestí Boada - Final de trajecte,3642,06:12:59,12.98,9.0,540.0,"13,14,15,16,17,18,19,20,21,22,23,24,25,26,27,28,29,30,31,32,33,34,35,36,37,38"
6407,1,H8,Tornada,1,Sas - Pl Celestí Boada - Final de trajecte,3642,06:22:00,22.0,9.000000000033333,540.0,"13,14,15,16,17,18,19,20,21,22,23,24,25,26,27,28,29,30,31,32,33,34,35,36,37,38"
6204,1,H8,Tornada,1,Sas - Pl Celestí Boada - Final de trajecte,3642,06:30:59,30.98,8.999999999966667,540.0,"13,14,15,16,17,18,19,20,21,22,23,24,25,26,27,28,29,30,31,32,33,34,35,36,37,38"
6100,4,H8,Tornada,1,Sas - Pl Celestí Boada - Final de trajecte,3642,06:40:00,40.0,9.000000000033333,540.0,"13,14,15,16,17,18,19,20,21,22,23,24,25,26,27,28,29,30,31,32,33,34,35,36,37,38"
6415,3,H8,Tornada,1,Sas - Pl Celestí Boada - Final de trajecte,3642,06:49:20,49.33,9.333333333366665,560.0,"13,14,15,16,17,18,19,20,21,22,23,24,25,26,27,28,29,30,31,32,33,34,35,36,37,38"
6028,1,H8,Tornada,1,Sas - Pl Celestí Boada - Final de trajecte,3642,07:00:40,0.67,11.3333333333,680.0,"13,14,15,16,17,18,19,20,21,22,23,24,25,26,27,28,29,30,31,32,33,34,35,36,37,38"
6802,1,H8,Tornada,1,Sas - Pl Celestí Boada - Final de trajecte,3642,07:10:20,10.33,9.666666666666666,580.0,"13,14,15,16,17,18,19,20,21,22,23,24,25,26,27,28,29,30,31,32,33,34,35,36,37,38"
6209,4,H8,Tornada,1,Sas - Pl Celestí Boada - Final de trajecte,3642,07:20:00,20.0,9.666666666666666,580.0,"13,14,15,16,17,18,19,20,21,22,23,24,25,26,27,28,29,30,31,32,33,34,35,36,37,38"
6211,4,H8,Tornada,1,Sas - Pl Celestí Boada - Final de trajecte,3642,07:28:00,28.0,8.000000000033333,480.0,"13,14,15,16,17,18,19,20,21,22,23,24,25,26,27,28,29,30,31,32,33,34,35,36,37,38"
6401,3,H8,Tornada,1,Sas - Pl Celestí Boada - Final de trajecte,3642,07:36:00,36.0,8.0,480.0,"9,10,11,12,13,14,15,16,17,18,19,20,21,22,23,24,25,26,27,28,29,30,31,32,33,34,35,36,37,38"
6402,4,H8,Tornada,1,Sas - Pl Celestí Boada - Final de trajecte,3642,07:44:00,44.0,7.999999999966667,480.0,"13,14,15,16,17,18,19,20,21,22,23,24,25,26,27,28,29,30,31,32,33,34,35,36,37,38"
6027,2,H8,Tornada,1,Sas - Pl Celestí Boada - Final de trajecte,3642,07:51:59,51.98,7.999999999966667,480.0,"13,14,15,16,17,18,19,20,21,22,23,24,25,26,27,28,29,30,31,32,33,34,35,36,37,38"
6213,4,H8,Tornada,1,Sas - Pl Celestí Boada - Final de trajecte,3642,08:00:00,0.0,8.000000000066667,480.0,"13,14,15,16,17,18,19,20,21,22,23,24,25,26,27,28,29,30,31,32,33,34,35,36,37,38"
6034,4,H8,Tornada,1,Sas - Pl Celestí Boada - Final de trajecte,3642,08:08:59,8.98,8.999999999933333,540.0,"13,14,15,16,17,18,19,20,21,22,23,24,25,26,27,28,29,30,31,32,33,34,35,36,37,38"
6406,4,H8,Tornada,1,Sas - Pl Celestí Boada - Final de trajecte,3642,08:25:38,25.63,16.6333333334,998.0,"3,4,5,6,13,14,15,16,17,18,19,20,21,22,23,24,25,26,27,28,29,30,31,32,33,34,35,36,37,38"
6110,4,H8,Tornada,1,Sas - Pl Celestí Boada - Final de trajecte,3642,08:26:59,26.98,1.3666666666,82.0,"13,14,15,16,17,18,19,20,21,22,23,24,25,26,27,28,29,30,31,32,33,34,35,36,37,38"
6408,4,H8,Tornada,1,Sas - Pl Celestí Boada - Final de trajecte,3642,08:36:00,36.0,9.000000000033333,540.0,"2,13,14,15,16,17,18,19,20,21,22,23,24,25,26,27,28,29,30,31,32,33,34,35,36,37,38"
6215,4,H8,Tornada,1,Sas - Pl Celestí Boada - Final de trajecte,3642,08:46:00,46.0,10.0,600.0,"13,14,15,16,17,18,19,20,21,22,23,24,25,26,27,28,29,30,31,32,33,34,35,36,37,38"
6409,5,H8,Tornada,1,Sas - Pl Celestí Boada - Final de trajecte,3642,08:55:59,55.98,9.999999999966667,600.0,"13,14,15,16,17,18,19,20,21,22,23,24,25,26,27,28,29,30,31,32,33,34,35,36,37,38"
6217,4,H8,Tornada,1,Sas - Pl Celestí Boada - Final de trajecte,3642,09:06:00,6.0,10.000000000033333,600.0,"13,14,15,16,17,18,19,20,21,22,23,24,25,26,27,28,29,30,31,32,33,34,35,36,37,38"
6411,6,H8,Tornada,1,Sas - Pl Celestí Boada - Final de trajecte,3642,09:15:59,15.98,9.999999999966667,600.0,"13,14,15,16,17,18,19,20,21,22,23,24,25,26,27,28,29,30,31,32,33,34,35,36,37,38"
6407,4,H8,Tornada,1,Sas - Pl Celestí Boada - Final de trajecte,3642,09:26:00,26.0,10.000000000033333,600.0,"13,14,15,16,17,18,19,20,21,22,23,24,25,26,27,28,29,30,31,32,33,34,35,36,37,38"
6100,6,H8,Tornada,1,Sas - Pl Celestí Boada - Final de trajecte,3642,09:35:00,35.0,9.000000000033333,540.0,"13,14,15,16,17,18,19,20,21,22,23,24,25,26,27,28,29,30,31,32,33,34,35,36,37,38"
6415,6,H8,Tornada,1,Sas - Pl Celestí Boada - Final de trajecte,3642,09:48:19,48.32,13.333333333266667,800.0,"13,14,15,16,17,18,19,20,21,22,23,24,25,26,27,28,29,30,31,32,33,34,35,36,37,38"
6028,4,H8,Tornada,1,Sas - Pl Celestí Boada - Final de trajecte,3642,10:00:40,0.67,12.333333333366665,740.0,"5,6,13,14,15,16,17,18,19,20,21,22,23,24,25,26,27,28,29,30,31,32,33,34,35,36,37,38"
6802,4,H8,Tornada,1,Sas - Pl Celestí Boada - Final de trajecte,3642,10:11:19,11.32,10.666666666633335,640.0,"13,14,15,16,17,18,19,20,21,22,23,24,25,26,27,28,29,30,31,32,33,34,35,36,37,38"
6209,7,H8,Tornada,1,Sas - Pl Celestí Boada - Final de trajecte,3642,10:22:00,22.0,10.666666666733333,640.0,"13,14,15,16,17,18,19,20,21,22,23,24,25,26,27,28,29,30,31,32,33,34,35,36,37,38"
6211,7,H8,Tornada,1,Sas - Pl Celestí Boada - Final de trajecte,3642,10:31:00,31.0,8.999999999966667,540.0,"13,14,15,16,17,18,19,20,21,22,23,24,25,26,27,28,29,30,31,32,33,34,35,36,37,38"
6213,7,H8,Tornada,1,Sas - Pl Celestí Boada - Final de trajecte,3642,11:07:00,7.0,10.000000000033333,600.0,"13,14,15,16,17,18,19,20,21,22,23,24,25,26,27,28,29,30,31,32,33,34,35,36,37,38"
6406,7,H8,Tornada,1,Sas - Pl Celestí Boada - Final de trajecte,3642,11:26:00,26.0,19.0,1140.0,"13,14,15,16,17,18,19,20,21,22,23,24,25,26,27,28,29,30,31,32,33,34,35,36,37,38"
6408,7,H8,Tornada,1,Sas - Pl Celestí Boada - Final de trajecte,3642,11:35:00,35.0,8.999999999966667,540.0,"13,14,15,16,17,18,19,20,21,22,23,24,25,26,27,28,29,30,31,32,33,34,35,36,37,38"
6215,7,H8,Tornada,1,Sas - Pl Celestí Boada - Final de trajecte,3642,11:45:00,45.0,10.000000000033333,600.0,"13,14,15,16,17,18,19,20,21,22,23,24,25,26,27,28,29,30,31,32,33,34,35,36,37,38"
6409,8,H8,Tornada,1,Sas - Pl Celestí Boada - Final de trajecte,3642,11:54:59,54.98,9.999999999933333,600.0,"13,14,15,16,17,18,19,20,21,22,23,24,25,26,27,28,29,30,31,32,33,34,35,36,37,38"
6100,9,H8,Tornada,1,Sas - Pl Celestí Boada - Final de trajecte,3642,12:33:59,33.98,10.0,600.0,"13,14,15,16,17,18,19,20,21,22,23,24,25,26,27,28,29,30,31,32,33,34,35,36,37,38"
6075,2,H8,Tornada,1,Sas - Pl Celestí Boada - Final de trajecte,3642,12:46:15,46.25,12.250000000066667,735.0,"5,6,7,8,9,10,11,12,13,14,15,16,17,18,19,20,21,22,23,24,25,26,27,28,29,30,31,32,33,34,35,36,37,38"
6028,7,H8,Tornada,1,Sas - Pl Celestí Boada - Final de trajecte,3642,12:58:40,58.67,12.333333333366665,740.0,"13,14,15,16,17,18,19,20,21,22,23,24,25,26,27,28,29,30,31,32,33,34,35,36,37,38"
6209,10,H8,Tornada,1,Sas - Pl Celestí Boada - Final de trajecte,3642,13:18:33,18.55,19.899999999933335,1194.0,"7,8,9,10,11,12,13,14,15,16,17,18,19,20,21,22,23,24,25,26,27,28,29,30,31,32,33,34,35,36,37,38"
6211,10,H8,Tornada,1,Sas - Pl Celestí Boada - Final de trajecte,3642,13:22:00,22.0,3.4333333334,206.0,"13,14,15,16,17,18,19,20,21,22,23,24,25,26,27,28,29,30,31,32,33,34,35,36,37,38"
6800,2,H8,Tornada,1,Sas - Pl Celestí Boada - Final de trajecte,3642,13:31:00,31.0,8.999999999966667,540.0,"13,14,15,16,17,18,19,20,21,22,23,24,25,26,27,28,29,30,31,32,33,34,35,36,37,38"
6402,10,H8,Tornada,1,Sas - Pl Celestí Boada - Final de trajecte,3642,13:44:51,44.85,13.850000000033333,831.0,"12,13,14,15,16,17,18,19,20,21,22,23,24,25,26,27,28,29,30,31,32,33,34,35,36,37,38"
6027,8,H8,Tornada,1,Sas - Pl Celestí Boada - Final de trajecte,3642,13:50:00,50.0,5.166666666599999,310.0,"13,14,15,16,17,18,19,20,21,22,23,24,25,26,27,28,29,30,31,32,33,34,35,36,37,38"
6034,10,H8,Tornada,1,Sas - Pl Celestí Boada - Final de trajecte,3642,14:11:00,11.0,21.0,1260.0,"2,13,14,15,16,17,18,19,20,21,22,23,24,25,26,27,28,29,30,31,32,33,34,35,36,37,38"
6406,10,H8,Tornada,1,Sas - Pl Celestí Boada - Final de trajecte,3642,14:21:01,21.02,10.000000000033333,600.0,"13,14,15,16,17,18,19,20,21,22,23,24,25,26,27,28,29,30,31,32,33,34,35,36,37,38"
6408,10,H8,Tornada,1,Sas - Pl Celestí Boada - Final de trajecte,3642,14:31:01,31.02,10.0,600.0,"13,14,15,16,17,18,19,20,21,22,23,24,25,26,27,28,29,30,31,32,33,34,35,36,37,38"
6215,10,H8,Tornada,1,Sas - Pl Celestí Boada - Final de trajecte,3642,14:41:01,41.02,10.000000000033333,600.0,"13,14,15,16,17,18,19,20,21,22,23,24,25,26,27,28,29,30,31,32,33,34,35,36,37,38"
6409,11,H8,Tornada,1,Sas - Pl Celestí Boada - Final de trajecte,3642,14:51:31,51.52,10.5,630.0,"13,14,15,16,17,18,19,20,21,22,23,24,25,26,27,28,29,30,31,32,33,34,35,36,37,38"
6217,6,H8,Tornada,1,Sas - Pl Celestí Boada - Final de trajecte,3642,15:01:01,1.02,9.499999999966667,570.0,"12,13,14,15,16,17,18,19,20,21,22,23,24,25,26,27,28,29,30,31,32,33,34,35,36,37,38"
6411,12,H8,Tornada,1,Sas - Pl Celestí Boada - Final de trajecte,3642,15:11:01,11.02,10.0,600.0,"13,14,15,16,17,18,19,20,21,22,23,24,25,26,27,28,29,30,31,32,33,34,35,36,37,38"
6036,1,H8,Tornada,1,Sas - Pl Celestí Boada - Final de trajecte,3642,15:34:52,34.87,23.85,1431.0,"13,14,15,16,17,18,19,20,21,22,23,24,25,26,27,28,29,30,31,32,33,34,35,36,37,38"
6100,12,H8,Tornada,1,Sas - Pl Celestí Boada - Final de trajecte,3642,15:42:01,42.02,7.15,429.0,"13,14,15,16,17,18,19,20,21,22,23,24,25,26,27,28,29,30,31,32,33,34,35,36,37,38"
6407,11,H8,Tornada,1,Sas - Pl Celestí Boada - Final de trajecte,3642,15:45:30,45.5,3.4833333333,209.0,"3,4,5,6,7,8,9,10,11,12,13,14,15,16,17,18,19,20,21,22,23,24,25,26,27,28,29,30,31,32,33,34,35,36,37,38"
6415,12,H8,Tornada,1,Sas - Pl Celestí Boada - Final de trajecte,3642,15:50:00,50.0,4.516666666633333,271.0,"13,14,15,16,17,18,19,20,21,22,23,24,25,26,27,28,29,30,31,32,33,34,35,36,37,38"
6028,10,H8,Tornada,1,Sas - Pl Celestí Boada - Final de trajecte,3642,16:00:41,0.68,10.666666666733333,640.0,"13,14,15,16,17,18,19,20,21,22,23,24,25,26,27,28,29,30,31,32,33,34,35,36,37,38"
6802,10,H8,Tornada,1,Sas - Pl Celestí Boada - Final de trajecte,3642,16:14:01,14.02,13.333333333333334,800.0,"13,14,15,16,17,18,19,20,21,22,23,24,25,26,27,28,29,30,31,32,33,34,35,36,37,38"
6201,1,H8,Tornada,1,Sas - Pl Celestí Boada - Final de trajecte,3642,16:20:00,20.0,5.999999999933333,360.0,"13,14,15,16,17,18,19,20,21,22,23,24,25,26,27,28,29,30,31,32,33,34,35,36,37,38"
6211,13,H8,Tornada,1,Sas - Pl Celestí Boada - Final de trajecte,3642,16:23:00,23.0,3.0,180.0,"13,14,15,16,17,18,19,20,21,22,23,24,25,26,27,28,29,30,31,32,33,34,35,36,37,38"
6217,7,H8,Tornada,1,Sas - Pl Celestí Boada - Final de trajecte,3642,16:34:01,34.02,11.000000000066667,660.0,"13,14,15,16,17,18,19,20,21,22,23,24,25,26,27,28,29,30,31,32,33,34,35,36,37,38"
6800,5,H8,Tornada,1,Sas - Pl Celestí Boada - Final de trajecte,3642,16:38:01,38.02,4.0,240.0,"13,14,15,16,17,18,19,20,21,22,23,24,25,26,27,28,29,30,31,32,33,34,35,36,37,38"
6402,13,H8,Tornada,1,Sas - Pl Celestí Boada - Final de trajecte,3642,16:55:05,55.08,17.08333333326667,1025.0,"4,5,6,13,14,15,16,17,18,19,20,21,22,23,24,25,26,27,28,29,30,31,32,33,34,35,36,37,38"
6027,11,H8,Tornada,1,Sas - Pl Celestí Boada - Final de trajecte,3642,16:56:15,56.25,1.1666666666666667,70.0,"8,13,14,15,16,17,18,19,20,21,22,23,24,25,26,27,28,29,30,31,32,33,34,35,36,37,38"
6034,13,H8,Tornada,1,Sas - Pl Celestí Boada - Final de trajecte,3642,17:15:00,15.0,18.75,1125.0,"13,14,15,16,17,18,19,20,21,22,23,24,25,26,27,28,29,30,31,32,33,34,35,36,37,38"
6406,13,H8,Tornada,1,Sas - Pl Celestí Boada - Final de trajecte,3642,17:25:00,25.0,10.0,600.0,"13,14,15,16,17,18,19,20,21,22,23,24,25,26,27,28,29,30,31,32,33,34,35,36,37,38"
6408,13,H8,Tornada,1,Sas - Pl Celestí Boada - Final de trajecte,3642,17:35:01,35.02,10.000000000066667,600.0,"3,13,14,15,16,17,18,19,20,21,22,23,24,25,26,27,28,29,30,31,32,33,34,35,36,37,38"
6215,13,H8,Tornada,1,Sas - Pl Celestí Boada - Final de trajecte,3642,17:45:01,45.02,9.999999999966667,600.0,"13,14,15,16,17,18,19,20,21,22,23,24,25,26,27,28,29,30,31,32,33,34,35,36,37,38"
6407,13,H8,Tornada,1,Sas - Pl Celestí Boada - Final de trajecte,3642,18:18:50,18.83,3.833333333266667,230.0,"4,5,6,7,8,9,10,11,12,13,14,15,16,17,18,19,20,21,22,23,24,25,26,27,28,29,30,31,32,33,34,35,36,37,38"
6036,4,H8,Tornada,1,Sas - Pl Celestí Boada - Final de trajecte,3642,18:26:01,26.02,7.166666666733334,430.0,"13,14,15,16,17,18,19,20,21,22,23,24,25,26,27,28,29,30,31,32,33,34,35,36,37,38"
6415,15,H8,Tornada,1,Sas - Pl Celestí Boada - Final de trajecte,3642,18:46:01,46.02,20.0,1200.0,"13,14,15,16,17,18,19,20,21,22,23,24,25,26,27,28,29,30,31,32,33,34,35,36,37,38"
6028,13,H8,Tornada,1,Sas - Pl Celestí Boada - Final de trajecte,3642,18:56:01,56.02,10.0,600.0,"13,14,15,16,17,18,19,20,21,22,23,24,25,26,27,28,29,30,31,32,33,34,35,36,37,38"
6211,16,H8,Tornada,1,Sas - Pl Celestí Boada - Final de trajecte,3642,19:10:01,10.02,13.683333333399998,821.0,"13,14,15,16,17,18,19,20,21,22,23,24,25,26,27,28,29,30,31,32,33,34,35,36,37,38"
6217,10,H8,Tornada,1,Sas - Pl Celestí Boada - Final de trajecte,3642,19:20:00,20.0,9.999999999933333,600.0,"13,14,15,16,17,18,19,20,21,22,23,24,25,26,27,28,29,30,31,32,33,34,35,36,37,38"
6800,8,H8,Tornada,1,Sas - Pl Celestí Boada - Final de trajecte,3642,19:30:01,30.02,10.000000000066667,600.0,"13,14,15,16,17,18,19,20,21,22,23,24,25,26,27,28,29,30,31,32,33,34,35,36,37,38"
6402,16,H8,Tornada,1,Sas - Pl Celestí Boada - Final de trajecte,3642,19:40:01,40.02,9.999999999966667,600.0,"13,14,15,16,17,18,19,20,21,22,23,24,25,26,27,28,29,30,31,32,33,34,35,36,37,38"
6213,16,H8,Tornada,1,Sas - Pl Celestí Boada - Final de trajecte,3642,19:50:01,50.02,10.000000000016666,600.0,"13,14,15,16,17,18,19,20,21,22,23,24,25,26,27,28,29,30,31,32,33,34,35,36,37,38"
6034,16,H8,Tornada,1,Sas - Pl Celestí Boada - Final de trajecte,3642,20:00:00,0.0,9.99999999995,600.0,"13,14,15,16,17,18,19,20,21,22,23,24,25,26,27,28,29,30,31,32,33,34,35,36,37,38"
6406,16,H8,Tornada,1,Sas - Pl Celestí Boada - Final de trajecte,3642,20:04:47,4.78,4.7666666667,286.0,"4,5,6,7,8,9,10,11,12,13,14,15,16,17,18,19,20,21,22,23,24,25,26,27,28,29,30,31,32,33,34,35,36,37,38"
6408,16,H8,Tornada,1,Sas - Pl Celestí Boada - Final de trajecte,3642,20:15:01,15.02,10.233333333333333,614.0,"13,14,15,16,17,18,19,20,21,22,23,24,25,26,27,28,29,30,31,32,33,34,35,36,37,38"
6215,16,H8,Tornada,1,Sas - Pl Celestí Boada - Final de trajecte,3642,20:26:47,26.78,11.766666666666667,706.0,"4,5,6,7,8,9,10,11,12,13,14,15,16,17,18,19,20,21,22,23,24,25,26,27,28,29,30,31,32,33,34,35,36,37,38"
6409,16,H8,Tornada,1,Sas - Pl Celestí Boada - Final de trajecte,3642,20:30:00,30.0,3.2333333333,194.0,"13,14,15,16,17,18,19,20,21,22,23,24,25,26,27,28,29,30,31,32,33,34,35,36,37,38"
6075,9,H8,Tornada,1,Sas - Pl Celestí Boada - Final de trajecte,3642,20:33:01,33.02,3.0000000000666662,180.0,"4,5,6,7,8,9,10,11,12,13,14,15,16,17,18,19,20,21,22,23,24,25,26,27,28,29,30,31,32,33,34,35,36,37,38"
6411,17,H8,Tornada,1,Sas - Pl Celestí Boada - Final de trajecte,3642,20:50:00,50.0,16.999999999933333,1020.0,"13,14,15,16,17,18,19,20,21,22,23,24,25,26,27,28,29,30,31,32,33,34,35,36,37,38"
6117,4,H8,Tornada,1,Sas - Pl Celestí Boada - Final de trajecte,3642,21:12:00,12.0,22.0,1320.0,"13,14,15,16,17,18,19,20,21,22,23,24,25,26,27,28,29,30,31,32,33,34,35,36,37,38"
6415,18,H8,Tornada,1,Sas - Pl Celestí Boada - Final de trajecte,3642,21:25:01,25.02,13.000000000066667,780.0,"13,14,15,16,17,18,19,20,21,22,23,24,25,26,27,28,29,30,31,32,33,34,35,36,37,38"
6217,12,H8,Tornada,1,Sas - Pl Celestí Boada - Final de trajecte,3642,21:44:00,44.0,18.999999999933333,1140.0,"4,5,6,7,8,9,10,11,12,13,14,15,16,17,18,19,20,21,22,23,24,25,26,27,28,29,30,31,32,33,34,35,36,37,38"
6402,18,H8,Tornada,1,Sas - Pl Celestí Boada - Final de trajecte,3642,21:59:13,59.22,15.200000000033333,912.0,"4,5,6,7,8,9,10,11,12,13,14,15,16,17,18,19,20,21,22,23,24,25,26,27,28,29,30,31,32,33,34,35,36,37,38"
6034,18,H8,Tornada,1,Sas - Pl Celestí Boada - Final de trajecte,3642,22:13:59,13.98,14.7833333333,887.0,"4,5,6,7,8,9,10,11,12,13,14,15,16,17,18,19,20,21,22,23,24,25,26,27,28,29,30,31,32,33,34,35,36,37,38"
6408,18,H8,Tornada,1,Sas - Pl Celestí Boada - Final de trajecte,3642,22:30:19,30.32,16.333333333333332,980.0,"4,5,6,7,8,9,10,11,12,13,14,15,16,17,18,19,20,21,22,23,24,25,26,27,28,29,30,31,32,33,34,35,36,37,38"
6411,1,H8,Tornada,2,Sas - Claramunt,13,03:35:26,35.43,,,"1,13,14,15,16,17,18,19,20,21,22,23,24,25,26,27,28,29,30,31,32,33,34,35,36,37,38"
6100,1,H8,Tornada,2,Sas - Claramunt,13,03:50:17,50.28,14.849999999966666,891.0,"13,14,15,16,17,18,19,20,21,22,23,24,25,26,27,28,29,30,31,32,33,34,35,36,37,38"
6415,1,H8,Tornada,2,Sas - Claramunt,13,04:05:23,5.38,15.116666666633334,907.0,"13,14,15,16,17,18,19,20,21,22,23,24,25,26,27,28,29,30,31,32,33,34,35,36,37,38"
6209,1,H8,Tornada,2,Sas - Claramunt,13,04:20:25,20.42,15.016666666733332,901.0,"13,14,15,16,17,18,19,20,21,22,23,24,25,26,27,28,29,30,31,32,33,34,35,36,37,38"
6211,1,H8,Tornada,2,Sas - Claramunt,13,04:30:22,30.37,9.949999999966668,597.0,"13,14,15,16,17,18,19,20,21,22,23,24,25,26,27,28,29,30,31,32,33,34,35,36,37,38"
6401,1,H8,Tornada,2,Sas - Claramunt,13,04:40:22,40.37,10.016666666633334,601.0,"13,14,15,16,17,18,19,20,21,22,23,24,25,26,27,28,29,30,31,32,33,34,35,36,37,38"
6402,1,H8,Tornada,2,Sas - Claramunt,13,04:47:33,47.55,7.166666666699999,430.0,"13,14,15,16,17,18,19,20,21,22,23,24,25,26,27,28,29,30,31,32,33,34,35,36,37,38"
6213,1,H8,Tornada,2,Sas - Claramunt,13,05:02:48,2.8,15.266666666633334,916.0,"13,14,15,16,17,18,19,20,21,22,23,24,25,26,27,28,29,30,31,32,33,34,35,36,37,38"
6406,1,H8,Tornada,2,Sas - Claramunt,13,05:16:38,16.63,13.816666666733333,829.0,"1,13,14,15,16,17,18,19,20,21,22,23,24,25,26,27,28,29,30,31,32,33,34,35,36,37,38"
6110,1,H8,Tornada,2,Sas - Claramunt,13,05:28:42,28.7,12.083333333266667,725.0,"13,14,15,16,17,18,19,20,21,22,23,24,25,26,27,28,29,30,31,32,33,34,35,36,37,38"
6408,1,H8,Tornada,2,Sas - Claramunt,13,05:37:36,37.6,8.883333333366666,533.0,"13,14,15,16,17,18,19,20,21,22,23,24,25,26,27,28,29,30,31,32,33,34,35,36,37,38"
6215,1,H8,Tornada,2,Sas - Claramunt,13,05:46:30,46.5,8.916666666633335,535.0,"13,14,15,16,17,18,19,20,21,22,23,24,25,26,27,28,29,30,31,32,33,34,35,36,37,38"
6409,2,H8,Tornada,2,Sas - Claramunt,13,05:55:46,55.77,9.250000000066667,555.0,"13,14,15,16,17,18,19,20,21,22,23,24,25,26,27,28,29,30,31,32,33,34,35,36,37,38"
6217,1,H8,Tornada,2,Sas - Claramunt,13,06:04:40,4.67,8.916666666600001,535.0,"13,14,15,16,17,18,19,20,21,22,23,24,25,26,27,28,29,30,31,32,33,34,35,36,37,38"
6411,3,H8,Tornada,2,Sas - Claramunt,13,06:13:40,13.67,9.0,540.0,"13,14,15,16,17,18,19,20,21,22,23,24,25,26,27,28,29,30,31,32,33,34,35,36,37,38"
6407,1,H8,Tornada,2,Sas - Claramunt,13,06:22:30,22.5,8.8166666667,529.0,"13,14,15,16,17,18,19,20,21,22,23,24,25,26,27,28,29,30,31,32,33,34,35,36,37,38"
6204,1,H8,Tornada,2,Sas - Claramunt,13,06:31:21,31.35,8.85,531.0,"13,14,15,16,17,18,19,20,21,22,23,24,25,26,27,28,29,30,31,32,33,34,35,36,37,38"
6100,4,H8,Tornada,2,Sas - Claramunt,13,06:40:51,40.85,9.516666666633334,571.0,"13,14,15,16,17,18,19,20,21,22,23,24,25,26,27,28,29,30,31,32,33,34,35,36,37,38"
6415,3,H8,Tornada,2,Sas - Claramunt,13,06:50:11,50.18,9.316666666733333,559.0,"13,14,15,16,17,18,19,20,21,22,23,24,25,26,27,28,29,30,31,32,33,34,35,36,37,38"
6028,1,H8,Tornada,2,Sas - Claramunt,13,07:01:17,1.28,11.1166666666,667.0,"13,14,15,16,17,18,19,20,21,22,23,24,25,26,27,28,29,30,31,32,33,34,35,36,37,38"
6802,1,H8,Tornada,2,Sas - Claramunt,13,07:10:57,10.95,9.650000000066665,579.0,"13,14,15,16,17,18,19,20,21,22,23,24,25,26,27,28,29,30,31,32,33,34,35,36,37,38"
6209,4,H8,Tornada,2,Sas - Claramunt,13,07:20:27,20.45,9.499999999966667,570.0,"13,14,15,16,17,18,19,20,21,22,23,24,25,26,27,28,29,30,31,32,33,34,35,36,37,38"
6211,4,H8,Tornada,2,Sas - Claramunt,13,07:28:27,28.45,8.016666666633334,481.0,"13,14,15,16,17,18,19,20,21,22,23,24,25,26,27,28,29,30,31,32,33,34,35,36,37,38"
6401,3,H8,Tornada,2,Sas - Claramunt,13,07:36:27,36.45,8.0,480.0,"9,10,11,12,13,14,15,16,17,18,19,20,21,22,23,24,25,26,27,28,29,30,31,32,33,34,35,36,37,38"
6402,4,H8,Tornada,2,Sas - Claramunt,13,07:44:27,44.45,8.0,480.0,"13,14,15,16,17,18,19,20,21,22,23,24,25,26,27,28,29,30,31,32,33,34,35,36,37,38"
6027,2,H8,Tornada,2,Sas - Claramunt,13,07:52:23,52.38,7.916666666733334,475.0,"13,14,15,16,17,18,19,20,21,22,23,24,25,26,27,28,29,30,31,32,33,34,35,36,37,38"
6213,4,H8,Tornada,2,Sas - Claramunt,13,08:00:18,0.3,7.916666666633334,475.0,"13,14,15,16,17,18,19,20,21,22,23,24,25,26,27,28,29,30,31,32,33,34,35,36,37,38"
6034,4,H8,Tornada,2,Sas - Claramunt,13,08:09:25,9.42,9.1333333333,548.0,"13,14,15,16,17,18,19,20,21,22,23,24,25,26,27,28,29,30,31,32,33,34,35,36,37,38"
6406,4,H8,Tornada,2,Sas - Claramunt,13,08:26:11,26.18,16.750000000066667,1005.0,"3,4,5,6,13,14,15,16,17,18,19,20,21,22,23,24,25,26,27,28,29,30,31,32,33,34,35,36,37,38"
6110,4,H8,Tornada,2,Sas - Claramunt,13,08:27:32,27.53,1.3666666666,82.0,"13,14,15,16,17,18,19,20,21,22,23,24,25,26,27,28,29,30,31,32,33,34,35,36,37,38"
6215,4,H8,Tornada,2,Sas - Claramunt,13,08:46:31,46.52,18.96666666673333,1138.0,"13,14,15,16,17,18,19,20,21,22,23,24,25,26,27,28,29,30,31,32,33,34,35,36,37,38"
6409,5,H8,Tornada,2,Sas - Claramunt,13,08:56:42,56.7,10.1833333333,611.0,"13,14,15,16,17,18,19,20,21,22,23,24,25,26,27,28,29,30,31,32,33,34,35,36,37,38"
6217,4,H8,Tornada,2,Sas - Claramunt,13,09:07:17,7.28,10.583333333366665,635.0,"13,14,15,16,17,18,19,20,21,22,23,24,25,26,27,28,29,30,31,32,33,34,35,36,37,38"
6411,6,H8,Tornada,2,Sas - Claramunt,13,09:16:27,16.45,9.183333333266667,551.0,"13,14,15,16,17,18,19,20,21,22,23,24,25,26,27,28,29,30,31,32,33,34,35,36,37,38"
6407,4,H8,Tornada,2,Sas - Claramunt,13,09:27:20,27.33,10.8666666667,652.0,"13,14,15,16,17,18,19,20,21,22,23,24,25,26,27,28,29,30,31,32,33,34,35,36,37,38"
6100,6,H8,Tornada,2,Sas - Claramunt,13,09:35:27,35.45,8.1333333333,488.0,"13,14,15,16,17,18,19,20,21,22,23,24,25,26,27,28,29,30,31,32,33,34,35,36,37,38"
6415,6,H8,Tornada,2,Sas - Claramunt,13,09:48:41,48.68,13.233333333333333,794.0,"13,14,15,16,17,18,19,20,21,22,23,24,25,26,27,28,29,30,31,32,33,34,35,36,37,38"
6028,4,H8,Tornada,2,Sas - Claramunt,13,10:01:04,1.07,12.3666666667,742.0,"5,6,13,14,15,16,17,18,19,20,21,22,23,24,25,26,27,28,29,30,31,32,33,34,35,36,37,38"
6802,4,H8,Tornada,2,Sas - Claramunt,13,10:11:46,11.77,10.700000000033333,642.0,"13,14,15,16,17,18,19,20,21,22,23,24,25,26,27,28,29,30,31,32,33,34,35,36,37,38"
6209,7,H8,Tornada,2,Sas - Claramunt,13,10:22:25,22.42,10.666666666600001,640.0,"13,14,15,16,17,18,19,20,21,22,23,24,25,26,27,28,29,30,31,32,33,34,35,36,37,38"
6211,7,H8,Tornada,2,Sas - Claramunt,13,10:31:25,31.42,9.0,540.0,"13,14,15,16,17,18,19,20,21,22,23,24,25,26,27,28,29,30,31,32,33,34,35,36,37,38"
6213,7,H8,Tornada,2,Sas - Claramunt,13,11:07:23,7.38,9.949999999966668,597.0,"13,14,15,16,17,18,19,20,21,22,23,24,25,26,27,28,29,30,31,32,33,34,35,36,37,38"
6406,7,H8,Tornada,2,Sas - Claramunt,13,11:26:24,26.4,19.000000000066667,1140.0,"13,14,15,16,17,18,19,20,21,22,23,24,25,26,27,28,29,30,31,32,33,34,35,36,37,38"
6408,7,H8,Tornada,2,Sas - Claramunt,13,11:35:20,35.33,8.949999999933334,537.0,"13,14,15,16,17,18,19,20,21,22,23,24,25,26,27,28,29,30,31,32,33,34,35,36,37,38"
6215,7,H8,Tornada,2,Sas - Claramunt,13,11:45:33,45.55,10.200000000066666,612.0,"13,14,15,16,17,18,19,20,21,22,23,24,25,26,27,28,29,30,31,32,33,34,35,36,37,38"
6409,8,H8,Tornada,2,Sas - Claramunt,13,11:55:32,55.53,9.999999999933333,600.0,"13,14,15,16,17,18,19,20,21,22,23,24,25,26,27,28,29,30,31,32,33,34,35,36,37,38"
6100,9,H8,Tornada,2,Sas - Claramunt,13,12:34:31,34.52,9.999999999933333,600.0,"13,14,15,16,17,18,19,20,21,22,23,24,25,26,27,28,29,30,31,32,33,34,35,36,37,38"
6075,2,H8,Tornada,2,Sas - Claramunt,13,12:46:45,46.75,12.233333333333333,734.0,"5,6,7,8,9,10,11,12,13,14,15,16,17,18,19,20,21,22,23,24,25,26,27,28,29,30,31,32,33,34,35,36,37,38"
6028,7,H8,Tornada,2,Sas - Claramunt,13,12:59:04,59.07,11.6,696.0,"13,14,15,16,17,18,19,20,21,22,23,24,25,26,27,28,29,30,31,32,33,34,35,36,37,38"
6209,10,H8,Tornada,2,Sas - Claramunt,13,13:18:59,18.98,19.916666666633333,1195.0,"7,8,9,10,11,12,13,14,15,16,17,18,19,20,21,22,23,24,25,26,27,28,29,30,31,32,33,34,35,36,37,38"
6211,10,H8,Tornada,2,Sas - Claramunt,13,13:22:24,22.4,3.4166666667000003,205.0,"13,14,15,16,17,18,19,20,21,22,23,24,25,26,27,28,29,30,31,32,33,34,35,36,37,38"
6800,2,H8,Tornada,2,Sas - Claramunt,13,13:31:22,31.37,8.966666666666667,538.0,"13,14,15,16,17,18,19,20,21,22,23,24,25,26,27,28,29,30,31,32,33,34,35,36,37,38"
6402,10,H8,Tornada,2,Sas - Claramunt,13,13:48:37,48.62,17.25,1035.0,"12,13,14,15,16,17,18,19,20,21,22,23,24,25,26,27,28,29,30,31,32,33,34,35,36,37,38"
6027,8,H8,Tornada,2,Sas - Claramunt,13,13:50:30,50.5,1.8833333333000002,113.0,"13,14,15,16,17,18,19,20,21,22,23,24,25,26,27,28,29,30,31,32,33,34,35,36,37,38"
6408,10,H8,Tornada,2,Sas - Claramunt,13,14:31:22,31.37,9.883333333333333,593.0,"13,14,15,16,17,18,19,20,21,22,23,24,25,26,27,28,29,30,31,32,33,34,35,36,37,38"
6215,10,H8,Tornada,2,Sas - Claramunt,13,14:41:22,41.37,10.000000000033333,600.0,"13,14,15,16,17,18,19,20,21,22,23,24,25,26,27,28,29,30,31,32,33,34,35,36,37,38"
6409,11,H8,Tornada,2,Sas - Claramunt,13,14:51:45,51.75,10.399999999933334,624.0,"13,14,15,16,17,18,19,20,21,22,23,24,25,26,27,28,29,30,31,32,33,34,35,36,37,38"
6217,6,H8,Tornada,2,Sas - Claramunt,13,15:01:28,1.47,9.700000000033333,582.0,"12,13,14,15,16,17,18,19,20,21,22,23,24,25,26,27,28,29,30,31,32,33,34,35,36,37,38"
6411,12,H8,Tornada,2,Sas - Claramunt,13,15:11:42,11.7,10.233333333300001,614.0,"13,14,15,16,17,18,19,20,21,22,23,24,25,26,27,28,29,30,31,32,33,34,35,36,37,38"
6407,11,H8,Tornada,2,Sas - Claramunt,13,15:46:01,46.02,3.4833333333999996,209.0,"3,4,5,6,7,8,9,10,11,12,13,14,15,16,17,18,19,20,21,22,23,24,25,26,27,28,29,30,31,32,33,34,35,36,37,38"
6415,12,H8,Tornada,2,Sas - Claramunt,13,15:50:30,50.5,4.499999999933333,270.0,"13,14,15,16,17,18,19,20,21,22,23,24,25,26,27,28,29,30,31,32,33,34,35,36,37,38"
6028,10,H8,Tornada,2,Sas - Claramunt,13,16:01:10,1.17,10.650000000033334,639.0,"13,14,15,16,17,18,19,20,21,22,23,24,25,26,27,28,29,30,31,32,33,34,35,36,37,38"
6802,10,H8,Tornada,2,Sas - Claramunt,13,16:14:21,14.35,13.183333333333334,791.0,"13,14,15,16,17,18,19,20,21,22,23,24,25,26,27,28,29,30,31,32,33,34,35,36,37,38"
6201,1,H8,Tornada,2,Sas - Claramunt,13,16:20:21,20.35,6.016666666633333,361.0,"13,14,15,16,17,18,19,20,21,22,23,24,25,26,27,28,29,30,31,32,33,34,35,36,37,38"
6211,13,H8,Tornada,2,Sas - Claramunt,13,16:23:21,23.35,3.0,180.0,"13,14,15,16,17,18,19,20,21,22,23,24,25,26,27,28,29,30,31,32,33,34,35,36,37,38"
6217,7,H8,Tornada,2,Sas - Claramunt,13,16:34:49,34.82,11.450000000066666,687.0,"13,14,15,16,17,18,19,20,21,22,23,24,25,26,27,28,29,30,31,32,33,34,35,36,37,38"
6800,5,H8,Tornada,2,Sas - Claramunt,13,16:38:25,38.42,3.6,216.0,"13,14,15,16,17,18,19,20,21,22,23,24,25,26,27,28,29,30,31,32,33,34,35,36,37,38"
6402,13,H8,Tornada,2,Sas - Claramunt,13,16:56:05,56.08,17.666666666633333,1060.0,"4,5,6,13,14,15,16,17,18,19,20,21,22,23,24,25,26,27,28,29,30,31,32,33,34,35,36,37,38"
6034,13,H8,Tornada,2,Sas - Claramunt,13,17:15:35,15.58,18.85,1131.0,"13,14,15,16,17,18,19,20,21,22,23,24,25,26,27,28,29,30,31,32,33,34,35,36,37,38"
6406,13,H8,Tornada,2,Sas - Claramunt,13,17:25:33,25.55,9.983333333300001,599.0,"13,14,15,16,17,18,19,20,21,22,23,24,25,26,27,28,29,30,31,32,33,34,35,36,37,38"
6408,13,H8,Tornada,2,Sas - Claramunt,13,17:35:34,35.57,10.000000000066667,600.0,"3,13,14,15,16,17,18,19,20,21,22,23,24,25,26,27,28,29,30,31,32,33,34,35,36,37,38"
6215,13,H8,Tornada,2,Sas - Claramunt,13,17:45:35,45.58,10.016666666666667,601.0,"13,14,15,16,17,18,19,20,21,22,23,24,25,26,27,28,29,30,31,32,33,34,35,36,37,38"
6407,13,H8,Tornada,2,Sas - Claramunt,13,18:19:07,19.12,3.716666666666667,223.0,"4,5,6,7,8,9,10,11,12,13,14,15,16,17,18,19,20,21,22,23,24,25,26,27,28,29,30,31,32,33,34,35,36,37,38"
6036,4,H8,Tornada,2,Sas - Claramunt,13,18:26:13,26.22,7.100000000033333,426.0,"13,14,15,16,17,18,19,20,21,22,23,24,25,26,27,28,29,30,31,32,33,34,35,36,37,38"
6415,15,H8,Tornada,2,Sas - Claramunt,13,18:46:12,46.2,19.9833333333,1199.0,"13,14,15,16,17,18,19,20,21,22,23,24,25,26,27,28,29,30,31,32,33,34,35,36,37,38"
6028,13,H8,Tornada,2,Sas - Claramunt,13,18:56:16,56.27,10.0666666667,604.0,"13,14,15,16,17,18,19,20,21,22,23,24,25,26,27,28,29,30,31,32,33,34,35,36,37,38"
6211,16,H8,Tornada,2,Sas - Claramunt,13,19:10:12,10.2,13.6166666667,817.0,"13,14,15,16,17,18,19,20,21,22,23,24,25,26,27,28,29,30,31,32,33,34,35,36,37,38"
6217,10,H8,Tornada,2,Sas - Claramunt,13,19:20:18,20.3,10.100000000033333,606.0,"13,14,15,16,17,18,19,20,21,22,23,24,25,26,27,28,29,30,31,32,33,34,35,36,37,38"
6800,8,H8,Tornada,2,Sas - Claramunt,13,19:30:19,30.32,10.016666666666667,601.0,"13,14,15,16,17,18,19,20,21,22,23,24,25,26,27,28,29,30,31,32,33,34,35,36,37,38"
6402,16,H8,Tornada,2,Sas - Claramunt,13,19:40:22,40.37,10.049999999966667,603.0,"13,14,15,16,17,18,19,20,21,22,23,24,25,26,27,28,29,30,31,32,33,34,35,36,37,38"
6213,16,H8,Tornada,2,Sas - Claramunt,13,19:50:22,50.37,10.016666666633334,601.0,"13,14,15,16,17,18,19,20,21,22,23,24,25,26,27,28,29,30,31,32,33,34,35,36,37,38"
6034,16,H8,Tornada,2,Sas - Claramunt,13,20:00:24,0.4,10.016666666699999,601.0,"13,14,15,16,17,18,19,20,21,22,23,24,25,26,27,28,29,30,31,32,33,34,35,36,37,38"
6406,16,H8,Tornada,2,Sas - Claramunt,13,20:05:05,5.08,4.683333333366666,281.0,"4,5,6,7,8,9,10,11,12,13,14,15,16,17,18,19,20,21,22,23,24,25,26,27,28,29,30,31,32,33,34,35,36,37,38"
6408,16,H8,Tornada,2,Sas - Claramunt,13,20:15:22,15.37,10.2833333333,617.0,"13,14,15,16,17,18,19,20,21,22,23,24,25,26,27,28,29,30,31,32,33,34,35,36,37,38"
6215,16,H8,Tornada,2,Sas - Claramunt,13,20:27:06,27.1,11.749999999966667,705.0,"4,5,6,7,8,9,10,11,12,13,14,15,16,17,18,19,20,21,22,23,24,25,26,27,28,29,30,31,32,33,34,35,36,37,38"
6409,16,H8,Tornada,2,Sas - Claramunt,13,20:30:20,30.33,3.2166666667,193.0,"13,14,15,16,17,18,19,20,21,22,23,24,25,26,27,28,29,30,31,32,33,34,35,36,37,38"
6075,9,H8,Tornada,2,Sas - Claramunt,13,20:33:19,33.32,2.9833333333666667,179.0,"4,5,6,7,8,9,10,11,12,13,14,15,16,17,18,19,20,21,22,23,24,25,26,27,28,29,30,31,32,33,34,35,36,37,38"
6411,17,H8,Tornada,2,Sas - Claramunt,13,20:50:12,50.2,16.899999999933335,1014.0,"13,14,15,16,17,18,19,20,21,22,23,24,25,26,27,28,29,30,31,32,33,34,35,36,37,38"
6117,4,H8,Tornada,2,Sas - Claramunt,13,21:12:12,12.2,21.9833333334,1319.0,"13,14,15,16,17,18,19,20,21,22,23,24,25,26,27,28,29,30,31,32,33,34,35,36,37,38"
6415,18,H8,Tornada,2,Sas - Claramunt,13,21:25:15,25.25,13.049999999966667,783.0,"13,14,15,16,17,18,19,20,21,22,23,24,25,26,27,28,29,30,31,32,33,34,35,36,37,38"
6211,18,H8,Tornada,2,Sas - Claramunt,13,21:30:55,30.92,5.666666666666667,340.0,"1,4,5,6,7,8,9,10,11,12,13,14,15,16,17,18,19,20,21,22,23,24,25,26,27,28,29,30,31,32,33,34,35,36,37,38"
6217,12,H8,Tornada,2,Sas - Claramunt,13,21:44:14,44.23,13.316666666666666,799.0,"4,5,6,7,8,9,10,11,12,13,14,15,16,17,18,19,20,21,22,23,24,25,26,27,28,29,30,31,32,33,34,35,36,37,38"
6402,18,H8,Tornada,2,Sas - Claramunt,13,21:59:22,59.37,15.133333333333333,908.0,"4,5,6,7,8,9,10,11,12,13,14,15,16,17,18,19,20,21,22,23,24,25,26,27,28,29,30,31,32,33,34,35,36,37,38"
6034,18,H8,Tornada,2,Sas - Claramunt,13,22:14:11,14.18,14.8166666667,889.0,"4,5,6,7,8,9,10,11,12,13,14,15,16,17,18,19,20,21,22,23,24,25,26,27,28,29,30,31,32,33,34,35,36,37,38"
6408,18,H8,Tornada,2,Sas - Claramunt,13,22:30:31,30.52,16.349999999933335,981.0,"4,5,6,7,8,9,10,11,12,13,14,15,16,17,18,19,20,21,22,23,24,25,26,27,28,29,30,31,32,33,34,35,36,37,38"
6411,1,H8,Tornada,3,Sant Adrià - Sas,1435,03:36:59,36.98,,,"1,13,14,15,16,17,18,19,20,21,22,23,24,25,26,27,28,29,30,31,32,33,34,35,36,37,38"
6100,1,H8,Tornada,3,Sant Adrià - Sas,1435,03:52:13,52.22,15.233333333333333,914.0,"13,14,15,16,17,18,19,20,21,22,23,24,25,26,27,28,29,30,31,32,33,34,35,36,37,38"
6415,1,H8,Tornada,3,Sant Adrià - Sas,1435,04:06:20,6.33,14.116666666633334,847.0,"13,14,15,16,17,18,19,20,21,22,23,24,25,26,27,28,29,30,31,32,33,34,35,36,37,38"
6209,1,H8,Tornada,3,Sant Adrià - Sas,1435,04:21:27,21.45,15.116666666666667,907.0,"13,14,15,16,17,18,19,20,21,22,23,24,25,26,27,28,29,30,31,32,33,34,35,36,37,38"
6211,1,H8,Tornada,3,Sant Adrià - Sas,1435,04:32:06,32.1,10.650000000033334,639.0,"13,14,15,16,17,18,19,20,21,22,23,24,25,26,27,28,29,30,31,32,33,34,35,36,37,38"
6401,1,H8,Tornada,3,Sant Adrià - Sas,1435,04:41:24,41.4,9.3,558.0,"13,14,15,16,17,18,19,20,21,22,23,24,25,26,27,28,29,30,31,32,33,34,35,36,37,38"
6402,1,H8,Tornada,3,Sant Adrià - Sas,1435,04:49:00,49.0,7.599999999966667,456.0,"13,14,15,16,17,18,19,20,21,22,23,24,25,26,27,28,29,30,31,32,33,34,35,36,37,38"
6213,1,H8,Tornada,3,Sant Adrià - Sas,1435,05:03:09,3.15,14.16666666665,850.0,"13,14,15,16,17,18,19,20,21,22,23,24,25,26,27,28,29,30,31,32,33,34,35,36,37,38"
6406,1,H8,Tornada,3,Sant Adrià - Sas,1435,05:17:28,17.47,14.30000000005,858.0,"1,13,14,15,16,17,18,19,20,21,22,23,24,25,26,27,28,29,30,31,32,33,34,35,36,37,38"
6110,1,H8,Tornada,3,Sant Adrià - Sas,1435,05:29:24,29.4,11.94999999995,717.0,"13,14,15,16,17,18,19,20,21,22,23,24,25,26,27,28,29,30,31,32,33,34,35,36,37,38"
6408,1,H8,Tornada,3,Sant Adrià - Sas,1435,05:38:14,38.23,8.833333333316666,530.0,"13,14,15,16,17,18,19,20,21,22,23,24,25,26,27,28,29,30,31,32,33,34,35,36,37,38"
6215,1,H8,Tornada,3,Sant Adrià - Sas,1435,05:47:10,47.17,8.9166666667,535.0,"13,14,15,16,17,18,19,20,21,22,23,24,25,26,27,28,29,30,31,32,33,34,35,36,37,38"
6409,2,H8,Tornada,3,Sant Adrià - Sas,1435,05:57:10,57.17,10.0,600.0,"13,14,15,16,17,18,19,20,21,22,23,24,25,26,27,28,29,30,31,32,33,34,35,36,37,38"
6217,1,H8,Tornada,3,Sant Adrià - Sas,1435,06:06:19,6.32,9.166666666633335,550.0,"13,14,15,16,17,18,19,20,21,22,23,24,25,26,27,28,29,30,31,32,33,34,35,36,37,38"
6411,3,H8,Tornada,3,Sant Adrià - Sas,1435,06:14:40,14.67,8.3333333334,500.0,"13,14,15,16,17,18,19,20,21,22,23,24,25,26,27,28,29,30,31,32,33,34,35,36,37,38"
6407,1,H8,Tornada,3,Sant Adrià - Sas,1435,06:25:35,25.58,10.916666666633335,655.0,"13,14,15,16,17,18,19,20,21,22,23,24,25,26,27,28,29,30,31,32,33,34,35,36,37,38"
6204,1,H8,Tornada,3,Sant Adrià - Sas,1435,06:33:35,33.58,8.016666666633334,481.0,"13,14,15,16,17,18,19,20,21,22,23,24,25,26,27,28,29,30,31,32,33,34,35,36,37,38"
6100,4,H8,Tornada,3,Sant Adrià - Sas,1435,06:42:50,42.83,9.2333333334,554.0,"13,14,15,16,17,18,19,20,21,22,23,24,25,26,27,28,29,30,31,32,33,34,35,36,37,38"
6415,3,H8,Tornada,3,Sant Adrià - Sas,1435,06:51:25,51.42,8.599999999933335,516.0,"13,14,15,16,17,18,19,20,21,22,23,24,25,26,27,28,29,30,31,32,33,34,35,36,37,38"
6028,1,H8,Tornada,3,Sant Adrià - Sas,1435,07:02:42,2.7,11.283333333333333,677.0,"13,14,15,16,17,18,19,20,21,22,23,24,25,26,27,28,29,30,31,32,33,34,35,36,37,38"
6802,1,H8,Tornada,3,Sant Adrià - Sas,1435,07:11:50,11.83,9.1166666667,547.0,"13,14,15,16,17,18,19,20,21,22,23,24,25,26,27,28,29,30,31,32,33,34,35,36,37,38"
6209,4,H8,Tornada,3,Sant Adrià - Sas,1435,07:21:36,21.6,9.766666666666667,586.0,"13,14,15,16,17,18,19,20,21,22,23,24,25,26,27,28,29,30,31,32,33,34,35,36,37,38"
6211,4,H8,Tornada,3,Sant Adrià - Sas,1435,07:29:38,29.63,8.033333333333333,482.0,"13,14,15,16,17,18,19,20,21,22,23,24,25,26,27,28,29,30,31,32,33,34,35,36,37,38"
6401,3,H8,Tornada,3,Sant Adrià - Sas,1435,07:38:00,38.0,8.3666666667,502.0,"9,10,11,12,13,14,15,16,17,18,19,20,21,22,23,24,25,26,27,28,29,30,31,32,33,34,35,36,37,38"
6402,4,H8,Tornada,3,Sant Adrià - Sas,1435,07:45:56,45.93,7.9333333333,476.0,"13,14,15,16,17,18,19,20,21,22,23,24,25,26,27,28,29,30,31,32,33,34,35,36,37,38"
6027,2,H8,Tornada,3,Sant Adrià - Sas,1435,07:53:15,53.25,7.316666666683333,439.0,"13,14,15,16,17,18,19,20,21,22,23,24,25,26,27,28,29,30,31,32,33,34,35,36,37,38"
6213,4,H8,Tornada,3,Sant Adrià - Sas,1435,08:03:12,3.2,9.949999999983334,597.0,"13,14,15,16,17,18,19,20,21,22,23,24,25,26,27,28,29,30,31,32,33,34,35,36,37,38"
6034,4,H8,Tornada,3,Sant Adrià - Sas,1435,08:11:49,11.82,8.6333333333,518.0,"13,14,15,16,17,18,19,20,21,22,23,24,25,26,27,28,29,30,31,32,33,34,35,36,37,38"
6110,4,H8,Tornada,3,Sant Adrià - Sas,1435,08:29:03,29.05,17.233333333333334,1034.0,"13,14,15,16,17,18,19,20,21,22,23,24,25,26,27,28,29,30,31,32,33,34,35,36,37,38"
6408,4,H8,Tornada,3,Sant Adrià - Sas,1435,08:36:18,36.3,7.233333333366667,434.0,"2,13,14,15,16,17,18,19,20,21,22,23,24,25,26,27,28,29,30,31,32,33,34,35,36,37,38"
6215,4,H8,Tornada,3,Sant Adrià - Sas,1435,08:49:16,49.27,12.966666666666667,778.0,"13,14,15,16,17,18,19,20,21,22,23,24,25,26,27,28,29,30,31,32,33,34,35,36,37,38"
6409,5,H8,Tornada,3,Sant Adrià - Sas,1435,08:57:39,57.65,8.383333333333333,503.0,"13,14,15,16,17,18,19,20,21,22,23,24,25,26,27,28,29,30,31,32,33,34,35,36,37,38"
6217,4,H8,Tornada,3,Sant Adrià - Sas,1435,09:08:58,8.97,11.316666666666666,679.0,"13,14,15,16,17,18,19,20,21,22,23,24,25,26,27,28,29,30,31,32,33,34,35,36,37,38"
6411,6,H8,Tornada,3,Sant Adrià - Sas,1435,09:16:56,16.93,7.966666666666667,478.0,"13,14,15,16,17,18,19,20,21,22,23,24,25,26,27,28,29,30,31,32,33,34,35,36,37,38"
6407,4,H8,Tornada,3,Sant Adrià - Sas,1435,09:29:11,29.18,12.25,735.0,"13,14,15,16,17,18,19,20,21,22,23,24,25,26,27,28,29,30,31,32,33,34,35,36,37,38"
6100,6,H8,Tornada,3,Sant Adrià - Sas,1435,09:36:53,36.88,7.7,462.0,"13,14,15,16,17,18,19,20,21,22,23,24,25,26,27,28,29,30,31,32,33,34,35,36,37,38"
6415,6,H8,Tornada,3,Sant Adrià - Sas,1435,09:49:27,49.45,12.5666666667,754.0,"13,14,15,16,17,18,19,20,21,22,23,24,25,26,27,28,29,30,31,32,33,34,35,36,37,38"
6028,4,H8,Tornada,3,Sant Adrià - Sas,1435,10:02:14,2.23,12.799999999933334,768.0,"5,6,13,14,15,16,17,18,19,20,21,22,23,24,25,26,27,28,29,30,31,32,33,34,35,36,37,38"
6802,4,H8,Tornada,3,Sant Adrià - Sas,1435,10:13:31,13.52,11.266666666733332,676.0,"13,14,15,16,17,18,19,20,21,22,23,24,25,26,27,28,29,30,31,32,33,34,35,36,37,38"
6209,7,H8,Tornada,3,Sant Adrià - Sas,1435,10:23:44,23.73,10.233333333266668,614.0,"13,14,15,16,17,18,19,20,21,22,23,24,25,26,27,28,29,30,31,32,33,34,35,36,37,38"
6211,7,H8,Tornada,3,Sant Adrià - Sas,1435,10:31:37,31.62,7.883333333333334,473.0,"13,14,15,16,17,18,19,20,21,22,23,24,25,26,27,28,29,30,31,32,33,34,35,36,37,38"
6402,7,H8,Tornada,3,Sant Adrià - Sas,1435,10:47:07,47.12,15.5,930.0,"1,2,13,14,15,16,17,18,19,20,21,22,23,24,25,26,27,28,29,30,31,32,33,34,35,36,37,38"
6027,5,H8,Tornada,3,Sant Adrià - Sas,1435,10:58:32,58.53,11.400000000033334,684.0,"13,14,15,16,17,18,19,20,21,22,23,24,25,26,27,28,29,30,31,32,33,34,35,36,37,38"
6034,7,H8,Tornada,3,Sant Adrià - Sas,1435,11:06:29,6.48,7.95,477.0,"1,2,13,14,15,16,17,18,19,20,21,22,23,24,25,26,27,28,29,30,31,32,33,34,35,36,37,38"
6213,7,H8,Tornada,3,Sant Adrià - Sas,1435,11:11:23,11.38,4.900000000033333,294.0,"13,14,15,16,17,18,19,20,21,22,23,24,25,26,27,28,29,30,31,32,33,34,35,36,37,38"
6406,7,H8,Tornada,3,Sant Adrià - Sas,1435,11:27:05,27.08,15.7,942.0,"13,14,15,16,17,18,19,20,21,22,23,24,25,26,27,28,29,30,31,32,33,34,35,36,37,38"
6408,7,H8,Tornada,3,Sant Adrià - Sas,1435,11:35:31,35.52,8.433333333333334,506.0,"13,14,15,16,17,18,19,20,21,22,23,24,25,26,27,28,29,30,31,32,33,34,35,36,37,38"
6215,7,H8,Tornada,3,Sant Adrià - Sas,1435,11:45:39,45.65,10.149999999933334,609.0,"13,14,15,16,17,18,19,20,21,22,23,24,25,26,27,28,29,30,31,32,33,34,35,36,37,38"
6409,8,H8,Tornada,3,Sant Adrià - Sas,1435,11:56:14,56.23,10.5666666667,634.0,"13,14,15,16,17,18,19,20,21,22,23,24,25,26,27,28,29,30,31,32,33,34,35,36,37,38"
6411,9,H8,Tornada,3,Sant Adrià - Sas,1435,12:10:40,10.67,14.433333333333334,866.0,"1,2,13,14,15,16,17,18,19,20,21,22,23,24,25,26,27,28,29,30,31,32,33,34,35,36,37,38"
6407,7,H8,Tornada,3,Sant Adrià - Sas,1435,12:25:34,25.57,14.916666666633335,895.0,"13,14,15,16,17,18,19,20,21,22,23,24,25,26,27,28,29,30,31,32,33,34,35,36,37,38"
6100,9,H8,Tornada,3,Sant Adrià - Sas,1435,12:37:47,37.78,12.200000000066666,732.0,"13,14,15,16,17,18,19,20,21,22,23,24,25,26,27,28,29,30,31,32,33,34,35,36,37,38"
6075,2,H8,Tornada,3,Sant Adrià - Sas,1435,12:48:41,48.68,10.899999999966667,654.0,"5,6,7,8,9,10,11,12,13,14,15,16,17,18,19,20,21,22,23,24,25,26,27,28,29,30,31,32,33,34,35,36,37,38"
6028,7,H8,Tornada,3,Sant Adrià - Sas,1435,13:01:24,1.4,12.133333333366666,728.0,"13,14,15,16,17,18,19,20,21,22,23,24,25,26,27,28,29,30,31,32,33,34,35,36,37,38"
6802,7,H8,Tornada,3,Sant Adrià - Sas,1435,13:10:44,10.73,9.333333333366665,560.0,"1,2,13,14,15,16,17,18,19,20,21,22,23,24,25,26,27,28,29,30,31,32,33,34,35,36,37,38"
6209,10,H8,Tornada,3,Sant Adrià - Sas,1435,13:20:54,20.9,10.166666666666666,610.0,"7,8,9,10,11,12,13,14,15,16,17,18,19,20,21,22,23,24,25,26,27,28,29,30,31,32,33,34,35,36,37,38"
6211,10,H8,Tornada,3,Sant Adrià - Sas,1435,13:25:51,25.85,4.95,297.0,"13,14,15,16,17,18,19,20,21,22,23,24,25,26,27,28,29,30,31,32,33,34,35,36,37,38"
6800,2,H8,Tornada,3,Sant Adrià - Sas,1435,13:33:30,33.5,7.65,459.0,"13,14,15,16,17,18,19,20,21,22,23,24,25,26,27,28,29,30,31,32,33,34,35,36,37,38"
6213,10,H8,Tornada,3,Sant Adrià - Sas,1435,13:46:49,46.82,13.316666666666666,799.0,"1,2,13,14,15,16,17,18,19,20,21,22,23,24,25,26,27,28,29,30,31,32,33,34,35,36,37,38"
6402,10,H8,Tornada,3,Sant Adrià - Sas,1435,13:50:05,50.08,3.2666666666333333,196.0,"12,13,14,15,16,17,18,19,20,21,22,23,24,25,26,27,28,29,30,31,32,33,34,35,36,37,38"
6027,8,H8,Tornada,3,Sant Adrià - Sas,1435,13:53:21,53.35,3.2833333333,197.0,"13,14,15,16,17,18,19,20,21,22,23,24,25,26,27,28,29,30,31,32,33,34,35,36,37,38"
6034,10,H8,Tornada,3,Sant Adrià - Sas,1435,14:11:15,11.25,17.9,1074.0,"2,13,14,15,16,17,18,19,20,21,22,23,24,25,26,27,28,29,30,31,32,33,34,35,36,37,38"
6406,10,H8,Tornada,3,Sant Adrià - Sas,1435,14:21:47,21.78,10.533333333333333,632.0,"13,14,15,16,17,18,19,20,21,22,23,24,25,26,27,28,29,30,31,32,33,34,35,36,37,38"
6408,10,H8,Tornada,3,Sant Adrià - Sas,1435,14:31:48,31.8,10.000000000066667,600.0,"13,14,15,16,17,18,19,20,21,22,23,24,25,26,27,28,29,30,31,32,33,34,35,36,37,38"
6215,10,H8,Tornada,3,Sant Adrià - Sas,1435,14:43:33,43.55,11.7666666666,706.0,"13,14,15,16,17,18,19,20,21,22,23,24,25,26,27,28,29,30,31,32,33,34,35,36,37,38"
6409,11,H8,Tornada,3,Sant Adrià - Sas,1435,14:53:52,53.87,10.300000000033332,618.0,"13,14,15,16,17,18,19,20,21,22,23,24,25,26,27,28,29,30,31,32,33,34,35,36,37,38"
6075,3,H8,Tornada,3,Sant Adrià - Sas,1435,15:02:53,2.88,9.016666666699999,541.0,"13,14,15,16,17,18,19,20,21,22,23,24,25,26,27,28,29,30,31,32,33,34,35,36,37,38"
6411,12,H8,Tornada,3,Sant Adrià - Sas,1435,15:13:32,13.53,10.066666666600002,604.0,"13,14,15,16,17,18,19,20,21,22,23,24,25,26,27,28,29,30,31,32,33,34,35,36,37,38"
6100,12,H8,Tornada,3,Sant Adrià - Sas,1435,15:46:55,46.92,2.7500000000333333,165.0,"13,14,15,16,17,18,19,20,21,22,23,24,25,26,27,28,29,30,31,32,33,34,35,36,37,38"
6415,12,H8,Tornada,3,Sant Adrià - Sas,1435,15:52:27,52.45,5.533333333300001,332.0,"13,14,15,16,17,18,19,20,21,22,23,24,25,26,27,28,29,30,31,32,33,34,35,36,37,38"
6028,10,H8,Tornada,3,Sant Adrià - Sas,1435,16:01:50,1.83,9.383333333333333,563.0,"13,14,15,16,17,18,19,20,21,22,23,24,25,26,27,28,29,30,31,32,33,34,35,36,37,38"
6802,10,H8,Tornada,3,Sant Adrià - Sas,1435,16:15:11,15.18,13.350000000033333,801.0,"13,14,15,16,17,18,19,20,21,22,23,24,25,26,27,28,29,30,31,32,33,34,35,36,37,38"
6201,1,H8,Tornada,3,Sant Adrià - Sas,1435,16:22:54,22.9,7.716666666666667,463.0,"13,14,15,16,17,18,19,20,21,22,23,24,25,26,27,28,29,30,31,32,33,34,35,36,37,38"
6211,13,H8,Tornada,3,Sant Adrià - Sas,1435,16:28:56,28.93,6.033333333333333,362.0,"13,14,15,16,17,18,19,20,21,22,23,24,25,26,27,28,29,30,31,32,33,34,35,36,37,38"
6217,7,H8,Tornada,3,Sant Adrià - Sas,1435,16:35:50,35.83,6.9,414.0,"13,14,15,16,17,18,19,20,21,22,23,24,25,26,27,28,29,30,31,32,33,34,35,36,37,38"
6800,5,H8,Tornada,3,Sant Adrià - Sas,1435,16:41:07,41.12,5.283333333300001,317.0,"13,14,15,16,17,18,19,20,21,22,23,24,25,26,27,28,29,30,31,32,33,34,35,36,37,38"
6402,13,H8,Tornada,3,Sant Adrià - Sas,1435,16:57:08,57.13,16.0333333333,962.0,"4,5,6,13,14,15,16,17,18,19,20,21,22,23,24,25,26,27,28,29,30,31,32,33,34,35,36,37,38"
6027,11,H8,Tornada,3,Sant Adrià - Sas,1435,17:03:44,3.73,6.599999999983334,396.0,"8,13,14,15,16,17,18,19,20,21,22,23,24,25,26,27,28,29,30,31,32,33,34,35,36,37,38"
6034,13,H8,Tornada,3,Sant Adrià - Sas,1435,17:16:53,16.88,12.9166666667,775.0,"13,14,15,16,17,18,19,20,21,22,23,24,25,26,27,28,29,30,31,32,33,34,35,36,37,38"
6406,13,H8,Tornada,3,Sant Adrià - Sas,1435,17:25:49,25.82,8.933333333333334,536.0,"13,14,15,16,17,18,19,20,21,22,23,24,25,26,27,28,29,30,31,32,33,34,35,36,37,38"
6215,13,H8,Tornada,3,Sant Adrià - Sas,1435,17:47:14,47.23,21.416666666666668,1285.0,"13,14,15,16,17,18,19,20,21,22,23,24,25,26,27,28,29,30,31,32,33,34,35,36,37,38"
6075,6,H8,Tornada,3,Sant Adrià - Sas,1435,18:03:57,3.95,16.733333333266668,1004.0,"1,2,13,14,15,16,17,18,19,20,21,22,23,24,25,26,27,28,29,30,31,32,33,34,35,36,37,38"
6411,15,H8,Tornada,3,Sant Adrià - Sas,1435,18:16:47,16.78,12.816666666733333,769.0,"13,14,15,16,17,18,19,20,21,22,23,24,25,26,27,28,29,30,31,32,33,34,35,36,37,38"
6407,13,H8,Tornada,3,Sant Adrià - Sas,1435,18:20:57,20.95,4.166666666633334,250.0,"4,5,6,7,8,9,10,11,12,13,14,15,16,17,18,19,20,21,22,23,24,25,26,27,28,29,30,31,32,33,34,35,36,37,38"
6036,4,H8,Tornada,3,Sant Adrià - Sas,1435,18:27:30,27.5,6.55,393.0,"13,14,15,16,17,18,19,20,21,22,23,24,25,26,27,28,29,30,31,32,33,34,35,36,37,38"
6117,1,H8,Tornada,3,Sant Adrià - Sas,1435,18:37:22,37.37,9.866666666666667,592.0,"1,2,13,14,15,16,17,18,19,20,21,22,23,24,25,26,27,28,29,30,31,32,33,34,35,36,37,38"
6415,15,H8,Tornada,3,Sant Adrià - Sas,1435,18:48:45,48.75,11.383333333333333,683.0,"13,14,15,16,17,18,19,20,21,22,23,24,25,26,27,28,29,30,31,32,33,34,35,36,37,38"
6028,13,H8,Tornada,3,Sant Adrià - Sas,1435,18:57:48,57.8,9.050000000033332,543.0,"13,14,15,16,17,18,19,20,21,22,23,24,25,26,27,28,29,30,31,32,33,34,35,36,37,38"
6802,13,H8,Tornada,3,Sant Adrià - Sas,1435,18:59:07,59.12,1.3166666666333335,79.0,"4,5,6,7,8,9,10,11,12,13,14,15,16,17,18,19,20,21,22,23,24,25,26,27,28,29,30,31,32,33,34,35,36,37,38"
6211,16,H8,Tornada,3,Sant Adrià - Sas,1435,19:11:26,11.43,12.316666666666666,739.0,"13,14,15,16,17,18,19,20,21,22,23,24,25,26,27,28,29,30,31,32,33,34,35,36,37,38"
6217,10,H8,Tornada,3,Sant Adrià - Sas,1435,19:22:03,22.05,10.616666666666667,637.0,"13,14,15,16,17,18,19,20,21,22,23,24,25,26,27,28,29,30,31,32,33,34,35,36,37,38"
6800,8,H8,Tornada,3,Sant Adrià - Sas,1435,19:32:31,32.52,10.4666666667,628.0,"13,14,15,16,17,18,19,20,21,22,23,24,25,26,27,28,29,30,31,32,33,34,35,36,37,38"
6402,16,H8,Tornada,3,Sant Adrià - Sas,1435,19:41:46,41.77,9.25,555.0,"13,14,15,16,17,18,19,20,21,22,23,24,25,26,27,28,29,30,31,32,33,34,35,36,37,38"
6213,16,H8,Tornada,3,Sant Adrià - Sas,1435,19:52:19,52.32,10.549999999966667,633.0,"13,14,15,16,17,18,19,20,21,22,23,24,25,26,27,28,29,30,31,32,33,34,35,36,37,38"
6034,16,H8,Tornada,3,Sant Adrià - Sas,1435,20:00:45,0.75,8.433333333333334,506.0,"13,14,15,16,17,18,19,20,21,22,23,24,25,26,27,28,29,30,31,32,33,34,35,36,37,38"
6406,16,H8,Tornada,3,Sant Adrià - Sas,1435,20:09:01,9.02,8.266666666699999,496.0,"4,5,6,7,8,9,10,11,12,13,14,15,16,17,18,19,20,21,22,23,24,25,26,27,28,29,30,31,32,33,34,35,36,37,38"
6408,16,H8,Tornada,3,Sant Adrià - Sas,1435,20:16:57,16.95,7.933333333333334,476.0,"13,14,15,16,17,18,19,20,21,22,23,24,25,26,27,28,29,30,31,32,33,34,35,36,37,38"
6215,16,H8,Tornada,3,Sant Adrià - Sas,1435,20:29:00,29.0,12.066666666600002,724.0,"4,5,6,7,8,9,10,11,12,13,14,15,16,17,18,19,20,21,22,23,24,25,26,27,28,29,30,31,32,33,34,35,36,37,38"
6409,16,H8,Tornada,3,Sant Adrià - Sas,1435,20:31:43,31.72,2.716666666666667,163.0,"13,14,15,16,17,18,19,20,21,22,23,24,25,26,27,28,29,30,31,32,33,34,35,36,37,38"
6075,9,H8,Tornada,3,Sant Adrià - Sas,1435,20:34:49,34.82,3.0833333333999997,185.0,"4,5,6,7,8,9,10,11,12,13,14,15,16,17,18,19,20,21,22,23,24,25,26,27,28,29,30,31,32,33,34,35,36,37,38"
6036,7,H8,Tornada,3,Sant Adrià - Sas,1435,20:49:52,49.87,15.066666666616667,904.0,"1,2,4,5,6,7,8,9,10,11,12,13,14,15,16,17,18,19,20,21,22,23,24,25,26,27,28,29,30,31,32,33,34,35,36,37,38"
6411,17,H8,Tornada,3,Sant Adrià - Sas,1435,20:52:55,52.92,3.033333333383333,182.0,"13,14,15,16,17,18,19,20,21,22,23,24,25,26,27,28,29,30,31,32,33,34,35,36,37,38"
6117,4,H8,Tornada,3,Sant Adrià - Sas,1435,21:13:46,13.77,20.85,1251.0,"13,14,15,16,17,18,19,20,21,22,23,24,25,26,27,28,29,30,31,32,33,34,35,36,37,38"
6415,18,H8,Tornada,3,Sant Adrià - Sas,1435,21:25:51,25.85,12.099999999933335,726.0,"13,14,15,16,17,18,19,20,21,22,23,24,25,26,27,28,29,30,31,32,33,34,35,36,37,38"
6211,18,H8,Tornada,3,Sant Adrià - Sas,1435,21:32:35,32.58,6.716666666699999,403.0,"1,4,5,6,7,8,9,10,11,12,13,14,15,16,17,18,19,20,21,22,23,24,25,26,27,28,29,30,31,32,33,34,35,36,37,38"
6217,12,H8,Tornada,3,Sant Adrià - Sas,1435,21:48:07,48.12,15.549999999966667,933.0,"4,5,6,7,8,9,10,11,12,13,14,15,16,17,18,19,20,21,22,23,24,25,26,27,28,29,30,31,32,33,34,35,36,37,38"
6402,18,H8,Tornada,3,Sant Adrià - Sas,1435,22:00:33,0.55,12.416666666733333,745.0,"4,5,6,7,8,9,10,11,12,13,14,15,16,17,18,19,20,21,22,23,24,25,26,27,28,29,30,31,32,33,34,35,36,37,38"
6034,18,H8,Tornada,3,Sant Adrià - Sas,1435,22:16:04,16.07,15.516666666633334,931.0,"4,5,6,7,8,9,10,11,12,13,14,15,16,17,18,19,20,21,22,23,24,25,26,27,28,29,30,31,32,33,34,35,36,37,38"
6408,18,H8,Tornada,3,Sant Adrià - Sas,1435,22:31:11,31.18,15.116666666666667,907.0,"4,5,6,7,8,9,10,11,12,13,14,15,16,17,18,19,20,21,22,23,24,25,26,27,28,29,30,31,32,33,34,35,36,37,38"
6411,1,H8,Tornada,4,Ciutat d'Asunción - Sant Adrià,1436,03:37:22,37.37,,,"1,13,14,15,16,17,18,19,20,21,22,23,24,25,26,27,28,29,30,31,32,33,34,35,36,37,38"
6100,1,H8,Tornada,4,Ciutat d'Asunción - Sant Adrià,1436,03:52:19,52.32,14.966666666633333,898.0,"13,14,15,16,17,18,19,20,21,22,23,24,25,26,27,28,29,30,31,32,33,34,35,36,37,38"
6415,1,H8,Tornada,4,Ciutat d'Asunción - Sant Adrià,1436,04:07:07,7.12,14.7833333334,887.0,"13,14,15,16,17,18,19,20,21,22,23,24,25,26,27,28,29,30,31,32,33,34,35,36,37,38"
6209,1,H8,Tornada,4,Ciutat d'Asunción - Sant Adrià,1436,04:22:12,22.2,15.099999999933335,906.0,"13,14,15,16,17,18,19,20,21,22,23,24,25,26,27,28,29,30,31,32,33,34,35,36,37,38"
6211,1,H8,Tornada,4,Ciutat d'Asunción - Sant Adrià,1436,04:33:12,33.2,10.983333333366666,659.0,"13,14,15,16,17,18,19,20,21,22,23,24,25,26,27,28,29,30,31,32,33,34,35,36,37,38"
6401,1,H8,Tornada,4,Ciutat d'Asunción - Sant Adrià,1436,04:42:46,42.77,9.5833333333,575.0,"13,14,15,16,17,18,19,20,21,22,23,24,25,26,27,28,29,30,31,32,33,34,35,36,37,38"
6402,1,H8,Tornada,4,Ciutat d'Asunción - Sant Adrià,1436,04:50:59,50.98,8.200000000033333,492.0,"13,14,15,16,17,18,19,20,21,22,23,24,25,26,27,28,29,30,31,32,33,34,35,36,37,38"
6213,1,H8,Tornada,4,Ciutat d'Asunción - Sant Adrià,1436,05:04:35,4.58,13.616666666633334,817.0,"13,14,15,16,17,18,19,20,21,22,23,24,25,26,27,28,29,30,31,32,33,34,35,36,37,38"
6406,1,H8,Tornada,4,Ciutat d'Asunción - Sant Adrià,1436,05:19:55,19.92,15.316666666733333,919.0,"1,13,14,15,16,17,18,19,20,21,22,23,24,25,26,27,28,29,30,31,32,33,34,35,36,37,38"
6110,1,H8,Tornada,4,Ciutat d'Asunción - Sant Adrià,1436,05:30:14,30.23,10.316666666633333,619.0,"13,14,15,16,17,18,19,20,21,22,23,24,25,26,27,28,29,30,31,32,33,34,35,36,37,38"
6408,1,H8,Tornada,4,Ciutat d'Asunción - Sant Adrià,1436,05:39:21,39.35,9.116666666666667,547.0,"13,14,15,16,17,18,19,20,21,22,23,24,25,26,27,28,29,30,31,32,33,34,35,36,37,38"
6215,1,H8,Tornada,4,Ciutat d'Asunción - Sant Adrià,1436,05:48:40,48.67,9.3166666667,559.0,"13,14,15,16,17,18,19,20,21,22,23,24,25,26,27,28,29,30,31,32,33,34,35,36,37,38"
6409,2,H8,Tornada,4,Ciutat d'Asunción - Sant Adrià,1436,05:58:59,58.98,10.316666666666666,619.0,"13,14,15,16,17,18,19,20,21,22,23,24,25,26,27,28,29,30,31,32,33,34,35,36,37,38"
6217,1,H8,Tornada,4,Ciutat d'Asunción - Sant Adrià,1436,06:07:55,7.92,8.949999999933334,537.0,"13,14,15,16,17,18,19,20,21,22,23,24,25,26,27,28,29,30,31,32,33,34,35,36,37,38"
6411,3,H8,Tornada,4,Ciutat d'Asunción - Sant Adrià,1436,06:16:45,16.75,8.816666666733333,529.0,"13,14,15,16,17,18,19,20,21,22,23,24,25,26,27,28,29,30,31,32,33,34,35,36,37,38"
6407,1,H8,Tornada,4,Ciutat d'Asunción - Sant Adrià,1436,06:27:54,27.9,11.15,669.0,"13,14,15,16,17,18,19,20,21,22,23,24,25,26,27,28,29,30,31,32,33,34,35,36,37,38"
6204,1,H8,Tornada,4,Ciutat d'Asunción - Sant Adrià,1436,06:34:57,34.95,7.049999999966667,423.0,"13,14,15,16,17,18,19,20,21,22,23,24,25,26,27,28,29,30,31,32,33,34,35,36,37,38"
6100,4,H8,Tornada,4,Ciutat d'Asunción - Sant Adrià,1436,06:45:20,45.33,10.383333333333333,623.0,"13,14,15,16,17,18,19,20,21,22,23,24,25,26,27,28,29,30,31,32,33,34,35,36,37,38"
6415,3,H8,Tornada,4,Ciutat d'Asunción - Sant Adrià,1436,06:52:32,52.53,7.200000000033333,432.0,"13,14,15,16,17,18,19,20,21,22,23,24,25,26,27,28,29,30,31,32,33,34,35,36,37,38"
6028,1,H8,Tornada,4,Ciutat d'Asunción - Sant Adrià,1436,07:05:13,5.22,12.699999999933334,762.0,"13,14,15,16,17,18,19,20,21,22,23,24,25,26,27,28,29,30,31,32,33,34,35,36,37,38"
6802,1,H8,Tornada,4,Ciutat d'Asunción - Sant Adrià,1436,07:13:13,13.22,7.983333333366667,479.0,"13,14,15,16,17,18,19,20,21,22,23,24,25,26,27,28,29,30,31,32,33,34,35,36,37,38"
6209,4,H8,Tornada,4,Ciutat d'Asunción - Sant Adrià,1436,07:22:58,22.97,9.766666666633334,586.0,"13,14,15,16,17,18,19,20,21,22,23,24,25,26,27,28,29,30,31,32,33,34,35,36,37,38"
6211,4,H8,Tornada,4,Ciutat d'Asunción - Sant Adrià,1436,07:32:14,32.23,9.266666666666667,556.0,"13,14,15,16,17,18,19,20,21,22,23,24,25,26,27,28,29,30,31,32,33,34,35,36,37,38"
6401,3,H8,Tornada,4,Ciutat d'Asunción - Sant Adrià,1436,07:39:48,39.8,7.5500000000666665,453.0,"9,10,11,12,13,14,15,16,17,18,19,20,21,22,23,24,25,26,27,28,29,30,31,32,33,34,35,36,37,38"
6402,4,H8,Tornada,4,Ciutat d'Asunción - Sant Adrià,1436,07:47:06,47.1,7.3166666666,439.0,"13,14,15,16,17,18,19,20,21,22,23,24,25,26,27,28,29,30,31,32,33,34,35,36,37,38"
6027,2,H8,Tornada,4,Ciutat d'Asunción - Sant Adrià,1436,07:54:51,54.85,7.75,465.0,"13,14,15,16,17,18,19,20,21,22,23,24,25,26,27,28,29,30,31,32,33,34,35,36,37,38"
6213,4,H8,Tornada,4,Ciutat d'Asunción - Sant Adrià,1436,08:03:24,3.4,8.533333333366667,512.0,"13,14,15,16,17,18,19,20,21,22,23,24,25,26,27,28,29,30,31,32,33,34,35,36,37,38"
6034,4,H8,Tornada,4,Ciutat d'Asunción - Sant Adrià,1436,08:13:45,13.75,10.350000000033333,621.0,"13,14,15,16,17,18,19,20,21,22,23,24,25,26,27,28,29,30,31,32,33,34,35,36,37,38"
6110,4,H8,Tornada,4,Ciutat d'Asunción - Sant Adrià,1436,08:29:59,29.98,16.249999999933333,975.0,"13,14,15,16,17,18,19,20,21,22,23,24,25,26,27,28,29,30,31,32,33,34,35,36,37,38"
6408,4,H8,Tornada,4,Ciutat d'Asunción - Sant Adrià,1436,08:37:18,37.3,7.300000000033333,438.0,"2,13,14,15,16,17,18,19,20,21,22,23,24,25,26,27,28,29,30,31,32,33,34,35,36,37,38"
6215,4,H8,Tornada,4,Ciutat d'Asunción - Sant Adrià,1436,08:50:57,50.95,13.666666666633335,820.0,"13,14,15,16,17,18,19,20,21,22,23,24,25,26,27,28,29,30,31,32,33,34,35,36,37,38"
6409,5,H8,Tornada,4,Ciutat d'Asunción - Sant Adrià,1436,08:58:49,58.82,7.850000000066667,471.0,"13,14,15,16,17,18,19,20,21,22,23,24,25,26,27,28,29,30,31,32,33,34,35,36,37,38"
6217,4,H8,Tornada,4,Ciutat d'Asunción - Sant Adrià,1436,09:10:28,10.47,11.65,699.0,"13,14,15,16,17,18,19,20,21,22,23,24,25,26,27,28,29,30,31,32,33,34,35,36,37,38"
6411,6,H8,Tornada,4,Ciutat d'Asunción - Sant Adrià,1436,09:18:27,18.45,7.9833333333,479.0,"13,14,15,16,17,18,19,20,21,22,23,24,25,26,27,28,29,30,31,32,33,34,35,36,37,38"
6407,4,H8,Tornada,4,Ciutat d'Asunción - Sant Adrià,1436,09:31:54,31.9,13.45,807.0,"13,14,15,16,17,18,19,20,21,22,23,24,25,26,27,28,29,30,31,32,33,34,35,36,37,38"
6100,6,H8,Tornada,4,Ciutat d'Asunción - Sant Adrià,1436,09:37:33,37.55,5.650000000016666,339.0,"13,14,15,16,17,18,19,20,21,22,23,24,25,26,27,28,29,30,31,32,33,34,35,36,37,38"
6415,6,H8,Tornada,4,Ciutat d'Asunción - Sant Adrià,1436,09:51:31,51.52,13.033333333333333,782.0,"13,14,15,16,17,18,19,20,21,22,23,24,25,26,27,28,29,30,31,32,33,34,35,36,37,38"
6028,4,H8,Tornada,4,Ciutat d'Asunción - Sant Adrià,1436,10:03:44,3.73,12.2166666667,733.0,"5,6,13,14,15,16,17,18,19,20,21,22,23,24,25,26,27,28,29,30,31,32,33,34,35,36,37,38"
6802,4,H8,Tornada,4,Ciutat d'Asunción - Sant Adrià,1436,10:15:42,15.7,11.966666666633333,718.0,"13,14,15,16,17,18,19,20,21,22,23,24,25,26,27,28,29,30,31,32,33,34,35,36,37,38"
6209,7,H8,Tornada,4,Ciutat d'Asunción - Sant Adrià,1436,10:26:11,26.18,10.483333333333333,629.0,"13,14,15,16,17,18,19,20,21,22,23,24,25,26,27,28,29,30,31,32,33,34,35,36,37,38"
6211,7,H8,Tornada,4,Ciutat d'Asunción - Sant Adrià,1436,10:33:19,33.32,7.149999999966667,429.0,"13,14,15,16,17,18,19,20,21,22,23,24,25,26,27,28,29,30,31,32,33,34,35,36,37,38"
6402,7,H8,Tornada,4,Ciutat d'Asunción - Sant Adrià,1436,10:48:31,48.52,15.183333333366667,911.0,"1,2,13,14,15,16,17,18,19,20,21,22,23,24,25,26,27,28,29,30,31,32,33,34,35,36,37,38"
6027,5,H8,Tornada,4,Ciutat d'Asunción - Sant Adrià,1436,11:00:10,0.17,11.65,699.0,"13,14,15,16,17,18,19,20,21,22,23,24,25,26,27,28,29,30,31,32,33,34,35,36,37,38"
6213,7,H8,Tornada,4,Ciutat d'Asunción - Sant Adrià,1436,11:12:16,12.27,12.116666666633334,727.0,"13,14,15,16,17,18,19,20,21,22,23,24,25,26,27,28,29,30,31,32,33,34,35,36,37,38"
6034,7,H8,Tornada,4,Ciutat d'Asunción - Sant Adrià,1436,11:19:53,19.88,7.616666666666666,457.0,"1,2,13,14,15,16,17,18,19,20,21,22,23,24,25,26,27,28,29,30,31,32,33,34,35,36,37,38"
6406,7,H8,Tornada,4,Ciutat d'Asunción - Sant Adrià,1436,11:28:03,28.05,8.150000000066667,489.0,"13,14,15,16,17,18,19,20,21,22,23,24,25,26,27,28,29,30,31,32,33,34,35,36,37,38"
6408,7,H8,Tornada,4,Ciutat d'Asunción - Sant Adrià,1436,11:36:40,36.67,8.616666666666667,517.0,"13,14,15,16,17,18,19,20,21,22,23,24,25,26,27,28,29,30,31,32,33,34,35,36,37,38"
6215,7,H8,Tornada,4,Ciutat d'Asunción - Sant Adrià,1436,11:47:02,47.03,10.366666666633334,622.0,"13,14,15,16,17,18,19,20,21,22,23,24,25,26,27,28,29,30,31,32,33,34,35,36,37,38"
6409,8,H8,Tornada,4,Ciutat d'Asunción - Sant Adrià,1436,11:57:25,57.42,10.383333333366666,623.0,"13,14,15,16,17,18,19,20,21,22,23,24,25,26,27,28,29,30,31,32,33,34,35,36,37,38"
6411,9,H8,Tornada,4,Ciutat d'Asunción - Sant Adrià,1436,12:12:29,12.48,15.066666666633333,904.0,"1,2,13,14,15,16,17,18,19,20,21,22,23,24,25,26,27,28,29,30,31,32,33,34,35,36,37,38"
6407,7,H8,Tornada,4,Ciutat d'Asunción - Sant Adrià,1436,12:27:44,27.73,15.250000000033333,915.0,"13,14,15,16,17,18,19,20,21,22,23,24,25,26,27,28,29,30,31,32,33,34,35,36,37,38"
6100,9,H8,Tornada,4,Ciutat d'Asunción - Sant Adrià,1436,12:43:52,43.87,16.1333333333,968.0,"13,14,15,16,17,18,19,20,21,22,23,24,25,26,27,28,29,30,31,32,33,34,35,36,37,38"
6075,2,H8,Tornada,4,Ciutat d'Asunción - Sant Adrià,1436,12:50:39,50.65,6.7833333333666666,407.0,"5,6,7,8,9,10,11,12,13,14,15,16,17,18,19,20,21,22,23,24,25,26,27,28,29,30,31,32,33,34,35,36,37,38"
6415,9,H8,Tornada,4,Ciutat d'Asunción - Sant Adrià,1436,12:54:49,54.82,4.166666666666667,250.0,"13,14,15,16,17,18,19,20,21,22,23,24,25,26,27,28,29,30,31,32,33,34,35,36,37,38"
6028,7,H8,Tornada,4,Ciutat d'Asunción - Sant Adrià,1436,13:03:06,3.1,8.299999999933332,498.0,"13,14,15,16,17,18,19,20,21,22,23,24,25,26,27,28,29,30,31,32,33,34,35,36,37,38"
6802,7,H8,Tornada,4,Ciutat d'Asunción - Sant Adrià,1436,13:12:28,12.47,9.350000000066666,561.0,"1,2,13,14,15,16,17,18,19,20,21,22,23,24,25,26,27,28,29,30,31,32,33,34,35,36,37,38"
6209,10,H8,Tornada,4,Ciutat d'Asunción - Sant Adrià,1436,13:22:45,22.75,10.299999999933334,618.0,"7,8,9,10,11,12,13,14,15,16,17,18,19,20,21,22,23,24,25,26,27,28,29,30,31,32,33,34,35,36,37,38"
6211,10,H8,Tornada,4,Ciutat d'Asunción - Sant Adrià,1436,13:27:28,27.47,4.700000000066667,282.0,"13,14,15,16,17,18,19,20,21,22,23,24,25,26,27,28,29,30,31,32,33,34,35,36,37,38"
6800,2,H8,Tornada,4,Ciutat d'Asunción - Sant Adrià,1436,13:35:05,35.08,7.633333333266666,458.0,"13,14,15,16,17,18,19,20,21,22,23,24,25,26,27,28,29,30,31,32,33,34,35,36,37,38"
6213,10,H8,Tornada,4,Ciutat d'Asunción - Sant Adrià,1436,13:48:43,48.72,13.616666666733332,817.0,"1,2,13,14,15,16,17,18,19,20,21,22,23,24,25,26,27,28,29,30,31,32,33,34,35,36,37,38"
6402,10,H8,Tornada,4,Ciutat d'Asunción - Sant Adrià,1436,13:52:01,52.02,3.2999999999833336,198.0,"12,13,14,15,16,17,18,19,20,21,22,23,24,25,26,27,28,29,30,31,32,33,34,35,36,37,38"
6027,8,H8,Tornada,4,Ciutat d'Asunción - Sant Adrià,1436,13:54:38,54.63,2.6333333332833333,158.0,"13,14,15,16,17,18,19,20,21,22,23,24,25,26,27,28,29,30,31,32,33,34,35,36,37,38"
6034,10,H8,Tornada,4,Ciutat d'Asunción - Sant Adrià,1436,14:13:59,13.98,19.333333333366667,1160.0,"2,13,14,15,16,17,18,19,20,21,22,23,24,25,26,27,28,29,30,31,32,33,34,35,36,37,38"
6406,10,H8,Tornada,4,Ciutat d'Asunción - Sant Adrià,1436,14:22:30,22.5,8.5333333333,512.0,"13,14,15,16,17,18,19,20,21,22,23,24,25,26,27,28,29,30,31,32,33,34,35,36,37,38"
6408,10,H8,Tornada,4,Ciutat d'Asunción - Sant Adrià,1436,14:33:34,33.57,11.050000000066666,663.0,"13,14,15,16,17,18,19,20,21,22,23,24,25,26,27,28,29,30,31,32,33,34,35,36,37,38"
6215,10,H8,Tornada,4,Ciutat d'Asunción - Sant Adrià,1436,14:45:22,45.37,11.799999999966667,708.0,"13,14,15,16,17,18,19,20,21,22,23,24,25,26,27,28,29,30,31,32,33,34,35,36,37,38"
6409,11,H8,Tornada,4,Ciutat d'Asunción - Sant Adrià,1436,14:55:23,55.38,10.016666666666667,601.0,"13,14,15,16,17,18,19,20,21,22,23,24,25,26,27,28,29,30,31,32,33,34,35,36,37,38"
6075,3,H8,Tornada,4,Ciutat d'Asunción - Sant Adrià,1436,15:03:08,3.13,7.766666666633333,466.0,"13,14,15,16,17,18,19,20,21,22,23,24,25,26,27,28,29,30,31,32,33,34,35,36,37,38"
6217,6,H8,Tornada,4,Ciutat d'Asunción - Sant Adrià,1436,15:04:50,4.83,1.7,102.0,"12,13,14,15,16,17,18,19,20,21,22,23,24,25,26,27,28,29,30,31,32,33,34,35,36,37,38"
6411,12,H8,Tornada,4,Ciutat d'Asunción - Sant Adrià,1436,15:15:00,15.0,10.166666666666666,610.0,"13,14,15,16,17,18,19,20,21,22,23,24,25,26,27,28,29,30,31,32,33,34,35,36,37,38"
6407,10,H8,Tornada,4,Ciutat d'Asunción - Sant Adrià,1436,15:35:11,35.18,20.1666666667,1210.0,"1,2,3,10,11,12,13,15,16,17,18,19,20,21,22,23,24,25,26,27,28,29,30,31,32,33,34,35,36,37,38"
6036,1,H8,Tornada,4,Ciutat d'Asunción - Sant Adrià,1436,15:45:07,45.12,9.949999999966668,597.0,"13,14,15,16,17,18,19,20,21,22,23,24,25,26,27,28,29,30,31,32,33,34,35,36,37,38"
6100,12,H8,Tornada,4,Ciutat d'Asunción - Sant Adrià,1436,15:48:09,48.15,3.0166666667,181.0,"13,14,15,16,17,18,19,20,21,22,23,24,25,26,27,28,29,30,31,32,33,34,35,36,37,38"
6415,12,H8,Tornada,4,Ciutat d'Asunción - Sant Adrià,1436,15:54:18,54.3,6.15,369.0,"13,14,15,16,17,18,19,20,21,22,23,24,25,26,27,28,29,30,31,32,33,34,35,36,37,38"
6028,10,H8,Tornada,4,Ciutat d'Asunción - Sant Adrià,1436,16:03:47,3.78,9.483333333333333,569.0,"13,14,15,16,17,18,19,20,21,22,23,24,25,26,27,28,29,30,31,32,33,34,35,36,37,38"
6802,10,H8,Tornada,4,Ciutat d'Asunción - Sant Adrià,1436,16:17:33,17.55,13.7833333333,827.0,"13,14,15,16,17,18,19,20,21,22,23,24,25,26,27,28,29,30,31,32,33,34,35,36,37,38"
6201,1,H8,Tornada,4,Ciutat d'Asunción - Sant Adrià,1436,16:24:44,24.73,7.166666666733334,430.0,"13,14,15,16,17,18,19,20,21,22,23,24,25,26,27,28,29,30,31,32,33,34,35,36,37,38"
6211,13,H8,Tornada,4,Ciutat d'Asunción - Sant Adrià,1436,16:30:50,30.83,6.116666666616666,367.0,"13,14,15,16,17,18,19,20,21,22,23,24,25,26,27,28,29,30,31,32,33,34,35,36,37,38"
6217,7,H8,Tornada,4,Ciutat d'Asunción - Sant Adrià,1436,16:38:16,38.27,7.416666666716667,445.0,"13,14,15,16,17,18,19,20,21,22,23,24,25,26,27,28,29,30,31,32,33,34,35,36,37,38"
6800,5,H8,Tornada,4,Ciutat d'Asunción - Sant Adrià,1436,16:42:42,42.7,4.4333333333,266.0,"13,14,15,16,17,18,19,20,21,22,23,24,25,26,27,28,29,30,31,32,33,34,35,36,37,38"
6027,11,H8,Tornada,4,Ciutat d'Asunción - Sant Adrià,1436,17:04:44,4.73,22.033333333333335,1322.0,"8,13,14,15,16,17,18,19,20,21,22,23,24,25,26,27,28,29,30,31,32,33,34,35,36,37,38"
6213,13,H8,Tornada,4,Ciutat d'Asunción - Sant Adrià,1436,17:06:43,6.72,1.9833333333333334,119.0,"1,2,13,14,15,16,17,18,19,20,21,22,23,24,25,26,27,28,29,30,31,32,33,34,35,36,37,38"
6034,13,H8,Tornada,4,Ciutat d'Asunción - Sant Adrià,1436,17:18:37,18.62,11.916666666633335,715.0,"13,14,15,16,17,18,19,20,21,22,23,24,25,26,27,28,29,30,31,32,33,34,35,36,37,38"
6406,13,H8,Tornada,4,Ciutat d'Asunción - Sant Adrià,1436,17:26:41,26.68,8.066666666666666,484.0,"13,14,15,16,17,18,19,20,21,22,23,24,25,26,27,28,29,30,31,32,33,34,35,36,37,38"
6408,13,H8,Tornada,4,Ciutat d'Asunción - Sant Adrià,1436,17:37:31,37.52,10.8166666667,649.0,"3,13,14,15,16,17,18,19,20,21,22,23,24,25,26,27,28,29,30,31,32,33,34,35,36,37,38"
6215,13,H8,Tornada,4,Ciutat d'Asunción - Sant Adrià,1436,17:48:40,48.67,11.15,669.0,"13,14,15,16,17,18,19,20,21,22,23,24,25,26,27,28,29,30,31,32,33,34,35,36,37,38"
6075,6,H8,Tornada,4,Ciutat d'Asunción - Sant Adrià,1436,18:05:21,5.35,16.683333333366665,1001.0,"1,2,13,14,15,16,17,18,19,20,21,22,23,24,25,26,27,28,29,30,31,32,33,34,35,36,37,38"
6411,15,H8,Tornada,4,Ciutat d'Asunción - Sant Adrià,1436,18:17:53,17.88,12.5333333333,752.0,"13,14,15,16,17,18,19,20,21,22,23,24,25,26,27,28,29,30,31,32,33,34,35,36,37,38"
6036,4,H8,Tornada,4,Ciutat d'Asunción - Sant Adrià,1436,18:28:45,28.75,10.8666666667,652.0,"13,14,15,16,17,18,19,20,21,22,23,24,25,26,27,28,29,30,31,32,33,34,35,36,37,38"
6117,1,H8,Tornada,4,Ciutat d'Asunción - Sant Adrià,1436,18:39:06,39.1,10.349999999966666,621.0,"1,2,13,14,15,16,17,18,19,20,21,22,23,24,25,26,27,28,29,30,31,32,33,34,35,36,37,38"
6415,15,H8,Tornada,4,Ciutat d'Asunción - Sant Adrià,1436,18:49:54,49.9,10.800000000033332,648.0,"13,14,15,16,17,18,19,20,21,22,23,24,25,26,27,28,29,30,31,32,33,34,35,36,37,38"
6028,13,H8,Tornada,4,Ciutat d'Asunción - Sant Adrià,1436,18:58:33,58.55,8.666666666600001,520.0,"13,14,15,16,17,18,19,20,21,22,23,24,25,26,27,28,29,30,31,32,33,34,35,36,37,38"
6211,16,H8,Tornada,4,Ciutat d'Asunción - Sant Adrià,1436,19:13:21,13.35,14.783333333366667,887.0,"13,14,15,16,17,18,19,20,21,22,23,24,25,26,27,28,29,30,31,32,33,34,35,36,37,38"
6217,10,H8,Tornada,4,Ciutat d'Asunción - Sant Adrià,1436,19:23:30,23.5,10.15,609.0,"13,14,15,16,17,18,19,20,21,22,23,24,25,26,27,28,29,30,31,32,33,34,35,36,37,38"
6800,8,H8,Tornada,4,Ciutat d'Asunción - Sant Adrià,1436,19:32:49,32.82,9.3166666667,559.0,"13,14,15,16,17,18,19,20,21,22,23,24,25,26,27,28,29,30,31,32,33,34,35,36,37,38"
6402,16,H8,Tornada,4,Ciutat d'Asunción - Sant Adrià,1436,19:43:28,43.47,10.65,639.0,"13,14,15,16,17,18,19,20,21,22,23,24,25,26,27,28,29,30,31,32,33,34,35,36,37,38"
6213,16,H8,Tornada,4,Ciutat d'Asunción - Sant Adrià,1436,19:52:44,52.73,9.283333333266667,557.0,"13,14,15,16,17,18,19,20,21,22,23,24,25,26,27,28,29,30,31,32,33,34,35,36,37,38"
6034,16,H8,Tornada,4,Ciutat d'Asunción - Sant Adrià,1436,20:01:25,1.42,8.683333333333334,521.0,"13,14,15,16,17,18,19,20,21,22,23,24,25,26,27,28,29,30,31,32,33,34,35,36,37,38"
6408,16,H8,Tornada,4,Ciutat d'Asunción - Sant Adrià,1436,20:17:55,17.92,16.5,990.0,"13,14,15,16,17,18,19,20,21,22,23,24,25,26,27,28,29,30,31,32,33,34,35,36,37,38"
6409,16,H8,Tornada,4,Ciutat d'Asunción - Sant Adrià,1436,20:33:06,33.1,15.1666666667,910.0,"13,14,15,16,17,18,19,20,21,22,23,24,25,26,27,28,29,30,31,32,33,34,35,36,37,38"
6411,17,H8,Tornada,4,Ciutat d'Asunción - Sant Adrià,1436,20:54:01,54.02,20.933333333316668,1256.0,"13,14,15,16,17,18,19,20,21,22,23,24,25,26,27,28,29,30,31,32,33,34,35,36,37,38"
6117,4,H8,Tornada,4,Ciutat d'Asunción - Sant Adrià,1436,21:15:14,15.23,21.20000000005,1272.0,"13,14,15,16,17,18,19,20,21,22,23,24,25,26,27,28,29,30,31,32,33,34,35,36,37,38"
6415,18,H8,Tornada,4,Ciutat d'Asunción - Sant Adrià,1436,21:28:20,28.33,13.099999999966666,786.0,"13,14,15,16,17,18,19,20,21,22,23,24,25,26,27,28,29,30,31,32,33,34,35,36,37,38"
6411,1,H8,Tornada,5,Pg de l'Havana - Ciutat d'Asunción,2593,03:39:08,39.13,,,"1,13,14,15,16,17,18,19,20,21,22,23,24,25,26,27,28,29,30,31,32,33,34,35,36,37,38"
6100,1,H8,Tornada,5,Pg de l'Havana - Ciutat d'Asunción,2593,03:54:06,54.1,14.950000000033333,897.0,"13,14,15,16,17,18,19,20,21,22,23,24,25,26,27,28,29,30,31,32,33,34,35,36,37,38"
6415,1,H8,Tornada,5,Pg de l'Havana - Ciutat d'Asunción,2593,04:08:11,8.18,14.083333333333334,845.0,"13,14,15,16,17,18,19,20,21,22,23,24,25,26,27,28,29,30,31,32,33,34,35,36,37,38"
6209,1,H8,Tornada,5,Pg de l'Havana - Ciutat d'Asunción,2593,04:24:24,24.4,16.2333333333,974.0,"13,14,15,16,17,18,19,20,21,22,23,24,25,26,27,28,29,30,31,32,33,34,35,36,37,38"
6211,1,H8,Tornada,5,Pg de l'Havana - Ciutat d'Asunción,2593,04:34:14,34.23,9.833333333333334,590.0,"13,14,15,16,17,18,19,20,21,22,23,24,25,26,27,28,29,30,31,32,33,34,35,36,37,38"
6401,1,H8,Tornada,5,Pg de l'Havana - Ciutat d'Asunción,2593,04:45:16,45.27,11.033333333333333,662.0,"13,14,15,16,17,18,19,20,21,22,23,24,25,26,27,28,29,30,31,32,33,34,35,36,37,38"
6402,1,H8,Tornada,5,Pg de l'Havana - Ciutat d'Asunción,2593,04:52:53,52.88,7.600000000066667,456.0,"13,14,15,16,17,18,19,20,21,22,23,24,25,26,27,28,29,30,31,32,33,34,35,36,37,38"
6213,1,H8,Tornada,5,Pg de l'Havana - Ciutat d'Asunción,2593,05:05:51,5.85,12.966666666666667,778.0,"13,14,15,16,17,18,19,20,21,22,23,24,25,26,27,28,29,30,31,32,33,34,35,36,37,38"
6406,1,H8,Tornada,5,Pg de l'Havana - Ciutat d'Asunción,2593,05:21:52,21.87,16.016666666666666,961.0,"1,13,14,15,16,17,18,19,20,21,22,23,24,25,26,27,28,29,30,31,32,33,34,35,36,37,38"
6110,1,H8,Tornada,5,Pg de l'Havana - Ciutat d'Asunción,2593,05:31:55,31.92,10.05,603.0,"13,14,15,16,17,18,19,20,21,22,23,24,25,26,27,28,29,30,31,32,33,34,35,36,37,38"
6408,1,H8,Tornada,5,Pg de l'Havana - Ciutat d'Asunción,2593,05:41:11,41.18,9.266666666666667,556.0,"13,14,15,16,17,18,19,20,21,22,23,24,25,26,27,28,29,30,31,32,33,34,35,36,37,38"
6215,1,H8,Tornada,5,Pg de l'Havana - Ciutat d'Asunción,2593,05:49:52,49.87,8.699999999933334,522.0,"13,14,15,16,17,18,19,20,21,22,23,24,25,26,27,28,29,30,31,32,33,34,35,36,37,38"
6409,2,H8,Tornada,5,Pg de l'Havana - Ciutat d'Asunción,2593,06:01:03,1.05,11.1666666667,670.0,"13,14,15,16,17,18,19,20,21,22,23,24,25,26,27,28,29,30,31,32,33,34,35,36,37,38"
6217,1,H8,Tornada,5,Pg de l'Havana - Ciutat d'Asunción,2593,06:09:45,9.75,8.7,522.0,"13,14,15,16,17,18,19,20,21,22,23,24,25,26,27,28,29,30,31,32,33,34,35,36,37,38"
6411,3,H8,Tornada,5,Pg de l'Havana - Ciutat d'Asunción,2593,06:19:49,19.82,10.0666666667,604.0,"13,14,15,16,17,18,19,20,21,22,23,24,25,26,27,28,29,30,31,32,33,34,35,36,37,38"
6407,1,H8,Tornada,5,Pg de l'Havana - Ciutat d'Asunción,2593,06:29:25,29.42,9.6166666666,577.0,"13,14,15,16,17,18,19,20,21,22,23,24,25,26,27,28,29,30,31,32,33,34,35,36,37,38"
6204,1,H8,Tornada,5,Pg de l'Havana - Ciutat d'Asunción,2593,06:36:48,36.8,7.366666666733334,442.0,"13,14,15,16,17,18,19,20,21,22,23,24,25,26,27,28,29,30,31,32,33,34,35,36,37,38"
6100,4,H8,Tornada,5,Pg de l'Havana - Ciutat d'Asunción,2593,06:47:19,47.32,10.516666666633334,631.0,"13,14,15,16,17,18,19,20,21,22,23,24,25,26,27,28,29,30,31,32,33,34,35,36,37,38"
6415,3,H8,Tornada,5,Pg de l'Havana - Ciutat d'Asunción,2593,06:55:27,55.45,8.149999999966667,489.0,"13,14,15,16,17,18,19,20,21,22,23,24,25,26,27,28,29,30,31,32,33,34,35,36,37,38"
6028,1,H8,Tornada,5,Pg de l'Havana - Ciutat d'Asunción,2593,07:07:43,7.72,12.266666666666667,736.0,"13,14,15,16,17,18,19,20,21,22,23,24,25,26,27,28,29,30,31,32,33,34,35,36,37,38"
6802,1,H8,Tornada,5,Pg de l'Havana - Ciutat d'Asunción,2593,07:14:34,14.57,6.833333333400001,410.0,"13,14,15,16,17,18,19,20,21,22,23,24,25,26,27,28,29,30,31,32,33,34,35,36,37,38"
6209,4,H8,Tornada,5,Pg de l'Havana - Ciutat d'Asunción,2593,07:24:37,24.62,10.066666666600002,604.0,"13,14,15,16,17,18,19,20,21,22,23,24,25,26,27,28,29,30,31,32,33,34,35,36,37,38"
6211,4,H8,Tornada,5,Pg de l'Havana - Ciutat d'Asunción,2593,07:34:36,34.6,9.983333333333333,599.0,"13,14,15,16,17,18,19,20,21,22,23,24,25,26,27,28,29,30,31,32,33,34,35,36,37,38"
6401,3,H8,Tornada,5,Pg de l'Havana - Ciutat d'Asunción,2593,07:42:24,42.4,7.8,468.0,"9,10,11,12,13,14,15,16,17,18,19,20,21,22,23,24,25,26,27,28,29,30,31,32,33,34,35,36,37,38"
6402,4,H8,Tornada,5,Pg de l'Havana - Ciutat d'Asunción,2593,07:50:15,50.25,7.833333333366666,470.0,"13,14,15,16,17,18,19,20,21,22,23,24,25,26,27,28,29,30,31,32,33,34,35,36,37,38"
6027,2,H8,Tornada,5,Pg de l'Havana - Ciutat d'Asunción,2593,07:55:54,55.9,5.650000000033333,339.0,"13,14,15,16,17,18,19,20,21,22,23,24,25,26,27,28,29,30,31,32,33,34,35,36,37,38"
6213,4,H8,Tornada,5,Pg de l'Havana - Ciutat d'Asunción,2593,08:05:35,5.58,9.683333333333334,581.0,"13,14,15,16,17,18,19,20,21,22,23,24,25,26,27,28,29,30,31,32,33,34,35,36,37,38"
6034,4,H8,Tornada,5,Pg de l'Havana - Ciutat d'Asunción,2593,08:15:28,15.47,9.883333333333333,593.0,"13,14,15,16,17,18,19,20,21,22,23,24,25,26,27,28,29,30,31,32,33,34,35,36,37,38"
6110,4,H8,Tornada,5,Pg de l'Havana - Ciutat d'Asunción,2593,08:32:14,32.23,16.766666666666666,1006.0,"13,14,15,16,17,18,19,20,21,22,23,24,25,26,27,28,29,30,31,32,33,34,35,36,37,38"
6408,4,H8,Tornada,5,Pg de l'Havana - Ciutat d'Asunción,2593,08:41:04,41.07,8.849999999933335,531.0,"2,13,14,15,16,17,18,19,20,21,22,23,24,25,26,27,28,29,30,31,32,33,34,35,36,37,38"
6215,4,H8,Tornada,5,Pg de l'Havana - Ciutat d'Asunción,2593,08:53:14,53.23,12.166666666666666,730.0,"13,14,15,16,17,18,19,20,21,22,23,24,25,26,27,28,29,30,31,32,33,34,35,36,37,38"
6409,5,H8,Tornada,5,Pg de l'Havana - Ciutat d'Asunción,2593,09:01:07,1.12,7.883333333333334,473.0,"13,14,15,16,17,18,19,20,21,22,23,24,25,26,27,28,29,30,31,32,33,34,35,36,37,38"
6217,4,H8,Tornada,5,Pg de l'Havana - Ciutat d'Asunción,2593,09:14:09,14.15,13.016666666733332,781.0,"13,14,15,16,17,18,19,20,21,22,23,24,25,26,27,28,29,30,31,32,33,34,35,36,37,38"
6411,6,H8,Tornada,5,Pg de l'Havana - Ciutat d'Asunción,2593,09:19:57,19.95,5.8166666666,349.0,"13,14,15,16,17,18,19,20,21,22,23,24,25,26,27,28,29,30,31,32,33,34,35,36,37,38"
6407,4,H8,Tornada,5,Pg de l'Havana - Ciutat d'Asunción,2593,09:34:05,34.08,14.1166666667,847.0,"13,14,15,16,17,18,19,20,21,22,23,24,25,26,27,28,29,30,31,32,33,34,35,36,37,38"
6204,4,H8,Tornada,5,Pg de l'Havana - Ciutat d'Asunción,2593,09:39:47,39.78,5.7,342.0,"13,14,15,16,17,18,19,20,21,22,23,24,25,26,27,28,29,30,31,32,33,34,35,36,37,38"
6415,6,H8,Tornada,5,Pg de l'Havana - Ciutat d'Asunción,2593,09:54:06,54.1,14.316666666666666,859.0,"13,14,15,16,17,18,19,20,21,22,23,24,25,26,27,28,29,30,31,32,33,34,35,36,37,38"
6802,4,H8,Tornada,5,Pg de l'Havana - Ciutat d'Asunción,2593,10:18:29,18.48,24.3833333333,1463.0,"13,14,15,16,17,18,19,20,21,22,23,24,25,26,27,28,29,30,31,32,33,34,35,36,37,38"
6209,7,H8,Tornada,5,Pg de l'Havana - Ciutat d'Asunción,2593,10:28:01,28.02,9.533333333333333,572.0,"13,14,15,16,17,18,19,20,21,22,23,24,25,26,27,28,29,30,31,32,33,34,35,36,37,38"
6211,7,H8,Tornada,5,Pg de l'Havana - Ciutat d'Asunción,2593,10:34:46,34.77,6.750000000033333,405.0,"13,14,15,16,17,18,19,20,21,22,23,24,25,26,27,28,29,30,31,32,33,34,35,36,37,38"
6402,7,H8,Tornada,5,Pg de l'Havana - Ciutat d'Asunción,2593,10:52:04,52.07,17.3,1038.0,"1,2,13,14,15,16,17,18,19,20,21,22,23,24,25,26,27,28,29,30,31,32,33,34,35,36,37,38"
6027,5,H8,Tornada,5,Pg de l'Havana - Ciutat d'Asunción,2593,11:01:59,1.98,9.933333333266667,596.0,"13,14,15,16,17,18,19,20,21,22,23,24,25,26,27,28,29,30,31,32,33,34,35,36,37,38"
6213,7,H8,Tornada,5,Pg de l'Havana - Ciutat d'Asunción,2593,11:15:33,15.55,13.550000000033332,813.0,"13,14,15,16,17,18,19,20,21,22,23,24,25,26,27,28,29,30,31,32,33,34,35,36,37,38"
6034,7,H8,Tornada,5,Pg de l'Havana - Ciutat d'Asunción,2593,11:20:58,20.97,5.4333333333,326.0,"1,2,13,14,15,16,17,18,19,20,21,22,23,24,25,26,27,28,29,30,31,32,33,34,35,36,37,38"
6406,7,H8,Tornada,5,Pg de l'Havana - Ciutat d'Asunción,2593,11:29:55,29.92,8.933333333383333,536.0,"13,14,15,16,17,18,19,20,21,22,23,24,25,26,27,28,29,30,31,32,33,34,35,36,37,38"
6408,7,H8,Tornada,5,Pg de l'Havana - Ciutat d'Asunción,2593,11:38:31,38.52,8.616666666616668,517.0,"13,14,15,16,17,18,19,20,21,22,23,24,25,26,27,28,29,30,31,32,33,34,35,36,37,38"
6215,7,H8,Tornada,5,Pg de l'Havana - Ciutat d'Asunción,2593,11:48:07,48.12,9.583333333366665,575.0,"13,14,15,16,17,18,19,20,21,22,23,24,25,26,27,28,29,30,31,32,33,34,35,36,37,38"
6409,8,H8,Tornada,5,Pg de l'Havana - Ciutat d'Asunción,2593,11:59:39,59.65,11.533333333333333,692.0,"13,14,15,16,17,18,19,20,21,22,23,24,25,26,27,28,29,30,31,32,33,34,35,36,37,38"
6411,9,H8,Tornada,5,Pg de l'Havana - Ciutat d'Asunción,2593,12:18:35,18.58,18.933333333366665,1136.0,"1,2,13,14,15,16,17,18,19,20,21,22,23,24,25,26,27,28,29,30,31,32,33,34,35,36,37,38"
6407,7,H8,Tornada,5,Pg de l'Havana - Ciutat d'Asunción,2593,12:29:57,29.95,11.366666666666667,682.0,"13,14,15,16,17,18,19,20,21,22,23,24,25,26,27,28,29,30,31,32,33,34,35,36,37,38"
6100,9,H8,Tornada,5,Pg de l'Havana - Ciutat d'Asunción,2593,12:46:18,46.3,16.35,981.0,"13,14,15,16,17,18,19,20,21,22,23,24,25,26,27,28,29,30,31,32,33,34,35,36,37,38"
6415,9,H8,Tornada,5,Pg de l'Havana - Ciutat d'Asunción,2593,12:56:00,56.0,9.7,582.0,"13,14,15,16,17,18,19,20,21,22,23,24,25,26,27,28,29,30,31,32,33,34,35,36,37,38"
6028,7,H8,Tornada,5,Pg de l'Havana - Ciutat d'Asunción,2593,13:05:29,5.48,9.499999999933333,570.0,"13,14,15,16,17,18,19,20,21,22,23,24,25,26,27,28,29,30,31,32,33,34,35,36,37,38"
6802,7,H8,Tornada,5,Pg de l'Havana - Ciutat d'Asunción,2593,13:15:13,15.22,9.716666666733333,583.0,"1,2,13,14,15,16,17,18,19,20,21,22,23,24,25,26,27,28,29,30,31,32,33,34,35,36,37,38"
6209,10,H8,Tornada,5,Pg de l'Havana - Ciutat d'Asunción,2593,13:25:42,25.7,10.483333333333333,629.0,"7,8,9,10,11,12,13,14,15,16,17,18,19,20,21,22,23,24,25,26,27,28,29,30,31,32,33,34,35,36,37,38"
6211,10,H8,Tornada,5,Pg de l'Havana - Ciutat d'Asunción,2593,13:29:08,29.13,3.4499999999333335,207.0,"13,14,15,16,17,18,19,20,21,22,23,24,25,26,27,28,29,30,31,32,33,34,35,36,37,38"
6800,2,H8,Tornada,5,Pg de l'Havana - Ciutat d'Asunción,2593,13:36:35,36.58,7.433333333366666,446.0,"13,14,15,16,17,18,19,20,21,22,23,24,25,26,27,28,29,30,31,32,33,34,35,36,37,38"
6213,10,H8,Tornada,5,Pg de l'Havana - Ciutat d'Asunción,2593,13:50:03,50.05,13.4666666667,808.0,"1,2,13,14,15,16,17,18,19,20,21,22,23,24,25,26,27,28,29,30,31,32,33,34,35,36,37,38"
6402,10,H8,Tornada,5,Pg de l'Havana - Ciutat d'Asunción,2593,13:54:27,54.45,4.399999999966667,264.0,"12,13,14,15,16,17,18,19,20,21,22,23,24,25,26,27,28,29,30,31,32,33,34,35,36,37,38"
6027,8,H8,Tornada,5,Pg de l'Havana - Ciutat d'Asunción,2593,13:55:46,55.77,1.3166666666666667,79.0,"13,14,15,16,17,18,19,20,21,22,23,24,25,26,27,28,29,30,31,32,33,34,35,36,37,38"
6034,10,H8,Tornada,5,Pg de l'Havana - Ciutat d'Asunción,2593,14:15:06,15.1,19.333333333333332,1160.0,"2,13,14,15,16,17,18,19,20,21,22,23,24,25,26,27,28,29,30,31,32,33,34,35,36,37,38"
6406,10,H8,Tornada,5,Pg de l'Havana - Ciutat d'Asunción,2593,14:25:45,25.75,10.650000000033334,639.0,"13,14,15,16,17,18,19,20,21,22,23,24,25,26,27,28,29,30,31,32,33,34,35,36,37,38"
6408,10,H8,Tornada,5,Pg de l'Havana - Ciutat d'Asunción,2593,14:35:35,35.58,9.833333333333334,590.0,"13,14,15,16,17,18,19,20,21,22,23,24,25,26,27,28,29,30,31,32,33,34,35,36,37,38"
6215,10,H8,Tornada,5,Pg de l'Havana - Ciutat d'Asunción,2593,14:46:42,46.7,11.116666666633334,667.0,"13,14,15,16,17,18,19,20,21,22,23,24,25,26,27,28,29,30,31,32,33,34,35,36,37,38"
6409,11,H8,Tornada,5,Pg de l'Havana - Ciutat d'Asunción,2593,14:57:11,57.18,10.499999999966667,630.0,"13,14,15,16,17,18,19,20,21,22,23,24,25,26,27,28,29,30,31,32,33,34,35,36,37,38"
6075,3,H8,Tornada,5,Pg de l'Havana - Ciutat d'Asunción,2593,15:05:10,5.17,7.983333333333333,479.0,"13,14,15,16,17,18,19,20,21,22,23,24,25,26,27,28,29,30,31,32,33,34,35,36,37,38"
6217,6,H8,Tornada,5,Pg de l'Havana - Ciutat d'Asunción,2593,15:07:02,7.03,1.8666666666666667,112.0,"12,13,14,15,16,17,18,19,20,21,22,23,24,25,26,27,28,29,30,31,32,33,34,35,36,37,38"
6411,12,H8,Tornada,5,Pg de l'Havana - Ciutat d'Asunción,2593,15:16:54,16.9,9.850000000066666,591.0,"13,14,15,16,17,18,19,20,21,22,23,24,25,26,27,28,29,30,31,32,33,34,35,36,37,38"
6407,10,H8,Tornada,5,Pg de l'Havana - Ciutat d'Asunción,2593,15:36:54,36.9,20.0,1200.0,"1,2,3,10,11,12,13,15,16,17,18,19,20,21,22,23,24,25,26,27,28,29,30,31,32,33,34,35,36,37,38"
6036,1,H8,Tornada,5,Pg de l'Havana - Ciutat d'Asunción,2593,15:48:01,48.02,11.133333333266668,668.0,"13,14,15,16,17,18,19,20,21,22,23,24,25,26,27,28,29,30,31,32,33,34,35,36,37,38"
6100,12,H8,Tornada,5,Pg de l'Havana - Ciutat d'Asunción,2593,15:50:30,50.5,2.4666666667,148.0,"13,14,15,16,17,18,19,20,21,22,23,24,25,26,27,28,29,30,31,32,33,34,35,36,37,38"
6415,12,H8,Tornada,5,Pg de l'Havana - Ciutat d'Asunción,2593,15:56:03,56.05,5.56666666665,334.0,"13,14,15,16,17,18,19,20,21,22,23,24,25,26,27,28,29,30,31,32,33,34,35,36,37,38"
6028,10,H8,Tornada,5,Pg de l'Havana - Ciutat d'Asunción,2593,16:05:11,5.18,9.133333333316667,548.0,"13,14,15,16,17,18,19,20,21,22,23,24,25,26,27,28,29,30,31,32,33,34,35,36,37,38"
6802,10,H8,Tornada,5,Pg de l'Havana - Ciutat d'Asunción,2593,16:19:42,19.7,14.500000000066667,870.0,"13,14,15,16,17,18,19,20,21,22,23,24,25,26,27,28,29,30,31,32,33,34,35,36,37,38"
6201,1,H8,Tornada,5,Pg de l'Havana - Ciutat d'Asunción,2593,16:27:24,27.4,7.7,462.0,"13,14,15,16,17,18,19,20,21,22,23,24,25,26,27,28,29,30,31,32,33,34,35,36,37,38"
6211,13,H8,Tornada,5,Pg de l'Havana - Ciutat d'Asunción,2593,16:32:40,32.67,5.2833333332666665,317.0,"13,14,15,16,17,18,19,20,21,22,23,24,25,26,27,28,29,30,31,32,33,34,35,36,37,38"
6217,7,H8,Tornada,5,Pg de l'Havana - Ciutat d'Asunción,2593,16:40:09,40.15,7.4666666667333335,448.0,"13,14,15,16,17,18,19,20,21,22,23,24,25,26,27,28,29,30,31,32,33,34,35,36,37,38"
6800,5,H8,Tornada,5,Pg de l'Havana - Ciutat d'Asunción,2593,16:44:46,44.77,4.616666666666666,277.0,"13,14,15,16,17,18,19,20,21,22,23,24,25,26,27,28,29,30,31,32,33,34,35,36,37,38"
6027,11,H8,Tornada,5,Pg de l'Havana - Ciutat d'Asunción,2593,17:06:46,6.77,22.0166666666,1321.0,"8,13,14,15,16,17,18,19,20,21,22,23,24,25,26,27,28,29,30,31,32,33,34,35,36,37,38"
6213,13,H8,Tornada,5,Pg de l'Havana - Ciutat d'Asunción,2593,17:08:23,8.38,1.6166666666666667,97.0,"1,2,13,14,15,16,17,18,19,20,21,22,23,24,25,26,27,28,29,30,31,32,33,34,35,36,37,38"
6034,13,H8,Tornada,5,Pg de l'Havana - Ciutat d'Asunción,2593,17:20:33,20.55,12.150000000066665,729.0,"13,14,15,16,17,18,19,20,21,22,23,24,25,26,27,28,29,30,31,32,33,34,35,36,37,38"
6406,13,H8,Tornada,5,Pg de l'Havana - Ciutat d'Asunción,2593,17:28:59,28.98,8.4333333333,506.0,"13,14,15,16,17,18,19,20,21,22,23,24,25,26,27,28,29,30,31,32,33,34,35,36,37,38"
6408,13,H8,Tornada,5,Pg de l'Havana - Ciutat d'Asunción,2593,17:39:52,39.87,10.883333333333333,653.0,"3,13,14,15,16,17,18,19,20,21,22,23,24,25,26,27,28,29,30,31,32,33,34,35,36,37,38"
6215,13,H8,Tornada,5,Pg de l'Havana - Ciutat d'Asunción,2593,17:51:02,51.03,11.1666666667,670.0,"13,14,15,16,17,18,19,20,21,22,23,24,25,26,27,28,29,30,31,32,33,34,35,36,37,38"
6075,6,H8,Tornada,5,Pg de l'Havana - Ciutat d'Asunción,2593,18:06:37,6.62,15.583333333333334,935.0,"1,2,13,14,15,16,17,18,19,20,21,22,23,24,25,26,27,28,29,30,31,32,33,34,35,36,37,38"
6411,15,H8,Tornada,5,Pg de l'Havana - Ciutat d'Asunción,2593,18:19:40,19.67,13.066666666600002,784.0,"13,14,15,16,17,18,19,20,21,22,23,24,25,26,27,28,29,30,31,32,33,34,35,36,37,38"
6036,4,H8,Tornada,5,Pg de l'Havana - Ciutat d'Asunción,2593,18:30:02,30.03,10.366666666666667,622.0,"13,14,15,16,17,18,19,20,21,22,23,24,25,26,27,28,29,30,31,32,33,34,35,36,37,38"
6117,1,H8,Tornada,5,Pg de l'Havana - Ciutat d'Asunción,2593,18:41:51,41.85,11.800000000066666,708.0,"1,2,13,14,15,16,17,18,19,20,21,22,23,24,25,26,27,28,29,30,31,32,33,34,35,36,37,38"
6415,15,H8,Tornada,5,Pg de l'Havana - Ciutat d'Asunción,2593,18:51:30,51.5,9.65,579.0,"13,14,15,16,17,18,19,20,21,22,23,24,25,26,27,28,29,30,31,32,33,34,35,36,37,38"
6028,13,H8,Tornada,5,Pg de l'Havana - Ciutat d'Asunción,2593,18:59:59,59.98,8.499999999933333,510.0,"13,14,15,16,17,18,19,20,21,22,23,24,25,26,27,28,29,30,31,32,33,34,35,36,37,38"
6211,16,H8,Tornada,5,Pg de l'Havana - Ciutat d'Asunción,2593,19:14:55,14.92,14.9166666667,895.0,"13,14,15,16,17,18,19,20,21,22,23,24,25,26,27,28,29,30,31,32,33,34,35,36,37,38"
6217,10,H8,Tornada,5,Pg de l'Havana - Ciutat d'Asunción,2593,19:24:57,24.95,10.033333333366667,602.0,"13,14,15,16,17,18,19,20,21,22,23,24,25,26,27,28,29,30,31,32,33,34,35,36,37,38"
6800,8,H8,Tornada,5,Pg de l'Havana - Ciutat d'Asunción,2593,19:34:23,34.38,9.433333333333334,566.0,"13,14,15,16,17,18,19,20,21,22,23,24,25,26,27,28,29,30,31,32,33,34,35,36,37,38"
6402,16,H8,Tornada,5,Pg de l'Havana - Ciutat d'Asunción,2593,19:45:33,45.55,11.166666666666666,670.0,"13,14,15,16,17,18,19,20,21,22,23,24,25,26,27,28,29,30,31,32,33,34,35,36,37,38"
6213,16,H8,Tornada,5,Pg de l'Havana - Ciutat d'Asunción,2593,19:54:33,54.55,8.999999999966667,540.0,"13,14,15,16,17,18,19,20,21,22,23,24,25,26,27,28,29,30,31,32,33,34,35,36,37,38"
6034,16,H8,Tornada,5,Pg de l'Havana - Ciutat d'Asunción,2593,20:03:21,3.35,8.800000000033332,528.0,"13,14,15,16,17,18,19,20,21,22,23,24,25,26,27,28,29,30,31,32,33,34,35,36,37,38"
6408,16,H8,Tornada,5,Pg de l'Havana - Ciutat d'Asunción,2593,20:19:44,19.73,16.383333333333333,983.0,"13,14,15,16,17,18,19,20,21,22,23,24,25,26,27,28,29,30,31,32,33,34,35,36,37,38"
6409,16,H8,Tornada,5,Pg de l'Havana - Ciutat d'Asunción,2593,20:35:20,35.33,15.6166666666,937.0,"13,14,15,16,17,18,19,20,21,22,23,24,25,26,27,28,29,30,31,32,33,34,35,36,37,38"
6411,17,H8,Tornada,5,Pg de l'Havana - Ciutat d'Asunción,2593,20:56:46,56.77,21.41666666673333,1285.0,"13,14,15,16,17,18,19,20,21,22,23,24,25,26,27,28,29,30,31,32,33,34,35,36,37,38"
6117,4,H8,Tornada,5,Pg de l'Havana - Ciutat d'Asunción,2593,21:16:29,16.48,19.716666666633333,1183.0,"13,14,15,16,17,18,19,20,21,22,23,24,25,26,27,28,29,30,31,32,33,34,35,36,37,38"
6415,18,H8,Tornada,5,Pg de l'Havana - Ciutat d'Asunción,2593,21:29:15,29.25,12.766666666666667,766.0,"13,14,15,16,17,18,19,20,21,22,23,24,25,26,27,28,29,30,31,32,33,34,35,36,37,38"
6411,1,H8,Tornada,6,Parc de la Maquinista,2594,03:39:40,39.67,,,"1,13,14,15,16,17,18,19,20,21,22,23,24,25,26,27,28,29,30,31,32,33,34,35,36,37,38"
6100,1,H8,Tornada,6,Parc de la Maquinista,2594,03:55:37,55.62,15.95,957.0,"13,14,15,16,17,18,19,20,21,22,23,24,25,26,27,28,29,30,31,32,33,34,35,36,37,38"
6415,1,H8,Tornada,6,Parc de la Maquinista,2594,04:09:29,9.48,13.8833333333,833.0,"13,14,15,16,17,18,19,20,21,22,23,24,25,26,27,28,29,30,31,32,33,34,35,36,37,38"
6209,1,H8,Tornada,6,Parc de la Maquinista,2594,04:25:50,25.83,16.333333333366667,980.0,"13,14,15,16,17,18,19,20,21,22,23,24,25,26,27,28,29,30,31,32,33,34,35,36,37,38"
6211,1,H8,Tornada,6,Parc de la Maquinista,2594,04:35:59,35.98,10.150000000033334,609.0,"13,14,15,16,17,18,19,20,21,22,23,24,25,26,27,28,29,30,31,32,33,34,35,36,37,38"
6401,1,H8,Tornada,6,Parc de la Maquinista,2594,04:47:42,47.7,11.716666666633333,703.0,"13,14,15,16,17,18,19,20,21,22,23,24,25,26,27,28,29,30,31,32,33,34,35,36,37,38"
6402,1,H8,Tornada,6,Parc de la Maquinista,2594,04:55:44,55.73,8.033333333333333,482.0,"13,14,15,16,17,18,19,20,21,22,23,24,25,26,27,28,29,30,31,32,33,34,35,36,37,38"
6213,1,H8,Tornada,6,Parc de la Maquinista,2594,05:07:27,7.45,11.716666666666667,703.0,"13,14,15,16,17,18,19,20,21,22,23,24,25,26,27,28,29,30,31,32,33,34,35,36,37,38"
6406,1,H8,Tornada,6,Parc de la Maquinista,2594,05:22:41,22.68,15.249999999966667,915.0,"1,13,14,15,16,17,18,19,20,21,22,23,24,25,26,27,28,29,30,31,32,33,34,35,36,37,38"
6110,1,H8,Tornada,6,Parc de la Maquinista,2594,05:33:12,33.2,10.516666666666667,631.0,"13,14,15,16,17,18,19,20,21,22,23,24,25,26,27,28,29,30,31,32,33,34,35,36,37,38"
6408,1,H8,Tornada,6,Parc de la Maquinista,2594,05:42:09,42.15,8.95,537.0,"13,14,15,16,17,18,19,20,21,22,23,24,25,26,27,28,29,30,31,32,33,34,35,36,37,38"
6215,1,H8,Tornada,6,Parc de la Maquinista,2594,05:52:15,52.25,10.083333333366665,605.0,"13,14,15,16,17,18,19,20,21,22,23,24,25,26,27,28,29,30,31,32,33,34,35,36,37,38"
6409,2,H8,Tornada,6,Parc de la Maquinista,2594,06:01:51,1.85,9.6,576.0,"13,14,15,16,17,18,19,20,21,22,23,24,25,26,27,28,29,30,31,32,33,34,35,36,37,38"
6217,1,H8,Tornada,6,Parc de la Maquinista,2594,06:10:52,10.87,9.016666666699999,541.0,"13,14,15,16,17,18,19,20,21,22,23,24,25,26,27,28,29,30,31,32,33,34,35,36,37,38"
6411,3,H8,Tornada,6,Parc de la Maquinista,2594,06:21:03,21.05,10.1833333333,611.0,"13,14,15,16,17,18,19,20,21,22,23,24,25,26,27,28,29,30,31,32,33,34,35,36,37,38"
6407,1,H8,Tornada,6,Parc de la Maquinista,2594,06:30:32,30.53,9.499999999966667,570.0,"13,14,15,16,17,18,19,20,21,22,23,24,25,26,27,28,29,30,31,32,33,34,35,36,37,38"
6204,1,H8,Tornada,6,Parc de la Maquinista,2594,06:37:53,37.88,7.35,441.0,"13,14,15,16,17,18,19,20,21,22,23,24,25,26,27,28,29,30,31,32,33,34,35,36,37,38"
6100,4,H8,Tornada,6,Parc de la Maquinista,2594,06:48:28,48.47,10.5666666667,634.0,"13,14,15,16,17,18,19,20,21,22,23,24,25,26,27,28,29,30,31,32,33,34,35,36,37,38"
6415,3,H8,Tornada,6,Parc de la Maquinista,2594,06:56:40,56.67,8.200000000033333,492.0,"13,14,15,16,17,18,19,20,21,22,23,24,25,26,27,28,29,30,31,32,33,34,35,36,37,38"
6028,1,H8,Tornada,6,Parc de la Maquinista,2594,07:09:24,9.4,12.749999999933333,765.0,"13,14,15,16,17,18,19,20,21,22,23,24,25,26,27,28,29,30,31,32,33,34,35,36,37,38"
6802,1,H8,Tornada,6,Parc de la Maquinista,2594,07:16:51,16.85,7.433333333366666,446.0,"13,14,15,16,17,18,19,20,21,22,23,24,25,26,27,28,29,30,31,32,33,34,35,36,37,38"
6209,4,H8,Tornada,6,Parc de la Maquinista,2594,07:26:15,26.25,9.4,564.0,"13,14,15,16,17,18,19,20,21,22,23,24,25,26,27,28,29,30,31,32,33,34,35,36,37,38"
6211,4,H8,Tornada,6,Parc de la Maquinista,2594,07:35:21,35.35,9.116666666633334,547.0,"13,14,15,16,17,18,19,20,21,22,23,24,25,26,27,28,29,30,31,32,33,34,35,36,37,38"
6401,3,H8,Tornada,6,Parc de la Maquinista,2594,07:43:57,43.95,8.583333333399999,515.0,"9,10,11,12,13,14,15,16,17,18,19,20,21,22,23,24,25,26,27,28,29,30,31,32,33,34,35,36,37,38"
6402,4,H8,Tornada,6,Parc de la Maquinista,2594,07:51:34,51.57,7.633333333266666,458.0,"13,14,15,16,17,18,19,20,21,22,23,24,25,26,27,28,29,30,31,32,33,34,35,36,37,38"
6027,2,H8,Tornada,6,Parc de la Maquinista,2594,07:57:33,57.55,5.983333333333333,359.0,"13,14,15,16,17,18,19,20,21,22,23,24,25,26,27,28,29,30,31,32,33,34,35,36,37,38"
6213,4,H8,Tornada,6,Parc de la Maquinista,2594,08:06:32,6.53,8.983333333333333,539.0,"13,14,15,16,17,18,19,20,21,22,23,24,25,26,27,28,29,30,31,32,33,34,35,36,37,38"
6034,4,H8,Tornada,6,Parc de la Maquinista,2594,08:16:30,16.5,9.950000000033333,597.0,"13,14,15,16,17,18,19,20,21,22,23,24,25,26,27,28,29,30,31,32,33,34,35,36,37,38"
6110,4,H8,Tornada,6,Parc de la Maquinista,2594,08:33:38,33.63,17.149999999966667,1029.0,"13,14,15,16,17,18,19,20,21,22,23,24,25,26,27,28,29,30,31,32,33,34,35,36,37,38"
6408,4,H8,Tornada,6,Parc de la Maquinista,2594,08:42:47,42.78,9.1333333334,548.0,"2,13,14,15,16,17,18,19,20,21,22,23,24,25,26,27,28,29,30,31,32,33,34,35,36,37,38"
6215,4,H8,Tornada,6,Parc de la Maquinista,2594,08:55:41,55.68,12.9,774.0,"13,14,15,16,17,18,19,20,21,22,23,24,25,26,27,28,29,30,31,32,33,34,35,36,37,38"
6409,5,H8,Tornada,6,Parc de la Maquinista,2594,09:02:32,2.53,6.8666666666,412.0,"13,14,15,16,17,18,19,20,21,22,23,24,25,26,27,28,29,30,31,32,33,34,35,36,37,38"
6217,4,H8,Tornada,6,Parc de la Maquinista,2594,09:15:22,15.37,12.8166666667,769.0,"13,14,15,16,17,18,19,20,21,22,23,24,25,26,27,28,29,30,31,32,33,34,35,36,37,38"
6411,6,H8,Tornada,6,Parc de la Maquinista,2594,09:21:31,21.52,6.166666666633334,370.0,"13,14,15,16,17,18,19,20,21,22,23,24,25,26,27,28,29,30,31,32,33,34,35,36,37,38"
6407,4,H8,Tornada,6,Parc de la Maquinista,2594,09:35:30,35.5,13.966666666733333,838.0,"13,14,15,16,17,18,19,20,21,22,23,24,25,26,27,28,29,30,31,32,33,34,35,36,37,38"
6100,6,H8,Tornada,6,Parc de la Maquinista,2594,09:40:52,40.87,5.366666666666666,322.0,"13,14,15,16,17,18,19,20,21,22,23,24,25,26,27,28,29,30,31,32,33,34,35,36,37,38"
6415,6,H8,Tornada,6,Parc de la Maquinista,2594,09:54:37,54.62,13.600000000033333,816.0,"13,14,15,16,17,18,19,20,21,22,23,24,25,26,27,28,29,30,31,32,33,34,35,36,37,38"
6802,4,H8,Tornada,6,Parc de la Maquinista,2594,10:19:49,19.82,25.2,1512.0,"13,14,15,16,17,18,19,20,21,22,23,24,25,26,27,28,29,30,31,32,33,34,35,36,37,38"
6209,7,H8,Tornada,6,Parc de la Maquinista,2594,10:29:27,29.45,9.633333333366666,578.0,"13,14,15,16,17,18,19,20,21,22,23,24,25,26,27,28,29,30,31,32,33,34,35,36,37,38"
6211,7,H8,Tornada,6,Parc de la Maquinista,2594,10:36:25,36.42,6.966666666666667,418.0,"13,14,15,16,17,18,19,20,21,22,23,24,25,26,27,28,29,30,31,32,33,34,35,36,37,38"
6402,7,H8,Tornada,6,Parc de la Maquinista,2594,10:54:31,54.52,18.1,1086.0,"1,2,13,14,15,16,17,18,19,20,21,22,23,24,25,26,27,28,29,30,31,32,33,34,35,36,37,38"
6027,5,H8,Tornada,6,Parc de la Maquinista,2594,11:03:37,3.62,9.099999999983334,546.0,"13,14,15,16,17,18,19,20,21,22,23,24,25,26,27,28,29,30,31,32,33,34,35,36,37,38"
6213,7,H8,Tornada,6,Parc de la Maquinista,2594,11:16:21,16.35,12.733333333316667,764.0,"13,14,15,16,17,18,19,20,21,22,23,24,25,26,27,28,29,30,31,32,33,34,35,36,37,38"
6034,7,H8,Tornada,6,Parc de la Maquinista,2594,11:22:39,22.65,6.300000000033333,378.0,"1,2,13,14,15,16,17,18,19,20,21,22,23,24,25,26,27,28,29,30,31,32,33,34,35,36,37,38"
6406,7,H8,Tornada,6,Parc de la Maquinista,2594,11:31:31,31.52,8.866666666633334,532.0,"13,14,15,16,17,18,19,20,21,22,23,24,25,26,27,28,29,30,31,32,33,34,35,36,37,38"
6408,7,H8,Tornada,6,Parc de la Maquinista,2594,11:39:59,39.98,8.483333333300001,509.0,"13,14,15,16,17,18,19,20,21,22,23,24,25,26,27,28,29,30,31,32,33,34,35,36,37,38"
6215,7,H8,Tornada,6,Parc de la Maquinista,2594,11:49:31,49.52,9.516666666733332,571.0,"13,14,15,16,17,18,19,20,21,22,23,24,25,26,27,28,29,30,31,32,33,34,35,36,37,38"
6409,8,H8,Tornada,6,Parc de la Maquinista,2594,12:01:39,1.65,12.133333333333333,728.0,"13,14,15,16,17,18,19,20,21,22,23,24,25,26,27,28,29,30,31,32,33,34,35,36,37,38"
6411,9,H8,Tornada,6,Parc de la Maquinista,2594,12:20:19,20.32,18.666666666633333,1120.0,"1,2,13,14,15,16,17,18,19,20,21,22,23,24,25,26,27,28,29,30,31,32,33,34,35,36,37,38"
6407,7,H8,Tornada,6,Parc de la Maquinista,2594,12:32:40,32.67,12.35,741.0,"13,14,15,16,17,18,19,20,21,22,23,24,25,26,27,28,29,30,31,32,33,34,35,36,37,38"
6100,9,H8,Tornada,6,Parc de la Maquinista,2594,12:47:33,47.55,14.883333333366666,893.0,"13,14,15,16,17,18,19,20,21,22,23,24,25,26,27,28,29,30,31,32,33,34,35,36,37,38"
6415,9,H8,Tornada,6,Parc de la Maquinista,2594,12:58:01,58.02,10.483333333266668,629.0,"13,14,15,16,17,18,19,20,21,22,23,24,25,26,27,28,29,30,31,32,33,34,35,36,37,38"
6028,7,H8,Tornada,6,Parc de la Maquinista,2594,13:06:20,6.33,8.300000000066667,498.0,"13,14,15,16,17,18,19,20,21,22,23,24,25,26,27,28,29,30,31,32,33,34,35,36,37,38"
6802,7,H8,Tornada,6,Parc de la Maquinista,2594,13:17:54,17.9,11.566666666633333,694.0,"1,2,13,14,15,16,17,18,19,20,21,22,23,24,25,26,27,28,29,30,31,32,33,34,35,36,37,38"
6209,10,H8,Tornada,6,Parc de la Maquinista,2594,13:27:11,27.18,9.283333333333333,557.0,"7,8,9,10,11,12,13,14,15,16,17,18,19,20,21,22,23,24,25,26,27,28,29,30,31,32,33,34,35,36,37,38"
6211,10,H8,Tornada,6,Parc de la Maquinista,2594,13:29:36,29.6,2.4333333333,146.0,"13,14,15,16,17,18,19,20,21,22,23,24,25,26,27,28,29,30,31,32,33,34,35,36,37,38"
6800,2,H8,Tornada,6,Parc de la Maquinista,2594,13:38:23,38.38,8.783333333333333,527.0,"13,14,15,16,17,18,19,20,21,22,23,24,25,26,27,28,29,30,31,32,33,34,35,36,37,38"
6213,10,H8,Tornada,6,Parc de la Maquinista,2594,13:51:28,51.47,13.066666666733333,784.0,"1,2,13,14,15,16,17,18,19,20,21,22,23,24,25,26,27,28,29,30,31,32,33,34,35,36,37,38"
6402,10,H8,Tornada,6,Parc de la Maquinista,2594,13:55:58,55.97,4.5166666666,271.0,"12,13,14,15,16,17,18,19,20,21,22,23,24,25,26,27,28,29,30,31,32,33,34,35,36,37,38"
6027,8,H8,Tornada,6,Parc de la Maquinista,2594,13:57:53,57.88,1.9000000000666666,114.0,"13,14,15,16,17,18,19,20,21,22,23,24,25,26,27,28,29,30,31,32,33,34,35,36,37,38"
6034,10,H8,Tornada,6,Parc de la Maquinista,2594,14:16:32,16.53,18.6666666666,1120.0,"2,13,14,15,16,17,18,19,20,21,22,23,24,25,26,27,28,29,30,31,32,33,34,35,36,37,38"
6406,10,H8,Tornada,6,Parc de la Maquinista,2594,14:26:15,26.25,9.700000000033333,582.0,"13,14,15,16,17,18,19,20,21,22,23,24,25,26,27,28,29,30,31,32,33,34,35,36,37,38"
6408,10,H8,Tornada,6,Parc de la Maquinista,2594,14:36:59,36.98,10.733333333333333,644.0,"13,14,15,16,17,18,19,20,21,22,23,24,25,26,27,28,29,30,31,32,33,34,35,36,37,38"
6215,10,H8,Tornada,6,Parc de la Maquinista,2594,14:48:16,48.27,11.299999999966667,678.0,"13,14,15,16,17,18,19,20,21,22,23,24,25,26,27,28,29,30,31,32,33,34,35,36,37,38"
6409,11,H8,Tornada,6,Parc de la Maquinista,2594,14:59:30,59.5,11.2166666667,673.0,"13,14,15,16,17,18,19,20,21,22,23,24,25,26,27,28,29,30,31,32,33,34,35,36,37,38"
6075,3,H8,Tornada,6,Parc de la Maquinista,2594,15:06:27,6.45,6.950000000033333,417.0,"13,14,15,16,17,18,19,20,21,22,23,24,25,26,27,28,29,30,31,32,33,34,35,36,37,38"
6217,6,H8,Tornada,6,Parc de la Maquinista,2594,15:08:32,8.53,2.0999999999333334,126.0,"12,13,14,15,16,17,18,19,20,21,22,23,24,25,26,27,28,29,30,31,32,33,34,35,36,37,38"
6411,12,H8,Tornada,6,Parc de la Maquinista,2594,15:18:11,18.18,9.6333333334,578.0,"13,14,15,16,17,18,19,20,21,22,23,24,25,26,27,28,29,30,31,32,33,34,35,36,37,38"
6407,10,H8,Tornada,6,Parc de la Maquinista,2594,15:38:21,38.35,20.183333333266667,1211.0,"1,2,3,10,11,12,13,15,16,17,18,19,20,21,22,23,24,25,26,27,28,29,30,31,32,33,34,35,36,37,38"
6036,1,H8,Tornada,6,Parc de la Maquinista,2594,15:48:09,48.15,9.7833333334,587.0,"13,14,15,16,17,18,19,20,21,22,23,24,25,26,27,28,29,30,31,32,33,34,35,36,37,38"
6100,12,H8,Tornada,6,Parc de la Maquinista,2594,15:52:04,52.07,3.933333333266667,236.0,"13,14,15,16,17,18,19,20,21,22,23,24,25,26,27,28,29,30,31,32,33,34,35,36,37,38"
6415,12,H8,Tornada,6,Parc de la Maquinista,2594,15:58:11,58.18,6.100000000033333,366.0,"13,14,15,16,17,18,19,20,21,22,23,24,25,26,27,28,29,30,31,32,33,34,35,36,37,38"
6028,10,H8,Tornada,6,Parc de la Maquinista,2594,16:06:37,6.62,8.433333333333334,506.0,"13,14,15,16,17,18,19,20,21,22,23,24,25,26,27,28,29,30,31,32,33,34,35,36,37,38"
6802,10,H8,Tornada,6,Parc de la Maquinista,2594,16:21:11,21.18,14.5833333333,875.0,"13,14,15,16,17,18,19,20,21,22,23,24,25,26,27,28,29,30,31,32,33,34,35,36,37,38"
6201,1,H8,Tornada,6,Parc de la Maquinista,2594,16:28:21,28.35,7.166666666666667,430.0,"13,14,15,16,17,18,19,20,21,22,23,24,25,26,27,28,29,30,31,32,33,34,35,36,37,38"
6211,13,H8,Tornada,6,Parc de la Maquinista,2594,16:33:15,33.25,4.883333333366666,293.0,"13,14,15,16,17,18,19,20,21,22,23,24,25,26,27,28,29,30,31,32,33,34,35,36,37,38"
6217,7,H8,Tornada,6,Parc de la Maquinista,2594,16:41:35,41.58,8.333333333366665,500.0,"13,14,15,16,17,18,19,20,21,22,23,24,25,26,27,28,29,30,31,32,33,34,35,36,37,38"
6800,5,H8,Tornada,6,Parc de la Maquinista,2594,16:46:21,46.35,4.7833333332666665,287.0,"13,14,15,16,17,18,19,20,21,22,23,24,25,26,27,28,29,30,31,32,33,34,35,36,37,38"
6027,11,H8,Tornada,6,Parc de la Maquinista,2594,17:07:56,7.93,21.566666666733333,1294.0,"8,13,14,15,16,17,18,19,20,21,22,23,24,25,26,27,28,29,30,31,32,33,34,35,36,37,38"
6213,13,H8,Tornada,6,Parc de la Maquinista,2594,17:09:18,9.3,1.3666666666666667,82.0,"1,2,13,14,15,16,17,18,19,20,21,22,23,24,25,26,27,28,29,30,31,32,33,34,35,36,37,38"
6034,13,H8,Tornada,6,Parc de la Maquinista,2594,17:21:07,21.12,11.833333333250001,710.0,"13,14,15,16,17,18,19,20,21,22,23,24,25,26,27,28,29,30,31,32,33,34,35,36,37,38"
6406,13,H8,Tornada,6,Parc de la Maquinista,2594,17:31:05,31.08,9.95000000005,597.0,"13,14,15,16,17,18,19,20,21,22,23,24,25,26,27,28,29,30,31,32,33,34,35,36,37,38"
6408,13,H8,Tornada,6,Parc de la Maquinista,2594,17:41:33,41.55,10.4666666667,628.0,"3,13,14,15,16,17,18,19,20,21,22,23,24,25,26,27,28,29,30,31,32,33,34,35,36,37,38"
6215,13,H8,Tornada,6,Parc de la Maquinista,2594,17:52:17,52.28,10.733333333333333,644.0,"13,14,15,16,17,18,19,20,21,22,23,24,25,26,27,28,29,30,31,32,33,34,35,36,37,38"
6075,6,H8,Tornada,6,Parc de la Maquinista,2594,18:07:56,7.93,15.649999999966667,939.0,"1,2,13,14,15,16,17,18,19,20,21,22,23,24,25,26,27,28,29,30,31,32,33,34,35,36,37,38"
6411,15,H8,Tornada,6,Parc de la Maquinista,2594,18:21:16,21.27,13.333333333366665,800.0,"13,14,15,16,17,18,19,20,21,22,23,24,25,26,27,28,29,30,31,32,33,34,35,36,37,38"
6036,4,H8,Tornada,6,Parc de la Maquinista,2594,18:31:12,31.2,9.933333333333334,596.0,"13,14,15,16,17,18,19,20,21,22,23,24,25,26,27,28,29,30,31,32,33,34,35,36,37,38"
6117,1,H8,Tornada,6,Parc de la Maquinista,2594,18:43:03,43.05,11.849999999966666,711.0,"1,2,13,14,15,16,17,18,19,20,21,22,23,24,25,26,27,28,29,30,31,32,33,34,35,36,37,38"
6415,15,H8,Tornada,6,Parc de la Maquinista,2594,18:53:18,53.3,10.250000000033333,615.0,"13,14,15,16,17,18,19,20,21,22,23,24,25,26,27,28,29,30,31,32,33,34,35,36,37,38"
6028,13,H8,Tornada,6,Parc de la Maquinista,2594,19:01:37,1.62,8.316666666666666,499.0,"13,14,15,16,17,18,19,20,21,22,23,24,25,26,27,28,29,30,31,32,33,34,35,36,37,38"
6211,16,H8,Tornada,6,Parc de la Maquinista,2594,19:17:58,17.97,16.35,981.0,"13,14,15,16,17,18,19,20,21,22,23,24,25,26,27,28,29,30,31,32,33,34,35,36,37,38"
6217,10,H8,Tornada,6,Parc de la Maquinista,2594,19:26:36,26.6,8.633333333333333,518.0,"13,14,15,16,17,18,19,20,21,22,23,24,25,26,27,28,29,30,31,32,33,34,35,36,37,38"
6800,8,H8,Tornada,6,Parc de la Maquinista,2594,19:36:17,36.28,9.699999999933334,582.0,"13,14,15,16,17,18,19,20,21,22,23,24,25,26,27,28,29,30,31,32,33,34,35,36,37,38"
6402,16,H8,Tornada,6,Parc de la Maquinista,2594,19:46:14,46.23,9.933333333399998,596.0,"13,14,15,16,17,18,19,20,21,22,23,24,25,26,27,28,29,30,31,32,33,34,35,36,37,38"
6213,16,H8,Tornada,6,Parc de la Maquinista,2594,19:55:56,55.93,9.7166666666,583.0,"13,14,15,16,17,18,19,20,21,22,23,24,25,26,27,28,29,30,31,32,33,34,35,36,37,38"
6034,16,H8,Tornada,6,Parc de la Maquinista,2594,20:04:36,4.6,8.650000000066665,519.0,"13,14,15,16,17,18,19,20,21,22,23,24,25,26,27,28,29,30,31,32,33,34,35,36,37,38"
6408,16,H8,Tornada,6,Parc de la Maquinista,2594,20:21:07,21.12,16.516666666666666,991.0,"13,14,15,16,17,18,19,20,21,22,23,24,25,26,27,28,29,30,31,32,33,34,35,36,37,38"
6409,16,H8,Tornada,6,Parc de la Maquinista,2594,20:35:53,35.88,14.766666666666667,886.0,"13,14,15,16,17,18,19,20,21,22,23,24,25,26,27,28,29,30,31,32,33,34,35,36,37,38"
6411,17,H8,Tornada,6,Parc de la Maquinista,2594,20:57:48,57.8,21.916666666633333,1315.0,"13,14,15,16,17,18,19,20,21,22,23,24,25,26,27,28,29,30,31,32,33,34,35,36,37,38"
6117,4,H8,Tornada,6,Parc de la Maquinista,2594,21:17:33,17.55,19.766666666633334,1186.0,"13,14,15,16,17,18,19,20,21,22,23,24,25,26,27,28,29,30,31,32,33,34,35,36,37,38"
6415,18,H8,Tornada,6,Parc de la Maquinista,2594,21:30:50,30.83,13.283333333333333,797.0,"13,14,15,16,17,18,19,20,21,22,23,24,25,26,27,28,29,30,31,32,33,34,35,36,37,38"
6411,1,H8,Tornada,7,Josep Soldevila - Torrent Estadella,3309,03:41:21,41.35,,,"1,13,14,15,16,17,18,19,20,21,22,23,24,25,26,27,28,29,30,31,32,33,34,35,36,37,38"
6100,1,H8,Tornada,7,Josep Soldevila - Torrent Estadella,3309,03:57:12,57.2,15.8666666666,952.0,"13,14,15,16,17,18,19,20,21,22,23,24,25,26,27,28,29,30,31,32,33,34,35,36,37,38"
6415,1,H8,Tornada,7,Josep Soldevila - Torrent Estadella,3309,04:10:39,10.65,13.433333333366667,806.0,"13,14,15,16,17,18,19,20,21,22,23,24,25,26,27,28,29,30,31,32,33,34,35,36,37,38"
6209,1,H8,Tornada,7,Josep Soldevila - Torrent Estadella,3309,04:27:12,27.2,16.566666666633335,994.0,"13,14,15,16,17,18,19,20,21,22,23,24,25,26,27,28,29,30,31,32,33,34,35,36,37,38"
6211,1,H8,Tornada,7,Josep Soldevila - Torrent Estadella,3309,04:37:53,37.88,10.666666666733333,640.0,"13,14,15,16,17,18,19,20,21,22,23,24,25,26,27,28,29,30,31,32,33,34,35,36,37,38"
6401,1,H8,Tornada,7,Josep Soldevila - Torrent Estadella,3309,04:50:12,50.2,12.333333333266667,740.0,"13,14,15,16,17,18,19,20,21,22,23,24,25,26,27,28,29,30,31,32,33,34,35,36,37,38"
6402,1,H8,Tornada,7,Josep Soldevila - Torrent Estadella,3309,04:57:45,57.75,7.5333333333666666,452.0,"13,14,15,16,17,18,19,20,21,22,23,24,25,26,27,28,29,30,31,32,33,34,35,36,37,38"
6213,1,H8,Tornada,7,Josep Soldevila - Torrent Estadella,3309,05:10:25,10.42,12.666666666666666,760.0,"13,14,15,16,17,18,19,20,21,22,23,24,25,26,27,28,29,30,31,32,33,34,35,36,37,38"
6406,1,H8,Tornada,7,Josep Soldevila - Torrent Estadella,3309,05:25:07,25.12,14.716666666633333,883.0,"1,13,14,15,16,17,18,19,20,21,22,23,24,25,26,27,28,29,30,31,32,33,34,35,36,37,38"
6110,1,H8,Tornada,7,Josep Soldevila - Torrent Estadella,3309,05:35:31,35.52,10.383333333366666,623.0,"13,14,15,16,17,18,19,20,21,22,23,24,25,26,27,28,29,30,31,32,33,34,35,36,37,38"
6408,1,H8,Tornada,7,Josep Soldevila - Torrent Estadella,3309,05:45:32,45.53,10.016666666666667,601.0,"13,14,15,16,17,18,19,20,21,22,23,24,25,26,27,28,29,30,31,32,33,34,35,36,37,38"
6215,1,H8,Tornada,7,Josep Soldevila - Torrent Estadella,3309,05:55:10,55.17,9.633333333366666,578.0,"13,14,15,16,17,18,19,20,21,22,23,24,25,26,27,28,29,30,31,32,33,34,35,36,37,38"
6409,2,H8,Tornada,7,Josep Soldevila - Torrent Estadella,3309,06:04:39,4.65,9.483333333300001,569.0,"13,14,15,16,17,18,19,20,21,22,23,24,25,26,27,28,29,30,31,32,33,34,35,36,37,38"
6217,1,H8,Tornada,7,Josep Soldevila - Torrent Estadella,3309,06:12:58,12.97,8.316666666666666,499.0,"13,14,15,16,17,18,19,20,21,22,23,24,25,26,27,28,29,30,31,32,33,34,35,36,37,38"
6411,3,H8,Tornada,7,Josep Soldevila - Torrent Estadella,3309,06:23:15,23.25,10.283333333366667,617.0,"13,14,15,16,17,18,19,20,21,22,23,24,25,26,27,28,29,30,31,32,33,34,35,36,37,38"
6407,1,H8,Tornada,7,Josep Soldevila - Torrent Estadella,3309,06:32:31,32.52,9.266666666633334,556.0,"13,14,15,16,17,18,19,20,21,22,23,24,25,26,27,28,29,30,31,32,33,34,35,36,37,38"
6204,1,H8,Tornada,7,Josep Soldevila - Torrent Estadella,3309,06:40:32,40.53,8.016666666666667,481.0,"13,14,15,16,17,18,19,20,21,22,23,24,25,26,27,28,29,30,31,32,33,34,35,36,37,38"
6100,4,H8,Tornada,7,Josep Soldevila - Torrent Estadella,3309,06:50:21,50.35,9.8333333333,590.0,"13,14,15,16,17,18,19,20,21,22,23,24,25,26,27,28,29,30,31,32,33,34,35,36,37,38"
6415,3,H8,Tornada,7,Josep Soldevila - Torrent Estadella,3309,06:59:10,59.17,8.800000000033332,528.0,"13,14,15,16,17,18,19,20,21,22,23,24,25,26,27,28,29,30,31,32,33,34,35,36,37,38"
6028,1,H8,Tornada,7,Josep Soldevila - Torrent Estadella,3309,07:11:18,11.3,12.149999999966667,729.0,"13,14,15,16,17,18,19,20,21,22,23,24,25,26,27,28,29,30,31,32,33,34,35,36,37,38"
6802,1,H8,Tornada,7,Josep Soldevila - Torrent Estadella,3309,07:18:48,18.8,7.483333333366667,449.0,"13,14,15,16,17,18,19,20,21,22,23,24,25,26,27,28,29,30,31,32,33,34,35,36,37,38"
6209,4,H8,Tornada,7,Josep Soldevila - Torrent Estadella,3309,07:28:15,28.25,9.466666666633333,568.0,"13,14,15,16,17,18,19,20,21,22,23,24,25,26,27,28,29,30,31,32,33,34,35,36,37,38"
6211,4,H8,Tornada,7,Josep Soldevila - Torrent Estadella,3309,07:37:51,37.85,9.583333333399999,575.0,"13,14,15,16,17,18,19,20,21,22,23,24,25,26,27,28,29,30,31,32,33,34,35,36,37,38"
6401,3,H8,Tornada,7,Josep Soldevila - Torrent Estadella,3309,07:46:30,46.5,8.666666666600001,520.0,"9,10,11,12,13,14,15,16,17,18,19,20,21,22,23,24,25,26,27,28,29,30,31,32,33,34,35,36,37,38"
6402,4,H8,Tornada,7,Josep Soldevila - Torrent Estadella,3309,07:53:45,53.75,7.249999999983333,435.0,"13,14,15,16,17,18,19,20,21,22,23,24,25,26,27,28,29,30,31,32,33,34,35,36,37,38"
6027,2,H8,Tornada,7,Josep Soldevila - Torrent Estadella,3309,08:00:25,0.42,6.650000000083334,399.0,"13,14,15,16,17,18,19,20,21,22,23,24,25,26,27,28,29,30,31,32,33,34,35,36,37,38"
6213,4,H8,Tornada,7,Josep Soldevila - Torrent Estadella,3309,08:08:41,8.68,8.266666666666667,496.0,"13,14,15,16,17,18,19,20,21,22,23,24,25,26,27,28,29,30,31,32,33,34,35,36,37,38"
6034,4,H8,Tornada,7,Josep Soldevila - Torrent Estadella,3309,08:18:45,18.75,10.066666666633333,604.0,"13,14,15,16,17,18,19,20,21,22,23,24,25,26,27,28,29,30,31,32,33,34,35,36,37,38"
6406,4,H8,Tornada,7,Josep Soldevila - Torrent Estadella,3309,08:27:19,27.32,8.5833333333,515.0,"3,4,5,6,13,14,15,16,17,18,19,20,21,22,23,24,25,26,27,28,29,30,31,32,33,34,35,36,37,38"
6110,4,H8,Tornada,7,Josep Soldevila - Torrent Estadella,3309,08:36:07,36.12,8.7833333334,527.0,"13,14,15,16,17,18,19,20,21,22,23,24,25,26,27,28,29,30,31,32,33,34,35,36,37,38"
6408,4,H8,Tornada,7,Josep Soldevila - Torrent Estadella,3309,08:44:56,44.93,8.833333333266667,530.0,"2,13,14,15,16,17,18,19,20,21,22,23,24,25,26,27,28,29,30,31,32,33,34,35,36,37,38"
6215,4,H8,Tornada,7,Josep Soldevila - Torrent Estadella,3309,08:57:55,57.92,12.983333333333333,779.0,"13,14,15,16,17,18,19,20,21,22,23,24,25,26,27,28,29,30,31,32,33,34,35,36,37,38"
6409,5,H8,Tornada,7,Josep Soldevila - Torrent Estadella,3309,09:04:34,4.57,6.65,399.0,"13,14,15,16,17,18,19,20,21,22,23,24,25,26,27,28,29,30,31,32,33,34,35,36,37,38"
6217,4,H8,Tornada,7,Josep Soldevila - Torrent Estadella,3309,09:17:34,17.57,12.983333333366666,779.0,"13,14,15,16,17,18,19,20,21,22,23,24,25,26,27,28,29,30,31,32,33,34,35,36,37,38"
6411,6,H8,Tornada,7,Josep Soldevila - Torrent Estadella,3309,09:23:41,23.68,6.116666666666666,367.0,"13,14,15,16,17,18,19,20,21,22,23,24,25,26,27,28,29,30,31,32,33,34,35,36,37,38"
6407,4,H8,Tornada,7,Josep Soldevila - Torrent Estadella,3309,09:38:49,38.82,15.133333333333333,908.0,"13,14,15,16,17,18,19,20,21,22,23,24,25,26,27,28,29,30,31,32,33,34,35,36,37,38"
6204,4,H8,Tornada,7,Josep Soldevila - Torrent Estadella,3309,09:42:48,42.8,3.9833333333666667,239.0,"13,14,15,16,17,18,19,20,21,22,23,24,25,26,27,28,29,30,31,32,33,34,35,36,37,38"
6415,6,H8,Tornada,7,Josep Soldevila - Torrent Estadella,3309,09:56:59,56.98,13.816666666666666,829.0,"13,14,15,16,17,18,19,20,21,22,23,24,25,26,27,28,29,30,31,32,33,34,35,36,37,38"
6028,4,H8,Tornada,7,Josep Soldevila - Torrent Estadella,3309,10:04:56,4.93,7.933333333366666,476.0,"5,6,13,14,15,16,17,18,19,20,21,22,23,24,25,26,27,28,29,30,31,32,33,34,35,36,37,38"
6802,4,H8,Tornada,7,Josep Soldevila - Torrent Estadella,3309,10:22:30,22.5,17.566666666666666,1054.0,"13,14,15,16,17,18,19,20,21,22,23,24,25,26,27,28,29,30,31,32,33,34,35,36,37,38"
6209,7,H8,Tornada,7,Josep Soldevila - Torrent Estadella,3309,10:32:24,32.4,9.900000000033334,594.0,"13,14,15,16,17,18,19,20,21,22,23,24,25,26,27,28,29,30,31,32,33,34,35,36,37,38"
6211,7,H8,Tornada,7,Josep Soldevila - Torrent Estadella,3309,10:38:41,38.68,6.283333333300001,377.0,"13,14,15,16,17,18,19,20,21,22,23,24,25,26,27,28,29,30,31,32,33,34,35,36,37,38"
6402,7,H8,Tornada,7,Josep Soldevila - Torrent Estadella,3309,10:56:50,56.83,18.16666666665,1090.0,"1,2,13,14,15,16,17,18,19,20,21,22,23,24,25,26,27,28,29,30,31,32,33,34,35,36,37,38"
6027,5,H8,Tornada,7,Josep Soldevila - Torrent Estadella,3309,11:06:32,6.53,9.68333333335,581.0,"13,14,15,16,17,18,19,20,21,22,23,24,25,26,27,28,29,30,31,32,33,34,35,36,37,38"
6213,7,H8,Tornada,7,Josep Soldevila - Torrent Estadella,3309,11:19:18,19.3,12.7833333333,767.0,"13,14,15,16,17,18,19,20,21,22,23,24,25,26,27,28,29,30,31,32,33,34,35,36,37,38"
6034,7,H8,Tornada,7,Josep Soldevila - Torrent Estadella,3309,11:25:17,25.28,5.983333333333333,359.0,"1,2,13,14,15,16,17,18,19,20,21,22,23,24,25,26,27,28,29,30,31,32,33,34,35,36,37,38"
6406,7,H8,Tornada,7,Josep Soldevila - Torrent Estadella,3309,11:33:58,33.97,8.6666666667,520.0,"13,14,15,16,17,18,19,20,21,22,23,24,25,26,27,28,29,30,31,32,33,34,35,36,37,38"
6408,7,H8,Tornada,7,Josep Soldevila - Torrent Estadella,3309,11:43:21,43.35,9.383333333366666,563.0,"13,14,15,16,17,18,19,20,21,22,23,24,25,26,27,28,29,30,31,32,33,34,35,36,37,38"
6215,7,H8,Tornada,7,Josep Soldevila - Torrent Estadella,3309,11:52:14,52.23,8.8833333333,533.0,"13,14,15,16,17,18,19,20,21,22,23,24,25,26,27,28,29,30,31,32,33,34,35,36,37,38"
6409,8,H8,Tornada,7,Josep Soldevila - Torrent Estadella,3309,12:04:02,4.03,11.816666666633333,709.0,"13,14,15,16,17,18,19,20,21,22,23,24,25,26,27,28,29,30,31,32,33,34,35,36,37,38"
6411,9,H8,Tornada,7,Josep Soldevila - Torrent Estadella,3309,12:24:35,24.58,20.533333333399998,1232.0,"1,2,13,14,15,16,17,18,19,20,21,22,23,24,25,26,27,28,29,30,31,32,33,34,35,36,37,38"
6407,7,H8,Tornada,7,Josep Soldevila - Torrent Estadella,3309,12:35:45,35.75,11.166666666666666,670.0,"13,14,15,16,17,18,19,20,21,22,23,24,25,26,27,28,29,30,31,32,33,34,35,36,37,38"
6100,9,H8,Tornada,7,Josep Soldevila - Torrent Estadella,3309,12:48:29,48.48,12.733333333300001,764.0,"13,14,15,16,17,18,19,20,21,22,23,24,25,26,27,28,29,30,31,32,33,34,35,36,37,38"
6415,9,H8,Tornada,7,Josep Soldevila - Torrent Estadella,3309,13:00:22,0.37,11.883333333366666,713.0,"13,14,15,16,17,18,19,20,21,22,23,24,25,26,27,28,29,30,31,32,33,34,35,36,37,38"
6028,7,H8,Tornada,7,Josep Soldevila - Torrent Estadella,3309,13:08:31,8.52,8.15,489.0,"13,14,15,16,17,18,19,20,21,22,23,24,25,26,27,28,29,30,31,32,33,34,35,36,37,38"
6802,7,H8,Tornada,7,Josep Soldevila - Torrent Estadella,3309,13:20:25,20.42,11.9,714.0,"1,2,13,14,15,16,17,18,19,20,21,22,23,24,25,26,27,28,29,30,31,32,33,34,35,36,37,38"
6211,10,H8,Tornada,7,Josep Soldevila - Torrent Estadella,3309,13:31:31,31.52,11.1166666666,667.0,"13,14,15,16,17,18,19,20,21,22,23,24,25,26,27,28,29,30,31,32,33,34,35,36,37,38"
6800,2,H8,Tornada,7,Josep Soldevila - Torrent Estadella,3309,13:40:11,40.18,8.650000000033334,519.0,"13,14,15,16,17,18,19,20,21,22,23,24,25,26,27,28,29,30,31,32,33,34,35,36,37,38"
6213,10,H8,Tornada,7,Josep Soldevila - Torrent Estadella,3309,13:53:23,53.38,13.2,792.0,"1,2,13,14,15,16,17,18,19,20,21,22,23,24,25,26,27,28,29,30,31,32,33,34,35,36,37,38"
6402,10,H8,Tornada,7,Josep Soldevila - Torrent Estadella,3309,13:58:37,58.62,5.249999999966667,315.0,"12,13,14,15,16,17,18,19,20,21,22,23,24,25,26,27,28,29,30,31,32,33,34,35,36,37,38"
6027,8,H8,Tornada,7,Josep Soldevila - Torrent Estadella,3309,13:59:47,59.78,1.1500000000666666,69.0,"13,14,15,16,17,18,19,20,21,22,23,24,25,26,27,28,29,30,31,32,33,34,35,36,37,38"
6034,10,H8,Tornada,7,Josep Soldevila - Torrent Estadella,3309,14:20:56,20.93,21.1666666666,1270.0,"2,13,14,15,16,17,18,19,20,21,22,23,24,25,26,27,28,29,30,31,32,33,34,35,36,37,38"
6406,10,H8,Tornada,7,Josep Soldevila - Torrent Estadella,3309,14:27:41,27.68,6.733333333366667,404.0,"13,14,15,16,17,18,19,20,21,22,23,24,25,26,27,28,29,30,31,32,33,34,35,36,37,38"
6408,10,H8,Tornada,7,Josep Soldevila - Torrent Estadella,3309,14:38:53,38.88,11.200000000033333,672.0,"13,14,15,16,17,18,19,20,21,22,23,24,25,26,27,28,29,30,31,32,33,34,35,36,37,38"
6215,10,H8,Tornada,7,Josep Soldevila - Torrent Estadella,3309,14:49:44,49.73,10.85,651.0,"13,14,15,16,17,18,19,20,21,22,23,24,25,26,27,28,29,30,31,32,33,34,35,36,37,38"
6409,11,H8,Tornada,7,Josep Soldevila - Torrent Estadella,3309,15:01:15,1.25,11.516666666633334,691.0,"13,14,15,16,17,18,19,20,21,22,23,24,25,26,27,28,29,30,31,32,33,34,35,36,37,38"
6075,3,H8,Tornada,7,Josep Soldevila - Torrent Estadella,3309,15:08:36,8.6,7.366666666633334,442.0,"13,14,15,16,17,18,19,20,21,22,23,24,25,26,27,28,29,30,31,32,33,34,35,36,37,38"
6217,6,H8,Tornada,7,Josep Soldevila - Torrent Estadella,3309,15:10:47,10.78,2.183333333333333,131.0,"12,13,14,15,16,17,18,19,20,21,22,23,24,25,26,27,28,29,30,31,32,33,34,35,36,37,38"
6411,12,H8,Tornada,7,Josep Soldevila - Torrent Estadella,3309,15:20:14,20.23,9.433333333399998,566.0,"13,14,15,16,17,18,19,20,21,22,23,24,25,26,27,28,29,30,31,32,33,34,35,36,37,38"
6407,10,H8,Tornada,7,Josep Soldevila - Torrent Estadella,3309,15:40:45,40.75,20.53333333326667,1232.0,"1,2,3,10,11,12,13,15,16,17,18,19,20,21,22,23,24,25,26,27,28,29,30,31,32,33,34,35,36,37,38"
6036,1,H8,Tornada,7,Josep Soldevila - Torrent Estadella,3309,15:51:46,51.77,11.000000000066667,660.0,"13,14,15,16,17,18,19,20,21,22,23,24,25,26,27,28,29,30,31,32,33,34,35,36,37,38"
6100,12,H8,Tornada,7,Josep Soldevila - Torrent Estadella,3309,15:54:33,54.55,2.7833333333,167.0,"13,14,15,16,17,18,19,20,21,22,23,24,25,26,27,28,29,30,31,32,33,34,35,36,37,38"
6415,12,H8,Tornada,7,Josep Soldevila - Torrent Estadella,3309,16:01:08,1.13,6.583333333366666,395.0,"13,14,15,16,17,18,19,20,21,22,23,24,25,26,27,28,29,30,31,32,33,34,35,36,37,38"
6028,10,H8,Tornada,7,Josep Soldevila - Torrent Estadella,3309,16:09:04,9.07,7.9333333333,476.0,"13,14,15,16,17,18,19,20,21,22,23,24,25,26,27,28,29,30,31,32,33,34,35,36,37,38"
6802,10,H8,Tornada,7,Josep Soldevila - Torrent Estadella,3309,16:23:47,23.78,14.716666666666667,883.0,"13,14,15,16,17,18,19,20,21,22,23,24,25,26,27,28,29,30,31,32,33,34,35,36,37,38"
6201,1,H8,Tornada,7,Josep Soldevila - Torrent Estadella,3309,16:30:19,30.32,6.533333333333333,392.0,"13,14,15,16,17,18,19,20,21,22,23,24,25,26,27,28,29,30,31,32,33,34,35,36,37,38"
6211,13,H8,Tornada,7,Josep Soldevila - Torrent Estadella,3309,16:34:34,34.57,4.250000000033333,255.0,"13,14,15,16,17,18,19,20,21,22,23,24,25,26,27,28,29,30,31,32,33,34,35,36,37,38"
6217,7,H8,Tornada,7,Josep Soldevila - Torrent Estadella,3309,16:43:00,43.0,8.4333333333,506.0,"13,14,15,16,17,18,19,20,21,22,23,24,25,26,27,28,29,30,31,32,33,34,35,36,37,38"
6800,5,H8,Tornada,7,Josep Soldevila - Torrent Estadella,3309,16:48:24,48.4,5.400000000033333,324.0,"13,14,15,16,17,18,19,20,21,22,23,24,25,26,27,28,29,30,31,32,33,34,35,36,37,38"
6402,13,H8,Tornada,7,Josep Soldevila - Torrent Estadella,3309,16:57:47,57.78,9.3833333333,563.0,"4,5,6,13,14,15,16,17,18,19,20,21,22,23,24,25,26,27,28,29,30,31,32,33,34,35,36,37,38"
6027,11,H8,Tornada,7,Josep Soldevila - Torrent Estadella,3309,17:08:20,8.33,10.550000000033332,633.0,"8,13,14,15,16,17,18,19,20,21,22,23,24,25,26,27,28,29,30,31,32,33,34,35,36,37,38"
6213,13,H8,Tornada,7,Josep Soldevila - Torrent Estadella,3309,17:12:43,12.72,4.383333333333334,263.0,"1,2,13,14,15,16,17,18,19,20,21,22,23,24,25,26,27,28,29,30,31,32,33,34,35,36,37,38"
6034,13,H8,Tornada,7,Josep Soldevila - Torrent Estadella,3309,17:24:20,24.33,11.616666666666667,697.0,"13,14,15,16,17,18,19,20,21,22,23,24,25,26,27,28,29,30,31,32,33,34,35,36,37,38"
6406,13,H8,Tornada,7,Josep Soldevila - Torrent Estadella,3309,17:33:17,33.28,8.9666666666,538.0,"13,14,15,16,17,18,19,20,21,22,23,24,25,26,27,28,29,30,31,32,33,34,35,36,37,38"
6408,13,H8,Tornada,7,Josep Soldevila - Torrent Estadella,3309,17:43:55,43.92,10.633333333333333,638.0,"3,13,14,15,16,17,18,19,20,21,22,23,24,25,26,27,28,29,30,31,32,33,34,35,36,37,38"
6215,13,H8,Tornada,7,Josep Soldevila - Torrent Estadella,3309,17:54:41,54.68,10.766666666666667,646.0,"13,14,15,16,17,18,19,20,21,22,23,24,25,26,27,28,29,30,31,32,33,34,35,36,37,38"
6075,6,H8,Tornada,7,Josep Soldevila - Torrent Estadella,3309,18:09:58,9.97,15.266666666733332,916.0,"1,2,13,14,15,16,17,18,19,20,21,22,23,24,25,26,27,28,29,30,31,32,33,34,35,36,37,38"
6411,15,H8,Tornada,7,Josep Soldevila - Torrent Estadella,3309,18:23:41,23.68,13.716666666633333,823.0,"13,14,15,16,17,18,19,20,21,22,23,24,25,26,27,28,29,30,31,32,33,34,35,36,37,38"
6036,4,H8,Tornada,7,Josep Soldevila - Torrent Estadella,3309,18:33:30,33.5,9.816666666666666,589.0,"13,14,15,16,17,18,19,20,21,22,23,24,25,26,27,28,29,30,31,32,33,34,35,36,37,38"
6117,1,H8,Tornada,7,Josep Soldevila - Torrent Estadella,3309,18:44:53,44.88,11.399999999966667,684.0,"1,2,13,14,15,16,17,18,19,20,21,22,23,24,25,26,27,28,29,30,31,32,33,34,35,36,37,38"
6415,15,H8,Tornada,7,Josep Soldevila - Torrent Estadella,3309,18:55:17,55.28,10.383333333366666,623.0,"13,14,15,16,17,18,19,20,21,22,23,24,25,26,27,28,29,30,31,32,33,34,35,36,37,38"
6028,13,H8,Tornada,7,Josep Soldevila - Torrent Estadella,3309,19:03:36,3.6,8.316666666666666,499.0,"13,14,15,16,17,18,19,20,21,22,23,24,25,26,27,28,29,30,31,32,33,34,35,36,37,38"
6211,16,H8,Tornada,7,Josep Soldevila - Torrent Estadella,3309,19:20:52,20.87,17.2666666667,1036.0,"13,14,15,16,17,18,19,20,21,22,23,24,25,26,27,28,29,30,31,32,33,34,35,36,37,38"
6217,10,H8,Tornada,7,Josep Soldevila - Torrent Estadella,3309,19:28:34,28.57,7.7166666666,463.0,"13,14,15,16,17,18,19,20,21,22,23,24,25,26,27,28,29,30,31,32,33,34,35,36,37,38"
6800,8,H8,Tornada,7,Josep Soldevila - Torrent Estadella,3309,19:37:51,37.85,9.283333333333333,557.0,"13,14,15,16,17,18,19,20,21,22,23,24,25,26,27,28,29,30,31,32,33,34,35,36,37,38"
6402,16,H8,Tornada,7,Josep Soldevila - Torrent Estadella,3309,19:48:21,48.35,10.4833333334,629.0,"13,14,15,16,17,18,19,20,21,22,23,24,25,26,27,28,29,30,31,32,33,34,35,36,37,38"
6213,16,H8,Tornada,7,Josep Soldevila - Torrent Estadella,3309,19:58:49,58.82,10.483333333266668,629.0,"13,14,15,16,17,18,19,20,21,22,23,24,25,26,27,28,29,30,31,32,33,34,35,36,37,38"
6034,16,H8,Tornada,7,Josep Soldevila - Torrent Estadella,3309,20:06:50,6.83,8.000000000033333,480.0,"13,14,15,16,17,18,19,20,21,22,23,24,25,26,27,28,29,30,31,32,33,34,35,36,37,38"
6408,16,H8,Tornada,7,Josep Soldevila - Torrent Estadella,3309,20:23:13,23.22,16.399999999966667,984.0,"13,14,15,16,17,18,19,20,21,22,23,24,25,26,27,28,29,30,31,32,33,34,35,36,37,38"
6409,16,H8,Tornada,7,Josep Soldevila - Torrent Estadella,3309,20:38:13,38.22,15.0,900.0,"13,14,15,16,17,18,19,20,21,22,23,24,25,26,27,28,29,30,31,32,33,34,35,36,37,38"
6411,17,H8,Tornada,7,Josep Soldevila - Torrent Estadella,3309,21:00:25,0.42,22.1833333334,1331.0,"13,14,15,16,17,18,19,20,21,22,23,24,25,26,27,28,29,30,31,32,33,34,35,36,37,38"
6117,4,H8,Tornada,7,Josep Soldevila - Torrent Estadella,3309,21:19:35,19.58,19.166666666633333,1150.0,"13,14,15,16,17,18,19,20,21,22,23,24,25,26,27,28,29,30,31,32,33,34,35,36,37,38"
6415,18,H8,Tornada,7,Josep Soldevila - Torrent Estadella,3309,21:32:09,32.15,12.5833333333,755.0,"13,14,15,16,17,18,19,20,21,22,23,24,25,26,27,28,29,30,31,32,33,34,35,36,37,38"
6411,1,H8,Tornada,8,Josep Soldevila - Onze de Setembre,3310,03:42:51,42.85,,,"1,13,14,15,16,17,18,19,20,21,22,23,24,25,26,27,28,29,30,31,32,33,34,35,36,37,38"
6100,1,H8,Tornada,8,Josep Soldevila - Onze de Setembre,3310,03:58:44,58.73,15.8833333333,953.0,"13,14,15,16,17,18,19,20,21,22,23,24,25,26,27,28,29,30,31,32,33,34,35,36,37,38"
6415,1,H8,Tornada,8,Josep Soldevila - Onze de Setembre,3310,04:12:20,12.33,13.600000000016667,816.0,"13,14,15,16,17,18,19,20,21,22,23,24,25,26,27,28,29,30,31,32,33,34,35,36,37,38"
6209,1,H8,Tornada,8,Josep Soldevila - Onze de Setembre,3310,04:29:38,29.63,17.300000000016666,1038.0,"13,14,15,16,17,18,19,20,21,22,23,24,25,26,27,28,29,30,31,32,33,34,35,36,37,38"
6211,1,H8,Tornada,8,Josep Soldevila - Onze de Setembre,3310,04:38:31,38.52,8.8833333333,533.0,"13,14,15,16,17,18,19,20,21,22,23,24,25,26,27,28,29,30,31,32,33,34,35,36,37,38"
6401,1,H8,Tornada,8,Josep Soldevila - Onze de Setembre,3310,04:51:44,51.73,13.233333333300001,794.0,"13,14,15,16,17,18,19,20,21,22,23,24,25,26,27,28,29,30,31,32,33,34,35,36,37,38"
6402,1,H8,Tornada,8,Josep Soldevila - Onze de Setembre,3310,04:59:35,59.58,7.833333333366666,470.0,"13,14,15,16,17,18,19,20,21,22,23,24,25,26,27,28,29,30,31,32,33,34,35,36,37,38"
6213,1,H8,Tornada,8,Josep Soldevila - Onze de Setembre,3310,05:11:27,11.45,11.8666666667,712.0,"13,14,15,16,17,18,19,20,21,22,23,24,25,26,27,28,29,30,31,32,33,34,35,36,37,38"
6406,1,H8,Tornada,8,Josep Soldevila - Onze de Setembre,3310,05:25:37,25.62,14.166666666666666,850.0,"1,13,14,15,16,17,18,19,20,21,22,23,24,25,26,27,28,29,30,31,32,33,34,35,36,37,38"
6110,1,H8,Tornada,8,Josep Soldevila - Onze de Setembre,3310,05:37:37,37.62,11.999999999966667,720.0,"13,14,15,16,17,18,19,20,21,22,23,24,25,26,27,28,29,30,31,32,33,34,35,36,37,38"
6408,1,H8,Tornada,8,Josep Soldevila - Onze de Setembre,3310,05:46:49,46.82,9.2,552.0,"13,14,15,16,17,18,19,20,21,22,23,24,25,26,27,28,29,30,31,32,33,34,35,36,37,38"
6215,1,H8,Tornada,8,Josep Soldevila - Onze de Setembre,3310,05:56:36,56.6,9.783333333333333,587.0,"13,14,15,16,17,18,19,20,21,22,23,24,25,26,27,28,29,30,31,32,33,34,35,36,37,38"
6409,2,H8,Tornada,8,Josep Soldevila - Onze de Setembre,3310,06:06:50,6.83,10.233333333333333,614.0,"13,14,15,16,17,18,19,20,21,22,23,24,25,26,27,28,29,30,31,32,33,34,35,36,37,38"
6217,1,H8,Tornada,8,Josep Soldevila - Onze de Setembre,3310,06:13:58,13.97,7.149999999966667,429.0,"13,14,15,16,17,18,19,20,21,22,23,24,25,26,27,28,29,30,31,32,33,34,35,36,37,38"
6411,3,H8,Tornada,8,Josep Soldevila - Onze de Setembre,3310,06:24:21,24.35,10.383333333333333,623.0,"13,14,15,16,17,18,19,20,21,22,23,24,25,26,27,28,29,30,31,32,33,34,35,36,37,38"
6407,1,H8,Tornada,8,Josep Soldevila - Onze de Setembre,3310,06:33:52,33.87,9.500000000066667,570.0,"13,14,15,16,17,18,19,20,21,22,23,24,25,26,27,28,29,30,31,32,33,34,35,36,37,38"
6204,1,H8,Tornada,8,Josep Soldevila - Onze de Setembre,3310,06:42:25,42.42,8.549999999966667,513.0,"13,14,15,16,17,18,19,20,21,22,23,24,25,26,27,28,29,30,31,32,33,34,35,36,37,38"
6100,4,H8,Tornada,8,Josep Soldevila - Onze de Setembre,3310,06:52:12,52.2,9.783333333333333,587.0,"13,14,15,16,17,18,19,20,21,22,23,24,25,26,27,28,29,30,31,32,33,34,35,36,37,38"
6415,3,H8,Tornada,8,Josep Soldevila - Onze de Setembre,3310,07:00:58,0.97,8.766666666666667,526.0,"13,14,15,16,17,18,19,20,21,22,23,24,25,26,27,28,29,30,31,32,33,34,35,36,37,38"
6028,1,H8,Tornada,8,Josep Soldevila - Onze de Setembre,3310,07:13:12,13.2,12.233333333333333,734.0,"13,14,15,16,17,18,19,20,21,22,23,24,25,26,27,28,29,30,31,32,33,34,35,36,37,38"
6802,1,H8,Tornada,8,Josep Soldevila - Onze de Setembre,3310,07:20:10,20.17,6.966666666699999,418.0,"13,14,15,16,17,18,19,20,21,22,23,24,25,26,27,28,29,30,31,32,33,34,35,36,37,38"
6209,4,H8,Tornada,8,Josep Soldevila - Onze de Setembre,3310,07:29:30,29.5,9.333333333333334,560.0,"13,14,15,16,17,18,19,20,21,22,23,24,25,26,27,28,29,30,31,32,33,34,35,36,37,38"
6211,4,H8,Tornada,8,Josep Soldevila - Onze de Setembre,3310,07:39:12,39.2,9.7166666666,583.0,"13,14,15,16,17,18,19,20,21,22,23,24,25,26,27,28,29,30,31,32,33,34,35,36,37,38"
6401,3,H8,Tornada,8,Josep Soldevila - Onze de Setembre,3310,07:47:45,47.75,8.55,513.0,"9,10,11,12,13,14,15,16,17,18,19,20,21,22,23,24,25,26,27,28,29,30,31,32,33,34,35,36,37,38"
6402,4,H8,Tornada,8,Josep Soldevila - Onze de Setembre,3310,07:55:47,55.78,8.016666666699999,481.0,"13,14,15,16,17,18,19,20,21,22,23,24,25,26,27,28,29,30,31,32,33,34,35,36,37,38"
6027,2,H8,Tornada,8,Josep Soldevila - Onze de Setembre,3310,08:01:43,1.72,5.949999999966667,357.0,"13,14,15,16,17,18,19,20,21,22,23,24,25,26,27,28,29,30,31,32,33,34,35,36,37,38"
6213,4,H8,Tornada,8,Josep Soldevila - Onze de Setembre,3310,08:10:05,10.08,8.350000000066666,501.0,"13,14,15,16,17,18,19,20,21,22,23,24,25,26,27,28,29,30,31,32,33,34,35,36,37,38"
6034,4,H8,Tornada,8,Josep Soldevila - Onze de Setembre,3310,08:19:22,19.37,9.2833333333,557.0,"13,14,15,16,17,18,19,20,21,22,23,24,25,26,27,28,29,30,31,32,33,34,35,36,37,38"
6406,4,H8,Tornada,8,Josep Soldevila - Onze de Setembre,3310,08:29:02,29.03,9.666666666666666,580.0,"3,4,5,6,13,14,15,16,17,18,19,20,21,22,23,24,25,26,27,28,29,30,31,32,33,34,35,36,37,38"
6110,4,H8,Tornada,8,Josep Soldevila - Onze de Setembre,3310,08:38:09,38.15,9.116666666666667,547.0,"13,14,15,16,17,18,19,20,21,22,23,24,25,26,27,28,29,30,31,32,33,34,35,36,37,38"
6408,4,H8,Tornada,8,Josep Soldevila - Onze de Setembre,3310,08:45:49,45.82,7.666666666699999,460.0,"2,13,14,15,16,17,18,19,20,21,22,23,24,25,26,27,28,29,30,31,32,33,34,35,36,37,38"
6215,4,H8,Tornada,8,Josep Soldevila - Onze de Setembre,3310,08:59:25,59.42,13.6166666666,817.0,"13,14,15,16,17,18,19,20,21,22,23,24,25,26,27,28,29,30,31,32,33,34,35,36,37,38"
6409,5,H8,Tornada,8,Josep Soldevila - Onze de Setembre,3310,09:05:46,5.77,6.333333333400001,380.0,"13,14,15,16,17,18,19,20,21,22,23,24,25,26,27,28,29,30,31,32,33,34,35,36,37,38"
6217,4,H8,Tornada,8,Josep Soldevila - Onze de Setembre,3310,09:18:57,18.95,13.1833333333,791.0,"13,14,15,16,17,18,19,20,21,22,23,24,25,26,27,28,29,30,31,32,33,34,35,36,37,38"
6411,6,H8,Tornada,8,Josep Soldevila - Onze de Setembre,3310,09:24:42,24.7,5.766666666633333,346.0,"13,14,15,16,17,18,19,20,21,22,23,24,25,26,27,28,29,30,31,32,33,34,35,36,37,38"
6407,4,H8,Tornada,8,Josep Soldevila - Onze de Setembre,3310,09:39:56,39.93,15.2166666667,913.0,"13,14,15,16,17,18,19,20,21,22,23,24,25,26,27,28,29,30,31,32,33,34,35,36,37,38"
6100,6,H8,Tornada,8,Josep Soldevila - Onze de Setembre,3310,09:44:40,44.67,4.749999999966667,285.0,"13,14,15,16,17,18,19,20,21,22,23,24,25,26,27,28,29,30,31,32,33,34,35,36,37,38"
6415,6,H8,Tornada,8,Josep Soldevila - Onze de Setembre,3310,09:58:20,58.33,13.45,807.0,"13,14,15,16,17,18,19,20,21,22,23,24,25,26,27,28,29,30,31,32,33,34,35,36,37,38"
6028,4,H8,Tornada,8,Josep Soldevila - Onze de Setembre,3310,10:05:50,5.83,7.5,450.0,"5,6,13,14,15,16,17,18,19,20,21,22,23,24,25,26,27,28,29,30,31,32,33,34,35,36,37,38"
6802,4,H8,Tornada,8,Josep Soldevila - Onze de Setembre,3310,10:23:53,23.88,18.033333333383332,1082.0,"13,14,15,16,17,18,19,20,21,22,23,24,25,26,27,28,29,30,31,32,33,34,35,36,37,38"
6209,7,H8,Tornada,8,Josep Soldevila - Onze de Setembre,3310,10:33:39,33.65,9.76666666665,586.0,"13,14,15,16,17,18,19,20,21,22,23,24,25,26,27,28,29,30,31,32,33,34,35,36,37,38"
6211,7,H8,Tornada,8,Josep Soldevila - Onze de Setembre,3310,10:40:05,40.08,6.449999999966667,387.0,"13,14,15,16,17,18,19,20,21,22,23,24,25,26,27,28,29,30,31,32,33,34,35,36,37,38"
6402,7,H8,Tornada,8,Josep Soldevila - Onze de Setembre,3310,10:59:18,59.3,19.200000000066666,1152.0,"1,2,13,14,15,16,17,18,19,20,21,22,23,24,25,26,27,28,29,30,31,32,33,34,35,36,37,38"
6027,5,H8,Tornada,8,Josep Soldevila - Onze de Setembre,3310,11:08:05,8.08,8.799999999933334,528.0,"13,14,15,16,17,18,19,20,21,22,23,24,25,26,27,28,29,30,31,32,33,34,35,36,37,38"
6213,7,H8,Tornada,8,Josep Soldevila - Onze de Setembre,3310,11:21:23,21.38,13.299999999983333,798.0,"13,14,15,16,17,18,19,20,21,22,23,24,25,26,27,28,29,30,31,32,33,34,35,36,37,38"
6034,7,H8,Tornada,8,Josep Soldevila - Onze de Setembre,3310,11:26:23,26.38,4.983333333416667,299.0,"1,2,13,14,15,16,17,18,19,20,21,22,23,24,25,26,27,28,29,30,31,32,33,34,35,36,37,38"
6406,7,H8,Tornada,8,Josep Soldevila - Onze de Setembre,3310,11:35:43,35.72,9.349999999933335,561.0,"13,14,15,16,17,18,19,20,21,22,23,24,25,26,27,28,29,30,31,32,33,34,35,36,37,38"
6408,7,H8,Tornada,8,Josep Soldevila - Onze de Setembre,3310,11:44:49,44.82,9.1,546.0,"13,14,15,16,17,18,19,20,21,22,23,24,25,26,27,28,29,30,31,32,33,34,35,36,37,38"
6215,7,H8,Tornada,8,Josep Soldevila - Onze de Setembre,3310,11:54:05,54.08,9.266666666666667,556.0,"13,14,15,16,17,18,19,20,21,22,23,24,25,26,27,28,29,30,31,32,33,34,35,36,37,38"
6409,8,H8,Tornada,8,Josep Soldevila - Onze de Setembre,3310,12:05:37,5.62,11.516666666699999,691.0,"13,14,15,16,17,18,19,20,21,22,23,24,25,26,27,28,29,30,31,32,33,34,35,36,37,38"
6411,9,H8,Tornada,8,Josep Soldevila - Onze de Setembre,3310,12:25:33,25.55,19.933333333333334,1196.0,"1,2,13,14,15,16,17,18,19,20,21,22,23,24,25,26,27,28,29,30,31,32,33,34,35,36,37,38"
6407,7,H8,Tornada,8,Josep Soldevila - Onze de Setembre,3310,12:37:14,37.23,11.683333333333334,701.0,"13,14,15,16,17,18,19,20,21,22,23,24,25,26,27,28,29,30,31,32,33,34,35,36,37,38"
6100,9,H8,Tornada,8,Josep Soldevila - Onze de Setembre,3310,12:49:45,49.75,12.516666666666667,751.0,"13,14,15,16,17,18,19,20,21,22,23,24,25,26,27,28,29,30,31,32,33,34,35,36,37,38"
6415,9,H8,Tornada,8,Josep Soldevila - Onze de Setembre,3310,13:02:27,2.45,12.716666666633333,763.0,"13,14,15,16,17,18,19,20,21,22,23,24,25,26,27,28,29,30,31,32,33,34,35,36,37,38"
6028,7,H8,Tornada,8,Josep Soldevila - Onze de Setembre,3310,13:10:52,10.87,8.416666666666666,505.0,"13,14,15,16,17,18,19,20,21,22,23,24,25,26,27,28,29,30,31,32,33,34,35,36,37,38"
6802,7,H8,Tornada,8,Josep Soldevila - Onze de Setembre,3310,13:22:05,22.08,11.200000000033333,672.0,"1,2,13,14,15,16,17,18,19,20,21,22,23,24,25,26,27,28,29,30,31,32,33,34,35,36,37,38"
6211,10,H8,Tornada,8,Josep Soldevila - Onze de Setembre,3310,13:33:46,33.77,11.683333333366667,701.0,"13,14,15,16,17,18,19,20,21,22,23,24,25,26,27,28,29,30,31,32,33,34,35,36,37,38"
6800,2,H8,Tornada,8,Josep Soldevila - Onze de Setembre,3310,13:41:39,41.65,7.8833333333,473.0,"13,14,15,16,17,18,19,20,21,22,23,24,25,26,27,28,29,30,31,32,33,34,35,36,37,38"
6213,10,H8,Tornada,8,Josep Soldevila - Onze de Setembre,3310,13:54:34,54.57,12.916666666666666,775.0,"1,2,13,14,15,16,17,18,19,20,21,22,23,24,25,26,27,28,29,30,31,32,33,34,35,36,37,38"
6402,10,H8,Tornada,8,Josep Soldevila - Onze de Setembre,3310,14:00:09,0.15,5.583333333333333,335.0,"12,13,14,15,16,17,18,19,20,21,22,23,24,25,26,27,28,29,30,31,32,33,34,35,36,37,38"
6034,10,H8,Tornada,8,Josep Soldevila - Onze de Setembre,3310,14:22:51,22.85,22.333333333333332,1340.0,"2,13,14,15,16,17,18,19,20,21,22,23,24,25,26,27,28,29,30,31,32,33,34,35,36,37,38"
6406,10,H8,Tornada,8,Josep Soldevila - Onze de Setembre,3310,14:29:18,29.3,6.45,387.0,"13,14,15,16,17,18,19,20,21,22,23,24,25,26,27,28,29,30,31,32,33,34,35,36,37,38"
6408,10,H8,Tornada,8,Josep Soldevila - Onze de Setembre,3310,14:40:43,40.72,11.400000000066665,684.0,"13,14,15,16,17,18,19,20,21,22,23,24,25,26,27,28,29,30,31,32,33,34,35,36,37,38"
6215,10,H8,Tornada,8,Josep Soldevila - Onze de Setembre,3310,14:50:58,50.97,10.2666666666,616.0,"13,14,15,16,17,18,19,20,21,22,23,24,25,26,27,28,29,30,31,32,33,34,35,36,37,38"
6409,11,H8,Tornada,8,Josep Soldevila - Onze de Setembre,3310,15:03:23,3.38,12.400000000066665,744.0,"13,14,15,16,17,18,19,20,21,22,23,24,25,26,27,28,29,30,31,32,33,34,35,36,37,38"
6075,3,H8,Tornada,8,Josep Soldevila - Onze de Setembre,3310,15:10:46,10.77,7.399999999933333,444.0,"13,14,15,16,17,18,19,20,21,22,23,24,25,26,27,28,29,30,31,32,33,34,35,36,37,38"
6217,6,H8,Tornada,8,Josep Soldevila - Onze de Setembre,3310,15:12:37,12.62,1.8333333333666666,110.0,"12,13,14,15,16,17,18,19,20,21,22,23,24,25,26,27,28,29,30,31,32,33,34,35,36,37,38"
6411,12,H8,Tornada,8,Josep Soldevila - Onze de Setembre,3310,15:21:57,21.95,9.333333333366665,560.0,"13,14,15,16,17,18,19,20,21,22,23,24,25,26,27,28,29,30,31,32,33,34,35,36,37,38"
6407,10,H8,Tornada,8,Josep Soldevila - Onze de Setembre,3310,15:42:42,42.7,20.7666666666,1246.0,"1,2,3,10,11,12,13,15,16,17,18,19,20,21,22,23,24,25,26,27,28,29,30,31,32,33,34,35,36,37,38"
6036,1,H8,Tornada,8,Josep Soldevila - Onze de Setembre,3310,15:53:51,53.85,11.133333333366666,668.0,"13,14,15,16,17,18,19,20,21,22,23,24,25,26,27,28,29,30,31,32,33,34,35,36,37,38"
6100,12,H8,Tornada,8,Josep Soldevila - Onze de Setembre,3310,15:56:16,56.27,2.4166666667000003,145.0,"13,14,15,16,17,18,19,20,21,22,23,24,25,26,27,28,29,30,31,32,33,34,35,36,37,38"
6415,12,H8,Tornada,8,Josep Soldevila - Onze de Setembre,3310,16:02:54,2.9,6.649999999933333,399.0,"13,14,15,16,17,18,19,20,21,22,23,24,25,26,27,28,29,30,31,32,33,34,35,36,37,38"
6028,10,H8,Tornada,8,Josep Soldevila - Onze de Setembre,3310,16:10:24,10.4,7.4833333334,449.0,"13,14,15,16,17,18,19,20,21,22,23,24,25,26,27,28,29,30,31,32,33,34,35,36,37,38"
6802,10,H8,Tornada,8,Josep Soldevila - Onze de Setembre,3310,16:25:08,25.13,14.749999999933333,885.0,"13,14,15,16,17,18,19,20,21,22,23,24,25,26,27,28,29,30,31,32,33,34,35,36,37,38"
6201,1,H8,Tornada,8,Josep Soldevila - Onze de Setembre,3310,16:31:36,31.6,6.450000000033333,387.0,"13,14,15,16,17,18,19,20,21,22,23,24,25,26,27,28,29,30,31,32,33,34,35,36,37,38"
6211,13,H8,Tornada,8,Josep Soldevila - Onze de Setembre,3310,16:35:24,35.4,3.8,228.0,"13,14,15,16,17,18,19,20,21,22,23,24,25,26,27,28,29,30,31,32,33,34,35,36,37,38"
6217,7,H8,Tornada,8,Josep Soldevila - Onze de Setembre,3310,16:44:32,44.53,9.133333333366666,548.0,"13,14,15,16,17,18,19,20,21,22,23,24,25,26,27,28,29,30,31,32,33,34,35,36,37,38"
6800,5,H8,Tornada,8,Josep Soldevila - Onze de Setembre,3310,16:49:01,49.02,4.499999999933333,270.0,"13,14,15,16,17,18,19,20,21,22,23,24,25,26,27,28,29,30,31,32,33,34,35,36,37,38"
6402,13,H8,Tornada,8,Josep Soldevila - Onze de Setembre,3310,17:00:02,0.03,11.016666666666667,661.0,"4,5,6,13,14,15,16,17,18,19,20,21,22,23,24,25,26,27,28,29,30,31,32,33,34,35,36,37,38"
6213,13,H8,Tornada,8,Josep Soldevila - Onze de Setembre,3310,17:14:10,14.17,14.133333333333333,848.0,"1,2,13,14,15,16,17,18,19,20,21,22,23,24,25,26,27,28,29,30,31,32,33,34,35,36,37,38"
6034,13,H8,Tornada,8,Josep Soldevila - Onze de Setembre,3310,17:25:48,25.8,11.6166666667,697.0,"13,14,15,16,17,18,19,20,21,22,23,24,25,26,27,28,29,30,31,32,33,34,35,36,37,38"
6406,13,H8,Tornada,8,Josep Soldevila - Onze de Setembre,3310,17:34:57,34.95,9.15,549.0,"13,14,15,16,17,18,19,20,21,22,23,24,25,26,27,28,29,30,31,32,33,34,35,36,37,38"
6408,13,H8,Tornada,8,Josep Soldevila - Onze de Setembre,3310,17:45:34,45.57,10.616666666666667,637.0,"3,13,14,15,16,17,18,19,20,21,22,23,24,25,26,27,28,29,30,31,32,33,34,35,36,37,38"
6215,13,H8,Tornada,8,Josep Soldevila - Onze de Setembre,3310,17:56:16,56.27,10.7,642.0,"13,14,15,16,17,18,19,20,21,22,23,24,25,26,27,28,29,30,31,32,33,34,35,36,37,38"
6409,14,H8,Tornada,8,Josep Soldevila - Onze de Setembre,3310,18:05:20,5.33,9.0833333333,545.0,"1,2,3,4,5,6,7,13,14,15,16,17,18,19,20,21,22,23,24,25,26,27,28,29,30,31,32,33,34,35,36,37,38"
6075,6,H8,Tornada,8,Josep Soldevila - Onze de Setembre,3310,18:12:49,12.82,7.4666666667333335,448.0,"1,2,13,14,15,16,17,18,19,20,21,22,23,24,25,26,27,28,29,30,31,32,33,34,35,36,37,38"
6411,15,H8,Tornada,8,Josep Soldevila - Onze de Setembre,3310,18:24:40,24.67,11.85,711.0,"13,14,15,16,17,18,19,20,21,22,23,24,25,26,27,28,29,30,31,32,33,34,35,36,37,38"
6036,4,H8,Tornada,8,Josep Soldevila - Onze de Setembre,3310,18:34:52,34.87,10.199999999966668,612.0,"13,14,15,16,17,18,19,20,21,22,23,24,25,26,27,28,29,30,31,32,33,34,35,36,37,38"
6117,1,H8,Tornada,8,Josep Soldevila - Onze de Setembre,3310,18:47:21,47.35,12.499999999966667,750.0,"1,2,13,14,15,16,17,18,19,20,21,22,23,24,25,26,27,28,29,30,31,32,33,34,35,36,37,38"
6415,15,H8,Tornada,8,Josep Soldevila - Onze de Setembre,3310,18:56:37,56.62,9.266666666666667,556.0,"13,14,15,16,17,18,19,20,21,22,23,24,25,26,27,28,29,30,31,32,33,34,35,36,37,38"
6028,13,H8,Tornada,8,Josep Soldevila - Onze de Setembre,3310,19:04:53,4.88,8.250000000066667,495.0,"13,14,15,16,17,18,19,20,21,22,23,24,25,26,27,28,29,30,31,32,33,34,35,36,37,38"
6211,16,H8,Tornada,8,Josep Soldevila - Onze de Setembre,3310,19:22:52,22.87,17.983333333333334,1079.0,"13,14,15,16,17,18,19,20,21,22,23,24,25,26,27,28,29,30,31,32,33,34,35,36,37,38"
6217,10,H8,Tornada,8,Josep Soldevila - Onze de Setembre,3310,19:30:20,30.33,7.466666666666667,448.0,"13,14,15,16,17,18,19,20,21,22,23,24,25,26,27,28,29,30,31,32,33,34,35,36,37,38"
6800,8,H8,Tornada,8,Josep Soldevila - Onze de Setembre,3310,19:38:59,38.98,8.666666666600001,520.0,"13,14,15,16,17,18,19,20,21,22,23,24,25,26,27,28,29,30,31,32,33,34,35,36,37,38"
6402,16,H8,Tornada,8,Josep Soldevila - Onze de Setembre,3310,19:49:46,49.77,10.766666666716667,646.0,"13,14,15,16,17,18,19,20,21,22,23,24,25,26,27,28,29,30,31,32,33,34,35,36,37,38"
6213,16,H8,Tornada,8,Josep Soldevila - Onze de Setembre,3310,19:59:56,59.93,10.16666666665,610.0,"13,14,15,16,17,18,19,20,21,22,23,24,25,26,27,28,29,30,31,32,33,34,35,36,37,38"
6034,16,H8,Tornada,8,Josep Soldevila - Onze de Setembre,3310,20:08:00,8.0,8.0833333333,485.0,"13,14,15,16,17,18,19,20,21,22,23,24,25,26,27,28,29,30,31,32,33,34,35,36,37,38"
6408,16,H8,Tornada,8,Josep Soldevila - Onze de Setembre,3310,20:24:24,24.4,16.383333333366668,983.0,"13,14,15,16,17,18,19,20,21,22,23,24,25,26,27,28,29,30,31,32,33,34,35,36,37,38"
6409,16,H8,Tornada,8,Josep Soldevila - Onze de Setembre,3310,20:39:07,39.12,14.733333333300001,884.0,"13,14,15,16,17,18,19,20,21,22,23,24,25,26,27,28,29,30,31,32,33,34,35,36,37,38"
6411,17,H8,Tornada,8,Josep Soldevila - Onze de Setembre,3310,21:01:24,1.4,22.2666666667,1336.0,"13,14,15,16,17,18,19,20,21,22,23,24,25,26,27,28,29,30,31,32,33,34,35,36,37,38"
6117,4,H8,Tornada,8,Josep Soldevila - Onze de Setembre,3310,21:20:16,20.27,18.8666666667,1132.0,"13,14,15,16,17,18,19,20,21,22,23,24,25,26,27,28,29,30,31,32,33,34,35,36,37,38"
6415,18,H8,Tornada,8,Josep Soldevila - Onze de Setembre,3310,21:34:07,34.12,13.8666666666,832.0,"13,14,15,16,17,18,19,20,21,22,23,24,25,26,27,28,29,30,31,32,33,34,35,36,37,38"
6411,1,H8,Tornada,9,Onze de Setembre - Virgili,1344,03:44:43,44.72,,,"1,13,14,15,16,17,18,19,20,21,22,23,24,25,26,27,28,29,30,31,32,33,34,35,36,37,38"
6100,1,H8,Tornada,9,Onze de Setembre - Virgili,1344,04:00:12,0.2,15.466666666733333,928.0,"13,14,15,16,17,18,19,20,21,22,23,24,25,26,27,28,29,30,31,32,33,34,35,36,37,38"
6415,1,H8,Tornada,9,Onze de Setembre - Virgili,1344,04:16:23,16.38,16.183333333333334,971.0,"13,14,15,16,17,18,19,20,21,22,23,24,25,26,27,28,29,30,31,32,33,34,35,36,37,38"
6209,1,H8,Tornada,9,Onze de Setembre - Virgili,1344,04:31:41,31.68,15.316666666600002,919.0,"13,14,15,16,17,18,19,20,21,22,23,24,25,26,27,28,29,30,31,32,33,34,35,36,37,38"
6211,1,H8,Tornada,9,Onze de Setembre - Virgili,1344,04:40:45,40.75,9.050000000066666,543.0,"13,14,15,16,17,18,19,20,21,22,23,24,25,26,27,28,29,30,31,32,33,34,35,36,37,38"
6401,1,H8,Tornada,9,Onze de Setembre - Virgili,1344,04:53:55,53.92,13.166666666666666,790.0,"13,14,15,16,17,18,19,20,21,22,23,24,25,26,27,28,29,30,31,32,33,34,35,36,37,38"
6402,1,H8,Tornada,9,Onze de Setembre - Virgili,1344,05:01:24,1.4,7.483333333333333,449.0,"13,14,15,16,17,18,19,20,21,22,23,24,25,26,27,28,29,30,31,32,33,34,35,36,37,38"
6213,1,H8,Tornada,9,Onze de Setembre - Virgili,1344,05:13:08,13.13,11.733333333333333,704.0,"13,14,15,16,17,18,19,20,21,22,23,24,25,26,27,28,29,30,31,32,33,34,35,36,37,38"
6406,1,H8,Tornada,9,Onze de Setembre - Virgili,1344,05:28:46,28.77,15.633333333333333,938.0,"1,13,14,15,16,17,18,19,20,21,22,23,24,25,26,27,28,29,30,31,32,33,34,35,36,37,38"
6110,1,H8,Tornada,9,Onze de Setembre - Virgili,1344,05:39:06,39.1,10.333333333333334,620.0,"13,14,15,16,17,18,19,20,21,22,23,24,25,26,27,28,29,30,31,32,33,34,35,36,37,38"
6408,1,H8,Tornada,9,Onze de Setembre - Virgili,1344,05:49:43,49.72,10.633333333266668,638.0,"13,14,15,16,17,18,19,20,21,22,23,24,25,26,27,28,29,30,31,32,33,34,35,36,37,38"
6215,1,H8,Tornada,9,Onze de Setembre - Virgili,1344,05:58:53,58.88,9.150000000066665,549.0,"13,14,15,16,17,18,19,20,21,22,23,24,25,26,27,28,29,30,31,32,33,34,35,36,37,38"
6409,2,H8,Tornada,9,Onze de Setembre - Virgili,1344,06:09:10,9.17,10.299999999933334,618.0,"13,14,15,16,17,18,19,20,21,22,23,24,25,26,27,28,29,30,31,32,33,34,35,36,37,38"
6217,1,H8,Tornada,9,Onze de Setembre - Virgili,1344,06:16:32,16.53,7.350000000033333,441.0,"13,14,15,16,17,18,19,20,21,22,23,24,25,26,27,28,29,30,31,32,33,34,35,36,37,38"
6411,3,H8,Tornada,9,Onze de Setembre - Virgili,1344,06:26:36,26.6,10.0666666667,604.0,"13,14,15,16,17,18,19,20,21,22,23,24,25,26,27,28,29,30,31,32,33,34,35,36,37,38"
6407,1,H8,Tornada,9,Onze de Setembre - Virgili,1344,06:35:45,35.75,9.166666666600001,550.0,"13,14,15,16,17,18,19,20,21,22,23,24,25,26,27,28,29,30,31,32,33,34,35,36,37,38"
6204,1,H8,Tornada,9,Onze de Setembre - Virgili,1344,06:45:06,45.1,9.333333333366665,560.0,"13,14,15,16,17,18,19,20,21,22,23,24,25,26,27,28,29,30,31,32,33,34,35,36,37,38"
6100,4,H8,Tornada,9,Onze de Setembre - Virgili,1344,06:54:48,54.8,9.716666666633333,583.0,"13,14,15,16,17,18,19,20,21,22,23,24,25,26,27,28,29,30,31,32,33,34,35,36,37,38"
6415,3,H8,Tornada,9,Onze de Setembre - Virgili,1344,07:02:42,2.7,7.883333333383334,473.0,"13,14,15,16,17,18,19,20,21,22,23,24,25,26,27,28,29,30,31,32,33,34,35,36,37,38"
6028,1,H8,Tornada,9,Onze de Setembre - Virgili,1344,07:14:41,14.68,11.999999999966667,720.0,"13,14,15,16,17,18,19,20,21,22,23,24,25,26,27,28,29,30,31,32,33,34,35,36,37,38"
6802,1,H8,Tornada,9,Onze de Setembre - Virgili,1344,07:22:26,22.43,7.75,465.0,"13,14,15,16,17,18,19,20,21,22,23,24,25,26,27,28,29,30,31,32,33,34,35,36,37,38"
6209,4,H8,Tornada,9,Onze de Setembre - Virgili,1344,07:31:48,31.8,9.350000000049999,561.0,"13,14,15,16,17,18,19,20,21,22,23,24,25,26,27,28,29,30,31,32,33,34,35,36,37,38"
6211,4,H8,Tornada,9,Onze de Setembre - Virgili,1344,07:41:46,41.77,9.966666666666667,598.0,"13,14,15,16,17,18,19,20,21,22,23,24,25,26,27,28,29,30,31,32,33,34,35,36,37,38"
6402,4,H8,Tornada,9,Onze de Setembre - Virgili,1344,07:57:42,57.7,15.933333333333334,956.0,"13,14,15,16,17,18,19,20,21,22,23,24,25,26,27,28,29,30,31,32,33,34,35,36,37,38"
6027,2,H8,Tornada,9,Onze de Setembre - Virgili,1344,08:03:58,3.97,6.266666666666667,376.0,"13,14,15,16,17,18,19,20,21,22,23,24,25,26,27,28,29,30,31,32,33,34,35,36,37,38"
6213,4,H8,Tornada,9,Onze de Setembre - Virgili,1344,08:11:24,11.4,7.4333333333,446.0,"13,14,15,16,17,18,19,20,21,22,23,24,25,26,27,28,29,30,31,32,33,34,35,36,37,38"
6034,4,H8,Tornada,9,Onze de Setembre - Virgili,1344,08:22:49,22.82,11.4166666667,685.0,"13,14,15,16,17,18,19,20,21,22,23,24,25,26,27,28,29,30,31,32,33,34,35,36,37,38"
6406,4,H8,Tornada,9,Onze de Setembre - Virgili,1344,08:31:31,31.52,8.699999999966668,522.0,"3,4,5,6,13,14,15,16,17,18,19,20,21,22,23,24,25,26,27,28,29,30,31,32,33,34,35,36,37,38"
6110,4,H8,Tornada,9,Onze de Setembre - Virgili,1344,08:40:25,40.42,8.916666666633335,535.0,"13,14,15,16,17,18,19,20,21,22,23,24,25,26,27,28,29,30,31,32,33,34,35,36,37,38"
6408,4,H8,Tornada,9,Onze de Setembre - Virgili,1344,08:48:26,48.43,8.000000000066667,480.0,"2,13,14,15,16,17,18,19,20,21,22,23,24,25,26,27,28,29,30,31,32,33,34,35,36,37,38"
6215,4,H8,Tornada,9,Onze de Setembre - Virgili,1344,09:01:20,1.33,12.9,774.0,"13,14,15,16,17,18,19,20,21,22,23,24,25,26,27,28,29,30,31,32,33,34,35,36,37,38"
6409,5,H8,Tornada,9,Onze de Setembre - Virgili,1344,09:07:17,7.28,5.9666666666,358.0,"13,14,15,16,17,18,19,20,21,22,23,24,25,26,27,28,29,30,31,32,33,34,35,36,37,38"
6217,4,H8,Tornada,9,Onze de Setembre - Virgili,1344,09:20:50,20.83,13.533333333366667,812.0,"13,14,15,16,17,18,19,20,21,22,23,24,25,26,27,28,29,30,31,32,33,34,35,36,37,38"
6411,6,H8,Tornada,9,Onze de Setembre - Virgili,1344,09:26:55,26.92,6.083333333366666,365.0,"13,14,15,16,17,18,19,20,21,22,23,24,25,26,27,28,29,30,31,32,33,34,35,36,37,38"
6407,4,H8,Tornada,9,Onze de Setembre - Virgili,1344,09:42:08,42.13,15.216666666666667,913.0,"13,14,15,16,17,18,19,20,21,22,23,24,25,26,27,28,29,30,31,32,33,34,35,36,37,38"
6100,6,H8,Tornada,9,Onze de Setembre - Virgili,1344,09:47:15,47.25,5.116666666633334,307.0,"13,14,15,16,17,18,19,20,21,22,23,24,25,26,27,28,29,30,31,32,33,34,35,36,37,38"
6415,6,H8,Tornada,9,Onze de Setembre - Virgili,1344,09:59:57,59.95,12.483333333333333,749.0,"13,14,15,16,17,18,19,20,21,22,23,24,25,26,27,28,29,30,31,32,33,34,35,36,37,38"
6028,4,H8,Tornada,9,Onze de Setembre - Virgili,1344,10:09:02,9.03,9.099999999966666,546.0,"5,6,13,14,15,16,17,18,19,20,21,22,23,24,25,26,27,28,29,30,31,32,33,34,35,36,37,38"
6802,4,H8,Tornada,9,Onze de Setembre - Virgili,1344,10:27:23,27.38,18.3333333334,1100.0,"13,14,15,16,17,18,19,20,21,22,23,24,25,26,27,28,29,30,31,32,33,34,35,36,37,38"
6209,7,H8,Tornada,9,Onze de Setembre - Virgili,1344,10:37:23,37.38,9.999999999966667,600.0,"13,14,15,16,17,18,19,20,21,22,23,24,25,26,27,28,29,30,31,32,33,34,35,36,37,38"
6211,7,H8,Tornada,9,Onze de Setembre - Virgili,1344,10:41:59,41.98,4.6,276.0,"13,14,15,16,17,18,19,20,21,22,23,24,25,26,27,28,29,30,31,32,33,34,35,36,37,38"
6402,7,H8,Tornada,9,Onze de Setembre - Virgili,1344,11:01:42,1.7,19.7333333333,1184.0,"1,2,13,14,15,16,17,18,19,20,21,22,23,24,25,26,27,28,29,30,31,32,33,34,35,36,37,38"
6027,5,H8,Tornada,9,Onze de Setembre - Virgili,1344,11:09:40,9.67,7.966666666666667,478.0,"13,14,15,16,17,18,19,20,21,22,23,24,25,26,27,28,29,30,31,32,33,34,35,36,37,38"
6213,7,H8,Tornada,9,Onze de Setembre - Virgili,1344,11:23:29,23.48,13.800000000066666,828.0,"13,14,15,16,17,18,19,20,21,22,23,24,25,26,27,28,29,30,31,32,33,34,35,36,37,38"
6034,7,H8,Tornada,9,Onze de Setembre - Virgili,1344,11:28:03,28.05,4.583333333266666,275.0,"1,2,13,14,15,16,17,18,19,20,21,22,23,24,25,26,27,28,29,30,31,32,33,34,35,36,37,38"
6406,7,H8,Tornada,9,Onze de Setembre - Virgili,1344,11:37:21,37.35,9.3,558.0,"13,14,15,16,17,18,19,20,21,22,23,24,25,26,27,28,29,30,31,32,33,34,35,36,37,38"
6408,7,H8,Tornada,9,Onze de Setembre - Virgili,1344,11:45:48,45.8,8.45,507.0,"13,14,15,16,17,18,19,20,21,22,23,24,25,26,27,28,29,30,31,32,33,34,35,36,37,38"
6215,7,H8,Tornada,9,Onze de Setembre - Virgili,1344,11:56:51,56.85,11.05,663.0,"13,14,15,16,17,18,19,20,21,22,23,24,25,26,27,28,29,30,31,32,33,34,35,36,37,38"
6409,8,H8,Tornada,9,Onze de Setembre - Virgili,1344,12:07:47,7.78,10.916666666733333,655.0,"13,14,15,16,17,18,19,20,21,22,23,24,25,26,27,28,29,30,31,32,33,34,35,36,37,38"
6411,9,H8,Tornada,9,Onze de Setembre - Virgili,1344,12:28:29,28.48,20.7,1242.0,"1,2,13,14,15,16,17,18,19,20,21,22,23,24,25,26,27,28,29,30,31,32,33,34,35,36,37,38"
6407,7,H8,Tornada,9,Onze de Setembre - Virgili,1344,12:39:25,39.42,10.9333333333,656.0,"13,14,15,16,17,18,19,20,21,22,23,24,25,26,27,28,29,30,31,32,33,34,35,36,37,38"
6100,9,H8,Tornada,9,Onze de Setembre - Virgili,1344,12:52:13,52.22,12.800000000033332,768.0,"13,14,15,16,17,18,19,20,21,22,23,24,25,26,27,28,29,30,31,32,33,34,35,36,37,38"
6415,9,H8,Tornada,9,Onze de Setembre - Virgili,1344,13:04:27,4.45,12.233333333300001,734.0,"13,14,15,16,17,18,19,20,21,22,23,24,25,26,27,28,29,30,31,32,33,34,35,36,37,38"
6028,7,H8,Tornada,9,Onze de Setembre - Virgili,1344,13:12:43,12.72,8.266666666699999,496.0,"13,14,15,16,17,18,19,20,21,22,23,24,25,26,27,28,29,30,31,32,33,34,35,36,37,38"
6802,7,H8,Tornada,9,Onze de Setembre - Virgili,1344,13:24:54,24.9,12.183333333333334,731.0,"1,2,13,14,15,16,17,18,19,20,21,22,23,24,25,26,27,28,29,30,31,32,33,34,35,36,37,38"
6211,10,H8,Tornada,9,Onze de Setembre - Virgili,1344,13:35:41,35.68,10.783333333333333,647.0,"13,14,15,16,17,18,19,20,21,22,23,24,25,26,27,28,29,30,31,32,33,34,35,36,37,38"
6800,2,H8,Tornada,9,Onze de Setembre - Virgili,1344,13:43:13,43.22,7.549999999933333,453.0,"13,14,15,16,17,18,19,20,21,22,23,24,25,26,27,28,29,30,31,32,33,34,35,36,37,38"
6213,10,H8,Tornada,9,Onze de Setembre - Virgili,1344,13:57:07,57.12,13.9,834.0,"1,2,13,14,15,16,17,18,19,20,21,22,23,24,25,26,27,28,29,30,31,32,33,34,35,36,37,38"
6402,10,H8,Tornada,9,Onze de Setembre - Virgili,1344,14:02:36,2.6,5.466666666699999,328.0,"12,13,14,15,16,17,18,19,20,21,22,23,24,25,26,27,28,29,30,31,32,33,34,35,36,37,38"
6034,10,H8,Tornada,9,Onze de Setembre - Virgili,1344,14:25:11,25.18,21.866666666666667,1312.0,"2,13,14,15,16,17,18,19,20,21,22,23,24,25,26,27,28,29,30,31,32,33,34,35,36,37,38"
6406,10,H8,Tornada,9,Onze de Setembre - Virgili,1344,14:31:39,31.65,6.466666666666667,388.0,"13,14,15,16,17,18,19,20,21,22,23,24,25,26,27,28,29,30,31,32,33,34,35,36,37,38"
6408,10,H8,Tornada,9,Onze de Setembre - Virgili,1344,14:43:36,43.6,11.933333333366667,716.0,"13,14,15,16,17,18,19,20,21,22,23,24,25,26,27,28,29,30,31,32,33,34,35,36,37,38"
6215,10,H8,Tornada,9,Onze de Setembre - Virgili,1344,14:53:57,53.95,10.35,621.0,"13,14,15,16,17,18,19,20,21,22,23,24,25,26,27,28,29,30,31,32,33,34,35,36,37,38"
6409,11,H8,Tornada,9,Onze de Setembre - Virgili,1344,15:06:14,6.23,12.283333333333333,737.0,"13,14,15,16,17,18,19,20,21,22,23,24,25,26,27,28,29,30,31,32,33,34,35,36,37,38"
6075,3,H8,Tornada,9,Onze de Setembre - Virgili,1344,15:13:34,13.57,7.333333333333333,440.0,"13,14,15,16,17,18,19,20,21,22,23,24,25,26,27,28,29,30,31,32,33,34,35,36,37,38"
6217,6,H8,Tornada,9,Onze de Setembre - Virgili,1344,15:15:17,15.28,1.7166666667,103.0,"12,13,14,15,16,17,18,19,20,21,22,23,24,25,26,27,28,29,30,31,32,33,34,35,36,37,38"
6411,12,H8,Tornada,9,Onze de Setembre - Virgili,1344,15:24:01,24.02,8.733333333333333,524.0,"13,14,15,16,17,18,19,20,21,22,23,24,25,26,27,28,29,30,31,32,33,34,35,36,37,38"
6407,10,H8,Tornada,9,Onze de Setembre - Virgili,1344,15:45:08,45.13,21.116666666633332,1267.0,"1,2,3,10,11,12,13,15,16,17,18,19,20,21,22,23,24,25,26,27,28,29,30,31,32,33,34,35,36,37,38"
6036,1,H8,Tornada,9,Onze de Setembre - Virgili,1344,15:55:38,55.63,10.516666666633334,631.0,"13,14,15,16,17,18,19,20,21,22,23,24,25,26,27,28,29,30,31,32,33,34,35,36,37,38"
6100,12,H8,Tornada,9,Onze de Setembre - Virgili,1344,15:59:10,59.17,3.5166666667333333,211.0,"13,14,15,16,17,18,19,20,21,22,23,24,25,26,27,28,29,30,31,32,33,34,35,36,37,38"
6415,12,H8,Tornada,9,Onze de Setembre - Virgili,1344,16:05:31,5.52,6.349999999966667,381.0,"13,14,15,16,17,18,19,20,21,22,23,24,25,26,27,28,29,30,31,32,33,34,35,36,37,38"
6028,10,H8,Tornada,9,Onze de Setembre - Virgili,1344,16:13:10,13.17,7.65,459.0,"13,14,15,16,17,18,19,20,21,22,23,24,25,26,27,28,29,30,31,32,33,34,35,36,37,38"
6802,10,H8,Tornada,9,Onze de Setembre - Virgili,1344,16:27:23,27.38,14.216666666666667,853.0,"13,14,15,16,17,18,19,20,21,22,23,24,25,26,27,28,29,30,31,32,33,34,35,36,37,38"
6201,1,H8,Tornada,9,Onze de Setembre - Virgili,1344,16:32:46,32.77,5.399999999966667,324.0,"13,14,15,16,17,18,19,20,21,22,23,24,25,26,27,28,29,30,31,32,33,34,35,36,37,38"
6211,13,H8,Tornada,9,Onze de Setembre - Virgili,1344,16:38:03,38.05,5.2666666667,316.0,"13,14,15,16,17,18,19,20,21,22,23,24,25,26,27,28,29,30,31,32,33,34,35,36,37,38"
6217,7,H8,Tornada,9,Onze de Setembre - Virgili,1344,16:46:05,46.08,8.033333333333333,482.0,"13,14,15,16,17,18,19,20,21,22,23,24,25,26,27,28,29,30,31,32,33,34,35,36,37,38"
6800,5,H8,Tornada,9,Onze de Setembre - Virgili,1344,16:52:13,52.22,6.133333333333334,368.0,"13,14,15,16,17,18,19,20,21,22,23,24,25,26,27,28,29,30,31,32,33,34,35,36,37,38"
6402,13,H8,Tornada,9,Onze de Setembre - Virgili,1344,17:01:31,1.52,9.3,558.0,"4,5,6,13,14,15,16,17,18,19,20,21,22,23,24,25,26,27,28,29,30,31,32,33,34,35,36,37,38"
6027,11,H8,Tornada,9,Onze de Setembre - Virgili,1344,17:09:05,9.08,7.566666666666666,454.0,"8,13,14,15,16,17,18,19,20,21,22,23,24,25,26,27,28,29,30,31,32,33,34,35,36,37,38"
6213,13,H8,Tornada,9,Onze de Setembre - Virgili,1344,17:16:50,16.83,7.75,465.0,"1,2,13,14,15,16,17,18,19,20,21,22,23,24,25,26,27,28,29,30,31,32,33,34,35,36,37,38"
6034,13,H8,Tornada,9,Onze de Setembre - Virgili,1344,17:28:47,28.78,11.95,717.0,"13,14,15,16,17,18,19,20,21,22,23,24,25,26,27,28,29,30,31,32,33,34,35,36,37,38"
6406,13,H8,Tornada,9,Onze de Setembre - Virgili,1344,17:37:26,37.43,8.650000000033334,519.0,"13,14,15,16,17,18,19,20,21,22,23,24,25,26,27,28,29,30,31,32,33,34,35,36,37,38"
6408,13,H8,Tornada,9,Onze de Setembre - Virgili,1344,17:48:06,48.1,10.666666666666666,640.0,"3,13,14,15,16,17,18,19,20,21,22,23,24,25,26,27,28,29,30,31,32,33,34,35,36,37,38"
6215,13,H8,Tornada,9,Onze de Setembre - Virgili,1344,17:58:23,58.38,10.283333333333333,617.0,"13,14,15,16,17,18,19,20,21,22,23,24,25,26,27,28,29,30,31,32,33,34,35,36,37,38"
6409,14,H8,Tornada,9,Onze de Setembre - Virgili,1344,18:07:28,7.47,9.099999999933335,546.0,"1,2,3,4,5,6,7,13,14,15,16,17,18,19,20,21,22,23,24,25,26,27,28,29,30,31,32,33,34,35,36,37,38"
6075,6,H8,Tornada,9,Onze de Setembre - Virgili,1344,18:15:04,15.07,7.583333333400001,455.0,"1,2,13,14,15,16,17,18,19,20,21,22,23,24,25,26,27,28,29,30,31,32,33,34,35,36,37,38"
6411,15,H8,Tornada,9,Onze de Setembre - Virgili,1344,18:26:40,26.67,11.6,696.0,"13,14,15,16,17,18,19,20,21,22,23,24,25,26,27,28,29,30,31,32,33,34,35,36,37,38"
6036,4,H8,Tornada,9,Onze de Setembre - Virgili,1344,18:35:52,35.87,9.199999999966668,552.0,"13,14,15,16,17,18,19,20,21,22,23,24,25,26,27,28,29,30,31,32,33,34,35,36,37,38"
6117,1,H8,Tornada,9,Onze de Setembre - Virgili,1344,18:50:08,50.13,14.266666666666667,856.0,"1,2,13,14,15,16,17,18,19,20,21,22,23,24,25,26,27,28,29,30,31,32,33,34,35,36,37,38"
6415,15,H8,Tornada,9,Onze de Setembre - Virgili,1344,18:58:39,58.65,8.5333333333,512.0,"13,14,15,16,17,18,19,20,21,22,23,24,25,26,27,28,29,30,31,32,33,34,35,36,37,38"
6028,13,H8,Tornada,9,Onze de Setembre - Virgili,1344,19:07:11,7.18,8.533333333333333,512.0,"13,14,15,16,17,18,19,20,21,22,23,24,25,26,27,28,29,30,31,32,33,34,35,36,37,38"
6211,16,H8,Tornada,9,Onze de Setembre - Virgili,1344,19:25:42,25.7,18.500000000066667,1110.0,"13,14,15,16,17,18,19,20,21,22,23,24,25,26,27,28,29,30,31,32,33,34,35,36,37,38"
6217,10,H8,Tornada,9,Onze de Setembre - Virgili,1344,19:31:14,31.23,5.533333333333333,332.0,"13,14,15,16,17,18,19,20,21,22,23,24,25,26,27,28,29,30,31,32,33,34,35,36,37,38"
6800,8,H8,Tornada,9,Onze de Setembre - Virgili,1344,19:41:24,41.4,10.166666666633335,610.0,"13,14,15,16,17,18,19,20,21,22,23,24,25,26,27,28,29,30,31,32,33,34,35,36,37,38"
6402,16,H8,Tornada,9,Onze de Setembre - Virgili,1344,19:52:08,52.13,10.733333333366666,644.0,"13,14,15,16,17,18,19,20,21,22,23,24,25,26,27,28,29,30,31,32,33,34,35,36,37,38"
6213,16,H8,Tornada,9,Onze de Setembre - Virgili,1344,20:02:27,2.45,10.316666666633333,619.0,"13,14,15,16,17,18,19,20,21,22,23,24,25,26,27,28,29,30,31,32,33,34,35,36,37,38"
6034,16,H8,Tornada,9,Onze de Setembre - Virgili,1344,20:09:51,9.85,7.4,444.0,"13,14,15,16,17,18,19,20,21,22,23,24,25,26,27,28,29,30,31,32,33,34,35,36,37,38"
6408,16,H8,Tornada,9,Onze de Setembre - Virgili,1344,20:27:03,27.05,17.200000000033334,1032.0,"13,14,15,16,17,18,19,20,21,22,23,24,25,26,27,28,29,30,31,32,33,34,35,36,37,38"
6409,16,H8,Tornada,9,Onze de Setembre - Virgili,1344,20:48:03,48.05,21.0166666666,1261.0,"13,14,15,16,17,18,19,20,21,22,23,24,25,26,27,28,29,30,31,32,33,34,35,36,37,38"
6411,17,H8,Tornada,9,Onze de Setembre - Virgili,1344,21:02:15,2.25,14.183333333366667,851.0,"13,14,15,16,17,18,19,20,21,22,23,24,25,26,27,28,29,30,31,32,33,34,35,36,37,38"
6117,4,H8,Tornada,9,Onze de Setembre - Virgili,1344,21:22:27,22.45,20.216666666633333,1213.0,"13,14,15,16,17,18,19,20,21,22,23,24,25,26,27,28,29,30,31,32,33,34,35,36,37,38"
6415,18,H8,Tornada,9,Onze de Setembre - Virgili,1344,21:37:28,37.47,15.016666666666667,901.0,"13,14,15,16,17,18,19,20,21,22,23,24,25,26,27,28,29,30,31,32,33,34,35,36,37,38"
6411,1,H8,Tornada,10,Gran de Sant Andreu - Fabra i Puig,641,03:46:07,46.12,,,"1,13,14,15,16,17,18,19,20,21,22,23,24,25,26,27,28,29,30,31,32,33,34,35,36,37,38"
6100,1,H8,Tornada,10,Gran de Sant Andreu - Fabra i Puig,641,04:01:19,1.32,15.199999999983334,912.0,"13,14,15,16,17,18,19,20,21,22,23,24,25,26,27,28,29,30,31,32,33,34,35,36,37,38"
6415,1,H8,Tornada,10,Gran de Sant Andreu - Fabra i Puig,641,04:18:27,18.45,17.13333333335,1028.0,"13,14,15,16,17,18,19,20,21,22,23,24,25,26,27,28,29,30,31,32,33,34,35,36,37,38"
6209,1,H8,Tornada,10,Gran de Sant Andreu - Fabra i Puig,641,04:35:17,35.28,16.833333333333332,1010.0,"13,14,15,16,17,18,19,20,21,22,23,24,25,26,27,28,29,30,31,32,33,34,35,36,37,38"
6211,1,H8,Tornada,10,Gran de Sant Andreu - Fabra i Puig,641,04:42:40,42.67,7.399999999933333,444.0,"13,14,15,16,17,18,19,20,21,22,23,24,25,26,27,28,29,30,31,32,33,34,35,36,37,38"
6401,1,H8,Tornada,10,Gran de Sant Andreu - Fabra i Puig,641,04:55:13,55.22,12.550000000016666,753.0,"13,14,15,16,17,18,19,20,21,22,23,24,25,26,27,28,29,30,31,32,33,34,35,36,37,38"
6402,1,H8,Tornada,10,Gran de Sant Andreu - Fabra i Puig,641,05:03:01,3.02,7.783333333383334,467.0,"13,14,15,16,17,18,19,20,21,22,23,24,25,26,27,28,29,30,31,32,33,34,35,36,37,38"
6213,1,H8,Tornada,10,Gran de Sant Andreu - Fabra i Puig,641,05:15:35,15.58,12.566666666666666,754.0,"13,14,15,16,17,18,19,20,21,22,23,24,25,26,27,28,29,30,31,32,33,34,35,36,37,38"
6034,1,H8,Tornada,10,Gran de Sant Andreu - Fabra i Puig,641,05:24:23,24.38,8.799999999983333,528.0,"1,2,3,4,5,6,7,8,9,13,14,15,16,17,18,19,20,21,22,23,24,25,26,27,28,29,30,31,32,33,34,35,36,37,38"
6406,1,H8,Tornada,10,Gran de Sant Andreu - Fabra i Puig,641,05:30:44,30.73,6.349999999983334,381.0,"1,13,14,15,16,17,18,19,20,21,22,23,24,25,26,27,28,29,30,31,32,33,34,35,36,37,38"
6110,1,H8,Tornada,10,Gran de Sant Andreu - Fabra i Puig,641,05:41:23,41.38,10.666666666633335,640.0,"13,14,15,16,17,18,19,20,21,22,23,24,25,26,27,28,29,30,31,32,33,34,35,36,37,38"
6408,1,H8,Tornada,10,Gran de Sant Andreu - Fabra i Puig,641,05:51:52,51.87,10.483333333333333,629.0,"13,14,15,16,17,18,19,20,21,22,23,24,25,26,27,28,29,30,31,32,33,34,35,36,37,38"
6215,1,H8,Tornada,10,Gran de Sant Andreu - Fabra i Puig,641,06:00:43,0.72,8.833333333399999,530.0,"13,14,15,16,17,18,19,20,21,22,23,24,25,26,27,28,29,30,31,32,33,34,35,36,37,38"
6409,2,H8,Tornada,10,Gran de Sant Andreu - Fabra i Puig,641,06:12:32,12.53,11.833333333266667,710.0,"13,14,15,16,17,18,19,20,21,22,23,24,25,26,27,28,29,30,31,32,33,34,35,36,37,38"
6217,1,H8,Tornada,10,Gran de Sant Andreu - Fabra i Puig,641,06:18:03,18.05,5.500000000066667,330.0,"13,14,15,16,17,18,19,20,21,22,23,24,25,26,27,28,29,30,31,32,33,34,35,36,37,38"
6411,3,H8,Tornada,10,Gran de Sant Andreu - Fabra i Puig,641,06:28:17,28.28,10.249999999933333,615.0,"13,14,15,16,17,18,19,20,21,22,23,24,25,26,27,28,29,30,31,32,33,34,35,36,37,38"
6407,1,H8,Tornada,10,Gran de Sant Andreu - Fabra i Puig,641,06:38:29,38.48,10.2,612.0,"13,14,15,16,17,18,19,20,21,22,23,24,25,26,27,28,29,30,31,32,33,34,35,36,37,38"
6204,1,H8,Tornada,10,Gran de Sant Andreu - Fabra i Puig,641,06:47:11,47.18,8.683333333399998,521.0,"13,14,15,16,17,18,19,20,21,22,23,24,25,26,27,28,29,30,31,32,33,34,35,36,37,38"
6100,4,H8,Tornada,10,Gran de Sant Andreu - Fabra i Puig,641,06:57:14,57.23,10.049999999966667,603.0,"13,14,15,16,17,18,19,20,21,22,23,24,25,26,27,28,29,30,31,32,33,34,35,36,37,38"
6415,3,H8,Tornada,10,Gran de Sant Andreu - Fabra i Puig,641,07:05:30,5.5,8.266666666666667,496.0,"13,14,15,16,17,18,19,20,21,22,23,24,25,26,27,28,29,30,31,32,33,34,35,36,37,38"
6028,1,H8,Tornada,10,Gran de Sant Andreu - Fabra i Puig,641,07:17:31,17.52,12.016666666699999,721.0,"13,14,15,16,17,18,19,20,21,22,23,24,25,26,27,28,29,30,31,32,33,34,35,36,37,38"
6802,1,H8,Tornada,10,Gran de Sant Andreu - Fabra i Puig,641,07:25:19,25.32,7.799999999966667,468.0,"13,14,15,16,17,18,19,20,21,22,23,24,25,26,27,28,29,30,31,32,33,34,35,36,37,38"
6209,4,H8,Tornada,10,Gran de Sant Andreu - Fabra i Puig,641,07:33:33,33.55,8.249999999966667,495.0,"13,14,15,16,17,18,19,20,21,22,23,24,25,26,27,28,29,30,31,32,33,34,35,36,37,38"
6211,4,H8,Tornada,10,Gran de Sant Andreu - Fabra i Puig,641,07:44:12,44.2,10.633333333366666,638.0,"13,14,15,16,17,18,19,20,21,22,23,24,25,26,27,28,29,30,31,32,33,34,35,36,37,38"
6402,4,H8,Tornada,10,Gran de Sant Andreu - Fabra i Puig,641,07:59:00,59.0,14.816666666633333,889.0,"13,14,15,16,17,18,19,20,21,22,23,24,25,26,27,28,29,30,31,32,33,34,35,36,37,38"
6027,2,H8,Tornada,10,Gran de Sant Andreu - Fabra i Puig,641,08:06:29,6.48,7.4666666667333335,448.0,"13,14,15,16,17,18,19,20,21,22,23,24,25,26,27,28,29,30,31,32,33,34,35,36,37,38"
6213,4,H8,Tornada,10,Gran de Sant Andreu - Fabra i Puig,641,08:13:43,13.72,7.249999999933333,435.0,"13,14,15,16,17,18,19,20,21,22,23,24,25,26,27,28,29,30,31,32,33,34,35,36,37,38"
6034,4,H8,Tornada,10,Gran de Sant Andreu - Fabra i Puig,641,08:23:53,23.88,10.150000000033334,609.0,"13,14,15,16,17,18,19,20,21,22,23,24,25,26,27,28,29,30,31,32,33,34,35,36,37,38"
6406,4,H8,Tornada,10,Gran de Sant Andreu - Fabra i Puig,641,08:33:51,33.85,9.966666666666667,598.0,"3,4,5,6,13,14,15,16,17,18,19,20,21,22,23,24,25,26,27,28,29,30,31,32,33,34,35,36,37,38"
6110,4,H8,Tornada,10,Gran de Sant Andreu - Fabra i Puig,641,08:43:28,43.47,9.6333333333,578.0,"13,14,15,16,17,18,19,20,21,22,23,24,25,26,27,28,29,30,31,32,33,34,35,36,37,38"
6408,4,H8,Tornada,10,Gran de Sant Andreu - Fabra i Puig,641,08:50:39,50.65,7.166666666733334,430.0,"2,13,14,15,16,17,18,19,20,21,22,23,24,25,26,27,28,29,30,31,32,33,34,35,36,37,38"
6215,4,H8,Tornada,10,Gran de Sant Andreu - Fabra i Puig,641,09:03:10,3.17,12.516666666633334,751.0,"13,14,15,16,17,18,19,20,21,22,23,24,25,26,27,28,29,30,31,32,33,34,35,36,37,38"
6409,5,H8,Tornada,10,Gran de Sant Andreu - Fabra i Puig,641,09:10:28,10.47,7.300000000033333,438.0,"13,14,15,16,17,18,19,20,21,22,23,24,25,26,27,28,29,30,31,32,33,34,35,36,37,38"
6217,4,H8,Tornada,10,Gran de Sant Andreu - Fabra i Puig,641,09:24:15,24.25,13.783333333333333,827.0,"13,14,15,16,17,18,19,20,21,22,23,24,25,26,27,28,29,30,31,32,33,34,35,36,37,38"
6411,6,H8,Tornada,10,Gran de Sant Andreu - Fabra i Puig,641,09:30:01,30.02,5.766666666666667,346.0,"13,14,15,16,17,18,19,20,21,22,23,24,25,26,27,28,29,30,31,32,33,34,35,36,37,38"
6407,4,H8,Tornada,10,Gran de Sant Andreu - Fabra i Puig,641,09:45:14,45.23,15.233333333266668,914.0,"13,14,15,16,17,18,19,20,21,22,23,24,25,26,27,28,29,30,31,32,33,34,35,36,37,38"
6100,6,H8,Tornada,10,Gran de Sant Andreu - Fabra i Puig,641,09:48:48,48.8,3.5500000000333336,213.0,"13,14,15,16,17,18,19,20,21,22,23,24,25,26,27,28,29,30,31,32,33,34,35,36,37,38"
6415,6,H8,Tornada,10,Gran de Sant Andreu - Fabra i Puig,641,10:01:40,1.67,11.8666666667,712.0,"13,14,15,16,17,18,19,20,21,22,23,24,25,26,27,28,29,30,31,32,33,34,35,36,37,38"
6028,4,H8,Tornada,10,Gran de Sant Andreu - Fabra i Puig,641,10:10:58,10.97,9.3,558.0,"5,6,13,14,15,16,17,18,19,20,21,22,23,24,25,26,27,28,29,30,31,32,33,34,35,36,37,38"
6802,4,H8,Tornada,10,Gran de Sant Andreu - Fabra i Puig,641,10:29:40,29.67,18.716666666633333,1123.0,"13,14,15,16,17,18,19,20,21,22,23,24,25,26,27,28,29,30,31,32,33,34,35,36,37,38"
6209,7,H8,Tornada,10,Gran de Sant Andreu - Fabra i Puig,641,10:38:21,38.35,8.666666666733333,520.0,"13,14,15,16,17,18,19,20,21,22,23,24,25,26,27,28,29,30,31,32,33,34,35,36,37,38"
6211,7,H8,Tornada,10,Gran de Sant Andreu - Fabra i Puig,641,10:44:36,44.6,6.2666666666,376.0,"13,14,15,16,17,18,19,20,21,22,23,24,25,26,27,28,29,30,31,32,33,34,35,36,37,38"
6402,7,H8,Tornada,10,Gran de Sant Andreu - Fabra i Puig,641,11:04:26,4.43,19.833333333333332,1190.0,"1,2,13,14,15,16,17,18,19,20,21,22,23,24,25,26,27,28,29,30,31,32,33,34,35,36,37,38"
6027,5,H8,Tornada,10,Gran de Sant Andreu - Fabra i Puig,641,11:11:49,11.82,7.366666666733334,442.0,"13,14,15,16,17,18,19,20,21,22,23,24,25,26,27,28,29,30,31,32,33,34,35,36,37,38"
6213,7,H8,Tornada,10,Gran de Sant Andreu - Fabra i Puig,641,11:25:11,25.18,13.366666666666667,802.0,"13,14,15,16,17,18,19,20,21,22,23,24,25,26,27,28,29,30,31,32,33,34,35,36,37,38"
6034,7,H8,Tornada,10,Gran de Sant Andreu - Fabra i Puig,641,11:29:49,29.82,4.649999999933333,279.0,"1,2,13,14,15,16,17,18,19,20,21,22,23,24,25,26,27,28,29,30,31,32,33,34,35,36,37,38"
6406,7,H8,Tornada,10,Gran de Sant Andreu - Fabra i Puig,641,11:39:04,39.07,9.25,555.0,"13,14,15,16,17,18,19,20,21,22,23,24,25,26,27,28,29,30,31,32,33,34,35,36,37,38"
6408,7,H8,Tornada,10,Gran de Sant Andreu - Fabra i Puig,641,11:47:47,47.78,8.716666666666667,523.0,"13,14,15,16,17,18,19,20,21,22,23,24,25,26,27,28,29,30,31,32,33,34,35,36,37,38"
6215,7,H8,Tornada,10,Gran de Sant Andreu - Fabra i Puig,641,11:58:31,58.52,10.716666666733333,643.0,"13,14,15,16,17,18,19,20,21,22,23,24,25,26,27,28,29,30,31,32,33,34,35,36,37,38"
6409,8,H8,Tornada,10,Gran de Sant Andreu - Fabra i Puig,641,12:09:02,9.03,10.516666666633334,631.0,"13,14,15,16,17,18,19,20,21,22,23,24,25,26,27,28,29,30,31,32,33,34,35,36,37,38"
6411,9,H8,Tornada,10,Gran de Sant Andreu - Fabra i Puig,641,12:30:05,30.08,21.05,1263.0,"1,2,13,14,15,16,17,18,19,20,21,22,23,24,25,26,27,28,29,30,31,32,33,34,35,36,37,38"
6407,7,H8,Tornada,10,Gran de Sant Andreu - Fabra i Puig,641,12:40:59,40.98,10.916666666633335,655.0,"13,14,15,16,17,18,19,20,21,22,23,24,25,26,27,28,29,30,31,32,33,34,35,36,37,38"
6100,9,H8,Tornada,10,Gran de Sant Andreu - Fabra i Puig,641,12:53:46,53.77,12.766666666733332,766.0,"13,14,15,16,17,18,19,20,21,22,23,24,25,26,27,28,29,30,31,32,33,34,35,36,37,38"
6415,9,H8,Tornada,10,Gran de Sant Andreu - Fabra i Puig,641,13:07:15,7.25,13.483333333333333,809.0,"13,14,15,16,17,18,19,20,21,22,23,24,25,26,27,28,29,30,31,32,33,34,35,36,37,38"
6028,7,H8,Tornada,10,Gran de Sant Andreu - Fabra i Puig,641,13:15:54,15.9,8.666666666600001,520.0,"13,14,15,16,17,18,19,20,21,22,23,24,25,26,27,28,29,30,31,32,33,34,35,36,37,38"
6802,7,H8,Tornada,10,Gran de Sant Andreu - Fabra i Puig,641,13:27:52,27.87,11.950000000033333,717.0,"1,2,13,14,15,16,17,18,19,20,21,22,23,24,25,26,27,28,29,30,31,32,33,34,35,36,37,38"
6211,10,H8,Tornada,10,Gran de Sant Andreu - Fabra i Puig,641,13:37:53,37.88,10.0333333333,602.0,"13,14,15,16,17,18,19,20,21,22,23,24,25,26,27,28,29,30,31,32,33,34,35,36,37,38"
6800,2,H8,Tornada,10,Gran de Sant Andreu - Fabra i Puig,641,13:45:55,45.92,8.016666666699999,481.0,"13,14,15,16,17,18,19,20,21,22,23,24,25,26,27,28,29,30,31,32,33,34,35,36,37,38"
6213,10,H8,Tornada,10,Gran de Sant Andreu - Fabra i Puig,641,13:59:37,59.62,13.7,822.0,"1,2,13,14,15,16,17,18,19,20,21,22,23,24,25,26,27,28,29,30,31,32,33,34,35,36,37,38"
6402,10,H8,Tornada,10,Gran de Sant Andreu - Fabra i Puig,641,14:04:40,4.67,5.066666666633334,304.0,"12,13,14,15,16,17,18,19,20,21,22,23,24,25,26,27,28,29,30,31,32,33,34,35,36,37,38"
6034,10,H8,Tornada,10,Gran de Sant Andreu - Fabra i Puig,641,14:27:01,27.02,22.150000000033334,1329.0,"2,13,14,15,16,17,18,19,20,21,22,23,24,25,26,27,28,29,30,31,32,33,34,35,36,37,38"
6406,10,H8,Tornada,10,Gran de Sant Andreu - Fabra i Puig,641,14:33:46,33.77,6.75,405.0,"13,14,15,16,17,18,19,20,21,22,23,24,25,26,27,28,29,30,31,32,33,34,35,36,37,38"
6408,10,H8,Tornada,10,Gran de Sant Andreu - Fabra i Puig,641,14:46:48,46.8,13.033333333333333,782.0,"13,14,15,16,17,18,19,20,21,22,23,24,25,26,27,28,29,30,31,32,33,34,35,36,37,38"
6215,10,H8,Tornada,10,Gran de Sant Andreu - Fabra i Puig,641,14:56:32,56.53,9.749999999966667,585.0,"13,14,15,16,17,18,19,20,21,22,23,24,25,26,27,28,29,30,31,32,33,34,35,36,37,38"
6409,11,H8,Tornada,10,Gran de Sant Andreu - Fabra i Puig,641,15:08:33,8.55,12.000000000066667,720.0,"13,14,15,16,17,18,19,20,21,22,23,24,25,26,27,28,29,30,31,32,33,34,35,36,37,38"
6075,3,H8,Tornada,10,Gran de Sant Andreu - Fabra i Puig,641,15:16:12,16.2,7.666666666599999,460.0,"13,14,15,16,17,18,19,20,21,22,23,24,25,26,27,28,29,30,31,32,33,34,35,36,37,38"
6217,6,H8,Tornada,10,Gran de Sant Andreu - Fabra i Puig,641,15:17:52,17.87,1.6500000000333332,99.0,"12,13,14,15,16,17,18,19,20,21,22,23,24,25,26,27,28,29,30,31,32,33,34,35,36,37,38"
6411,12,H8,Tornada,10,Gran de Sant Andreu - Fabra i Puig,641,15:25:51,25.85,7.983333333333333,479.0,"13,14,15,16,17,18,19,20,21,22,23,24,25,26,27,28,29,30,31,32,33,34,35,36,37,38"
6100,12,H8,Tornada,10,Gran de Sant Andreu - Fabra i Puig,641,16:01:45,1.75,3.466666666666667,208.0,"13,14,15,16,17,18,19,20,21,22,23,24,25,26,27,28,29,30,31,32,33,34,35,36,37,38"
6415,12,H8,Tornada,10,Gran de Sant Andreu - Fabra i Puig,641,16:06:40,6.67,4.916666666666667,295.0,"13,14,15,16,17,18,19,20,21,22,23,24,25,26,27,28,29,30,31,32,33,34,35,36,37,38"
6028,10,H8,Tornada,10,Gran de Sant Andreu - Fabra i Puig,641,16:15:47,15.78,9.1166666667,547.0,"13,14,15,16,17,18,19,20,21,22,23,24,25,26,27,28,29,30,31,32,33,34,35,36,37,38"
6802,10,H8,Tornada,10,Gran de Sant Andreu - Fabra i Puig,641,16:29:26,29.43,13.666666666600001,820.0,"13,14,15,16,17,18,19,20,21,22,23,24,25,26,27,28,29,30,31,32,33,34,35,36,37,38"
6201,1,H8,Tornada,10,Gran de Sant Andreu - Fabra i Puig,641,16:35:04,35.07,5.633333333333334,338.0,"13,14,15,16,17,18,19,20,21,22,23,24,25,26,27,28,29,30,31,32,33,34,35,36,37,38"
6211,13,H8,Tornada,10,Gran de Sant Andreu - Fabra i Puig,641,16:39:53,39.88,4.800000000033333,288.0,"13,14,15,16,17,18,19,20,21,22,23,24,25,26,27,28,29,30,31,32,33,34,35,36,37,38"
6217,7,H8,Tornada,10,Gran de Sant Andreu - Fabra i Puig,641,16:48:24,48.4,8.5333333333,512.0,"13,14,15,16,17,18,19,20,21,22,23,24,25,26,27,28,29,30,31,32,33,34,35,36,37,38"
6800,5,H8,Tornada,10,Gran de Sant Andreu - Fabra i Puig,641,16:54:04,54.07,5.666666666666667,340.0,"13,14,15,16,17,18,19,20,21,22,23,24,25,26,27,28,29,30,31,32,33,34,35,36,37,38"
6402,13,H8,Tornada,10,Gran de Sant Andreu - Fabra i Puig,641,17:03:50,3.83,9.766666666666667,586.0,"4,5,6,13,14,15,16,17,18,19,20,21,22,23,24,25,26,27,28,29,30,31,32,33,34,35,36,37,38"
6027,11,H8,Tornada,10,Gran de Sant Andreu - Fabra i Puig,641,17:10:38,10.63,6.8000000000166665,408.0,"8,13,14,15,16,17,18,19,20,21,22,23,24,25,26,27,28,29,30,31,32,33,34,35,36,37,38"
6213,13,H8,Tornada,10,Gran de Sant Andreu - Fabra i Puig,641,17:18:43,18.72,8.066666666716667,484.0,"1,2,13,14,15,16,17,18,19,20,21,22,23,24,25,26,27,28,29,30,31,32,33,34,35,36,37,38"
6034,13,H8,Tornada,10,Gran de Sant Andreu - Fabra i Puig,641,17:30:09,30.15,11.44999999995,687.0,"13,14,15,16,17,18,19,20,21,22,23,24,25,26,27,28,29,30,31,32,33,34,35,36,37,38"
6406,13,H8,Tornada,10,Gran de Sant Andreu - Fabra i Puig,641,17:39:46,39.77,9.600000000016667,576.0,"13,14,15,16,17,18,19,20,21,22,23,24,25,26,27,28,29,30,31,32,33,34,35,36,37,38"
6408,13,H8,Tornada,10,Gran de Sant Andreu - Fabra i Puig,641,17:49:08,49.13,9.3833333333,563.0,"3,13,14,15,16,17,18,19,20,21,22,23,24,25,26,27,28,29,30,31,32,33,34,35,36,37,38"
6215,13,H8,Tornada,10,Gran de Sant Andreu - Fabra i Puig,641,17:59:56,59.93,10.783333333366667,647.0,"13,14,15,16,17,18,19,20,21,22,23,24,25,26,27,28,29,30,31,32,33,34,35,36,37,38"
6409,14,H8,Tornada,10,Gran de Sant Andreu - Fabra i Puig,641,18:09:08,9.13,9.200000000033333,552.0,"1,2,3,4,5,6,7,13,14,15,16,17,18,19,20,21,22,23,24,25,26,27,28,29,30,31,32,33,34,35,36,37,38"
6075,6,H8,Tornada,10,Gran de Sant Andreu - Fabra i Puig,641,18:16:44,16.73,7.6166666666,457.0,"1,2,13,14,15,16,17,18,19,20,21,22,23,24,25,26,27,28,29,30,31,32,33,34,35,36,37,38"
6411,15,H8,Tornada,10,Gran de Sant Andreu - Fabra i Puig,641,18:29:41,29.68,12.933333333399998,776.0,"13,14,15,16,17,18,19,20,21,22,23,24,25,26,27,28,29,30,31,32,33,34,35,36,37,38"
6036,4,H8,Tornada,10,Gran de Sant Andreu - Fabra i Puig,641,18:37:46,37.77,8.0833333333,485.0,"13,14,15,16,17,18,19,20,21,22,23,24,25,26,27,28,29,30,31,32,33,34,35,36,37,38"
6117,1,H8,Tornada,10,Gran de Sant Andreu - Fabra i Puig,641,18:51:18,51.3,13.549999999966667,813.0,"1,2,13,14,15,16,17,18,19,20,21,22,23,24,25,26,27,28,29,30,31,32,33,34,35,36,37,38"
6415,15,H8,Tornada,10,Gran de Sant Andreu - Fabra i Puig,641,19:00:31,0.52,9.200000000033333,552.0,"13,14,15,16,17,18,19,20,21,22,23,24,25,26,27,28,29,30,31,32,33,34,35,36,37,38"
6028,13,H8,Tornada,10,Gran de Sant Andreu - Fabra i Puig,641,19:09:49,9.82,9.316666666633333,559.0,"13,14,15,16,17,18,19,20,21,22,23,24,25,26,27,28,29,30,31,32,33,34,35,36,37,38"
6211,16,H8,Tornada,10,Gran de Sant Andreu - Fabra i Puig,641,19:27:43,27.72,17.8833333334,1073.0,"13,14,15,16,17,18,19,20,21,22,23,24,25,26,27,28,29,30,31,32,33,34,35,36,37,38"
6217,10,H8,Tornada,10,Gran de Sant Andreu - Fabra i Puig,641,19:33:31,33.52,5.8166666666,349.0,"13,14,15,16,17,18,19,20,21,22,23,24,25,26,27,28,29,30,31,32,33,34,35,36,37,38"
6800,8,H8,Tornada,10,Gran de Sant Andreu - Fabra i Puig,641,19:43:53,43.88,10.366666666666667,622.0,"13,14,15,16,17,18,19,20,21,22,23,24,25,26,27,28,29,30,31,32,33,34,35,36,37,38"
6402,16,H8,Tornada,10,Gran de Sant Andreu - Fabra i Puig,641,19:53:59,53.98,10.083333333399999,605.0,"13,14,15,16,17,18,19,20,21,22,23,24,25,26,27,28,29,30,31,32,33,34,35,36,37,38"
6213,16,H8,Tornada,10,Gran de Sant Andreu - Fabra i Puig,641,20:04:18,4.3,10.316666666666666,619.0,"13,14,15,16,17,18,19,20,21,22,23,24,25,26,27,28,29,30,31,32,33,34,35,36,37,38"
6034,16,H8,Tornada,10,Gran de Sant Andreu - Fabra i Puig,641,20:11:46,11.77,7.4666666666333334,448.0,"13,14,15,16,17,18,19,20,21,22,23,24,25,26,27,28,29,30,31,32,33,34,35,36,37,38"
6408,16,H8,Tornada,10,Gran de Sant Andreu - Fabra i Puig,641,20:28:30,28.5,16.733333333366666,1004.0,"13,14,15,16,17,18,19,20,21,22,23,24,25,26,27,28,29,30,31,32,33,34,35,36,37,38"
6409,16,H8,Tornada,10,Gran de Sant Andreu - Fabra i Puig,641,20:49:13,49.22,20.716666666666665,1243.0,"13,14,15,16,17,18,19,20,21,22,23,24,25,26,27,28,29,30,31,32,33,34,35,36,37,38"
6411,17,H8,Tornada,10,Gran de Sant Andreu - Fabra i Puig,641,21:03:35,3.58,14.366666666666667,862.0,"13,14,15,16,17,18,19,20,21,22,23,24,25,26,27,28,29,30,31,32,33,34,35,36,37,38"
6117,4,H8,Tornada,10,Gran de Sant Andreu - Fabra i Puig,641,21:24:27,24.45,20.883333333266666,1253.0,"13,14,15,16,17,18,19,20,21,22,23,24,25,26,27,28,29,30,31,32,33,34,35,36,37,38"
6415,18,H8,Tornada,10,Gran de Sant Andreu - Fabra i Puig,641,21:39:32,39.53,15.083333333333334,905.0,"13,14,15,16,17,18,19,20,21,22,23,24,25,26,27,28,29,30,31,32,33,34,35,36,37,38"
6411,1,H8,Tornada,11,Sagrera - Parc de la Pegaso,409,03:47:10,47.17,,,"1,13,14,15,16,17,18,19,20,21,22,23,24,25,26,27,28,29,30,31,32,33,34,35,36,37,38"
6100,1,H8,Tornada,11,Sagrera - Parc de la Pegaso,409,04:02:46,2.77,15.616666666633334,937.0,"13,14,15,16,17,18,19,20,21,22,23,24,25,26,27,28,29,30,31,32,33,34,35,36,37,38"
6415,1,H8,Tornada,11,Sagrera - Parc de la Pegaso,409,04:19:06,19.1,16.316666666733333,979.0,"13,14,15,16,17,18,19,20,21,22,23,24,25,26,27,28,29,30,31,32,33,34,35,36,37,38"
6209,1,H8,Tornada,11,Sagrera - Parc de la Pegaso,409,04:36:59,36.98,17.899999999933335,1074.0,"13,14,15,16,17,18,19,20,21,22,23,24,25,26,27,28,29,30,31,32,33,34,35,36,37,38"
6211,1,H8,Tornada,11,Sagrera - Parc de la Pegaso,409,04:43:52,43.87,6.883333333333334,413.0,"13,14,15,16,17,18,19,20,21,22,23,24,25,26,27,28,29,30,31,32,33,34,35,36,37,38"
6401,1,H8,Tornada,11,Sagrera - Parc de la Pegaso,409,04:56:26,56.43,12.566666666666666,754.0,"13,14,15,16,17,18,19,20,21,22,23,24,25,26,27,28,29,30,31,32,33,34,35,36,37,38"
6402,1,H8,Tornada,11,Sagrera - Parc de la Pegaso,409,05:04:17,4.28,7.833333333400001,470.0,"13,14,15,16,17,18,19,20,21,22,23,24,25,26,27,28,29,30,31,32,33,34,35,36,37,38"
6213,1,H8,Tornada,11,Sagrera - Parc de la Pegaso,409,05:16:32,16.53,12.25,735.0,"13,14,15,16,17,18,19,20,21,22,23,24,25,26,27,28,29,30,31,32,33,34,35,36,37,38"
6034,1,H8,Tornada,11,Sagrera - Parc de la Pegaso,409,05:27:09,27.15,10.633333333266668,638.0,"1,2,3,4,5,6,7,8,9,13,14,15,16,17,18,19,20,21,22,23,24,25,26,27,28,29,30,31,32,33,34,35,36,37,38"
6406,1,H8,Tornada,11,Sagrera - Parc de la Pegaso,409,05:31:45,31.75,4.583333333366666,275.0,"1,13,14,15,16,17,18,19,20,21,22,23,24,25,26,27,28,29,30,31,32,33,34,35,36,37,38"
6110,1,H8,Tornada,11,Sagrera - Parc de la Pegaso,409,05:43:42,43.7,11.950000000016667,717.0,"13,14,15,16,17,18,19,20,21,22,23,24,25,26,27,28,29,30,31,32,33,34,35,36,37,38"
6408,1,H8,Tornada,11,Sagrera - Parc de la Pegaso,409,05:53:01,53.02,9.316666666683334,559.0,"13,14,15,16,17,18,19,20,21,22,23,24,25,26,27,28,29,30,31,32,33,34,35,36,37,38"
6215,1,H8,Tornada,11,Sagrera - Parc de la Pegaso,409,06:01:43,1.72,8.7166666666,523.0,"13,14,15,16,17,18,19,20,21,22,23,24,25,26,27,28,29,30,31,32,33,34,35,36,37,38"
6409,2,H8,Tornada,11,Sagrera - Parc de la Pegaso,409,06:14:43,14.72,13.0,780.0,"13,14,15,16,17,18,19,20,21,22,23,24,25,26,27,28,29,30,31,32,33,34,35,36,37,38"
6217,1,H8,Tornada,11,Sagrera - Parc de la Pegaso,409,06:20:12,20.2,5.466666666699999,328.0,"13,14,15,16,17,18,19,20,21,22,23,24,25,26,27,28,29,30,31,32,33,34,35,36,37,38"
6411,3,H8,Tornada,11,Sagrera - Parc de la Pegaso,409,06:30:26,30.43,10.249999999966667,615.0,"13,14,15,16,17,18,19,20,21,22,23,24,25,26,27,28,29,30,31,32,33,34,35,36,37,38"
6407,1,H8,Tornada,11,Sagrera - Parc de la Pegaso,409,06:40:13,40.22,9.766666666733332,586.0,"13,14,15,16,17,18,19,20,21,22,23,24,25,26,27,28,29,30,31,32,33,34,35,36,37,38"
6204,1,H8,Tornada,11,Sagrera - Parc de la Pegaso,409,06:49:02,49.03,8.816666666633333,529.0,"13,14,15,16,17,18,19,20,21,22,23,24,25,26,27,28,29,30,31,32,33,34,35,36,37,38"
6100,4,H8,Tornada,11,Sagrera - Parc de la Pegaso,409,06:58:24,58.4,9.3833333333,563.0,"13,14,15,16,17,18,19,20,21,22,23,24,25,26,27,28,29,30,31,32,33,34,35,36,37,38"
6415,3,H8,Tornada,11,Sagrera - Parc de la Pegaso,409,07:06:57,6.95,8.5333333334,512.0,"13,14,15,16,17,18,19,20,21,22,23,24,25,26,27,28,29,30,31,32,33,34,35,36,37,38"
6028,1,H8,Tornada,11,Sagrera - Parc de la Pegaso,409,07:19:28,19.47,12.533333333266667,752.0,"13,14,15,16,17,18,19,20,21,22,23,24,25,26,27,28,29,30,31,32,33,34,35,36,37,38"
6802,1,H8,Tornada,11,Sagrera - Parc de la Pegaso,409,07:25:31,25.52,6.05,363.0,"13,14,15,16,17,18,19,20,21,22,23,24,25,26,27,28,29,30,31,32,33,34,35,36,37,38"
6209,4,H8,Tornada,11,Sagrera - Parc de la Pegaso,409,07:35:03,35.05,9.533333333333333,572.0,"13,14,15,16,17,18,19,20,21,22,23,24,25,26,27,28,29,30,31,32,33,34,35,36,37,38"
6211,4,H8,Tornada,11,Sagrera - Parc de la Pegaso,409,07:45:06,45.1,10.0333333334,602.0,"13,14,15,16,17,18,19,20,21,22,23,24,25,26,27,28,29,30,31,32,33,34,35,36,37,38"
6402,4,H8,Tornada,11,Sagrera - Parc de la Pegaso,409,08:00:18,0.3,15.199999999966668,912.0,"13,14,15,16,17,18,19,20,21,22,23,24,25,26,27,28,29,30,31,32,33,34,35,36,37,38"
6027,2,H8,Tornada,11,Sagrera - Parc de la Pegaso,409,08:08:41,8.68,8.399999999966667,504.0,"13,14,15,16,17,18,19,20,21,22,23,24,25,26,27,28,29,30,31,32,33,34,35,36,37,38"
6213,4,H8,Tornada,11,Sagrera - Parc de la Pegaso,409,08:15:19,15.32,6.633333333333334,398.0,"13,14,15,16,17,18,19,20,21,22,23,24,25,26,27,28,29,30,31,32,33,34,35,36,37,38"
6034,4,H8,Tornada,11,Sagrera - Parc de la Pegaso,409,08:24:22,24.37,9.05,543.0,"13,14,15,16,17,18,19,20,21,22,23,24,25,26,27,28,29,30,31,32,33,34,35,36,37,38"
6406,4,H8,Tornada,11,Sagrera - Parc de la Pegaso,409,08:35:30,35.5,11.1166666667,667.0,"3,4,5,6,13,14,15,16,17,18,19,20,21,22,23,24,25,26,27,28,29,30,31,32,33,34,35,36,37,38"
6110,4,H8,Tornada,11,Sagrera - Parc de la Pegaso,409,08:45:39,45.65,10.15,609.0,"13,14,15,16,17,18,19,20,21,22,23,24,25,26,27,28,29,30,31,32,33,34,35,36,37,38"
6408,4,H8,Tornada,11,Sagrera - Parc de la Pegaso,409,08:51:45,51.75,6.1,366.0,"2,13,14,15,16,17,18,19,20,21,22,23,24,25,26,27,28,29,30,31,32,33,34,35,36,37,38"
6215,4,H8,Tornada,11,Sagrera - Parc de la Pegaso,409,09:04:45,4.75,13.0,780.0,"13,14,15,16,17,18,19,20,21,22,23,24,25,26,27,28,29,30,31,32,33,34,35,36,37,38"
6409,5,H8,Tornada,11,Sagrera - Parc de la Pegaso,409,09:11:42,11.7,6.95,417.0,"13,14,15,16,17,18,19,20,21,22,23,24,25,26,27,28,29,30,31,32,33,34,35,36,37,38"
6217,4,H8,Tornada,11,Sagrera - Parc de la Pegaso,409,09:25:38,25.63,13.933333333333334,836.0,"13,14,15,16,17,18,19,20,21,22,23,24,25,26,27,28,29,30,31,32,33,34,35,36,37,38"
6411,6,H8,Tornada,11,Sagrera - Parc de la Pegaso,409,09:31:24,31.4,5.7666666667,346.0,"13,14,15,16,17,18,19,20,21,22,23,24,25,26,27,28,29,30,31,32,33,34,35,36,37,38"
6407,4,H8,Tornada,11,Sagrera - Parc de la Pegaso,409,09:46:35,46.58,15.183333333333334,911.0,"13,14,15,16,17,18,19,20,21,22,23,24,25,26,27,28,29,30,31,32,33,34,35,36,37,38"
6100,6,H8,Tornada,11,Sagrera - Parc de la Pegaso,409,09:50:38,50.63,4.066666666600001,244.0,"13,14,15,16,17,18,19,20,21,22,23,24,25,26,27,28,29,30,31,32,33,34,35,36,37,38"
6415,6,H8,Tornada,11,Sagrera - Parc de la Pegaso,409,10:03:21,3.35,11.916666666633335,715.0,"13,14,15,16,17,18,19,20,21,22,23,24,25,26,27,28,29,30,31,32,33,34,35,36,37,38"
6028,4,H8,Tornada,11,Sagrera - Parc de la Pegaso,409,10:12:16,12.27,8.9333333333,536.0,"5,6,13,14,15,16,17,18,19,20,21,22,23,24,25,26,27,28,29,30,31,32,33,34,35,36,37,38"
6802,4,H8,Tornada,11,Sagrera - Parc de la Pegaso,409,10:30:22,30.37,18.1,1086.0,"13,14,15,16,17,18,19,20,21,22,23,24,25,26,27,28,29,30,31,32,33,34,35,36,37,38"
6209,7,H8,Tornada,11,Sagrera - Parc de la Pegaso,409,10:39:58,39.97,9.583333333366665,575.0,"13,14,15,16,17,18,19,20,21,22,23,24,25,26,27,28,29,30,31,32,33,34,35,36,37,38"
6211,7,H8,Tornada,11,Sagrera - Parc de la Pegaso,409,10:45:30,45.5,5.533333333333333,332.0,"13,14,15,16,17,18,19,20,21,22,23,24,25,26,27,28,29,30,31,32,33,34,35,36,37,38"
6402,7,H8,Tornada,11,Sagrera - Parc de la Pegaso,409,11:04:59,4.98,19.49999999996667,1170.0,"1,2,13,14,15,16,17,18,19,20,21,22,23,24,25,26,27,28,29,30,31,32,33,34,35,36,37,38"
6027,5,H8,Tornada,11,Sagrera - Parc de la Pegaso,409,11:12:49,12.82,7.833333333333333,470.0,"13,14,15,16,17,18,19,20,21,22,23,24,25,26,27,28,29,30,31,32,33,34,35,36,37,38"
6213,7,H8,Tornada,11,Sagrera - Parc de la Pegaso,409,11:26:32,26.53,13.716666666666667,823.0,"13,14,15,16,17,18,19,20,21,22,23,24,25,26,27,28,29,30,31,32,33,34,35,36,37,38"
6034,7,H8,Tornada,11,Sagrera - Parc de la Pegaso,409,11:31:25,31.42,4.8666666667,292.0,"1,2,13,14,15,16,17,18,19,20,21,22,23,24,25,26,27,28,29,30,31,32,33,34,35,36,37,38"
6406,7,H8,Tornada,11,Sagrera - Parc de la Pegaso,409,11:40:13,40.22,8.8,528.0,"13,14,15,16,17,18,19,20,21,22,23,24,25,26,27,28,29,30,31,32,33,34,35,36,37,38"
6408,7,H8,Tornada,11,Sagrera - Parc de la Pegaso,409,11:49:18,49.3,9.099999999966666,546.0,"13,14,15,16,17,18,19,20,21,22,23,24,25,26,27,28,29,30,31,32,33,34,35,36,37,38"
6215,7,H8,Tornada,11,Sagrera - Parc de la Pegaso,409,12:00:15,0.25,10.95,657.0,"13,14,15,16,17,18,19,20,21,22,23,24,25,26,27,28,29,30,31,32,33,34,35,36,37,38"
6409,8,H8,Tornada,11,Sagrera - Parc de la Pegaso,409,12:10:31,10.52,10.250000000033333,615.0,"13,14,15,16,17,18,19,20,21,22,23,24,25,26,27,28,29,30,31,32,33,34,35,36,37,38"
6411,9,H8,Tornada,11,Sagrera - Parc de la Pegaso,409,12:31:57,31.95,21.433333333366665,1286.0,"1,2,13,14,15,16,17,18,19,20,21,22,23,24,25,26,27,28,29,30,31,32,33,34,35,36,37,38"
6407,7,H8,Tornada,11,Sagrera - Parc de la Pegaso,409,12:43:50,43.83,11.883333333333333,713.0,"13,14,15,16,17,18,19,20,21,22,23,24,25,26,27,28,29,30,31,32,33,34,35,36,37,38"
6100,9,H8,Tornada,11,Sagrera - Parc de la Pegaso,409,12:55:45,55.75,11.916666666666666,715.0,"13,14,15,16,17,18,19,20,21,22,23,24,25,26,27,28,29,30,31,32,33,34,35,36,37,38"
6415,9,H8,Tornada,11,Sagrera - Parc de la Pegaso,409,13:08:03,8.05,12.316666666600002,739.0,"13,14,15,16,17,18,19,20,21,22,23,24,25,26,27,28,29,30,31,32,33,34,35,36,37,38"
6028,7,H8,Tornada,11,Sagrera - Parc de la Pegaso,409,13:17:09,17.15,9.1,546.0,"13,14,15,16,17,18,19,20,21,22,23,24,25,26,27,28,29,30,31,32,33,34,35,36,37,38"
6802,7,H8,Tornada,11,Sagrera - Parc de la Pegaso,409,13:29:20,29.33,12.183333333333334,731.0,"1,2,13,14,15,16,17,18,19,20,21,22,23,24,25,26,27,28,29,30,31,32,33,34,35,36,37,38"
6211,10,H8,Tornada,11,Sagrera - Parc de la Pegaso,409,13:39:57,39.95,10.600000000066666,636.0,"13,14,15,16,17,18,19,20,21,22,23,24,25,26,27,28,29,30,31,32,33,34,35,36,37,38"
6800,2,H8,Tornada,11,Sagrera - Parc de la Pegaso,409,13:47:54,47.9,7.95,477.0,"13,14,15,16,17,18,19,20,21,22,23,24,25,26,27,28,29,30,31,32,33,34,35,36,37,38"
6213,10,H8,Tornada,11,Sagrera - Parc de la Pegaso,409,14:01:16,1.27,13.366666666666667,802.0,"1,2,13,14,15,16,17,18,19,20,21,22,23,24,25,26,27,28,29,30,31,32,33,34,35,36,37,38"
6402,10,H8,Tornada,11,Sagrera - Parc de la Pegaso,409,14:06:19,6.32,5.0666666666,304.0,"12,13,14,15,16,17,18,19,20,21,22,23,24,25,26,27,28,29,30,31,32,33,34,35,36,37,38"
6034,10,H8,Tornada,11,Sagrera - Parc de la Pegaso,409,14:27:01,27.02,20.099999999966666,1206.0,"2,13,14,15,16,17,18,19,20,21,22,23,24,25,26,27,28,29,30,31,32,33,34,35,36,37,38"
6406,10,H8,Tornada,11,Sagrera - Parc de la Pegaso,409,14:35:57,35.95,8.9166666667,535.0,"13,14,15,16,17,18,19,20,21,22,23,24,25,26,27,28,29,30,31,32,33,34,35,36,37,38"
6408,10,H8,Tornada,11,Sagrera - Parc de la Pegaso,409,14:48:31,48.52,12.5833333333,755.0,"13,14,15,16,17,18,19,20,21,22,23,24,25,26,27,28,29,30,31,32,33,34,35,36,37,38"
6215,10,H8,Tornada,11,Sagrera - Parc de la Pegaso,409,14:58:55,58.92,10.4,624.0,"13,14,15,16,17,18,19,20,21,22,23,24,25,26,27,28,29,30,31,32,33,34,35,36,37,38"
6409,11,H8,Tornada,11,Sagrera - Parc de la Pegaso,409,15:11:01,11.02,12.1,726.0,"13,14,15,16,17,18,19,20,21,22,23,24,25,26,27,28,29,30,31,32,33,34,35,36,37,38"
6075,3,H8,Tornada,11,Sagrera - Parc de la Pegaso,409,15:17:33,17.55,6.533333333333333,392.0,"13,14,15,16,17,18,19,20,21,22,23,24,25,26,27,28,29,30,31,32,33,34,35,36,37,38"
6217,6,H8,Tornada,11,Sagrera - Parc de la Pegaso,409,15:19:26,19.43,1.8666666667333334,112.0,"12,13,14,15,16,17,18,19,20,21,22,23,24,25,26,27,28,29,30,31,32,33,34,35,36,37,38"
6411,12,H8,Tornada,11,Sagrera - Parc de la Pegaso,409,15:27:43,27.72,8.283333333333333,497.0,"13,14,15,16,17,18,19,20,21,22,23,24,25,26,27,28,29,30,31,32,33,34,35,36,37,38"
6100,12,H8,Tornada,11,Sagrera - Parc de la Pegaso,409,16:03:04,3.07,3.3666666666666667,202.0,"13,14,15,16,17,18,19,20,21,22,23,24,25,26,27,28,29,30,31,32,33,34,35,36,37,38"
6415,12,H8,Tornada,11,Sagrera - Parc de la Pegaso,409,16:08:06,8.1,5.0166666667,301.0,"13,14,15,16,17,18,19,20,21,22,23,24,25,26,27,28,29,30,31,32,33,34,35,36,37,38"
6028,10,H8,Tornada,11,Sagrera - Parc de la Pegaso,409,16:17:27,17.45,9.366666666633334,562.0,"13,14,15,16,17,18,19,20,21,22,23,24,25,26,27,28,29,30,31,32,33,34,35,36,37,38"
6802,10,H8,Tornada,11,Sagrera - Parc de la Pegaso,409,16:31:00,31.0,13.533333333366667,812.0,"13,14,15,16,17,18,19,20,21,22,23,24,25,26,27,28,29,30,31,32,33,34,35,36,37,38"
6201,1,H8,Tornada,11,Sagrera - Parc de la Pegaso,409,16:35:55,35.92,4.916666666666667,295.0,"13,14,15,16,17,18,19,20,21,22,23,24,25,26,27,28,29,30,31,32,33,34,35,36,37,38"
6211,13,H8,Tornada,11,Sagrera - Parc de la Pegaso,409,16:41:56,41.93,6.033333333300001,362.0,"13,14,15,16,17,18,19,20,21,22,23,24,25,26,27,28,29,30,31,32,33,34,35,36,37,38"
6217,7,H8,Tornada,11,Sagrera - Parc de la Pegaso,409,16:49:54,49.9,7.950000000033333,477.0,"13,14,15,16,17,18,19,20,21,22,23,24,25,26,27,28,29,30,31,32,33,34,35,36,37,38"
6800,5,H8,Tornada,11,Sagrera - Parc de la Pegaso,409,16:55:39,55.65,5.750000000033333,345.0,"13,14,15,16,17,18,19,20,21,22,23,24,25,26,27,28,29,30,31,32,33,34,35,36,37,38"
6402,13,H8,Tornada,11,Sagrera - Parc de la Pegaso,409,17:05:03,5.05,9.4,564.0,"4,5,6,13,14,15,16,17,18,19,20,21,22,23,24,25,26,27,28,29,30,31,32,33,34,35,36,37,38"
6027,11,H8,Tornada,11,Sagrera - Parc de la Pegaso,409,17:12:09,12.15,7.099999999966667,426.0,"8,13,14,15,16,17,18,19,20,21,22,23,24,25,26,27,28,29,30,31,32,33,34,35,36,37,38"
6213,13,H8,Tornada,11,Sagrera - Parc de la Pegaso,409,17:20:08,20.13,7.983333333333333,479.0,"1,2,13,14,15,16,17,18,19,20,21,22,23,24,25,26,27,28,29,30,31,32,33,34,35,36,37,38"
6034,13,H8,Tornada,11,Sagrera - Parc de la Pegaso,409,17:31:53,31.88,11.766666666633334,706.0,"13,14,15,16,17,18,19,20,21,22,23,24,25,26,27,28,29,30,31,32,33,34,35,36,37,38"
6406,13,H8,Tornada,11,Sagrera - Parc de la Pegaso,409,17:41:42,41.7,9.816666666666666,589.0,"13,14,15,16,17,18,19,20,21,22,23,24,25,26,27,28,29,30,31,32,33,34,35,36,37,38"
6408,13,H8,Tornada,11,Sagrera - Parc de la Pegaso,409,17:50:21,50.35,8.65,519.0,"3,13,14,15,16,17,18,19,20,21,22,23,24,25,26,27,28,29,30,31,32,33,34,35,36,37,38"
6215,13,H8,Tornada,11,Sagrera - Parc de la Pegaso,409,18:00:57,0.95,10.583333333399999,635.0,"13,14,15,16,17,18,19,20,21,22,23,24,25,26,27,28,29,30,31,32,33,34,35,36,37,38"
6409,14,H8,Tornada,11,Sagrera - Parc de la Pegaso,409,18:11:43,11.72,10.783333333266667,647.0,"1,2,3,4,5,6,7,13,14,15,16,17,18,19,20,21,22,23,24,25,26,27,28,29,30,31,32,33,34,35,36,37,38"
6075,6,H8,Tornada,11,Sagrera - Parc de la Pegaso,409,18:18:18,18.3,6.583333333333333,395.0,"1,2,13,14,15,16,17,18,19,20,21,22,23,24,25,26,27,28,29,30,31,32,33,34,35,36,37,38"
6411,15,H8,Tornada,11,Sagrera - Parc de la Pegaso,409,18:31:18,31.3,13.0,780.0,"13,14,15,16,17,18,19,20,21,22,23,24,25,26,27,28,29,30,31,32,33,34,35,36,37,38"
6036,4,H8,Tornada,11,Sagrera - Parc de la Pegaso,409,18:39:47,39.78,8.483333333333333,509.0,"13,14,15,16,17,18,19,20,21,22,23,24,25,26,27,28,29,30,31,32,33,34,35,36,37,38"
6117,1,H8,Tornada,11,Sagrera - Parc de la Pegaso,409,18:52:58,52.97,13.183333333333334,791.0,"1,2,13,14,15,16,17,18,19,20,21,22,23,24,25,26,27,28,29,30,31,32,33,34,35,36,37,38"
6415,15,H8,Tornada,11,Sagrera - Parc de la Pegaso,409,19:03:37,3.62,10.6333333334,638.0,"13,14,15,16,17,18,19,20,21,22,23,24,25,26,27,28,29,30,31,32,33,34,35,36,37,38"
6028,13,H8,Tornada,11,Sagrera - Parc de la Pegaso,409,19:10:51,10.85,7.233333333333333,434.0,"13,14,15,16,17,18,19,20,21,22,23,24,25,26,27,28,29,30,31,32,33,34,35,36,37,38"
6211,16,H8,Tornada,11,Sagrera - Parc de la Pegaso,409,19:29:08,29.13,18.283333333333335,1097.0,"13,14,15,16,17,18,19,20,21,22,23,24,25,26,27,28,29,30,31,32,33,34,35,36,37,38"
6217,10,H8,Tornada,11,Sagrera - Parc de la Pegaso,409,19:34:58,34.97,5.833333333300001,350.0,"13,14,15,16,17,18,19,20,21,22,23,24,25,26,27,28,29,30,31,32,33,34,35,36,37,38"
6800,8,H8,Tornada,11,Sagrera - Parc de la Pegaso,409,19:45:11,45.18,10.216666666666667,613.0,"13,14,15,16,17,18,19,20,21,22,23,24,25,26,27,28,29,30,31,32,33,34,35,36,37,38"
6402,16,H8,Tornada,11,Sagrera - Parc de la Pegaso,409,19:56:20,56.33,11.150000000033334,669.0,"13,14,15,16,17,18,19,20,21,22,23,24,25,26,27,28,29,30,31,32,33,34,35,36,37,38"
6213,16,H8,Tornada,11,Sagrera - Parc de la Pegaso,409,20:06:45,6.75,10.416666666633335,625.0,"13,14,15,16,17,18,19,20,21,22,23,24,25,26,27,28,29,30,31,32,33,34,35,36,37,38"
6034,16,H8,Tornada,11,Sagrera - Parc de la Pegaso,409,20:12:41,12.68,5.949999999966667,357.0,"13,14,15,16,17,18,19,20,21,22,23,24,25,26,27,28,29,30,31,32,33,34,35,36,37,38"
6408,16,H8,Tornada,11,Sagrera - Parc de la Pegaso,409,20:28:54,28.9,16.216666666666665,973.0,"13,14,15,16,17,18,19,20,21,22,23,24,25,26,27,28,29,30,31,32,33,34,35,36,37,38"
6409,16,H8,Tornada,11,Sagrera - Parc de la Pegaso,409,20:52:22,52.37,23.466666666666665,1408.0,"13,14,15,16,17,18,19,20,21,22,23,24,25,26,27,28,29,30,31,32,33,34,35,36,37,38"
6411,17,H8,Tornada,11,Sagrera - Parc de la Pegaso,409,21:04:11,4.18,11.816666666666666,709.0,"13,14,15,16,17,18,19,20,21,22,23,24,25,26,27,28,29,30,31,32,33,34,35,36,37,38"
6117,4,H8,Tornada,11,Sagrera - Parc de la Pegaso,409,21:25:10,25.17,20.96666666673333,1258.0,"13,14,15,16,17,18,19,20,21,22,23,24,25,26,27,28,29,30,31,32,33,34,35,36,37,38"
6415,18,H8,Tornada,11,Sagrera - Parc de la Pegaso,409,21:40:32,40.53,15.383333333266668,923.0,"13,14,15,16,17,18,19,20,21,22,23,24,25,26,27,28,29,30,31,32,33,34,35,36,37,38"
6411,1,H8,Tornada,12,Sagrera - Martí Molins,454,03:48:45,48.75,,,"1,13,14,15,16,17,18,19,20,21,22,23,24,25,26,27,28,29,30,31,32,33,34,35,36,37,38"
6100,1,H8,Tornada,12,Sagrera - Martí Molins,454,04:04:07,4.12,15.366666666666667,922.0,"13,14,15,16,17,18,19,20,21,22,23,24,25,26,27,28,29,30,31,32,33,34,35,36,37,38"
6415,1,H8,Tornada,12,Sagrera - Martí Molins,454,04:20:04,20.07,15.95,957.0,"13,14,15,16,17,18,19,20,21,22,23,24,25,26,27,28,29,30,31,32,33,34,35,36,37,38"
6209,1,H8,Tornada,12,Sagrera - Martí Molins,454,04:38:31,38.52,18.433333333366665,1106.0,"13,14,15,16,17,18,19,20,21,22,23,24,25,26,27,28,29,30,31,32,33,34,35,36,37,38"
6211,1,H8,Tornada,12,Sagrera - Martí Molins,454,04:45:06,45.1,6.583333333333333,395.0,"13,14,15,16,17,18,19,20,21,22,23,24,25,26,27,28,29,30,31,32,33,34,35,36,37,38"
6401,1,H8,Tornada,12,Sagrera - Martí Molins,454,04:58:27,58.45,13.350000000033333,801.0,"13,14,15,16,17,18,19,20,21,22,23,24,25,26,27,28,29,30,31,32,33,34,35,36,37,38"
6402,1,H8,Tornada,12,Sagrera - Martí Molins,454,05:06:22,6.37,7.933333333283333,476.0,"13,14,15,16,17,18,19,20,21,22,23,24,25,26,27,28,29,30,31,32,33,34,35,36,37,38"
6213,1,H8,Tornada,12,Sagrera - Martí Molins,454,05:18:25,18.42,12.033333333383332,722.0,"13,14,15,16,17,18,19,20,21,22,23,24,25,26,27,28,29,30,31,32,33,34,35,36,37,38"
6034,1,H8,Tornada,12,Sagrera - Martí Molins,454,05:29:37,29.62,11.2166666666,673.0,"1,2,3,4,5,6,7,8,9,13,14,15,16,17,18,19,20,21,22,23,24,25,26,27,28,29,30,31,32,33,34,35,36,37,38"
6406,1,H8,Tornada,12,Sagrera - Martí Molins,454,05:33:38,33.63,4.000000000066667,240.0,"1,13,14,15,16,17,18,19,20,21,22,23,24,25,26,27,28,29,30,31,32,33,34,35,36,37,38"
6110,1,H8,Tornada,12,Sagrera - Martí Molins,454,05:45:19,45.32,11.699999999933334,702.0,"13,14,15,16,17,18,19,20,21,22,23,24,25,26,27,28,29,30,31,32,33,34,35,36,37,38"
6408,1,H8,Tornada,12,Sagrera - Martí Molins,454,05:55:07,55.12,9.8,588.0,"13,14,15,16,17,18,19,20,21,22,23,24,25,26,27,28,29,30,31,32,33,34,35,36,37,38"
6215,1,H8,Tornada,12,Sagrera - Martí Molins,454,06:03:47,3.78,8.666666666666666,520.0,"13,14,15,16,17,18,19,20,21,22,23,24,25,26,27,28,29,30,31,32,33,34,35,36,37,38"
6409,2,H8,Tornada,12,Sagrera - Martí Molins,454,06:16:21,16.35,12.566666666666666,754.0,"13,14,15,16,17,18,19,20,21,22,23,24,25,26,27,28,29,30,31,32,33,34,35,36,37,38"
6217,1,H8,Tornada,12,Sagrera - Martí Molins,454,06:22:34,22.57,6.216666666666667,373.0,"13,14,15,16,17,18,19,20,21,22,23,24,25,26,27,28,29,30,31,32,33,34,35,36,37,38"
6411,3,H8,Tornada,12,Sagrera - Martí Molins,454,06:32:29,32.48,9.900000000066665,594.0,"13,14,15,16,17,18,19,20,21,22,23,24,25,26,27,28,29,30,31,32,33,34,35,36,37,38"
6407,1,H8,Tornada,12,Sagrera - Martí Molins,454,06:42:11,42.18,9.7,582.0,"13,14,15,16,17,18,19,20,21,22,23,24,25,26,27,28,29,30,31,32,33,34,35,36,37,38"
6204,1,H8,Tornada,12,Sagrera - Martí Molins,454,06:50:14,50.23,8.0666666666,484.0,"13,14,15,16,17,18,19,20,21,22,23,24,25,26,27,28,29,30,31,32,33,34,35,36,37,38"
6100,4,H8,Tornada,12,Sagrera - Martí Molins,454,06:59:57,59.95,9.700000000066666,582.0,"13,14,15,16,17,18,19,20,21,22,23,24,25,26,27,28,29,30,31,32,33,34,35,36,37,38"
6415,3,H8,Tornada,12,Sagrera - Martí Molins,454,07:09:15,9.25,9.316666666600002,559.0,"13,14,15,16,17,18,19,20,21,22,23,24,25,26,27,28,29,30,31,32,33,34,35,36,37,38"
6028,1,H8,Tornada,12,Sagrera - Martí Molins,454,07:21:18,21.3,12.033333333366667,722.0,"13,14,15,16,17,18,19,20,21,22,23,24,25,26,27,28,29,30,31,32,33,34,35,36,37,38"
6802,1,H8,Tornada,12,Sagrera - Martí Molins,454,07:28:17,28.28,6.983333333333333,419.0,"13,14,15,16,17,18,19,20,21,22,23,24,25,26,27,28,29,30,31,32,33,34,35,36,37,38"
6209,4,H8,Tornada,12,Sagrera - Martí Molins,454,07:37:01,37.02,8.749999999966667,525.0,"13,14,15,16,17,18,19,20,21,22,23,24,25,26,27,28,29,30,31,32,33,34,35,36,37,38"
6211,4,H8,Tornada,12,Sagrera - Martí Molins,454,07:47:20,47.33,10.300000000033332,618.0,"13,14,15,16,17,18,19,20,21,22,23,24,25,26,27,28,29,30,31,32,33,34,35,36,37,38"
6402,4,H8,Tornada,12,Sagrera - Martí Molins,454,08:02:28,2.47,15.133333333366666,908.0,"13,14,15,16,17,18,19,20,21,22,23,24,25,26,27,28,29,30,31,32,33,34,35,36,37,38"
6027,2,H8,Tornada,12,Sagrera - Martí Molins,454,08:11:13,11.22,8.7666666666,526.0,"13,14,15,16,17,18,19,20,21,22,23,24,25,26,27,28,29,30,31,32,33,34,35,36,37,38"
6213,4,H8,Tornada,12,Sagrera - Martí Molins,454,08:16:51,16.85,5.6166666667,337.0,"13,14,15,16,17,18,19,20,21,22,23,24,25,26,27,28,29,30,31,32,33,34,35,36,37,38"
6034,4,H8,Tornada,12,Sagrera - Martí Molins,454,08:27:46,27.77,10.933333333283334,656.0,"13,14,15,16,17,18,19,20,21,22,23,24,25,26,27,28,29,30,31,32,33,34,35,36,37,38"
6406,4,H8,Tornada,12,Sagrera - Martí Molins,454,08:36:46,36.77,9.000000000016666,540.0,"3,4,5,6,13,14,15,16,17,18,19,20,21,22,23,24,25,26,27,28,29,30,31,32,33,34,35,36,37,38"
6110,4,H8,Tornada,12,Sagrera - Martí Molins,454,08:46:57,46.95,10.1666666667,610.0,"13,14,15,16,17,18,19,20,21,22,23,24,25,26,27,28,29,30,31,32,33,34,35,36,37,38"
6408,4,H8,Tornada,12,Sagrera - Martí Molins,454,08:52:59,52.98,6.049999999966667,363.0,"2,13,14,15,16,17,18,19,20,21,22,23,24,25,26,27,28,29,30,31,32,33,34,35,36,37,38"
6215,4,H8,Tornada,12,Sagrera - Martí Molins,454,09:05:46,5.77,12.766666666733332,766.0,"13,14,15,16,17,18,19,20,21,22,23,24,25,26,27,28,29,30,31,32,33,34,35,36,37,38"
6409,5,H8,Tornada,12,Sagrera - Martí Molins,454,09:13:35,13.58,7.816666666633334,469.0,"13,14,15,16,17,18,19,20,21,22,23,24,25,26,27,28,29,30,31,32,33,34,35,36,37,38"
6217,4,H8,Tornada,12,Sagrera - Martí Molins,454,09:26:39,26.65,13.066666666666666,784.0,"13,14,15,16,17,18,19,20,21,22,23,24,25,26,27,28,29,30,31,32,33,34,35,36,37,38"
6411,6,H8,Tornada,12,Sagrera - Martí Molins,454,09:32:55,32.92,6.266666666666667,376.0,"13,14,15,16,17,18,19,20,21,22,23,24,25,26,27,28,29,30,31,32,33,34,35,36,37,38"
6407,4,H8,Tornada,12,Sagrera - Martí Molins,454,09:48:20,48.33,15.4333333333,926.0,"13,14,15,16,17,18,19,20,21,22,23,24,25,26,27,28,29,30,31,32,33,34,35,36,37,38"
6100,6,H8,Tornada,12,Sagrera - Martí Molins,454,09:52:23,52.38,4.05,243.0,"13,14,15,16,17,18,19,20,21,22,23,24,25,26,27,28,29,30,31,32,33,34,35,36,37,38"
6415,6,H8,Tornada,12,Sagrera - Martí Molins,454,10:05:14,5.23,11.999999999966667,720.0,"13,14,15,16,17,18,19,20,21,22,23,24,25,26,27,28,29,30,31,32,33,34,35,36,37,38"
6028,4,H8,Tornada,12,Sagrera - Martí Molins,454,10:13:43,13.72,8.499999999966667,510.0,"5,6,13,14,15,16,17,18,19,20,21,22,23,24,25,26,27,28,29,30,31,32,33,34,35,36,37,38"
6802,4,H8,Tornada,12,Sagrera - Martí Molins,454,10:32:13,32.22,18.4833333334,1109.0,"13,14,15,16,17,18,19,20,21,22,23,24,25,26,27,28,29,30,31,32,33,34,35,36,37,38"
6209,7,H8,Tornada,12,Sagrera - Martí Molins,454,10:42:24,42.4,10.199999999933334,612.0,"13,14,15,16,17,18,19,20,21,22,23,24,25,26,27,28,29,30,31,32,33,34,35,36,37,38"
6211,7,H8,Tornada,12,Sagrera - Martí Molins,454,10:47:55,47.92,5.500000000066667,330.0,"13,14,15,16,17,18,19,20,21,22,23,24,25,26,27,28,29,30,31,32,33,34,35,36,37,38"
6402,7,H8,Tornada,12,Sagrera - Martí Molins,454,11:09:04,9.07,21.1666666666,1270.0,"1,2,13,14,15,16,17,18,19,20,21,22,23,24,25,26,27,28,29,30,31,32,33,34,35,36,37,38"
6027,5,H8,Tornada,12,Sagrera - Martí Molins,454,11:15:28,15.47,6.4,384.0,"13,14,15,16,17,18,19,20,21,22,23,24,25,26,27,28,29,30,31,32,33,34,35,36,37,38"
6213,7,H8,Tornada,12,Sagrera - Martí Molins,454,11:29:34,29.57,14.1,846.0,"13,14,15,16,17,18,19,20,21,22,23,24,25,26,27,28,29,30,31,32,33,34,35,36,37,38"
6034,7,H8,Tornada,12,Sagrera - Martí Molins,454,11:32:38,32.63,3.066666666666667,184.0,"1,2,13,14,15,16,17,18,19,20,21,22,23,24,25,26,27,28,29,30,31,32,33,34,35,36,37,38"
6406,7,H8,Tornada,12,Sagrera - Martí Molins,454,11:42:09,42.15,9.500000000066667,570.0,"13,14,15,16,17,18,19,20,21,22,23,24,25,26,27,28,29,30,31,32,33,34,35,36,37,38"
6408,7,H8,Tornada,12,Sagrera - Martí Molins,454,11:50:38,50.63,8.483333333333333,509.0,"13,14,15,16,17,18,19,20,21,22,23,24,25,26,27,28,29,30,31,32,33,34,35,36,37,38"
6215,7,H8,Tornada,12,Sagrera - Martí Molins,454,12:02:00,2.0,11.366666666666667,682.0,"13,14,15,16,17,18,19,20,21,22,23,24,25,26,27,28,29,30,31,32,33,34,35,36,37,38"
6409,8,H8,Tornada,12,Sagrera - Martí Molins,454,12:12:36,12.6,10.6166666666,637.0,"13,14,15,16,17,18,19,20,21,22,23,24,25,26,27,28,29,30,31,32,33,34,35,36,37,38"
6411,9,H8,Tornada,12,Sagrera - Martí Molins,454,12:33:32,33.53,20.91666666673333,1255.0,"1,2,13,14,15,16,17,18,19,20,21,22,23,24,25,26,27,28,29,30,31,32,33,34,35,36,37,38"
6407,7,H8,Tornada,12,Sagrera - Martí Molins,454,12:45:37,45.62,12.083333333333334,725.0,"13,14,15,16,17,18,19,20,21,22,23,24,25,26,27,28,29,30,31,32,33,34,35,36,37,38"
6100,9,H8,Tornada,12,Sagrera - Martí Molins,454,12:57:29,57.48,11.883333333266668,713.0,"13,14,15,16,17,18,19,20,21,22,23,24,25,26,27,28,29,30,31,32,33,34,35,36,37,38"
6415,9,H8,Tornada,12,Sagrera - Martí Molins,454,13:10:26,10.43,12.933333333399998,776.0,"13,14,15,16,17,18,19,20,21,22,23,24,25,26,27,28,29,30,31,32,33,34,35,36,37,38"
6028,7,H8,Tornada,12,Sagrera - Martí Molins,454,13:18:21,18.35,7.916666666633334,475.0,"13,14,15,16,17,18,19,20,21,22,23,24,25,26,27,28,29,30,31,32,33,34,35,36,37,38"
6802,7,H8,Tornada,12,Sagrera - Martí Molins,454,13:30:34,30.57,12.233333333300001,734.0,"1,2,13,14,15,16,17,18,19,20,21,22,23,24,25,26,27,28,29,30,31,32,33,34,35,36,37,38"
6211,10,H8,Tornada,12,Sagrera - Martí Molins,454,13:41:36,41.6,11.016666666733332,661.0,"13,14,15,16,17,18,19,20,21,22,23,24,25,26,27,28,29,30,31,32,33,34,35,36,37,38"
6800,2,H8,Tornada,12,Sagrera - Martí Molins,454,13:50:03,50.05,8.4666666666,508.0,"13,14,15,16,17,18,19,20,21,22,23,24,25,26,27,28,29,30,31,32,33,34,35,36,37,38"
6213,10,H8,Tornada,12,Sagrera - Martí Molins,454,14:03:01,3.02,12.950000000066666,777.0,"1,2,13,14,15,16,17,18,19,20,21,22,23,24,25,26,27,28,29,30,31,32,33,34,35,36,37,38"
6027,8,H8,Tornada,12,Sagrera - Martí Molins,454,14:07:08,7.13,4.116666666633333,247.0,"13,14,15,16,17,18,19,20,21,22,23,24,25,26,27,28,29,30,31,32,33,34,35,36,37,38"
6034,10,H8,Tornada,12,Sagrera - Martí Molins,454,14:28:39,28.65,21.5166666667,1291.0,"2,13,14,15,16,17,18,19,20,21,22,23,24,25,26,27,28,29,30,31,32,33,34,35,36,37,38"
6406,10,H8,Tornada,12,Sagrera - Martí Molins,454,14:37:38,37.63,8.983333333300001,539.0,"13,14,15,16,17,18,19,20,21,22,23,24,25,26,27,28,29,30,31,32,33,34,35,36,37,38"
6408,10,H8,Tornada,12,Sagrera - Martí Molins,454,14:49:32,49.53,11.916666666633335,715.0,"13,14,15,16,17,18,19,20,21,22,23,24,25,26,27,28,29,30,31,32,33,34,35,36,37,38"
6215,10,H8,Tornada,12,Sagrera - Martí Molins,454,15:00:34,0.57,11.016666666733332,661.0,"13,14,15,16,17,18,19,20,21,22,23,24,25,26,27,28,29,30,31,32,33,34,35,36,37,38"
6409,11,H8,Tornada,12,Sagrera - Martí Molins,454,15:13:01,13.02,12.45,747.0,"13,14,15,16,17,18,19,20,21,22,23,24,25,26,27,28,29,30,31,32,33,34,35,36,37,38"
6075,3,H8,Tornada,12,Sagrera - Martí Molins,454,15:19:41,19.68,6.666666666666667,400.0,"13,14,15,16,17,18,19,20,21,22,23,24,25,26,27,28,29,30,31,32,33,34,35,36,37,38"
6411,12,H8,Tornada,12,Sagrera - Martí Molins,454,15:29:19,29.32,9.649999999933334,579.0,"13,14,15,16,17,18,19,20,21,22,23,24,25,26,27,28,29,30,31,32,33,34,35,36,37,38"
6100,12,H8,Tornada,12,Sagrera - Martí Molins,454,16:04:43,4.72,3.066666666666667,184.0,"13,14,15,16,17,18,19,20,21,22,23,24,25,26,27,28,29,30,31,32,33,34,35,36,37,38"
6415,12,H8,Tornada,12,Sagrera - Martí Molins,454,16:10:06,10.1,5.383333333316667,323.0,"13,14,15,16,17,18,19,20,21,22,23,24,25,26,27,28,29,30,31,32,33,34,35,36,37,38"
6028,10,H8,Tornada,12,Sagrera - Martí Molins,454,16:19:52,19.87,9.766666666683333,586.0,"13,14,15,16,17,18,19,20,21,22,23,24,25,26,27,28,29,30,31,32,33,34,35,36,37,38"
6802,10,H8,Tornada,12,Sagrera - Martí Molins,454,16:33:36,33.6,13.733333333300001,824.0,"13,14,15,16,17,18,19,20,21,22,23,24,25,26,27,28,29,30,31,32,33,34,35,36,37,38"
6201,1,H8,Tornada,12,Sagrera - Martí Molins,454,16:37:14,37.23,3.6333333333333333,218.0,"13,14,15,16,17,18,19,20,21,22,23,24,25,26,27,28,29,30,31,32,33,34,35,36,37,38"
6211,13,H8,Tornada,12,Sagrera - Martí Molins,454,16:43:24,43.4,6.166666666666667,370.0,"13,14,15,16,17,18,19,20,21,22,23,24,25,26,27,28,29,30,31,32,33,34,35,36,37,38"
6217,7,H8,Tornada,12,Sagrera - Martí Molins,454,16:50:57,50.95,7.566666666633334,454.0,"13,14,15,16,17,18,19,20,21,22,23,24,25,26,27,28,29,30,31,32,33,34,35,36,37,38"
6800,5,H8,Tornada,12,Sagrera - Martí Molins,454,16:57:17,57.28,6.316666666733334,379.0,"13,14,15,16,17,18,19,20,21,22,23,24,25,26,27,28,29,30,31,32,33,34,35,36,37,38"
6402,13,H8,Tornada,12,Sagrera - Martí Molins,454,17:06:43,6.72,9.449999999933334,567.0,"4,5,6,13,14,15,16,17,18,19,20,21,22,23,24,25,26,27,28,29,30,31,32,33,34,35,36,37,38"
6027,11,H8,Tornada,12,Sagrera - Martí Molins,454,17:13:48,13.8,7.0666666667,424.0,"8,13,14,15,16,17,18,19,20,21,22,23,24,25,26,27,28,29,30,31,32,33,34,35,36,37,38"
6213,13,H8,Tornada,12,Sagrera - Martí Molins,454,17:21:31,21.52,7.716666666699999,463.0,"1,2,13,14,15,16,17,18,19,20,21,22,23,24,25,26,27,28,29,30,31,32,33,34,35,36,37,38"
6034,13,H8,Tornada,12,Sagrera - Martí Molins,454,17:34:22,34.37,12.8666666666,772.0,"13,14,15,16,17,18,19,20,21,22,23,24,25,26,27,28,29,30,31,32,33,34,35,36,37,38"
6406,13,H8,Tornada,12,Sagrera - Martí Molins,454,17:43:16,43.27,8.883333333366666,533.0,"13,14,15,16,17,18,19,20,21,22,23,24,25,26,27,28,29,30,31,32,33,34,35,36,37,38"
6408,13,H8,Tornada,12,Sagrera - Martí Molins,454,17:52:22,52.37,9.116666666633334,547.0,"3,13,14,15,16,17,18,19,20,21,22,23,24,25,26,27,28,29,30,31,32,33,34,35,36,37,38"
6215,13,H8,Tornada,12,Sagrera - Martí Molins,454,18:02:24,2.4,10.033333333333333,602.0,"13,14,15,16,17,18,19,20,21,22,23,24,25,26,27,28,29,30,31,32,33,34,35,36,37,38"
6409,14,H8,Tornada,12,Sagrera - Martí Molins,454,18:16:07,16.12,13.700000000033333,822.0,"1,2,3,4,5,6,7,13,14,15,16,17,18,19,20,21,22,23,24,25,26,27,28,29,30,31,32,33,34,35,36,37,38"
6075,6,H8,Tornada,12,Sagrera - Martí Molins,454,18:19:47,19.78,3.683333333316667,221.0,"1,2,13,14,15,16,17,18,19,20,21,22,23,24,25,26,27,28,29,30,31,32,33,34,35,36,37,38"
6411,15,H8,Tornada,12,Sagrera - Martí Molins,454,18:32:40,32.67,12.883333333316667,773.0,"13,14,15,16,17,18,19,20,21,22,23,24,25,26,27,28,29,30,31,32,33,34,35,36,37,38"
6036,4,H8,Tornada,12,Sagrera - Martí Molins,454,18:41:57,41.95,9.266666666733332,556.0,"13,14,15,16,17,18,19,20,21,22,23,24,25,26,27,28,29,30,31,32,33,34,35,36,37,38"
6117,1,H8,Tornada,12,Sagrera - Martí Molins,454,18:55:09,55.15,13.2,792.0,"1,2,13,14,15,16,17,18,19,20,21,22,23,24,25,26,27,28,29,30,31,32,33,34,35,36,37,38"
6415,15,H8,Tornada,12,Sagrera - Martí Molins,454,19:04:53,4.88,9.733333333333333,584.0,"13,14,15,16,17,18,19,20,21,22,23,24,25,26,27,28,29,30,31,32,33,34,35,36,37,38"
6028,13,H8,Tornada,12,Sagrera - Martí Molins,454,19:11:49,11.82,6.949999999949999,417.0,"13,14,15,16,17,18,19,20,21,22,23,24,25,26,27,28,29,30,31,32,33,34,35,36,37,38"
6211,16,H8,Tornada,12,Sagrera - Martí Molins,454,19:30:49,30.82,18.98333333335,1139.0,"13,14,15,16,17,18,19,20,21,22,23,24,25,26,27,28,29,30,31,32,33,34,35,36,37,38"
6217,10,H8,Tornada,12,Sagrera - Martí Molins,454,19:36:58,36.97,6.166666666633334,370.0,"13,14,15,16,17,18,19,20,21,22,23,24,25,26,27,28,29,30,31,32,33,34,35,36,37,38"
6800,8,H8,Tornada,12,Sagrera - Martí Molins,454,19:47:12,47.2,10.2166666667,613.0,"13,14,15,16,17,18,19,20,21,22,23,24,25,26,27,28,29,30,31,32,33,34,35,36,37,38"
6402,16,H8,Tornada,12,Sagrera - Martí Molins,454,19:57:55,57.92,10.7166666667,643.0,"13,14,15,16,17,18,19,20,21,22,23,24,25,26,27,28,29,30,31,32,33,34,35,36,37,38"
6213,16,H8,Tornada,12,Sagrera - Martí Molins,454,20:08:12,8.2,10.2833333333,617.0,"13,14,15,16,17,18,19,20,21,22,23,24,25,26,27,28,29,30,31,32,33,34,35,36,37,38"
6034,16,H8,Tornada,12,Sagrera - Martí Molins,454,20:14:19,14.32,6.1166666667,367.0,"13,14,15,16,17,18,19,20,21,22,23,24,25,26,27,28,29,30,31,32,33,34,35,36,37,38"
6408,16,H8,Tornada,12,Sagrera - Martí Molins,454,20:30:30,30.5,16.199999999933333,972.0,"13,14,15,16,17,18,19,20,21,22,23,24,25,26,27,28,29,30,31,32,33,34,35,36,37,38"
6409,16,H8,Tornada,12,Sagrera - Martí Molins,454,20:54:57,54.95,24.433333333366665,1466.0,"13,14,15,16,17,18,19,20,21,22,23,24,25,26,27,28,29,30,31,32,33,34,35,36,37,38"
6411,17,H8,Tornada,12,Sagrera - Martí Molins,454,21:05:10,5.17,10.216666666666667,613.0,"13,14,15,16,17,18,19,20,21,22,23,24,25,26,27,28,29,30,31,32,33,34,35,36,37,38"
6117,4,H8,Tornada,12,Sagrera - Martí Molins,454,21:26:44,26.73,21.566666666666666,1294.0,"13,14,15,16,17,18,19,20,21,22,23,24,25,26,27,28,29,30,31,32,33,34,35,36,37,38"
6415,18,H8,Tornada,12,Sagrera - Martí Molins,454,21:42:03,42.05,15.3166666667,919.0,"13,14,15,16,17,18,19,20,21,22,23,24,25,26,27,28,29,30,31,32,33,34,35,36,37,38"
6407,10,H8,Tornada,14,Sant Antoni Maria Claret - Espronceda,384,15:45:25,45.42,,,"1,2,3,10,11,12,13,15,16,17,18,19,20,21,22,23,24,25,26,27,28,29,30,31,32,33,34,35,36,37,38"
6409,1,H8,Tornada,15,Sant Antoni Maria Claret - Trinxant,3313,03:36:50,36.83,,,"1,2,3,4,5,6,7,8,9,10,11,12,13,14,30,34"
6409,1,H8,Tornada,16,Sant Antoni Maria Claret - Rambla Volart,859,03:37:41,37.68,,,"1,2,3,4,5,6,7,8,9,10,11,12,13,14,30,34"
6409,1,H8,Tornada,17,Sant Antoni Maria Claret - Independència,233,03:39:32,39.53,,,"1,2,3,4,5,6,7,8,9,10,11,12,13,14,30,34"
6409,1,H8,Tornada,18,Av Gaudí - Castillejos,243,03:41:06,41.1,,,"1,2,3,4,5,6,7,8,9,10,11,12,13,14,30,34"
6409,1,H8,Tornada,19,Sant Antoni Maria Claret - Lepant,783,03:42:44,42.73,,,"1,2,3,4,5,6,7,8,9,10,11,12,13,14,30,34"
6409,1,H8,Tornada,20,Sant Antoni Maria Claret - Sardenya,3369,03:45:04,45.07,,,"1,2,3,4,5,6,7,8,9,10,11,12,13,14,30,34"
6409,1,H8,Tornada,21,Sant Antoni Maria Claret - Nàpols,1225,03:46:19,46.32,,,"1,2,3,4,5,6,7,8,9,10,11,12,13,14,30,34"
6409,1,H8,Tornada,22,Pg de Sant Joan - Còrsega,1265,03:48:36,48.6,,,"1,2,3,4,5,6,7,8,9,10,11,12,13,14,30,34"
6409,1,H8,Tornada,23,Còrsega - Bailèn,3314,03:49:06,49.1,,,"1,2,3,4,5,6,7,8,9,10,11,12,13,14,30,34"
6409,1,H8,Tornada,24,Còrsega - Llúria,3315,03:50:09,50.15,,,"1,2,3,4,5,6,7,8,9,10,11,12,13,14,30,34"
6409,1,H8,Tornada,25,Diagonal - Pg de Gràcia,1520,03:51:41,51.68,,,"1,2,3,4,5,6,7,8,9,10,11,12,13,14,30,34"
6409,1,H8,Tornada,26,Diagonal - Balmes,1425,03:54:12,54.2,,,"1,2,3,4,5,6,7,8,9,10,11,12,13,14,30,34"
6409,1,H8,Tornada,27,Diagonal - Muntaner,928,03:56:29,56.48,,,"1,2,3,4,5,6,7,8,9,10,11,12,13,14,30,34"
6409,1,H8,Tornada,28,Diagonal - Francesc Macià,1098,03:58:26,58.43,,,"1,2,3,4,5,6,7,8,9,10,11,12,13,14,30,34"
6409,1,H8,Tornada,29,Josep Tarradellas - Francesc Macià,65,04:00:08,0.13,,,"1,2,3,4,5,6,7,8,9,10,11,12,13,14,30,34"
6027,1,H8,Tornada,30,Les Corts - Pl Dr Ignasi Barraquer,376,05:47:18,47.3,,,"1,2,3,4,5,6,7,8,9,10,11,12,13,14,15,16,17,18,19"
6409,1,H8,Tornada,31,Les Corts - Numància,991,04:01:23,1.38,,,"1,2,3,4,5,6,7,8,9,10,11,12,13,14,30,34"
6409,1,H8,Tornada,32,Les Corts - Vallespir,484,04:04:14,4.23,,,"1,2,3,4,5,6,7,8,9,10,11,12,13,14,30,34"
6409,1,H8,Tornada,33,Mercat de Les Corts,485,04:06:29,6.48,,,"1,2,3,4,5,6,7,8,9,10,11,12,13,14,30,34"
6027,1,H8,Tornada,34,Les Corts - Mejía Lequerica,923,05:56:38,56.63,,,"1,2,3,4,5,6,7,8,9,10,11,12,13,14,15,16,17,18,19"
6215,3,H8,Tornada,34,Les Corts - Mejía Lequerica,923,06:52:29,52.48,8.55,513.0,"1,2,3,4,5,6,7,8,9,10,11,12,13,14,15,16,17,18,19,20,21,22,23,24,25,26,27,28,29,30,31,32,33"
6800,1,H8,Tornada,34,Les Corts - Mejía Lequerica,923,11:50:24,50.4,16.25000000003333,975.0,"1,2,3,4,5,6,7,8,9,10,11,12,13,14,15,16,17,18,19,20,21,22,23,24,25"
6415,11,H8,Tornada,34,Les Corts - Mejía Lequerica,923,13:58:32,58.53,21.449999999933333,1287.0,"1,2,3,4,5,6,7,8,9,10,11,12,13,14,15,16,17,18,19,20,21,22,23,24,25,26,27,28,29,30,31,32,33"
6409,1,H8,Tornada,35,Estadi del Futbol Club Barcelona,8535,04:07:46,7.77,,,"1,2,3,4,5,6,7,8,9,10,11,12,13,14,30,34"
6213,3,H8,Tornada,35,Estadi del Futbol Club Barcelona,8535,06:07:19,7.32,8.749999999933333,525.0,"1,2,3,4,5,6,7,8,9,10,11,12,13,14,15,16,17,18,19,20,21,22,23,24,25,26,27,28,29,30,31,32,33,34"
6406,3,H8,Tornada,35,Estadi del Futbol Club Barcelona,8535,06:22:34,22.57,15.25,915.0,"1,2,3,4,5,6,7,8,9,10,11,12,13,14,15,16,17,18,19,20,21,22,23,24,25,26,27,28,29,30,31,32,33,34"
6408,3,H8,Tornada,35,Estadi del Futbol Club Barcelona,8535,06:46:30,46.5,23.91666666673333,1435.0,"1,2,3,4,5,6,7,8,9,10,11,12,13,14,15,16,17,18,19,20,21,22,23,24,25,26,27,28,29,30,31,32,33"
6215,3,H8,Tornada,35,Estadi del Futbol Club Barcelona,8535,06:54:50,54.83,8.3333333333,500.0,"1,2,3,4,5,6,7,8,9,10,11,12,13,14,15,16,17,18,19,20,21,22,23,24,25,26,27,28,29,30,31,32,33"
6409,4,H8,Tornada,35,Estadi del Futbol Club Barcelona,8535,07:04:18,4.3,9.466666666666667,568.0,"1,2,3,4,5,6,7,8,9,10,11,12,13,14,15,16,17,18,19,20,21,22,23,24,25,26,27,28,29,30,31,32,33,34"
6209,6,H8,Tornada,35,Estadi del Futbol Club Barcelona,8535,08:25:26,25.43,15.1666666667,910.0,"1,2,3,4,5,6,7,8,9,10,11,12,13,14,15,16,17,18,19,20,21,22,23,24,25,26,27,28,29,30,31,32,33,34"
6211,6,H8,Tornada,35,Estadi del Futbol Club Barcelona,8535,08:35:40,35.67,10.249999999933333,615.0,"1,2,3,4,5,6,7,8,9,10,11,12,13,14,15,16,17,18,19,20,21,22,23,24,25,26,27,28,29,30,31,32,33,34"
6402,6,H8,Tornada,35,Estadi del Futbol Club Barcelona,8535,08:56:43,56.72,21.05,1263.0,"1,2,3,4,5,6,7,8,9,10,11,12,13,14,15,16,17,18,19,20,21,22,23,24,25,26,27,28,29,30,31,32"
6407,6,H8,Tornada,35,Estadi del Futbol Club Barcelona,8535,10:37:04,37.07,10.883333333266668,653.0,"1,2,3,4,5,6,7,8,9,10,11,12,13,14,15,16,17,18,19,20,21,22,23,24,25,26,27,28,29,30,31,32,33,34"
6802,6,H8,Tornada,35,Estadi del Futbol Club Barcelona,8535,11:21:47,21.78,15.316666666666666,919.0,"1,2,3,4,5,6,7,8,9,10,11,12,13,14,15,16,17,18,19,20,21,22,23,24,25,26,27,28,29,30,31,32,33,34"
6209,9,H8,Tornada,35,Estadi del Futbol Club Barcelona,8535,11:35:54,35.9,14.116666666633334,847.0,"1,2,3,4,5,6,7,8,9,10,11,12,13,14,15,16,17,18,19,20,21,22,23,24,25,26,27,28,29,30,31,32,33"
6800,1,H8,Tornada,35,Estadi del Futbol Club Barcelona,8535,11:52:33,52.55,16.5166666667,991.0,"1,2,3,4,5,6,7,8,9,10,11,12,13,14,15,16,17,18,19,20,21,22,23,24,25"
6402,9,H8,Tornada,35,Estadi del Futbol Club Barcelona,8535,11:58:04,58.07,5.5166666667,331.0,"1,2,3,4,5,6,7,8,9,10,11,12,13,14,15,16,17,18,19,20,21,22,23,24,25,26,27,28,29,30,31,32,33,34"
6415,11,H8,Tornada,35,Estadi del Futbol Club Barcelona,8535,14:01:12,1.2,21.8666666667,1312.0,"1,2,3,4,5,6,7,8,9,10,11,12,13,14,15,16,17,18,19,20,21,22,23,24,25,26,27,28,29,30,31,32,33"
6800,4,H8,Tornada,35,Estadi del Futbol Club Barcelona,8535,14:38:50,38.83,9.1833333333,551.0,"1,2,3,4,5,6,7,8,9,10,11,12,13,14,15,16,17,18,19,20,21,22,23,24,25,26,27,28,29,30,31,32,33,34"
6213,12,H8,Tornada,35,Estadi del Futbol Club Barcelona,8535,14:51:39,51.65,12.816666666666666,769.0,"1,2,3,4,5,6,7,8,9,10,11,12,13,14,15,16,17,18,19,20,21,22,23,24,25,26,27,28,29,30,31,32,33,34"
6408,12,H8,Tornada,35,Estadi del Futbol Club Barcelona,8535,15:38:15,38.25,7.716666666666667,463.0,"1,2,3,4,5,6,7,8,9,10,11,12,13,14,15,16,17,18,19,20,21,22,23,24,25,26,27,28,29,30,31,32,33,34"
6215,12,H8,Tornada,35,Estadi del Futbol Club Barcelona,8535,15:50:41,50.68,12.433333333333334,746.0,"1,2,3,4,5,6,7,8,9,10,11,12,13,14,15,16,17,18,19,20,21,22,23,24,25,26,27,28,29,30,31,32,33,34"
6409,1,H8,Tornada,36,Les Corts - Aurora Bertrana,1713,04:09:06,9.1,,,"1,2,3,4,5,6,7,8,9,10,11,12,13,14,30,34"
6027,1,H8,Tornada,36,Les Corts - Aurora Bertrana,1713,06:00:21,0.35,6.95,417.0,"1,2,3,4,5,6,7,8,9,10,11,12,13,14,15,16,17,18,19"
6213,3,H8,Tornada,36,Les Corts - Aurora Bertrana,1713,06:09:12,9.2,8.85,531.0,"1,2,3,4,5,6,7,8,9,10,11,12,13,14,15,16,17,18,19,20,21,22,23,24,25,26,27,28,29,30,31,32,33,34"
6406,3,H8,Tornada,36,Les Corts - Aurora Bertrana,1713,06:25:30,25.5,16.316666666633335,979.0,"1,2,3,4,5,6,7,8,9,10,11,12,13,14,15,16,17,18,19,20,21,22,23,24,25,26,27,28,29,30,31,32,33,34"
6408,3,H8,Tornada,36,Les Corts - Aurora Bertrana,1713,06:48:12,48.2,22.6833333334,1361.0,"1,2,3,4,5,6,7,8,9,10,11,12,13,14,15,16,17,18,19,20,21,22,23,24,25,26,27,28,29,30,31,32,33"
6215,3,H8,Tornada,36,Les Corts - Aurora Bertrana,1713,06:56:25,56.42,8.216666666666667,493.0,"1,2,3,4,5,6,7,8,9,10,11,12,13,14,15,16,17,18,19,20,21,22,23,24,25,26,27,28,29,30,31,32,33"
6409,4,H8,Tornada,36,Les Corts - Aurora Bertrana,1713,07:06:04,6.07,9.65,579.0,"1,2,3,4,5,6,7,8,9,10,11,12,13,14,15,16,17,18,19,20,21,22,23,24,25,26,27,28,29,30,31,32,33,34"
6217,3,H8,Tornada,36,Les Corts - Aurora Bertrana,1713,07:12:25,12.42,6.35,381.0,"1,2,3,4,5,6,7,8,9,10,11,12,13,14,15,16,17,18,19,20,21,22,23,24,25,26,27,28,29,30,31,32,33,34,35"
6411,5,H8,Tornada,36,Les Corts - Aurora Bertrana,1713,07:23:49,23.82,11.399999999966667,684.0,"1,2,3,4,5,6,7,8,9,10,11,12,13,14,15,16,17,18,19,20,21,22,23,24,25,26,27,28,29,30,31,32,33,34,35"
6204,3,H8,Tornada,36,Les Corts - Aurora Bertrana,1713,07:43:24,43.4,19.583333333333332,1175.0,"1,2,3,4,5,6,7,8,9,10,11,12,13,14,15,16,17,18,19,20,21,22,23,24,25,26,27,28,29,30,31,32,33"
6415,5,H8,Tornada,36,Les Corts - Aurora Bertrana,1713,07:59:26,59.43,16.033333333333335,962.0,"1,2,3,4,5,6,7,8,9,10,11,12,13,14,15,16,17,18,19,20,21,22,23,24,25,26,27,28,29,30,31,32,33,34,35"
6028,3,H8,Tornada,36,Les Corts - Aurora Bertrana,1713,08:12:18,12.3,12.8833333333,773.0,"1,2,3,4,5,6,7,8,9,10,11,12,13,14,15,16,17,18,19,20,21,22,23,24,25,26,27,28,29,30,31,32,33,34"
6209,6,H8,Tornada,36,Les Corts - Aurora Bertrana,1713,08:27:22,27.37,15.050000000033332,903.0,"1,2,3,4,5,6,7,8,9,10,11,12,13,14,15,16,17,18,19,20,21,22,23,24,25,26,27,28,29,30,31,32,33,34"
6211,6,H8,Tornada,36,Les Corts - Aurora Bertrana,1713,08:37:28,37.47,10.116666666633334,607.0,"1,2,3,4,5,6,7,8,9,10,11,12,13,14,15,16,17,18,19,20,21,22,23,24,25,26,27,28,29,30,31,32,33,34"
6402,6,H8,Tornada,36,Les Corts - Aurora Bertrana,1713,08:58:19,58.32,20.85,1251.0,"1,2,3,4,5,6,7,8,9,10,11,12,13,14,15,16,17,18,19,20,21,22,23,24,25,26,27,28,29,30,31,32"
6027,4,H8,Tornada,36,Les Corts - Aurora Bertrana,1713,08:59:45,59.75,1.4166666666999999,85.0,"1,2,3,4,5,6,7,8,9,10,11,12,13,14,15,16,17,18,19,20,21,22,23,24,25,26,27,28,29,30,31,32,33,34,35"
6409,7,H8,Tornada,36,Les Corts - Aurora Bertrana,1713,10:03:40,3.67,3.1500000000333332,189.0,"1,2,3,4,5,6,7,8,9,10,11,12,13,14,15,16,17,18,19,20,21,22,23,24,25,26,27,28,29,30,31,32,33,34,35"
6411,8,H8,Tornada,36,Les Corts - Aurora Bertrana,1713,10:28:16,28.27,24.599999999966666,1476.0,"1,2,3,4,5,6,7,8,9,10,11,12,13,14,15,16,17,18,19,20,21,22,23,24,25,26,27,28,29,30,31,32,33"
6407,6,H8,Tornada,36,Les Corts - Aurora Bertrana,1713,10:38:39,38.65,10.399999999966667,624.0,"1,2,3,4,5,6,7,8,9,10,11,12,13,14,15,16,17,18,19,20,21,22,23,24,25,26,27,28,29,30,31,32,33,34"
6415,8,H8,Tornada,36,Les Corts - Aurora Bertrana,1713,10:56:34,56.57,17.900000000066665,1074.0,"1,2,3,4,5,6,7,8,9,10,11,12,13,14,15,16,17,18,19,20,21,22,23,24,25,26,27,28,29,30,31,32,33,34,35"
6028,6,H8,Tornada,36,Les Corts - Aurora Bertrana,1713,11:07:47,7.78,11.216666666666667,673.0,"1,2,3,4,5,6,7,8,9,10,11,12,13,14,15,16,17,18,19,20,21,22,23,24,25,26,27,28,29,30,31,32,33,34"
6802,6,H8,Tornada,36,Les Corts - Aurora Bertrana,1713,11:23:27,23.45,15.666666666666666,940.0,"1,2,3,4,5,6,7,8,9,10,11,12,13,14,15,16,17,18,19,20,21,22,23,24,25,26,27,28,29,30,31,32,33,34"
6209,9,H8,Tornada,36,Les Corts - Aurora Bertrana,1713,11:37:46,37.77,14.333333333266667,860.0,"1,2,3,4,5,6,7,8,9,10,11,12,13,14,15,16,17,18,19,20,21,22,23,24,25,26,27,28,29,30,31,32,33"
6800,1,H8,Tornada,36,Les Corts - Aurora Bertrana,1713,11:54:29,54.48,16.08333333326667,965.0,"1,2,3,4,5,6,7,8,9,10,11,12,13,14,15,16,17,18,19,20,21,22,23,24,25"
6402,9,H8,Tornada,36,Les Corts - Aurora Bertrana,1713,11:59:38,59.63,5.133333333366666,308.0,"1,2,3,4,5,6,7,8,9,10,11,12,13,14,15,16,17,18,19,20,21,22,23,24,25,26,27,28,29,30,31,32,33,34"
6213,9,H8,Tornada,36,Les Corts - Aurora Bertrana,1713,12:19:38,19.63,20.00000000003333,1200.0,"1,2,3,4,5,6,7,8,9,10,11,12,13,14,15,16,17,18,19,20,21,22,23,24,25,26,27,28,29,30,31,32,33,34,35"
6406,9,H8,Tornada,36,Les Corts - Aurora Bertrana,1713,12:32:06,32.1,12.483333333266668,749.0,"1,2,3,4,5,6,7,8,9,10,11,12,13,14,15,16,17,18,19,20,21,22,23,24,25,26,27,28,29,30,31,32,33,34"
6408,9,H8,Tornada,36,Les Corts - Aurora Bertrana,1713,12:40:55,40.92,8.800000000033332,528.0,"1,2,3,4,5,6,7,8,9,10,11,12,13,14,15,16,17,18,19,20,21,22,23,24,25,26,27,28,29,30,31,32,33,34,35"
6409,10,H8,Tornada,36,Les Corts - Aurora Bertrana,1713,13:04:43,4.72,23.800000000033332,1428.0,"1,2,3,4,5,6,7,8,9,10,11,12,13,14,15,16,17,18,19,20,21,22,23,24,25,26,27,28,29,30,31,32,33,34"
6411,11,H8,Tornada,36,Les Corts - Aurora Bertrana,1713,13:22:42,22.7,17.999999999933333,1080.0,"1,2,3,4,5,6,7,8,9,10,11,12,13,14,15,16,17,18,19,20,21,22,23,24,25,26,27,28,29,30,31,32,33,34,35"
6407,9,H8,Tornada,36,Les Corts - Aurora Bertrana,1713,13:41:03,41.05,18.333333333366667,1100.0,"1,2,3,4,5,6,7,8,9,10,11,12,13,14,15,16,17,18,19,20,21,22,23,24,25,26,27,28,29,30,31,32"
6415,11,H8,Tornada,36,Les Corts - Aurora Bertrana,1713,14:04:36,4.6,23.566666666633335,1414.0,"1,2,3,4,5,6,7,8,9,10,11,12,13,14,15,16,17,18,19,20,21,22,23,24,25,26,27,28,29,30,31,32,33"
6802,9,H8,Tornada,36,Les Corts - Aurora Bertrana,1713,14:21:28,21.47,16.850000000033333,1011.0,"1,2,3,4,5,6,7,8,9,10,11,12,13,14,15,16,17,18,19,20,21,22,23,24,25,26,27,28,29,30,31,32,33,34,35"
6211,12,H8,Tornada,36,Les Corts - Aurora Bertrana,1713,14:31:36,31.6,10.149999999966667,609.0,"1,2,3,4,5,6,7,8,9,10,11,12,13,14,15,16,17,18,19,20,21,22,23,24,25,26,27,28,29,30,31,32,33,34"
6800,4,H8,Tornada,36,Les Corts - Aurora Bertrana,1713,14:40:51,40.85,9.233333333366666,554.0,"1,2,3,4,5,6,7,8,9,10,11,12,13,14,15,16,17,18,19,20,21,22,23,24,25,26,27,28,29,30,31,32,33,34"
6213,12,H8,Tornada,36,Les Corts - Aurora Bertrana,1713,14:53:29,53.48,12.633333333366666,758.0,"1,2,3,4,5,6,7,8,9,10,11,12,13,14,15,16,17,18,19,20,21,22,23,24,25,26,27,28,29,30,31,32,33,34"
6027,10,H8,Tornada,36,Les Corts - Aurora Bertrana,1713,14:55:47,55.78,2.2999999999666665,138.0,"1,2,3,4,5,6,7,8,9,10,11,12,13,14,15,16,17,18,19,20,21,22,23,24,25,26,27,28,29,30,31,32,33,34,35"
6034,12,H8,Tornada,36,Les Corts - Aurora Bertrana,1713,15:31:11,31.18,6.133333333416667,368.0,"1,2,3,4,5,6,7,8,9,10,11,12,13,14,15,16,17,18,19,20,21,22,23,24,25,26,27,28"
6408,12,H8,Tornada,36,Les Corts - Aurora Bertrana,1713,15:39:06,39.1,7.933333333266666,476.0,"1,2,3,4,5,6,7,8,9,10,11,12,13,14,15,16,17,18,19,20,21,22,23,24,25,26,27,28,29,30,31,32,33,34"
6215,12,H8,Tornada,36,Les Corts - Aurora Bertrana,1713,15:52:16,52.27,13.150000000066665,789.0,"1,2,3,4,5,6,7,8,9,10,11,12,13,14,15,16,17,18,19,20,21,22,23,24,25,26,27,28,29,30,31,32,33,34"
6036,3,H8,Tornada,36,Les Corts - Aurora Bertrana,1713,16:52:29,52.48,21.216666666666665,1273.0,"1,2,3,4,5,6,7,8,9,10,11,12,13,14,15,16,17,18,19,20,21,22,23,24,25,26,27,28,29,30,31,32,33,34"
6800,7,H8,Tornada,36,Les Corts - Aurora Bertrana,1713,17:44:50,44.83,3.8666666667,232.0,"1,2,3,4,5,6,7,8,9,10,11,12,13,14,15,16,17,18,19,20,21,22,23,24,25,26,27,28,29,30,31,32,33,34,35"
6402,15,H8,Tornada,36,Les Corts - Aurora Bertrana,1713,17:59:38,59.63,14.799999999966667,888.0,"1,2,3,4,5,6,7,8,9,10,11,12,13,14,15,16,17,18,19,20,21,22,23,24,25,26,27,28,29,30,31,32,33"
6409,1,H8,Tornada,37,Collblanc - Cardenal Reig,1259,04:09:11,9.18,,,"1,2,3,4,5,6,7,8,9,10,11,12,13,14,30,34"
6402,3,H8,Tornada,37,Collblanc - Cardenal Reig,1259,05:54:55,54.92,19.083333333333332,1145.0,"1,2,3,4,5,6,7,8,9,10,11,12,13,14,15,16,17,18,19,20,21,22,23,24,25,26,27,28,29,30,31,32,33,34,35"
6027,1,H8,Tornada,37,Collblanc - Cardenal Reig,1259,06:09:13,9.22,14.2833333334,857.0,"1,2,3,4,5,6,7,8,9,10,11,12,13,14,15,16,17,18,19"
6213,3,H8,Tornada,37,Collblanc - Cardenal Reig,1259,06:12:49,12.82,3.5999999999666668,216.0,"1,2,3,4,5,6,7,8,9,10,11,12,13,14,15,16,17,18,19,20,21,22,23,24,25,26,27,28,29,30,31,32,33,34"
6034,3,H8,Tornada,37,Collblanc - Cardenal Reig,1259,06:18:25,18.42,5.616666666633334,337.0,"1,2,3,4,5,6,7,8,9,10,11,12,13,14,15,16,17,18,19,20,21,22,23,24,25,26,27,28,29,30,31,32,33,34,35,36"
6406,3,H8,Tornada,37,Collblanc - Cardenal Reig,1259,06:26:57,26.95,8.533333333333333,512.0,"1,2,3,4,5,6,7,8,9,10,11,12,13,14,15,16,17,18,19,20,21,22,23,24,25,26,27,28,29,30,31,32,33,34"
6110,3,H8,Tornada,37,Collblanc - Cardenal Reig,1259,06:34:51,34.85,7.883333333366666,473.0,"1,2,3,4,5,6,7,8,9,10,11,12,13,14,15,16,17,18,19,20,21,22,23,24,25,26,27,28,29,30,31,32,33,34,35,36"
6408,3,H8,Tornada,37,Collblanc - Cardenal Reig,1259,06:50:56,50.93,16.083333333333332,965.0,"1,2,3,4,5,6,7,8,9,10,11,12,13,14,15,16,17,18,19,20,21,22,23,24,25,26,27,28,29,30,31,32,33"
6215,3,H8,Tornada,37,Collblanc - Cardenal Reig,1259,06:59:12,59.2,8.266666666666667,496.0,"1,2,3,4,5,6,7,8,9,10,11,12,13,14,15,16,17,18,19,20,21,22,23,24,25,26,27,28,29,30,31,32,33"
6409,4,H8,Tornada,37,Collblanc - Cardenal Reig,1259,07:08:35,8.58,9.399999999966667,564.0,"1,2,3,4,5,6,7,8,9,10,11,12,13,14,15,16,17,18,19,20,21,22,23,24,25,26,27,28,29,30,31,32,33,34"
6217,3,H8,Tornada,37,Collblanc - Cardenal Reig,1259,07:15:04,15.07,6.4666666667333335,388.0,"1,2,3,4,5,6,7,8,9,10,11,12,13,14,15,16,17,18,19,20,21,22,23,24,25,26,27,28,29,30,31,32,33,34,35"
6411,5,H8,Tornada,37,Collblanc - Cardenal Reig,1259,07:25:54,25.9,10.8333333333,650.0,"1,2,3,4,5,6,7,8,9,10,11,12,13,14,15,16,17,18,19,20,21,22,23,24,25,26,27,28,29,30,31,32,33,34,35"
6407,3,H8,Tornada,37,Collblanc - Cardenal Reig,1259,07:32:44,32.73,6.849999999966667,411.0,"1,2,3,4,5,6,7,8,9,10,11,12,13,14,15,16,17,18,19,20,21,22,23,24,25,26,27,28,29,30,31,32,33,34,35,36"
6204,3,H8,Tornada,37,Collblanc - Cardenal Reig,1259,07:45:30,45.5,12.766666666666667,766.0,"1,2,3,4,5,6,7,8,9,10,11,12,13,14,15,16,17,18,19,20,21,22,23,24,25,26,27,28,29,30,31,32,33"
6415,5,H8,Tornada,37,Collblanc - Cardenal Reig,1259,08:00:52,0.87,15.350000000066666,921.0,"1,2,3,4,5,6,7,8,9,10,11,12,13,14,15,16,17,18,19,20,21,22,23,24,25,26,27,28,29,30,31,32,33,34,35"
6028,3,H8,Tornada,37,Collblanc - Cardenal Reig,1259,08:15:34,15.57,14.7,882.0,"1,2,3,4,5,6,7,8,9,10,11,12,13,14,15,16,17,18,19,20,21,22,23,24,25,26,27,28,29,30,31,32,33,34"
6209,6,H8,Tornada,37,Collblanc - Cardenal Reig,1259,08:30:04,30.07,14.499999999966667,870.0,"1,2,3,4,5,6,7,8,9,10,11,12,13,14,15,16,17,18,19,20,21,22,23,24,25,26,27,28,29,30,31,32,33,34"
6211,6,H8,Tornada,37,Collblanc - Cardenal Reig,1259,08:39:55,39.92,9.866666666633334,592.0,"1,2,3,4,5,6,7,8,9,10,11,12,13,14,15,16,17,18,19,20,21,22,23,24,25,26,27,28,29,30,31,32,33,34"
6402,6,H8,Tornada,37,Collblanc - Cardenal Reig,1259,09:00:34,0.57,20.65,1239.0,"1,2,3,4,5,6,7,8,9,10,11,12,13,14,15,16,17,18,19,20,21,22,23,24,25,26,27,28,29,30,31,32"
6027,4,H8,Tornada,37,Collblanc - Cardenal Reig,1259,09:01:44,1.73,1.1500000000666666,69.0,"1,2,3,4,5,6,7,8,9,10,11,12,13,14,15,16,17,18,19,20,21,22,23,24,25,26,27,28,29,30,31,32,33,34,35"
6213,6,H8,Tornada,37,Collblanc - Cardenal Reig,1259,09:06:46,6.77,5.033333333333333,302.0,"1,2,3,4,5,6,7,8,9,10,11,12,13,14,15,16,17,18,19,20,21,22,23,24,25,26,27,28,29,30,31,32,33,34,35,36"
6034,6,H8,Tornada,37,Collblanc - Cardenal Reig,1259,09:16:51,16.85,10.099999999933335,606.0,"1,2,3,4,5,6,7,8,9,10,11,12,13,14,15,16,17,18,19,20,21,22,23,24,25,26,27,28,29,30,31,32,33,34,35,36"
6406,6,H8,Tornada,37,Collblanc - Cardenal Reig,1259,09:29:27,29.45,12.583333333366665,755.0,"1,2,3,4,5,6,7,8,9,10,11,12,13,14,15,16,17,18,19,20,21,22,23,24,25,26,27,28,29,30,31,32,33,34"
6110,6,H8,Tornada,37,Collblanc - Cardenal Reig,1259,09:36:43,36.72,7.283333333300001,437.0,"1,2,3,4,5,6,7,8,9,10,11,12,13,14,15,16,17,18,19,20,21,22,23,24,25,26,27,28,29,30,31,32,33,34,35,36"
6409,7,H8,Tornada,37,Collblanc - Cardenal Reig,1259,10:05:56,5.93,3.216666666666667,193.0,"1,2,3,4,5,6,7,8,9,10,11,12,13,14,15,16,17,18,19,20,21,22,23,24,25,26,27,28,29,30,31,32,33,34,35"
6411,8,H8,Tornada,37,Collblanc - Cardenal Reig,1259,10:29:57,29.95,24.03333333326667,1442.0,"1,2,3,4,5,6,7,8,9,10,11,12,13,14,15,16,17,18,19,20,21,22,23,24,25,26,27,28,29,30,31,32,33"
6407,6,H8,Tornada,37,Collblanc - Cardenal Reig,1259,10:40:20,40.33,10.366666666733332,622.0,"1,2,3,4,5,6,7,8,9,10,11,12,13,14,15,16,17,18,19,20,21,22,23,24,25,26,27,28,29,30,31,32,33,34"
6100,8,H8,Tornada,37,Collblanc - Cardenal Reig,1259,10:44:36,44.6,4.266666666666667,256.0,"1,2,3,4,5,6,7,8,9,10,11,12,13,14,15,16,17,18,19,20,21,22,23,24,25,26,27,28,29,30,31,32,33,34,35,36"
6415,8,H8,Tornada,37,Collblanc - Cardenal Reig,1259,10:59:35,59.58,14.999999999933333,900.0,"1,2,3,4,5,6,7,8,9,10,11,12,13,14,15,16,17,18,19,20,21,22,23,24,25,26,27,28,29,30,31,32,33,34,35"
6028,6,H8,Tornada,37,Collblanc - Cardenal Reig,1259,11:09:43,9.72,10.133333333333333,608.0,"1,2,3,4,5,6,7,8,9,10,11,12,13,14,15,16,17,18,19,20,21,22,23,24,25,26,27,28,29,30,31,32,33,34"
6802,6,H8,Tornada,37,Collblanc - Cardenal Reig,1259,11:25:53,25.88,16.150000000033334,969.0,"1,2,3,4,5,6,7,8,9,10,11,12,13,14,15,16,17,18,19,20,21,22,23,24,25,26,27,28,29,30,31,32,33,34"
6209,9,H8,Tornada,37,Collblanc - Cardenal Reig,1259,11:40:55,40.92,15.049999999983333,903.0,"1,2,3,4,5,6,7,8,9,10,11,12,13,14,15,16,17,18,19,20,21,22,23,24,25,26,27,28,29,30,31,32,33"
6800,1,H8,Tornada,37,Collblanc - Cardenal Reig,1259,11:56:33,56.55,15.3166666667,919.0,"1,2,3,4,5,6,7,8,9,10,11,12,13,14,15,16,17,18,19,20,21,22,23,24,25"
6402,9,H8,Tornada,37,Collblanc - Cardenal Reig,1259,12:03:07,3.12,6.583333333266666,395.0,"1,2,3,4,5,6,7,8,9,10,11,12,13,14,15,16,17,18,19,20,21,22,23,24,25,26,27,28,29,30,31,32,33,34"
6027,7,H8,Tornada,37,Collblanc - Cardenal Reig,1259,12:04:47,4.78,1.6666666666666667,100.0,"1,2,3,4,5,6,7,8,9,10,11,12,13,14,15,16,17,18,19,20,21,22,23,24,25,26,27,28,29,30,31,32,33,34,35,36"
6034,9,H8,Tornada,37,Collblanc - Cardenal Reig,1259,12:20:48,20.8,16.00000000003333,960.0,"1,2,3,4,5,6,7,8,9,10,11,12,13,14,15,16,17,18,19,20,21,22,23,24,25,26,27,28,29,30,31,32,33,34,35,36"
6213,9,H8,Tornada,37,Collblanc - Cardenal Reig,1259,12:22:13,22.22,1.4166666666999999,85.0,"1,2,3,4,5,6,7,8,9,10,11,12,13,14,15,16,17,18,19,20,21,22,23,24,25,26,27,28,29,30,31,32,33,34,35"
6406,9,H8,Tornada,37,Collblanc - Cardenal Reig,1259,12:34:57,34.95,12.733333333300001,764.0,"1,2,3,4,5,6,7,8,9,10,11,12,13,14,15,16,17,18,19,20,21,22,23,24,25,26,27,28,29,30,31,32,33,34"
6408,9,H8,Tornada,37,Collblanc - Cardenal Reig,1259,12:43:04,43.07,8.1166666667,487.0,"1,2,3,4,5,6,7,8,9,10,11,12,13,14,15,16,17,18,19,20,21,22,23,24,25,26,27,28,29,30,31,32,33,34,35"
6215,9,H8,Tornada,37,Collblanc - Cardenal Reig,1259,12:54:04,54.07,11.0166666666,661.0,"1,2,3,4,5,6,7,8,9,10,11,12,13,14,15,16,17,18,19,20,21,22,23,24,25,26,27,28,29,30,31,32,33,34,35,36"
6409,10,H8,Tornada,37,Collblanc - Cardenal Reig,1259,13:07:24,7.4,13.333333333333334,800.0,"1,2,3,4,5,6,7,8,9,10,11,12,13,14,15,16,17,18,19,20,21,22,23,24,25,26,27,28,29,30,31,32,33,34"
6411,11,H8,Tornada,37,Collblanc - Cardenal Reig,1259,13:25:02,25.03,17.6166666667,1057.0,"1,2,3,4,5,6,7,8,9,10,11,12,13,14,15,16,17,18,19,20,21,22,23,24,25,26,27,28,29,30,31,32,33,34,35"
6407,9,H8,Tornada,37,Collblanc - Cardenal Reig,1259,13:44:15,44.25,19.2333333333,1154.0,"1,2,3,4,5,6,7,8,9,10,11,12,13,14,15,16,17,18,19,20,21,22,23,24,25,26,27,28,29,30,31,32"
6100,11,H8,Tornada,37,Collblanc - Cardenal Reig,1259,13:46:58,46.97,2.716666666666667,163.0,"1,2,3,4,5,6,7,8,9,10,11,12,13,14,15,16,17,18,19,20,21,22,23,24,25,26,27,28,29,30,31,32,33,34,35,36"
6415,11,H8,Tornada,37,Collblanc - Cardenal Reig,1259,14:06:17,6.28,19.300000000033332,1158.0,"1,2,3,4,5,6,7,8,9,10,11,12,13,14,15,16,17,18,19,20,21,22,23,24,25,26,27,28,29,30,31,32,33"
6028,9,H8,Tornada,37,Collblanc - Cardenal Reig,1259,14:09:19,9.32,3.033333333333333,182.0,"1,2,3,4,5,6,7,8,9,10,11,12,13,14,15,16,17,18,19,20,21,22,23,24,25,26,27,28,29,30,31,32,33,34,35,36"
6802,9,H8,Tornada,37,Collblanc - Cardenal Reig,1259,14:23:52,23.87,14.55,873.0,"1,2,3,4,5,6,7,8,9,10,11,12,13,14,15,16,17,18,19,20,21,22,23,24,25,26,27,28,29,30,31,32,33,34,35"
6211,12,H8,Tornada,37,Collblanc - Cardenal Reig,1259,14:34:07,34.12,10.25,615.0,"1,2,3,4,5,6,7,8,9,10,11,12,13,14,15,16,17,18,19,20,21,22,23,24,25,26,27,28,29,30,31,32,33,34"
6800,4,H8,Tornada,37,Collblanc - Cardenal Reig,1259,14:43:35,43.58,9.466666666666667,568.0,"1,2,3,4,5,6,7,8,9,10,11,12,13,14,15,16,17,18,19,20,21,22,23,24,25,26,27,28,29,30,31,32,33,34"
6402,12,H8,Tornada,37,Collblanc - Cardenal Reig,1259,14:54:31,54.52,10.94999999995,657.0,"1,2,3,4,5,6,7,8,9,10,11,12,13,14,15,16,17,18,19,20,21,22,23,24,25,26,27,28,29,30,31,32,33,34,35,36"
6213,12,H8,Tornada,37,Collblanc - Cardenal Reig,1259,14:56:05,56.08,1.5500000000833334,93.0,"1,2,3,4,5,6,7,8,9,10,11,12,13,14,15,16,17,18,19,20,21,22,23,24,25,26,27,28,29,30,31,32,33,34"
6027,10,H8,Tornada,37,Collblanc - Cardenal Reig,1259,14:57:14,57.23,1.1666666666,70.0,"1,2,3,4,5,6,7,8,9,10,11,12,13,14,15,16,17,18,19,20,21,22,23,24,25,26,27,28,29,30,31,32,33,34,35"
6034,12,H8,Tornada,37,Collblanc - Cardenal Reig,1259,15:34:00,34.0,4.633333333333334,278.0,"1,2,3,4,5,6,7,8,9,10,11,12,13,14,15,16,17,18,19,20,21,22,23,24,25,26,27,28"
6408,12,H8,Tornada,37,Collblanc - Cardenal Reig,1259,15:42:25,42.42,8.400000000066667,504.0,"1,2,3,4,5,6,7,8,9,10,11,12,13,14,15,16,17,18,19,20,21,22,23,24,25,26,27,28,29,30,31,32,33,34"
6215,12,H8,Tornada,37,Collblanc - Cardenal Reig,1259,15:55:23,55.38,12.966666666633333,778.0,"1,2,3,4,5,6,7,8,9,10,11,12,13,14,15,16,17,18,19,20,21,22,23,24,25,26,27,28,29,30,31,32,33,34"
6409,13,H8,Tornada,37,Collblanc - Cardenal Reig,1259,16:03:21,3.35,7.966666666699999,478.0,"1,2,3,4,5,6,7,8,9,10,11,12,13,14,15,16,17,18,19,20,21,22,23,24,25,26,27,28,29,30,31,32,33,34,35,36"
6411,14,H8,Tornada,37,Collblanc - Cardenal Reig,1259,16:17:48,17.8,14.449999999966668,867.0,"1,2,3,4,5,6,7,8,9,10,11,12,13,14,15,16,17,18,19,20,21,22,23,24,25,26,27,28,29,30,31,32,33,34,35,36"
6407,12,H8,Tornada,37,Collblanc - Cardenal Reig,1259,16:33:22,33.37,15.5833333333,935.0,"1,2,3,4,5,6,7,8,9,10,11,12,13,14,15,16,17,18,19,20,21,22,23,24,25,26,27,28,29,30,31,32,33,34,35"
6100,14,H8,Tornada,37,Collblanc - Cardenal Reig,1259,16:53:34,53.57,20.183333333366665,1211.0,"1,2,3,4,5,6,7,8,9,10,11,12,13,14,15,16,17,18,19,20,21,22,23,24,25,26,27,28,29,30,31,32,33,34,35,36"
6036,3,H8,Tornada,37,Collblanc - Cardenal Reig,1259,16:55:42,55.7,2.1499999999666666,129.0,"1,2,3,4,5,6,7,8,9,10,11,12,13,14,15,16,17,18,19,20,21,22,23,24,25,26,27,28,29,30,31,32,33,34"
6028,12,H8,Tornada,37,Collblanc - Cardenal Reig,1259,17:08:57,8.95,13.2333333334,794.0,"1,2,3,4,5,6,7,8,9,10,11,12,13,14,15,16,17,18,19,20,21,22,23,24,25,26,27,28,29,30,31,32,33,34,35,36"
6802,12,H8,Tornada,37,Collblanc - Cardenal Reig,1259,17:23:56,23.93,14.999999999933333,900.0,"1,2,3,4,5,6,7,8,9,10,11,12,13,14,15,16,17,18,19,20,21,22,23,24,25,26,27,28,29,30,31,32,33,34,35,36"
6211,15,H8,Tornada,37,Collblanc - Cardenal Reig,1259,17:34:15,34.25,10.300000000033332,618.0,"1,2,3,4,5,6,7,8,9,10,11,12,13,14,15,16,17,18,19,20,21,22,23,24,25,26,27,28,29,30,31,32,33,34,35,36"
6217,9,H8,Tornada,37,Collblanc - Cardenal Reig,1259,17:43:42,43.7,9.45,567.0,"1,2,3,4,5,6,7,8,9,10,11,12,13,14,15,16,17,18,19,20,21,22,23,24,25,26,27,28,29,30,31,32,33,34,35"
6800,7,H8,Tornada,37,Collblanc - Cardenal Reig,1259,17:46:59,46.98,3.283333333333333,197.0,"1,2,3,4,5,6,7,8,9,10,11,12,13,14,15,16,17,18,19,20,21,22,23,24,25,26,27,28,29,30,31,32,33,34,35"
6027,13,H8,Tornada,37,Collblanc - Cardenal Reig,1259,18:00:54,0.9,13.916666666683334,835.0,"1,2,3,4,5,6,7,8,9,10,11,12,13,14,15,16,17,18,19,20,21,22,23,24,25,26,27,28,29,30,31,32,33,34,35,36"
6213,15,H8,Tornada,37,Collblanc - Cardenal Reig,1259,18:11:03,11.05,9.349999999966666,561.0,"1,2,3,4,5,6,7,8,9,10,11,12,13,14,15,16,17,18,19,20,21,22,23,24,25,26,27,28,29,30,31,32,33,34,35,36"
6215,15,H8,Tornada,37,Collblanc - Cardenal Reig,1259,18:51:09,51.15,12.7666666666,766.0,"1,2,3,4,5,6,7,8,9,10,11,12,13,14,15,16,17,18,19,20,21,22,23,24,25,26,27,28,29,30,31,32,33,34,35,36"
6075,8,H8,Tornada,37,Collblanc - Cardenal Reig,1259,19:08:20,8.33,17.1666666667,1030.0,"1,2,3,4,5,6,7,8,9,10,11,12,13,14,15,16,17,18,19,20,21,22,23,24,25,26,27,28,29,30,31,32,33,34,35,36"
6409,1,H8,Tornada,38,Camí de la Torre Melina - Av de Xile,1649,04:10:35,10.58,,,"1,2,3,4,5,6,7,8,9,10,11,12,13,14,30,34"
6211,3,H8,Tornada,38,Camí de la Torre Melina - Av de Xile,1649,05:37:40,37.67,10.883333333333333,653.0,"1,2,3,4,5,6,7,8,9,10,11,12,13,14,15,16,17,18,19,20,21,22,23,24,25,26,27,28,29,30,31,32,33,34,35,36"
6402,3,H8,Tornada,38,Camí de la Torre Melina - Av de Xile,1649,05:57:08,57.13,19.4833333333,1169.0,"1,2,3,4,5,6,7,8,9,10,11,12,13,14,15,16,17,18,19,20,21,22,23,24,25,26,27,28,29,30,31,32,33,34,35"
6027,1,H8,Tornada,38,Camí de la Torre Melina - Av de Xile,1649,06:11:13,11.22,14.083333333333334,845.0,"1,2,3,4,5,6,7,8,9,10,11,12,13,14,15,16,17,18,19"
6213,3,H8,Tornada,38,Camí de la Torre Melina - Av de Xile,1649,06:14:33,14.55,3.3166666667,199.0,"1,2,3,4,5,6,7,8,9,10,11,12,13,14,15,16,17,18,19,20,21,22,23,24,25,26,27,28,29,30,31,32,33,34"
6034,3,H8,Tornada,38,Camí de la Torre Melina - Av de Xile,1649,06:20:51,20.85,6.3,378.0,"1,2,3,4,5,6,7,8,9,10,11,12,13,14,15,16,17,18,19,20,21,22,23,24,25,26,27,28,29,30,31,32,33,34,35,36"
6406,3,H8,Tornada,38,Camí de la Torre Melina - Av de Xile,1649,06:29:28,29.47,8.6166666667,517.0,"1,2,3,4,5,6,7,8,9,10,11,12,13,14,15,16,17,18,19,20,21,22,23,24,25,26,27,28,29,30,31,32,33,34"
6110,3,H8,Tornada,38,Camí de la Torre Melina - Av de Xile,1649,06:37:11,37.18,7.716666666666667,463.0,"1,2,3,4,5,6,7,8,9,10,11,12,13,14,15,16,17,18,19,20,21,22,23,24,25,26,27,28,29,30,31,32,33,34,35,36"
6408,3,H8,Tornada,38,Camí de la Torre Melina - Av de Xile,1649,06:53:42,53.7,16.516666666666666,991.0,"1,2,3,4,5,6,7,8,9,10,11,12,13,14,15,16,17,18,19,20,21,22,23,24,25,26,27,28,29,30,31,32,33"
6215,3,H8,Tornada,38,Camí de la Torre Melina - Av de Xile,1649,07:03:30,3.5,9.799999999966667,588.0,"1,2,3,4,5,6,7,8,9,10,11,12,13,14,15,16,17,18,19,20,21,22,23,24,25,26,27,28,29,30,31,32,33"
6409,4,H8,Tornada,38,Camí de la Torre Melina - Av de Xile,1649,07:10:53,10.88,7.383333333333334,443.0,"1,2,3,4,5,6,7,8,9,10,11,12,13,14,15,16,17,18,19,20,21,22,23,24,25,26,27,28,29,30,31,32,33,34"
6217,3,H8,Tornada,38,Camí de la Torre Melina - Av de Xile,1649,07:17:25,17.42,6.549999999966667,393.0,"1,2,3,4,5,6,7,8,9,10,11,12,13,14,15,16,17,18,19,20,21,22,23,24,25,26,27,28,29,30,31,32,33,34,35"
6411,5,H8,Tornada,38,Camí de la Torre Melina - Av de Xile,1649,07:28:38,28.63,11.200000000033333,672.0,"1,2,3,4,5,6,7,8,9,10,11,12,13,14,15,16,17,18,19,20,21,22,23,24,25,26,27,28,29,30,31,32,33,34,35"
6407,3,H8,Tornada,38,Camí de la Torre Melina - Av de Xile,1649,07:33:30,33.5,4.8666666667,292.0,"1,2,3,4,5,6,7,8,9,10,11,12,13,14,15,16,17,18,19,20,21,22,23,24,25,26,27,28,29,30,31,32,33,34,35,36"
6204,3,H8,Tornada,38,Camí de la Torre Melina - Av de Xile,1649,07:47:33,47.55,14.049999999966667,843.0,"1,2,3,4,5,6,7,8,9,10,11,12,13,14,15,16,17,18,19,20,21,22,23,24,25,26,27,28,29,30,31,32,33"
6415,5,H8,Tornada,38,Camí de la Torre Melina - Av de Xile,1649,08:02:36,2.6,15.05,903.0,"1,2,3,4,5,6,7,8,9,10,11,12,13,14,15,16,17,18,19,20,21,22,23,24,25,26,27,28,29,30,31,32,33,34,35"
6028,3,H8,Tornada,38,Camí de la Torre Melina - Av de Xile,1649,08:17:13,17.22,14.6166666667,877.0,"1,2,3,4,5,6,7,8,9,10,11,12,13,14,15,16,17,18,19,20,21,22,23,24,25,26,27,28,29,30,31,32,33,34"
6802,3,H8,Tornada,38,Camí de la Torre Melina - Av de Xile,1649,08:19:28,19.47,2.2499999999666667,135.0,"1,2,3,4,5,6,7,8,9,10,11,12,13,14,15,16,17,18,19,20,21,22,23,24,25,26,27,28,29,30,31,32,33,34,35,36,37"
6209,6,H8,Tornada,38,Camí de la Torre Melina - Av de Xile,1649,08:32:14,32.23,12.7833333333,767.0,"1,2,3,4,5,6,7,8,9,10,11,12,13,14,15,16,17,18,19,20,21,22,23,24,25,26,27,28,29,30,31,32,33,34"
6211,6,H8,Tornada,38,Camí de la Torre Melina - Av de Xile,1649,08:41:49,41.82,9.5666666667,574.0,"1,2,3,4,5,6,7,8,9,10,11,12,13,14,15,16,17,18,19,20,21,22,23,24,25,26,27,28,29,30,31,32,33,34"
6402,6,H8,Tornada,38,Camí de la Torre Melina - Av de Xile,1649,09:02:32,2.53,20.7166666667,1243.0,"1,2,3,4,5,6,7,8,9,10,11,12,13,14,15,16,17,18,19,20,21,22,23,24,25,26,27,28,29,30,31,32"
6027,4,H8,Tornada,38,Camí de la Torre Melina - Av de Xile,1649,09:04:25,4.42,1.8999999999333332,114.0,"1,2,3,4,5,6,7,8,9,10,11,12,13,14,15,16,17,18,19,20,21,22,23,24,25,26,27,28,29,30,31,32,33,34,35"
6213,6,H8,Tornada,38,Camí de la Torre Melina - Av de Xile,1649,09:08:55,8.92,4.483333333366667,269.0,"1,2,3,4,5,6,7,8,9,10,11,12,13,14,15,16,17,18,19,20,21,22,23,24,25,26,27,28,29,30,31,32,33,34,35,36"
6034,6,H8,Tornada,38,Camí de la Torre Melina - Av de Xile,1649,09:18:46,18.77,9.850000000033333,591.0,"1,2,3,4,5,6,7,8,9,10,11,12,13,14,15,16,17,18,19,20,21,22,23,24,25,26,27,28,29,30,31,32,33,34,35,36"
6406,6,H8,Tornada,38,Camí de la Torre Melina - Av de Xile,1649,09:31:30,31.5,12.733333333300001,764.0,"1,2,3,4,5,6,7,8,9,10,11,12,13,14,15,16,17,18,19,20,21,22,23,24,25,26,27,28,29,30,31,32,33,34"
6110,6,H8,Tornada,38,Camí de la Torre Melina - Av de Xile,1649,09:38:30,38.5,7.016666666633333,421.0,"1,2,3,4,5,6,7,8,9,10,11,12,13,14,15,16,17,18,19,20,21,22,23,24,25,26,27,28,29,30,31,32,33,34,35,36"
6408,6,H8,Tornada,38,Camí de la Torre Melina - Av de Xile,1649,09:41:56,41.93,3.416666666733333,205.0,"1,2,3,4,5,6,7,8,9,10,11,12,13,14,15,16,17,18,19,20,21,22,23,24,25,26,27,28,29,30,31,32,33,34,35,36,37"
6215,6,H8,Tornada,38,Camí de la Torre Melina - Av de Xile,1649,10:04:24,4.4,22.483333333266668,1349.0,"1,2,3,4,5,6,7,8,9,10,11,12,13,14,15,16,17,18,19,20,21,22,23,24,25,26,27,28,29,30,31,32"
6409,7,H8,Tornada,38,Camí de la Torre Melina - Av de Xile,1649,10:08:01,8.02,3.6000000000666663,216.0,"1,2,3,4,5,6,7,8,9,10,11,12,13,14,15,16,17,18,19,20,21,22,23,24,25,26,27,28,29,30,31,32,33,34,35"
6411,8,H8,Tornada,38,Camí de la Torre Melina - Av de Xile,1649,10:32:26,32.43,24.416666666633333,1465.0,"1,2,3,4,5,6,7,8,9,10,11,12,13,14,15,16,17,18,19,20,21,22,23,24,25,26,27,28,29,30,31,32,33"
6407,6,H8,Tornada,38,Camí de la Torre Melina - Av de Xile,1649,10:42:00,42.0,9.5666666667,574.0,"1,2,3,4,5,6,7,8,9,10,11,12,13,14,15,16,17,18,19,20,21,22,23,24,25,26,27,28,29,30,31,32,33,34"
6100,8,H8,Tornada,38,Camí de la Torre Melina - Av de Xile,1649,10:46:46,46.77,4.7833333332666665,287.0,"1,2,3,4,5,6,7,8,9,10,11,12,13,14,15,16,17,18,19,20,21,22,23,24,25,26,27,28,29,30,31,32,33,34,35,36"
6415,8,H8,Tornada,38,Camí de la Torre Melina - Av de Xile,1649,11:03:04,3.07,16.3,978.0,"1,2,3,4,5,6,7,8,9,10,11,12,13,14,15,16,17,18,19,20,21,22,23,24,25,26,27,28,29,30,31,32,33,34,35"
6028,6,H8,Tornada,38,Camí de la Torre Melina - Av de Xile,1649,11:13:57,13.95,10.8666666667,652.0,"1,2,3,4,5,6,7,8,9,10,11,12,13,14,15,16,17,18,19,20,21,22,23,24,25,26,27,28,29,30,31,32,33,34"
6802,6,H8,Tornada,38,Camí de la Torre Melina - Av de Xile,1649,11:27:48,27.8,13.866666666633334,832.0,"1,2,3,4,5,6,7,8,9,10,11,12,13,14,15,16,17,18,19,20,21,22,23,24,25,26,27,28,29,30,31,32,33,34"
6209,9,H8,Tornada,38,Camí de la Torre Melina - Av de Xile,1649,11:42:53,42.88,15.0666666667,904.0,"1,2,3,4,5,6,7,8,9,10,11,12,13,14,15,16,17,18,19,20,21,22,23,24,25,26,27,28,29,30,31,32,33"
6800,1,H8,Tornada,38,Camí de la Torre Melina - Av de Xile,1649,11:58:39,58.65,14.983333333366666,899.0,"1,2,3,4,5,6,7,8,9,10,11,12,13,14,15,16,17,18,19,20,21,22,23,24,25"
6402,9,H8,Tornada,38,Camí de la Torre Melina - Av de Xile,1649,12:05:16,5.27,6.616666666666666,397.0,"1,2,3,4,5,6,7,8,9,10,11,12,13,14,15,16,17,18,19,20,21,22,23,24,25,26,27,28,29,30,31,32,33,34"
6027,7,H8,Tornada,38,Camí de la Torre Melina - Av de Xile,1649,12:07:00,7.0,1.7333333333333334,104.0,"1,2,3,4,5,6,7,8,9,10,11,12,13,14,15,16,17,18,19,20,21,22,23,24,25,26,27,28,29,30,31,32,33,34,35,36"
6034,9,H8,Tornada,38,Camí de la Torre Melina - Av de Xile,1649,12:23:29,23.48,16.483333333366666,989.0,"1,2,3,4,5,6,7,8,9,10,11,12,13,14,15,16,17,18,19,20,21,22,23,24,25,26,27,28,29,30,31,32,33,34,35,36"
6213,9,H8,Tornada,38,Camí de la Torre Melina - Av de Xile,1649,12:24:37,24.62,1.1333333333000002,68.0,"1,2,3,4,5,6,7,8,9,10,11,12,13,14,15,16,17,18,19,20,21,22,23,24,25,26,27,28,29,30,31,32,33,34,35"
6406,9,H8,Tornada,38,Camí de la Torre Melina - Av de Xile,1649,12:36:54,36.9,12.283333333366667,737.0,"1,2,3,4,5,6,7,8,9,10,11,12,13,14,15,16,17,18,19,20,21,22,23,24,25,26,27,28,29,30,31,32,33,34"
6408,9,H8,Tornada,38,Camí de la Torre Melina - Av de Xile,1649,12:44:54,44.9,7.999999999966667,480.0,"1,2,3,4,5,6,7,8,9,10,11,12,13,14,15,16,17,18,19,20,21,22,23,24,25,26,27,28,29,30,31,32,33,34,35"
6215,9,H8,Tornada,38,Camí de la Torre Melina - Av de Xile,1649,12:55:51,55.85,10.966666666633333,658.0,"1,2,3,4,5,6,7,8,9,10,11,12,13,14,15,16,17,18,19,20,21,22,23,24,25,26,27,28,29,30,31,32,33,34,35,36"
6409,10,H8,Tornada,38,Camí de la Torre Melina - Av de Xile,1649,13:09:34,9.57,13.700000000033333,822.0,"1,2,3,4,5,6,7,8,9,10,11,12,13,14,15,16,17,18,19,20,21,22,23,24,25,26,27,28,29,30,31,32,33,34"
6411,11,H8,Tornada,38,Camí de la Torre Melina - Av de Xile,1649,13:27:04,27.07,17.50000000003333,1050.0,"1,2,3,4,5,6,7,8,9,10,11,12,13,14,15,16,17,18,19,20,21,22,23,24,25,26,27,28,29,30,31,32,33,34,35"
6407,9,H8,Tornada,38,Camí de la Torre Melina - Av de Xile,1649,13:45:59,45.98,18.933333333266667,1136.0,"1,2,3,4,5,6,7,8,9,10,11,12,13,14,15,16,17,18,19,20,21,22,23,24,25,26,27,28,29,30,31,32"
6100,11,H8,Tornada,38,Camí de la Torre Melina - Av de Xile,1649,13:48:52,48.87,2.866666666733333,172.0,"1,2,3,4,5,6,7,8,9,10,11,12,13,14,15,16,17,18,19,20,21,22,23,24,25,26,27,28,29,30,31,32,33,34,35,36"
6415,11,H8,Tornada,38,Camí de la Torre Melina - Av de Xile,1649,14:10:08,10.13,21.266666666666666,1276.0,"1,2,3,4,5,6,7,8,9,10,11,12,13,14,15,16,17,18,19,20,21,22,23,24,25,26,27,28,29,30,31,32,33"
6028,9,H8,Tornada,38,Camí de la Torre Melina - Av de Xile,1649,14:11:17,11.28,1.15,69.0,"1,2,3,4,5,6,7,8,9,10,11,12,13,14,15,16,17,18,19,20,21,22,23,24,25,26,27,28,29,30,31,32,33,34,35,36"
6802,9,H8,Tornada,38,Camí de la Torre Melina - Av de Xile,1649,14:26:10,26.17,14.899999999933334,894.0,"1,2,3,4,5,6,7,8,9,10,11,12,13,14,15,16,17,18,19,20,21,22,23,24,25,26,27,28,29,30,31,32,33,34,35"
6211,12,H8,Tornada,38,Camí de la Torre Melina - Av de Xile,1649,14:35:52,35.87,9.7,582.0,"1,2,3,4,5,6,7,8,9,10,11,12,13,14,15,16,17,18,19,20,21,22,23,24,25,26,27,28,29,30,31,32,33,34"
6800,4,H8,Tornada,38,Camí de la Torre Melina - Av de Xile,1649,14:45:17,45.28,9.416666666666666,565.0,"1,2,3,4,5,6,7,8,9,10,11,12,13,14,15,16,17,18,19,20,21,22,23,24,25,26,27,28,29,30,31,32,33,34"
6402,12,H8,Tornada,38,Camí de la Torre Melina - Av de Xile,1649,14:56:44,56.73,11.433333333399998,686.0,"1,2,3,4,5,6,7,8,9,10,11,12,13,14,15,16,17,18,19,20,21,22,23,24,25,26,27,28,29,30,31,32,33,34,35,36"
6213,12,H8,Tornada,38,Camí de la Torre Melina - Av de Xile,1649,14:58:41,58.68,1.95,117.0,"1,2,3,4,5,6,7,8,9,10,11,12,13,14,15,16,17,18,19,20,21,22,23,24,25,26,27,28,29,30,31,32,33,34"
6034,12,H8,Tornada,38,Camí de la Torre Melina - Av de Xile,1649,15:35:48,35.8,5.066666666666666,304.0,"1,2,3,4,5,6,7,8,9,10,11,12,13,14,15,16,17,18,19,20,21,22,23,24,25,26,27,28"
6408,12,H8,Tornada,38,Camí de la Torre Melina - Av de Xile,1649,15:45:22,45.37,9.566666666666666,574.0,"1,2,3,4,5,6,7,8,9,10,11,12,13,14,15,16,17,18,19,20,21,22,23,24,25,26,27,28,29,30,31,32,33,34"
6215,12,H8,Tornada,38,Camí de la Torre Melina - Av de Xile,1649,15:59:00,59.0,13.633333333333333,818.0,"1,2,3,4,5,6,7,8,9,10,11,12,13,14,15,16,17,18,19,20,21,22,23,24,25,26,27,28,29,30,31,32,33,34"
6409,13,H8,Tornada,38,Camí de la Torre Melina - Av de Xile,1649,16:05:10,5.17,6.150000000033333,369.0,"1,2,3,4,5,6,7,8,9,10,11,12,13,14,15,16,17,18,19,20,21,22,23,24,25,26,27,28,29,30,31,32,33,34,35,36"
6075,5,H8,Tornada,38,Camí de la Torre Melina - Av de Xile,1649,16:09:36,9.6,4.449999999966667,267.0,"1,2,3,4,5,6,7,8,9,10,11,12,13,14,15,16,17,18,19,20,21,22,23,24,25,26,27,28,29,30,31,32,33,34,35,36,37"
6411,14,H8,Tornada,38,Camí de la Torre Melina - Av de Xile,1649,16:19:54,19.9,10.2833333334,617.0,"1,2,3,4,5,6,7,8,9,10,11,12,13,14,15,16,17,18,19,20,21,22,23,24,25,26,27,28,29,30,31,32,33,34,35,36"
6407,12,H8,Tornada,38,Camí de la Torre Melina - Av de Xile,1649,16:35:01,35.02,15.133333333266668,908.0,"1,2,3,4,5,6,7,8,9,10,11,12,13,14,15,16,17,18,19,20,21,22,23,24,25,26,27,28,29,30,31,32,33,34,35"
6100,14,H8,Tornada,38,Camí de la Torre Melina - Av de Xile,1649,16:55:26,55.43,20.416666666666668,1225.0,"1,2,3,4,5,6,7,8,9,10,11,12,13,14,15,16,17,18,19,20,21,22,23,24,25,26,27,28,29,30,31,32,33,34,35,36"
6036,3,H8,Tornada,38,Camí de la Torre Melina - Av de Xile,1649,16:58:48,58.8,3.3500000000666663,201.0,"1,2,3,4,5,6,7,8,9,10,11,12,13,14,15,16,17,18,19,20,21,22,23,24,25,26,27,28,29,30,31,32,33,34"
6028,12,H8,Tornada,38,Camí de la Torre Melina - Av de Xile,1649,17:10:48,10.8,11.416666666633335,685.0,"1,2,3,4,5,6,7,8,9,10,11,12,13,14,15,16,17,18,19,20,21,22,23,24,25,26,27,28,29,30,31,32,33,34,35,36"
6802,12,H8,Tornada,38,Camí de la Torre Melina - Av de Xile,1649,17:26:00,26.0,15.2,912.0,"1,2,3,4,5,6,7,8,9,10,11,12,13,14,15,16,17,18,19,20,21,22,23,24,25,26,27,28,29,30,31,32,33,34,35,36"
6211,15,H8,Tornada,38,Camí de la Torre Melina - Av de Xile,1649,17:36:21,36.35,10.333333333399999,620.0,"1,2,3,4,5,6,7,8,9,10,11,12,13,14,15,16,17,18,19,20,21,22,23,24,25,26,27,28,29,30,31,32,33,34,35,36"
6217,9,H8,Tornada,38,Camí de la Torre Melina - Av de Xile,1649,17:45:52,45.87,9.516666666633334,571.0,"1,2,3,4,5,6,7,8,9,10,11,12,13,14,15,16,17,18,19,20,21,22,23,24,25,26,27,28,29,30,31,32,33,34,35"
6800,7,H8,Tornada,38,Camí de la Torre Melina - Av de Xile,1649,17:48:59,48.98,3.1166666667,187.0,"1,2,3,4,5,6,7,8,9,10,11,12,13,14,15,16,17,18,19,20,21,22,23,24,25,26,27,28,29,30,31,32,33,34,35"
6027,13,H8,Tornada,38,Camí de la Torre Melina - Av de Xile,1649,18:03:06,3.1,14.133333333266668,848.0,"1,2,3,4,5,6,7,8,9,10,11,12,13,14,15,16,17,18,19,20,21,22,23,24,25,26,27,28,29,30,31,32,33,34,35,36"
6402,15,H8,Tornada,38,Camí de la Torre Melina - Av de Xile,1649,18:04:44,4.73,1.6333333333333333,98.0,"1,2,3,4,5,6,7,8,9,10,11,12,13,14,15,16,17,18,19,20,21,22,23,24,25,26,27,28,29,30,31,32,33"
6213,15,H8,Tornada,38,Camí de la Torre Melina - Av de Xile,1649,18:13:04,13.07,8.316666666733333,499.0,"1,2,3,4,5,6,7,8,9,10,11,12,13,14,15,16,17,18,19,20,21,22,23,24,25,26,27,28,29,30,31,32,33,34,35,36"
6034,15,H8,Tornada,38,Camí de la Torre Melina - Av de Xile,1649,18:23:05,23.08,10.016666666633334,601.0,"1,2,3,4,5,6,7,8,9,10,11,12,13,14,15,16,17,18,19,20,21,22,23,24,25,26,27,28,29,30,31,32,33,34,35,36,37"
6406,15,H8,Tornada,38,Camí de la Torre Melina - Av de Xile,1649,18:40:11,40.18,17.100000000033333,1026.0,"1,2,3,4,5,6,7,8,9,10,11,12,13,14,15,16,17,18,19,20,21,22,23,24,25,26,27,28,29,30,31,32,33,34"
6215,15,H8,Tornada,38,Camí de la Torre Melina - Av de Xile,1649,18:54:15,54.25,13.233333333366666,794.0,"1,2,3,4,5,6,7,8,9,10,11,12,13,14,15,16,17,18,19,20,21,22,23,24,25,26,27,28,29,30,31,32,33,34,35,36"
6075,8,H8,Tornada,38,Camí de la Torre Melina - Av de Xile,1649,19:10:31,10.52,16.28333333326667,977.0,"1,2,3,4,5,6,7,8,9,10,11,12,13,14,15,16,17,18,19,20,21,22,23,24,25,26,27,28,29,30,31,32,33,34,35,36"
6036,6,H8,Tornada,38,Camí de la Torre Melina - Av de Xile,1649,19:29:46,29.77,19.2333333334,1154.0,"1,2,3,4,5,6,7,8,9,10,11,12,13,14,15,16,17,18,19,20,21,22,23,24,25,26,27,28,29,30,31,32,33,34,35,36,37"
6117,3,H8,Tornada,38,Camí de la Torre Melina - Av de Xile,1649,19:43:52,43.87,14.099999999966666,846.0,"1,2,3,4,5,6,7,8,9,10,11,12,13,14,15,16,17,18,19,20,21,22,23,24,25,26,27,28,29,30,31,32,33,34,35,36,37"
6415,17,H8,Tornada,38,Camí de la Torre Melina - Av de Xile,1649,19:53:07,53.12,9.25,555.0,"1,2,3,4,5,6,7,8,9,10,11,12,13,14,15,16,17,18,19,20,21,22,23,24,25,26,27,28,29,30,31,32,33,34,35,36,37"
