id_bus,viaje_n,nom_linia,sentit,ordre,nom_parada,codi_parada,hora_paso,min_paso,headway_min,headway_sec,ordre_faltantes
6406,1,H8,Anada,1,Metro Ernest Lluch - Final de trajecte,3797,03:55:00,55.0,,,
6046,1,H8,Anada,1,Metro Ernest Lluch - Final de trajecte,3797,04:04:00,4.0,9.0,540.0,"30,31"
6408,1,H8,Anada,1,Metro Ernest Lluch - Final de trajecte,3797,04:12:59,12.98,8.999999999966667,540.0,
6407,1,H8,Anada,1,Metro Ernest Lluch - Final de trajecte,3797,04:22:00,22.0,9.000000000066667,540.0,
6024,1,H8,Anada,1,Metro Ernest Lluch - Final de trajecte,3797,04:31:00,31.0,9.0,540.0,
6411,1,H8,Anada,1,Metro Ernest Lluch - Final de trajecte,3797,04:49:00,49.0,17.99999999996667,1080.0,
6414,1,H8,Anada,1,Metro Ernest Lluch - Final de trajecte,3797,05:06:56,6.93,17.949999999966668,1077.0,
6415,1,H8,Anada,1,Metro Ernest Lluch - Final de trajecte,3797,05:22:35,22.58,15.65,939.0,
1547,1,H8,Anada,1,Metro Ernest Lluch - Final de trajecte,3797,05:30:54,30.9,8.316666666666666,499.0,
2671,1,H8,Anada,1,Metro Ernest Lluch - Final de trajecte,3797,05:39:46,39.77,8.866666666666667,532.0,
6217,2,H8,Anada,1,Metro Ernest Lluch - Final de trajecte,3797,05:46:57,46.95,7.183333333333334,431.0,
6026,2,H8,Anada,1,Metro Ernest Lluch - Final de trajecte,3797,05:55:22,55.37,8.416666666666666,505.0,
6401,1,H8,Anada,1,Metro Ernest Lluch - Final de trajecte,3797,06:03:47,3.78,8.416666666666666,505.0,
6402,2,H8,Anada,1,Metro Ernest Lluch - Final de trajecte,3797,06:12:13,12.22,8.416666666733333,505.0,
6808,1,H8,Anada,1,Metro Ernest Lluch - Final de trajecte,3797,06:20:38,20.63,8.416666666633335,505.0,
6037,2,H8,Anada,1,Metro Ernest Lluch - Final de trajecte,3797,06:28:10,28.17,7.549999999966667,453.0,
6047,2,H8,Anada,1,Metro Ernest Lluch - Final de trajecte,3797,06:36:38,36.63,8.450000000066668,507.0,
6406,2,H8,Anada,1,Metro Ernest Lluch - Final de trajecte,3797,06:43:48,43.8,7.183333333266666,431.0,
6215,1,H8,Anada,1,Metro Ernest Lluch - Final de trajecte,3797,06:51:08,51.13,7.316666666733334,439.0,
6046,2,H8,Anada,1,Metro Ernest Lluch - Final de trajecte,3797,07:02:18,2.3,11.183333333266667,671.0,"7,21"
6408,2,H8,Anada,1,Metro Ernest Lluch - Final de trajecte,3797,07:06:52,6.87,4.5500000000666665,273.0,
6407,2,H8,Anada,1,Metro Ernest Lluch - Final de trajecte,3797,07:15:24,15.4,8.5333333333,512.0,
6024,2,H8,Anada,1,Metro Ernest Lluch - Final de trajecte,3797,07:31:14,31.23,15.833333333333334,950.0,
6056,3,H8,Anada,1,Metro Ernest Lluch - Final de trajecte,3797,07:38:35,38.58,7.350000000033333,441.0,"4,18"
6411,2,H8,Anada,1,Metro Ernest Lluch - Final de trajecte,3797,07:47:04,47.07,8.483333333300001,509.0,
6211,1,H8,Anada,1,Metro Ernest Lluch - Final de trajecte,3797,07:55:24,55.4,8.349999999966666,501.0,"9,11,12,13,14,15,16,17,18,19,20,21,22,23,24,25,26,27,28,29,30,31,32,33,34,35,36,37,38,39"
6059,2,H8,Anada,1,Metro Ernest Lluch - Final de trajecte,3797,08:00:53,0.88,5.4666666667333335,328.0,"9,10,11,12,20,21,22,23"
6414,2,H8,Anada,1,Metro Ernest Lluch - Final de trajecte,3797,08:12:15,12.25,11.366666666666667,682.0,36
6415,2,H8,Anada,1,Metro Ernest Lluch - Final de trajecte,3797,08:19:40,19.67,7.416666666633334,445.0,
1547,2,H8,Anada,1,Metro Ernest Lluch - Final de trajecte,3797,08:28:02,28.03,8.3666666667,502.0,
2671,2,H8,Anada,1,Metro Ernest Lluch - Final de trajecte,3797,08:37:30,37.5,9.466666666666667,568.0,
6402,3,H8,Anada,1,Metro Ernest Lluch - Final de trajecte,3797,09:14:37,14.62,8.099999999966666,486.0,
6808,2,H8,Anada,1,Metro Ernest Lluch - Final de trajecte,3797,09:22:43,22.72,8.1,486.0,
6037,3,H8,Anada,1,Metro Ernest Lluch - Final de trajecte,3797,09:30:09,30.15,7.449999999966667,447.0,
6047,3,H8,Anada,1,Metro Ernest Lluch - Final de trajecte,3797,09:39:27,39.45,9.283333333366667,557.0,37
6406,3,H8,Anada,1,Metro Ernest Lluch - Final de trajecte,3797,09:48:50,48.83,9.383333333366666,563.0,
6215,2,H8,Anada,1,Metro Ernest Lluch - Final de trajecte,3797,09:57:09,57.15,8.316666666666666,499.0,
6079,2,H8,Anada,1,Metro Ernest Lluch - Final de trajecte,3797,10:20:15,20.25,23.1166666666,1387.0,15
6024,3,H8,Anada,1,Metro Ernest Lluch - Final de trajecte,3797,10:28:40,28.67,8.400000000066667,504.0,
6056,4,H8,Anada,1,Metro Ernest Lluch - Final de trajecte,3797,10:37:02,37.03,8.366666666666667,502.0,
6411,3,H8,Anada,1,Metro Ernest Lluch - Final de trajecte,3797,10:45:23,45.38,8.35,501.0,
6059,3,H8,Anada,1,Metro Ernest Lluch - Final de trajecte,3797,10:53:46,53.77,8.383333333333333,503.0,
6055,3,H8,Anada,1,Metro Ernest Lluch - Final de trajecte,3797,11:01:08,1.13,7.366666666666666,442.0,
6414,3,H8,Anada,1,Metro Ernest Lluch - Final de trajecte,3797,11:09:45,9.75,8.633333333266668,518.0,
6415,3,H8,Anada,1,Metro Ernest Lluch - Final de trajecte,3797,11:20:06,20.1,10.35,621.0,
1547,3,H8,Anada,1,Metro Ernest Lluch - Final de trajecte,3797,11:28:27,28.45,8.3333333334,500.0,
2671,3,H8,Anada,1,Metro Ernest Lluch - Final de trajecte,3797,11:36:48,36.8,8.349999999966666,501.0,
6217,4,H8,Anada,1,Metro Ernest Lluch - Final de trajecte,3797,11:45:34,45.57,8.766666666666667,526.0,
6026,4,H8,Anada,1,Metro Ernest Lluch - Final de trajecte,3797,11:54:53,54.88,9.3166666667,559.0,
6401,3,H8,Anada,1,Metro Ernest Lluch - Final de trajecte,3797,12:03:14,3.23,8.3666666666,502.0,
6402,4,H8,Anada,1,Metro Ernest Lluch - Final de trajecte,3797,12:11:36,11.6,8.366666666666667,502.0,
6808,3,H8,Anada,1,Metro Ernest Lluch - Final de trajecte,3797,12:19:57,19.95,8.3333333334,500.0,
6037,4,H8,Anada,1,Metro Ernest Lluch - Final de trajecte,3797,12:28:15,28.25,8.3166666666,499.0,
6047,4,H8,Anada,1,Metro Ernest Lluch - Final de trajecte,3797,12:36:59,36.98,8.733333333333333,524.0,"5,6,23,35"
6406,4,H8,Anada,1,Metro Ernest Lluch - Final de trajecte,3797,12:43:55,43.92,6.916666666733334,415.0,
6215,3,H8,Anada,1,Metro Ernest Lluch - Final de trajecte,3797,12:51:15,51.25,7.333333333333333,440.0,
6121,2,H8,Anada,1,Metro Ernest Lluch - Final de trajecte,3797,12:58:39,58.65,7.399999999966667,444.0,
6407,4,H8,Anada,1,Metro Ernest Lluch - Final de trajecte,3797,13:06:54,6.9,8.25,495.0,
6079,3,H8,Anada,1,Metro Ernest Lluch - Final de trajecte,3797,13:15:12,15.2,8.3166666666,499.0,
6024,4,H8,Anada,1,Metro Ernest Lluch - Final de trajecte,3797,13:23:35,23.58,8.366666666733334,502.0,19
6056,5,H8,Anada,1,Metro Ernest Lluch - Final de trajecte,3797,13:31:55,31.92,8.3333333333,500.0,
6411,4,H8,Anada,1,Metro Ernest Lluch - Final de trajecte,3797,13:40:12,40.2,8.283333333366667,497.0,
6059,4,H8,Anada,1,Metro Ernest Lluch - Final de trajecte,3797,13:48:30,48.5,8.3166666666,499.0,
6055,4,H8,Anada,1,Metro Ernest Lluch - Final de trajecte,3797,13:56:48,56.8,8.3,498.0,
6414,4,H8,Anada,1,Metro Ernest Lluch - Final de trajecte,3797,14:11:19,11.32,14.516666666666667,871.0,
6415,4,H8,Anada,1,Metro Ernest Lluch - Final de trajecte,3797,14:19:41,19.68,8.350000000066666,501.0,19
1547,4,H8,Anada,1,Metro Ernest Lluch - Final de trajecte,3797,14:27:58,27.97,8.283333333333333,497.0,
2671,4,H8,Anada,1,Metro Ernest Lluch - Final de trajecte,3797,14:35:14,35.23,7.2833333332666665,437.0,5
6217,5,H8,Anada,1,Metro Ernest Lluch - Final de trajecte,3797,14:43:34,43.57,8.316666666733333,499.0,
6026,5,H8,Anada,1,Metro Ernest Lluch - Final de trajecte,3797,14:50:53,50.88,7.316666666666666,439.0,
6409,1,H8,Anada,1,Metro Ernest Lluch - Final de trajecte,3797,14:59:30,59.5,8.616666666633334,517.0,
6401,4,H8,Anada,1,Metro Ernest Lluch - Final de trajecte,3797,15:06:14,6.23,6.749999999966667,405.0,
6808,4,H8,Anada,1,Metro Ernest Lluch - Final de trajecte,3797,15:21:57,21.95,15.700000000033333,942.0,
6037,5,H8,Anada,1,Metro Ernest Lluch - Final de trajecte,3797,15:29:16,29.27,7.3166666667,439.0,
6047,5,H8,Anada,1,Metro Ernest Lluch - Final de trajecte,3797,15:37:45,37.75,8.483333333300001,509.0,
6406,5,H8,Anada,1,Metro Ernest Lluch - Final de trajecte,3797,15:44:54,44.9,7.166666666633334,430.0,
6215,4,H8,Anada,1,Metro Ernest Lluch - Final de trajecte,3797,15:53:15,53.25,8.333333333366665,500.0,
6121,3,H8,Anada,1,Metro Ernest Lluch - Final de trajecte,3797,16:00:39,0.65,7.4,444.0,
6407,5,H8,Anada,1,Metro Ernest Lluch - Final de trajecte,3797,16:08:54,8.9,8.25,495.0,
6079,4,H8,Anada,1,Metro Ernest Lluch - Final de trajecte,3797,16:16:13,16.22,7.3166666667,439.0,
6024,5,H8,Anada,1,Metro Ernest Lluch - Final de trajecte,3797,16:24:34,24.57,8.35,501.0,
6056,6,H8,Anada,1,Metro Ernest Lluch - Final de trajecte,3797,16:32:55,32.92,8.35,501.0,
6411,5,H8,Anada,1,Metro Ernest Lluch - Final de trajecte,3797,16:41:16,41.27,8.349999999966666,501.0,
6059,5,H8,Anada,1,Metro Ernest Lluch - Final de trajecte,3797,16:48:32,48.53,7.266666666666667,436.0,
6055,5,H8,Anada,1,Metro Ernest Lluch - Final de trajecte,3797,16:55:50,55.83,7.300000000033333,438.0,
6030,2,H8,Anada,1,Metro Ernest Lluch - Final de trajecte,3797,17:03:02,3.03,7.2166666666,433.0,
6414,5,H8,Anada,1,Metro Ernest Lluch - Final de trajecte,3797,17:11:21,11.35,8.300000000066667,498.0,
6415,5,H8,Anada,1,Metro Ernest Lluch - Final de trajecte,3797,17:19:39,19.65,8.3166666666,499.0,
1547,5,H8,Anada,1,Metro Ernest Lluch - Final de trajecte,3797,17:26:55,26.92,7.266666666666667,436.0,
2671,5,H8,Anada,1,Metro Ernest Lluch - Final de trajecte,3797,17:34:14,34.23,7.300000000033333,438.0,
6217,6,H8,Anada,1,Metro Ernest Lluch - Final de trajecte,3797,17:42:31,42.52,8.299999999966667,498.0,
6026,6,H8,Anada,1,Metro Ernest Lluch - Final de trajecte,3797,17:49:46,49.77,7.25,435.0,
6409,2,H8,Anada,1,Metro Ernest Lluch - Final de trajecte,3797,17:58:08,58.13,8.350000000033333,501.0,
6401,5,H8,Anada,1,Metro Ernest Lluch - Final de trajecte,3797,18:06:26,6.43,8.300000000033332,498.0,
6402,6,H8,Anada,1,Metro Ernest Lluch - Final de trajecte,3797,18:14:47,14.78,8.349999999966666,501.0,
6037,6,H8,Anada,1,Metro Ernest Lluch - Final de trajecte,3797,18:25:21,25.35,10.5666666667,634.0,
6406,6,H8,Anada,1,Metro Ernest Lluch - Final de trajecte,3797,18:44:57,44.95,19.6166666666,1177.0,
6121,4,H8,Anada,1,Metro Ernest Lluch - Final de trajecte,3797,18:54:59,54.98,10.033333333333333,602.0,
6407,6,H8,Anada,1,Metro Ernest Lluch - Final de trajecte,3797,19:05:00,5.0,10.000000000033333,600.0,"9,19"
6024,6,H8,Anada,1,Metro Ernest Lluch - Final de trajecte,3797,19:15:00,15.0,10.0,600.0,
6056,7,H8,Anada,1,Metro Ernest Lluch - Final de trajecte,3797,19:24:59,24.98,9.999999999966667,600.0,
6411,6,H8,Anada,1,Metro Ernest Lluch - Final de trajecte,3797,19:35:00,35.0,10.000000000066667,600.0,
6030,3,H8,Anada,1,Metro Ernest Lluch - Final de trajecte,3797,19:45:00,45.0,9.999999999966667,600.0,
6414,6,H8,Anada,1,Metro Ernest Lluch - Final de trajecte,3797,19:55:00,55.0,10.000000000033333,600.0,
6415,6,H8,Anada,1,Metro Ernest Lluch - Final de trajecte,3797,20:09:59,9.98,14.999999999916668,900.0,
6026,7,H8,Anada,1,Metro Ernest Lluch - Final de trajecte,3797,20:26:57,26.95,16.95000000005,1017.0,"9,10,11"
6409,3,H8,Anada,1,Metro Ernest Lluch - Final de trajecte,3797,20:40:00,40.0,13.050000000033332,783.0,"13,29"
6402,7,H8,Anada,1,Metro Ernest Lluch - Final de trajecte,3797,20:54:59,54.98,14.999999999933333,900.0,
6063,2,H8,Anada,1,Metro Ernest Lluch - Final de trajecte,3797,21:09:59,9.98,15.0,900.0,23
6121,5,H8,Anada,1,Metro Ernest Lluch - Final de trajecte,3797,21:25:00,25.0,15.000000000033333,900.0,34
6402,1,H8,Anada,2,Cardenal Reig - Pisuerga,2984,03:36:40,36.67,,,1
6406,1,H8,Anada,2,Cardenal Reig - Pisuerga,2984,03:56:34,56.57,19.900000000033334,1194.0,
6046,1,H8,Anada,2,Cardenal Reig - Pisuerga,2984,04:06:22,6.37,9.799999999966667,588.0,"30,31"
6408,1,H8,Anada,2,Cardenal Reig - Pisuerga,2984,04:15:20,15.33,8.983333333300001,539.0,
6407,1,H8,Anada,2,Cardenal Reig - Pisuerga,2984,04:24:24,24.4,9.050000000033332,543.0,
6024,1,H8,Anada,2,Cardenal Reig - Pisuerga,2984,04:33:05,33.08,8.699999999966668,522.0,
6411,1,H8,Anada,2,Cardenal Reig - Pisuerga,2984,04:50:48,50.8,17.700000000066666,1062.0,
6055,1,H8,Anada,2,Cardenal Reig - Pisuerga,2984,04:57:08,57.13,6.349999999933333,381.0,1
TEMP_BonPastor_2984,1,H8,Anada,2,Cardenal Reig - Pisuerga,2984,05:08:53,8.88,11.75,705.0,"1,3,4,5,6,7,8,9,10,11,12,13,14,15,16,17,18,19,20,21,22,23,24,25,26,27,28,29,30,31,32,33,34,35,36,37,38,39"
6059,1,H8,Anada,2,Cardenal Reig - Pisuerga,2984,05:13:07,13.12,3.783333333366667,227.0,"1,9"
6415,1,H8,Anada,2,Cardenal Reig - Pisuerga,2984,05:24:21,24.35,11.24999999995,675.0,
1547,1,H8,Anada,2,Cardenal Reig - Pisuerga,2984,05:32:32,32.53,8.18333333335,491.0,
2671,1,H8,Anada,2,Cardenal Reig - Pisuerga,2984,05:41:47,41.78,9.2333333334,554.0,
6217,2,H8,Anada,2,Cardenal Reig - Pisuerga,2984,05:48:38,48.63,6.866666666583333,412.0,
6026,2,H8,Anada,2,Cardenal Reig - Pisuerga,2984,05:57:45,57.75,9.100000000083332,546.0,
6401,1,H8,Anada,2,Cardenal Reig - Pisuerga,2984,06:06:06,6.1,8.3666666666,502.0,
6402,2,H8,Anada,2,Cardenal Reig - Pisuerga,2984,06:15:21,15.35,9.25,555.0,
6808,1,H8,Anada,2,Cardenal Reig - Pisuerga,2984,06:23:49,23.82,8.450000000066668,507.0,
6037,2,H8,Anada,2,Cardenal Reig - Pisuerga,2984,06:30:33,30.55,6.733333333333333,404.0,
6047,2,H8,Anada,2,Cardenal Reig - Pisuerga,2984,06:40:31,40.52,9.966666666633333,598.0,
6406,2,H8,Anada,2,Cardenal Reig - Pisuerga,2984,06:45:49,45.82,5.300000000033333,318.0,
6215,1,H8,Anada,2,Cardenal Reig - Pisuerga,2984,06:54:22,54.37,8.549999999966667,513.0,
6408,2,H8,Anada,2,Cardenal Reig - Pisuerga,2984,07:07:10,7.17,12.816666666633333,769.0,
6046,2,H8,Anada,2,Cardenal Reig - Pisuerga,2984,07:09:28,9.47,2.283333333366667,137.0,"7,21"
6407,2,H8,Anada,2,Cardenal Reig - Pisuerga,2984,07:18:28,18.47,9.0,540.0,
6024,2,H8,Anada,2,Cardenal Reig - Pisuerga,2984,07:33:27,33.45,14.883333333333333,893.0,
6056,3,H8,Anada,2,Cardenal Reig - Pisuerga,2984,07:42:34,42.57,9.116666666666667,547.0,"4,18"
6411,2,H8,Anada,2,Cardenal Reig - Pisuerga,2984,07:48:49,48.82,6.266666666633333,376.0,
6055,2,H8,Anada,2,Cardenal Reig - Pisuerga,2984,07:58:11,58.18,9.350000000033333,561.0,1
6211,1,H8,Anada,2,Cardenal Reig - Pisuerga,2984,07:59:58,59.97,1.7833333333666666,107.0,"9,11,12,13,14,15,16,17,18,19,20,21,22,23,24,25,26,27,28,29,30,31,32,33,34,35,36,37,38,39"
6059,2,H8,Anada,2,Cardenal Reig - Pisuerga,2984,08:03:05,3.08,3.133333333266667,188.0,"9,10,11,12,20,21,22,23"
6414,2,H8,Anada,2,Cardenal Reig - Pisuerga,2984,08:14:00,14.0,10.916666666666666,655.0,36
6415,2,H8,Anada,2,Cardenal Reig - Pisuerga,2984,08:21:45,21.75,7.733333333383333,464.0,
1547,2,H8,Anada,2,Cardenal Reig - Pisuerga,2984,08:29:39,29.65,7.899999999983334,474.0,
2671,2,H8,Anada,2,Cardenal Reig - Pisuerga,2984,08:39:29,39.48,9.833333333366665,590.0,
6217,3,H8,Anada,2,Cardenal Reig - Pisuerga,2984,08:47:59,47.98,8.516666666599999,511.0,1
6026,3,H8,Anada,2,Cardenal Reig - Pisuerga,2984,08:57:14,57.23,9.25,555.0,1
6401,2,H8,Anada,2,Cardenal Reig - Pisuerga,2984,09:08:08,8.13,10.883333333366666,653.0,19
6402,3,H8,Anada,2,Cardenal Reig - Pisuerga,2984,09:16:28,16.47,8.333333333333334,500.0,
6808,2,H8,Anada,2,Cardenal Reig - Pisuerga,2984,09:25:00,25.0,8.533333333366667,512.0,
6037,3,H8,Anada,2,Cardenal Reig - Pisuerga,2984,09:32:05,32.08,7.083333333300001,425.0,
6047,3,H8,Anada,2,Cardenal Reig - Pisuerga,2984,09:40:20,40.33,8.266666666633334,496.0,37
6406,3,H8,Anada,2,Cardenal Reig - Pisuerga,2984,09:51:18,51.3,10.950000000066666,657.0,
6215,2,H8,Anada,2,Cardenal Reig - Pisuerga,2984,09:59:24,59.4,8.1166666666,487.0,
6407,3,H8,Anada,2,Cardenal Reig - Pisuerga,2984,10:10:51,10.85,11.433333333366667,686.0,1
6079,2,H8,Anada,2,Cardenal Reig - Pisuerga,2984,10:22:45,22.75,11.916666666633335,715.0,15
6024,3,H8,Anada,2,Cardenal Reig - Pisuerga,2984,10:29:46,29.77,7.000000000033333,420.0,
6056,4,H8,Anada,2,Cardenal Reig - Pisuerga,2984,10:38:11,38.18,8.416666666666666,505.0,
6411,3,H8,Anada,2,Cardenal Reig - Pisuerga,2984,10:46:49,46.82,8.633333333333333,518.0,
6059,3,H8,Anada,2,Cardenal Reig - Pisuerga,2984,10:55:58,55.97,9.166666666633335,550.0,
6055,3,H8,Anada,2,Cardenal Reig - Pisuerga,2984,11:02:04,2.07,6.083333333400001,365.0,
6414,3,H8,Anada,2,Cardenal Reig - Pisuerga,2984,11:11:27,11.45,9.383333333333333,563.0,
6415,3,H8,Anada,2,Cardenal Reig - Pisuerga,2984,11:20:55,20.92,9.483333333266668,569.0,
1547,3,H8,Anada,2,Cardenal Reig - Pisuerga,2984,11:29:46,29.77,8.833333333366665,530.0,
2671,3,H8,Anada,2,Cardenal Reig - Pisuerga,2984,11:38:41,38.68,8.9166666667,535.0,
6217,4,H8,Anada,2,Cardenal Reig - Pisuerga,2984,11:46:51,46.85,8.166666666666666,490.0,
6026,4,H8,Anada,2,Cardenal Reig - Pisuerga,2984,11:58:04,58.07,11.233333333266668,674.0,
6401,3,H8,Anada,2,Cardenal Reig - Pisuerga,2984,12:05:58,5.97,7.8833333334,473.0,
6402,4,H8,Anada,2,Cardenal Reig - Pisuerga,2984,12:13:54,13.9,7.9333333333,476.0,
6808,3,H8,Anada,2,Cardenal Reig - Pisuerga,2984,12:22:18,22.3,8.400000000033334,504.0,
6037,4,H8,Anada,2,Cardenal Reig - Pisuerga,2984,12:29:56,29.93,7.6499999999499995,459.0,
6047,4,H8,Anada,2,Cardenal Reig - Pisuerga,2984,12:41:13,41.22,11.266666666716667,676.0,"5,6,23,35"
6406,4,H8,Anada,2,Cardenal Reig - Pisuerga,2984,12:46:01,46.02,4.799999999966667,288.0,
6215,3,H8,Anada,2,Cardenal Reig - Pisuerga,2984,12:53:32,53.53,7.533333333300001,452.0,
6121,2,H8,Anada,2,Cardenal Reig - Pisuerga,2984,13:00:43,0.72,7.166666666733334,430.0,
6408,4,H8,Anada,2,Cardenal Reig - Pisuerga,2984,13:01:44,1.73,1.0166666666333333,61.0,"10,11,12,13,14,15,16,17,18,19,20,21,22,23,24,25,26,27,28,29,30,31,32,33,34,35,36,37,38,39"
6407,4,H8,Anada,2,Cardenal Reig - Pisuerga,2984,13:07:59,7.98,6.250000000033333,375.0,
6079,3,H8,Anada,2,Cardenal Reig - Pisuerga,2984,13:18:16,18.27,10.299999999933334,618.0,
6024,4,H8,Anada,2,Cardenal Reig - Pisuerga,2984,13:26:13,26.22,7.9333333334,476.0,19
6056,5,H8,Anada,2,Cardenal Reig - Pisuerga,2984,13:34:07,34.12,7.899999999966667,474.0,
6411,4,H8,Anada,2,Cardenal Reig - Pisuerga,2984,13:41:48,41.8,7.699999999966667,462.0,
6059,4,H8,Anada,2,Cardenal Reig - Pisuerga,2984,13:49:58,49.97,8.150000000033334,489.0,
6055,4,H8,Anada,2,Cardenal Reig - Pisuerga,2984,13:58:24,58.4,7.9,474.0,
6414,4,H8,Anada,2,Cardenal Reig - Pisuerga,2984,14:12:40,12.67,14.266666666666667,856.0,
6415,4,H8,Anada,2,Cardenal Reig - Pisuerga,2984,14:20:10,20.17,7.499999999966667,450.0,19
1547,4,H8,Anada,2,Cardenal Reig - Pisuerga,2984,14:29:53,29.88,9.7166666667,583.0,
2671,4,H8,Anada,2,Cardenal Reig - Pisuerga,2984,14:38:00,38.0,8.116666666666667,487.0,5
6217,5,H8,Anada,2,Cardenal Reig - Pisuerga,2984,14:46:02,46.03,8.033333333316667,482.0,
6026,5,H8,Anada,2,Cardenal Reig - Pisuerga,2984,14:53:57,53.95,7.916666666683333,475.0,
6409,1,H8,Anada,2,Cardenal Reig - Pisuerga,2984,15:00:50,0.83,6.899999999933333,414.0,
6401,4,H8,Anada,2,Cardenal Reig - Pisuerga,2984,15:08:18,8.3,7.450000000066667,447.0,
6808,4,H8,Anada,2,Cardenal Reig - Pisuerga,2984,15:24:41,24.68,16.3833333333,983.0,
6037,5,H8,Anada,2,Cardenal Reig - Pisuerga,2984,15:30:36,30.6,5.916666666699999,355.0,
6047,5,H8,Anada,2,Cardenal Reig - Pisuerga,2984,15:38:50,38.83,8.249999999933333,495.0,
6406,5,H8,Anada,2,Cardenal Reig - Pisuerga,2984,15:47:49,47.82,8.983333333333333,539.0,
6215,4,H8,Anada,2,Cardenal Reig - Pisuerga,2984,15:55:59,55.98,8.150000000033334,489.0,
6121,3,H8,Anada,2,Cardenal Reig - Pisuerga,2984,16:03:39,3.65,7.6833333333,461.0,
6407,5,H8,Anada,2,Cardenal Reig - Pisuerga,2984,16:11:55,11.92,8.250000000033333,495.0,
6079,4,H8,Anada,2,Cardenal Reig - Pisuerga,2984,16:18:45,18.75,6.833333333366666,410.0,
6024,5,H8,Anada,2,Cardenal Reig - Pisuerga,2984,16:26:58,26.97,8.216666666633333,493.0,
6056,6,H8,Anada,2,Cardenal Reig - Pisuerga,2984,16:35:02,35.03,8.066666666666666,484.0,
6411,5,H8,Anada,2,Cardenal Reig - Pisuerga,2984,16:45:09,45.15,10.1333333333,608.0,
6059,5,H8,Anada,2,Cardenal Reig - Pisuerga,2984,16:50:44,50.73,5.566666666733334,334.0,
6055,5,H8,Anada,2,Cardenal Reig - Pisuerga,2984,16:57:09,57.15,6.43333333325,386.0,
6030,2,H8,Anada,2,Cardenal Reig - Pisuerga,2984,17:05:45,5.75,8.600000000016667,516.0,
6414,5,H8,Anada,2,Cardenal Reig - Pisuerga,2984,17:13:02,13.03,7.283333333333333,437.0,
6415,5,H8,Anada,2,Cardenal Reig - Pisuerga,2984,17:21:37,21.62,8.566666666733333,514.0,
1547,5,H8,Anada,2,Cardenal Reig - Pisuerga,2984,17:29:23,29.38,7.766666666633333,466.0,
2671,5,H8,Anada,2,Cardenal Reig - Pisuerga,2984,17:37:20,37.33,7.95,477.0,
6217,6,H8,Anada,2,Cardenal Reig - Pisuerga,2984,17:45:11,45.18,7.850000000016666,471.0,
6026,6,H8,Anada,2,Cardenal Reig - Pisuerga,2984,17:51:31,51.52,6.33333333335,380.0,
6409,2,H8,Anada,2,Cardenal Reig - Pisuerga,2984,18:01:43,1.72,10.2,612.0,
6401,5,H8,Anada,2,Cardenal Reig - Pisuerga,2984,18:09:10,9.17,7.449999999966667,447.0,
6402,6,H8,Anada,2,Cardenal Reig - Pisuerga,2984,18:16:54,16.9,7.733333333333333,464.0,
6037,6,H8,Anada,2,Cardenal Reig - Pisuerga,2984,18:26:57,26.95,10.05,603.0,
6406,6,H8,Anada,2,Cardenal Reig - Pisuerga,2984,18:46:05,46.08,19.149999999966667,1149.0,
6121,4,H8,Anada,2,Cardenal Reig - Pisuerga,2984,18:58:34,58.57,12.466666666733333,748.0,
6407,6,H8,Anada,2,Cardenal Reig - Pisuerga,2984,19:08:19,8.32,9.75,585.0,"9,19"
6024,6,H8,Anada,2,Cardenal Reig - Pisuerga,2984,19:17:55,17.92,9.6166666666,577.0,
6056,7,H8,Anada,2,Cardenal Reig - Pisuerga,2984,19:27:34,27.57,9.6333333334,578.0,
6411,6,H8,Anada,2,Cardenal Reig - Pisuerga,2984,19:37:13,37.22,9.649999999966667,579.0,
6030,3,H8,Anada,2,Cardenal Reig - Pisuerga,2984,19:46:20,46.33,9.116666666666667,547.0,
6414,6,H8,Anada,2,Cardenal Reig - Pisuerga,2984,19:56:43,56.72,10.399999999966667,624.0,
6415,6,H8,Anada,2,Cardenal Reig - Pisuerga,2984,20:11:59,11.98,15.250000000033333,915.0,
6026,7,H8,Anada,2,Cardenal Reig - Pisuerga,2984,20:30:09,30.15,18.183333333300002,1091.0,"9,10,11"
6409,3,H8,Anada,2,Cardenal Reig - Pisuerga,2984,20:42:37,42.62,12.450000000066666,747.0,"13,29"
6402,7,H8,Anada,2,Cardenal Reig - Pisuerga,2984,20:55:11,55.18,12.566666666666666,754.0,
6063,2,H8,Anada,2,Cardenal Reig - Pisuerga,2984,21:11:07,11.12,15.9333333333,956.0,23
6408,6,H8,Anada,2,Cardenal Reig - Pisuerga,2984,21:26:33,26.55,15.0333333333,902.0,33
6402,1,H8,Anada,3,Cardenal Reig - Av St Ramon Nonat,2685,03:38:03,38.05,,,1
6406,1,H8,Anada,3,Cardenal Reig - Av St Ramon Nonat,2685,03:57:54,57.9,19.833333333366667,1190.0,
6046,1,H8,Anada,3,Cardenal Reig - Av St Ramon Nonat,2685,04:06:40,6.67,8.766666666666667,526.0,"30,31"
6408,1,H8,Anada,3,Cardenal Reig - Av St Ramon Nonat,2685,04:16:32,16.53,9.8666666667,592.0,
6407,1,H8,Anada,3,Cardenal Reig - Av St Ramon Nonat,2685,04:26:07,26.12,9.583333333333334,575.0,
6024,1,H8,Anada,3,Cardenal Reig - Av St Ramon Nonat,2685,04:34:11,34.18,8.066666666666666,484.0,
6411,1,H8,Anada,3,Cardenal Reig - Av St Ramon Nonat,2685,04:51:40,51.67,17.4833333333,1049.0,
6055,1,H8,Anada,3,Cardenal Reig - Av St Ramon Nonat,2685,04:58:32,58.53,6.8833333333,413.0,1
TEMP_BonPastor_2685,1,H8,Anada,3,Cardenal Reig - Av St Ramon Nonat,2685,05:10:26,10.43,11.9,714.0,"1,2,4,5,6,7,8,9,10,11,12,13,14,15,16,17,18,19,20,21,22,23,24,25,26,27,28,29,30,31,32,33,34,35,36,37,38,39"
6414,1,H8,Anada,3,Cardenal Reig - Av St Ramon Nonat,2685,05:11:36,11.6,1.1666666666666667,70.0,
6059,1,H8,Anada,3,Cardenal Reig - Av St Ramon Nonat,2685,05:15:05,15.08,3.466666666733333,208.0,"1,9"
6415,1,H8,Anada,3,Cardenal Reig - Av St Ramon Nonat,2685,05:26:52,26.87,11.783333333333333,707.0,
1547,1,H8,Anada,3,Cardenal Reig - Av St Ramon Nonat,2685,05:34:02,34.03,7.183333333266666,431.0,
2671,1,H8,Anada,3,Cardenal Reig - Av St Ramon Nonat,2685,05:43:34,43.57,9.533333333333333,572.0,
6217,2,H8,Anada,3,Cardenal Reig - Av St Ramon Nonat,2685,05:50:00,50.0,6.416666666733334,385.0,
6026,2,H8,Anada,3,Cardenal Reig - Av St Ramon Nonat,2685,06:00:35,0.58,10.599999999933335,636.0,
6401,1,H8,Anada,3,Cardenal Reig - Av St Ramon Nonat,2685,06:07:15,7.25,6.666666666666667,400.0,
6402,2,H8,Anada,3,Cardenal Reig - Av St Ramon Nonat,2685,06:16:57,16.95,9.683333333366667,581.0,
6808,1,H8,Anada,3,Cardenal Reig - Av St Ramon Nonat,2685,06:25:44,25.73,8.783333333366667,527.0,
6037,2,H8,Anada,3,Cardenal Reig - Av St Ramon Nonat,2685,06:32:16,32.27,6.533333333300001,392.0,
6047,2,H8,Anada,3,Cardenal Reig - Av St Ramon Nonat,2685,06:42:59,42.98,10.733333333300001,644.0,
6406,2,H8,Anada,3,Cardenal Reig - Av St Ramon Nonat,2685,06:47:10,47.17,4.166666666733333,250.0,
6215,1,H8,Anada,3,Cardenal Reig - Av St Ramon Nonat,2685,06:56:19,56.32,9.149999999966667,549.0,
6408,2,H8,Anada,3,Cardenal Reig - Av St Ramon Nonat,2685,07:08:38,8.63,12.3333333333,740.0,
6046,2,H8,Anada,3,Cardenal Reig - Av St Ramon Nonat,2685,07:11:28,11.47,2.8333333333333335,170.0,"7,21"
6407,2,H8,Anada,3,Cardenal Reig - Av St Ramon Nonat,2685,07:20:15,20.25,8.766666666733332,526.0,
6079,1,H8,Anada,3,Cardenal Reig - Av St Ramon Nonat,2685,07:25:29,25.48,5.233333333333333,314.0,1
6024,2,H8,Anada,3,Cardenal Reig - Av St Ramon Nonat,2685,07:35:09,35.15,9.666666666633335,580.0,
6056,3,H8,Anada,3,Cardenal Reig - Av St Ramon Nonat,2685,07:44:42,44.7,9.55,573.0,"4,18"
6411,2,H8,Anada,3,Cardenal Reig - Av St Ramon Nonat,2685,07:49:58,49.97,5.2666666667,316.0,
6055,2,H8,Anada,3,Cardenal Reig - Av St Ramon Nonat,2685,08:00:16,0.27,10.299999999966667,618.0,1
6211,1,H8,Anada,3,Cardenal Reig - Av St Ramon Nonat,2685,08:01:43,1.72,1.4666666666333334,88.0,"9,11,12,13,14,15,16,17,18,19,20,21,22,23,24,25,26,27,28,29,30,31,32,33,34,35,36,37,38,39"
6059,2,H8,Anada,3,Cardenal Reig - Av St Ramon Nonat,2685,08:04:51,4.85,3.1166666667,187.0,"9,10,11,12,20,21,22,23"
6414,2,H8,Anada,3,Cardenal Reig - Av St Ramon Nonat,2685,08:15:30,15.5,10.666666666633335,640.0,36
6415,2,H8,Anada,3,Cardenal Reig - Av St Ramon Nonat,2685,08:23:20,23.33,7.833333333333333,470.0,
1547,2,H8,Anada,3,Cardenal Reig - Av St Ramon Nonat,2685,08:31:38,31.63,8.3,498.0,
2671,2,H8,Anada,3,Cardenal Reig - Av St Ramon Nonat,2685,08:41:35,41.58,9.933333333366667,596.0,
6217,3,H8,Anada,3,Cardenal Reig - Av St Ramon Nonat,2685,08:48:22,48.37,6.783333333333333,407.0,1
6026,3,H8,Anada,3,Cardenal Reig - Av St Ramon Nonat,2685,08:58:14,58.23,9.8833333333,593.0,1
6401,2,H8,Anada,3,Cardenal Reig - Av St Ramon Nonat,2685,09:09:58,9.97,11.733333333333333,704.0,19
6402,3,H8,Anada,3,Cardenal Reig - Av St Ramon Nonat,2685,09:18:08,18.13,8.150000000033334,489.0,
6808,2,H8,Anada,3,Cardenal Reig - Av St Ramon Nonat,2685,09:26:30,26.5,8.3833333333,503.0,
6037,3,H8,Anada,3,Cardenal Reig - Av St Ramon Nonat,2685,09:33:44,33.73,7.216666666699999,433.0,
6047,3,H8,Anada,3,Cardenal Reig - Av St Ramon Nonat,2685,09:41:35,41.58,7.866666666633334,472.0,37
6406,3,H8,Anada,3,Cardenal Reig - Av St Ramon Nonat,2685,09:53:08,53.13,11.55,693.0,
6215,2,H8,Anada,3,Cardenal Reig - Av St Ramon Nonat,2685,10:02:00,2.0,8.850000000033333,531.0,
6407,3,H8,Anada,3,Cardenal Reig - Av St Ramon Nonat,2685,10:12:41,12.68,10.683333333366667,641.0,1
6079,2,H8,Anada,3,Cardenal Reig - Av St Ramon Nonat,2685,10:23:31,23.52,10.833333333333334,650.0,15
6024,3,H8,Anada,3,Cardenal Reig - Av St Ramon Nonat,2685,10:31:31,31.52,7.999999999966667,480.0,
6056,4,H8,Anada,3,Cardenal Reig - Av St Ramon Nonat,2685,10:39:53,39.88,8.3666666667,502.0,
6411,3,H8,Anada,3,Cardenal Reig - Av St Ramon Nonat,2685,10:48:56,48.93,9.066666666600002,544.0,
6059,3,H8,Anada,3,Cardenal Reig - Av St Ramon Nonat,2685,10:56:27,56.45,7.500000000066667,450.0,
6055,3,H8,Anada,3,Cardenal Reig - Av St Ramon Nonat,2685,11:03:02,3.03,6.599999999933333,396.0,
6414,3,H8,Anada,3,Cardenal Reig - Av St Ramon Nonat,2685,11:12:34,12.57,9.516666666733332,571.0,
6415,3,H8,Anada,3,Cardenal Reig - Av St Ramon Nonat,2685,11:21:32,21.53,8.983333333266668,539.0,
1547,3,H8,Anada,3,Cardenal Reig - Av St Ramon Nonat,2685,11:30:53,30.88,9.35,561.0,
2671,3,H8,Anada,3,Cardenal Reig - Av St Ramon Nonat,2685,11:39:55,39.92,9.016666666699999,541.0,
6217,4,H8,Anada,3,Cardenal Reig - Av St Ramon Nonat,2685,11:47:59,47.98,8.066666666666666,484.0,
6026,4,H8,Anada,3,Cardenal Reig - Av St Ramon Nonat,2685,11:59:41,59.68,11.716666666616668,703.0,
6401,3,H8,Anada,3,Cardenal Reig - Av St Ramon Nonat,2685,12:07:04,7.07,7.366666666716667,442.0,
6402,4,H8,Anada,3,Cardenal Reig - Av St Ramon Nonat,2685,12:14:30,14.5,7.433333333333334,446.0,
6808,3,H8,Anada,3,Cardenal Reig - Av St Ramon Nonat,2685,12:23:18,23.3,8.816666666633333,529.0,
6037,4,H8,Anada,3,Cardenal Reig - Av St Ramon Nonat,2685,12:31:28,31.47,8.150000000066667,489.0,
6047,4,H8,Anada,3,Cardenal Reig - Av St Ramon Nonat,2685,12:42:47,42.78,11.316666666633333,679.0,"5,6,23,35"
6406,4,H8,Anada,3,Cardenal Reig - Av St Ramon Nonat,2685,12:47:47,47.78,5.0,300.0,
6215,3,H8,Anada,3,Cardenal Reig - Av St Ramon Nonat,2685,12:54:41,54.68,6.916666666633334,415.0,
6408,4,H8,Anada,3,Cardenal Reig - Av St Ramon Nonat,2685,13:03:20,3.33,8.633333333366666,518.0,"10,11,12,13,14,15,16,17,18,19,20,21,22,23,24,25,26,27,28,29,30,31,32,33,34,35,36,37,38,39"
6407,4,H8,Anada,3,Cardenal Reig - Av St Ramon Nonat,2685,13:09:45,9.75,6.25,375.0,
6079,3,H8,Anada,3,Cardenal Reig - Av St Ramon Nonat,2685,13:20:34,20.57,10.8333333333,650.0,
6024,4,H8,Anada,3,Cardenal Reig - Av St Ramon Nonat,2685,13:27:49,27.82,7.2333333334,434.0,19
6056,5,H8,Anada,3,Cardenal Reig - Av St Ramon Nonat,2685,13:35:13,35.22,7.4,444.0,
6411,4,H8,Anada,3,Cardenal Reig - Av St Ramon Nonat,2685,13:43:52,43.87,8.666666666600001,520.0,
6059,4,H8,Anada,3,Cardenal Reig - Av St Ramon Nonat,2685,13:51:38,51.63,7.750000000066667,465.0,
6055,4,H8,Anada,3,Cardenal Reig - Av St Ramon Nonat,2685,14:00:35,0.58,8.5666666667,514.0,
6030,1,H8,Anada,3,Cardenal Reig - Av St Ramon Nonat,2685,14:04:14,4.23,3.65,219.0,"1,2"
6414,4,H8,Anada,3,Cardenal Reig - Av St Ramon Nonat,2685,14:13:32,13.53,9.3,558.0,
6415,4,H8,Anada,3,Cardenal Reig - Av St Ramon Nonat,2685,14:21:44,21.73,8.200000000033333,492.0,19
1547,4,H8,Anada,3,Cardenal Reig - Av St Ramon Nonat,2685,14:31:57,31.95,10.216666666666667,613.0,
2671,4,H8,Anada,3,Cardenal Reig - Av St Ramon Nonat,2685,14:39:52,39.87,7.916666666633334,475.0,5
6217,5,H8,Anada,3,Cardenal Reig - Av St Ramon Nonat,2685,14:48:02,48.03,8.166666666683334,490.0,
6026,5,H8,Anada,3,Cardenal Reig - Av St Ramon Nonat,2685,14:55:02,55.03,7.016666666616667,421.0,
6409,1,H8,Anada,3,Cardenal Reig - Av St Ramon Nonat,2685,15:01:29,1.48,6.45,387.0,
6402,5,H8,Anada,3,Cardenal Reig - Av St Ramon Nonat,2685,15:03:35,3.58,2.0833333334,125.0,"1,2"
6401,4,H8,Anada,3,Cardenal Reig - Av St Ramon Nonat,2685,15:09:48,9.8,6.2166666666333334,373.0,
6808,4,H8,Anada,3,Cardenal Reig - Av St Ramon Nonat,2685,15:25:36,25.6,15.800000000033332,948.0,
6037,5,H8,Anada,3,Cardenal Reig - Av St Ramon Nonat,2685,15:32:07,32.12,6.5333333332666665,392.0,
6047,5,H8,Anada,3,Cardenal Reig - Av St Ramon Nonat,2685,15:40:33,40.55,8.4166666667,505.0,
6406,5,H8,Anada,3,Cardenal Reig - Av St Ramon Nonat,2685,15:50:14,50.23,9.683333333366667,581.0,
6215,4,H8,Anada,3,Cardenal Reig - Av St Ramon Nonat,2685,15:58:57,58.95,8.716666666666667,523.0,
6121,3,H8,Anada,3,Cardenal Reig - Av St Ramon Nonat,2685,16:05:34,5.57,6.633333333266666,398.0,
6407,5,H8,Anada,3,Cardenal Reig - Av St Ramon Nonat,2685,16:13:43,13.72,8.1333333334,488.0,
6079,4,H8,Anada,3,Cardenal Reig - Av St Ramon Nonat,2685,16:20:17,20.28,6.566666666666666,394.0,
6024,5,H8,Anada,3,Cardenal Reig - Av St Ramon Nonat,2685,16:28:49,28.82,8.5333333333,512.0,
6056,6,H8,Anada,3,Cardenal Reig - Av St Ramon Nonat,2685,16:37:22,37.37,8.55,513.0,
6411,5,H8,Anada,3,Cardenal Reig - Av St Ramon Nonat,2685,16:46:54,46.9,9.533333333333333,572.0,
6059,5,H8,Anada,3,Cardenal Reig - Av St Ramon Nonat,2685,16:51:49,51.82,4.916666666666667,295.0,
6055,5,H8,Anada,3,Cardenal Reig - Av St Ramon Nonat,2685,16:58:35,58.58,6.766666666666667,406.0,
6030,2,H8,Anada,3,Cardenal Reig - Av St Ramon Nonat,2685,17:07:02,7.03,8.45,507.0,
6414,5,H8,Anada,3,Cardenal Reig - Av St Ramon Nonat,2685,17:15:21,15.35,8.3166666667,499.0,
6415,5,H8,Anada,3,Cardenal Reig - Av St Ramon Nonat,2685,17:23:47,23.78,8.4333333333,506.0,
1547,5,H8,Anada,3,Cardenal Reig - Av St Ramon Nonat,2685,17:30:51,30.85,7.0666666667,424.0,
2671,5,H8,Anada,3,Cardenal Reig - Av St Ramon Nonat,2685,17:38:30,38.5,7.65,459.0,
6217,6,H8,Anada,3,Cardenal Reig - Av St Ramon Nonat,2685,17:46:46,46.77,8.283333333266667,497.0,
6026,6,H8,Anada,3,Cardenal Reig - Av St Ramon Nonat,2685,17:53:44,53.73,6.966666666666667,418.0,
6409,2,H8,Anada,3,Cardenal Reig - Av St Ramon Nonat,2685,18:03:49,3.82,10.083333333333334,605.0,
6401,5,H8,Anada,3,Cardenal Reig - Av St Ramon Nonat,2685,18:09:56,9.93,6.116666666666666,367.0,
6402,6,H8,Anada,3,Cardenal Reig - Av St Ramon Nonat,2685,18:17:42,17.7,7.766666666666667,466.0,
6037,6,H8,Anada,3,Cardenal Reig - Av St Ramon Nonat,2685,18:28:02,28.03,10.333333333333334,620.0,
6406,6,H8,Anada,3,Cardenal Reig - Av St Ramon Nonat,2685,18:47:03,47.05,19.00000000003333,1140.0,
6121,4,H8,Anada,3,Cardenal Reig - Av St Ramon Nonat,2685,19:00:12,0.2,13.150000000016666,789.0,
6407,6,H8,Anada,3,Cardenal Reig - Av St Ramon Nonat,2685,19:09:55,9.92,9.716666666650001,583.0,"9,19"
6024,6,H8,Anada,3,Cardenal Reig - Av St Ramon Nonat,2685,19:19:22,19.37,9.45,567.0,
6056,7,H8,Anada,3,Cardenal Reig - Av St Ramon Nonat,2685,19:28:31,28.52,9.166666666633335,550.0,
6411,6,H8,Anada,3,Cardenal Reig - Av St Ramon Nonat,2685,19:37:48,37.8,9.266666666699999,556.0,
6030,3,H8,Anada,3,Cardenal Reig - Av St Ramon Nonat,2685,19:47:40,47.67,9.8666666667,592.0,
6414,6,H8,Anada,3,Cardenal Reig - Av St Ramon Nonat,2685,19:57:48,57.8,10.1333333333,608.0,
6415,6,H8,Anada,3,Cardenal Reig - Av St Ramon Nonat,2685,20:12:45,12.75,14.950000000033333,897.0,
6026,7,H8,Anada,3,Cardenal Reig - Av St Ramon Nonat,2685,20:31:16,31.27,18.53333333326667,1112.0,"9,10,11"
6409,3,H8,Anada,3,Cardenal Reig - Av St Ramon Nonat,2685,20:43:51,43.85,12.583333333333334,755.0,"13,29"
6402,7,H8,Anada,3,Cardenal Reig - Av St Ramon Nonat,2685,20:55:53,55.88,12.016666666699999,721.0,
6063,2,H8,Anada,3,Cardenal Reig - Av St Ramon Nonat,2685,21:12:11,12.18,16.300000000033332,978.0,23
6408,6,H8,Anada,3,Cardenal Reig - Av St Ramon Nonat,2685,21:27:46,27.77,15.349999999933335,921.0,33
6402,1,H8,Anada,4,Travessera de les Corts - Comte de Güell,3649,03:40:57,40.95,,,1
6037,1,H8,Anada,4,Travessera de les Corts - Comte de Güell,3649,03:51:12,51.2,10.233333333366666,614.0,"1,2,3,32,33"
6406,1,H8,Anada,4,Travessera de les Corts - Comte de Güell,3649,04:00:21,0.35,9.15,549.0,
6046,1,H8,Anada,4,Travessera de les Corts - Comte de Güell,3649,04:10:09,10.15,9.816666666633333,589.0,"30,31"
6408,1,H8,Anada,4,Travessera de les Corts - Comte de Güell,3649,04:18:10,18.17,8.016666666666667,481.0,
6407,1,H8,Anada,4,Travessera de les Corts - Comte de Güell,3649,04:27:57,27.95,9.766666666699999,586.0,
6024,1,H8,Anada,4,Travessera de les Corts - Comte de Güell,3649,04:37:09,37.15,9.216666666633333,553.0,
6056,1,H8,Anada,4,Travessera de les Corts - Comte de Güell,3649,04:47:08,47.13,9.9666666667,598.0,"1,2,3"
6411,1,H8,Anada,4,Travessera de les Corts - Comte de Güell,3649,04:53:50,53.83,6.7,402.0,
6055,1,H8,Anada,4,Travessera de les Corts - Comte de Güell,3649,05:02:09,2.15,8.3333333333,500.0,1
TEMP_BonPastor_3649,1,H8,Anada,4,Travessera de les Corts - Comte de Güell,3649,05:12:58,12.97,10.800000000033332,648.0,"1,2,3,5,6,7,8,9,10,11,12,13,14,15,16,17,18,19,20,21,22,23,24,25,26,27,28,29,30,31,32,33,34,35,36,37,38,39"
6414,1,H8,Anada,4,Travessera de les Corts - Comte de Güell,3649,05:14:09,14.15,1.1999999999833333,72.0,
6059,1,H8,Anada,4,Travessera de les Corts - Comte de Güell,3649,05:18:40,18.67,4.50000000005,270.0,"1,9"
6415,1,H8,Anada,4,Travessera de les Corts - Comte de Güell,3649,05:30:10,30.17,11.499999999966667,690.0,
1547,1,H8,Anada,4,Travessera de les Corts - Comte de Güell,3649,05:36:23,36.38,6.216666666699999,373.0,
2671,1,H8,Anada,4,Travessera de les Corts - Comte de Güell,3649,05:46:12,46.2,9.833333333266667,590.0,
6217,2,H8,Anada,4,Travessera de les Corts - Comte de Güell,3649,05:54:18,54.3,8.0833333334,485.0,
6026,2,H8,Anada,4,Travessera de les Corts - Comte de Güell,3649,06:03:43,3.72,9.416666666633335,565.0,
6401,1,H8,Anada,4,Travessera de les Corts - Comte de Güell,3649,06:10:19,10.32,6.616666666633334,397.0,
6402,2,H8,Anada,4,Travessera de les Corts - Comte de Güell,3649,06:19:58,19.97,9.633333333366666,578.0,
6808,1,H8,Anada,4,Travessera de les Corts - Comte de Güell,3649,06:29:19,29.32,9.35,561.0,
6037,2,H8,Anada,4,Travessera de les Corts - Comte de Güell,3649,06:35:59,35.98,6.666666666666667,400.0,
6047,2,H8,Anada,4,Travessera de les Corts - Comte de Güell,3649,06:47:19,47.32,11.333333333366665,680.0,
6406,2,H8,Anada,4,Travessera de les Corts - Comte de Güell,3649,06:50:25,50.42,3.0999999999666668,186.0,
6215,1,H8,Anada,4,Travessera de les Corts - Comte de Güell,3649,06:58:15,58.25,7.833333333366666,470.0,
6408,2,H8,Anada,4,Travessera de les Corts - Comte de Güell,3649,07:11:24,11.4,13.149999999966667,789.0,
6046,2,H8,Anada,4,Travessera de les Corts - Comte de Güell,3649,07:17:14,17.23,5.833333333333333,350.0,"7,21"
6407,2,H8,Anada,4,Travessera de les Corts - Comte de Güell,3649,07:23:40,23.67,6.449999999966667,387.0,
6079,1,H8,Anada,4,Travessera de les Corts - Comte de Güell,3649,07:28:50,28.83,5.166666666666667,310.0,1
6024,2,H8,Anada,4,Travessera de les Corts - Comte de Güell,3649,07:37:49,37.82,8.983333333333333,539.0,
6411,2,H8,Anada,4,Travessera de les Corts - Comte de Güell,3649,07:52:26,52.43,14.600000000033333,876.0,
6055,2,H8,Anada,4,Travessera de les Corts - Comte de Güell,3649,08:03:36,3.6,11.166666666666666,670.0,1
6059,2,H8,Anada,4,Travessera de les Corts - Comte de Güell,3649,08:07:13,7.22,3.2,192.0,"9,10,11,12,20,21,22,23"
6414,2,H8,Anada,4,Travessera de les Corts - Comte de Güell,3649,08:17:16,17.27,10.066666666600002,604.0,36
6415,2,H8,Anada,4,Travessera de les Corts - Comte de Güell,3649,08:25:19,25.32,8.05,483.0,
1547,2,H8,Anada,4,Travessera de les Corts - Comte de Güell,3649,08:35:16,35.27,9.95,597.0,
2671,2,H8,Anada,4,Travessera de les Corts - Comte de Güell,3649,08:44:35,44.58,9.316666666666666,559.0,
6217,3,H8,Anada,4,Travessera de les Corts - Comte de Güell,3649,08:51:17,51.28,6.7,402.0,1
6026,3,H8,Anada,4,Travessera de les Corts - Comte de Güell,3649,09:00:19,0.32,9.033333333333333,542.0,1
6401,2,H8,Anada,4,Travessera de les Corts - Comte de Güell,3649,09:11:34,11.57,11.2333333334,674.0,19
6402,3,H8,Anada,4,Travessera de les Corts - Comte de Güell,3649,09:21:03,21.05,9.483333333300001,569.0,
6808,2,H8,Anada,4,Travessera de les Corts - Comte de Güell,3649,09:27:49,27.82,6.766666666683333,406.0,
6037,3,H8,Anada,4,Travessera de les Corts - Comte de Güell,3649,09:36:21,36.35,8.54999999995,513.0,
6047,3,H8,Anada,4,Travessera de les Corts - Comte de Güell,3649,09:43:31,43.52,7.150000000066667,429.0,37
6406,3,H8,Anada,4,Travessera de les Corts - Comte de Güell,3649,09:57:17,57.28,13.783333333266667,827.0,
6215,2,H8,Anada,4,Travessera de les Corts - Comte de Güell,3649,10:04:40,4.67,7.383333333333334,443.0,
6407,3,H8,Anada,4,Travessera de les Corts - Comte de Güell,3649,10:14:32,14.53,9.850000000033333,591.0,1
6079,2,H8,Anada,4,Travessera de les Corts - Comte de Güell,3649,10:26:24,26.4,11.8666666667,712.0,15
6024,3,H8,Anada,4,Travessera de les Corts - Comte de Güell,3649,10:34:06,34.1,7.7,462.0,
6056,4,H8,Anada,4,Travessera de les Corts - Comte de Güell,3649,10:43:30,43.5,9.416666666600001,565.0,
6411,3,H8,Anada,4,Travessera de les Corts - Comte de Güell,3649,10:51:35,51.58,8.0666666667,484.0,
6059,3,H8,Anada,4,Travessera de les Corts - Comte de Güell,3649,10:59:37,59.62,8.033333333349999,482.0,
6055,3,H8,Anada,4,Travessera de les Corts - Comte de Güell,3649,11:05:51,5.85,6.24999999995,375.0,
6414,3,H8,Anada,4,Travessera de les Corts - Comte de Güell,3649,11:15:05,15.08,9.216666666733333,553.0,
6415,3,H8,Anada,4,Travessera de les Corts - Comte de Güell,3649,11:25:03,25.05,9.983333333266668,599.0,
1547,3,H8,Anada,4,Travessera de les Corts - Comte de Güell,3649,11:34:34,34.57,9.516666666666667,571.0,
2671,3,H8,Anada,4,Travessera de les Corts - Comte de Güell,3649,11:42:41,42.68,8.100000000033333,486.0,
6217,4,H8,Anada,4,Travessera de les Corts - Comte de Güell,3649,11:50:42,50.7,8.0333333333,482.0,
6026,4,H8,Anada,4,Travessera de les Corts - Comte de Güell,3649,12:03:41,3.68,12.966666666733333,778.0,
6401,3,H8,Anada,4,Travessera de les Corts - Comte de Güell,3649,12:09:31,9.52,5.833333333300001,350.0,
6402,4,H8,Anada,4,Travessera de les Corts - Comte de Güell,3649,12:17:49,17.82,8.3,498.0,
6808,3,H8,Anada,4,Travessera de les Corts - Comte de Güell,3649,12:25:52,25.87,8.066666666633333,484.0,
6037,4,H8,Anada,4,Travessera de les Corts - Comte de Güell,3649,12:35:31,35.52,9.6333333334,578.0,
6047,4,H8,Anada,4,Travessera de les Corts - Comte de Güell,3649,12:45:49,45.82,10.299999999966667,618.0,"5,6,23,35"
6406,4,H8,Anada,4,Travessera de les Corts - Comte de Güell,3649,12:49:36,49.6,3.7999999999666665,228.0,
6215,3,H8,Anada,4,Travessera de les Corts - Comte de Güell,3649,12:57:42,57.7,8.1,486.0,
6121,2,H8,Anada,4,Travessera de les Corts - Comte de Güell,3649,13:05:51,5.85,8.1333333334,488.0,
6407,4,H8,Anada,4,Travessera de les Corts - Comte de Güell,3649,13:13:43,13.72,7.599999999966667,456.0,
6079,3,H8,Anada,4,Travessera de les Corts - Comte de Güell,3649,13:23:35,23.58,9.866666666666667,592.0,
6024,4,H8,Anada,4,Travessera de les Corts - Comte de Güell,3649,13:30:00,30.0,6.40000000005,384.0,19
6056,5,H8,Anada,4,Travessera de les Corts - Comte de Güell,3649,13:37:58,37.97,7.9666666666833335,478.0,
6411,4,H8,Anada,4,Travessera de les Corts - Comte de Güell,3649,13:47:33,47.55,9.583333333333334,575.0,
6059,4,H8,Anada,4,Travessera de les Corts - Comte de Güell,3649,13:54:04,54.07,6.516666666633333,391.0,
6211,3,H8,Anada,4,Travessera de les Corts - Comte de Güell,3649,13:55:40,55.67,1.6166666666333334,97.0,
6055,4,H8,Anada,4,Travessera de les Corts - Comte de Güell,3649,14:03:36,3.6,7.933333333333334,476.0,
6030,1,H8,Anada,4,Travessera de les Corts - Comte de Güell,3649,14:08:07,8.12,4.516666666666667,271.0,"1,2"
6414,4,H8,Anada,4,Travessera de les Corts - Comte de Güell,3649,14:15:55,15.92,7.7833333334,467.0,
6415,4,H8,Anada,4,Travessera de les Corts - Comte de Güell,3649,14:24:07,24.12,8.2166666666,493.0,19
1547,4,H8,Anada,4,Travessera de les Corts - Comte de Güell,3649,14:35:37,35.62,11.483333333366666,689.0,
2671,4,H8,Anada,4,Travessera de les Corts - Comte de Güell,3649,14:43:16,43.27,7.65,459.0,5
6217,5,H8,Anada,4,Travessera de les Corts - Comte de Güell,3649,14:51:08,51.13,7.8666666667,472.0,
6026,5,H8,Anada,4,Travessera de les Corts - Comte de Güell,3649,14:57:47,57.78,6.666666666599999,400.0,
6409,1,H8,Anada,4,Travessera de les Corts - Comte de Güell,3649,15:04:32,4.53,6.75,405.0,
6401,4,H8,Anada,4,Travessera de les Corts - Comte de Güell,3649,15:14:01,14.02,9.466666666733333,568.0,
6402,5,H8,Anada,4,Travessera de les Corts - Comte de Güell,3649,15:23:42,23.7,9.683333333333334,581.0,"1,2"
6808,4,H8,Anada,4,Travessera de les Corts - Comte de Güell,3649,15:28:19,28.32,4.633333333266666,278.0,
6037,5,H8,Anada,4,Travessera de les Corts - Comte de Güell,3649,15:34:54,34.9,6.583333333333333,395.0,
6047,5,H8,Anada,4,Travessera de les Corts - Comte de Güell,3649,15:44:13,44.22,9.316666666666666,559.0,
6406,5,H8,Anada,4,Travessera de les Corts - Comte de Güell,3649,15:54:04,54.07,9.849999999983334,591.0,
6215,4,H8,Anada,4,Travessera de les Corts - Comte de Güell,3649,16:02:05,2.08,8.000000000083334,480.0,
6121,3,H8,Anada,4,Travessera de les Corts - Comte de Güell,3649,16:08:32,8.53,6.449999999966667,387.0,
6407,5,H8,Anada,4,Travessera de les Corts - Comte de Güell,3649,16:18:04,18.07,9.549999999966667,573.0,
6079,4,H8,Anada,4,Travessera de les Corts - Comte de Güell,3649,16:24:37,24.62,6.5333333334,392.0,
6024,5,H8,Anada,4,Travessera de les Corts - Comte de Güell,3649,16:32:19,32.32,7.699999999966667,462.0,
6056,6,H8,Anada,4,Travessera de les Corts - Comte de Güell,3649,16:40:09,40.15,7.833333333366666,470.0,
6411,5,H8,Anada,4,Travessera de les Corts - Comte de Güell,3649,16:50:17,50.28,10.1333333333,608.0,
6059,5,H8,Anada,4,Travessera de les Corts - Comte de Güell,3649,16:54:49,54.82,4.533333333333333,272.0,
6055,5,H8,Anada,4,Travessera de les Corts - Comte de Güell,3649,17:01:18,1.3,6.499999999966667,390.0,
6030,2,H8,Anada,4,Travessera de les Corts - Comte de Güell,3649,17:10:38,10.63,9.3166666667,559.0,
6414,5,H8,Anada,4,Travessera de les Corts - Comte de Güell,3649,17:17:25,17.42,6.783333333333333,407.0,
6415,5,H8,Anada,4,Travessera de les Corts - Comte de Güell,3649,17:26:52,26.87,9.450000000033333,567.0,
1547,5,H8,Anada,4,Travessera de les Corts - Comte de Güell,3649,17:33:14,33.23,6.383333333266666,383.0,
2671,5,H8,Anada,4,Travessera de les Corts - Comte de Güell,3649,17:40:58,40.97,7.7166666667333335,463.0,
6217,6,H8,Anada,4,Travessera de les Corts - Comte de Güell,3649,17:50:48,50.8,9.8333333333,590.0,
6026,6,H8,Anada,4,Travessera de les Corts - Comte de Güell,3649,17:57:07,57.12,6.333333333300001,380.0,
6409,2,H8,Anada,4,Travessera de les Corts - Comte de Güell,3649,18:05:52,5.87,8.7333333334,524.0,
6401,5,H8,Anada,4,Travessera de les Corts - Comte de Güell,3649,18:13:17,13.28,7.416666666633334,445.0,
6402,6,H8,Anada,4,Travessera de les Corts - Comte de Güell,3649,18:20:36,20.6,7.3166666667,439.0,
6037,6,H8,Anada,4,Travessera de les Corts - Comte de Güell,3649,18:32:36,32.6,11.999999999966667,720.0,
6406,6,H8,Anada,4,Travessera de les Corts - Comte de Güell,3649,18:49:55,49.92,17.316666666699998,1039.0,
6121,4,H8,Anada,4,Travessera de les Corts - Comte de Güell,3649,19:02:44,2.73,12.833333333266667,770.0,
6407,6,H8,Anada,4,Travessera de les Corts - Comte de Güell,3649,19:12:24,12.4,9.666666666666666,580.0,"9,19"
6024,6,H8,Anada,4,Travessera de les Corts - Comte de Güell,3649,19:23:39,23.65,11.25,675.0,
6056,7,H8,Anada,4,Travessera de les Corts - Comte de Güell,3649,19:30:21,30.35,6.7,402.0,
6411,6,H8,Anada,4,Travessera de les Corts - Comte de Güell,3649,19:40:18,40.3,9.933333333399998,596.0,
6030,3,H8,Anada,4,Travessera de les Corts - Comte de Güell,3649,19:50:49,50.82,10.533333333266667,632.0,
6414,6,H8,Anada,4,Travessera de les Corts - Comte de Güell,3649,20:00:15,0.25,9.4166666667,565.0,
6415,6,H8,Anada,4,Travessera de les Corts - Comte de Güell,3649,20:16:17,16.28,16.033333333333335,962.0,
6026,7,H8,Anada,4,Travessera de les Corts - Comte de Güell,3649,20:34:07,34.12,17.833333333366667,1070.0,"9,10,11"
6409,3,H8,Anada,4,Travessera de les Corts - Comte de Güell,3649,20:46:18,46.3,12.183333333333334,731.0,"13,29"
6402,7,H8,Anada,4,Travessera de les Corts - Comte de Güell,3649,20:58:17,58.28,11.983333333333333,719.0,
6063,2,H8,Anada,4,Travessera de les Corts - Comte de Güell,3649,21:14:47,14.78,16.5,990.0,23
6121,5,H8,Anada,4,Travessera de les Corts - Comte de Güell,3649,21:30:03,30.05,15.13333333335,908.0,34
6402,1,H8,Anada,5,Les Corts - Benavent,3747,03:42:20,42.33,,,1
6037,1,H8,Anada,5,Les Corts - Benavent,3747,03:52:59,52.98,10.650000000033334,639.0,"1,2,3,32,33"
6406,1,H8,Anada,5,Les Corts - Benavent,3747,04:01:51,1.85,8.866666666666667,532.0,
6046,1,H8,Anada,5,Les Corts - Benavent,3747,04:11:14,11.23,9.399999999933334,564.0,"30,31"
6408,1,H8,Anada,5,Les Corts - Benavent,3747,04:19:31,19.52,8.266666666699999,496.0,
6407,1,H8,Anada,5,Les Corts - Benavent,3747,04:29:15,29.25,9.733333333366666,584.0,
6024,1,H8,Anada,5,Les Corts - Benavent,3747,04:39:06,39.1,9.849999999966666,591.0,
6056,1,H8,Anada,5,Les Corts - Benavent,3747,04:49:12,49.2,10.100000000033333,606.0,"1,2,3"
6411,1,H8,Anada,5,Les Corts - Benavent,3747,04:55:27,55.45,6.2666666666,376.0,
6055,1,H8,Anada,5,Les Corts - Benavent,3747,05:04:21,4.35,8.883333333366666,533.0,1
TEMP_BonPastor_3747,1,H8,Anada,5,Les Corts - Benavent,3747,05:14:32,14.53,10.199999999966668,612.0,"1,2,3,4,6,7,8,9,10,11,12,13,14,15,16,17,18,19,20,21,22,23,24,25,26,27,28,29,30,31,32,33,34,35,36,37,38,39"
6414,1,H8,Anada,5,Les Corts - Benavent,3747,05:16:20,16.33,1.7833333334,107.0,
6059,1,H8,Anada,5,Les Corts - Benavent,3747,05:21:09,21.15,4.816666666633334,289.0,"1,9"
6415,1,H8,Anada,5,Les Corts - Benavent,3747,05:32:20,32.33,11.183333333366667,671.0,
1547,1,H8,Anada,5,Les Corts - Benavent,3747,05:39:07,39.12,6.799999999933333,408.0,
2671,1,H8,Anada,5,Les Corts - Benavent,3747,05:48:32,48.53,9.400000000066665,564.0,
6217,2,H8,Anada,5,Les Corts - Benavent,3747,05:56:23,56.38,7.849999999966667,471.0,
6026,2,H8,Anada,5,Les Corts - Benavent,3747,06:06:14,6.23,9.866666666633334,592.0,
6401,1,H8,Anada,5,Les Corts - Benavent,3747,06:12:22,12.37,6.116666666733334,367.0,
6402,2,H8,Anada,5,Les Corts - Benavent,3747,06:22:36,22.6,10.249999999933333,615.0,
6808,1,H8,Anada,5,Les Corts - Benavent,3747,06:31:30,31.5,8.8833333334,533.0,
6037,2,H8,Anada,5,Les Corts - Benavent,3747,06:38:12,38.2,6.7,402.0,
6047,2,H8,Anada,5,Les Corts - Benavent,3747,06:48:27,48.45,10.2666666666,616.0,
6406,2,H8,Anada,5,Les Corts - Benavent,3747,06:52:28,52.47,4.000000000066667,240.0,
6215,1,H8,Anada,5,Les Corts - Benavent,3747,07:00:53,0.88,8.433333333266667,506.0,
6408,2,H8,Anada,5,Les Corts - Benavent,3747,07:12:28,12.47,11.566666666716666,694.0,
6046,2,H8,Anada,5,Les Corts - Benavent,3747,07:18:44,18.73,6.26666666665,376.0,"7,21"
6407,2,H8,Anada,5,Les Corts - Benavent,3747,07:25:52,25.87,7.133333333333334,428.0,
6079,1,H8,Anada,5,Les Corts - Benavent,3747,07:30:33,30.55,4.683333333366666,281.0,1
6024,2,H8,Anada,5,Les Corts - Benavent,3747,07:40:36,40.6,10.05,603.0,
6056,3,H8,Anada,5,Les Corts - Benavent,3747,07:48:37,48.62,8.016666666666667,481.0,"4,18"
6411,2,H8,Anada,5,Les Corts - Benavent,3747,07:55:01,55.02,6.4,384.0,
6211,1,H8,Anada,5,Les Corts - Benavent,3747,08:05:55,5.92,10.916666666600001,655.0,"9,11,12,13,14,15,16,17,18,19,20,21,22,23,24,25,26,27,28,29,30,31,32,33,34,35,36,37,38,39"
6059,2,H8,Anada,5,Les Corts - Benavent,3747,08:09:06,9.1,3.0166666667,181.0,"9,10,11,12,20,21,22,23"
6414,2,H8,Anada,5,Les Corts - Benavent,3747,08:20:20,20.33,11.249999999966667,675.0,36
6415,2,H8,Anada,5,Les Corts - Benavent,3747,08:28:30,28.5,8.166666666683334,490.0,
1547,2,H8,Anada,5,Les Corts - Benavent,3747,08:38:02,38.03,9.516666666683333,571.0,
2671,2,H8,Anada,5,Les Corts - Benavent,3747,08:47:46,47.77,9.733333333333333,584.0,
6217,3,H8,Anada,5,Les Corts - Benavent,3747,08:54:19,54.32,6.55,393.0,1
6026,3,H8,Anada,5,Les Corts - Benavent,3747,09:04:31,4.52,10.200000000033333,612.0,1
6401,2,H8,Anada,5,Les Corts - Benavent,3747,09:14:55,14.92,10.399999999966667,624.0,19
6402,3,H8,Anada,5,Les Corts - Benavent,3747,09:22:55,22.92,8.0,480.0,
6808,2,H8,Anada,5,Les Corts - Benavent,3747,09:30:50,30.83,7.9333333333,476.0,
6037,3,H8,Anada,5,Les Corts - Benavent,3747,09:38:35,38.58,7.7333333334,464.0,
6047,3,H8,Anada,5,Les Corts - Benavent,3747,09:45:32,45.53,6.95,417.0,37
6406,3,H8,Anada,5,Les Corts - Benavent,3747,09:59:48,59.8,14.266666666666667,856.0,
6215,2,H8,Anada,5,Les Corts - Benavent,3747,10:06:26,6.43,6.6333333333,398.0,
6407,3,H8,Anada,5,Les Corts - Benavent,3747,10:17:22,17.37,10.933333333333334,656.0,1
6079,2,H8,Anada,5,Les Corts - Benavent,3747,10:27:44,27.73,10.3666666667,622.0,15
6024,3,H8,Anada,5,Les Corts - Benavent,3747,10:36:33,36.55,8.816666666666666,529.0,
6056,4,H8,Anada,5,Les Corts - Benavent,3747,10:46:26,46.43,9.899999999933334,594.0,
6411,3,H8,Anada,5,Les Corts - Benavent,3747,10:53:55,53.92,7.483333333333333,449.0,
6059,3,H8,Anada,5,Les Corts - Benavent,3747,11:02:03,2.05,8.1166666667,487.0,
6055,3,H8,Anada,5,Les Corts - Benavent,3747,11:07:51,7.85,5.800000000033333,348.0,
6414,3,H8,Anada,5,Les Corts - Benavent,3747,11:18:03,18.05,10.199999999966668,612.0,
6415,3,H8,Anada,5,Les Corts - Benavent,3747,11:27:29,27.48,9.449999999966668,567.0,
1547,3,H8,Anada,5,Les Corts - Benavent,3747,11:37:13,37.22,9.733333333333333,584.0,
2671,3,H8,Anada,5,Les Corts - Benavent,3747,11:45:03,45.05,7.833333333333333,470.0,
6217,4,H8,Anada,5,Les Corts - Benavent,3747,11:53:15,53.25,8.1833333334,491.0,
6026,4,H8,Anada,5,Les Corts - Benavent,3747,12:06:12,6.2,12.949999999966668,777.0,
6401,3,H8,Anada,5,Les Corts - Benavent,3747,12:11:38,11.63,5.433333333333334,326.0,
6402,4,H8,Anada,5,Les Corts - Benavent,3747,12:20:43,20.72,9.083333333333334,545.0,
6808,3,H8,Anada,5,Les Corts - Benavent,3747,12:28:32,28.53,7.833333333300001,470.0,
6037,4,H8,Anada,5,Les Corts - Benavent,3747,12:38:26,38.43,9.9,594.0,
6406,4,H8,Anada,5,Les Corts - Benavent,3747,12:52:40,52.67,14.216666666733333,853.0,
6215,3,H8,Anada,5,Les Corts - Benavent,3747,13:00:30,0.5,7.833333333333333,470.0,
6408,4,H8,Anada,5,Les Corts - Benavent,3747,13:08:03,8.05,7.55,453.0,"10,11,12,13,14,15,16,17,18,19,20,21,22,23,24,25,26,27,28,29,30,31,32,33,34,35,36,37,38,39"
6407,4,H8,Anada,5,Les Corts - Benavent,3747,13:16:31,16.52,7.7666666667,466.0,
6079,3,H8,Anada,5,Les Corts - Benavent,3747,13:26:13,26.22,9.7,582.0,
6024,4,H8,Anada,5,Les Corts - Benavent,3747,13:32:32,32.53,6.316666666666666,379.0,19
6056,5,H8,Anada,5,Les Corts - Benavent,3747,13:40:41,40.68,8.149999999966667,489.0,
6411,4,H8,Anada,5,Les Corts - Benavent,3747,13:50:40,50.67,9.983333333333333,599.0,
6211,3,H8,Anada,5,Les Corts - Benavent,3747,13:57:37,57.62,6.9666666666333334,418.0,
6055,4,H8,Anada,5,Les Corts - Benavent,3747,14:06:09,6.15,7.95,477.0,
6030,1,H8,Anada,5,Les Corts - Benavent,3747,14:11:19,11.32,5.183333333266666,311.0,"1,2"
6414,4,H8,Anada,5,Les Corts - Benavent,3747,14:19:05,19.08,7.750000000066667,465.0,
6415,4,H8,Anada,5,Les Corts - Benavent,3747,14:26:26,26.43,7.3666666666,442.0,19
1547,4,H8,Anada,5,Les Corts - Benavent,3747,14:37:35,37.58,11.133333333366666,668.0,
6217,5,H8,Anada,5,Les Corts - Benavent,3747,14:53:07,53.12,15.549999999966667,933.0,
6026,5,H8,Anada,5,Les Corts - Benavent,3747,15:00:06,0.1,6.983333333333333,419.0,
6409,1,H8,Anada,5,Les Corts - Benavent,3747,15:07:02,7.03,6.933333333333334,416.0,
6401,4,H8,Anada,5,Les Corts - Benavent,3747,15:16:41,16.68,9.633333333366666,578.0,
6402,5,H8,Anada,5,Les Corts - Benavent,3747,15:26:13,26.22,9.533333333366667,572.0,"1,2"
6808,4,H8,Anada,5,Les Corts - Benavent,3747,15:30:44,30.73,4.516666666633333,271.0,
6037,5,H8,Anada,5,Les Corts - Benavent,3747,15:37:35,37.58,6.8666666666500005,412.0,
6047,5,H8,Anada,5,Les Corts - Benavent,3747,15:47:07,47.12,9.516666666683333,571.0,
6406,5,H8,Anada,5,Les Corts - Benavent,3747,15:56:36,56.6,9.483333333366666,569.0,
6215,4,H8,Anada,5,Les Corts - Benavent,3747,16:04:37,4.62,8.016666666666667,481.0,
6121,3,H8,Anada,5,Les Corts - Benavent,3747,16:10:31,10.52,5.9,354.0,
6407,5,H8,Anada,5,Les Corts - Benavent,3747,16:21:02,21.03,9.8833333334,593.0,
6079,4,H8,Anada,5,Les Corts - Benavent,3747,16:26:59,26.98,5.95,357.0,
6024,5,H8,Anada,5,Les Corts - Benavent,3747,16:35:06,35.1,8.116666666666667,487.0,
6056,6,H8,Anada,5,Les Corts - Benavent,3747,16:43:19,43.32,8.233333333266666,494.0,
6411,5,H8,Anada,5,Les Corts - Benavent,3747,16:52:34,52.57,9.233333333366666,554.0,
6059,5,H8,Anada,5,Les Corts - Benavent,3747,16:57:18,57.3,4.749999999966667,285.0,
6055,5,H8,Anada,5,Les Corts - Benavent,3747,17:03:38,3.63,6.333333333333333,380.0,
6030,2,H8,Anada,5,Les Corts - Benavent,3747,17:13:08,13.13,9.5,570.0,
6414,5,H8,Anada,5,Les Corts - Benavent,3747,17:19:54,19.9,6.750000000066667,405.0,
6415,5,H8,Anada,5,Les Corts - Benavent,3747,17:29:24,29.4,9.5166666666,571.0,
1547,5,H8,Anada,5,Les Corts - Benavent,3747,17:35:54,35.9,6.5,390.0,
2671,5,H8,Anada,5,Les Corts - Benavent,3747,17:42:34,42.57,6.650000000066667,399.0,
6217,6,H8,Anada,5,Les Corts - Benavent,3747,17:52:58,52.97,10.399999999966667,624.0,
6026,6,H8,Anada,5,Les Corts - Benavent,3747,17:59:25,59.42,6.450000000033333,387.0,
6409,2,H8,Anada,5,Les Corts - Benavent,3747,18:07:42,7.7,8.283333333333333,497.0,
6401,5,H8,Anada,5,Les Corts - Benavent,3747,18:15:30,15.5,7.8166666666,469.0,
6402,6,H8,Anada,5,Les Corts - Benavent,3747,18:21:44,21.73,6.233333333333333,374.0,
6037,6,H8,Anada,5,Les Corts - Benavent,3747,18:34:17,34.28,12.533333333366667,752.0,
6406,6,H8,Anada,5,Les Corts - Benavent,3747,18:51:44,51.73,17.466666666633333,1048.0,
6121,4,H8,Anada,5,Les Corts - Benavent,3747,19:05:47,5.78,14.033333333366667,842.0,
6407,6,H8,Anada,5,Les Corts - Benavent,3747,19:14:52,14.87,9.083333333366665,545.0,"9,19"
6024,6,H8,Anada,5,Les Corts - Benavent,3747,19:25:51,25.85,10.999999999933333,660.0,
6056,7,H8,Anada,5,Les Corts - Benavent,3747,19:31:52,31.87,6.016666666666667,361.0,
6411,6,H8,Anada,5,Les Corts - Benavent,3747,19:41:44,41.73,9.866666666666667,592.0,
6030,3,H8,Anada,5,Les Corts - Benavent,3747,19:52:29,52.48,10.733333333366666,644.0,
6414,6,H8,Anada,5,Les Corts - Benavent,3747,20:01:59,1.98,9.516666666633334,571.0,
6415,6,H8,Anada,5,Les Corts - Benavent,3747,20:16:21,16.35,14.350000000066666,861.0,
6026,7,H8,Anada,5,Les Corts - Benavent,3747,20:35:22,35.37,19.03333333326667,1142.0,"9,10,11"
6409,3,H8,Anada,5,Les Corts - Benavent,3747,20:48:29,48.48,13.100000000033333,786.0,"13,29"
6402,7,H8,Anada,5,Les Corts - Benavent,3747,20:59:48,59.8,11.316666666683334,679.0,
6047,7,H8,Anada,5,Les Corts - Benavent,3747,21:15:50,15.83,16.04999999995,963.0,27
6408,6,H8,Anada,5,Les Corts - Benavent,3747,21:31:35,31.58,15.5333333333,932.0,33
6402,1,H8,Anada,6,Les Corts - Maternitat,482,03:43:15,43.25,,,1
6037,1,H8,Anada,6,Les Corts - Maternitat,482,03:53:37,53.62,10.366666666666667,622.0,"1,2,3,32,33"
6406,1,H8,Anada,6,Les Corts - Maternitat,482,04:02:46,2.77,9.133333333366666,548.0,
6046,1,H8,Anada,6,Les Corts - Maternitat,482,04:12:34,12.57,9.8,588.0,"30,31"
6408,1,H8,Anada,6,Les Corts - Maternitat,482,04:20:53,20.88,8.3166666667,499.0,
6407,1,H8,Anada,6,Les Corts - Maternitat,482,04:30:21,30.35,9.483333333266668,569.0,
6024,1,H8,Anada,6,Les Corts - Maternitat,482,04:40:16,40.27,9.916666666666666,595.0,
6056,1,H8,Anada,6,Les Corts - Maternitat,482,04:50:30,50.5,10.216666666733333,613.0,"1,2,3"
6411,1,H8,Anada,6,Les Corts - Maternitat,482,04:55:47,55.78,5.299999999933333,318.0,
6055,1,H8,Anada,6,Les Corts - Maternitat,482,05:05:12,5.2,9.416666666666666,565.0,1
TEMP_BonPastor_482,1,H8,Anada,6,Les Corts - Maternitat,482,05:15:52,15.87,10.650000000033334,639.0,"1,2,3,4,5,7,8,9,10,11,12,13,14,15,16,17,18,19,20,21,22,23,24,25,26,27,28,29,30,31,32,33,34,35,36,37,38,39"
6414,1,H8,Anada,6,Les Corts - Maternitat,482,05:17:47,17.78,1.9166666666666667,115.0,
6059,1,H8,Anada,6,Les Corts - Maternitat,482,05:22:49,22.82,5.033333333333333,302.0,"1,9"
6415,1,H8,Anada,6,Les Corts - Maternitat,482,05:33:52,33.87,11.050000000033332,663.0,
1547,1,H8,Anada,6,Les Corts - Maternitat,482,05:40:33,40.55,6.6833333333,401.0,
2671,1,H8,Anada,6,Les Corts - Maternitat,482,05:49:24,49.4,8.850000000033333,531.0,
6217,2,H8,Anada,6,Les Corts - Maternitat,482,05:58:08,58.13,8.733333333300001,524.0,
6026,2,H8,Anada,6,Les Corts - Maternitat,482,06:07:48,7.8,9.6833333333,581.0,
6401,1,H8,Anada,6,Les Corts - Maternitat,482,06:13:55,13.92,6.100000000033333,366.0,
6402,2,H8,Anada,6,Les Corts - Maternitat,482,06:23:18,23.3,9.383333333333333,563.0,
6808,1,H8,Anada,6,Les Corts - Maternitat,482,06:33:01,33.02,9.716666666666667,583.0,
6037,2,H8,Anada,6,Les Corts - Maternitat,482,06:39:50,39.83,6.816666666666666,409.0,
6047,2,H8,Anada,6,Les Corts - Maternitat,482,06:50:04,50.07,10.233333333366666,614.0,
6406,2,H8,Anada,6,Les Corts - Maternitat,482,06:54:11,54.18,4.133333333266667,248.0,
6215,1,H8,Anada,6,Les Corts - Maternitat,482,07:01:49,1.82,7.633333333333334,458.0,
6408,2,H8,Anada,6,Les Corts - Maternitat,482,07:12:55,12.92,11.1,666.0,
6046,2,H8,Anada,6,Les Corts - Maternitat,482,07:19:44,19.73,6.800000000033333,408.0,"7,21"
6407,2,H8,Anada,6,Les Corts - Maternitat,482,07:27:20,27.33,7.6,456.0,
6079,1,H8,Anada,6,Les Corts - Maternitat,482,07:31:35,31.58,4.250000000033333,255.0,1
6024,2,H8,Anada,6,Les Corts - Maternitat,482,07:41:59,41.98,10.399999999966667,624.0,
6056,3,H8,Anada,6,Les Corts - Maternitat,482,07:50:15,50.25,8.266666666666667,496.0,"4,18"
6411,2,H8,Anada,6,Les Corts - Maternitat,482,07:56:05,56.08,5.833333333333333,350.0,
6211,1,H8,Anada,6,Les Corts - Maternitat,482,08:07:09,7.15,11.066666666666666,664.0,"9,11,12,13,14,15,16,17,18,19,20,21,22,23,24,25,26,27,28,29,30,31,32,33,34,35,36,37,38,39"
6059,2,H8,Anada,6,Les Corts - Maternitat,482,08:10:19,10.32,2.95,177.0,"9,10,11,12,20,21,22,23"
6414,2,H8,Anada,6,Les Corts - Maternitat,482,08:21:54,21.9,11.583333333333334,695.0,36
6415,2,H8,Anada,6,Les Corts - Maternitat,482,08:30:00,30.0,8.083333333366665,485.0,
1547,2,H8,Anada,6,Les Corts - Maternitat,482,08:39:41,39.68,9.683333333366667,581.0,
2671,2,H8,Anada,6,Les Corts - Maternitat,482,08:48:47,48.78,9.099999999983334,546.0,
6217,3,H8,Anada,6,Les Corts - Maternitat,482,08:55:40,55.67,6.8833333333499995,413.0,1
6026,3,H8,Anada,6,Les Corts - Maternitat,482,09:05:43,5.72,10.066666666600002,604.0,1
6401,2,H8,Anada,6,Les Corts - Maternitat,482,09:16:11,16.18,10.450000000033333,627.0,19
6402,3,H8,Anada,6,Les Corts - Maternitat,482,09:24:08,24.13,7.95,477.0,
6808,2,H8,Anada,6,Les Corts - Maternitat,482,09:32:18,32.3,8.183333333283333,491.0,
6037,3,H8,Anada,6,Les Corts - Maternitat,482,09:39:43,39.72,7.400000000083334,444.0,
6047,3,H8,Anada,6,Les Corts - Maternitat,482,09:46:35,46.58,6.883333333266666,413.0,37
6406,3,H8,Anada,6,Les Corts - Maternitat,482,10:01:17,1.28,14.7,882.0,
6215,2,H8,Anada,6,Les Corts - Maternitat,482,10:07:31,7.52,6.233333333333333,374.0,
6407,3,H8,Anada,6,Les Corts - Maternitat,482,10:19:00,19.0,11.466666666733333,688.0,1
6079,2,H8,Anada,6,Les Corts - Maternitat,482,10:28:58,28.97,9.966666666666667,598.0,15
6024,3,H8,Anada,6,Les Corts - Maternitat,482,10:37:33,37.55,8.583333333333334,515.0,
6056,4,H8,Anada,6,Les Corts - Maternitat,482,10:47:38,47.63,10.099999999933335,606.0,
6411,3,H8,Anada,6,Les Corts - Maternitat,482,10:55:12,55.2,7.566666666666666,454.0,
6059,3,H8,Anada,6,Les Corts - Maternitat,482,11:03:08,3.13,7.933333333333334,476.0,
6055,3,H8,Anada,6,Les Corts - Maternitat,482,11:10:11,10.18,7.0333333333666666,422.0,
6414,3,H8,Anada,6,Les Corts - Maternitat,482,11:18:28,18.47,8.299999999966667,498.0,
6415,3,H8,Anada,6,Les Corts - Maternitat,482,11:28:42,28.7,10.233333333333333,614.0,
1547,3,H8,Anada,6,Les Corts - Maternitat,482,11:38:37,38.62,9.900000000033334,594.0,
2671,3,H8,Anada,6,Les Corts - Maternitat,482,11:46:31,46.52,7.91666666665,475.0,
6217,4,H8,Anada,6,Les Corts - Maternitat,482,11:54:41,54.68,8.150000000050001,489.0,
6026,4,H8,Anada,6,Les Corts - Maternitat,482,12:07:47,7.78,13.1166666666,787.0,
6401,3,H8,Anada,6,Les Corts - Maternitat,482,12:13:34,13.57,5.766666666733333,346.0,
6402,4,H8,Anada,6,Les Corts - Maternitat,482,12:22:14,22.23,8.666666666633335,520.0,
6808,3,H8,Anada,6,Les Corts - Maternitat,482,12:29:37,29.62,7.383333333366666,443.0,
6037,4,H8,Anada,6,Les Corts - Maternitat,482,12:39:36,39.6,9.999999999933333,600.0,
6406,4,H8,Anada,6,Les Corts - Maternitat,482,12:53:44,53.73,14.133333333333333,848.0,
6215,3,H8,Anada,6,Les Corts - Maternitat,482,13:01:35,1.58,7.833333333366666,470.0,
6408,4,H8,Anada,6,Les Corts - Maternitat,482,13:09:09,9.15,7.5666666667,454.0,"10,11,12,13,14,15,16,17,18,19,20,21,22,23,24,25,26,27,28,29,30,31,32,33,34,35,36,37,38,39"
6407,4,H8,Anada,6,Les Corts - Maternitat,482,13:17:57,17.95,8.2166666667,493.0,
6079,3,H8,Anada,6,Les Corts - Maternitat,482,13:27:33,27.55,9.6,576.0,
6024,4,H8,Anada,6,Les Corts - Maternitat,482,13:34:04,34.07,6.516666666666667,391.0,19
6056,5,H8,Anada,6,Les Corts - Maternitat,482,13:41:29,41.48,7.416666666666667,445.0,
6411,4,H8,Anada,6,Les Corts - Maternitat,482,13:51:41,51.68,10.200000000033333,612.0,
6211,3,H8,Anada,6,Les Corts - Maternitat,482,13:58:58,58.97,7.2999999999166665,438.0,
6055,4,H8,Anada,6,Les Corts - Maternitat,482,14:07:40,7.67,8.150000000033334,489.0,
6030,1,H8,Anada,6,Les Corts - Maternitat,482,14:12:24,12.4,4.733333333333333,284.0,"1,2"
6414,4,H8,Anada,6,Les Corts - Maternitat,482,14:19:32,19.53,7.133333333333334,428.0,
6415,4,H8,Anada,6,Les Corts - Maternitat,482,14:27:46,27.77,8.233333333333333,494.0,19
1547,4,H8,Anada,6,Les Corts - Maternitat,482,14:39:04,39.07,11.316666666600002,679.0,
2671,4,H8,Anada,6,Les Corts - Maternitat,482,14:46:04,46.07,6.983333333366667,419.0,5
6217,5,H8,Anada,6,Les Corts - Maternitat,482,14:55:17,55.28,9.233333333300001,554.0,
6026,5,H8,Anada,6,Les Corts - Maternitat,482,15:01:23,1.38,6.1,366.0,
6409,1,H8,Anada,6,Les Corts - Maternitat,482,15:08:41,8.68,7.2833333333666666,437.0,
6401,4,H8,Anada,6,Les Corts - Maternitat,482,15:17:59,17.98,9.316666666633333,559.0,
6402,5,H8,Anada,6,Les Corts - Maternitat,482,15:27:34,27.57,9.566666666716666,574.0,"1,2"
6808,4,H8,Anada,6,Les Corts - Maternitat,482,15:32:22,32.37,4.8000000000166665,288.0,
6037,5,H8,Anada,6,Les Corts - Maternitat,482,15:38:38,38.63,6.266666666666667,376.0,
6047,5,H8,Anada,6,Les Corts - Maternitat,482,15:48:10,48.17,9.549999999933334,573.0,
6406,5,H8,Anada,6,Les Corts - Maternitat,482,15:57:56,57.93,9.766666666666667,586.0,
6215,4,H8,Anada,6,Les Corts - Maternitat,482,16:05:54,5.9,7.966666666666667,478.0,
6408,5,H8,Anada,6,Les Corts - Maternitat,482,16:12:28,12.47,6.550000000033333,393.0,"1,2,3,4,21,22,23,24,25,26,27,28,29,30,31,32,33,34,35,36,37,38,39"
6407,5,H8,Anada,6,Les Corts - Maternitat,482,16:22:14,22.23,9.666666666666666,580.0,
6079,4,H8,Anada,6,Les Corts - Maternitat,482,16:28:08,28.13,5.900000000033333,354.0,
6024,5,H8,Anada,6,Les Corts - Maternitat,482,16:36:38,36.63,8.516666666599999,511.0,
6056,6,H8,Anada,6,Les Corts - Maternitat,482,16:43:56,43.93,7.2833333333666666,437.0,
6411,5,H8,Anada,6,Les Corts - Maternitat,482,16:53:40,53.67,9.749999999966667,585.0,
6059,5,H8,Anada,6,Les Corts - Maternitat,482,16:58:48,58.8,5.133333333333334,308.0,
6055,5,H8,Anada,6,Les Corts - Maternitat,482,17:04:56,4.93,6.116666666733334,367.0,
6030,2,H8,Anada,6,Les Corts - Maternitat,482,17:15:44,15.73,10.816666666600002,649.0,
6414,5,H8,Anada,6,Les Corts - Maternitat,482,17:21:27,21.45,5.700000000033333,342.0,
6415,5,H8,Anada,6,Les Corts - Maternitat,482,17:30:43,30.72,9.266666666666667,556.0,
1547,5,H8,Anada,6,Les Corts - Maternitat,482,17:37:09,37.15,6.449999999949999,387.0,
2671,5,H8,Anada,6,Les Corts - Maternitat,482,17:43:59,43.98,6.816666666716667,409.0,
6217,6,H8,Anada,6,Les Corts - Maternitat,482,17:54:16,54.27,10.283333333333333,617.0,
6026,6,H8,Anada,6,Les Corts - Maternitat,482,18:00:50,0.83,6.5666666667,394.0,
6409,2,H8,Anada,6,Les Corts - Maternitat,482,18:09:11,9.18,8.349999999983334,501.0,
6401,5,H8,Anada,6,Les Corts - Maternitat,482,18:16:36,16.6,7.433333333283333,446.0,
6402,6,H8,Anada,6,Les Corts - Maternitat,482,18:22:23,22.38,5.783333333333333,347.0,
6037,6,H8,Anada,6,Les Corts - Maternitat,482,18:36:24,36.4,14.000000000066667,840.0,
6406,6,H8,Anada,6,Les Corts - Maternitat,482,18:52:59,52.98,16.583333333333332,995.0,
6121,4,H8,Anada,6,Les Corts - Maternitat,482,19:06:51,6.85,13.883333333266668,833.0,
6407,6,H8,Anada,6,Les Corts - Maternitat,482,19:16:15,16.25,9.4,564.0,"9,19"
6024,6,H8,Anada,6,Les Corts - Maternitat,482,19:27:04,27.07,10.816666666666666,649.0,
6056,7,H8,Anada,6,Les Corts - Maternitat,482,19:32:57,32.95,5.8666666667,352.0,
6411,6,H8,Anada,6,Les Corts - Maternitat,482,19:42:44,42.73,9.783333333366667,587.0,
6030,3,H8,Anada,6,Les Corts - Maternitat,482,19:53:16,53.27,10.54999999995,633.0,
6414,6,H8,Anada,6,Les Corts - Maternitat,482,20:03:52,3.87,10.583333333366665,635.0,
6415,6,H8,Anada,6,Les Corts - Maternitat,482,20:18:19,18.32,14.449999999983334,867.0,
6026,7,H8,Anada,6,Les Corts - Maternitat,482,20:36:49,36.82,18.50000000003333,1110.0,"9,10,11"
6409,3,H8,Anada,6,Les Corts - Maternitat,482,20:50:40,50.67,13.8666666666,832.0,"13,29"
6402,7,H8,Anada,6,Les Corts - Maternitat,482,21:00:51,0.85,10.166666666733333,610.0,
6047,7,H8,Anada,6,Les Corts - Maternitat,482,21:17:14,17.23,16.383333333333333,983.0,27
6121,5,H8,Anada,6,Les Corts - Maternitat,482,21:33:19,33.32,15.916666666616667,955.0,34
6402,1,H8,Anada,7,Les Corts - Carles III,709,03:44:31,44.52,,,1
6037,1,H8,Anada,7,Les Corts - Carles III,709,03:55:05,55.08,10.566666666666666,634.0,"1,2,3,32,33"
6406,1,H8,Anada,7,Les Corts - Carles III,709,04:03:13,3.22,8.116666666733334,487.0,
6046,1,H8,Anada,7,Les Corts - Carles III,709,04:14:29,14.48,11.266666666633334,676.0,"30,31"
6408,1,H8,Anada,7,Les Corts - Carles III,709,04:22:18,22.3,7.8166666667,469.0,
6407,1,H8,Anada,7,Les Corts - Carles III,709,04:31:42,31.7,9.416666666600001,565.0,
6024,1,H8,Anada,7,Les Corts - Carles III,709,04:41:53,41.88,10.1666666667,610.0,
6056,1,H8,Anada,7,Les Corts - Carles III,709,04:52:18,52.3,10.4333333333,626.0,"1,2,3"
6411,1,H8,Anada,7,Les Corts - Carles III,709,04:57:32,57.53,5.2166666667333335,313.0,
6055,1,H8,Anada,7,Les Corts - Carles III,709,05:08:05,8.08,10.55,633.0,1
TEMP_BonPastor_709,1,H8,Anada,7,Les Corts - Carles III,709,05:18:08,18.13,10.05,603.0,"1,2,3,4,5,6,8,9,10,11,12,13,14,15,16,17,18,19,20,21,22,23,24,25,26,27,28,29,30,31,32,33,34,35,36,37,38,39"
6414,1,H8,Anada,7,Les Corts - Carles III,709,05:19:44,19.73,1.6166666666,97.0,
6059,1,H8,Anada,7,Les Corts - Carles III,709,05:24:30,24.5,4.766666666666667,286.0,"1,9"
6415,1,H8,Anada,7,Les Corts - Carles III,709,05:35:57,35.95,11.45,687.0,
1547,1,H8,Anada,7,Les Corts - Carles III,709,05:42:24,42.4,6.433333333366666,386.0,
2671,1,H8,Anada,7,Les Corts - Carles III,709,05:52:21,52.35,9.950000000033333,597.0,
6217,2,H8,Anada,7,Les Corts - Carles III,709,06:00:11,0.18,7.849999999933333,471.0,
6026,2,H8,Anada,7,Les Corts - Carles III,709,06:10:04,10.07,9.8666666667,592.0,
6401,1,H8,Anada,7,Les Corts - Carles III,709,06:15:47,15.78,5.716666666666667,343.0,
6402,2,H8,Anada,7,Les Corts - Carles III,709,06:25:56,25.93,10.166666666633335,610.0,
6808,1,H8,Anada,7,Les Corts - Carles III,709,06:35:23,35.38,9.45,567.0,
6037,2,H8,Anada,7,Les Corts - Carles III,709,06:41:30,41.5,6.100000000033333,366.0,
6047,2,H8,Anada,7,Les Corts - Carles III,709,06:51:42,51.7,10.200000000016667,612.0,
6406,2,H8,Anada,7,Les Corts - Carles III,709,06:56:07,56.12,4.416666666683333,265.0,
6215,1,H8,Anada,7,Les Corts - Carles III,709,07:04:32,4.53,8.433333333266667,506.0,
6408,2,H8,Anada,7,Les Corts - Carles III,709,07:15:33,15.55,11.000000000033333,660.0,
6407,2,H8,Anada,7,Les Corts - Carles III,709,07:29:44,29.73,14.199999999966668,852.0,
6079,1,H8,Anada,7,Les Corts - Carles III,709,07:34:18,34.3,4.550000000033333,273.0,1
6024,2,H8,Anada,7,Les Corts - Carles III,709,07:43:46,43.77,9.483333333300001,569.0,
6056,3,H8,Anada,7,Les Corts - Carles III,709,07:52:18,52.3,8.533333333333333,512.0,"4,18"
6411,2,H8,Anada,7,Les Corts - Carles III,709,07:59:21,59.35,7.0333333333666666,422.0,
6211,1,H8,Anada,7,Les Corts - Carles III,709,08:07:28,7.47,8.116666666683333,487.0,"9,11,12,13,14,15,16,17,18,19,20,21,22,23,24,25,26,27,28,29,30,31,32,33,34,35,36,37,38,39"
6055,2,H8,Anada,7,Les Corts - Carles III,709,08:09:50,9.83,2.3666666666833334,142.0,1
6059,2,H8,Anada,7,Les Corts - Carles III,709,08:12:52,12.87,3.0499999999333336,183.0,"9,10,11,12,20,21,22,23"
6414,2,H8,Anada,7,Les Corts - Carles III,709,08:24:47,24.78,11.900000000066665,714.0,36
6415,2,H8,Anada,7,Les Corts - Carles III,709,08:32:21,32.35,7.566666666633334,454.0,
1547,2,H8,Anada,7,Les Corts - Carles III,709,08:43:13,43.22,10.8833333333,653.0,
2671,2,H8,Anada,7,Les Corts - Carles III,709,08:50:53,50.88,7.650000000066667,459.0,
6217,3,H8,Anada,7,Les Corts - Carles III,709,08:57:17,57.28,6.4,384.0,1
6026,3,H8,Anada,7,Les Corts - Carles III,709,09:06:52,6.87,9.599999999933335,576.0,1
6401,2,H8,Anada,7,Les Corts - Carles III,709,09:18:36,18.6,11.733333333333333,704.0,19
6402,3,H8,Anada,7,Les Corts - Carles III,709,09:25:49,25.82,7.21666666665,433.0,
6808,2,H8,Anada,7,Les Corts - Carles III,709,09:34:38,34.63,8.816666666683334,529.0,
6037,3,H8,Anada,7,Les Corts - Carles III,709,09:42:34,42.57,7.916666666699999,475.0,
6047,3,H8,Anada,7,Les Corts - Carles III,709,09:48:24,48.4,5.833333333366666,350.0,37
6406,3,H8,Anada,7,Les Corts - Carles III,709,10:03:31,3.52,15.116666666666667,907.0,
6215,2,H8,Anada,7,Les Corts - Carles III,709,10:09:42,9.7,6.1999999999333335,372.0,
6407,3,H8,Anada,7,Les Corts - Carles III,709,10:21:11,21.18,11.483333333333333,689.0,1
6079,2,H8,Anada,7,Les Corts - Carles III,709,10:30:48,30.8,9.600000000033333,576.0,15
6024,3,H8,Anada,7,Les Corts - Carles III,709,10:40:10,40.17,9.366666666666667,562.0,
6056,4,H8,Anada,7,Les Corts - Carles III,709,10:49:19,49.32,9.15,549.0,
6411,3,H8,Anada,7,Les Corts - Carles III,709,10:56:24,56.4,7.099999999966667,426.0,
6059,3,H8,Anada,7,Les Corts - Carles III,709,11:05:42,5.7,9.2833333334,557.0,
6055,3,H8,Anada,7,Les Corts - Carles III,709,11:12:08,12.13,6.4333333333,386.0,
6414,3,H8,Anada,7,Les Corts - Carles III,709,11:19:59,19.98,7.85,471.0,
6415,3,H8,Anada,7,Les Corts - Carles III,709,11:31:21,31.35,11.3833333333,683.0,
1547,3,H8,Anada,7,Les Corts - Carles III,709,11:41:17,41.28,9.9166666667,595.0,
2671,3,H8,Anada,7,Les Corts - Carles III,709,11:49:08,49.13,7.85,471.0,
6217,4,H8,Anada,7,Les Corts - Carles III,709,11:57:34,57.57,8.433333333366667,506.0,
6026,4,H8,Anada,7,Les Corts - Carles III,709,12:09:32,9.53,11.966666666666667,718.0,
6401,3,H8,Anada,7,Les Corts - Carles III,709,12:16:09,16.15,6.616666666633334,397.0,
6402,4,H8,Anada,7,Les Corts - Carles III,709,12:24:30,24.5,8.35,501.0,
6808,3,H8,Anada,7,Les Corts - Carles III,709,12:32:25,32.42,7.916666666699999,475.0,
6037,4,H8,Anada,7,Les Corts - Carles III,709,12:42:06,42.1,9.683333333333334,581.0,
6047,4,H8,Anada,7,Les Corts - Carles III,709,12:47:01,47.02,4.933333333266666,296.0,"5,6,23,35"
6406,4,H8,Anada,7,Les Corts - Carles III,709,12:56:12,56.2,9.166666666733333,550.0,
6215,3,H8,Anada,7,Les Corts - Carles III,709,13:03:37,3.62,7.416666666633334,445.0,
6408,4,H8,Anada,7,Les Corts - Carles III,709,13:11:24,11.4,7.7833333333666666,467.0,"10,11,12,13,14,15,16,17,18,19,20,21,22,23,24,25,26,27,28,29,30,31,32,33,34,35,36,37,38,39"
6121,2,H8,Anada,7,Les Corts - Carles III,709,13:12:26,12.43,1.0333333333333334,62.0,
6407,4,H8,Anada,7,Les Corts - Carles III,709,13:20:25,20.42,7.9833333333,479.0,
6079,3,H8,Anada,7,Les Corts - Carles III,709,13:29:25,29.42,9.016666666633334,541.0,
6024,4,H8,Anada,7,Les Corts - Carles III,709,13:35:39,35.65,6.2166666667333335,373.0,19
6056,5,H8,Anada,7,Les Corts - Carles III,709,13:44:04,44.07,8.416666666666666,505.0,
6411,4,H8,Anada,7,Les Corts - Carles III,709,13:53:57,53.95,9.883333333333333,593.0,
6211,3,H8,Anada,7,Les Corts - Carles III,709,14:00:52,0.87,6.933333333266666,416.0,
6055,4,H8,Anada,7,Les Corts - Carles III,709,14:09:49,9.82,8.316666666633333,499.0,
6030,1,H8,Anada,7,Les Corts - Carles III,709,14:14:48,14.8,4.999999999966667,300.0,"1,2"
6414,4,H8,Anada,7,Les Corts - Carles III,709,14:22:44,22.73,7.916666666699999,475.0,
6415,4,H8,Anada,7,Les Corts - Carles III,709,14:28:46,28.77,6.03333333335,362.0,19
1547,4,H8,Anada,7,Les Corts - Carles III,709,14:41:52,41.87,13.099999999983334,786.0,
2671,4,H8,Anada,7,Les Corts - Carles III,709,14:48:46,48.77,6.9,414.0,5
6217,5,H8,Anada,7,Les Corts - Carles III,709,14:57:50,57.83,9.0666666667,544.0,
6026,5,H8,Anada,7,Les Corts - Carles III,709,15:03:44,3.73,5.916666666599999,355.0,
6409,1,H8,Anada,7,Les Corts - Carles III,709,15:10:30,10.5,6.750000000033333,405.0,
6401,4,H8,Anada,7,Les Corts - Carles III,709,15:20:08,20.13,9.649999999966667,579.0,
6402,5,H8,Anada,7,Les Corts - Carles III,709,15:29:33,29.55,9.400000000033334,564.0,"1,2"
6808,4,H8,Anada,7,Les Corts - Carles III,709,15:35:00,35.0,5.450000000033333,327.0,
6037,5,H8,Anada,7,Les Corts - Carles III,709,15:40:58,40.97,5.983333333266667,359.0,
6047,5,H8,Anada,7,Les Corts - Carles III,709,15:50:49,50.82,9.833333333399999,590.0,
6406,5,H8,Anada,7,Les Corts - Carles III,709,16:00:01,0.02,9.199999999966668,552.0,
6215,4,H8,Anada,7,Les Corts - Carles III,709,16:07:53,7.88,7.866666666666666,472.0,
6408,5,H8,Anada,7,Les Corts - Carles III,709,16:14:39,14.65,6.7666666667,406.0,"1,2,3,4,21,22,23,24,25,26,27,28,29,30,31,32,33,34,35,36,37,38,39"
6407,5,H8,Anada,7,Les Corts - Carles III,709,16:24:32,24.53,9.55,573.0,
6079,4,H8,Anada,7,Les Corts - Carles III,709,16:30:06,30.1,5.566666666666666,334.0,
6024,5,H8,Anada,7,Les Corts - Carles III,709,16:38:38,38.63,8.516666666699999,511.0,
6056,6,H8,Anada,7,Les Corts - Carles III,709,16:45:49,45.82,7.183333333333334,431.0,
6411,5,H8,Anada,7,Les Corts - Carles III,709,16:55:37,55.62,9.8,588.0,
6059,5,H8,Anada,7,Les Corts - Carles III,709,17:00:02,0.03,4.416666666699999,265.0,
6055,5,H8,Anada,7,Les Corts - Carles III,709,17:07:03,7.05,7.0333333332666665,422.0,
6030,2,H8,Anada,7,Les Corts - Carles III,709,17:16:59,16.98,9.933333333333334,596.0,
6414,5,H8,Anada,7,Les Corts - Carles III,709,17:22:51,22.85,5.850000000066667,351.0,
6415,5,H8,Anada,7,Les Corts - Carles III,709,17:32:56,32.93,10.083333333333334,605.0,
1547,5,H8,Anada,7,Les Corts - Carles III,709,17:37:09,37.15,4.233333333266667,254.0,
2671,5,H8,Anada,7,Les Corts - Carles III,709,17:46:58,46.97,9.816666666666666,589.0,
6217,6,H8,Anada,7,Les Corts - Carles III,709,17:55:02,55.03,8.066666666666666,484.0,
6026,6,H8,Anada,7,Les Corts - Carles III,709,18:03:01,3.02,7.966666666699999,478.0,
6409,2,H8,Anada,7,Les Corts - Carles III,709,18:11:55,11.92,8.916666666633335,535.0,
6401,5,H8,Anada,7,Les Corts - Carles III,709,18:19:30,19.5,7.566666666733334,454.0,
6402,6,H8,Anada,7,Les Corts - Carles III,709,18:23:52,23.87,4.383333333266666,263.0,
6037,6,H8,Anada,7,Les Corts - Carles III,709,18:38:31,38.52,14.633333333366666,878.0,
6406,6,H8,Anada,7,Les Corts - Carles III,709,18:55:02,55.03,16.5333333333,992.0,
6121,4,H8,Anada,7,Les Corts - Carles III,709,19:09:07,9.12,14.066666666733333,844.0,
6407,6,H8,Anada,7,Les Corts - Carles III,709,19:17:48,17.8,8.683333333333334,521.0,"9,19"
6024,6,H8,Anada,7,Les Corts - Carles III,709,19:29:10,29.17,11.366666666633334,682.0,
6056,7,H8,Anada,7,Les Corts - Carles III,709,19:33:57,33.95,4.7833333333666666,287.0,
6411,6,H8,Anada,7,Les Corts - Carles III,709,19:43:07,43.12,9.166666666666666,550.0,
6030,3,H8,Anada,7,Les Corts - Carles III,709,19:54:08,54.13,11.016666666633334,661.0,
6414,6,H8,Anada,7,Les Corts - Carles III,709,20:05:57,5.95,11.816666666666666,709.0,
6415,6,H8,Anada,7,Les Corts - Carles III,709,20:19:47,19.78,13.849999999966666,831.0,
6026,7,H8,Anada,7,Les Corts - Carles III,709,20:38:18,38.3,18.50000000003333,1110.0,"9,10,11"
6409,3,H8,Anada,7,Les Corts - Carles III,709,20:52:18,52.3,14.016666666633334,841.0,"13,29"
6402,7,H8,Anada,7,Les Corts - Carles III,709,21:02:30,2.5,10.2,612.0,
6063,2,H8,Anada,7,Les Corts - Carles III,709,21:18:40,18.67,16.166666666666668,970.0,23
6121,5,H8,Anada,7,Les Corts - Carles III,709,21:35:02,35.03,16.066666666666666,964.0,34
6402,1,H8,Anada,8,Les Corts - Vallespir,1577,03:46:03,46.05,,,1
6037,1,H8,Anada,8,Les Corts - Vallespir,1577,03:56:19,56.32,10.266666666666667,616.0,"1,2,3,32,33"
6406,1,H8,Anada,8,Les Corts - Vallespir,1577,04:06:11,6.18,9.866666666633334,592.0,
6046,1,H8,Anada,8,Les Corts - Vallespir,1577,04:15:17,15.28,9.100000000033333,546.0,"30,31"
6408,1,H8,Anada,8,Les Corts - Vallespir,1577,04:24:40,24.67,9.399999999933334,564.0,
6407,1,H8,Anada,8,Les Corts - Vallespir,1577,04:33:10,33.17,8.483333333366666,509.0,
6024,1,H8,Anada,8,Les Corts - Vallespir,1577,04:42:46,42.77,9.616666666633334,577.0,
6056,1,H8,Anada,8,Les Corts - Vallespir,1577,04:54:00,54.0,11.233333333333333,674.0,"1,2,3"
6411,1,H8,Anada,8,Les Corts - Vallespir,1577,04:59:10,59.17,5.166666666666667,310.0,
6055,1,H8,Anada,8,Les Corts - Vallespir,1577,05:09:47,9.78,10.616666666666667,637.0,1
TEMP_BonPastor_1577,1,H8,Anada,8,Les Corts - Vallespir,1577,05:19:56,19.93,10.1333333334,608.0,"1,2,3,4,5,6,7,9,10,11,12,13,14,15,16,17,18,19,20,21,22,23,24,25,26,27,28,29,30,31,32,33,34,35,36,37,38,39"
6414,1,H8,Anada,8,Les Corts - Vallespir,1577,05:21:12,21.2,1.2666666666333335,76.0,
6059,1,H8,Anada,8,Les Corts - Vallespir,1577,05:25:13,25.22,4.0333333333,242.0,"1,9"
6415,1,H8,Anada,8,Les Corts - Vallespir,1577,05:38:09,38.15,12.916666666733333,775.0,
1547,1,H8,Anada,8,Les Corts - Vallespir,1577,05:45:38,45.63,7.4833333333,449.0,
2671,1,H8,Anada,8,Les Corts - Vallespir,1577,05:54:46,54.77,9.133333333333333,548.0,
6217,2,H8,Anada,8,Les Corts - Vallespir,1577,06:01:39,1.65,6.883333333366666,413.0,
6026,2,H8,Anada,8,Les Corts - Vallespir,1577,06:11:31,11.52,9.866666666666667,592.0,
6401,1,H8,Anada,8,Les Corts - Vallespir,1577,06:18:58,18.97,7.45,447.0,
6402,2,H8,Anada,8,Les Corts - Vallespir,1577,06:27:40,27.67,8.699999999983334,522.0,
6808,1,H8,Anada,8,Les Corts - Vallespir,1577,06:37:12,37.2,9.54999999995,573.0,
6037,2,H8,Anada,8,Les Corts - Vallespir,1577,06:43:48,43.8,6.6,396.0,
6047,2,H8,Anada,8,Les Corts - Vallespir,1577,06:53:50,53.83,10.033333333333333,602.0,
6406,2,H8,Anada,8,Les Corts - Vallespir,1577,06:58:19,58.32,4.466666666699999,268.0,
6215,1,H8,Anada,8,Les Corts - Vallespir,1577,07:06:25,6.42,8.116666666616666,487.0,
6408,2,H8,Anada,8,Les Corts - Vallespir,1577,07:15:39,15.65,9.216666666716666,553.0,
6046,2,H8,Anada,8,Les Corts - Vallespir,1577,07:21:22,21.37,5.716666666699999,343.0,"7,21"
6407,2,H8,Anada,8,Les Corts - Vallespir,1577,07:31:32,31.53,10.183333333266667,611.0,
6079,1,H8,Anada,8,Les Corts - Vallespir,1577,07:35:20,35.33,3.7833333334,227.0,1
6024,2,H8,Anada,8,Les Corts - Vallespir,1577,07:46:15,46.25,10.933333333266667,656.0,
6056,3,H8,Anada,8,Les Corts - Vallespir,1577,07:53:38,53.63,7.383333333333334,443.0,"4,18"
6411,2,H8,Anada,8,Les Corts - Vallespir,1577,08:01:32,1.53,7.9,474.0,
6211,1,H8,Anada,8,Les Corts - Vallespir,1577,08:09:54,9.9,8.350000000033333,501.0,"9,11,12,13,14,15,16,17,18,19,20,21,22,23,24,25,26,27,28,29,30,31,32,33,34,35,36,37,38,39"
6055,2,H8,Anada,8,Les Corts - Vallespir,1577,08:12:30,12.5,2.6000000000166663,156.0,1
6059,2,H8,Anada,8,Les Corts - Vallespir,1577,08:15:07,15.12,2.6333333332833333,158.0,"9,10,11,12,20,21,22,23"
6414,2,H8,Anada,8,Les Corts - Vallespir,1577,08:26:38,26.63,11.516666666666667,691.0,36
6415,2,H8,Anada,8,Les Corts - Vallespir,1577,08:34:42,34.7,8.066666666666666,484.0,
1547,2,H8,Anada,8,Les Corts - Vallespir,1577,08:43:19,43.32,8.616666666666667,517.0,
2671,2,H8,Anada,8,Les Corts - Vallespir,1577,08:53:01,53.02,9.683333333366667,581.0,
6217,3,H8,Anada,8,Les Corts - Vallespir,1577,08:59:35,59.58,6.583333333300001,395.0,1
6026,3,H8,Anada,8,Les Corts - Vallespir,1577,09:08:51,8.85,9.266666666666667,556.0,1
6401,2,H8,Anada,8,Les Corts - Vallespir,1577,09:19:38,19.63,10.766666666733332,646.0,19
6402,3,H8,Anada,8,Les Corts - Vallespir,1577,09:28:56,28.93,9.316666666600002,559.0,
6808,2,H8,Anada,8,Les Corts - Vallespir,1577,09:36:04,36.07,7.1166666667,427.0,
6037,3,H8,Anada,8,Les Corts - Vallespir,1577,09:43:31,43.52,7.450000000033333,447.0,
6047,3,H8,Anada,8,Les Corts - Vallespir,1577,09:51:21,51.35,7.849999999933333,471.0,37
6406,3,H8,Anada,8,Les Corts - Vallespir,1577,10:05:53,5.88,14.533333333333333,872.0,
6215,2,H8,Anada,8,Les Corts - Vallespir,1577,10:10:55,10.92,5.033333333333333,302.0,
6407,3,H8,Anada,8,Les Corts - Vallespir,1577,10:21:55,21.92,11.0,660.0,1
6079,2,H8,Anada,8,Les Corts - Vallespir,1577,10:31:23,31.38,9.450000000066666,567.0,15
6024,3,H8,Anada,8,Les Corts - Vallespir,1577,10:42:25,42.42,11.033333333316667,662.0,
6056,4,H8,Anada,8,Les Corts - Vallespir,1577,10:52:03,52.05,9.649999999950001,579.0,
6411,3,H8,Anada,8,Les Corts - Vallespir,1577,10:58:42,58.7,6.633333333366666,398.0,
6059,3,H8,Anada,8,Les Corts - Vallespir,1577,11:07:36,7.6,8.916666666633335,535.0,
6055,3,H8,Anada,8,Les Corts - Vallespir,1577,11:13:31,13.52,5.900000000066667,354.0,
6414,3,H8,Anada,8,Les Corts - Vallespir,1577,11:23:04,23.07,9.549999999966667,573.0,
6415,3,H8,Anada,8,Les Corts - Vallespir,1577,11:33:49,33.82,10.766666666633334,646.0,
1547,3,H8,Anada,8,Les Corts - Vallespir,1577,11:43:09,43.15,9.316666666733333,559.0,
2671,3,H8,Anada,8,Les Corts - Vallespir,1577,11:49:58,49.97,6.833333333283333,410.0,
6217,4,H8,Anada,8,Les Corts - Vallespir,1577,11:59:06,59.1,9.116666666683333,547.0,
6026,4,H8,Anada,8,Les Corts - Vallespir,1577,12:12:21,12.35,13.266666666633334,796.0,
6401,3,H8,Anada,8,Les Corts - Vallespir,1577,12:17:56,17.93,5.566666666733334,334.0,
6402,4,H8,Anada,8,Les Corts - Vallespir,1577,12:26:34,26.57,8.633333333333333,518.0,
6808,3,H8,Anada,8,Les Corts - Vallespir,1577,12:33:51,33.85,7.299999999933333,438.0,
6037,4,H8,Anada,8,Les Corts - Vallespir,1577,12:43:34,43.57,9.716666666666667,583.0,
6047,4,H8,Anada,8,Les Corts - Vallespir,1577,12:48:53,48.88,5.300000000033333,318.0,"5,6,23,35"
6406,4,H8,Anada,8,Les Corts - Vallespir,1577,12:58:24,58.4,9.516666666699999,571.0,
6215,3,H8,Anada,8,Les Corts - Vallespir,1577,13:05:23,5.38,6.983333333333333,419.0,
6408,4,H8,Anada,8,Les Corts - Vallespir,1577,13:13:27,13.45,8.06666666665,484.0,"10,11,12,13,14,15,16,17,18,19,20,21,22,23,24,25,26,27,28,29,30,31,32,33,34,35,36,37,38,39"
6407,4,H8,Anada,8,Les Corts - Vallespir,1577,13:22:11,22.18,8.316666666666666,499.0,
6079,3,H8,Anada,8,Les Corts - Vallespir,1577,13:30:53,30.88,8.7,522.0,
6024,4,H8,Anada,8,Les Corts - Vallespir,1577,13:38:34,38.57,7.683333333316667,461.0,19
6056,5,H8,Anada,8,Les Corts - Vallespir,1577,13:45:14,45.23,6.65000000005,399.0,
6411,4,H8,Anada,8,Les Corts - Vallespir,1577,13:54:38,54.63,9.400000000033334,564.0,
6211,3,H8,Anada,8,Les Corts - Vallespir,1577,14:02:22,2.37,7.749999999933333,465.0,
6059,4,H8,Anada,8,Les Corts - Vallespir,1577,14:03:54,3.9,1.5333333333333334,92.0,
6055,4,H8,Anada,8,Les Corts - Vallespir,1577,14:11:33,11.55,7.65,459.0,
6030,1,H8,Anada,8,Les Corts - Vallespir,1577,14:16:32,16.53,4.983333333316667,299.0,"1,2"
6414,4,H8,Anada,8,Les Corts - Vallespir,1577,14:24:39,24.65,8.10000000005,486.0,
6415,4,H8,Anada,8,Les Corts - Vallespir,1577,14:32:50,32.83,8.183333333366667,491.0,19
1547,4,H8,Anada,8,Les Corts - Vallespir,1577,14:45:04,45.07,12.249999999933333,735.0,
2671,4,H8,Anada,8,Les Corts - Vallespir,1577,14:49:55,49.92,4.833333333400001,290.0,5
6217,5,H8,Anada,8,Les Corts - Vallespir,1577,14:59:22,59.37,9.45,567.0,
6026,5,H8,Anada,8,Les Corts - Vallespir,1577,15:07:14,7.23,7.866666666666666,472.0,
6409,1,H8,Anada,8,Les Corts - Vallespir,1577,15:12:36,12.6,5.383333333266666,323.0,
6401,4,H8,Anada,8,Les Corts - Vallespir,1577,15:23:06,23.1,10.483333333366666,629.0,
6402,5,H8,Anada,8,Les Corts - Vallespir,1577,15:32:46,32.77,9.666666666666666,580.0,"1,2"
6808,4,H8,Anada,8,Les Corts - Vallespir,1577,15:35:47,35.78,3.0166666666666666,181.0,
6037,5,H8,Anada,8,Les Corts - Vallespir,1577,15:43:31,43.52,7.749999999966667,465.0,
6047,5,H8,Anada,8,Les Corts - Vallespir,1577,15:52:51,52.85,9.3166666667,559.0,
6406,5,H8,Anada,8,Les Corts - Vallespir,1577,16:01:56,1.93,9.099999999966666,546.0,
6215,4,H8,Anada,8,Les Corts - Vallespir,1577,16:10:44,10.73,8.8,528.0,
6121,3,H8,Anada,8,Les Corts - Vallespir,1577,16:16:40,16.67,5.933333333333334,356.0,
6407,5,H8,Anada,8,Les Corts - Vallespir,1577,16:25:30,25.5,8.8166666667,529.0,
6079,4,H8,Anada,8,Les Corts - Vallespir,1577,16:32:28,32.47,6.966666666666667,418.0,
6024,5,H8,Anada,8,Les Corts - Vallespir,1577,16:40:43,40.72,8.25,495.0,
6056,6,H8,Anada,8,Les Corts - Vallespir,1577,16:47:30,47.5,6.783333333333333,407.0,
6411,5,H8,Anada,8,Les Corts - Vallespir,1577,16:56:42,56.7,9.216666666633333,553.0,
6059,5,H8,Anada,8,Les Corts - Vallespir,1577,17:03:47,3.78,7.083333333333333,425.0,
6055,5,H8,Anada,8,Les Corts - Vallespir,1577,17:09:44,9.73,5.933333333366666,356.0,
6030,2,H8,Anada,8,Les Corts - Vallespir,1577,17:19:22,19.37,9.649999999966667,579.0,
6414,5,H8,Anada,8,Les Corts - Vallespir,1577,17:26:27,26.45,7.066666666733334,424.0,
6415,5,H8,Anada,8,Les Corts - Vallespir,1577,17:34:56,34.93,8.483333333300001,509.0,
1547,5,H8,Anada,8,Les Corts - Vallespir,1577,17:38:24,38.4,3.4833333333,209.0,
2671,5,H8,Anada,8,Les Corts - Vallespir,1577,17:48:24,48.4,9.983333333366666,599.0,
6217,6,H8,Anada,8,Les Corts - Vallespir,1577,17:57:01,57.02,8.6166666667,517.0,
6026,6,H8,Anada,8,Les Corts - Vallespir,1577,18:06:11,6.18,9.166666666666666,550.0,
6409,2,H8,Anada,8,Les Corts - Vallespir,1577,18:13:54,13.9,7.71666666665,463.0,
6401,5,H8,Anada,8,Les Corts - Vallespir,1577,18:20:42,20.7,6.816666666616666,409.0,
6402,6,H8,Anada,8,Les Corts - Vallespir,1577,18:26:12,26.2,5.499999999983333,330.0,
6037,6,H8,Anada,8,Les Corts - Vallespir,1577,18:40:45,40.75,14.550000000016666,873.0,
6406,6,H8,Anada,8,Les Corts - Vallespir,1577,18:57:06,57.1,16.35,981.0,
6121,4,H8,Anada,8,Les Corts - Vallespir,1577,19:09:40,9.67,12.566666666666666,754.0,
6407,6,H8,Anada,8,Les Corts - Vallespir,1577,19:19:07,19.12,9.433333333366667,566.0,"9,19"
6024,6,H8,Anada,8,Les Corts - Vallespir,1577,19:31:49,31.82,12.716666666633333,763.0,
6056,7,H8,Anada,8,Les Corts - Vallespir,1577,19:35:12,35.2,3.3833333333333333,203.0,
6411,6,H8,Anada,8,Les Corts - Vallespir,1577,19:44:49,44.82,9.600000000066666,576.0,
6030,3,H8,Anada,8,Les Corts - Vallespir,1577,19:55:48,55.8,10.983333333333333,659.0,
6414,6,H8,Anada,8,Les Corts - Vallespir,1577,20:07:47,7.78,11.999999999933333,720.0,
6415,6,H8,Anada,8,Les Corts - Vallespir,1577,20:21:50,21.83,14.0333333334,842.0,
6026,7,H8,Anada,8,Les Corts - Vallespir,1577,20:40:13,40.22,18.383333333333333,1103.0,"9,10,11"
6409,3,H8,Anada,8,Les Corts - Vallespir,1577,20:54:09,54.15,13.9333333333,836.0,"13,29"
6402,7,H8,Anada,8,Les Corts - Vallespir,1577,21:02:37,2.62,8.483333333300001,509.0,
6063,2,H8,Anada,8,Les Corts - Vallespir,1577,21:20:18,20.3,17.6666666667,1060.0,23
6047,7,H8,Anada,8,Les Corts - Vallespir,1577,21:21:49,21.82,1.5333333333,92.0,27
6408,6,H8,Anada,8,Les Corts - Vallespir,1577,21:35:55,35.92,14.083333333399999,845.0,33
6402,1,H8,Anada,9,Numància - Parc Les Corts,990,03:47:16,47.27,,,1
6037,1,H8,Anada,9,Numància - Parc Les Corts,990,03:58:24,58.4,11.1166666667,667.0,"1,2,3,32,33"
6406,1,H8,Anada,9,Numància - Parc Les Corts,990,04:08:23,8.38,9.983333333333333,599.0,
6046,1,H8,Anada,9,Numància - Parc Les Corts,990,04:19:03,19.05,10.666666666666666,640.0,"30,31"
6408,1,H8,Anada,9,Numància - Parc Les Corts,990,04:25:54,25.9,6.85,411.0,
6407,1,H8,Anada,9,Numància - Parc Les Corts,990,04:35:23,35.38,9.483333333333333,569.0,
6024,1,H8,Anada,9,Numància - Parc Les Corts,990,04:43:20,43.33,7.95,477.0,
6056,1,H8,Anada,9,Numància - Parc Les Corts,990,04:55:41,55.68,12.350000000033333,741.0,"1,2,3"
6411,1,H8,Anada,9,Numància - Parc Les Corts,990,05:02:06,2.1,6.416666666666667,385.0,
6055,1,H8,Anada,9,Numància - Parc Les Corts,990,05:10:16,10.27,8.183333333266667,491.0,1
TEMP_BonPastor_990,1,H8,Anada,9,Numància - Parc Les Corts,990,05:22:02,22.03,11.766666666666667,706.0,"1,2,3,4,5,6,7,8,10,11,12,13,14,15,16,17,18,19,20,21,22,23,24,25,26,27,28,29,30,31,32,33,34,35,36,37,38,39"
6415,1,H8,Anada,9,Numància - Parc Les Corts,990,05:40:31,40.52,17.683333333333334,1061.0,
1547,1,H8,Anada,9,Numància - Parc Les Corts,990,05:46:40,46.67,6.150000000016666,369.0,
2671,1,H8,Anada,9,Numància - Parc Les Corts,990,05:56:38,56.63,9.950000000016667,597.0,
6217,2,H8,Anada,9,Numància - Parc Les Corts,990,06:04:36,4.6,7.9833333333,479.0,
6026,2,H8,Anada,9,Numància - Parc Les Corts,990,06:13:53,13.88,9.283333333333333,557.0,
6401,1,H8,Anada,9,Numància - Parc Les Corts,990,06:20:51,20.85,6.950000000066667,417.0,
6402,2,H8,Anada,9,Numància - Parc Les Corts,990,06:30:33,30.55,9.7166666666,583.0,
6808,1,H8,Anada,9,Numància - Parc Les Corts,990,06:39:57,39.95,9.4,564.0,
6037,2,H8,Anada,9,Numància - Parc Les Corts,990,06:46:29,46.48,6.533333333333333,392.0,
6047,2,H8,Anada,9,Numància - Parc Les Corts,990,06:57:47,57.78,11.2833333334,677.0,
6406,2,H8,Anada,9,Numància - Parc Les Corts,990,07:02:45,2.75,4.966666666666667,298.0,
6215,1,H8,Anada,9,Numància - Parc Les Corts,990,07:09:20,9.33,6.583333333333333,395.0,
6408,2,H8,Anada,9,Numància - Parc Les Corts,990,07:17:40,17.67,8.3333333333,500.0,
6046,2,H8,Anada,9,Numància - Parc Les Corts,990,07:24:15,24.25,6.583333333333333,395.0,"7,21"
6407,2,H8,Anada,9,Numància - Parc Les Corts,990,07:33:58,33.97,9.733333333300001,584.0,
6079,1,H8,Anada,9,Numància - Parc Les Corts,990,07:37:18,37.3,3.3166666667,199.0,1
6024,2,H8,Anada,9,Numància - Parc Les Corts,990,07:48:21,48.35,11.05,663.0,
6056,3,H8,Anada,9,Numància - Parc Les Corts,990,07:56:49,56.82,8.483333333300001,509.0,"4,18"
6411,2,H8,Anada,9,Numància - Parc Les Corts,990,08:03:16,3.27,6.45,387.0,
6055,2,H8,Anada,9,Numància - Parc Les Corts,990,08:14:41,14.68,11.400000000033334,684.0,1
6414,2,H8,Anada,9,Numància - Parc Les Corts,990,08:30:40,30.67,15.983333333366666,959.0,36
6415,2,H8,Anada,9,Numància - Parc Les Corts,990,08:37:09,37.15,6.483333333333333,389.0,
1547,2,H8,Anada,9,Numància - Parc Les Corts,990,08:46:30,46.5,9.3666666666,562.0,
2671,2,H8,Anada,9,Numància - Parc Les Corts,990,08:56:10,56.17,9.650000000066665,579.0,
6217,3,H8,Anada,9,Numància - Parc Les Corts,990,09:02:28,2.47,6.3166666666,379.0,1
6026,3,H8,Anada,9,Numància - Parc Les Corts,990,09:11:37,11.62,9.1333333334,548.0,1
6401,2,H8,Anada,9,Numància - Parc Les Corts,990,09:21:42,21.7,10.099999999933335,606.0,19
6402,3,H8,Anada,9,Numància - Parc Les Corts,990,09:31:47,31.78,10.0666666667,604.0,
6808,2,H8,Anada,9,Numància - Parc Les Corts,990,09:38:58,38.97,7.183333333333334,431.0,
6037,3,H8,Anada,9,Numància - Parc Les Corts,990,09:46:18,46.3,7.333333333366666,440.0,
6047,3,H8,Anada,9,Numància - Parc Les Corts,990,09:52:23,52.38,6.083333333333333,365.0,37
6406,3,H8,Anada,9,Numància - Parc Les Corts,990,10:07:52,7.87,15.483333333333333,929.0,
6215,2,H8,Anada,9,Numància - Parc Les Corts,990,10:14:04,14.07,6.2166666666,373.0,
6407,3,H8,Anada,9,Numància - Parc Les Corts,990,10:25:26,25.43,11.350000000066666,681.0,1
6079,2,H8,Anada,9,Numància - Parc Les Corts,990,10:33:48,33.8,8.383333333266666,503.0,15
6024,3,H8,Anada,9,Numància - Parc Les Corts,990,10:44:38,44.63,10.8166666667,649.0,
6056,4,H8,Anada,9,Numància - Parc Les Corts,990,10:55:46,55.77,11.149999999966667,669.0,
6411,3,H8,Anada,9,Numància - Parc Les Corts,990,11:01:04,1.07,5.2833333333666666,317.0,
6059,3,H8,Anada,9,Numància - Parc Les Corts,990,11:11:23,11.38,10.316666666666666,619.0,
6055,3,H8,Anada,9,Numància - Parc Les Corts,990,11:16:45,16.75,5.3666666667,322.0,
6414,3,H8,Anada,9,Numància - Parc Les Corts,990,11:24:35,24.58,7.833333333300001,470.0,
6415,3,H8,Anada,9,Numància - Parc Les Corts,990,11:35:40,35.67,11.083333333366665,665.0,
1547,3,H8,Anada,9,Numància - Parc Les Corts,990,11:44:52,44.87,9.216666666616668,553.0,
2671,3,H8,Anada,9,Numància - Parc Les Corts,990,11:51:36,51.6,6.716666666716667,403.0,
6217,4,H8,Anada,9,Numància - Parc Les Corts,990,12:01:36,1.6,10.0166666666,601.0,
6026,4,H8,Anada,9,Numància - Parc Les Corts,990,12:13:55,13.92,12.316666666666666,739.0,
6401,3,H8,Anada,9,Numància - Parc Les Corts,990,12:20:21,20.35,6.416666666733334,385.0,
6402,4,H8,Anada,9,Numància - Parc Les Corts,990,12:28:49,28.82,8.466666666633333,508.0,
6808,3,H8,Anada,9,Numància - Parc Les Corts,990,12:36:41,36.68,7.866666666683333,472.0,
6037,4,H8,Anada,9,Numància - Parc Les Corts,990,12:46:02,46.03,9.350000000016667,561.0,
6047,4,H8,Anada,9,Numància - Parc Les Corts,990,12:51:38,51.63,5.599999999966667,336.0,"5,6,23,35"
6406,4,H8,Anada,9,Numància - Parc Les Corts,990,13:00:35,0.58,8.95,537.0,
6215,3,H8,Anada,9,Numància - Parc Les Corts,990,13:06:48,6.8,6.216666666699999,373.0,
6408,4,H8,Anada,9,Numància - Parc Les Corts,990,13:15:23,15.38,8.5833333333,515.0,"10,11,12,13,14,15,16,17,18,19,20,21,22,23,24,25,26,27,28,29,30,31,32,33,34,35,36,37,38,39"
6121,2,H8,Anada,9,Numància - Parc Les Corts,990,13:17:30,17.5,2.1166666666666667,127.0,
6407,4,H8,Anada,9,Numància - Parc Les Corts,990,13:24:14,24.23,6.749999999966667,405.0,
6079,3,H8,Anada,9,Numància - Parc Les Corts,990,13:32:28,32.47,8.2166666667,493.0,
6024,4,H8,Anada,9,Numància - Parc Les Corts,990,13:40:39,40.65,8.199999999966668,492.0,19
6056,5,H8,Anada,9,Numància - Parc Les Corts,990,13:48:27,48.45,7.8,468.0,
6411,4,H8,Anada,9,Numància - Parc Les Corts,990,13:56:24,56.4,7.933333333366666,476.0,
6211,3,H8,Anada,9,Numància - Parc Les Corts,990,14:06:12,6.2,9.816666666633333,589.0,
6055,4,H8,Anada,9,Numància - Parc Les Corts,990,14:14:14,14.23,8.0,480.0,
6030,1,H8,Anada,9,Numància - Parc Les Corts,990,14:18:53,18.88,4.666666666633334,280.0,"1,2"
6414,4,H8,Anada,9,Numància - Parc Les Corts,990,14:28:46,28.77,9.883333333333333,593.0,
6415,4,H8,Anada,9,Numància - Parc Les Corts,990,14:34:49,34.82,6.0333333333666666,362.0,19
1547,4,H8,Anada,9,Numància - Parc Les Corts,990,14:46:11,46.18,11.3833333333,683.0,
2671,4,H8,Anada,9,Numància - Parc Les Corts,990,14:52:27,52.45,6.250000000066667,375.0,5
6217,5,H8,Anada,9,Numància - Parc Les Corts,990,15:02:49,2.82,10.366666666666667,622.0,
6026,5,H8,Anada,9,Numància - Parc Les Corts,990,15:10:44,10.73,7.916666666633334,475.0,
6409,1,H8,Anada,9,Numància - Parc Les Corts,990,15:16:42,16.7,5.9833333333,359.0,
6401,4,H8,Anada,9,Numància - Parc Les Corts,990,15:25:55,25.92,9.216666666666667,553.0,
6402,5,H8,Anada,9,Numància - Parc Les Corts,990,15:34:36,34.6,8.683333333333334,521.0,"1,2"
6808,4,H8,Anada,9,Numància - Parc Les Corts,990,15:38:40,38.67,4.050000000033333,243.0,
6037,5,H8,Anada,9,Numància - Parc Les Corts,990,15:45:03,45.05,6.383333333366666,383.0,
6047,5,H8,Anada,9,Numància - Parc Les Corts,990,15:55:13,55.22,10.166666666633335,610.0,
6406,5,H8,Anada,9,Numància - Parc Les Corts,990,16:05:19,5.32,10.100000000033333,606.0,
6215,4,H8,Anada,9,Numància - Parc Les Corts,990,16:13:13,13.22,7.899999999966667,474.0,
6121,3,H8,Anada,9,Numància - Parc Les Corts,990,16:19:02,19.03,5.816666666666666,349.0,
6407,5,H8,Anada,9,Numància - Parc Les Corts,990,16:27:26,27.43,8.033333333366667,482.0,
6079,4,H8,Anada,9,Numància - Parc Les Corts,990,16:35:18,35.3,7.883333333266666,473.0,
6024,5,H8,Anada,9,Numància - Parc Les Corts,990,16:43:31,43.52,8.200000000066668,492.0,
6056,6,H8,Anada,9,Numància - Parc Les Corts,990,16:50:47,50.78,7.2833333332666665,437.0,
6411,5,H8,Anada,9,Numància - Parc Les Corts,990,16:58:36,58.6,7.800000000033333,468.0,
6059,5,H8,Anada,9,Numància - Parc Les Corts,990,17:05:44,5.73,7.133333333333334,428.0,
6055,5,H8,Anada,9,Numància - Parc Les Corts,990,17:13:20,13.33,7.600000000033333,456.0,
6030,2,H8,Anada,9,Numància - Parc Les Corts,990,17:22:38,22.63,9.299999999966667,558.0,
6414,5,H8,Anada,9,Numància - Parc Les Corts,990,17:28:31,28.52,5.883333333333334,353.0,
6415,5,H8,Anada,9,Numància - Parc Les Corts,990,17:37:24,37.4,8.899999999966667,534.0,
1547,5,H8,Anada,9,Numància - Parc Les Corts,990,17:40:49,40.82,3.4166666666666665,205.0,
2671,5,H8,Anada,9,Numància - Parc Les Corts,990,17:51:39,51.65,10.8166666667,649.0,
6217,6,H8,Anada,9,Numància - Parc Les Corts,990,17:58:57,58.95,7.300000000033333,438.0,
6026,6,H8,Anada,9,Numància - Parc Les Corts,990,18:09:41,9.68,10.749999999933333,645.0,
6409,2,H8,Anada,9,Numància - Parc Les Corts,990,18:15:41,15.68,5.983333333366667,359.0,
6401,5,H8,Anada,9,Numància - Parc Les Corts,990,18:23:48,23.8,8.116666666666667,487.0,
6402,6,H8,Anada,9,Numància - Parc Les Corts,990,18:28:14,28.23,4.433333333366666,266.0,
6037,6,H8,Anada,9,Numància - Parc Les Corts,990,18:43:14,43.23,15.0,900.0,
6406,6,H8,Anada,9,Numància - Parc Les Corts,990,18:59:16,59.27,16.033333333333335,962.0,
6121,4,H8,Anada,9,Numància - Parc Les Corts,990,19:11:54,11.9,12.649999999933334,759.0,
6024,6,H8,Anada,9,Numància - Parc Les Corts,990,19:33:45,33.75,21.85,1311.0,
6056,7,H8,Anada,9,Numància - Parc Les Corts,990,19:36:56,36.93,3.166666666733333,190.0,
6411,6,H8,Anada,9,Numància - Parc Les Corts,990,19:46:42,46.7,9.766666666666667,586.0,
6030,3,H8,Anada,9,Numància - Parc Les Corts,990,19:58:00,58.0,11.299999999966667,678.0,
6414,6,H8,Anada,9,Numància - Parc Les Corts,990,20:10:48,10.8,12.800000000033332,768.0,
6415,6,H8,Anada,9,Numància - Parc Les Corts,990,20:23:52,23.87,13.083333333250001,785.0,
6402,7,H8,Anada,9,Numància - Parc Les Corts,990,21:03:35,3.58,7.033333333300001,422.0,
6063,2,H8,Anada,9,Numància - Parc Les Corts,990,21:23:17,23.28,19.7,1182.0,23
6408,6,H8,Anada,9,Numància - Parc Les Corts,990,21:37:24,37.4,13.766666666733332,826.0,33
6121,5,H8,Anada,9,Numància - Parc Les Corts,990,21:38:26,38.43,1.0333333333,62.0,34
6402,1,H8,Anada,10,Numància - Marquès de Sentmenat,109,03:49:06,49.1,,,1
6037,1,H8,Anada,10,Numància - Marquès de Sentmenat,109,03:58:48,58.8,9.683333333399998,581.0,"1,2,3,32,33"
6406,1,H8,Anada,10,Numància - Marquès de Sentmenat,109,04:10:33,10.55,11.7666666666,706.0,
6046,1,H8,Anada,10,Numància - Marquès de Sentmenat,109,04:20:05,20.08,9.533333333333333,572.0,"30,31"
6408,1,H8,Anada,10,Numància - Marquès de Sentmenat,109,04:26:58,26.97,6.866666666733334,412.0,
6407,1,H8,Anada,10,Numància - Marquès de Sentmenat,109,04:36:34,36.57,9.599999999966666,576.0,
6024,1,H8,Anada,10,Numància - Marquès de Sentmenat,109,04:44:36,44.6,8.033333333366667,482.0,
6056,1,H8,Anada,10,Numància - Marquès de Sentmenat,109,04:56:44,56.73,12.1333333333,728.0,"1,2,3"
6411,1,H8,Anada,10,Numància - Marquès de Sentmenat,109,05:03:09,3.15,6.4333333333,386.0,
6055,1,H8,Anada,10,Numància - Marquès de Sentmenat,109,05:11:42,11.7,8.55,513.0,1
TEMP_BonPastor_109,1,H8,Anada,10,Numància - Marquès de Sentmenat,109,05:23:08,23.13,11.416666666733333,685.0,"1,2,3,4,5,6,7,8,9,11,12,13,14,15,16,17,18,19,20,21,22,23,24,25,26,27,28,29,30,31,32,33,34,35,36,37,38,39"
6414,1,H8,Anada,10,Numància - Marquès de Sentmenat,109,05:24:39,24.65,1.5333333332666668,92.0,
6059,1,H8,Anada,10,Numància - Marquès de Sentmenat,109,05:27:43,27.72,3.0500000000333336,183.0,"1,9"
6415,1,H8,Anada,10,Numància - Marquès de Sentmenat,109,05:41:41,41.68,13.983333333300001,839.0,
1547,1,H8,Anada,10,Numància - Marquès de Sentmenat,109,05:49:39,49.65,7.966666666666667,478.0,
2671,1,H8,Anada,10,Numància - Marquès de Sentmenat,109,05:59:18,59.3,9.6333333334,578.0,
6217,2,H8,Anada,10,Numància - Marquès de Sentmenat,109,06:06:12,6.2,6.9,414.0,
6026,2,H8,Anada,10,Numància - Marquès de Sentmenat,109,06:15:12,15.2,9.0,540.0,
6401,1,H8,Anada,10,Numància - Marquès de Sentmenat,109,06:23:09,23.15,7.949999999966667,477.0,
6402,2,H8,Anada,10,Numància - Marquès de Sentmenat,109,06:31:18,31.3,8.166666666633335,490.0,
6808,1,H8,Anada,10,Numància - Marquès de Sentmenat,109,06:41:19,41.32,10.016666666666667,601.0,
6037,2,H8,Anada,10,Numància - Marquès de Sentmenat,109,06:47:37,47.62,6.2833333334,377.0,
6047,2,H8,Anada,10,Numància - Marquès de Sentmenat,109,06:59:27,59.45,11.849999999933335,711.0,
6406,2,H8,Anada,10,Numància - Marquès de Sentmenat,109,07:03:42,3.7,4.25,255.0,
6215,1,H8,Anada,10,Numància - Marquès de Sentmenat,109,07:11:43,11.72,8.000000000066667,480.0,
6408,2,H8,Anada,10,Numància - Marquès de Sentmenat,109,07:19:34,19.57,7.8666666666,472.0,
6046,2,H8,Anada,10,Numància - Marquès de Sentmenat,109,07:25:41,25.68,6.116666666666666,367.0,"7,21"
6407,2,H8,Anada,10,Numància - Marquès de Sentmenat,109,07:35:19,35.32,9.633333333316667,578.0,
6079,1,H8,Anada,10,Numància - Marquès de Sentmenat,109,07:38:24,38.4,3.0666666667166664,184.0,1
6024,2,H8,Anada,10,Numància - Marquès de Sentmenat,109,07:49:31,49.52,11.1333333333,668.0,
6056,3,H8,Anada,10,Numància - Marquès de Sentmenat,109,07:57:50,57.83,8.300000000033332,498.0,"4,18"
6411,2,H8,Anada,10,Numància - Marquès de Sentmenat,109,08:05:03,5.05,7.216666666666667,433.0,
6055,2,H8,Anada,10,Numància - Marquès de Sentmenat,109,08:16:58,16.97,11.9333333333,716.0,1
6211,1,H8,Anada,10,Numància - Marquès de Sentmenat,109,08:19:14,19.23,2.2500000000666662,135.0,"9,11,12,13,14,15,16,17,18,19,20,21,22,23,24,25,26,27,28,29,30,31,32,33,34,35,36,37,38,39"
6414,2,H8,Anada,10,Numància - Marquès de Sentmenat,109,08:33:00,33.0,13.766666666633334,826.0,36
6415,2,H8,Anada,10,Numància - Marquès de Sentmenat,109,08:39:05,39.08,6.083333333333333,365.0,
1547,2,H8,Anada,10,Numància - Marquès de Sentmenat,109,08:47:31,47.52,8.433333333333334,506.0,
2671,2,H8,Anada,10,Numància - Marquès de Sentmenat,109,08:57:11,57.18,9.6833333333,581.0,
6217,3,H8,Anada,10,Numància - Marquès de Sentmenat,109,09:03:25,3.42,6.233333333333333,374.0,1
6026,3,H8,Anada,10,Numància - Marquès de Sentmenat,109,09:12:57,12.95,9.533333333333333,572.0,1
6401,2,H8,Anada,10,Numància - Marquès de Sentmenat,109,09:23:05,23.08,10.116666666733332,607.0,19
6402,3,H8,Anada,10,Numància - Marquès de Sentmenat,109,09:32:56,32.93,9.849999999966666,591.0,
6808,2,H8,Anada,10,Numància - Marquès de Sentmenat,109,09:39:17,39.28,6.350000000033333,381.0,
6037,3,H8,Anada,10,Numància - Marquès de Sentmenat,109,09:46:50,46.83,7.5666666666,454.0,
6047,3,H8,Anada,10,Numància - Marquès de Sentmenat,109,09:54:39,54.65,7.8000000000666665,468.0,37
6406,3,H8,Anada,10,Numància - Marquès de Sentmenat,109,10:09:09,9.15,14.5,870.0,
6215,2,H8,Anada,10,Numància - Marquès de Sentmenat,109,10:17:05,17.08,7.9499999999333335,477.0,
6407,3,H8,Anada,10,Numància - Marquès de Sentmenat,109,10:26:57,26.95,9.866666666666667,592.0,1
6079,2,H8,Anada,10,Numància - Marquès de Sentmenat,109,10:35:09,35.15,8.1833333334,491.0,15
6024,3,H8,Anada,10,Numància - Marquès de Sentmenat,109,10:45:00,45.0,9.85,591.0,
6056,4,H8,Anada,10,Numància - Marquès de Sentmenat,109,10:57:29,57.48,12.499999999933333,750.0,
6411,3,H8,Anada,10,Numància - Marquès de Sentmenat,109,11:02:52,2.87,5.3666666667,322.0,
6059,3,H8,Anada,10,Numància - Marquès de Sentmenat,109,11:13:01,13.02,10.150000000033334,609.0,
6055,3,H8,Anada,10,Numància - Marquès de Sentmenat,109,11:17:09,17.15,4.133333333333334,248.0,
6414,3,H8,Anada,10,Numància - Marquès de Sentmenat,109,11:26:28,26.47,9.316666666666666,559.0,
6415,3,H8,Anada,10,Numància - Marquès de Sentmenat,109,11:36:23,36.38,9.933333333283334,596.0,
1547,3,H8,Anada,10,Numància - Marquès de Sentmenat,109,11:47:31,47.52,11.133333333333333,668.0,
2671,3,H8,Anada,10,Numància - Marquès de Sentmenat,109,11:52:36,52.6,5.066666666716667,304.0,
6217,4,H8,Anada,10,Numància - Marquès de Sentmenat,109,12:02:47,2.78,10.183333333333334,611.0,
6026,4,H8,Anada,10,Numància - Marquès de Sentmenat,109,12:16:40,16.67,13.883333333316667,833.0,
6401,3,H8,Anada,10,Numància - Marquès de Sentmenat,109,12:21:14,21.23,4.566666666683333,274.0,
6402,4,H8,Anada,10,Numància - Marquès de Sentmenat,109,12:30:42,30.7,9.466666666666667,568.0,
6808,3,H8,Anada,10,Numància - Marquès de Sentmenat,109,12:36:44,36.73,6.049999999933333,363.0,
6037,4,H8,Anada,10,Numància - Marquès de Sentmenat,109,12:48:36,48.6,11.866666666666667,712.0,
6047,4,H8,Anada,10,Numància - Marquès de Sentmenat,109,12:52:59,52.98,4.3666666667,262.0,"5,6,23,35"
6406,4,H8,Anada,10,Numància - Marquès de Sentmenat,109,13:03:10,3.17,10.183333333366667,611.0,
6215,3,H8,Anada,10,Numància - Marquès de Sentmenat,109,13:07:09,7.15,3.9833333333333334,239.0,
6121,2,H8,Anada,10,Numància - Marquès de Sentmenat,109,13:20:41,20.68,13.54999999995,813.0,
6407,4,H8,Anada,10,Numància - Marquès de Sentmenat,109,13:27:19,27.32,6.616666666716667,397.0,
6079,3,H8,Anada,10,Numància - Marquès de Sentmenat,109,13:34:17,34.28,6.966666666666667,418.0,
6024,4,H8,Anada,10,Numància - Marquès de Sentmenat,109,13:42:02,42.03,7.749999999966667,465.0,19
6056,5,H8,Anada,10,Numància - Marquès de Sentmenat,109,13:48:33,48.55,6.533333333300001,392.0,
6411,4,H8,Anada,10,Numància - Marquès de Sentmenat,109,13:57:32,57.53,8.9666666667,538.0,
6059,4,H8,Anada,10,Numància - Marquès de Sentmenat,109,14:08:30,8.5,10.966666666666667,658.0,
6055,4,H8,Anada,10,Numància - Marquès de Sentmenat,109,14:17:29,17.48,8.750000000033333,525.0,
6030,1,H8,Anada,10,Numància - Marquès de Sentmenat,109,14:20:55,20.92,3.433333333333333,206.0,"1,2"
6414,4,H8,Anada,10,Numància - Marquès de Sentmenat,109,14:29:47,29.78,8.8833333333,533.0,
6415,4,H8,Anada,10,Numància - Marquès de Sentmenat,109,14:37:02,37.03,7.2333333334,434.0,19
1547,4,H8,Anada,10,Numància - Marquès de Sentmenat,109,14:49:02,49.03,12.016666666583335,721.0,
2671,4,H8,Anada,10,Numància - Marquès de Sentmenat,109,14:54:18,54.3,5.250000000083333,315.0,5
6217,5,H8,Anada,10,Numància - Marquès de Sentmenat,109,15:04:53,4.88,10.583333333333334,635.0,
6026,5,H8,Anada,10,Numància - Marquès de Sentmenat,109,15:13:24,13.4,8.533333333266667,512.0,
6409,1,H8,Anada,10,Numància - Marquès de Sentmenat,109,15:17:30,17.5,4.0833333334,245.0,
6401,4,H8,Anada,10,Numància - Marquès de Sentmenat,109,15:27:34,27.57,10.083333333266667,605.0,
6402,5,H8,Anada,10,Numància - Marquès de Sentmenat,109,15:37:25,37.42,9.85,591.0,"1,2"
6808,4,H8,Anada,10,Numància - Marquès de Sentmenat,109,15:39:11,39.18,1.7500000000666667,105.0,
6037,5,H8,Anada,10,Numància - Marquès de Sentmenat,109,15:47:29,47.48,8.3,498.0,
6047,5,H8,Anada,10,Numància - Marquès de Sentmenat,109,15:56:42,56.7,9.233333333266668,554.0,
6406,5,H8,Anada,10,Numància - Marquès de Sentmenat,109,16:06:38,6.63,9.9166666667,595.0,
6215,4,H8,Anada,10,Numància - Marquès de Sentmenat,109,16:14:21,14.35,7.716666666666667,463.0,
6408,5,H8,Anada,10,Numància - Marquès de Sentmenat,109,16:20:29,20.48,6.149999999966667,369.0,"1,2,3,4,21,22,23,24,25,26,27,28,29,30,31,32,33,34,35,36,37,38,39"
6407,5,H8,Anada,10,Numància - Marquès de Sentmenat,109,16:29:45,29.75,9.099999999966666,546.0,
6079,4,H8,Anada,10,Numància - Marquès de Sentmenat,109,16:37:49,37.82,8.066666666666666,484.0,
6024,5,H8,Anada,10,Numància - Marquès de Sentmenat,109,16:46:05,46.08,8.250000000066667,495.0,
6056,6,H8,Anada,10,Numància - Marquès de Sentmenat,109,16:52:23,52.38,6.3166666666,379.0,
6411,5,H8,Anada,10,Numància - Marquès de Sentmenat,109,17:00:01,0.02,7.633333333333334,458.0,
6059,5,H8,Anada,10,Numància - Marquès de Sentmenat,109,17:07:12,7.2,7.183333333333334,431.0,
6055,5,H8,Anada,10,Numància - Marquès de Sentmenat,109,17:13:51,13.85,6.65,399.0,
6030,2,H8,Anada,10,Numància - Marquès de Sentmenat,109,17:24:23,24.38,10.516666666699999,631.0,
6414,5,H8,Anada,10,Numància - Marquès de Sentmenat,109,17:30:38,30.63,6.250000000033333,375.0,
6415,5,H8,Anada,10,Numància - Marquès de Sentmenat,109,17:38:12,38.2,7.583333333266666,455.0,
1547,5,H8,Anada,10,Numància - Marquès de Sentmenat,109,17:42:03,42.05,3.833333333366667,230.0,
2671,5,H8,Anada,10,Numància - Marquès de Sentmenat,109,17:52:13,52.22,10.1833333333,611.0,
6217,6,H8,Anada,10,Numància - Marquès de Sentmenat,109,18:00:15,0.25,8.016666666733334,481.0,
6026,6,H8,Anada,10,Numància - Marquès de Sentmenat,109,18:11:42,11.7,11.449999999966668,687.0,
6409,2,H8,Anada,10,Numància - Marquès de Sentmenat,109,18:17:22,17.37,5.666666666699999,340.0,
6401,5,H8,Anada,10,Numància - Marquès de Sentmenat,109,18:24:48,24.8,7.433333333333334,446.0,
6402,6,H8,Anada,10,Numància - Marquès de Sentmenat,109,18:29:45,29.75,4.95,297.0,
6037,6,H8,Anada,10,Numància - Marquès de Sentmenat,109,18:46:11,46.18,16.433333333316668,986.0,
6406,6,H8,Anada,10,Numància - Marquès de Sentmenat,109,19:01:51,1.85,15.666666666683334,940.0,
6121,4,H8,Anada,10,Numància - Marquès de Sentmenat,109,19:13:23,13.38,11.533333333333333,692.0,
6407,6,H8,Anada,10,Numància - Marquès de Sentmenat,109,19:21:11,21.18,7.8,468.0,"9,19"
6024,6,H8,Anada,10,Numància - Marquès de Sentmenat,109,19:35:09,35.15,13.983333333266668,839.0,
6056,7,H8,Anada,10,Numància - Marquès de Sentmenat,109,19:39:23,39.38,4.2166666667333335,253.0,
6411,6,H8,Anada,10,Numància - Marquès de Sentmenat,109,19:47:13,47.22,7.849999999916666,471.0,
6030,3,H8,Anada,10,Numància - Marquès de Sentmenat,109,19:59:08,59.13,11.90000000005,714.0,
6414,6,H8,Anada,10,Numància - Marquès de Sentmenat,109,20:11:41,11.68,12.550000000033332,753.0,
6415,6,H8,Anada,10,Numància - Marquès de Sentmenat,109,20:24:42,24.7,13.016666666633334,781.0,
6402,7,H8,Anada,10,Numància - Marquès de Sentmenat,109,21:03:43,3.72,6.449999999966667,387.0,
6063,2,H8,Anada,10,Numància - Marquès de Sentmenat,109,21:24:14,24.23,20.516666666666666,1231.0,23
6408,6,H8,Anada,10,Numància - Marquès de Sentmenat,109,21:38:15,38.25,13.749999999933333,825.0,33
6402,1,H8,Anada,11,Berlín - Nicaragua,396,03:51:24,51.4,,,1
6037,1,H8,Anada,11,Berlín - Nicaragua,396,03:59:50,59.83,8.433333333333334,506.0,"1,2,3,32,33"
6406,1,H8,Anada,11,Berlín - Nicaragua,396,04:11:50,11.83,12.000000000033333,720.0,
6046,1,H8,Anada,11,Berlín - Nicaragua,396,04:22:18,22.3,10.483333333283333,629.0,"30,31"
6408,1,H8,Anada,11,Berlín - Nicaragua,396,04:28:01,28.02,5.71666666665,343.0,
6407,1,H8,Anada,11,Berlín - Nicaragua,396,04:38:02,38.03,10.000000000033333,600.0,
6024,1,H8,Anada,11,Berlín - Nicaragua,396,04:46:14,46.23,8.200000000033333,492.0,
6056,1,H8,Anada,11,Berlín - Nicaragua,396,04:59:42,59.7,13.466666666666667,808.0,"1,2,3"
6411,1,H8,Anada,11,Berlín - Nicaragua,396,05:04:42,4.7,4.999999999966667,300.0,
6055,1,H8,Anada,11,Berlín - Nicaragua,396,05:14:07,14.12,9.416666666666666,565.0,1
TEMP_BonPastor_396,1,H8,Anada,11,Berlín - Nicaragua,396,05:25:47,25.78,11.6833333333,701.0,"1,2,3,4,5,6,7,8,9,10,12,13,14,15,16,17,18,19,20,21,22,23,24,25,26,27,28,29,30,31,32,33,34,35,36,37,38,39"
6414,1,H8,Anada,11,Berlín - Nicaragua,396,05:27:44,27.73,1.95,117.0,
6059,1,H8,Anada,11,Berlín - Nicaragua,396,05:29:41,29.68,1.9333333334,116.0,"1,9"
6415,1,H8,Anada,11,Berlín - Nicaragua,396,05:44:15,44.25,14.583333333266667,875.0,
1547,1,H8,Anada,11,Berlín - Nicaragua,396,05:52:12,52.2,7.9333333334,476.0,
2671,1,H8,Anada,11,Berlín - Nicaragua,396,06:02:02,2.03,9.8333333333,590.0,
6217,2,H8,Anada,11,Berlín - Nicaragua,396,06:08:11,8.18,6.15,369.0,
6026,2,H8,Anada,11,Berlín - Nicaragua,396,06:17:57,17.95,9.7833333333,587.0,
6401,1,H8,Anada,11,Berlín - Nicaragua,396,06:26:05,26.08,8.133333333333333,488.0,
6402,2,H8,Anada,11,Berlín - Nicaragua,396,06:34:27,34.45,8.366666666666667,502.0,
6808,1,H8,Anada,11,Berlín - Nicaragua,396,06:45:04,45.07,10.600000000033333,636.0,
6037,2,H8,Anada,11,Berlín - Nicaragua,396,06:50:07,50.12,5.050000000033333,303.0,
6047,2,H8,Anada,11,Berlín - Nicaragua,396,07:02:48,2.8,12.683333333333334,761.0,
6406,2,H8,Anada,11,Berlín - Nicaragua,396,07:05:42,5.7,2.9,174.0,
6215,1,H8,Anada,11,Berlín - Nicaragua,396,07:15:31,15.52,9.833333333266667,590.0,
6408,2,H8,Anada,11,Berlín - Nicaragua,396,07:21:52,21.87,6.35,381.0,
6046,2,H8,Anada,11,Berlín - Nicaragua,396,07:29:14,29.23,7.366666666666666,442.0,"7,21"
6407,2,H8,Anada,11,Berlín - Nicaragua,396,07:38:06,38.1,8.850000000033333,531.0,
6079,1,H8,Anada,11,Berlín - Nicaragua,396,07:39:56,39.93,1.8499999999666668,111.0,1
6024,2,H8,Anada,11,Berlín - Nicaragua,396,07:52:33,52.55,12.616666666666667,757.0,
6056,3,H8,Anada,11,Berlín - Nicaragua,396,08:00:23,0.38,7.816666666733334,469.0,"4,18"
6411,2,H8,Anada,11,Berlín - Nicaragua,396,08:08:20,8.33,7.9666666666,478.0,
6055,2,H8,Anada,11,Berlín - Nicaragua,396,08:19:31,19.52,11.1666666667,670.0,1
6414,2,H8,Anada,11,Berlín - Nicaragua,396,08:35:28,35.47,15.950000000033333,957.0,36
6415,2,H8,Anada,11,Berlín - Nicaragua,396,08:41:36,41.6,6.133333333333334,368.0,
1547,2,H8,Anada,11,Berlín - Nicaragua,396,08:50:04,50.07,8.466666666633333,508.0,
2671,2,H8,Anada,11,Berlín - Nicaragua,396,08:59:50,59.83,9.766666666699999,586.0,
6217,3,H8,Anada,11,Berlín - Nicaragua,396,09:07:33,7.55,7.733333333266667,464.0,1
6026,3,H8,Anada,11,Berlín - Nicaragua,396,09:15:21,15.35,7.7833333334,467.0,1
6401,2,H8,Anada,11,Berlín - Nicaragua,396,09:25:21,25.35,9.999999999966667,600.0,19
6402,3,H8,Anada,11,Berlín - Nicaragua,396,09:34:40,34.67,9.316666666666666,559.0,
6808,2,H8,Anada,11,Berlín - Nicaragua,396,09:41:40,41.67,7.000000000033333,420.0,
6037,3,H8,Anada,11,Berlín - Nicaragua,396,09:50:59,50.98,9.316666666633333,559.0,
6047,3,H8,Anada,11,Berlín - Nicaragua,396,09:56:45,56.75,5.7666666667,346.0,37
6406,3,H8,Anada,11,Berlín - Nicaragua,396,10:12:07,12.12,15.366666666666667,922.0,
6215,2,H8,Anada,11,Berlín - Nicaragua,396,10:19:38,19.63,7.516666666633333,451.0,
6407,3,H8,Anada,11,Berlín - Nicaragua,396,10:29:21,29.35,9.716666666666667,583.0,1
6079,2,H8,Anada,11,Berlín - Nicaragua,396,10:38:50,38.83,9.48333333335,569.0,15
6024,3,H8,Anada,11,Berlín - Nicaragua,396,10:46:59,46.98,8.166666666616667,490.0,
6056,4,H8,Anada,11,Berlín - Nicaragua,396,10:59:55,59.92,12.916666666733333,775.0,
6411,3,H8,Anada,11,Berlín - Nicaragua,396,11:05:29,5.48,5.566666666633334,334.0,
6059,3,H8,Anada,11,Berlín - Nicaragua,396,11:15:38,15.63,10.166666666633335,610.0,
6055,3,H8,Anada,11,Berlín - Nicaragua,396,11:19:23,19.38,3.7333333333666667,224.0,
6414,3,H8,Anada,11,Berlín - Nicaragua,396,11:29:12,29.2,9.8166666667,589.0,
6415,3,H8,Anada,11,Berlín - Nicaragua,396,11:39:42,39.7,10.5,630.0,
1547,3,H8,Anada,11,Berlín - Nicaragua,396,11:49:09,49.15,9.4666666666,568.0,
2671,3,H8,Anada,11,Berlín - Nicaragua,396,11:54:50,54.83,5.683333333333334,341.0,
6217,4,H8,Anada,11,Berlín - Nicaragua,396,12:05:46,5.77,10.933333333333334,656.0,
6026,4,H8,Anada,11,Berlín - Nicaragua,396,12:19:40,19.67,13.900000000016666,834.0,
6401,3,H8,Anada,11,Berlín - Nicaragua,396,12:23:02,23.03,3.3500000000166663,201.0,
6402,4,H8,Anada,11,Berlín - Nicaragua,396,12:32:55,32.92,9.899999999966667,594.0,
6808,3,H8,Anada,11,Berlín - Nicaragua,396,12:38:29,38.48,5.566666666666666,334.0,
6037,4,H8,Anada,11,Berlín - Nicaragua,396,12:51:50,51.83,13.333333333366665,800.0,
6047,4,H8,Anada,11,Berlín - Nicaragua,396,12:54:49,54.82,2.9833333333333334,179.0,"5,6,23,35"
6406,4,H8,Anada,11,Berlín - Nicaragua,396,13:05:25,5.42,10.6,636.0,
6215,3,H8,Anada,11,Berlín - Nicaragua,396,13:09:40,9.67,4.250000000033333,255.0,
6121,2,H8,Anada,11,Berlín - Nicaragua,396,13:23:07,23.12,13.4666666666,808.0,
6407,4,H8,Anada,11,Berlín - Nicaragua,396,13:30:00,30.0,6.883333333333334,413.0,
6079,3,H8,Anada,11,Berlín - Nicaragua,396,13:37:13,37.22,7.216666666666667,433.0,
6024,4,H8,Anada,11,Berlín - Nicaragua,396,13:45:36,45.6,8.366666666716666,502.0,19
6056,5,H8,Anada,11,Berlín - Nicaragua,396,13:51:01,51.02,5.41666666665,325.0,
6411,4,H8,Anada,11,Berlín - Nicaragua,396,13:59:58,59.97,8.950000000033333,537.0,
6059,4,H8,Anada,11,Berlín - Nicaragua,396,14:11:30,11.5,11.549999999933334,693.0,
6055,4,H8,Anada,11,Berlín - Nicaragua,396,14:22:08,22.13,10.616666666666667,637.0,
6414,4,H8,Anada,11,Berlín - Nicaragua,396,14:31:57,31.95,8.9666666667,538.0,
6415,4,H8,Anada,11,Berlín - Nicaragua,396,14:38:52,38.87,6.933333333266666,416.0,19
1547,4,H8,Anada,11,Berlín - Nicaragua,396,14:51:47,51.78,12.900000000033334,774.0,
2671,4,H8,Anada,11,Berlín - Nicaragua,396,14:57:44,57.73,5.9666666666333334,358.0,5
6217,5,H8,Anada,11,Berlín - Nicaragua,396,15:08:14,8.23,10.483333333366666,629.0,
6026,5,H8,Anada,11,Berlín - Nicaragua,396,15:15:20,15.33,7.1,426.0,
6409,1,H8,Anada,11,Berlín - Nicaragua,396,15:20:01,20.02,4.683333333333334,281.0,
6401,4,H8,Anada,11,Berlín - Nicaragua,396,15:29:49,29.82,9.816666666633333,589.0,
6402,5,H8,Anada,11,Berlín - Nicaragua,396,15:39:35,39.58,9.750000000066667,585.0,"1,2"
6808,4,H8,Anada,11,Berlín - Nicaragua,396,15:41:06,41.1,1.5166666666333335,91.0,
6037,5,H8,Anada,11,Berlín - Nicaragua,396,15:49:26,49.43,8.333333333333334,500.0,
6047,5,H8,Anada,11,Berlín - Nicaragua,396,15:58:45,58.75,9.3166666667,559.0,
6406,5,H8,Anada,11,Berlín - Nicaragua,396,16:10:04,10.07,11.333333333266667,680.0,
6215,4,H8,Anada,11,Berlín - Nicaragua,396,16:16:40,16.67,6.583333333400001,395.0,
6121,3,H8,Anada,11,Berlín - Nicaragua,396,16:23:21,23.35,6.6999999999333335,402.0,
6407,5,H8,Anada,11,Berlín - Nicaragua,396,16:32:20,32.33,8.983333333300001,539.0,
6079,4,H8,Anada,11,Berlín - Nicaragua,396,16:40:15,40.25,7.900000000066667,474.0,
6024,5,H8,Anada,11,Berlín - Nicaragua,396,16:47:42,47.7,7.45,447.0,
6056,6,H8,Anada,11,Berlín - Nicaragua,396,16:53:49,53.82,6.116666666666666,367.0,
6411,5,H8,Anada,11,Berlín - Nicaragua,396,17:02:04,2.07,8.25,495.0,
6059,5,H8,Anada,11,Berlín - Nicaragua,396,17:10:06,10.1,8.049999999933332,483.0,
6055,5,H8,Anada,11,Berlín - Nicaragua,396,17:16:56,16.93,6.816666666733334,409.0,
6030,2,H8,Anada,11,Berlín - Nicaragua,396,17:26:49,26.82,9.899999999933334,594.0,
6414,5,H8,Anada,11,Berlín - Nicaragua,396,17:33:22,33.37,6.5333333333666666,392.0,
6415,5,H8,Anada,11,Berlín - Nicaragua,396,17:41:08,41.13,7.7833333333166665,467.0,
1547,5,H8,Anada,11,Berlín - Nicaragua,396,17:44:52,44.87,3.716666666683333,223.0,
2671,5,H8,Anada,11,Berlín - Nicaragua,396,17:54:53,54.88,10.0333333333,602.0,
6217,6,H8,Anada,11,Berlín - Nicaragua,396,18:01:20,1.33,6.4333333334,386.0,
6026,6,H8,Anada,11,Berlín - Nicaragua,396,18:13:24,13.4,12.066666666666666,724.0,
6409,2,H8,Anada,11,Berlín - Nicaragua,396,18:18:39,18.65,5.2666666666,316.0,
6401,5,H8,Anada,11,Berlín - Nicaragua,396,18:27:07,27.12,8.466666666666667,508.0,
6402,6,H8,Anada,11,Berlín - Nicaragua,396,18:32:13,32.22,5.1,306.0,
6037,6,H8,Anada,11,Berlín - Nicaragua,396,18:50:01,50.02,17.8,1068.0,
6406,6,H8,Anada,11,Berlín - Nicaragua,396,19:04:12,4.2,14.183333333333334,851.0,
6121,4,H8,Anada,11,Berlín - Nicaragua,396,19:15:16,15.27,11.066666666666666,664.0,
6407,6,H8,Anada,11,Berlín - Nicaragua,396,19:23:30,23.5,8.216666666733333,493.0,"9,19"
6024,6,H8,Anada,11,Berlín - Nicaragua,396,19:37:02,37.03,13.533333333333333,812.0,
6056,7,H8,Anada,11,Berlín - Nicaragua,396,19:40:56,40.93,3.9,234.0,
6411,6,H8,Anada,11,Berlín - Nicaragua,396,19:49:41,49.68,8.7666666666,526.0,
6030,3,H8,Anada,11,Berlín - Nicaragua,396,20:01:19,1.32,11.616666666733332,697.0,
6414,6,H8,Anada,11,Berlín - Nicaragua,396,20:12:45,12.75,11.449999999933334,687.0,
6415,6,H8,Anada,11,Berlín - Nicaragua,396,20:26:49,26.82,14.066666666666666,844.0,
6402,7,H8,Anada,11,Berlín - Nicaragua,396,21:04:59,4.98,4.749999999933333,285.0,
6047,7,H8,Anada,11,Berlín - Nicaragua,396,21:25:48,25.8,20.800000000033332,1248.0,27
6121,5,H8,Anada,11,Berlín - Nicaragua,396,21:40:50,40.83,14.1666666667,850.0,34
6026,1,H8,Anada,12,Josep Tarradellas - París,1253,03:36:13,36.22,,,"1,2,3,4,5,6,7,8,9,10,11"
6402,1,H8,Anada,12,Josep Tarradellas - París,1253,03:53:04,53.07,16.85,1011.0,1
6037,1,H8,Anada,12,Josep Tarradellas - París,1253,04:01:48,1.8,8.749999999933333,525.0,"1,2,3,32,33"
6406,1,H8,Anada,12,Josep Tarradellas - París,1253,04:14:05,14.08,12.266666666699999,736.0,
6046,1,H8,Anada,12,Josep Tarradellas - París,1253,04:24:09,24.15,10.066666666666666,604.0,"30,31"
6408,1,H8,Anada,12,Josep Tarradellas - París,1253,04:30:05,30.08,5.933333333333334,356.0,
6407,1,H8,Anada,12,Josep Tarradellas - París,1253,04:38:13,38.22,8.149999999966667,489.0,
6024,1,H8,Anada,12,Josep Tarradellas - París,1253,04:48:16,48.27,10.05,603.0,
6056,1,H8,Anada,12,Josep Tarradellas - París,1253,05:02:39,2.65,14.383333333333333,863.0,"1,2,3"
6411,1,H8,Anada,12,Josep Tarradellas - París,1253,05:06:21,6.35,3.7000000000166664,222.0,
6055,1,H8,Anada,12,Josep Tarradellas - París,1253,05:16:05,16.08,9.733333333316667,584.0,1
TEMP_BonPastor_1253,1,H8,Anada,12,Josep Tarradellas - París,1253,05:28:17,28.28,12.183333333399998,731.0,"1,2,3,4,5,6,7,8,9,10,11,13,14,15,16,17,18,19,20,21,22,23,24,25,26,27,28,29,30,31,32,33,34,35,36,37,38,39"
6414,1,H8,Anada,12,Josep Tarradellas - París,1253,05:30:57,30.95,2.683333333266667,161.0,
6415,1,H8,Anada,12,Josep Tarradellas - París,1253,05:46:14,46.23,14.599999999966666,876.0,
1547,1,H8,Anada,12,Josep Tarradellas - París,1253,05:54:25,54.42,8.183333333333334,491.0,
2671,1,H8,Anada,12,Josep Tarradellas - París,1253,06:04:36,4.6,10.183333333366667,611.0,
6217,2,H8,Anada,12,Josep Tarradellas - París,1253,06:11:10,11.17,6.566666666666666,394.0,
6026,2,H8,Anada,12,Josep Tarradellas - París,1253,06:20:24,20.4,9.233333333333333,554.0,
6401,1,H8,Anada,12,Josep Tarradellas - París,1253,06:28:35,28.58,8.199999999933333,492.0,
6402,2,H8,Anada,12,Josep Tarradellas - París,1253,06:36:23,36.38,7.7833333334,467.0,
6808,1,H8,Anada,12,Josep Tarradellas - París,1253,06:48:03,48.05,11.666666666633335,700.0,
6037,2,H8,Anada,12,Josep Tarradellas - París,1253,06:52:19,52.32,4.283333333300001,257.0,
6047,2,H8,Anada,12,Josep Tarradellas - París,1253,07:05:11,5.18,12.850000000033333,771.0,
6406,2,H8,Anada,12,Josep Tarradellas - París,1253,07:08:17,8.28,3.1166666666333334,187.0,
6215,1,H8,Anada,12,Josep Tarradellas - París,1253,07:17:52,17.87,9.5666666667,574.0,
6408,2,H8,Anada,12,Josep Tarradellas - París,1253,07:24:28,24.47,6.600000000016666,396.0,
6046,2,H8,Anada,12,Josep Tarradellas - París,1253,07:31:44,31.73,7.283333333283333,437.0,"7,21"
6407,2,H8,Anada,12,Josep Tarradellas - París,1253,07:40:36,40.6,8.866666666666667,532.0,
6079,1,H8,Anada,12,Josep Tarradellas - París,1253,07:41:50,41.83,1.2166666667,73.0,1
6024,2,H8,Anada,12,Josep Tarradellas - París,1253,07:55:03,55.05,13.216666666666667,793.0,
6056,3,H8,Anada,12,Josep Tarradellas - París,1253,08:02:53,2.88,7.833333333366666,470.0,"4,18"
6411,2,H8,Anada,12,Josep Tarradellas - París,1253,08:10:25,10.42,7.549999999933333,453.0,
6055,2,H8,Anada,12,Josep Tarradellas - París,1253,08:21:47,21.78,11.350000000033333,681.0,1
6414,2,H8,Anada,12,Josep Tarradellas - París,1253,08:39:23,39.38,17.616666666633332,1057.0,36
6415,2,H8,Anada,12,Josep Tarradellas - París,1253,08:42:46,42.77,3.366666666733333,202.0,
1547,2,H8,Anada,12,Josep Tarradellas - París,1253,08:52:37,52.62,9.849999999966666,591.0,
2671,2,H8,Anada,12,Josep Tarradellas - París,1253,09:01:53,1.88,9.2833333333,557.0,
6217,3,H8,Anada,12,Josep Tarradellas - París,1253,09:10:38,10.63,8.75,525.0,1
6026,3,H8,Anada,12,Josep Tarradellas - París,1253,09:17:33,17.55,6.916666666666667,415.0,1
6401,2,H8,Anada,12,Josep Tarradellas - París,1253,09:27:40,27.67,10.116666666666667,607.0,19
6402,3,H8,Anada,12,Josep Tarradellas - París,1253,09:37:32,37.53,9.850000000033333,591.0,
6808,2,H8,Anada,12,Josep Tarradellas - París,1253,09:43:51,43.85,6.316666666666666,379.0,
6037,3,H8,Anada,12,Josep Tarradellas - París,1253,09:53:11,53.18,9.333333333366665,560.0,
6047,3,H8,Anada,12,Josep Tarradellas - París,1253,09:59:33,59.55,6.366666666666666,382.0,37
6406,3,H8,Anada,12,Josep Tarradellas - París,1253,10:14:33,14.55,15.0,900.0,
6215,2,H8,Anada,12,Josep Tarradellas - París,1253,10:21:43,21.72,7.183333333266666,431.0,
6407,3,H8,Anada,12,Josep Tarradellas - París,1253,10:31:36,31.6,9.8666666667,592.0,1
6079,2,H8,Anada,12,Josep Tarradellas - París,1253,10:42:14,42.23,10.633333333333333,638.0,15
6024,3,H8,Anada,12,Josep Tarradellas - París,1253,10:48:23,48.38,6.166666666633334,370.0,
6056,4,H8,Anada,12,Josep Tarradellas - París,1253,11:01:57,1.95,13.550000000033332,813.0,
6411,3,H8,Anada,12,Josep Tarradellas - París,1253,11:06:34,6.57,4.6333333333,278.0,
6059,3,H8,Anada,12,Josep Tarradellas - París,1253,11:17:57,17.95,11.383333333333333,683.0,
6055,3,H8,Anada,12,Josep Tarradellas - París,1253,11:21:30,21.5,3.55,213.0,
6414,3,H8,Anada,12,Josep Tarradellas - París,1253,11:32:06,32.1,10.6,636.0,
6415,3,H8,Anada,12,Josep Tarradellas - París,1253,11:41:45,41.75,9.65,579.0,
1547,3,H8,Anada,12,Josep Tarradellas - París,1253,11:51:39,51.65,9.8833333334,593.0,
2671,3,H8,Anada,12,Josep Tarradellas - París,1253,11:57:52,57.87,6.216666666666667,373.0,
6217,4,H8,Anada,12,Josep Tarradellas - París,1253,12:07:32,7.53,9.666666666666666,580.0,
6026,4,H8,Anada,12,Josep Tarradellas - París,1253,12:21:42,21.7,14.183333333266667,851.0,
6401,3,H8,Anada,12,Josep Tarradellas - París,1253,12:25:13,25.22,3.5166666666666666,211.0,
6402,4,H8,Anada,12,Josep Tarradellas - París,1253,12:34:29,34.48,9.250000000033333,555.0,
6808,3,H8,Anada,12,Josep Tarradellas - París,1253,12:41:15,41.25,6.766666666666667,406.0,
6037,4,H8,Anada,12,Josep Tarradellas - París,1253,12:53:52,53.87,12.616666666666667,757.0,
6047,4,H8,Anada,12,Josep Tarradellas - París,1253,12:56:24,56.4,2.533333333366667,152.0,"5,6,23,35"
6406,4,H8,Anada,12,Josep Tarradellas - París,1253,13:06:12,6.2,9.8,588.0,
6215,3,H8,Anada,12,Josep Tarradellas - París,1253,13:11:00,11.0,4.799999999966667,288.0,
6121,2,H8,Anada,12,Josep Tarradellas - París,1253,13:25:34,25.57,14.5833333333,875.0,
6407,4,H8,Anada,12,Josep Tarradellas - París,1253,13:32:35,32.58,7.016666666666667,421.0,
6079,3,H8,Anada,12,Josep Tarradellas - París,1253,13:39:03,39.05,6.450000000033333,387.0,
6024,4,H8,Anada,12,Josep Tarradellas - París,1253,13:47:31,47.52,8.483333333300001,509.0,19
6056,5,H8,Anada,12,Josep Tarradellas - París,1253,13:52:14,52.23,4.700000000066667,282.0,
6411,4,H8,Anada,12,Josep Tarradellas - París,1253,14:01:49,1.82,9.599999999933335,576.0,
6211,3,H8,Anada,12,Josep Tarradellas - París,1253,14:12:58,12.97,11.149999999983333,669.0,
6055,4,H8,Anada,12,Josep Tarradellas - París,1253,14:24:07,24.12,10.383333333283334,623.0,
6414,4,H8,Anada,12,Josep Tarradellas - París,1253,14:34:46,34.77,9.666666666666666,580.0,
6415,4,H8,Anada,12,Josep Tarradellas - París,1253,14:41:26,41.43,6.666666666699999,400.0,19
1547,4,H8,Anada,12,Josep Tarradellas - París,1253,14:53:58,53.97,12.533333333333333,752.0,
2671,4,H8,Anada,12,Josep Tarradellas - París,1253,14:59:42,59.7,5.733333333333333,344.0,5
6217,5,H8,Anada,12,Josep Tarradellas - París,1253,15:09:46,9.77,10.083333333266667,605.0,
6026,5,H8,Anada,12,Josep Tarradellas - París,1253,15:17:50,17.83,8.050000000066667,483.0,
6409,1,H8,Anada,12,Josep Tarradellas - París,1253,15:22:42,22.7,4.866666666633334,292.0,
6401,4,H8,Anada,12,Josep Tarradellas - París,1253,15:32:38,32.63,9.933333333366667,596.0,
6402,5,H8,Anada,12,Josep Tarradellas - París,1253,15:42:18,42.3,9.666666666633335,580.0,"1,2"
6808,4,H8,Anada,12,Josep Tarradellas - París,1253,15:43:28,43.47,1.1666666666999999,70.0,
6037,5,H8,Anada,12,Josep Tarradellas - París,1253,15:51:54,51.9,8.433333333333334,506.0,
6047,5,H8,Anada,12,Josep Tarradellas - París,1253,16:00:43,0.72,8.816666666666666,529.0,
6406,5,H8,Anada,12,Josep Tarradellas - París,1253,16:12:47,12.78,12.083333333266667,725.0,
6215,4,H8,Anada,12,Josep Tarradellas - París,1253,16:18:36,18.6,5.816666666666666,349.0,
6121,3,H8,Anada,12,Josep Tarradellas - París,1253,16:25:22,25.37,6.750000000033333,405.0,
6407,5,H8,Anada,12,Josep Tarradellas - París,1253,16:34:56,34.93,9.450000000033333,567.0,
6079,4,H8,Anada,12,Josep Tarradellas - París,1253,16:43:03,43.05,8.116666666666667,487.0,
6024,5,H8,Anada,12,Josep Tarradellas - París,1253,16:50:47,50.78,7.733333333366667,464.0,
6056,6,H8,Anada,12,Josep Tarradellas - París,1253,16:54:59,54.98,4.2,252.0,
6411,5,H8,Anada,12,Josep Tarradellas - París,1253,17:05:16,5.27,10.299999999933334,618.0,
6059,5,H8,Anada,12,Josep Tarradellas - París,1253,17:11:03,11.05,5.766666666733333,346.0,
6055,5,H8,Anada,12,Josep Tarradellas - París,1253,17:19:21,19.35,8.299999999966667,498.0,
6030,2,H8,Anada,12,Josep Tarradellas - París,1253,17:29:21,29.35,10.016666666633334,601.0,
6414,5,H8,Anada,12,Josep Tarradellas - París,1253,17:35:24,35.4,6.0333333334,362.0,
6415,5,H8,Anada,12,Josep Tarradellas - París,1253,17:43:54,43.9,8.5,510.0,
1547,5,H8,Anada,12,Josep Tarradellas - París,1253,17:47:31,47.52,3.633333333266667,218.0,
2671,5,H8,Anada,12,Josep Tarradellas - París,1253,17:58:05,58.08,10.550000000033332,633.0,
6217,6,H8,Anada,12,Josep Tarradellas - París,1253,18:02:52,2.87,4.783333333333333,287.0,
6026,6,H8,Anada,12,Josep Tarradellas - París,1253,18:15:47,15.78,12.916666666666666,775.0,
6409,2,H8,Anada,12,Josep Tarradellas - París,1253,18:21:47,21.78,6.016666666633333,361.0,
6401,5,H8,Anada,12,Josep Tarradellas - París,1253,18:29:19,29.32,7.5166666667,451.0,
6402,6,H8,Anada,12,Josep Tarradellas - París,1253,18:33:42,33.7,4.399999999966667,264.0,
6037,6,H8,Anada,12,Josep Tarradellas - París,1253,18:51:31,51.52,17.800000000066667,1068.0,
6406,6,H8,Anada,12,Josep Tarradellas - París,1253,19:06:17,6.28,14.766666666633334,886.0,
6121,4,H8,Anada,12,Josep Tarradellas - París,1253,19:16:48,16.8,10.5333333333,632.0,
6407,6,H8,Anada,12,Josep Tarradellas - París,1253,19:25:51,25.85,9.0333333334,542.0,"9,19"
6024,6,H8,Anada,12,Josep Tarradellas - París,1253,19:39:04,39.07,13.216666666633333,793.0,
6056,7,H8,Anada,12,Josep Tarradellas - París,1253,19:42:25,42.42,3.35,201.0,
6411,6,H8,Anada,12,Josep Tarradellas - París,1253,19:50:23,50.38,7.9833333333,479.0,
6030,3,H8,Anada,12,Josep Tarradellas - París,1253,20:01:29,1.48,11.1,666.0,
6414,6,H8,Anada,12,Josep Tarradellas - París,1253,20:14:35,14.58,13.083333333399999,785.0,
6415,6,H8,Anada,12,Josep Tarradellas - París,1253,20:27:15,27.25,12.666666666633335,760.0,
6026,7,H8,Anada,12,Josep Tarradellas - París,1253,20:42:10,42.17,14.9333333333,896.0,"9,10,11"
6409,3,H8,Anada,12,Josep Tarradellas - París,1253,21:01:51,1.85,19.66666666673333,1180.0,"13,29"
6402,7,H8,Anada,12,Josep Tarradellas - París,1253,21:07:09,7.15,5.299999999966667,318.0,
6047,7,H8,Anada,12,Josep Tarradellas - París,1253,21:27:13,27.22,20.0833333333,1205.0,27
6121,5,H8,Anada,12,Josep Tarradellas - París,1253,21:42:14,42.23,14.133333333366666,848.0,34
6026,1,H8,Anada,13,Josep Tarradellas - Viladomat,1554,03:37:30,37.5,,,"1,2,3,4,5,6,7,8,9,10,11"
6402,1,H8,Anada,13,Josep Tarradellas - Viladomat,1554,03:55:13,55.22,17.700000000033334,1062.0,1
6037,1,H8,Anada,13,Josep Tarradellas - Viladomat,1554,04:03:20,3.33,8.1166666667,487.0,"1,2,3,32,33"
6406,1,H8,Anada,13,Josep Tarradellas - Viladomat,1554,04:16:08,16.13,12.8,768.0,
6046,1,H8,Anada,13,Josep Tarradellas - Viladomat,1554,04:25:34,25.57,9.449999999916667,567.0,"30,31"
6408,1,H8,Anada,13,Josep Tarradellas - Viladomat,1554,04:31:24,31.4,5.81666666675,349.0,
6407,1,H8,Anada,13,Josep Tarradellas - Viladomat,1554,04:39:43,39.72,8.316666666666666,499.0,
6024,1,H8,Anada,13,Josep Tarradellas - Viladomat,1554,04:49:11,49.18,9.466666666633333,568.0,
6056,1,H8,Anada,13,Josep Tarradellas - Viladomat,1554,05:05:21,5.35,16.183333333300002,971.0,"1,2,3"
6411,1,H8,Anada,13,Josep Tarradellas - Viladomat,1554,05:09:07,9.12,3.7666666666500004,226.0,
6055,1,H8,Anada,13,Josep Tarradellas - Viladomat,1554,05:18:13,18.22,9.083333333383333,545.0,1
6414,1,H8,Anada,13,Josep Tarradellas - Viladomat,1554,05:32:44,32.73,14.5333333333,872.0,
6059,1,H8,Anada,13,Josep Tarradellas - Viladomat,1554,05:34:27,34.45,1.7166666666666666,103.0,"1,9"
6415,1,H8,Anada,13,Josep Tarradellas - Viladomat,1554,05:48:59,48.98,14.533333333333333,872.0,
1547,1,H8,Anada,13,Josep Tarradellas - Viladomat,1554,05:56:45,56.75,7.766666666666667,466.0,
2671,1,H8,Anada,13,Josep Tarradellas - Viladomat,1554,06:06:08,6.13,9.383333333333333,563.0,
6217,2,H8,Anada,13,Josep Tarradellas - Viladomat,1554,06:12:34,12.57,6.433333333333334,386.0,
6026,2,H8,Anada,13,Josep Tarradellas - Viladomat,1554,06:22:18,22.3,9.716666666733333,583.0,
6401,1,H8,Anada,13,Josep Tarradellas - Viladomat,1554,06:30:30,30.5,8.2,492.0,
6402,2,H8,Anada,13,Josep Tarradellas - Viladomat,1554,06:38:21,38.35,7.85,471.0,
6808,1,H8,Anada,13,Josep Tarradellas - Viladomat,1554,06:49:34,49.57,11.216666666666667,673.0,
6037,2,H8,Anada,13,Josep Tarradellas - Viladomat,1554,06:54:32,54.53,4.983333333266667,299.0,
6047,2,H8,Anada,13,Josep Tarradellas - Viladomat,1554,07:07:09,7.15,12.600000000033333,756.0,
6406,2,H8,Anada,13,Josep Tarradellas - Viladomat,1554,07:10:11,10.18,3.0499999999666665,183.0,
6215,1,H8,Anada,13,Josep Tarradellas - Viladomat,1554,07:19:36,19.6,9.400000000033334,564.0,
6408,2,H8,Anada,13,Josep Tarradellas - Viladomat,1554,07:26:55,26.92,7.316666666666666,439.0,
6046,2,H8,Anada,13,Josep Tarradellas - Viladomat,1554,07:33:12,33.2,6.2833333333666666,377.0,"7,21"
6407,2,H8,Anada,13,Josep Tarradellas - Viladomat,1554,07:42:58,42.97,9.766666666633334,586.0,
6024,2,H8,Anada,13,Josep Tarradellas - Viladomat,1554,07:56:31,56.52,12.6,756.0,
6056,3,H8,Anada,13,Josep Tarradellas - Viladomat,1554,08:05:03,5.05,8.516666666699999,511.0,"4,18"
6411,2,H8,Anada,13,Josep Tarradellas - Viladomat,1554,08:12:36,12.6,7.550000000033333,453.0,
6059,2,H8,Anada,13,Josep Tarradellas - Viladomat,1554,08:18:37,18.62,6.0333333332666665,362.0,"9,10,11,12,20,21,22,23"
6055,2,H8,Anada,13,Josep Tarradellas - Viladomat,1554,08:24:02,24.03,5.400000000066667,324.0,1
6414,2,H8,Anada,13,Josep Tarradellas - Viladomat,1554,08:41:29,41.48,17.449999999966668,1047.0,36
6415,2,H8,Anada,13,Josep Tarradellas - Viladomat,1554,08:44:35,44.58,3.1166666666333334,187.0,
1547,2,H8,Anada,13,Josep Tarradellas - Viladomat,1554,08:54:23,54.38,9.8,588.0,
2671,2,H8,Anada,13,Josep Tarradellas - Viladomat,1554,09:03:46,3.77,9.366666666733332,562.0,
6217,3,H8,Anada,13,Josep Tarradellas - Viladomat,1554,09:11:46,11.77,8.0,480.0,1
6026,3,H8,Anada,13,Josep Tarradellas - Viladomat,1554,09:20:11,20.18,8.416666666666666,505.0,1
6401,2,H8,Anada,13,Josep Tarradellas - Viladomat,1554,09:29:57,29.95,9.766666666666667,586.0,19
6402,3,H8,Anada,13,Josep Tarradellas - Viladomat,1554,09:39:17,39.28,9.333333333333334,560.0,
6808,2,H8,Anada,13,Josep Tarradellas - Viladomat,1554,09:46:02,46.03,6.75,405.0,
6037,3,H8,Anada,13,Josep Tarradellas - Viladomat,1554,09:54:53,54.88,8.849999999966666,531.0,
6047,3,H8,Anada,13,Josep Tarradellas - Viladomat,1554,10:01:34,1.57,6.683333333366666,401.0,37
6406,3,H8,Anada,13,Josep Tarradellas - Viladomat,1554,10:16:26,16.43,14.88333333325,893.0,
6215,2,H8,Anada,13,Josep Tarradellas - Viladomat,1554,10:24:24,24.4,7.9500000000833335,477.0,
6407,3,H8,Anada,13,Josep Tarradellas - Viladomat,1554,10:33:39,33.65,9.2666666666,556.0,1
6079,2,H8,Anada,13,Josep Tarradellas - Viladomat,1554,10:44:45,44.75,11.083333333366665,665.0,15
6024,3,H8,Anada,13,Josep Tarradellas - Viladomat,1554,10:49:47,49.78,5.033333333333333,302.0,
6056,4,H8,Anada,13,Josep Tarradellas - Viladomat,1554,11:04:32,4.53,14.750000000033333,885.0,
6411,3,H8,Anada,13,Josep Tarradellas - Viladomat,1554,11:08:25,8.42,3.8999999999333337,234.0,
6059,3,H8,Anada,13,Josep Tarradellas - Viladomat,1554,11:18:58,18.97,10.55,633.0,
6055,3,H8,Anada,13,Josep Tarradellas - Viladomat,1554,11:21:35,21.58,2.6166666666666667,157.0,
6414,3,H8,Anada,13,Josep Tarradellas - Viladomat,1554,11:34:16,34.27,12.666666666733333,760.0,
6415,3,H8,Anada,13,Josep Tarradellas - Viladomat,1554,11:43:58,43.97,9.7166666666,583.0,
1547,3,H8,Anada,13,Josep Tarradellas - Viladomat,1554,11:53:48,53.8,9.833333333333334,590.0,
2671,3,H8,Anada,13,Josep Tarradellas - Viladomat,1554,12:00:04,0.07,6.250000000033333,375.0,
6217,4,H8,Anada,13,Josep Tarradellas - Viladomat,1554,12:09:20,9.33,9.266666666666667,556.0,
6026,4,H8,Anada,13,Josep Tarradellas - Viladomat,1554,12:23:44,23.73,14.4,864.0,
6401,3,H8,Anada,13,Josep Tarradellas - Viladomat,1554,12:26:45,26.75,3.0166666666666666,181.0,
6402,4,H8,Anada,13,Josep Tarradellas - Viladomat,1554,12:36:26,36.43,9.683333333366667,581.0,
6808,3,H8,Anada,13,Josep Tarradellas - Viladomat,1554,12:42:57,42.95,6.51666666665,391.0,
6037,4,H8,Anada,13,Josep Tarradellas - Viladomat,1554,12:55:50,55.83,12.883333333316667,773.0,
6047,4,H8,Anada,13,Josep Tarradellas - Viladomat,1554,12:57:39,57.65,1.8333333333000001,110.0,"5,6,23,35"
6406,4,H8,Anada,13,Josep Tarradellas - Viladomat,1554,13:07:18,7.3,9.65,579.0,
6215,3,H8,Anada,13,Josep Tarradellas - Viladomat,1554,13:12:59,12.98,5.666666666716667,340.0,
6121,2,H8,Anada,13,Josep Tarradellas - Viladomat,1554,13:28:12,28.2,15.216666666650001,913.0,
6407,4,H8,Anada,13,Josep Tarradellas - Viladomat,1554,13:34:16,34.27,6.066666666666666,364.0,
6079,3,H8,Anada,13,Josep Tarradellas - Viladomat,1554,13:40:30,40.5,6.233333333366667,374.0,
6024,4,H8,Anada,13,Josep Tarradellas - Viladomat,1554,13:48:35,48.58,8.0833333333,485.0,19
6056,5,H8,Anada,13,Josep Tarradellas - Viladomat,1554,13:53:33,53.55,4.9833333333,299.0,
6411,4,H8,Anada,13,Josep Tarradellas - Viladomat,1554,14:04:38,4.63,11.083333333333334,665.0,
6211,3,H8,Anada,13,Josep Tarradellas - Viladomat,1554,14:15:48,15.8,11.166666666666666,670.0,
6055,4,H8,Anada,13,Josep Tarradellas - Viladomat,1554,14:26:16,26.27,10.3,618.0,
6414,4,H8,Anada,13,Josep Tarradellas - Viladomat,1554,14:36:38,36.63,9.516666666666667,571.0,
6415,4,H8,Anada,13,Josep Tarradellas - Viladomat,1554,14:43:07,43.12,6.4833333333,389.0,19
1547,4,H8,Anada,13,Josep Tarradellas - Viladomat,1554,14:55:42,55.7,12.583333333366665,755.0,
2671,4,H8,Anada,13,Josep Tarradellas - Viladomat,1554,15:00:35,0.58,4.883333333333334,293.0,5
6217,5,H8,Anada,13,Josep Tarradellas - Viladomat,1554,15:12:14,12.23,11.649999999966667,699.0,
6026,5,H8,Anada,13,Josep Tarradellas - Viladomat,1554,15:20:02,20.03,7.800000000033333,468.0,
6409,1,H8,Anada,13,Josep Tarradellas - Viladomat,1554,15:24:33,24.55,4.516666666666667,271.0,
6401,4,H8,Anada,13,Josep Tarradellas - Viladomat,1554,15:34:05,34.08,9.549999999933334,573.0,
6402,5,H8,Anada,13,Josep Tarradellas - Viladomat,1554,15:43:57,43.95,9.850000000033333,591.0,"1,2"
6808,4,H8,Anada,13,Josep Tarradellas - Viladomat,1554,15:45:20,45.33,1.3833333333333333,83.0,
6037,5,H8,Anada,13,Josep Tarradellas - Viladomat,1554,15:54:10,54.17,8.849999999966666,531.0,
6047,5,H8,Anada,13,Josep Tarradellas - Viladomat,1554,16:03:01,3.02,8.833333333399999,530.0,
6406,5,H8,Anada,13,Josep Tarradellas - Viladomat,1554,16:14:03,14.05,11.0333333333,662.0,
6215,4,H8,Anada,13,Josep Tarradellas - Viladomat,1554,16:20:58,20.97,6.916666666666667,415.0,
6408,5,H8,Anada,13,Josep Tarradellas - Viladomat,1554,16:27:10,27.17,6.2,372.0,"1,2,3,4,21,22,23,24,25,26,27,28,29,30,31,32,33,34,35,36,37,38,39"
6407,5,H8,Anada,13,Josep Tarradellas - Viladomat,1554,16:37:01,37.02,9.6333333333,578.0,
6079,4,H8,Anada,13,Josep Tarradellas - Viladomat,1554,16:44:36,44.6,7.583333333366666,455.0,
6024,5,H8,Anada,13,Josep Tarradellas - Viladomat,1554,16:52:45,52.75,8.15,489.0,
6056,6,H8,Anada,13,Josep Tarradellas - Viladomat,1554,16:55:38,55.63,2.8999999999333337,174.0,
6411,5,H8,Anada,13,Josep Tarradellas - Viladomat,1554,17:06:54,6.9,11.250000000066667,675.0,
6059,5,H8,Anada,13,Josep Tarradellas - Viladomat,1554,17:13:34,13.57,6.666666666633334,400.0,
6055,5,H8,Anada,13,Josep Tarradellas - Viladomat,1554,17:21:31,21.52,7.950000000033333,477.0,
6030,2,H8,Anada,13,Josep Tarradellas - Viladomat,1554,17:30:49,30.82,9.299999999966667,558.0,
6414,5,H8,Anada,13,Josep Tarradellas - Viladomat,1554,17:37:17,37.28,6.466666666666667,388.0,
6415,5,H8,Anada,13,Josep Tarradellas - Viladomat,1554,17:46:06,46.1,8.816666666666666,529.0,
1547,5,H8,Anada,13,Josep Tarradellas - Viladomat,1554,17:49:35,49.58,3.4833333333666667,209.0,
2671,5,H8,Anada,13,Josep Tarradellas - Viladomat,1554,17:59:42,59.7,10.133333333266668,608.0,
6217,6,H8,Anada,13,Josep Tarradellas - Viladomat,1554,18:04:36,4.6,4.883333333366666,293.0,
6026,6,H8,Anada,13,Josep Tarradellas - Viladomat,1554,18:17:55,17.92,13.333333333316666,800.0,
6409,2,H8,Anada,13,Josep Tarradellas - Viladomat,1554,18:23:36,23.6,5.683333333316667,341.0,
6401,5,H8,Anada,13,Josep Tarradellas - Viladomat,1554,18:30:44,30.73,7.1166666667,427.0,
6402,6,H8,Anada,13,Josep Tarradellas - Viladomat,1554,18:35:07,35.12,4.383333333366666,263.0,
6037,6,H8,Anada,13,Josep Tarradellas - Viladomat,1554,18:54:08,54.13,19.016666666633334,1141.0,
6063,1,H8,Anada,13,Josep Tarradellas - Viladomat,1554,18:55:32,55.53,1.4000000000333332,84.0,"1,2,3,4,5,6,7,8,9,10,11,12"
6406,6,H8,Anada,13,Josep Tarradellas - Viladomat,1554,19:08:31,8.52,12.7166666667,763.0,
6121,4,H8,Anada,13,Josep Tarradellas - Viladomat,1554,19:19:44,19.73,11.216666666666667,673.0,
6407,6,H8,Anada,13,Josep Tarradellas - Viladomat,1554,19:27:45,27.75,8.016666666633334,481.0,"9,19"
6024,6,H8,Anada,13,Josep Tarradellas - Viladomat,1554,19:40:44,40.73,12.999999999966667,780.0,
6056,7,H8,Anada,13,Josep Tarradellas - Viladomat,1554,19:43:58,43.97,3.2333333333333334,194.0,
6411,6,H8,Anada,13,Josep Tarradellas - Viladomat,1554,19:51:44,51.73,7.750000000033333,465.0,
6030,3,H8,Anada,13,Josep Tarradellas - Viladomat,1554,20:03:12,3.2,11.466666666666667,688.0,
6414,6,H8,Anada,13,Josep Tarradellas - Viladomat,1554,20:16:09,16.15,12.950000000033333,777.0,
6415,6,H8,Anada,13,Josep Tarradellas - Viladomat,1554,20:30:24,30.4,14.25,855.0,
6026,7,H8,Anada,13,Josep Tarradellas - Viladomat,1554,20:44:04,44.07,13.666666666633335,820.0,"9,10,11"
6402,7,H8,Anada,13,Josep Tarradellas - Viladomat,1554,21:08:02,8.03,23.9666666667,1438.0,
6047,7,H8,Anada,13,Josep Tarradellas - Viladomat,1554,21:29:14,29.23,21.216666666600002,1273.0,27
6408,6,H8,Anada,13,Josep Tarradellas - Viladomat,1554,21:44:15,44.25,14.750000000033333,885.0,33
6026,1,H8,Anada,14,Josep Tarradellas - Comte Borrell,1099,03:38:43,38.72,,,"1,2,3,4,5,6,7,8,9,10,11"
6402,1,H8,Anada,14,Josep Tarradellas - Comte Borrell,1099,03:56:13,56.22,17.50000000003333,1050.0,1
6037,1,H8,Anada,14,Josep Tarradellas - Comte Borrell,1099,04:04:39,4.65,8.433333333333334,506.0,"1,2,3,32,33"
6406,1,H8,Anada,14,Josep Tarradellas - Comte Borrell,1099,04:17:58,17.97,13.316666666633333,799.0,
6046,1,H8,Anada,14,Josep Tarradellas - Comte Borrell,1099,04:28:19,28.32,10.35,621.0,"30,31"
6408,1,H8,Anada,14,Josep Tarradellas - Comte Borrell,1099,04:33:35,33.58,5.2666666667,316.0,
6407,1,H8,Anada,14,Josep Tarradellas - Comte Borrell,1099,04:42:12,42.2,8.633333333266668,518.0,
6024,1,H8,Anada,14,Josep Tarradellas - Comte Borrell,1099,04:51:53,51.88,9.683333333333334,581.0,
6056,1,H8,Anada,14,Josep Tarradellas - Comte Borrell,1099,05:09:14,9.23,17.3333333334,1040.0,"1,2,3"
6411,1,H8,Anada,14,Josep Tarradellas - Comte Borrell,1099,05:10:43,10.72,1.4999999999333333,90.0,
6055,1,H8,Anada,14,Josep Tarradellas - Comte Borrell,1099,05:20:38,20.63,9.900000000066665,594.0,1
6414,1,H8,Anada,14,Josep Tarradellas - Comte Borrell,1099,05:34:35,34.58,13.949999999966668,837.0,
6059,1,H8,Anada,14,Josep Tarradellas - Comte Borrell,1099,05:37:52,37.87,3.2999999999666665,198.0,"1,9"
6415,1,H8,Anada,14,Josep Tarradellas - Comte Borrell,1099,05:50:22,50.37,12.5,750.0,
1547,1,H8,Anada,14,Josep Tarradellas - Comte Borrell,1099,05:59:08,59.13,8.750000000033333,525.0,
2671,1,H8,Anada,14,Josep Tarradellas - Comte Borrell,1099,06:08:18,8.3,9.1833333333,551.0,
6217,2,H8,Anada,14,Josep Tarradellas - Comte Borrell,1099,06:14:26,14.43,6.1166666667,367.0,
6026,2,H8,Anada,14,Josep Tarradellas - Comte Borrell,1099,06:24:39,24.65,10.216666666666667,613.0,
6401,1,H8,Anada,14,Josep Tarradellas - Comte Borrell,1099,06:32:41,32.68,8.033333333349999,482.0,
6402,2,H8,Anada,14,Josep Tarradellas - Comte Borrell,1099,06:40:18,40.3,7.633333333283333,458.0,
6808,1,H8,Anada,14,Josep Tarradellas - Comte Borrell,1099,06:51:53,51.88,11.5666666667,694.0,
6037,2,H8,Anada,14,Josep Tarradellas - Comte Borrell,1099,06:56:40,56.67,4.783333333333333,287.0,
6047,2,H8,Anada,14,Josep Tarradellas - Comte Borrell,1099,07:09:56,9.93,13.266666666699999,796.0,
6406,2,H8,Anada,14,Josep Tarradellas - Comte Borrell,1099,07:12:39,12.65,2.716666666633333,163.0,
6215,1,H8,Anada,14,Josep Tarradellas - Comte Borrell,1099,07:21:55,21.92,9.266666666699999,556.0,
6408,2,H8,Anada,14,Josep Tarradellas - Comte Borrell,1099,07:28:56,28.93,7.016666666666667,421.0,
6046,2,H8,Anada,14,Josep Tarradellas - Comte Borrell,1099,07:37:22,37.37,8.433333333333334,506.0,"7,21"
6407,2,H8,Anada,14,Josep Tarradellas - Comte Borrell,1099,07:44:33,44.55,7.1833333333,431.0,
6079,1,H8,Anada,14,Josep Tarradellas - Comte Borrell,1099,07:47:08,47.13,2.583333333366667,155.0,1
6024,2,H8,Anada,14,Josep Tarradellas - Comte Borrell,1099,07:59:37,59.62,12.483333333333333,749.0,
6056,3,H8,Anada,14,Josep Tarradellas - Comte Borrell,1099,08:07:07,7.12,7.5,450.0,"4,18"
6411,2,H8,Anada,14,Josep Tarradellas - Comte Borrell,1099,08:15:45,15.75,8.633333333333333,518.0,
6059,2,H8,Anada,14,Josep Tarradellas - Comte Borrell,1099,08:21:19,21.32,5.566666666633334,334.0,"9,10,11,12,20,21,22,23"
6055,2,H8,Anada,14,Josep Tarradellas - Comte Borrell,1099,08:26:35,26.58,5.283333333300001,317.0,1
6414,2,H8,Anada,14,Josep Tarradellas - Comte Borrell,1099,08:43:32,43.53,16.933333333366665,1016.0,36
6415,2,H8,Anada,14,Josep Tarradellas - Comte Borrell,1099,08:47:23,47.38,3.8500000000333334,231.0,
1547,2,H8,Anada,14,Josep Tarradellas - Comte Borrell,1099,08:58:04,58.07,10.6833333333,641.0,
2671,2,H8,Anada,14,Josep Tarradellas - Comte Borrell,1099,09:06:16,6.27,8.200000000033333,492.0,
6217,3,H8,Anada,14,Josep Tarradellas - Comte Borrell,1099,09:14:28,14.47,8.199999999966668,492.0,1
6026,3,H8,Anada,14,Josep Tarradellas - Comte Borrell,1099,09:21:59,21.98,7.516666666666667,451.0,1
6401,2,H8,Anada,14,Josep Tarradellas - Comte Borrell,1099,09:31:50,31.83,9.85,591.0,19
6402,3,H8,Anada,14,Josep Tarradellas - Comte Borrell,1099,09:41:34,41.57,9.733333333366666,584.0,
6808,2,H8,Anada,14,Josep Tarradellas - Comte Borrell,1099,09:47:30,47.5,5.9499999999333335,357.0,
6037,3,H8,Anada,14,Josep Tarradellas - Comte Borrell,1099,09:56:51,56.85,9.349999999983334,561.0,
6047,3,H8,Anada,14,Josep Tarradellas - Comte Borrell,1099,10:05:00,5.0,8.133333333383334,488.0,37
6406,3,H8,Anada,14,Josep Tarradellas - Comte Borrell,1099,10:19:08,19.13,14.133333333333333,848.0,
6215,2,H8,Anada,14,Josep Tarradellas - Comte Borrell,1099,10:26:29,26.48,7.35,441.0,
6407,3,H8,Anada,14,Josep Tarradellas - Comte Borrell,1099,10:36:18,36.3,9.8333333333,590.0,1
6079,2,H8,Anada,14,Josep Tarradellas - Comte Borrell,1099,10:47:18,47.3,10.983333333366666,659.0,15
6024,3,H8,Anada,14,Josep Tarradellas - Comte Borrell,1099,10:51:53,51.88,4.583333333333333,275.0,
6056,4,H8,Anada,14,Josep Tarradellas - Comte Borrell,1099,11:06:28,6.47,14.599999999966666,876.0,
6411,3,H8,Anada,14,Josep Tarradellas - Comte Borrell,1099,11:11:32,11.53,5.0500000000666665,303.0,
6059,3,H8,Anada,14,Josep Tarradellas - Comte Borrell,1099,11:20:28,20.47,8.949999999933334,537.0,
6055,3,H8,Anada,14,Josep Tarradellas - Comte Borrell,1099,11:24:05,24.08,3.6000000000333334,216.0,
6414,3,H8,Anada,14,Josep Tarradellas - Comte Borrell,1099,11:36:49,36.82,12.749999999966667,765.0,
6415,3,H8,Anada,14,Josep Tarradellas - Comte Borrell,1099,11:46:07,46.12,9.283333333366667,557.0,
1547,3,H8,Anada,14,Josep Tarradellas - Comte Borrell,1099,11:55:41,55.68,9.5666666667,574.0,
2671,3,H8,Anada,14,Josep Tarradellas - Comte Borrell,1099,12:02:23,2.38,6.699999999966667,402.0,
6217,4,H8,Anada,14,Josep Tarradellas - Comte Borrell,1099,12:11:41,11.68,9.3,558.0,
6026,4,H8,Anada,14,Josep Tarradellas - Comte Borrell,1099,12:26:01,26.02,14.33333333335,860.0,
6401,3,H8,Anada,14,Josep Tarradellas - Comte Borrell,1099,12:29:23,29.38,3.3666666666833334,202.0,
6402,4,H8,Anada,14,Josep Tarradellas - Comte Borrell,1099,12:38:33,38.55,9.166666666633335,550.0,
6808,3,H8,Anada,14,Josep Tarradellas - Comte Borrell,1099,12:45:32,45.53,6.99999999995,420.0,
6037,4,H8,Anada,14,Josep Tarradellas - Comte Borrell,1099,12:57:43,57.72,12.166666666716667,730.0,
6047,4,H8,Anada,14,Josep Tarradellas - Comte Borrell,1099,13:00:22,0.37,2.6500000000333332,159.0,"5,6,23,35"
6406,4,H8,Anada,14,Josep Tarradellas - Comte Borrell,1099,13:09:10,9.17,8.816666666600002,529.0,
6215,3,H8,Anada,14,Josep Tarradellas - Comte Borrell,1099,13:15:47,15.78,6.600000000033333,396.0,
6121,2,H8,Anada,14,Josep Tarradellas - Comte Borrell,1099,13:30:29,30.48,14.700000000033333,882.0,
6407,4,H8,Anada,14,Josep Tarradellas - Comte Borrell,1099,13:36:12,36.2,5.716666666666667,343.0,
6079,3,H8,Anada,14,Josep Tarradellas - Comte Borrell,1099,13:42:35,42.58,6.399999999933333,384.0,
6024,4,H8,Anada,14,Josep Tarradellas - Comte Borrell,1099,13:50:59,50.98,8.399999999983333,504.0,19
6056,5,H8,Anada,14,Josep Tarradellas - Comte Borrell,1099,13:56:13,56.22,5.21666666675,313.0,
6411,4,H8,Anada,14,Josep Tarradellas - Comte Borrell,1099,14:07:02,7.03,10.816666666666666,649.0,
6059,4,H8,Anada,14,Josep Tarradellas - Comte Borrell,1099,14:18:50,18.83,11.799999999966667,708.0,
6055,4,H8,Anada,14,Josep Tarradellas - Comte Borrell,1099,14:26:23,26.38,7.5666666666,454.0,
6030,1,H8,Anada,14,Josep Tarradellas - Comte Borrell,1099,14:29:37,29.62,3.2166666667,193.0,"1,2"
6414,4,H8,Anada,14,Josep Tarradellas - Comte Borrell,1099,14:38:52,38.87,9.266666666633334,556.0,
6415,4,H8,Anada,14,Josep Tarradellas - Comte Borrell,1099,14:45:29,45.48,6.616666666666666,397.0,19
1547,4,H8,Anada,14,Josep Tarradellas - Comte Borrell,1099,14:57:16,57.27,11.766666666699999,706.0,
2671,4,H8,Anada,14,Josep Tarradellas - Comte Borrell,1099,15:03:02,3.03,5.7833333333166665,347.0,5
6217,5,H8,Anada,14,Josep Tarradellas - Comte Borrell,1099,15:14:31,14.52,11.483333333316667,689.0,
6026,5,H8,Anada,14,Josep Tarradellas - Comte Borrell,1099,15:22:16,22.27,7.75,465.0,
6409,1,H8,Anada,14,Josep Tarradellas - Comte Borrell,1099,15:26:25,26.42,4.15,249.0,
6401,4,H8,Anada,14,Josep Tarradellas - Comte Borrell,1099,15:36:09,36.15,9.733333333333333,584.0,
6402,5,H8,Anada,14,Josep Tarradellas - Comte Borrell,1099,15:45:45,45.75,9.6,576.0,"1,2"
6808,4,H8,Anada,14,Josep Tarradellas - Comte Borrell,1099,15:47:05,47.08,1.3166666667333333,79.0,
6037,5,H8,Anada,14,Josep Tarradellas - Comte Borrell,1099,15:55:35,55.58,8.499999999966667,510.0,
6047,5,H8,Anada,14,Josep Tarradellas - Comte Borrell,1099,16:05:48,5.8,10.2166666667,613.0,
6406,5,H8,Anada,14,Josep Tarradellas - Comte Borrell,1099,16:16:31,16.52,10.716666666666667,643.0,
6215,4,H8,Anada,14,Josep Tarradellas - Comte Borrell,1099,16:23:44,23.73,7.233333333266667,434.0,
6121,3,H8,Anada,14,Josep Tarradellas - Comte Borrell,1099,16:29:36,29.6,5.850000000033333,351.0,
6407,5,H8,Anada,14,Josep Tarradellas - Comte Borrell,1099,16:39:05,39.08,9.1666666667,550.0,
6079,4,H8,Anada,14,Josep Tarradellas - Comte Borrell,1099,16:46:52,46.87,7.78333333335,467.0,
6024,5,H8,Anada,14,Josep Tarradellas - Comte Borrell,1099,16:55:10,55.17,8.299999999983333,498.0,
6056,6,H8,Anada,14,Josep Tarradellas - Comte Borrell,1099,16:58:24,58.4,3.2333333333666667,194.0,
6411,5,H8,Anada,14,Josep Tarradellas - Comte Borrell,1099,17:09:22,9.37,10.966666666666667,658.0,
6059,5,H8,Anada,14,Josep Tarradellas - Comte Borrell,1099,17:16:20,16.33,6.983333333266667,419.0,
6055,5,H8,Anada,14,Josep Tarradellas - Comte Borrell,1099,17:23:45,23.75,7.416666666666667,445.0,
6030,2,H8,Anada,14,Josep Tarradellas - Comte Borrell,1099,17:34:03,34.05,10.2833333334,617.0,
6414,5,H8,Anada,14,Josep Tarradellas - Comte Borrell,1099,17:39:49,39.82,5.766666666666667,346.0,
6415,5,H8,Anada,14,Josep Tarradellas - Comte Borrell,1099,17:48:07,48.12,8.3,498.0,
1547,5,H8,Anada,14,Josep Tarradellas - Comte Borrell,1099,17:50:49,50.82,2.7166666666,163.0,
2671,5,H8,Anada,14,Josep Tarradellas - Comte Borrell,1099,18:02:06,2.1,11.266666666699999,676.0,
6217,6,H8,Anada,14,Josep Tarradellas - Comte Borrell,1099,18:06:19,6.32,4.216666666666667,253.0,
6026,6,H8,Anada,14,Josep Tarradellas - Comte Borrell,1099,18:20:05,20.08,13.766666666666667,826.0,
6409,2,H8,Anada,14,Josep Tarradellas - Comte Borrell,1099,18:25:56,25.93,5.85,351.0,
6401,5,H8,Anada,14,Josep Tarradellas - Comte Borrell,1099,18:32:10,32.17,6.249999999966667,375.0,
6402,6,H8,Anada,14,Josep Tarradellas - Comte Borrell,1099,18:37:01,37.02,4.85,291.0,
6037,6,H8,Anada,14,Josep Tarradellas - Comte Borrell,1099,18:55:57,55.95,18.9166666667,1135.0,
6063,1,H8,Anada,14,Josep Tarradellas - Comte Borrell,1099,18:57:10,57.17,1.2166666666666666,73.0,"1,2,3,4,5,6,7,8,9,10,11,12"
6406,6,H8,Anada,14,Josep Tarradellas - Comte Borrell,1099,19:11:24,11.4,13.6166666666,817.0,
6121,4,H8,Anada,14,Josep Tarradellas - Comte Borrell,1099,19:22:03,22.05,10.6333333334,638.0,
6407,6,H8,Anada,14,Josep Tarradellas - Comte Borrell,1099,19:30:17,30.28,8.233333333300001,494.0,"9,19"
6024,6,H8,Anada,14,Josep Tarradellas - Comte Borrell,1099,19:42:41,42.68,12.400000000033334,744.0,
6056,7,H8,Anada,14,Josep Tarradellas - Comte Borrell,1099,19:45:28,45.47,2.7999999999333336,168.0,
6411,6,H8,Anada,14,Josep Tarradellas - Comte Borrell,1099,19:53:15,53.25,7.766666666733333,466.0,
6030,3,H8,Anada,14,Josep Tarradellas - Comte Borrell,1099,20:04:19,4.32,11.066666666666666,664.0,
6414,6,H8,Anada,14,Josep Tarradellas - Comte Borrell,1099,20:17:54,17.9,13.5833333333,815.0,
6415,6,H8,Anada,14,Josep Tarradellas - Comte Borrell,1099,20:32:03,32.05,14.150000000033334,849.0,
6026,7,H8,Anada,14,Josep Tarradellas - Comte Borrell,1099,20:46:12,46.2,14.15,849.0,"9,10,11"
6409,3,H8,Anada,14,Josep Tarradellas - Comte Borrell,1099,21:03:48,3.8,17.599999999966666,1056.0,"13,29"
6402,7,H8,Anada,14,Josep Tarradellas - Comte Borrell,1099,21:09:09,9.15,5.35,321.0,
6063,2,H8,Anada,14,Josep Tarradellas - Comte Borrell,1099,21:31:35,31.58,22.433333333366665,1346.0,23
6408,6,H8,Anada,14,Josep Tarradellas - Comte Borrell,1099,21:44:58,44.97,13.333333333366665,800.0,33
6026,1,H8,Anada,15,Diagonal - Francesc Macià,168,03:41:07,41.12,,,"1,2,3,4,5,6,7,8,9,10,11"
6402,1,H8,Anada,15,Diagonal - Francesc Macià,168,03:59:15,59.25,18.133333333333333,1088.0,1
6037,1,H8,Anada,15,Diagonal - Francesc Macià,168,04:07:12,7.2,7.9333333334,476.0,"1,2,3,32,33"
6406,1,H8,Anada,15,Diagonal - Francesc Macià,168,04:19:25,19.42,12.216666666633333,733.0,
6046,1,H8,Anada,15,Diagonal - Francesc Macià,168,04:29:39,29.65,10.233333333366666,614.0,"30,31"
6408,1,H8,Anada,15,Diagonal - Francesc Macià,168,04:35:23,35.38,5.7333333333,344.0,
6407,1,H8,Anada,15,Diagonal - Francesc Macià,168,04:43:15,43.25,7.8666666667,472.0,
6024,1,H8,Anada,15,Diagonal - Francesc Macià,168,04:53:51,53.85,10.6166666666,637.0,
6056,1,H8,Anada,15,Diagonal - Francesc Macià,168,05:10:52,10.87,17.000000000066667,1020.0,"1,2,3"
6411,1,H8,Anada,15,Diagonal - Francesc Macià,168,05:12:24,12.4,1.5333333333333334,92.0,
6055,1,H8,Anada,15,Diagonal - Francesc Macià,168,05:20:40,20.67,8.283333333266667,497.0,1
6414,1,H8,Anada,15,Diagonal - Francesc Macià,168,05:36:26,36.43,15.750000000066667,945.0,
6059,1,H8,Anada,15,Diagonal - Francesc Macià,168,05:39:28,39.47,3.033333333333333,182.0,"1,9"
6415,1,H8,Anada,15,Diagonal - Francesc Macià,168,05:53:15,53.25,13.783333333333333,827.0,
1547,1,H8,Anada,15,Diagonal - Francesc Macià,168,06:01:56,1.93,8.6833333333,521.0,
2671,1,H8,Anada,15,Diagonal - Francesc Macià,168,06:10:43,10.72,8.799999999966667,528.0,
6217,2,H8,Anada,15,Diagonal - Francesc Macià,168,06:18:31,18.52,7.7833333334,467.0,
6026,2,H8,Anada,15,Diagonal - Francesc Macià,168,06:28:52,28.87,10.349999999966666,621.0,
6401,1,H8,Anada,15,Diagonal - Francesc Macià,168,06:33:54,33.9,5.049999999966667,303.0,
6402,2,H8,Anada,15,Diagonal - Francesc Macià,168,06:42:35,42.58,8.683333333333334,521.0,
6808,1,H8,Anada,15,Diagonal - Francesc Macià,168,06:54:25,54.42,11.8166666667,709.0,
6037,2,H8,Anada,15,Diagonal - Francesc Macià,168,07:00:32,0.53,6.116666666666666,367.0,
6047,2,H8,Anada,15,Diagonal - Francesc Macià,168,07:12:22,12.37,11.833333333366665,710.0,
6406,2,H8,Anada,15,Diagonal - Francesc Macià,168,07:13:42,13.7,1.3333333333000001,80.0,
6215,1,H8,Anada,15,Diagonal - Francesc Macià,168,07:23:28,23.47,9.7833333333,587.0,
6408,2,H8,Anada,15,Diagonal - Francesc Macià,168,07:32:39,32.65,9.183333333333334,551.0,
6046,2,H8,Anada,15,Diagonal - Francesc Macià,168,07:40:44,40.73,8.0666666667,484.0,"7,21"
6407,2,H8,Anada,15,Diagonal - Francesc Macià,168,07:46:05,46.08,5.35,321.0,
6079,1,H8,Anada,15,Diagonal - Francesc Macià,168,07:50:58,50.97,4.883333333366666,293.0,1
6024,2,H8,Anada,15,Diagonal - Francesc Macià,168,08:01:41,1.68,10.716666666666667,643.0,
6056,3,H8,Anada,15,Diagonal - Francesc Macià,168,08:10:17,10.28,8.6,516.0,"4,18"
6411,2,H8,Anada,15,Diagonal - Francesc Macià,168,08:17:25,17.42,7.133333333333334,428.0,
6059,2,H8,Anada,15,Diagonal - Francesc Macià,168,08:22:56,22.93,5.516666666666667,331.0,"9,10,11,12,20,21,22,23"
6055,2,H8,Anada,15,Diagonal - Francesc Macià,168,08:28:28,28.47,5.533333333300001,332.0,1
6414,2,H8,Anada,15,Diagonal - Francesc Macià,168,08:46:35,46.58,18.116666666666667,1087.0,36
6415,2,H8,Anada,15,Diagonal - Francesc Macià,168,08:50:20,50.33,3.7500000000333333,225.0,
1547,2,H8,Anada,15,Diagonal - Francesc Macià,168,08:59:50,59.83,9.5,570.0,
2671,2,H8,Anada,15,Diagonal - Francesc Macià,168,09:07:39,7.65,7.833333333266666,470.0,
6217,3,H8,Anada,15,Diagonal - Francesc Macià,168,09:16:26,16.43,8.766666666733332,526.0,1
6026,3,H8,Anada,15,Diagonal - Francesc Macià,168,09:23:46,23.77,7.34999999995,441.0,1
6401,2,H8,Anada,15,Diagonal - Francesc Macià,168,09:34:20,34.33,10.56666666665,634.0,19
6402,3,H8,Anada,15,Diagonal - Francesc Macià,168,09:44:28,44.47,10.1166666667,607.0,
6808,2,H8,Anada,15,Diagonal - Francesc Macià,168,09:50:35,50.58,6.116666666666666,367.0,
6037,3,H8,Anada,15,Diagonal - Francesc Macià,168,10:00:20,0.33,9.766666666633334,586.0,
6047,3,H8,Anada,15,Diagonal - Francesc Macià,168,10:09:21,9.35,9.000000000066667,540.0,37
6406,3,H8,Anada,15,Diagonal - Francesc Macià,168,10:22:24,22.4,13.05,783.0,
6215,2,H8,Anada,15,Diagonal - Francesc Macià,168,10:28:52,28.87,6.48333333325,389.0,
6407,3,H8,Anada,15,Diagonal - Francesc Macià,168,10:38:44,38.73,9.866666666683333,592.0,1
6024,3,H8,Anada,15,Diagonal - Francesc Macià,168,10:54:21,54.35,15.616666666666667,937.0,
6056,4,H8,Anada,15,Diagonal - Francesc Macià,168,11:09:03,9.05,14.683333333366667,881.0,
6411,3,H8,Anada,15,Diagonal - Francesc Macià,168,11:13:54,13.9,4.850000000033333,291.0,
6059,3,H8,Anada,15,Diagonal - Francesc Macià,168,11:21:52,21.87,7.9666666666333334,478.0,
6055,3,H8,Anada,15,Diagonal - Francesc Macià,168,11:25:40,25.67,3.8000000000333336,228.0,
6414,3,H8,Anada,15,Diagonal - Francesc Macià,168,11:40:26,40.43,14.766666666633334,886.0,
6415,3,H8,Anada,15,Diagonal - Francesc Macià,168,11:48:33,48.55,8.1333333333,488.0,
1547,3,H8,Anada,15,Diagonal - Francesc Macià,168,11:59:15,59.25,10.683333333366667,641.0,
2671,3,H8,Anada,15,Diagonal - Francesc Macià,168,12:03:50,3.83,4.599999999966667,276.0,
6217,4,H8,Anada,15,Diagonal - Francesc Macià,168,12:14:25,14.42,10.583333333333334,635.0,
6026,4,H8,Anada,15,Diagonal - Francesc Macià,168,12:28:47,28.78,14.350000000066666,861.0,
6401,3,H8,Anada,15,Diagonal - Francesc Macià,168,12:32:30,32.5,3.716666666633333,223.0,
6402,4,H8,Anada,15,Diagonal - Francesc Macià,168,12:41:42,41.7,9.200000000033333,552.0,
6808,3,H8,Anada,15,Diagonal - Francesc Macià,168,12:47:54,47.9,6.2166666666,373.0,
6037,4,H8,Anada,15,Diagonal - Francesc Macià,168,13:00:45,0.75,12.85,771.0,
6047,4,H8,Anada,15,Diagonal - Francesc Macià,168,13:03:35,3.58,2.8333333333333335,170.0,"5,6,23,35"
6406,4,H8,Anada,15,Diagonal - Francesc Macià,168,13:11:46,11.77,8.166666666733333,490.0,
6215,3,H8,Anada,15,Diagonal - Francesc Macià,168,13:18:37,18.62,6.849999999966667,411.0,
6121,2,H8,Anada,15,Diagonal - Francesc Macià,168,13:32:02,32.03,13.4166666667,805.0,
6407,4,H8,Anada,15,Diagonal - Francesc Macià,168,13:38:03,38.05,6.016666666633333,361.0,
6079,3,H8,Anada,15,Diagonal - Francesc Macià,168,13:45:57,45.95,7.900000000033333,474.0,
6024,4,H8,Anada,15,Diagonal - Francesc Macià,168,13:53:47,53.78,7.833333333300001,470.0,19
6056,5,H8,Anada,15,Diagonal - Francesc Macià,168,13:57:57,57.95,4.1666666667,250.0,
6411,4,H8,Anada,15,Diagonal - Francesc Macià,168,14:10:01,10.02,12.066666666633333,724.0,
6211,3,H8,Anada,15,Diagonal - Francesc Macià,168,14:20:25,20.42,10.4,624.0,
6055,4,H8,Anada,15,Diagonal - Francesc Macià,168,14:28:39,28.65,8.000000000033333,480.0,
6030,1,H8,Anada,15,Diagonal - Francesc Macià,168,14:32:36,32.6,3.966666666616667,238.0,"1,2"
6414,4,H8,Anada,15,Diagonal - Francesc Macià,168,14:42:26,42.43,9.83333333335,590.0,
6415,4,H8,Anada,15,Diagonal - Francesc Macià,168,14:48:08,48.13,5.6833333334,341.0,19
1547,4,H8,Anada,15,Diagonal - Francesc Macià,168,15:00:08,0.13,11.999999999966667,720.0,
2671,4,H8,Anada,15,Diagonal - Francesc Macià,168,15:05:47,5.78,5.666666666616666,340.0,5
6217,5,H8,Anada,15,Diagonal - Francesc Macià,168,15:16:33,16.55,10.766666666683333,646.0,
6026,5,H8,Anada,15,Diagonal - Francesc Macià,168,15:24:03,24.05,7.4833333334,449.0,
6409,1,H8,Anada,15,Diagonal - Francesc Macià,168,15:28:25,28.42,4.383333333266666,263.0,
6401,4,H8,Anada,15,Diagonal - Francesc Macià,168,15:37:46,37.77,9.333333333399999,560.0,
6402,5,H8,Anada,15,Diagonal - Francesc Macià,168,15:47:02,47.03,9.266666666666667,556.0,"1,2"
6808,4,H8,Anada,15,Diagonal - Francesc Macià,168,15:49:35,49.58,2.55,153.0,
6037,5,H8,Anada,15,Diagonal - Francesc Macià,168,15:58:05,58.08,8.516666666583333,511.0,
6047,5,H8,Anada,15,Diagonal - Francesc Macià,168,16:08:23,8.38,10.283333333383332,617.0,
6406,5,H8,Anada,15,Diagonal - Francesc Macià,168,16:18:10,18.17,9.783333333366667,587.0,
6215,4,H8,Anada,15,Diagonal - Francesc Macià,168,16:25:34,25.57,7.399999999966667,444.0,
6121,3,H8,Anada,15,Diagonal - Francesc Macià,168,16:31:56,31.93,6.3666666667,382.0,
6407,5,H8,Anada,15,Diagonal - Francesc Macià,168,16:40:18,40.3,8.333333333366665,500.0,
6079,4,H8,Anada,15,Diagonal - Francesc Macià,168,16:49:38,49.63,9.333333333333334,560.0,
6024,5,H8,Anada,15,Diagonal - Francesc Macià,168,16:57:59,57.98,8.349999999966666,501.0,
6056,6,H8,Anada,15,Diagonal - Francesc Macià,168,16:59:34,59.57,1.5999999999666668,96.0,
6411,5,H8,Anada,15,Diagonal - Francesc Macià,168,17:11:38,11.63,12.050000000066666,723.0,
6059,5,H8,Anada,15,Diagonal - Francesc Macià,168,17:18:37,18.62,6.983333333333333,419.0,
6055,5,H8,Anada,15,Diagonal - Francesc Macià,168,17:26:39,26.65,8.0333333333,482.0,
6030,2,H8,Anada,15,Diagonal - Francesc Macià,168,17:36:39,36.65,10.016666666633334,601.0,
6414,5,H8,Anada,15,Diagonal - Francesc Macià,168,17:42:49,42.82,6.150000000066667,369.0,
6415,5,H8,Anada,15,Diagonal - Francesc Macià,168,17:50:25,50.42,7.6166666666,457.0,
1547,5,H8,Anada,15,Diagonal - Francesc Macià,168,17:54:47,54.78,4.350000000066667,261.0,
2671,5,H8,Anada,15,Diagonal - Francesc Macià,168,18:04:16,4.27,9.499999999933333,570.0,
6217,6,H8,Anada,15,Diagonal - Francesc Macià,168,18:08:25,8.42,4.1333333333999995,248.0,
6026,6,H8,Anada,15,Diagonal - Francesc Macià,168,18:22:31,22.52,14.099999999966666,846.0,
6409,2,H8,Anada,15,Diagonal - Francesc Macià,168,18:28:53,28.88,6.3666666667,382.0,
6401,5,H8,Anada,15,Diagonal - Francesc Macià,168,18:34:30,34.5,5.633333333266666,338.0,
6402,6,H8,Anada,15,Diagonal - Francesc Macià,168,18:38:34,38.57,4.050000000033333,243.0,
6037,6,H8,Anada,15,Diagonal - Francesc Macià,168,18:59:48,59.8,21.24999999996667,1275.0,
6063,1,H8,Anada,15,Diagonal - Francesc Macià,168,19:03:29,3.48,2.916666666633333,175.0,"1,2,3,4,5,6,7,8,9,10,11,12"
6406,6,H8,Anada,15,Diagonal - Francesc Macià,168,19:14:05,14.08,10.6,636.0,
6121,4,H8,Anada,15,Diagonal - Francesc Macià,168,19:24:04,24.07,9.983333333333333,599.0,
6407,6,H8,Anada,15,Diagonal - Francesc Macià,168,19:32:55,32.92,8.833333333399999,530.0,"9,19"
6024,6,H8,Anada,15,Diagonal - Francesc Macià,168,19:45:54,45.9,12.983333333333333,779.0,
6411,6,H8,Anada,15,Diagonal - Francesc Macià,168,19:55:05,55.08,8.5833333333,515.0,
6030,3,H8,Anada,15,Diagonal - Francesc Macià,168,20:07:49,7.82,12.733333333366666,764.0,
6414,6,H8,Anada,15,Diagonal - Francesc Macià,168,20:19:33,19.55,11.749999999933333,705.0,
6415,6,H8,Anada,15,Diagonal - Francesc Macià,168,20:33:09,33.15,13.583333333366665,815.0,
6026,7,H8,Anada,15,Diagonal - Francesc Macià,168,20:48:06,48.1,14.966666666633333,898.0,"9,10,11"
6409,3,H8,Anada,15,Diagonal - Francesc Macià,168,21:05:14,5.23,17.133333333333333,1028.0,"13,29"
6402,7,H8,Anada,15,Diagonal - Francesc Macià,168,21:11:23,11.38,6.15,369.0,
6063,2,H8,Anada,15,Diagonal - Francesc Macià,168,21:33:23,33.38,22.0,1320.0,23
6408,6,H8,Anada,15,Diagonal - Francesc Macià,168,21:46:43,46.72,13.216666666666667,793.0,33
6026,1,H8,Anada,16,Diagonal - Muntaner,929,03:43:21,43.35,,,"1,2,3,4,5,6,7,8,9,10,11"
6402,1,H8,Anada,16,Diagonal - Muntaner,929,04:00:09,0.15,16.799999999966666,1008.0,1
6037,1,H8,Anada,16,Diagonal - Muntaner,929,04:08:51,8.85,8.716666666633333,523.0,"1,2,3,32,33"
6406,1,H8,Anada,16,Diagonal - Muntaner,929,04:21:05,21.08,12.2166666667,733.0,
6046,1,H8,Anada,16,Diagonal - Muntaner,929,04:31:11,31.18,10.1,606.0,"30,31"
6408,1,H8,Anada,16,Diagonal - Muntaner,929,04:36:08,36.13,4.950000000033333,297.0,
6407,1,H8,Anada,16,Diagonal - Muntaner,929,04:44:33,44.55,8.433333333266667,506.0,
6024,1,H8,Anada,16,Diagonal - Muntaner,929,04:56:12,56.2,11.6333333334,698.0,
6056,1,H8,Anada,16,Diagonal - Muntaner,929,05:11:59,11.98,15.7833333333,947.0,"1,2,3"
6411,1,H8,Anada,16,Diagonal - Muntaner,929,05:13:11,13.18,1.2166666666333334,73.0,
6055,1,H8,Anada,16,Diagonal - Muntaner,929,05:21:57,21.95,8.750000000033333,525.0,1
6414,1,H8,Anada,16,Diagonal - Muntaner,929,05:37:36,37.6,15.65,939.0,
6059,1,H8,Anada,16,Diagonal - Muntaner,929,05:41:26,41.43,3.833333333366667,230.0,"1,9"
6415,1,H8,Anada,16,Diagonal - Muntaner,929,05:55:24,55.4,13.966666666633333,838.0,
6047,1,H8,Anada,16,Diagonal - Muntaner,929,05:57:18,57.3,1.9166666666333334,115.0,"1,2,3,4,5,6,7,8,9,10,11,12,13,14,15,28,29,30,31,32,33,34,35,36,37,38,39"
1547,1,H8,Anada,16,Diagonal - Muntaner,929,06:03:20,3.33,6.016666666733333,361.0,
2671,1,H8,Anada,16,Diagonal - Muntaner,929,06:13:01,13.02,9.683333333333334,581.0,
6217,2,H8,Anada,16,Diagonal - Muntaner,929,06:19:26,19.43,6.416666666666667,385.0,
6026,2,H8,Anada,16,Diagonal - Muntaner,929,06:32:37,32.62,13.1833333333,791.0,
6401,1,H8,Anada,16,Diagonal - Muntaner,929,06:37:12,37.2,4.583333333366666,275.0,
6402,2,H8,Anada,16,Diagonal - Muntaner,929,06:43:33,43.55,6.3666666666,382.0,
6808,1,H8,Anada,16,Diagonal - Muntaner,929,06:57:59,57.98,14.433333333333334,866.0,
6037,2,H8,Anada,16,Diagonal - Muntaner,929,07:01:02,1.03,3.0333333334,182.0,
6047,2,H8,Anada,16,Diagonal - Muntaner,929,07:14:13,14.22,13.183333333333334,791.0,
6406,2,H8,Anada,16,Diagonal - Muntaner,929,07:15:28,15.47,1.25,75.0,
6215,1,H8,Anada,16,Diagonal - Muntaner,929,07:26:47,26.78,11.316666666633333,679.0,
6408,2,H8,Anada,16,Diagonal - Muntaner,929,07:34:27,34.45,7.666666666666667,460.0,
6046,2,H8,Anada,16,Diagonal - Muntaner,929,07:42:42,42.7,8.26666666665,496.0,"7,21"
6407,2,H8,Anada,16,Diagonal - Muntaner,929,07:48:51,48.85,6.1333333333499995,368.0,
6079,1,H8,Anada,16,Diagonal - Muntaner,929,07:52:27,52.45,3.6166666666333334,217.0,1
6024,2,H8,Anada,16,Diagonal - Muntaner,929,08:02:32,2.53,10.066666666733333,604.0,
6056,3,H8,Anada,16,Diagonal - Muntaner,929,08:11:28,11.47,8.949999999933334,537.0,"4,18"
6411,2,H8,Anada,16,Diagonal - Muntaner,929,08:19:41,19.68,8.216666666666667,493.0,
6059,2,H8,Anada,16,Diagonal - Muntaner,929,08:24:50,24.83,5.15,309.0,"9,10,11,12,20,21,22,23"
6055,2,H8,Anada,16,Diagonal - Muntaner,929,08:30:31,30.52,5.666666666733334,340.0,1
6414,2,H8,Anada,16,Diagonal - Muntaner,929,08:48:04,48.07,17.549999999966666,1053.0,36
6415,2,H8,Anada,16,Diagonal - Muntaner,929,08:51:49,51.82,3.75,225.0,
1547,2,H8,Anada,16,Diagonal - Muntaner,929,09:01:19,1.32,9.5,570.0,
2671,2,H8,Anada,16,Diagonal - Muntaner,929,09:09:21,9.35,8.033333333333333,482.0,
6217,3,H8,Anada,16,Diagonal - Muntaner,929,09:19:24,19.4,10.050000000033332,603.0,1
6026,3,H8,Anada,16,Diagonal - Muntaner,929,09:25:03,25.05,5.65,339.0,1
6401,2,H8,Anada,16,Diagonal - Muntaner,929,09:36:20,36.33,11.2833333333,677.0,19
6402,3,H8,Anada,16,Diagonal - Muntaner,929,09:45:45,45.75,9.4166666667,565.0,
6808,2,H8,Anada,16,Diagonal - Muntaner,929,09:52:59,52.98,7.233333333333333,434.0,
6037,3,H8,Anada,16,Diagonal - Muntaner,929,10:02:22,2.37,9.383333333333333,563.0,
6047,3,H8,Anada,16,Diagonal - Muntaner,929,10:11:31,11.52,9.15,549.0,37
6406,3,H8,Anada,16,Diagonal - Muntaner,929,10:24:47,24.78,13.266666666633334,796.0,
6215,2,H8,Anada,16,Diagonal - Muntaner,929,10:30:50,30.83,6.066666666633334,364.0,
6407,3,H8,Anada,16,Diagonal - Muntaner,929,10:40:14,40.23,9.4,564.0,1
6079,2,H8,Anada,16,Diagonal - Muntaner,929,10:48:16,48.27,8.016666666699999,481.0,15
6024,3,H8,Anada,16,Diagonal - Muntaner,929,10:56:21,56.35,8.083333333366665,485.0,
6056,4,H8,Anada,16,Diagonal - Muntaner,929,11:10:44,10.73,14.399999999933334,864.0,
6411,3,H8,Anada,16,Diagonal - Muntaner,929,11:15:37,15.62,4.8666666667,292.0,
6059,3,H8,Anada,16,Diagonal - Muntaner,929,11:23:24,23.4,7.799999999966667,468.0,
6055,3,H8,Anada,16,Diagonal - Muntaner,929,11:27:56,27.93,4.533333333333333,272.0,
6414,3,H8,Anada,16,Diagonal - Muntaner,929,11:42:50,42.83,14.883333333366666,893.0,
6415,3,H8,Anada,16,Diagonal - Muntaner,929,11:50:45,50.75,7.916666666699999,475.0,
1547,3,H8,Anada,16,Diagonal - Muntaner,929,12:00:35,0.58,9.849999999933335,591.0,
2671,3,H8,Anada,16,Diagonal - Muntaner,929,12:05:34,5.57,4.9666666667333335,298.0,
6217,4,H8,Anada,16,Diagonal - Muntaner,929,12:16:31,16.52,10.95,657.0,
6026,4,H8,Anada,16,Diagonal - Muntaner,929,12:31:00,31.0,14.499999999933333,870.0,
6401,3,H8,Anada,16,Diagonal - Muntaner,929,12:34:35,34.58,3.5666666667,214.0,
6402,4,H8,Anada,16,Diagonal - Muntaner,929,12:43:46,43.77,9.183333333366667,551.0,
6808,3,H8,Anada,16,Diagonal - Muntaner,929,12:49:45,49.75,5.999999999933333,360.0,
6037,4,H8,Anada,16,Diagonal - Muntaner,929,13:02:58,2.97,13.216666666650001,793.0,
6047,4,H8,Anada,16,Diagonal - Muntaner,929,13:04:32,4.53,1.5500000000833334,93.0,"5,6,23,35"
6406,4,H8,Anada,16,Diagonal - Muntaner,929,13:14:00,14.0,9.466666666633333,568.0,
6215,3,H8,Anada,16,Diagonal - Muntaner,929,13:19:47,19.78,5.799999999966667,348.0,
6121,2,H8,Anada,16,Diagonal - Muntaner,929,13:32:58,32.97,13.1666666667,790.0,
6407,4,H8,Anada,16,Diagonal - Muntaner,929,13:39:29,39.48,6.516666666666667,391.0,
6079,3,H8,Anada,16,Diagonal - Muntaner,929,13:47:53,47.88,8.4,504.0,
6024,4,H8,Anada,16,Diagonal - Muntaner,929,13:55:33,55.55,7.666666666666667,460.0,19
6056,5,H8,Anada,16,Diagonal - Muntaner,929,13:59:48,59.8,4.25,255.0,
6411,4,H8,Anada,16,Diagonal - Muntaner,929,14:11:13,11.22,11.4333333333,686.0,
6211,3,H8,Anada,16,Diagonal - Muntaner,929,14:22:31,22.52,11.283333333366667,677.0,
6055,4,H8,Anada,16,Diagonal - Muntaner,929,14:31:03,31.05,8.499999999966667,510.0,
6030,1,H8,Anada,16,Diagonal - Muntaner,929,14:34:14,34.23,3.1999999999666664,192.0,"1,2"
6414,4,H8,Anada,16,Diagonal - Muntaner,929,14:43:49,43.82,9.583333333333334,575.0,
6415,4,H8,Anada,16,Diagonal - Muntaner,929,14:50:10,50.17,6.35,381.0,19
1547,4,H8,Anada,16,Diagonal - Muntaner,929,15:01:05,1.08,10.900000000066665,654.0,
2671,4,H8,Anada,16,Diagonal - Muntaner,929,15:07:26,7.43,6.3666666666,382.0,5
6217,5,H8,Anada,16,Diagonal - Muntaner,929,15:19:12,19.2,11.766666666666667,706.0,
6026,5,H8,Anada,16,Diagonal - Muntaner,929,15:26:28,26.47,7.266666666666667,436.0,
6409,1,H8,Anada,16,Diagonal - Muntaner,929,15:29:52,29.87,3.4,204.0,
6401,4,H8,Anada,16,Diagonal - Muntaner,929,15:40:11,40.18,10.316666666666666,619.0,
6402,5,H8,Anada,16,Diagonal - Muntaner,929,15:48:33,48.55,8.350000000066666,501.0,"1,2"
6808,4,H8,Anada,16,Diagonal - Muntaner,929,15:52:05,52.08,3.5333333333,212.0,
6037,5,H8,Anada,16,Diagonal - Muntaner,929,15:59:56,59.93,7.850000000033333,471.0,
6047,5,H8,Anada,16,Diagonal - Muntaner,929,16:10:46,10.77,10.8333333333,650.0,
6406,5,H8,Anada,16,Diagonal - Muntaner,929,16:20:14,20.23,9.4666666667,568.0,
6215,4,H8,Anada,16,Diagonal - Muntaner,929,16:27:08,27.13,6.899999999983334,414.0,
6408,5,H8,Anada,16,Diagonal - Muntaner,929,16:33:49,33.82,6.683333333316667,401.0,"1,2,3,4,21,22,23,24,25,26,27,28,29,30,31,32,33,34,35,36,37,38,39"
6407,5,H8,Anada,16,Diagonal - Muntaner,929,16:42:02,42.03,7.883333333333334,473.0,
6079,4,H8,Anada,16,Diagonal - Muntaner,929,16:51:25,51.42,9.3666666667,562.0,
6024,5,H8,Anada,16,Diagonal - Muntaner,929,16:59:28,59.47,8.066666666633333,484.0,
6056,6,H8,Anada,16,Diagonal - Muntaner,929,17:00:57,0.95,1.4666666667333332,88.0,
6411,5,H8,Anada,16,Diagonal - Muntaner,929,17:14:18,14.3,13.35,801.0,
6059,5,H8,Anada,16,Diagonal - Muntaner,929,17:20:14,20.23,5.9333333333,356.0,
6055,5,H8,Anada,16,Diagonal - Muntaner,929,17:28:17,28.28,8.066666666633333,484.0,
6030,2,H8,Anada,16,Diagonal - Muntaner,929,17:38:06,38.1,9.816666666666666,589.0,
6414,5,H8,Anada,16,Diagonal - Muntaner,929,17:44:12,44.2,6.083333333400001,365.0,
6415,5,H8,Anada,16,Diagonal - Muntaner,929,17:52:39,52.65,8.449999999966668,507.0,
1547,5,H8,Anada,16,Diagonal - Muntaner,929,17:55:11,55.18,2.533333333366667,152.0,
2671,5,H8,Anada,16,Diagonal - Muntaner,929,18:06:46,6.77,11.59999999995,696.0,
6217,6,H8,Anada,16,Diagonal - Muntaner,929,18:09:59,9.98,3.21666666665,193.0,
6026,6,H8,Anada,16,Diagonal - Muntaner,929,18:24:16,24.27,14.283333333333333,857.0,
6409,2,H8,Anada,16,Diagonal - Muntaner,929,18:30:48,30.8,6.516666666733333,391.0,
6401,5,H8,Anada,16,Diagonal - Muntaner,929,18:35:41,35.68,4.8833333333,293.0,
6402,6,H8,Anada,16,Diagonal - Muntaner,929,18:39:40,39.67,3.9833333333333334,239.0,
6047,6,H8,Anada,16,Diagonal - Muntaner,929,19:02:15,2.25,22.599999999966666,1356.0,"1,2,3,4,5,6,7,8,9,10,11,12"
6063,1,H8,Anada,16,Diagonal - Muntaner,929,19:04:20,4.33,1.4499999999666668,87.0,"1,2,3,4,5,6,7,8,9,10,11,12"
6406,6,H8,Anada,16,Diagonal - Muntaner,929,19:15:18,15.3,10.966666666666667,658.0,
6121,4,H8,Anada,16,Diagonal - Muntaner,929,19:26:17,26.28,10.983333333333333,659.0,
6407,6,H8,Anada,16,Diagonal - Muntaner,929,19:33:48,33.8,7.5166666667,451.0,"9,19"
6024,6,H8,Anada,16,Diagonal - Muntaner,929,19:47:10,47.17,13.383333333266668,803.0,
6411,6,H8,Anada,16,Diagonal - Muntaner,929,19:56:56,56.93,9.600000000033333,576.0,
6030,3,H8,Anada,16,Diagonal - Muntaner,929,20:09:45,9.75,12.816666666666666,769.0,
6414,6,H8,Anada,16,Diagonal - Muntaner,929,20:20:49,20.82,11.066666666666666,664.0,
6415,6,H8,Anada,16,Diagonal - Muntaner,929,20:34:54,34.9,14.083333333333334,845.0,
6026,7,H8,Anada,16,Diagonal - Muntaner,929,20:49:08,49.13,14.233333333366666,854.0,"9,10,11"
6409,3,H8,Anada,16,Diagonal - Muntaner,929,21:07:07,7.12,17.999999999933333,1080.0,"13,29"
6402,7,H8,Anada,16,Diagonal - Muntaner,929,21:13:31,13.52,6.4,384.0,
6047,7,H8,Anada,16,Diagonal - Muntaner,929,21:34:49,34.82,21.283333333366667,1277.0,27
6408,6,H8,Anada,16,Diagonal - Muntaner,929,21:49:47,49.78,14.75,885.0,33
6026,1,H8,Anada,17,Diagonal - Balmes,94,03:44:33,44.55,,,"1,2,3,4,5,6,7,8,9,10,11"
6402,1,H8,Anada,17,Diagonal - Balmes,94,04:02:37,2.62,18.066666666666666,1084.0,1
6037,1,H8,Anada,17,Diagonal - Balmes,94,04:09:31,9.52,6.900000000033333,414.0,"1,2,3,32,33"
6406,1,H8,Anada,17,Diagonal - Balmes,94,04:23:08,23.13,13.616666666633334,817.0,
6046,1,H8,Anada,17,Diagonal - Balmes,94,04:32:39,32.65,9.516666666699999,571.0,"30,31"
6408,1,H8,Anada,17,Diagonal - Balmes,94,04:38:30,38.5,5.849999999966667,351.0,
6407,1,H8,Anada,17,Diagonal - Balmes,94,04:46:44,46.73,8.233333333366666,494.0,
6024,1,H8,Anada,17,Diagonal - Balmes,94,04:57:32,57.53,10.816666666600002,649.0,
6056,1,H8,Anada,17,Diagonal - Balmes,94,05:13:47,13.78,16.233333333366666,974.0,"1,2,3"
6411,1,H8,Anada,17,Diagonal - Balmes,94,05:15:47,15.78,2.0166666666333333,121.0,
6055,1,H8,Anada,17,Diagonal - Balmes,94,05:23:59,23.98,8.1833333334,491.0,1
6414,1,H8,Anada,17,Diagonal - Balmes,94,05:39:37,39.62,15.633333333333333,938.0,
6059,1,H8,Anada,17,Diagonal - Balmes,94,05:42:33,42.55,2.9333333333,176.0,"1,9"
6415,1,H8,Anada,17,Diagonal - Balmes,94,05:56:53,56.88,14.333333333333334,860.0,
6047,1,H8,Anada,17,Diagonal - Balmes,94,06:00:23,0.38,3.5166666666333333,211.0,"1,2,3,4,5,6,7,8,9,10,11,12,13,14,15,28,29,30,31,32,33,34,35,36,37,38,39"
1547,1,H8,Anada,17,Diagonal - Balmes,94,06:05:09,5.15,4.750000000066667,285.0,
2671,1,H8,Anada,17,Diagonal - Balmes,94,06:14:27,14.45,9.3,558.0,
6217,2,H8,Anada,17,Diagonal - Balmes,94,06:21:19,21.32,6.866666666633334,412.0,
6026,2,H8,Anada,17,Diagonal - Balmes,94,06:33:47,33.78,12.466666666666667,748.0,
6401,1,H8,Anada,17,Diagonal - Balmes,94,06:40:11,40.18,6.400000000033333,384.0,
6402,2,H8,Anada,17,Diagonal - Balmes,94,06:45:33,45.55,5.366666666633334,322.0,
6808,1,H8,Anada,17,Diagonal - Balmes,94,06:59:15,59.25,13.716666666633333,823.0,
6037,2,H8,Anada,17,Diagonal - Balmes,94,07:03:08,3.13,3.8666666667,232.0,
6047,2,H8,Anada,17,Diagonal - Balmes,94,07:16:16,16.27,13.133333333366666,788.0,
6215,1,H8,Anada,17,Diagonal - Balmes,94,07:28:22,28.37,11.116666666716666,667.0,
6408,2,H8,Anada,17,Diagonal - Balmes,94,07:36:21,36.35,7.983333333333333,479.0,
6046,2,H8,Anada,17,Diagonal - Balmes,94,07:43:35,43.58,7.233333333366667,434.0,"7,21"
6407,2,H8,Anada,17,Diagonal - Balmes,94,07:51:07,51.12,7.533333333333333,452.0,
6079,1,H8,Anada,17,Diagonal - Balmes,94,07:55:01,55.02,3.9166666666000003,235.0,1
6024,2,H8,Anada,17,Diagonal - Balmes,94,08:04:55,4.92,9.8833333334,593.0,
6056,3,H8,Anada,17,Diagonal - Balmes,94,08:13:21,13.35,8.433333333333334,506.0,"4,18"
6411,2,H8,Anada,17,Diagonal - Balmes,94,08:20:58,20.97,7.616666666633334,457.0,
6059,2,H8,Anada,17,Diagonal - Balmes,94,08:26:44,26.73,5.783333333300001,347.0,"9,10,11,12,20,21,22,23"
6055,2,H8,Anada,17,Diagonal - Balmes,94,08:32:31,32.52,5.766666666733333,346.0,1
6414,2,H8,Anada,17,Diagonal - Balmes,94,08:49:56,49.93,17.416666666666668,1045.0,36
6415,2,H8,Anada,17,Diagonal - Balmes,94,08:53:28,53.47,3.5333333333,212.0,
1547,2,H8,Anada,17,Diagonal - Balmes,94,09:03:21,3.35,9.883333333333333,593.0,
2671,2,H8,Anada,17,Diagonal - Balmes,94,09:10:50,10.83,7.483333333366667,449.0,
6217,3,H8,Anada,17,Diagonal - Balmes,94,09:20:34,20.57,9.733333333333333,584.0,1
6026,3,H8,Anada,17,Diagonal - Balmes,94,09:26:59,26.98,6.416666666666667,385.0,1
6401,2,H8,Anada,17,Diagonal - Balmes,94,09:38:40,38.67,11.6833333333,701.0,19
6402,3,H8,Anada,17,Diagonal - Balmes,94,09:47:41,47.68,9.016666666666667,541.0,
6808,2,H8,Anada,17,Diagonal - Balmes,94,09:56:29,56.48,8.8,528.0,
6037,3,H8,Anada,17,Diagonal - Balmes,94,10:04:07,4.12,7.633333333366666,458.0,
6047,3,H8,Anada,17,Diagonal - Balmes,94,10:14:25,14.42,10.3,618.0,37
6406,3,H8,Anada,17,Diagonal - Balmes,94,10:27:50,27.83,13.41666666665,805.0,
6215,2,H8,Anada,17,Diagonal - Balmes,94,10:33:30,33.5,5.683333333283333,341.0,
6407,3,H8,Anada,17,Diagonal - Balmes,94,10:42:15,42.25,8.75,525.0,1
6079,2,H8,Anada,17,Diagonal - Balmes,94,10:50:21,50.35,8.099999999983334,486.0,15
6024,3,H8,Anada,17,Diagonal - Balmes,94,10:57:50,57.83,7.48333333335,449.0,
6056,4,H8,Anada,17,Diagonal - Balmes,94,11:13:12,13.2,15.350000000033333,921.0,
6411,3,H8,Anada,17,Diagonal - Balmes,94,11:17:52,17.87,4.666666666699999,280.0,
6059,3,H8,Anada,17,Diagonal - Balmes,94,11:25:55,25.92,8.0666666666,484.0,
6055,3,H8,Anada,17,Diagonal - Balmes,94,11:30:31,30.52,4.583333333366666,275.0,
6414,3,H8,Anada,17,Diagonal - Balmes,94,11:45:28,45.47,14.95,897.0,
6415,3,H8,Anada,17,Diagonal - Balmes,94,11:52:27,52.45,6.999999999966667,420.0,
1547,3,H8,Anada,17,Diagonal - Balmes,94,12:02:21,2.35,9.9,594.0,
2671,3,H8,Anada,17,Diagonal - Balmes,94,12:07:05,7.08,4.7166666667333335,283.0,
6217,4,H8,Anada,17,Diagonal - Balmes,94,12:18:32,18.53,11.466666666583334,688.0,
6026,4,H8,Anada,17,Diagonal - Balmes,94,12:32:49,32.82,14.283333333349999,857.0,
6401,3,H8,Anada,17,Diagonal - Balmes,94,12:35:54,35.9,3.0666666667,184.0,
6402,4,H8,Anada,17,Diagonal - Balmes,94,12:45:47,45.78,9.883333333366666,593.0,
6808,3,H8,Anada,17,Diagonal - Balmes,94,12:51:48,51.8,6.0333333332666665,362.0,
6037,4,H8,Anada,17,Diagonal - Balmes,94,13:05:30,5.5,13.683333333399998,821.0,
6047,4,H8,Anada,17,Diagonal - Balmes,94,13:06:36,6.6,1.1166666666,67.0,"5,6,23,35"
6406,4,H8,Anada,17,Diagonal - Balmes,94,13:16:01,16.02,9.400000000066665,564.0,
6215,3,H8,Anada,17,Diagonal - Balmes,94,13:22:28,22.47,6.45,387.0,
6121,2,H8,Anada,17,Diagonal - Balmes,94,13:35:04,35.07,12.6166666666,757.0,
6407,4,H8,Anada,17,Diagonal - Balmes,94,13:43:11,43.18,8.100000000066666,486.0,
6079,3,H8,Anada,17,Diagonal - Balmes,94,13:50:01,50.02,6.833333333300001,410.0,
6024,4,H8,Anada,17,Diagonal - Balmes,94,13:57:33,57.55,7.53333333335,452.0,19
6056,5,H8,Anada,17,Diagonal - Balmes,94,14:01:55,1.92,4.383333333283333,263.0,
6411,4,H8,Anada,17,Diagonal - Balmes,94,14:13:25,13.42,11.4833333334,689.0,
6059,4,H8,Anada,17,Diagonal - Balmes,94,14:24:45,24.75,11.349999999933335,681.0,
6055,4,H8,Anada,17,Diagonal - Balmes,94,14:33:11,33.18,8.383333333366666,503.0,
6030,1,H8,Anada,17,Diagonal - Balmes,94,14:35:53,35.88,2.7,162.0,"1,2"
6414,4,H8,Anada,17,Diagonal - Balmes,94,14:47:37,47.62,11.749999999933333,705.0,
6415,4,H8,Anada,17,Diagonal - Balmes,94,14:52:46,52.77,5.1333333334,308.0,19
1547,4,H8,Anada,17,Diagonal - Balmes,94,15:03:47,3.78,11.033333333266667,662.0,
2671,4,H8,Anada,17,Diagonal - Balmes,94,15:09:34,9.57,5.7666666667,346.0,5
6217,5,H8,Anada,17,Diagonal - Balmes,94,15:21:20,21.33,11.766666666699999,706.0,
6026,5,H8,Anada,17,Diagonal - Balmes,94,15:29:10,29.17,7.849999999933333,471.0,
6409,1,H8,Anada,17,Diagonal - Balmes,94,15:32:43,32.72,3.5333333334,212.0,
6401,4,H8,Anada,17,Diagonal - Balmes,94,15:44:16,44.27,11.55,693.0,
6402,5,H8,Anada,17,Diagonal - Balmes,94,15:51:54,51.9,7.633333333333334,458.0,"1,2"
6808,4,H8,Anada,17,Diagonal - Balmes,94,15:54:27,54.45,2.5499999999666665,153.0,
6037,5,H8,Anada,17,Diagonal - Balmes,94,16:04:08,4.13,9.683333333333334,581.0,
6047,5,H8,Anada,17,Diagonal - Balmes,94,16:17:07,17.12,12.983333333366666,779.0,
6406,5,H8,Anada,17,Diagonal - Balmes,94,16:22:29,22.48,5.366666666633334,322.0,
6215,4,H8,Anada,17,Diagonal - Balmes,94,16:29:57,29.95,7.4833333333,449.0,
6408,5,H8,Anada,17,Diagonal - Balmes,94,16:36:10,36.17,6.200000000033333,372.0,"1,2,3,4,21,22,23,24,25,26,27,28,29,30,31,32,33,34,35,36,37,38,39"
6121,3,H8,Anada,17,Diagonal - Balmes,94,16:38:10,38.17,2.0166666666333333,121.0,
6407,5,H8,Anada,17,Diagonal - Balmes,94,16:44:00,44.0,5.833333333333333,350.0,
6079,4,H8,Anada,17,Diagonal - Balmes,94,16:54:15,54.25,10.233333333366666,614.0,
6024,5,H8,Anada,17,Diagonal - Balmes,94,17:02:28,2.47,8.233333333300001,494.0,
6411,5,H8,Anada,17,Diagonal - Balmes,94,17:17:29,17.48,14.05,843.0,
6059,5,H8,Anada,17,Diagonal - Balmes,94,17:22:44,22.73,5.233333333366667,314.0,
6055,5,H8,Anada,17,Diagonal - Balmes,94,17:32:15,32.25,9.5333333333,572.0,
6030,2,H8,Anada,17,Diagonal - Balmes,94,17:42:01,42.02,9.750000000066667,585.0,
6414,5,H8,Anada,17,Diagonal - Balmes,94,17:46:34,46.57,4.55,273.0,
6415,5,H8,Anada,17,Diagonal - Balmes,94,17:54:47,54.78,8.233333333266666,494.0,
1547,5,H8,Anada,17,Diagonal - Balmes,94,17:57:56,57.93,3.1333333333666666,188.0,
2671,5,H8,Anada,17,Diagonal - Balmes,94,18:08:45,8.75,10.816666666666666,649.0,
6217,6,H8,Anada,17,Diagonal - Balmes,94,18:12:25,12.42,3.6833333333,221.0,
6026,6,H8,Anada,17,Diagonal - Balmes,94,18:26:12,26.2,13.783333333316667,827.0,
6409,2,H8,Anada,17,Diagonal - Balmes,94,18:32:34,32.57,6.350000000083333,381.0,
6401,5,H8,Anada,17,Diagonal - Balmes,94,18:37:55,37.92,5.349999999966667,321.0,
6402,6,H8,Anada,17,Diagonal - Balmes,94,18:42:17,42.28,4.366666666666666,262.0,
6037,6,H8,Anada,17,Diagonal - Balmes,94,19:04:12,4.2,21.9166666667,1315.0,
6047,6,H8,Anada,17,Diagonal - Balmes,94,19:06:03,6.05,1.8666666666,112.0,"1,2,3,4,5,6,7,8,9,10,11,12"
6406,6,H8,Anada,17,Diagonal - Balmes,94,19:17:11,17.18,11.1,666.0,
6121,4,H8,Anada,17,Diagonal - Balmes,94,19:28:13,28.22,11.04999999995,663.0,
6407,6,H8,Anada,17,Diagonal - Balmes,94,19:36:16,36.27,8.050000000016666,483.0,"9,19"
6024,6,H8,Anada,17,Diagonal - Balmes,94,19:49:07,49.12,12.833333333366665,770.0,
6411,6,H8,Anada,17,Diagonal - Balmes,94,19:58:16,58.27,9.016666666733332,541.0,
6030,3,H8,Anada,17,Diagonal - Balmes,94,20:11:32,11.53,13.266666666633334,796.0,
6414,6,H8,Anada,17,Diagonal - Balmes,94,20:22:20,22.33,10.8,648.0,
6415,6,H8,Anada,17,Diagonal - Balmes,94,20:37:13,37.22,14.899999999966667,894.0,
6026,7,H8,Anada,17,Diagonal - Balmes,94,20:51:26,51.43,14.200000000066666,852.0,"9,10,11"
6409,3,H8,Anada,17,Diagonal - Balmes,94,21:09:01,9.02,17.599999999933335,1056.0,"13,29"
6402,7,H8,Anada,17,Diagonal - Balmes,94,21:15:23,15.38,6.350000000066667,381.0,
6047,7,H8,Anada,17,Diagonal - Balmes,94,21:36:41,36.68,21.3166666666,1279.0,27
6408,6,H8,Anada,17,Diagonal - Balmes,94,21:51:16,51.27,14.25,855.0,33
6026,1,H8,Anada,18,Diagonal - Pau Claris,1080,03:46:49,46.82,,,"1,2,3,4,5,6,7,8,9,10,11"
6402,1,H8,Anada,18,Diagonal - Pau Claris,1080,04:04:24,4.4,17.599999999933335,1056.0,1
6037,1,H8,Anada,18,Diagonal - Pau Claris,1080,04:11:49,11.82,7.400000000033333,444.0,"1,2,3,32,33"
6406,1,H8,Anada,18,Diagonal - Pau Claris,1080,04:25:15,25.25,13.433333333333334,806.0,
6046,1,H8,Anada,18,Diagonal - Pau Claris,1080,04:34:32,34.53,9.299999999966667,558.0,"30,31"
6408,1,H8,Anada,18,Diagonal - Pau Claris,1080,04:40:38,40.63,6.083333333366666,365.0,
6407,1,H8,Anada,18,Diagonal - Pau Claris,1080,04:48:22,48.37,7.733333333366667,464.0,
6024,1,H8,Anada,18,Diagonal - Pau Claris,1080,04:59:39,59.65,11.283333333333333,677.0,
6056,1,H8,Anada,18,Diagonal - Pau Claris,1080,05:15:24,15.4,15.7666666666,946.0,"1,2,3"
6411,1,H8,Anada,18,Diagonal - Pau Claris,1080,05:18:26,18.43,3.0166666667,181.0,
6055,1,H8,Anada,18,Diagonal - Pau Claris,1080,05:25:19,25.32,6.899999999966667,414.0,1
6414,1,H8,Anada,18,Diagonal - Pau Claris,1080,05:41:25,41.42,16.0833333334,965.0,
6059,1,H8,Anada,18,Diagonal - Pau Claris,1080,05:45:21,45.35,3.933333333333333,236.0,"1,9"
6415,1,H8,Anada,18,Diagonal - Pau Claris,1080,05:59:13,59.22,13.883333333266668,833.0,
6047,1,H8,Anada,18,Diagonal - Pau Claris,1080,06:02:21,2.35,3.116666666733333,187.0,"1,2,3,4,5,6,7,8,9,10,11,12,13,14,15,28,29,30,31,32,33,34,35,36,37,38,39"
1547,1,H8,Anada,18,Diagonal - Pau Claris,1080,06:07:05,7.08,4.733333333333333,284.0,
2671,1,H8,Anada,18,Diagonal - Pau Claris,1080,06:16:25,16.42,9.349999999933335,561.0,
6217,2,H8,Anada,18,Diagonal - Pau Claris,1080,06:24:22,24.37,7.95,477.0,
6026,2,H8,Anada,18,Diagonal - Pau Claris,1080,06:35:27,35.45,11.066666666716666,664.0,
6401,1,H8,Anada,18,Diagonal - Pau Claris,1080,06:41:58,41.97,6.516666666683333,391.0,
6402,2,H8,Anada,18,Diagonal - Pau Claris,1080,06:48:12,48.2,6.249999999933333,375.0,
6808,1,H8,Anada,18,Diagonal - Pau Claris,1080,07:03:21,3.35,15.15,909.0,
6056,2,H8,Anada,18,Diagonal - Pau Claris,1080,07:13:13,13.22,8.883333333333333,533.0,"1,2,3,4,5,6,7,8,9,10,11,12,13,14,15,16,17,25,26,27,28,29,30,31,32,33,34,35,36,37,38,39"
6047,2,H8,Anada,18,Diagonal - Pau Claris,1080,07:18:05,18.08,4.866666666666666,292.0,
6406,2,H8,Anada,18,Diagonal - Pau Claris,1080,07:20:35,20.58,2.4999999999666667,150.0,
6215,1,H8,Anada,18,Diagonal - Pau Claris,1080,07:30:05,30.08,9.500000000033333,570.0,
6408,2,H8,Anada,18,Diagonal - Pau Claris,1080,07:37:40,37.67,7.599999999933333,456.0,
6046,2,H8,Anada,18,Diagonal - Pau Claris,1080,07:46:26,46.43,8.750000000066667,525.0,"7,21"
6407,2,H8,Anada,18,Diagonal - Pau Claris,1080,07:53:46,53.77,7.333333333300001,440.0,
6079,1,H8,Anada,18,Diagonal - Pau Claris,1080,07:55:51,55.85,2.0999999999666668,126.0,1
6024,2,H8,Anada,18,Diagonal - Pau Claris,1080,08:06:58,6.97,11.116666666666667,667.0,
6411,2,H8,Anada,18,Diagonal - Pau Claris,1080,08:22:50,22.83,15.866666666666667,952.0,
6059,2,H8,Anada,18,Diagonal - Pau Claris,1080,08:28:32,28.53,5.6833333334,341.0,"9,10,11,12,20,21,22,23"
6055,2,H8,Anada,18,Diagonal - Pau Claris,1080,08:34:42,34.7,6.166666666666667,370.0,1
6414,2,H8,Anada,18,Diagonal - Pau Claris,1080,08:52:50,52.83,18.149999999933335,1089.0,36
6415,2,H8,Anada,18,Diagonal - Pau Claris,1080,08:56:28,56.47,3.6166666667,217.0,
1547,2,H8,Anada,18,Diagonal - Pau Claris,1080,09:06:06,6.1,9.649999999966667,579.0,
2671,2,H8,Anada,18,Diagonal - Pau Claris,1080,09:13:02,13.03,6.916666666699999,415.0,
6217,3,H8,Anada,18,Diagonal - Pau Claris,1080,09:23:38,23.63,10.6,636.0,1
6026,3,H8,Anada,18,Diagonal - Pau Claris,1080,09:30:38,30.63,7.0,420.0,1
6401,2,H8,Anada,18,Diagonal - Pau Claris,1080,09:41:54,41.9,11.266666666666667,676.0,19
6402,3,H8,Anada,18,Diagonal - Pau Claris,1080,09:50:28,50.47,8.566666666666666,514.0,
6808,2,H8,Anada,18,Diagonal - Pau Claris,1080,09:59:51,59.85,9.383333333366666,563.0,
6037,3,H8,Anada,18,Diagonal - Pau Claris,1080,10:06:48,6.8,6.9666666666,418.0,
6047,3,H8,Anada,18,Diagonal - Pau Claris,1080,10:24:51,24.85,18.05,1083.0,37
6406,3,H8,Anada,18,Diagonal - Pau Claris,1080,10:31:14,31.23,6.383333333333334,383.0,
6215,2,H8,Anada,18,Diagonal - Pau Claris,1080,10:36:20,36.33,4.916666666666667,295.0,
6407,3,H8,Anada,18,Diagonal - Pau Claris,1080,10:45:26,45.43,9.083333333399999,545.0,1
6079,2,H8,Anada,18,Diagonal - Pau Claris,1080,10:53:09,53.15,7.716666666666667,463.0,15
6024,3,H8,Anada,18,Diagonal - Pau Claris,1080,11:01:14,1.23,8.083333333333334,485.0,
6056,4,H8,Anada,18,Diagonal - Pau Claris,1080,11:14:33,14.55,13.316666666666666,799.0,
6411,3,H8,Anada,18,Diagonal - Pau Claris,1080,11:20:25,20.42,5.883333333266666,353.0,
6059,3,H8,Anada,18,Diagonal - Pau Claris,1080,11:27:27,27.45,7.0166666667,421.0,
6055,3,H8,Anada,18,Diagonal - Pau Claris,1080,11:33:31,33.52,6.083333333300001,365.0,
6414,3,H8,Anada,18,Diagonal - Pau Claris,1080,11:46:31,46.52,13.000000000016666,780.0,
6415,3,H8,Anada,18,Diagonal - Pau Claris,1080,11:55:43,55.72,9.18333333335,551.0,
1547,3,H8,Anada,18,Diagonal - Pau Claris,1080,12:03:53,3.88,8.183333333283333,491.0,
2671,3,H8,Anada,18,Diagonal - Pau Claris,1080,12:09:56,9.93,6.0500000000166665,363.0,
6217,4,H8,Anada,18,Diagonal - Pau Claris,1080,12:21:45,21.75,11.816666666666666,709.0,
6026,4,H8,Anada,18,Diagonal - Pau Claris,1080,12:35:46,35.77,14.016666666666667,841.0,
6401,3,H8,Anada,18,Diagonal - Pau Claris,1080,12:37:38,37.63,1.8500000000666668,111.0,
6402,4,H8,Anada,18,Diagonal - Pau Claris,1080,12:48:00,48.0,10.366666666666667,622.0,
6808,3,H8,Anada,18,Diagonal - Pau Claris,1080,12:53:19,53.32,5.333333333266666,320.0,
6037,4,H8,Anada,18,Diagonal - Pau Claris,1080,13:06:36,6.6,13.266666666733332,796.0,
6047,4,H8,Anada,18,Diagonal - Pau Claris,1080,13:08:13,8.22,1.6166666666333334,97.0,"5,6,23,35"
6406,4,H8,Anada,18,Diagonal - Pau Claris,1080,13:17:52,17.87,9.650000000033334,579.0,
6215,3,H8,Anada,18,Diagonal - Pau Claris,1080,13:25:03,25.05,7.1833333333,431.0,
6121,2,H8,Anada,18,Diagonal - Pau Claris,1080,13:37:40,37.67,12.6333333333,758.0,
6407,4,H8,Anada,18,Diagonal - Pau Claris,1080,13:45:18,45.3,7.633333333333334,458.0,
6079,3,H8,Anada,18,Diagonal - Pau Claris,1080,13:51:25,51.42,6.100000000033333,366.0,
6024,4,H8,Anada,18,Diagonal - Pau Claris,1080,13:59:28,59.47,8.050000000033332,483.0,19
6056,5,H8,Anada,18,Diagonal - Pau Claris,1080,14:04:18,4.3,4.833333333333333,290.0,
6411,4,H8,Anada,18,Diagonal - Pau Claris,1080,14:15:17,15.28,10.983333333300001,659.0,
6059,4,H8,Anada,18,Diagonal - Pau Claris,1080,14:26:33,26.55,11.266666666666667,676.0,
6055,4,H8,Anada,18,Diagonal - Pau Claris,1080,14:34:11,34.18,7.150000000083334,429.0,
6030,1,H8,Anada,18,Diagonal - Pau Claris,1080,14:39:33,39.55,5.366666666633334,322.0,"1,2"
6414,4,H8,Anada,18,Diagonal - Pau Claris,1080,14:49:38,49.63,10.08333333335,605.0,
6415,4,H8,Anada,18,Diagonal - Pau Claris,1080,14:55:39,55.65,6.033333333283333,362.0,19
1547,4,H8,Anada,18,Diagonal - Pau Claris,1080,15:04:38,4.63,8.966666666733333,538.0,
2671,4,H8,Anada,18,Diagonal - Pau Claris,1080,15:12:36,12.6,7.983333333266667,479.0,5
6217,5,H8,Anada,18,Diagonal - Pau Claris,1080,15:24:53,24.88,12.266666666699999,736.0,
6026,5,H8,Anada,18,Diagonal - Pau Claris,1080,15:32:47,32.78,7.900000000033333,474.0,
6409,1,H8,Anada,18,Diagonal - Pau Claris,1080,15:35:33,35.55,2.783333333266667,167.0,
6401,4,H8,Anada,18,Diagonal - Pau Claris,1080,15:47:23,47.38,11.8166666667,709.0,
6402,5,H8,Anada,18,Diagonal - Pau Claris,1080,15:54:13,54.22,6.833333333366666,410.0,"1,2"
6808,4,H8,Anada,18,Diagonal - Pau Claris,1080,15:56:36,56.6,2.3999999999333337,144.0,
6037,5,H8,Anada,18,Diagonal - Pau Claris,1080,16:07:02,7.03,10.4166666667,625.0,
6047,5,H8,Anada,18,Diagonal - Pau Claris,1080,16:20:35,20.58,13.566666666633333,814.0,
6406,5,H8,Anada,18,Diagonal - Pau Claris,1080,16:25:27,25.45,4.850000000033333,291.0,
6215,4,H8,Anada,18,Diagonal - Pau Claris,1080,16:32:20,32.33,6.883333333366666,413.0,
6408,5,H8,Anada,18,Diagonal - Pau Claris,1080,16:39:26,39.43,7.1,426.0,"1,2,3,4,21,22,23,24,25,26,27,28,29,30,31,32,33,34,35,36,37,38,39"
6121,3,H8,Anada,18,Diagonal - Pau Claris,1080,16:41:10,41.17,1.7333333333,104.0,
6407,5,H8,Anada,18,Diagonal - Pau Claris,1080,16:48:09,48.15,6.983333333333333,419.0,
6079,4,H8,Anada,18,Diagonal - Pau Claris,1080,16:56:43,56.72,8.566666666666666,514.0,
6024,5,H8,Anada,18,Diagonal - Pau Claris,1080,17:03:05,3.08,6.3666666667,382.0,
6056,6,H8,Anada,18,Diagonal - Pau Claris,1080,17:06:33,6.55,3.466666666666667,208.0,
6411,5,H8,Anada,18,Diagonal - Pau Claris,1080,17:21:33,21.55,14.999999999966667,900.0,
6059,5,H8,Anada,18,Diagonal - Pau Claris,1080,17:26:03,26.05,4.516666666633333,271.0,
6055,5,H8,Anada,18,Diagonal - Pau Claris,1080,17:34:00,34.0,7.95,477.0,
6030,2,H8,Anada,18,Diagonal - Pau Claris,1080,17:43:22,43.37,9.350000000066666,561.0,
6414,5,H8,Anada,18,Diagonal - Pau Claris,1080,17:48:27,48.45,5.083333333300001,305.0,
6415,5,H8,Anada,18,Diagonal - Pau Claris,1080,17:56:06,56.1,7.65,459.0,
1547,5,H8,Anada,18,Diagonal - Pau Claris,1080,18:03:03,3.05,6.95,417.0,
2671,5,H8,Anada,18,Diagonal - Pau Claris,1080,18:11:52,11.87,8.8333333333,530.0,
6217,6,H8,Anada,18,Diagonal - Pau Claris,1080,18:14:29,14.48,2.6000000000333334,156.0,
6026,6,H8,Anada,18,Diagonal - Pau Claris,1080,18:32:33,32.55,18.066666666666666,1084.0,
6409,2,H8,Anada,18,Diagonal - Pau Claris,1080,18:35:40,35.67,3.1333333333,188.0,
6401,5,H8,Anada,18,Diagonal - Pau Claris,1080,18:41:12,41.2,5.5333333333166665,332.0,
6402,6,H8,Anada,18,Diagonal - Pau Claris,1080,18:43:50,43.83,2.63333333335,158.0,
6037,6,H8,Anada,18,Diagonal - Pau Claris,1080,19:08:00,8.0,24.150000000033334,1449.0,
6406,6,H8,Anada,18,Diagonal - Pau Claris,1080,19:18:48,18.8,10.3833333333,623.0,
6121,4,H8,Anada,18,Diagonal - Pau Claris,1080,19:29:48,29.8,11.016666666633334,661.0,
6407,6,H8,Anada,18,Diagonal - Pau Claris,1080,19:38:13,38.22,8.41666666665,505.0,"9,19"
6024,6,H8,Anada,18,Diagonal - Pau Claris,1080,19:50:25,50.42,12.183333333383333,731.0,
6411,6,H8,Anada,18,Diagonal - Pau Claris,1080,20:00:49,0.82,9.75,585.0,
6030,3,H8,Anada,18,Diagonal - Pau Claris,1080,20:13:29,13.48,12.666666666633335,760.0,
6414,6,H8,Anada,18,Diagonal - Pau Claris,1080,20:24:19,24.32,10.833333333366665,650.0,
6415,6,H8,Anada,18,Diagonal - Pau Claris,1080,20:38:39,38.65,14.3333333333,860.0,
6026,7,H8,Anada,18,Diagonal - Pau Claris,1080,20:53:51,53.85,15.2,912.0,"9,10,11"
6409,3,H8,Anada,18,Diagonal - Pau Claris,1080,21:10:26,10.43,16.583333333366667,995.0,"13,29"
6402,7,H8,Anada,18,Diagonal - Pau Claris,1080,21:17:06,17.1,6.666666666633334,400.0,
6063,2,H8,Anada,18,Diagonal - Pau Claris,1080,21:38:46,38.77,21.683333333300002,1301.0,23
6408,6,H8,Anada,18,Diagonal - Pau Claris,1080,21:53:13,53.22,14.383333333366666,863.0,33
6026,1,H8,Anada,19,Rosselló - Bruc,146,03:48:13,48.22,,,"1,2,3,4,5,6,7,8,9,10,11"
6402,1,H8,Anada,19,Rosselló - Bruc,146,04:06:16,6.27,18.05,1083.0,1
6037,1,H8,Anada,19,Rosselló - Bruc,146,04:14:06,14.1,7.833333333366666,470.0,"1,2,3,32,33"
6406,1,H8,Anada,19,Rosselló - Bruc,146,04:27:18,27.3,13.199999999966668,792.0,
6046,1,H8,Anada,19,Rosselló - Bruc,146,04:35:21,35.35,8.066666666633333,484.0,"30,31"
6408,1,H8,Anada,19,Rosselló - Bruc,146,04:41:18,41.3,5.9333333334,356.0,
6407,1,H8,Anada,19,Rosselló - Bruc,146,04:49:36,49.6,8.3,498.0,
6024,1,H8,Anada,19,Rosselló - Bruc,146,05:00:12,0.2,10.6,636.0,
6056,1,H8,Anada,19,Rosselló - Bruc,146,05:15:29,15.48,15.283333333333333,917.0,"1,2,3"
6411,1,H8,Anada,19,Rosselló - Bruc,146,05:20:18,20.3,4.816666666633334,289.0,
6055,1,H8,Anada,19,Rosselló - Bruc,146,05:26:31,26.52,6.216666666699999,373.0,1
6414,1,H8,Anada,19,Rosselló - Bruc,146,05:42:34,42.57,16.05,963.0,
6059,1,H8,Anada,19,Rosselló - Bruc,146,05:46:12,46.2,3.6333333333333333,218.0,"1,9"
6415,1,H8,Anada,19,Rosselló - Bruc,146,06:02:11,2.18,15.983333333333333,959.0,
6047,1,H8,Anada,19,Rosselló - Bruc,146,06:04:11,4.18,1.9999999999666669,120.0,"1,2,3,4,5,6,7,8,9,10,11,12,13,14,15,28,29,30,31,32,33,34,35,36,37,38,39"
1547,1,H8,Anada,19,Rosselló - Bruc,146,06:09:19,9.32,5.133333333333334,308.0,
2671,1,H8,Anada,19,Rosselló - Bruc,146,06:18:19,18.32,9.016666666633334,541.0,
6217,2,H8,Anada,19,Rosselló - Bruc,146,06:25:58,25.97,7.633333333366666,458.0,
6026,2,H8,Anada,19,Rosselló - Bruc,146,06:37:09,37.15,11.199999999966668,672.0,
6401,1,H8,Anada,19,Rosselló - Bruc,146,06:43:42,43.7,6.55,393.0,
6402,2,H8,Anada,19,Rosselló - Bruc,146,06:49:51,49.85,6.133333333366666,368.0,
6808,1,H8,Anada,19,Rosselló - Bruc,146,07:04:23,4.38,14.549999999966667,873.0,
6037,2,H8,Anada,19,Rosselló - Bruc,146,07:07:27,7.45,3.066666666666667,184.0,
6056,2,H8,Anada,19,Rosselló - Bruc,146,07:15:01,15.02,7.5500000000666665,453.0,"1,2,3,4,5,6,7,8,9,10,11,12,13,14,15,16,17,25,26,27,28,29,30,31,32,33,34,35,36,37,38,39"
6047,2,H8,Anada,19,Rosselló - Bruc,146,07:20:24,20.4,5.399999999933333,324.0,
6406,2,H8,Anada,19,Rosselló - Bruc,146,07:22:23,22.38,1.9666666667333332,118.0,
6215,1,H8,Anada,19,Rosselló - Bruc,146,07:32:07,32.12,9.733333333300001,584.0,
6408,2,H8,Anada,19,Rosselló - Bruc,146,07:41:33,41.55,9.449999999966668,567.0,
6046,2,H8,Anada,19,Rosselló - Bruc,146,07:48:21,48.35,6.7833333333666666,407.0,"7,21"
6407,2,H8,Anada,19,Rosselló - Bruc,146,07:55:39,55.65,7.316666666633334,439.0,
6079,1,H8,Anada,19,Rosselló - Bruc,146,07:57:18,57.3,1.65,99.0,1
6024,2,H8,Anada,19,Rosselló - Bruc,146,08:09:44,9.73,12.416666666733333,745.0,
6056,3,H8,Anada,19,Rosselló - Bruc,146,08:17:03,17.05,7.316666666633334,439.0,"4,18"
6411,2,H8,Anada,19,Rosselló - Bruc,146,08:24:53,24.88,7.849999999966667,471.0,
6059,2,H8,Anada,19,Rosselló - Bruc,146,08:30:53,30.88,6.0,360.0,"9,10,11,12,20,21,22,23"
6055,2,H8,Anada,19,Rosselló - Bruc,146,08:35:49,35.82,4.933333333333334,296.0,1
6414,2,H8,Anada,19,Rosselló - Bruc,146,08:54:53,54.88,19.066666666666666,1144.0,36
6415,2,H8,Anada,19,Rosselló - Bruc,146,08:59:19,59.32,4.416666666699999,265.0,
1547,2,H8,Anada,19,Rosselló - Bruc,146,09:09:02,9.03,9.716666666666667,583.0,
2671,2,H8,Anada,19,Rosselló - Bruc,146,09:14:43,14.72,5.683333333333334,341.0,
6217,3,H8,Anada,19,Rosselló - Bruc,146,09:27:24,27.4,12.683333333333334,761.0,1
6026,3,H8,Anada,19,Rosselló - Bruc,146,09:32:51,32.85,5.450000000033333,327.0,1
6402,3,H8,Anada,19,Rosselló - Bruc,146,09:51:02,51.03,18.183333333300002,1091.0,
6808,2,H8,Anada,19,Rosselló - Bruc,146,10:03:25,3.42,12.383333333366666,743.0,
6037,3,H8,Anada,19,Rosselló - Bruc,146,10:09:32,9.53,6.116666666633334,367.0,
6047,3,H8,Anada,19,Rosselló - Bruc,146,10:27:47,27.78,18.266666666633334,1096.0,37
6406,3,H8,Anada,19,Rosselló - Bruc,146,10:34:50,34.83,7.0333333333666666,422.0,
6215,2,H8,Anada,19,Rosselló - Bruc,146,10:40:08,40.13,4.7166666667333335,283.0,
6407,3,H8,Anada,19,Rosselló - Bruc,146,10:49:48,49.8,9.683333333266667,581.0,1
6079,2,H8,Anada,19,Rosselló - Bruc,146,10:56:12,56.2,6.3833333334,383.0,15
6024,3,H8,Anada,19,Rosselló - Bruc,146,11:03:55,3.92,7.7166666666333334,463.0,
6056,4,H8,Anada,19,Rosselló - Bruc,146,11:17:31,17.52,13.600000000033333,816.0,
6411,3,H8,Anada,19,Rosselló - Bruc,146,11:24:36,24.6,7.083333333333333,425.0,
6059,3,H8,Anada,19,Rosselló - Bruc,146,11:29:44,29.73,5.149999999933333,309.0,
6055,3,H8,Anada,19,Rosselló - Bruc,146,11:35:36,35.6,5.850000000066667,351.0,
6414,3,H8,Anada,19,Rosselló - Bruc,146,11:49:17,49.28,13.6833333333,821.0,
6415,3,H8,Anada,19,Rosselló - Bruc,146,11:58:40,58.67,9.383333333366666,563.0,
1547,3,H8,Anada,19,Rosselló - Bruc,146,12:07:17,7.28,8.633333333266668,518.0,
2671,3,H8,Anada,19,Rosselló - Bruc,146,12:12:42,12.7,5.400000000066667,324.0,
6217,4,H8,Anada,19,Rosselló - Bruc,146,12:25:06,25.1,12.399999999966667,744.0,
6026,4,H8,Anada,19,Rosselló - Bruc,146,12:39:27,39.45,14.366666666633334,862.0,
6402,4,H8,Anada,19,Rosselló - Bruc,146,12:51:03,51.05,11.4333333333,686.0,
6808,3,H8,Anada,19,Rosselló - Bruc,146,12:56:11,56.18,5.1166666667,307.0,
6037,4,H8,Anada,19,Rosselló - Bruc,146,13:09:40,9.67,13.499999999966667,810.0,
6047,4,H8,Anada,19,Rosselló - Bruc,146,13:13:11,13.18,3.5000000000666662,210.0,"5,6,23,35"
6406,4,H8,Anada,19,Rosselló - Bruc,146,13:21:32,21.53,8.3666666666,502.0,
6215,3,H8,Anada,19,Rosselló - Bruc,146,13:27:19,27.32,5.766666666733333,346.0,
6121,2,H8,Anada,19,Rosselló - Bruc,146,13:40:42,40.7,13.383333333333333,803.0,
6407,4,H8,Anada,19,Rosselló - Bruc,146,13:48:15,48.25,7.5666666666,454.0,
6079,3,H8,Anada,19,Rosselló - Bruc,146,13:54:32,54.53,6.266666666733333,376.0,
6056,5,H8,Anada,19,Rosselló - Bruc,146,14:07:14,7.23,12.7,762.0,
6411,4,H8,Anada,19,Rosselló - Bruc,146,14:19:52,19.87,12.6333333333,758.0,
6059,4,H8,Anada,19,Rosselló - Bruc,146,14:28:31,28.52,8.666666666616667,520.0,
6055,4,H8,Anada,19,Rosselló - Bruc,146,14:37:38,37.63,9.016666666666667,541.0,
6030,1,H8,Anada,19,Rosselló - Bruc,146,14:42:14,42.23,4.6166666666,277.0,"1,2"
6414,4,H8,Anada,19,Rosselló - Bruc,146,14:52:03,52.05,9.800000000066666,588.0,
1547,4,H8,Anada,19,Rosselló - Bruc,146,15:07:54,7.9,15.8666666666,952.0,
2671,4,H8,Anada,19,Rosselló - Bruc,146,15:16:51,16.85,8.95,537.0,5
6217,5,H8,Anada,19,Rosselló - Bruc,146,15:29:37,29.62,12.750000000066667,765.0,
6026,5,H8,Anada,19,Rosselló - Bruc,146,15:35:57,35.95,6.349999999933333,381.0,
6409,1,H8,Anada,19,Rosselló - Bruc,146,15:39:49,39.82,3.8500000000333334,231.0,
6401,4,H8,Anada,19,Rosselló - Bruc,146,15:49:17,49.28,9.466666666666667,568.0,
6402,5,H8,Anada,19,Rosselló - Bruc,146,15:55:38,55.63,6.35,381.0,"1,2"
6808,4,H8,Anada,19,Rosselló - Bruc,146,15:59:03,59.05,3.4333333333,206.0,
6037,5,H8,Anada,19,Rosselló - Bruc,146,16:09:22,9.37,10.316666666666666,619.0,
6047,5,H8,Anada,19,Rosselló - Bruc,146,16:22:47,22.78,13.416666666666666,805.0,
6406,5,H8,Anada,19,Rosselló - Bruc,146,16:27:38,27.63,4.833333333400001,290.0,
6215,4,H8,Anada,19,Rosselló - Bruc,146,16:35:50,35.83,8.2166666666,493.0,
6408,5,H8,Anada,19,Rosselló - Bruc,146,16:41:43,41.72,5.8666666667,352.0,"1,2,3,4,21,22,23,24,25,26,27,28,29,30,31,32,33,34,35,36,37,38,39"
6121,3,H8,Anada,19,Rosselló - Bruc,146,16:44:15,44.25,2.533333333366667,152.0,
6407,5,H8,Anada,19,Rosselló - Bruc,146,16:49:50,49.83,5.583333333300001,335.0,
6079,4,H8,Anada,19,Rosselló - Bruc,146,16:59:55,59.92,10.083333333333334,605.0,
6024,5,H8,Anada,19,Rosselló - Bruc,146,17:06:42,6.7,6.7833333333666666,407.0,
6056,6,H8,Anada,19,Rosselló - Bruc,146,17:09:34,9.57,2.883333333266667,173.0,
6411,5,H8,Anada,19,Rosselló - Bruc,146,17:25:28,25.47,15.9,954.0,
6059,5,H8,Anada,19,Rosselló - Bruc,146,17:28:42,28.7,3.2333333333333334,194.0,
6055,5,H8,Anada,19,Rosselló - Bruc,146,17:36:52,36.87,8.166666666683334,490.0,
6030,2,H8,Anada,19,Rosselló - Bruc,146,17:44:44,44.73,7.8500000000500005,471.0,
6414,5,H8,Anada,19,Rosselló - Bruc,146,17:50:58,50.97,6.233333333333333,374.0,
6415,5,H8,Anada,19,Rosselló - Bruc,146,17:59:28,59.47,8.5,510.0,
1547,5,H8,Anada,19,Rosselló - Bruc,146,18:04:42,4.7,5.2333333333,314.0,
2671,5,H8,Anada,19,Rosselló - Bruc,146,18:14:03,14.05,9.366666666633334,562.0,
6217,6,H8,Anada,19,Rosselló - Bruc,146,18:17:00,17.0,2.933333333366667,176.0,
6026,6,H8,Anada,19,Rosselló - Bruc,146,18:34:46,34.77,17.7833333333,1067.0,
6409,2,H8,Anada,19,Rosselló - Bruc,146,18:39:52,39.87,5.083333333366666,305.0,
6401,5,H8,Anada,19,Rosselló - Bruc,146,18:43:07,43.12,3.25,195.0,
6402,6,H8,Anada,19,Rosselló - Bruc,146,18:47:11,47.18,4.083333333316667,245.0,
6037,6,H8,Anada,19,Rosselló - Bruc,146,19:09:37,9.62,22.433333333316668,1346.0,
6063,1,H8,Anada,19,Rosselló - Bruc,146,19:10:53,10.88,1.2666666666666666,76.0,"1,2,3,4,5,6,7,8,9,10,11,12"
6406,6,H8,Anada,19,Rosselló - Bruc,146,19:21:42,21.7,10.6666666667,640.0,
6121,4,H8,Anada,19,Rosselló - Bruc,146,19:32:10,32.17,10.483333333266668,629.0,
6024,6,H8,Anada,19,Rosselló - Bruc,146,19:52:32,52.53,20.350000000033333,1221.0,
6056,7,H8,Anada,19,Rosselló - Bruc,146,19:53:50,53.83,1.3,78.0,
6411,6,H8,Anada,19,Rosselló - Bruc,146,20:01:56,1.93,8.100000000033333,486.0,
6030,3,H8,Anada,19,Rosselló - Bruc,146,20:15:17,15.28,13.35,801.0,
6414,6,H8,Anada,19,Rosselló - Bruc,146,20:26:21,26.35,11.083333333266667,665.0,
6415,6,H8,Anada,19,Rosselló - Bruc,146,20:40:29,40.48,14.1166666667,847.0,
6026,7,H8,Anada,19,Rosselló - Bruc,146,20:54:36,54.6,14.116666666666667,847.0,"9,10,11"
6409,3,H8,Anada,19,Rosselló - Bruc,146,21:12:02,12.03,17.433333333366665,1046.0,"13,29"
6402,7,H8,Anada,19,Rosselló - Bruc,146,21:17:54,17.9,5.866666666633334,352.0,
6063,2,H8,Anada,19,Rosselló - Bruc,146,21:39:58,39.97,22.066666666666666,1324.0,23
6408,6,H8,Anada,19,Rosselló - Bruc,146,21:54:48,54.8,14.466666666683333,868.0,33
6026,1,H8,Anada,20,Rosselló - Bailèn,1089,03:49:33,49.55,,,"1,2,3,4,5,6,7,8,9,10,11"
6402,1,H8,Anada,20,Rosselló - Bailèn,1089,04:07:06,7.1,17.55,1053.0,1
6037,1,H8,Anada,20,Rosselló - Bailèn,1089,04:15:00,15.0,7.916666666599999,475.0,"1,2,3,32,33"
6406,1,H8,Anada,20,Rosselló - Bailèn,1089,04:28:17,28.28,13.283333333333333,797.0,
6046,1,H8,Anada,20,Rosselló - Bailèn,1089,04:36:27,36.45,8.150000000066667,489.0,"30,31"
6408,1,H8,Anada,20,Rosselló - Bailèn,1089,04:42:13,42.22,5.7833333332666665,347.0,
6407,1,H8,Anada,20,Rosselló - Bailèn,1089,04:50:38,50.63,8.400000000033334,504.0,
6024,1,H8,Anada,20,Rosselló - Bailèn,1089,05:01:56,1.93,11.3,678.0,
6056,1,H8,Anada,20,Rosselló - Bailèn,1089,05:16:20,16.33,14.400000000033334,864.0,"1,2,3"
6411,1,H8,Anada,20,Rosselló - Bailèn,1089,05:21:31,21.52,5.1999999999333335,312.0,
6055,1,H8,Anada,20,Rosselló - Bailèn,1089,05:27:32,27.53,6.000000000066667,360.0,1
6414,1,H8,Anada,20,Rosselló - Bailèn,1089,05:44:33,44.55,17.03333333326667,1022.0,
6059,1,H8,Anada,20,Rosselló - Bailèn,1089,05:46:44,46.73,2.1666666667000003,130.0,"1,9"
6415,1,H8,Anada,20,Rosselló - Bailèn,1089,06:02:34,2.57,15.833333333333334,950.0,
6047,1,H8,Anada,20,Rosselló - Bailèn,1089,06:05:09,5.15,2.5999999999666668,156.0,"1,2,3,4,5,6,7,8,9,10,11,12,13,14,15,28,29,30,31,32,33,34,35,36,37,38,39"
1547,1,H8,Anada,20,Rosselló - Bailèn,1089,06:10:21,10.35,5.183333333366666,311.0,
2671,1,H8,Anada,20,Rosselló - Bailèn,1089,06:18:51,18.85,8.5,510.0,
6217,2,H8,Anada,20,Rosselló - Bailèn,1089,06:26:44,26.73,7.883333333366666,473.0,
6026,2,H8,Anada,20,Rosselló - Bailèn,1089,06:38:15,38.25,11.516666666666667,691.0,
6401,1,H8,Anada,20,Rosselló - Bailèn,1089,06:44:33,44.55,6.3,378.0,
6402,2,H8,Anada,20,Rosselló - Bailèn,1089,06:50:50,50.83,6.283333333333333,377.0,
6808,1,H8,Anada,20,Rosselló - Bailèn,1089,07:05:37,5.62,14.7833333333,887.0,
6037,2,H8,Anada,20,Rosselló - Bailèn,1089,07:08:23,8.38,2.7666666667,166.0,
6056,2,H8,Anada,20,Rosselló - Bailèn,1089,07:16:15,16.25,7.866666666633334,472.0,"1,2,3,4,5,6,7,8,9,10,11,12,13,14,15,16,17,25,26,27,28,29,30,31,32,33,34,35,36,37,38,39"
6047,2,H8,Anada,20,Rosselló - Bailèn,1089,07:22:41,22.68,6.433333333366666,386.0,
6406,2,H8,Anada,20,Rosselló - Bailèn,1089,07:23:57,23.95,1.2666666666333335,76.0,
6215,1,H8,Anada,20,Rosselló - Bailèn,1089,07:32:38,32.63,8.683333333333334,521.0,
6408,2,H8,Anada,20,Rosselló - Bailèn,1089,07:42:35,42.58,9.95,597.0,
6046,2,H8,Anada,20,Rosselló - Bailèn,1089,07:48:49,48.82,6.233333333366667,374.0,"7,21"
6407,2,H8,Anada,20,Rosselló - Bailèn,1089,07:56:28,56.47,7.666666666599999,460.0,
6079,1,H8,Anada,20,Rosselló - Bailèn,1089,07:58:50,58.83,2.3500000000333334,141.0,1
6024,2,H8,Anada,20,Rosselló - Bailèn,1089,08:10:46,10.77,11.933333333366667,716.0,
6056,3,H8,Anada,20,Rosselló - Bailèn,1089,08:19:12,19.2,8.4333333333,506.0,"4,18"
6411,2,H8,Anada,20,Rosselló - Bailèn,1089,08:25:34,25.57,6.3666666667,382.0,
6055,2,H8,Anada,20,Rosselló - Bailèn,1089,08:38:17,38.28,12.716666666633333,763.0,1
6414,2,H8,Anada,20,Rosselló - Bailèn,1089,08:55:54,55.9,17.616666666666667,1057.0,36
6415,2,H8,Anada,20,Rosselló - Bailèn,1089,09:00:19,0.32,4.416666666666667,265.0,
1547,2,H8,Anada,20,Rosselló - Bailèn,1089,09:10:22,10.37,10.050000000033332,603.0,
2671,2,H8,Anada,20,Rosselló - Bailèn,1089,09:15:59,15.98,5.616666666666666,337.0,
6217,3,H8,Anada,20,Rosselló - Bailèn,1089,09:29:19,29.32,13.3333333333,800.0,1
6026,3,H8,Anada,20,Rosselló - Bailèn,1089,09:34:28,34.47,5.150000000033333,309.0,1
6401,2,H8,Anada,20,Rosselló - Bailèn,1089,09:43:31,43.52,9.05,543.0,19
6402,3,H8,Anada,20,Rosselló - Bailèn,1089,09:53:33,53.55,10.033333333333333,602.0,
6808,2,H8,Anada,20,Rosselló - Bailèn,1089,10:04:22,4.37,10.833333333266667,650.0,
6037,3,H8,Anada,20,Rosselló - Bailèn,1089,10:11:07,11.12,6.7333333334,404.0,
6047,3,H8,Anada,20,Rosselló - Bailèn,1089,10:29:29,29.48,18.383333333266666,1103.0,37
6406,3,H8,Anada,20,Rosselló - Bailèn,1089,10:36:08,36.13,6.633333333366666,398.0,
6215,2,H8,Anada,20,Rosselló - Bailèn,1089,10:41:54,41.9,5.05,303.0,
6407,3,H8,Anada,20,Rosselló - Bailèn,1089,10:50:58,50.97,9.050000000066666,543.0,1
6079,2,H8,Anada,20,Rosselló - Bailèn,1089,10:57:29,57.48,6.516666666633333,391.0,15
6024,3,H8,Anada,20,Rosselló - Bailèn,1089,11:04:50,4.83,7.366666666633334,442.0,
6056,4,H8,Anada,20,Rosselló - Bailèn,1089,11:18:31,18.52,13.683333333333334,821.0,
6411,3,H8,Anada,20,Rosselló - Bailèn,1089,11:25:46,25.77,7.2333333334,434.0,
6059,3,H8,Anada,20,Rosselló - Bailèn,1089,11:30:51,30.85,5.083333333333333,305.0,
6055,3,H8,Anada,20,Rosselló - Bailèn,1089,11:36:49,36.82,5.983333333266667,359.0,
6414,3,H8,Anada,20,Rosselló - Bailèn,1089,11:50:32,50.53,13.700000000033333,822.0,
6415,3,H8,Anada,20,Rosselló - Bailèn,1089,11:59:53,59.88,9.366666666633334,562.0,
1547,3,H8,Anada,20,Rosselló - Bailèn,1089,12:07:38,7.63,7.75,465.0,
2671,3,H8,Anada,20,Rosselló - Bailèn,1089,12:13:49,13.82,6.166666666733334,370.0,
6217,4,H8,Anada,20,Rosselló - Bailèn,1089,12:25:18,25.3,11.483333333300001,689.0,
6026,4,H8,Anada,20,Rosselló - Bailèn,1089,12:41:01,41.02,15.733333333300001,944.0,
6402,4,H8,Anada,20,Rosselló - Bailèn,1089,12:52:33,52.55,11.516666666633334,691.0,
6808,3,H8,Anada,20,Rosselló - Bailèn,1089,12:57:41,57.68,5.133333333333334,308.0,
6037,4,H8,Anada,20,Rosselló - Bailèn,1089,13:10:45,10.75,13.050000000033332,783.0,
6047,4,H8,Anada,20,Rosselló - Bailèn,1089,13:13:37,13.62,2.8833333333,173.0,"5,6,23,35"
6406,4,H8,Anada,20,Rosselló - Bailèn,1089,13:22:49,22.82,9.2,552.0,
6215,3,H8,Anada,20,Rosselló - Bailèn,1089,13:27:40,27.67,4.833333333366666,290.0,
6121,2,H8,Anada,20,Rosselló - Bailèn,1089,13:42:09,42.15,14.499999999966667,870.0,
6407,4,H8,Anada,20,Rosselló - Bailèn,1089,13:49:24,49.4,7.25,435.0,
6079,3,H8,Anada,20,Rosselló - Bailèn,1089,13:56:40,56.67,7.250000000066667,435.0,
6024,4,H8,Anada,20,Rosselló - Bailèn,1089,14:01:18,1.3,4.633333333333334,278.0,19
6056,5,H8,Anada,20,Rosselló - Bailèn,1089,14:07:49,7.82,6.516666666666667,391.0,
6411,4,H8,Anada,20,Rosselló - Bailèn,1089,14:21:29,21.48,13.666666666666666,820.0,
6211,3,H8,Anada,20,Rosselló - Bailèn,1089,14:29:52,29.87,8.399999999933334,504.0,
6055,4,H8,Anada,20,Rosselló - Bailèn,1089,14:38:05,38.08,8.133333333366666,488.0,
6030,1,H8,Anada,20,Rosselló - Bailèn,1089,14:43:02,43.03,4.9666666666333334,298.0,"1,2"
6414,4,H8,Anada,20,Rosselló - Bailèn,1089,14:53:57,53.95,10.916666666666666,655.0,
6415,4,H8,Anada,20,Rosselló - Bailèn,1089,14:58:46,58.77,4.800000000050001,288.0,19
1547,4,H8,Anada,20,Rosselló - Bailèn,1089,15:09:12,9.2,10.44999999995,627.0,
2671,4,H8,Anada,20,Rosselló - Bailèn,1089,15:17:58,17.97,8.750000000033333,525.0,5
6217,5,H8,Anada,20,Rosselló - Bailèn,1089,15:31:02,31.03,13.066666666666666,784.0,
6026,5,H8,Anada,20,Rosselló - Bailèn,1089,15:37:39,37.65,6.616666666666666,397.0,
6409,1,H8,Anada,20,Rosselló - Bailèn,1089,15:40:40,40.67,3.0166666666833333,181.0,
6401,4,H8,Anada,20,Rosselló - Bailèn,1089,15:50:05,50.08,9.433333333283334,566.0,
6402,5,H8,Anada,20,Rosselló - Bailèn,1089,15:58:08,58.13,8.05,483.0,"1,2"
6808,4,H8,Anada,20,Rosselló - Bailèn,1089,16:00:15,0.25,2.1000000000666668,126.0,
6037,5,H8,Anada,20,Rosselló - Bailèn,1089,16:10:50,10.83,10.599999999933335,636.0,
6047,5,H8,Anada,20,Rosselló - Bailèn,1089,16:24:34,24.57,13.733333333333333,824.0,
6406,5,H8,Anada,20,Rosselló - Bailèn,1089,16:29:07,29.12,4.549999999983333,273.0,
6215,4,H8,Anada,20,Rosselló - Bailèn,1089,16:38:19,38.32,9.183333333416666,551.0,
6408,5,H8,Anada,20,Rosselló - Bailèn,1089,16:43:29,43.48,5.166666666666667,310.0,"1,2,3,4,21,22,23,24,25,26,27,28,29,30,31,32,33,34,35,36,37,38,39"
6121,3,H8,Anada,20,Rosselló - Bailèn,1089,16:45:33,45.55,2.066666666666667,124.0,
6407,5,H8,Anada,20,Rosselló - Bailèn,1089,16:50:50,50.83,5.283333333300001,317.0,
6079,4,H8,Anada,20,Rosselló - Bailèn,1089,17:01:02,1.03,10.216666666633333,613.0,
6024,5,H8,Anada,20,Rosselló - Bailèn,1089,17:08:21,8.35,7.316666666666666,439.0,
6056,6,H8,Anada,20,Rosselló - Bailèn,1089,17:09:50,9.83,1.4666666667,88.0,
6411,5,H8,Anada,20,Rosselló - Bailèn,1089,17:25:50,25.83,16.0,960.0,
6059,5,H8,Anada,20,Rosselló - Bailèn,1089,17:29:48,29.8,3.9666666667,238.0,
6055,5,H8,Anada,20,Rosselló - Bailèn,1089,17:38:03,38.05,8.25,495.0,
6030,2,H8,Anada,20,Rosselló - Bailèn,1089,17:45:20,45.33,7.283333333333333,437.0,
6414,5,H8,Anada,20,Rosselló - Bailèn,1089,17:53:02,53.03,7.7,462.0,
6415,5,H8,Anada,20,Rosselló - Bailèn,1089,18:01:26,1.43,8.4166666666,505.0,
1547,5,H8,Anada,20,Rosselló - Bailèn,1089,18:05:56,5.93,4.4833333334,269.0,
2671,5,H8,Anada,20,Rosselló - Bailèn,1089,18:15:26,15.43,9.499999999966667,570.0,
6217,6,H8,Anada,20,Rosselló - Bailèn,1089,18:17:16,17.27,1.8499999999666668,111.0,
6026,6,H8,Anada,20,Rosselló - Bailèn,1089,18:36:18,36.3,19.033333333333335,1142.0,
6409,2,H8,Anada,20,Rosselló - Bailèn,1089,18:41:15,41.25,4.9333333334,296.0,
6401,5,H8,Anada,20,Rosselló - Bailèn,1089,18:44:05,44.08,2.8333333333333335,170.0,
6402,6,H8,Anada,20,Rosselló - Bailèn,1089,18:48:11,48.18,4.116666666616667,247.0,
6037,6,H8,Anada,20,Rosselló - Bailèn,1089,19:10:08,10.13,21.933333333383334,1316.0,
6063,1,H8,Anada,20,Rosselló - Bailèn,1089,19:12:11,12.18,2.066666666583333,124.0,"1,2,3,4,5,6,7,8,9,10,11,12"
6047,6,H8,Anada,20,Rosselló - Bailèn,1089,19:13:47,13.78,1.5833333334166668,95.0,"1,2,3,4,5,6,7,8,9,10,11,12"
6406,6,H8,Anada,20,Rosselló - Bailèn,1089,19:22:48,22.8,9.016666666666667,541.0,
6121,4,H8,Anada,20,Rosselló - Bailèn,1089,19:33:31,33.52,10.716666666666667,643.0,
6407,6,H8,Anada,20,Rosselló - Bailèn,1089,19:40:12,40.2,6.683333333333334,401.0,"9,19"
6024,6,H8,Anada,20,Rosselló - Bailèn,1089,19:54:06,54.1,13.916666666600001,835.0,
6411,6,H8,Anada,20,Rosselló - Bailèn,1089,20:02:59,2.98,8.233333333316667,494.0,
6030,3,H8,Anada,20,Rosselló - Bailèn,1089,20:16:55,16.92,13.94999999995,837.0,
6414,6,H8,Anada,20,Rosselló - Bailèn,1089,20:26:52,26.87,9.933333333399998,596.0,
6415,6,H8,Anada,20,Rosselló - Bailèn,1089,20:40:52,40.87,14.0,840.0,
6026,7,H8,Anada,20,Rosselló - Bailèn,1089,20:55:26,55.43,14.583333333266667,875.0,"9,10,11"
6409,3,H8,Anada,20,Rosselló - Bailèn,1089,21:12:48,12.8,17.350000000033333,1041.0,"13,29"
6402,7,H8,Anada,20,Rosselló - Bailèn,1089,21:19:19,19.32,6.516666666666667,391.0,
6063,2,H8,Anada,20,Rosselló - Bailèn,1089,21:41:05,41.08,21.7666666667,1306.0,23
6121,5,H8,Anada,20,Rosselló - Bailèn,1089,21:55:49,55.82,14.450000000033333,867.0,34
6026,1,H8,Anada,21,Pg de Sant Joan - Còrsega,213,03:51:18,51.3,,,"1,2,3,4,5,6,7,8,9,10,11"
6402,1,H8,Anada,21,Pg de Sant Joan - Còrsega,213,04:08:41,8.68,17.383333333333333,1043.0,1
6037,1,H8,Anada,21,Pg de Sant Joan - Còrsega,213,04:17:17,17.28,8.600000000033333,516.0,"1,2,3,32,33"
6406,1,H8,Anada,21,Pg de Sant Joan - Còrsega,213,04:30:20,30.33,13.049999999966667,783.0,
6046,1,H8,Anada,21,Pg de Sant Joan - Còrsega,213,04:37:19,37.32,6.983333333333333,419.0,"30,31"
6408,1,H8,Anada,21,Pg de Sant Joan - Còrsega,213,04:45:09,45.15,7.849999999966667,471.0,
6407,1,H8,Anada,21,Pg de Sant Joan - Còrsega,213,04:52:09,52.15,6.9833333334,419.0,
6024,1,H8,Anada,21,Pg de Sant Joan - Còrsega,213,05:02:36,2.6,10.45,627.0,
6056,1,H8,Anada,21,Pg de Sant Joan - Còrsega,213,05:18:43,18.72,16.133333333266666,968.0,"1,2,3"
6411,1,H8,Anada,21,Pg de Sant Joan - Còrsega,213,05:23:36,23.6,4.8833333333499995,293.0,
6055,1,H8,Anada,21,Pg de Sant Joan - Còrsega,213,05:31:08,31.13,7.5166666667166675,451.0,1
6414,1,H8,Anada,21,Pg de Sant Joan - Còrsega,213,05:47:41,47.68,16.5666666666,994.0,
6059,1,H8,Anada,21,Pg de Sant Joan - Còrsega,213,05:49:20,49.33,1.65,99.0,"1,9"
6415,1,H8,Anada,21,Pg de Sant Joan - Còrsega,213,06:05:00,5.0,15.666666666666666,940.0,
6047,1,H8,Anada,21,Pg de Sant Joan - Còrsega,213,06:07:24,7.4,2.4,144.0,"1,2,3,4,5,6,7,8,9,10,11,12,13,14,15,28,29,30,31,32,33,34,35,36,37,38,39"
1547,1,H8,Anada,21,Pg de Sant Joan - Còrsega,213,06:13:11,13.18,5.783333333333333,347.0,
2671,1,H8,Anada,21,Pg de Sant Joan - Còrsega,213,06:21:17,21.28,8.0833333334,485.0,
6217,2,H8,Anada,21,Pg de Sant Joan - Còrsega,213,06:29:20,29.33,8.05,483.0,
6026,2,H8,Anada,21,Pg de Sant Joan - Còrsega,213,06:40:08,40.13,10.799999999966667,648.0,
6401,1,H8,Anada,21,Pg de Sant Joan - Còrsega,213,06:46:38,46.63,6.516666666633333,391.0,
6402,2,H8,Anada,21,Pg de Sant Joan - Còrsega,213,06:53:07,53.12,6.4666666667333335,388.0,
6808,1,H8,Anada,21,Pg de Sant Joan - Còrsega,213,07:07:33,7.55,14.433333333333334,866.0,
6037,2,H8,Anada,21,Pg de Sant Joan - Còrsega,213,07:10:52,10.87,3.316666666633333,199.0,
6056,2,H8,Anada,21,Pg de Sant Joan - Còrsega,213,07:18:52,18.87,8.000000000033333,480.0,"1,2,3,4,5,6,7,8,9,10,11,12,13,14,15,16,17,25,26,27,28,29,30,31,32,33,34,35,36,37,38,39"
6047,2,H8,Anada,21,Pg de Sant Joan - Còrsega,213,07:25:03,25.05,6.1833333333,371.0,
6406,2,H8,Anada,21,Pg de Sant Joan - Còrsega,213,07:26:38,26.63,1.5833333333333333,95.0,
6215,1,H8,Anada,21,Pg de Sant Joan - Còrsega,213,07:34:46,34.77,8.149999999966667,489.0,
6408,2,H8,Anada,21,Pg de Sant Joan - Còrsega,213,07:43:51,43.85,9.0666666667,544.0,
6407,2,H8,Anada,21,Pg de Sant Joan - Còrsega,213,07:58:23,58.38,14.533333333333333,872.0,
6079,1,H8,Anada,21,Pg de Sant Joan - Còrsega,213,08:01:29,1.48,3.1000000000166663,186.0,1
6024,2,H8,Anada,21,Pg de Sant Joan - Còrsega,213,08:13:11,13.18,11.699999999983334,702.0,
6056,3,H8,Anada,21,Pg de Sant Joan - Còrsega,213,08:21:17,21.28,8.1,486.0,"4,18"
6411,2,H8,Anada,21,Pg de Sant Joan - Còrsega,213,08:27:17,27.28,6.016666666633333,361.0,
6055,2,H8,Anada,21,Pg de Sant Joan - Còrsega,213,08:40:48,40.8,13.516666666683333,811.0,1
6414,2,H8,Anada,21,Pg de Sant Joan - Còrsega,213,08:58:02,58.03,17.216666666716666,1033.0,36
6415,2,H8,Anada,21,Pg de Sant Joan - Còrsega,213,09:02:49,2.82,4.799999999933333,288.0,
1547,2,H8,Anada,21,Pg de Sant Joan - Còrsega,213,09:12:04,12.07,9.2333333334,554.0,
2671,2,H8,Anada,21,Pg de Sant Joan - Còrsega,213,09:17:56,17.93,5.883333333266666,353.0,
6217,3,H8,Anada,21,Pg de Sant Joan - Còrsega,213,09:30:31,30.52,12.5666666667,754.0,1
6026,3,H8,Anada,21,Pg de Sant Joan - Còrsega,213,09:37:00,37.0,6.483333333366667,389.0,1
6401,2,H8,Anada,21,Pg de Sant Joan - Còrsega,213,09:45:51,45.85,8.8666666666,532.0,19
6402,3,H8,Anada,21,Pg de Sant Joan - Còrsega,213,09:55:36,55.6,9.75,585.0,
6808,2,H8,Anada,21,Pg de Sant Joan - Còrsega,213,10:06:39,6.65,11.0333333334,662.0,
6037,3,H8,Anada,21,Pg de Sant Joan - Còrsega,213,10:13:07,13.12,6.4666666666333334,388.0,
6047,3,H8,Anada,21,Pg de Sant Joan - Còrsega,213,10:32:44,32.73,19.6333333333,1178.0,37
6406,3,H8,Anada,21,Pg de Sant Joan - Còrsega,213,10:37:39,37.65,4.900000000066667,294.0,
6215,2,H8,Anada,21,Pg de Sant Joan - Còrsega,213,10:43:32,43.53,4.883333333366666,293.0,
6407,3,H8,Anada,21,Pg de Sant Joan - Còrsega,213,10:53:02,53.03,9.500000000033333,570.0,1
6079,2,H8,Anada,21,Pg de Sant Joan - Còrsega,213,10:57:55,57.92,4.8833333333,293.0,15
6024,3,H8,Anada,21,Pg de Sant Joan - Còrsega,213,11:07:30,7.5,9.583333333366665,575.0,
6056,4,H8,Anada,21,Pg de Sant Joan - Còrsega,213,11:20:24,20.4,12.899999999966667,774.0,
6411,3,H8,Anada,21,Pg de Sant Joan - Còrsega,213,11:28:20,28.33,7.933333333366666,476.0,
6059,3,H8,Anada,21,Pg de Sant Joan - Còrsega,213,11:31:30,31.5,3.183333333266667,191.0,
6055,3,H8,Anada,21,Pg de Sant Joan - Còrsega,213,11:40:00,40.0,8.483333333400001,509.0,
6414,3,H8,Anada,21,Pg de Sant Joan - Còrsega,213,11:52:54,52.9,12.916666666583334,775.0,
6415,3,H8,Anada,21,Pg de Sant Joan - Còrsega,213,12:01:56,1.93,9.016666666716667,541.0,
1547,3,H8,Anada,21,Pg de Sant Joan - Còrsega,213,12:10:04,10.07,8.133333333333333,488.0,
2671,3,H8,Anada,21,Pg de Sant Joan - Còrsega,213,12:16:33,16.55,6.483333333333333,389.0,
6217,4,H8,Anada,21,Pg de Sant Joan - Còrsega,213,12:28:02,28.03,11.483333333333333,689.0,
6026,4,H8,Anada,21,Pg de Sant Joan - Còrsega,213,12:43:31,43.52,15.483333333366666,929.0,
6402,4,H8,Anada,21,Pg de Sant Joan - Còrsega,213,12:55:07,55.12,11.266666666666667,676.0,
6808,3,H8,Anada,21,Pg de Sant Joan - Còrsega,213,12:59:54,59.9,4.783333333333333,287.0,
6037,4,H8,Anada,21,Pg de Sant Joan - Còrsega,213,13:13:40,13.67,13.766666666699999,826.0,
6047,4,H8,Anada,21,Pg de Sant Joan - Còrsega,213,13:15:53,15.88,2.216666666633333,133.0,"5,6,23,35"
6406,4,H8,Anada,21,Pg de Sant Joan - Còrsega,213,13:24:58,24.97,9.083333333366665,545.0,
6215,3,H8,Anada,21,Pg de Sant Joan - Còrsega,213,13:29:39,29.65,4.683333333333334,281.0,
6121,2,H8,Anada,21,Pg de Sant Joan - Còrsega,213,13:44:03,44.05,14.399999999966667,864.0,
6407,4,H8,Anada,21,Pg de Sant Joan - Còrsega,213,13:50:41,50.68,6.649999999966667,399.0,
6079,3,H8,Anada,21,Pg de Sant Joan - Còrsega,213,13:58:40,58.67,7.966666666699999,478.0,
6024,4,H8,Anada,21,Pg de Sant Joan - Còrsega,213,14:03:25,3.42,4.766666666633333,286.0,19
6056,5,H8,Anada,21,Pg de Sant Joan - Còrsega,213,14:10:07,10.12,6.683333333366666,401.0,
6411,4,H8,Anada,21,Pg de Sant Joan - Còrsega,213,14:24:10,24.17,14.066666666633333,844.0,
6211,3,H8,Anada,21,Pg de Sant Joan - Còrsega,213,14:32:54,32.9,8.7166666667,523.0,
6055,4,H8,Anada,21,Pg de Sant Joan - Còrsega,213,14:40:34,40.57,7.583333333300001,455.0,
6030,1,H8,Anada,21,Pg de Sant Joan - Còrsega,213,14:45:17,45.28,4.716666666699999,283.0,"1,2"
6414,4,H8,Anada,21,Pg de Sant Joan - Còrsega,213,14:56:32,56.53,11.25,675.0,
6415,4,H8,Anada,21,Pg de Sant Joan - Còrsega,213,15:01:02,1.03,4.516666666583333,271.0,19
1547,4,H8,Anada,21,Pg de Sant Joan - Còrsega,213,15:10:51,10.85,9.816666666683334,589.0,
2671,4,H8,Anada,21,Pg de Sant Joan - Còrsega,213,15:20:11,20.18,9.333333333333334,560.0,5
6217,5,H8,Anada,21,Pg de Sant Joan - Còrsega,213,15:33:02,33.03,12.833333333399999,770.0,
6026,5,H8,Anada,21,Pg de Sant Joan - Còrsega,213,15:40:23,40.38,7.3666666666,442.0,
6409,1,H8,Anada,21,Pg de Sant Joan - Còrsega,213,15:43:58,43.97,3.566666666733333,214.0,
6401,4,H8,Anada,21,Pg de Sant Joan - Còrsega,213,15:53:51,53.85,9.8833333333,593.0,
6402,5,H8,Anada,21,Pg de Sant Joan - Còrsega,213,16:00:14,0.23,6.399999999966667,384.0,"1,2"
6808,4,H8,Anada,21,Pg de Sant Joan - Còrsega,213,16:01:50,1.83,1.6,96.0,
6037,5,H8,Anada,21,Pg de Sant Joan - Còrsega,213,16:14:36,14.6,12.750000000066667,765.0,
6047,5,H8,Anada,21,Pg de Sant Joan - Còrsega,213,16:27:20,27.33,12.733333333333333,764.0,
6406,5,H8,Anada,21,Pg de Sant Joan - Còrsega,213,16:32:11,32.18,4.8666666666,292.0,
6215,4,H8,Anada,21,Pg de Sant Joan - Còrsega,213,16:40:11,40.18,7.983333333366667,479.0,
6121,3,H8,Anada,21,Pg de Sant Joan - Còrsega,213,16:46:22,46.37,6.183333333333334,371.0,
6407,5,H8,Anada,21,Pg de Sant Joan - Còrsega,213,16:53:09,53.15,6.799999999966667,408.0,
6079,4,H8,Anada,21,Pg de Sant Joan - Còrsega,213,17:02:53,2.88,9.716666666733333,583.0,
6024,5,H8,Anada,21,Pg de Sant Joan - Còrsega,213,17:10:57,10.95,8.066666666666666,484.0,
6056,6,H8,Anada,21,Pg de Sant Joan - Còrsega,213,17:12:38,12.63,1.6833333333333333,101.0,
6411,5,H8,Anada,21,Pg de Sant Joan - Còrsega,213,17:30:15,30.25,17.616666666666667,1057.0,
6059,5,H8,Anada,21,Pg de Sant Joan - Còrsega,213,17:33:08,33.13,2.8833333333333333,173.0,
6055,5,H8,Anada,21,Pg de Sant Joan - Còrsega,213,17:41:51,41.85,8.716666666633333,523.0,
6030,2,H8,Anada,21,Pg de Sant Joan - Còrsega,213,17:47:41,47.68,5.849999999983334,351.0,
6414,5,H8,Anada,21,Pg de Sant Joan - Còrsega,213,17:56:00,56.0,8.300000000016666,498.0,
6415,5,H8,Anada,21,Pg de Sant Joan - Còrsega,213,18:04:03,4.05,8.05,483.0,
1547,5,H8,Anada,21,Pg de Sant Joan - Còrsega,213,18:08:25,8.42,4.3833333333,263.0,
2671,5,H8,Anada,21,Pg de Sant Joan - Còrsega,213,18:18:06,18.1,9.683333333333334,581.0,
6217,6,H8,Anada,21,Pg de Sant Joan - Còrsega,213,18:19:45,19.75,1.65,99.0,
6026,6,H8,Anada,21,Pg de Sant Joan - Còrsega,213,18:38:59,38.98,19.2166666667,1153.0,
6409,2,H8,Anada,21,Pg de Sant Joan - Còrsega,213,18:43:23,43.38,4.416666666633334,265.0,
6401,5,H8,Anada,21,Pg de Sant Joan - Còrsega,213,18:46:32,46.53,3.1333333334,188.0,
6402,6,H8,Anada,21,Pg de Sant Joan - Còrsega,213,18:49:22,49.37,2.8333333332999997,170.0,
6037,6,H8,Anada,21,Pg de Sant Joan - Còrsega,213,19:12:53,12.88,23.5166666667,1411.0,
6063,1,H8,Anada,21,Pg de Sant Joan - Còrsega,213,19:14:38,14.63,1.7666666666,106.0,"1,2,3,4,5,6,7,8,9,10,11,12"
6406,6,H8,Anada,21,Pg de Sant Joan - Còrsega,213,19:25:05,25.08,9.699999999966668,582.0,
6121,4,H8,Anada,21,Pg de Sant Joan - Còrsega,213,19:36:13,36.22,11.116666666733332,667.0,
6407,6,H8,Anada,21,Pg de Sant Joan - Còrsega,213,19:42:35,42.58,6.383333333266666,383.0,"9,19"
6024,6,H8,Anada,21,Pg de Sant Joan - Còrsega,213,19:56:20,56.33,13.733333333366666,824.0,
6411,6,H8,Anada,21,Pg de Sant Joan - Còrsega,213,20:04:25,4.42,7.4666666666,448.0,
6030,3,H8,Anada,21,Pg de Sant Joan - Còrsega,213,20:19:20,19.33,14.900000000033334,894.0,
6414,6,H8,Anada,21,Pg de Sant Joan - Còrsega,213,20:28:45,28.75,9.4333333333,566.0,
6415,6,H8,Anada,21,Pg de Sant Joan - Còrsega,213,20:43:21,43.35,14.6,876.0,
6026,7,H8,Anada,21,Pg de Sant Joan - Còrsega,213,20:56:36,56.6,13.2333333334,794.0,"9,10,11"
6409,3,H8,Anada,21,Pg de Sant Joan - Còrsega,213,21:15:11,15.18,18.599999999933335,1116.0,"13,29"
6402,7,H8,Anada,21,Pg de Sant Joan - Còrsega,213,21:22:11,22.18,6.983333333366667,419.0,
6047,7,H8,Anada,21,Pg de Sant Joan - Còrsega,213,21:43:22,43.37,21.183333333366665,1271.0,27
6121,5,H8,Anada,21,Pg de Sant Joan - Còrsega,213,21:57:24,57.4,13.566666666600002,814.0,34
6026,1,H8,Anada,22,Indústria - Grassot,3907,03:52:14,52.23,,,"1,2,3,4,5,6,7,8,9,10,11"
6402,1,H8,Anada,22,Indústria - Grassot,3907,04:09:35,9.58,17.350000000016667,1041.0,1
6037,1,H8,Anada,22,Indústria - Grassot,3907,04:18:16,18.27,8.666666666683334,520.0,"1,2,3,32,33"
6406,1,H8,Anada,22,Indústria - Grassot,3907,04:31:17,31.28,13.016666666666667,781.0,
6046,1,H8,Anada,22,Indústria - Grassot,3907,04:38:36,38.6,7.316666666666666,439.0,"30,31"
6408,1,H8,Anada,22,Indústria - Grassot,3907,04:46:07,46.12,7.516666666666667,451.0,
6407,1,H8,Anada,22,Indústria - Grassot,3907,04:52:41,52.68,6.566666666666666,394.0,
6024,1,H8,Anada,22,Indústria - Grassot,3907,05:03:57,3.95,11.2833333333,677.0,
6056,1,H8,Anada,22,Indústria - Grassot,3907,05:20:12,20.2,16.233333333366666,974.0,"1,2,3"
6411,1,H8,Anada,22,Indústria - Grassot,3907,05:24:45,24.75,4.566666666633334,274.0,
6055,1,H8,Anada,22,Indústria - Grassot,3907,05:32:28,32.47,7.700000000033333,462.0,1
6414,1,H8,Anada,22,Indústria - Grassot,3907,05:49:10,49.17,16.71666666665,1003.0,
6059,1,H8,Anada,22,Indústria - Grassot,3907,05:50:31,50.52,1.3333333333833333,80.0,"1,9"
6415,1,H8,Anada,22,Indústria - Grassot,3907,06:06:59,6.98,16.466666666666665,988.0,
6047,1,H8,Anada,22,Indústria - Grassot,3907,06:09:09,9.15,2.1666666666666665,130.0,"1,2,3,4,5,6,7,8,9,10,11,12,13,14,15,28,29,30,31,32,33,34,35,36,37,38,39"
1547,1,H8,Anada,22,Indústria - Grassot,3907,06:14:30,14.5,5.3666666666,322.0,
2671,1,H8,Anada,22,Indústria - Grassot,3907,06:22:48,22.8,8.3,498.0,
6217,2,H8,Anada,22,Indústria - Grassot,3907,06:30:45,30.75,7.95,477.0,
6026,2,H8,Anada,22,Indústria - Grassot,3907,06:41:45,41.75,10.983333333366666,659.0,
6401,1,H8,Anada,22,Indústria - Grassot,3907,06:47:49,47.82,6.083333333300001,365.0,
6402,2,H8,Anada,22,Indústria - Grassot,3907,06:54:13,54.22,6.383333333366666,383.0,
6808,1,H8,Anada,22,Indústria - Grassot,3907,07:09:12,9.2,14.999999999983334,900.0,
6037,2,H8,Anada,22,Indústria - Grassot,3907,07:12:16,12.27,3.05000000005,183.0,
6056,2,H8,Anada,22,Indústria - Grassot,3907,07:20:13,20.22,7.9666666666,478.0,"1,2,3,4,5,6,7,8,9,10,11,12,13,14,15,16,17,25,26,27,28,29,30,31,32,33,34,35,36,37,38,39"
6047,2,H8,Anada,22,Indústria - Grassot,3907,07:26:45,26.75,6.5333333333166665,392.0,
6406,2,H8,Anada,22,Indústria - Grassot,3907,07:28:17,28.28,1.53333333335,92.0,
6215,1,H8,Anada,22,Indústria - Grassot,3907,07:36:19,36.32,8.033333333316667,482.0,
6408,2,H8,Anada,22,Indústria - Grassot,3907,07:45:39,45.65,9.33333333335,560.0,
6046,2,H8,Anada,22,Indústria - Grassot,3907,07:52:17,52.28,6.6166666667,397.0,"7,21"
6407,2,H8,Anada,22,Indústria - Grassot,3907,08:00:53,0.88,8.600000000033333,516.0,
6079,1,H8,Anada,22,Indústria - Grassot,3907,08:03:46,3.77,2.8999999999333337,174.0,1
6024,2,H8,Anada,22,Indústria - Grassot,3907,08:14:36,14.6,10.833333333333334,650.0,
6056,3,H8,Anada,22,Indústria - Grassot,3907,08:23:26,23.43,8.816666666733333,529.0,"4,18"
6411,2,H8,Anada,22,Indústria - Grassot,3907,08:29:52,29.87,6.4499999999333335,387.0,
6055,2,H8,Anada,22,Indústria - Grassot,3907,08:42:42,42.7,12.8166666667,769.0,1
6414,2,H8,Anada,22,Indústria - Grassot,3907,08:59:44,59.73,17.049999999966666,1023.0,36
6415,2,H8,Anada,22,Indústria - Grassot,3907,09:04:19,4.32,4.566666666733334,274.0,
1547,2,H8,Anada,22,Indústria - Grassot,3907,09:13:44,13.73,9.433333333266667,566.0,
2671,2,H8,Anada,22,Indústria - Grassot,3907,09:18:29,18.48,4.733333333366667,284.0,
6217,3,H8,Anada,22,Indústria - Grassot,3907,09:32:54,32.9,14.4333333333,866.0,1
6026,3,H8,Anada,22,Indústria - Grassot,3907,09:37:52,37.87,4.950000000033333,297.0,1
6401,2,H8,Anada,22,Indústria - Grassot,3907,09:47:24,47.4,9.549999999966667,573.0,19
6402,3,H8,Anada,22,Indústria - Grassot,3907,09:57:23,57.38,9.966666666733333,598.0,
6808,2,H8,Anada,22,Indústria - Grassot,3907,10:08:10,8.17,10.799999999933334,648.0,
6037,3,H8,Anada,22,Indústria - Grassot,3907,10:14:36,14.6,6.433333333333334,386.0,
6047,3,H8,Anada,22,Indústria - Grassot,3907,10:33:57,33.95,19.3333333334,1160.0,37
6406,3,H8,Anada,22,Indústria - Grassot,3907,10:38:56,38.93,4.983333333333333,299.0,
6215,2,H8,Anada,22,Indústria - Grassot,3907,10:45:35,45.58,5.216666666699999,313.0,
6407,3,H8,Anada,22,Indústria - Grassot,3907,10:54:59,54.98,9.399999999966667,564.0,1
6079,2,H8,Anada,22,Indústria - Grassot,3907,11:00:16,0.27,5.2833333333666666,317.0,15
6024,3,H8,Anada,22,Indústria - Grassot,3907,11:08:58,8.97,8.7,522.0,
6056,4,H8,Anada,22,Indústria - Grassot,3907,11:22:35,22.58,13.633333333266668,818.0,
6411,3,H8,Anada,22,Indústria - Grassot,3907,11:29:32,29.53,6.95,417.0,
6059,3,H8,Anada,22,Indústria - Grassot,3907,11:33:46,33.77,4.2166666667333335,253.0,
6055,3,H8,Anada,22,Indústria - Grassot,3907,11:42:00,42.0,8.249999999933333,495.0,
6414,3,H8,Anada,22,Indústria - Grassot,3907,11:54:27,54.45,12.433333333383333,746.0,
6415,3,H8,Anada,22,Indústria - Grassot,3907,12:03:38,3.63,9.19999999995,552.0,
1547,3,H8,Anada,22,Indústria - Grassot,3907,12:11:30,11.5,7.850000000066667,471.0,
2671,3,H8,Anada,22,Indústria - Grassot,3907,12:17:52,17.87,6.366666666633334,382.0,
6217,4,H8,Anada,22,Indústria - Grassot,3907,12:28:44,28.73,10.8666666667,652.0,
6401,3,H8,Anada,22,Indústria - Grassot,3907,12:45:05,45.08,16.3666666666,982.0,
6402,4,H8,Anada,22,Indústria - Grassot,3907,12:56:15,56.25,10.950000000066666,657.0,
6808,3,H8,Anada,22,Indústria - Grassot,3907,13:00:42,0.7,4.45,267.0,
6047,4,H8,Anada,22,Indústria - Grassot,3907,13:17:09,17.15,16.466666666600002,988.0,"5,6,23,35"
6406,4,H8,Anada,22,Indústria - Grassot,3907,13:26:46,26.77,9.3,558.0,
6215,3,H8,Anada,22,Indústria - Grassot,3907,13:31:40,31.67,4.899999999966667,294.0,
6121,2,H8,Anada,22,Indústria - Grassot,3907,13:46:15,46.25,14.583333333366665,875.0,
6407,4,H8,Anada,22,Indústria - Grassot,3907,13:51:59,51.98,5.749999999916667,345.0,
6079,3,H8,Anada,22,Indústria - Grassot,3907,13:59:46,59.77,7.76666666675,466.0,
6024,4,H8,Anada,22,Indústria - Grassot,3907,14:05:48,5.8,6.033333333333333,362.0,19
6056,5,H8,Anada,22,Indústria - Grassot,3907,14:11:47,11.78,5.9833333333,359.0,
6411,4,H8,Anada,22,Indústria - Grassot,3907,14:26:08,26.13,14.350000000033333,861.0,
6059,4,H8,Anada,22,Indústria - Grassot,3907,14:34:08,34.13,8.016666666599999,481.0,
6055,4,H8,Anada,22,Indústria - Grassot,3907,14:41:56,41.93,7.483333333266667,449.0,
6030,1,H8,Anada,22,Indústria - Grassot,3907,14:46:23,46.38,4.45,267.0,"1,2"
6414,4,H8,Anada,22,Indústria - Grassot,3907,14:58:08,58.13,11.75,705.0,
6415,4,H8,Anada,22,Indústria - Grassot,3907,15:02:40,2.67,4.533333333333333,272.0,19
1547,4,H8,Anada,22,Indústria - Grassot,3907,15:12:00,12.0,9.316666666733333,559.0,
2671,4,H8,Anada,22,Indústria - Grassot,3907,15:21:51,21.85,9.849999999966666,591.0,5
6217,5,H8,Anada,22,Indústria - Grassot,3907,15:34:50,34.83,12.983333333333333,779.0,
6026,5,H8,Anada,22,Indústria - Grassot,3907,15:41:09,41.15,6.316666666666666,379.0,
6409,1,H8,Anada,22,Indústria - Grassot,3907,15:46:12,46.2,5.066666666633334,304.0,
6401,4,H8,Anada,22,Indústria - Grassot,3907,15:55:25,55.42,9.200000000033333,552.0,
6402,5,H8,Anada,22,Indústria - Grassot,3907,16:01:32,1.53,6.1333333333,368.0,"1,2"
6808,4,H8,Anada,22,Indústria - Grassot,3907,16:03:45,3.75,2.216666666666667,133.0,
6037,5,H8,Anada,22,Indústria - Grassot,3907,16:16:43,16.72,12.950000000066666,777.0,
6047,5,H8,Anada,22,Indústria - Grassot,3907,16:29:07,29.12,12.4,744.0,
6406,5,H8,Anada,22,Indústria - Grassot,3907,16:34:09,34.15,5.033333333333333,302.0,
6215,4,H8,Anada,22,Indústria - Grassot,3907,16:41:49,41.82,7.666666666633334,460.0,
6121,3,H8,Anada,22,Indústria - Grassot,3907,16:48:12,48.2,6.383333333366666,383.0,
6407,5,H8,Anada,22,Indústria - Grassot,3907,16:54:44,54.73,6.549999999933333,393.0,
6079,4,H8,Anada,22,Indústria - Grassot,3907,17:04:17,4.28,9.55,573.0,
6024,5,H8,Anada,22,Indústria - Grassot,3907,17:12:26,12.43,8.1333333334,488.0,
6056,6,H8,Anada,22,Indústria - Grassot,3907,17:14:06,14.1,1.68333333325,101.0,
6411,5,H8,Anada,22,Indústria - Grassot,3907,17:31:42,31.7,17.600000000016667,1056.0,
6059,5,H8,Anada,22,Indústria - Grassot,3907,17:34:51,34.85,3.15,189.0,
6055,5,H8,Anada,22,Indústria - Grassot,3907,17:42:43,42.72,7.866666666666666,472.0,
6030,2,H8,Anada,22,Indústria - Grassot,3907,17:48:44,48.73,6.016666666666667,361.0,
6414,5,H8,Anada,22,Indústria - Grassot,3907,17:57:18,57.3,8.550000000033332,513.0,
6415,5,H8,Anada,22,Indústria - Grassot,3907,18:05:01,5.02,7.7333333333,464.0,
1547,5,H8,Anada,22,Indústria - Grassot,3907,18:09:59,9.98,4.966666666666667,298.0,
2671,5,H8,Anada,22,Indústria - Grassot,3907,18:19:18,19.3,9.316666666666666,559.0,
6217,6,H8,Anada,22,Indústria - Grassot,3907,18:20:54,20.9,1.6,96.0,
6026,6,H8,Anada,22,Indústria - Grassot,3907,18:40:01,40.02,19.100000000033333,1146.0,
6409,2,H8,Anada,22,Indústria - Grassot,3907,18:44:57,44.95,4.949999999966667,297.0,
6401,5,H8,Anada,22,Indústria - Grassot,3907,18:48:06,48.1,3.1333333334,188.0,
6402,6,H8,Anada,22,Indústria - Grassot,3907,18:51:31,51.52,3.433333333266667,206.0,
6037,6,H8,Anada,22,Indústria - Grassot,3907,19:14:04,14.07,22.533333333366667,1352.0,
6063,1,H8,Anada,22,Indústria - Grassot,3907,19:17:06,17.1,3.0499999999666665,183.0,"1,2,3,4,5,6,7,8,9,10,11,12"
6406,6,H8,Anada,22,Indústria - Grassot,3907,19:26:51,26.85,9.633333333366666,578.0,
6121,4,H8,Anada,22,Indústria - Grassot,3907,19:37:43,37.72,10.8666666667,652.0,
6407,6,H8,Anada,22,Indústria - Grassot,3907,19:44:11,44.18,6.466666666666667,388.0,"9,19"
6024,6,H8,Anada,22,Indústria - Grassot,3907,19:56:57,56.95,12.766666666633334,766.0,
6056,7,H8,Anada,22,Indústria - Grassot,3907,19:58:22,58.37,1.4166666666999999,85.0,
6411,6,H8,Anada,22,Indústria - Grassot,3907,20:06:36,6.6,8.233333333300001,494.0,
6030,3,H8,Anada,22,Indústria - Grassot,3907,20:21:11,21.18,14.599999999966666,876.0,
6414,6,H8,Anada,22,Indústria - Grassot,3907,20:30:09,30.15,8.950000000066666,537.0,
6415,6,H8,Anada,22,Indústria - Grassot,3907,20:44:54,44.9,14.7666666666,886.0,
6026,7,H8,Anada,22,Indústria - Grassot,3907,20:58:05,58.08,13.183333333333334,791.0,"9,10,11"
6409,3,H8,Anada,22,Indústria - Grassot,3907,21:16:48,16.8,18.700000000033334,1122.0,"13,29"
6402,7,H8,Anada,22,Indústria - Grassot,3907,21:23:24,23.4,6.6,396.0,
6047,7,H8,Anada,22,Indústria - Grassot,3907,21:44:04,44.07,20.666666666666668,1240.0,27
6063,2,H8,Anada,22,Indústria - Grassot,3907,21:45:12,45.2,1.1499999999666668,69.0,23
6408,6,H8,Anada,22,Indústria - Grassot,3907,21:58:34,58.57,13.350000000033333,801.0,33
6217,1,H8,Anada,23,Indústria - Sardenya,949,03:36:28,36.47,,,"1,2,3,4,5,6,7,8,9,10,11,12,13,14,15,16,17,18,19,20,21,22"
6026,1,H8,Anada,23,Indústria - Sardenya,949,03:53:21,53.35,16.8833333333,1013.0,"1,2,3,4,5,6,7,8,9,10,11"
6402,1,H8,Anada,23,Indústria - Sardenya,949,04:11:22,11.37,18.016666666666666,1081.0,1
6037,1,H8,Anada,23,Indústria - Sardenya,949,04:19:46,19.77,8.4,504.0,"1,2,3,32,33"
6406,1,H8,Anada,23,Indústria - Sardenya,949,04:33:32,33.53,13.7833333333,827.0,
6046,1,H8,Anada,23,Indústria - Sardenya,949,04:40:12,40.2,6.666666666666667,400.0,"30,31"
6408,1,H8,Anada,23,Indústria - Sardenya,949,04:48:18,48.3,8.083333333366665,485.0,
6407,1,H8,Anada,23,Indústria - Sardenya,949,04:54:24,54.4,6.116666666633334,367.0,
6024,1,H8,Anada,23,Indústria - Sardenya,949,05:05:28,5.47,11.066666666666666,664.0,
6056,1,H8,Anada,23,Indústria - Sardenya,949,05:21:49,21.82,16.3333333334,980.0,"1,2,3"
6411,1,H8,Anada,23,Indústria - Sardenya,949,05:26:30,26.5,4.6833333333,281.0,
6055,1,H8,Anada,23,Indústria - Sardenya,949,05:33:22,33.37,6.8666666667,412.0,1
6414,1,H8,Anada,23,Indústria - Sardenya,949,05:50:39,50.65,17.2833333333,1037.0,
6059,1,H8,Anada,23,Indústria - Sardenya,949,05:52:08,52.13,1.4999999999666669,90.0,"1,9"
6415,1,H8,Anada,23,Indústria - Sardenya,949,06:08:57,8.95,16.800000000066667,1008.0,
6047,1,H8,Anada,23,Indústria - Sardenya,949,06:10:51,10.85,1.9,114.0,"1,2,3,4,5,6,7,8,9,10,11,12,13,14,15,28,29,30,31,32,33,34,35,36,37,38,39"
1547,1,H8,Anada,23,Indústria - Sardenya,949,06:16:22,16.37,5.516666666666667,331.0,
2671,1,H8,Anada,23,Indústria - Sardenya,949,06:24:16,24.27,7.9,474.0,
6217,2,H8,Anada,23,Indústria - Sardenya,949,06:32:35,32.58,8.316666666666666,499.0,
6026,2,H8,Anada,23,Indústria - Sardenya,949,06:43:54,43.9,11.316666666666666,679.0,
6401,1,H8,Anada,23,Indústria - Sardenya,949,06:50:06,50.1,6.199999999966667,372.0,
6402,2,H8,Anada,23,Indústria - Sardenya,949,06:56:13,56.22,6.1166666667,367.0,
6808,1,H8,Anada,23,Indústria - Sardenya,949,07:10:49,10.82,14.599999999966666,876.0,
6037,2,H8,Anada,23,Indústria - Sardenya,949,07:14:04,14.07,3.2500000000333333,195.0,
6056,2,H8,Anada,23,Indústria - Sardenya,949,07:21:52,21.87,7.8,468.0,"1,2,3,4,5,6,7,8,9,10,11,12,13,14,15,16,17,25,26,27,28,29,30,31,32,33,34,35,36,37,38,39"
6047,2,H8,Anada,23,Indústria - Sardenya,949,07:28:20,28.33,6.483333333266667,389.0,
6406,2,H8,Anada,23,Indústria - Sardenya,949,07:30:11,30.18,1.85,111.0,
6215,1,H8,Anada,23,Indústria - Sardenya,949,07:38:32,38.53,8.3333333334,500.0,
6408,2,H8,Anada,23,Indústria - Sardenya,949,07:48:31,48.52,9.983333333333333,599.0,
6046,2,H8,Anada,23,Indústria - Sardenya,949,07:55:23,55.38,6.866666666633334,412.0,"7,21"
6407,2,H8,Anada,23,Indústria - Sardenya,949,08:01:35,1.58,6.200000000033333,372.0,
6079,1,H8,Anada,23,Indústria - Sardenya,949,08:05:24,5.4,3.816666666633333,229.0,1
6024,2,H8,Anada,23,Indústria - Sardenya,949,08:16:35,16.58,11.183333333333334,671.0,
6056,3,H8,Anada,23,Indústria - Sardenya,949,08:24:41,24.68,8.116666666633334,487.0,"4,18"
6411,2,H8,Anada,23,Indústria - Sardenya,949,08:31:14,31.23,6.55,393.0,
6055,2,H8,Anada,23,Indústria - Sardenya,949,08:44:59,44.98,13.75,825.0,1
6414,2,H8,Anada,23,Indústria - Sardenya,949,09:00:40,0.67,15.683333333333334,941.0,36
6415,2,H8,Anada,23,Indústria - Sardenya,949,09:06:43,6.72,6.05,363.0,
1547,2,H8,Anada,23,Indústria - Sardenya,949,09:15:20,15.33,8.600000000033333,516.0,
2671,2,H8,Anada,23,Indústria - Sardenya,949,09:20:08,20.13,4.800000000033333,288.0,
6217,3,H8,Anada,23,Indústria - Sardenya,949,09:34:22,34.37,14.233333333300001,854.0,1
6026,3,H8,Anada,23,Indústria - Sardenya,949,09:40:25,40.42,6.0500000000166665,363.0,1
6401,2,H8,Anada,23,Indústria - Sardenya,949,09:49:17,49.28,8.866666666683333,532.0,19
6402,3,H8,Anada,23,Indústria - Sardenya,949,09:58:53,58.88,9.599999999966666,576.0,
6808,2,H8,Anada,23,Indústria - Sardenya,949,10:09:57,9.95,11.0833333333,665.0,
6037,3,H8,Anada,23,Indústria - Sardenya,949,10:16:20,16.33,6.366666666733334,382.0,
6047,3,H8,Anada,23,Indústria - Sardenya,949,10:35:50,35.83,19.49999999996667,1170.0,37
6406,3,H8,Anada,23,Indústria - Sardenya,949,10:40:38,40.63,4.800000000033333,288.0,
6408,3,H8,Anada,23,Indústria - Sardenya,949,10:41:58,41.97,1.3333333333000001,80.0,"1,2,3,4,5,6,7,8,9,10,11,12,13,14,15,16,17,25,26,27,28,29,30,31,32,33,34,35,36,37,38,39"
6121,1,H8,Anada,23,Indústria - Sardenya,949,10:43:21,43.35,1.38333333335,83.0,"1,2,3,4,5,6,7,8,9,10,11,12,13,14,15,16,17,18"
6215,2,H8,Anada,23,Indústria - Sardenya,949,10:48:02,48.03,4.699999999949999,282.0,
6407,3,H8,Anada,23,Indústria - Sardenya,949,10:56:36,56.6,8.56666666665,514.0,1
6079,2,H8,Anada,23,Indústria - Sardenya,949,11:02:04,2.07,5.4500000000833335,327.0,15
6024,3,H8,Anada,23,Indústria - Sardenya,949,11:11:38,11.63,9.566666666633333,574.0,
6056,4,H8,Anada,23,Indústria - Sardenya,949,11:23:39,23.65,12.016666666699999,721.0,
6411,3,H8,Anada,23,Indústria - Sardenya,949,11:32:44,32.73,9.0833333333,545.0,
6059,3,H8,Anada,23,Indústria - Sardenya,949,11:35:44,35.73,3.0,180.0,
6055,3,H8,Anada,23,Indústria - Sardenya,949,11:44:00,44.0,8.266666666666667,496.0,
6414,3,H8,Anada,23,Indústria - Sardenya,949,11:56:23,56.38,12.399999999966667,744.0,
6415,3,H8,Anada,23,Indústria - Sardenya,949,12:05:28,5.47,9.083333333333334,545.0,
1547,3,H8,Anada,23,Indústria - Sardenya,949,12:14:31,14.52,9.05,543.0,
2671,3,H8,Anada,23,Indústria - Sardenya,949,12:19:26,19.43,4.900000000066667,294.0,
6217,4,H8,Anada,23,Indústria - Sardenya,949,12:31:05,31.08,11.649999999966667,699.0,
6026,4,H8,Anada,23,Indústria - Sardenya,949,12:47:01,47.02,15.933333333333334,956.0,
6402,4,H8,Anada,23,Indústria - Sardenya,949,12:58:09,58.15,10.6166666666,637.0,
6808,3,H8,Anada,23,Indústria - Sardenya,949,13:02:51,2.85,4.683333333366666,281.0,
6037,4,H8,Anada,23,Indústria - Sardenya,949,13:24:04,24.07,21.216666666666665,1273.0,
6406,4,H8,Anada,23,Indústria - Sardenya,949,13:29:04,29.07,5.016666666633333,301.0,
6215,3,H8,Anada,23,Indústria - Sardenya,949,13:34:34,34.57,5.4833333334,329.0,
6121,2,H8,Anada,23,Indústria - Sardenya,949,13:47:19,47.32,12.75,765.0,
6407,4,H8,Anada,23,Indústria - Sardenya,949,13:53:41,53.68,6.366666666633334,382.0,
6079,3,H8,Anada,23,Indústria - Sardenya,949,14:02:43,2.72,9.049999999966667,543.0,
6024,4,H8,Anada,23,Indústria - Sardenya,949,14:07:40,7.67,4.9333333334,296.0,19
6056,5,H8,Anada,23,Indústria - Sardenya,949,14:12:57,12.95,5.283333333300001,317.0,
6411,4,H8,Anada,23,Indústria - Sardenya,949,14:27:37,27.62,14.6833333333,881.0,
6059,4,H8,Anada,23,Indústria - Sardenya,949,14:35:44,35.73,8.100000000066666,486.0,
6055,4,H8,Anada,23,Indústria - Sardenya,949,14:43:44,43.73,7.8666666666,472.0,
6030,1,H8,Anada,23,Indústria - Sardenya,949,14:48:05,48.08,4.333333333400001,260.0,"1,2"
6414,4,H8,Anada,23,Indústria - Sardenya,949,14:59:33,59.55,11.466666666666667,688.0,
6415,4,H8,Anada,23,Indústria - Sardenya,949,15:04:11,4.18,4.649999999933333,279.0,19
1547,4,H8,Anada,23,Indústria - Sardenya,949,15:14:53,14.88,10.683333333366667,641.0,
2671,4,H8,Anada,23,Indústria - Sardenya,949,15:24:14,24.23,9.35,561.0,5
6217,5,H8,Anada,23,Indústria - Sardenya,949,15:37:13,37.22,12.999999999966667,780.0,
6026,5,H8,Anada,23,Indústria - Sardenya,949,15:42:51,42.85,5.6166666667,337.0,
6409,1,H8,Anada,23,Indústria - Sardenya,949,15:47:58,47.97,5.1166666667,307.0,
6401,4,H8,Anada,23,Indústria - Sardenya,949,15:57:12,57.2,9.249999999933333,555.0,
6402,5,H8,Anada,23,Indústria - Sardenya,949,16:03:25,3.42,6.216666666666667,373.0,"1,2"
6808,4,H8,Anada,23,Indústria - Sardenya,949,16:05:59,5.98,2.5500000000333336,153.0,
6037,5,H8,Anada,23,Indústria - Sardenya,949,16:18:18,18.3,12.316666666666666,739.0,
6047,5,H8,Anada,23,Indústria - Sardenya,949,16:30:50,30.83,12.549999999966667,753.0,
6406,5,H8,Anada,23,Indústria - Sardenya,949,16:35:18,35.3,4.450000000066667,267.0,
6215,4,H8,Anada,23,Indústria - Sardenya,949,16:43:51,43.85,8.566666666600002,514.0,
6121,3,H8,Anada,23,Indústria - Sardenya,949,16:50:15,50.25,6.3833333334,383.0,
6407,5,H8,Anada,23,Indústria - Sardenya,949,16:56:44,56.73,6.499999999933333,390.0,
6079,4,H8,Anada,23,Indústria - Sardenya,949,17:06:50,6.83,10.083333333366665,605.0,
6024,5,H8,Anada,23,Indústria - Sardenya,949,17:15:07,15.12,8.283333333366667,497.0,
6056,6,H8,Anada,23,Indústria - Sardenya,949,17:16:10,16.17,1.0499999999666667,63.0,
6411,5,H8,Anada,23,Indústria - Sardenya,949,17:33:13,33.22,17.05,1023.0,
6059,5,H8,Anada,23,Indústria - Sardenya,949,17:36:54,36.9,3.6999999999666664,222.0,
6055,5,H8,Anada,23,Indústria - Sardenya,949,17:44:23,44.38,7.466666666699999,448.0,
6030,2,H8,Anada,23,Indústria - Sardenya,949,17:51:16,51.27,6.899999999966667,414.0,
6414,5,H8,Anada,23,Indústria - Sardenya,949,17:58:58,58.97,7.7,462.0,
6415,5,H8,Anada,23,Indústria - Sardenya,949,18:06:17,6.28,7.316666666666666,439.0,
1547,5,H8,Anada,23,Indústria - Sardenya,949,18:11:03,11.05,4.766666666666667,286.0,
2671,5,H8,Anada,23,Indústria - Sardenya,949,18:21:12,21.2,10.149999999983333,609.0,
6217,6,H8,Anada,23,Indústria - Sardenya,949,18:23:24,23.4,2.2000000000166664,132.0,
6026,6,H8,Anada,23,Indústria - Sardenya,949,18:41:53,41.88,18.4666666667,1108.0,
6409,2,H8,Anada,23,Indústria - Sardenya,949,18:47:04,47.07,5.199999999966667,312.0,
6401,5,H8,Anada,23,Indústria - Sardenya,949,18:50:03,50.05,2.9666666667,178.0,
6402,6,H8,Anada,23,Indústria - Sardenya,949,18:52:59,52.98,2.9499999999666664,177.0,
6037,6,H8,Anada,23,Indústria - Sardenya,949,19:15:45,15.75,22.750000000066667,1365.0,
6063,1,H8,Anada,23,Indústria - Sardenya,949,19:18:47,18.78,3.0499999999333336,183.0,"1,2,3,4,5,6,7,8,9,10,11,12"
6406,6,H8,Anada,23,Indústria - Sardenya,949,19:28:01,28.02,9.200000000066666,552.0,
6121,4,H8,Anada,23,Indústria - Sardenya,949,19:39:14,39.23,11.216666666666667,673.0,
6407,6,H8,Anada,23,Indústria - Sardenya,949,19:46:12,46.2,6.966666666666667,418.0,"9,19"
6024,6,H8,Anada,23,Indústria - Sardenya,949,19:58:54,58.9,12.699999999966668,762.0,
6411,6,H8,Anada,23,Indústria - Sardenya,949,20:08:16,8.27,8.466666666666667,508.0,
6030,3,H8,Anada,23,Indústria - Sardenya,949,20:23:03,23.05,14.783333333366667,887.0,
6414,6,H8,Anada,23,Indústria - Sardenya,949,20:32:10,32.17,9.116666666666667,547.0,
6415,6,H8,Anada,23,Indústria - Sardenya,949,20:46:48,46.8,14.633333333333333,878.0,
6026,7,H8,Anada,23,Indústria - Sardenya,949,20:59:09,59.15,12.35,741.0,"9,10,11"
6409,3,H8,Anada,23,Indústria - Sardenya,949,21:19:40,19.67,20.516666666633334,1231.0,"13,29"
6402,7,H8,Anada,23,Indústria - Sardenya,949,21:24:53,24.88,5.216666666666667,313.0,
6047,7,H8,Anada,23,Indústria - Sardenya,949,21:45:41,45.68,20.816666666633335,1249.0,27
6408,6,H8,Anada,23,Indústria - Sardenya,949,22:00:03,0.05,14.36666666665,862.0,33
6217,1,H8,Anada,24,Indústria - Lepant,913,03:37:27,37.45,,,"1,2,3,4,5,6,7,8,9,10,11,12,13,14,15,16,17,18,19,20,21,22"
6026,1,H8,Anada,24,Indústria - Lepant,913,03:54:43,54.72,17.28333333326667,1037.0,"1,2,3,4,5,6,7,8,9,10,11"
6402,1,H8,Anada,24,Indústria - Lepant,913,04:12:25,12.42,17.683333333366665,1061.0,1
6037,1,H8,Anada,24,Indústria - Lepant,913,04:21:02,21.03,8.6333333333,518.0,"1,2,3,32,33"
6406,1,H8,Anada,24,Indústria - Lepant,913,04:35:12,35.2,14.166666666666666,850.0,
6046,1,H8,Anada,24,Indústria - Lepant,913,04:41:30,41.5,6.2833333334,377.0,"30,31"
6408,1,H8,Anada,24,Indústria - Lepant,913,04:49:45,49.75,8.266666666599999,496.0,
6407,1,H8,Anada,24,Indústria - Lepant,913,04:56:33,56.55,6.7833333334,407.0,
6024,1,H8,Anada,24,Indústria - Lepant,913,05:07:23,7.38,10.833333333333334,650.0,
6056,1,H8,Anada,24,Indústria - Lepant,913,05:23:35,23.58,16.2,972.0,"1,2,3"
6411,1,H8,Anada,24,Indústria - Lepant,913,05:28:42,28.7,5.116666666633334,307.0,
6055,1,H8,Anada,24,Indústria - Lepant,913,05:35:20,35.33,6.633333333333334,398.0,1
6414,1,H8,Anada,24,Indústria - Lepant,913,05:52:26,52.43,17.1,1026.0,
6059,1,H8,Anada,24,Indústria - Lepant,913,05:54:08,54.13,1.7166666666333334,103.0,"1,9"
6415,1,H8,Anada,24,Indústria - Lepant,913,06:10:51,10.85,16.700000000033334,1002.0,
6047,1,H8,Anada,24,Indústria - Lepant,913,06:13:00,13.0,2.1500000000333332,129.0,"1,2,3,4,5,6,7,8,9,10,11,12,13,14,15,28,29,30,31,32,33,34,35,36,37,38,39"
1547,1,H8,Anada,24,Indústria - Lepant,913,06:18:13,18.22,5.233333333266667,314.0,
2671,1,H8,Anada,24,Indústria - Lepant,913,06:26:01,26.02,7.7833333333666666,467.0,
6217,2,H8,Anada,24,Indústria - Lepant,913,06:35:17,35.28,9.266666666666667,556.0,
6026,2,H8,Anada,24,Indústria - Lepant,913,06:45:33,45.55,10.266666666666667,616.0,
6401,1,H8,Anada,24,Indústria - Lepant,913,06:51:51,51.85,6.316666666633334,379.0,
6402,2,H8,Anada,24,Indústria - Lepant,913,06:57:53,57.88,6.016666666733333,361.0,
6808,1,H8,Anada,24,Indústria - Lepant,913,07:12:58,12.97,15.099999999933335,906.0,
6037,2,H8,Anada,24,Indústria - Lepant,913,07:15:55,15.92,2.9333333334,176.0,
6056,2,H8,Anada,24,Indústria - Lepant,913,07:23:52,23.87,7.95,477.0,"1,2,3,4,5,6,7,8,9,10,11,12,13,14,15,16,17,25,26,27,28,29,30,31,32,33,34,35,36,37,38,39"
6047,2,H8,Anada,24,Indústria - Lepant,913,07:30:48,30.8,6.933333333333334,416.0,
6406,2,H8,Anada,24,Indústria - Lepant,913,07:32:28,32.47,1.6833333332833333,101.0,
6215,1,H8,Anada,24,Indústria - Lepant,913,07:40:50,40.83,8.350000000016667,501.0,
6408,2,H8,Anada,24,Indústria - Lepant,913,07:49:55,49.92,9.083333333366665,545.0,
6046,2,H8,Anada,24,Indústria - Lepant,913,07:56:57,56.95,7.033333333300001,422.0,"7,21"
6407,2,H8,Anada,24,Indústria - Lepant,913,08:03:55,3.92,6.966666666699999,418.0,
6079,1,H8,Anada,24,Indústria - Lepant,913,08:07:15,7.25,3.3333333332999997,200.0,1
6024,2,H8,Anada,24,Indústria - Lepant,913,08:17:34,17.57,10.3166666667,619.0,
6056,3,H8,Anada,24,Indústria - Lepant,913,08:26:52,26.87,9.3,558.0,"4,18"
6411,2,H8,Anada,24,Indústria - Lepant,913,08:33:24,33.4,6.549999999933333,393.0,
6059,2,H8,Anada,24,Indústria - Lepant,913,08:36:09,36.15,2.7333333333666667,164.0,"9,10,11,12,20,21,22,23"
6055,2,H8,Anada,24,Indústria - Lepant,913,08:47:12,47.2,11.066666666633333,664.0,1
6414,2,H8,Anada,24,Indústria - Lepant,913,09:03:39,3.65,16.433333333366665,986.0,36
6415,2,H8,Anada,24,Indústria - Lepant,913,09:08:29,8.48,4.833333333333333,290.0,
1547,2,H8,Anada,24,Indústria - Lepant,913,09:17:32,17.53,9.05,543.0,
2671,2,H8,Anada,24,Indústria - Lepant,913,09:21:53,21.88,4.35,261.0,
6217,3,H8,Anada,24,Indústria - Lepant,913,09:37:23,37.38,15.5,930.0,1
6026,3,H8,Anada,24,Indústria - Lepant,913,09:42:59,42.98,5.616666666633334,337.0,1
6401,2,H8,Anada,24,Indústria - Lepant,913,09:50:51,50.85,7.850000000066667,471.0,19
6402,3,H8,Anada,24,Indústria - Lepant,913,10:01:11,1.18,10.349999999933335,621.0,
6808,2,H8,Anada,24,Indústria - Lepant,913,10:12:20,12.33,11.15,669.0,
6037,3,H8,Anada,24,Indústria - Lepant,913,10:19:18,19.3,6.966666666666667,418.0,
6047,3,H8,Anada,24,Indústria - Lepant,913,10:37:41,37.68,18.3666666667,1102.0,37
6406,3,H8,Anada,24,Indústria - Lepant,913,10:42:43,42.72,5.0333333333666666,302.0,
6408,3,H8,Anada,24,Indústria - Lepant,913,10:44:11,44.18,1.4833333332666667,89.0,"1,2,3,4,5,6,7,8,9,10,11,12,13,14,15,16,17,25,26,27,28,29,30,31,32,33,34,35,36,37,38,39"
6121,1,H8,Anada,24,Indústria - Lepant,913,10:45:29,45.48,1.3,78.0,"1,2,3,4,5,6,7,8,9,10,11,12,13,14,15,16,17,18"
6215,2,H8,Anada,24,Indústria - Lepant,913,10:50:06,50.1,4.600000000066667,276.0,
6407,3,H8,Anada,24,Indústria - Lepant,913,10:58:37,58.62,8.516666666666667,511.0,1
6079,2,H8,Anada,24,Indústria - Lepant,913,11:04:13,4.22,5.599999999966667,336.0,15
6024,3,H8,Anada,24,Indústria - Lepant,913,11:14:05,14.08,9.866666666666667,592.0,
6056,4,H8,Anada,24,Indústria - Lepant,913,11:26:31,26.52,12.449999999966668,747.0,
6411,3,H8,Anada,24,Indústria - Lepant,913,11:34:09,34.15,7.6166666667,457.0,
6059,3,H8,Anada,24,Indústria - Lepant,913,11:38:31,38.52,4.366666666666666,262.0,
6055,3,H8,Anada,24,Indústria - Lepant,913,11:45:26,45.43,6.9333333333,416.0,
6414,3,H8,Anada,24,Indústria - Lepant,913,11:58:28,58.47,13.016666666716667,781.0,
6415,3,H8,Anada,24,Indústria - Lepant,913,12:07:28,7.47,8.999999999983334,540.0,
1547,3,H8,Anada,24,Indústria - Lepant,913,12:16:33,16.55,9.083333333333334,545.0,
2671,3,H8,Anada,24,Indústria - Lepant,913,12:20:58,20.97,4.416666666666667,265.0,
6217,4,H8,Anada,24,Indústria - Lepant,913,12:33:07,33.12,12.150000000033334,729.0,
6026,4,H8,Anada,24,Indústria - Lepant,913,12:48:38,48.63,15.516666666633334,931.0,
6402,4,H8,Anada,24,Indústria - Lepant,913,13:00:27,0.45,10.85,651.0,
6808,3,H8,Anada,24,Indústria - Lepant,913,13:04:58,4.97,4.500000000033333,270.0,
6047,4,H8,Anada,24,Indústria - Lepant,913,13:17:27,17.45,12.483333333333333,749.0,"5,6,23,35"
6037,4,H8,Anada,24,Indústria - Lepant,913,13:26:16,26.27,8.8166666667,529.0,
6406,4,H8,Anada,24,Indústria - Lepant,913,13:30:47,30.78,4.516666666666667,271.0,
6215,3,H8,Anada,24,Indústria - Lepant,913,13:36:49,36.82,6.033333333333333,362.0,
6121,2,H8,Anada,24,Indústria - Lepant,913,13:49:00,49.0,12.199999999933334,732.0,
6407,4,H8,Anada,24,Indústria - Lepant,913,13:56:22,56.37,7.350000000066667,441.0,
6079,3,H8,Anada,24,Indústria - Lepant,913,14:03:50,3.83,7.4666666666333334,448.0,
6024,4,H8,Anada,24,Indústria - Lepant,913,14:09:53,9.88,6.050000000033333,363.0,19
6056,5,H8,Anada,24,Indústria - Lepant,913,14:15:09,15.15,5.2833333332666665,317.0,
6411,4,H8,Anada,24,Indústria - Lepant,913,14:29:35,29.58,14.416666666733333,865.0,
6211,3,H8,Anada,24,Indústria - Lepant,913,14:38:06,38.1,8.533333333266667,512.0,
6055,4,H8,Anada,24,Indústria - Lepant,913,14:45:05,45.08,6.383333333366666,383.0,
6030,1,H8,Anada,24,Indústria - Lepant,913,14:50:56,50.93,5.85,351.0,"1,2"
6414,4,H8,Anada,24,Indústria - Lepant,913,15:01:38,1.63,10.7,642.0,
6415,4,H8,Anada,24,Indústria - Lepant,913,15:06:08,6.13,4.5,270.0,19
1547,4,H8,Anada,24,Indústria - Lepant,913,15:17:12,17.2,11.083333333266667,665.0,
2671,4,H8,Anada,24,Indústria - Lepant,913,15:25:58,25.97,8.750000000066667,525.0,5
6217,5,H8,Anada,24,Indústria - Lepant,913,15:39:44,39.73,13.783333333266667,827.0,
6026,5,H8,Anada,24,Indústria - Lepant,913,15:47:07,47.12,7.3666666667,442.0,
6409,1,H8,Anada,24,Indústria - Lepant,913,15:50:20,50.33,3.2166666667,193.0,
6401,4,H8,Anada,24,Indústria - Lepant,913,15:59:32,59.53,9.199999999966668,552.0,
6402,5,H8,Anada,24,Indústria - Lepant,913,16:05:09,5.15,5.616666666666666,337.0,"1,2"
6808,4,H8,Anada,24,Indústria - Lepant,913,16:08:27,8.45,3.316666666633333,199.0,
6037,5,H8,Anada,24,Indústria - Lepant,913,16:20:58,20.97,12.500000000033333,750.0,
6047,5,H8,Anada,24,Indústria - Lepant,913,16:33:10,33.17,12.216666666633333,733.0,
6406,5,H8,Anada,24,Indústria - Lepant,913,16:37:43,37.72,4.5333333333666666,272.0,
6215,4,H8,Anada,24,Indústria - Lepant,913,16:46:29,46.48,8.7833333333,527.0,
6121,3,H8,Anada,24,Indústria - Lepant,913,16:52:20,52.33,5.833333333400001,350.0,
6407,5,H8,Anada,24,Indústria - Lepant,913,16:59:16,59.27,6.9499999999333335,417.0,
6079,4,H8,Anada,24,Indústria - Lepant,913,17:09:00,9.0,9.7166666667,583.0,
6024,5,H8,Anada,24,Indústria - Lepant,913,17:16:54,16.9,7.91666666665,475.0,
6056,6,H8,Anada,24,Indústria - Lepant,913,17:18:07,18.12,1.2166666666333334,73.0,
6411,5,H8,Anada,24,Indústria - Lepant,913,17:34:59,34.98,16.85000000005,1011.0,
6059,5,H8,Anada,24,Indústria - Lepant,913,17:39:31,39.52,4.533333333333333,272.0,
6055,5,H8,Anada,24,Indústria - Lepant,913,17:47:06,47.1,7.583333333333333,455.0,
6030,2,H8,Anada,24,Indústria - Lepant,913,17:53:11,53.18,6.083333333366666,365.0,
6414,5,H8,Anada,24,Indústria - Lepant,913,18:00:09,0.15,6.966666666666667,418.0,
6415,5,H8,Anada,24,Indústria - Lepant,913,18:08:28,8.47,8.333333333266667,500.0,
1547,5,H8,Anada,24,Indústria - Lepant,913,18:13:02,13.03,4.550000000033333,273.0,
2671,5,H8,Anada,24,Indústria - Lepant,913,18:23:15,23.25,10.2166666667,613.0,
6217,6,H8,Anada,24,Indústria - Lepant,913,18:25:27,25.45,2.2,132.0,
6026,6,H8,Anada,24,Indústria - Lepant,913,18:44:54,44.9,19.45,1167.0,
6409,2,H8,Anada,24,Indústria - Lepant,913,18:49:05,49.08,4.183333333333334,251.0,
6401,5,H8,Anada,24,Indústria - Lepant,913,18:52:08,52.13,3.0666666666,184.0,
6402,6,H8,Anada,24,Indústria - Lepant,913,18:54:59,54.98,2.85,171.0,
6037,6,H8,Anada,24,Indústria - Lepant,913,19:18:00,18.0,23.00000000003333,1380.0,
6063,1,H8,Anada,24,Indústria - Lepant,913,19:20:50,20.83,2.8499999999666668,171.0,"1,2,3,4,5,6,7,8,9,10,11,12"
6406,6,H8,Anada,24,Indústria - Lepant,913,19:30:15,30.25,9.25,555.0,
6121,4,H8,Anada,24,Indústria - Lepant,913,19:42:05,42.08,11.816666666733333,709.0,
6407,6,H8,Anada,24,Indústria - Lepant,913,19:48:14,48.23,6.15,369.0,"9,19"
6024,6,H8,Anada,24,Indústria - Lepant,913,20:01:17,1.28,13.066666666600002,784.0,
6411,6,H8,Anada,24,Indústria - Lepant,913,20:11:03,11.05,9.383333333366666,563.0,
6030,3,H8,Anada,24,Indústria - Lepant,913,20:24:25,24.42,13.383333333266668,803.0,
6414,6,H8,Anada,24,Indústria - Lepant,913,20:33:45,33.75,9.3166666667,559.0,
6415,6,H8,Anada,24,Indústria - Lepant,913,20:49:02,49.03,15.299999999966667,918.0,
6026,7,H8,Anada,24,Indústria - Lepant,913,21:00:49,0.82,11.766666666733332,706.0,"9,10,11"
6409,3,H8,Anada,24,Indústria - Lepant,913,21:21:53,21.88,21.066666666633335,1264.0,"13,29"
6402,7,H8,Anada,24,Indústria - Lepant,913,21:25:33,25.55,3.6833333333,221.0,
6063,2,H8,Anada,24,Indústria - Lepant,913,21:47:03,47.05,21.4833333334,1289.0,23
6408,6,H8,Anada,24,Indústria - Lepant,913,22:01:15,1.25,14.0833333333,845.0,33
6217,1,H8,Anada,25,Av Gaudí,307,03:38:32,38.53,,,"1,2,3,4,5,6,7,8,9,10,11,12,13,14,15,16,17,18,19,20,21,22"
6026,1,H8,Anada,25,Av Gaudí,307,03:55:55,55.92,17.3833333333,1043.0,"1,2,3,4,5,6,7,8,9,10,11"
6402,1,H8,Anada,25,Av Gaudí,307,04:13:20,13.33,17.416666666666668,1045.0,1
6037,1,H8,Anada,25,Av Gaudí,307,04:21:35,21.58,8.25,495.0,"1,2,3,32,33"
6406,1,H8,Anada,25,Av Gaudí,307,04:36:43,36.72,15.133333333333333,908.0,
6046,1,H8,Anada,25,Av Gaudí,307,04:43:12,43.2,6.483333333333333,389.0,"30,31"
6408,1,H8,Anada,25,Av Gaudí,307,04:52:06,52.1,8.916666666633335,535.0,
6407,1,H8,Anada,25,Av Gaudí,307,04:57:44,57.73,5.633333333333334,338.0,
6024,1,H8,Anada,25,Av Gaudí,307,05:08:25,8.42,10.6666666667,640.0,
6056,1,H8,Anada,25,Av Gaudí,307,05:24:45,24.75,16.333333333366667,980.0,"1,2,3"
6411,1,H8,Anada,25,Av Gaudí,307,05:29:20,29.33,4.583333333333333,275.0,
6055,1,H8,Anada,25,Av Gaudí,307,05:36:42,36.7,7.383333333266666,443.0,1
6414,1,H8,Anada,25,Av Gaudí,307,05:53:41,53.68,16.9666666667,1018.0,
6059,1,H8,Anada,25,Av Gaudí,307,05:55:22,55.37,1.6833333333666665,101.0,"1,9"
6415,1,H8,Anada,25,Av Gaudí,307,06:13:11,13.18,17.816666666666666,1069.0,
6047,1,H8,Anada,25,Av Gaudí,307,06:14:44,14.73,1.5499999999666667,93.0,"1,2,3,4,5,6,7,8,9,10,11,12,13,14,15,28,29,30,31,32,33,34,35,36,37,38,39"
1547,1,H8,Anada,25,Av Gaudí,307,06:19:50,19.83,5.100000000033333,306.0,
2671,1,H8,Anada,25,Av Gaudí,307,06:27:13,27.22,7.3833333333,443.0,
6217,2,H8,Anada,25,Av Gaudí,307,06:36:31,36.52,9.3,558.0,
6026,2,H8,Anada,25,Av Gaudí,307,06:47:19,47.32,10.800000000033332,648.0,
6401,1,H8,Anada,25,Av Gaudí,307,06:53:07,53.12,5.8166666666,349.0,
6402,2,H8,Anada,25,Av Gaudí,307,06:58:57,58.95,5.816666666733334,349.0,
6808,1,H8,Anada,25,Av Gaudí,307,07:13:58,13.97,15.033333333266667,902.0,
6037,2,H8,Anada,25,Av Gaudí,307,07:16:57,16.95,2.966666666733333,178.0,
6047,2,H8,Anada,25,Av Gaudí,307,07:32:30,32.5,15.55,933.0,
6406,2,H8,Anada,25,Av Gaudí,307,07:34:04,34.07,1.5833333332666666,95.0,
6215,1,H8,Anada,25,Av Gaudí,307,07:42:02,42.03,7.950000000033333,477.0,
6408,2,H8,Anada,25,Av Gaudí,307,07:50:33,50.55,8.516666666666667,511.0,
6046,2,H8,Anada,25,Av Gaudí,307,07:58:26,58.43,7.883333333333334,473.0,"7,21"
6407,2,H8,Anada,25,Av Gaudí,307,08:04:55,4.92,6.483333333366667,389.0,
6079,1,H8,Anada,25,Av Gaudí,307,08:08:38,8.63,3.7333333332666667,224.0,1
6024,2,H8,Anada,25,Av Gaudí,307,08:19:53,19.88,11.25,675.0,
6056,3,H8,Anada,25,Av Gaudí,307,08:28:22,28.37,8.483333333333333,509.0,"4,18"
6411,2,H8,Anada,25,Av Gaudí,307,08:34:47,34.78,6.400000000033333,384.0,
6059,2,H8,Anada,25,Av Gaudí,307,08:37:59,37.98,3.2,192.0,"9,10,11,12,20,21,22,23"
6055,2,H8,Anada,25,Av Gaudí,307,08:48:38,48.63,10.666666666633335,640.0,1
6414,2,H8,Anada,25,Av Gaudí,307,09:04:57,4.95,16.300000000033332,978.0,36
6415,2,H8,Anada,25,Av Gaudí,307,09:09:46,9.77,4.8166666667,289.0,
1547,2,H8,Anada,25,Av Gaudí,307,09:18:48,18.8,9.033333333333333,542.0,
2671,2,H8,Anada,25,Av Gaudí,307,09:23:17,23.28,4.483333333333333,269.0,
6217,3,H8,Anada,25,Av Gaudí,307,09:38:32,38.53,15.25,915.0,1
6026,3,H8,Anada,25,Av Gaudí,307,09:45:21,45.35,6.816666666666666,409.0,1
6401,2,H8,Anada,25,Av Gaudí,307,09:52:14,52.23,6.899999999933333,414.0,19
6402,3,H8,Anada,25,Av Gaudí,307,10:03:09,3.15,10.916666666666666,655.0,
6808,2,H8,Anada,25,Av Gaudí,307,10:13:44,13.73,10.583333333333334,635.0,
6037,3,H8,Anada,25,Av Gaudí,307,10:20:29,20.48,6.7333333334,404.0,
6047,3,H8,Anada,25,Av Gaudí,307,10:39:02,39.03,18.5666666666,1114.0,37
6406,3,H8,Anada,25,Av Gaudí,307,10:44:33,44.55,5.500000000066667,330.0,
6121,1,H8,Anada,25,Av Gaudí,307,10:47:32,47.53,2.9999999999333338,180.0,"1,2,3,4,5,6,7,8,9,10,11,12,13,14,15,16,17,18"
6215,2,H8,Anada,25,Av Gaudí,307,10:51:36,51.6,4.050000000033333,243.0,
6407,3,H8,Anada,25,Av Gaudí,307,11:00:32,0.53,8.949999999966668,537.0,1
6079,2,H8,Anada,25,Av Gaudí,307,11:05:41,5.68,5.1333333334,308.0,15
6024,3,H8,Anada,25,Av Gaudí,307,11:15:25,15.42,9.733333333300001,584.0,
6056,4,H8,Anada,25,Av Gaudí,307,11:28:05,28.08,12.6666666667,760.0,
6411,3,H8,Anada,25,Av Gaudí,307,11:35:34,35.57,7.483333333333333,449.0,
6059,3,H8,Anada,25,Av Gaudí,307,11:39:38,39.63,4.066666666633333,244.0,
6055,3,H8,Anada,25,Av Gaudí,307,11:46:26,46.43,6.8,408.0,
6414,3,H8,Anada,25,Av Gaudí,307,12:00:35,0.58,14.150000000033334,849.0,
6415,3,H8,Anada,25,Av Gaudí,307,12:09:11,9.18,8.599999999966666,516.0,
1547,3,H8,Anada,25,Av Gaudí,307,12:18:26,18.43,9.250000000033333,555.0,
2671,3,H8,Anada,25,Av Gaudí,307,12:22:11,22.18,3.7499999999666667,225.0,
6217,4,H8,Anada,25,Av Gaudí,307,12:34:27,34.45,12.266666666699999,736.0,
6026,4,H8,Anada,25,Av Gaudí,307,12:49:33,49.55,15.1166666666,907.0,
6401,3,H8,Anada,25,Av Gaudí,307,12:51:21,51.35,1.8,108.0,
6402,4,H8,Anada,25,Av Gaudí,307,13:01:39,1.65,10.2833333334,617.0,
6808,3,H8,Anada,25,Av Gaudí,307,13:06:24,6.4,4.75,285.0,
6047,4,H8,Anada,25,Av Gaudí,307,13:18:40,18.67,12.283333333266667,737.0,"5,6,23,35"
6037,4,H8,Anada,25,Av Gaudí,307,13:27:07,27.12,8.45,507.0,
6406,4,H8,Anada,25,Av Gaudí,307,13:31:41,31.68,4.5500000000666665,273.0,
6215,3,H8,Anada,25,Av Gaudí,307,13:37:34,37.57,5.883333333333334,353.0,
6121,2,H8,Anada,25,Av Gaudí,307,13:49:55,49.92,12.349999999966666,741.0,
6407,4,H8,Anada,25,Av Gaudí,307,13:57:36,57.6,7.683333333366666,461.0,
6079,3,H8,Anada,25,Av Gaudí,307,14:05:02,5.03,7.433333333333334,446.0,
6024,4,H8,Anada,25,Av Gaudí,307,14:11:22,11.37,6.349999999933333,381.0,19
6056,5,H8,Anada,25,Av Gaudí,307,14:15:57,15.95,4.5666666667,274.0,
6411,4,H8,Anada,25,Av Gaudí,307,14:30:48,30.8,14.85,891.0,
6059,4,H8,Anada,25,Av Gaudí,307,14:40:10,40.17,9.3666666667,562.0,
6055,4,H8,Anada,25,Av Gaudí,307,14:46:20,46.33,6.1333333334,368.0,
6030,1,H8,Anada,25,Av Gaudí,307,14:52:57,52.95,6.616666666633334,397.0,"1,2"
6414,4,H8,Anada,25,Av Gaudí,307,15:03:24,3.4,10.45,627.0,
6415,4,H8,Anada,25,Av Gaudí,307,15:07:39,7.65,4.266666666633333,256.0,19
1547,4,H8,Anada,25,Av Gaudí,307,15:18:39,18.65,10.9833333334,659.0,
2671,4,H8,Anada,25,Av Gaudí,307,15:27:28,27.47,8.833333333266667,530.0,5
6217,5,H8,Anada,25,Av Gaudí,307,15:41:07,41.12,13.65,819.0,
6026,5,H8,Anada,25,Av Gaudí,307,15:48:25,48.42,7.3,438.0,
6409,1,H8,Anada,25,Av Gaudí,307,15:51:40,51.67,3.25,195.0,
6401,4,H8,Anada,25,Av Gaudí,307,16:00:39,0.65,8.9666666667,538.0,
6402,5,H8,Anada,25,Av Gaudí,307,16:07:03,7.05,6.416666666633334,385.0,"1,2"
6808,4,H8,Anada,25,Av Gaudí,307,16:09:43,9.72,2.6666666666666665,160.0,
6037,5,H8,Anada,25,Av Gaudí,307,16:22:50,22.83,13.100000000066666,786.0,
6047,5,H8,Anada,25,Av Gaudí,307,16:34:52,34.87,12.04999999995,723.0,
6406,5,H8,Anada,25,Av Gaudí,307,16:38:38,38.63,3.7500000000166667,225.0,
6215,4,H8,Anada,25,Av Gaudí,307,16:48:06,48.1,9.466666666666667,568.0,
6121,3,H8,Anada,25,Av Gaudí,307,16:54:00,54.0,5.9,354.0,
6407,5,H8,Anada,25,Av Gaudí,307,17:00:51,0.85,6.850000000033333,411.0,
6079,4,H8,Anada,25,Av Gaudí,307,17:11:02,11.03,10.1833333333,611.0,
6024,5,H8,Anada,25,Av Gaudí,307,17:18:43,18.72,7.683333333366666,461.0,
6056,6,H8,Anada,25,Av Gaudí,307,17:19:47,19.78,1.0666666666333333,64.0,
6411,5,H8,Anada,25,Av Gaudí,307,17:36:12,36.2,16.433333333300002,986.0,
6059,5,H8,Anada,25,Av Gaudí,307,17:40:42,40.7,4.483333333366667,269.0,
6055,5,H8,Anada,25,Av Gaudí,307,17:48:25,48.42,7.7333333333,464.0,
6030,2,H8,Anada,25,Av Gaudí,307,17:54:29,54.48,6.066666666666666,364.0,
6414,5,H8,Anada,25,Av Gaudí,307,18:01:55,1.92,7.416666666733334,445.0,
6415,5,H8,Anada,25,Av Gaudí,307,18:09:50,9.83,7.916666666666667,475.0,
1547,5,H8,Anada,25,Av Gaudí,307,18:14:29,14.48,4.649999999966667,279.0,
2671,5,H8,Anada,25,Av Gaudí,307,18:24:51,24.85,10.3833333333,623.0,
6217,6,H8,Anada,25,Av Gaudí,307,18:26:52,26.87,2.0166666666666666,121.0,
6026,6,H8,Anada,25,Av Gaudí,307,18:46:48,46.8,19.9166666667,1195.0,
6409,2,H8,Anada,25,Av Gaudí,307,18:50:43,50.72,3.9333333333,236.0,
6401,5,H8,Anada,25,Av Gaudí,307,18:53:44,53.73,3.0166666666666666,181.0,
6402,6,H8,Anada,25,Av Gaudí,307,18:56:19,56.32,2.5833333333333335,155.0,
6037,6,H8,Anada,25,Av Gaudí,307,19:19:08,19.13,22.816666666666666,1369.0,
6047,6,H8,Anada,25,Av Gaudí,307,19:22:02,22.03,2.8833333333666666,173.0,"1,2,3,4,5,6,7,8,9,10,11,12"
6406,6,H8,Anada,25,Av Gaudí,307,19:31:18,31.3,9.0,540.0,
6121,4,H8,Anada,25,Av Gaudí,307,19:43:36,43.6,12.283333333366667,737.0,
6407,6,H8,Anada,25,Av Gaudí,307,19:49:25,49.42,5.816666666666666,349.0,"9,19"
6024,6,H8,Anada,25,Av Gaudí,307,20:01:32,1.53,12.1166666667,727.0,
6056,7,H8,Anada,25,Av Gaudí,307,20:02:55,2.92,1.3999999999333332,84.0,
6411,6,H8,Anada,25,Av Gaudí,307,20:11:48,11.8,8.866666666716666,532.0,
6030,3,H8,Anada,25,Av Gaudí,307,20:26:06,26.1,14.300000000016666,858.0,
6414,6,H8,Anada,25,Av Gaudí,307,20:34:49,34.82,8.733333333266668,524.0,
6415,6,H8,Anada,25,Av Gaudí,307,20:49:52,49.87,15.05,903.0,
6026,7,H8,Anada,25,Av Gaudí,307,21:01:54,1.9,12.016666666733332,721.0,"9,10,11"
6409,3,H8,Anada,25,Av Gaudí,307,21:22:49,22.82,20.916666666666668,1255.0,"13,29"
6402,7,H8,Anada,25,Av Gaudí,307,21:27:53,27.88,5.083333333266666,305.0,
6063,2,H8,Anada,25,Av Gaudí,307,21:48:32,48.53,20.633333333366668,1238.0,23
6408,6,H8,Anada,25,Av Gaudí,307,22:02:39,2.65,13.766666666699999,826.0,33
6217,1,H8,Anada,26,Indústria - Independència,212,03:39:55,39.92,,,"1,2,3,4,5,6,7,8,9,10,11,12,13,14,15,16,17,18,19,20,21,22"
6026,1,H8,Anada,26,Indústria - Independència,212,03:56:10,56.17,16.25000000003333,975.0,"1,2,3,4,5,6,7,8,9,10,11"
6402,1,H8,Anada,26,Indústria - Independència,212,04:15:25,15.42,19.24999999996667,1155.0,1
6037,1,H8,Anada,26,Indústria - Independència,212,04:24:33,24.55,9.133333333333333,548.0,"1,2,3,32,33"
6406,1,H8,Anada,26,Indústria - Independència,212,04:38:15,38.25,13.7,822.0,
6046,1,H8,Anada,26,Indústria - Independència,212,04:45:08,45.13,6.883333333333334,413.0,"30,31"
6408,1,H8,Anada,26,Indústria - Independència,212,04:53:02,53.03,7.9,474.0,
6407,1,H8,Anada,26,Indústria - Independència,212,04:58:22,58.37,5.349999999966667,321.0,
6024,1,H8,Anada,26,Indústria - Independència,212,05:09:40,9.67,11.3,678.0,
6056,1,H8,Anada,26,Indústria - Independència,212,05:26:22,26.37,16.683333333383334,1001.0,"1,2,3"
6411,1,H8,Anada,26,Indústria - Independència,212,05:31:23,31.38,5.016666666683333,301.0,
6055,1,H8,Anada,26,Indústria - Independència,212,05:39:09,39.15,7.766666666666667,466.0,1
6414,1,H8,Anada,26,Indústria - Independència,212,05:55:45,55.75,16.599999999966666,996.0,
6059,1,H8,Anada,26,Indústria - Independència,212,05:59:09,59.15,3.4000000000333332,204.0,"1,9"
6415,1,H8,Anada,26,Indústria - Independència,212,06:14:42,14.7,15.55,933.0,
6047,1,H8,Anada,26,Indústria - Independència,212,06:16:33,16.55,1.8666666666,112.0,"1,2,3,4,5,6,7,8,9,10,11,12,13,14,15,28,29,30,31,32,33,34,35,36,37,38,39"
1547,1,H8,Anada,26,Indústria - Independència,212,06:20:39,20.65,4.0833333334,245.0,
2671,1,H8,Anada,26,Indústria - Independència,212,06:28:46,28.77,8.116666666633334,487.0,
6217,2,H8,Anada,26,Indústria - Independència,212,06:37:51,37.85,9.083333333366665,545.0,
6026,2,H8,Anada,26,Indústria - Independència,212,06:49:10,49.17,11.316666666666666,679.0,
6401,1,H8,Anada,26,Indústria - Independència,212,06:54:46,54.77,5.599999999966667,336.0,
6402,2,H8,Anada,26,Indústria - Independència,212,07:00:34,0.57,5.8,348.0,
6808,1,H8,Anada,26,Indústria - Independència,212,07:15:42,15.7,15.133333333333333,908.0,
6037,2,H8,Anada,26,Indústria - Independència,212,07:18:47,18.78,3.083333333366667,185.0,
6047,2,H8,Anada,26,Indústria - Independència,212,07:35:20,35.33,16.55,993.0,
6215,1,H8,Anada,26,Indústria - Independència,212,07:43:16,43.27,7.6,456.0,
6408,2,H8,Anada,26,Indústria - Independència,212,07:52:30,52.5,9.233333333366666,554.0,
6046,2,H8,Anada,26,Indústria - Independència,212,08:00:22,0.37,7.866666666633334,472.0,"7,21"
6407,2,H8,Anada,26,Indústria - Independència,212,08:05:48,5.8,5.433333333333334,326.0,
6079,1,H8,Anada,26,Indústria - Independència,212,08:10:40,10.67,4.8666666667,292.0,1
6024,2,H8,Anada,26,Indústria - Independència,212,08:21:17,21.28,10.633333333266668,638.0,
6056,3,H8,Anada,26,Indústria - Independència,212,08:28:44,28.73,7.45,447.0,"4,18"
6411,2,H8,Anada,26,Indústria - Independència,212,08:36:18,36.3,7.566666666666666,454.0,
6059,2,H8,Anada,26,Indústria - Independència,212,08:39:29,39.48,3.166666666733333,190.0,"9,10,11,12,20,21,22,23"
6055,2,H8,Anada,26,Indústria - Independència,212,08:50:17,50.28,10.816666666600002,649.0,1
6414,2,H8,Anada,26,Indústria - Independència,212,09:06:31,6.52,16.233333333333334,974.0,36
6415,2,H8,Anada,26,Indústria - Independència,212,09:11:02,11.03,4.500000000066667,270.0,
1547,2,H8,Anada,26,Indústria - Independència,212,09:20:35,20.58,9.566666666600002,574.0,
2671,2,H8,Anada,26,Indústria - Independència,212,09:24:42,24.7,4.116666666666666,247.0,
6217,3,H8,Anada,26,Indústria - Independència,212,09:41:49,41.82,17.116666666666667,1027.0,1
6026,3,H8,Anada,26,Indústria - Independència,212,09:47:36,47.6,5.766666666733333,346.0,1
6401,2,H8,Anada,26,Indústria - Independència,212,09:53:21,53.35,5.7666666666,346.0,19
6402,3,H8,Anada,26,Indústria - Independència,212,10:04:04,4.07,10.716666666666667,643.0,
6808,2,H8,Anada,26,Indústria - Independència,212,10:14:51,14.85,10.783333333333333,647.0,
6037,3,H8,Anada,26,Indústria - Independència,212,10:24:00,24.0,9.133333333366666,548.0,
6047,3,H8,Anada,26,Indústria - Independència,212,10:40:40,40.67,16.666666666666668,1000.0,37
6406,3,H8,Anada,26,Indústria - Independència,212,10:46:53,46.88,6.2333333333,374.0,
6121,1,H8,Anada,26,Indústria - Independència,212,10:50:26,50.43,3.533333333366667,212.0,"1,2,3,4,5,6,7,8,9,10,11,12,13,14,15,16,17,18"
6215,2,H8,Anada,26,Indústria - Independència,212,10:52:49,52.82,2.3833333333333333,143.0,
6407,3,H8,Anada,26,Indústria - Independència,212,11:01:58,1.97,9.150000000033334,549.0,1
6079,2,H8,Anada,26,Indústria - Independència,212,11:06:34,6.57,4.6166666666,277.0,15
6024,3,H8,Anada,26,Indústria - Independència,212,11:17:06,17.1,10.516666666733332,631.0,
6056,4,H8,Anada,26,Indústria - Independència,212,11:28:56,28.93,11.8333333333,710.0,
6411,3,H8,Anada,26,Indústria - Independència,212,11:36:57,36.95,8.016666666666667,481.0,
6059,3,H8,Anada,26,Indústria - Independència,212,11:41:09,41.15,4.2000000000333335,252.0,
6055,3,H8,Anada,26,Indústria - Independència,212,11:49:12,49.2,8.05,483.0,
6414,3,H8,Anada,26,Indústria - Independència,212,12:02:26,2.43,13.233333333333333,794.0,
6415,3,H8,Anada,26,Indústria - Independència,212,12:10:11,10.18,7.7666666666,466.0,
1547,3,H8,Anada,26,Indústria - Independència,212,12:20:46,20.77,10.5666666667,634.0,
2671,3,H8,Anada,26,Indústria - Independència,212,12:23:42,23.7,2.9499999999666664,177.0,
6217,4,H8,Anada,26,Indústria - Independència,212,12:35:58,35.97,12.250000000066667,735.0,
6026,4,H8,Anada,26,Indústria - Independència,212,12:51:12,51.2,15.249999999933333,915.0,
6401,3,H8,Anada,26,Indústria - Independència,212,12:52:25,52.42,1.2166666666666666,73.0,
6402,4,H8,Anada,26,Indústria - Independència,212,13:03:07,3.12,10.7,642.0,
6808,3,H8,Anada,26,Indústria - Independència,212,13:07:41,7.68,4.5500000000666665,273.0,
6047,4,H8,Anada,26,Indústria - Independència,212,13:19:59,19.98,12.316666666600002,739.0,"5,6,23,35"
6037,4,H8,Anada,26,Indústria - Independència,212,13:29:13,29.22,9.216666666733333,553.0,
6406,4,H8,Anada,26,Indústria - Independència,212,13:35:33,35.55,6.349999999933333,381.0,
6215,3,H8,Anada,26,Indústria - Independència,212,13:39:53,39.88,4.3166666667,259.0,
6121,2,H8,Anada,26,Indústria - Independència,212,13:52:04,52.07,12.183333333333334,731.0,
6407,4,H8,Anada,26,Indústria - Independència,212,13:59:22,59.37,7.3,438.0,
6079,3,H8,Anada,26,Indústria - Independència,212,14:06:41,6.68,7.333333333300001,440.0,
6024,4,H8,Anada,26,Indústria - Independència,212,14:13:00,13.0,6.300000000033333,378.0,19
6056,5,H8,Anada,26,Indústria - Independència,212,14:17:45,17.75,4.750000000033333,285.0,
6411,4,H8,Anada,26,Indústria - Independència,212,14:33:11,33.18,15.449999999933334,927.0,
6211,3,H8,Anada,26,Indústria - Independència,212,14:41:53,41.88,8.7,522.0,
6055,4,H8,Anada,26,Indústria - Independència,212,14:48:01,48.02,5.933333333366666,356.0,
6030,1,H8,Anada,26,Indústria - Independència,212,14:55:02,55.03,7.033333333300001,422.0,"1,2"
6414,4,H8,Anada,26,Indústria - Independència,212,15:04:53,4.88,9.85,591.0,
6415,4,H8,Anada,26,Indústria - Independència,212,15:08:52,8.87,3.9666666667,238.0,19
1547,4,H8,Anada,26,Indústria - Independència,212,15:20:58,20.97,12.1,726.0,
2671,4,H8,Anada,26,Indústria - Independència,212,15:28:49,28.82,7.866666666633334,472.0,5
6217,5,H8,Anada,26,Indústria - Independència,212,15:42:39,42.65,13.8166666667,829.0,
6026,5,H8,Anada,26,Indústria - Independència,212,15:50:14,50.23,7.599999999966667,456.0,
6409,1,H8,Anada,26,Indústria - Independència,212,15:53:04,53.07,2.816666666733333,169.0,
6401,4,H8,Anada,26,Indústria - Independència,212,16:03:07,3.12,10.049999999983333,603.0,
6402,5,H8,Anada,26,Indústria - Independència,212,16:08:47,8.78,5.66666666665,340.0,"1,2"
6808,4,H8,Anada,26,Indústria - Independència,212,16:11:19,11.32,2.533333333333333,152.0,
6037,5,H8,Anada,26,Indústria - Independència,212,16:24:49,24.82,13.500000000033333,810.0,
6047,5,H8,Anada,26,Indústria - Independència,212,16:36:50,36.83,12.016666666666667,721.0,
6406,5,H8,Anada,26,Indústria - Independència,212,16:40:15,40.25,3.4166666666666665,205.0,
6215,4,H8,Anada,26,Indústria - Independència,212,16:48:53,48.88,8.649999999933334,519.0,
6121,3,H8,Anada,26,Indústria - Independència,212,16:55:34,55.57,6.666666666699999,400.0,
6407,5,H8,Anada,26,Indústria - Independència,212,17:02:06,2.1,6.533333333333333,392.0,
6079,4,H8,Anada,26,Indústria - Independència,212,17:12:17,12.28,10.183333333366667,611.0,
6024,5,H8,Anada,26,Indústria - Independència,212,17:19:48,19.8,7.516666666666667,451.0,
6056,6,H8,Anada,26,Indústria - Independència,212,17:20:57,20.95,1.1499999999666668,69.0,
6411,5,H8,Anada,26,Indústria - Independència,212,17:37:45,37.75,16.800000000033332,1008.0,
6059,5,H8,Anada,26,Indústria - Independència,212,17:43:01,43.02,5.266666666666667,316.0,
6055,5,H8,Anada,26,Indústria - Independència,212,17:50:30,50.5,7.4833333333,449.0,
6030,2,H8,Anada,26,Indústria - Independència,212,17:55:43,55.72,5.2333333333,314.0,
6414,5,H8,Anada,26,Indústria - Independència,212,18:03:53,3.88,8.166666666683334,490.0,
6415,5,H8,Anada,26,Indústria - Independència,212,18:11:15,11.25,7.3666666666500005,442.0,
1547,5,H8,Anada,26,Indústria - Independència,212,18:15:29,15.48,4.2166666667,253.0,
2671,5,H8,Anada,26,Indústria - Independència,212,18:26:05,26.08,10.6,636.0,
6217,6,H8,Anada,26,Indústria - Independència,212,18:28:41,28.68,2.6000000000333334,156.0,
6026,6,H8,Anada,26,Indústria - Independència,212,18:48:50,48.83,20.15,1209.0,
6409,2,H8,Anada,26,Indústria - Independència,212,18:52:05,52.08,3.25,195.0,
6401,5,H8,Anada,26,Indústria - Independència,212,18:54:38,54.63,2.5499999999666665,153.0,
6402,6,H8,Anada,26,Indústria - Independència,212,18:57:46,57.77,3.1333333333666666,188.0,
6037,6,H8,Anada,26,Indústria - Independència,212,19:20:50,20.83,23.066666666666666,1384.0,
6047,6,H8,Anada,26,Indústria - Independència,212,19:23:52,23.87,3.033333333333333,182.0,"1,2,3,4,5,6,7,8,9,10,11,12"
6406,6,H8,Anada,26,Indústria - Independència,212,19:32:31,32.52,8.633333333366666,518.0,
6121,4,H8,Anada,26,Indústria - Independència,212,19:45:01,45.02,12.5166666666,751.0,
6407,6,H8,Anada,26,Indústria - Independència,212,19:51:10,51.17,6.15,369.0,"9,19"
6024,6,H8,Anada,26,Indústria - Independència,212,20:03:22,3.37,12.183333333399998,731.0,
6056,7,H8,Anada,26,Indústria - Independència,212,20:04:55,4.92,1.5666666666,94.0,
6411,6,H8,Anada,26,Indústria - Independència,212,20:13:24,13.4,8.483333333333333,509.0,
6030,3,H8,Anada,26,Indústria - Independència,212,20:27:46,27.77,14.366666666666667,862.0,
6414,6,H8,Anada,26,Indústria - Independència,212,20:36:25,36.42,8.65,519.0,
6415,6,H8,Anada,26,Indústria - Independència,212,20:51:20,51.33,14.916666666666666,895.0,
6026,7,H8,Anada,26,Indústria - Independència,212,21:04:40,4.67,13.3166666667,799.0,"9,10,11"
6409,3,H8,Anada,26,Indústria - Independència,212,21:25:57,25.95,21.283333333333335,1277.0,"13,29"
6402,7,H8,Anada,26,Indústria - Independència,212,21:28:55,28.92,2.966666666666667,178.0,
6063,2,H8,Anada,26,Indústria - Independència,212,21:49:32,49.53,20.6166666667,1237.0,23
6047,7,H8,Anada,26,Indústria - Independència,212,21:51:02,51.03,1.4999999999666669,90.0,27
6408,6,H8,Anada,26,Indústria - Independència,212,22:04:29,4.48,13.45,807.0,33
6217,1,H8,Anada,27,Indústria - Freser,2665,03:40:59,40.98,,,"1,2,3,4,5,6,7,8,9,10,11,12,13,14,15,16,17,18,19,20,21,22"
6026,1,H8,Anada,27,Indústria - Freser,2665,03:58:24,58.4,17.4166666667,1045.0,"1,2,3,4,5,6,7,8,9,10,11"
6402,1,H8,Anada,27,Indústria - Freser,2665,04:16:52,16.87,18.466666666666665,1108.0,1
6037,1,H8,Anada,27,Indústria - Freser,2665,04:25:49,25.82,8.95,537.0,"1,2,3,32,33"
6406,1,H8,Anada,27,Indústria - Freser,2665,04:39:46,39.77,13.9666666666,838.0,
6046,1,H8,Anada,27,Indústria - Freser,2665,04:46:50,46.83,7.0500000000666665,423.0,"30,31"
6408,1,H8,Anada,27,Indústria - Freser,2665,04:54:48,54.8,7.983333333266667,479.0,
6407,1,H8,Anada,27,Indústria - Freser,2665,05:01:18,1.3,6.5,390.0,
6024,1,H8,Anada,27,Indústria - Freser,2665,05:11:07,11.12,9.81666666665,589.0,
6056,1,H8,Anada,27,Indústria - Freser,2665,05:28:34,28.57,17.433333333416666,1046.0,"1,2,3"
6411,1,H8,Anada,27,Indústria - Freser,2665,05:33:16,33.27,4.7166666666,283.0,
6055,1,H8,Anada,27,Indústria - Freser,2665,05:41:50,41.83,8.550000000066666,513.0,1
6414,1,H8,Anada,27,Indústria - Freser,2665,05:57:33,57.55,15.733333333266668,944.0,
6059,1,H8,Anada,27,Indústria - Freser,2665,06:00:38,0.63,3.0833333333333335,185.0,"1,9"
6415,1,H8,Anada,27,Indústria - Freser,2665,06:15:47,15.78,15.133333333366666,908.0,
6047,1,H8,Anada,27,Indústria - Freser,2665,06:18:11,18.18,2.4,144.0,"1,2,3,4,5,6,7,8,9,10,11,12,13,14,15,28,29,30,31,32,33,34,35,36,37,38,39"
1547,1,H8,Anada,27,Indústria - Freser,2665,06:23:14,23.23,5.05,303.0,
2671,1,H8,Anada,27,Indústria - Freser,2665,06:30:54,30.9,7.6833333333,461.0,
6217,2,H8,Anada,27,Indústria - Freser,2665,06:40:11,40.18,9.266666666699999,556.0,
6026,2,H8,Anada,27,Indústria - Freser,2665,06:51:24,51.4,11.233333333300001,674.0,
6401,1,H8,Anada,27,Indústria - Freser,2665,06:56:34,56.57,5.150000000033333,309.0,
6402,2,H8,Anada,27,Indústria - Freser,2665,07:02:33,2.55,5.983333333366667,359.0,
6808,1,H8,Anada,27,Indústria - Freser,2665,07:17:53,17.88,15.333333333333334,920.0,
6037,2,H8,Anada,27,Indústria - Freser,2665,07:20:39,20.65,2.783333333266667,167.0,
6047,2,H8,Anada,27,Indústria - Freser,2665,07:37:13,37.22,16.550000000049998,993.0,
6215,1,H8,Anada,27,Indústria - Freser,2665,07:44:58,44.97,7.416666666699999,445.0,
6408,2,H8,Anada,27,Indústria - Freser,2665,07:53:50,53.83,8.866666666666667,532.0,
6046,2,H8,Anada,27,Indústria - Freser,2665,08:01:53,1.88,8.05,483.0,"7,21"
6407,2,H8,Anada,27,Indústria - Freser,2665,08:07:22,7.37,5.483333333333333,329.0,
6079,1,H8,Anada,27,Indústria - Freser,2665,08:12:15,12.25,4.883333333333334,293.0,1
6024,2,H8,Anada,27,Indústria - Freser,2665,08:22:50,22.83,10.583333333333334,635.0,
6056,3,H8,Anada,27,Indústria - Freser,2665,08:31:53,31.88,9.05,543.0,"4,18"
6411,2,H8,Anada,27,Indústria - Freser,2665,08:37:51,37.85,5.983333333266667,359.0,
6059,2,H8,Anada,27,Indústria - Freser,2665,08:41:23,41.38,3.5166666667333333,211.0,"9,10,11,12,20,21,22,23"
6055,2,H8,Anada,27,Indústria - Freser,2665,08:51:38,51.63,10.25,615.0,1
6414,2,H8,Anada,27,Indústria - Freser,2665,09:08:33,8.55,16.933333333266667,1016.0,36
6415,2,H8,Anada,27,Indústria - Freser,2665,09:13:35,13.58,5.0166666667,301.0,
1547,2,H8,Anada,27,Indústria - Freser,2665,09:21:45,21.75,8.1833333333,491.0,
2671,2,H8,Anada,27,Indústria - Freser,2665,09:26:29,26.48,4.733333333333333,284.0,
6217,3,H8,Anada,27,Indústria - Freser,2665,09:43:28,43.47,16.983333333333334,1019.0,1
6026,3,H8,Anada,27,Indústria - Freser,2665,09:49:25,49.42,5.933333333366666,356.0,1
6401,2,H8,Anada,27,Indústria - Freser,2665,09:55:27,55.45,6.049999999966667,363.0,19
6402,3,H8,Anada,27,Indústria - Freser,2665,10:05:56,5.93,10.483333333333333,629.0,
6808,2,H8,Anada,27,Indústria - Freser,2665,10:16:50,16.83,10.8833333334,653.0,
6037,3,H8,Anada,27,Indústria - Freser,2665,10:25:51,25.85,9.033333333283334,542.0,
6047,3,H8,Anada,27,Indústria - Freser,2665,10:43:04,43.07,17.20000000005,1032.0,37
6406,3,H8,Anada,27,Indústria - Freser,2665,10:48:43,48.72,5.649999999966667,339.0,
6121,1,H8,Anada,27,Indústria - Freser,2665,10:51:57,51.95,3.2333333333666667,194.0,"1,2,3,4,5,6,7,8,9,10,11,12,13,14,15,16,17,18"
6215,2,H8,Anada,27,Indústria - Freser,2665,10:54:30,54.5,2.5666666666,154.0,
6407,3,H8,Anada,27,Indústria - Freser,2665,11:03:53,3.88,9.366666666733332,562.0,1
6079,2,H8,Anada,27,Indústria - Freser,2665,11:09:16,9.27,5.383333333333334,323.0,15
6024,3,H8,Anada,27,Indústria - Freser,2665,11:18:52,18.87,9.616666666583335,577.0,
6056,4,H8,Anada,27,Indústria - Freser,2665,11:30:49,30.82,11.950000000016667,717.0,
6411,3,H8,Anada,27,Indústria - Freser,2665,11:38:31,38.52,7.683333333366666,461.0,
6059,3,H8,Anada,27,Indústria - Freser,2665,11:42:50,42.83,4.316666666666666,259.0,
6055,3,H8,Anada,27,Indústria - Freser,2665,11:51:03,51.05,8.2166666667,493.0,
6414,3,H8,Anada,27,Indústria - Freser,2665,12:03:47,3.78,12.749999999933333,765.0,
6415,3,H8,Anada,27,Indústria - Freser,2665,12:12:27,12.45,8.650000000066665,519.0,
1547,3,H8,Anada,27,Indústria - Freser,2665,12:22:41,22.68,10.233333333300001,614.0,
2671,3,H8,Anada,27,Indústria - Freser,2665,12:25:52,25.87,3.1999999999666664,192.0,
6217,4,H8,Anada,27,Indústria - Freser,2665,12:37:43,37.72,11.833333333366665,710.0,
6026,4,H8,Anada,27,Indústria - Freser,2665,12:53:25,53.42,15.716666666633333,943.0,
6402,4,H8,Anada,27,Indústria - Freser,2665,13:05:14,5.23,11.05,663.0,
6808,3,H8,Anada,27,Indústria - Freser,2665,13:09:40,9.67,4.433333333333334,266.0,
6047,4,H8,Anada,27,Indústria - Freser,2665,13:23:13,23.22,13.566666666600002,814.0,"5,6,23,35"
6037,4,H8,Anada,27,Indústria - Freser,2665,13:30:49,30.82,7.583333333366666,455.0,
6406,4,H8,Anada,27,Indústria - Freser,2665,13:37:13,37.22,6.416666666633334,385.0,
6215,3,H8,Anada,27,Indústria - Freser,2665,13:40:54,40.9,3.666666666733333,220.0,
6121,2,H8,Anada,27,Indústria - Freser,2665,13:53:12,53.2,12.299999999966667,738.0,
6407,4,H8,Anada,27,Indústria - Freser,2665,14:00:39,0.65,7.450000000033333,447.0,
6079,3,H8,Anada,27,Indústria - Freser,2665,14:08:43,8.72,8.083333333266667,485.0,
6024,4,H8,Anada,27,Indústria - Freser,2665,14:14:53,14.88,6.150000000033333,369.0,19
6056,5,H8,Anada,27,Indústria - Freser,2665,14:19:11,19.18,4.316666666633334,259.0,
6411,4,H8,Anada,27,Indústria - Freser,2665,14:34:52,34.87,15.6666666667,940.0,
6059,4,H8,Anada,27,Indústria - Freser,2665,14:43:23,43.38,8.5333333333,512.0,
6055,4,H8,Anada,27,Indústria - Freser,2665,14:49:37,49.62,6.1,366.0,
6030,1,H8,Anada,27,Indústria - Freser,2665,14:57:32,57.53,7.916666666666667,475.0,"1,2"
6414,4,H8,Anada,27,Indústria - Freser,2665,15:06:49,6.82,9.2833333333,557.0,
6415,4,H8,Anada,27,Indústria - Freser,2665,15:10:54,10.9,4.083333333366666,245.0,19
1547,4,H8,Anada,27,Indústria - Freser,2665,15:22:57,22.95,12.049999999966667,723.0,
2671,4,H8,Anada,27,Indústria - Freser,2665,15:30:45,30.75,7.816666666633334,469.0,5
6217,5,H8,Anada,27,Indústria - Freser,2665,15:44:13,44.22,13.450000000066666,807.0,
6026,5,H8,Anada,27,Indústria - Freser,2665,15:51:49,51.82,7.6,456.0,
6409,1,H8,Anada,27,Indústria - Freser,2665,15:55:16,55.27,3.4499999999666664,207.0,
6401,4,H8,Anada,27,Indústria - Freser,2665,16:04:05,4.08,8.816666666666666,529.0,
6402,5,H8,Anada,27,Indústria - Freser,2665,16:09:51,9.85,5.766666666666667,346.0,"1,2"
6808,4,H8,Anada,27,Indústria - Freser,2665,16:12:59,12.98,3.1499999999666666,189.0,
6037,5,H8,Anada,27,Indústria - Freser,2665,16:27:01,27.02,14.016666666699999,841.0,
6047,5,H8,Anada,27,Indústria - Freser,2665,16:39:03,39.05,12.049999999966667,723.0,
6406,5,H8,Anada,27,Indústria - Freser,2665,16:41:23,41.38,2.3333333333333335,140.0,
6215,4,H8,Anada,27,Indústria - Freser,2665,16:50:39,50.65,9.266666666666667,556.0,
6121,3,H8,Anada,27,Indústria - Freser,2665,16:57:14,57.23,6.5666666667,394.0,
6407,5,H8,Anada,27,Indústria - Freser,2665,17:03:44,3.73,6.516666666633333,391.0,
6079,4,H8,Anada,27,Indústria - Freser,2665,17:13:51,13.85,10.116666666666667,607.0,
6024,5,H8,Anada,27,Indústria - Freser,2665,17:21:52,21.87,8.016666666666667,481.0,
6056,6,H8,Anada,27,Indústria - Freser,2665,17:23:09,23.15,1.2833333333333334,77.0,
6411,5,H8,Anada,27,Indústria - Freser,2665,17:39:14,39.23,16.066666666733333,964.0,
6059,5,H8,Anada,27,Indústria - Freser,2665,17:44:21,44.35,5.133333333266666,308.0,
6055,5,H8,Anada,27,Indústria - Freser,2665,17:51:43,51.72,7.366666666666666,442.0,
6030,2,H8,Anada,27,Indústria - Freser,2665,17:57:45,57.75,6.016666666733333,361.0,
6414,5,H8,Anada,27,Indústria - Freser,2665,18:05:30,5.5,7.749999999966667,465.0,
6415,5,H8,Anada,27,Indústria - Freser,2665,18:13:08,13.13,7.633333333333334,458.0,
1547,5,H8,Anada,27,Indústria - Freser,2665,18:16:55,16.92,3.783333333366667,227.0,
2671,5,H8,Anada,27,Indústria - Freser,2665,18:27:49,27.82,10.9,654.0,
6217,6,H8,Anada,27,Indústria - Freser,2665,18:30:06,30.1,2.283333333333333,137.0,
6026,6,H8,Anada,27,Indústria - Freser,2665,18:50:54,50.9,20.799999999966666,1248.0,
6409,2,H8,Anada,27,Indústria - Freser,2665,18:53:50,53.83,2.9499999999666664,177.0,
6401,5,H8,Anada,27,Indústria - Freser,2665,18:55:29,55.48,1.65,99.0,
6402,6,H8,Anada,27,Indústria - Freser,2665,19:00:00,0.0,4.516666666666667,271.0,
6037,6,H8,Anada,27,Indústria - Freser,2665,19:21:51,21.85,21.8333333334,1310.0,
6063,1,H8,Anada,27,Indústria - Freser,2665,19:25:46,25.77,3.916666666633333,235.0,"1,2,3,4,5,6,7,8,9,10,11,12"
6406,6,H8,Anada,27,Indústria - Freser,2665,19:34:30,34.5,8.733333333333333,524.0,
6121,4,H8,Anada,27,Indústria - Freser,2665,19:47:04,47.07,12.583333333266667,755.0,
6407,6,H8,Anada,27,Indústria - Freser,2665,19:53:00,53.0,5.916666666733334,355.0,"9,19"
6024,6,H8,Anada,27,Indústria - Freser,2665,20:04:51,4.85,11.849999999966666,711.0,
6056,7,H8,Anada,27,Indústria - Freser,2665,20:06:10,6.17,1.3166666667,79.0,
6411,6,H8,Anada,27,Indústria - Freser,2665,20:15:52,15.87,9.699999999966668,582.0,
6030,3,H8,Anada,27,Indústria - Freser,2665,20:29:45,29.75,13.899999999966667,834.0,
6414,6,H8,Anada,27,Indústria - Freser,2665,20:38:33,38.55,8.783333333366667,527.0,
6415,6,H8,Anada,27,Indústria - Freser,2665,20:53:33,53.55,15.0,900.0,
6026,7,H8,Anada,27,Indústria - Freser,2665,21:06:04,6.07,12.5333333333,752.0,"9,10,11"
6409,3,H8,Anada,27,Indústria - Freser,2665,21:27:39,27.65,21.566666666699998,1294.0,"13,29"
6402,7,H8,Anada,27,Indústria - Freser,2665,21:31:00,31.0,3.35,201.0,
6063,2,H8,Anada,27,Indústria - Freser,2665,21:50:34,50.57,19.566666666699998,1174.0,23
6121,5,H8,Anada,27,Indústria - Freser,2665,22:06:11,6.18,15.616666666633334,937.0,34
6217,1,H8,Anada,28,Navas de Tolosa - Indústria,2736,03:42:12,42.2,,,"1,2,3,4,5,6,7,8,9,10,11,12,13,14,15,16,17,18,19,20,21,22"
6026,1,H8,Anada,28,Navas de Tolosa - Indústria,2736,03:59:59,59.98,17.7833333333,1067.0,"1,2,3,4,5,6,7,8,9,10,11"
6402,1,H8,Anada,28,Navas de Tolosa - Indústria,2736,04:19:13,19.22,19.233333333333334,1154.0,1
6037,1,H8,Anada,28,Navas de Tolosa - Indústria,2736,04:27:19,27.32,8.116666666633334,487.0,"1,2,3,32,33"
6406,1,H8,Anada,28,Navas de Tolosa - Indústria,2736,04:41:35,41.58,14.250000000033333,855.0,
6046,1,H8,Anada,28,Navas de Tolosa - Indústria,2736,04:49:00,49.0,7.4333333333,446.0,"30,31"
6408,1,H8,Anada,28,Navas de Tolosa - Indústria,2736,04:57:00,57.0,8.0,480.0,
6407,1,H8,Anada,28,Navas de Tolosa - Indústria,2736,05:03:06,3.1,6.1,366.0,
6024,1,H8,Anada,28,Navas de Tolosa - Indústria,2736,05:13:37,13.62,10.500000000033333,630.0,
6056,1,H8,Anada,28,Navas de Tolosa - Indústria,2736,05:31:13,31.22,17.6,1056.0,"1,2,3"
6411,1,H8,Anada,28,Navas de Tolosa - Indústria,2736,05:35:15,35.25,4.0499999999666665,243.0,
6055,1,H8,Anada,28,Navas de Tolosa - Indústria,2736,05:42:40,42.67,7.41666666665,445.0,1
6414,1,H8,Anada,28,Navas de Tolosa - Indústria,2736,05:59:47,59.78,17.10000000005,1026.0,
6059,1,H8,Anada,28,Navas de Tolosa - Indústria,2736,06:03:01,3.02,3.2333333333333334,194.0,"1,9"
6415,1,H8,Anada,28,Navas de Tolosa - Indústria,2736,06:18:10,18.17,15.166666666633335,910.0,
1547,1,H8,Anada,28,Navas de Tolosa - Indústria,2736,06:26:02,26.03,7.850000000066667,471.0,
2671,1,H8,Anada,28,Navas de Tolosa - Indústria,2736,06:33:38,33.63,7.599999999966667,456.0,
6217,2,H8,Anada,28,Navas de Tolosa - Indústria,2736,06:42:46,42.77,9.133333333333333,548.0,
6026,2,H8,Anada,28,Navas de Tolosa - Indústria,2736,06:54:26,54.43,11.6666666667,700.0,
6401,1,H8,Anada,28,Navas de Tolosa - Indústria,2736,06:59:17,59.28,4.849999999966667,291.0,
6402,2,H8,Anada,28,Navas de Tolosa - Indústria,2736,07:05:12,5.2,5.916666666699999,355.0,
6808,1,H8,Anada,28,Navas de Tolosa - Indústria,2736,07:20:27,20.45,15.2666666666,916.0,
6037,2,H8,Anada,28,Navas de Tolosa - Indústria,2736,07:23:26,23.43,2.9833333333333334,179.0,
6047,2,H8,Anada,28,Navas de Tolosa - Indústria,2736,07:39:13,39.22,15.766666666699999,946.0,
6215,1,H8,Anada,28,Navas de Tolosa - Indústria,2736,07:47:31,47.52,7.899999999933333,474.0,
6408,2,H8,Anada,28,Navas de Tolosa - Indústria,2736,07:57:15,57.25,9.716666666733333,583.0,
6046,2,H8,Anada,28,Navas de Tolosa - Indústria,2736,08:04:27,4.45,7.199999999966667,432.0,"7,21"
6407,2,H8,Anada,28,Navas de Tolosa - Indústria,2736,08:10:22,10.37,5.916666666699999,355.0,
6079,1,H8,Anada,28,Navas de Tolosa - Indústria,2736,08:15:14,15.23,4.866666666633334,292.0,1
6024,2,H8,Anada,28,Navas de Tolosa - Indústria,2736,08:25:25,25.42,10.199999999966668,612.0,
6056,3,H8,Anada,28,Navas de Tolosa - Indústria,2736,08:34:13,34.22,8.8,528.0,"4,18"
6411,2,H8,Anada,28,Navas de Tolosa - Indústria,2736,08:40:41,40.68,6.450000000066667,387.0,
6059,2,H8,Anada,28,Navas de Tolosa - Indústria,2736,08:43:36,43.6,2.933333333266667,176.0,"9,10,11,12,20,21,22,23"
6055,2,H8,Anada,28,Navas de Tolosa - Indústria,2736,08:54:22,54.37,10.750000000033333,645.0,1
6414,2,H8,Anada,28,Navas de Tolosa - Indústria,2736,09:11:34,11.57,17.2,1032.0,36
6415,2,H8,Anada,28,Navas de Tolosa - Indústria,2736,09:16:14,16.23,4.666666666666667,280.0,
1547,2,H8,Anada,28,Navas de Tolosa - Indústria,2736,09:24:56,24.93,8.7,522.0,
2671,2,H8,Anada,28,Navas de Tolosa - Indústria,2736,09:29:02,29.03,4.116666666633333,247.0,
6217,3,H8,Anada,28,Navas de Tolosa - Indústria,2736,09:45:57,45.95,16.916666666666668,1015.0,1
6026,3,H8,Anada,28,Navas de Tolosa - Indústria,2736,09:51:26,51.43,5.4666666667333335,328.0,1
6401,2,H8,Anada,28,Navas de Tolosa - Indústria,2736,09:57:26,57.43,6.0166666666,361.0,19
6402,3,H8,Anada,28,Navas de Tolosa - Indústria,2736,10:08:04,8.07,10.633333333333333,638.0,
6808,2,H8,Anada,28,Navas de Tolosa - Indústria,2736,10:19:27,19.45,11.366666666716666,682.0,
6037,3,H8,Anada,28,Navas de Tolosa - Indústria,2736,10:30:31,30.52,11.06666666665,664.0,
6047,3,H8,Anada,28,Navas de Tolosa - Indústria,2736,10:45:44,45.73,15.233333333300001,914.0,37
6406,3,H8,Anada,28,Navas de Tolosa - Indústria,2736,10:50:58,50.97,5.2166666667333335,313.0,
6121,1,H8,Anada,28,Navas de Tolosa - Indústria,2736,10:53:36,53.6,2.6333333333,158.0,"1,2,3,4,5,6,7,8,9,10,11,12,13,14,15,16,17,18"
6215,2,H8,Anada,28,Navas de Tolosa - Indústria,2736,10:56:27,56.45,2.8500000000333334,171.0,
6407,3,H8,Anada,28,Navas de Tolosa - Indústria,2736,11:06:00,6.0,9.566666666600002,574.0,1
6079,2,H8,Anada,28,Navas de Tolosa - Indústria,2736,11:10:50,10.83,4.833333333333333,290.0,15
6024,3,H8,Anada,28,Navas de Tolosa - Indústria,2736,11:21:07,21.12,10.283333333333333,617.0,
6056,4,H8,Anada,28,Navas de Tolosa - Indústria,2736,11:33:37,33.62,12.5,750.0,
6411,3,H8,Anada,28,Navas de Tolosa - Indústria,2736,11:41:42,41.7,8.066666666733333,484.0,
6059,3,H8,Anada,28,Navas de Tolosa - Indústria,2736,11:45:29,45.48,3.7999999999333336,228.0,
6055,3,H8,Anada,28,Navas de Tolosa - Indústria,2736,11:53:42,53.7,8.216666666666667,493.0,
6414,3,H8,Anada,28,Navas de Tolosa - Indústria,2736,12:07:11,7.18,13.483333333333333,809.0,
6415,3,H8,Anada,28,Navas de Tolosa - Indústria,2736,12:15:25,15.42,8.216666666733333,493.0,
1547,3,H8,Anada,28,Navas de Tolosa - Indústria,2736,12:25:24,25.4,9.983333333300001,599.0,
2671,3,H8,Anada,28,Navas de Tolosa - Indústria,2736,12:27:38,27.63,2.2333333333333334,134.0,
6217,4,H8,Anada,28,Navas de Tolosa - Indústria,2736,12:40:23,40.38,12.75,765.0,
6026,4,H8,Anada,28,Navas de Tolosa - Indústria,2736,12:55:44,55.73,15.35,921.0,
6401,3,H8,Anada,28,Navas de Tolosa - Indústria,2736,12:56:53,56.88,1.1666666666333334,70.0,
6402,4,H8,Anada,28,Navas de Tolosa - Indústria,2736,13:08:01,8.02,11.1166666667,667.0,
6808,3,H8,Anada,28,Navas de Tolosa - Indústria,2736,13:12:35,12.58,4.583333333300001,275.0,
6047,4,H8,Anada,28,Navas de Tolosa - Indústria,2736,13:25:52,25.87,13.266666666699999,796.0,"5,6,23,35"
6037,4,H8,Anada,28,Navas de Tolosa - Indústria,2736,13:33:02,33.03,7.166666666699999,430.0,
6406,4,H8,Anada,28,Navas de Tolosa - Indústria,2736,13:39:51,39.85,6.816666666633334,409.0,
6215,3,H8,Anada,28,Navas de Tolosa - Indústria,2736,13:44:07,44.12,4.2666666667,256.0,
6121,2,H8,Anada,28,Navas de Tolosa - Indústria,2736,13:56:30,56.5,12.3833333333,743.0,
6407,4,H8,Anada,28,Navas de Tolosa - Indústria,2736,14:04:09,4.15,7.650000000033333,459.0,
6079,3,H8,Anada,28,Navas de Tolosa - Indústria,2736,14:10:39,10.65,6.499999999966667,390.0,
6024,4,H8,Anada,28,Navas de Tolosa - Indústria,2736,14:16:38,16.63,5.999999999966667,360.0,19
6056,5,H8,Anada,28,Navas de Tolosa - Indústria,2736,14:21:46,21.77,5.1166666667,307.0,
6411,4,H8,Anada,28,Navas de Tolosa - Indústria,2736,14:37:29,37.48,15.733333333300001,944.0,
6059,4,H8,Anada,28,Navas de Tolosa - Indústria,2736,14:45:38,45.63,8.15,489.0,
6055,4,H8,Anada,28,Navas de Tolosa - Indústria,2736,14:51:54,51.9,6.083333333366666,365.0,
6030,1,H8,Anada,28,Navas de Tolosa - Indústria,2736,15:01:32,1.53,9.633333333333333,578.0,"1,2"
6414,4,H8,Anada,28,Navas de Tolosa - Indústria,2736,15:09:29,9.48,7.95,477.0,
6415,4,H8,Anada,28,Navas de Tolosa - Indústria,2736,15:13:39,13.65,4.183333333266667,251.0,19
1547,4,H8,Anada,28,Navas de Tolosa - Indústria,2736,15:26:19,26.32,12.666666666666666,760.0,
2671,4,H8,Anada,28,Navas de Tolosa - Indústria,2736,15:34:17,34.28,7.950000000066667,477.0,5
6217,5,H8,Anada,28,Navas de Tolosa - Indústria,2736,15:46:56,46.93,12.666666666600001,760.0,
6026,5,H8,Anada,28,Navas de Tolosa - Indústria,2736,15:54:28,54.47,7.516666666733333,451.0,
6409,1,H8,Anada,28,Navas de Tolosa - Indústria,2736,15:57:34,57.57,3.0999999999666668,186.0,
6401,4,H8,Anada,28,Navas de Tolosa - Indústria,2736,16:06:12,6.2,8.633333333366666,518.0,
6402,5,H8,Anada,28,Navas de Tolosa - Indústria,2736,16:12:11,12.18,5.983333333333333,359.0,"1,2"
6808,4,H8,Anada,28,Navas de Tolosa - Indústria,2736,16:14:50,14.83,2.6499999999666666,159.0,
6037,5,H8,Anada,28,Navas de Tolosa - Indústria,2736,16:29:01,29.02,14.183333333366667,851.0,
6047,5,H8,Anada,28,Navas de Tolosa - Indústria,2736,16:42:07,42.12,13.099999999966666,786.0,
6406,5,H8,Anada,28,Navas de Tolosa - Indústria,2736,16:44:33,44.55,2.433333333366667,146.0,
6215,4,H8,Anada,28,Navas de Tolosa - Indústria,2736,16:53:05,53.08,8.5333333333,512.0,
6121,3,H8,Anada,28,Navas de Tolosa - Indústria,2736,16:59:38,59.63,6.566666666633334,394.0,
6407,5,H8,Anada,28,Navas de Tolosa - Indústria,2736,17:06:00,6.0,6.350000000066667,381.0,
6079,4,H8,Anada,28,Navas de Tolosa - Indústria,2736,17:16:44,16.73,10.749999999933333,645.0,
6024,5,H8,Anada,28,Navas de Tolosa - Indústria,2736,17:24:12,24.2,7.450000000066667,447.0,
6056,6,H8,Anada,28,Navas de Tolosa - Indústria,2736,17:25:58,25.97,1.7666666666666666,106.0,
6411,5,H8,Anada,28,Navas de Tolosa - Indústria,2736,17:41:31,41.52,15.55,933.0,
6059,5,H8,Anada,28,Navas de Tolosa - Indústria,2736,17:46:49,46.82,5.3,318.0,
6055,5,H8,Anada,28,Navas de Tolosa - Indústria,2736,17:54:25,54.42,7.599999999966667,456.0,
6030,2,H8,Anada,28,Navas de Tolosa - Indústria,2736,17:59:48,59.8,5.383333333366666,323.0,
6414,5,H8,Anada,28,Navas de Tolosa - Indústria,2736,18:08:16,8.27,8.483333333266666,509.0,
6415,5,H8,Anada,28,Navas de Tolosa - Indústria,2736,18:15:45,15.75,7.483333333333333,449.0,
1547,5,H8,Anada,28,Navas de Tolosa - Indústria,2736,18:19:42,19.7,3.95,237.0,
2671,5,H8,Anada,28,Navas de Tolosa - Indústria,2736,18:30:54,30.9,11.2,672.0,
6026,6,H8,Anada,28,Navas de Tolosa - Indústria,2736,18:53:38,53.63,21.850000000033333,1311.0,
6409,2,H8,Anada,28,Navas de Tolosa - Indústria,2736,18:55:54,55.9,2.2666666666333333,136.0,
6401,5,H8,Anada,28,Navas de Tolosa - Indústria,2736,18:57:44,57.73,1.8333333333333333,110.0,
6402,6,H8,Anada,28,Navas de Tolosa - Indústria,2736,19:02:06,2.1,4.3833333333,263.0,
6037,6,H8,Anada,28,Navas de Tolosa - Indústria,2736,19:24:44,24.73,22.616666666733334,1357.0,
6047,6,H8,Anada,28,Navas de Tolosa - Indústria,2736,19:27:10,27.17,2.4499999999333335,147.0,"1,2,3,4,5,6,7,8,9,10,11,12"
6406,6,H8,Anada,28,Navas de Tolosa - Indústria,2736,19:36:21,36.35,8.716666666666667,523.0,
6121,4,H8,Anada,28,Navas de Tolosa - Indústria,2736,19:48:47,48.78,12.433333333366667,746.0,
6407,6,H8,Anada,28,Navas de Tolosa - Indústria,2736,19:54:38,54.63,5.849999999966667,351.0,"9,19"
6024,6,H8,Anada,28,Navas de Tolosa - Indústria,2736,20:06:42,6.7,12.066666666666666,724.0,
6056,7,H8,Anada,28,Navas de Tolosa - Indústria,2736,20:08:08,8.13,1.4499999999666668,87.0,
6411,6,H8,Anada,28,Navas de Tolosa - Indústria,2736,20:17:04,17.07,8.933333333333334,536.0,
6030,3,H8,Anada,28,Navas de Tolosa - Indústria,2736,20:30:46,30.77,13.683333333399998,821.0,
6414,6,H8,Anada,28,Navas de Tolosa - Indústria,2736,20:39:28,39.47,8.699999999966668,522.0,
6415,6,H8,Anada,28,Navas de Tolosa - Indústria,2736,20:55:50,55.83,16.366666666666667,982.0,
6026,7,H8,Anada,28,Navas de Tolosa - Indústria,2736,21:08:16,8.27,12.433333333366667,746.0,"9,10,11"
6409,3,H8,Anada,28,Navas de Tolosa - Indústria,2736,21:29:14,29.23,20.966666666666665,1258.0,"13,29"
6402,7,H8,Anada,28,Navas de Tolosa - Indústria,2736,21:32:05,32.08,2.8499999999666668,171.0,
6063,2,H8,Anada,28,Navas de Tolosa - Indústria,2736,21:51:45,51.75,19.666666666666668,1180.0,23
6121,5,H8,Anada,28,Navas de Tolosa - Indústria,2736,22:06:58,6.97,15.000000000066667,900.0,34
6217,1,H8,Anada,29,Meridiana - Josep Estivill,705,03:45:15,45.25,,,"1,2,3,4,5,6,7,8,9,10,11,12,13,14,15,16,17,18,19,20,21,22"
6026,1,H8,Anada,29,Meridiana - Josep Estivill,705,04:01:35,1.58,16.316666666699998,979.0,"1,2,3,4,5,6,7,8,9,10,11"
6402,1,H8,Anada,29,Meridiana - Josep Estivill,705,04:21:30,21.5,19.9166666667,1195.0,1
6037,1,H8,Anada,29,Meridiana - Josep Estivill,705,04:31:36,31.6,10.1,606.0,"1,2,3,32,33"
6406,1,H8,Anada,29,Meridiana - Josep Estivill,705,04:44:18,44.3,12.7166666666,763.0,
6046,1,H8,Anada,29,Meridiana - Josep Estivill,705,04:51:51,51.85,7.55,453.0,"30,31"
6408,1,H8,Anada,29,Meridiana - Josep Estivill,705,04:59:39,59.65,7.7833333334,467.0,
6407,1,H8,Anada,29,Meridiana - Josep Estivill,705,05:05:33,5.55,5.916666666599999,355.0,
6024,1,H8,Anada,29,Meridiana - Josep Estivill,705,05:17:23,17.38,11.8166666667,709.0,
6056,1,H8,Anada,29,Meridiana - Josep Estivill,705,05:35:15,35.25,17.8833333333,1073.0,"1,2,3"
6411,1,H8,Anada,29,Meridiana - Josep Estivill,705,05:38:12,38.2,2.9333333334,176.0,
6055,1,H8,Anada,29,Meridiana - Josep Estivill,705,05:45:12,45.2,7.0166666666,421.0,1
6414,1,H8,Anada,29,Meridiana - Josep Estivill,705,06:01:08,1.13,15.9166666667,955.0,
6059,1,H8,Anada,29,Meridiana - Josep Estivill,705,06:06:47,6.78,5.650000000033333,339.0,"1,9"
6415,1,H8,Anada,29,Meridiana - Josep Estivill,705,06:19:53,19.88,13.1,786.0,
1547,1,H8,Anada,29,Meridiana - Josep Estivill,705,06:29:01,29.02,9.1333333333,548.0,
2671,1,H8,Anada,29,Meridiana - Josep Estivill,705,06:36:14,36.23,7.2333333333,434.0,
6217,2,H8,Anada,29,Meridiana - Josep Estivill,705,06:45:25,45.42,9.166666666716667,550.0,
6026,2,H8,Anada,29,Meridiana - Josep Estivill,705,06:56:03,56.05,10.633333333316667,638.0,
6401,1,H8,Anada,29,Meridiana - Josep Estivill,705,07:02:07,2.12,6.0666666667,364.0,
6402,2,H8,Anada,29,Meridiana - Josep Estivill,705,07:07:19,7.32,5.2,312.0,
6808,1,H8,Anada,29,Meridiana - Josep Estivill,705,07:23:51,23.85,16.5333333333,992.0,
6037,2,H8,Anada,29,Meridiana - Josep Estivill,705,07:25:40,25.67,1.8166666666666667,109.0,
6047,2,H8,Anada,29,Meridiana - Josep Estivill,705,07:41:41,41.68,16.016666666666666,961.0,
6215,1,H8,Anada,29,Meridiana - Josep Estivill,705,07:51:30,51.5,9.3833333333,563.0,
6408,2,H8,Anada,29,Meridiana - Josep Estivill,705,08:00:28,0.47,8.950000000033333,537.0,
6046,2,H8,Anada,29,Meridiana - Josep Estivill,705,08:07:52,7.87,7.416666666633334,445.0,"7,21"
6407,2,H8,Anada,29,Meridiana - Josep Estivill,705,08:13:23,13.38,5.500000000033333,330.0,
6079,1,H8,Anada,29,Meridiana - Josep Estivill,705,08:18:52,18.87,5.483333333366667,329.0,1
6024,2,H8,Anada,29,Meridiana - Josep Estivill,705,08:27:59,27.98,9.133333333266668,548.0,
6056,3,H8,Anada,29,Meridiana - Josep Estivill,705,08:35:03,35.05,7.066666666666666,424.0,"4,18"
6411,2,H8,Anada,29,Meridiana - Josep Estivill,705,08:44:24,44.4,9.333333333399999,560.0,
6059,2,H8,Anada,29,Meridiana - Josep Estivill,705,08:45:46,45.77,1.3833333332666666,83.0,"9,10,11,12,20,21,22,23"
6055,2,H8,Anada,29,Meridiana - Josep Estivill,705,08:57:56,57.93,12.166666666666666,730.0,1
6414,2,H8,Anada,29,Meridiana - Josep Estivill,705,09:14:22,14.37,16.4166666667,985.0,36
6415,2,H8,Anada,29,Meridiana - Josep Estivill,705,09:18:38,18.63,4.266666666666667,256.0,
1547,2,H8,Anada,29,Meridiana - Josep Estivill,705,09:28:26,28.43,9.800000000033332,588.0,
2671,2,H8,Anada,29,Meridiana - Josep Estivill,705,09:31:53,31.88,3.4499999999666664,207.0,
6217,3,H8,Anada,29,Meridiana - Josep Estivill,705,09:49:16,49.27,17.383333333333333,1043.0,1
6026,3,H8,Anada,29,Meridiana - Josep Estivill,705,09:54:18,54.3,5.0333333333666666,302.0,1
6401,2,H8,Anada,29,Meridiana - Josep Estivill,705,09:59:59,59.98,5.6833333333,341.0,19
6402,3,H8,Anada,29,Meridiana - Josep Estivill,705,10:11:04,11.07,11.083333333366665,665.0,
6808,2,H8,Anada,29,Meridiana - Josep Estivill,705,10:23:15,23.25,12.183333333333334,731.0,
6037,3,H8,Anada,29,Meridiana - Josep Estivill,705,10:33:29,33.48,10.249999999933333,615.0,
6047,3,H8,Anada,29,Meridiana - Josep Estivill,705,10:49:02,49.03,15.55,933.0,37
6406,3,H8,Anada,29,Meridiana - Josep Estivill,705,10:53:34,53.57,4.533333333333333,272.0,
6121,1,H8,Anada,29,Meridiana - Josep Estivill,705,10:56:23,56.38,2.8000000000333336,168.0,"1,2,3,4,5,6,7,8,9,10,11,12,13,14,15,16,17,18"
6215,2,H8,Anada,29,Meridiana - Josep Estivill,705,10:58:24,58.4,2.0166666666666666,121.0,
6407,3,H8,Anada,29,Meridiana - Josep Estivill,705,11:09:24,9.4,11.000000000033333,660.0,1
6079,2,H8,Anada,29,Meridiana - Josep Estivill,705,11:14:50,14.83,5.4499999999333335,327.0,15
6024,3,H8,Anada,29,Meridiana - Josep Estivill,705,11:24:03,24.05,9.216666666666667,553.0,
6056,4,H8,Anada,29,Meridiana - Josep Estivill,705,11:37:03,37.05,12.983333333366666,779.0,
6411,3,H8,Anada,29,Meridiana - Josep Estivill,705,11:44:32,44.53,7.483333333333333,449.0,
6059,3,H8,Anada,29,Meridiana - Josep Estivill,705,11:47:24,47.4,2.8666666667,172.0,
6055,3,H8,Anada,29,Meridiana - Josep Estivill,705,11:56:50,56.83,9.433333333333334,566.0,
6414,3,H8,Anada,29,Meridiana - Josep Estivill,705,12:10:16,10.27,13.4333333333,806.0,
6415,3,H8,Anada,29,Meridiana - Josep Estivill,705,12:17:35,17.58,7.333333333300001,440.0,
1547,3,H8,Anada,29,Meridiana - Josep Estivill,705,12:28:34,28.57,10.9666666667,658.0,
2671,3,H8,Anada,29,Meridiana - Josep Estivill,705,12:29:46,29.77,1.2000000000333333,72.0,
6217,4,H8,Anada,29,Meridiana - Josep Estivill,705,12:43:40,43.67,13.916666666600001,835.0,
6401,3,H8,Anada,29,Meridiana - Josep Estivill,705,12:59:10,59.17,15.5,930.0,
6402,4,H8,Anada,29,Meridiana - Josep Estivill,705,13:10:40,10.67,11.1166666666,667.0,
6808,3,H8,Anada,29,Meridiana - Josep Estivill,705,13:15:40,15.67,4.9833333334,299.0,
6047,4,H8,Anada,29,Meridiana - Josep Estivill,705,13:28:40,28.67,12.999999999966667,780.0,"5,6,23,35"
6037,4,H8,Anada,29,Meridiana - Josep Estivill,705,13:35:51,35.85,7.183333333366666,431.0,
6406,4,H8,Anada,29,Meridiana - Josep Estivill,705,13:41:30,41.5,5.666666666599999,340.0,
6215,3,H8,Anada,29,Meridiana - Josep Estivill,705,13:46:58,46.97,5.450000000066667,327.0,
6121,2,H8,Anada,29,Meridiana - Josep Estivill,705,14:00:09,0.15,13.1833333333,791.0,
6407,4,H8,Anada,29,Meridiana - Josep Estivill,705,14:07:43,7.72,7.5666666667,454.0,
6079,3,H8,Anada,29,Meridiana - Josep Estivill,705,14:13:01,13.02,5.3166666666,319.0,
6024,4,H8,Anada,29,Meridiana - Josep Estivill,705,14:19:35,19.58,6.566666666666666,394.0,19
6056,5,H8,Anada,29,Meridiana - Josep Estivill,705,14:25:32,25.53,5.95,357.0,
6411,4,H8,Anada,29,Meridiana - Josep Estivill,705,14:40:31,40.52,14.9666666667,898.0,
6211,3,H8,Anada,29,Meridiana - Josep Estivill,705,14:47:34,47.57,7.050000000033333,423.0,
6055,4,H8,Anada,29,Meridiana - Josep Estivill,705,14:56:03,56.05,8.050000000083333,483.0,
6030,1,H8,Anada,29,Meridiana - Josep Estivill,705,15:05:53,5.88,9.833333333333334,590.0,"1,2"
6414,4,H8,Anada,29,Meridiana - Josep Estivill,705,15:13:12,13.2,7.333333333266666,440.0,
6415,4,H8,Anada,29,Meridiana - Josep Estivill,705,15:17:32,17.53,4.333333333333333,260.0,19
1547,4,H8,Anada,29,Meridiana - Josep Estivill,705,15:29:39,29.65,12.100000000033333,726.0,
2671,4,H8,Anada,29,Meridiana - Josep Estivill,705,15:36:57,36.95,7.3,438.0,5
6217,5,H8,Anada,29,Meridiana - Josep Estivill,705,15:50:19,50.32,13.366666666666667,802.0,
6026,5,H8,Anada,29,Meridiana - Josep Estivill,705,15:57:12,57.2,6.883333333366666,413.0,
6409,1,H8,Anada,29,Meridiana - Josep Estivill,705,15:59:47,59.78,2.5833333333333335,155.0,
6401,4,H8,Anada,29,Meridiana - Josep Estivill,705,16:09:52,9.87,10.099999999933335,606.0,
6402,5,H8,Anada,29,Meridiana - Josep Estivill,705,16:15:09,15.15,5.283333333333333,317.0,"1,2"
6808,4,H8,Anada,29,Meridiana - Josep Estivill,705,16:17:42,17.7,2.533333333366667,152.0,
6037,5,H8,Anada,29,Meridiana - Josep Estivill,705,16:34:11,34.18,16.483333333333334,989.0,
6047,5,H8,Anada,29,Meridiana - Josep Estivill,705,16:44:59,44.98,10.8,648.0,
6406,5,H8,Anada,29,Meridiana - Josep Estivill,705,16:46:52,46.87,1.8999999999666668,114.0,
6215,4,H8,Anada,29,Meridiana - Josep Estivill,705,16:55:38,55.63,8.750000000066667,525.0,
6121,3,H8,Anada,29,Meridiana - Josep Estivill,705,17:03:07,3.12,7.4833333333,449.0,
6407,5,H8,Anada,29,Meridiana - Josep Estivill,705,17:09:10,9.17,6.050000000033333,363.0,
6079,4,H8,Anada,29,Meridiana - Josep Estivill,705,17:19:15,19.25,10.0833333333,605.0,
6024,5,H8,Anada,29,Meridiana - Josep Estivill,705,17:26:57,26.95,7.7,462.0,
6056,6,H8,Anada,29,Meridiana - Josep Estivill,705,17:28:51,28.85,1.9166666666333334,115.0,
6411,5,H8,Anada,29,Meridiana - Josep Estivill,705,17:43:47,43.78,14.9166666667,895.0,
6059,5,H8,Anada,29,Meridiana - Josep Estivill,705,17:48:56,48.93,5.166666666633334,310.0,
6055,5,H8,Anada,29,Meridiana - Josep Estivill,705,17:57:57,57.95,9.016666666666667,541.0,
6030,2,H8,Anada,29,Meridiana - Josep Estivill,705,18:02:09,2.15,4.183333333366667,251.0,
6414,5,H8,Anada,29,Meridiana - Josep Estivill,705,18:11:18,11.3,9.150000000033334,549.0,
6415,5,H8,Anada,29,Meridiana - Josep Estivill,705,18:18:39,18.65,7.35,441.0,
1547,5,H8,Anada,29,Meridiana - Josep Estivill,705,18:21:54,21.9,3.2666666666166666,196.0,
2671,5,H8,Anada,29,Meridiana - Josep Estivill,705,18:34:09,34.15,12.233333333383333,734.0,
6026,6,H8,Anada,29,Meridiana - Josep Estivill,705,18:57:08,57.13,22.9,1374.0,
6409,2,H8,Anada,29,Meridiana - Josep Estivill,705,18:58:43,58.72,1.5999999999666668,96.0,
6401,5,H8,Anada,29,Meridiana - Josep Estivill,705,19:00:33,0.55,1.8166666667333333,109.0,
6402,6,H8,Anada,29,Meridiana - Josep Estivill,705,19:04:09,4.15,3.6166666666,217.0,
6037,6,H8,Anada,29,Meridiana - Josep Estivill,705,19:27:13,27.22,23.066666666666666,1384.0,
6047,6,H8,Anada,29,Meridiana - Josep Estivill,705,19:29:54,29.9,2.666666666733333,160.0,"1,2,3,4,5,6,7,8,9,10,11,12"
6406,6,H8,Anada,29,Meridiana - Josep Estivill,705,19:38:52,38.87,8.5833333333,515.0,
6121,4,H8,Anada,29,Meridiana - Josep Estivill,705,19:51:30,51.5,12.633333333333333,758.0,
6407,6,H8,Anada,29,Meridiana - Josep Estivill,705,19:57:25,57.42,5.916666666699999,355.0,"9,19"
6024,6,H8,Anada,29,Meridiana - Josep Estivill,705,20:08:45,8.75,11.3333333333,680.0,
6056,7,H8,Anada,29,Meridiana - Josep Estivill,705,20:10:57,10.95,2.2000000000333335,132.0,
6411,6,H8,Anada,29,Meridiana - Josep Estivill,705,20:20:55,20.92,9.966666666633333,598.0,
6030,3,H8,Anada,29,Meridiana - Josep Estivill,705,20:33:56,33.93,13.016666666699999,781.0,
6414,6,H8,Anada,29,Meridiana - Josep Estivill,705,20:42:53,42.88,8.949999999966668,537.0,
6415,6,H8,Anada,29,Meridiana - Josep Estivill,705,20:58:08,58.13,15.250000000033333,915.0,
6026,7,H8,Anada,29,Meridiana - Josep Estivill,705,21:09:07,9.12,10.999999999933333,660.0,"9,10,11"
6402,7,H8,Anada,29,Meridiana - Josep Estivill,705,21:33:55,33.92,24.783333333366667,1487.0,
6047,7,H8,Anada,29,Meridiana - Josep Estivill,705,21:53:48,53.8,19.899999999966667,1194.0,27
6408,6,H8,Anada,29,Meridiana - Josep Estivill,705,22:09:09,9.15,15.100000000033333,906.0,33
6217,1,H8,Anada,30,"Meridiana, 298",9979,03:48:23,48.38,,,"1,2,3,4,5,6,7,8,9,10,11,12,13,14,15,16,17,18,19,20,21,22"
6026,1,H8,Anada,30,"Meridiana, 298",9979,04:04:24,4.4,16.016666666666666,961.0,"1,2,3,4,5,6,7,8,9,10,11"
6402,1,H8,Anada,30,"Meridiana, 298",9979,04:24:25,24.42,20.03333333326667,1202.0,1
6037,1,H8,Anada,30,"Meridiana, 298",9979,04:33:23,33.38,8.950000000066666,537.0,"1,2,3,32,33"
6406,1,H8,Anada,30,"Meridiana, 298",9979,04:46:34,46.57,13.1833333333,791.0,
6408,1,H8,Anada,30,"Meridiana, 298",9979,05:01:09,1.15,14.599999999966666,876.0,
6407,1,H8,Anada,30,"Meridiana, 298",9979,05:08:52,8.87,7.700000000033333,462.0,
6024,1,H8,Anada,30,"Meridiana, 298",9979,05:19:13,19.22,10.35,621.0,
6056,1,H8,Anada,30,"Meridiana, 298",9979,05:36:26,36.43,17.2333333333,1034.0,"1,2,3"
6411,1,H8,Anada,30,"Meridiana, 298",9979,05:39:37,39.62,3.166666666733333,190.0,
6055,1,H8,Anada,30,"Meridiana, 298",9979,05:49:18,49.3,9.699999999933334,582.0,1
6414,1,H8,Anada,30,"Meridiana, 298",9979,06:04:08,4.13,14.816666666733333,889.0,
6059,1,H8,Anada,30,"Meridiana, 298",9979,06:09:38,9.63,5.5166666666,331.0,"1,9"
6415,1,H8,Anada,30,"Meridiana, 298",9979,06:22:15,22.25,12.600000000066666,756.0,
1547,1,H8,Anada,30,"Meridiana, 298",9979,06:31:26,31.43,9.1833333333,551.0,
2671,1,H8,Anada,30,"Meridiana, 298",9979,06:40:25,40.42,8.983333333333333,539.0,
6217,2,H8,Anada,30,"Meridiana, 298",9979,06:47:13,47.22,6.816666666633334,409.0,
6026,2,H8,Anada,30,"Meridiana, 298",9979,06:58:41,58.68,11.450000000033333,687.0,
6401,1,H8,Anada,30,"Meridiana, 298",9979,07:05:21,5.35,6.666666666699999,400.0,
6402,2,H8,Anada,30,"Meridiana, 298",9979,07:09:59,9.98,4.649999999933333,279.0,
6808,1,H8,Anada,30,"Meridiana, 298",9979,07:26:32,26.53,16.533333333366667,992.0,
6037,2,H8,Anada,30,"Meridiana, 298",9979,07:27:42,27.7,1.1666666666999999,70.0,
6047,2,H8,Anada,30,"Meridiana, 298",9979,07:44:00,44.0,16.299999999966666,978.0,
6215,1,H8,Anada,30,"Meridiana, 298",9979,07:53:35,53.58,8.866666666666667,532.0,
6408,2,H8,Anada,30,"Meridiana, 298",9979,08:02:50,2.83,9.2666666666,556.0,
6046,2,H8,Anada,30,"Meridiana, 298",9979,08:09:32,9.53,6.7,402.0,"7,21"
6407,2,H8,Anada,30,"Meridiana, 298",9979,08:16:00,16.0,6.466666666666667,388.0,
6079,1,H8,Anada,30,"Meridiana, 298",9979,08:21:10,21.17,5.150000000033333,309.0,1
6024,2,H8,Anada,30,"Meridiana, 298",9979,08:30:55,30.92,9.766666666633334,586.0,
6056,3,H8,Anada,30,"Meridiana, 298",9979,08:37:12,37.2,6.283333333333333,377.0,"4,18"
6411,2,H8,Anada,30,"Meridiana, 298",9979,08:47:15,47.25,10.0333333334,602.0,
6059,2,H8,Anada,30,"Meridiana, 298",9979,08:48:47,48.78,1.5333333333,92.0,"9,10,11,12,20,21,22,23"
6055,2,H8,Anada,30,"Meridiana, 298",9979,08:59:46,59.77,10.983333333333333,659.0,1
6414,2,H8,Anada,30,"Meridiana, 298",9979,09:16:47,16.78,17.0333333333,1022.0,36
6415,2,H8,Anada,30,"Meridiana, 298",9979,09:21:27,21.45,4.666666666666667,280.0,
1547,2,H8,Anada,30,"Meridiana, 298",9979,09:30:46,30.77,9.300000000033332,558.0,
2671,2,H8,Anada,30,"Meridiana, 298",9979,09:34:50,34.83,4.0833333333,245.0,
6217,3,H8,Anada,30,"Meridiana, 298",9979,09:52:23,52.38,17.533333333399998,1052.0,1
6026,3,H8,Anada,30,"Meridiana, 298",9979,09:56:53,56.88,4.499999999966667,270.0,1
6401,2,H8,Anada,30,"Meridiana, 298",9979,10:03:09,3.15,6.2666666667,376.0,19
6402,3,H8,Anada,30,"Meridiana, 298",9979,10:13:22,13.37,10.216666666666667,613.0,
6808,2,H8,Anada,30,"Meridiana, 298",9979,10:26:23,26.38,13.016666666633334,781.0,
6037,3,H8,Anada,30,"Meridiana, 298",9979,10:36:22,36.37,9.983333333333333,599.0,
6047,3,H8,Anada,30,"Meridiana, 298",9979,10:51:57,51.95,15.599999999966666,936.0,37
6406,3,H8,Anada,30,"Meridiana, 298",9979,10:55:20,55.33,3.3666666667,202.0,
6121,1,H8,Anada,30,"Meridiana, 298",9979,10:58:45,58.75,3.4166666666666665,205.0,"1,2,3,4,5,6,7,8,9,10,11,12,13,14,15,16,17,18"
6215,2,H8,Anada,30,"Meridiana, 298",9979,11:00:43,0.72,1.9666666666666666,118.0,
6407,3,H8,Anada,30,"Meridiana, 298",9979,11:11:54,11.9,11.183333333366667,671.0,1
6079,2,H8,Anada,30,"Meridiana, 298",9979,11:17:27,17.45,5.549999999966667,333.0,15
6024,3,H8,Anada,30,"Meridiana, 298",9979,11:26:28,26.47,9.016666666699999,541.0,
6056,4,H8,Anada,30,"Meridiana, 298",9979,11:39:28,39.47,12.999999999966667,780.0,
6411,3,H8,Anada,30,"Meridiana, 298",9979,11:46:23,46.38,6.916666666699999,415.0,
6059,3,H8,Anada,30,"Meridiana, 298",9979,11:49:53,49.88,3.4999999999666667,210.0,
6055,3,H8,Anada,30,"Meridiana, 298",9979,11:59:28,59.47,9.599999999966666,576.0,
6414,3,H8,Anada,30,"Meridiana, 298",9979,12:12:30,12.5,13.033333333333333,782.0,
6415,3,H8,Anada,30,"Meridiana, 298",9979,12:20:46,20.77,8.250000000033333,495.0,
1547,3,H8,Anada,30,"Meridiana, 298",9979,12:30:53,30.88,10.116666666666667,607.0,
2671,3,H8,Anada,30,"Meridiana, 298",9979,12:32:18,32.3,1.4166666666666667,85.0,
6217,4,H8,Anada,30,"Meridiana, 298",9979,12:47:04,47.07,14.7833333333,887.0,
6401,3,H8,Anada,30,"Meridiana, 298",9979,13:02:08,2.13,15.050000000033332,903.0,
6402,4,H8,Anada,30,"Meridiana, 298",9979,13:12:47,12.78,9.700000000066666,582.0,
6808,3,H8,Anada,30,"Meridiana, 298",9979,13:18:37,18.62,5.849999999933333,351.0,
6047,4,H8,Anada,30,"Meridiana, 298",9979,13:31:05,31.08,12.466666666666667,748.0,"5,6,23,35"
6037,4,H8,Anada,30,"Meridiana, 298",9979,13:38:28,38.47,7.366666666733334,442.0,
6406,4,H8,Anada,30,"Meridiana, 298",9979,13:43:57,43.95,5.4833333333,329.0,
6215,3,H8,Anada,30,"Meridiana, 298",9979,13:49:24,49.4,5.450000000033333,327.0,
6121,2,H8,Anada,30,"Meridiana, 298",9979,14:02:28,2.47,13.083333333266667,785.0,
6407,4,H8,Anada,30,"Meridiana, 298",9979,14:09:16,9.27,6.8,408.0,
6079,3,H8,Anada,30,"Meridiana, 298",9979,14:15:06,15.1,5.833333333333333,350.0,
6024,4,H8,Anada,30,"Meridiana, 298",9979,14:22:41,22.68,7.5666666667,454.0,19
6056,5,H8,Anada,30,"Meridiana, 298",9979,14:28:00,28.0,5.316666666666666,319.0,
6411,4,H8,Anada,30,"Meridiana, 298",9979,14:42:26,42.43,14.449999999966668,867.0,
6059,4,H8,Anada,30,"Meridiana, 298",9979,14:51:14,51.23,8.7833333334,527.0,
6055,4,H8,Anada,30,"Meridiana, 298",9979,14:58:31,58.52,6.949999999966667,417.0,
6030,1,H8,Anada,30,"Meridiana, 298",9979,15:10:19,10.32,11.816666666633333,709.0,"1,2"
6414,4,H8,Anada,30,"Meridiana, 298",9979,15:17:24,17.4,7.083333333333333,425.0,
6415,4,H8,Anada,30,"Meridiana, 298",9979,15:20:41,20.68,3.283333333333333,197.0,19
1547,4,H8,Anada,30,"Meridiana, 298",9979,15:32:04,32.07,11.366666666733332,682.0,
2671,4,H8,Anada,30,"Meridiana, 298",9979,15:39:10,39.17,7.099999999966667,426.0,5
6217,5,H8,Anada,30,"Meridiana, 298",9979,15:53:34,53.57,14.416666666633335,865.0,
6026,5,H8,Anada,30,"Meridiana, 298",9979,15:59:41,59.68,6.100000000066667,366.0,
6409,1,H8,Anada,30,"Meridiana, 298",9979,16:01:43,1.72,2.049999999933333,123.0,
6401,4,H8,Anada,30,"Meridiana, 298",9979,16:13:34,13.57,11.833333333399999,710.0,
6402,5,H8,Anada,30,"Meridiana, 298",9979,16:17:46,17.77,4.2166666666,253.0,"1,2"
6808,4,H8,Anada,30,"Meridiana, 298",9979,16:20:59,20.98,3.216666666666667,193.0,
6037,5,H8,Anada,30,"Meridiana, 298",9979,16:38:25,38.42,17.41666666673333,1045.0,
6047,5,H8,Anada,30,"Meridiana, 298",9979,16:49:02,49.03,10.633333333266668,638.0,
6215,4,H8,Anada,30,"Meridiana, 298",9979,16:58:35,58.58,9.399999999966667,564.0,
6121,3,H8,Anada,30,"Meridiana, 298",9979,17:05:54,5.9,7.3166666667,439.0,
6407,5,H8,Anada,30,"Meridiana, 298",9979,17:10:36,10.6,4.7166666666,283.0,
6079,4,H8,Anada,30,"Meridiana, 298",9979,17:22:19,22.32,11.700000000066666,702.0,
6024,5,H8,Anada,30,"Meridiana, 298",9979,17:29:51,29.85,7.533333333333333,452.0,
6411,5,H8,Anada,30,"Meridiana, 298",9979,17:45:49,45.82,14.999999999933333,900.0,
6059,5,H8,Anada,30,"Meridiana, 298",9979,17:53:56,53.93,8.100000000066666,486.0,
6055,5,H8,Anada,30,"Meridiana, 298",9979,18:00:56,0.93,6.999999999966667,420.0,
6030,2,H8,Anada,30,"Meridiana, 298",9979,18:03:52,3.87,2.9499999999666664,177.0,
6414,5,H8,Anada,30,"Meridiana, 298",9979,18:13:47,13.78,9.900000000033334,594.0,
6415,5,H8,Anada,30,"Meridiana, 298",9979,18:20:41,20.68,6.9,414.0,
1547,5,H8,Anada,30,"Meridiana, 298",9979,18:24:42,24.7,4.0166666667,241.0,
2671,5,H8,Anada,30,"Meridiana, 298",9979,18:37:09,37.15,12.449999999966668,747.0,
6026,6,H8,Anada,30,"Meridiana, 298",9979,18:59:06,59.1,21.65,1299.0,
6409,2,H8,Anada,30,"Meridiana, 298",9979,19:01:13,1.22,2.1166666667,127.0,
6401,5,H8,Anada,30,"Meridiana, 298",9979,19:03:08,3.13,1.9166666666333334,115.0,
6402,6,H8,Anada,30,"Meridiana, 298",9979,19:06:24,6.4,3.2666666667,196.0,
6037,6,H8,Anada,30,"Meridiana, 298",9979,19:30:36,30.6,24.216666666600002,1453.0,
6047,6,H8,Anada,30,"Meridiana, 298",9979,19:32:13,32.22,1.6000000000666668,96.0,"1,2,3,4,5,6,7,8,9,10,11,12"
6406,6,H8,Anada,30,"Meridiana, 298",9979,19:41:01,41.02,8.35,501.0,
6121,4,H8,Anada,30,"Meridiana, 298",9979,19:53:51,53.85,12.84999999995,771.0,
6407,6,H8,Anada,30,"Meridiana, 298",9979,19:59:57,59.95,6.083333333416666,365.0,"9,19"
6024,6,H8,Anada,30,"Meridiana, 298",9979,20:10:53,10.88,10.949999999933334,657.0,
6056,7,H8,Anada,30,"Meridiana, 298",9979,20:14:05,14.08,3.2,192.0,
6411,6,H8,Anada,30,"Meridiana, 298",9979,20:22:58,22.97,8.866666666733332,532.0,
6030,3,H8,Anada,30,"Meridiana, 298",9979,20:36:01,36.02,13.05,783.0,
6414,6,H8,Anada,30,"Meridiana, 298",9979,20:45:12,45.2,9.183333333333334,551.0,
6415,6,H8,Anada,30,"Meridiana, 298",9979,21:00:30,0.5,15.3,918.0,
6026,7,H8,Anada,30,"Meridiana, 298",9979,21:11:20,11.33,10.849999999933335,651.0,"9,10,11"
6409,3,H8,Anada,30,"Meridiana, 298",9979,21:30:02,30.03,18.7,1122.0,"13,29"
6402,7,H8,Anada,30,"Meridiana, 298",9979,21:35:51,35.85,5.800000000033333,348.0,
6047,7,H8,Anada,30,"Meridiana, 298",9979,21:55:48,55.8,19.950000000033334,1197.0,27
6063,2,H8,Anada,30,"Meridiana, 298",9979,21:56:55,56.92,1.1166666666333334,67.0,23
6408,6,H8,Anada,30,"Meridiana, 298",9979,22:11:34,11.57,14.650000000033334,879.0,33
6217,1,H8,Anada,31,Garcilaso - La Sagrera,2492,03:49:36,49.6,,,"1,2,3,4,5,6,7,8,9,10,11,12,13,14,15,16,17,18,19,20,21,22"
6026,1,H8,Anada,31,Garcilaso - La Sagrera,2492,04:04:29,4.48,14.8666666667,892.0,"1,2,3,4,5,6,7,8,9,10,11"
6402,1,H8,Anada,31,Garcilaso - La Sagrera,2492,04:25:39,25.65,21.166666666666668,1270.0,1
6037,1,H8,Anada,31,Garcilaso - La Sagrera,2492,04:35:27,35.45,9.816666666633333,589.0,"1,2,3,32,33"
6406,1,H8,Anada,31,Garcilaso - La Sagrera,2492,04:47:24,47.4,11.933333333399998,716.0,
6408,1,H8,Anada,31,Garcilaso - La Sagrera,2492,05:02:17,2.28,14.8833333333,893.0,
6407,1,H8,Anada,31,Garcilaso - La Sagrera,2492,05:09:45,9.75,7.466666666666667,448.0,
6024,1,H8,Anada,31,Garcilaso - La Sagrera,2492,05:20:31,20.52,10.7833333333,647.0,
6056,1,H8,Anada,31,Garcilaso - La Sagrera,2492,05:37:48,37.8,17.2666666667,1036.0,"1,2,3"
6411,1,H8,Anada,31,Garcilaso - La Sagrera,2492,05:40:40,40.67,2.8666666667,172.0,
6055,1,H8,Anada,31,Garcilaso - La Sagrera,2492,05:50:32,50.53,9.866666666633334,592.0,1
6414,1,H8,Anada,31,Garcilaso - La Sagrera,2492,06:04:20,4.33,13.8,828.0,
6059,1,H8,Anada,31,Garcilaso - La Sagrera,2492,06:10:46,10.77,6.449999999966667,387.0,"1,9"
6415,1,H8,Anada,31,Garcilaso - La Sagrera,2492,06:22:50,22.83,12.050000000033332,723.0,
1547,1,H8,Anada,31,Garcilaso - La Sagrera,2492,06:32:41,32.68,9.85,591.0,
2671,1,H8,Anada,31,Garcilaso - La Sagrera,2492,06:41:34,41.57,8.883333333366666,533.0,
6217,2,H8,Anada,31,Garcilaso - La Sagrera,2492,06:48:24,48.4,6.833333333333333,410.0,
6026,2,H8,Anada,31,Garcilaso - La Sagrera,2492,07:00:47,0.78,12.399999999933334,744.0,
6401,1,H8,Anada,31,Garcilaso - La Sagrera,2492,07:06:49,6.82,6.033333333333333,362.0,
6402,2,H8,Anada,31,Garcilaso - La Sagrera,2492,07:10:49,10.82,3.9833333333666667,239.0,
6808,1,H8,Anada,31,Garcilaso - La Sagrera,2492,07:26:36,26.6,15.799999999966667,948.0,
6037,2,H8,Anada,31,Garcilaso - La Sagrera,2492,07:28:41,28.68,2.0833333333333335,125.0,
6047,2,H8,Anada,31,Garcilaso - La Sagrera,2492,07:45:09,45.15,16.450000000033334,987.0,
6215,1,H8,Anada,31,Garcilaso - La Sagrera,2492,07:54:51,54.85,9.466666666666667,568.0,
6408,2,H8,Anada,31,Garcilaso - La Sagrera,2492,08:03:40,3.67,8.8333333333,530.0,
6046,2,H8,Anada,31,Garcilaso - La Sagrera,2492,08:11:49,11.82,8.1333333334,488.0,"7,21"
6407,2,H8,Anada,31,Garcilaso - La Sagrera,2492,08:16:52,16.87,5.05,303.0,
6079,1,H8,Anada,31,Garcilaso - La Sagrera,2492,08:22:09,22.15,5.299999999933333,318.0,1
6024,2,H8,Anada,31,Garcilaso - La Sagrera,2492,08:32:07,32.12,9.966666666666667,598.0,
6056,3,H8,Anada,31,Garcilaso - La Sagrera,2492,08:38:38,38.63,6.500000000033333,390.0,"4,18"
6411,2,H8,Anada,31,Garcilaso - La Sagrera,2492,08:47:46,47.77,9.133333333333333,548.0,
6059,2,H8,Anada,31,Garcilaso - La Sagrera,2492,08:49:20,49.33,1.5666666667,94.0,"9,10,11,12,20,21,22,23"
6055,2,H8,Anada,31,Garcilaso - La Sagrera,2492,09:01:50,1.83,12.5,750.0,1
6414,2,H8,Anada,31,Garcilaso - La Sagrera,2492,09:18:01,18.02,16.183333333300002,971.0,36
6415,2,H8,Anada,31,Garcilaso - La Sagrera,2492,09:22:41,22.68,4.6833333333,281.0,
1547,2,H8,Anada,31,Garcilaso - La Sagrera,2492,09:32:16,32.27,9.5666666667,574.0,
2671,2,H8,Anada,31,Garcilaso - La Sagrera,2492,09:35:56,35.93,3.6833333333,221.0,
6217,3,H8,Anada,31,Garcilaso - La Sagrera,2492,09:53:54,53.9,17.966666666666665,1078.0,1
6026,3,H8,Anada,31,Garcilaso - La Sagrera,2492,09:57:26,57.43,3.533333333333333,212.0,1
6401,2,H8,Anada,31,Garcilaso - La Sagrera,2492,10:04:24,4.4,6.950000000033333,417.0,19
6402,3,H8,Anada,31,Garcilaso - La Sagrera,2492,10:14:25,14.42,10.0333333333,602.0,
6808,2,H8,Anada,31,Garcilaso - La Sagrera,2492,10:26:57,26.95,12.516666666733332,751.0,
6037,3,H8,Anada,31,Garcilaso - La Sagrera,2492,10:37:51,37.85,10.916666666600001,655.0,
6047,3,H8,Anada,31,Garcilaso - La Sagrera,2492,10:53:06,53.1,15.25,915.0,37
6406,3,H8,Anada,31,Garcilaso - La Sagrera,2492,10:56:19,56.32,3.216666666666667,193.0,
6121,1,H8,Anada,31,Garcilaso - La Sagrera,2492,11:01:25,1.42,5.083333333400001,305.0,"1,2,3,4,5,6,7,8,9,10,11,12,13,14,15,16,17,18"
6215,2,H8,Anada,31,Garcilaso - La Sagrera,2492,11:03:08,3.13,1.7333333332666667,104.0,
6407,3,H8,Anada,31,Garcilaso - La Sagrera,2492,11:13:36,13.6,10.466666666666667,628.0,1
6079,2,H8,Anada,31,Garcilaso - La Sagrera,2492,11:19:27,19.45,5.833333333400001,350.0,15
6024,3,H8,Anada,31,Garcilaso - La Sagrera,2492,11:27:32,27.53,8.083333333333334,485.0,
6056,4,H8,Anada,31,Garcilaso - La Sagrera,2492,11:40:24,40.4,12.866666666666667,772.0,
6411,3,H8,Anada,31,Garcilaso - La Sagrera,2492,11:48:36,48.6,8.2,492.0,
6059,3,H8,Anada,31,Garcilaso - La Sagrera,2492,11:51:02,51.03,2.4333333333,146.0,
6055,3,H8,Anada,31,Garcilaso - La Sagrera,2492,12:00:38,0.63,9.600000000033333,576.0,
6414,3,H8,Anada,31,Garcilaso - La Sagrera,2492,12:14:00,14.0,13.383333333266668,803.0,
6415,3,H8,Anada,31,Garcilaso - La Sagrera,2492,12:21:54,21.9,7.8833333334,473.0,
1547,3,H8,Anada,31,Garcilaso - La Sagrera,2492,12:32:02,32.03,10.1333333333,608.0,
6217,4,H8,Anada,31,Garcilaso - La Sagrera,2492,12:47:47,47.78,15.000000000033333,900.0,
6401,3,H8,Anada,31,Garcilaso - La Sagrera,2492,13:02:59,2.98,15.2,912.0,
6402,4,H8,Anada,31,Garcilaso - La Sagrera,2492,13:13:25,13.42,9.833333333333334,590.0,
6808,3,H8,Anada,31,Garcilaso - La Sagrera,2492,13:18:52,18.87,5.433333333366666,326.0,
6047,4,H8,Anada,31,Garcilaso - La Sagrera,2492,13:32:19,32.32,13.45,807.0,"5,6,23,35"
6037,4,H8,Anada,31,Garcilaso - La Sagrera,2492,13:39:35,39.58,7.266666666666667,436.0,
6406,4,H8,Anada,31,Garcilaso - La Sagrera,2492,13:45:09,45.15,5.583333333300001,335.0,
6215,3,H8,Anada,31,Garcilaso - La Sagrera,2492,13:50:43,50.72,5.550000000033333,333.0,
6121,2,H8,Anada,31,Garcilaso - La Sagrera,2492,14:03:37,3.62,12.900000000033334,774.0,
6407,4,H8,Anada,31,Garcilaso - La Sagrera,2492,14:10:54,10.9,7.283333333300001,437.0,
6079,3,H8,Anada,31,Garcilaso - La Sagrera,2492,14:15:46,15.77,4.8666666667,292.0,
6024,4,H8,Anada,31,Garcilaso - La Sagrera,2492,14:25:01,25.02,9.25,555.0,19
6056,5,H8,Anada,31,Garcilaso - La Sagrera,2492,14:29:06,29.1,4.0833333333,245.0,
6411,4,H8,Anada,31,Garcilaso - La Sagrera,2492,14:44:32,44.53,15.449999999966668,927.0,
6059,4,H8,Anada,31,Garcilaso - La Sagrera,2492,14:52:31,52.52,7.983333333333333,479.0,
6055,4,H8,Anada,31,Garcilaso - La Sagrera,2492,15:00:30,0.5,7.549999999933333,453.0,
6030,1,H8,Anada,31,Garcilaso - La Sagrera,2492,15:11:18,11.3,10.7833333334,647.0,"1,2"
6414,4,H8,Anada,31,Garcilaso - La Sagrera,2492,15:19:08,19.13,7.833333333300001,470.0,
6415,4,H8,Anada,31,Garcilaso - La Sagrera,2492,15:22:51,22.85,3.716666666666667,223.0,19
1547,4,H8,Anada,31,Garcilaso - La Sagrera,2492,15:32:56,32.93,10.099999999966666,606.0,
2671,4,H8,Anada,31,Garcilaso - La Sagrera,2492,15:40:23,40.38,7.45,447.0,5
6217,5,H8,Anada,31,Garcilaso - La Sagrera,2492,15:54:50,54.83,14.433333333399998,866.0,
6026,5,H8,Anada,31,Garcilaso - La Sagrera,2492,16:00:59,0.98,6.166666666599999,370.0,
6409,1,H8,Anada,31,Garcilaso - La Sagrera,2492,16:02:45,2.75,1.7500000000333331,105.0,
6401,4,H8,Anada,31,Garcilaso - La Sagrera,2492,16:15:06,15.1,12.350000000033333,741.0,
6402,5,H8,Anada,31,Garcilaso - La Sagrera,2492,16:19:40,19.67,4.566666666633334,274.0,"1,2"
6808,4,H8,Anada,31,Garcilaso - La Sagrera,2492,16:22:14,22.23,2.566666666666667,154.0,
6037,5,H8,Anada,31,Garcilaso - La Sagrera,2492,16:39:00,39.0,16.7833333333,1007.0,
6047,5,H8,Anada,31,Garcilaso - La Sagrera,2492,16:50:40,50.67,11.650000000033334,699.0,
6406,5,H8,Anada,31,Garcilaso - La Sagrera,2492,16:51:55,51.92,1.25,75.0,
6215,4,H8,Anada,31,Garcilaso - La Sagrera,2492,16:59:39,59.65,7.733333333333333,464.0,
6121,3,H8,Anada,31,Garcilaso - La Sagrera,2492,17:07:00,7.0,7.366666666633334,442.0,
6407,5,H8,Anada,31,Garcilaso - La Sagrera,2492,17:12:26,12.43,5.433333333333334,326.0,
6079,4,H8,Anada,31,Garcilaso - La Sagrera,2492,17:24:45,24.75,12.300000000033332,738.0,
6024,5,H8,Anada,31,Garcilaso - La Sagrera,2492,17:30:17,30.28,5.533333333333333,332.0,
6056,6,H8,Anada,31,Garcilaso - La Sagrera,2492,17:31:51,31.85,1.5833333332833335,95.0,
6411,5,H8,Anada,31,Garcilaso - La Sagrera,2492,17:47:40,47.67,15.800000000083333,948.0,
6059,5,H8,Anada,31,Garcilaso - La Sagrera,2492,17:54:56,54.93,7.266666666666667,436.0,
6055,5,H8,Anada,31,Garcilaso - La Sagrera,2492,18:01:44,1.73,6.8,408.0,
6030,2,H8,Anada,31,Garcilaso - La Sagrera,2492,18:04:57,4.95,3.216666666633333,193.0,
6414,5,H8,Anada,31,Garcilaso - La Sagrera,2492,18:15:03,15.05,10.116666666633334,607.0,
6415,5,H8,Anada,31,Garcilaso - La Sagrera,2492,18:22:59,22.98,7.916666666699999,475.0,
1547,5,H8,Anada,31,Garcilaso - La Sagrera,2492,18:25:14,25.23,2.25,135.0,
2671,5,H8,Anada,31,Garcilaso - La Sagrera,2492,18:39:44,39.73,14.516666666633334,871.0,
6026,6,H8,Anada,31,Garcilaso - La Sagrera,2492,19:00:21,0.35,20.133333333266666,1208.0,
6409,2,H8,Anada,31,Garcilaso - La Sagrera,2492,19:02:24,2.4,2.0333333333666666,122.0,
6401,5,H8,Anada,31,Garcilaso - La Sagrera,2492,19:03:37,3.62,1.2166666666666666,73.0,
6402,6,H8,Anada,31,Garcilaso - La Sagrera,2492,19:07:06,7.1,3.4999999999666667,210.0,
6037,6,H8,Anada,31,Garcilaso - La Sagrera,2492,19:30:47,30.78,23.6666666667,1420.0,
6047,6,H8,Anada,31,Garcilaso - La Sagrera,2492,19:33:09,33.15,2.3666666666666667,142.0,"1,2,3,4,5,6,7,8,9,10,11,12"
6406,6,H8,Anada,31,Garcilaso - La Sagrera,2492,19:42:02,42.03,8.883333333366666,533.0,
6121,4,H8,Anada,31,Garcilaso - La Sagrera,2492,19:54:36,54.6,12.583333333266667,755.0,
6407,6,H8,Anada,31,Garcilaso - La Sagrera,2492,20:00:10,0.17,5.566666666666666,334.0,"9,19"
6024,6,H8,Anada,31,Garcilaso - La Sagrera,2492,20:11:38,11.63,11.450000000033333,687.0,
6056,7,H8,Anada,31,Garcilaso - La Sagrera,2492,20:15:01,15.02,3.3833333333333333,203.0,
6411,6,H8,Anada,31,Garcilaso - La Sagrera,2492,20:23:52,23.87,8.850000000033333,531.0,
6030,3,H8,Anada,31,Garcilaso - La Sagrera,2492,20:36:55,36.92,13.066666666600002,784.0,
6414,6,H8,Anada,31,Garcilaso - La Sagrera,2492,20:46:11,46.18,9.250000000033333,555.0,
6415,6,H8,Anada,31,Garcilaso - La Sagrera,2492,21:01:24,1.4,15.2166666667,913.0,
6026,7,H8,Anada,31,Garcilaso - La Sagrera,2492,21:11:54,11.9,10.516666666616667,631.0,"9,10,11"
6409,3,H8,Anada,31,Garcilaso - La Sagrera,2492,21:31:01,31.02,19.100000000016667,1146.0,"13,29"
6402,7,H8,Anada,31,Garcilaso - La Sagrera,2492,21:37:03,37.05,6.033333333333333,362.0,
6047,7,H8,Anada,31,Garcilaso - La Sagrera,2492,21:57:29,57.48,20.433333333333334,1226.0,27
6408,6,H8,Anada,31,Garcilaso - La Sagrera,2492,22:12:24,12.4,14.450000000033333,867.0,33
6217,1,H8,Anada,32,Berenguer de Palou - Pont del Treball Digne,946,03:51:10,51.17,,,"1,2,3,4,5,6,7,8,9,10,11,12,13,14,15,16,17,18,19,20,21,22"
6026,1,H8,Anada,32,Berenguer de Palou - Pont del Treball Digne,946,04:06:53,6.88,15.716666666666667,943.0,"1,2,3,4,5,6,7,8,9,10,11"
6402,1,H8,Anada,32,Berenguer de Palou - Pont del Treball Digne,946,04:27:10,27.17,20.299999999933334,1218.0,1
6406,1,H8,Anada,32,Berenguer de Palou - Pont del Treball Digne,946,04:49:12,49.2,22.033333333333335,1322.0,
6046,1,H8,Anada,32,Berenguer de Palou - Pont del Treball Digne,946,04:54:24,54.4,5.1833333334,311.0,"30,31"
6408,1,H8,Anada,32,Berenguer de Palou - Pont del Treball Digne,946,05:04:22,4.37,9.983333333266668,599.0,
6407,1,H8,Anada,32,Berenguer de Palou - Pont del Treball Digne,946,05:11:45,11.75,7.383333333333334,443.0,
6024,1,H8,Anada,32,Berenguer de Palou - Pont del Treball Digne,946,05:22:11,22.18,10.433333333333334,626.0,
6056,1,H8,Anada,32,Berenguer de Palou - Pont del Treball Digne,946,05:40:31,40.52,18.333333333333332,1100.0,"1,2,3"
6411,1,H8,Anada,32,Berenguer de Palou - Pont del Treball Digne,946,05:42:33,42.55,2.0166666667,121.0,
6055,1,H8,Anada,32,Berenguer de Palou - Pont del Treball Digne,946,05:53:12,53.2,10.650000000033334,639.0,1
6414,1,H8,Anada,32,Berenguer de Palou - Pont del Treball Digne,946,06:06:13,6.22,13.016666666633334,781.0,
6059,1,H8,Anada,32,Berenguer de Palou - Pont del Treball Digne,946,06:12:28,12.47,6.266666666633333,376.0,"1,9"
6415,1,H8,Anada,32,Berenguer de Palou - Pont del Treball Digne,946,06:24:34,24.57,12.1,726.0,
1547,1,H8,Anada,32,Berenguer de Palou - Pont del Treball Digne,946,06:34:24,34.4,9.83333333335,590.0,
2671,1,H8,Anada,32,Berenguer de Palou - Pont del Treball Digne,946,06:44:23,44.38,9.983333333316667,599.0,
6217,2,H8,Anada,32,Berenguer de Palou - Pont del Treball Digne,946,06:51:02,51.03,6.6333333334,398.0,
6026,2,H8,Anada,32,Berenguer de Palou - Pont del Treball Digne,946,07:02:54,2.9,11.866666666666667,712.0,
6401,1,H8,Anada,32,Berenguer de Palou - Pont del Treball Digne,946,07:08:26,8.43,5.549999999933333,333.0,
6402,2,H8,Anada,32,Berenguer de Palou - Pont del Treball Digne,946,07:12:19,12.32,3.8666666667166667,232.0,
6808,1,H8,Anada,32,Berenguer de Palou - Pont del Treball Digne,946,07:29:35,29.58,17.26666666668333,1036.0,
6037,2,H8,Anada,32,Berenguer de Palou - Pont del Treball Digne,946,07:31:20,31.33,1.75,105.0,
6047,2,H8,Anada,32,Berenguer de Palou - Pont del Treball Digne,946,07:47:37,47.62,16.283333333333335,977.0,
6215,1,H8,Anada,32,Berenguer de Palou - Pont del Treball Digne,946,07:56:49,56.82,9.2,552.0,
6408,2,H8,Anada,32,Berenguer de Palou - Pont del Treball Digne,946,08:06:25,6.42,9.6,576.0,
6046,2,H8,Anada,32,Berenguer de Palou - Pont del Treball Digne,946,08:13:44,13.73,7.300000000033333,438.0,"7,21"
6407,2,H8,Anada,32,Berenguer de Palou - Pont del Treball Digne,946,08:19:17,19.28,5.566666666633334,334.0,
6079,1,H8,Anada,32,Berenguer de Palou - Pont del Treball Digne,946,08:24:26,24.43,5.1333333334,308.0,1
6024,2,H8,Anada,32,Berenguer de Palou - Pont del Treball Digne,946,08:32:27,32.45,8.016666666633334,481.0,
6056,3,H8,Anada,32,Berenguer de Palou - Pont del Treball Digne,946,08:41:20,41.33,8.883333333333333,533.0,"4,18"
6411,2,H8,Anada,32,Berenguer de Palou - Pont del Treball Digne,946,08:49:44,49.73,8.416666666633335,505.0,
6059,2,H8,Anada,32,Berenguer de Palou - Pont del Treball Digne,946,08:51:08,51.13,1.3833333334,83.0,"9,10,11,12,20,21,22,23"
6055,2,H8,Anada,32,Berenguer de Palou - Pont del Treball Digne,946,09:04:31,4.52,13.399999999933334,804.0,1
6414,2,H8,Anada,32,Berenguer de Palou - Pont del Treball Digne,946,09:19:41,19.68,15.150000000066665,909.0,36
6415,2,H8,Anada,32,Berenguer de Palou - Pont del Treball Digne,946,09:25:42,25.7,6.016666666633333,361.0,
1547,2,H8,Anada,32,Berenguer de Palou - Pont del Treball Digne,946,09:33:25,33.42,7.7333333332833325,464.0,
2671,2,H8,Anada,32,Berenguer de Palou - Pont del Treball Digne,946,09:37:32,37.53,4.116666666666666,247.0,
6217,3,H8,Anada,32,Berenguer de Palou - Pont del Treball Digne,946,09:56:18,56.3,18.750000000083332,1125.0,1
6026,3,H8,Anada,32,Berenguer de Palou - Pont del Treball Digne,946,09:59:42,59.7,3.4,204.0,1
6401,2,H8,Anada,32,Berenguer de Palou - Pont del Treball Digne,946,10:05:53,5.88,6.183333333333334,371.0,19
6402,3,H8,Anada,32,Berenguer de Palou - Pont del Treball Digne,946,10:15:59,15.98,10.1166666666,607.0,
6808,2,H8,Anada,32,Berenguer de Palou - Pont del Treball Digne,946,10:29:43,29.72,13.7166666667,823.0,
6037,3,H8,Anada,32,Berenguer de Palou - Pont del Treball Digne,946,10:40:07,40.12,10.4,624.0,
6047,3,H8,Anada,32,Berenguer de Palou - Pont del Treball Digne,946,10:55:11,55.18,15.066666666666666,904.0,37
6406,3,H8,Anada,32,Berenguer de Palou - Pont del Treball Digne,946,10:58:28,58.47,3.2999999999500003,198.0,
6121,1,H8,Anada,32,Berenguer de Palou - Pont del Treball Digne,946,11:03:43,3.72,5.233333333383333,314.0,"1,2,3,4,5,6,7,8,9,10,11,12,13,14,15,16,17,18"
6215,2,H8,Anada,32,Berenguer de Palou - Pont del Treball Digne,946,11:05:16,5.27,1.55,93.0,
6407,3,H8,Anada,32,Berenguer de Palou - Pont del Treball Digne,946,11:16:14,16.23,10.983333333300001,659.0,1
6079,2,H8,Anada,32,Berenguer de Palou - Pont del Treball Digne,946,11:21:59,21.98,5.7333333334,344.0,15
6024,3,H8,Anada,32,Berenguer de Palou - Pont del Treball Digne,946,11:29:29,29.48,7.5166666666,451.0,
6056,4,H8,Anada,32,Berenguer de Palou - Pont del Treball Digne,946,11:42:51,42.85,13.350000000066666,801.0,
6411,3,H8,Anada,32,Berenguer de Palou - Pont del Treball Digne,946,11:51:48,51.8,8.95,537.0,
6059,3,H8,Anada,32,Berenguer de Palou - Pont del Treball Digne,946,11:53:02,53.03,1.2333333333,74.0,
6055,3,H8,Anada,32,Berenguer de Palou - Pont del Treball Digne,946,12:02:53,2.88,9.850000000033333,591.0,
6414,3,H8,Anada,32,Berenguer de Palou - Pont del Treball Digne,946,12:15:37,15.62,12.733333333333333,764.0,
6415,3,H8,Anada,32,Berenguer de Palou - Pont del Treball Digne,946,12:24:43,24.72,9.099999999983334,546.0,
1547,3,H8,Anada,32,Berenguer de Palou - Pont del Treball Digne,946,12:33:27,33.45,8.74999999995,525.0,
2671,3,H8,Anada,32,Berenguer de Palou - Pont del Treball Digne,946,12:34:48,34.8,1.3333333334,80.0,
6217,4,H8,Anada,32,Berenguer de Palou - Pont del Treball Digne,946,12:49:51,49.85,15.066666666600002,904.0,
6401,3,H8,Anada,32,Berenguer de Palou - Pont del Treball Digne,946,13:04:38,4.63,14.766666666733332,886.0,
6026,4,H8,Anada,32,Berenguer de Palou - Pont del Treball Digne,946,13:06:36,6.6,1.9833333332666667,119.0,
6402,4,H8,Anada,32,Berenguer de Palou - Pont del Treball Digne,946,13:17:22,17.37,10.750000000066667,645.0,
6808,3,H8,Anada,32,Berenguer de Palou - Pont del Treball Digne,946,13:20:57,20.95,3.5833333332999997,215.0,
6047,4,H8,Anada,32,Berenguer de Palou - Pont del Treball Digne,946,13:34:14,34.23,13.283333333366667,797.0,"5,6,23,35"
6037,4,H8,Anada,32,Berenguer de Palou - Pont del Treball Digne,946,13:43:17,43.28,9.066666666600002,544.0,
6406,4,H8,Anada,32,Berenguer de Palou - Pont del Treball Digne,946,13:46:27,46.45,3.1666666666666665,190.0,
6215,3,H8,Anada,32,Berenguer de Palou - Pont del Treball Digne,946,13:52:32,52.53,6.083333333333333,365.0,
6121,2,H8,Anada,32,Berenguer de Palou - Pont del Treball Digne,946,14:04:52,4.87,12.3166666667,739.0,
6407,4,H8,Anada,32,Berenguer de Palou - Pont del Treball Digne,946,14:13:04,13.07,8.216666666633333,493.0,
6079,3,H8,Anada,32,Berenguer de Palou - Pont del Treball Digne,946,14:18:03,18.05,4.9666666667333335,298.0,
6024,4,H8,Anada,32,Berenguer de Palou - Pont del Treball Digne,946,14:27:24,27.4,9.349999999966666,561.0,19
6056,5,H8,Anada,32,Berenguer de Palou - Pont del Treball Digne,946,14:31:54,31.9,4.500000000033333,270.0,
6411,4,H8,Anada,32,Berenguer de Palou - Pont del Treball Digne,946,14:46:40,46.67,14.766666666666667,886.0,
6059,4,H8,Anada,32,Berenguer de Palou - Pont del Treball Digne,946,14:53:54,53.9,7.233333333333333,434.0,
6211,3,H8,Anada,32,Berenguer de Palou - Pont del Treball Digne,946,14:55:13,55.22,1.3166666666666667,79.0,
6055,4,H8,Anada,32,Berenguer de Palou - Pont del Treball Digne,946,15:02:14,2.23,7.016666666666667,421.0,
6030,1,H8,Anada,32,Berenguer de Palou - Pont del Treball Digne,946,15:13:24,13.4,11.166666666666666,670.0,"1,2"
6414,4,H8,Anada,32,Berenguer de Palou - Pont del Treball Digne,946,15:22:52,22.87,9.466666666666667,568.0,
6415,4,H8,Anada,32,Berenguer de Palou - Pont del Treball Digne,946,15:26:06,26.1,3.2333333333,194.0,19
1547,4,H8,Anada,32,Berenguer de Palou - Pont del Treball Digne,946,15:35:51,35.85,9.750000000033333,585.0,
2671,4,H8,Anada,32,Berenguer de Palou - Pont del Treball Digne,946,15:43:04,43.07,7.216666666666667,433.0,5
6217,5,H8,Anada,32,Berenguer de Palou - Pont del Treball Digne,946,15:57:43,57.72,14.649999999966667,879.0,
6026,5,H8,Anada,32,Berenguer de Palou - Pont del Treball Digne,946,16:02:51,2.85,5.133333333333334,308.0,
6409,1,H8,Anada,32,Berenguer de Palou - Pont del Treball Digne,946,16:03:54,3.9,1.0500000000333334,63.0,
6401,4,H8,Anada,32,Berenguer de Palou - Pont del Treball Digne,946,16:17:06,17.1,13.199999999966668,792.0,
6402,5,H8,Anada,32,Berenguer de Palou - Pont del Treball Digne,946,16:22:47,22.78,5.683333333366666,341.0,"1,2"
6808,4,H8,Anada,32,Berenguer de Palou - Pont del Treball Digne,946,16:24:34,24.57,1.7999999999333334,108.0,
6037,5,H8,Anada,32,Berenguer de Palou - Pont del Treball Digne,946,16:41:20,41.33,16.750000000066667,1005.0,
6047,5,H8,Anada,32,Berenguer de Palou - Pont del Treball Digne,946,16:54:50,54.83,13.5,810.0,
6215,4,H8,Anada,32,Berenguer de Palou - Pont del Treball Digne,946,17:02:03,2.05,7.166666666633334,430.0,
6121,3,H8,Anada,32,Berenguer de Palou - Pont del Treball Digne,946,17:08:47,8.78,6.733333333333333,404.0,
6407,5,H8,Anada,32,Berenguer de Palou - Pont del Treball Digne,946,17:13:42,13.7,4.9333333333,296.0,
6079,4,H8,Anada,32,Berenguer de Palou - Pont del Treball Digne,946,17:26:48,26.8,13.083333333366665,785.0,
6024,5,H8,Anada,32,Berenguer de Palou - Pont del Treball Digne,946,17:33:02,33.03,6.233333333366667,374.0,
6056,6,H8,Anada,32,Berenguer de Palou - Pont del Treball Digne,946,17:34:45,34.75,1.7333333332666667,104.0,
6411,5,H8,Anada,32,Berenguer de Palou - Pont del Treball Digne,946,17:51:03,51.05,16.283333333366667,977.0,
6059,5,H8,Anada,32,Berenguer de Palou - Pont del Treball Digne,946,17:55:31,55.52,4.466666666666667,268.0,
6055,5,H8,Anada,32,Berenguer de Palou - Pont del Treball Digne,946,18:03:38,3.63,8.1166666667,487.0,
6030,2,H8,Anada,32,Berenguer de Palou - Pont del Treball Digne,946,18:07:02,7.03,3.3999999999666666,204.0,
6414,5,H8,Anada,32,Berenguer de Palou - Pont del Treball Digne,946,18:16:33,16.55,9.5333333333,572.0,
6415,5,H8,Anada,32,Berenguer de Palou - Pont del Treball Digne,946,18:25:23,25.38,8.8166666667,529.0,
1547,5,H8,Anada,32,Berenguer de Palou - Pont del Treball Digne,946,18:27:58,27.97,2.5833333333333335,155.0,
2671,5,H8,Anada,32,Berenguer de Palou - Pont del Treball Digne,946,18:41:09,41.15,13.183333333366667,791.0,
6217,6,H8,Anada,32,Berenguer de Palou - Pont del Treball Digne,946,18:42:59,42.98,1.8333333333333333,110.0,
6026,6,H8,Anada,32,Berenguer de Palou - Pont del Treball Digne,946,19:02:59,2.98,19.999999999983334,1200.0,
6401,5,H8,Anada,32,Berenguer de Palou - Pont del Treball Digne,946,19:06:00,6.0,2.3666666666666667,142.0,
6402,6,H8,Anada,32,Berenguer de Palou - Pont del Treball Digne,946,19:08:58,8.97,2.98333333325,179.0,
6037,6,H8,Anada,32,Berenguer de Palou - Pont del Treball Digne,946,19:33:36,33.6,24.616666666716664,1477.0,
6047,6,H8,Anada,32,Berenguer de Palou - Pont del Treball Digne,946,19:34:48,34.8,1.2166666666333334,73.0,"1,2,3,4,5,6,7,8,9,10,11,12"
6406,6,H8,Anada,32,Berenguer de Palou - Pont del Treball Digne,946,19:43:39,43.65,7.95,477.0,
6121,4,H8,Anada,32,Berenguer de Palou - Pont del Treball Digne,946,19:57:07,57.12,13.483333333300001,809.0,
6407,6,H8,Anada,32,Berenguer de Palou - Pont del Treball Digne,946,20:02:13,2.22,5.083333333366666,305.0,"9,19"
6024,6,H8,Anada,32,Berenguer de Palou - Pont del Treball Digne,946,20:12:48,12.8,10.599999999966666,636.0,
6056,7,H8,Anada,32,Berenguer de Palou - Pont del Treball Digne,946,20:16:14,16.23,3.4166666667000003,205.0,
6411,6,H8,Anada,32,Berenguer de Palou - Pont del Treball Digne,946,20:25:34,25.57,9.333333333333334,560.0,
6030,3,H8,Anada,32,Berenguer de Palou - Pont del Treball Digne,946,20:38:36,38.6,13.033333333333333,782.0,
6414,6,H8,Anada,32,Berenguer de Palou - Pont del Treball Digne,946,20:47:33,47.55,8.966666666633333,538.0,
6415,6,H8,Anada,32,Berenguer de Palou - Pont del Treball Digne,946,21:02:22,2.37,14.800000000066666,888.0,
6026,7,H8,Anada,32,Berenguer de Palou - Pont del Treball Digne,946,21:13:54,13.9,11.5333333333,692.0,"9,10,11"
6409,3,H8,Anada,32,Berenguer de Palou - Pont del Treball Digne,946,21:32:17,32.28,18.383333333333333,1103.0,"13,29"
6402,7,H8,Anada,32,Berenguer de Palou - Pont del Treball Digne,946,21:38:16,38.27,5.983333333366667,359.0,
6047,7,H8,Anada,32,Berenguer de Palou - Pont del Treball Digne,946,21:58:55,58.92,20.65,1239.0,27
6408,6,H8,Anada,32,Berenguer de Palou - Pont del Treball Digne,946,22:14:51,14.85,15.166666666666666,910.0,33
6217,1,H8,Anada,33,Berenguer de Palou - Pare Manyanet,947,03:53:04,53.07,,,"1,2,3,4,5,6,7,8,9,10,11,12,13,14,15,16,17,18,19,20,21,22"
6026,1,H8,Anada,33,Berenguer de Palou - Pare Manyanet,947,04:08:21,8.35,15.283333333333333,917.0,"1,2,3,4,5,6,7,8,9,10,11"
6402,1,H8,Anada,33,Berenguer de Palou - Pare Manyanet,947,04:30:06,30.1,21.7666666666,1306.0,1
6406,1,H8,Anada,33,Berenguer de Palou - Pare Manyanet,947,04:51:20,51.33,21.233333333333334,1274.0,
6046,1,H8,Anada,33,Berenguer de Palou - Pare Manyanet,947,04:56:27,56.45,5.100000000066667,306.0,"30,31"
6408,1,H8,Anada,33,Berenguer de Palou - Pare Manyanet,947,05:06:50,6.83,10.399999999933334,624.0,
6407,1,H8,Anada,33,Berenguer de Palou - Pare Manyanet,947,05:13:17,13.28,6.45,387.0,
6024,1,H8,Anada,33,Berenguer de Palou - Pare Manyanet,947,05:23:26,23.43,10.15,609.0,
6056,1,H8,Anada,33,Berenguer de Palou - Pare Manyanet,947,05:42:38,42.63,19.200000000016665,1152.0,"1,2,3"
6411,1,H8,Anada,33,Berenguer de Palou - Pare Manyanet,947,05:45:15,45.25,2.61666666665,157.0,
6055,1,H8,Anada,33,Berenguer de Palou - Pare Manyanet,947,05:55:19,55.32,10.050000000066666,603.0,1
6414,1,H8,Anada,33,Berenguer de Palou - Pare Manyanet,947,06:08:29,8.48,13.166666666633335,790.0,
6059,1,H8,Anada,33,Berenguer de Palou - Pare Manyanet,947,06:13:26,13.43,4.950000000033333,297.0,"1,9"
6415,1,H8,Anada,33,Berenguer de Palou - Pare Manyanet,947,06:26:31,26.52,13.0833333333,785.0,
1547,1,H8,Anada,33,Berenguer de Palou - Pare Manyanet,947,06:37:02,37.03,10.516666666699999,631.0,
2671,1,H8,Anada,33,Berenguer de Palou - Pare Manyanet,947,06:47:10,47.17,10.133333333333333,608.0,
6217,2,H8,Anada,33,Berenguer de Palou - Pare Manyanet,947,06:52:16,52.27,5.1,306.0,
6026,2,H8,Anada,33,Berenguer de Palou - Pare Manyanet,947,07:05:42,5.7,13.449999999933334,807.0,
6401,1,H8,Anada,33,Berenguer de Palou - Pare Manyanet,947,07:10:08,10.13,4.416666666733334,265.0,
6402,2,H8,Anada,33,Berenguer de Palou - Pare Manyanet,947,07:15:03,15.05,4.916666666633334,295.0,
6808,1,H8,Anada,33,Berenguer de Palou - Pare Manyanet,947,07:31:50,31.83,16.783333333366667,1007.0,
6037,2,H8,Anada,33,Berenguer de Palou - Pare Manyanet,947,07:33:36,33.6,1.7666666666333335,106.0,
6047,2,H8,Anada,33,Berenguer de Palou - Pare Manyanet,947,07:50:22,50.37,16.7833333333,1007.0,
6215,1,H8,Anada,33,Berenguer de Palou - Pare Manyanet,947,07:58:38,58.63,8.133333333333333,488.0,
6408,2,H8,Anada,33,Berenguer de Palou - Pare Manyanet,947,08:08:26,8.43,9.800000000033332,588.0,
6046,2,H8,Anada,33,Berenguer de Palou - Pare Manyanet,947,08:15:18,15.3,6.866666666666666,412.0,"7,21"
6407,2,H8,Anada,33,Berenguer de Palou - Pare Manyanet,947,08:21:36,21.6,6.3166666666,379.0,
6079,1,H8,Anada,33,Berenguer de Palou - Pare Manyanet,947,08:26:37,26.62,5.000000000033333,300.0,1
6024,2,H8,Anada,33,Berenguer de Palou - Pare Manyanet,947,08:35:06,35.1,8.499999999966667,510.0,
6056,3,H8,Anada,33,Berenguer de Palou - Pare Manyanet,947,08:43:48,43.8,8.683333333399998,521.0,"4,18"
6411,2,H8,Anada,33,Berenguer de Palou - Pare Manyanet,947,08:51:31,51.52,7.7166666666333334,463.0,
6059,2,H8,Anada,33,Berenguer de Palou - Pare Manyanet,947,08:53:23,53.38,1.8833333333000002,113.0,"9,10,11,12,20,21,22,23"
6055,2,H8,Anada,33,Berenguer de Palou - Pare Manyanet,947,09:06:46,6.77,13.366666666733332,802.0,1
6414,2,H8,Anada,33,Berenguer de Palou - Pare Manyanet,947,09:21:30,21.5,14.749999999933333,885.0,36
6415,2,H8,Anada,33,Berenguer de Palou - Pare Manyanet,947,09:27:04,27.07,5.550000000033333,333.0,
1547,2,H8,Anada,33,Berenguer de Palou - Pare Manyanet,947,09:35:14,35.23,8.1666666667,490.0,
2671,2,H8,Anada,33,Berenguer de Palou - Pare Manyanet,947,09:39:58,39.97,4.749999999933333,285.0,
6217,3,H8,Anada,33,Berenguer de Palou - Pare Manyanet,947,09:57:58,57.97,17.983333333366666,1079.0,1
6026,3,H8,Anada,33,Berenguer de Palou - Pare Manyanet,947,10:01:46,1.77,3.8000000000333336,228.0,1
6401,2,H8,Anada,33,Berenguer de Palou - Pare Manyanet,947,10:08:54,8.9,7.149999999933333,429.0,19
6402,3,H8,Anada,33,Berenguer de Palou - Pare Manyanet,947,10:18:38,18.63,9.7166666667,583.0,
6808,2,H8,Anada,33,Berenguer de Palou - Pare Manyanet,947,10:31:58,31.97,13.333333333366665,800.0,
6037,3,H8,Anada,33,Berenguer de Palou - Pare Manyanet,947,10:41:51,41.85,9.883333333316667,593.0,
6047,3,H8,Anada,33,Berenguer de Palou - Pare Manyanet,947,10:56:35,56.58,14.733333333316667,884.0,37
6406,3,H8,Anada,33,Berenguer de Palou - Pare Manyanet,947,11:00:16,0.27,3.6999999999666664,222.0,
6121,1,H8,Anada,33,Berenguer de Palou - Pare Manyanet,947,11:05:21,5.35,5.083333333333333,305.0,"1,2,3,4,5,6,7,8,9,10,11,12,13,14,15,16,17,18"
6215,2,H8,Anada,33,Berenguer de Palou - Pare Manyanet,947,11:07:00,7.0,1.6333333333666666,98.0,
6407,3,H8,Anada,33,Berenguer de Palou - Pare Manyanet,947,11:18:22,18.37,11.3833333333,683.0,1
6079,2,H8,Anada,33,Berenguer de Palou - Pare Manyanet,947,11:23:16,23.27,4.883333333366666,293.0,15
6024,3,H8,Anada,33,Berenguer de Palou - Pare Manyanet,947,11:31:32,31.53,8.266666666666667,496.0,
6056,4,H8,Anada,33,Berenguer de Palou - Pare Manyanet,947,11:45:23,45.38,13.850000000033333,831.0,
6411,3,H8,Anada,33,Berenguer de Palou - Pare Manyanet,947,11:53:27,53.45,8.06666666665,484.0,
6059,3,H8,Anada,33,Berenguer de Palou - Pare Manyanet,947,11:54:59,54.98,1.53333333335,92.0,
6055,3,H8,Anada,33,Berenguer de Palou - Pare Manyanet,947,12:05:13,5.22,10.249999999933333,615.0,
6414,3,H8,Anada,33,Berenguer de Palou - Pare Manyanet,947,12:16:31,16.52,11.2833333334,677.0,
6415,3,H8,Anada,33,Berenguer de Palou - Pare Manyanet,947,12:26:57,26.95,10.4333333333,626.0,
1547,3,H8,Anada,33,Berenguer de Palou - Pare Manyanet,947,12:35:00,35.0,8.066666666633333,484.0,
2671,3,H8,Anada,33,Berenguer de Palou - Pare Manyanet,947,12:36:47,36.78,1.7833333333333334,107.0,
6217,4,H8,Anada,33,Berenguer de Palou - Pare Manyanet,947,12:51:38,51.63,14.833333333366665,890.0,
6401,3,H8,Anada,33,Berenguer de Palou - Pare Manyanet,947,13:06:50,6.83,15.2,912.0,
6026,4,H8,Anada,33,Berenguer de Palou - Pare Manyanet,947,13:08:34,8.57,1.7499999999666669,105.0,
6402,4,H8,Anada,33,Berenguer de Palou - Pare Manyanet,947,13:18:35,18.58,10.000000000066667,600.0,
6808,3,H8,Anada,33,Berenguer de Palou - Pare Manyanet,947,13:21:42,21.7,3.1333333332833333,188.0,
6047,4,H8,Anada,33,Berenguer de Palou - Pare Manyanet,947,13:36:25,36.42,14.700000000016667,882.0,"5,6,23,35"
6037,4,H8,Anada,33,Berenguer de Palou - Pare Manyanet,947,13:44:47,44.78,8.366666666666667,502.0,
6406,4,H8,Anada,33,Berenguer de Palou - Pare Manyanet,947,13:48:48,48.8,4.0333333333,242.0,
6215,3,H8,Anada,33,Berenguer de Palou - Pare Manyanet,947,13:53:30,53.5,4.7,282.0,
6121,2,H8,Anada,33,Berenguer de Palou - Pare Manyanet,947,14:07:52,7.87,14.350000000066666,861.0,
6407,4,H8,Anada,33,Berenguer de Palou - Pare Manyanet,947,14:15:30,15.5,7.633333333333334,458.0,
6079,3,H8,Anada,33,Berenguer de Palou - Pare Manyanet,947,14:20:44,20.73,5.249999999933333,315.0,
6024,4,H8,Anada,33,Berenguer de Palou - Pare Manyanet,947,14:30:17,30.28,9.55,573.0,19
6056,5,H8,Anada,33,Berenguer de Palou - Pare Manyanet,947,14:33:29,33.48,3.1833333334,191.0,
6411,4,H8,Anada,33,Berenguer de Palou - Pare Manyanet,947,14:49:00,49.0,15.533333333283334,932.0,
6211,3,H8,Anada,33,Berenguer de Palou - Pare Manyanet,947,14:56:07,56.12,7.100000000016666,426.0,
6055,4,H8,Anada,33,Berenguer de Palou - Pare Manyanet,947,15:03:13,3.22,6.516666666633333,391.0,
6030,1,H8,Anada,33,Berenguer de Palou - Pare Manyanet,947,15:14:51,14.85,11.633333333333333,698.0,"1,2"
6414,4,H8,Anada,33,Berenguer de Palou - Pare Manyanet,947,15:25:09,25.15,10.3,618.0,
6415,4,H8,Anada,33,Berenguer de Palou - Pare Manyanet,947,15:28:24,28.4,3.2333333333666667,194.0,19
1547,4,H8,Anada,33,Berenguer de Palou - Pare Manyanet,947,15:36:58,36.97,8.5833333333,515.0,
2671,4,H8,Anada,33,Berenguer de Palou - Pare Manyanet,947,15:45:03,45.05,8.083333333333334,485.0,5
6217,5,H8,Anada,33,Berenguer de Palou - Pare Manyanet,947,16:00:05,0.08,15.033333333333333,902.0,
6026,5,H8,Anada,33,Berenguer de Palou - Pare Manyanet,947,16:05:06,5.1,5.000000000033333,300.0,
6401,4,H8,Anada,33,Berenguer de Palou - Pare Manyanet,947,16:19:11,19.18,13.2833333333,797.0,
6402,5,H8,Anada,33,Berenguer de Palou - Pare Manyanet,947,16:24:49,24.82,5.649999999966667,339.0,"1,2"
6808,4,H8,Anada,33,Berenguer de Palou - Pare Manyanet,947,16:26:47,26.78,1.9500000000666666,117.0,
6037,5,H8,Anada,33,Berenguer de Palou - Pare Manyanet,947,16:43:39,43.65,16.88333333325,1013.0,
6047,5,H8,Anada,33,Berenguer de Palou - Pare Manyanet,947,16:56:23,56.38,12.73333333335,764.0,
6215,4,H8,Anada,33,Berenguer de Palou - Pare Manyanet,947,17:03:41,3.68,6.800000000033333,408.0,
6121,3,H8,Anada,33,Berenguer de Palou - Pare Manyanet,947,17:10:11,10.18,6.499999999966667,390.0,
6407,5,H8,Anada,33,Berenguer de Palou - Pare Manyanet,947,17:17:50,17.83,7.666666666633334,460.0,
6079,4,H8,Anada,33,Berenguer de Palou - Pare Manyanet,947,17:28:39,28.65,10.800000000066666,648.0,
6024,5,H8,Anada,33,Berenguer de Palou - Pare Manyanet,947,17:34:53,34.88,6.2333333333,374.0,
6056,6,H8,Anada,33,Berenguer de Palou - Pare Manyanet,947,17:36:48,36.8,1.9166666666999999,115.0,
6411,5,H8,Anada,33,Berenguer de Palou - Pare Manyanet,947,17:53:19,53.32,16.516666666633334,991.0,
6059,5,H8,Anada,33,Berenguer de Palou - Pare Manyanet,947,17:57:07,57.12,3.816666666633333,229.0,
6055,5,H8,Anada,33,Berenguer de Palou - Pare Manyanet,947,18:05:04,5.07,7.95,477.0,
6030,2,H8,Anada,33,Berenguer de Palou - Pare Manyanet,947,18:08:41,8.68,3.6166666666666667,217.0,
6414,5,H8,Anada,33,Berenguer de Palou - Pare Manyanet,947,18:19:14,19.23,10.533333333366667,632.0,
6415,5,H8,Anada,33,Berenguer de Palou - Pare Manyanet,947,18:26:54,26.9,7.6833333333,461.0,
1547,5,H8,Anada,33,Berenguer de Palou - Pare Manyanet,947,18:29:51,29.85,2.95,177.0,
2671,5,H8,Anada,33,Berenguer de Palou - Pare Manyanet,947,18:43:02,43.03,13.183333333333334,791.0,
6217,6,H8,Anada,33,Berenguer de Palou - Pare Manyanet,947,18:44:48,44.8,1.7666666666666666,106.0,
6026,6,H8,Anada,33,Berenguer de Palou - Pare Manyanet,947,19:05:24,5.4,20.583333333366667,1235.0,
6409,2,H8,Anada,33,Berenguer de Palou - Pare Manyanet,947,19:06:48,6.8,1.4000000000333332,84.0,
6401,5,H8,Anada,33,Berenguer de Palou - Pare Manyanet,947,19:08:11,8.18,1.3999999999500001,84.0,
6402,6,H8,Anada,33,Berenguer de Palou - Pare Manyanet,947,19:09:44,9.73,1.5499999999833334,93.0,
6037,6,H8,Anada,33,Berenguer de Palou - Pare Manyanet,947,19:35:00,35.0,25.250000000066667,1515.0,
6047,6,H8,Anada,33,Berenguer de Palou - Pare Manyanet,947,19:36:25,36.42,1.4166666666666667,85.0,"1,2,3,4,5,6,7,8,9,10,11,12"
6406,6,H8,Anada,33,Berenguer de Palou - Pare Manyanet,947,19:45:04,45.07,8.633333333266668,518.0,
6121,4,H8,Anada,33,Berenguer de Palou - Pare Manyanet,947,20:00:03,0.05,14.9666666667,898.0,
6407,6,H8,Anada,33,Berenguer de Palou - Pare Manyanet,947,20:02:58,2.97,2.9166666667000003,175.0,"9,19"
6024,6,H8,Anada,33,Berenguer de Palou - Pare Manyanet,947,20:14:42,14.7,11.749999999933333,705.0,
6056,7,H8,Anada,33,Berenguer de Palou - Pare Manyanet,947,20:18:37,18.62,3.9000000000333332,234.0,
6411,6,H8,Anada,33,Berenguer de Palou - Pare Manyanet,947,20:26:58,26.97,8.366666666633334,502.0,
6030,3,H8,Anada,33,Berenguer de Palou - Pare Manyanet,947,20:39:38,39.63,12.650000000066665,759.0,
6414,6,H8,Anada,33,Berenguer de Palou - Pare Manyanet,947,20:49:17,49.28,9.666666666600001,580.0,
6415,6,H8,Anada,33,Berenguer de Palou - Pare Manyanet,947,21:03:07,3.12,13.833333333333334,830.0,
6026,7,H8,Anada,33,Berenguer de Palou - Pare Manyanet,947,21:16:28,16.47,13.333333333366665,800.0,"9,10,11"
6409,3,H8,Anada,33,Berenguer de Palou - Pare Manyanet,947,21:35:05,35.08,18.616666666666667,1117.0,"13,29"
6402,7,H8,Anada,33,Berenguer de Palou - Pare Manyanet,947,21:39:50,39.83,4.750000000033333,285.0,
6047,7,H8,Anada,33,Berenguer de Palou - Pare Manyanet,947,22:01:18,1.3,21.483333333266668,1289.0,27
6121,5,H8,Anada,33,Berenguer de Palou - Pare Manyanet,947,22:17:17,17.28,15.966666666633333,958.0,34
6217,1,H8,Anada,34,Pare Manyanet - Virgili,327,03:54:48,54.8,,,"1,2,3,4,5,6,7,8,9,10,11,12,13,14,15,16,17,18,19,20,21,22"
6026,1,H8,Anada,34,Pare Manyanet - Virgili,327,04:09:10,9.17,14.3666666667,862.0,"1,2,3,4,5,6,7,8,9,10,11"
6402,1,H8,Anada,34,Pare Manyanet - Virgili,327,04:31:11,31.18,22.016666666633334,1321.0,1
6037,1,H8,Anada,34,Pare Manyanet - Virgili,327,04:38:04,38.07,6.899999999966667,414.0,"1,2,3,32,33"
6406,1,H8,Anada,34,Pare Manyanet - Virgili,327,04:52:45,52.75,14.683333333333334,881.0,
6046,1,H8,Anada,34,Pare Manyanet - Virgili,327,04:57:38,57.63,4.866666666733334,292.0,"30,31"
6408,1,H8,Anada,34,Pare Manyanet - Virgili,327,05:08:08,8.13,10.5,630.0,
6407,1,H8,Anada,34,Pare Manyanet - Virgili,327,05:14:29,14.48,6.3666666666,382.0,
6024,1,H8,Anada,34,Pare Manyanet - Virgili,327,05:25:16,25.27,10.783333333333333,647.0,
6056,1,H8,Anada,34,Pare Manyanet - Virgili,327,05:44:16,44.27,18.9833333334,1139.0,"1,2,3"
6411,1,H8,Anada,34,Pare Manyanet - Virgili,327,05:46:44,46.73,2.466666666633333,148.0,
6055,1,H8,Anada,34,Pare Manyanet - Virgili,327,05:57:36,57.6,10.8833333333,653.0,1
6414,1,H8,Anada,34,Pare Manyanet - Virgili,327,06:10:31,10.52,12.900000000066665,774.0,
6059,1,H8,Anada,34,Pare Manyanet - Virgili,327,06:15:27,15.45,4.933333333333334,296.0,"1,9"
6415,1,H8,Anada,34,Pare Manyanet - Virgili,327,06:28:44,28.73,13.299999999933334,798.0,
1547,1,H8,Anada,34,Pare Manyanet - Virgili,327,06:38:33,38.55,9.816666666666666,589.0,
2671,1,H8,Anada,34,Pare Manyanet - Virgili,327,06:49:37,49.62,11.050000000066666,663.0,
6217,2,H8,Anada,34,Pare Manyanet - Virgili,327,06:54:13,54.22,4.599999999966667,276.0,
6026,2,H8,Anada,34,Pare Manyanet - Virgili,327,07:08:27,8.45,14.233333333366666,854.0,
6401,1,H8,Anada,34,Pare Manyanet - Virgili,327,07:11:27,11.45,2.9999999999666667,180.0,
6402,2,H8,Anada,34,Pare Manyanet - Virgili,327,07:16:50,16.83,5.383333333333334,323.0,
6808,1,H8,Anada,34,Pare Manyanet - Virgili,327,07:33:13,33.22,16.399999999966667,984.0,
6037,2,H8,Anada,34,Pare Manyanet - Virgili,327,07:35:34,35.57,2.333333333366667,140.0,
6047,2,H8,Anada,34,Pare Manyanet - Virgili,327,07:51:53,51.88,16.316666666666666,979.0,
6215,1,H8,Anada,34,Pare Manyanet - Virgili,327,08:00:26,0.43,8.566666666633333,514.0,
6408,2,H8,Anada,34,Pare Manyanet - Virgili,327,08:10:13,10.22,9.783333333333333,587.0,
6046,2,H8,Anada,34,Pare Manyanet - Virgili,327,08:16:43,16.72,6.5,390.0,"7,21"
6407,2,H8,Anada,34,Pare Manyanet - Virgili,327,08:23:20,23.33,6.616666666666666,397.0,
6079,1,H8,Anada,34,Pare Manyanet - Virgili,327,08:28:41,28.68,5.333333333400001,320.0,1
6024,2,H8,Anada,34,Pare Manyanet - Virgili,327,08:36:28,36.47,7.783333333333333,467.0,
6056,3,H8,Anada,34,Pare Manyanet - Virgili,327,08:46:21,46.35,9.899999999933334,594.0,"4,18"
6411,2,H8,Anada,34,Pare Manyanet - Virgili,327,08:53:20,53.33,6.983333333333333,419.0,
6059,2,H8,Anada,34,Pare Manyanet - Virgili,327,08:55:11,55.18,1.85,111.0,"9,10,11,12,20,21,22,23"
6055,2,H8,Anada,34,Pare Manyanet - Virgili,327,09:08:06,8.1,12.900000000066665,774.0,1
6414,2,H8,Anada,34,Pare Manyanet - Virgili,327,09:23:18,23.3,15.2166666666,913.0,36
6415,2,H8,Anada,34,Pare Manyanet - Virgili,327,09:28:35,28.58,5.283333333333333,317.0,
1547,2,H8,Anada,34,Pare Manyanet - Virgili,327,09:36:45,36.75,8.166666666666666,490.0,
2671,2,H8,Anada,34,Pare Manyanet - Virgili,327,09:41:42,41.7,4.933333333366666,296.0,
6217,3,H8,Anada,34,Pare Manyanet - Virgili,327,10:00:29,0.48,18.799999999966666,1128.0,1
6026,3,H8,Anada,34,Pare Manyanet - Virgili,327,10:03:43,3.72,3.2333333333333334,194.0,1
6401,2,H8,Anada,34,Pare Manyanet - Virgili,327,10:10:15,10.25,6.533333333333333,392.0,19
6402,3,H8,Anada,34,Pare Manyanet - Virgili,327,10:20:00,20.0,9.7333333334,584.0,
6808,2,H8,Anada,34,Pare Manyanet - Virgili,327,10:33:27,33.45,13.45,807.0,
6037,3,H8,Anada,34,Pare Manyanet - Virgili,327,10:43:32,43.53,10.0833333333,605.0,
6047,3,H8,Anada,34,Pare Manyanet - Virgili,327,10:58:39,58.65,15.116666666666667,907.0,37
6406,3,H8,Anada,34,Pare Manyanet - Virgili,327,11:01:30,1.5,2.85,171.0,
6121,1,H8,Anada,34,Pare Manyanet - Virgili,327,11:08:03,8.05,6.550000000033333,393.0,"1,2,3,4,5,6,7,8,9,10,11,12,13,14,15,16,17,18"
6407,3,H8,Anada,34,Pare Manyanet - Virgili,327,11:19:44,19.73,11.266666666633334,676.0,1
6079,2,H8,Anada,34,Pare Manyanet - Virgili,327,11:24:57,24.95,5.2333333333,314.0,15
6024,3,H8,Anada,34,Pare Manyanet - Virgili,327,11:33:31,33.52,8.550000000066666,513.0,
6056,4,H8,Anada,34,Pare Manyanet - Virgili,327,11:47:00,47.0,13.499999999933333,810.0,
6411,3,H8,Anada,34,Pare Manyanet - Virgili,327,11:55:02,55.03,8.016666666733334,481.0,
6059,3,H8,Anada,34,Pare Manyanet - Virgili,327,11:56:37,56.62,1.5833333333000001,95.0,
6055,3,H8,Anada,34,Pare Manyanet - Virgili,327,12:06:47,6.78,10.1833333333,611.0,
6414,3,H8,Anada,34,Pare Manyanet - Virgili,327,12:18:37,18.62,11.8166666667,709.0,
6415,3,H8,Anada,34,Pare Manyanet - Virgili,327,12:29:25,29.42,10.816666666633333,649.0,
1547,3,H8,Anada,34,Pare Manyanet - Virgili,327,12:36:59,36.98,7.550000000050001,453.0,
2671,3,H8,Anada,34,Pare Manyanet - Virgili,327,12:38:28,38.47,1.4833333333166665,89.0,
6217,4,H8,Anada,34,Pare Manyanet - Virgili,327,12:53:40,53.67,15.2,912.0,
6401,3,H8,Anada,34,Pare Manyanet - Virgili,327,13:08:10,8.17,14.5,870.0,
6026,4,H8,Anada,34,Pare Manyanet - Virgili,327,13:09:52,9.87,1.7166666666333334,103.0,
6402,4,H8,Anada,34,Pare Manyanet - Virgili,327,13:20:34,20.57,10.7,642.0,
6808,3,H8,Anada,34,Pare Manyanet - Virgili,327,13:23:53,23.88,3.316666666666667,199.0,
6047,4,H8,Anada,34,Pare Manyanet - Virgili,327,13:37:50,37.83,13.95,837.0,"5,6,23,35"
6037,4,H8,Anada,34,Pare Manyanet - Virgili,327,13:46:20,46.33,8.483333333366666,509.0,
6406,4,H8,Anada,34,Pare Manyanet - Virgili,327,13:49:55,49.92,3.5833333333333335,215.0,
6215,3,H8,Anada,34,Pare Manyanet - Virgili,327,13:54:40,54.67,4.75,285.0,
6121,2,H8,Anada,34,Pare Manyanet - Virgili,327,14:10:30,10.5,15.833333333333334,950.0,
6407,4,H8,Anada,34,Pare Manyanet - Virgili,327,14:16:58,16.97,6.466666666666667,388.0,
6079,3,H8,Anada,34,Pare Manyanet - Virgili,327,14:21:56,21.93,4.9833333333,299.0,
6024,4,H8,Anada,34,Pare Manyanet - Virgili,327,14:31:09,31.15,9.200000000033333,552.0,19
6056,5,H8,Anada,34,Pare Manyanet - Virgili,327,14:35:26,35.43,4.2833333333666666,257.0,
6411,4,H8,Anada,34,Pare Manyanet - Virgili,327,14:50:32,50.53,15.1166666666,907.0,
6211,3,H8,Anada,34,Pare Manyanet - Virgili,327,14:58:41,58.68,8.15,489.0,
6055,4,H8,Anada,34,Pare Manyanet - Virgili,327,15:05:41,5.68,6.8666666666,412.0,
6030,1,H8,Anada,34,Pare Manyanet - Virgili,327,15:16:39,16.65,10.950000000066666,657.0,"1,2"
6414,4,H8,Anada,34,Pare Manyanet - Virgili,327,15:28:03,28.05,11.399999999966667,684.0,
6415,4,H8,Anada,34,Pare Manyanet - Virgili,327,15:30:10,30.17,2.1166666667,127.0,19
1547,4,H8,Anada,34,Pare Manyanet - Virgili,327,15:38:40,38.67,8.499999999966667,510.0,
2671,4,H8,Anada,34,Pare Manyanet - Virgili,327,15:46:48,46.8,8.149999999983333,489.0,5
6217,5,H8,Anada,34,Pare Manyanet - Virgili,327,16:01:34,1.57,14.750000000016666,885.0,
6026,5,H8,Anada,34,Pare Manyanet - Virgili,327,16:06:54,6.9,5.349999999966667,321.0,
6401,4,H8,Anada,34,Pare Manyanet - Virgili,327,16:20:59,20.98,13.116666666633334,787.0,
6402,5,H8,Anada,34,Pare Manyanet - Virgili,327,16:27:08,27.13,6.15,369.0,"1,2"
6808,4,H8,Anada,34,Pare Manyanet - Virgili,327,16:28:37,28.62,1.4666666667333332,88.0,
6037,5,H8,Anada,34,Pare Manyanet - Virgili,327,16:45:05,45.08,16.466666666633333,988.0,
6047,5,H8,Anada,34,Pare Manyanet - Virgili,327,16:59:00,59.0,13.916666666666666,835.0,
6215,4,H8,Anada,34,Pare Manyanet - Virgili,327,17:05:34,5.57,6.1833333334,371.0,
6121,3,H8,Anada,34,Pare Manyanet - Virgili,327,17:13:08,13.13,7.566666666666666,454.0,
6407,5,H8,Anada,34,Pare Manyanet - Virgili,327,17:18:40,18.67,5.549999999933333,333.0,
6079,4,H8,Anada,34,Pare Manyanet - Virgili,327,17:29:56,29.93,11.250000000033333,675.0,
6024,5,H8,Anada,34,Pare Manyanet - Virgili,327,17:36:51,36.85,6.916666666699999,415.0,
6056,6,H8,Anada,34,Pare Manyanet - Virgili,327,17:37:59,37.98,1.1333333333000002,68.0,
6411,5,H8,Anada,34,Pare Manyanet - Virgili,327,17:55:13,55.22,17.233333333333334,1034.0,
6059,5,H8,Anada,34,Pare Manyanet - Virgili,327,17:59:21,59.35,4.133333333333334,248.0,
6055,5,H8,Anada,34,Pare Manyanet - Virgili,327,18:06:37,6.62,7.266666666666667,436.0,
6030,2,H8,Anada,34,Pare Manyanet - Virgili,327,18:09:47,9.78,3.1666666667000003,190.0,
6414,5,H8,Anada,34,Pare Manyanet - Virgili,327,18:20:02,20.03,10.249999999966667,615.0,
6415,5,H8,Anada,34,Pare Manyanet - Virgili,327,18:27:50,27.83,7.800000000033333,468.0,
1547,5,H8,Anada,34,Pare Manyanet - Virgili,327,18:31:17,31.28,3.4499999999666664,207.0,
2671,5,H8,Anada,34,Pare Manyanet - Virgili,327,18:44:40,44.67,13.383333333333333,803.0,
6217,6,H8,Anada,34,Pare Manyanet - Virgili,327,18:46:35,46.58,1.9333333333,116.0,
6026,6,H8,Anada,34,Pare Manyanet - Virgili,327,19:06:39,6.65,20.066666666666666,1204.0,
6409,2,H8,Anada,34,Pare Manyanet - Virgili,327,19:08:22,8.37,1.7000000000666666,102.0,
6401,5,H8,Anada,34,Pare Manyanet - Virgili,327,19:09:56,9.93,1.5666666666666667,94.0,
6402,6,H8,Anada,34,Pare Manyanet - Virgili,327,19:11:09,11.15,1.2166666666666666,73.0,
6037,6,H8,Anada,34,Pare Manyanet - Virgili,327,19:36:25,36.42,25.28333333326667,1517.0,
6047,6,H8,Anada,34,Pare Manyanet - Virgili,327,19:37:52,37.87,1.4333333334,86.0,"1,2,3,4,5,6,7,8,9,10,11,12"
6406,6,H8,Anada,34,Pare Manyanet - Virgili,327,19:46:45,46.75,8.666666666683334,520.0,
6121,4,H8,Anada,34,Pare Manyanet - Virgili,327,20:00:58,0.97,14.216666666650001,853.0,
6407,6,H8,Anada,34,Pare Manyanet - Virgili,327,20:04:25,4.42,3.4500000000333335,207.0,"9,19"
6024,6,H8,Anada,34,Pare Manyanet - Virgili,327,20:16:03,16.05,11.633333333333333,698.0,
6056,7,H8,Anada,34,Pare Manyanet - Virgili,327,20:20:06,20.1,4.05,243.0,
6411,6,H8,Anada,34,Pare Manyanet - Virgili,327,20:28:01,28.02,7.933333333266666,476.0,
6030,3,H8,Anada,34,Pare Manyanet - Virgili,327,20:41:10,41.17,13.15,789.0,
6414,6,H8,Anada,34,Pare Manyanet - Virgili,327,20:50:59,50.98,9.816666666666666,589.0,
6415,6,H8,Anada,34,Pare Manyanet - Virgili,327,21:04:32,4.53,13.55,813.0,
6026,7,H8,Anada,34,Pare Manyanet - Virgili,327,21:17:30,17.5,12.950000000033333,777.0,"9,10,11"
6409,3,H8,Anada,34,Pare Manyanet - Virgili,327,21:36:07,36.12,18.6333333333,1118.0,"13,29"
6402,7,H8,Anada,34,Pare Manyanet - Virgili,327,21:40:59,40.98,4.866666666666666,292.0,
6047,7,H8,Anada,34,Pare Manyanet - Virgili,327,22:02:27,2.45,21.466666666666665,1288.0,27
6408,6,H8,Anada,34,Pare Manyanet - Virgili,327,22:16:01,16.02,13.1333333333,788.0,33
6217,1,H8,Anada,35,Segre - Borriana,3284,03:56:31,56.52,,,"1,2,3,4,5,6,7,8,9,10,11,12,13,14,15,16,17,18,19,20,21,22"
6026,1,H8,Anada,35,Segre - Borriana,3284,04:11:30,11.5,14.966666666733333,898.0,"1,2,3,4,5,6,7,8,9,10,11"
6402,1,H8,Anada,35,Segre - Borriana,3284,04:34:05,34.08,22.5833333333,1355.0,1
6037,1,H8,Anada,35,Segre - Borriana,3284,04:40:32,40.53,6.45,387.0,"1,2,3,32,33"
6406,1,H8,Anada,35,Segre - Borriana,3284,04:54:18,54.3,13.7833333333,827.0,
6046,1,H8,Anada,35,Segre - Borriana,3284,05:01:12,1.2,6.9,414.0,"30,31"
6408,1,H8,Anada,35,Segre - Borriana,3284,05:09:43,9.72,8.516666666666667,511.0,
6407,1,H8,Anada,35,Segre - Borriana,3284,05:17:23,17.38,7.650000000033333,459.0,
6024,1,H8,Anada,35,Segre - Borriana,3284,05:26:40,26.67,9.299999999966667,558.0,
6056,1,H8,Anada,35,Segre - Borriana,3284,05:46:03,46.05,19.3666666667,1162.0,"1,2,3"
6411,1,H8,Anada,35,Segre - Borriana,3284,05:49:27,49.45,3.416666666633333,205.0,
6055,1,H8,Anada,35,Segre - Borriana,3284,05:58:49,58.82,9.350000000066666,561.0,1
6414,1,H8,Anada,35,Segre - Borriana,3284,06:12:58,12.97,14.166666666600001,850.0,
6059,1,H8,Anada,35,Segre - Borriana,3284,06:16:40,16.67,3.7,222.0,"1,9"
6415,1,H8,Anada,35,Segre - Borriana,3284,06:29:50,29.83,13.166666666666666,790.0,
1547,1,H8,Anada,35,Segre - Borriana,3284,06:40:56,40.93,11.1,666.0,
2671,1,H8,Anada,35,Segre - Borriana,3284,06:51:48,51.8,10.866666666666667,652.0,
6217,2,H8,Anada,35,Segre - Borriana,3284,06:56:16,56.27,4.450000000033333,267.0,
6026,2,H8,Anada,35,Segre - Borriana,3284,07:09:26,9.43,13.1833333333,791.0,
6401,1,H8,Anada,35,Segre - Borriana,3284,07:13:31,13.52,4.066666666733333,244.0,
6402,2,H8,Anada,35,Segre - Borriana,3284,07:18:53,18.88,5.383333333266666,323.0,
6808,1,H8,Anada,35,Segre - Borriana,3284,07:35:28,35.47,16.566666666699998,994.0,
6037,2,H8,Anada,35,Segre - Borriana,3284,07:36:49,36.82,1.3500000000333332,81.0,
6047,2,H8,Anada,35,Segre - Borriana,3284,07:53:29,53.48,16.666666666666668,1000.0,
6406,2,H8,Anada,35,Segre - Borriana,3284,07:54:44,54.73,1.2666666666166668,76.0,
6215,1,H8,Anada,35,Segre - Borriana,3284,08:02:43,2.72,7.9666666666833335,478.0,
6408,2,H8,Anada,35,Segre - Borriana,3284,08:11:31,11.52,8.800000000033332,528.0,
6046,2,H8,Anada,35,Segre - Borriana,3284,08:19:01,19.02,7.5,450.0,"7,21"
6407,2,H8,Anada,35,Segre - Borriana,3284,08:25:52,25.87,6.85,411.0,
6079,1,H8,Anada,35,Segre - Borriana,3284,08:31:14,31.23,5.383333333266666,323.0,1
6024,2,H8,Anada,35,Segre - Borriana,3284,08:38:42,38.7,7.450000000066667,447.0,
6056,3,H8,Anada,35,Segre - Borriana,3284,08:47:26,47.43,8.749999999933333,525.0,"4,18"
6411,2,H8,Anada,35,Segre - Borriana,3284,08:55:21,55.35,7.900000000033333,474.0,
6059,2,H8,Anada,35,Segre - Borriana,3284,08:57:17,57.28,1.9333333333666665,116.0,"9,10,11,12,20,21,22,23"
6055,2,H8,Anada,35,Segre - Borriana,3284,09:10:23,10.38,13.1,786.0,1
6414,2,H8,Anada,35,Segre - Borriana,3284,09:25:06,25.1,14.716666666666667,883.0,36
6415,2,H8,Anada,35,Segre - Borriana,3284,09:31:44,31.73,6.6333333333,398.0,
1547,2,H8,Anada,35,Segre - Borriana,3284,09:39:17,39.28,7.566666666633334,454.0,
2671,2,H8,Anada,35,Segre - Borriana,3284,09:43:54,43.9,4.600000000033333,276.0,
6217,3,H8,Anada,35,Segre - Borriana,3284,10:02:32,2.53,18.633333333333333,1118.0,1
6026,3,H8,Anada,35,Segre - Borriana,3284,10:06:36,6.6,4.0833333333,245.0,1
6401,2,H8,Anada,35,Segre - Borriana,3284,10:11:49,11.82,5.200000000066667,312.0,19
6402,3,H8,Anada,35,Segre - Borriana,3284,10:22:56,22.93,11.116666666633334,667.0,
6808,2,H8,Anada,35,Segre - Borriana,3284,10:35:57,35.95,13.016666666699999,781.0,
6037,3,H8,Anada,35,Segre - Borriana,3284,10:46:05,46.08,10.133333333333333,608.0,
6047,3,H8,Anada,35,Segre - Borriana,3284,11:00:46,0.77,14.6833333333,881.0,37
6406,3,H8,Anada,35,Segre - Borriana,3284,11:03:11,3.18,2.4333333333,146.0,
6215,2,H8,Anada,35,Segre - Borriana,3284,11:10:38,10.63,7.45,447.0,
6407,3,H8,Anada,35,Segre - Borriana,3284,11:21:38,21.63,10.7,642.0,1
6079,2,H8,Anada,35,Segre - Borriana,3284,11:27:19,27.32,5.6999999999333335,342.0,15
6024,3,H8,Anada,35,Segre - Borriana,3284,11:35:39,35.65,8.333333333333334,500.0,
6056,4,H8,Anada,35,Segre - Borriana,3284,11:49:02,49.03,13.3666666667,802.0,
6411,3,H8,Anada,35,Segre - Borriana,3284,11:56:37,56.62,7.583333333333333,455.0,
6059,3,H8,Anada,35,Segre - Borriana,3284,11:58:54,58.9,2.283333333333333,137.0,
6055,3,H8,Anada,35,Segre - Borriana,3284,12:08:32,8.53,9.633333333333333,578.0,
6414,3,H8,Anada,35,Segre - Borriana,3284,12:20:44,20.73,12.200000000033333,732.0,
6415,3,H8,Anada,35,Segre - Borriana,3284,12:31:43,31.72,10.999999999933333,660.0,
1547,3,H8,Anada,35,Segre - Borriana,3284,12:37:53,37.88,6.150000000066667,369.0,
2671,3,H8,Anada,35,Segre - Borriana,3284,12:40:14,40.23,2.3499999999666668,141.0,
6217,4,H8,Anada,35,Segre - Borriana,3284,12:56:44,56.73,16.516666666633334,991.0,
6401,3,H8,Anada,35,Segre - Borriana,3284,13:10:52,10.87,14.116666666733332,847.0,
6026,4,H8,Anada,35,Segre - Borriana,3284,13:11:52,11.87,1.0166666666,61.0,
6402,4,H8,Anada,35,Segre - Borriana,3284,13:22:43,22.72,10.85,651.0,
6808,3,H8,Anada,35,Segre - Borriana,3284,13:26:04,26.07,3.3333333333999997,200.0,
6037,4,H8,Anada,35,Segre - Borriana,3284,13:48:48,48.8,22.749999999933333,1365.0,
6406,4,H8,Anada,35,Segre - Borriana,3284,13:51:37,51.62,2.8000000000333336,168.0,
6215,3,H8,Anada,35,Segre - Borriana,3284,13:57:36,57.6,5.983333333366667,359.0,
6121,2,H8,Anada,35,Segre - Borriana,3284,14:13:37,13.62,16.03333333326667,962.0,
6407,4,H8,Anada,35,Segre - Borriana,3284,14:19:04,19.07,5.433333333366666,326.0,
6079,3,H8,Anada,35,Segre - Borriana,3284,14:23:06,23.1,4.0499999999666665,243.0,
6024,4,H8,Anada,35,Segre - Borriana,3284,14:33:59,33.98,10.883333333333333,653.0,19
6056,5,H8,Anada,35,Segre - Borriana,3284,14:37:22,37.37,3.3666666667,202.0,
6411,4,H8,Anada,35,Segre - Borriana,3284,14:53:33,53.55,16.199999999966668,972.0,
6059,4,H8,Anada,35,Segre - Borriana,3284,15:00:09,0.15,6.583333333400001,395.0,
6055,4,H8,Anada,35,Segre - Borriana,3284,15:07:51,7.85,6.749999999966667,405.0,
6030,1,H8,Anada,35,Segre - Borriana,3284,15:20:04,20.07,12.200000000033333,732.0,"1,2"
6414,4,H8,Anada,35,Segre - Borriana,3284,15:30:36,30.6,10.549999999966667,633.0,
6415,4,H8,Anada,35,Segre - Borriana,3284,15:31:57,31.95,1.3333333333666666,80.0,19
1547,4,H8,Anada,35,Segre - Borriana,3284,15:41:07,41.12,9.1666666667,550.0,
2671,4,H8,Anada,35,Segre - Borriana,3284,15:48:35,48.58,7.4666666666333334,448.0,5
6217,5,H8,Anada,35,Segre - Borriana,3284,16:03:07,3.12,14.533333333349999,872.0,
6026,5,H8,Anada,35,Segre - Borriana,3284,16:08:18,8.3,5.199999999949999,312.0,
6409,1,H8,Anada,35,Segre - Borriana,3284,16:09:55,9.92,1.6166666666666667,97.0,
6401,4,H8,Anada,35,Segre - Borriana,3284,16:22:38,22.63,12.70000000005,762.0,
6402,5,H8,Anada,35,Segre - Borriana,3284,16:28:57,28.95,6.31666666665,379.0,"1,2"
6808,4,H8,Anada,35,Segre - Borriana,3284,16:30:38,30.63,1.6999999999666668,102.0,
6037,5,H8,Anada,35,Segre - Borriana,3284,16:48:01,48.02,17.366666666733334,1042.0,
6047,5,H8,Anada,35,Segre - Borriana,3284,17:01:27,1.45,13.449999999933334,807.0,
6215,4,H8,Anada,35,Segre - Borriana,3284,17:08:23,8.38,6.783333333333333,407.0,
6121,3,H8,Anada,35,Segre - Borriana,3284,17:14:52,14.87,6.483333333366667,389.0,
6407,5,H8,Anada,35,Segre - Borriana,3284,17:20:24,20.4,5.549999999933333,333.0,
6079,4,H8,Anada,35,Segre - Borriana,3284,17:31:51,31.85,11.449999999983334,687.0,
6024,5,H8,Anada,35,Segre - Borriana,3284,17:39:46,39.77,7.900000000083334,474.0,
6411,5,H8,Anada,35,Segre - Borriana,3284,17:56:55,56.92,16.216666666600002,973.0,
6059,5,H8,Anada,35,Segre - Borriana,3284,18:01:40,1.67,4.75,285.0,
6055,5,H8,Anada,35,Segre - Borriana,3284,18:08:34,8.57,6.9,414.0,
6030,2,H8,Anada,35,Segre - Borriana,3284,18:12:07,12.12,3.55,213.0,
6414,5,H8,Anada,35,Segre - Borriana,3284,18:22:19,22.32,10.183333333366667,611.0,
6415,5,H8,Anada,35,Segre - Borriana,3284,18:30:24,30.4,8.083333333366665,485.0,
1547,5,H8,Anada,35,Segre - Borriana,3284,18:34:00,34.0,3.6,216.0,
2671,5,H8,Anada,35,Segre - Borriana,3284,18:46:48,46.8,12.799999999966667,768.0,
6217,6,H8,Anada,35,Segre - Borriana,3284,18:48:35,48.58,1.7833333333333334,107.0,
6026,6,H8,Anada,35,Segre - Borriana,3284,19:08:43,8.72,20.149999999966667,1209.0,
6409,2,H8,Anada,35,Segre - Borriana,3284,19:10:01,10.02,1.2833333333666666,77.0,
6401,5,H8,Anada,35,Segre - Borriana,3284,19:11:20,11.33,1.3166666666666667,79.0,
6402,6,H8,Anada,35,Segre - Borriana,3284,19:13:56,13.93,2.6166666666333334,157.0,
6037,6,H8,Anada,35,Segre - Borriana,3284,19:37:57,37.95,24.00000000003333,1440.0,
6063,1,H8,Anada,35,Segre - Borriana,3284,19:39:57,39.95,2.0166666666166666,121.0,"1,2,3,4,5,6,7,8,9,10,11,12"
6406,6,H8,Anada,35,Segre - Borriana,3284,19:48:17,48.28,8.116666666683333,487.0,
6121,4,H8,Anada,35,Segre - Borriana,3284,20:03:07,3.12,14.84999999995,891.0,
6407,6,H8,Anada,35,Segre - Borriana,3284,20:07:19,7.32,4.183333333399999,251.0,"9,19"
6024,6,H8,Anada,35,Segre - Borriana,3284,20:18:14,18.23,10.916666666666666,655.0,
6056,7,H8,Anada,35,Segre - Borriana,3284,20:21:11,21.18,2.9666666666,178.0,
6411,6,H8,Anada,35,Segre - Borriana,3284,20:29:56,29.93,8.733333333366666,524.0,
6030,3,H8,Anada,35,Segre - Borriana,3284,20:43:30,43.5,13.5666666667,814.0,
6414,6,H8,Anada,35,Segre - Borriana,3284,20:52:55,52.92,9.416666666666666,565.0,
6415,6,H8,Anada,35,Segre - Borriana,3284,21:06:17,6.28,13.366666666666667,802.0,
6026,7,H8,Anada,35,Segre - Borriana,3284,21:19:35,19.58,13.316666666600002,799.0,"9,10,11"
6409,3,H8,Anada,35,Segre - Borriana,3284,21:38:26,38.43,18.833333333366667,1130.0,"13,29"
6402,7,H8,Anada,35,Segre - Borriana,3284,21:42:57,42.95,4.533333333300001,272.0,
6063,2,H8,Anada,35,Segre - Borriana,3284,22:04:18,4.3,21.35,1281.0,23
6408,6,H8,Anada,35,Segre - Borriana,3284,22:17:49,17.82,13.433333333266667,806.0,33
6217,1,H8,Anada,36,Sant Adrià - Josep Soldevila,3282,03:58:27,58.45,,,"1,2,3,4,5,6,7,8,9,10,11,12,13,14,15,16,17,18,19,20,21,22"
6026,1,H8,Anada,36,Sant Adrià - Josep Soldevila,3282,04:14:34,14.57,16.133333333283336,968.0,"1,2,3,4,5,6,7,8,9,10,11"
6402,1,H8,Anada,36,Sant Adrià - Josep Soldevila,3282,04:34:57,34.95,20.366666666716664,1222.0,1
6037,1,H8,Anada,36,Sant Adrià - Josep Soldevila,3282,04:42:04,42.07,7.133333333266666,428.0,"1,2,3,32,33"
6406,1,H8,Anada,36,Sant Adrià - Josep Soldevila,3282,04:55:53,55.88,13.816666666666666,829.0,
6046,1,H8,Anada,36,Sant Adrià - Josep Soldevila,3282,05:04:07,4.12,8.216666666733333,493.0,"30,31"
6408,1,H8,Anada,36,Sant Adrià - Josep Soldevila,3282,05:11:39,11.65,7.549999999933333,453.0,
6407,1,H8,Anada,36,Sant Adrià - Josep Soldevila,3282,05:19:46,19.77,8.116666666666667,487.0,
6024,1,H8,Anada,36,Sant Adrià - Josep Soldevila,3282,05:28:22,28.37,8.6,516.0,
6056,1,H8,Anada,36,Sant Adrià - Josep Soldevila,3282,05:46:18,46.3,17.91666666673333,1075.0,"1,2,3"
6411,1,H8,Anada,36,Sant Adrià - Josep Soldevila,3282,05:51:44,51.73,5.4499999999333335,327.0,
6055,1,H8,Anada,36,Sant Adrià - Josep Soldevila,3282,06:03:29,3.48,11.7333333334,704.0,1
6414,1,H8,Anada,36,Sant Adrià - Josep Soldevila,3282,06:14:15,14.25,10.766666666666667,646.0,
6059,1,H8,Anada,36,Sant Adrià - Josep Soldevila,3282,06:18:31,18.52,4.2833333332666665,257.0,"1,9"
6415,1,H8,Anada,36,Sant Adrià - Josep Soldevila,3282,06:34:06,34.1,15.566666666733333,934.0,
1547,1,H8,Anada,36,Sant Adrià - Josep Soldevila,3282,06:43:36,43.6,9.5,570.0,
2671,1,H8,Anada,36,Sant Adrià - Josep Soldevila,3282,06:55:30,55.5,11.899999999966667,714.0,
6217,2,H8,Anada,36,Sant Adrià - Josep Soldevila,3282,06:58:44,58.73,3.2333333333333334,194.0,
6026,2,H8,Anada,36,Sant Adrià - Josep Soldevila,3282,07:13:24,13.4,14.666666666666666,880.0,
6401,1,H8,Anada,36,Sant Adrià - Josep Soldevila,3282,07:17:23,17.38,3.9999999999666667,240.0,
6402,2,H8,Anada,36,Sant Adrià - Josep Soldevila,3282,07:22:22,22.37,4.966666666699999,298.0,
6808,1,H8,Anada,36,Sant Adrià - Josep Soldevila,3282,07:37:46,37.77,15.416666666633335,925.0,
6037,2,H8,Anada,36,Sant Adrià - Josep Soldevila,3282,07:39:50,39.83,2.066666666666667,124.0,
6047,2,H8,Anada,36,Sant Adrià - Josep Soldevila,3282,07:55:21,55.35,15.500000000066667,930.0,
6406,2,H8,Anada,36,Sant Adrià - Josep Soldevila,3282,07:56:52,56.87,1.5166666666666666,91.0,
6215,1,H8,Anada,36,Sant Adrià - Josep Soldevila,3282,08:05:28,5.47,8.6166666666,517.0,
6408,2,H8,Anada,36,Sant Adrià - Josep Soldevila,3282,08:13:36,13.6,8.133333333333333,488.0,
6046,2,H8,Anada,36,Sant Adrià - Josep Soldevila,3282,08:21:59,21.98,8.3666666667,502.0,"7,21"
6407,2,H8,Anada,36,Sant Adrià - Josep Soldevila,3282,08:27:41,27.68,5.7166666666333334,343.0,
6079,1,H8,Anada,36,Sant Adrià - Josep Soldevila,3282,08:33:30,33.5,5.800000000050001,348.0,1
6024,2,H8,Anada,36,Sant Adrià - Josep Soldevila,3282,08:40:56,40.93,7.449999999949999,447.0,
6056,3,H8,Anada,36,Sant Adrià - Josep Soldevila,3282,08:48:56,48.93,7.9833333334,479.0,"4,18"
6411,2,H8,Anada,36,Sant Adrià - Josep Soldevila,3282,08:57:29,57.48,8.55,513.0,
6059,2,H8,Anada,36,Sant Adrià - Josep Soldevila,3282,08:59:34,59.57,2.0833333333,125.0,"9,10,11,12,20,21,22,23"
6055,2,H8,Anada,36,Sant Adrià - Josep Soldevila,3282,09:13:16,13.27,13.7,822.0,1
6415,2,H8,Anada,36,Sant Adrià - Josep Soldevila,3282,09:34:31,34.52,21.25,1275.0,
1547,2,H8,Anada,36,Sant Adrià - Josep Soldevila,3282,09:41:18,41.3,6.783333333333333,407.0,
2671,2,H8,Anada,36,Sant Adrià - Josep Soldevila,3282,09:46:15,46.25,4.950000000033333,297.0,
6217,3,H8,Anada,36,Sant Adrià - Josep Soldevila,3282,10:05:19,5.32,19.066666666666666,1144.0,1
6026,3,H8,Anada,36,Sant Adrià - Josep Soldevila,3282,10:08:04,8.07,2.75,165.0,1
6401,2,H8,Anada,36,Sant Adrià - Josep Soldevila,3282,10:14:04,14.07,6.0166666666,361.0,19
6402,3,H8,Anada,36,Sant Adrià - Josep Soldevila,3282,10:26:26,26.43,12.350000000033333,741.0,
6808,2,H8,Anada,36,Sant Adrià - Josep Soldevila,3282,10:37:59,37.98,11.55,693.0,
6037,3,H8,Anada,36,Sant Adrià - Josep Soldevila,3282,10:48:31,48.52,10.533333333333333,632.0,
6047,3,H8,Anada,36,Sant Adrià - Josep Soldevila,3282,11:04:38,4.63,16.1166666667,967.0,37
6215,2,H8,Anada,36,Sant Adrià - Josep Soldevila,3282,11:13:34,13.57,8.183333333366667,491.0,
6407,3,H8,Anada,36,Sant Adrià - Josep Soldevila,3282,11:25:02,25.03,10.733333333300001,644.0,1
6079,2,H8,Anada,36,Sant Adrià - Josep Soldevila,3282,11:29:44,29.73,4.700000000033333,282.0,15
6024,3,H8,Anada,36,Sant Adrià - Josep Soldevila,3282,11:38:10,38.17,8.4333333333,506.0,
6056,4,H8,Anada,36,Sant Adrià - Josep Soldevila,3282,11:50:54,50.9,12.73333333335,764.0,
6411,3,H8,Anada,36,Sant Adrià - Josep Soldevila,3282,11:59:07,59.12,8.216666666683333,493.0,
6059,3,H8,Anada,36,Sant Adrià - Josep Soldevila,3282,12:01:31,1.52,2.3999999999666666,144.0,
6055,3,H8,Anada,36,Sant Adrià - Josep Soldevila,3282,12:10:16,10.27,8.75,525.0,
6414,3,H8,Anada,36,Sant Adrià - Josep Soldevila,3282,12:22:47,22.78,12.516666666666667,751.0,
6415,3,H8,Anada,36,Sant Adrià - Josep Soldevila,3282,12:34:12,34.2,11.4333333333,686.0,
1547,3,H8,Anada,36,Sant Adrià - Josep Soldevila,3282,12:39:48,39.8,5.6,336.0,
2671,3,H8,Anada,36,Sant Adrià - Josep Soldevila,3282,12:41:40,41.67,1.8500000000666668,111.0,
6217,4,H8,Anada,36,Sant Adrià - Josep Soldevila,3282,12:59:16,59.27,17.6,1056.0,
6401,3,H8,Anada,36,Sant Adrià - Josep Soldevila,3282,13:13:58,13.97,14.7,882.0,
6402,4,H8,Anada,36,Sant Adrià - Josep Soldevila,3282,13:25:31,25.52,11.25,675.0,
6808,3,H8,Anada,36,Sant Adrià - Josep Soldevila,3282,13:27:40,27.67,2.1666666666000003,130.0,
6047,4,H8,Anada,36,Sant Adrià - Josep Soldevila,3282,13:38:06,38.1,10.4166666667,625.0,"5,6,23,35"
6037,4,H8,Anada,36,Sant Adrià - Josep Soldevila,3282,13:50:17,50.28,12.199999999966668,732.0,
6406,4,H8,Anada,36,Sant Adrià - Josep Soldevila,3282,13:53:31,53.52,3.216666666733333,193.0,
6215,3,H8,Anada,36,Sant Adrià - Josep Soldevila,3282,13:59:39,59.65,6.1333333333,368.0,
6121,2,H8,Anada,36,Sant Adrià - Josep Soldevila,3282,14:16:34,16.57,16.916666666666668,1015.0,
6407,4,H8,Anada,36,Sant Adrià - Josep Soldevila,3282,14:21:35,21.58,5.033333333300001,302.0,
6079,3,H8,Anada,36,Sant Adrià - Josep Soldevila,3282,14:25:16,25.27,3.683333333333333,221.0,
6024,4,H8,Anada,36,Sant Adrià - Josep Soldevila,3282,14:35:46,35.77,10.483333333366666,629.0,19
6056,5,H8,Anada,36,Sant Adrià - Josep Soldevila,3282,14:40:44,40.73,4.966666666699999,298.0,
6411,4,H8,Anada,36,Sant Adrià - Josep Soldevila,3282,14:55:26,55.43,14.7,882.0,
6211,3,H8,Anada,36,Sant Adrià - Josep Soldevila,3282,15:03:32,3.53,8.1166666666,487.0,
6055,4,H8,Anada,36,Sant Adrià - Josep Soldevila,3282,15:10:24,10.4,6.85,411.0,
6030,1,H8,Anada,36,Sant Adrià - Josep Soldevila,3282,15:23:13,23.22,12.8333333333,770.0,"1,2"
6414,4,H8,Anada,36,Sant Adrià - Josep Soldevila,3282,15:33:35,33.58,10.350000000066666,621.0,
6415,4,H8,Anada,36,Sant Adrià - Josep Soldevila,3282,15:35:00,35.0,1.4333333332666667,86.0,19
1547,4,H8,Anada,36,Sant Adrià - Josep Soldevila,3282,15:44:04,44.07,9.066666666666666,544.0,
2671,4,H8,Anada,36,Sant Adrià - Josep Soldevila,3282,15:52:09,52.15,8.083333333333334,485.0,5
6217,5,H8,Anada,36,Sant Adrià - Josep Soldevila,3282,16:05:33,5.55,13.4,804.0,
6026,5,H8,Anada,36,Sant Adrià - Josep Soldevila,3282,16:09:51,9.85,4.2833333333666666,257.0,
6409,1,H8,Anada,36,Sant Adrià - Josep Soldevila,3282,16:12:35,12.58,2.7333333333666667,164.0,
6401,4,H8,Anada,36,Sant Adrià - Josep Soldevila,3282,16:25:19,25.32,12.733333333333333,764.0,
6402,5,H8,Anada,36,Sant Adrià - Josep Soldevila,3282,16:30:41,30.68,5.366666666666666,322.0,"1,2"
6808,4,H8,Anada,36,Sant Adrià - Josep Soldevila,3282,16:32:43,32.72,2.049999999933333,123.0,
6037,5,H8,Anada,36,Sant Adrià - Josep Soldevila,3282,16:50:59,50.98,18.266666666666666,1096.0,
6047,5,H8,Anada,36,Sant Adrià - Josep Soldevila,3282,17:04:37,4.62,13.6166666667,817.0,
6215,4,H8,Anada,36,Sant Adrià - Josep Soldevila,3282,17:11:09,11.15,6.4666666666333334,388.0,
6121,3,H8,Anada,36,Sant Adrià - Josep Soldevila,3282,17:18:52,18.87,7.716666666666667,463.0,
6407,5,H8,Anada,36,Sant Adrià - Josep Soldevila,3282,17:23:54,23.9,5.016666666733333,301.0,
6079,4,H8,Anada,36,Sant Adrià - Josep Soldevila,3282,17:35:21,35.35,11.4666666666,688.0,
6024,5,H8,Anada,36,Sant Adrià - Josep Soldevila,3282,17:42:28,42.47,7.116666666666666,427.0,
6056,6,H8,Anada,36,Sant Adrià - Josep Soldevila,3282,17:43:33,43.55,1.0666666667,64.0,
6411,5,H8,Anada,36,Sant Adrià - Josep Soldevila,3282,17:59:12,59.2,15.65,939.0,
6059,5,H8,Anada,36,Sant Adrià - Josep Soldevila,3282,18:03:58,3.97,4.7666666667,286.0,
6055,5,H8,Anada,36,Sant Adrià - Josep Soldevila,3282,18:10:13,10.22,6.249999999966667,375.0,
6030,2,H8,Anada,36,Sant Adrià - Josep Soldevila,3282,18:14:27,14.45,4.233333333366667,254.0,
6414,5,H8,Anada,36,Sant Adrià - Josep Soldevila,3282,18:24:37,24.62,10.166666666666666,610.0,
6415,5,H8,Anada,36,Sant Adrià - Josep Soldevila,3282,18:32:30,32.5,7.8833333333,473.0,
1547,5,H8,Anada,36,Sant Adrià - Josep Soldevila,3282,18:35:47,35.78,3.283333333333333,197.0,
2671,5,H8,Anada,36,Sant Adrià - Josep Soldevila,3282,18:48:41,48.68,12.900000000033334,774.0,
6217,6,H8,Anada,36,Sant Adrià - Josep Soldevila,3282,18:50:49,50.82,2.1333333333333333,128.0,
6026,6,H8,Anada,36,Sant Adrià - Josep Soldevila,3282,19:10:35,10.58,19.766666666666666,1186.0,
6409,2,H8,Anada,36,Sant Adrià - Josep Soldevila,3282,19:11:53,11.88,1.2999999999666667,78.0,
6401,5,H8,Anada,36,Sant Adrià - Josep Soldevila,3282,19:13:20,13.33,1.4666666666333334,88.0,
6402,6,H8,Anada,36,Sant Adrià - Josep Soldevila,3282,19:16:20,16.33,2.9833333333666667,179.0,
6037,6,H8,Anada,36,Sant Adrià - Josep Soldevila,3282,19:40:44,40.73,24.416666666633333,1465.0,
6063,1,H8,Anada,36,Sant Adrià - Josep Soldevila,3282,19:42:31,42.52,1.7666666667,106.0,"1,2,3,4,5,6,7,8,9,10,11,12"
6406,6,H8,Anada,36,Sant Adrià - Josep Soldevila,3282,19:50:47,50.78,7.9333333334,476.0,
6121,4,H8,Anada,36,Sant Adrià - Josep Soldevila,3282,20:05:33,5.55,14.766666666633334,886.0,
6407,6,H8,Anada,36,Sant Adrià - Josep Soldevila,3282,20:08:29,8.48,2.933333333366667,176.0,"9,19"
6024,6,H8,Anada,36,Sant Adrià - Josep Soldevila,3282,20:19:57,19.95,11.483333333266668,689.0,
6056,7,H8,Anada,36,Sant Adrià - Josep Soldevila,3282,20:23:01,23.02,3.066666666666667,184.0,
6411,6,H8,Anada,36,Sant Adrià - Josep Soldevila,3282,20:32:09,32.15,9.133333333333333,548.0,
6030,3,H8,Anada,36,Sant Adrià - Josep Soldevila,3282,20:45:06,45.1,12.933333333399998,776.0,
6414,6,H8,Anada,36,Sant Adrià - Josep Soldevila,3282,20:54:59,54.98,9.899999999933334,594.0,
6415,6,H8,Anada,36,Sant Adrià - Josep Soldevila,3282,21:08:29,8.48,13.4833333334,809.0,
6026,7,H8,Anada,36,Sant Adrià - Josep Soldevila,3282,21:21:49,21.82,13.333333333333334,800.0,"9,10,11"
6409,3,H8,Anada,36,Sant Adrià - Josep Soldevila,3282,21:40:08,40.13,18.316666666633335,1099.0,"13,29"
6402,7,H8,Anada,36,Sant Adrià - Josep Soldevila,3282,21:44:02,44.03,3.9000000000333332,234.0,
6063,2,H8,Anada,36,Sant Adrià - Josep Soldevila,3282,22:05:48,5.8,21.78333333326667,1307.0,23
6121,5,H8,Anada,36,Sant Adrià - Josep Soldevila,3282,22:19:57,19.95,13.566666666600002,814.0,34
6217,1,H8,Anada,37,Ferran Junoy - Sant Adrià,2583,03:59:18,59.3,,,"1,2,3,4,5,6,7,8,9,10,11,12,13,14,15,16,17,18,19,20,21,22"
6026,1,H8,Anada,37,Ferran Junoy - Sant Adrià,2583,04:15:32,15.53,16.21666666673333,973.0,"1,2,3,4,5,6,7,8,9,10,11"
6402,1,H8,Anada,37,Ferran Junoy - Sant Adrià,2583,04:36:32,36.53,21.0166666666,1261.0,1
6037,1,H8,Anada,37,Ferran Junoy - Sant Adrià,2583,04:42:49,42.82,6.266666666733333,376.0,"1,2,3,32,33"
6406,1,H8,Anada,37,Ferran Junoy - Sant Adrià,2583,04:58:27,58.45,15.6333333333,938.0,
6046,1,H8,Anada,37,Ferran Junoy - Sant Adrià,2583,05:05:40,5.67,7.2333333333,434.0,"30,31"
6408,1,H8,Anada,37,Ferran Junoy - Sant Adrià,2583,05:13:15,13.25,7.566666666733334,454.0,
6407,1,H8,Anada,37,Ferran Junoy - Sant Adrià,2583,05:21:09,21.15,7.899999999966667,474.0,
6024,1,H8,Anada,37,Ferran Junoy - Sant Adrià,2583,05:30:07,30.12,8.966666666666667,538.0,
6056,1,H8,Anada,37,Ferran Junoy - Sant Adrià,2583,05:47:41,47.68,17.566666666683332,1054.0,"1,2,3"
6411,1,H8,Anada,37,Ferran Junoy - Sant Adrià,2583,05:55:34,55.57,7.8833333333499995,473.0,
6055,1,H8,Anada,37,Ferran Junoy - Sant Adrià,2583,06:05:27,5.45,9.883333333333333,593.0,1
6414,1,H8,Anada,37,Ferran Junoy - Sant Adrià,2583,06:16:22,16.37,10.916666666666666,655.0,
6059,1,H8,Anada,37,Ferran Junoy - Sant Adrià,2583,06:21:11,21.18,4.833333333266666,290.0,"1,9"
6415,1,H8,Anada,37,Ferran Junoy - Sant Adrià,2583,06:35:25,35.42,14.23333333335,854.0,
1547,1,H8,Anada,37,Ferran Junoy - Sant Adrià,2583,06:45:37,45.62,10.183333333383333,611.0,
2671,1,H8,Anada,37,Ferran Junoy - Sant Adrià,2583,06:56:14,56.23,10.633333333266668,638.0,
6217,2,H8,Anada,37,Ferran Junoy - Sant Adrià,2583,07:00:50,0.83,4.6,276.0,
6026,2,H8,Anada,37,Ferran Junoy - Sant Adrià,2583,07:18:38,18.63,17.783333333399998,1067.0,
6401,1,H8,Anada,37,Ferran Junoy - Sant Adrià,2583,07:20:45,20.75,2.1166666666666667,127.0,
6402,2,H8,Anada,37,Ferran Junoy - Sant Adrià,2583,07:24:25,24.42,3.6666666666666665,220.0,
6808,1,H8,Anada,37,Ferran Junoy - Sant Adrià,2583,07:41:35,41.58,17.166666666633333,1030.0,
6037,2,H8,Anada,37,Ferran Junoy - Sant Adrià,2583,07:42:55,42.92,1.3333333333333333,80.0,
6047,2,H8,Anada,37,Ferran Junoy - Sant Adrià,2583,07:56:25,56.42,13.516666666633334,811.0,
6406,2,H8,Anada,37,Ferran Junoy - Sant Adrià,2583,07:57:30,57.5,1.0833333333333333,65.0,
6215,1,H8,Anada,37,Ferran Junoy - Sant Adrià,2583,08:08:15,8.25,10.733333333366666,644.0,
6408,2,H8,Anada,37,Ferran Junoy - Sant Adrià,2583,08:15:14,15.23,6.983333333333333,419.0,
6046,2,H8,Anada,37,Ferran Junoy - Sant Adrià,2583,08:23:38,23.63,8.416666666633335,505.0,"7,21"
6407,2,H8,Anada,37,Ferran Junoy - Sant Adrià,2583,08:29:32,29.53,5.883333333383334,353.0,
6079,1,H8,Anada,37,Ferran Junoy - Sant Adrià,2583,08:35:18,35.3,5.783333333283333,347.0,1
6024,2,H8,Anada,37,Ferran Junoy - Sant Adrià,2583,08:41:24,41.4,6.1,366.0,
6056,3,H8,Anada,37,Ferran Junoy - Sant Adrià,2583,08:52:44,52.73,11.316666666733333,679.0,"4,18"
6411,2,H8,Anada,37,Ferran Junoy - Sant Adrià,2583,08:59:34,59.57,6.833333333300001,410.0,
6059,2,H8,Anada,37,Ferran Junoy - Sant Adrià,2583,09:01:56,1.93,2.3666666667,142.0,"9,10,11,12,20,21,22,23"
6055,2,H8,Anada,37,Ferran Junoy - Sant Adrià,2583,09:15:15,15.25,13.333333333266667,800.0,1
6414,2,H8,Anada,37,Ferran Junoy - Sant Adrià,2583,09:26:23,26.38,11.116666666733332,667.0,36
6415,2,H8,Anada,37,Ferran Junoy - Sant Adrià,2583,09:36:36,36.6,10.233333333266668,614.0,
1547,2,H8,Anada,37,Ferran Junoy - Sant Adrià,2583,09:44:20,44.33,7.733333333333333,464.0,
2671,2,H8,Anada,37,Ferran Junoy - Sant Adrià,2583,09:46:46,46.77,2.4166666667000003,145.0,
6217,3,H8,Anada,37,Ferran Junoy - Sant Adrià,2583,10:06:48,6.8,20.049999999966666,1203.0,1
6026,3,H8,Anada,37,Ferran Junoy - Sant Adrià,2583,10:09:27,9.45,2.65,159.0,1
6401,2,H8,Anada,37,Ferran Junoy - Sant Adrià,2583,10:16:59,16.98,7.533333333333333,452.0,19
6402,3,H8,Anada,37,Ferran Junoy - Sant Adrià,2583,10:28:25,28.42,11.433333333333334,686.0,
6808,2,H8,Anada,37,Ferran Junoy - Sant Adrià,2583,10:39:38,39.63,11.200000000066666,672.0,
6037,3,H8,Anada,37,Ferran Junoy - Sant Adrià,2583,10:49:54,49.9,10.266666666666667,616.0,
6406,3,H8,Anada,37,Ferran Junoy - Sant Adrià,2583,11:08:09,8.15,18.25,1095.0,
6215,2,H8,Anada,37,Ferran Junoy - Sant Adrià,2583,11:14:21,14.35,6.2166666666,373.0,
6121,1,H8,Anada,37,Ferran Junoy - Sant Adrià,2583,11:15:53,15.88,1.5333333333333334,92.0,"1,2,3,4,5,6,7,8,9,10,11,12,13,14,15,16,17,18"
6407,3,H8,Anada,37,Ferran Junoy - Sant Adrià,2583,11:27:31,27.52,11.6166666667,697.0,1
6079,2,H8,Anada,37,Ferran Junoy - Sant Adrià,2583,11:33:34,33.57,6.066666666633334,364.0,15
6024,3,H8,Anada,37,Ferran Junoy - Sant Adrià,2583,11:40:06,40.1,6.533333333333333,392.0,
6056,4,H8,Anada,37,Ferran Junoy - Sant Adrià,2583,11:52:32,52.53,12.4166666667,745.0,
6411,3,H8,Anada,37,Ferran Junoy - Sant Adrià,2583,12:00:59,0.98,8.466666666633333,508.0,
6055,3,H8,Anada,37,Ferran Junoy - Sant Adrià,2583,12:11:47,11.78,9.8833333333,593.0,
6414,3,H8,Anada,37,Ferran Junoy - Sant Adrià,2583,12:24:30,24.5,12.716666666666667,763.0,
6415,3,H8,Anada,37,Ferran Junoy - Sant Adrià,2583,12:35:43,35.72,11.233333333300001,674.0,
1547,3,H8,Anada,37,Ferran Junoy - Sant Adrià,2583,12:42:06,42.1,6.383333333333334,383.0,
2671,3,H8,Anada,37,Ferran Junoy - Sant Adrià,2583,12:43:52,43.87,1.7500000000666667,105.0,
6217,4,H8,Anada,37,Ferran Junoy - Sant Adrià,2583,13:00:39,0.65,16.799999999933334,1008.0,
6401,3,H8,Anada,37,Ferran Junoy - Sant Adrià,2583,13:15:39,15.65,14.983333333366666,899.0,
6402,4,H8,Anada,37,Ferran Junoy - Sant Adrià,2583,13:26:45,26.75,10.6333333333,638.0,
6808,3,H8,Anada,37,Ferran Junoy - Sant Adrià,2583,13:29:27,29.45,2.716666666633333,163.0,
6047,4,H8,Anada,37,Ferran Junoy - Sant Adrià,2583,13:39:40,39.67,10.216666666666667,613.0,"5,6,23,35"
6037,4,H8,Anada,37,Ferran Junoy - Sant Adrià,2583,13:52:34,52.57,12.8833333334,773.0,
6406,4,H8,Anada,37,Ferran Junoy - Sant Adrià,2583,13:55:08,55.13,2.566666666666667,154.0,
6215,3,H8,Anada,37,Ferran Junoy - Sant Adrià,2583,14:01:48,1.8,6.666666666633334,400.0,
6121,2,H8,Anada,37,Ferran Junoy - Sant Adrià,2583,14:18:53,18.88,17.083333333366667,1025.0,
6407,4,H8,Anada,37,Ferran Junoy - Sant Adrià,2583,14:23:46,23.77,4.899999999933333,294.0,
6079,3,H8,Anada,37,Ferran Junoy - Sant Adrià,2583,14:26:36,26.6,2.8166666667,169.0,
6024,4,H8,Anada,37,Ferran Junoy - Sant Adrià,2583,14:38:39,38.65,12.066666666633333,724.0,19
6056,5,H8,Anada,37,Ferran Junoy - Sant Adrià,2583,14:42:55,42.92,4.250000000033333,255.0,
6411,4,H8,Anada,37,Ferran Junoy - Sant Adrià,2583,14:58:14,58.23,15.3166666667,919.0,
6059,4,H8,Anada,37,Ferran Junoy - Sant Adrià,2583,15:05:25,5.42,7.1999999999333335,432.0,
6055,4,H8,Anada,37,Ferran Junoy - Sant Adrià,2583,15:11:39,11.65,5.5500000000666665,333.0,
6030,1,H8,Anada,37,Ferran Junoy - Sant Adrià,2583,15:25:45,25.75,14.099999999966666,846.0,"1,2"
6414,4,H8,Anada,37,Ferran Junoy - Sant Adrià,2583,15:36:00,36.0,10.266666666633334,616.0,
6415,4,H8,Anada,37,Ferran Junoy - Sant Adrià,2583,15:37:49,37.82,1.80000000005,108.0,19
1547,4,H8,Anada,37,Ferran Junoy - Sant Adrià,2583,15:46:44,46.73,8.916666666683334,535.0,
2671,4,H8,Anada,37,Ferran Junoy - Sant Adrià,2583,15:52:52,52.87,6.133333333333334,368.0,5
6217,5,H8,Anada,37,Ferran Junoy - Sant Adrià,2583,16:06:59,6.98,14.116666666633334,847.0,
6026,5,H8,Anada,37,Ferran Junoy - Sant Adrià,2583,16:11:22,11.37,4.383333333333334,263.0,
6409,1,H8,Anada,37,Ferran Junoy - Sant Adrià,2583,16:13:43,13.72,2.3666666666333334,142.0,
6401,4,H8,Anada,37,Ferran Junoy - Sant Adrià,2583,16:27:47,27.78,14.066666666666666,844.0,
6402,5,H8,Anada,37,Ferran Junoy - Sant Adrià,2583,16:33:57,33.95,6.150000000066667,369.0,"1,2"
6808,4,H8,Anada,37,Ferran Junoy - Sant Adrià,2583,16:35:03,35.05,1.1166666666,67.0,
6037,5,H8,Anada,37,Ferran Junoy - Sant Adrià,2583,16:55:13,55.22,20.150000000033334,1209.0,
6047,5,H8,Anada,37,Ferran Junoy - Sant Adrià,2583,17:07:00,7.0,11.783333333366667,707.0,
6215,4,H8,Anada,37,Ferran Junoy - Sant Adrià,2583,17:14:52,14.87,7.749999999966667,465.0,
6121,3,H8,Anada,37,Ferran Junoy - Sant Adrià,2583,17:23:57,23.95,9.066666666749999,544.0,
6407,5,H8,Anada,37,Ferran Junoy - Sant Adrià,2583,17:27:13,27.22,3.2666666666666666,196.0,
6079,4,H8,Anada,37,Ferran Junoy - Sant Adrià,2583,17:37:08,37.13,9.916666666633335,595.0,
6024,5,H8,Anada,37,Ferran Junoy - Sant Adrià,2583,17:45:07,45.12,7.983333333333333,479.0,
6411,5,H8,Anada,37,Ferran Junoy - Sant Adrià,2583,18:00:06,0.1,14.533333333333333,872.0,
6059,5,H8,Anada,37,Ferran Junoy - Sant Adrià,2583,18:06:01,6.02,5.916666666699999,355.0,
6055,5,H8,Anada,37,Ferran Junoy - Sant Adrià,2583,18:12:18,12.3,6.283333333333333,377.0,
6030,2,H8,Anada,37,Ferran Junoy - Sant Adrià,2583,18:16:54,16.9,4.599999999966667,276.0,
6414,5,H8,Anada,37,Ferran Junoy - Sant Adrià,2583,18:26:06,26.1,9.216666666633333,553.0,
6415,5,H8,Anada,37,Ferran Junoy - Sant Adrià,2583,18:33:54,33.9,7.7833333334,467.0,
1547,5,H8,Anada,37,Ferran Junoy - Sant Adrià,2583,18:38:20,38.33,4.4499999999333335,267.0,
2671,5,H8,Anada,37,Ferran Junoy - Sant Adrià,2583,18:49:13,49.22,10.8666666667,652.0,
6217,6,H8,Anada,37,Ferran Junoy - Sant Adrià,2583,18:52:05,52.08,2.8666666667,172.0,
6026,6,H8,Anada,37,Ferran Junoy - Sant Adrià,2583,19:11:57,11.95,19.88333333325,1193.0,
6409,2,H8,Anada,37,Ferran Junoy - Sant Adrià,2583,19:13:04,13.07,1.1000000000499999,66.0,
6401,5,H8,Anada,37,Ferran Junoy - Sant Adrià,2583,19:14:29,14.48,1.4166666666999999,85.0,
6402,6,H8,Anada,37,Ferran Junoy - Sant Adrià,2583,19:18:07,18.12,3.6333333333333333,218.0,
6037,6,H8,Anada,37,Ferran Junoy - Sant Adrià,2583,19:41:59,41.98,23.866666666666667,1432.0,
6063,1,H8,Anada,37,Ferran Junoy - Sant Adrià,2583,19:44:07,44.12,2.1333333333,128.0,"1,2,3,4,5,6,7,8,9,10,11,12"
6406,6,H8,Anada,37,Ferran Junoy - Sant Adrià,2583,19:52:15,52.25,7.933333333333334,476.0,
6121,4,H8,Anada,37,Ferran Junoy - Sant Adrià,2583,20:06:40,6.67,14.400000000066665,864.0,
6407,6,H8,Anada,37,Ferran Junoy - Sant Adrià,2583,20:09:07,9.12,2.45,147.0,"9,19"
6024,6,H8,Anada,37,Ferran Junoy - Sant Adrià,2583,20:21:05,21.08,11.983333333266668,719.0,
6056,7,H8,Anada,37,Ferran Junoy - Sant Adrià,2583,20:24:18,24.3,3.2000000000333335,192.0,
6411,6,H8,Anada,37,Ferran Junoy - Sant Adrià,2583,20:33:31,33.52,9.2166666667,553.0,
6030,3,H8,Anada,37,Ferran Junoy - Sant Adrià,2583,20:45:56,45.93,12.416666666633335,745.0,
6414,6,H8,Anada,37,Ferran Junoy - Sant Adrià,2583,20:56:33,56.55,10.6333333333,638.0,
6415,6,H8,Anada,37,Ferran Junoy - Sant Adrià,2583,21:09:20,9.33,12.766666666716667,766.0,
6026,7,H8,Anada,37,Ferran Junoy - Sant Adrià,2583,21:23:22,23.37,14.033333333349999,842.0,"9,10,11"
6409,3,H8,Anada,37,Ferran Junoy - Sant Adrià,2583,21:40:34,40.57,17.199999999966668,1032.0,"13,29"
6402,7,H8,Anada,37,Ferran Junoy - Sant Adrià,2583,21:45:16,45.27,4.7,282.0,
6063,2,H8,Anada,37,Ferran Junoy - Sant Adrià,2583,22:07:00,7.0,21.733333333366666,1304.0,23
6121,5,H8,Anada,37,Ferran Junoy - Sant Adrià,2583,22:21:03,21.05,13.583333333333334,815.0,34
6217,1,H8,Anada,38,Sao Paulo - Centre Comercial La Maquinista,2590,04:00:48,0.8,,,"1,2,3,4,5,6,7,8,9,10,11,12,13,14,15,16,17,18,19,20,21,22"
6026,1,H8,Anada,38,Sao Paulo - Centre Comercial La Maquinista,2590,04:17:25,17.42,16.616666666666667,997.0,"1,2,3,4,5,6,7,8,9,10,11"
6402,1,H8,Anada,38,Sao Paulo - Centre Comercial La Maquinista,2590,04:38:22,38.37,20.966666666633333,1258.0,1
6037,1,H8,Anada,38,Sao Paulo - Centre Comercial La Maquinista,2590,04:44:06,44.1,5.7166666667333335,343.0,"1,2,3,32,33"
6406,1,H8,Anada,38,Sao Paulo - Centre Comercial La Maquinista,2590,05:00:27,0.45,16.35,981.0,
6046,1,H8,Anada,38,Sao Paulo - Centre Comercial La Maquinista,2590,05:07:13,7.22,6.766666666666667,406.0,"30,31"
6408,1,H8,Anada,38,Sao Paulo - Centre Comercial La Maquinista,2590,05:14:26,14.43,7.233333333266667,434.0,
6407,1,H8,Anada,38,Sao Paulo - Centre Comercial La Maquinista,2590,05:22:42,22.7,8.250000000033333,495.0,
6024,1,H8,Anada,38,Sao Paulo - Centre Comercial La Maquinista,2590,05:31:00,31.0,8.316666666633333,499.0,
6056,1,H8,Anada,38,Sao Paulo - Centre Comercial La Maquinista,2590,05:49:33,49.55,18.55,1113.0,"1,2,3"
6411,1,H8,Anada,38,Sao Paulo - Centre Comercial La Maquinista,2590,05:56:51,56.85,7.3,438.0,
6055,1,H8,Anada,38,Sao Paulo - Centre Comercial La Maquinista,2590,06:08:29,8.48,11.6166666667,697.0,1
6414,1,H8,Anada,38,Sao Paulo - Centre Comercial La Maquinista,2590,06:18:22,18.37,9.899999999966667,594.0,
6059,1,H8,Anada,38,Sao Paulo - Centre Comercial La Maquinista,2590,06:23:10,23.17,4.7833333334,287.0,"1,9"
6415,1,H8,Anada,38,Sao Paulo - Centre Comercial La Maquinista,2590,06:37:54,37.9,14.749999999933333,885.0,
1547,1,H8,Anada,38,Sao Paulo - Centre Comercial La Maquinista,2590,06:48:01,48.02,10.116666666666667,607.0,
2671,1,H8,Anada,38,Sao Paulo - Centre Comercial La Maquinista,2590,06:58:42,58.7,10.666666666733333,640.0,
6217,2,H8,Anada,38,Sao Paulo - Centre Comercial La Maquinista,2590,07:02:57,2.95,4.2666666666,256.0,
6026,2,H8,Anada,38,Sao Paulo - Centre Comercial La Maquinista,2590,07:20:41,20.68,17.7166666667,1063.0,
6401,1,H8,Anada,38,Sao Paulo - Centre Comercial La Maquinista,2590,07:22:58,22.97,2.283333333333333,137.0,
6402,2,H8,Anada,38,Sao Paulo - Centre Comercial La Maquinista,2590,07:27:30,27.5,4.5333333333666666,272.0,
6808,1,H8,Anada,38,Sao Paulo - Centre Comercial La Maquinista,2590,07:43:54,43.9,16.399999999966667,984.0,
6047,2,H8,Anada,38,Sao Paulo - Centre Comercial La Maquinista,2590,07:59:06,59.1,14.36666666675,862.0,
6406,2,H8,Anada,38,Sao Paulo - Centre Comercial La Maquinista,2590,08:00:10,0.17,1.0833333332666666,65.0,
6215,1,H8,Anada,38,Sao Paulo - Centre Comercial La Maquinista,2590,08:09:44,9.73,9.550000000066666,573.0,
6408,2,H8,Anada,38,Sao Paulo - Centre Comercial La Maquinista,2590,08:17:42,17.7,7.9666666666333334,478.0,
6046,2,H8,Anada,38,Sao Paulo - Centre Comercial La Maquinista,2590,08:26:26,26.43,8.733333333366666,524.0,"7,21"
6407,2,H8,Anada,38,Sao Paulo - Centre Comercial La Maquinista,2590,08:30:52,30.87,4.433333333333334,266.0,
6079,1,H8,Anada,38,Sao Paulo - Centre Comercial La Maquinista,2590,08:37:15,37.25,6.399999999933333,384.0,1
6024,2,H8,Anada,38,Sao Paulo - Centre Comercial La Maquinista,2590,08:44:00,44.0,6.7333333334,404.0,
6056,3,H8,Anada,38,Sao Paulo - Centre Comercial La Maquinista,2590,08:54:20,54.33,10.349999999933335,621.0,"4,18"
6411,2,H8,Anada,38,Sao Paulo - Centre Comercial La Maquinista,2590,09:03:04,3.07,8.733333333333333,524.0,
6055,2,H8,Anada,38,Sao Paulo - Centre Comercial La Maquinista,2590,09:17:04,17.07,13.283333333366667,797.0,1
6414,2,H8,Anada,38,Sao Paulo - Centre Comercial La Maquinista,2590,09:30:17,30.28,13.233333333300001,794.0,36
6415,2,H8,Anada,38,Sao Paulo - Centre Comercial La Maquinista,2590,09:39:37,39.62,9.316666666733333,559.0,
1547,2,H8,Anada,38,Sao Paulo - Centre Comercial La Maquinista,2590,09:45:53,45.88,6.266666666633333,376.0,
2671,2,H8,Anada,38,Sao Paulo - Centre Comercial La Maquinista,2590,09:49:04,49.07,3.183333333333333,191.0,
6217,3,H8,Anada,38,Sao Paulo - Centre Comercial La Maquinista,2590,10:08:27,8.45,19.383333333366668,1163.0,1
6026,3,H8,Anada,38,Sao Paulo - Centre Comercial La Maquinista,2590,10:10:28,10.47,2.0166666666666666,121.0,1
6401,2,H8,Anada,38,Sao Paulo - Centre Comercial La Maquinista,2590,10:19:24,19.4,8.933333333333334,536.0,19
6402,3,H8,Anada,38,Sao Paulo - Centre Comercial La Maquinista,2590,10:29:44,29.73,10.333333333333334,620.0,
6808,2,H8,Anada,38,Sao Paulo - Centre Comercial La Maquinista,2590,10:43:03,43.05,13.316666666633333,799.0,
6037,3,H8,Anada,38,Sao Paulo - Centre Comercial La Maquinista,2590,10:52:23,52.38,9.349999999966666,561.0,
6047,3,H8,Anada,38,Sao Paulo - Centre Comercial La Maquinista,2590,11:06:31,6.52,14.116666666733332,847.0,37
6406,3,H8,Anada,38,Sao Paulo - Centre Comercial La Maquinista,2590,11:10:28,10.47,3.9499999999666664,237.0,
6215,2,H8,Anada,38,Sao Paulo - Centre Comercial La Maquinista,2590,11:15:46,15.77,5.3,318.0,
6121,1,H8,Anada,38,Sao Paulo - Centre Comercial La Maquinista,2590,11:17:34,17.57,1.8166666666333335,109.0,"1,2,3,4,5,6,7,8,9,10,11,12,13,14,15,16,17,18"
6407,3,H8,Anada,38,Sao Paulo - Centre Comercial La Maquinista,2590,11:30:00,30.0,12.433333333333334,746.0,1
6079,2,H8,Anada,38,Sao Paulo - Centre Comercial La Maquinista,2590,11:36:27,36.45,6.433333333366666,386.0,15
6024,3,H8,Anada,38,Sao Paulo - Centre Comercial La Maquinista,2590,11:42:24,42.4,5.9666666666333334,358.0,
6056,4,H8,Anada,38,Sao Paulo - Centre Comercial La Maquinista,2590,11:55:04,55.07,12.650000000033334,759.0,
6411,3,H8,Anada,38,Sao Paulo - Centre Comercial La Maquinista,2590,12:02:17,2.28,7.216666666666667,433.0,
6059,3,H8,Anada,38,Sao Paulo - Centre Comercial La Maquinista,2590,12:03:53,3.88,1.6000000000333332,96.0,
6055,3,H8,Anada,38,Sao Paulo - Centre Comercial La Maquinista,2590,12:13:28,13.47,9.583333333333334,575.0,
6414,3,H8,Anada,38,Sao Paulo - Centre Comercial La Maquinista,2590,12:27:16,27.27,13.816666666600002,829.0,
6415,3,H8,Anada,38,Sao Paulo - Centre Comercial La Maquinista,2590,12:37:37,37.62,10.333333333366665,620.0,
1547,3,H8,Anada,38,Sao Paulo - Centre Comercial La Maquinista,2590,12:44:22,44.37,6.750000000033333,405.0,
2671,3,H8,Anada,38,Sao Paulo - Centre Comercial La Maquinista,2590,12:45:56,45.93,1.5666666666666667,94.0,
6217,4,H8,Anada,38,Sao Paulo - Centre Comercial La Maquinista,2590,13:02:37,2.62,16.699999999933333,1002.0,
6401,3,H8,Anada,38,Sao Paulo - Centre Comercial La Maquinista,2590,13:17:45,17.75,15.1166666667,907.0,
6402,4,H8,Anada,38,Sao Paulo - Centre Comercial La Maquinista,2590,13:30:09,30.15,11.566666666666666,694.0,
6808,3,H8,Anada,38,Sao Paulo - Centre Comercial La Maquinista,2590,13:31:14,31.23,1.0666666667333333,64.0,
6047,4,H8,Anada,38,Sao Paulo - Centre Comercial La Maquinista,2590,13:40:47,40.78,9.549999999966667,573.0,"5,6,23,35"
6037,4,H8,Anada,38,Sao Paulo - Centre Comercial La Maquinista,2590,13:54:32,54.53,13.750000000033333,825.0,
6406,4,H8,Anada,38,Sao Paulo - Centre Comercial La Maquinista,2590,13:57:21,57.35,2.833333333266667,170.0,
6215,3,H8,Anada,38,Sao Paulo - Centre Comercial La Maquinista,2590,14:04:09,4.15,6.8,408.0,
6121,2,H8,Anada,38,Sao Paulo - Centre Comercial La Maquinista,2590,14:21:40,21.67,17.50000000003333,1050.0,
6407,4,H8,Anada,38,Sao Paulo - Centre Comercial La Maquinista,2590,14:25:59,25.98,4.333333333283333,260.0,
6079,3,H8,Anada,38,Sao Paulo - Centre Comercial La Maquinista,2590,14:28:37,28.62,2.63333333335,158.0,
6024,4,H8,Anada,38,Sao Paulo - Centre Comercial La Maquinista,2590,14:40:01,40.02,11.383333333366666,683.0,19
6056,5,H8,Anada,38,Sao Paulo - Centre Comercial La Maquinista,2590,14:44:38,44.63,4.6333333333,278.0,
6411,4,H8,Anada,38,Sao Paulo - Centre Comercial La Maquinista,2590,15:00:03,0.05,15.400000000066665,924.0,
6211,3,H8,Anada,38,Sao Paulo - Centre Comercial La Maquinista,2590,15:08:18,8.3,8.266666666599999,496.0,
6055,4,H8,Anada,38,Sao Paulo - Centre Comercial La Maquinista,2590,15:13:20,13.33,4.716666666666667,283.0,
6030,1,H8,Anada,38,Sao Paulo - Centre Comercial La Maquinista,2590,15:27:42,27.7,14.366666666666667,862.0,"1,2"
6414,4,H8,Anada,38,Sao Paulo - Centre Comercial La Maquinista,2590,15:38:47,38.78,11.09999999995,666.0,
6415,4,H8,Anada,38,Sao Paulo - Centre Comercial La Maquinista,2590,15:39:56,39.93,1.1500000000166668,69.0,19
1547,4,H8,Anada,38,Sao Paulo - Centre Comercial La Maquinista,2590,15:49:12,49.2,9.266666666666667,556.0,
2671,4,H8,Anada,38,Sao Paulo - Centre Comercial La Maquinista,2590,15:54:10,54.17,4.950000000066667,297.0,5
6217,5,H8,Anada,38,Sao Paulo - Centre Comercial La Maquinista,2590,16:09:37,9.62,15.4666666666,928.0,
6026,5,H8,Anada,38,Sao Paulo - Centre Comercial La Maquinista,2590,16:14:22,14.37,4.75,285.0,
6409,1,H8,Anada,38,Sao Paulo - Centre Comercial La Maquinista,2590,16:17:39,17.65,3.2666666667,196.0,
6401,4,H8,Anada,38,Sao Paulo - Centre Comercial La Maquinista,2590,16:31:14,31.23,13.599999999966666,816.0,
6402,5,H8,Anada,38,Sao Paulo - Centre Comercial La Maquinista,2590,16:35:33,35.55,4.3000000000666665,258.0,"1,2"
6808,4,H8,Anada,38,Sao Paulo - Centre Comercial La Maquinista,2590,16:37:17,37.28,1.7333333333333334,104.0,
6037,5,H8,Anada,38,Sao Paulo - Centre Comercial La Maquinista,2590,16:57:23,57.38,20.099999999966666,1206.0,
6047,5,H8,Anada,38,Sao Paulo - Centre Comercial La Maquinista,2590,17:09:24,9.4,12.016666666666667,721.0,
6215,4,H8,Anada,38,Sao Paulo - Centre Comercial La Maquinista,2590,17:17:02,17.03,7.516666666666667,451.0,
6121,3,H8,Anada,38,Sao Paulo - Centre Comercial La Maquinista,2590,17:26:36,26.6,9.566666666633333,574.0,
6407,5,H8,Anada,38,Sao Paulo - Centre Comercial La Maquinista,2590,17:29:03,29.05,2.4500000000333335,147.0,
6079,4,H8,Anada,38,Sao Paulo - Centre Comercial La Maquinista,2590,17:37:59,37.98,8.9333333333,536.0,
6056,6,H8,Anada,38,Sao Paulo - Centre Comercial La Maquinista,2590,17:47:48,47.8,9.816666666666666,589.0,
6411,5,H8,Anada,38,Sao Paulo - Centre Comercial La Maquinista,2590,18:01:10,1.17,13.266666666683333,796.0,
6059,5,H8,Anada,38,Sao Paulo - Centre Comercial La Maquinista,2590,18:07:17,7.28,6.116666666666666,367.0,
6055,5,H8,Anada,38,Sao Paulo - Centre Comercial La Maquinista,2590,18:13:48,13.8,6.516666666666667,391.0,
6030,2,H8,Anada,38,Sao Paulo - Centre Comercial La Maquinista,2590,18:18:55,18.92,5.133333333316667,308.0,
6414,5,H8,Anada,38,Sao Paulo - Centre Comercial La Maquinista,2590,18:27:50,27.83,8.90000000005,534.0,
6415,5,H8,Anada,38,Sao Paulo - Centre Comercial La Maquinista,2590,18:36:18,36.3,8.483333333266666,509.0,
1547,5,H8,Anada,38,Sao Paulo - Centre Comercial La Maquinista,2590,18:39:59,39.98,3.683333333333333,221.0,
2671,5,H8,Anada,38,Sao Paulo - Centre Comercial La Maquinista,2590,18:50:51,50.85,10.850000000033333,651.0,
6217,6,H8,Anada,38,Sao Paulo - Centre Comercial La Maquinista,2590,18:54:33,54.55,3.7000000000333335,222.0,
6026,6,H8,Anada,38,Sao Paulo - Centre Comercial La Maquinista,2590,19:13:38,13.63,19.083333333333332,1145.0,
6401,5,H8,Anada,38,Sao Paulo - Centre Comercial La Maquinista,2590,19:16:32,16.53,2.5499999999833336,153.0,
6402,6,H8,Anada,38,Sao Paulo - Centre Comercial La Maquinista,2590,19:19:43,19.72,3.183333333333333,191.0,
6037,6,H8,Anada,38,Sao Paulo - Centre Comercial La Maquinista,2590,19:43:31,43.52,23.816666666633335,1429.0,
6047,6,H8,Anada,38,Sao Paulo - Centre Comercial La Maquinista,2590,19:44:45,44.75,1.2166666667,73.0,"1,2,3,4,5,6,7,8,9,10,11,12"
6063,1,H8,Anada,38,Sao Paulo - Centre Comercial La Maquinista,2590,19:45:59,45.98,1.2333333333666665,74.0,"1,2,3,4,5,6,7,8,9,10,11,12"
6406,6,H8,Anada,38,Sao Paulo - Centre Comercial La Maquinista,2590,19:55:58,55.97,9.99999999995,600.0,
6121,4,H8,Anada,38,Sao Paulo - Centre Comercial La Maquinista,2590,20:07:59,7.98,12.01666666665,721.0,
6407,6,H8,Anada,38,Sao Paulo - Centre Comercial La Maquinista,2590,20:10:32,10.53,2.5333333334,152.0,"9,19"
6024,6,H8,Anada,38,Sao Paulo - Centre Comercial La Maquinista,2590,20:23:07,23.12,12.583333333333334,755.0,
6056,7,H8,Anada,38,Sao Paulo - Centre Comercial La Maquinista,2590,20:25:53,25.88,2.7666666666500004,166.0,
6411,6,H8,Anada,38,Sao Paulo - Centre Comercial La Maquinista,2590,20:35:27,35.45,9.56666666665,574.0,
6030,3,H8,Anada,38,Sao Paulo - Centre Comercial La Maquinista,2590,20:47:03,47.05,11.616666666633334,697.0,
6414,6,H8,Anada,38,Sao Paulo - Centre Comercial La Maquinista,2590,20:57:55,57.92,10.850000000033333,651.0,
6415,6,H8,Anada,38,Sao Paulo - Centre Comercial La Maquinista,2590,21:11:02,11.03,13.1333333333,788.0,
6026,7,H8,Anada,38,Sao Paulo - Centre Comercial La Maquinista,2590,21:25:01,25.02,13.9666666667,838.0,"9,10,11"
6409,3,H8,Anada,38,Sao Paulo - Centre Comercial La Maquinista,2590,21:42:07,42.12,17.1,1026.0,"13,29"
6402,7,H8,Anada,38,Sao Paulo - Centre Comercial La Maquinista,2590,21:46:41,46.68,4.583333333300001,275.0,
6063,2,H8,Anada,38,Sao Paulo - Centre Comercial La Maquinista,2590,22:08:53,8.88,22.183333333366665,1331.0,23
6121,5,H8,Anada,38,Sao Paulo - Centre Comercial La Maquinista,2590,22:22:53,22.88,13.883333333366666,833.0,34
6217,1,H8,Anada,39,Lima - Ciutat d'Asunción,603,04:02:59,2.98,,,"1,2,3,4,5,6,7,8,9,10,11,12,13,14,15,16,17,18,19,20,21,22"
6026,1,H8,Anada,39,Lima - Ciutat d'Asunción,603,04:18:07,18.12,15.149999999933334,909.0,"1,2,3,4,5,6,7,8,9,10,11"
6402,1,H8,Anada,39,Lima - Ciutat d'Asunción,603,04:39:45,39.75,21.6166666667,1297.0,1
6037,1,H8,Anada,39,Lima - Ciutat d'Asunción,603,04:45:49,45.82,6.0666666667,364.0,"1,2,3,32,33"
6406,1,H8,Anada,39,Lima - Ciutat d'Asunción,603,05:01:23,1.38,15.566666666633333,934.0,
6046,1,H8,Anada,39,Lima - Ciutat d'Asunción,603,05:07:26,7.43,6.066666666633334,364.0,"30,31"
6408,1,H8,Anada,39,Lima - Ciutat d'Asunción,603,05:16:32,16.53,9.083333333399999,545.0,
6407,1,H8,Anada,39,Lima - Ciutat d'Asunción,603,05:24:02,24.03,7.5,450.0,
6024,1,H8,Anada,39,Lima - Ciutat d'Asunción,603,05:33:13,33.22,9.183333333333334,551.0,
6056,1,H8,Anada,39,Lima - Ciutat d'Asunción,603,05:51:36,51.6,18.3833333333,1103.0,"1,2,3"
6411,1,H8,Anada,39,Lima - Ciutat d'Asunción,603,05:58:40,58.67,7.0666666667,424.0,
6055,1,H8,Anada,39,Lima - Ciutat d'Asunción,603,06:10:30,10.5,11.833333333333334,710.0,1
6414,1,H8,Anada,39,Lima - Ciutat d'Asunción,603,06:19:52,19.87,9.366666666633334,562.0,
6059,1,H8,Anada,39,Lima - Ciutat d'Asunción,603,06:24:19,24.32,4.450000000033333,267.0,"1,9"
6415,1,H8,Anada,39,Lima - Ciutat d'Asunción,603,06:40:15,40.25,15.933333333333334,956.0,
1547,1,H8,Anada,39,Lima - Ciutat d'Asunción,603,06:50:13,50.22,9.966666666633333,598.0,
2671,1,H8,Anada,39,Lima - Ciutat d'Asunción,603,07:01:40,1.67,11.466666666616668,688.0,
6217,2,H8,Anada,39,Lima - Ciutat d'Asunción,603,07:04:38,4.63,2.966666666683333,178.0,
6026,2,H8,Anada,39,Lima - Ciutat d'Asunción,603,07:21:52,21.87,17.233333333333334,1034.0,
6401,1,H8,Anada,39,Lima - Ciutat d'Asunción,603,07:24:37,24.62,2.7333333333999996,164.0,
6402,2,H8,Anada,39,Lima - Ciutat d'Asunción,603,07:28:47,28.78,4.166666666666667,250.0,
6808,1,H8,Anada,39,Lima - Ciutat d'Asunción,603,07:45:30,45.5,16.716666666666665,1003.0,
6037,2,H8,Anada,39,Lima - Ciutat d'Asunción,603,07:46:37,46.62,1.1166666666333334,67.0,
6047,2,H8,Anada,39,Lima - Ciutat d'Asunción,603,08:00:53,0.88,14.266666666699999,856.0,
6215,1,H8,Anada,39,Lima - Ciutat d'Asunción,603,08:11:58,11.97,10.450000000033333,627.0,
6408,2,H8,Anada,39,Lima - Ciutat d'Asunción,603,08:18:55,18.92,6.9666666666,418.0,
6046,2,H8,Anada,39,Lima - Ciutat d'Asunción,603,08:27:50,27.83,8.900000000066665,534.0,"7,21"
6407,2,H8,Anada,39,Lima - Ciutat d'Asunción,603,08:32:30,32.5,4.666666666633334,280.0,
6079,1,H8,Anada,39,Lima - Ciutat d'Asunción,603,08:39:12,39.2,6.700000000033333,402.0,1
6024,2,H8,Anada,39,Lima - Ciutat d'Asunción,603,08:44:47,44.78,5.583333333316667,335.0,
6056,3,H8,Anada,39,Lima - Ciutat d'Asunción,603,08:56:39,56.65,11.86666666665,712.0,"4,18"
6411,2,H8,Anada,39,Lima - Ciutat d'Asunción,603,09:05:07,5.12,8.4666666667,508.0,
6055,2,H8,Anada,39,Lima - Ciutat d'Asunción,603,09:17:48,17.8,11.2166666667,673.0,1
6414,2,H8,Anada,39,Lima - Ciutat d'Asunción,603,09:32:06,32.1,14.316666666600002,859.0,36
6415,2,H8,Anada,39,Lima - Ciutat d'Asunción,603,09:40:56,40.93,8.833333333333334,530.0,
1547,2,H8,Anada,39,Lima - Ciutat d'Asunción,603,09:47:51,47.85,6.916666666666667,415.0,
2671,2,H8,Anada,39,Lima - Ciutat d'Asunción,603,09:50:26,50.43,2.5666666667,154.0,
6217,3,H8,Anada,39,Lima - Ciutat d'Asunción,603,10:10:43,10.72,20.283333333366667,1217.0,1
6026,3,H8,Anada,39,Lima - Ciutat d'Asunción,603,10:11:55,11.92,1.2166666666,73.0,1
6401,2,H8,Anada,39,Lima - Ciutat d'Asunción,603,10:21:25,21.42,9.483333333366666,569.0,19
6402,3,H8,Anada,39,Lima - Ciutat d'Asunción,603,10:31:28,31.47,10.050000000033332,603.0,
6808,2,H8,Anada,39,Lima - Ciutat d'Asunción,603,10:45:27,45.45,13.999999999933333,840.0,
6037,3,H8,Anada,39,Lima - Ciutat d'Asunción,603,10:54:25,54.42,8.966666666683333,538.0,
6047,3,H8,Anada,39,Lima - Ciutat d'Asunción,603,11:07:21,7.35,12.916666666716667,775.0,37
6406,3,H8,Anada,39,Lima - Ciutat d'Asunción,603,11:12:17,12.28,4.933333333333334,296.0,
6215,2,H8,Anada,39,Lima - Ciutat d'Asunción,603,11:17:15,17.25,4.983333333266667,299.0,
6121,1,H8,Anada,39,Lima - Ciutat d'Asunción,603,11:18:28,18.47,1.2000000000666666,72.0,"1,2,3,4,5,6,7,8,9,10,11,12,13,14,15,16,17,18"
6407,3,H8,Anada,39,Lima - Ciutat d'Asunción,603,11:31:27,31.45,12.983333333333333,779.0,1
6079,2,H8,Anada,39,Lima - Ciutat d'Asunción,603,11:37:29,37.48,6.049999999933333,363.0,15
6024,3,H8,Anada,39,Lima - Ciutat d'Asunción,603,11:43:25,43.42,5.933333333333334,356.0,
6056,4,H8,Anada,39,Lima - Ciutat d'Asunción,603,11:56:50,56.83,13.400000000066665,804.0,
6411,3,H8,Anada,39,Lima - Ciutat d'Asunción,603,12:03:34,3.57,6.7333333333,404.0,
6059,3,H8,Anada,39,Lima - Ciutat d'Asunción,603,12:04:54,4.9,1.3333333333333333,80.0,
6055,3,H8,Anada,39,Lima - Ciutat d'Asunción,603,12:15:19,15.32,10.4333333333,626.0,
6414,3,H8,Anada,39,Lima - Ciutat d'Asunción,603,12:28:20,28.33,13.000000000033333,780.0,
6415,3,H8,Anada,39,Lima - Ciutat d'Asunción,603,12:38:42,38.7,10.366666666666667,622.0,
1547,3,H8,Anada,39,Lima - Ciutat d'Asunción,603,12:46:41,46.68,7.999999999983333,480.0,
6217,4,H8,Anada,39,Lima - Ciutat d'Asunción,603,13:04:01,4.02,16.599999999966666,996.0,
6401,3,H8,Anada,39,Lima - Ciutat d'Asunción,603,13:18:32,18.53,14.516666666699999,871.0,
6026,4,H8,Anada,39,Lima - Ciutat d'Asunción,603,13:21:09,21.15,2.6166666666333334,157.0,
6402,4,H8,Anada,39,Lima - Ciutat d'Asunción,603,13:31:27,31.45,10.300000000033332,618.0,
6808,3,H8,Anada,39,Lima - Ciutat d'Asunción,603,13:33:05,33.08,1.6333333333333333,98.0,
6047,4,H8,Anada,39,Lima - Ciutat d'Asunción,603,13:41:47,41.78,8.699999999966668,522.0,"5,6,23,35"
6037,4,H8,Anada,39,Lima - Ciutat d'Asunción,603,13:56:27,56.45,14.666666666666666,880.0,
6406,4,H8,Anada,39,Lima - Ciutat d'Asunción,603,13:58:58,58.97,2.5166666666666666,151.0,
6215,3,H8,Anada,39,Lima - Ciutat d'Asunción,603,14:06:32,6.53,7.566666666666666,454.0,
6121,2,H8,Anada,39,Lima - Ciutat d'Asunción,603,14:24:07,24.12,17.599999999966666,1056.0,
6407,4,H8,Anada,39,Lima - Ciutat d'Asunción,603,14:27:19,27.32,3.2,192.0,
6079,3,H8,Anada,39,Lima - Ciutat d'Asunción,603,14:30:02,30.03,2.71666666665,163.0,
6024,4,H8,Anada,39,Lima - Ciutat d'Asunción,603,14:42:04,42.07,12.016666666716667,721.0,19
6056,5,H8,Anada,39,Lima - Ciutat d'Asunción,603,14:46:34,46.57,4.500000000033333,270.0,
6411,4,H8,Anada,39,Lima - Ciutat d'Asunción,603,15:01:52,1.87,15.299999999966667,918.0,
6211,3,H8,Anada,39,Lima - Ciutat d'Asunción,603,15:09:59,9.98,8.116666666666667,487.0,
6055,4,H8,Anada,39,Lima - Ciutat d'Asunción,603,15:15:26,15.43,5.116666666633334,307.0,
6030,1,H8,Anada,39,Lima - Ciutat d'Asunción,603,15:29:15,29.25,13.816666666666666,829.0,"1,2"
6414,4,H8,Anada,39,Lima - Ciutat d'Asunción,603,15:39:38,39.63,10.383333333366666,623.0,
6415,4,H8,Anada,39,Lima - Ciutat d'Asunción,603,15:41:40,41.67,2.0333333333166665,122.0,19
1547,4,H8,Anada,39,Lima - Ciutat d'Asunción,603,15:50:34,50.57,8.900000000016666,534.0,
2671,4,H8,Anada,39,Lima - Ciutat d'Asunción,603,15:55:17,55.28,4.733333333266667,284.0,5
6217,5,H8,Anada,39,Lima - Ciutat d'Asunción,603,16:11:50,11.83,16.533333333383332,992.0,
6026,5,H8,Anada,39,Lima - Ciutat d'Asunción,603,16:15:24,15.4,3.566666666683333,214.0,
6409,1,H8,Anada,39,Lima - Ciutat d'Asunción,603,16:19:20,19.33,3.9333333333,236.0,
6401,4,H8,Anada,39,Lima - Ciutat d'Asunción,603,16:32:26,32.43,13.100000000033333,786.0,
6402,5,H8,Anada,39,Lima - Ciutat d'Asunción,603,16:36:58,36.97,4.533333333300001,272.0,"1,2"
6808,4,H8,Anada,39,Lima - Ciutat d'Asunción,603,16:38:41,38.68,1.7166666666666666,103.0,
6037,5,H8,Anada,39,Lima - Ciutat d'Asunción,603,16:58:09,58.15,19.4833333333,1169.0,
6047,5,H8,Anada,39,Lima - Ciutat d'Asunción,603,17:10:42,10.7,12.5333333334,752.0,
6215,4,H8,Anada,39,Lima - Ciutat d'Asunción,603,17:18:28,18.47,7.133333333366666,428.0,
6121,3,H8,Anada,39,Lima - Ciutat d'Asunción,603,17:27:25,27.42,8.9666666666,538.0,
6407,5,H8,Anada,39,Lima - Ciutat d'Asunción,603,17:30:08,30.13,2.7000000000333335,162.0,
6079,4,H8,Anada,39,Lima - Ciutat d'Asunción,603,17:39:11,39.18,9.066666666633333,544.0,
6024,5,H8,Anada,39,Lima - Ciutat d'Asunción,603,17:49:16,49.27,10.0666666667,604.0,
6411,5,H8,Anada,39,Lima - Ciutat d'Asunción,603,18:02:19,2.32,12.866666666733332,772.0,
6059,5,H8,Anada,39,Lima - Ciutat d'Asunción,603,18:08:58,8.97,6.666666666599999,400.0,
6055,5,H8,Anada,39,Lima - Ciutat d'Asunción,603,18:13:48,13.8,4.816666666733334,289.0,
6030,2,H8,Anada,39,Lima - Ciutat d'Asunción,603,18:20:06,20.1,6.3166666666,379.0,
6414,5,H8,Anada,39,Lima - Ciutat d'Asunción,603,18:28:56,28.93,8.833333333333334,530.0,
6415,5,H8,Anada,39,Lima - Ciutat d'Asunción,603,18:38:17,38.28,9.35,561.0,
1547,5,H8,Anada,39,Lima - Ciutat d'Asunción,603,18:41:51,41.85,3.5500000000666665,213.0,
2671,5,H8,Anada,39,Lima - Ciutat d'Asunción,603,18:51:56,51.93,10.099999999933335,606.0,
6217,6,H8,Anada,39,Lima - Ciutat d'Asunción,603,18:55:20,55.33,3.3833333334,203.0,
6026,6,H8,Anada,39,Lima - Ciutat d'Asunción,603,19:15:37,15.62,20.283333333333335,1217.0,
6401,5,H8,Anada,39,Lima - Ciutat d'Asunción,603,19:17:42,17.7,1.9333333334,116.0,
6402,6,H8,Anada,39,Lima - Ciutat d'Asunción,603,19:20:23,20.38,2.683333333333333,161.0,
6037,6,H8,Anada,39,Lima - Ciutat d'Asunción,603,19:44:44,44.73,24.3666666666,1462.0,
6047,6,H8,Anada,39,Lima - Ciutat d'Asunción,603,19:46:09,46.15,1.4166666666666667,85.0,"1,2,3,4,5,6,7,8,9,10,11,12"
6063,1,H8,Anada,39,Lima - Ciutat d'Asunción,603,19:47:11,47.18,1.0166666667333333,61.0,"1,2,3,4,5,6,7,8,9,10,11,12"
6406,6,H8,Anada,39,Lima - Ciutat d'Asunción,603,19:57:00,57.0,9.816666666633333,589.0,
6121,4,H8,Anada,39,Lima - Ciutat d'Asunción,603,20:10:32,10.53,13.533333333366667,812.0,
6407,6,H8,Anada,39,Lima - Ciutat d'Asunción,603,20:12:08,12.13,1.6,96.0,"9,19"
6024,6,H8,Anada,39,Lima - Ciutat d'Asunción,603,20:25:24,25.4,13.266666666633334,796.0,
6056,7,H8,Anada,39,Lima - Ciutat d'Asunción,603,20:27:16,27.27,1.8666666666999998,112.0,
6411,6,H8,Anada,39,Lima - Ciutat d'Asunción,603,20:36:40,36.67,9.4,564.0,
6030,3,H8,Anada,39,Lima - Ciutat d'Asunción,603,20:48:33,48.55,11.899999999933334,714.0,
6414,6,H8,Anada,39,Lima - Ciutat d'Asunción,603,20:59:01,59.02,10.466666666683333,628.0,
6415,6,H8,Anada,39,Lima - Ciutat d'Asunción,603,21:12:22,12.37,13.33333333335,800.0,
6026,7,H8,Anada,39,Lima - Ciutat d'Asunción,603,21:25:55,25.92,13.550000000016666,813.0,"9,10,11"
6409,3,H8,Anada,39,Lima - Ciutat d'Asunción,603,21:43:19,43.32,17.400000000016668,1044.0,"13,29"
6402,7,H8,Anada,39,Lima - Ciutat d'Asunción,603,21:47:02,47.03,3.716666666633333,223.0,
6047,7,H8,Anada,39,Lima - Ciutat d'Asunción,603,22:10:04,10.07,23.03333333335,1382.0,27
6121,5,H8,Anada,39,Lima - Ciutat d'Asunción,603,22:24:13,24.22,13.816666666633333,829.0,34
6411,2,H8,Tornada,0,Meridiana - La Sagrera,455,03:50:35,50.58,,,"1,2,3,4,5,6,7,8,9,10,11,12,13,14,15,16,17,18,19,20,21,22,23,24,25,26,27,28,29,30,31,32,33,34,35,36,37,38"
6059,2,H8,Tornada,0,Meridiana - La Sagrera,455,04:06:08,6.13,15.5333333334,932.0,"1,2,3,4,5,6,7,8,9,10,11,12,13,14,15,16,17,18,19,20,21,22,23,24,25,26,27,28,29,30,31,32,33,34,35,36,37,38"
6415,2,H8,Tornada,0,Meridiana - La Sagrera,455,04:24:03,24.05,17.916666666666668,1075.0,"1,2,3,4,5,6,7,8,9,10,11,12,13,14,15,16,17,18,19,20,21,22,23,24,25,26,27,28,29,30,31,32,33,34,35,36,37,38"
6217,2,H8,Tornada,0,Meridiana - La Sagrera,455,04:39:25,39.42,15.366666666666667,922.0,"1,2,3,4,5,6,7,8,9,10,11,12,13,14,15,16,17,18,19,20,21,22,23,24,25,26,27,28,29,30,31,32,33,34,35,36,37,38"
6026,2,H8,Tornada,0,Meridiana - La Sagrera,455,04:51:05,51.08,11.683333333266667,701.0,"1,2,3,4,5,6,7,8,9,10,11,12,13,14,15,16,17,18,19,20,21,22,23,24,25,26,27,28,29,30,31,32,33,34,35,36,37,38"
6401,2,H8,Tornada,0,Meridiana - La Sagrera,455,05:00:05,0.08,8.983333333366666,539.0,"1,2,3,4,5,6,7,8,9,10,11,12,13,14,15,16,17,18,19,20,21,22,23,24,25,26,27,28,29,30,31,32,33,34,35,36,37,38"
6402,2,H8,Tornada,0,Meridiana - La Sagrera,455,05:05:54,5.9,5.833333333300001,350.0,"1,2,3,4,5,6,7,8,9,10,11,12,13,14,15,16,17,18,19,20,21,22,23,24,25,26,27,28,29,30,31,32,33,34,35,36,37,38"
6808,2,H8,Tornada,0,Meridiana - La Sagrera,455,05:16:55,16.92,11.000000000033333,660.0,"1,2,3,4,5,6,7,8,9,10,11,12,13,14,15,16,17,18,19,20,21,22,23,24,25,26,27,28,29,30,31,32,33,34,35,36,37,38"
6037,2,H8,Tornada,0,Meridiana - La Sagrera,455,05:22:10,22.17,5.25,315.0,"1,2,3,4,5,6,7,8,9,10,11,12,13,14,15,16,17,18,19,20,21,22,23,24,25,26,27,28,29,30,31,32,33,34,35,36,37,38"
6047,2,H8,Tornada,0,Meridiana - La Sagrera,455,05:33:12,33.2,11.033333333366667,662.0,"1,2,3,4,5,6,7,8,9,10,11,12,13,14,15,16,17,18,19,20,21,22,23,24,25,26,27,28,29,30,31,32,33,34,35,36,37,38"
6406,2,H8,Tornada,0,Meridiana - La Sagrera,455,05:38:40,38.67,5.4833333332833325,329.0,"1,2,3,4,5,6,7,8,9,10,11,12,13,14,15,16,17,18,19,20,21,22,23,24,25,26,27,28,29,30,31,32,33,34,35,36,37,38"
6215,2,H8,Tornada,0,Meridiana - La Sagrera,455,05:44:01,44.02,5.349999999983334,321.0,"1,2,3,4,5,6,7,8,9,10,11,12,13,14,15,16,17,18,19,20,21,22,23,24,25,26,27,28,29,30,31,32,33,34,35,36,37,38"
6046,2,H8,Tornada,0,Meridiana - La Sagrera,455,05:53:27,53.45,9.416666666733333,565.0,"1,2,3,4,5,6,7,8,9,10,11,12,13,14,15,16,17,18,19,20,21,22,23,24,25,26,27,28,29,30,31,32,33,34,35,36,37,38"
6408,2,H8,Tornada,0,Meridiana - La Sagrera,455,05:59:54,59.9,6.4666666666,388.0,"1,2,3,4,5,6,7,8,9,10,11,12,13,14,15,16,17,18,19,20,21,22,23,24,25,26,27,28,29,30,31,32,33,34,35,36,37,38"
6407,2,H8,Tornada,0,Meridiana - La Sagrera,455,06:07:02,7.03,7.116666666733334,427.0,"1,2,3,4,5,6,7,8,9,10,11,12,13,14,15,16,17,18,19,20,21,22,23,24,25,26,27,28,29,30,31,32,33,34,35,36,37,38"
6079,2,H8,Tornada,0,Meridiana - La Sagrera,455,06:13:17,13.28,6.249999999983333,375.0,"1,2,3,4,5,6,7,8,9,10,11,12,13,14,15,16,17,18,19,20,21,22,23,24,25,26,27,28,29,30,31,32,33,34,35,36,37,38"
6024,3,H8,Tornada,0,Meridiana - La Sagrera,455,06:19:52,19.87,6.583333333316667,395.0,"1,2,3,4,5,6,7,8,9,10,11,12,13,14,15,16,17,18,19,20,21,22,23,24,25,26,27,28,29,30,31,32,33,34,35,36,37,38"
6056,2,H8,Tornada,0,Meridiana - La Sagrera,455,06:28:16,28.27,8.4,504.0,"1,2,3,4,5,6,7,8,9,10,11,12,13,14,15,16,17,18,19,20,21,22,23,24,25,26,27,28,29,30,31,32,33,34,35,36,37,38"
6411,4,H8,Tornada,0,Meridiana - La Sagrera,455,06:33:48,33.8,5.5333333333666666,332.0,"1,2,3,4,5,6,7,8,9,10,11,12,13,14,15,16,17,18,19,20,21,22,23,24,25,26,27,28,29,30,31,32,33,34,35,36,37,38"
6211,2,H8,Tornada,0,Meridiana - La Sagrera,455,06:48:36,48.6,14.8,888.0,"1,2,3,4,5,6,7,8,9,10,11,12,13,14,15,16,17,18,19,20,21,22,23,24,25,26,27,28,29,30,31,32,33,34,35,36,37,38"
6055,2,H8,Tornada,0,Meridiana - La Sagrera,455,06:53:42,53.7,5.116666666616666,307.0,"1,2,3,4,5,6,7,8,9,10,11,12,13,14,15,16,17,18,19,20,21,22,23,24,25,26,27,28,29,30,31,32,33,34,35,36,37,38"
6414,2,H8,Tornada,0,Meridiana - La Sagrera,455,07:00:13,0.22,6.500000000016667,390.0,"1,2,3,4,5,6,7,8,9,10,11,12,13,14,15,16,17,18,19,20,21,22,23,24,25,26,27,28,29,30,31,32,33,34,35,36,37,38"
6059,4,H8,Tornada,0,Meridiana - La Sagrera,455,07:06:13,6.22,6.000000000033333,360.0,"1,2,3,4,5,6,7,8,9,10,11,12,13,14,15,16,17,18,19,20,21,22,23,24,25,26,27,28,29,30,31,32,33,34,35,36,37,38"
6415,4,H8,Tornada,0,Meridiana - La Sagrera,455,07:16:47,16.78,10.566666666633333,634.0,"1,2,3,4,5,6,7,8,9,10,11,12,13,14,15,16,17,18,19,20,21,22,23,24,25,26,27,28,29,30,31,32,33,34,35,36,37,38"
1547,2,H8,Tornada,0,Meridiana - La Sagrera,455,07:21:25,21.42,4.633333333366666,278.0,"1,2,3,4,5,6,7,8,9,10,11,12,13,14,15,16,17,18,19,20,21,22,23,24,25,26,27,28,29,30,31,32,33,34,35,36,37,38"
2671,2,H8,Tornada,0,Meridiana - La Sagrera,455,07:30:15,30.25,8.849999999933335,531.0,"1,2,3,4,5,6,7,8,9,10,11,12,13,14,15,16,17,18,19,20,21,22,23,24,25,26,27,28,29,30,31,32,33,34,35,36,37,38"
6217,4,H8,Tornada,0,Meridiana - La Sagrera,455,07:40:11,40.18,9.916666666733333,595.0,"1,2,3,4,5,6,7,8,9,10,11,12,13,14,15,16,17,18,19,20,21,22,23,24,25,26,27,28,29,30,31,32,33,34,35,36,37,38"
6026,5,H8,Tornada,0,Meridiana - La Sagrera,455,07:47:16,47.27,7.099999999933333,426.0,"1,2,3,4,5,6,7,8,9,10,11,12,13,14,15,16,17,18,19,20,21,22,23,24,25,26,27,28,29,30,31,32,33,34,35,36,37,38"
6401,4,H8,Tornada,0,Meridiana - La Sagrera,455,07:56:58,56.97,9.683333333399998,581.0,"1,2,3,4,5,6,7,8,9,10,11,12,13,14,15,16,17,18,19,20,21,22,23,24,25,26,27,28,29,30,31,32,33,34,35,36,37,38"
6402,5,H8,Tornada,0,Meridiana - La Sagrera,455,08:04:58,4.97,8.0,480.0,"1,2,3,4,5,6,7,8,9,10,11,12,13,14,15,16,17,18,19,20,21,22,23,24,25,26,27,28,29,30,31,32,33,34,35,36,37,38"
6808,5,H8,Tornada,0,Meridiana - La Sagrera,455,08:13:27,13.45,8.499999999933333,510.0,"1,2,3,4,5,6,7,8,9,10,11,12,13,14,15,16,17,18,19,20,21,22,23,24,25,26,27,28,29,30,31,32,33,34,35,36,37,38"
6037,5,H8,Tornada,0,Meridiana - La Sagrera,455,08:18:45,18.75,5.2833333333666666,317.0,"1,2,3,4,5,6,7,8,9,10,11,12,13,14,15,16,17,18,19,20,21,22,23,24,25,26,27,28,29,30,31,32,33,34,35,36,37,38"
6047,4,H8,Tornada,0,Meridiana - La Sagrera,455,08:27:11,27.18,8.433333333366667,506.0,"1,2,3,4,5,6,7,8,9,10,11,12,13,14,15,16,17,18,19,20,21,22,23,24,25,26,27,28,29,30,31,32,33,34,35,36,37,38"
6406,5,H8,Tornada,0,Meridiana - La Sagrera,455,08:35:14,35.23,8.049999999966667,483.0,"1,2,3,4,5,6,7,8,9,10,11,12,13,14,15,16,17,18,19,20,21,22,23,24,25,26,27,28,29,30,31,32,33,34,35,36,37,38"
6215,5,H8,Tornada,0,Meridiana - La Sagrera,455,08:43:30,43.5,8.2833333333,497.0,"1,2,3,4,5,6,7,8,9,10,11,12,13,14,15,16,17,18,19,20,21,22,23,24,25,26,27,28,29,30,31,32,33,34,35,36,37,38"
6046,5,H8,Tornada,0,Meridiana - La Sagrera,455,08:56:38,56.63,13.116666666733332,787.0,"1,2,3,4,5,6,7,8,9,10,11,12,13,14,15,16,17,18,19,20,21,22,23,24,25,26,27,28,29,30,31,32,33,34,35,36,37,38"
6407,5,H8,Tornada,0,Meridiana - La Sagrera,455,09:03:39,3.65,7.016666666633333,421.0,"1,2,3,4,5,6,7,8,9,10,11,12,13,14,15,16,17,18,19,20,21,22,23,24,25,26,27,28,29,30,31,32,33,34,35,36,37,38"
6079,5,H8,Tornada,0,Meridiana - La Sagrera,455,09:16:32,16.53,12.883333333366666,773.0,"1,2,3,4,5,6,7,8,9,10,11,12,13,14,15,16,17,18,19,20,21,22,23,24,25,26,27,28,29,30,31,32,33,34,35,36,37,38"
6024,6,H8,Tornada,0,Meridiana - La Sagrera,455,09:21:20,21.33,4.799999999966667,288.0,"1,2,3,4,5,6,7,8,9,10,11,12,13,14,15,16,17,18,19,20,21,22,23,24,25,26,27,28,29,30,31,32,33,34,35,36,37,38"
6056,5,H8,Tornada,0,Meridiana - La Sagrera,455,09:28:10,28.17,6.849999999966667,411.0,"1,2,3,4,5,6,7,8,9,10,11,12,13,14,15,16,17,18,19,20,21,22,23,24,25,26,27,28,29,30,31,32,33,34,35,36,37,38"
6411,7,H8,Tornada,0,Meridiana - La Sagrera,455,09:35:05,35.08,6.900000000066667,414.0,"1,2,3,4,5,6,7,8,9,10,11,12,13,14,15,16,17,18,19,20,21,22,23,24,25,26,27,28,29,30,31,32,33,34,35,36,37,38"
6059,7,H8,Tornada,0,Meridiana - La Sagrera,455,09:44:35,44.58,9.5166666666,571.0,"1,2,3,4,5,6,7,8,9,10,11,12,13,14,15,16,17,18,19,20,21,22,23,24,25,26,27,28,29,30,31,32,33,34,35,36,37,38"
6055,5,H8,Tornada,0,Meridiana - La Sagrera,455,09:53:08,53.13,8.016666666599999,481.0,"1,2,3,4,5,6,7,8,9,10,11,12,13,14,15,16,17,18,19,20,21,22,23,24,25,26,27,28,29,30,31,32,33,34,35,36,37,38"
6414,5,H8,Tornada,0,Meridiana - La Sagrera,455,10:01:25,1.42,8.266666666699999,496.0,"1,2,3,4,5,6,7,8,9,10,11,12,13,14,15,16,17,18,19,20,21,22,23,24,25,26,27,28,29,30,31,32,33,34,35,36,37,38"
6415,7,H8,Tornada,0,Meridiana - La Sagrera,455,10:14:50,14.83,13.416666666666666,805.0,"1,2,3,4,5,6,7,8,9,10,11,12,13,14,15,16,17,18,19,20,21,22,23,24,25,26,27,28,29,30,31,32,33,34,35,36,37,38"
1547,5,H8,Tornada,0,Meridiana - La Sagrera,455,10:24:42,24.7,9.8666666667,592.0,"1,2,3,4,5,6,7,8,9,10,11,12,13,14,15,16,17,18,19,20,21,22,23,24,25,26,27,28,29,30,31,32,33,34,35,36,37,38"
2671,5,H8,Tornada,0,Meridiana - La Sagrera,455,10:30:08,30.13,5.433333333333334,326.0,"1,2,3,4,5,6,7,8,9,10,11,12,13,14,15,16,17,18,19,20,21,22,23,24,25,26,27,28,29,30,31,32,33,34,35,36,37,38"
6217,7,H8,Tornada,0,Meridiana - La Sagrera,455,10:38:22,38.37,8.233333333300001,494.0,"1,2,3,4,5,6,7,8,9,10,11,12,13,14,15,16,17,18,19,20,21,22,23,24,25,26,27,28,29,30,31,32,33,34,35,36,37,38"
6026,8,H8,Tornada,0,Meridiana - La Sagrera,455,10:48:25,48.42,10.05,603.0,"1,2,3,4,5,6,7,8,9,10,11,12,13,14,15,16,17,18,19,20,21,22,23,24,25,26,27,28,29,30,31,32,33,34,35,36,37,38"
6401,6,H8,Tornada,0,Meridiana - La Sagrera,455,10:57:53,57.88,9.483333333300001,569.0,"1,2,3,4,5,6,7,8,9,10,11,12,13,14,15,16,17,18,19,20,21,22,23,24,25,26,27,28,29,30,31,32,33,34,35,36,37,38"
6402,8,H8,Tornada,0,Meridiana - La Sagrera,455,11:08:12,8.2,10.300000000066666,618.0,"1,2,3,4,5,6,7,8,9,10,11,12,13,14,15,16,17,18,19,20,21,22,23,24,25,26,27,28,29,30,31,32,33,34,35,36,37,38"
6808,8,H8,Tornada,0,Meridiana - La Sagrera,455,11:16:23,16.38,8.1833333333,491.0,"1,2,3,4,5,6,7,8,9,10,11,12,13,14,15,16,17,18,19,20,21,22,23,24,25,26,27,28,29,30,31,32,33,34,35,36,37,38"
6037,8,H8,Tornada,0,Meridiana - La Sagrera,455,11:24:29,24.48,8.1,486.0,"1,2,3,4,5,6,7,8,9,10,11,12,13,14,15,16,17,18,19,20,21,22,23,24,25,26,27,28,29,30,31,32,33,34,35,36,37,38"
6047,7,H8,Tornada,0,Meridiana - La Sagrera,455,11:33:19,33.32,8.833333333333334,530.0,"1,2,3,4,5,6,7,8,9,10,11,12,13,14,15,16,17,18,19,20,21,22,23,24,25,26,27,28,29,30,31,32,33,34,35,36,37,38"
6406,8,H8,Tornada,0,Meridiana - La Sagrera,455,11:41:39,41.65,8.349999999966666,501.0,"1,2,3,4,5,6,7,8,9,10,11,12,13,14,15,16,17,18,19,20,21,22,23,24,25,26,27,28,29,30,31,32,33,34,35,36,37,38"
6215,8,H8,Tornada,0,Meridiana - La Sagrera,455,11:48:30,48.5,6.849999999983334,411.0,"1,2,3,4,5,6,7,8,9,10,11,12,13,14,15,16,17,18,19,20,21,22,23,24,25,26,27,28,29,30,31,32,33,34,35,36,37,38"
6121,2,H8,Tornada,0,Meridiana - La Sagrera,455,11:56:44,56.73,8.23333333335,494.0,"1,2,3,4,5,6,7,8,9,10,11,12,13,14,15,16,17,18,19,20,21,22,23,24,25,26,27,28,29,30,31,32,33,34,35,36,37,38"
6407,8,H8,Tornada,0,Meridiana - La Sagrera,455,12:03:27,3.45,6.7166666666833335,403.0,"1,2,3,4,5,6,7,8,9,10,11,12,13,14,15,16,17,18,19,20,21,22,23,24,25,26,27,28,29,30,31,32,33,34,35,36,37,38"
6079,8,H8,Tornada,0,Meridiana - La Sagrera,455,12:10:10,10.17,6.700000000016667,402.0,"1,2,3,4,5,6,7,8,9,10,11,12,13,14,15,16,17,18,19,20,21,22,23,24,25,26,27,28,29,30,31,32,33,34,35,36,37,38"
6024,9,H8,Tornada,0,Meridiana - La Sagrera,455,12:17:13,17.22,7.066666666633334,424.0,"1,2,3,4,5,6,7,8,9,10,11,12,13,14,15,16,17,18,19,20,21,22,23,24,25,26,27,28,29,30,31,32,33,34,35,36,37,38"
6056,8,H8,Tornada,0,Meridiana - La Sagrera,455,12:27:16,27.27,10.05,603.0,"1,2,3,4,5,6,7,8,9,10,11,12,13,14,15,16,17,18,19,20,21,22,23,24,25,26,27,28,29,30,31,32,33,34,35,36,37,38"
6411,10,H8,Tornada,0,Meridiana - La Sagrera,455,12:35:12,35.2,7.916666666733334,475.0,"1,2,3,4,5,6,7,8,9,10,11,12,13,14,15,16,17,18,19,20,21,22,23,24,25,26,27,28,29,30,31,32,33,34,35,36,37,38"
6059,10,H8,Tornada,0,Meridiana - La Sagrera,455,12:43:31,43.52,8.333333333266667,500.0,"1,2,3,4,5,6,7,8,9,10,11,12,13,14,15,16,17,18,19,20,21,22,23,24,25,26,27,28,29,30,31,32,33,34,35,36,37,38"
6055,8,H8,Tornada,0,Meridiana - La Sagrera,455,12:53:04,53.07,9.549999999966667,573.0,"1,2,3,4,5,6,7,8,9,10,11,12,13,14,15,16,17,18,19,20,21,22,23,24,25,26,27,28,29,30,31,32,33,34,35,36,37,38"
6414,8,H8,Tornada,0,Meridiana - La Sagrera,455,13:02:05,2.08,9.000000000033333,540.0,"1,2,3,4,5,6,7,8,9,10,11,12,13,14,15,16,17,18,19,20,21,22,23,24,25,26,27,28,29,30,31,32,33,34,35,36,37,38"
6415,10,H8,Tornada,0,Meridiana - La Sagrera,455,13:15:31,15.52,13.433333333366667,806.0,"1,2,3,4,5,6,7,8,9,10,11,12,13,14,15,16,17,18,19,20,21,22,23,24,25,26,27,28,29,30,31,32,33,34,35,36,37,38"
1547,8,H8,Tornada,0,Meridiana - La Sagrera,455,13:22:17,22.28,6.7833333332666665,407.0,"1,2,3,4,5,6,7,8,9,10,11,12,13,14,15,16,17,18,19,20,21,22,23,24,25,26,27,28,29,30,31,32,33,34,35,36,37,38"
2671,8,H8,Tornada,0,Meridiana - La Sagrera,455,13:30:36,30.6,8.300000000066667,498.0,"1,2,3,4,5,6,7,8,9,10,11,12,13,14,15,16,17,18,19,20,21,22,23,24,25,26,27,28,29,30,31,32,33,34,35,36,37,38"
6217,10,H8,Tornada,0,Meridiana - La Sagrera,455,13:34:36,34.6,3.9999999999666667,240.0,"1,2,3,4,5,6,7,8,9,10,11,12,13,14,15,16,17,18,19,20,21,22,23,24,25,26,27,28,29,30,31,32,33,34,35,36,37,38"
6026,11,H8,Tornada,0,Meridiana - La Sagrera,455,13:45:45,45.75,11.166666666633335,670.0,"1,2,3,4,5,6,7,8,9,10,11,12,13,14,15,16,17,18,19,20,21,22,23,24,25,26,27,28,29,30,31,32,33,34,35,36,37,38"
6401,9,H8,Tornada,0,Meridiana - La Sagrera,455,13:51:29,51.48,5.733333333333333,344.0,"1,2,3,4,5,6,7,8,9,10,11,12,13,14,15,16,17,18,19,20,21,22,23,24,25,26,27,28,29,30,31,32,33,34,35,36,37,38"
6402,11,H8,Tornada,0,Meridiana - La Sagrera,455,14:03:46,3.77,12.266666666733332,736.0,"1,2,3,4,5,6,7,8,9,10,11,12,13,14,15,16,17,18,19,20,21,22,23,24,25,26,27,28,29,30,31,32,33,34,35,36,37,38"
6808,11,H8,Tornada,0,Meridiana - La Sagrera,455,14:10:17,10.28,6.5333333332666665,392.0,"1,2,3,4,5,6,7,8,9,10,11,12,13,14,15,16,17,18,19,20,21,22,23,24,25,26,27,28,29,30,31,32,33,34,35,36,37,38"
6037,11,H8,Tornada,0,Meridiana - La Sagrera,455,14:20:17,20.28,9.9833333334,599.0,"1,2,3,4,5,6,7,8,9,10,11,12,13,14,15,16,17,18,19,20,21,22,23,24,25,26,27,28,29,30,31,32,33,34,35,36,37,38"
6047,10,H8,Tornada,0,Meridiana - La Sagrera,455,14:24:40,24.67,4.383333333333334,263.0,"1,2,3,4,5,6,7,8,9,10,11,12,13,14,15,16,17,18,19,20,21,22,23,24,25,26,27,28,29,30,31,32,33,34,35,36,37,38"
6406,11,H8,Tornada,0,Meridiana - La Sagrera,455,14:33:32,33.53,8.883333333266668,533.0,"1,2,3,4,5,6,7,8,9,10,11,12,13,14,15,16,17,18,19,20,21,22,23,24,25,26,27,28,29,30,31,32,33,34,35,36,37,38"
6215,11,H8,Tornada,0,Meridiana - La Sagrera,455,14:45:34,45.57,12.016666666699999,721.0,"1,2,3,4,5,6,7,8,9,10,11,12,13,14,15,16,17,18,19,20,21,22,23,24,25,26,27,28,29,30,31,32,33,34,35,36,37,38"
6121,5,H8,Tornada,0,Meridiana - La Sagrera,455,14:50:15,50.25,4.683333333333334,281.0,"1,2,3,4,5,6,7,8,9,10,11,12,13,14,15,16,17,18,19,20,21,22,23,24,25,26,27,28,29,30,31,32,33,34,35,36,37,38"
6407,11,H8,Tornada,0,Meridiana - La Sagrera,455,14:58:34,58.57,8.3333333333,500.0,"1,2,3,4,5,6,7,8,9,10,11,12,13,14,15,16,17,18,19,20,21,22,23,24,25,26,27,28,29,30,31,32,33,34,35,36,37,38"
6079,11,H8,Tornada,0,Meridiana - La Sagrera,455,15:08:41,8.68,10.100000000066666,606.0,"1,2,3,4,5,6,7,8,9,10,11,12,13,14,15,16,17,18,19,20,21,22,23,24,25,26,27,28,29,30,31,32,33,34,35,36,37,38"
6024,12,H8,Tornada,0,Meridiana - La Sagrera,455,15:18:50,18.83,10.15,609.0,"1,2,3,4,5,6,7,8,9,10,11,12,13,14,15,16,17,18,19,20,21,22,23,24,25,26,27,28,29,30,31,32,33,34,35,36,37,38"
6056,11,H8,Tornada,0,Meridiana - La Sagrera,455,15:29:54,29.9,11.066666666633333,664.0,"1,2,3,4,5,6,7,8,9,10,11,12,13,14,15,16,17,18,19,20,21,22,23,24,25,26,27,28,29,30,31,32,33,34,35,36,37,38"
6411,13,H8,Tornada,0,Meridiana - La Sagrera,455,15:35:29,35.48,5.583333333333333,335.0,"1,2,3,4,5,6,7,8,9,10,11,12,13,14,15,16,17,18,19,20,21,22,23,24,25,26,27,28,29,30,31,32,33,34,35,36,37,38"
6211,12,H8,Tornada,0,Meridiana - La Sagrera,455,15:46:31,46.52,11.049999999966667,663.0,"1,2,3,4,5,6,7,8,9,10,11,12,13,14,15,16,17,18,19,20,21,22,23,24,25,26,27,28,29,30,31,32,33,34,35,36,37,38"
6055,11,H8,Tornada,0,Meridiana - La Sagrera,455,15:53:31,53.52,6.9666666666333334,418.0,"1,2,3,4,5,6,7,8,9,10,11,12,13,14,15,16,17,18,19,20,21,22,23,24,25,26,27,28,29,30,31,32,33,34,35,36,37,38"
6030,2,H8,Tornada,0,Meridiana - La Sagrera,455,16:00:16,0.27,6.733333333366667,404.0,"1,2,3,4,5,6,7,8,9,10,11,12,13,14,15,16,17,18,19,20,21,22,23,24,25,26,27,28,29,30,31,32,33,34,35,36,37,38"
6414,11,H8,Tornada,0,Meridiana - La Sagrera,455,16:04:46,4.77,4.516666666633333,271.0,"1,2,3,4,5,6,7,8,9,10,11,12,13,14,15,16,17,18,19,20,21,22,23,24,25,26,27,28,29,30,31,32,33,34,35,36,37,38"
6415,13,H8,Tornada,0,Meridiana - La Sagrera,455,16:16:49,16.82,12.05,723.0,"1,2,3,4,5,6,7,8,9,10,11,12,13,14,15,16,17,18,19,20,21,22,23,24,25,26,27,28,29,30,31,32,33,34,35,36,37,38"
1547,11,H8,Tornada,0,Meridiana - La Sagrera,455,16:24:52,24.87,8.033333333366667,482.0,"1,2,3,4,5,6,7,8,9,10,11,12,13,14,15,16,17,18,19,20,21,22,23,24,25,26,27,28,29,30,31,32,33,34,35,36,37,38"
2671,11,H8,Tornada,0,Meridiana - La Sagrera,455,16:28:40,28.67,3.816666666633333,229.0,"1,2,3,4,5,6,7,8,9,10,11,12,13,14,15,16,17,18,19,20,21,22,23,24,25,26,27,28,29,30,31,32,33,34,35,36,37,38"
6217,13,H8,Tornada,0,Meridiana - La Sagrera,455,16:42:04,42.07,13.383333333366666,803.0,"1,2,3,4,5,6,7,8,9,10,11,12,13,14,15,16,17,18,19,20,21,22,23,24,25,26,27,28,29,30,31,32,33,34,35,36,37,38"
6026,14,H8,Tornada,0,Meridiana - La Sagrera,455,16:44:51,44.85,2.78333333335,167.0,"1,2,3,4,5,6,7,8,9,10,11,12,13,14,15,16,17,18,19,20,21,22,23,24,25,26,27,28,29,30,31,32,33,34,35,36,37,38"
6409,2,H8,Tornada,0,Meridiana - La Sagrera,455,16:55:02,55.03,10.18333333335,611.0,"1,2,3,4,5,6,7,8,9,10,11,12,13,14,15,16,17,18,19,20,21,22,23,24,25,26,27,28,29,30,31,32,33,34,35,36,37,38"
6401,12,H8,Tornada,0,Meridiana - La Sagrera,455,16:58:03,58.05,3.033333333266667,182.0,"1,2,3,4,5,6,7,8,9,10,11,12,13,14,15,16,17,18,19,20,21,22,23,24,25,26,27,28,29,30,31,32,33,34,35,36,37,38"
6402,14,H8,Tornada,0,Meridiana - La Sagrera,455,17:06:20,6.33,8.266666666699999,496.0,"1,2,3,4,5,6,7,8,9,10,11,12,13,14,15,16,17,18,19,20,21,22,23,24,25,26,27,28,29,30,31,32,33,34,35,36,37,38"
6808,14,H8,Tornada,0,Meridiana - La Sagrera,455,17:15:10,15.17,8.833333333366665,530.0,"1,2,3,4,5,6,7,8,9,10,11,12,13,14,15,16,17,18,19,20,21,22,23,24,25,26,27,28,29,30,31,32,33,34,35,36,37,38"
6037,14,H8,Tornada,0,Meridiana - La Sagrera,455,17:27:44,27.73,12.583333333266667,755.0,"1,2,3,4,5,6,7,8,9,10,11,12,13,14,15,16,17,18,19,20,21,22,23,24,25,26,27,28,29,30,31,32,33,34,35,36,37,38"
6406,14,H8,Tornada,0,Meridiana - La Sagrera,455,17:42:10,42.17,14.416666666733333,865.0,"1,2,3,4,5,6,7,8,9,10,11,12,13,14,15,16,17,18,19,20,21,22,23,24,25,26,27,28,29,30,31,32,33,34,35,36,37,38"
6047,13,H8,Tornada,0,Meridiana - La Sagrera,455,17:48:06,48.1,5.9499999999333335,357.0,"1,2,3,4,5,6,7,8,9,10,11,12,13,14,15,16,17,18,19,20,21,22,23,24,25,26,27,28,29,30,31,32,33,34,35,36,37,38"
6408,9,H8,Tornada,0,Meridiana - La Sagrera,455,17:58:06,58.1,9.433333333333334,566.0,"1,2,3,4,5,6,7,8,9,10,11,12,13,14,15,16,17,18,19,20,21,22,23,24,25,26,27,28,29,30,31,32,33,34,35,36,37,38"
6407,14,H8,Tornada,0,Meridiana - La Sagrera,455,17:59:41,59.68,1.5666666666333335,94.0,"1,2,3,4,5,6,7,8,9,10,11,12,13,14,15,16,17,18,19,20,21,22,23,24,25,26,27,28,29,30,31,32,33,34,35,36,37,38"
6079,14,H8,Tornada,0,Meridiana - La Sagrera,455,18:12:10,12.17,12.483333333366666,749.0,"1,2,3,4,5,6,7,8,9,10,11,12,13,14,15,16,17,18,19,20,21,22,23,24,25,26,27,28,29,30,31,32,33,34,35,36,37,38"
6024,15,H8,Tornada,0,Meridiana - La Sagrera,455,18:16:42,16.7,4.533333333333333,272.0,"1,2,3,4,5,6,7,8,9,10,11,12,13,14,15,16,17,18,19,20,21,22,23,24,25,26,27,28,29,30,31,32,33,34,35,36,37,38"
6056,14,H8,Tornada,0,Meridiana - La Sagrera,455,18:24:59,24.98,8.2833333333,497.0,"1,2,3,4,5,6,7,8,9,10,11,12,13,14,15,16,17,18,19,20,21,22,23,24,25,26,27,28,29,30,31,32,33,34,35,36,37,38"
6411,16,H8,Tornada,0,Meridiana - La Sagrera,455,18:33:34,33.57,8.599999999966666,516.0,"1,2,3,4,5,6,7,8,9,10,11,12,13,14,15,16,17,18,19,20,21,22,23,24,25,26,27,28,29,30,31,32,33,34,35,36,37,38"
6059,16,H8,Tornada,0,Meridiana - La Sagrera,455,18:38:25,38.42,4.833333333366666,290.0,"1,2,3,4,5,6,7,8,9,10,11,12,13,14,15,16,17,18,19,20,21,22,23,24,25,26,27,28,29,30,31,32,33,34,35,36,37,38"
6030,5,H8,Tornada,0,Meridiana - La Sagrera,455,18:49:46,49.77,11.350000000033333,681.0,"1,2,3,4,5,6,7,8,9,10,11,12,13,14,15,16,17,18,19,20,21,22,23,24,25,26,27,28,29,30,31,32,33,34,35,36,37,38"
6414,14,H8,Tornada,0,Meridiana - La Sagrera,455,18:56:01,56.02,6.2666666666,376.0,"1,2,3,4,5,6,7,8,9,10,11,12,13,14,15,16,17,18,19,20,21,22,23,24,25,26,27,28,29,30,31,32,33,34,35,36,37,38"
6415,16,H8,Tornada,0,Meridiana - La Sagrera,455,19:08:40,8.67,12.65,759.0,"1,2,3,4,5,6,7,8,9,10,11,12,13,14,15,16,17,18,19,20,21,22,23,24,25,26,27,28,29,30,31,32,33,34,35,36,37,38"
1547,14,H8,Tornada,0,Meridiana - La Sagrera,455,19:14:20,14.33,5.666666666666667,340.0,"1,2,3,4,5,6,7,8,9,10,11,12,13,14,15,16,17,18,19,20,21,22,23,24,25,26,27,28,29,30,31,32,33,34,35,36,37,38"
6409,5,H8,Tornada,0,Meridiana - La Sagrera,455,19:37:32,37.53,23.1833333334,1391.0,"1,2,3,4,5,6,7,8,9,10,11,12,13,14,15,16,17,18,19,20,21,22,23,24,25,26,27,28,29,30,31,32,33,34,35,36,37,38"
6026,17,H8,Tornada,0,Meridiana - La Sagrera,455,19:39:48,39.8,2.2666666666666666,136.0,"1,2,3,4,5,6,7,8,9,10,11,12,13,14,15,16,17,18,19,20,21,22,23,24,25,26,27,28,29,30,31,32,33,34,35,36,37,38"
6401,15,H8,Tornada,0,Meridiana - La Sagrera,455,19:46:30,46.5,6.7166666666,403.0,"1,2,3,4,5,6,7,8,9,10,11,12,13,14,15,16,17,18,19,20,21,22,23,24,25,26,27,28,29,30,31,32,33,34,35,36,37,38"
6402,17,H8,Tornada,0,Meridiana - La Sagrera,455,19:56:48,56.8,10.283333333366667,617.0,"1,2,3,4,5,6,7,8,9,10,11,12,13,14,15,16,17,18,19,20,21,22,23,24,25,26,27,28,29,30,31,32,33,34,35,36,37,38"
6037,17,H8,Tornada,0,Meridiana - La Sagrera,455,20:11:36,11.6,14.816666666633333,889.0,"1,2,3,4,5,6,7,8,9,10,11,12,13,14,15,16,17,18,19,20,21,22,23,24,25,26,27,28,29,30,31,32,33,34,35,36,37,38"
6047,15,H8,Tornada,0,Meridiana - La Sagrera,455,20:17:38,17.63,6.016666666733333,361.0,"1,2,3,4,5,6,7,8,9,10,11,12,13,14,15,16,17,18,19,20,21,22,23,24,25,26,27,28,29,30,31,32,33,34,35,36,37,38"
6121,11,H8,Tornada,0,Meridiana - La Sagrera,455,20:34:58,34.97,16.516666666733332,991.0,"1,2,3,4,5,6,7,8,9,10,11,12,13,14,15,16,17,18,19,20,21,22,23,24,25,26,27,28,29,30,31,32,33,34,35,36,37,38"
6024,18,H8,Tornada,0,Meridiana - La Sagrera,455,20:49:08,49.13,14.183333333266667,851.0,"1,2,3,4,5,6,7,8,9,10,11,12,13,14,15,16,17,18,19,20,21,22,23,24,25,26,27,28,29,30,31,32,33,34,35,36,37,38"
6411,18,H8,Tornada,0,Meridiana - La Sagrera,455,21:06:22,6.37,17.233333333333334,1034.0,"1,2,3,4,5,6,7,8,9,10,11,12,13,14,15,16,17,18,19,20,21,22,23,24,25,26,27,28,29,30,31,32,33,34,35,36,37,38"
6414,17,H8,Tornada,0,Meridiana - La Sagrera,455,21:24:47,24.78,18.400000000066665,1104.0,"1,2,3,4,5,6,7,8,9,10,11,12,13,14,15,16,17,18,19,20,21,22,23,24,25,26,27,28,29,30,31,32,33,34,35,36,37,38"
6415,18,H8,Tornada,0,Meridiana - La Sagrera,455,21:46:51,46.85,22.066666666666666,1324.0,"1,2,3,4,5,6,7,8,9,10,11,12,13,14,15,16,17,18,19,20,21,22,23,24,25,26,27,28,29,30,31,32,33,34,35,36,37,38"
6059,1,H8,Tornada,1,Sas - Pl Celestí Boada - Final de trajecte,3642,03:50:00,50.0,,,"13,14,15,16,17,18,19,20,21,22,23,24,25,26,27,28,29,30,31,32,33,34,35,36,37,38"
6415,1,H8,Tornada,1,Sas - Pl Celestí Boada - Final de trajecte,3642,04:05:00,5.0,15.0,900.0,"13,14,15,16,17,18,19,20,21,22,23,24,25,26,27,28,29,30,31,32,33,34,35,36,37,38"
6217,1,H8,Tornada,1,Sas - Pl Celestí Boada - Final de trajecte,3642,04:19:59,19.98,14.999999999933333,900.0,"13,14,15,16,17,18,19,20,21,22,23,24,25,26,27,28,29,30,31,32,33,34,35,36,37,38"
6026,1,H8,Tornada,1,Sas - Pl Celestí Boada - Final de trajecte,3642,04:30:00,30.0,10.000000000066667,600.0,"13,14,15,16,17,18,19,20,21,22,23,24,25,26,27,28,29,30,31,32,33,34,35,36,37,38"
6402,1,H8,Tornada,1,Sas - Pl Celestí Boada - Final de trajecte,3642,04:46:59,46.98,16.999999999933333,1020.0,"13,14,15,16,17,18,19,20,21,22,23,24,25,26,27,28,29,30,31,32,33,34,35,36,37,38"
6037,1,H8,Tornada,1,Sas - Pl Celestí Boada - Final de trajecte,3642,05:00:21,0.35,13.366666666666667,802.0,"13,14,15,16,17,18,19,20,21,22,23,24,25,26,27,28,29,30,31,32,33,34,35,36,37,38"
6047,1,H8,Tornada,1,Sas - Pl Celestí Boada - Final de trajecte,3642,05:07:38,7.63,7.283333333333333,437.0,"12,13,16,17,18,19,20,21,22,23,24,25,26,27,28,29,30,31,32,33,34,35,36,37,38"
6406,1,H8,Tornada,1,Sas - Pl Celestí Boada - Final de trajecte,3642,05:14:56,14.93,7.2833333334,437.0,"13,14,15,16,17,18,19,20,21,22,23,24,25,26,27,28,29,30,31,32,33,34,35,36,37,38"
6215,1,H8,Tornada,1,Sas - Pl Celestí Boada - Final de trajecte,3642,05:22:11,22.18,7.2666666666,436.0,"13,14,15,16,17,18,19,20,21,22,23,24,25,26,27,28,29,30,31,32,33,34,35,36,37,38"
6046,1,H8,Tornada,1,Sas - Pl Celestí Boada - Final de trajecte,3642,05:29:31,29.52,7.3166666667,439.0,"13,14,15,16,17,18,19,20,21,22,23,24,25,26,27,28,29,30,31,32,33,34,35,36,37,38"
6408,1,H8,Tornada,1,Sas - Pl Celestí Boada - Final de trajecte,3642,05:36:46,36.77,7.25,435.0,"13,14,15,16,17,18,19,20,21,22,23,24,25,26,27,28,29,30,31,32,33,34,35,36,37,38"
6407,1,H8,Tornada,1,Sas - Pl Celestí Boada - Final de trajecte,3642,05:44:24,44.4,7.633333333366666,458.0,"13,14,15,16,17,18,19,20,21,22,23,24,25,26,27,28,29,30,31,32,33,34,35,36,37,38"
6079,1,H8,Tornada,1,Sas - Pl Celestí Boada - Final de trajecte,3642,05:51:49,51.82,7.416666666633334,445.0,"13,14,15,16,17,18,19,20,21,22,23,24,25,26,27,28,29,30,31,32,33,34,35,36,37,38"
6024,2,H8,Tornada,1,Sas - Pl Celestí Boada - Final de trajecte,3642,05:59:15,59.25,7.433333333366666,446.0,"2,13,14,15,16,17,18,19,20,21,22,23,24,25,26,27,28,29,30,31,32,33,34,35,36,37,38"
6056,1,H8,Tornada,1,Sas - Pl Celestí Boada - Final de trajecte,3642,06:06:37,6.62,7.366666666633334,442.0,"13,14,15,16,17,18,19,20,21,22,23,24,25,26,27,28,29,30,31,32,33,34,35,36,37,38"
6411,3,H8,Tornada,1,Sas - Pl Celestí Boada - Final de trajecte,3642,06:14:11,14.18,7.566666666666666,454.0,"13,14,15,16,17,18,19,20,21,22,23,24,25,26,27,28,29,30,31,32,33,34,35,36,37,38"
6211,1,H8,Tornada,1,Sas - Pl Celestí Boada - Final de trajecte,3642,06:21:23,21.38,7.2166666666333334,433.0,"13,14,15,16,17,18,19,20,21,22,23,24,25,26,27,28,29,30,31,32,33,34,35,36,37,38"
6055,1,H8,Tornada,1,Sas - Pl Celestí Boada - Final de trajecte,3642,06:28:23,28.38,7.0,420.0,"13,14,15,16,17,18,19,20,21,22,23,24,25,26,27,28,29,30,31,32,33,34,35,36,37,38"
6414,1,H8,Tornada,1,Sas - Pl Celestí Boada - Final de trajecte,3642,06:35:43,35.72,7.33333333335,440.0,"13,14,15,16,17,18,19,20,21,22,23,24,25,26,27,28,29,30,31,32,33,34,35,36,37,38"
6059,3,H8,Tornada,1,Sas - Pl Celestí Boada - Final de trajecte,3642,06:40:00,40.0,4.2666666667166675,256.0,"13,14,15,16,17,18,19,20,21,22,23,24,25,26,27,28,29,30,31,32,33,34,35,36,37,38"
6415,3,H8,Tornada,1,Sas - Pl Celestí Boada - Final de trajecte,3642,06:52:09,52.15,12.166666666600001,730.0,"13,14,15,16,17,18,19,20,21,22,23,24,25,26,27,28,29,30,31,32,33,34,35,36,37,38"
1547,1,H8,Tornada,1,Sas - Pl Celestí Boada - Final de trajecte,3642,07:00:32,0.53,8.366666666733334,502.0,"13,14,15,16,17,18,19,20,21,22,23,24,25,26,27,28,29,30,31,32,33,34,35,36,37,38"
2671,1,H8,Tornada,1,Sas - Pl Celestí Boada - Final de trajecte,3642,07:08:56,8.93,8.4166666666,505.0,"13,14,15,16,17,18,19,20,21,22,23,24,25,26,27,28,29,30,31,32,33,34,35,36,37,38"
6217,3,H8,Tornada,1,Sas - Pl Celestí Boada - Final de trajecte,3642,07:17:02,17.03,8.083333333366665,485.0,"13,14,15,16,17,18,19,20,21,22,23,24,25,26,27,28,29,30,31,32,33,34,35,36,37,38"
6026,4,H8,Tornada,1,Sas - Pl Celestí Boada - Final de trajecte,3642,07:25:26,25.43,8.400000000033334,504.0,"13,14,15,16,17,18,19,20,21,22,23,24,25,26,27,28,29,30,31,32,33,34,35,36,37,38"
6401,3,H8,Tornada,1,Sas - Pl Celestí Boada - Final de trajecte,3642,07:33:51,33.85,8.416666666633335,505.0,"13,14,15,16,17,18,19,20,21,22,23,24,25,26,27,28,29,30,31,32,33,34,35,36,37,38"
6402,4,H8,Tornada,1,Sas - Pl Celestí Boada - Final de trajecte,3642,07:42:16,42.27,8.416666666666666,505.0,"13,14,15,16,17,18,19,20,21,22,23,24,25,26,27,28,29,30,31,32,33,34,35,36,37,38"
6808,4,H8,Tornada,1,Sas - Pl Celestí Boada - Final de trajecte,3642,07:50:40,50.67,8.416666666633335,505.0,"13,14,15,16,17,18,19,20,21,22,23,24,25,26,27,28,29,30,31,32,33,34,35,36,37,38"
6037,4,H8,Tornada,1,Sas - Pl Celestí Boada - Final de trajecte,3642,07:58:03,58.05,7.366666666733334,442.0,"13,14,15,16,17,18,19,20,21,22,23,24,25,26,27,28,29,30,31,32,33,34,35,36,37,38"
6047,3,H8,Tornada,1,Sas - Pl Celestí Boada - Final de trajecte,3642,08:06:28,6.47,8.416666666666666,505.0,"13,14,15,16,17,18,19,20,21,22,23,24,25,26,27,28,29,30,31,32,33,34,35,36,37,38"
6406,4,H8,Tornada,1,Sas - Pl Celestí Boada - Final de trajecte,3642,08:13:50,13.83,7.366666666633334,442.0,"13,14,15,16,17,18,19,20,21,22,23,24,25,26,27,28,29,30,31,32,33,34,35,36,37,38"
6215,4,H8,Tornada,1,Sas - Pl Celestí Boada - Final de trajecte,3642,08:21:11,21.18,7.366666666633334,442.0,"13,14,15,16,17,18,19,20,21,22,23,24,25,26,27,28,29,30,31,32,33,34,35,36,37,38"
6046,4,H8,Tornada,1,Sas - Pl Celestí Boada - Final de trajecte,3642,08:30:15,30.25,9.050000000033332,543.0,"13,14,15,16,17,18,19,20,21,22,23,24,25,26,27,28,29,30,31,32,33,34,35,36,37,38"
6407,4,H8,Tornada,1,Sas - Pl Celestí Boada - Final de trajecte,3642,08:45:23,45.38,15.149999999966667,909.0,"13,14,15,16,17,18,19,20,21,22,23,24,25,26,27,28,29,30,31,32,33,34,35,36,37,38"
6079,4,H8,Tornada,1,Sas - Pl Celestí Boada - Final de trajecte,3642,08:52:19,52.32,6.916666666699999,415.0,"13,14,15,16,17,18,19,20,21,22,23,24,25,26,27,28,29,30,31,32,33,34,35,36,37,38"
6024,5,H8,Tornada,1,Sas - Pl Celestí Boada - Final de trajecte,3642,09:00:24,0.4,8.083333333333334,485.0,"13,14,15,16,17,18,19,20,21,22,23,24,25,26,27,28,29,30,31,32,33,34,35,36,37,38"
6056,4,H8,Tornada,1,Sas - Pl Celestí Boada - Final de trajecte,3642,09:07:30,7.5,7.100000000033333,426.0,"13,14,15,16,17,18,19,20,21,22,23,24,25,26,27,28,29,30,31,32,33,34,35,36,37,38"
6411,6,H8,Tornada,1,Sas - Pl Celestí Boada - Final de trajecte,3642,09:15:35,15.58,8.0833333333,485.0,"13,14,15,16,17,18,19,20,21,22,23,24,25,26,27,28,29,30,31,32,33,34,35,36,37,38"
6059,6,H8,Tornada,1,Sas - Pl Celestí Boada - Final de trajecte,3642,09:25:46,25.77,10.199999999966668,612.0,"2,13,14,15,16,17,18,19,20,21,22,23,24,25,26,27,28,29,30,31,32,33,34,35,36,37,38"
6414,4,H8,Tornada,1,Sas - Pl Celestí Boada - Final de trajecte,3642,09:42:47,42.78,17.016666666633334,1021.0,"13,14,15,16,17,18,19,20,21,22,23,24,25,26,27,28,29,30,31,32,33,34,35,36,37,38"
6415,6,H8,Tornada,1,Sas - Pl Celestí Boada - Final de trajecte,3642,09:52:08,52.13,9.35,561.0,"13,14,15,16,17,18,19,20,21,22,23,24,25,26,27,28,29,30,31,32,33,34,35,36,37,38"
1547,4,H8,Tornada,1,Sas - Pl Celestí Boada - Final de trajecte,3642,10:00:31,0.52,8.3666666667,502.0,"13,14,15,16,17,18,19,20,21,22,23,24,25,26,27,28,29,30,31,32,33,34,35,36,37,38"
2671,4,H8,Tornada,1,Sas - Pl Celestí Boada - Final de trajecte,3642,10:09:51,9.85,9.333333333366665,560.0,"13,14,15,16,17,18,19,20,21,22,23,24,25,26,27,28,29,30,31,32,33,34,35,36,37,38"
6217,6,H8,Tornada,1,Sas - Pl Celestí Boada - Final de trajecte,3642,10:19:12,19.2,9.35,561.0,"3,13,14,15,16,17,18,19,20,21,22,23,24,25,26,27,28,29,30,31,32,33,34,35,36,37,38"
6026,7,H8,Tornada,1,Sas - Pl Celestí Boada - Final de trajecte,3642,10:28:36,28.6,9.399999999966667,564.0,"13,14,15,16,17,18,19,20,21,22,23,24,25,26,27,28,29,30,31,32,33,34,35,36,37,38"
6401,5,H8,Tornada,1,Sas - Pl Celestí Boada - Final de trajecte,3642,10:37:57,37.95,9.366666666633334,562.0,"13,14,15,16,17,18,19,20,21,22,23,24,25,26,27,28,29,30,31,32,33,34,35,36,37,38"
6402,7,H8,Tornada,1,Sas - Pl Celestí Boada - Final de trajecte,3642,10:46:20,46.33,8.383333333333333,503.0,"13,14,15,16,17,18,19,20,21,22,23,24,25,26,27,28,29,30,31,32,33,34,35,36,37,38"
6808,7,H8,Tornada,1,Sas - Pl Celestí Boada - Final de trajecte,3642,10:54:42,54.7,8.366666666666667,502.0,"13,14,15,16,17,18,19,20,21,22,23,24,25,26,27,28,29,30,31,32,33,34,35,36,37,38"
6037,7,H8,Tornada,1,Sas - Pl Celestí Boada - Final de trajecte,3642,11:03:05,3.08,8.366666666733334,502.0,"13,14,15,16,17,18,19,20,21,22,23,24,25,26,27,28,29,30,31,32,33,34,35,36,37,38"
6047,6,H8,Tornada,1,Sas - Pl Celestí Boada - Final de trajecte,3642,11:11:39,11.65,8.583333333266667,515.0,"13,14,15,16,17,18,19,20,21,22,23,24,25,26,27,28,29,30,31,32,33,34,35,36,37,38"
6406,7,H8,Tornada,1,Sas - Pl Celestí Boada - Final de trajecte,3642,11:19:51,19.85,8.1833333334,491.0,"13,14,15,16,17,18,19,20,21,22,23,24,25,26,27,28,29,30,31,32,33,34,35,36,37,38"
6215,7,H8,Tornada,1,Sas - Pl Celestí Boada - Final de trajecte,3642,11:27:13,27.22,7.366666666666666,442.0,"13,14,15,16,17,18,19,20,21,22,23,24,25,26,27,28,29,30,31,32,33,34,35,36,37,38"
6121,1,H8,Tornada,1,Sas - Pl Celestí Boada - Final de trajecte,3642,11:34:40,34.67,7.45,447.0,"13,14,15,16,17,18,19,20,21,22,23,24,25,26,27,28,29,30,31,32,33,34,35,36,37,38"
6407,7,H8,Tornada,1,Sas - Pl Celestí Boada - Final de trajecte,3642,11:42:54,42.9,8.233333333333333,494.0,"13,14,15,16,17,18,19,20,21,22,23,24,25,26,27,28,29,30,31,32,33,34,35,36,37,38"
6079,7,H8,Tornada,1,Sas - Pl Celestí Boada - Final de trajecte,3642,11:51:12,51.2,8.3166666666,499.0,"13,14,15,16,17,18,19,20,21,22,23,24,25,26,27,28,29,30,31,32,33,34,35,36,37,38"
6024,8,H8,Tornada,1,Sas - Pl Celestí Boada - Final de trajecte,3642,11:59:35,59.58,8.366666666733334,502.0,"13,14,15,16,17,18,19,20,21,22,23,24,25,26,27,28,29,30,31,32,33,34,35,36,37,38"
6056,7,H8,Tornada,1,Sas - Pl Celestí Boada - Final de trajecte,3642,12:07:54,7.9,8.333333333283333,500.0,"13,14,15,16,17,18,19,20,21,22,23,24,25,26,27,28,29,30,31,32,33,34,35,36,37,38"
6411,9,H8,Tornada,1,Sas - Pl Celestí Boada - Final de trajecte,3642,12:16:12,16.2,8.283333333349999,497.0,"2,13,14,15,16,17,18,19,20,21,22,23,24,25,26,27,28,29,30,31,32,33,34,35,36,37,38"
6059,9,H8,Tornada,1,Sas - Pl Celestí Boada - Final de trajecte,3642,12:24:31,24.52,8.3166666667,499.0,"13,14,15,16,17,18,19,20,21,22,23,24,25,26,27,28,29,30,31,32,33,34,35,36,37,38"
6055,7,H8,Tornada,1,Sas - Pl Celestí Boada - Final de trajecte,3642,12:32:49,32.82,8.3,498.0,"13,14,15,16,17,18,19,20,21,22,23,24,25,26,27,28,29,30,31,32,33,34,35,36,37,38"
6414,7,H8,Tornada,1,Sas - Pl Celestí Boada - Final de trajecte,3642,12:41:19,41.32,8.516666666599999,511.0,"13,14,15,16,17,18,19,20,21,22,23,24,25,26,27,28,29,30,31,32,33,34,35,36,37,38"
6415,9,H8,Tornada,1,Sas - Pl Celestí Boada - Final de trajecte,3642,12:50:41,50.68,9.350000000033333,561.0,"13,14,15,16,17,18,19,20,21,22,23,24,25,26,27,28,29,30,31,32,33,34,35,36,37,38"
1547,7,H8,Tornada,1,Sas - Pl Celestí Boada - Final de trajecte,3642,12:58:58,58.97,8.283333333366667,497.0,"13,14,15,16,17,18,19,20,21,22,23,24,25,26,27,28,29,30,31,32,33,34,35,36,37,38"
2671,7,H8,Tornada,1,Sas - Pl Celestí Boada - Final de trajecte,3642,13:07:15,7.25,8.283333333333333,497.0,"13,14,15,16,17,18,19,20,21,22,23,24,25,26,27,28,29,30,31,32,33,34,35,36,37,38"
6217,9,H8,Tornada,1,Sas - Pl Celestí Boada - Final de trajecte,3642,13:15:34,15.57,8.316666666666666,499.0,"13,14,15,16,17,18,19,20,21,22,23,24,25,26,27,28,29,30,31,32,33,34,35,36,37,38"
6026,10,H8,Tornada,1,Sas - Pl Celestí Boada - Final de trajecte,3642,13:23:53,23.88,8.316666666666666,499.0,"7,13,14,15,16,17,18,19,20,21,22,23,24,25,26,27,28,29,30,31,32,33,34,35,36,37,38"
6401,8,H8,Tornada,1,Sas - Pl Celestí Boada - Final de trajecte,3642,13:32:14,32.23,8.3666666666,502.0,"13,14,15,16,17,18,19,20,21,22,23,24,25,26,27,28,29,30,31,32,33,34,35,36,37,38"
6402,10,H8,Tornada,1,Sas - Pl Celestí Boada - Final de trajecte,3642,13:40:36,40.6,8.366666666666667,502.0,"13,14,15,16,17,18,19,20,21,22,23,24,25,26,27,28,29,30,31,32,33,34,35,36,37,38"
6808,10,H8,Tornada,1,Sas - Pl Celestí Boada - Final de trajecte,3642,13:48:57,48.95,8.3333333334,500.0,"13,14,15,16,17,18,19,20,21,22,23,24,25,26,27,28,29,30,31,32,33,34,35,36,37,38"
6037,10,H8,Tornada,1,Sas - Pl Celestí Boada - Final de trajecte,3642,13:58:32,58.53,9.583333333333334,575.0,"13,14,15,16,17,18,19,20,21,22,23,24,25,26,27,28,29,30,31,32,33,34,35,36,37,38"
6047,9,H8,Tornada,1,Sas - Pl Celestí Boada - Final de trajecte,3642,14:05:45,5.75,7.21666666665,433.0,"13,14,15,16,17,18,19,20,21,22,23,24,25,26,27,28,29,30,31,32,33,34,35,36,37,38"
6406,10,H8,Tornada,1,Sas - Pl Celestí Boada - Final de trajecte,3642,14:13:54,13.9,8.166666666616667,490.0,"13,14,15,16,17,18,19,20,21,22,23,24,25,26,27,28,29,30,31,32,33,34,35,36,37,38"
6215,10,H8,Tornada,1,Sas - Pl Celestí Boada - Final de trajecte,3642,14:22:14,22.23,8.333333333333334,500.0,"13,14,15,16,17,18,19,20,21,22,23,24,25,26,27,28,29,30,31,32,33,34,35,36,37,38"
6121,4,H8,Tornada,1,Sas - Pl Celestí Boada - Final de trajecte,3642,14:30:39,30.65,8.400000000033334,504.0,"13,14,15,16,17,18,19,20,21,22,23,24,25,26,27,28,29,30,31,32,33,34,35,36,37,38"
6407,10,H8,Tornada,1,Sas - Pl Celestí Boada - Final de trajecte,3642,14:38:54,38.9,8.25,495.0,"13,14,15,16,17,18,19,20,21,22,23,24,25,26,27,28,29,30,31,32,33,34,35,36,37,38"
6079,10,H8,Tornada,1,Sas - Pl Celestí Boada - Final de trajecte,3642,14:47:13,47.22,8.3166666667,499.0,"13,14,15,16,17,18,19,20,21,22,23,24,25,26,27,28,29,30,31,32,33,34,35,36,37,38"
6024,11,H8,Tornada,1,Sas - Pl Celestí Boada - Final de trajecte,3642,14:56:35,56.58,9.36666666665,562.0,"13,14,15,16,17,18,19,20,21,22,23,24,25,26,27,28,29,30,31,32,33,34,35,36,37,38"
6056,10,H8,Tornada,1,Sas - Pl Celestí Boada - Final de trajecte,3642,15:04:55,4.92,8.333333333316666,500.0,"13,14,15,16,17,18,19,20,21,22,23,24,25,26,27,28,29,30,31,32,33,34,35,36,37,38"
6411,12,H8,Tornada,1,Sas - Pl Celestí Boada - Final de trajecte,3642,15:12:12,12.2,7.2833333333666666,437.0,"13,14,15,16,17,18,19,20,21,22,23,24,25,26,27,28,29,30,31,32,33,34,35,36,37,38"
6211,11,H8,Tornada,1,Sas - Pl Celestí Boada - Final de trajecte,3642,15:20:30,20.5,8.3166666666,499.0,"13,14,15,16,17,18,19,20,21,22,23,24,25,26,27,28,29,30,31,32,33,34,35,36,37,38"
6055,10,H8,Tornada,1,Sas - Pl Celestí Boada - Final de trajecte,3642,15:28:49,28.82,8.300000000033332,498.0,"13,14,15,16,17,18,19,20,21,22,23,24,25,26,27,28,29,30,31,32,33,34,35,36,37,38"
6030,1,H8,Tornada,1,Sas - Pl Celestí Boada - Final de trajecte,3642,15:36:03,36.05,7.233333333316667,434.0,"13,14,15,16,17,18,19,20,21,22,23,24,25,26,27,28,29,30,31,32,33,34,35,36,37,38"
6414,10,H8,Tornada,1,Sas - Pl Celestí Boada - Final de trajecte,3642,15:43:19,43.32,7.283333333283333,437.0,"13,14,15,16,17,18,19,20,21,22,23,24,25,26,27,28,29,30,31,32,33,34,35,36,37,38"
6415,12,H8,Tornada,1,Sas - Pl Celestí Boada - Final de trajecte,3642,15:52:40,52.67,9.35,561.0,"13,14,15,16,17,18,19,20,21,22,23,24,25,26,27,28,29,30,31,32,33,34,35,36,37,38"
1547,10,H8,Tornada,1,Sas - Pl Celestí Boada - Final de trajecte,3642,16:00:58,0.97,8.2833333334,497.0,"13,14,15,16,17,18,19,20,21,22,23,24,25,26,27,28,29,30,31,32,33,34,35,36,37,38"
2671,10,H8,Tornada,1,Sas - Pl Celestí Boada - Final de trajecte,3642,16:09:15,9.25,8.2833333333,497.0,"13,14,15,16,17,18,19,20,21,22,23,24,25,26,27,28,29,30,31,32,33,34,35,36,37,38"
6217,12,H8,Tornada,1,Sas - Pl Celestí Boada - Final de trajecte,3642,16:17:31,17.52,8.2833333333,497.0,"13,14,15,16,17,18,19,20,21,22,23,24,25,26,27,28,29,30,31,32,33,34,35,36,37,38"
6026,13,H8,Tornada,1,Sas - Pl Celestí Boada - Final de trajecte,3642,16:24:46,24.77,7.25,435.0,"13,14,15,16,17,18,19,20,21,22,23,24,25,26,27,28,29,30,31,32,33,34,35,36,37,38"
6409,1,H8,Tornada,1,Sas - Pl Celestí Boada - Final de trajecte,3642,16:32:08,32.13,7.350000000066667,441.0,"13,14,15,16,17,18,19,20,21,22,23,24,25,26,27,28,29,30,31,32,33,34,35,36,37,38"
6401,11,H8,Tornada,1,Sas - Pl Celestí Boada - Final de trajecte,3642,16:39:26,39.43,7.299999999966667,438.0,"13,14,15,16,17,18,19,20,21,22,23,24,25,26,27,28,29,30,31,32,33,34,35,36,37,38"
6402,13,H8,Tornada,1,Sas - Pl Celestí Boada - Final de trajecte,3642,16:47:47,47.78,8.35,501.0,"13,14,15,16,17,18,19,20,21,22,23,24,25,26,27,28,29,30,31,32,33,34,35,36,37,38"
6808,13,H8,Tornada,1,Sas - Pl Celestí Boada - Final de trajecte,3642,16:55:02,55.03,7.266666666633333,436.0,"13,14,15,16,17,18,19,20,21,22,23,24,25,26,27,28,29,30,31,32,33,34,35,36,37,38"
6037,13,H8,Tornada,1,Sas - Pl Celestí Boada - Final de trajecte,3642,17:03:20,3.33,8.3,498.0,"13,14,15,16,17,18,19,20,21,22,23,24,25,26,27,28,29,30,31,32,33,34,35,36,37,38"
6047,12,H8,Tornada,1,Sas - Pl Celestí Boada - Final de trajecte,3642,17:11:56,11.93,8.583333333399999,515.0,"13,14,15,16,17,18,19,20,21,22,23,24,25,26,27,28,29,30,31,32,33,34,35,36,37,38"
6406,13,H8,Tornada,1,Sas - Pl Celestí Boada - Final de trajecte,3642,17:19:57,19.95,8.033333333266667,482.0,"13,14,15,16,17,18,19,20,21,22,23,24,25,26,27,28,29,30,31,32,33,34,35,36,37,38"
6215,13,H8,Tornada,1,Sas - Pl Celestí Boada - Final de trajecte,3642,17:27:18,27.3,7.333333333366666,440.0,"13,14,15,16,17,18,19,20,21,22,23,24,25,26,27,28,29,30,31,32,33,34,35,36,37,38"
6121,7,H8,Tornada,1,Sas - Pl Celestí Boada - Final de trajecte,3642,17:34:36,34.6,7.316666666633334,439.0,"13,14,15,16,17,18,19,20,21,22,23,24,25,26,27,28,29,30,31,32,33,34,35,36,37,38"
6407,13,H8,Tornada,1,Sas - Pl Celestí Boada - Final de trajecte,3642,17:41:55,41.92,7.3000000000666665,438.0,"13,14,15,16,17,18,19,20,21,22,23,24,25,26,27,28,29,30,31,32,33,34,35,36,37,38"
6079,13,H8,Tornada,1,Sas - Pl Celestí Boada - Final de trajecte,3642,17:49:13,49.22,7.3,438.0,"7,8,9,10,13,14,15,16,17,18,19,20,21,22,23,24,25,26,27,28,29,30,31,32,33,34,35,36,37,38"
6024,14,H8,Tornada,1,Sas - Pl Celestí Boada - Final de trajecte,3642,17:56:34,56.57,7.35,441.0,"13,14,15,16,17,18,19,20,21,22,23,24,25,26,27,28,29,30,31,32,33,34,35,36,37,38"
6056,13,H8,Tornada,1,Sas - Pl Celestí Boada - Final de trajecte,3642,18:04:55,4.92,8.349999999983334,501.0,"13,14,15,16,17,18,19,20,21,22,23,24,25,26,27,28,29,30,31,32,33,34,35,36,37,38"
6411,15,H8,Tornada,1,Sas - Pl Celestí Boada - Final de trajecte,3642,18:13:15,13.25,8.349999999949999,501.0,"13,14,15,16,17,18,19,20,21,22,23,24,25,26,27,28,29,30,31,32,33,34,35,36,37,38"
6055,13,H8,Tornada,1,Sas - Pl Celestí Boada - Final de trajecte,3642,18:16:49,16.82,3.566666666666667,214.0,"4,5,6,7,8,9,10,11,12,13,14,15,16,17,18,19,20,21,22,23,24,25,26,27,28,29,30,31,32,33,34,35,36,37,38"
6030,4,H8,Tornada,1,Sas - Pl Celestí Boada - Final de trajecte,3642,18:30:03,30.05,13.216666666733333,793.0,"13,14,15,16,17,18,19,20,21,22,23,24,25,26,27,28,29,30,31,32,33,34,35,36,37,38"
6414,13,H8,Tornada,1,Sas - Pl Celestí Boada - Final de trajecte,3642,18:38:20,38.33,8.299999999933332,498.0,"13,14,15,16,17,18,19,20,21,22,23,24,25,26,27,28,29,30,31,32,33,34,35,36,37,38"
6415,15,H8,Tornada,1,Sas - Pl Celestí Boada - Final de trajecte,3642,18:47:40,47.67,9.316666666733333,559.0,"13,14,15,16,17,18,19,20,21,22,23,24,25,26,27,28,29,30,31,32,33,34,35,36,37,38"
2671,13,H8,Tornada,1,Sas - Pl Celestí Boada - Final de trajecte,3642,18:53:01,53.02,5.349999999966667,321.0,"4,5,6,7,8,9,10,11,12,13,14,15,16,17,18,19,20,21,22,23,24,25,26,27,28,29,30,31,32,33,34,35,36,37,38"
6026,16,H8,Tornada,1,Sas - Pl Celestí Boada - Final de trajecte,3642,19:16:21,16.35,23.333333333366667,1400.0,"13,14,15,16,17,18,19,20,21,22,23,24,25,26,27,28,29,30,31,32,33,34,35,36,37,38"
6409,4,H8,Tornada,1,Sas - Pl Celestí Boada - Final de trajecte,3642,19:19:59,19.98,3.6499999999333337,219.0,"8,13,14,15,16,17,18,19,20,21,22,23,24,25,26,27,28,29,30,31,32,33,34,35,36,37,38"
6401,14,H8,Tornada,1,Sas - Pl Celestí Boada - Final de trajecte,3642,19:30:00,30.0,10.000000000066667,600.0,"13,14,15,16,17,18,19,20,21,22,23,24,25,26,27,28,29,30,31,32,33,34,35,36,37,38"
6402,16,H8,Tornada,1,Sas - Pl Celestí Boada - Final de trajecte,3642,19:40:00,40.0,10.0,600.0,"13,14,15,16,17,18,19,20,21,22,23,24,25,26,27,28,29,30,31,32,33,34,35,36,37,38"
6037,16,H8,Tornada,1,Sas - Pl Celestí Boada - Final de trajecte,3642,19:49:59,49.98,9.999999999916668,600.0,"13,14,15,16,17,18,19,20,21,22,23,24,25,26,27,28,29,30,31,32,33,34,35,36,37,38"
6406,16,H8,Tornada,1,Sas - Pl Celestí Boada - Final de trajecte,3642,19:58:13,58.22,8.233333333333333,494.0,"4,5,6,7,8,9,10,11,12,13,14,15,16,17,18,19,20,21,22,23,24,25,26,27,28,29,30,31,32,33,34,35,36,37,38"
6047,14,H8,Tornada,1,Sas - Pl Celestí Boada - Final de trajecte,3642,20:00:00,0.0,1.7666666667333333,106.0,"13,14,15,16,17,18,19,20,21,22,23,24,25,26,27,28,29,30,31,32,33,34,35,36,37,38"
6121,10,H8,Tornada,1,Sas - Pl Celestí Boada - Final de trajecte,3642,20:14:59,14.98,14.99999999995,900.0,"13,14,15,16,17,18,19,20,21,22,23,24,25,26,27,28,29,30,31,32,33,34,35,36,37,38"
6024,17,H8,Tornada,1,Sas - Pl Celestí Boada - Final de trajecte,3642,20:30:00,30.0,15.000000000066667,900.0,"13,14,15,16,17,18,19,20,21,22,23,24,25,26,27,28,29,30,31,32,33,34,35,36,37,38"
6411,17,H8,Tornada,1,Sas - Pl Celestí Boada - Final de trajecte,3642,20:50:00,50.0,19.99999999996667,1200.0,"13,14,15,16,17,18,19,20,21,22,23,24,25,26,27,28,29,30,31,32,33,34,35,36,37,38"
6414,16,H8,Tornada,1,Sas - Pl Celestí Boada - Final de trajecte,3642,21:09:59,9.98,19.74999999996667,1185.0,"6,13,14,15,16,17,18,19,20,21,22,23,24,25,26,27,28,29,30,31,32,33,34,35,36,37,38"
6415,17,H8,Tornada,1,Sas - Pl Celestí Boada - Final de trajecte,3642,21:29:59,29.98,20.0,1200.0,"13,14,15,16,17,18,19,20,21,22,23,24,25,26,27,28,29,30,31,32,33,34,35,36,37,38"
6409,7,H8,Tornada,1,Sas - Pl Celestí Boada - Final de trajecte,3642,21:44:32,44.53,14.55,873.0,"4,5,6,7,8,9,10,11,12,13,14,15,16,17,18,19,20,21,22,23,24,25,26,27,28,29,30,31,32,33,34,35,36,37,38"
6402,18,H8,Tornada,1,Sas - Pl Celestí Boada - Final de trajecte,3642,21:57:59,57.98,13.45,807.0,"3,4,5,6,7,8,9,10,11,12,13,14,15,16,17,18,19,20,21,22,23,24,25,26,27,28,29,30,31,32,33,34,35,36,37,38"
6047,16,H8,Tornada,1,Sas - Pl Celestí Boada - Final de trajecte,3642,22:12:00,12.0,14.000000000033333,840.0,"4,5,6,7,8,9,10,11,12,13,14,15,16,17,18,19,20,21,22,23,24,25,26,27,28,29,30,31,32,33,34,35,36,37,38"
6121,12,H8,Tornada,1,Sas - Pl Celestí Boada - Final de trajecte,3642,22:26:59,26.98,14.999999999933333,900.0,"4,5,6,7,8,9,10,11,12,13,14,15,16,17,18,19,20,21,22,23,24,25,26,27,28,29,30,31,32,33,34,35,36,37,38"
6411,1,H8,Tornada,2,Sas - Claramunt,13,03:35:25,35.42,,,"1,13,14,15,16,17,18,19,20,21,22,23,24,25,26,27,28,29,30,31,32,33,34,35,36,37,38"
6059,1,H8,Tornada,2,Sas - Claramunt,13,03:50:22,50.37,14.933333333366667,896.0,"13,14,15,16,17,18,19,20,21,22,23,24,25,26,27,28,29,30,31,32,33,34,35,36,37,38"
6415,1,H8,Tornada,2,Sas - Claramunt,13,04:05:21,5.35,14.999999999966667,900.0,"13,14,15,16,17,18,19,20,21,22,23,24,25,26,27,28,29,30,31,32,33,34,35,36,37,38"
6217,1,H8,Tornada,2,Sas - Claramunt,13,04:20:23,20.38,15.016666666733332,901.0,"13,14,15,16,17,18,19,20,21,22,23,24,25,26,27,28,29,30,31,32,33,34,35,36,37,38"
6026,1,H8,Tornada,2,Sas - Claramunt,13,04:30:24,30.4,10.016666666666667,601.0,"13,14,15,16,17,18,19,20,21,22,23,24,25,26,27,28,29,30,31,32,33,34,35,36,37,38"
6402,1,H8,Tornada,2,Sas - Claramunt,13,04:47:28,47.47,17.066666666633335,1024.0,"13,14,15,16,17,18,19,20,21,22,23,24,25,26,27,28,29,30,31,32,33,34,35,36,37,38"
6808,1,H8,Tornada,2,Sas - Claramunt,13,04:57:11,57.18,9.7166666667,583.0,"1,13,14,15,16,17,18,19,20,21,22,23,24,25,26,27,28,29,30,31,32,33,34,35,36,37,38"
6037,1,H8,Tornada,2,Sas - Claramunt,13,05:01:08,1.13,3.9499999999666664,237.0,"13,14,15,16,17,18,19,20,21,22,23,24,25,26,27,28,29,30,31,32,33,34,35,36,37,38"
6047,1,H8,Tornada,2,Sas - Claramunt,13,05:08:09,8.15,7.0333333333166665,422.0,"12,13,16,17,18,19,20,21,22,23,24,25,26,27,28,29,30,31,32,33,34,35,36,37,38"
6406,1,H8,Tornada,2,Sas - Claramunt,13,05:15:29,15.48,7.316666666716667,439.0,"13,14,15,16,17,18,19,20,21,22,23,24,25,26,27,28,29,30,31,32,33,34,35,36,37,38"
6215,1,H8,Tornada,2,Sas - Claramunt,13,05:22:47,22.78,7.3166666666,439.0,"13,14,15,16,17,18,19,20,21,22,23,24,25,26,27,28,29,30,31,32,33,34,35,36,37,38"
6046,1,H8,Tornada,2,Sas - Claramunt,13,05:30:06,30.1,7.31666666665,439.0,"13,14,15,16,17,18,19,20,21,22,23,24,25,26,27,28,29,30,31,32,33,34,35,36,37,38"
6408,1,H8,Tornada,2,Sas - Claramunt,13,05:37:21,37.35,7.233333333383333,434.0,"13,14,15,16,17,18,19,20,21,22,23,24,25,26,27,28,29,30,31,32,33,34,35,36,37,38"
6407,1,H8,Tornada,2,Sas - Claramunt,13,05:44:59,44.98,7.633333333333334,458.0,"13,14,15,16,17,18,19,20,21,22,23,24,25,26,27,28,29,30,31,32,33,34,35,36,37,38"
6079,1,H8,Tornada,2,Sas - Claramunt,13,05:52:35,52.58,7.6,456.0,"13,14,15,16,17,18,19,20,21,22,23,24,25,26,27,28,29,30,31,32,33,34,35,36,37,38"
6056,1,H8,Tornada,2,Sas - Claramunt,13,06:07:27,7.45,14.8666666667,892.0,"13,14,15,16,17,18,19,20,21,22,23,24,25,26,27,28,29,30,31,32,33,34,35,36,37,38"
6411,3,H8,Tornada,2,Sas - Claramunt,13,06:14:54,14.9,7.4666666666,448.0,"13,14,15,16,17,18,19,20,21,22,23,24,25,26,27,28,29,30,31,32,33,34,35,36,37,38"
6211,1,H8,Tornada,2,Sas - Claramunt,13,06:22:26,22.43,7.5166666667,451.0,"13,14,15,16,17,18,19,20,21,22,23,24,25,26,27,28,29,30,31,32,33,34,35,36,37,38"
6055,1,H8,Tornada,2,Sas - Claramunt,13,06:29:02,29.03,6.616666666633334,397.0,"13,14,15,16,17,18,19,20,21,22,23,24,25,26,27,28,29,30,31,32,33,34,35,36,37,38"
6414,1,H8,Tornada,2,Sas - Claramunt,13,06:36:20,36.33,7.2833333334,437.0,"13,14,15,16,17,18,19,20,21,22,23,24,25,26,27,28,29,30,31,32,33,34,35,36,37,38"
6059,3,H8,Tornada,2,Sas - Claramunt,13,06:40:35,40.58,4.2666666666,256.0,"13,14,15,16,17,18,19,20,21,22,23,24,25,26,27,28,29,30,31,32,33,34,35,36,37,38"
6415,3,H8,Tornada,2,Sas - Claramunt,13,06:52:43,52.72,12.133333333333333,728.0,"13,14,15,16,17,18,19,20,21,22,23,24,25,26,27,28,29,30,31,32,33,34,35,36,37,38"
1547,1,H8,Tornada,2,Sas - Claramunt,13,07:01:05,1.08,8.366666666666667,502.0,"13,14,15,16,17,18,19,20,21,22,23,24,25,26,27,28,29,30,31,32,33,34,35,36,37,38"
2671,1,H8,Tornada,2,Sas - Claramunt,13,07:09:29,9.48,8.4,504.0,"13,14,15,16,17,18,19,20,21,22,23,24,25,26,27,28,29,30,31,32,33,34,35,36,37,38"
6217,3,H8,Tornada,2,Sas - Claramunt,13,07:18:25,18.42,8.9166666667,535.0,"13,14,15,16,17,18,19,20,21,22,23,24,25,26,27,28,29,30,31,32,33,34,35,36,37,38"
6026,4,H8,Tornada,2,Sas - Claramunt,13,07:28:17,28.28,9.8833333333,593.0,"13,14,15,16,17,18,19,20,21,22,23,24,25,26,27,28,29,30,31,32,33,34,35,36,37,38"
6401,3,H8,Tornada,2,Sas - Claramunt,13,07:34:37,34.62,6.316666666733334,379.0,"13,14,15,16,17,18,19,20,21,22,23,24,25,26,27,28,29,30,31,32,33,34,35,36,37,38"
6402,4,H8,Tornada,2,Sas - Claramunt,13,07:43:01,43.02,8.399999999966667,504.0,"13,14,15,16,17,18,19,20,21,22,23,24,25,26,27,28,29,30,31,32,33,34,35,36,37,38"
6808,4,H8,Tornada,2,Sas - Claramunt,13,07:51:24,51.4,8.383333333366666,503.0,"13,14,15,16,17,18,19,20,21,22,23,24,25,26,27,28,29,30,31,32,33,34,35,36,37,38"
6037,4,H8,Tornada,2,Sas - Claramunt,13,07:58:33,58.55,7.166666666599999,430.0,"13,14,15,16,17,18,19,20,21,22,23,24,25,26,27,28,29,30,31,32,33,34,35,36,37,38"
6047,3,H8,Tornada,2,Sas - Claramunt,13,08:06:58,6.97,8.416666666666666,505.0,"13,14,15,16,17,18,19,20,21,22,23,24,25,26,27,28,29,30,31,32,33,34,35,36,37,38"
6406,4,H8,Tornada,2,Sas - Claramunt,13,08:14:20,14.33,7.350000000033333,441.0,"13,14,15,16,17,18,19,20,21,22,23,24,25,26,27,28,29,30,31,32,33,34,35,36,37,38"
6215,4,H8,Tornada,2,Sas - Claramunt,13,08:21:41,21.68,7.35,441.0,"13,14,15,16,17,18,19,20,21,22,23,24,25,26,27,28,29,30,31,32,33,34,35,36,37,38"
6046,4,H8,Tornada,2,Sas - Claramunt,13,08:30:43,30.72,9.049999999966667,543.0,"13,14,15,16,17,18,19,20,21,22,23,24,25,26,27,28,29,30,31,32,33,34,35,36,37,38"
6407,4,H8,Tornada,2,Sas - Claramunt,13,08:45:50,45.83,15.116666666666667,907.0,"13,14,15,16,17,18,19,20,21,22,23,24,25,26,27,28,29,30,31,32,33,34,35,36,37,38"
6079,4,H8,Tornada,2,Sas - Claramunt,13,08:52:41,52.68,6.85,411.0,"13,14,15,16,17,18,19,20,21,22,23,24,25,26,27,28,29,30,31,32,33,34,35,36,37,38"
6024,5,H8,Tornada,2,Sas - Claramunt,13,09:00:46,0.77,8.083333333333334,485.0,"13,14,15,16,17,18,19,20,21,22,23,24,25,26,27,28,29,30,31,32,33,34,35,36,37,38"
6056,4,H8,Tornada,2,Sas - Claramunt,13,09:07:53,7.88,7.100000000033333,426.0,"13,14,15,16,17,18,19,20,21,22,23,24,25,26,27,28,29,30,31,32,33,34,35,36,37,38"
6411,6,H8,Tornada,2,Sas - Claramunt,13,09:16:09,16.15,8.2833333333,497.0,"13,14,15,16,17,18,19,20,21,22,23,24,25,26,27,28,29,30,31,32,33,34,35,36,37,38"
6211,5,H8,Tornada,2,Sas - Claramunt,13,09:26:12,26.2,10.05,603.0,"3,13,14,15,16,17,18,19,20,21,22,23,24,25,26,27,28,29,30,31,32,33,34,35,36,37,38"
6414,4,H8,Tornada,2,Sas - Claramunt,13,09:43:13,43.22,17.00000000003333,1020.0,"13,14,15,16,17,18,19,20,21,22,23,24,25,26,27,28,29,30,31,32,33,34,35,36,37,38"
6415,6,H8,Tornada,2,Sas - Claramunt,13,09:52:46,52.77,9.55,573.0,"13,14,15,16,17,18,19,20,21,22,23,24,25,26,27,28,29,30,31,32,33,34,35,36,37,38"
1547,4,H8,Tornada,2,Sas - Claramunt,13,10:01:08,1.13,8.3666666667,502.0,"13,14,15,16,17,18,19,20,21,22,23,24,25,26,27,28,29,30,31,32,33,34,35,36,37,38"
2671,4,H8,Tornada,2,Sas - Claramunt,13,10:10:25,10.42,9.299999999933334,558.0,"13,14,15,16,17,18,19,20,21,22,23,24,25,26,27,28,29,30,31,32,33,34,35,36,37,38"
6217,6,H8,Tornada,2,Sas - Claramunt,13,10:19:57,19.95,9.516666666733332,571.0,"3,13,14,15,16,17,18,19,20,21,22,23,24,25,26,27,28,29,30,31,32,33,34,35,36,37,38"
6026,7,H8,Tornada,2,Sas - Claramunt,13,10:29:10,29.17,9.216666666666667,553.0,"13,14,15,16,17,18,19,20,21,22,23,24,25,26,27,28,29,30,31,32,33,34,35,36,37,38"
6401,5,H8,Tornada,2,Sas - Claramunt,13,10:38:45,38.75,9.583333333333334,575.0,"13,14,15,16,17,18,19,20,21,22,23,24,25,26,27,28,29,30,31,32,33,34,35,36,37,38"
6402,7,H8,Tornada,2,Sas - Claramunt,13,10:47:08,47.13,8.383333333333333,503.0,"13,14,15,16,17,18,19,20,21,22,23,24,25,26,27,28,29,30,31,32,33,34,35,36,37,38"
6808,7,H8,Tornada,2,Sas - Claramunt,13,10:55:30,55.5,8.383333333266666,503.0,"13,14,15,16,17,18,19,20,21,22,23,24,25,26,27,28,29,30,31,32,33,34,35,36,37,38"
6037,7,H8,Tornada,2,Sas - Claramunt,13,11:03:41,3.68,8.166666666733333,490.0,"13,14,15,16,17,18,19,20,21,22,23,24,25,26,27,28,29,30,31,32,33,34,35,36,37,38"
6047,6,H8,Tornada,2,Sas - Claramunt,13,11:12:33,12.55,8.866666666633334,532.0,"13,14,15,16,17,18,19,20,21,22,23,24,25,26,27,28,29,30,31,32,33,34,35,36,37,38"
6406,7,H8,Tornada,2,Sas - Claramunt,13,11:20:21,20.35,7.816666666633334,469.0,"13,14,15,16,17,18,19,20,21,22,23,24,25,26,27,28,29,30,31,32,33,34,35,36,37,38"
6215,7,H8,Tornada,2,Sas - Claramunt,13,11:27:44,27.73,7.366666666733334,442.0,"13,14,15,16,17,18,19,20,21,22,23,24,25,26,27,28,29,30,31,32,33,34,35,36,37,38"
6121,1,H8,Tornada,2,Sas - Claramunt,13,11:35:10,35.17,7.433333333333334,446.0,"13,14,15,16,17,18,19,20,21,22,23,24,25,26,27,28,29,30,31,32,33,34,35,36,37,38"
6407,7,H8,Tornada,2,Sas - Claramunt,13,11:43:24,43.4,8.249999999933333,495.0,"13,14,15,16,17,18,19,20,21,22,23,24,25,26,27,28,29,30,31,32,33,34,35,36,37,38"
6079,7,H8,Tornada,2,Sas - Claramunt,13,11:51:44,51.73,8.3166666667,499.0,"13,14,15,16,17,18,19,20,21,22,23,24,25,26,27,28,29,30,31,32,33,34,35,36,37,38"
6024,8,H8,Tornada,2,Sas - Claramunt,13,12:00:05,0.08,8.366666666633334,502.0,"13,14,15,16,17,18,19,20,21,22,23,24,25,26,27,28,29,30,31,32,33,34,35,36,37,38"
6056,7,H8,Tornada,2,Sas - Claramunt,13,12:08:26,8.43,8.3333333334,500.0,"13,14,15,16,17,18,19,20,21,22,23,24,25,26,27,28,29,30,31,32,33,34,35,36,37,38"
6059,9,H8,Tornada,2,Sas - Claramunt,13,12:24:31,24.52,16.099999999933335,966.0,"13,14,15,16,17,18,19,20,21,22,23,24,25,26,27,28,29,30,31,32,33,34,35,36,37,38"
6055,7,H8,Tornada,2,Sas - Claramunt,13,12:33:21,33.35,8.8166666667,529.0,"13,14,15,16,17,18,19,20,21,22,23,24,25,26,27,28,29,30,31,32,33,34,35,36,37,38"
6414,7,H8,Tornada,2,Sas - Claramunt,13,12:41:51,41.85,8.500000000033333,510.0,"13,14,15,16,17,18,19,20,21,22,23,24,25,26,27,28,29,30,31,32,33,34,35,36,37,38"
6415,9,H8,Tornada,2,Sas - Claramunt,13,12:51:12,51.2,9.35,561.0,"13,14,15,16,17,18,19,20,21,22,23,24,25,26,27,28,29,30,31,32,33,34,35,36,37,38"
1547,7,H8,Tornada,2,Sas - Claramunt,13,12:59:34,59.57,8.383333333266666,503.0,"13,14,15,16,17,18,19,20,21,22,23,24,25,26,27,28,29,30,31,32,33,34,35,36,37,38"
2671,7,H8,Tornada,2,Sas - Claramunt,13,13:08:37,8.62,9.05,543.0,"13,14,15,16,17,18,19,20,21,22,23,24,25,26,27,28,29,30,31,32,33,34,35,36,37,38"
6217,9,H8,Tornada,2,Sas - Claramunt,13,13:16:22,16.37,7.75,465.0,"13,14,15,16,17,18,19,20,21,22,23,24,25,26,27,28,29,30,31,32,33,34,35,36,37,38"
6026,10,H8,Tornada,2,Sas - Claramunt,13,13:24:45,24.75,8.3666666667,502.0,"7,13,14,15,16,17,18,19,20,21,22,23,24,25,26,27,28,29,30,31,32,33,34,35,36,37,38"
6401,8,H8,Tornada,2,Sas - Claramunt,13,13:33:07,33.12,8.366666666666667,502.0,"13,14,15,16,17,18,19,20,21,22,23,24,25,26,27,28,29,30,31,32,33,34,35,36,37,38"
6402,10,H8,Tornada,2,Sas - Claramunt,13,13:41:30,41.5,8.39999999995,504.0,"13,14,15,16,17,18,19,20,21,22,23,24,25,26,27,28,29,30,31,32,33,34,35,36,37,38"
6808,10,H8,Tornada,2,Sas - Claramunt,13,13:49:46,49.77,8.250000000050001,495.0,"13,14,15,16,17,18,19,20,21,22,23,24,25,26,27,28,29,30,31,32,33,34,35,36,37,38"
6037,10,H8,Tornada,2,Sas - Claramunt,13,13:59:31,59.52,9.750000000033333,585.0,"13,14,15,16,17,18,19,20,21,22,23,24,25,26,27,28,29,30,31,32,33,34,35,36,37,38"
6047,9,H8,Tornada,2,Sas - Claramunt,13,14:06:20,6.33,6.833333333266666,410.0,"13,14,15,16,17,18,19,20,21,22,23,24,25,26,27,28,29,30,31,32,33,34,35,36,37,38"
6406,10,H8,Tornada,2,Sas - Claramunt,13,14:14:27,14.45,8.100000000066666,486.0,"13,14,15,16,17,18,19,20,21,22,23,24,25,26,27,28,29,30,31,32,33,34,35,36,37,38"
6215,10,H8,Tornada,2,Sas - Claramunt,13,14:22:38,22.63,8.1833333333,491.0,"13,14,15,16,17,18,19,20,21,22,23,24,25,26,27,28,29,30,31,32,33,34,35,36,37,38"
6121,4,H8,Tornada,2,Sas - Claramunt,13,14:31:10,31.17,8.549999999966667,513.0,"13,14,15,16,17,18,19,20,21,22,23,24,25,26,27,28,29,30,31,32,33,34,35,36,37,38"
6407,10,H8,Tornada,2,Sas - Claramunt,13,14:39:25,39.42,8.233333333400001,494.0,"13,14,15,16,17,18,19,20,21,22,23,24,25,26,27,28,29,30,31,32,33,34,35,36,37,38"
6079,10,H8,Tornada,2,Sas - Claramunt,13,14:47:44,47.73,8.316666666666666,499.0,"13,14,15,16,17,18,19,20,21,22,23,24,25,26,27,28,29,30,31,32,33,34,35,36,37,38"
6024,11,H8,Tornada,2,Sas - Claramunt,13,14:57:05,57.08,9.349999999983334,561.0,"13,14,15,16,17,18,19,20,21,22,23,24,25,26,27,28,29,30,31,32,33,34,35,36,37,38"
6056,10,H8,Tornada,2,Sas - Claramunt,13,15:05:38,5.63,8.550000000016666,513.0,"13,14,15,16,17,18,19,20,21,22,23,24,25,26,27,28,29,30,31,32,33,34,35,36,37,38"
6411,12,H8,Tornada,2,Sas - Claramunt,13,15:12:36,12.6,6.983333333266667,419.0,"13,14,15,16,17,18,19,20,21,22,23,24,25,26,27,28,29,30,31,32,33,34,35,36,37,38"
6211,11,H8,Tornada,2,Sas - Claramunt,13,15:20:55,20.92,8.300000000033332,498.0,"13,14,15,16,17,18,19,20,21,22,23,24,25,26,27,28,29,30,31,32,33,34,35,36,37,38"
6055,10,H8,Tornada,2,Sas - Claramunt,13,15:29:12,29.2,8.266666666633334,496.0,"13,14,15,16,17,18,19,20,21,22,23,24,25,26,27,28,29,30,31,32,33,34,35,36,37,38"
6030,1,H8,Tornada,2,Sas - Claramunt,13,15:36:30,36.5,7.300000000033333,438.0,"13,14,15,16,17,18,19,20,21,22,23,24,25,26,27,28,29,30,31,32,33,34,35,36,37,38"
6414,10,H8,Tornada,2,Sas - Claramunt,13,15:43:40,43.67,7.166666666666667,430.0,"13,14,15,16,17,18,19,20,21,22,23,24,25,26,27,28,29,30,31,32,33,34,35,36,37,38"
6415,12,H8,Tornada,2,Sas - Claramunt,13,15:53:04,53.07,9.416666666583334,565.0,"13,14,15,16,17,18,19,20,21,22,23,24,25,26,27,28,29,30,31,32,33,34,35,36,37,38"
1547,10,H8,Tornada,2,Sas - Claramunt,13,16:01:19,1.32,8.233333333416667,494.0,"13,14,15,16,17,18,19,20,21,22,23,24,25,26,27,28,29,30,31,32,33,34,35,36,37,38"
2671,10,H8,Tornada,2,Sas - Claramunt,13,16:09:45,9.75,8.4333333333,506.0,"13,14,15,16,17,18,19,20,21,22,23,24,25,26,27,28,29,30,31,32,33,34,35,36,37,38"
6217,12,H8,Tornada,2,Sas - Claramunt,13,16:18:04,18.07,8.3166666667,499.0,"13,14,15,16,17,18,19,20,21,22,23,24,25,26,27,28,29,30,31,32,33,34,35,36,37,38"
6026,13,H8,Tornada,2,Sas - Claramunt,13,16:25:16,25.27,7.2,432.0,"13,14,15,16,17,18,19,20,21,22,23,24,25,26,27,28,29,30,31,32,33,34,35,36,37,38"
6409,1,H8,Tornada,2,Sas - Claramunt,13,16:32:37,32.62,7.3666666666,442.0,"13,14,15,16,17,18,19,20,21,22,23,24,25,26,27,28,29,30,31,32,33,34,35,36,37,38"
6401,11,H8,Tornada,2,Sas - Claramunt,13,16:40:09,40.15,7.5333333333166665,452.0,"13,14,15,16,17,18,19,20,21,22,23,24,25,26,27,28,29,30,31,32,33,34,35,36,37,38"
6402,13,H8,Tornada,2,Sas - Claramunt,13,16:48:22,48.37,8.200000000083334,492.0,"13,14,15,16,17,18,19,20,21,22,23,24,25,26,27,28,29,30,31,32,33,34,35,36,37,38"
6808,13,H8,Tornada,2,Sas - Claramunt,13,16:55:29,55.48,7.133333333266666,428.0,"13,14,15,16,17,18,19,20,21,22,23,24,25,26,27,28,29,30,31,32,33,34,35,36,37,38"
6037,13,H8,Tornada,2,Sas - Claramunt,13,17:03:49,3.82,8.3166666667,499.0,"13,14,15,16,17,18,19,20,21,22,23,24,25,26,27,28,29,30,31,32,33,34,35,36,37,38"
6047,12,H8,Tornada,2,Sas - Claramunt,13,17:12:23,12.38,8.5833333333,515.0,"13,14,15,16,17,18,19,20,21,22,23,24,25,26,27,28,29,30,31,32,33,34,35,36,37,38"
6406,13,H8,Tornada,2,Sas - Claramunt,13,17:20:26,20.43,8.033333333366667,482.0,"13,14,15,16,17,18,19,20,21,22,23,24,25,26,27,28,29,30,31,32,33,34,35,36,37,38"
6215,13,H8,Tornada,2,Sas - Claramunt,13,17:27:44,27.73,7.316666666633334,439.0,"13,14,15,16,17,18,19,20,21,22,23,24,25,26,27,28,29,30,31,32,33,34,35,36,37,38"
6121,7,H8,Tornada,2,Sas - Claramunt,13,17:35:03,35.05,7.3000000000666665,438.0,"13,14,15,16,17,18,19,20,21,22,23,24,25,26,27,28,29,30,31,32,33,34,35,36,37,38"
6407,13,H8,Tornada,2,Sas - Claramunt,13,17:42:21,42.35,7.299999999966667,438.0,"13,14,15,16,17,18,19,20,21,22,23,24,25,26,27,28,29,30,31,32,33,34,35,36,37,38"
6079,13,H8,Tornada,2,Sas - Claramunt,13,17:49:31,49.52,7.1833333333,431.0,"7,8,9,10,13,14,15,16,17,18,19,20,21,22,23,24,25,26,27,28,29,30,31,32,33,34,35,36,37,38"
6024,14,H8,Tornada,2,Sas - Claramunt,13,17:56:52,56.87,7.333333333400001,440.0,"13,14,15,16,17,18,19,20,21,22,23,24,25,26,27,28,29,30,31,32,33,34,35,36,37,38"
6056,13,H8,Tornada,2,Sas - Claramunt,13,18:05:13,5.22,8.35,501.0,"13,14,15,16,17,18,19,20,21,22,23,24,25,26,27,28,29,30,31,32,33,34,35,36,37,38"
6411,15,H8,Tornada,2,Sas - Claramunt,13,18:13:33,13.55,8.333333333333334,500.0,"13,14,15,16,17,18,19,20,21,22,23,24,25,26,27,28,29,30,31,32,33,34,35,36,37,38"
6055,13,H8,Tornada,2,Sas - Claramunt,13,18:17:07,17.12,3.566666666666667,214.0,"4,5,6,7,8,9,10,11,12,13,14,15,16,17,18,19,20,21,22,23,24,25,26,27,28,29,30,31,32,33,34,35,36,37,38"
6030,4,H8,Tornada,2,Sas - Claramunt,13,18:30:18,30.3,13.183333333333334,791.0,"13,14,15,16,17,18,19,20,21,22,23,24,25,26,27,28,29,30,31,32,33,34,35,36,37,38"
6414,13,H8,Tornada,2,Sas - Claramunt,13,18:38:32,38.53,8.249999999933333,495.0,"13,14,15,16,17,18,19,20,21,22,23,24,25,26,27,28,29,30,31,32,33,34,35,36,37,38"
6415,15,H8,Tornada,2,Sas - Claramunt,13,18:47:51,47.85,9.300000000066666,558.0,"13,14,15,16,17,18,19,20,21,22,23,24,25,26,27,28,29,30,31,32,33,34,35,36,37,38"
2671,13,H8,Tornada,2,Sas - Claramunt,13,18:53:17,53.28,5.433333333333334,326.0,"4,5,6,7,8,9,10,11,12,13,14,15,16,17,18,19,20,21,22,23,24,25,26,27,28,29,30,31,32,33,34,35,36,37,38"
1547,13,H8,Tornada,2,Sas - Claramunt,13,18:57:12,57.2,3.9166666666500003,235.0,"1,13,14,15,16,17,18,19,20,21,22,23,24,25,26,27,28,29,30,31,32,33,34,35,36,37,38"
6026,16,H8,Tornada,2,Sas - Claramunt,13,19:16:30,16.5,19.316666666616666,1159.0,"13,14,15,16,17,18,19,20,21,22,23,24,25,26,27,28,29,30,31,32,33,34,35,36,37,38"
6409,4,H8,Tornada,2,Sas - Claramunt,13,19:20:10,20.17,3.6500000000333332,219.0,"8,13,14,15,16,17,18,19,20,21,22,23,24,25,26,27,28,29,30,31,32,33,34,35,36,37,38"
6401,14,H8,Tornada,2,Sas - Claramunt,13,19:30:11,30.18,10.016666666666667,601.0,"13,14,15,16,17,18,19,20,21,22,23,24,25,26,27,28,29,30,31,32,33,34,35,36,37,38"
6402,16,H8,Tornada,2,Sas - Claramunt,13,19:40:11,40.18,10.000000000033333,600.0,"13,14,15,16,17,18,19,20,21,22,23,24,25,26,27,28,29,30,31,32,33,34,35,36,37,38"
6037,16,H8,Tornada,2,Sas - Claramunt,13,19:50:08,50.13,9.9666666666,598.0,"13,14,15,16,17,18,19,20,21,22,23,24,25,26,27,28,29,30,31,32,33,34,35,36,37,38"
6406,16,H8,Tornada,2,Sas - Claramunt,13,19:58:25,58.42,8.283333333333333,497.0,"4,5,6,7,8,9,10,11,12,13,14,15,16,17,18,19,20,21,22,23,24,25,26,27,28,29,30,31,32,33,34,35,36,37,38"
6047,14,H8,Tornada,2,Sas - Claramunt,13,20:00:12,0.2,1.7666666667333333,106.0,"13,14,15,16,17,18,19,20,21,22,23,24,25,26,27,28,29,30,31,32,33,34,35,36,37,38"
6121,10,H8,Tornada,2,Sas - Claramunt,13,20:15:07,15.12,14.916666666633335,895.0,"13,14,15,16,17,18,19,20,21,22,23,24,25,26,27,28,29,30,31,32,33,34,35,36,37,38"
6024,17,H8,Tornada,2,Sas - Claramunt,13,20:30:08,30.13,14.999999999966667,900.0,"13,14,15,16,17,18,19,20,21,22,23,24,25,26,27,28,29,30,31,32,33,34,35,36,37,38"
6411,17,H8,Tornada,2,Sas - Claramunt,13,20:50:07,50.12,19.983333333366666,1199.0,"13,14,15,16,17,18,19,20,21,22,23,24,25,26,27,28,29,30,31,32,33,34,35,36,37,38"
6414,16,H8,Tornada,2,Sas - Claramunt,13,21:10:08,10.13,19.3333333333,1160.0,"6,13,14,15,16,17,18,19,20,21,22,23,24,25,26,27,28,29,30,31,32,33,34,35,36,37,38"
6415,17,H8,Tornada,2,Sas - Claramunt,13,21:30:07,30.12,19.9666666667,1198.0,"13,14,15,16,17,18,19,20,21,22,23,24,25,26,27,28,29,30,31,32,33,34,35,36,37,38"
6409,7,H8,Tornada,2,Sas - Claramunt,13,21:44:38,44.63,14.5333333333,872.0,"4,5,6,7,8,9,10,11,12,13,14,15,16,17,18,19,20,21,22,23,24,25,26,27,28,29,30,31,32,33,34,35,36,37,38"
6402,18,H8,Tornada,2,Sas - Claramunt,13,21:58:08,58.13,13.5,810.0,"3,4,5,6,7,8,9,10,11,12,13,14,15,16,17,18,19,20,21,22,23,24,25,26,27,28,29,30,31,32,33,34,35,36,37,38"
6047,16,H8,Tornada,2,Sas - Claramunt,13,22:12:07,12.12,13.983333333333333,839.0,"4,5,6,7,8,9,10,11,12,13,14,15,16,17,18,19,20,21,22,23,24,25,26,27,28,29,30,31,32,33,34,35,36,37,38"
6408,11,H8,Tornada,2,Sas - Claramunt,13,22:27:07,27.12,14.999999999966667,900.0,"4,5,6,7,8,9,10,11,12,13,14,15,16,17,18,19,20,21,22,23,24,25,26,27,28,29,30,31,32,33,34,35,36,37,38"
6411,1,H8,Tornada,3,Sant Adrià - Sas,1435,03:36:22,36.37,,,"1,13,14,15,16,17,18,19,20,21,22,23,24,25,26,27,28,29,30,31,32,33,34,35,36,37,38"
6059,1,H8,Tornada,3,Sant Adrià - Sas,1435,03:51:06,51.1,14.733333333333333,884.0,"13,14,15,16,17,18,19,20,21,22,23,24,25,26,27,28,29,30,31,32,33,34,35,36,37,38"
6415,1,H8,Tornada,3,Sant Adrià - Sas,1435,04:06:50,6.83,15.733333333366666,944.0,"13,14,15,16,17,18,19,20,21,22,23,24,25,26,27,28,29,30,31,32,33,34,35,36,37,38"
6217,1,H8,Tornada,3,Sant Adrià - Sas,1435,04:21:18,21.3,14.48333333325,869.0,"13,14,15,16,17,18,19,20,21,22,23,24,25,26,27,28,29,30,31,32,33,34,35,36,37,38"
6026,1,H8,Tornada,3,Sant Adrià - Sas,1435,04:32:18,32.3,11.000000000016666,660.0,"13,14,15,16,17,18,19,20,21,22,23,24,25,26,27,28,29,30,31,32,33,34,35,36,37,38"
6401,1,H8,Tornada,3,Sant Adrià - Sas,1435,04:41:15,41.25,8.933333333399998,536.0,"1,2,13,14,15,16,17,18,19,20,21,22,23,24,25,26,27,28,29,30,31,32,33,34,35,36,37,38"
6402,1,H8,Tornada,3,Sant Adrià - Sas,1435,04:48:55,48.92,7.683333333266666,461.0,"13,14,15,16,17,18,19,20,21,22,23,24,25,26,27,28,29,30,31,32,33,34,35,36,37,38"
6808,1,H8,Tornada,3,Sant Adrià - Sas,1435,04:58:13,58.22,9.2833333334,557.0,"1,13,14,15,16,17,18,19,20,21,22,23,24,25,26,27,28,29,30,31,32,33,34,35,36,37,38"
6037,1,H8,Tornada,3,Sant Adrià - Sas,1435,05:02:26,2.43,4.2166666666333334,253.0,"13,14,15,16,17,18,19,20,21,22,23,24,25,26,27,28,29,30,31,32,33,34,35,36,37,38"
6047,1,H8,Tornada,3,Sant Adrià - Sas,1435,05:09:43,9.72,7.299999999966667,438.0,"12,13,16,17,18,19,20,21,22,23,24,25,26,27,28,29,30,31,32,33,34,35,36,37,38"
6406,1,H8,Tornada,3,Sant Adrià - Sas,1435,05:16:40,16.67,6.933333333366666,416.0,"13,14,15,16,17,18,19,20,21,22,23,24,25,26,27,28,29,30,31,32,33,34,35,36,37,38"
6215,1,H8,Tornada,3,Sant Adrià - Sas,1435,05:23:17,23.28,6.6166666667,397.0,"13,14,15,16,17,18,19,20,21,22,23,24,25,26,27,28,29,30,31,32,33,34,35,36,37,38"
6046,1,H8,Tornada,3,Sant Adrià - Sas,1435,05:31:12,31.2,7.933333333266666,476.0,"13,14,15,16,17,18,19,20,21,22,23,24,25,26,27,28,29,30,31,32,33,34,35,36,37,38"
6408,1,H8,Tornada,3,Sant Adrià - Sas,1435,05:38:24,38.4,7.2,432.0,"13,14,15,16,17,18,19,20,21,22,23,24,25,26,27,28,29,30,31,32,33,34,35,36,37,38"
6407,1,H8,Tornada,3,Sant Adrià - Sas,1435,05:45:47,45.78,7.3666666667,442.0,"13,14,15,16,17,18,19,20,21,22,23,24,25,26,27,28,29,30,31,32,33,34,35,36,37,38"
6079,1,H8,Tornada,3,Sant Adrià - Sas,1435,05:54:08,54.13,8.366666666633334,502.0,"13,14,15,16,17,18,19,20,21,22,23,24,25,26,27,28,29,30,31,32,33,34,35,36,37,38"
6024,2,H8,Tornada,3,Sant Adrià - Sas,1435,05:59:53,59.88,5.733333333366667,344.0,"2,13,14,15,16,17,18,19,20,21,22,23,24,25,26,27,28,29,30,31,32,33,34,35,36,37,38"
6056,1,H8,Tornada,3,Sant Adrià - Sas,1435,06:08:24,8.4,8.516666666699999,511.0,"13,14,15,16,17,18,19,20,21,22,23,24,25,26,27,28,29,30,31,32,33,34,35,36,37,38"
6411,3,H8,Tornada,3,Sant Adrià - Sas,1435,06:16:45,16.75,8.35,501.0,"13,14,15,16,17,18,19,20,21,22,23,24,25,26,27,28,29,30,31,32,33,34,35,36,37,38"
6211,1,H8,Tornada,3,Sant Adrià - Sas,1435,06:23:31,23.52,6.766666666666667,406.0,"13,14,15,16,17,18,19,20,21,22,23,24,25,26,27,28,29,30,31,32,33,34,35,36,37,38"
6055,1,H8,Tornada,3,Sant Adrià - Sas,1435,06:30:30,30.5,6.999999999933333,420.0,"13,14,15,16,17,18,19,20,21,22,23,24,25,26,27,28,29,30,31,32,33,34,35,36,37,38"
6414,1,H8,Tornada,3,Sant Adrià - Sas,1435,06:37:33,37.55,7.0333333334,422.0,"13,14,15,16,17,18,19,20,21,22,23,24,25,26,27,28,29,30,31,32,33,34,35,36,37,38"
6059,3,H8,Tornada,3,Sant Adrià - Sas,1435,06:42:25,42.42,4.866666666633334,292.0,"13,14,15,16,17,18,19,20,21,22,23,24,25,26,27,28,29,30,31,32,33,34,35,36,37,38"
6415,3,H8,Tornada,3,Sant Adrià - Sas,1435,06:54:47,54.78,12.3833333333,743.0,"13,14,15,16,17,18,19,20,21,22,23,24,25,26,27,28,29,30,31,32,33,34,35,36,37,38"
1547,1,H8,Tornada,3,Sant Adrià - Sas,1435,07:01:48,1.8,7.000000000033333,420.0,"13,14,15,16,17,18,19,20,21,22,23,24,25,26,27,28,29,30,31,32,33,34,35,36,37,38"
2671,1,H8,Tornada,3,Sant Adrià - Sas,1435,07:11:02,11.03,9.233333333366666,554.0,"13,14,15,16,17,18,19,20,21,22,23,24,25,26,27,28,29,30,31,32,33,34,35,36,37,38"
6217,3,H8,Tornada,3,Sant Adrià - Sas,1435,07:20:19,20.32,9.299999999933334,558.0,"13,14,15,16,17,18,19,20,21,22,23,24,25,26,27,28,29,30,31,32,33,34,35,36,37,38"
6026,4,H8,Tornada,3,Sant Adrià - Sas,1435,07:29:14,29.23,8.900000000066665,534.0,"13,14,15,16,17,18,19,20,21,22,23,24,25,26,27,28,29,30,31,32,33,34,35,36,37,38"
6401,3,H8,Tornada,3,Sant Adrià - Sas,1435,07:36:51,36.85,7.616666666633334,457.0,"13,14,15,16,17,18,19,20,21,22,23,24,25,26,27,28,29,30,31,32,33,34,35,36,37,38"
6402,4,H8,Tornada,3,Sant Adrià - Sas,1435,07:44:00,44.0,7.15,429.0,"13,14,15,16,17,18,19,20,21,22,23,24,25,26,27,28,29,30,31,32,33,34,35,36,37,38"
6808,4,H8,Tornada,3,Sant Adrià - Sas,1435,07:53:36,53.6,9.600000000033333,576.0,"13,14,15,16,17,18,19,20,21,22,23,24,25,26,27,28,29,30,31,32,33,34,35,36,37,38"
6037,4,H8,Tornada,3,Sant Adrià - Sas,1435,07:59:33,59.55,5.949999999966667,357.0,"13,14,15,16,17,18,19,20,21,22,23,24,25,26,27,28,29,30,31,32,33,34,35,36,37,38"
6047,3,H8,Tornada,3,Sant Adrià - Sas,1435,08:08:35,8.58,9.049999999966667,543.0,"13,14,15,16,17,18,19,20,21,22,23,24,25,26,27,28,29,30,31,32,33,34,35,36,37,38"
6406,4,H8,Tornada,3,Sant Adrià - Sas,1435,08:16:36,16.6,8.016666666666667,481.0,"13,14,15,16,17,18,19,20,21,22,23,24,25,26,27,28,29,30,31,32,33,34,35,36,37,38"
6215,4,H8,Tornada,3,Sant Adrià - Sas,1435,08:22:25,22.42,5.800000000033333,348.0,"13,14,15,16,17,18,19,20,21,22,23,24,25,26,27,28,29,30,31,32,33,34,35,36,37,38"
6408,4,H8,Tornada,3,Sant Adrià - Sas,1435,08:33:01,33.02,10.600000000033333,636.0,"1,2,13,14,15,16,17,18,19,20,21,22,23,24,25,26,27,28,29,30,31,32,33,34,35,36,37,38"
6046,4,H8,Tornada,3,Sant Adrià - Sas,1435,08:36:10,36.17,3.1666666666000003,190.0,"13,14,15,16,17,18,19,20,21,22,23,24,25,26,27,28,29,30,31,32,33,34,35,36,37,38"
6407,4,H8,Tornada,3,Sant Adrià - Sas,1435,08:46:57,46.95,10.766666666733332,646.0,"13,14,15,16,17,18,19,20,21,22,23,24,25,26,27,28,29,30,31,32,33,34,35,36,37,38"
6079,4,H8,Tornada,3,Sant Adrià - Sas,1435,08:54:41,54.68,7.749999999933333,465.0,"13,14,15,16,17,18,19,20,21,22,23,24,25,26,27,28,29,30,31,32,33,34,35,36,37,38"
6024,5,H8,Tornada,3,Sant Adrià - Sas,1435,09:02:02,2.03,7.333333333400001,440.0,"13,14,15,16,17,18,19,20,21,22,23,24,25,26,27,28,29,30,31,32,33,34,35,36,37,38"
6056,4,H8,Tornada,3,Sant Adrià - Sas,1435,09:10:26,10.43,8.4166666666,505.0,"13,14,15,16,17,18,19,20,21,22,23,24,25,26,27,28,29,30,31,32,33,34,35,36,37,38"
6411,6,H8,Tornada,3,Sant Adrià - Sas,1435,09:16:46,16.77,6.3166666667,379.0,"13,14,15,16,17,18,19,20,21,22,23,24,25,26,27,28,29,30,31,32,33,34,35,36,37,38"
6059,6,H8,Tornada,3,Sant Adrià - Sas,1435,09:25:48,25.8,9.033333333333333,542.0,"2,13,14,15,16,17,18,19,20,21,22,23,24,25,26,27,28,29,30,31,32,33,34,35,36,37,38"
6055,4,H8,Tornada,3,Sant Adrià - Sas,1435,09:33:19,33.32,7.5166666667,451.0,"1,2,13,14,15,16,17,18,19,20,21,22,23,24,25,26,27,28,29,30,31,32,33,34,35,36,37,38"
6414,4,H8,Tornada,3,Sant Adrià - Sas,1435,09:43:52,43.87,10.55,633.0,"13,14,15,16,17,18,19,20,21,22,23,24,25,26,27,28,29,30,31,32,33,34,35,36,37,38"
6415,6,H8,Tornada,3,Sant Adrià - Sas,1435,09:53:48,53.8,9.933333333333334,596.0,"13,14,15,16,17,18,19,20,21,22,23,24,25,26,27,28,29,30,31,32,33,34,35,36,37,38"
1547,4,H8,Tornada,3,Sant Adrià - Sas,1435,10:03:40,3.67,9.866666666666667,592.0,"13,14,15,16,17,18,19,20,21,22,23,24,25,26,27,28,29,30,31,32,33,34,35,36,37,38"
2671,4,H8,Tornada,3,Sant Adrià - Sas,1435,10:11:22,11.37,7.7,462.0,"13,14,15,16,17,18,19,20,21,22,23,24,25,26,27,28,29,30,31,32,33,34,35,36,37,38"
6026,7,H8,Tornada,3,Sant Adrià - Sas,1435,10:30:49,30.82,19.449999999966668,1167.0,"13,14,15,16,17,18,19,20,21,22,23,24,25,26,27,28,29,30,31,32,33,34,35,36,37,38"
6401,5,H8,Tornada,3,Sant Adrià - Sas,1435,10:39:23,39.38,8.5666666667,514.0,"13,14,15,16,17,18,19,20,21,22,23,24,25,26,27,28,29,30,31,32,33,34,35,36,37,38"
6402,7,H8,Tornada,3,Sant Adrià - Sas,1435,10:47:47,47.78,8.4166666666,505.0,"13,14,15,16,17,18,19,20,21,22,23,24,25,26,27,28,29,30,31,32,33,34,35,36,37,38"
6808,7,H8,Tornada,3,Sant Adrià - Sas,1435,10:56:13,56.22,8.416666666733333,505.0,"13,14,15,16,17,18,19,20,21,22,23,24,25,26,27,28,29,30,31,32,33,34,35,36,37,38"
6037,7,H8,Tornada,3,Sant Adrià - Sas,1435,11:05:08,5.13,8.933333333266667,536.0,"13,14,15,16,17,18,19,20,21,22,23,24,25,26,27,28,29,30,31,32,33,34,35,36,37,38"
6047,6,H8,Tornada,3,Sant Adrià - Sas,1435,11:15:50,15.83,10.683333333399998,641.0,"13,14,15,16,17,18,19,20,21,22,23,24,25,26,27,28,29,30,31,32,33,34,35,36,37,38"
6406,7,H8,Tornada,3,Sant Adrià - Sas,1435,11:22:02,22.03,6.2166666666,373.0,"13,14,15,16,17,18,19,20,21,22,23,24,25,26,27,28,29,30,31,32,33,34,35,36,37,38"
6215,7,H8,Tornada,3,Sant Adrià - Sas,1435,11:29:15,29.25,7.200000000066667,432.0,"13,14,15,16,17,18,19,20,21,22,23,24,25,26,27,28,29,30,31,32,33,34,35,36,37,38"
6121,1,H8,Tornada,3,Sant Adrià - Sas,1435,11:36:52,36.87,7.616666666666666,457.0,"13,14,15,16,17,18,19,20,21,22,23,24,25,26,27,28,29,30,31,32,33,34,35,36,37,38"
6407,7,H8,Tornada,3,Sant Adrià - Sas,1435,11:43:43,43.72,6.8666666666,412.0,"13,14,15,16,17,18,19,20,21,22,23,24,25,26,27,28,29,30,31,32,33,34,35,36,37,38"
6079,7,H8,Tornada,3,Sant Adrià - Sas,1435,11:51:44,51.73,8.000000000033333,480.0,"13,14,15,16,17,18,19,20,21,22,23,24,25,26,27,28,29,30,31,32,33,34,35,36,37,38"
6024,8,H8,Tornada,3,Sant Adrià - Sas,1435,12:01:14,1.23,9.500000000033333,570.0,"13,14,15,16,17,18,19,20,21,22,23,24,25,26,27,28,29,30,31,32,33,34,35,36,37,38"
6056,7,H8,Tornada,3,Sant Adrià - Sas,1435,12:09:32,9.53,8.3166666666,499.0,"13,14,15,16,17,18,19,20,21,22,23,24,25,26,27,28,29,30,31,32,33,34,35,36,37,38"
6411,9,H8,Tornada,3,Sant Adrià - Sas,1435,12:16:34,16.57,7.016666666733333,421.0,"2,13,14,15,16,17,18,19,20,21,22,23,24,25,26,27,28,29,30,31,32,33,34,35,36,37,38"
6059,9,H8,Tornada,3,Sant Adrià - Sas,1435,12:25:43,25.72,9.166666666600001,550.0,"13,14,15,16,17,18,19,20,21,22,23,24,25,26,27,28,29,30,31,32,33,34,35,36,37,38"
6055,7,H8,Tornada,3,Sant Adrià - Sas,1435,12:34:05,34.08,8.350000000033333,501.0,"13,14,15,16,17,18,19,20,21,22,23,24,25,26,27,28,29,30,31,32,33,34,35,36,37,38"
6414,7,H8,Tornada,3,Sant Adrià - Sas,1435,12:42:09,42.15,8.0833333333,485.0,"13,14,15,16,17,18,19,20,21,22,23,24,25,26,27,28,29,30,31,32,33,34,35,36,37,38"
6415,9,H8,Tornada,3,Sant Adrià - Sas,1435,12:52:21,52.35,10.2,612.0,"13,14,15,16,17,18,19,20,21,22,23,24,25,26,27,28,29,30,31,32,33,34,35,36,37,38"
1547,7,H8,Tornada,3,Sant Adrià - Sas,1435,13:00:29,0.48,8.1166666667,487.0,"13,14,15,16,17,18,19,20,21,22,23,24,25,26,27,28,29,30,31,32,33,34,35,36,37,38"
2671,7,H8,Tornada,3,Sant Adrià - Sas,1435,13:10:34,10.57,10.08333333335,605.0,"13,14,15,16,17,18,19,20,21,22,23,24,25,26,27,28,29,30,31,32,33,34,35,36,37,38"
6217,9,H8,Tornada,3,Sant Adrià - Sas,1435,13:18:29,18.48,7.916666666683333,475.0,"13,14,15,16,17,18,19,20,21,22,23,24,25,26,27,28,29,30,31,32,33,34,35,36,37,38"
6026,10,H8,Tornada,3,Sant Adrià - Sas,1435,13:30:06,30.1,11.616666666666667,697.0,"7,13,14,15,16,17,18,19,20,21,22,23,24,25,26,27,28,29,30,31,32,33,34,35,36,37,38"
6401,8,H8,Tornada,3,Sant Adrià - Sas,1435,13:34:44,34.73,4.633333333333334,278.0,"13,14,15,16,17,18,19,20,21,22,23,24,25,26,27,28,29,30,31,32,33,34,35,36,37,38"
6402,10,H8,Tornada,3,Sant Adrià - Sas,1435,13:42:15,42.25,7.5333333332666665,452.0,"13,14,15,16,17,18,19,20,21,22,23,24,25,26,27,28,29,30,31,32,33,34,35,36,37,38"
6808,10,H8,Tornada,3,Sant Adrià - Sas,1435,13:50:43,50.72,8.450000000033333,507.0,"13,14,15,16,17,18,19,20,21,22,23,24,25,26,27,28,29,30,31,32,33,34,35,36,37,38"
6037,10,H8,Tornada,3,Sant Adrià - Sas,1435,14:01:12,1.2,10.499999999966667,630.0,"13,14,15,16,17,18,19,20,21,22,23,24,25,26,27,28,29,30,31,32,33,34,35,36,37,38"
6047,9,H8,Tornada,3,Sant Adrià - Sas,1435,14:06:41,6.68,5.483333333333333,329.0,"13,14,15,16,17,18,19,20,21,22,23,24,25,26,27,28,29,30,31,32,33,34,35,36,37,38"
6406,10,H8,Tornada,3,Sant Adrià - Sas,1435,14:15:30,15.5,8.800000000033332,528.0,"13,14,15,16,17,18,19,20,21,22,23,24,25,26,27,28,29,30,31,32,33,34,35,36,37,38"
6215,10,H8,Tornada,3,Sant Adrià - Sas,1435,14:24:55,24.92,9.4333333333,566.0,"13,14,15,16,17,18,19,20,21,22,23,24,25,26,27,28,29,30,31,32,33,34,35,36,37,38"
6121,4,H8,Tornada,3,Sant Adrià - Sas,1435,14:32:36,32.6,7.666666666733334,460.0,"13,14,15,16,17,18,19,20,21,22,23,24,25,26,27,28,29,30,31,32,33,34,35,36,37,38"
6407,10,H8,Tornada,3,Sant Adrià - Sas,1435,14:41:41,41.68,9.099999999933335,546.0,"13,14,15,16,17,18,19,20,21,22,23,24,25,26,27,28,29,30,31,32,33,34,35,36,37,38"
6079,10,H8,Tornada,3,Sant Adrià - Sas,1435,14:48:56,48.93,7.25,435.0,"13,14,15,16,17,18,19,20,21,22,23,24,25,26,27,28,29,30,31,32,33,34,35,36,37,38"
6024,11,H8,Tornada,3,Sant Adrià - Sas,1435,14:58:05,58.08,9.15,549.0,"13,14,15,16,17,18,19,20,21,22,23,24,25,26,27,28,29,30,31,32,33,34,35,36,37,38"
6056,10,H8,Tornada,3,Sant Adrià - Sas,1435,15:06:35,6.58,8.5,510.0,"13,14,15,16,17,18,19,20,21,22,23,24,25,26,27,28,29,30,31,32,33,34,35,36,37,38"
6411,12,H8,Tornada,3,Sant Adrià - Sas,1435,15:14:41,14.68,8.083333333366665,485.0,"13,14,15,16,17,18,19,20,21,22,23,24,25,26,27,28,29,30,31,32,33,34,35,36,37,38"
6211,11,H8,Tornada,3,Sant Adrià - Sas,1435,15:22:53,22.88,8.216666666633333,493.0,"13,14,15,16,17,18,19,20,21,22,23,24,25,26,27,28,29,30,31,32,33,34,35,36,37,38"
6055,10,H8,Tornada,3,Sant Adrià - Sas,1435,15:30:35,30.58,7.600000000033333,456.0,"13,14,15,16,17,18,19,20,21,22,23,24,25,26,27,28,29,30,31,32,33,34,35,36,37,38"
6030,1,H8,Tornada,3,Sant Adrià - Sas,1435,15:38:25,38.42,7.833333333366666,470.0,"13,14,15,16,17,18,19,20,21,22,23,24,25,26,27,28,29,30,31,32,33,34,35,36,37,38"
6414,10,H8,Tornada,3,Sant Adrià - Sas,1435,15:45:09,45.15,6.733333333333333,404.0,"13,14,15,16,17,18,19,20,21,22,23,24,25,26,27,28,29,30,31,32,33,34,35,36,37,38"
6415,12,H8,Tornada,3,Sant Adrià - Sas,1435,15:54:47,54.78,9.633333333333333,578.0,"13,14,15,16,17,18,19,20,21,22,23,24,25,26,27,28,29,30,31,32,33,34,35,36,37,38"
1547,10,H8,Tornada,3,Sant Adrià - Sas,1435,16:04:18,4.3,9.516666666666667,571.0,"13,14,15,16,17,18,19,20,21,22,23,24,25,26,27,28,29,30,31,32,33,34,35,36,37,38"
2671,10,H8,Tornada,3,Sant Adrià - Sas,1435,16:11:38,11.63,7.333333333333333,440.0,"13,14,15,16,17,18,19,20,21,22,23,24,25,26,27,28,29,30,31,32,33,34,35,36,37,38"
6217,12,H8,Tornada,3,Sant Adrià - Sas,1435,16:19:35,19.58,7.95,477.0,"13,14,15,16,17,18,19,20,21,22,23,24,25,26,27,28,29,30,31,32,33,34,35,36,37,38"
6026,13,H8,Tornada,3,Sant Adrià - Sas,1435,16:26:31,26.52,6.9333333333,416.0,"13,14,15,16,17,18,19,20,21,22,23,24,25,26,27,28,29,30,31,32,33,34,35,36,37,38"
6409,1,H8,Tornada,3,Sant Adrià - Sas,1435,16:34:50,34.83,8.316666666666666,499.0,"13,14,15,16,17,18,19,20,21,22,23,24,25,26,27,28,29,30,31,32,33,34,35,36,37,38"
6401,11,H8,Tornada,3,Sant Adrià - Sas,1435,16:41:16,41.27,6.433333333333334,386.0,"13,14,15,16,17,18,19,20,21,22,23,24,25,26,27,28,29,30,31,32,33,34,35,36,37,38"
6402,13,H8,Tornada,3,Sant Adrià - Sas,1435,16:48:45,48.75,7.499999999966667,450.0,"13,14,15,16,17,18,19,20,21,22,23,24,25,26,27,28,29,30,31,32,33,34,35,36,37,38"
6808,13,H8,Tornada,3,Sant Adrià - Sas,1435,16:56:51,56.85,8.0833333334,485.0,"13,14,15,16,17,18,19,20,21,22,23,24,25,26,27,28,29,30,31,32,33,34,35,36,37,38"
6037,13,H8,Tornada,3,Sant Adrià - Sas,1435,17:05:25,5.42,8.583333333266667,515.0,"13,14,15,16,17,18,19,20,21,22,23,24,25,26,27,28,29,30,31,32,33,34,35,36,37,38"
6406,13,H8,Tornada,3,Sant Adrià - Sas,1435,17:22:04,22.07,16.6333333334,998.0,"13,14,15,16,17,18,19,20,21,22,23,24,25,26,27,28,29,30,31,32,33,34,35,36,37,38"
6047,12,H8,Tornada,3,Sant Adrià - Sas,1435,17:27:01,27.02,4.9666666666,298.0,"13,14,15,16,17,18,19,20,21,22,23,24,25,26,27,28,29,30,31,32,33,34,35,36,37,38"
6215,13,H8,Tornada,3,Sant Adrià - Sas,1435,17:30:00,30.0,2.9833333333333334,179.0,"13,14,15,16,17,18,19,20,21,22,23,24,25,26,27,28,29,30,31,32,33,34,35,36,37,38"
6408,8,H8,Tornada,3,Sant Adrià - Sas,1435,17:36:42,36.7,6.7,402.0,"13,14,15,16,17,18,19,20,21,22,23,24,25,26,27,28,29,30,31,32,33,34,35,36,37,38"
6121,7,H8,Tornada,3,Sant Adrià - Sas,1435,17:37:51,37.85,1.15,69.0,"13,14,15,16,17,18,19,20,21,22,23,24,25,26,27,28,29,30,31,32,33,34,35,36,37,38"
6407,13,H8,Tornada,3,Sant Adrià - Sas,1435,17:44:28,44.47,6.600000000066667,396.0,"13,14,15,16,17,18,19,20,21,22,23,24,25,26,27,28,29,30,31,32,33,34,35,36,37,38"
6079,13,H8,Tornada,3,Sant Adrià - Sas,1435,17:51:28,51.47,7.0,420.0,"7,8,9,10,13,14,15,16,17,18,19,20,21,22,23,24,25,26,27,28,29,30,31,32,33,34,35,36,37,38"
6024,14,H8,Tornada,3,Sant Adrià - Sas,1435,17:58:57,58.95,7.499999999933333,450.0,"13,14,15,16,17,18,19,20,21,22,23,24,25,26,27,28,29,30,31,32,33,34,35,36,37,38"
6056,13,H8,Tornada,3,Sant Adrià - Sas,1435,18:06:44,6.73,7.783333333333333,467.0,"13,14,15,16,17,18,19,20,21,22,23,24,25,26,27,28,29,30,31,32,33,34,35,36,37,38"
6411,15,H8,Tornada,3,Sant Adrià - Sas,1435,18:15:35,15.58,8.833333333366665,530.0,"13,14,15,16,17,18,19,20,21,22,23,24,25,26,27,28,29,30,31,32,33,34,35,36,37,38"
6055,13,H8,Tornada,3,Sant Adrià - Sas,1435,18:18:15,18.25,2.6833333333,161.0,"4,5,6,7,8,9,10,11,12,13,14,15,16,17,18,19,20,21,22,23,24,25,26,27,28,29,30,31,32,33,34,35,36,37,38"
6059,15,H8,Tornada,3,Sant Adrià - Sas,1435,18:20:47,20.78,2.5166666667,151.0,"1,2,13,14,15,16,17,18,19,20,21,22,23,24,25,26,27,28,29,30,31,32,33,34,35,36,37,38"
6030,4,H8,Tornada,3,Sant Adrià - Sas,1435,18:31:51,31.85,11.0666666667,664.0,"13,14,15,16,17,18,19,20,21,22,23,24,25,26,27,28,29,30,31,32,33,34,35,36,37,38"
6414,13,H8,Tornada,3,Sant Adrià - Sas,1435,18:38:34,38.57,6.7166666666333334,403.0,"13,14,15,16,17,18,19,20,21,22,23,24,25,26,27,28,29,30,31,32,33,34,35,36,37,38"
6415,15,H8,Tornada,3,Sant Adrià - Sas,1435,18:49:38,49.63,11.0666666667,664.0,"13,14,15,16,17,18,19,20,21,22,23,24,25,26,27,28,29,30,31,32,33,34,35,36,37,38"
2671,13,H8,Tornada,3,Sant Adrià - Sas,1435,18:55:37,55.62,5.9833333333,359.0,"4,5,6,7,8,9,10,11,12,13,14,15,16,17,18,19,20,21,22,23,24,25,26,27,28,29,30,31,32,33,34,35,36,37,38"
1547,13,H8,Tornada,3,Sant Adrià - Sas,1435,18:57:54,57.9,2.283333333333333,137.0,"1,13,14,15,16,17,18,19,20,21,22,23,24,25,26,27,28,29,30,31,32,33,34,35,36,37,38"
6026,16,H8,Tornada,3,Sant Adrià - Sas,1435,19:19:31,19.52,20.899999999966667,1254.0,"13,14,15,16,17,18,19,20,21,22,23,24,25,26,27,28,29,30,31,32,33,34,35,36,37,38"
6409,4,H8,Tornada,3,Sant Adrià - Sas,1435,19:21:58,21.97,2.46666666665,148.0,"8,13,14,15,16,17,18,19,20,21,22,23,24,25,26,27,28,29,30,31,32,33,34,35,36,37,38"
6401,14,H8,Tornada,3,Sant Adrià - Sas,1435,19:32:37,32.62,10.633333333383332,638.0,"13,14,15,16,17,18,19,20,21,22,23,24,25,26,27,28,29,30,31,32,33,34,35,36,37,38"
6402,16,H8,Tornada,3,Sant Adrià - Sas,1435,19:41:20,41.33,8.733333333266668,524.0,"13,14,15,16,17,18,19,20,21,22,23,24,25,26,27,28,29,30,31,32,33,34,35,36,37,38"
6037,16,H8,Tornada,3,Sant Adrià - Sas,1435,19:52:06,52.1,10.750000000066667,645.0,"13,14,15,16,17,18,19,20,21,22,23,24,25,26,27,28,29,30,31,32,33,34,35,36,37,38"
6406,16,H8,Tornada,3,Sant Adrià - Sas,1435,19:59:33,59.55,7.45,447.0,"4,5,6,7,8,9,10,11,12,13,14,15,16,17,18,19,20,21,22,23,24,25,26,27,28,29,30,31,32,33,34,35,36,37,38"
6047,14,H8,Tornada,3,Sant Adrià - Sas,1435,20:01:53,1.88,1.9333333333333333,116.0,"13,14,15,16,17,18,19,20,21,22,23,24,25,26,27,28,29,30,31,32,33,34,35,36,37,38"
6407,16,H8,Tornada,3,Sant Adrià - Sas,1435,20:16:56,16.93,15.066666666633333,904.0,"4,5,6,7,8,9,10,11,12,13,14,15,16,17,18,19,20,21,22,23,24,25,26,27,28,29,30,31,32,33,34,35,36,37,38"
6056,15,H8,Tornada,3,Sant Adrià - Sas,1435,20:30:52,30.87,13.05,783.0,"1,2,4,5,6,7,8,9,10,11,12,13,14,15,16,17,18,19,20,21,22,23,24,25,26,27,28,29,30,31,32,33,34,35,36,37,38"
6024,17,H8,Tornada,3,Sant Adrià - Sas,1435,20:31:53,31.88,1.0166666666333333,61.0,"13,14,15,16,17,18,19,20,21,22,23,24,25,26,27,28,29,30,31,32,33,34,35,36,37,38"
6411,17,H8,Tornada,3,Sant Adrià - Sas,1435,20:52:14,52.23,20.35,1221.0,"13,14,15,16,17,18,19,20,21,22,23,24,25,26,27,28,29,30,31,32,33,34,35,36,37,38"
6414,16,H8,Tornada,3,Sant Adrià - Sas,1435,21:11:26,11.43,18.649999999966667,1119.0,"6,13,14,15,16,17,18,19,20,21,22,23,24,25,26,27,28,29,30,31,32,33,34,35,36,37,38"
6026,18,H8,Tornada,3,Sant Adrià - Sas,1435,21:28:46,28.77,17.316666666699998,1039.0,"1,2,4,5,6,7,8,9,10,11,12,13,14,15,16,17,18,19,20,21,22,23,24,25,26,27,28,29,30,31,32,33,34,35,36,37,38"
6415,17,H8,Tornada,3,Sant Adrià - Sas,1435,21:31:57,31.95,3.183333333366667,191.0,"13,14,15,16,17,18,19,20,21,22,23,24,25,26,27,28,29,30,31,32,33,34,35,36,37,38"
6409,7,H8,Tornada,3,Sant Adrià - Sas,1435,21:45:14,45.23,13.299999999933334,798.0,"4,5,6,7,8,9,10,11,12,13,14,15,16,17,18,19,20,21,22,23,24,25,26,27,28,29,30,31,32,33,34,35,36,37,38"
6121,12,H8,Tornada,3,Sant Adrià - Sas,1435,22:28:10,28.17,14.999999999966667,900.0,"4,5,6,7,8,9,10,11,12,13,14,15,16,17,18,19,20,21,22,23,24,25,26,27,28,29,30,31,32,33,34,35,36,37,38"
6411,1,H8,Tornada,4,Ciutat d'Asunción - Sant Adrià,1436,03:37:30,37.5,,,"1,13,14,15,16,17,18,19,20,21,22,23,24,25,26,27,28,29,30,31,32,33,34,35,36,37,38"
6059,1,H8,Tornada,4,Ciutat d'Asunción - Sant Adrià,1436,03:52:44,52.73,15.216666666733333,913.0,"13,14,15,16,17,18,19,20,21,22,23,24,25,26,27,28,29,30,31,32,33,34,35,36,37,38"
6415,1,H8,Tornada,4,Ciutat d'Asunción - Sant Adrià,1436,04:07:47,7.78,15.049999999966667,903.0,"13,14,15,16,17,18,19,20,21,22,23,24,25,26,27,28,29,30,31,32,33,34,35,36,37,38"
6217,1,H8,Tornada,4,Ciutat d'Asunción - Sant Adrià,1436,04:22:28,22.47,14.683333333333334,881.0,"13,14,15,16,17,18,19,20,21,22,23,24,25,26,27,28,29,30,31,32,33,34,35,36,37,38"
6026,1,H8,Tornada,4,Ciutat d'Asunción - Sant Adrià,1436,04:33:14,33.23,10.7833333333,647.0,"13,14,15,16,17,18,19,20,21,22,23,24,25,26,27,28,29,30,31,32,33,34,35,36,37,38"
6401,1,H8,Tornada,4,Ciutat d'Asunción - Sant Adrià,1436,04:42:54,42.9,9.650000000066665,579.0,"1,2,13,14,15,16,17,18,19,20,21,22,23,24,25,26,27,28,29,30,31,32,33,34,35,36,37,38"
6402,1,H8,Tornada,4,Ciutat d'Asunción - Sant Adrià,1436,04:49:56,49.93,7.033333333300001,422.0,"13,14,15,16,17,18,19,20,21,22,23,24,25,26,27,28,29,30,31,32,33,34,35,36,37,38"
6808,1,H8,Tornada,4,Ciutat d'Asunción - Sant Adrià,1436,04:59:29,59.48,9.55,573.0,"1,13,14,15,16,17,18,19,20,21,22,23,24,25,26,27,28,29,30,31,32,33,34,35,36,37,38"
6037,1,H8,Tornada,4,Ciutat d'Asunción - Sant Adrià,1436,05:03:44,3.73,4.25,255.0,"13,14,15,16,17,18,19,20,21,22,23,24,25,26,27,28,29,30,31,32,33,34,35,36,37,38"
6047,1,H8,Tornada,4,Ciutat d'Asunción - Sant Adrià,1436,05:10:43,10.72,6.999999999966667,420.0,"12,13,16,17,18,19,20,21,22,23,24,25,26,27,28,29,30,31,32,33,34,35,36,37,38"
6406,1,H8,Tornada,4,Ciutat d'Asunción - Sant Adrià,1436,05:17:57,17.95,7.233333333333333,434.0,"13,14,15,16,17,18,19,20,21,22,23,24,25,26,27,28,29,30,31,32,33,34,35,36,37,38"
6215,1,H8,Tornada,4,Ciutat d'Asunción - Sant Adrià,1436,05:24:18,24.3,6.333333333400001,380.0,"13,14,15,16,17,18,19,20,21,22,23,24,25,26,27,28,29,30,31,32,33,34,35,36,37,38"
6046,1,H8,Tornada,4,Ciutat d'Asunción - Sant Adrià,1436,05:33:31,33.52,9.233333333266668,554.0,"13,14,15,16,17,18,19,20,21,22,23,24,25,26,27,28,29,30,31,32,33,34,35,36,37,38"
6408,1,H8,Tornada,4,Ciutat d'Asunción - Sant Adrià,1436,05:39:30,39.5,5.966666666699999,358.0,"13,14,15,16,17,18,19,20,21,22,23,24,25,26,27,28,29,30,31,32,33,34,35,36,37,38"
6407,1,H8,Tornada,4,Ciutat d'Asunción - Sant Adrià,1436,05:46:51,46.85,7.366666666633334,442.0,"13,14,15,16,17,18,19,20,21,22,23,24,25,26,27,28,29,30,31,32,33,34,35,36,37,38"
6079,1,H8,Tornada,4,Ciutat d'Asunción - Sant Adrià,1436,05:55:43,55.72,8.850000000066666,531.0,"13,14,15,16,17,18,19,20,21,22,23,24,25,26,27,28,29,30,31,32,33,34,35,36,37,38"
6024,2,H8,Tornada,4,Ciutat d'Asunción - Sant Adrià,1436,06:01:51,1.85,6.133333333333334,368.0,"2,13,14,15,16,17,18,19,20,21,22,23,24,25,26,27,28,29,30,31,32,33,34,35,36,37,38"
6056,1,H8,Tornada,4,Ciutat d'Asunción - Sant Adrià,1436,06:09:23,9.38,7.549999999933333,453.0,"13,14,15,16,17,18,19,20,21,22,23,24,25,26,27,28,29,30,31,32,33,34,35,36,37,38"
6411,3,H8,Tornada,4,Ciutat d'Asunción - Sant Adrià,1436,06:16:54,16.9,7.500000000033333,450.0,"13,14,15,16,17,18,19,20,21,22,23,24,25,26,27,28,29,30,31,32,33,34,35,36,37,38"
6211,1,H8,Tornada,4,Ciutat d'Asunción - Sant Adrià,1436,06:25:16,25.27,8.3833333333,503.0,"13,14,15,16,17,18,19,20,21,22,23,24,25,26,27,28,29,30,31,32,33,34,35,36,37,38"
6055,1,H8,Tornada,4,Ciutat d'Asunción - Sant Adrià,1436,06:31:27,31.45,6.166666666733334,370.0,"13,14,15,16,17,18,19,20,21,22,23,24,25,26,27,28,29,30,31,32,33,34,35,36,37,38"
6414,1,H8,Tornada,4,Ciutat d'Asunción - Sant Adrià,1436,06:39:26,39.43,7.9833333333,479.0,"13,14,15,16,17,18,19,20,21,22,23,24,25,26,27,28,29,30,31,32,33,34,35,36,37,38"
6059,3,H8,Tornada,4,Ciutat d'Asunción - Sant Adrià,1436,06:44:16,44.27,4.833333333333333,290.0,"13,14,15,16,17,18,19,20,21,22,23,24,25,26,27,28,29,30,31,32,33,34,35,36,37,38"
6415,3,H8,Tornada,4,Ciutat d'Asunción - Sant Adrià,1436,06:56:41,56.68,12.416666666683334,745.0,"13,14,15,16,17,18,19,20,21,22,23,24,25,26,27,28,29,30,31,32,33,34,35,36,37,38"
1547,1,H8,Tornada,4,Ciutat d'Asunción - Sant Adrià,1436,07:03:41,3.68,6.999999999983333,420.0,"13,14,15,16,17,18,19,20,21,22,23,24,25,26,27,28,29,30,31,32,33,34,35,36,37,38"
2671,1,H8,Tornada,4,Ciutat d'Asunción - Sant Adrià,1436,07:12:37,12.62,8.933333333366667,536.0,"13,14,15,16,17,18,19,20,21,22,23,24,25,26,27,28,29,30,31,32,33,34,35,36,37,38"
6217,3,H8,Tornada,4,Ciutat d'Asunción - Sant Adrià,1436,07:21:27,21.45,8.8333333333,530.0,"13,14,15,16,17,18,19,20,21,22,23,24,25,26,27,28,29,30,31,32,33,34,35,36,37,38"
6026,4,H8,Tornada,4,Ciutat d'Asunción - Sant Adrià,1436,07:31:31,31.52,10.066666666666666,604.0,"13,14,15,16,17,18,19,20,21,22,23,24,25,26,27,28,29,30,31,32,33,34,35,36,37,38"
6401,3,H8,Tornada,4,Ciutat d'Asunción - Sant Adrià,1436,07:37:45,37.75,6.233333333333333,374.0,"13,14,15,16,17,18,19,20,21,22,23,24,25,26,27,28,29,30,31,32,33,34,35,36,37,38"
6402,4,H8,Tornada,4,Ciutat d'Asunción - Sant Adrià,1436,07:44:46,44.77,7.033333333300001,422.0,"13,14,15,16,17,18,19,20,21,22,23,24,25,26,27,28,29,30,31,32,33,34,35,36,37,38"
6808,4,H8,Tornada,4,Ciutat d'Asunción - Sant Adrià,1436,07:54:28,54.47,9.683333333366667,581.0,"13,14,15,16,17,18,19,20,21,22,23,24,25,26,27,28,29,30,31,32,33,34,35,36,37,38"
6037,4,H8,Tornada,4,Ciutat d'Asunción - Sant Adrià,1436,08:01:16,1.27,6.8,408.0,"13,14,15,16,17,18,19,20,21,22,23,24,25,26,27,28,29,30,31,32,33,34,35,36,37,38"
6047,3,H8,Tornada,4,Ciutat d'Asunción - Sant Adrià,1436,08:10:31,10.52,9.266666666633334,556.0,"13,14,15,16,17,18,19,20,21,22,23,24,25,26,27,28,29,30,31,32,33,34,35,36,37,38"
6406,4,H8,Tornada,4,Ciutat d'Asunción - Sant Adrià,1436,08:16:37,16.62,6.1,366.0,"13,14,15,16,17,18,19,20,21,22,23,24,25,26,27,28,29,30,31,32,33,34,35,36,37,38"
6215,4,H8,Tornada,4,Ciutat d'Asunción - Sant Adrià,1436,08:24:23,24.38,7.766666666666667,466.0,"13,14,15,16,17,18,19,20,21,22,23,24,25,26,27,28,29,30,31,32,33,34,35,36,37,38"
6408,4,H8,Tornada,4,Ciutat d'Asunción - Sant Adrià,1436,08:34:24,34.4,10.016666666666667,601.0,"1,2,13,14,15,16,17,18,19,20,21,22,23,24,25,26,27,28,29,30,31,32,33,34,35,36,37,38"
6046,4,H8,Tornada,4,Ciutat d'Asunción - Sant Adrià,1436,08:39:05,39.08,4.666666666699999,280.0,"13,14,15,16,17,18,19,20,21,22,23,24,25,26,27,28,29,30,31,32,33,34,35,36,37,38"
6407,4,H8,Tornada,4,Ciutat d'Asunción - Sant Adrià,1436,08:48:49,48.82,9.733333333333333,584.0,"13,14,15,16,17,18,19,20,21,22,23,24,25,26,27,28,29,30,31,32,33,34,35,36,37,38"
6079,4,H8,Tornada,4,Ciutat d'Asunción - Sant Adrià,1436,08:57:25,57.42,8.6,516.0,"13,14,15,16,17,18,19,20,21,22,23,24,25,26,27,28,29,30,31,32,33,34,35,36,37,38"
6024,5,H8,Tornada,4,Ciutat d'Asunción - Sant Adrià,1436,09:03:31,3.52,6.116666666633334,367.0,"13,14,15,16,17,18,19,20,21,22,23,24,25,26,27,28,29,30,31,32,33,34,35,36,37,38"
6056,4,H8,Tornada,4,Ciutat d'Asunción - Sant Adrià,1436,09:12:45,12.75,9.233333333333333,554.0,"13,14,15,16,17,18,19,20,21,22,23,24,25,26,27,28,29,30,31,32,33,34,35,36,37,38"
6411,6,H8,Tornada,4,Ciutat d'Asunción - Sant Adrià,1436,09:18:21,18.35,5.583333333400001,335.0,"13,14,15,16,17,18,19,20,21,22,23,24,25,26,27,28,29,30,31,32,33,34,35,36,37,38"
6059,6,H8,Tornada,4,Ciutat d'Asunción - Sant Adrià,1436,09:27:13,27.22,8.866666666633334,532.0,"2,13,14,15,16,17,18,19,20,21,22,23,24,25,26,27,28,29,30,31,32,33,34,35,36,37,38"
6055,4,H8,Tornada,4,Ciutat d'Asunción - Sant Adrià,1436,09:34:49,34.82,7.466666666666667,448.0,"1,2,13,14,15,16,17,18,19,20,21,22,23,24,25,26,27,28,29,30,31,32,33,34,35,36,37,38"
6414,4,H8,Tornada,4,Ciutat d'Asunción - Sant Adrià,1436,09:45:21,45.35,10.533333333366667,632.0,"13,14,15,16,17,18,19,20,21,22,23,24,25,26,27,28,29,30,31,32,33,34,35,36,37,38"
6415,6,H8,Tornada,4,Ciutat d'Asunción - Sant Adrià,1436,09:56:03,56.05,10.7,642.0,"13,14,15,16,17,18,19,20,21,22,23,24,25,26,27,28,29,30,31,32,33,34,35,36,37,38"
1547,4,H8,Tornada,4,Ciutat d'Asunción - Sant Adrià,1436,10:05:19,5.32,9.266666666666667,556.0,"13,14,15,16,17,18,19,20,21,22,23,24,25,26,27,28,29,30,31,32,33,34,35,36,37,38"
2671,4,H8,Tornada,4,Ciutat d'Asunción - Sant Adrià,1436,10:12:46,12.77,7.449999999966667,447.0,"13,14,15,16,17,18,19,20,21,22,23,24,25,26,27,28,29,30,31,32,33,34,35,36,37,38"
6217,6,H8,Tornada,4,Ciutat d'Asunción - Sant Adrià,1436,10:21:04,21.07,8.3,498.0,"3,13,14,15,16,17,18,19,20,21,22,23,24,25,26,27,28,29,30,31,32,33,34,35,36,37,38"
6026,7,H8,Tornada,4,Ciutat d'Asunción - Sant Adrià,1436,10:32:06,32.1,11.033333333333333,662.0,"13,14,15,16,17,18,19,20,21,22,23,24,25,26,27,28,29,30,31,32,33,34,35,36,37,38"
6401,5,H8,Tornada,4,Ciutat d'Asunción - Sant Adrià,1436,10:40:47,40.78,8.683333333366667,521.0,"13,14,15,16,17,18,19,20,21,22,23,24,25,26,27,28,29,30,31,32,33,34,35,36,37,38"
6402,7,H8,Tornada,4,Ciutat d'Asunción - Sant Adrià,1436,10:49:45,49.75,8.966666666666667,538.0,"13,14,15,16,17,18,19,20,21,22,23,24,25,26,27,28,29,30,31,32,33,34,35,36,37,38"
6808,7,H8,Tornada,4,Ciutat d'Asunción - Sant Adrià,1436,10:57:02,57.03,7.283333333300001,437.0,"13,14,15,16,17,18,19,20,21,22,23,24,25,26,27,28,29,30,31,32,33,34,35,36,37,38"
6037,7,H8,Tornada,4,Ciutat d'Asunción - Sant Adrià,1436,11:06:37,6.62,9.583333333366665,575.0,"13,14,15,16,17,18,19,20,21,22,23,24,25,26,27,28,29,30,31,32,33,34,35,36,37,38"
6047,6,H8,Tornada,4,Ciutat d'Asunción - Sant Adrià,1436,11:17:00,17.0,10.383333333333333,623.0,"13,14,15,16,17,18,19,20,21,22,23,24,25,26,27,28,29,30,31,32,33,34,35,36,37,38"
6406,7,H8,Tornada,4,Ciutat d'Asunción - Sant Adrià,1436,11:22:53,22.88,5.899999999916667,354.0,"13,14,15,16,17,18,19,20,21,22,23,24,25,26,27,28,29,30,31,32,33,34,35,36,37,38"
6215,7,H8,Tornada,4,Ciutat d'Asunción - Sant Adrià,1436,11:30:50,30.83,7.950000000016667,477.0,"13,14,15,16,17,18,19,20,21,22,23,24,25,26,27,28,29,30,31,32,33,34,35,36,37,38"
6121,1,H8,Tornada,4,Ciutat d'Asunción - Sant Adrià,1436,11:39:26,39.43,8.583333333399999,515.0,"13,14,15,16,17,18,19,20,21,22,23,24,25,26,27,28,29,30,31,32,33,34,35,36,37,38"
6407,7,H8,Tornada,4,Ciutat d'Asunción - Sant Adrià,1436,11:45:25,45.42,5.9833333333,359.0,"13,14,15,16,17,18,19,20,21,22,23,24,25,26,27,28,29,30,31,32,33,34,35,36,37,38"
6079,7,H8,Tornada,4,Ciutat d'Asunción - Sant Adrià,1436,11:53:09,53.15,7.749999999966667,465.0,"13,14,15,16,17,18,19,20,21,22,23,24,25,26,27,28,29,30,31,32,33,34,35,36,37,38"
6024,8,H8,Tornada,4,Ciutat d'Asunción - Sant Adrià,1436,12:01:42,1.7,8.55,513.0,"13,14,15,16,17,18,19,20,21,22,23,24,25,26,27,28,29,30,31,32,33,34,35,36,37,38"
6056,7,H8,Tornada,4,Ciutat d'Asunción - Sant Adrià,1436,12:10:56,10.93,9.2166666667,553.0,"13,14,15,16,17,18,19,20,21,22,23,24,25,26,27,28,29,30,31,32,33,34,35,36,37,38"
6411,9,H8,Tornada,4,Ciutat d'Asunción - Sant Adrià,1436,12:18:05,18.08,7.166666666633334,430.0,"2,13,14,15,16,17,18,19,20,21,22,23,24,25,26,27,28,29,30,31,32,33,34,35,36,37,38"
6059,9,H8,Tornada,4,Ciutat d'Asunción - Sant Adrià,1436,12:27:30,27.5,9.400000000033334,564.0,"13,14,15,16,17,18,19,20,21,22,23,24,25,26,27,28,29,30,31,32,33,34,35,36,37,38"
6055,7,H8,Tornada,4,Ciutat d'Asunción - Sant Adrià,1436,12:35:49,35.82,8.3166666667,499.0,"13,14,15,16,17,18,19,20,21,22,23,24,25,26,27,28,29,30,31,32,33,34,35,36,37,38"
6414,7,H8,Tornada,4,Ciutat d'Asunción - Sant Adrià,1436,12:43:30,43.5,7.6999999999333335,462.0,"13,14,15,16,17,18,19,20,21,22,23,24,25,26,27,28,29,30,31,32,33,34,35,36,37,38"
6415,9,H8,Tornada,4,Ciutat d'Asunción - Sant Adrià,1436,12:54:23,54.38,10.883333333333333,653.0,"13,14,15,16,17,18,19,20,21,22,23,24,25,26,27,28,29,30,31,32,33,34,35,36,37,38"
1547,7,H8,Tornada,4,Ciutat d'Asunción - Sant Adrià,1436,13:01:32,1.53,7.133333333366666,428.0,"13,14,15,16,17,18,19,20,21,22,23,24,25,26,27,28,29,30,31,32,33,34,35,36,37,38"
2671,7,H8,Tornada,4,Ciutat d'Asunción - Sant Adrià,1436,13:12:26,12.43,10.916666666633335,655.0,"13,14,15,16,17,18,19,20,21,22,23,24,25,26,27,28,29,30,31,32,33,34,35,36,37,38"
6217,9,H8,Tornada,4,Ciutat d'Asunción - Sant Adrià,1436,13:19:47,19.78,7.35,441.0,"13,14,15,16,17,18,19,20,21,22,23,24,25,26,27,28,29,30,31,32,33,34,35,36,37,38"
6026,10,H8,Tornada,4,Ciutat d'Asunción - Sant Adrià,1436,13:31:32,31.53,11.75,705.0,"7,13,14,15,16,17,18,19,20,21,22,23,24,25,26,27,28,29,30,31,32,33,34,35,36,37,38"
6401,8,H8,Tornada,4,Ciutat d'Asunción - Sant Adrià,1436,13:35:39,35.65,4.116666666666666,247.0,"13,14,15,16,17,18,19,20,21,22,23,24,25,26,27,28,29,30,31,32,33,34,35,36,37,38"
6402,10,H8,Tornada,4,Ciutat d'Asunción - Sant Adrià,1436,13:43:47,43.78,8.116666666733334,487.0,"13,14,15,16,17,18,19,20,21,22,23,24,25,26,27,28,29,30,31,32,33,34,35,36,37,38"
6808,10,H8,Tornada,4,Ciutat d'Asunción - Sant Adrià,1436,13:52:17,52.28,8.516666666599999,511.0,"13,14,15,16,17,18,19,20,21,22,23,24,25,26,27,28,29,30,31,32,33,34,35,36,37,38"
6037,10,H8,Tornada,4,Ciutat d'Asunción - Sant Adrià,1436,14:02:22,2.37,10.066666666733333,604.0,"13,14,15,16,17,18,19,20,21,22,23,24,25,26,27,28,29,30,31,32,33,34,35,36,37,38"
6047,9,H8,Tornada,4,Ciutat d'Asunción - Sant Adrià,1436,14:08:37,8.62,6.2666666666,376.0,"13,14,15,16,17,18,19,20,21,22,23,24,25,26,27,28,29,30,31,32,33,34,35,36,37,38"
6406,10,H8,Tornada,4,Ciutat d'Asunción - Sant Adrià,1436,14:17:53,17.88,9.250000000033333,555.0,"13,14,15,16,17,18,19,20,21,22,23,24,25,26,27,28,29,30,31,32,33,34,35,36,37,38"
6215,10,H8,Tornada,4,Ciutat d'Asunción - Sant Adrià,1436,14:25:43,25.72,7.833333333333333,470.0,"13,14,15,16,17,18,19,20,21,22,23,24,25,26,27,28,29,30,31,32,33,34,35,36,37,38"
6121,4,H8,Tornada,4,Ciutat d'Asunción - Sant Adrià,1436,14:33:01,33.02,7.3,438.0,"13,14,15,16,17,18,19,20,21,22,23,24,25,26,27,28,29,30,31,32,33,34,35,36,37,38"
6407,10,H8,Tornada,4,Ciutat d'Asunción - Sant Adrià,1436,14:42:11,42.18,9.1666666667,550.0,"13,14,15,16,17,18,19,20,21,22,23,24,25,26,27,28,29,30,31,32,33,34,35,36,37,38"
6079,10,H8,Tornada,4,Ciutat d'Asunción - Sant Adrià,1436,14:50:24,50.4,8.216666666633333,493.0,"13,14,15,16,17,18,19,20,21,22,23,24,25,26,27,28,29,30,31,32,33,34,35,36,37,38"
6024,11,H8,Tornada,4,Ciutat d'Asunción - Sant Adrià,1436,14:58:40,58.67,8.2833333333,497.0,"13,14,15,16,17,18,19,20,21,22,23,24,25,26,27,28,29,30,31,32,33,34,35,36,37,38"
6056,10,H8,Tornada,4,Ciutat d'Asunción - Sant Adrià,1436,15:08:00,8.0,9.333333333333334,560.0,"13,14,15,16,17,18,19,20,21,22,23,24,25,26,27,28,29,30,31,32,33,34,35,36,37,38"
6411,12,H8,Tornada,4,Ciutat d'Asunción - Sant Adrià,1436,15:16:54,16.9,8.8833333334,533.0,"13,14,15,16,17,18,19,20,21,22,23,24,25,26,27,28,29,30,31,32,33,34,35,36,37,38"
6059,12,H8,Tornada,4,Ciutat d'Asunción - Sant Adrià,1436,15:24:02,24.03,7.1333333333,428.0,"13,14,15,16,17,18,19,20,21,22,23,24,25,26,27,28,29,30,31,32,33,34,35,36,37,38"
6055,10,H8,Tornada,4,Ciutat d'Asunción - Sant Adrià,1436,15:33:01,33.02,8.7,522.0,"13,14,15,16,17,18,19,20,21,22,23,24,25,26,27,28,29,30,31,32,33,34,35,36,37,38"
6030,1,H8,Tornada,4,Ciutat d'Asunción - Sant Adrià,1436,15:39:31,39.52,6.5,390.0,"13,14,15,16,17,18,19,20,21,22,23,24,25,26,27,28,29,30,31,32,33,34,35,36,37,38"
6414,10,H8,Tornada,4,Ciutat d'Asunción - Sant Adrià,1436,15:46:38,46.63,7.1333333333,428.0,"13,14,15,16,17,18,19,20,21,22,23,24,25,26,27,28,29,30,31,32,33,34,35,36,37,38"
6415,12,H8,Tornada,4,Ciutat d'Asunción - Sant Adrià,1436,15:56:35,56.58,9.933333333366667,596.0,"13,14,15,16,17,18,19,20,21,22,23,24,25,26,27,28,29,30,31,32,33,34,35,36,37,38"
1547,10,H8,Tornada,4,Ciutat d'Asunción - Sant Adrià,1436,16:05:09,5.15,8.566666666666666,514.0,"13,14,15,16,17,18,19,20,21,22,23,24,25,26,27,28,29,30,31,32,33,34,35,36,37,38"
2671,10,H8,Tornada,4,Ciutat d'Asunción - Sant Adrià,1436,16:11:59,11.98,6.833333333366666,410.0,"13,14,15,16,17,18,19,20,21,22,23,24,25,26,27,28,29,30,31,32,33,34,35,36,37,38"
6217,12,H8,Tornada,4,Ciutat d'Asunción - Sant Adrià,1436,16:21:41,21.68,9.699999999966668,582.0,"13,14,15,16,17,18,19,20,21,22,23,24,25,26,27,28,29,30,31,32,33,34,35,36,37,38"
6026,13,H8,Tornada,4,Ciutat d'Asunción - Sant Adrià,1436,16:27:26,27.43,5.750000000033333,345.0,"13,14,15,16,17,18,19,20,21,22,23,24,25,26,27,28,29,30,31,32,33,34,35,36,37,38"
6409,1,H8,Tornada,4,Ciutat d'Asunción - Sant Adrià,1436,16:36:43,36.72,9.2833333333,557.0,"13,14,15,16,17,18,19,20,21,22,23,24,25,26,27,28,29,30,31,32,33,34,35,36,37,38"
6401,11,H8,Tornada,4,Ciutat d'Asunción - Sant Adrià,1436,16:42:52,42.87,6.150000000033333,369.0,"13,14,15,16,17,18,19,20,21,22,23,24,25,26,27,28,29,30,31,32,33,34,35,36,37,38"
6402,13,H8,Tornada,4,Ciutat d'Asunción - Sant Adrià,1436,16:49:26,49.43,6.583333333266666,395.0,"13,14,15,16,17,18,19,20,21,22,23,24,25,26,27,28,29,30,31,32,33,34,35,36,37,38"
6808,13,H8,Tornada,4,Ciutat d'Asunción - Sant Adrià,1436,16:58:06,58.1,8.666666666666666,520.0,"13,14,15,16,17,18,19,20,21,22,23,24,25,26,27,28,29,30,31,32,33,34,35,36,37,38"
6037,13,H8,Tornada,4,Ciutat d'Asunción - Sant Adrià,1436,17:07:24,7.4,9.3,558.0,"13,14,15,16,17,18,19,20,21,22,23,24,25,26,27,28,29,30,31,32,33,34,35,36,37,38"
6406,13,H8,Tornada,4,Ciutat d'Asunción - Sant Adrià,1436,17:23:00,23.0,15.6,936.0,"13,14,15,16,17,18,19,20,21,22,23,24,25,26,27,28,29,30,31,32,33,34,35,36,37,38"
6047,12,H8,Tornada,4,Ciutat d'Asunción - Sant Adrià,1436,17:28:48,28.8,5.7833333334,347.0,"13,14,15,16,17,18,19,20,21,22,23,24,25,26,27,28,29,30,31,32,33,34,35,36,37,38"
6215,13,H8,Tornada,4,Ciutat d'Asunción - Sant Adrià,1436,17:31:57,31.95,3.15,189.0,"13,14,15,16,17,18,19,20,21,22,23,24,25,26,27,28,29,30,31,32,33,34,35,36,37,38"
6121,7,H8,Tornada,4,Ciutat d'Asunción - Sant Adrià,1436,17:39:40,39.67,7.733333333266667,464.0,"13,14,15,16,17,18,19,20,21,22,23,24,25,26,27,28,29,30,31,32,33,34,35,36,37,38"
6407,13,H8,Tornada,4,Ciutat d'Asunción - Sant Adrià,1436,17:45:35,45.58,5.5666666666,334.0,"13,14,15,16,17,18,19,20,21,22,23,24,25,26,27,28,29,30,31,32,33,34,35,36,37,38"
6079,13,H8,Tornada,4,Ciutat d'Asunción - Sant Adrià,1436,17:53:13,53.22,7.633333333333334,458.0,"7,8,9,10,13,14,15,16,17,18,19,20,21,22,23,24,25,26,27,28,29,30,31,32,33,34,35,36,37,38"
6024,14,H8,Tornada,4,Ciutat d'Asunción - Sant Adrià,1436,17:59:57,59.95,6.733333333333333,404.0,"13,14,15,16,17,18,19,20,21,22,23,24,25,26,27,28,29,30,31,32,33,34,35,36,37,38"
6056,13,H8,Tornada,4,Ciutat d'Asunción - Sant Adrià,1436,18:07:43,7.72,7.766666666666667,466.0,"13,14,15,16,17,18,19,20,21,22,23,24,25,26,27,28,29,30,31,32,33,34,35,36,37,38"
6411,15,H8,Tornada,4,Ciutat d'Asunción - Sant Adrià,1436,18:16:51,16.85,9.1166666667,547.0,"13,14,15,16,17,18,19,20,21,22,23,24,25,26,27,28,29,30,31,32,33,34,35,36,37,38"
6059,15,H8,Tornada,4,Ciutat d'Asunción - Sant Adrià,1436,18:23:03,23.05,6.2166666666333334,373.0,"1,2,13,14,15,16,17,18,19,20,21,22,23,24,25,26,27,28,29,30,31,32,33,34,35,36,37,38"
6030,4,H8,Tornada,4,Ciutat d'Asunción - Sant Adrià,1436,18:32:58,32.97,9.900000000066665,594.0,"13,14,15,16,17,18,19,20,21,22,23,24,25,26,27,28,29,30,31,32,33,34,35,36,37,38"
6414,13,H8,Tornada,4,Ciutat d'Asunción - Sant Adrià,1436,18:39:05,39.08,6.116666666633334,367.0,"13,14,15,16,17,18,19,20,21,22,23,24,25,26,27,28,29,30,31,32,33,34,35,36,37,38"
6415,15,H8,Tornada,4,Ciutat d'Asunción - Sant Adrià,1436,18:51:04,51.07,11.999999999966667,720.0,"13,14,15,16,17,18,19,20,21,22,23,24,25,26,27,28,29,30,31,32,33,34,35,36,37,38"
1547,13,H8,Tornada,4,Ciutat d'Asunción - Sant Adrià,1436,18:58:52,58.87,7.7833333334,467.0,"1,13,14,15,16,17,18,19,20,21,22,23,24,25,26,27,28,29,30,31,32,33,34,35,36,37,38"
6026,16,H8,Tornada,4,Ciutat d'Asunción - Sant Adrià,1436,19:22:50,22.83,23.966666666633333,1438.0,"13,14,15,16,17,18,19,20,21,22,23,24,25,26,27,28,29,30,31,32,33,34,35,36,37,38"
6401,14,H8,Tornada,4,Ciutat d'Asunción - Sant Adrià,1436,19:32:58,32.97,9.199999999966668,552.0,"13,14,15,16,17,18,19,20,21,22,23,24,25,26,27,28,29,30,31,32,33,34,35,36,37,38"
6402,16,H8,Tornada,4,Ciutat d'Asunción - Sant Adrià,1436,19:41:59,41.98,9.000000000066667,540.0,"13,14,15,16,17,18,19,20,21,22,23,24,25,26,27,28,29,30,31,32,33,34,35,36,37,38"
6037,16,H8,Tornada,4,Ciutat d'Asunción - Sant Adrià,1436,19:52:51,52.85,10.883333333266668,653.0,"13,14,15,16,17,18,19,20,21,22,23,24,25,26,27,28,29,30,31,32,33,34,35,36,37,38"
6063,1,H8,Tornada,4,Ciutat d'Asunción - Sant Adrià,1436,20:01:14,1.23,8.383333333333333,503.0,"1,2,13,14,15,16,17,18,19,20,21,22,23,24,25,26,27,28,29,30,31,32,33,34,35,36,37,38"
6047,14,H8,Tornada,4,Ciutat d'Asunción - Sant Adrià,1436,20:03:09,3.15,1.9166666666666667,115.0,"13,14,15,16,17,18,19,20,21,22,23,24,25,26,27,28,29,30,31,32,33,34,35,36,37,38"
6121,10,H8,Tornada,4,Ciutat d'Asunción - Sant Adrià,1436,20:19:18,19.3,16.133333333383334,968.0,"13,14,15,16,17,18,19,20,21,22,23,24,25,26,27,28,29,30,31,32,33,34,35,36,37,38"
6024,17,H8,Tornada,4,Ciutat d'Asunción - Sant Adrià,1436,20:33:34,33.57,14.283333333283334,857.0,"13,14,15,16,17,18,19,20,21,22,23,24,25,26,27,28,29,30,31,32,33,34,35,36,37,38"
6411,17,H8,Tornada,4,Ciutat d'Asunción - Sant Adrià,1436,20:53:57,53.95,20.3666666667,1222.0,"13,14,15,16,17,18,19,20,21,22,23,24,25,26,27,28,29,30,31,32,33,34,35,36,37,38"
6414,16,H8,Tornada,4,Ciutat d'Asunción - Sant Adrià,1436,21:12:07,12.12,18.166666666666668,1090.0,"6,13,14,15,16,17,18,19,20,21,22,23,24,25,26,27,28,29,30,31,32,33,34,35,36,37,38"
6415,17,H8,Tornada,4,Ciutat d'Asunción - Sant Adrià,1436,21:32:49,32.82,20.716666666633333,1243.0,"13,14,15,16,17,18,19,20,21,22,23,24,25,26,27,28,29,30,31,32,33,34,35,36,37,38"
6411,1,H8,Tornada,5,Pg de l'Havana - Ciutat d'Asunción,2593,03:39:05,39.08,,,"1,13,14,15,16,17,18,19,20,21,22,23,24,25,26,27,28,29,30,31,32,33,34,35,36,37,38"
6059,1,H8,Tornada,5,Pg de l'Havana - Ciutat d'Asunción,2593,03:54:07,54.12,15.033333333333333,902.0,"13,14,15,16,17,18,19,20,21,22,23,24,25,26,27,28,29,30,31,32,33,34,35,36,37,38"
6415,1,H8,Tornada,5,Pg de l'Havana - Ciutat d'Asunción,2593,04:09:58,9.97,15.85,951.0,"13,14,15,16,17,18,19,20,21,22,23,24,25,26,27,28,29,30,31,32,33,34,35,36,37,38"
6217,1,H8,Tornada,5,Pg de l'Havana - Ciutat d'Asunción,2593,04:24:06,24.1,14.1333333333,848.0,"13,14,15,16,17,18,19,20,21,22,23,24,25,26,27,28,29,30,31,32,33,34,35,36,37,38"
6026,1,H8,Tornada,5,Pg de l'Havana - Ciutat d'Asunción,2593,04:34:29,34.48,10.383333333333333,623.0,"13,14,15,16,17,18,19,20,21,22,23,24,25,26,27,28,29,30,31,32,33,34,35,36,37,38"
6401,1,H8,Tornada,5,Pg de l'Havana - Ciutat d'Asunción,2593,04:43:36,43.6,9.1333333333,548.0,"1,2,13,14,15,16,17,18,19,20,21,22,23,24,25,26,27,28,29,30,31,32,33,34,35,36,37,38"
6402,1,H8,Tornada,5,Pg de l'Havana - Ciutat d'Asunción,2593,04:51:33,51.55,7.9333333334,476.0,"13,14,15,16,17,18,19,20,21,22,23,24,25,26,27,28,29,30,31,32,33,34,35,36,37,38"
6808,1,H8,Tornada,5,Pg de l'Havana - Ciutat d'Asunción,2593,05:01:45,1.75,10.2166666666,613.0,"1,13,14,15,16,17,18,19,20,21,22,23,24,25,26,27,28,29,30,31,32,33,34,35,36,37,38"
6037,1,H8,Tornada,5,Pg de l'Havana - Ciutat d'Asunción,2593,05:06:16,6.27,4.500000000033333,270.0,"13,14,15,16,17,18,19,20,21,22,23,24,25,26,27,28,29,30,31,32,33,34,35,36,37,38"
6047,1,H8,Tornada,5,Pg de l'Havana - Ciutat d'Asunción,2593,05:13:20,13.33,7.083333333300001,425.0,"12,13,16,17,18,19,20,21,22,23,24,25,26,27,28,29,30,31,32,33,34,35,36,37,38"
6406,1,H8,Tornada,5,Pg de l'Havana - Ciutat d'Asunción,2593,05:20:28,20.47,7.116666666733334,427.0,"13,14,15,16,17,18,19,20,21,22,23,24,25,26,27,28,29,30,31,32,33,34,35,36,37,38"
6215,1,H8,Tornada,5,Pg de l'Havana - Ciutat d'Asunción,2593,05:26:43,26.72,6.2666666666,376.0,"13,14,15,16,17,18,19,20,21,22,23,24,25,26,27,28,29,30,31,32,33,34,35,36,37,38"
6046,1,H8,Tornada,5,Pg de l'Havana - Ciutat d'Asunción,2593,05:36:37,36.62,9.883333333366666,593.0,"13,14,15,16,17,18,19,20,21,22,23,24,25,26,27,28,29,30,31,32,33,34,35,36,37,38"
6408,1,H8,Tornada,5,Pg de l'Havana - Ciutat d'Asunción,2593,05:41:37,41.62,5.0,300.0,"13,14,15,16,17,18,19,20,21,22,23,24,25,26,27,28,29,30,31,32,33,34,35,36,37,38"
6407,1,H8,Tornada,5,Pg de l'Havana - Ciutat d'Asunción,2593,05:48:38,48.63,7.0166666667,421.0,"13,14,15,16,17,18,19,20,21,22,23,24,25,26,27,28,29,30,31,32,33,34,35,36,37,38"
6079,1,H8,Tornada,5,Pg de l'Havana - Ciutat d'Asunción,2593,05:57:14,57.23,8.599999999966666,516.0,"13,14,15,16,17,18,19,20,21,22,23,24,25,26,27,28,29,30,31,32,33,34,35,36,37,38"
6024,2,H8,Tornada,5,Pg de l'Havana - Ciutat d'Asunción,2593,06:03:14,3.23,6.000000000033333,360.0,"2,13,14,15,16,17,18,19,20,21,22,23,24,25,26,27,28,29,30,31,32,33,34,35,36,37,38"
6056,1,H8,Tornada,5,Pg de l'Havana - Ciutat d'Asunción,2593,06:11:18,11.3,8.066666666633333,484.0,"13,14,15,16,17,18,19,20,21,22,23,24,25,26,27,28,29,30,31,32,33,34,35,36,37,38"
6411,3,H8,Tornada,5,Pg de l'Havana - Ciutat d'Asunción,2593,06:18:33,18.55,7.25,435.0,"13,14,15,16,17,18,19,20,21,22,23,24,25,26,27,28,29,30,31,32,33,34,35,36,37,38"
6211,1,H8,Tornada,5,Pg de l'Havana - Ciutat d'Asunción,2593,06:29:17,29.28,10.749999999966667,645.0,"13,14,15,16,17,18,19,20,21,22,23,24,25,26,27,28,29,30,31,32,33,34,35,36,37,38"
6055,1,H8,Tornada,5,Pg de l'Havana - Ciutat d'Asunción,2593,06:33:17,33.28,3.9833333333666667,239.0,"13,14,15,16,17,18,19,20,21,22,23,24,25,26,27,28,29,30,31,32,33,34,35,36,37,38"
6414,1,H8,Tornada,5,Pg de l'Havana - Ciutat d'Asunción,2593,06:42:23,42.38,9.100000000033333,546.0,"13,14,15,16,17,18,19,20,21,22,23,24,25,26,27,28,29,30,31,32,33,34,35,36,37,38"
6059,3,H8,Tornada,5,Pg de l'Havana - Ciutat d'Asunción,2593,06:46:04,46.07,3.6999999999333335,222.0,"13,14,15,16,17,18,19,20,21,22,23,24,25,26,27,28,29,30,31,32,33,34,35,36,37,38"
6415,3,H8,Tornada,5,Pg de l'Havana - Ciutat d'Asunción,2593,06:59:35,59.58,13.500000000033333,810.0,"13,14,15,16,17,18,19,20,21,22,23,24,25,26,27,28,29,30,31,32,33,34,35,36,37,38"
1547,1,H8,Tornada,5,Pg de l'Havana - Ciutat d'Asunción,2593,07:05:12,5.2,5.6333333333,338.0,"13,14,15,16,17,18,19,20,21,22,23,24,25,26,27,28,29,30,31,32,33,34,35,36,37,38"
2671,1,H8,Tornada,5,Pg de l'Havana - Ciutat d'Asunción,2593,07:14:33,14.55,9.333333333366665,560.0,"13,14,15,16,17,18,19,20,21,22,23,24,25,26,27,28,29,30,31,32,33,34,35,36,37,38"
6217,3,H8,Tornada,5,Pg de l'Havana - Ciutat d'Asunción,2593,07:22:56,22.93,8.399999999966667,504.0,"13,14,15,16,17,18,19,20,21,22,23,24,25,26,27,28,29,30,31,32,33,34,35,36,37,38"
6026,4,H8,Tornada,5,Pg de l'Havana - Ciutat d'Asunción,2593,07:33:19,33.32,10.383333333333333,623.0,"13,14,15,16,17,18,19,20,21,22,23,24,25,26,27,28,29,30,31,32,33,34,35,36,37,38"
6401,3,H8,Tornada,5,Pg de l'Havana - Ciutat d'Asunción,2593,07:39:38,39.63,6.3000000000666665,378.0,"13,14,15,16,17,18,19,20,21,22,23,24,25,26,27,28,29,30,31,32,33,34,35,36,37,38"
6402,4,H8,Tornada,5,Pg de l'Havana - Ciutat d'Asunción,2593,07:47:25,47.42,7.783333333333333,467.0,"13,14,15,16,17,18,19,20,21,22,23,24,25,26,27,28,29,30,31,32,33,34,35,36,37,38"
6808,4,H8,Tornada,5,Pg de l'Havana - Ciutat d'Asunción,2593,07:56:00,56.0,8.583333333333334,515.0,"13,14,15,16,17,18,19,20,21,22,23,24,25,26,27,28,29,30,31,32,33,34,35,36,37,38"
6037,4,H8,Tornada,5,Pg de l'Havana - Ciutat d'Asunción,2593,08:04:34,4.57,8.583333333266667,515.0,"13,14,15,16,17,18,19,20,21,22,23,24,25,26,27,28,29,30,31,32,33,34,35,36,37,38"
6047,3,H8,Tornada,5,Pg de l'Havana - Ciutat d'Asunción,2593,08:13:14,13.23,8.650000000033334,519.0,"13,14,15,16,17,18,19,20,21,22,23,24,25,26,27,28,29,30,31,32,33,34,35,36,37,38"
6406,4,H8,Tornada,5,Pg de l'Havana - Ciutat d'Asunción,2593,08:18:57,18.95,5.716666666666667,343.0,"13,14,15,16,17,18,19,20,21,22,23,24,25,26,27,28,29,30,31,32,33,34,35,36,37,38"
6215,4,H8,Tornada,5,Pg de l'Havana - Ciutat d'Asunción,2593,08:26:45,26.75,7.8,468.0,"13,14,15,16,17,18,19,20,21,22,23,24,25,26,27,28,29,30,31,32,33,34,35,36,37,38"
6408,4,H8,Tornada,5,Pg de l'Havana - Ciutat d'Asunción,2593,08:36:45,36.75,10.000000000033333,600.0,"1,2,13,14,15,16,17,18,19,20,21,22,23,24,25,26,27,28,29,30,31,32,33,34,35,36,37,38"
6046,4,H8,Tornada,5,Pg de l'Havana - Ciutat d'Asunción,2593,08:40:47,40.78,4.033333333333333,242.0,"13,14,15,16,17,18,19,20,21,22,23,24,25,26,27,28,29,30,31,32,33,34,35,36,37,38"
6407,4,H8,Tornada,5,Pg de l'Havana - Ciutat d'Asunción,2593,08:50:08,50.13,9.3666666666,562.0,"13,14,15,16,17,18,19,20,21,22,23,24,25,26,27,28,29,30,31,32,33,34,35,36,37,38"
6079,4,H8,Tornada,5,Pg de l'Havana - Ciutat d'Asunción,2593,08:59:16,59.27,9.1166666667,547.0,"13,14,15,16,17,18,19,20,21,22,23,24,25,26,27,28,29,30,31,32,33,34,35,36,37,38"
6024,5,H8,Tornada,5,Pg de l'Havana - Ciutat d'Asunción,2593,09:05:32,5.53,6.266666666666667,376.0,"13,14,15,16,17,18,19,20,21,22,23,24,25,26,27,28,29,30,31,32,33,34,35,36,37,38"
6056,4,H8,Tornada,5,Pg de l'Havana - Ciutat d'Asunción,2593,09:14:32,14.53,9.000000000033333,540.0,"13,14,15,16,17,18,19,20,21,22,23,24,25,26,27,28,29,30,31,32,33,34,35,36,37,38"
6411,6,H8,Tornada,5,Pg de l'Havana - Ciutat d'Asunción,2593,09:19:53,19.88,5.3666666666,322.0,"13,14,15,16,17,18,19,20,21,22,23,24,25,26,27,28,29,30,31,32,33,34,35,36,37,38"
6211,5,H8,Tornada,5,Pg de l'Havana - Ciutat d'Asunción,2593,09:29:04,29.07,9.1666666667,550.0,"3,13,14,15,16,17,18,19,20,21,22,23,24,25,26,27,28,29,30,31,32,33,34,35,36,37,38"
6055,4,H8,Tornada,5,Pg de l'Havana - Ciutat d'Asunción,2593,09:36:41,36.68,7.166666666666667,430.0,"1,2,13,14,15,16,17,18,19,20,21,22,23,24,25,26,27,28,29,30,31,32,33,34,35,36,37,38"
6414,4,H8,Tornada,5,Pg de l'Havana - Ciutat d'Asunción,2593,09:46:35,46.58,9.916666666633335,595.0,"13,14,15,16,17,18,19,20,21,22,23,24,25,26,27,28,29,30,31,32,33,34,35,36,37,38"
6415,6,H8,Tornada,5,Pg de l'Havana - Ciutat d'Asunción,2593,09:58:01,58.02,11.4166666667,685.0,"13,14,15,16,17,18,19,20,21,22,23,24,25,26,27,28,29,30,31,32,33,34,35,36,37,38"
1547,4,H8,Tornada,5,Pg de l'Havana - Ciutat d'Asunción,2593,10:06:42,6.7,8.683333333366667,521.0,"13,14,15,16,17,18,19,20,21,22,23,24,25,26,27,28,29,30,31,32,33,34,35,36,37,38"
2671,4,H8,Tornada,5,Pg de l'Havana - Ciutat d'Asunción,2593,10:14:50,14.83,8.1333333333,488.0,"13,14,15,16,17,18,19,20,21,22,23,24,25,26,27,28,29,30,31,32,33,34,35,36,37,38"
6217,6,H8,Tornada,5,Pg de l'Havana - Ciutat d'Asunción,2593,10:23:39,23.65,8.816666666666666,529.0,"3,13,14,15,16,17,18,19,20,21,22,23,24,25,26,27,28,29,30,31,32,33,34,35,36,37,38"
6026,7,H8,Tornada,5,Pg de l'Havana - Ciutat d'Asunción,2593,10:33:33,33.55,9.916666666633335,595.0,"13,14,15,16,17,18,19,20,21,22,23,24,25,26,27,28,29,30,31,32,33,34,35,36,37,38"
6401,5,H8,Tornada,5,Pg de l'Havana - Ciutat d'Asunción,2593,10:43:39,43.65,10.083333333399999,605.0,"13,14,15,16,17,18,19,20,21,22,23,24,25,26,27,28,29,30,31,32,33,34,35,36,37,38"
6402,7,H8,Tornada,5,Pg de l'Havana - Ciutat d'Asunción,2593,10:51:32,51.53,7.8833333333,473.0,"13,14,15,16,17,18,19,20,21,22,23,24,25,26,27,28,29,30,31,32,33,34,35,36,37,38"
6808,7,H8,Tornada,5,Pg de l'Havana - Ciutat d'Asunción,2593,10:59:10,59.17,7.633333333366666,458.0,"13,14,15,16,17,18,19,20,21,22,23,24,25,26,27,28,29,30,31,32,33,34,35,36,37,38"
6037,7,H8,Tornada,5,Pg de l'Havana - Ciutat d'Asunción,2593,11:09:25,9.42,10.25,615.0,"13,14,15,16,17,18,19,20,21,22,23,24,25,26,27,28,29,30,31,32,33,34,35,36,37,38"
6047,6,H8,Tornada,5,Pg de l'Havana - Ciutat d'Asunción,2593,11:18:48,18.8,9.3833333333,563.0,"13,14,15,16,17,18,19,20,21,22,23,24,25,26,27,28,29,30,31,32,33,34,35,36,37,38"
6406,7,H8,Tornada,5,Pg de l'Havana - Ciutat d'Asunción,2593,11:24:45,24.75,5.9666666666333334,358.0,"13,14,15,16,17,18,19,20,21,22,23,24,25,26,27,28,29,30,31,32,33,34,35,36,37,38"
6215,7,H8,Tornada,5,Pg de l'Havana - Ciutat d'Asunción,2593,11:32:14,32.23,7.466666666699999,448.0,"13,14,15,16,17,18,19,20,21,22,23,24,25,26,27,28,29,30,31,32,33,34,35,36,37,38"
6121,1,H8,Tornada,5,Pg de l'Havana - Ciutat d'Asunción,2593,11:41:30,41.5,9.266666666699999,556.0,"13,14,15,16,17,18,19,20,21,22,23,24,25,26,27,28,29,30,31,32,33,34,35,36,37,38"
6407,7,H8,Tornada,5,Pg de l'Havana - Ciutat d'Asunción,2593,11:48:03,48.05,6.5666666666,394.0,"13,14,15,16,17,18,19,20,21,22,23,24,25,26,27,28,29,30,31,32,33,34,35,36,37,38"
6079,7,H8,Tornada,5,Pg de l'Havana - Ciutat d'Asunción,2593,11:54:47,54.78,6.733333333333333,404.0,"13,14,15,16,17,18,19,20,21,22,23,24,25,26,27,28,29,30,31,32,33,34,35,36,37,38"
6024,8,H8,Tornada,5,Pg de l'Havana - Ciutat d'Asunción,2593,12:03:23,3.38,8.6,516.0,"13,14,15,16,17,18,19,20,21,22,23,24,25,26,27,28,29,30,31,32,33,34,35,36,37,38"
6056,7,H8,Tornada,5,Pg de l'Havana - Ciutat d'Asunción,2593,12:12:33,12.55,9.150000000066665,549.0,"13,14,15,16,17,18,19,20,21,22,23,24,25,26,27,28,29,30,31,32,33,34,35,36,37,38"
6411,9,H8,Tornada,5,Pg de l'Havana - Ciutat d'Asunción,2593,12:20:21,20.35,7.8166666666,469.0,"2,13,14,15,16,17,18,19,20,21,22,23,24,25,26,27,28,29,30,31,32,33,34,35,36,37,38"
6059,9,H8,Tornada,5,Pg de l'Havana - Ciutat d'Asunción,2593,12:29:02,29.03,8.666666666733333,520.0,"13,14,15,16,17,18,19,20,21,22,23,24,25,26,27,28,29,30,31,32,33,34,35,36,37,38"
6055,7,H8,Tornada,5,Pg de l'Havana - Ciutat d'Asunción,2593,12:38:37,38.62,9.583333333333334,575.0,"13,14,15,16,17,18,19,20,21,22,23,24,25,26,27,28,29,30,31,32,33,34,35,36,37,38"
6414,7,H8,Tornada,5,Pg de l'Havana - Ciutat d'Asunción,2593,12:45:31,45.52,6.899999999966667,414.0,"13,14,15,16,17,18,19,20,21,22,23,24,25,26,27,28,29,30,31,32,33,34,35,36,37,38"
6415,9,H8,Tornada,5,Pg de l'Havana - Ciutat d'Asunción,2593,12:56:35,56.58,11.0833333333,665.0,"13,14,15,16,17,18,19,20,21,22,23,24,25,26,27,28,29,30,31,32,33,34,35,36,37,38"
1547,7,H8,Tornada,5,Pg de l'Havana - Ciutat d'Asunción,2593,13:04:46,4.77,8.1666666667,490.0,"13,14,15,16,17,18,19,20,21,22,23,24,25,26,27,28,29,30,31,32,33,34,35,36,37,38"
2671,7,H8,Tornada,5,Pg de l'Havana - Ciutat d'Asunción,2593,13:15:39,15.65,10.883333333366666,653.0,"13,14,15,16,17,18,19,20,21,22,23,24,25,26,27,28,29,30,31,32,33,34,35,36,37,38"
6217,9,H8,Tornada,5,Pg de l'Havana - Ciutat d'Asunción,2593,13:21:56,21.93,6.299999999933333,378.0,"13,14,15,16,17,18,19,20,21,22,23,24,25,26,27,28,29,30,31,32,33,34,35,36,37,38"
6026,10,H8,Tornada,5,Pg de l'Havana - Ciutat d'Asunción,2593,13:33:41,33.68,11.7333333334,704.0,"7,13,14,15,16,17,18,19,20,21,22,23,24,25,26,27,28,29,30,31,32,33,34,35,36,37,38"
6401,8,H8,Tornada,5,Pg de l'Havana - Ciutat d'Asunción,2593,13:38:04,38.07,4.399999999933333,264.0,"13,14,15,16,17,18,19,20,21,22,23,24,25,26,27,28,29,30,31,32,33,34,35,36,37,38"
6402,10,H8,Tornada,5,Pg de l'Havana - Ciutat d'Asunción,2593,13:45:27,45.45,7.383333333333334,443.0,"13,14,15,16,17,18,19,20,21,22,23,24,25,26,27,28,29,30,31,32,33,34,35,36,37,38"
6808,10,H8,Tornada,5,Pg de l'Havana - Ciutat d'Asunción,2593,13:54:18,54.3,8.85,531.0,"13,14,15,16,17,18,19,20,21,22,23,24,25,26,27,28,29,30,31,32,33,34,35,36,37,38"
6037,10,H8,Tornada,5,Pg de l'Havana - Ciutat d'Asunción,2593,14:03:36,3.6,9.2833333334,557.0,"13,14,15,16,17,18,19,20,21,22,23,24,25,26,27,28,29,30,31,32,33,34,35,36,37,38"
6047,9,H8,Tornada,5,Pg de l'Havana - Ciutat d'Asunción,2593,14:10:40,10.67,7.066666666666666,424.0,"13,14,15,16,17,18,19,20,21,22,23,24,25,26,27,28,29,30,31,32,33,34,35,36,37,38"
6406,10,H8,Tornada,5,Pg de l'Havana - Ciutat d'Asunción,2593,14:19:26,19.43,8.766666666666667,526.0,"13,14,15,16,17,18,19,20,21,22,23,24,25,26,27,28,29,30,31,32,33,34,35,36,37,38"
6215,10,H8,Tornada,5,Pg de l'Havana - Ciutat d'Asunción,2593,14:27:46,27.77,8.349999999933333,501.0,"13,14,15,16,17,18,19,20,21,22,23,24,25,26,27,28,29,30,31,32,33,34,35,36,37,38"
6121,4,H8,Tornada,5,Pg de l'Havana - Ciutat d'Asunción,2593,14:35:22,35.37,7.583333333366666,455.0,"13,14,15,16,17,18,19,20,21,22,23,24,25,26,27,28,29,30,31,32,33,34,35,36,37,38"
6407,10,H8,Tornada,5,Pg de l'Havana - Ciutat d'Asunción,2593,14:44:48,44.8,9.433333333333334,566.0,"13,14,15,16,17,18,19,20,21,22,23,24,25,26,27,28,29,30,31,32,33,34,35,36,37,38"
6079,10,H8,Tornada,5,Pg de l'Havana - Ciutat d'Asunción,2593,14:51:37,51.62,6.833333333316667,410.0,"13,14,15,16,17,18,19,20,21,22,23,24,25,26,27,28,29,30,31,32,33,34,35,36,37,38"
6024,11,H8,Tornada,5,Pg de l'Havana - Ciutat d'Asunción,2593,15:00:32,0.53,8.91666666665,535.0,"13,14,15,16,17,18,19,20,21,22,23,24,25,26,27,28,29,30,31,32,33,34,35,36,37,38"
6056,10,H8,Tornada,5,Pg de l'Havana - Ciutat d'Asunción,2593,15:10:49,10.82,10.283333333333333,617.0,"13,14,15,16,17,18,19,20,21,22,23,24,25,26,27,28,29,30,31,32,33,34,35,36,37,38"
6411,12,H8,Tornada,5,Pg de l'Havana - Ciutat d'Asunción,2593,15:19:35,19.58,8.766666666666667,526.0,"13,14,15,16,17,18,19,20,21,22,23,24,25,26,27,28,29,30,31,32,33,34,35,36,37,38"
6059,12,H8,Tornada,5,Pg de l'Havana - Ciutat d'Asunción,2593,15:27:03,27.05,7.450000000033333,447.0,"13,14,15,16,17,18,19,20,21,22,23,24,25,26,27,28,29,30,31,32,33,34,35,36,37,38"
6055,10,H8,Tornada,5,Pg de l'Havana - Ciutat d'Asunción,2593,15:35:51,35.85,8.283333333333333,497.0,"13,14,15,16,17,18,19,20,21,22,23,24,25,26,27,28,29,30,31,32,33,34,35,36,37,38"
6030,1,H8,Tornada,5,Pg de l'Havana - Ciutat d'Asunción,2593,15:42:04,42.07,6.21666666665,373.0,"13,14,15,16,17,18,19,20,21,22,23,24,25,26,27,28,29,30,31,32,33,34,35,36,37,38"
6414,10,H8,Tornada,5,Pg de l'Havana - Ciutat d'Asunción,2593,15:49:50,49.83,7.766666666683333,466.0,"13,14,15,16,17,18,19,20,21,22,23,24,25,26,27,28,29,30,31,32,33,34,35,36,37,38"
6415,12,H8,Tornada,5,Pg de l'Havana - Ciutat d'Asunción,2593,16:00:02,0.03,10.2,612.0,"13,14,15,16,17,18,19,20,21,22,23,24,25,26,27,28,29,30,31,32,33,34,35,36,37,38"
1547,10,H8,Tornada,5,Pg de l'Havana - Ciutat d'Asunción,2593,16:06:53,6.88,6.849999999966667,411.0,"13,14,15,16,17,18,19,20,21,22,23,24,25,26,27,28,29,30,31,32,33,34,35,36,37,38"
2671,10,H8,Tornada,5,Pg de l'Havana - Ciutat d'Asunción,2593,16:13:46,13.77,6.899999999966667,414.0,"13,14,15,16,17,18,19,20,21,22,23,24,25,26,27,28,29,30,31,32,33,34,35,36,37,38"
6217,12,H8,Tornada,5,Pg de l'Havana - Ciutat d'Asunción,2593,16:23:41,23.68,9.900000000066665,594.0,"13,14,15,16,17,18,19,20,21,22,23,24,25,26,27,28,29,30,31,32,33,34,35,36,37,38"
6026,13,H8,Tornada,5,Pg de l'Havana - Ciutat d'Asunción,2593,16:28:52,28.87,5.1999999999333335,312.0,"13,14,15,16,17,18,19,20,21,22,23,24,25,26,27,28,29,30,31,32,33,34,35,36,37,38"
6409,1,H8,Tornada,5,Pg de l'Havana - Ciutat d'Asunción,2593,16:37:54,37.9,9.016666666699999,541.0,"13,14,15,16,17,18,19,20,21,22,23,24,25,26,27,28,29,30,31,32,33,34,35,36,37,38"
6401,11,H8,Tornada,5,Pg de l'Havana - Ciutat d'Asunción,2593,16:44:57,44.95,7.066666666633334,424.0,"13,14,15,16,17,18,19,20,21,22,23,24,25,26,27,28,29,30,31,32,33,34,35,36,37,38"
6402,13,H8,Tornada,5,Pg de l'Havana - Ciutat d'Asunción,2593,16:51:05,51.08,6.116666666733334,367.0,"13,14,15,16,17,18,19,20,21,22,23,24,25,26,27,28,29,30,31,32,33,34,35,36,37,38"
6808,13,H8,Tornada,5,Pg de l'Havana - Ciutat d'Asunción,2593,17:00:16,0.27,9.1833333333,551.0,"13,14,15,16,17,18,19,20,21,22,23,24,25,26,27,28,29,30,31,32,33,34,35,36,37,38"
6037,13,H8,Tornada,5,Pg de l'Havana - Ciutat d'Asunción,2593,17:09:50,9.83,9.566666666666666,574.0,"13,14,15,16,17,18,19,20,21,22,23,24,25,26,27,28,29,30,31,32,33,34,35,36,37,38"
6406,13,H8,Tornada,5,Pg de l'Havana - Ciutat d'Asunción,2593,17:25:22,25.37,15.549999999966667,933.0,"13,14,15,16,17,18,19,20,21,22,23,24,25,26,27,28,29,30,31,32,33,34,35,36,37,38"
6047,12,H8,Tornada,5,Pg de l'Havana - Ciutat d'Asunción,2593,17:30:48,30.8,5.433333333333334,326.0,"13,14,15,16,17,18,19,20,21,22,23,24,25,26,27,28,29,30,31,32,33,34,35,36,37,38"
6215,13,H8,Tornada,5,Pg de l'Havana - Ciutat d'Asunción,2593,17:33:41,33.68,2.8833333333333333,173.0,"13,14,15,16,17,18,19,20,21,22,23,24,25,26,27,28,29,30,31,32,33,34,35,36,37,38"
6121,7,H8,Tornada,5,Pg de l'Havana - Ciutat d'Asunción,2593,17:41:03,41.05,7.350000000033333,441.0,"13,14,15,16,17,18,19,20,21,22,23,24,25,26,27,28,29,30,31,32,33,34,35,36,37,38"
6407,13,H8,Tornada,5,Pg de l'Havana - Ciutat d'Asunción,2593,17:46:48,46.8,4.750000000033333,285.0,"13,14,15,16,17,18,19,20,21,22,23,24,25,26,27,28,29,30,31,32,33,34,35,36,37,38"
6079,13,H8,Tornada,5,Pg de l'Havana - Ciutat d'Asunción,2593,17:55:24,55.4,8.6,516.0,"7,8,9,10,13,14,15,16,17,18,19,20,21,22,23,24,25,26,27,28,29,30,31,32,33,34,35,36,37,38"
6024,14,H8,Tornada,5,Pg de l'Havana - Ciutat d'Asunción,2593,18:01:26,1.43,6.0333333333666666,362.0,"13,14,15,16,17,18,19,20,21,22,23,24,25,26,27,28,29,30,31,32,33,34,35,36,37,38"
6056,13,H8,Tornada,5,Pg de l'Havana - Ciutat d'Asunción,2593,18:09:56,9.93,8.5,510.0,"13,14,15,16,17,18,19,20,21,22,23,24,25,26,27,28,29,30,31,32,33,34,35,36,37,38"
6411,15,H8,Tornada,5,Pg de l'Havana - Ciutat d'Asunción,2593,18:19:11,19.18,9.249999999966667,555.0,"13,14,15,16,17,18,19,20,21,22,23,24,25,26,27,28,29,30,31,32,33,34,35,36,37,38"
6059,15,H8,Tornada,5,Pg de l'Havana - Ciutat d'Asunción,2593,18:25:11,25.18,6.0,360.0,"1,2,13,14,15,16,17,18,19,20,21,22,23,24,25,26,27,28,29,30,31,32,33,34,35,36,37,38"
6030,4,H8,Tornada,5,Pg de l'Havana - Ciutat d'Asunción,2593,18:33:45,33.75,8.5666666667,514.0,"13,14,15,16,17,18,19,20,21,22,23,24,25,26,27,28,29,30,31,32,33,34,35,36,37,38"
6414,13,H8,Tornada,5,Pg de l'Havana - Ciutat d'Asunción,2593,18:42:15,42.25,8.516666666599999,511.0,"13,14,15,16,17,18,19,20,21,22,23,24,25,26,27,28,29,30,31,32,33,34,35,36,37,38"
6415,15,H8,Tornada,5,Pg de l'Havana - Ciutat d'Asunción,2593,18:53:13,53.22,10.950000000033333,657.0,"13,14,15,16,17,18,19,20,21,22,23,24,25,26,27,28,29,30,31,32,33,34,35,36,37,38"
1547,13,H8,Tornada,5,Pg de l'Havana - Ciutat d'Asunción,2593,19:00:08,0.13,6.916666666666667,415.0,"1,13,14,15,16,17,18,19,20,21,22,23,24,25,26,27,28,29,30,31,32,33,34,35,36,37,38"
6026,16,H8,Tornada,5,Pg de l'Havana - Ciutat d'Asunción,2593,19:24:04,24.07,23.933333333366665,1436.0,"13,14,15,16,17,18,19,20,21,22,23,24,25,26,27,28,29,30,31,32,33,34,35,36,37,38"
6401,14,H8,Tornada,5,Pg de l'Havana - Ciutat d'Asunción,2593,19:34:47,34.78,9.766666666666667,586.0,"13,14,15,16,17,18,19,20,21,22,23,24,25,26,27,28,29,30,31,32,33,34,35,36,37,38"
6402,16,H8,Tornada,5,Pg de l'Havana - Ciutat d'Asunción,2593,19:43:22,43.37,8.599999999966666,516.0,"13,14,15,16,17,18,19,20,21,22,23,24,25,26,27,28,29,30,31,32,33,34,35,36,37,38"
6037,16,H8,Tornada,5,Pg de l'Havana - Ciutat d'Asunción,2593,19:54:06,54.1,10.733333333333333,644.0,"13,14,15,16,17,18,19,20,21,22,23,24,25,26,27,28,29,30,31,32,33,34,35,36,37,38"
6047,14,H8,Tornada,5,Pg de l'Havana - Ciutat d'Asunción,2593,20:03:46,3.77,9.650000000066665,579.0,"13,14,15,16,17,18,19,20,21,22,23,24,25,26,27,28,29,30,31,32,33,34,35,36,37,38"
6121,10,H8,Tornada,5,Pg de l'Havana - Ciutat d'Asunción,2593,20:21:45,21.75,17.999999999933333,1080.0,"13,14,15,16,17,18,19,20,21,22,23,24,25,26,27,28,29,30,31,32,33,34,35,36,37,38"
6024,17,H8,Tornada,5,Pg de l'Havana - Ciutat d'Asunción,2593,20:35:10,35.17,13.400000000066665,804.0,"13,14,15,16,17,18,19,20,21,22,23,24,25,26,27,28,29,30,31,32,33,34,35,36,37,38"
6411,17,H8,Tornada,5,Pg de l'Havana - Ciutat d'Asunción,2593,20:55:11,55.18,20.03333333326667,1202.0,"13,14,15,16,17,18,19,20,21,22,23,24,25,26,27,28,29,30,31,32,33,34,35,36,37,38"
6414,16,H8,Tornada,5,Pg de l'Havana - Ciutat d'Asunción,2593,21:14:28,14.47,19.283333333333335,1157.0,"6,13,14,15,16,17,18,19,20,21,22,23,24,25,26,27,28,29,30,31,32,33,34,35,36,37,38"
6415,17,H8,Tornada,5,Pg de l'Havana - Ciutat d'Asunción,2593,21:33:59,33.98,19.500000000066667,1170.0,"13,14,15,16,17,18,19,20,21,22,23,24,25,26,27,28,29,30,31,32,33,34,35,36,37,38"
6411,1,H8,Tornada,6,Parc de la Maquinista,2594,03:39:47,39.78,,,"1,13,14,15,16,17,18,19,20,21,22,23,24,25,26,27,28,29,30,31,32,33,34,35,36,37,38"
6059,1,H8,Tornada,6,Parc de la Maquinista,2594,03:55:13,55.22,15.449999999933334,927.0,"13,14,15,16,17,18,19,20,21,22,23,24,25,26,27,28,29,30,31,32,33,34,35,36,37,38"
6415,1,H8,Tornada,6,Parc de la Maquinista,2594,04:10:48,10.8,15.583333333333334,935.0,"13,14,15,16,17,18,19,20,21,22,23,24,25,26,27,28,29,30,31,32,33,34,35,36,37,38"
6217,1,H8,Tornada,6,Parc de la Maquinista,2594,04:25:27,25.45,14.633333333366666,878.0,"13,14,15,16,17,18,19,20,21,22,23,24,25,26,27,28,29,30,31,32,33,34,35,36,37,38"
6026,1,H8,Tornada,6,Parc de la Maquinista,2594,04:35:24,35.4,9.950000000033333,597.0,"13,14,15,16,17,18,19,20,21,22,23,24,25,26,27,28,29,30,31,32,33,34,35,36,37,38"
6401,1,H8,Tornada,6,Parc de la Maquinista,2594,04:44:47,44.78,9.3833333333,563.0,"1,2,13,14,15,16,17,18,19,20,21,22,23,24,25,26,27,28,29,30,31,32,33,34,35,36,37,38"
6402,1,H8,Tornada,6,Parc de la Maquinista,2594,04:53:20,53.33,8.55,513.0,"13,14,15,16,17,18,19,20,21,22,23,24,25,26,27,28,29,30,31,32,33,34,35,36,37,38"
6808,1,H8,Tornada,6,Parc de la Maquinista,2594,05:03:21,3.35,10.016666666699999,601.0,"1,13,14,15,16,17,18,19,20,21,22,23,24,25,26,27,28,29,30,31,32,33,34,35,36,37,38"
6037,1,H8,Tornada,6,Parc de la Maquinista,2594,05:07:56,7.93,4.583333333333333,275.0,"13,14,15,16,17,18,19,20,21,22,23,24,25,26,27,28,29,30,31,32,33,34,35,36,37,38"
6047,1,H8,Tornada,6,Parc de la Maquinista,2594,05:15:37,15.62,7.6833333333,461.0,"12,13,16,17,18,19,20,21,22,23,24,25,26,27,28,29,30,31,32,33,34,35,36,37,38"
6406,1,H8,Tornada,6,Parc de la Maquinista,2594,05:22:44,22.73,7.1333333333,428.0,"13,14,15,16,17,18,19,20,21,22,23,24,25,26,27,28,29,30,31,32,33,34,35,36,37,38"
6215,1,H8,Tornada,6,Parc de la Maquinista,2594,05:28:43,28.72,5.983333333333333,359.0,"13,14,15,16,17,18,19,20,21,22,23,24,25,26,27,28,29,30,31,32,33,34,35,36,37,38"
6046,1,H8,Tornada,6,Parc de la Maquinista,2594,05:37:55,37.92,9.2,552.0,"13,14,15,16,17,18,19,20,21,22,23,24,25,26,27,28,29,30,31,32,33,34,35,36,37,38"
6408,1,H8,Tornada,6,Parc de la Maquinista,2594,05:42:19,42.32,4.3833333334,263.0,"13,14,15,16,17,18,19,20,21,22,23,24,25,26,27,28,29,30,31,32,33,34,35,36,37,38"
6407,1,H8,Tornada,6,Parc de la Maquinista,2594,05:49:30,49.5,7.183333333333334,431.0,"13,14,15,16,17,18,19,20,21,22,23,24,25,26,27,28,29,30,31,32,33,34,35,36,37,38"
6079,1,H8,Tornada,6,Parc de la Maquinista,2594,05:58:12,58.2,8.7,522.0,"13,14,15,16,17,18,19,20,21,22,23,24,25,26,27,28,29,30,31,32,33,34,35,36,37,38"
6024,2,H8,Tornada,6,Parc de la Maquinista,2594,06:05:09,5.15,6.95,417.0,"2,13,14,15,16,17,18,19,20,21,22,23,24,25,26,27,28,29,30,31,32,33,34,35,36,37,38"
6056,1,H8,Tornada,6,Parc de la Maquinista,2594,06:12:37,12.62,7.483333333266667,449.0,"13,14,15,16,17,18,19,20,21,22,23,24,25,26,27,28,29,30,31,32,33,34,35,36,37,38"
6411,3,H8,Tornada,6,Parc de la Maquinista,2594,06:19:38,19.63,7.016666666666667,421.0,"13,14,15,16,17,18,19,20,21,22,23,24,25,26,27,28,29,30,31,32,33,34,35,36,37,38"
6211,1,H8,Tornada,6,Parc de la Maquinista,2594,06:30:29,30.48,10.833333333366665,650.0,"13,14,15,16,17,18,19,20,21,22,23,24,25,26,27,28,29,30,31,32,33,34,35,36,37,38"
6055,1,H8,Tornada,6,Parc de la Maquinista,2594,06:35:04,35.07,4.583333333333333,275.0,"13,14,15,16,17,18,19,20,21,22,23,24,25,26,27,28,29,30,31,32,33,34,35,36,37,38"
6414,1,H8,Tornada,6,Parc de la Maquinista,2594,06:43:36,43.6,8.533333333366667,512.0,"13,14,15,16,17,18,19,20,21,22,23,24,25,26,27,28,29,30,31,32,33,34,35,36,37,38"
6059,3,H8,Tornada,6,Parc de la Maquinista,2594,06:47:02,47.03,3.433333333333333,206.0,"13,14,15,16,17,18,19,20,21,22,23,24,25,26,27,28,29,30,31,32,33,34,35,36,37,38"
6415,3,H8,Tornada,6,Parc de la Maquinista,2594,07:02:04,2.07,15.033333333333333,902.0,"13,14,15,16,17,18,19,20,21,22,23,24,25,26,27,28,29,30,31,32,33,34,35,36,37,38"
1547,1,H8,Tornada,6,Parc de la Maquinista,2594,07:06:13,6.22,4.15,249.0,"13,14,15,16,17,18,19,20,21,22,23,24,25,26,27,28,29,30,31,32,33,34,35,36,37,38"
2671,1,H8,Tornada,6,Parc de la Maquinista,2594,07:15:28,15.47,9.25,555.0,"13,14,15,16,17,18,19,20,21,22,23,24,25,26,27,28,29,30,31,32,33,34,35,36,37,38"
6217,3,H8,Tornada,6,Parc de la Maquinista,2594,07:24:13,24.22,8.75,525.0,"13,14,15,16,17,18,19,20,21,22,23,24,25,26,27,28,29,30,31,32,33,34,35,36,37,38"
6026,4,H8,Tornada,6,Parc de la Maquinista,2594,07:34:39,34.65,10.4333333333,626.0,"13,14,15,16,17,18,19,20,21,22,23,24,25,26,27,28,29,30,31,32,33,34,35,36,37,38"
6401,3,H8,Tornada,6,Parc de la Maquinista,2594,07:40:42,40.7,6.066666666633334,364.0,"13,14,15,16,17,18,19,20,21,22,23,24,25,26,27,28,29,30,31,32,33,34,35,36,37,38"
6402,4,H8,Tornada,6,Parc de la Maquinista,2594,07:48:43,48.72,8.000000000066667,480.0,"13,14,15,16,17,18,19,20,21,22,23,24,25,26,27,28,29,30,31,32,33,34,35,36,37,38"
6808,4,H8,Tornada,6,Parc de la Maquinista,2594,07:57:23,57.38,8.666666666633335,520.0,"13,14,15,16,17,18,19,20,21,22,23,24,25,26,27,28,29,30,31,32,33,34,35,36,37,38"
6037,4,H8,Tornada,6,Parc de la Maquinista,2594,08:05:55,5.92,8.533333333366667,512.0,"13,14,15,16,17,18,19,20,21,22,23,24,25,26,27,28,29,30,31,32,33,34,35,36,37,38"
6047,3,H8,Tornada,6,Parc de la Maquinista,2594,08:14:23,14.38,8.466666666633333,508.0,"13,14,15,16,17,18,19,20,21,22,23,24,25,26,27,28,29,30,31,32,33,34,35,36,37,38"
6406,4,H8,Tornada,6,Parc de la Maquinista,2594,08:21:21,21.35,6.966666666699999,418.0,"13,14,15,16,17,18,19,20,21,22,23,24,25,26,27,28,29,30,31,32,33,34,35,36,37,38"
6215,4,H8,Tornada,6,Parc de la Maquinista,2594,08:27:14,27.23,5.899999999933333,354.0,"13,14,15,16,17,18,19,20,21,22,23,24,25,26,27,28,29,30,31,32,33,34,35,36,37,38"
6408,4,H8,Tornada,6,Parc de la Maquinista,2594,08:38:12,38.2,10.950000000066666,657.0,"1,2,13,14,15,16,17,18,19,20,21,22,23,24,25,26,27,28,29,30,31,32,33,34,35,36,37,38"
6046,4,H8,Tornada,6,Parc de la Maquinista,2594,08:42:22,42.37,4.166666666666667,250.0,"13,14,15,16,17,18,19,20,21,22,23,24,25,26,27,28,29,30,31,32,33,34,35,36,37,38"
6407,4,H8,Tornada,6,Parc de la Maquinista,2594,08:51:08,51.13,8.766666666666667,526.0,"13,14,15,16,17,18,19,20,21,22,23,24,25,26,27,28,29,30,31,32,33,34,35,36,37,38"
6079,4,H8,Tornada,6,Parc de la Maquinista,2594,09:00:20,0.33,9.2,552.0,"13,14,15,16,17,18,19,20,21,22,23,24,25,26,27,28,29,30,31,32,33,34,35,36,37,38"
6024,5,H8,Tornada,6,Parc de la Maquinista,2594,09:06:43,6.72,6.399999999933333,384.0,"13,14,15,16,17,18,19,20,21,22,23,24,25,26,27,28,29,30,31,32,33,34,35,36,37,38"
6056,4,H8,Tornada,6,Parc de la Maquinista,2594,09:15:21,15.35,8.633333333333333,518.0,"13,14,15,16,17,18,19,20,21,22,23,24,25,26,27,28,29,30,31,32,33,34,35,36,37,38"
6411,6,H8,Tornada,6,Parc de la Maquinista,2594,09:21:21,21.35,5.9833333334,359.0,"13,14,15,16,17,18,19,20,21,22,23,24,25,26,27,28,29,30,31,32,33,34,35,36,37,38"
6059,6,H8,Tornada,6,Parc de la Maquinista,2594,09:30:38,30.63,9.299999999933334,558.0,"2,13,14,15,16,17,18,19,20,21,22,23,24,25,26,27,28,29,30,31,32,33,34,35,36,37,38"
6055,4,H8,Tornada,6,Parc de la Maquinista,2594,09:38:11,38.18,7.55,453.0,"1,2,13,14,15,16,17,18,19,20,21,22,23,24,25,26,27,28,29,30,31,32,33,34,35,36,37,38"
6414,4,H8,Tornada,6,Parc de la Maquinista,2594,09:48:38,48.63,10.45,627.0,"13,14,15,16,17,18,19,20,21,22,23,24,25,26,27,28,29,30,31,32,33,34,35,36,37,38"
6415,6,H8,Tornada,6,Parc de la Maquinista,2594,09:59:00,59.0,10.350000000066666,621.0,"13,14,15,16,17,18,19,20,21,22,23,24,25,26,27,28,29,30,31,32,33,34,35,36,37,38"
1547,4,H8,Tornada,6,Parc de la Maquinista,2594,10:08:07,8.12,9.133333333266668,548.0,"13,14,15,16,17,18,19,20,21,22,23,24,25,26,27,28,29,30,31,32,33,34,35,36,37,38"
2671,4,H8,Tornada,6,Parc de la Maquinista,2594,10:16:53,16.88,8.750000000066667,525.0,"13,14,15,16,17,18,19,20,21,22,23,24,25,26,27,28,29,30,31,32,33,34,35,36,37,38"
6217,6,H8,Tornada,6,Parc de la Maquinista,2594,10:25:12,25.2,8.316666666666666,499.0,"3,13,14,15,16,17,18,19,20,21,22,23,24,25,26,27,28,29,30,31,32,33,34,35,36,37,38"
6026,7,H8,Tornada,6,Parc de la Maquinista,2594,10:35:21,35.35,10.15,609.0,"13,14,15,16,17,18,19,20,21,22,23,24,25,26,27,28,29,30,31,32,33,34,35,36,37,38"
6401,5,H8,Tornada,6,Parc de la Maquinista,2594,10:46:19,46.32,10.966666666633333,658.0,"13,14,15,16,17,18,19,20,21,22,23,24,25,26,27,28,29,30,31,32,33,34,35,36,37,38"
6402,7,H8,Tornada,6,Parc de la Maquinista,2594,10:53:24,53.4,7.083333333333333,425.0,"13,14,15,16,17,18,19,20,21,22,23,24,25,26,27,28,29,30,31,32,33,34,35,36,37,38"
6808,7,H8,Tornada,6,Parc de la Maquinista,2594,11:02:00,2.0,8.6,516.0,"13,14,15,16,17,18,19,20,21,22,23,24,25,26,27,28,29,30,31,32,33,34,35,36,37,38"
6037,7,H8,Tornada,6,Parc de la Maquinista,2594,11:11:38,11.63,9.633333333366666,578.0,"13,14,15,16,17,18,19,20,21,22,23,24,25,26,27,28,29,30,31,32,33,34,35,36,37,38"
6047,6,H8,Tornada,6,Parc de la Maquinista,2594,11:20:36,20.6,8.966666666666667,538.0,"13,14,15,16,17,18,19,20,21,22,23,24,25,26,27,28,29,30,31,32,33,34,35,36,37,38"
6406,7,H8,Tornada,6,Parc de la Maquinista,2594,11:27:01,27.02,6.433333333266666,386.0,"13,14,15,16,17,18,19,20,21,22,23,24,25,26,27,28,29,30,31,32,33,34,35,36,37,38"
6215,7,H8,Tornada,6,Parc de la Maquinista,2594,11:34:25,34.42,7.4,444.0,"13,14,15,16,17,18,19,20,21,22,23,24,25,26,27,28,29,30,31,32,33,34,35,36,37,38"
6121,1,H8,Tornada,6,Parc de la Maquinista,2594,11:43:28,43.47,9.05,543.0,"13,14,15,16,17,18,19,20,21,22,23,24,25,26,27,28,29,30,31,32,33,34,35,36,37,38"
6407,7,H8,Tornada,6,Parc de la Maquinista,2594,11:49:47,49.78,6.300000000033333,378.0,"13,14,15,16,17,18,19,20,21,22,23,24,25,26,27,28,29,30,31,32,33,34,35,36,37,38"
6079,7,H8,Tornada,6,Parc de la Maquinista,2594,11:56:29,56.48,6.7166666666333334,403.0,"13,14,15,16,17,18,19,20,21,22,23,24,25,26,27,28,29,30,31,32,33,34,35,36,37,38"
6024,8,H8,Tornada,6,Parc de la Maquinista,2594,12:04:37,4.62,8.116666666733334,487.0,"13,14,15,16,17,18,19,20,21,22,23,24,25,26,27,28,29,30,31,32,33,34,35,36,37,38"
6056,7,H8,Tornada,6,Parc de la Maquinista,2594,12:13:30,13.5,8.883333333333333,533.0,"13,14,15,16,17,18,19,20,21,22,23,24,25,26,27,28,29,30,31,32,33,34,35,36,37,38"
6411,9,H8,Tornada,6,Parc de la Maquinista,2594,12:22:42,22.7,9.2166666666,553.0,"2,13,14,15,16,17,18,19,20,21,22,23,24,25,26,27,28,29,30,31,32,33,34,35,36,37,38"
6059,9,H8,Tornada,6,Parc de la Maquinista,2594,12:30:26,30.43,7.7166666667333335,463.0,"13,14,15,16,17,18,19,20,21,22,23,24,25,26,27,28,29,30,31,32,33,34,35,36,37,38"
6055,7,H8,Tornada,6,Parc de la Maquinista,2594,12:40:01,40.02,9.583333333333334,575.0,"13,14,15,16,17,18,19,20,21,22,23,24,25,26,27,28,29,30,31,32,33,34,35,36,37,38"
6414,7,H8,Tornada,6,Parc de la Maquinista,2594,12:46:04,46.07,6.049999999966667,363.0,"13,14,15,16,17,18,19,20,21,22,23,24,25,26,27,28,29,30,31,32,33,34,35,36,37,38"
6415,9,H8,Tornada,6,Parc de la Maquinista,2594,12:57:54,57.9,11.833333333366665,710.0,"13,14,15,16,17,18,19,20,21,22,23,24,25,26,27,28,29,30,31,32,33,34,35,36,37,38"
1547,7,H8,Tornada,6,Parc de la Maquinista,2594,13:06:30,6.5,8.6166666666,517.0,"13,14,15,16,17,18,19,20,21,22,23,24,25,26,27,28,29,30,31,32,33,34,35,36,37,38"
2671,7,H8,Tornada,6,Parc de la Maquinista,2594,13:16:40,16.67,10.150000000066665,609.0,"13,14,15,16,17,18,19,20,21,22,23,24,25,26,27,28,29,30,31,32,33,34,35,36,37,38"
6217,9,H8,Tornada,6,Parc de la Maquinista,2594,13:22:36,22.6,5.9333333333,356.0,"13,14,15,16,17,18,19,20,21,22,23,24,25,26,27,28,29,30,31,32,33,34,35,36,37,38"
6026,10,H8,Tornada,6,Parc de la Maquinista,2594,13:35:10,35.17,12.566666666666666,754.0,"7,13,14,15,16,17,18,19,20,21,22,23,24,25,26,27,28,29,30,31,32,33,34,35,36,37,38"
6401,8,H8,Tornada,6,Parc de la Maquinista,2594,13:39:34,39.57,4.400000000033333,264.0,"13,14,15,16,17,18,19,20,21,22,23,24,25,26,27,28,29,30,31,32,33,34,35,36,37,38"
6402,10,H8,Tornada,6,Parc de la Maquinista,2594,13:47:06,47.1,7.533333333300001,452.0,"13,14,15,16,17,18,19,20,21,22,23,24,25,26,27,28,29,30,31,32,33,34,35,36,37,38"
6808,10,H8,Tornada,6,Parc de la Maquinista,2594,13:55:28,55.47,8.3666666667,502.0,"13,14,15,16,17,18,19,20,21,22,23,24,25,26,27,28,29,30,31,32,33,34,35,36,37,38"
6037,10,H8,Tornada,6,Parc de la Maquinista,2594,14:04:47,4.78,9.333333333266667,560.0,"13,14,15,16,17,18,19,20,21,22,23,24,25,26,27,28,29,30,31,32,33,34,35,36,37,38"
6047,9,H8,Tornada,6,Parc de la Maquinista,2594,14:12:35,12.58,7.7833333333666666,467.0,"13,14,15,16,17,18,19,20,21,22,23,24,25,26,27,28,29,30,31,32,33,34,35,36,37,38"
6406,10,H8,Tornada,6,Parc de la Maquinista,2594,14:20:16,20.27,7.683333333333334,461.0,"13,14,15,16,17,18,19,20,21,22,23,24,25,26,27,28,29,30,31,32,33,34,35,36,37,38"
6215,10,H8,Tornada,6,Parc de la Maquinista,2594,14:29:13,29.22,8.950000000033333,537.0,"13,14,15,16,17,18,19,20,21,22,23,24,25,26,27,28,29,30,31,32,33,34,35,36,37,38"
6121,4,H8,Tornada,6,Parc de la Maquinista,2594,14:36:52,36.87,7.649999999966667,459.0,"13,14,15,16,17,18,19,20,21,22,23,24,25,26,27,28,29,30,31,32,33,34,35,36,37,38"
6407,10,H8,Tornada,6,Parc de la Maquinista,2594,14:45:23,45.38,8.516666666699999,511.0,"13,14,15,16,17,18,19,20,21,22,23,24,25,26,27,28,29,30,31,32,33,34,35,36,37,38"
6079,10,H8,Tornada,6,Parc de la Maquinista,2594,14:52:46,52.77,7.383333333333334,443.0,"13,14,15,16,17,18,19,20,21,22,23,24,25,26,27,28,29,30,31,32,33,34,35,36,37,38"
6024,11,H8,Tornada,6,Parc de la Maquinista,2594,15:02:11,2.18,9.416666666666666,565.0,"13,14,15,16,17,18,19,20,21,22,23,24,25,26,27,28,29,30,31,32,33,34,35,36,37,38"
6056,10,H8,Tornada,6,Parc de la Maquinista,2594,15:12:57,12.95,10.783333333266667,647.0,"13,14,15,16,17,18,19,20,21,22,23,24,25,26,27,28,29,30,31,32,33,34,35,36,37,38"
6411,12,H8,Tornada,6,Parc de la Maquinista,2594,15:21:20,21.33,8.383333333333333,503.0,"13,14,15,16,17,18,19,20,21,22,23,24,25,26,27,28,29,30,31,32,33,34,35,36,37,38"
6211,11,H8,Tornada,6,Parc de la Maquinista,2594,15:29:46,29.77,8.433333333333334,506.0,"13,14,15,16,17,18,19,20,21,22,23,24,25,26,27,28,29,30,31,32,33,34,35,36,37,38"
6055,10,H8,Tornada,6,Parc de la Maquinista,2594,15:37:42,37.7,7.833333333300001,470.0,"13,14,15,16,17,18,19,20,21,22,23,24,25,26,27,28,29,30,31,32,33,34,35,36,37,38"
6030,1,H8,Tornada,6,Parc de la Maquinista,2594,15:44:28,44.47,6.7666666667,406.0,"13,14,15,16,17,18,19,20,21,22,23,24,25,26,27,28,29,30,31,32,33,34,35,36,37,38"
6414,10,H8,Tornada,6,Parc de la Maquinista,2594,15:51:06,51.1,6.6333333333,398.0,"13,14,15,16,17,18,19,20,21,22,23,24,25,26,27,28,29,30,31,32,33,34,35,36,37,38"
6415,12,H8,Tornada,6,Parc de la Maquinista,2594,16:01:31,1.52,10.4333333333,626.0,"13,14,15,16,17,18,19,20,21,22,23,24,25,26,27,28,29,30,31,32,33,34,35,36,37,38"
1547,10,H8,Tornada,6,Parc de la Maquinista,2594,16:07:48,7.8,6.266666666733333,376.0,"13,14,15,16,17,18,19,20,21,22,23,24,25,26,27,28,29,30,31,32,33,34,35,36,37,38"
2671,10,H8,Tornada,6,Parc de la Maquinista,2594,16:16:22,16.37,8.566666666666666,514.0,"13,14,15,16,17,18,19,20,21,22,23,24,25,26,27,28,29,30,31,32,33,34,35,36,37,38"
6217,12,H8,Tornada,6,Parc de la Maquinista,2594,16:26:17,26.28,9.916666666666666,595.0,"13,14,15,16,17,18,19,20,21,22,23,24,25,26,27,28,29,30,31,32,33,34,35,36,37,38"
6026,13,H8,Tornada,6,Parc de la Maquinista,2594,16:30:16,30.27,3.9833333333333334,239.0,"13,14,15,16,17,18,19,20,21,22,23,24,25,26,27,28,29,30,31,32,33,34,35,36,37,38"
6409,1,H8,Tornada,6,Parc de la Maquinista,2594,16:39:39,39.65,9.399999999933334,564.0,"13,14,15,16,17,18,19,20,21,22,23,24,25,26,27,28,29,30,31,32,33,34,35,36,37,38"
6401,11,H8,Tornada,6,Parc de la Maquinista,2594,16:46:02,46.03,6.383333333333334,383.0,"13,14,15,16,17,18,19,20,21,22,23,24,25,26,27,28,29,30,31,32,33,34,35,36,37,38"
6402,13,H8,Tornada,6,Parc de la Maquinista,2594,16:53:18,53.3,7.266666666666667,436.0,"13,14,15,16,17,18,19,20,21,22,23,24,25,26,27,28,29,30,31,32,33,34,35,36,37,38"
6808,13,H8,Tornada,6,Parc de la Maquinista,2594,17:01:18,1.3,8.0,480.0,"13,14,15,16,17,18,19,20,21,22,23,24,25,26,27,28,29,30,31,32,33,34,35,36,37,38"
6037,13,H8,Tornada,6,Parc de la Maquinista,2594,17:11:24,11.4,10.1,606.0,"13,14,15,16,17,18,19,20,21,22,23,24,25,26,27,28,29,30,31,32,33,34,35,36,37,38"
6406,13,H8,Tornada,6,Parc de la Maquinista,2594,17:26:49,26.82,15.400000000066665,924.0,"13,14,15,16,17,18,19,20,21,22,23,24,25,26,27,28,29,30,31,32,33,34,35,36,37,38"
6047,12,H8,Tornada,6,Parc de la Maquinista,2594,17:32:23,32.38,5.566666666633334,334.0,"13,14,15,16,17,18,19,20,21,22,23,24,25,26,27,28,29,30,31,32,33,34,35,36,37,38"
6215,13,H8,Tornada,6,Parc de la Maquinista,2594,17:35:14,35.23,2.85,171.0,"13,14,15,16,17,18,19,20,21,22,23,24,25,26,27,28,29,30,31,32,33,34,35,36,37,38"
6121,7,H8,Tornada,6,Parc de la Maquinista,2594,17:43:04,43.07,7.849999999966667,471.0,"13,14,15,16,17,18,19,20,21,22,23,24,25,26,27,28,29,30,31,32,33,34,35,36,37,38"
6407,13,H8,Tornada,6,Parc de la Maquinista,2594,17:48:16,48.27,4.666666666733334,280.0,"13,14,15,16,17,18,19,20,21,22,23,24,25,26,27,28,29,30,31,32,33,34,35,36,37,38"
6079,13,H8,Tornada,6,Parc de la Maquinista,2594,17:56:57,56.95,8.6833333333,521.0,"7,8,9,10,13,14,15,16,17,18,19,20,21,22,23,24,25,26,27,28,29,30,31,32,33,34,35,36,37,38"
6024,14,H8,Tornada,6,Parc de la Maquinista,2594,18:03:17,3.28,6.349999999966667,381.0,"13,14,15,16,17,18,19,20,21,22,23,24,25,26,27,28,29,30,31,32,33,34,35,36,37,38"
6056,13,H8,Tornada,6,Parc de la Maquinista,2594,18:11:29,11.48,8.183333333366667,491.0,"13,14,15,16,17,18,19,20,21,22,23,24,25,26,27,28,29,30,31,32,33,34,35,36,37,38"
6411,15,H8,Tornada,6,Parc de la Maquinista,2594,18:19:50,19.83,8.35,501.0,"13,14,15,16,17,18,19,20,21,22,23,24,25,26,27,28,29,30,31,32,33,34,35,36,37,38"
6059,15,H8,Tornada,6,Parc de la Maquinista,2594,18:26:18,26.3,6.466666666699999,388.0,"1,2,13,14,15,16,17,18,19,20,21,22,23,24,25,26,27,28,29,30,31,32,33,34,35,36,37,38"
6030,4,H8,Tornada,6,Parc de la Maquinista,2594,18:35:57,35.95,9.666666666600001,580.0,"13,14,15,16,17,18,19,20,21,22,23,24,25,26,27,28,29,30,31,32,33,34,35,36,37,38"
6414,13,H8,Tornada,6,Parc de la Maquinista,2594,18:43:27,43.45,7.5,450.0,"13,14,15,16,17,18,19,20,21,22,23,24,25,26,27,28,29,30,31,32,33,34,35,36,37,38"
6415,15,H8,Tornada,6,Parc de la Maquinista,2594,18:55:28,55.47,12.000000000033333,720.0,"13,14,15,16,17,18,19,20,21,22,23,24,25,26,27,28,29,30,31,32,33,34,35,36,37,38"
1547,13,H8,Tornada,6,Parc de la Maquinista,2594,19:01:45,1.75,6.283333333333333,377.0,"1,13,14,15,16,17,18,19,20,21,22,23,24,25,26,27,28,29,30,31,32,33,34,35,36,37,38"
6026,16,H8,Tornada,6,Parc de la Maquinista,2594,19:26:35,26.58,24.833333333333332,1490.0,"13,14,15,16,17,18,19,20,21,22,23,24,25,26,27,28,29,30,31,32,33,34,35,36,37,38"
6401,14,H8,Tornada,6,Parc de la Maquinista,2594,19:36:10,36.17,9.533333333333333,572.0,"13,14,15,16,17,18,19,20,21,22,23,24,25,26,27,28,29,30,31,32,33,34,35,36,37,38"
6402,16,H8,Tornada,6,Parc de la Maquinista,2594,19:44:50,44.83,8.66666666665,520.0,"13,14,15,16,17,18,19,20,21,22,23,24,25,26,27,28,29,30,31,32,33,34,35,36,37,38"
6037,16,H8,Tornada,6,Parc de la Maquinista,2594,19:56:39,56.65,11.816666666683334,709.0,"13,14,15,16,17,18,19,20,21,22,23,24,25,26,27,28,29,30,31,32,33,34,35,36,37,38"
6063,1,H8,Tornada,6,Parc de la Maquinista,2594,20:04:45,4.75,8.083333333366665,485.0,"1,2,13,14,15,16,17,18,19,20,21,22,23,24,25,26,27,28,29,30,31,32,33,34,35,36,37,38"
6121,10,H8,Tornada,6,Parc de la Maquinista,2594,20:23:39,23.65,18.4166666667,1105.0,"13,14,15,16,17,18,19,20,21,22,23,24,25,26,27,28,29,30,31,32,33,34,35,36,37,38"
6024,17,H8,Tornada,6,Parc de la Maquinista,2594,20:36:40,36.67,13.016666666699999,781.0,"13,14,15,16,17,18,19,20,21,22,23,24,25,26,27,28,29,30,31,32,33,34,35,36,37,38"
6411,17,H8,Tornada,6,Parc de la Maquinista,2594,20:57:21,57.35,20.699999999933333,1242.0,"13,14,15,16,17,18,19,20,21,22,23,24,25,26,27,28,29,30,31,32,33,34,35,36,37,38"
6411,1,H8,Tornada,7,Josep Soldevila - Torrent Estadella,3309,03:41:22,41.37,,,"1,13,14,15,16,17,18,19,20,21,22,23,24,25,26,27,28,29,30,31,32,33,34,35,36,37,38"
6059,1,H8,Tornada,7,Josep Soldevila - Torrent Estadella,3309,03:56:33,56.55,15.1833333333,911.0,"13,14,15,16,17,18,19,20,21,22,23,24,25,26,27,28,29,30,31,32,33,34,35,36,37,38"
6415,1,H8,Tornada,7,Josep Soldevila - Torrent Estadella,3309,04:13:15,13.25,16.700000000033334,1002.0,"13,14,15,16,17,18,19,20,21,22,23,24,25,26,27,28,29,30,31,32,33,34,35,36,37,38"
6217,1,H8,Tornada,7,Josep Soldevila - Torrent Estadella,3309,04:27:28,27.47,14.233333333266668,854.0,"13,14,15,16,17,18,19,20,21,22,23,24,25,26,27,28,29,30,31,32,33,34,35,36,37,38"
6026,1,H8,Tornada,7,Josep Soldevila - Torrent Estadella,3309,04:38:40,38.67,11.2,672.0,"13,14,15,16,17,18,19,20,21,22,23,24,25,26,27,28,29,30,31,32,33,34,35,36,37,38"
6401,1,H8,Tornada,7,Josep Soldevila - Torrent Estadella,3309,04:50:09,50.15,11.466666666733333,688.0,"1,2,13,14,15,16,17,18,19,20,21,22,23,24,25,26,27,28,29,30,31,32,33,34,35,36,37,38"
6402,1,H8,Tornada,7,Josep Soldevila - Torrent Estadella,3309,04:55:46,55.77,5.616666666633334,337.0,"13,14,15,16,17,18,19,20,21,22,23,24,25,26,27,28,29,30,31,32,33,34,35,36,37,38"
6808,1,H8,Tornada,7,Josep Soldevila - Torrent Estadella,3309,05:05:24,5.4,9.633333333366666,578.0,"1,13,14,15,16,17,18,19,20,21,22,23,24,25,26,27,28,29,30,31,32,33,34,35,36,37,38"
6037,1,H8,Tornada,7,Josep Soldevila - Torrent Estadella,3309,05:10:34,10.57,5.183333333266666,311.0,"13,14,15,16,17,18,19,20,21,22,23,24,25,26,27,28,29,30,31,32,33,34,35,36,37,38"
6047,1,H8,Tornada,7,Josep Soldevila - Torrent Estadella,3309,05:18:28,18.47,7.8833333334,473.0,"12,13,16,17,18,19,20,21,22,23,24,25,26,27,28,29,30,31,32,33,34,35,36,37,38"
6406,1,H8,Tornada,7,Josep Soldevila - Torrent Estadella,3309,05:25:18,25.3,6.849999999933333,411.0,"13,14,15,16,17,18,19,20,21,22,23,24,25,26,27,28,29,30,31,32,33,34,35,36,37,38"
6215,1,H8,Tornada,7,Josep Soldevila - Torrent Estadella,3309,05:31:23,31.38,6.083333333333333,365.0,"13,14,15,16,17,18,19,20,21,22,23,24,25,26,27,28,29,30,31,32,33,34,35,36,37,38"
6046,1,H8,Tornada,7,Josep Soldevila - Torrent Estadella,3309,05:40:43,40.72,9.316666666733333,559.0,"13,14,15,16,17,18,19,20,21,22,23,24,25,26,27,28,29,30,31,32,33,34,35,36,37,38"
6408,1,H8,Tornada,7,Josep Soldevila - Torrent Estadella,3309,05:45:21,45.35,4.633333333333334,278.0,"13,14,15,16,17,18,19,20,21,22,23,24,25,26,27,28,29,30,31,32,33,34,35,36,37,38"
6407,1,H8,Tornada,7,Josep Soldevila - Torrent Estadella,3309,05:52:29,52.48,7.1333333333,428.0,"13,14,15,16,17,18,19,20,21,22,23,24,25,26,27,28,29,30,31,32,33,34,35,36,37,38"
6079,1,H8,Tornada,7,Josep Soldevila - Torrent Estadella,3309,06:01:33,1.55,9.0833333333,545.0,"13,14,15,16,17,18,19,20,21,22,23,24,25,26,27,28,29,30,31,32,33,34,35,36,37,38"
6024,2,H8,Tornada,7,Josep Soldevila - Torrent Estadella,3309,06:07:33,7.55,5.9833333334,359.0,"2,13,14,15,16,17,18,19,20,21,22,23,24,25,26,27,28,29,30,31,32,33,34,35,36,37,38"
6056,1,H8,Tornada,7,Josep Soldevila - Torrent Estadella,3309,06:15:39,15.65,8.1,486.0,"13,14,15,16,17,18,19,20,21,22,23,24,25,26,27,28,29,30,31,32,33,34,35,36,37,38"
6411,3,H8,Tornada,7,Josep Soldevila - Torrent Estadella,3309,06:22:14,22.23,6.583333333300001,395.0,"13,14,15,16,17,18,19,20,21,22,23,24,25,26,27,28,29,30,31,32,33,34,35,36,37,38"
6211,1,H8,Tornada,7,Josep Soldevila - Torrent Estadella,3309,06:32:43,32.72,10.483333333333333,629.0,"13,14,15,16,17,18,19,20,21,22,23,24,25,26,27,28,29,30,31,32,33,34,35,36,37,38"
6055,1,H8,Tornada,7,Josep Soldevila - Torrent Estadella,3309,06:37:26,37.43,4.716666666666667,283.0,"13,14,15,16,17,18,19,20,21,22,23,24,25,26,27,28,29,30,31,32,33,34,35,36,37,38"
6414,1,H8,Tornada,7,Josep Soldevila - Torrent Estadella,3309,06:45:55,45.92,8.499999999966667,510.0,"13,14,15,16,17,18,19,20,21,22,23,24,25,26,27,28,29,30,31,32,33,34,35,36,37,38"
6059,3,H8,Tornada,7,Josep Soldevila - Torrent Estadella,3309,06:49:06,49.1,3.166666666733333,190.0,"13,14,15,16,17,18,19,20,21,22,23,24,25,26,27,28,29,30,31,32,33,34,35,36,37,38"
6415,3,H8,Tornada,7,Josep Soldevila - Torrent Estadella,3309,07:04:00,4.0,14.916666666600001,895.0,"13,14,15,16,17,18,19,20,21,22,23,24,25,26,27,28,29,30,31,32,33,34,35,36,37,38"
1547,1,H8,Tornada,7,Josep Soldevila - Torrent Estadella,3309,07:08:23,8.38,4.383333333333334,263.0,"13,14,15,16,17,18,19,20,21,22,23,24,25,26,27,28,29,30,31,32,33,34,35,36,37,38"
2671,1,H8,Tornada,7,Josep Soldevila - Torrent Estadella,3309,07:17:35,17.58,9.183333333399998,551.0,"13,14,15,16,17,18,19,20,21,22,23,24,25,26,27,28,29,30,31,32,33,34,35,36,37,38"
6217,3,H8,Tornada,7,Josep Soldevila - Torrent Estadella,3309,07:26:30,26.5,8.916666666666666,535.0,"13,14,15,16,17,18,19,20,21,22,23,24,25,26,27,28,29,30,31,32,33,34,35,36,37,38"
6026,4,H8,Tornada,7,Josep Soldevila - Torrent Estadella,3309,07:36:49,36.82,10.333333333266667,620.0,"13,14,15,16,17,18,19,20,21,22,23,24,25,26,27,28,29,30,31,32,33,34,35,36,37,38"
6401,3,H8,Tornada,7,Josep Soldevila - Torrent Estadella,3309,07:43:39,43.65,6.8166666667,409.0,"13,14,15,16,17,18,19,20,21,22,23,24,25,26,27,28,29,30,31,32,33,34,35,36,37,38"
6402,4,H8,Tornada,7,Josep Soldevila - Torrent Estadella,3309,07:52:41,52.68,9.033333333333333,542.0,"13,14,15,16,17,18,19,20,21,22,23,24,25,26,27,28,29,30,31,32,33,34,35,36,37,38"
6808,4,H8,Tornada,7,Josep Soldevila - Torrent Estadella,3309,07:59:52,59.87,7.199999999966667,432.0,"13,14,15,16,17,18,19,20,21,22,23,24,25,26,27,28,29,30,31,32,33,34,35,36,37,38"
6037,4,H8,Tornada,7,Josep Soldevila - Torrent Estadella,3309,08:08:17,8.28,8.416666666666666,505.0,"13,14,15,16,17,18,19,20,21,22,23,24,25,26,27,28,29,30,31,32,33,34,35,36,37,38"
6047,3,H8,Tornada,7,Josep Soldevila - Torrent Estadella,3309,08:16:00,16.0,7.700000000066667,462.0,"13,14,15,16,17,18,19,20,21,22,23,24,25,26,27,28,29,30,31,32,33,34,35,36,37,38"
6406,4,H8,Tornada,7,Josep Soldevila - Torrent Estadella,3309,08:23:25,23.42,7.416666666633334,445.0,"13,14,15,16,17,18,19,20,21,22,23,24,25,26,27,28,29,30,31,32,33,34,35,36,37,38"
6215,4,H8,Tornada,7,Josep Soldevila - Torrent Estadella,3309,08:30:22,30.37,6.950000000033333,417.0,"13,14,15,16,17,18,19,20,21,22,23,24,25,26,27,28,29,30,31,32,33,34,35,36,37,38"
6408,4,H8,Tornada,7,Josep Soldevila - Torrent Estadella,3309,08:40:23,40.38,10.016666666633334,601.0,"1,2,13,14,15,16,17,18,19,20,21,22,23,24,25,26,27,28,29,30,31,32,33,34,35,36,37,38"
6046,4,H8,Tornada,7,Josep Soldevila - Torrent Estadella,3309,08:44:58,44.97,4.583333333333333,275.0,"13,14,15,16,17,18,19,20,21,22,23,24,25,26,27,28,29,30,31,32,33,34,35,36,37,38"
6407,4,H8,Tornada,7,Josep Soldevila - Torrent Estadella,3309,08:52:34,52.57,7.6,456.0,"13,14,15,16,17,18,19,20,21,22,23,24,25,26,27,28,29,30,31,32,33,34,35,36,37,38"
6079,4,H8,Tornada,7,Josep Soldevila - Torrent Estadella,3309,09:02:31,2.52,9.950000000033333,597.0,"13,14,15,16,17,18,19,20,21,22,23,24,25,26,27,28,29,30,31,32,33,34,35,36,37,38"
6024,5,H8,Tornada,7,Josep Soldevila - Torrent Estadella,3309,09:08:36,8.6,6.099999999933333,366.0,"13,14,15,16,17,18,19,20,21,22,23,24,25,26,27,28,29,30,31,32,33,34,35,36,37,38"
6056,4,H8,Tornada,7,Josep Soldevila - Torrent Estadella,3309,09:17:23,17.38,8.766666666699999,526.0,"13,14,15,16,17,18,19,20,21,22,23,24,25,26,27,28,29,30,31,32,33,34,35,36,37,38"
6411,6,H8,Tornada,7,Josep Soldevila - Torrent Estadella,3309,09:23:35,23.58,6.2,372.0,"13,14,15,16,17,18,19,20,21,22,23,24,25,26,27,28,29,30,31,32,33,34,35,36,37,38"
6059,6,H8,Tornada,7,Josep Soldevila - Torrent Estadella,3309,09:32:50,32.83,9.25,555.0,"2,13,14,15,16,17,18,19,20,21,22,23,24,25,26,27,28,29,30,31,32,33,34,35,36,37,38"
6055,4,H8,Tornada,7,Josep Soldevila - Torrent Estadella,3309,09:40:12,40.2,7.316666666666666,439.0,"1,2,13,14,15,16,17,18,19,20,21,22,23,24,25,26,27,28,29,30,31,32,33,34,35,36,37,38"
6414,4,H8,Tornada,7,Josep Soldevila - Torrent Estadella,3309,09:50:32,50.53,10.333333333333334,620.0,"13,14,15,16,17,18,19,20,21,22,23,24,25,26,27,28,29,30,31,32,33,34,35,36,37,38"
6415,6,H8,Tornada,7,Josep Soldevila - Torrent Estadella,3309,10:01:34,1.57,11.049999999966667,663.0,"13,14,15,16,17,18,19,20,21,22,23,24,25,26,27,28,29,30,31,32,33,34,35,36,37,38"
1547,4,H8,Tornada,7,Josep Soldevila - Torrent Estadella,3309,10:11:43,11.72,10.1333333334,608.0,"13,14,15,16,17,18,19,20,21,22,23,24,25,26,27,28,29,30,31,32,33,34,35,36,37,38"
2671,4,H8,Tornada,7,Josep Soldevila - Torrent Estadella,3309,10:19:36,19.6,7.883333333333334,473.0,"13,14,15,16,17,18,19,20,21,22,23,24,25,26,27,28,29,30,31,32,33,34,35,36,37,38"
6217,6,H8,Tornada,7,Josep Soldevila - Torrent Estadella,3309,10:27:09,27.15,7.55,453.0,"3,13,14,15,16,17,18,19,20,21,22,23,24,25,26,27,28,29,30,31,32,33,34,35,36,37,38"
6026,7,H8,Tornada,7,Josep Soldevila - Torrent Estadella,3309,10:37:39,37.65,10.5,630.0,"13,14,15,16,17,18,19,20,21,22,23,24,25,26,27,28,29,30,31,32,33,34,35,36,37,38"
6401,5,H8,Tornada,7,Josep Soldevila - Torrent Estadella,3309,10:48:08,48.13,10.499999999933333,630.0,"13,14,15,16,17,18,19,20,21,22,23,24,25,26,27,28,29,30,31,32,33,34,35,36,37,38"
6402,7,H8,Tornada,7,Josep Soldevila - Torrent Estadella,3309,10:55:48,55.8,7.650000000033333,459.0,"13,14,15,16,17,18,19,20,21,22,23,24,25,26,27,28,29,30,31,32,33,34,35,36,37,38"
6808,7,H8,Tornada,7,Josep Soldevila - Torrent Estadella,3309,11:03:47,3.78,7.999999999966667,480.0,"13,14,15,16,17,18,19,20,21,22,23,24,25,26,27,28,29,30,31,32,33,34,35,36,37,38"
6037,7,H8,Tornada,7,Josep Soldevila - Torrent Estadella,3309,11:14:02,14.03,10.233333333366666,614.0,"13,14,15,16,17,18,19,20,21,22,23,24,25,26,27,28,29,30,31,32,33,34,35,36,37,38"
6047,6,H8,Tornada,7,Josep Soldevila - Torrent Estadella,3309,11:23:16,23.27,9.233333333333333,554.0,"13,14,15,16,17,18,19,20,21,22,23,24,25,26,27,28,29,30,31,32,33,34,35,36,37,38"
6406,7,H8,Tornada,7,Josep Soldevila - Torrent Estadella,3309,11:28:36,28.6,5.349999999966667,321.0,"13,14,15,16,17,18,19,20,21,22,23,24,25,26,27,28,29,30,31,32,33,34,35,36,37,38"
6215,7,H8,Tornada,7,Josep Soldevila - Torrent Estadella,3309,11:36:46,36.77,8.150000000066667,489.0,"13,14,15,16,17,18,19,20,21,22,23,24,25,26,27,28,29,30,31,32,33,34,35,36,37,38"
6121,1,H8,Tornada,7,Josep Soldevila - Torrent Estadella,3309,11:45:23,45.38,8.633333333266668,518.0,"13,14,15,16,17,18,19,20,21,22,23,24,25,26,27,28,29,30,31,32,33,34,35,36,37,38"
6407,7,H8,Tornada,7,Josep Soldevila - Torrent Estadella,3309,11:51:05,51.08,5.683333333366666,341.0,"13,14,15,16,17,18,19,20,21,22,23,24,25,26,27,28,29,30,31,32,33,34,35,36,37,38"
6079,7,H8,Tornada,7,Josep Soldevila - Torrent Estadella,3309,11:58:42,58.7,7.616666666666666,457.0,"13,14,15,16,17,18,19,20,21,22,23,24,25,26,27,28,29,30,31,32,33,34,35,36,37,38"
6024,8,H8,Tornada,7,Josep Soldevila - Torrent Estadella,3309,12:06:29,6.48,7.7833333333666666,467.0,"13,14,15,16,17,18,19,20,21,22,23,24,25,26,27,28,29,30,31,32,33,34,35,36,37,38"
6056,7,H8,Tornada,7,Josep Soldevila - Torrent Estadella,3309,12:15:37,15.62,9.133333333333333,548.0,"13,14,15,16,17,18,19,20,21,22,23,24,25,26,27,28,29,30,31,32,33,34,35,36,37,38"
6411,9,H8,Tornada,7,Josep Soldevila - Torrent Estadella,3309,12:24:43,24.72,9.099999999983334,546.0,"2,13,14,15,16,17,18,19,20,21,22,23,24,25,26,27,28,29,30,31,32,33,34,35,36,37,38"
6059,9,H8,Tornada,7,Josep Soldevila - Torrent Estadella,3309,12:31:58,31.97,7.250000000016667,435.0,"13,14,15,16,17,18,19,20,21,22,23,24,25,26,27,28,29,30,31,32,33,34,35,36,37,38"
6055,7,H8,Tornada,7,Josep Soldevila - Torrent Estadella,3309,12:41:48,41.8,9.833333333333334,590.0,"13,14,15,16,17,18,19,20,21,22,23,24,25,26,27,28,29,30,31,32,33,34,35,36,37,38"
6414,7,H8,Tornada,7,Josep Soldevila - Torrent Estadella,3309,12:48:17,48.28,6.4833333333,389.0,"13,14,15,16,17,18,19,20,21,22,23,24,25,26,27,28,29,30,31,32,33,34,35,36,37,38"
6415,9,H8,Tornada,7,Josep Soldevila - Torrent Estadella,3309,13:00:42,0.7,12.4333333333,746.0,"13,14,15,16,17,18,19,20,21,22,23,24,25,26,27,28,29,30,31,32,33,34,35,36,37,38"
1547,7,H8,Tornada,7,Josep Soldevila - Torrent Estadella,3309,13:09:51,9.85,9.133333333366666,548.0,"13,14,15,16,17,18,19,20,21,22,23,24,25,26,27,28,29,30,31,32,33,34,35,36,37,38"
2671,7,H8,Tornada,7,Josep Soldevila - Torrent Estadella,3309,13:18:46,18.77,8.9166666667,535.0,"13,14,15,16,17,18,19,20,21,22,23,24,25,26,27,28,29,30,31,32,33,34,35,36,37,38"
6217,9,H8,Tornada,7,Josep Soldevila - Torrent Estadella,3309,13:24:34,24.57,5.8166666666,349.0,"13,14,15,16,17,18,19,20,21,22,23,24,25,26,27,28,29,30,31,32,33,34,35,36,37,38"
6401,8,H8,Tornada,7,Josep Soldevila - Torrent Estadella,3309,13:41:35,41.58,17.00000000003333,1020.0,"13,14,15,16,17,18,19,20,21,22,23,24,25,26,27,28,29,30,31,32,33,34,35,36,37,38"
6402,10,H8,Tornada,7,Josep Soldevila - Torrent Estadella,3309,13:50:34,50.57,8.983333333333333,539.0,"13,14,15,16,17,18,19,20,21,22,23,24,25,26,27,28,29,30,31,32,33,34,35,36,37,38"
6808,10,H8,Tornada,7,Josep Soldevila - Torrent Estadella,3309,13:58:17,58.28,7.716666666666667,463.0,"13,14,15,16,17,18,19,20,21,22,23,24,25,26,27,28,29,30,31,32,33,34,35,36,37,38"
6037,10,H8,Tornada,7,Josep Soldevila - Torrent Estadella,3309,14:07:14,7.23,8.966666666633333,538.0,"13,14,15,16,17,18,19,20,21,22,23,24,25,26,27,28,29,30,31,32,33,34,35,36,37,38"
6047,9,H8,Tornada,7,Josep Soldevila - Torrent Estadella,3309,14:14:15,14.25,7.016666666666667,421.0,"13,14,15,16,17,18,19,20,21,22,23,24,25,26,27,28,29,30,31,32,33,34,35,36,37,38"
6406,10,H8,Tornada,7,Josep Soldevila - Torrent Estadella,3309,14:22:50,22.83,8.5666666667,514.0,"13,14,15,16,17,18,19,20,21,22,23,24,25,26,27,28,29,30,31,32,33,34,35,36,37,38"
6215,10,H8,Tornada,7,Josep Soldevila - Torrent Estadella,3309,14:30:48,30.8,7.966666666666667,478.0,"13,14,15,16,17,18,19,20,21,22,23,24,25,26,27,28,29,30,31,32,33,34,35,36,37,38"
6121,4,H8,Tornada,7,Josep Soldevila - Torrent Estadella,3309,14:39:13,39.22,8.4166666667,505.0,"13,14,15,16,17,18,19,20,21,22,23,24,25,26,27,28,29,30,31,32,33,34,35,36,37,38"
6407,10,H8,Tornada,7,Josep Soldevila - Torrent Estadella,3309,14:48:46,48.77,9.549999999966667,573.0,"13,14,15,16,17,18,19,20,21,22,23,24,25,26,27,28,29,30,31,32,33,34,35,36,37,38"
6079,10,H8,Tornada,7,Josep Soldevila - Torrent Estadella,3309,14:55:25,55.42,6.65,399.0,"13,14,15,16,17,18,19,20,21,22,23,24,25,26,27,28,29,30,31,32,33,34,35,36,37,38"
6024,11,H8,Tornada,7,Josep Soldevila - Torrent Estadella,3309,15:06:20,6.33,10.9166666667,655.0,"13,14,15,16,17,18,19,20,21,22,23,24,25,26,27,28,29,30,31,32,33,34,35,36,37,38"
6056,10,H8,Tornada,7,Josep Soldevila - Torrent Estadella,3309,15:15:36,15.6,9.283333333266667,557.0,"13,14,15,16,17,18,19,20,21,22,23,24,25,26,27,28,29,30,31,32,33,34,35,36,37,38"
6411,12,H8,Tornada,7,Josep Soldevila - Torrent Estadella,3309,15:23:45,23.75,8.15,489.0,"13,14,15,16,17,18,19,20,21,22,23,24,25,26,27,28,29,30,31,32,33,34,35,36,37,38"
6211,11,H8,Tornada,7,Josep Soldevila - Torrent Estadella,3309,15:33:11,33.18,9.416666666733333,565.0,"13,14,15,16,17,18,19,20,21,22,23,24,25,26,27,28,29,30,31,32,33,34,35,36,37,38"
6055,10,H8,Tornada,7,Josep Soldevila - Torrent Estadella,3309,15:40:46,40.77,7.166666666733334,430.0,"13,14,15,16,17,18,19,20,21,22,23,24,25,26,27,28,29,30,31,32,33,34,35,36,37,38"
6030,1,H8,Tornada,7,Josep Soldevila - Torrent Estadella,3309,15:46:53,46.88,6.116666666666666,367.0,"13,14,15,16,17,18,19,20,21,22,23,24,25,26,27,28,29,30,31,32,33,34,35,36,37,38"
6414,10,H8,Tornada,7,Josep Soldevila - Torrent Estadella,3309,15:53:39,53.65,6.766666666633333,406.0,"13,14,15,16,17,18,19,20,21,22,23,24,25,26,27,28,29,30,31,32,33,34,35,36,37,38"
6415,12,H8,Tornada,7,Josep Soldevila - Torrent Estadella,3309,16:04:23,4.38,10.733333333333333,644.0,"13,14,15,16,17,18,19,20,21,22,23,24,25,26,27,28,29,30,31,32,33,34,35,36,37,38"
1547,10,H8,Tornada,7,Josep Soldevila - Torrent Estadella,3309,16:10:46,10.77,6.383333333333334,383.0,"13,14,15,16,17,18,19,20,21,22,23,24,25,26,27,28,29,30,31,32,33,34,35,36,37,38"
2671,10,H8,Tornada,7,Josep Soldevila - Torrent Estadella,3309,16:18:19,18.32,7.566666666633334,454.0,"13,14,15,16,17,18,19,20,21,22,23,24,25,26,27,28,29,30,31,32,33,34,35,36,37,38"
6217,12,H8,Tornada,7,Josep Soldevila - Torrent Estadella,3309,16:28:02,28.03,9.700000000066666,582.0,"13,14,15,16,17,18,19,20,21,22,23,24,25,26,27,28,29,30,31,32,33,34,35,36,37,38"
6026,13,H8,Tornada,7,Josep Soldevila - Torrent Estadella,3309,16:31:29,31.48,3.4666666666,208.0,"13,14,15,16,17,18,19,20,21,22,23,24,25,26,27,28,29,30,31,32,33,34,35,36,37,38"
6409,1,H8,Tornada,7,Josep Soldevila - Torrent Estadella,3309,16:40:59,40.98,9.4833333334,569.0,"13,14,15,16,17,18,19,20,21,22,23,24,25,26,27,28,29,30,31,32,33,34,35,36,37,38"
6401,11,H8,Tornada,7,Josep Soldevila - Torrent Estadella,3309,16:48:15,48.25,7.266666666666667,436.0,"13,14,15,16,17,18,19,20,21,22,23,24,25,26,27,28,29,30,31,32,33,34,35,36,37,38"
6402,13,H8,Tornada,7,Josep Soldevila - Torrent Estadella,3309,16:54:43,54.72,6.4666666666333334,388.0,"13,14,15,16,17,18,19,20,21,22,23,24,25,26,27,28,29,30,31,32,33,34,35,36,37,38"
6808,13,H8,Tornada,7,Josep Soldevila - Torrent Estadella,3309,17:04:23,4.38,9.6833333333,581.0,"13,14,15,16,17,18,19,20,21,22,23,24,25,26,27,28,29,30,31,32,33,34,35,36,37,38"
6037,13,H8,Tornada,7,Josep Soldevila - Torrent Estadella,3309,17:14:03,14.05,9.666666666666666,580.0,"13,14,15,16,17,18,19,20,21,22,23,24,25,26,27,28,29,30,31,32,33,34,35,36,37,38"
6406,13,H8,Tornada,7,Josep Soldevila - Torrent Estadella,3309,17:29:51,29.85,15.7833333334,947.0,"13,14,15,16,17,18,19,20,21,22,23,24,25,26,27,28,29,30,31,32,33,34,35,36,37,38"
6047,12,H8,Tornada,7,Josep Soldevila - Torrent Estadella,3309,17:35:14,35.23,5.3833333333,323.0,"13,14,15,16,17,18,19,20,21,22,23,24,25,26,27,28,29,30,31,32,33,34,35,36,37,38"
6215,13,H8,Tornada,7,Josep Soldevila - Torrent Estadella,3309,17:36:48,36.8,1.5666666667,94.0,"13,14,15,16,17,18,19,20,21,22,23,24,25,26,27,28,29,30,31,32,33,34,35,36,37,38"
6408,8,H8,Tornada,7,Josep Soldevila - Torrent Estadella,3309,17:45:32,45.53,8.749999999933333,525.0,"13,14,15,16,17,18,19,20,21,22,23,24,25,26,27,28,29,30,31,32,33,34,35,36,37,38"
6407,13,H8,Tornada,7,Josep Soldevila - Torrent Estadella,3309,17:50:41,50.68,4.98333333335,299.0,"13,14,15,16,17,18,19,20,21,22,23,24,25,26,27,28,29,30,31,32,33,34,35,36,37,38"
6024,14,H8,Tornada,7,Josep Soldevila - Torrent Estadella,3309,18:04:53,4.88,14.2,852.0,"13,14,15,16,17,18,19,20,21,22,23,24,25,26,27,28,29,30,31,32,33,34,35,36,37,38"
6056,13,H8,Tornada,7,Josep Soldevila - Torrent Estadella,3309,18:13:48,13.8,8.91666666665,535.0,"13,14,15,16,17,18,19,20,21,22,23,24,25,26,27,28,29,30,31,32,33,34,35,36,37,38"
6411,15,H8,Tornada,7,Josep Soldevila - Torrent Estadella,3309,18:22:05,22.08,8.283333333333333,497.0,"13,14,15,16,17,18,19,20,21,22,23,24,25,26,27,28,29,30,31,32,33,34,35,36,37,38"
6059,15,H8,Tornada,7,Josep Soldevila - Torrent Estadella,3309,18:28:38,28.63,6.5333333334,392.0,"1,2,13,14,15,16,17,18,19,20,21,22,23,24,25,26,27,28,29,30,31,32,33,34,35,36,37,38"
6030,4,H8,Tornada,7,Josep Soldevila - Torrent Estadella,3309,18:38:23,38.38,9.75,585.0,"13,14,15,16,17,18,19,20,21,22,23,24,25,26,27,28,29,30,31,32,33,34,35,36,37,38"
6414,13,H8,Tornada,7,Josep Soldevila - Torrent Estadella,3309,18:45:59,45.98,7.6166666666,457.0,"13,14,15,16,17,18,19,20,21,22,23,24,25,26,27,28,29,30,31,32,33,34,35,36,37,38"
6415,15,H8,Tornada,7,Josep Soldevila - Torrent Estadella,3309,18:58:31,58.52,12.533333333333333,752.0,"13,14,15,16,17,18,19,20,21,22,23,24,25,26,27,28,29,30,31,32,33,34,35,36,37,38"
1547,13,H8,Tornada,7,Josep Soldevila - Torrent Estadella,3309,19:03:23,3.38,4.866666666666666,292.0,"1,13,14,15,16,17,18,19,20,21,22,23,24,25,26,27,28,29,30,31,32,33,34,35,36,37,38"
6409,4,H8,Tornada,7,Josep Soldevila - Torrent Estadella,3309,19:26:58,26.97,23.583333333333332,1415.0,"8,13,14,15,16,17,18,19,20,21,22,23,24,25,26,27,28,29,30,31,32,33,34,35,36,37,38"
6026,16,H8,Tornada,7,Josep Soldevila - Torrent Estadella,3309,19:28:33,28.55,1.5666666667,94.0,"13,14,15,16,17,18,19,20,21,22,23,24,25,26,27,28,29,30,31,32,33,34,35,36,37,38"
6401,14,H8,Tornada,7,Josep Soldevila - Torrent Estadella,3309,19:37:38,37.63,9.083333333366665,545.0,"13,14,15,16,17,18,19,20,21,22,23,24,25,26,27,28,29,30,31,32,33,34,35,36,37,38"
6402,16,H8,Tornada,7,Josep Soldevila - Torrent Estadella,3309,19:45:31,45.52,7.899999999933333,474.0,"13,14,15,16,17,18,19,20,21,22,23,24,25,26,27,28,29,30,31,32,33,34,35,36,37,38"
6037,16,H8,Tornada,7,Josep Soldevila - Torrent Estadella,3309,19:58:47,58.78,13.250000000033333,795.0,"13,14,15,16,17,18,19,20,21,22,23,24,25,26,27,28,29,30,31,32,33,34,35,36,37,38"
6047,14,H8,Tornada,7,Josep Soldevila - Torrent Estadella,3309,20:07:07,7.12,8.333333333366665,500.0,"13,14,15,16,17,18,19,20,21,22,23,24,25,26,27,28,29,30,31,32,33,34,35,36,37,38"
6121,10,H8,Tornada,7,Josep Soldevila - Torrent Estadella,3309,20:25:04,25.07,17.933333333366665,1076.0,"13,14,15,16,17,18,19,20,21,22,23,24,25,26,27,28,29,30,31,32,33,34,35,36,37,38"
6024,17,H8,Tornada,7,Josep Soldevila - Torrent Estadella,3309,20:38:22,38.37,13.316666666633333,799.0,"13,14,15,16,17,18,19,20,21,22,23,24,25,26,27,28,29,30,31,32,33,34,35,36,37,38"
6411,17,H8,Tornada,7,Josep Soldevila - Torrent Estadella,3309,20:59:17,59.28,20.900000000033334,1254.0,"13,14,15,16,17,18,19,20,21,22,23,24,25,26,27,28,29,30,31,32,33,34,35,36,37,38"
6414,16,H8,Tornada,7,Josep Soldevila - Torrent Estadella,3309,21:15:53,15.88,16.616666666633332,997.0,"6,13,14,15,16,17,18,19,20,21,22,23,24,25,26,27,28,29,30,31,32,33,34,35,36,37,38"
6415,17,H8,Tornada,7,Josep Soldevila - Torrent Estadella,3309,21:36:16,36.27,20.383333333333333,1223.0,"13,14,15,16,17,18,19,20,21,22,23,24,25,26,27,28,29,30,31,32,33,34,35,36,37,38"
6411,1,H8,Tornada,8,Josep Soldevila - Onze de Setembre,3310,03:42:42,42.7,,,"1,13,14,15,16,17,18,19,20,21,22,23,24,25,26,27,28,29,30,31,32,33,34,35,36,37,38"
6059,1,H8,Tornada,8,Josep Soldevila - Onze de Setembre,3310,03:57:57,57.95,15.249999999966667,915.0,"13,14,15,16,17,18,19,20,21,22,23,24,25,26,27,28,29,30,31,32,33,34,35,36,37,38"
6415,1,H8,Tornada,8,Josep Soldevila - Onze de Setembre,3310,04:14:24,14.4,16.450000000033334,987.0,"13,14,15,16,17,18,19,20,21,22,23,24,25,26,27,28,29,30,31,32,33,34,35,36,37,38"
6217,1,H8,Tornada,8,Josep Soldevila - Onze de Setembre,3310,04:28:47,28.78,14.399999999933334,864.0,"13,14,15,16,17,18,19,20,21,22,23,24,25,26,27,28,29,30,31,32,33,34,35,36,37,38"
6026,1,H8,Tornada,8,Josep Soldevila - Onze de Setembre,3310,04:40:07,40.12,11.333333333333334,680.0,"13,14,15,16,17,18,19,20,21,22,23,24,25,26,27,28,29,30,31,32,33,34,35,36,37,38"
6401,1,H8,Tornada,8,Josep Soldevila - Onze de Setembre,3310,04:51:28,51.47,11.333333333366665,680.0,"1,2,13,14,15,16,17,18,19,20,21,22,23,24,25,26,27,28,29,30,31,32,33,34,35,36,37,38"
6402,1,H8,Tornada,8,Josep Soldevila - Onze de Setembre,3310,04:55:49,55.82,4.35,261.0,"13,14,15,16,17,18,19,20,21,22,23,24,25,26,27,28,29,30,31,32,33,34,35,36,37,38"
6808,1,H8,Tornada,8,Josep Soldevila - Onze de Setembre,3310,05:06:47,6.78,10.9666666667,658.0,"1,13,14,15,16,17,18,19,20,21,22,23,24,25,26,27,28,29,30,31,32,33,34,35,36,37,38"
6037,1,H8,Tornada,8,Josep Soldevila - Onze de Setembre,3310,05:11:50,11.83,5.049999999966667,303.0,"13,14,15,16,17,18,19,20,21,22,23,24,25,26,27,28,29,30,31,32,33,34,35,36,37,38"
6047,1,H8,Tornada,8,Josep Soldevila - Onze de Setembre,3310,05:20:07,20.12,8.299999999966667,498.0,"12,13,16,17,18,19,20,21,22,23,24,25,26,27,28,29,30,31,32,33,34,35,36,37,38"
6406,1,H8,Tornada,8,Josep Soldevila - Onze de Setembre,3310,05:26:12,26.2,6.0666666667,364.0,"13,14,15,16,17,18,19,20,21,22,23,24,25,26,27,28,29,30,31,32,33,34,35,36,37,38"
6215,1,H8,Tornada,8,Josep Soldevila - Onze de Setembre,3310,05:32:44,32.73,6.5333333333666666,392.0,"13,14,15,16,17,18,19,20,21,22,23,24,25,26,27,28,29,30,31,32,33,34,35,36,37,38"
6046,1,H8,Tornada,8,Josep Soldevila - Onze de Setembre,3310,05:41:59,41.98,9.2666666666,556.0,"13,14,15,16,17,18,19,20,21,22,23,24,25,26,27,28,29,30,31,32,33,34,35,36,37,38"
6408,1,H8,Tornada,8,Josep Soldevila - Onze de Setembre,3310,05:46:30,46.5,4.500000000066667,270.0,"13,14,15,16,17,18,19,20,21,22,23,24,25,26,27,28,29,30,31,32,33,34,35,36,37,38"
6407,1,H8,Tornada,8,Josep Soldevila - Onze de Setembre,3310,05:54:16,54.27,7.766666666633333,466.0,"13,14,15,16,17,18,19,20,21,22,23,24,25,26,27,28,29,30,31,32,33,34,35,36,37,38"
6079,1,H8,Tornada,8,Josep Soldevila - Onze de Setembre,3310,06:02:14,2.23,7.9833333333,479.0,"13,14,15,16,17,18,19,20,21,22,23,24,25,26,27,28,29,30,31,32,33,34,35,36,37,38"
6024,2,H8,Tornada,8,Josep Soldevila - Onze de Setembre,3310,06:08:53,8.88,6.633333333366666,398.0,"2,13,14,15,16,17,18,19,20,21,22,23,24,25,26,27,28,29,30,31,32,33,34,35,36,37,38"
6056,1,H8,Tornada,8,Josep Soldevila - Onze de Setembre,3310,06:16:46,16.77,7.883333333366666,473.0,"13,14,15,16,17,18,19,20,21,22,23,24,25,26,27,28,29,30,31,32,33,34,35,36,37,38"
6411,3,H8,Tornada,8,Josep Soldevila - Onze de Setembre,3310,06:23:10,23.17,6.4,384.0,"13,14,15,16,17,18,19,20,21,22,23,24,25,26,27,28,29,30,31,32,33,34,35,36,37,38"
6211,1,H8,Tornada,8,Josep Soldevila - Onze de Setembre,3310,06:33:27,33.45,10.283333333333333,617.0,"13,14,15,16,17,18,19,20,21,22,23,24,25,26,27,28,29,30,31,32,33,34,35,36,37,38"
6055,1,H8,Tornada,8,Josep Soldevila - Onze de Setembre,3310,06:39:17,39.28,5.833333333300001,350.0,"13,14,15,16,17,18,19,20,21,22,23,24,25,26,27,28,29,30,31,32,33,34,35,36,37,38"
6414,1,H8,Tornada,8,Josep Soldevila - Onze de Setembre,3310,06:46:28,46.47,7.183333333333334,431.0,"13,14,15,16,17,18,19,20,21,22,23,24,25,26,27,28,29,30,31,32,33,34,35,36,37,38"
6059,3,H8,Tornada,8,Josep Soldevila - Onze de Setembre,3310,06:50:19,50.32,3.85,231.0,"13,14,15,16,17,18,19,20,21,22,23,24,25,26,27,28,29,30,31,32,33,34,35,36,37,38"
6415,3,H8,Tornada,8,Josep Soldevila - Onze de Setembre,3310,07:05:24,5.4,15.099999999966666,906.0,"13,14,15,16,17,18,19,20,21,22,23,24,25,26,27,28,29,30,31,32,33,34,35,36,37,38"
1547,1,H8,Tornada,8,Josep Soldevila - Onze de Setembre,3310,07:09:11,9.18,3.783333333333333,227.0,"13,14,15,16,17,18,19,20,21,22,23,24,25,26,27,28,29,30,31,32,33,34,35,36,37,38"
2671,1,H8,Tornada,8,Josep Soldevila - Onze de Setembre,3310,07:18:55,18.92,9.7166666667,583.0,"13,14,15,16,17,18,19,20,21,22,23,24,25,26,27,28,29,30,31,32,33,34,35,36,37,38"
6217,3,H8,Tornada,8,Josep Soldevila - Onze de Setembre,3310,07:27:36,27.6,8.699999999966668,522.0,"13,14,15,16,17,18,19,20,21,22,23,24,25,26,27,28,29,30,31,32,33,34,35,36,37,38"
6026,4,H8,Tornada,8,Josep Soldevila - Onze de Setembre,3310,07:37:49,37.82,10.216666666666667,613.0,"13,14,15,16,17,18,19,20,21,22,23,24,25,26,27,28,29,30,31,32,33,34,35,36,37,38"
6401,3,H8,Tornada,8,Josep Soldevila - Onze de Setembre,3310,07:44:58,44.97,7.1333333334,428.0,"13,14,15,16,17,18,19,20,21,22,23,24,25,26,27,28,29,30,31,32,33,34,35,36,37,38"
6402,4,H8,Tornada,8,Josep Soldevila - Onze de Setembre,3310,07:53:26,53.43,8.483333333266666,509.0,"13,14,15,16,17,18,19,20,21,22,23,24,25,26,27,28,29,30,31,32,33,34,35,36,37,38"
6808,4,H8,Tornada,8,Josep Soldevila - Onze de Setembre,3310,08:00:59,0.98,7.5333333334,452.0,"13,14,15,16,17,18,19,20,21,22,23,24,25,26,27,28,29,30,31,32,33,34,35,36,37,38"
6037,4,H8,Tornada,8,Josep Soldevila - Onze de Setembre,3310,08:09:32,9.53,8.55,513.0,"13,14,15,16,17,18,19,20,21,22,23,24,25,26,27,28,29,30,31,32,33,34,35,36,37,38"
6047,3,H8,Tornada,8,Josep Soldevila - Onze de Setembre,3310,08:17:54,17.9,8.366666666633334,502.0,"13,14,15,16,17,18,19,20,21,22,23,24,25,26,27,28,29,30,31,32,33,34,35,36,37,38"
6406,4,H8,Tornada,8,Josep Soldevila - Onze de Setembre,3310,08:24:32,24.53,6.649999999966667,399.0,"13,14,15,16,17,18,19,20,21,22,23,24,25,26,27,28,29,30,31,32,33,34,35,36,37,38"
6215,4,H8,Tornada,8,Josep Soldevila - Onze de Setembre,3310,08:32:11,32.18,7.65,459.0,"13,14,15,16,17,18,19,20,21,22,23,24,25,26,27,28,29,30,31,32,33,34,35,36,37,38"
6408,4,H8,Tornada,8,Josep Soldevila - Onze de Setembre,3310,08:42:03,42.05,9.850000000066666,591.0,"1,2,13,14,15,16,17,18,19,20,21,22,23,24,25,26,27,28,29,30,31,32,33,34,35,36,37,38"
6046,4,H8,Tornada,8,Josep Soldevila - Onze de Setembre,3310,08:45:37,45.62,3.583333333266667,215.0,"13,14,15,16,17,18,19,20,21,22,23,24,25,26,27,28,29,30,31,32,33,34,35,36,37,38"
6407,4,H8,Tornada,8,Josep Soldevila - Onze de Setembre,3310,08:53:50,53.83,8.200000000066668,492.0,"13,14,15,16,17,18,19,20,21,22,23,24,25,26,27,28,29,30,31,32,33,34,35,36,37,38"
6079,4,H8,Tornada,8,Josep Soldevila - Onze de Setembre,3310,09:04:49,4.82,10.983333333316667,659.0,"13,14,15,16,17,18,19,20,21,22,23,24,25,26,27,28,29,30,31,32,33,34,35,36,37,38"
6024,5,H8,Tornada,8,Josep Soldevila - Onze de Setembre,3310,09:09:41,9.68,4.8666666666500005,292.0,"13,14,15,16,17,18,19,20,21,22,23,24,25,26,27,28,29,30,31,32,33,34,35,36,37,38"
6056,4,H8,Tornada,8,Josep Soldevila - Onze de Setembre,3310,09:18:27,18.45,8.766666666699999,526.0,"13,14,15,16,17,18,19,20,21,22,23,24,25,26,27,28,29,30,31,32,33,34,35,36,37,38"
6411,6,H8,Tornada,8,Josep Soldevila - Onze de Setembre,3310,09:24:45,24.75,6.3166666666,379.0,"13,14,15,16,17,18,19,20,21,22,23,24,25,26,27,28,29,30,31,32,33,34,35,36,37,38"
6059,6,H8,Tornada,8,Josep Soldevila - Onze de Setembre,3310,09:33:57,33.95,9.183333333399998,551.0,"2,13,14,15,16,17,18,19,20,21,22,23,24,25,26,27,28,29,30,31,32,33,34,35,36,37,38"
6055,4,H8,Tornada,8,Josep Soldevila - Onze de Setembre,3310,09:41:40,41.67,7.649999999966667,459.0,"1,2,13,14,15,16,17,18,19,20,21,22,23,24,25,26,27,28,29,30,31,32,33,34,35,36,37,38"
6414,4,H8,Tornada,8,Josep Soldevila - Onze de Setembre,3310,09:52:08,52.13,10.483333333300001,629.0,"13,14,15,16,17,18,19,20,21,22,23,24,25,26,27,28,29,30,31,32,33,34,35,36,37,38"
6415,6,H8,Tornada,8,Josep Soldevila - Onze de Setembre,3310,10:02:48,2.8,10.666666666666666,640.0,"13,14,15,16,17,18,19,20,21,22,23,24,25,26,27,28,29,30,31,32,33,34,35,36,37,38"
1547,4,H8,Tornada,8,Josep Soldevila - Onze de Setembre,3310,10:12:44,12.73,9.933333333333334,596.0,"13,14,15,16,17,18,19,20,21,22,23,24,25,26,27,28,29,30,31,32,33,34,35,36,37,38"
2671,4,H8,Tornada,8,Josep Soldevila - Onze de Setembre,3310,10:20:35,20.58,7.833333333400001,470.0,"13,14,15,16,17,18,19,20,21,22,23,24,25,26,27,28,29,30,31,32,33,34,35,36,37,38"
6217,6,H8,Tornada,8,Josep Soldevila - Onze de Setembre,3310,10:28:20,28.33,7.7666666666,466.0,"3,13,14,15,16,17,18,19,20,21,22,23,24,25,26,27,28,29,30,31,32,33,34,35,36,37,38"
6026,7,H8,Tornada,8,Josep Soldevila - Onze de Setembre,3310,10:39:08,39.13,10.7833333334,647.0,"13,14,15,16,17,18,19,20,21,22,23,24,25,26,27,28,29,30,31,32,33,34,35,36,37,38"
6401,5,H8,Tornada,8,Josep Soldevila - Onze de Setembre,3310,10:48:25,48.42,9.2833333333,557.0,"13,14,15,16,17,18,19,20,21,22,23,24,25,26,27,28,29,30,31,32,33,34,35,36,37,38"
6402,7,H8,Tornada,8,Josep Soldevila - Onze de Setembre,3310,10:57:03,57.05,8.633333333366666,518.0,"13,14,15,16,17,18,19,20,21,22,23,24,25,26,27,28,29,30,31,32,33,34,35,36,37,38"
6808,7,H8,Tornada,8,Josep Soldevila - Onze de Setembre,3310,11:05:05,5.08,8.049999999933332,483.0,"13,14,15,16,17,18,19,20,21,22,23,24,25,26,27,28,29,30,31,32,33,34,35,36,37,38"
6037,7,H8,Tornada,8,Josep Soldevila - Onze de Setembre,3310,11:15:32,15.53,10.45,627.0,"13,14,15,16,17,18,19,20,21,22,23,24,25,26,27,28,29,30,31,32,33,34,35,36,37,38"
6047,6,H8,Tornada,8,Josep Soldevila - Onze de Setembre,3310,11:24:53,24.88,9.333333333366665,560.0,"13,14,15,16,17,18,19,20,21,22,23,24,25,26,27,28,29,30,31,32,33,34,35,36,37,38"
6406,7,H8,Tornada,8,Josep Soldevila - Onze de Setembre,3310,11:30:28,30.47,5.583333333366666,335.0,"13,14,15,16,17,18,19,20,21,22,23,24,25,26,27,28,29,30,31,32,33,34,35,36,37,38"
6215,7,H8,Tornada,8,Josep Soldevila - Onze de Setembre,3310,11:38:16,38.27,7.799999999966667,468.0,"13,14,15,16,17,18,19,20,21,22,23,24,25,26,27,28,29,30,31,32,33,34,35,36,37,38"
6121,1,H8,Tornada,8,Josep Soldevila - Onze de Setembre,3310,11:46:23,46.38,8.1333333333,488.0,"13,14,15,16,17,18,19,20,21,22,23,24,25,26,27,28,29,30,31,32,33,34,35,36,37,38"
6407,7,H8,Tornada,8,Josep Soldevila - Onze de Setembre,3310,11:52:26,52.43,6.0333333333666666,362.0,"13,14,15,16,17,18,19,20,21,22,23,24,25,26,27,28,29,30,31,32,33,34,35,36,37,38"
6079,7,H8,Tornada,8,Josep Soldevila - Onze de Setembre,3310,12:00:13,0.22,7.7833333333666666,467.0,"13,14,15,16,17,18,19,20,21,22,23,24,25,26,27,28,29,30,31,32,33,34,35,36,37,38"
6024,8,H8,Tornada,8,Josep Soldevila - Onze de Setembre,3310,12:08:36,8.6,8.399999999933334,504.0,"13,14,15,16,17,18,19,20,21,22,23,24,25,26,27,28,29,30,31,32,33,34,35,36,37,38"
6056,7,H8,Tornada,8,Josep Soldevila - Onze de Setembre,3310,12:17:31,17.52,8.916666666666666,535.0,"13,14,15,16,17,18,19,20,21,22,23,24,25,26,27,28,29,30,31,32,33,34,35,36,37,38"
6411,9,H8,Tornada,8,Josep Soldevila - Onze de Setembre,3310,12:26:12,26.2,8.6666666667,520.0,"2,13,14,15,16,17,18,19,20,21,22,23,24,25,26,27,28,29,30,31,32,33,34,35,36,37,38"
6059,9,H8,Tornada,8,Josep Soldevila - Onze de Setembre,3310,12:33:33,33.55,7.350000000033333,441.0,"13,14,15,16,17,18,19,20,21,22,23,24,25,26,27,28,29,30,31,32,33,34,35,36,37,38"
6055,7,H8,Tornada,8,Josep Soldevila - Onze de Setembre,3310,12:43:43,43.72,10.183333333266667,611.0,"13,14,15,16,17,18,19,20,21,22,23,24,25,26,27,28,29,30,31,32,33,34,35,36,37,38"
6414,7,H8,Tornada,8,Josep Soldevila - Onze de Setembre,3310,12:50:00,50.0,6.283333333333333,377.0,"13,14,15,16,17,18,19,20,21,22,23,24,25,26,27,28,29,30,31,32,33,34,35,36,37,38"
6415,9,H8,Tornada,8,Josep Soldevila - Onze de Setembre,3310,13:02:23,2.38,12.3666666667,742.0,"13,14,15,16,17,18,19,20,21,22,23,24,25,26,27,28,29,30,31,32,33,34,35,36,37,38"
1547,7,H8,Tornada,8,Josep Soldevila - Onze de Setembre,3310,13:11:49,11.82,9.449999999966668,567.0,"13,14,15,16,17,18,19,20,21,22,23,24,25,26,27,28,29,30,31,32,33,34,35,36,37,38"
2671,7,H8,Tornada,8,Josep Soldevila - Onze de Setembre,3310,13:19:49,19.82,7.983333333366667,479.0,"13,14,15,16,17,18,19,20,21,22,23,24,25,26,27,28,29,30,31,32,33,34,35,36,37,38"
6217,9,H8,Tornada,8,Josep Soldevila - Onze de Setembre,3310,13:25:43,25.72,5.916666666633334,355.0,"13,14,15,16,17,18,19,20,21,22,23,24,25,26,27,28,29,30,31,32,33,34,35,36,37,38"
6026,10,H8,Tornada,8,Josep Soldevila - Onze de Setembre,3310,13:35:24,35.4,9.6666666667,580.0,"7,13,14,15,16,17,18,19,20,21,22,23,24,25,26,27,28,29,30,31,32,33,34,35,36,37,38"
6401,8,H8,Tornada,8,Josep Soldevila - Onze de Setembre,3310,13:42:52,42.87,7.466666666666667,448.0,"13,14,15,16,17,18,19,20,21,22,23,24,25,26,27,28,29,30,31,32,33,34,35,36,37,38"
6402,10,H8,Tornada,8,Josep Soldevila - Onze de Setembre,3310,13:52:02,52.03,9.1833333333,551.0,"13,14,15,16,17,18,19,20,21,22,23,24,25,26,27,28,29,30,31,32,33,34,35,36,37,38"
6808,10,H8,Tornada,8,Josep Soldevila - Onze de Setembre,3310,13:59:46,59.77,7.716666666699999,463.0,"13,14,15,16,17,18,19,20,21,22,23,24,25,26,27,28,29,30,31,32,33,34,35,36,37,38"
6037,10,H8,Tornada,8,Josep Soldevila - Onze de Setembre,3310,14:08:40,8.67,8.900000000033334,534.0,"13,14,15,16,17,18,19,20,21,22,23,24,25,26,27,28,29,30,31,32,33,34,35,36,37,38"
6047,9,H8,Tornada,8,Josep Soldevila - Onze de Setembre,3310,14:15:31,15.52,6.85,411.0,"13,14,15,16,17,18,19,20,21,22,23,24,25,26,27,28,29,30,31,32,33,34,35,36,37,38"
6406,10,H8,Tornada,8,Josep Soldevila - Onze de Setembre,3310,14:24:04,24.07,8.566666666600002,514.0,"13,14,15,16,17,18,19,20,21,22,23,24,25,26,27,28,29,30,31,32,33,34,35,36,37,38"
6215,10,H8,Tornada,8,Josep Soldevila - Onze de Setembre,3310,14:33:26,33.43,9.350000000066666,561.0,"13,14,15,16,17,18,19,20,21,22,23,24,25,26,27,28,29,30,31,32,33,34,35,36,37,38"
6121,4,H8,Tornada,8,Josep Soldevila - Onze de Setembre,3310,14:40:59,40.98,7.55,453.0,"13,14,15,16,17,18,19,20,21,22,23,24,25,26,27,28,29,30,31,32,33,34,35,36,37,38"
6407,10,H8,Tornada,8,Josep Soldevila - Onze de Setembre,3310,14:49:46,49.77,8.799999999933334,528.0,"13,14,15,16,17,18,19,20,21,22,23,24,25,26,27,28,29,30,31,32,33,34,35,36,37,38"
6079,10,H8,Tornada,8,Josep Soldevila - Onze de Setembre,3310,14:56:33,56.55,6.766666666733333,406.0,"13,14,15,16,17,18,19,20,21,22,23,24,25,26,27,28,29,30,31,32,33,34,35,36,37,38"
6024,11,H8,Tornada,8,Josep Soldevila - Onze de Setembre,3310,15:07:38,7.63,11.099999999933335,666.0,"13,14,15,16,17,18,19,20,21,22,23,24,25,26,27,28,29,30,31,32,33,34,35,36,37,38"
6056,10,H8,Tornada,8,Josep Soldevila - Onze de Setembre,3310,15:16:48,16.8,9.150000000066665,549.0,"13,14,15,16,17,18,19,20,21,22,23,24,25,26,27,28,29,30,31,32,33,34,35,36,37,38"
6411,12,H8,Tornada,8,Josep Soldevila - Onze de Setembre,3310,15:24:57,24.95,8.1666666666,490.0,"13,14,15,16,17,18,19,20,21,22,23,24,25,26,27,28,29,30,31,32,33,34,35,36,37,38"
6211,11,H8,Tornada,8,Josep Soldevila - Onze de Setembre,3310,15:34:35,34.58,9.633333333316667,578.0,"13,14,15,16,17,18,19,20,21,22,23,24,25,26,27,28,29,30,31,32,33,34,35,36,37,38"
6055,10,H8,Tornada,8,Josep Soldevila - Onze de Setembre,3310,15:42:45,42.75,7.5333333333666666,452.0,"13,14,15,16,17,18,19,20,21,22,23,24,25,26,27,28,29,30,31,32,33,34,35,36,37,38"
6030,1,H8,Tornada,8,Josep Soldevila - Onze de Setembre,3310,15:48:45,48.75,6.000000000033333,360.0,"13,14,15,16,17,18,19,20,21,22,23,24,25,26,27,28,29,30,31,32,33,34,35,36,37,38"
6414,10,H8,Tornada,8,Josep Soldevila - Onze de Setembre,3310,15:55:10,55.17,6.416666666633334,385.0,"13,14,15,16,17,18,19,20,21,22,23,24,25,26,27,28,29,30,31,32,33,34,35,36,37,38"
6415,12,H8,Tornada,8,Josep Soldevila - Onze de Setembre,3310,16:05:07,5.12,9.966666666633333,598.0,"13,14,15,16,17,18,19,20,21,22,23,24,25,26,27,28,29,30,31,32,33,34,35,36,37,38"
1547,10,H8,Tornada,8,Josep Soldevila - Onze de Setembre,3310,16:12:23,12.38,7.250000000066667,435.0,"13,14,15,16,17,18,19,20,21,22,23,24,25,26,27,28,29,30,31,32,33,34,35,36,37,38"
2671,10,H8,Tornada,8,Josep Soldevila - Onze de Setembre,3310,16:18:51,18.85,6.46666666665,388.0,"13,14,15,16,17,18,19,20,21,22,23,24,25,26,27,28,29,30,31,32,33,34,35,36,37,38"
6217,12,H8,Tornada,8,Josep Soldevila - Onze de Setembre,3310,16:29:16,29.27,10.433333333283334,626.0,"13,14,15,16,17,18,19,20,21,22,23,24,25,26,27,28,29,30,31,32,33,34,35,36,37,38"
6026,13,H8,Tornada,8,Josep Soldevila - Onze de Setembre,3310,16:32:01,32.02,2.7333333333666667,164.0,"13,14,15,16,17,18,19,20,21,22,23,24,25,26,27,28,29,30,31,32,33,34,35,36,37,38"
6409,1,H8,Tornada,8,Josep Soldevila - Onze de Setembre,3310,16:43:22,43.37,11.350000000033333,681.0,"13,14,15,16,17,18,19,20,21,22,23,24,25,26,27,28,29,30,31,32,33,34,35,36,37,38"
6401,11,H8,Tornada,8,Josep Soldevila - Onze de Setembre,3310,16:49:22,49.37,5.999999999966667,360.0,"13,14,15,16,17,18,19,20,21,22,23,24,25,26,27,28,29,30,31,32,33,34,35,36,37,38"
6402,13,H8,Tornada,8,Josep Soldevila - Onze de Setembre,3310,16:56:26,56.43,7.083333333300001,425.0,"13,14,15,16,17,18,19,20,21,22,23,24,25,26,27,28,29,30,31,32,33,34,35,36,37,38"
6808,13,H8,Tornada,8,Josep Soldevila - Onze de Setembre,3310,17:05:36,5.6,9.166666666666666,550.0,"13,14,15,16,17,18,19,20,21,22,23,24,25,26,27,28,29,30,31,32,33,34,35,36,37,38"
6037,13,H8,Tornada,8,Josep Soldevila - Onze de Setembre,3310,17:15:47,15.78,10.183333333333334,611.0,"13,14,15,16,17,18,19,20,21,22,23,24,25,26,27,28,29,30,31,32,33,34,35,36,37,38"
6406,13,H8,Tornada,8,Josep Soldevila - Onze de Setembre,3310,17:31:49,31.82,16.0166666667,961.0,"13,14,15,16,17,18,19,20,21,22,23,24,25,26,27,28,29,30,31,32,33,34,35,36,37,38"
6047,12,H8,Tornada,8,Josep Soldevila - Onze de Setembre,3310,17:37:00,37.0,5.183333333366666,311.0,"13,14,15,16,17,18,19,20,21,22,23,24,25,26,27,28,29,30,31,32,33,34,35,36,37,38"
6408,8,H8,Tornada,8,Josep Soldevila - Onze de Setembre,3310,17:46:49,46.82,8.933333333266667,536.0,"13,14,15,16,17,18,19,20,21,22,23,24,25,26,27,28,29,30,31,32,33,34,35,36,37,38"
6407,13,H8,Tornada,8,Josep Soldevila - Onze de Setembre,3310,17:51:24,51.4,4.466666666699999,268.0,"13,14,15,16,17,18,19,20,21,22,23,24,25,26,27,28,29,30,31,32,33,34,35,36,37,38"
6024,14,H8,Tornada,8,Josep Soldevila - Onze de Setembre,3310,18:06:04,6.07,14.666666666666666,880.0,"13,14,15,16,17,18,19,20,21,22,23,24,25,26,27,28,29,30,31,32,33,34,35,36,37,38"
6056,13,H8,Tornada,8,Josep Soldevila - Onze de Setembre,3310,18:15:50,15.83,9.766666666666667,586.0,"13,14,15,16,17,18,19,20,21,22,23,24,25,26,27,28,29,30,31,32,33,34,35,36,37,38"
6411,15,H8,Tornada,8,Josep Soldevila - Onze de Setembre,3310,18:23:36,23.6,7.783333333300001,467.0,"13,14,15,16,17,18,19,20,21,22,23,24,25,26,27,28,29,30,31,32,33,34,35,36,37,38"
6059,15,H8,Tornada,8,Josep Soldevila - Onze de Setembre,3310,18:29:08,29.13,5.516666666733333,331.0,"1,2,13,14,15,16,17,18,19,20,21,22,23,24,25,26,27,28,29,30,31,32,33,34,35,36,37,38"
6030,4,H8,Tornada,8,Josep Soldevila - Onze de Setembre,3310,18:39:42,39.7,10.566666666666666,634.0,"13,14,15,16,17,18,19,20,21,22,23,24,25,26,27,28,29,30,31,32,33,34,35,36,37,38"
6414,13,H8,Tornada,8,Josep Soldevila - Onze de Setembre,3310,18:47:25,47.42,7.716666666666667,463.0,"13,14,15,16,17,18,19,20,21,22,23,24,25,26,27,28,29,30,31,32,33,34,35,36,37,38"
6415,15,H8,Tornada,8,Josep Soldevila - Onze de Setembre,3310,18:59:34,59.57,12.166666666600001,730.0,"13,14,15,16,17,18,19,20,21,22,23,24,25,26,27,28,29,30,31,32,33,34,35,36,37,38"
1547,13,H8,Tornada,8,Josep Soldevila - Onze de Setembre,3310,19:04:47,4.78,5.216666666666667,313.0,"1,13,14,15,16,17,18,19,20,21,22,23,24,25,26,27,28,29,30,31,32,33,34,35,36,37,38"
6026,16,H8,Tornada,8,Josep Soldevila - Onze de Setembre,3310,19:30:05,30.08,25.3,1518.0,"13,14,15,16,17,18,19,20,21,22,23,24,25,26,27,28,29,30,31,32,33,34,35,36,37,38"
6401,14,H8,Tornada,8,Josep Soldevila - Onze de Setembre,3310,19:38:51,38.85,8.750000000033333,525.0,"13,14,15,16,17,18,19,20,21,22,23,24,25,26,27,28,29,30,31,32,33,34,35,36,37,38"
6402,16,H8,Tornada,8,Josep Soldevila - Onze de Setembre,3310,19:48:11,48.18,9.333333333366665,560.0,"13,14,15,16,17,18,19,20,21,22,23,24,25,26,27,28,29,30,31,32,33,34,35,36,37,38"
6037,16,H8,Tornada,8,Josep Soldevila - Onze de Setembre,3310,20:00:04,0.07,11.899999999933334,714.0,"13,14,15,16,17,18,19,20,21,22,23,24,25,26,27,28,29,30,31,32,33,34,35,36,37,38"
6063,1,H8,Tornada,8,Josep Soldevila - Onze de Setembre,3310,20:07:52,7.87,7.7833333333666666,467.0,"1,2,13,14,15,16,17,18,19,20,21,22,23,24,25,26,27,28,29,30,31,32,33,34,35,36,37,38"
6121,10,H8,Tornada,8,Josep Soldevila - Onze de Setembre,3310,20:26:14,26.23,17.866666666633332,1072.0,"13,14,15,16,17,18,19,20,21,22,23,24,25,26,27,28,29,30,31,32,33,34,35,36,37,38"
6024,17,H8,Tornada,8,Josep Soldevila - Onze de Setembre,3310,20:39:41,39.68,13.450000000033333,807.0,"13,14,15,16,17,18,19,20,21,22,23,24,25,26,27,28,29,30,31,32,33,34,35,36,37,38"
6411,17,H8,Tornada,8,Josep Soldevila - Onze de Setembre,3310,20:59:30,59.5,19.83333333326667,1190.0,"13,14,15,16,17,18,19,20,21,22,23,24,25,26,27,28,29,30,31,32,33,34,35,36,37,38"
6414,16,H8,Tornada,8,Josep Soldevila - Onze de Setembre,3310,21:17:15,17.25,17.733333333366666,1064.0,"6,13,14,15,16,17,18,19,20,21,22,23,24,25,26,27,28,29,30,31,32,33,34,35,36,37,38"
6415,17,H8,Tornada,8,Josep Soldevila - Onze de Setembre,3310,21:38:04,38.07,20.8333333333,1250.0,"13,14,15,16,17,18,19,20,21,22,23,24,25,26,27,28,29,30,31,32,33,34,35,36,37,38"
6411,1,H8,Tornada,9,Onze de Setembre - Virgili,1344,03:44:28,44.47,,,"1,13,14,15,16,17,18,19,20,21,22,23,24,25,26,27,28,29,30,31,32,33,34,35,36,37,38"
6059,1,H8,Tornada,9,Onze de Setembre - Virgili,1344,03:59:57,59.95,15.483333333333333,929.0,"13,14,15,16,17,18,19,20,21,22,23,24,25,26,27,28,29,30,31,32,33,34,35,36,37,38"
6415,1,H8,Tornada,9,Onze de Setembre - Virgili,1344,04:16:40,16.67,16.700000000066666,1002.0,"13,14,15,16,17,18,19,20,21,22,23,24,25,26,27,28,29,30,31,32,33,34,35,36,37,38"
6217,1,H8,Tornada,9,Onze de Setembre - Virgili,1344,04:31:39,31.65,14.999999999933333,900.0,"13,14,15,16,17,18,19,20,21,22,23,24,25,26,27,28,29,30,31,32,33,34,35,36,37,38"
6026,1,H8,Tornada,9,Onze de Setembre - Virgili,1344,04:42:00,42.0,10.35,621.0,"13,14,15,16,17,18,19,20,21,22,23,24,25,26,27,28,29,30,31,32,33,34,35,36,37,38"
6401,1,H8,Tornada,9,Onze de Setembre - Virgili,1344,04:53:14,53.23,11.2166666667,673.0,"1,2,13,14,15,16,17,18,19,20,21,22,23,24,25,26,27,28,29,30,31,32,33,34,35,36,37,38"
6402,1,H8,Tornada,9,Onze de Setembre - Virgili,1344,04:57:40,57.67,4.433333333333334,266.0,"13,14,15,16,17,18,19,20,21,22,23,24,25,26,27,28,29,30,31,32,33,34,35,36,37,38"
6808,1,H8,Tornada,9,Onze de Setembre - Virgili,1344,05:09:05,9.08,11.4166666667,685.0,"1,13,14,15,16,17,18,19,20,21,22,23,24,25,26,27,28,29,30,31,32,33,34,35,36,37,38"
6037,1,H8,Tornada,9,Onze de Setembre - Virgili,1344,05:13:44,13.73,4.65,279.0,"13,14,15,16,17,18,19,20,21,22,23,24,25,26,27,28,29,30,31,32,33,34,35,36,37,38"
6047,1,H8,Tornada,9,Onze de Setembre - Virgili,1344,05:24:48,24.8,11.083333333266667,665.0,"12,13,16,17,18,19,20,21,22,23,24,25,26,27,28,29,30,31,32,33,34,35,36,37,38"
6406,1,H8,Tornada,9,Onze de Setembre - Virgili,1344,05:28:58,28.97,4.150000000066666,249.0,"13,14,15,16,17,18,19,20,21,22,23,24,25,26,27,28,29,30,31,32,33,34,35,36,37,38"
6215,1,H8,Tornada,9,Onze de Setembre - Virgili,1344,05:34:51,34.85,5.883333333333334,353.0,"13,14,15,16,17,18,19,20,21,22,23,24,25,26,27,28,29,30,31,32,33,34,35,36,37,38"
6046,1,H8,Tornada,9,Onze de Setembre - Virgili,1344,05:43:21,43.35,8.499999999966667,510.0,"13,14,15,16,17,18,19,20,21,22,23,24,25,26,27,28,29,30,31,32,33,34,35,36,37,38"
6408,1,H8,Tornada,9,Onze de Setembre - Virgili,1344,05:48:25,48.42,5.066666666666666,304.0,"13,14,15,16,17,18,19,20,21,22,23,24,25,26,27,28,29,30,31,32,33,34,35,36,37,38"
6407,1,H8,Tornada,9,Onze de Setembre - Virgili,1344,05:56:30,56.5,8.083333333366665,485.0,"13,14,15,16,17,18,19,20,21,22,23,24,25,26,27,28,29,30,31,32,33,34,35,36,37,38"
6079,1,H8,Tornada,9,Onze de Setembre - Virgili,1344,06:04:36,4.6,8.1,486.0,"13,14,15,16,17,18,19,20,21,22,23,24,25,26,27,28,29,30,31,32,33,34,35,36,37,38"
6024,2,H8,Tornada,9,Onze de Setembre - Virgili,1344,06:10:52,10.87,6.266666666666667,376.0,"2,13,14,15,16,17,18,19,20,21,22,23,24,25,26,27,28,29,30,31,32,33,34,35,36,37,38"
6056,1,H8,Tornada,9,Onze de Setembre - Virgili,1344,06:19:37,19.62,8.749999999966667,525.0,"13,14,15,16,17,18,19,20,21,22,23,24,25,26,27,28,29,30,31,32,33,34,35,36,37,38"
6411,3,H8,Tornada,9,Onze de Setembre - Virgili,1344,06:25:35,25.58,5.966666666699999,358.0,"13,14,15,16,17,18,19,20,21,22,23,24,25,26,27,28,29,30,31,32,33,34,35,36,37,38"
6211,1,H8,Tornada,9,Onze de Setembre - Virgili,1344,06:35:42,35.7,10.133333333266668,608.0,"13,14,15,16,17,18,19,20,21,22,23,24,25,26,27,28,29,30,31,32,33,34,35,36,37,38"
6055,1,H8,Tornada,9,Onze de Setembre - Virgili,1344,06:40:59,40.98,5.283333333333333,317.0,"13,14,15,16,17,18,19,20,21,22,23,24,25,26,27,28,29,30,31,32,33,34,35,36,37,38"
6414,1,H8,Tornada,9,Onze de Setembre - Virgili,1344,06:49:28,49.47,8.483333333333333,509.0,"13,14,15,16,17,18,19,20,21,22,23,24,25,26,27,28,29,30,31,32,33,34,35,36,37,38"
6059,3,H8,Tornada,9,Onze de Setembre - Virgili,1344,06:52:28,52.47,3.0,180.0,"13,14,15,16,17,18,19,20,21,22,23,24,25,26,27,28,29,30,31,32,33,34,35,36,37,38"
6415,3,H8,Tornada,9,Onze de Setembre - Virgili,1344,07:07:59,7.98,15.500000000033333,930.0,"13,14,15,16,17,18,19,20,21,22,23,24,25,26,27,28,29,30,31,32,33,34,35,36,37,38"
1547,1,H8,Tornada,9,Onze de Setembre - Virgili,1344,07:12:19,12.32,4.349999999966667,261.0,"13,14,15,16,17,18,19,20,21,22,23,24,25,26,27,28,29,30,31,32,33,34,35,36,37,38"
2671,1,H8,Tornada,9,Onze de Setembre - Virgili,1344,07:21:16,21.27,8.95,537.0,"13,14,15,16,17,18,19,20,21,22,23,24,25,26,27,28,29,30,31,32,33,34,35,36,37,38"
6217,3,H8,Tornada,9,Onze de Setembre - Virgili,1344,07:30:02,30.03,8.750000000066667,525.0,"13,14,15,16,17,18,19,20,21,22,23,24,25,26,27,28,29,30,31,32,33,34,35,36,37,38"
6026,4,H8,Tornada,9,Onze de Setembre - Virgili,1344,07:38:41,38.68,8.65,519.0,"13,14,15,16,17,18,19,20,21,22,23,24,25,26,27,28,29,30,31,32,33,34,35,36,37,38"
6401,3,H8,Tornada,9,Onze de Setembre - Virgili,1344,07:47:11,47.18,8.516666666599999,511.0,"13,14,15,16,17,18,19,20,21,22,23,24,25,26,27,28,29,30,31,32,33,34,35,36,37,38"
6402,4,H8,Tornada,9,Onze de Setembre - Virgili,1344,07:56:13,56.22,9.033333333333333,542.0,"13,14,15,16,17,18,19,20,21,22,23,24,25,26,27,28,29,30,31,32,33,34,35,36,37,38"
6808,4,H8,Tornada,9,Onze de Setembre - Virgili,1344,08:02:44,2.73,6.500000000066667,390.0,"13,14,15,16,17,18,19,20,21,22,23,24,25,26,27,28,29,30,31,32,33,34,35,36,37,38"
6037,4,H8,Tornada,9,Onze de Setembre - Virgili,1344,08:11:22,11.37,8.649999999933334,519.0,"13,14,15,16,17,18,19,20,21,22,23,24,25,26,27,28,29,30,31,32,33,34,35,36,37,38"
6047,3,H8,Tornada,9,Onze de Setembre - Virgili,1344,08:19:31,19.52,8.133333333366666,488.0,"13,14,15,16,17,18,19,20,21,22,23,24,25,26,27,28,29,30,31,32,33,34,35,36,37,38"
6406,4,H8,Tornada,9,Onze de Setembre - Virgili,1344,08:26:49,26.82,7.3,438.0,"13,14,15,16,17,18,19,20,21,22,23,24,25,26,27,28,29,30,31,32,33,34,35,36,37,38"
6215,4,H8,Tornada,9,Onze de Setembre - Virgili,1344,08:33:32,33.53,6.716666666666667,403.0,"13,14,15,16,17,18,19,20,21,22,23,24,25,26,27,28,29,30,31,32,33,34,35,36,37,38"
6408,4,H8,Tornada,9,Onze de Setembre - Virgili,1344,08:44:15,44.25,10.7166666667,643.0,"1,2,13,14,15,16,17,18,19,20,21,22,23,24,25,26,27,28,29,30,31,32,33,34,35,36,37,38"
6046,4,H8,Tornada,9,Onze de Setembre - Virgili,1344,08:47:47,47.78,3.533333333333333,212.0,"13,14,15,16,17,18,19,20,21,22,23,24,25,26,27,28,29,30,31,32,33,34,35,36,37,38"
6407,4,H8,Tornada,9,Onze de Setembre - Virgili,1344,08:55:21,55.35,7.566666666633334,454.0,"13,14,15,16,17,18,19,20,21,22,23,24,25,26,27,28,29,30,31,32,33,34,35,36,37,38"
6079,4,H8,Tornada,9,Onze de Setembre - Virgili,1344,09:05:51,5.85,10.500000000033333,630.0,"13,14,15,16,17,18,19,20,21,22,23,24,25,26,27,28,29,30,31,32,33,34,35,36,37,38"
6024,5,H8,Tornada,9,Onze de Setembre - Virgili,1344,09:11:42,11.7,5.849999999966667,351.0,"13,14,15,16,17,18,19,20,21,22,23,24,25,26,27,28,29,30,31,32,33,34,35,36,37,38"
6056,4,H8,Tornada,9,Onze de Setembre - Virgili,1344,09:20:48,20.8,9.1,546.0,"13,14,15,16,17,18,19,20,21,22,23,24,25,26,27,28,29,30,31,32,33,34,35,36,37,38"
6411,6,H8,Tornada,9,Onze de Setembre - Virgili,1344,09:26:41,26.68,5.883333333366666,353.0,"13,14,15,16,17,18,19,20,21,22,23,24,25,26,27,28,29,30,31,32,33,34,35,36,37,38"
6059,6,H8,Tornada,9,Onze de Setembre - Virgili,1344,09:36:08,36.13,9.45,567.0,"2,13,14,15,16,17,18,19,20,21,22,23,24,25,26,27,28,29,30,31,32,33,34,35,36,37,38"
6055,4,H8,Tornada,9,Onze de Setembre - Virgili,1344,09:43:30,43.5,7.183333333333334,431.0,"1,2,13,14,15,16,17,18,19,20,21,22,23,24,25,26,27,28,29,30,31,32,33,34,35,36,37,38"
6414,4,H8,Tornada,9,Onze de Setembre - Virgili,1344,09:54:27,54.45,10.950000000033333,657.0,"13,14,15,16,17,18,19,20,21,22,23,24,25,26,27,28,29,30,31,32,33,34,35,36,37,38"
6415,6,H8,Tornada,9,Onze de Setembre - Virgili,1344,10:04:36,4.6,10.149999999966667,609.0,"13,14,15,16,17,18,19,20,21,22,23,24,25,26,27,28,29,30,31,32,33,34,35,36,37,38"
1547,4,H8,Tornada,9,Onze de Setembre - Virgili,1344,10:15:23,15.38,10.783333333366667,647.0,"13,14,15,16,17,18,19,20,21,22,23,24,25,26,27,28,29,30,31,32,33,34,35,36,37,38"
2671,4,H8,Tornada,9,Onze de Setembre - Virgili,1344,10:23:00,23.0,7.616666666666666,457.0,"13,14,15,16,17,18,19,20,21,22,23,24,25,26,27,28,29,30,31,32,33,34,35,36,37,38"
6217,6,H8,Tornada,9,Onze de Setembre - Virgili,1344,10:31:02,31.03,8.049999999933332,483.0,"3,13,14,15,16,17,18,19,20,21,22,23,24,25,26,27,28,29,30,31,32,33,34,35,36,37,38"
6026,7,H8,Tornada,9,Onze de Setembre - Virgili,1344,10:41:23,41.38,10.35,621.0,"13,14,15,16,17,18,19,20,21,22,23,24,25,26,27,28,29,30,31,32,33,34,35,36,37,38"
6401,5,H8,Tornada,9,Onze de Setembre - Virgili,1344,10:50:34,50.57,9.166666666733333,550.0,"13,14,15,16,17,18,19,20,21,22,23,24,25,26,27,28,29,30,31,32,33,34,35,36,37,38"
6402,7,H8,Tornada,9,Onze de Setembre - Virgili,1344,10:59:04,59.07,8.5,510.0,"13,14,15,16,17,18,19,20,21,22,23,24,25,26,27,28,29,30,31,32,33,34,35,36,37,38"
6808,7,H8,Tornada,9,Onze de Setembre - Virgili,1344,11:07:21,7.35,8.283333333333333,497.0,"13,14,15,16,17,18,19,20,21,22,23,24,25,26,27,28,29,30,31,32,33,34,35,36,37,38"
6037,7,H8,Tornada,9,Onze de Setembre - Virgili,1344,11:17:48,17.8,10.449999999966668,627.0,"13,14,15,16,17,18,19,20,21,22,23,24,25,26,27,28,29,30,31,32,33,34,35,36,37,38"
6047,6,H8,Tornada,9,Onze de Setembre - Virgili,1344,11:25:14,25.23,7.433333333333334,446.0,"13,14,15,16,17,18,19,20,21,22,23,24,25,26,27,28,29,30,31,32,33,34,35,36,37,38"
6406,7,H8,Tornada,9,Onze de Setembre - Virgili,1344,11:32:46,32.77,7.533333333333333,452.0,"13,14,15,16,17,18,19,20,21,22,23,24,25,26,27,28,29,30,31,32,33,34,35,36,37,38"
6215,7,H8,Tornada,9,Onze de Setembre - Virgili,1344,11:40:15,40.25,7.483333333366667,449.0,"13,14,15,16,17,18,19,20,21,22,23,24,25,26,27,28,29,30,31,32,33,34,35,36,37,38"
6408,5,H8,Tornada,9,Onze de Setembre - Virgili,1344,11:47:54,47.9,7.65,459.0,"1,2,3,4,5,6,7,8,13,14,15,16,17,18,19,20,21,22,23,24,25,26,27,28,29,30,31,32,33,34,35,36,37,38"
6407,7,H8,Tornada,9,Onze de Setembre - Virgili,1344,11:54:00,54.0,6.0,360.0,"13,14,15,16,17,18,19,20,21,22,23,24,25,26,27,28,29,30,31,32,33,34,35,36,37,38"
6079,7,H8,Tornada,9,Onze de Setembre - Virgili,1344,12:01:11,1.18,7.183333333333334,431.0,"13,14,15,16,17,18,19,20,21,22,23,24,25,26,27,28,29,30,31,32,33,34,35,36,37,38"
6024,8,H8,Tornada,9,Onze de Setembre - Virgili,1344,12:10:35,10.58,9.399999999966667,564.0,"13,14,15,16,17,18,19,20,21,22,23,24,25,26,27,28,29,30,31,32,33,34,35,36,37,38"
6056,7,H8,Tornada,9,Onze de Setembre - Virgili,1344,12:19:17,19.28,8.700000000033333,522.0,"13,14,15,16,17,18,19,20,21,22,23,24,25,26,27,28,29,30,31,32,33,34,35,36,37,38"
6411,9,H8,Tornada,9,Onze de Setembre - Virgili,1344,12:27:45,27.75,8.483333333266666,509.0,"2,13,14,15,16,17,18,19,20,21,22,23,24,25,26,27,28,29,30,31,32,33,34,35,36,37,38"
6059,9,H8,Tornada,9,Onze de Setembre - Virgili,1344,12:35:58,35.97,8.216666666666667,493.0,"13,14,15,16,17,18,19,20,21,22,23,24,25,26,27,28,29,30,31,32,33,34,35,36,37,38"
6055,7,H8,Tornada,9,Onze de Setembre - Virgili,1344,12:46:23,46.38,10.400000000066665,624.0,"13,14,15,16,17,18,19,20,21,22,23,24,25,26,27,28,29,30,31,32,33,34,35,36,37,38"
6414,7,H8,Tornada,9,Onze de Setembre - Virgili,1344,12:52:14,52.23,5.849999999966667,351.0,"13,14,15,16,17,18,19,20,21,22,23,24,25,26,27,28,29,30,31,32,33,34,35,36,37,38"
6415,9,H8,Tornada,9,Onze de Setembre - Virgili,1344,13:04:23,4.38,12.150000000033334,729.0,"13,14,15,16,17,18,19,20,21,22,23,24,25,26,27,28,29,30,31,32,33,34,35,36,37,38"
1547,7,H8,Tornada,9,Onze de Setembre - Virgili,1344,13:14:19,14.32,9.933333333333334,596.0,"13,14,15,16,17,18,19,20,21,22,23,24,25,26,27,28,29,30,31,32,33,34,35,36,37,38"
2671,7,H8,Tornada,9,Onze de Setembre - Virgili,1344,13:22:16,22.27,7.949999999966667,477.0,"13,14,15,16,17,18,19,20,21,22,23,24,25,26,27,28,29,30,31,32,33,34,35,36,37,38"
6217,9,H8,Tornada,9,Onze de Setembre - Virgili,1344,13:28:04,28.07,5.8,348.0,"13,14,15,16,17,18,19,20,21,22,23,24,25,26,27,28,29,30,31,32,33,34,35,36,37,38"
6026,10,H8,Tornada,9,Onze de Setembre - Virgili,1344,13:36:49,36.82,8.766666666633334,526.0,"7,13,14,15,16,17,18,19,20,21,22,23,24,25,26,27,28,29,30,31,32,33,34,35,36,37,38"
6401,8,H8,Tornada,9,Onze de Setembre - Virgili,1344,13:44:41,44.68,7.850000000033333,471.0,"13,14,15,16,17,18,19,20,21,22,23,24,25,26,27,28,29,30,31,32,33,34,35,36,37,38"
6402,10,H8,Tornada,9,Onze de Setembre - Virgili,1344,13:53:44,53.73,9.05,543.0,"13,14,15,16,17,18,19,20,21,22,23,24,25,26,27,28,29,30,31,32,33,34,35,36,37,38"
6808,10,H8,Tornada,9,Onze de Setembre - Virgili,1344,14:01:12,1.2,7.4833333333,449.0,"13,14,15,16,17,18,19,20,21,22,23,24,25,26,27,28,29,30,31,32,33,34,35,36,37,38"
6037,10,H8,Tornada,9,Onze de Setembre - Virgili,1344,14:11:10,11.17,9.950000000066666,597.0,"13,14,15,16,17,18,19,20,21,22,23,24,25,26,27,28,29,30,31,32,33,34,35,36,37,38"
6047,9,H8,Tornada,9,Onze de Setembre - Virgili,1344,14:17:42,17.7,6.533333333333333,392.0,"13,14,15,16,17,18,19,20,21,22,23,24,25,26,27,28,29,30,31,32,33,34,35,36,37,38"
6406,10,H8,Tornada,9,Onze de Setembre - Virgili,1344,14:25:32,25.53,7.849999999933333,471.0,"13,14,15,16,17,18,19,20,21,22,23,24,25,26,27,28,29,30,31,32,33,34,35,36,37,38"
6215,10,H8,Tornada,9,Onze de Setembre - Virgili,1344,14:37:05,37.08,11.5333333334,692.0,"13,14,15,16,17,18,19,20,21,22,23,24,25,26,27,28,29,30,31,32,33,34,35,36,37,38"
6121,4,H8,Tornada,9,Onze de Setembre - Virgili,1344,14:42:37,42.62,5.533333333300001,332.0,"13,14,15,16,17,18,19,20,21,22,23,24,25,26,27,28,29,30,31,32,33,34,35,36,37,38"
6407,10,H8,Tornada,9,Onze de Setembre - Virgili,1344,14:50:25,50.42,7.800000000033333,468.0,"13,14,15,16,17,18,19,20,21,22,23,24,25,26,27,28,29,30,31,32,33,34,35,36,37,38"
6079,10,H8,Tornada,9,Onze de Setembre - Virgili,1344,14:58:11,58.18,7.7833333332666665,467.0,"13,14,15,16,17,18,19,20,21,22,23,24,25,26,27,28,29,30,31,32,33,34,35,36,37,38"
6024,11,H8,Tornada,9,Onze de Setembre - Virgili,1344,15:10:04,10.07,11.883333333333333,713.0,"13,14,15,16,17,18,19,20,21,22,23,24,25,26,27,28,29,30,31,32,33,34,35,36,37,38"
6056,10,H8,Tornada,9,Onze de Setembre - Virgili,1344,15:19:43,19.72,9.633333333366666,578.0,"13,14,15,16,17,18,19,20,21,22,23,24,25,26,27,28,29,30,31,32,33,34,35,36,37,38"
6411,12,H8,Tornada,9,Onze de Setembre - Virgili,1344,15:26:52,26.87,7.166666666633334,430.0,"13,14,15,16,17,18,19,20,21,22,23,24,25,26,27,28,29,30,31,32,33,34,35,36,37,38"
6059,12,H8,Tornada,9,Onze de Setembre - Virgili,1344,15:37:16,37.27,10.3833333334,623.0,"13,14,15,16,17,18,19,20,21,22,23,24,25,26,27,28,29,30,31,32,33,34,35,36,37,38"
6055,10,H8,Tornada,9,Onze de Setembre - Virgili,1344,15:44:36,44.6,6.65,399.0,"13,14,15,16,17,18,19,20,21,22,23,24,25,26,27,28,29,30,31,32,33,34,35,36,37,38"
6030,1,H8,Tornada,9,Onze de Setembre - Virgili,1344,15:51:25,51.42,6.833333333266666,410.0,"13,14,15,16,17,18,19,20,21,22,23,24,25,26,27,28,29,30,31,32,33,34,35,36,37,38"
6414,10,H8,Tornada,9,Onze de Setembre - Virgili,1344,15:56:45,56.75,5.316666666733334,319.0,"13,14,15,16,17,18,19,20,21,22,23,24,25,26,27,28,29,30,31,32,33,34,35,36,37,38"
6415,12,H8,Tornada,9,Onze de Setembre - Virgili,1344,16:08:00,8.0,11.2666666666,676.0,"13,14,15,16,17,18,19,20,21,22,23,24,25,26,27,28,29,30,31,32,33,34,35,36,37,38"
1547,10,H8,Tornada,9,Onze de Setembre - Virgili,1344,16:14:33,14.55,6.55,393.0,"13,14,15,16,17,18,19,20,21,22,23,24,25,26,27,28,29,30,31,32,33,34,35,36,37,38"
2671,10,H8,Tornada,9,Onze de Setembre - Virgili,1344,16:21:07,21.12,6.550000000033333,393.0,"13,14,15,16,17,18,19,20,21,22,23,24,25,26,27,28,29,30,31,32,33,34,35,36,37,38"
6217,12,H8,Tornada,9,Onze de Setembre - Virgili,1344,16:30:50,30.83,9.7166666667,583.0,"13,14,15,16,17,18,19,20,21,22,23,24,25,26,27,28,29,30,31,32,33,34,35,36,37,38"
6026,13,H8,Tornada,9,Onze de Setembre - Virgili,1344,16:34:38,34.63,3.7999999999666665,228.0,"13,14,15,16,17,18,19,20,21,22,23,24,25,26,27,28,29,30,31,32,33,34,35,36,37,38"
6409,1,H8,Tornada,9,Onze de Setembre - Virgili,1344,16:46:06,46.1,11.483333333283333,689.0,"13,14,15,16,17,18,19,20,21,22,23,24,25,26,27,28,29,30,31,32,33,34,35,36,37,38"
6401,11,H8,Tornada,9,Onze de Setembre - Virgili,1344,16:51:56,51.93,5.83333333335,350.0,"13,14,15,16,17,18,19,20,21,22,23,24,25,26,27,28,29,30,31,32,33,34,35,36,37,38"
6402,13,H8,Tornada,9,Onze de Setembre - Virgili,1344,16:58:35,58.58,6.633333333366666,398.0,"13,14,15,16,17,18,19,20,21,22,23,24,25,26,27,28,29,30,31,32,33,34,35,36,37,38"
6808,13,H8,Tornada,9,Onze de Setembre - Virgili,1344,17:07:21,7.35,8.7833333333,527.0,"13,14,15,16,17,18,19,20,21,22,23,24,25,26,27,28,29,30,31,32,33,34,35,36,37,38"
6037,13,H8,Tornada,9,Onze de Setembre - Virgili,1344,17:18:19,18.32,10.966666666666667,658.0,"13,14,15,16,17,18,19,20,21,22,23,24,25,26,27,28,29,30,31,32,33,34,35,36,37,38"
6406,13,H8,Tornada,9,Onze de Setembre - Virgili,1344,17:33:59,33.98,15.650000000033334,939.0,"13,14,15,16,17,18,19,20,21,22,23,24,25,26,27,28,29,30,31,32,33,34,35,36,37,38"
6215,13,H8,Tornada,9,Onze de Setembre - Virgili,1344,17:39:32,39.53,5.550000000033333,333.0,"13,14,15,16,17,18,19,20,21,22,23,24,25,26,27,28,29,30,31,32,33,34,35,36,37,38"
6408,8,H8,Tornada,9,Onze de Setembre - Virgili,1344,17:48:47,48.78,8.783333333333333,527.0,"13,14,15,16,17,18,19,20,21,22,23,24,25,26,27,28,29,30,31,32,33,34,35,36,37,38"
6407,13,H8,Tornada,9,Onze de Setembre - Virgili,1344,17:53:29,53.48,4.083333333266667,245.0,"13,14,15,16,17,18,19,20,21,22,23,24,25,26,27,28,29,30,31,32,33,34,35,36,37,38"
6024,14,H8,Tornada,9,Onze de Setembre - Virgili,1344,18:09:02,9.03,15.5333333334,932.0,"13,14,15,16,17,18,19,20,21,22,23,24,25,26,27,28,29,30,31,32,33,34,35,36,37,38"
6056,13,H8,Tornada,9,Onze de Setembre - Virgili,1344,18:17:57,17.95,8.916666666666666,535.0,"13,14,15,16,17,18,19,20,21,22,23,24,25,26,27,28,29,30,31,32,33,34,35,36,37,38"
6411,15,H8,Tornada,9,Onze de Setembre - Virgili,1344,18:24:59,24.98,7.033333333300001,422.0,"13,14,15,16,17,18,19,20,21,22,23,24,25,26,27,28,29,30,31,32,33,34,35,36,37,38"
6059,15,H8,Tornada,9,Onze de Setembre - Virgili,1344,18:31:39,31.65,6.666666666699999,400.0,"1,2,13,14,15,16,17,18,19,20,21,22,23,24,25,26,27,28,29,30,31,32,33,34,35,36,37,38"
6030,4,H8,Tornada,9,Onze de Setembre - Virgili,1344,18:41:53,41.88,10.233333333300001,614.0,"13,14,15,16,17,18,19,20,21,22,23,24,25,26,27,28,29,30,31,32,33,34,35,36,37,38"
6414,13,H8,Tornada,9,Onze de Setembre - Virgili,1344,18:49:40,49.67,7.783333333333333,467.0,"13,14,15,16,17,18,19,20,21,22,23,24,25,26,27,28,29,30,31,32,33,34,35,36,37,38"
6415,15,H8,Tornada,9,Onze de Setembre - Virgili,1344,19:01:06,1.1,11.433333333333334,686.0,"13,14,15,16,17,18,19,20,21,22,23,24,25,26,27,28,29,30,31,32,33,34,35,36,37,38"
1547,13,H8,Tornada,9,Onze de Setembre - Virgili,1344,19:06:06,6.1,5.016666666633333,301.0,"1,13,14,15,16,17,18,19,20,21,22,23,24,25,26,27,28,29,30,31,32,33,34,35,36,37,38"
6409,4,H8,Tornada,9,Onze de Setembre - Virgili,1344,19:28:28,28.47,22.350000000066665,1341.0,"8,13,14,15,16,17,18,19,20,21,22,23,24,25,26,27,28,29,30,31,32,33,34,35,36,37,38"
6026,16,H8,Tornada,9,Onze de Setembre - Virgili,1344,19:31:57,31.95,3.4833333333,209.0,"13,14,15,16,17,18,19,20,21,22,23,24,25,26,27,28,29,30,31,32,33,34,35,36,37,38"
6401,14,H8,Tornada,9,Onze de Setembre - Virgili,1344,19:40:11,40.18,8.233333333333333,494.0,"13,14,15,16,17,18,19,20,21,22,23,24,25,26,27,28,29,30,31,32,33,34,35,36,37,38"
6402,16,H8,Tornada,9,Onze de Setembre - Virgili,1344,19:48:59,48.98,8.816666666616667,529.0,"13,14,15,16,17,18,19,20,21,22,23,24,25,26,27,28,29,30,31,32,33,34,35,36,37,38"
6037,16,H8,Tornada,9,Onze de Setembre - Virgili,1344,20:02:57,2.95,13.95000000005,837.0,"13,14,15,16,17,18,19,20,21,22,23,24,25,26,27,28,29,30,31,32,33,34,35,36,37,38"
6063,1,H8,Tornada,9,Onze de Setembre - Virgili,1344,20:10:10,10.17,7.216666666699999,433.0,"1,2,13,14,15,16,17,18,19,20,21,22,23,24,25,26,27,28,29,30,31,32,33,34,35,36,37,38"
6121,10,H8,Tornada,9,Onze de Setembre - Virgili,1344,20:27:48,27.8,17.416666666633333,1045.0,"13,14,15,16,17,18,19,20,21,22,23,24,25,26,27,28,29,30,31,32,33,34,35,36,37,38"
6024,17,H8,Tornada,9,Onze de Setembre - Virgili,1344,20:42:01,42.02,14.2166666667,853.0,"13,14,15,16,17,18,19,20,21,22,23,24,25,26,27,28,29,30,31,32,33,34,35,36,37,38"
6411,17,H8,Tornada,9,Onze de Setembre - Virgili,1344,21:01:09,1.15,19.1333333333,1148.0,"13,14,15,16,17,18,19,20,21,22,23,24,25,26,27,28,29,30,31,32,33,34,35,36,37,38"
6414,16,H8,Tornada,9,Onze de Setembre - Virgili,1344,21:19:31,19.52,18.3833333333,1103.0,"6,13,14,15,16,17,18,19,20,21,22,23,24,25,26,27,28,29,30,31,32,33,34,35,36,37,38"
6415,17,H8,Tornada,9,Onze de Setembre - Virgili,1344,21:40:20,40.33,20.81666666665,1249.0,"13,14,15,16,17,18,19,20,21,22,23,24,25,26,27,28,29,30,31,32,33,34,35,36,37,38"
6411,1,H8,Tornada,10,Gran de Sant Andreu - Fabra i Puig,641,03:46:06,46.1,,,"1,13,14,15,16,17,18,19,20,21,22,23,24,25,26,27,28,29,30,31,32,33,34,35,36,37,38"
6059,1,H8,Tornada,10,Gran de Sant Andreu - Fabra i Puig,641,04:01:23,1.38,15.266666666699999,916.0,"13,14,15,16,17,18,19,20,21,22,23,24,25,26,27,28,29,30,31,32,33,34,35,36,37,38"
6415,1,H8,Tornada,10,Gran de Sant Andreu - Fabra i Puig,641,04:18:31,18.52,17.133333333366668,1028.0,"13,14,15,16,17,18,19,20,21,22,23,24,25,26,27,28,29,30,31,32,33,34,35,36,37,38"
6217,1,H8,Tornada,10,Gran de Sant Andreu - Fabra i Puig,641,04:33:18,33.3,14.799999999933334,888.0,"13,14,15,16,17,18,19,20,21,22,23,24,25,26,27,28,29,30,31,32,33,34,35,36,37,38"
6026,1,H8,Tornada,10,Gran de Sant Andreu - Fabra i Puig,641,04:43:21,43.35,10.05,603.0,"13,14,15,16,17,18,19,20,21,22,23,24,25,26,27,28,29,30,31,32,33,34,35,36,37,38"
6401,1,H8,Tornada,10,Gran de Sant Andreu - Fabra i Puig,641,04:54:36,54.6,11.2333333334,674.0,"1,2,13,14,15,16,17,18,19,20,21,22,23,24,25,26,27,28,29,30,31,32,33,34,35,36,37,38"
6402,1,H8,Tornada,10,Gran de Sant Andreu - Fabra i Puig,641,05:00:09,0.15,5.55,333.0,"13,14,15,16,17,18,19,20,21,22,23,24,25,26,27,28,29,30,31,32,33,34,35,36,37,38"
6808,1,H8,Tornada,10,Gran de Sant Andreu - Fabra i Puig,641,05:10:48,10.8,10.649999999966667,639.0,"1,13,14,15,16,17,18,19,20,21,22,23,24,25,26,27,28,29,30,31,32,33,34,35,36,37,38"
6037,1,H8,Tornada,10,Gran de Sant Andreu - Fabra i Puig,641,05:15:08,15.13,4.349999999966667,261.0,"13,14,15,16,17,18,19,20,21,22,23,24,25,26,27,28,29,30,31,32,33,34,35,36,37,38"
6047,1,H8,Tornada,10,Gran de Sant Andreu - Fabra i Puig,641,05:26:30,26.5,11.350000000066666,681.0,"12,13,16,17,18,19,20,21,22,23,24,25,26,27,28,29,30,31,32,33,34,35,36,37,38"
6406,1,H8,Tornada,10,Gran de Sant Andreu - Fabra i Puig,641,05:31:32,31.53,5.049999999933333,303.0,"13,14,15,16,17,18,19,20,21,22,23,24,25,26,27,28,29,30,31,32,33,34,35,36,37,38"
6215,1,H8,Tornada,10,Gran de Sant Andreu - Fabra i Puig,641,05:36:20,36.33,4.8,288.0,"13,14,15,16,17,18,19,20,21,22,23,24,25,26,27,28,29,30,31,32,33,34,35,36,37,38"
6046,1,H8,Tornada,10,Gran de Sant Andreu - Fabra i Puig,641,05:46:03,46.05,9.700000000066666,582.0,"13,14,15,16,17,18,19,20,21,22,23,24,25,26,27,28,29,30,31,32,33,34,35,36,37,38"
6408,1,H8,Tornada,10,Gran de Sant Andreu - Fabra i Puig,641,05:50:16,50.27,4.233333333266667,254.0,"13,14,15,16,17,18,19,20,21,22,23,24,25,26,27,28,29,30,31,32,33,34,35,36,37,38"
6407,1,H8,Tornada,10,Gran de Sant Andreu - Fabra i Puig,641,05:57:23,57.38,7.100000000033333,426.0,"13,14,15,16,17,18,19,20,21,22,23,24,25,26,27,28,29,30,31,32,33,34,35,36,37,38"
6079,1,H8,Tornada,10,Gran de Sant Andreu - Fabra i Puig,641,06:06:49,6.82,9.433333333333334,566.0,"13,14,15,16,17,18,19,20,21,22,23,24,25,26,27,28,29,30,31,32,33,34,35,36,37,38"
6024,2,H8,Tornada,10,Gran de Sant Andreu - Fabra i Puig,641,06:12:37,12.62,5.800000000033333,348.0,"2,13,14,15,16,17,18,19,20,21,22,23,24,25,26,27,28,29,30,31,32,33,34,35,36,37,38"
6056,1,H8,Tornada,10,Gran de Sant Andreu - Fabra i Puig,641,06:21:38,21.63,9.016666666666667,541.0,"13,14,15,16,17,18,19,20,21,22,23,24,25,26,27,28,29,30,31,32,33,34,35,36,37,38"
6411,3,H8,Tornada,10,Gran de Sant Andreu - Fabra i Puig,641,06:26:47,26.78,5.166666666599999,310.0,"13,14,15,16,17,18,19,20,21,22,23,24,25,26,27,28,29,30,31,32,33,34,35,36,37,38"
6211,1,H8,Tornada,10,Gran de Sant Andreu - Fabra i Puig,641,06:37:24,37.4,10.600000000066666,636.0,"13,14,15,16,17,18,19,20,21,22,23,24,25,26,27,28,29,30,31,32,33,34,35,36,37,38"
6055,1,H8,Tornada,10,Gran de Sant Andreu - Fabra i Puig,641,06:43:33,43.55,6.166666666599999,370.0,"13,14,15,16,17,18,19,20,21,22,23,24,25,26,27,28,29,30,31,32,33,34,35,36,37,38"
6414,1,H8,Tornada,10,Gran de Sant Andreu - Fabra i Puig,641,06:51:17,51.28,7.716666666699999,463.0,"13,14,15,16,17,18,19,20,21,22,23,24,25,26,27,28,29,30,31,32,33,34,35,36,37,38"
6059,3,H8,Tornada,10,Gran de Sant Andreu - Fabra i Puig,641,06:55:37,55.62,4.349999999966667,261.0,"13,14,15,16,17,18,19,20,21,22,23,24,25,26,27,28,29,30,31,32,33,34,35,36,37,38"
6415,3,H8,Tornada,10,Gran de Sant Andreu - Fabra i Puig,641,07:10:43,10.72,15.083333333366665,905.0,"13,14,15,16,17,18,19,20,21,22,23,24,25,26,27,28,29,30,31,32,33,34,35,36,37,38"
1547,1,H8,Tornada,10,Gran de Sant Andreu - Fabra i Puig,641,07:14:13,14.22,3.5000000000333333,210.0,"13,14,15,16,17,18,19,20,21,22,23,24,25,26,27,28,29,30,31,32,33,34,35,36,37,38"
2671,1,H8,Tornada,10,Gran de Sant Andreu - Fabra i Puig,641,07:23:52,23.87,9.65,579.0,"13,14,15,16,17,18,19,20,21,22,23,24,25,26,27,28,29,30,31,32,33,34,35,36,37,38"
6217,3,H8,Tornada,10,Gran de Sant Andreu - Fabra i Puig,641,07:32:01,32.02,8.149999999966667,489.0,"13,14,15,16,17,18,19,20,21,22,23,24,25,26,27,28,29,30,31,32,33,34,35,36,37,38"
6026,4,H8,Tornada,10,Gran de Sant Andreu - Fabra i Puig,641,07:41:00,41.0,8.983333333366666,539.0,"13,14,15,16,17,18,19,20,21,22,23,24,25,26,27,28,29,30,31,32,33,34,35,36,37,38"
6401,3,H8,Tornada,10,Gran de Sant Andreu - Fabra i Puig,641,07:49:31,49.52,8.533333333266667,512.0,"13,14,15,16,17,18,19,20,21,22,23,24,25,26,27,28,29,30,31,32,33,34,35,36,37,38"
6402,4,H8,Tornada,10,Gran de Sant Andreu - Fabra i Puig,641,07:58:38,58.63,9.100000000033333,546.0,"13,14,15,16,17,18,19,20,21,22,23,24,25,26,27,28,29,30,31,32,33,34,35,36,37,38"
6808,4,H8,Tornada,10,Gran de Sant Andreu - Fabra i Puig,641,08:05:15,5.25,6.616666666666666,397.0,"13,14,15,16,17,18,19,20,21,22,23,24,25,26,27,28,29,30,31,32,33,34,35,36,37,38"
6037,4,H8,Tornada,10,Gran de Sant Andreu - Fabra i Puig,641,08:12:44,12.73,7.483333333333333,449.0,"13,14,15,16,17,18,19,20,21,22,23,24,25,26,27,28,29,30,31,32,33,34,35,36,37,38"
6047,3,H8,Tornada,10,Gran de Sant Andreu - Fabra i Puig,641,08:20:25,20.42,7.683333333333334,461.0,"13,14,15,16,17,18,19,20,21,22,23,24,25,26,27,28,29,30,31,32,33,34,35,36,37,38"
6406,4,H8,Tornada,10,Gran de Sant Andreu - Fabra i Puig,641,08:28:44,28.73,8.3166666667,499.0,"13,14,15,16,17,18,19,20,21,22,23,24,25,26,27,28,29,30,31,32,33,34,35,36,37,38"
6215,4,H8,Tornada,10,Gran de Sant Andreu - Fabra i Puig,641,08:35:31,35.52,6.799999999933333,408.0,"13,14,15,16,17,18,19,20,21,22,23,24,25,26,27,28,29,30,31,32,33,34,35,36,37,38"
6408,4,H8,Tornada,10,Gran de Sant Andreu - Fabra i Puig,641,08:46:06,46.1,10.566666666733333,634.0,"1,2,13,14,15,16,17,18,19,20,21,22,23,24,25,26,27,28,29,30,31,32,33,34,35,36,37,38"
6046,4,H8,Tornada,10,Gran de Sant Andreu - Fabra i Puig,641,08:49:47,49.78,3.683333333333333,221.0,"13,14,15,16,17,18,19,20,21,22,23,24,25,26,27,28,29,30,31,32,33,34,35,36,37,38"
6407,4,H8,Tornada,10,Gran de Sant Andreu - Fabra i Puig,641,08:56:28,56.47,6.6833333333,401.0,"13,14,15,16,17,18,19,20,21,22,23,24,25,26,27,28,29,30,31,32,33,34,35,36,37,38"
6079,4,H8,Tornada,10,Gran de Sant Andreu - Fabra i Puig,641,09:08:24,8.4,11.933333333366667,716.0,"13,14,15,16,17,18,19,20,21,22,23,24,25,26,27,28,29,30,31,32,33,34,35,36,37,38"
6024,5,H8,Tornada,10,Gran de Sant Andreu - Fabra i Puig,641,09:14:04,14.07,5.666666666633334,340.0,"13,14,15,16,17,18,19,20,21,22,23,24,25,26,27,28,29,30,31,32,33,34,35,36,37,38"
6056,4,H8,Tornada,10,Gran de Sant Andreu - Fabra i Puig,641,09:22:32,22.53,8.483333333300001,509.0,"13,14,15,16,17,18,19,20,21,22,23,24,25,26,27,28,29,30,31,32,33,34,35,36,37,38"
6411,6,H8,Tornada,10,Gran de Sant Andreu - Fabra i Puig,641,09:28:19,28.32,5.7666666667,346.0,"13,14,15,16,17,18,19,20,21,22,23,24,25,26,27,28,29,30,31,32,33,34,35,36,37,38"
6211,5,H8,Tornada,10,Gran de Sant Andreu - Fabra i Puig,641,09:37:29,37.48,9.1833333333,551.0,"3,13,14,15,16,17,18,19,20,21,22,23,24,25,26,27,28,29,30,31,32,33,34,35,36,37,38"
6055,4,H8,Tornada,10,Gran de Sant Andreu - Fabra i Puig,641,09:45:27,45.45,7.81666666665,469.0,"1,2,13,14,15,16,17,18,19,20,21,22,23,24,25,26,27,28,29,30,31,32,33,34,35,36,37,38"
6414,4,H8,Tornada,10,Gran de Sant Andreu - Fabra i Puig,641,09:56:21,56.35,10.916666666616667,655.0,"13,14,15,16,17,18,19,20,21,22,23,24,25,26,27,28,29,30,31,32,33,34,35,36,37,38"
6415,6,H8,Tornada,10,Gran de Sant Andreu - Fabra i Puig,641,10:06:48,6.8,10.45,627.0,"13,14,15,16,17,18,19,20,21,22,23,24,25,26,27,28,29,30,31,32,33,34,35,36,37,38"
1547,4,H8,Tornada,10,Gran de Sant Andreu - Fabra i Puig,641,10:18:44,18.73,11.9166666667,715.0,"13,14,15,16,17,18,19,20,21,22,23,24,25,26,27,28,29,30,31,32,33,34,35,36,37,38"
2671,4,H8,Tornada,10,Gran de Sant Andreu - Fabra i Puig,641,10:25:06,25.1,6.3666666667,382.0,"13,14,15,16,17,18,19,20,21,22,23,24,25,26,27,28,29,30,31,32,33,34,35,36,37,38"
6217,6,H8,Tornada,10,Gran de Sant Andreu - Fabra i Puig,641,10:32:15,32.25,7.149999999966667,429.0,"3,13,14,15,16,17,18,19,20,21,22,23,24,25,26,27,28,29,30,31,32,33,34,35,36,37,38"
6026,7,H8,Tornada,10,Gran de Sant Andreu - Fabra i Puig,641,10:42:40,42.67,10.4333333333,626.0,"13,14,15,16,17,18,19,20,21,22,23,24,25,26,27,28,29,30,31,32,33,34,35,36,37,38"
6401,5,H8,Tornada,10,Gran de Sant Andreu - Fabra i Puig,641,10:52:08,52.13,9.450000000033333,567.0,"13,14,15,16,17,18,19,20,21,22,23,24,25,26,27,28,29,30,31,32,33,34,35,36,37,38"
6402,7,H8,Tornada,10,Gran de Sant Andreu - Fabra i Puig,641,11:00:53,0.88,8.766666666633334,526.0,"13,14,15,16,17,18,19,20,21,22,23,24,25,26,27,28,29,30,31,32,33,34,35,36,37,38"
6808,7,H8,Tornada,10,Gran de Sant Andreu - Fabra i Puig,641,11:10:37,10.62,9.7166666667,583.0,"13,14,15,16,17,18,19,20,21,22,23,24,25,26,27,28,29,30,31,32,33,34,35,36,37,38"
6037,7,H8,Tornada,10,Gran de Sant Andreu - Fabra i Puig,641,11:19:15,19.25,8.633333333333333,518.0,"13,14,15,16,17,18,19,20,21,22,23,24,25,26,27,28,29,30,31,32,33,34,35,36,37,38"
6047,6,H8,Tornada,10,Gran de Sant Andreu - Fabra i Puig,641,11:26:34,26.57,7.333333333300001,440.0,"13,14,15,16,17,18,19,20,21,22,23,24,25,26,27,28,29,30,31,32,33,34,35,36,37,38"
6406,7,H8,Tornada,10,Gran de Sant Andreu - Fabra i Puig,641,11:34:36,34.6,8.016666666699999,481.0,"13,14,15,16,17,18,19,20,21,22,23,24,25,26,27,28,29,30,31,32,33,34,35,36,37,38"
6215,7,H8,Tornada,10,Gran de Sant Andreu - Fabra i Puig,641,11:42:23,42.38,7.783333333333333,467.0,"13,14,15,16,17,18,19,20,21,22,23,24,25,26,27,28,29,30,31,32,33,34,35,36,37,38"
6121,1,H8,Tornada,10,Gran de Sant Andreu - Fabra i Puig,641,11:49:26,49.43,7.05,423.0,"13,14,15,16,17,18,19,20,21,22,23,24,25,26,27,28,29,30,31,32,33,34,35,36,37,38"
6407,7,H8,Tornada,10,Gran de Sant Andreu - Fabra i Puig,641,11:55:49,55.82,5.950000000033333,357.0,"13,14,15,16,17,18,19,20,21,22,23,24,25,26,27,28,29,30,31,32,33,34,35,36,37,38"
6079,7,H8,Tornada,10,Gran de Sant Andreu - Fabra i Puig,641,12:03:41,3.68,7.8666666667,472.0,"13,14,15,16,17,18,19,20,21,22,23,24,25,26,27,28,29,30,31,32,33,34,35,36,37,38"
6024,8,H8,Tornada,10,Gran de Sant Andreu - Fabra i Puig,641,12:12:35,12.58,8.899999999966667,534.0,"13,14,15,16,17,18,19,20,21,22,23,24,25,26,27,28,29,30,31,32,33,34,35,36,37,38"
6056,7,H8,Tornada,10,Gran de Sant Andreu - Fabra i Puig,641,12:21:04,21.07,8.483333333333333,509.0,"13,14,15,16,17,18,19,20,21,22,23,24,25,26,27,28,29,30,31,32,33,34,35,36,37,38"
6411,9,H8,Tornada,10,Gran de Sant Andreu - Fabra i Puig,641,12:29:04,29.07,8.0,480.0,"2,13,14,15,16,17,18,19,20,21,22,23,24,25,26,27,28,29,30,31,32,33,34,35,36,37,38"
6059,9,H8,Tornada,10,Gran de Sant Andreu - Fabra i Puig,641,12:38:08,38.13,9.0666666667,544.0,"13,14,15,16,17,18,19,20,21,22,23,24,25,26,27,28,29,30,31,32,33,34,35,36,37,38"
6055,7,H8,Tornada,10,Gran de Sant Andreu - Fabra i Puig,641,12:47:16,47.27,9.149999999933334,549.0,"13,14,15,16,17,18,19,20,21,22,23,24,25,26,27,28,29,30,31,32,33,34,35,36,37,38"
6414,7,H8,Tornada,10,Gran de Sant Andreu - Fabra i Puig,641,12:54:17,54.28,7.016666666666667,421.0,"13,14,15,16,17,18,19,20,21,22,23,24,25,26,27,28,29,30,31,32,33,34,35,36,37,38"
6415,9,H8,Tornada,10,Gran de Sant Andreu - Fabra i Puig,641,13:06:30,6.5,12.200000000066666,732.0,"13,14,15,16,17,18,19,20,21,22,23,24,25,26,27,28,29,30,31,32,33,34,35,36,37,38"
1547,7,H8,Tornada,10,Gran de Sant Andreu - Fabra i Puig,641,13:15:58,15.97,9.466666666666667,568.0,"13,14,15,16,17,18,19,20,21,22,23,24,25,26,27,28,29,30,31,32,33,34,35,36,37,38"
2671,7,H8,Tornada,10,Gran de Sant Andreu - Fabra i Puig,641,13:25:04,25.07,9.1166666666,547.0,"13,14,15,16,17,18,19,20,21,22,23,24,25,26,27,28,29,30,31,32,33,34,35,36,37,38"
6217,9,H8,Tornada,10,Gran de Sant Andreu - Fabra i Puig,641,13:29:42,29.7,4.616666666733334,277.0,"13,14,15,16,17,18,19,20,21,22,23,24,25,26,27,28,29,30,31,32,33,34,35,36,37,38"
6026,10,H8,Tornada,10,Gran de Sant Andreu - Fabra i Puig,641,13:38:37,38.62,8.933333333266667,536.0,"7,13,14,15,16,17,18,19,20,21,22,23,24,25,26,27,28,29,30,31,32,33,34,35,36,37,38"
6401,8,H8,Tornada,10,Gran de Sant Andreu - Fabra i Puig,641,13:46:12,46.2,7.583333333333333,455.0,"13,14,15,16,17,18,19,20,21,22,23,24,25,26,27,28,29,30,31,32,33,34,35,36,37,38"
6402,10,H8,Tornada,10,Gran de Sant Andreu - Fabra i Puig,641,13:55:37,55.62,9.400000000066665,564.0,"13,14,15,16,17,18,19,20,21,22,23,24,25,26,27,28,29,30,31,32,33,34,35,36,37,38"
6808,10,H8,Tornada,10,Gran de Sant Andreu - Fabra i Puig,641,14:03:32,3.53,7.916666666633334,475.0,"13,14,15,16,17,18,19,20,21,22,23,24,25,26,27,28,29,30,31,32,33,34,35,36,37,38"
6037,10,H8,Tornada,10,Gran de Sant Andreu - Fabra i Puig,641,14:12:26,12.43,8.9,534.0,"13,14,15,16,17,18,19,20,21,22,23,24,25,26,27,28,29,30,31,32,33,34,35,36,37,38"
6047,9,H8,Tornada,10,Gran de Sant Andreu - Fabra i Puig,641,14:19:47,19.78,7.350000000033333,441.0,"13,14,15,16,17,18,19,20,21,22,23,24,25,26,27,28,29,30,31,32,33,34,35,36,37,38"
6406,10,H8,Tornada,10,Gran de Sant Andreu - Fabra i Puig,641,14:27:34,27.57,7.799999999933333,468.0,"13,14,15,16,17,18,19,20,21,22,23,24,25,26,27,28,29,30,31,32,33,34,35,36,37,38"
6215,10,H8,Tornada,10,Gran de Sant Andreu - Fabra i Puig,641,14:39:25,39.42,11.85,711.0,"13,14,15,16,17,18,19,20,21,22,23,24,25,26,27,28,29,30,31,32,33,34,35,36,37,38"
6121,4,H8,Tornada,10,Gran de Sant Andreu - Fabra i Puig,641,14:44:01,44.02,4.583333333400001,275.0,"13,14,15,16,17,18,19,20,21,22,23,24,25,26,27,28,29,30,31,32,33,34,35,36,37,38"
6407,10,H8,Tornada,10,Gran de Sant Andreu - Fabra i Puig,641,14:52:00,52.0,7.983333333333333,479.0,"13,14,15,16,17,18,19,20,21,22,23,24,25,26,27,28,29,30,31,32,33,34,35,36,37,38"
6079,10,H8,Tornada,10,Gran de Sant Andreu - Fabra i Puig,641,15:01:37,1.62,9.616666666633334,577.0,"13,14,15,16,17,18,19,20,21,22,23,24,25,26,27,28,29,30,31,32,33,34,35,36,37,38"
6024,11,H8,Tornada,10,Gran de Sant Andreu - Fabra i Puig,641,15:12:11,12.18,10.566666666666666,634.0,"13,14,15,16,17,18,19,20,21,22,23,24,25,26,27,28,29,30,31,32,33,34,35,36,37,38"
6056,10,H8,Tornada,10,Gran de Sant Andreu - Fabra i Puig,641,15:22:10,22.17,9.983333333366666,599.0,"13,14,15,16,17,18,19,20,21,22,23,24,25,26,27,28,29,30,31,32,33,34,35,36,37,38"
6411,12,H8,Tornada,10,Gran de Sant Andreu - Fabra i Puig,641,15:28:58,28.97,6.8166666666,409.0,"13,14,15,16,17,18,19,20,21,22,23,24,25,26,27,28,29,30,31,32,33,34,35,36,37,38"
6211,11,H8,Tornada,10,Gran de Sant Andreu - Fabra i Puig,641,15:39:48,39.8,10.83333333335,650.0,"13,14,15,16,17,18,19,20,21,22,23,24,25,26,27,28,29,30,31,32,33,34,35,36,37,38"
6055,10,H8,Tornada,10,Gran de Sant Andreu - Fabra i Puig,641,15:46:37,46.62,6.5666666667,394.0,"13,14,15,16,17,18,19,20,21,22,23,24,25,26,27,28,29,30,31,32,33,34,35,36,37,38"
6030,1,H8,Tornada,10,Gran de Sant Andreu - Fabra i Puig,641,15:52:52,52.87,6.266666666633333,376.0,"13,14,15,16,17,18,19,20,21,22,23,24,25,26,27,28,29,30,31,32,33,34,35,36,37,38"
6414,10,H8,Tornada,10,Gran de Sant Andreu - Fabra i Puig,641,15:58:35,58.58,5.700000000033333,342.0,"13,14,15,16,17,18,19,20,21,22,23,24,25,26,27,28,29,30,31,32,33,34,35,36,37,38"
6415,12,H8,Tornada,10,Gran de Sant Andreu - Fabra i Puig,641,16:10:10,10.17,11.583333333366665,695.0,"13,14,15,16,17,18,19,20,21,22,23,24,25,26,27,28,29,30,31,32,33,34,35,36,37,38"
1547,10,H8,Tornada,10,Gran de Sant Andreu - Fabra i Puig,641,16:17:40,17.67,7.5166666666,451.0,"13,14,15,16,17,18,19,20,21,22,23,24,25,26,27,28,29,30,31,32,33,34,35,36,37,38"
2671,10,H8,Tornada,10,Gran de Sant Andreu - Fabra i Puig,641,16:22:21,22.35,4.666666666733334,280.0,"13,14,15,16,17,18,19,20,21,22,23,24,25,26,27,28,29,30,31,32,33,34,35,36,37,38"
6217,12,H8,Tornada,10,Gran de Sant Andreu - Fabra i Puig,641,16:34:39,34.65,12.316666666600002,739.0,"13,14,15,16,17,18,19,20,21,22,23,24,25,26,27,28,29,30,31,32,33,34,35,36,37,38"
6026,13,H8,Tornada,10,Gran de Sant Andreu - Fabra i Puig,641,16:36:41,36.68,2.0166666667333333,121.0,"13,14,15,16,17,18,19,20,21,22,23,24,25,26,27,28,29,30,31,32,33,34,35,36,37,38"
6409,1,H8,Tornada,10,Gran de Sant Andreu - Fabra i Puig,641,16:48:00,48.0,11.333333333266667,680.0,"13,14,15,16,17,18,19,20,21,22,23,24,25,26,27,28,29,30,31,32,33,34,35,36,37,38"
6401,11,H8,Tornada,10,Gran de Sant Andreu - Fabra i Puig,641,16:52:53,52.88,4.8666666667,292.0,"13,14,15,16,17,18,19,20,21,22,23,24,25,26,27,28,29,30,31,32,33,34,35,36,37,38"
6402,13,H8,Tornada,10,Gran de Sant Andreu - Fabra i Puig,641,17:00:46,0.77,7.883333333333334,473.0,"13,14,15,16,17,18,19,20,21,22,23,24,25,26,27,28,29,30,31,32,33,34,35,36,37,38"
6808,13,H8,Tornada,10,Gran de Sant Andreu - Fabra i Puig,641,17:09:33,9.55,8.783333333333333,527.0,"13,14,15,16,17,18,19,20,21,22,23,24,25,26,27,28,29,30,31,32,33,34,35,36,37,38"
6037,13,H8,Tornada,10,Gran de Sant Andreu - Fabra i Puig,641,17:21:07,21.12,11.5666666667,694.0,"13,14,15,16,17,18,19,20,21,22,23,24,25,26,27,28,29,30,31,32,33,34,35,36,37,38"
6406,13,H8,Tornada,10,Gran de Sant Andreu - Fabra i Puig,641,17:35:29,35.48,14.366666666633334,862.0,"13,14,15,16,17,18,19,20,21,22,23,24,25,26,27,28,29,30,31,32,33,34,35,36,37,38"
6215,13,H8,Tornada,10,Gran de Sant Andreu - Fabra i Puig,641,17:41:40,41.67,6.183333333366666,371.0,"13,14,15,16,17,18,19,20,21,22,23,24,25,26,27,28,29,30,31,32,33,34,35,36,37,38"
6408,8,H8,Tornada,10,Gran de Sant Andreu - Fabra i Puig,641,17:50:41,50.68,8.649999999950001,519.0,"13,14,15,16,17,18,19,20,21,22,23,24,25,26,27,28,29,30,31,32,33,34,35,36,37,38"
6407,13,H8,Tornada,10,Gran de Sant Andreu - Fabra i Puig,641,17:55:19,55.32,4.0499999999666665,243.0,"13,14,15,16,17,18,19,20,21,22,23,24,25,26,27,28,29,30,31,32,33,34,35,36,37,38"
6024,14,H8,Tornada,10,Gran de Sant Andreu - Fabra i Puig,641,18:10:53,10.88,15.5833333333,935.0,"13,14,15,16,17,18,19,20,21,22,23,24,25,26,27,28,29,30,31,32,33,34,35,36,37,38"
6056,13,H8,Tornada,10,Gran de Sant Andreu - Fabra i Puig,641,18:19:36,19.6,8.700000000066666,522.0,"13,14,15,16,17,18,19,20,21,22,23,24,25,26,27,28,29,30,31,32,33,34,35,36,37,38"
6411,15,H8,Tornada,10,Gran de Sant Andreu - Fabra i Puig,641,18:26:58,26.97,7.383333333266666,443.0,"13,14,15,16,17,18,19,20,21,22,23,24,25,26,27,28,29,30,31,32,33,34,35,36,37,38"
6059,15,H8,Tornada,10,Gran de Sant Andreu - Fabra i Puig,641,18:33:16,33.27,6.3,378.0,"1,2,13,14,15,16,17,18,19,20,21,22,23,24,25,26,27,28,29,30,31,32,33,34,35,36,37,38"
6030,4,H8,Tornada,10,Gran de Sant Andreu - Fabra i Puig,641,18:43:44,43.73,10.466666666666667,628.0,"13,14,15,16,17,18,19,20,21,22,23,24,25,26,27,28,29,30,31,32,33,34,35,36,37,38"
6414,13,H8,Tornada,10,Gran de Sant Andreu - Fabra i Puig,641,18:51:09,51.15,7.400000000033333,444.0,"13,14,15,16,17,18,19,20,21,22,23,24,25,26,27,28,29,30,31,32,33,34,35,36,37,38"
6415,15,H8,Tornada,10,Gran de Sant Andreu - Fabra i Puig,641,19:03:01,3.02,11.866666666666667,712.0,"13,14,15,16,17,18,19,20,21,22,23,24,25,26,27,28,29,30,31,32,33,34,35,36,37,38"
1547,13,H8,Tornada,10,Gran de Sant Andreu - Fabra i Puig,641,19:08:51,8.85,5.833333333333333,350.0,"1,13,14,15,16,17,18,19,20,21,22,23,24,25,26,27,28,29,30,31,32,33,34,35,36,37,38"
6409,4,H8,Tornada,10,Gran de Sant Andreu - Fabra i Puig,641,19:30:24,30.4,21.550000000033332,1293.0,"8,13,14,15,16,17,18,19,20,21,22,23,24,25,26,27,28,29,30,31,32,33,34,35,36,37,38"
6026,16,H8,Tornada,10,Gran de Sant Andreu - Fabra i Puig,641,19:33:40,33.67,3.283333333266667,197.0,"13,14,15,16,17,18,19,20,21,22,23,24,25,26,27,28,29,30,31,32,33,34,35,36,37,38"
6401,14,H8,Tornada,10,Gran de Sant Andreu - Fabra i Puig,641,19:40:58,40.97,7.2833333333666666,437.0,"13,14,15,16,17,18,19,20,21,22,23,24,25,26,27,28,29,30,31,32,33,34,35,36,37,38"
6402,16,H8,Tornada,10,Gran de Sant Andreu - Fabra i Puig,641,19:52:01,52.02,11.066666666633333,664.0,"13,14,15,16,17,18,19,20,21,22,23,24,25,26,27,28,29,30,31,32,33,34,35,36,37,38"
6037,16,H8,Tornada,10,Gran de Sant Andreu - Fabra i Puig,641,20:04:55,4.92,12.9,774.0,"13,14,15,16,17,18,19,20,21,22,23,24,25,26,27,28,29,30,31,32,33,34,35,36,37,38"
6063,1,H8,Tornada,10,Gran de Sant Andreu - Fabra i Puig,641,20:12:09,12.15,7.216666666699999,433.0,"1,2,13,14,15,16,17,18,19,20,21,22,23,24,25,26,27,28,29,30,31,32,33,34,35,36,37,38"
6121,10,H8,Tornada,10,Gran de Sant Andreu - Fabra i Puig,641,20:29:57,29.95,17.75,1065.0,"13,14,15,16,17,18,19,20,21,22,23,24,25,26,27,28,29,30,31,32,33,34,35,36,37,38"
6024,17,H8,Tornada,10,Gran de Sant Andreu - Fabra i Puig,641,20:43:18,43.3,13.349999999983334,801.0,"13,14,15,16,17,18,19,20,21,22,23,24,25,26,27,28,29,30,31,32,33,34,35,36,37,38"
6411,17,H8,Tornada,10,Gran de Sant Andreu - Fabra i Puig,641,21:02:36,2.6,19.316666666616666,1159.0,"13,14,15,16,17,18,19,20,21,22,23,24,25,26,27,28,29,30,31,32,33,34,35,36,37,38"
6414,16,H8,Tornada,10,Gran de Sant Andreu - Fabra i Puig,641,21:20:02,20.03,17.433333333333334,1046.0,"6,13,14,15,16,17,18,19,20,21,22,23,24,25,26,27,28,29,30,31,32,33,34,35,36,37,38"
6415,17,H8,Tornada,10,Gran de Sant Andreu - Fabra i Puig,641,21:41:59,41.98,21.9333333334,1316.0,"13,14,15,16,17,18,19,20,21,22,23,24,25,26,27,28,29,30,31,32,33,34,35,36,37,38"
6411,1,H8,Tornada,11,Sagrera - Parc de la Pegaso,409,03:47:22,47.37,,,"1,13,14,15,16,17,18,19,20,21,22,23,24,25,26,27,28,29,30,31,32,33,34,35,36,37,38"
6059,1,H8,Tornada,11,Sagrera - Parc de la Pegaso,409,04:02:35,2.58,15.200000000066666,912.0,"13,14,15,16,17,18,19,20,21,22,23,24,25,26,27,28,29,30,31,32,33,34,35,36,37,38"
6415,1,H8,Tornada,11,Sagrera - Parc de la Pegaso,409,04:20:22,20.37,17.7833333333,1067.0,"13,14,15,16,17,18,19,20,21,22,23,24,25,26,27,28,29,30,31,32,33,34,35,36,37,38"
6217,1,H8,Tornada,11,Sagrera - Parc de la Pegaso,409,04:34:36,34.6,14.249999999966667,855.0,"13,14,15,16,17,18,19,20,21,22,23,24,25,26,27,28,29,30,31,32,33,34,35,36,37,38"
6026,1,H8,Tornada,11,Sagrera - Parc de la Pegaso,409,04:46:29,46.48,11.883333333333333,713.0,"13,14,15,16,17,18,19,20,21,22,23,24,25,26,27,28,29,30,31,32,33,34,35,36,37,38"
6401,1,H8,Tornada,11,Sagrera - Parc de la Pegaso,409,04:55:14,55.23,8.7333333334,524.0,"1,2,13,14,15,16,17,18,19,20,21,22,23,24,25,26,27,28,29,30,31,32,33,34,35,36,37,38"
6402,1,H8,Tornada,11,Sagrera - Parc de la Pegaso,409,05:01:06,1.1,5.883333333266666,353.0,"13,14,15,16,17,18,19,20,21,22,23,24,25,26,27,28,29,30,31,32,33,34,35,36,37,38"
6808,1,H8,Tornada,11,Sagrera - Parc de la Pegaso,409,05:12:02,12.03,10.9166666667,655.0,"1,13,14,15,16,17,18,19,20,21,22,23,24,25,26,27,28,29,30,31,32,33,34,35,36,37,38"
6037,1,H8,Tornada,11,Sagrera - Parc de la Pegaso,409,05:16:14,16.23,4.2166666666333334,253.0,"13,14,15,16,17,18,19,20,21,22,23,24,25,26,27,28,29,30,31,32,33,34,35,36,37,38"
6047,1,H8,Tornada,11,Sagrera - Parc de la Pegaso,409,05:27:44,27.73,11.483333333366666,689.0,"12,13,16,17,18,19,20,21,22,23,24,25,26,27,28,29,30,31,32,33,34,35,36,37,38"
6406,1,H8,Tornada,11,Sagrera - Parc de la Pegaso,409,05:32:47,32.78,5.066666666633334,304.0,"13,14,15,16,17,18,19,20,21,22,23,24,25,26,27,28,29,30,31,32,33,34,35,36,37,38"
6215,1,H8,Tornada,11,Sagrera - Parc de la Pegaso,409,05:37:36,37.6,4.800000000033333,288.0,"13,14,15,16,17,18,19,20,21,22,23,24,25,26,27,28,29,30,31,32,33,34,35,36,37,38"
6046,1,H8,Tornada,11,Sagrera - Parc de la Pegaso,409,05:47:11,47.18,9.583333333366665,575.0,"13,14,15,16,17,18,19,20,21,22,23,24,25,26,27,28,29,30,31,32,33,34,35,36,37,38"
6408,1,H8,Tornada,11,Sagrera - Parc de la Pegaso,409,05:51:35,51.58,4.416666666599999,265.0,"13,14,15,16,17,18,19,20,21,22,23,24,25,26,27,28,29,30,31,32,33,34,35,36,37,38"
6407,1,H8,Tornada,11,Sagrera - Parc de la Pegaso,409,05:59:11,59.18,7.600000000016666,456.0,"13,14,15,16,17,18,19,20,21,22,23,24,25,26,27,28,29,30,31,32,33,34,35,36,37,38"
6079,1,H8,Tornada,11,Sagrera - Parc de la Pegaso,409,06:08:00,8.0,8.81666666665,529.0,"13,14,15,16,17,18,19,20,21,22,23,24,25,26,27,28,29,30,31,32,33,34,35,36,37,38"
6024,2,H8,Tornada,11,Sagrera - Parc de la Pegaso,409,06:13:56,13.93,5.933333333333334,356.0,"2,13,14,15,16,17,18,19,20,21,22,23,24,25,26,27,28,29,30,31,32,33,34,35,36,37,38"
6056,1,H8,Tornada,11,Sagrera - Parc de la Pegaso,409,06:23:15,23.25,9.300000000033332,558.0,"13,14,15,16,17,18,19,20,21,22,23,24,25,26,27,28,29,30,31,32,33,34,35,36,37,38"
6411,3,H8,Tornada,11,Sagrera - Parc de la Pegaso,409,06:28:07,28.12,4.8666666667,292.0,"13,14,15,16,17,18,19,20,21,22,23,24,25,26,27,28,29,30,31,32,33,34,35,36,37,38"
6211,1,H8,Tornada,11,Sagrera - Parc de la Pegaso,409,06:39:48,39.8,11.683333333333334,701.0,"13,14,15,16,17,18,19,20,21,22,23,24,25,26,27,28,29,30,31,32,33,34,35,36,37,38"
6055,1,H8,Tornada,11,Sagrera - Parc de la Pegaso,409,06:44:46,44.77,4.9666666666333334,298.0,"13,14,15,16,17,18,19,20,21,22,23,24,25,26,27,28,29,30,31,32,33,34,35,36,37,38"
6414,1,H8,Tornada,11,Sagrera - Parc de la Pegaso,409,06:53:29,53.48,8.733333333300001,524.0,"13,14,15,16,17,18,19,20,21,22,23,24,25,26,27,28,29,30,31,32,33,34,35,36,37,38"
6059,3,H8,Tornada,11,Sagrera - Parc de la Pegaso,409,06:57:47,57.78,4.3,258.0,"13,14,15,16,17,18,19,20,21,22,23,24,25,26,27,28,29,30,31,32,33,34,35,36,37,38"
6415,3,H8,Tornada,11,Sagrera - Parc de la Pegaso,409,07:11:52,11.87,14.066666666733333,844.0,"13,14,15,16,17,18,19,20,21,22,23,24,25,26,27,28,29,30,31,32,33,34,35,36,37,38"
1547,1,H8,Tornada,11,Sagrera - Parc de la Pegaso,409,07:16:12,16.2,4.349999999933333,261.0,"13,14,15,16,17,18,19,20,21,22,23,24,25,26,27,28,29,30,31,32,33,34,35,36,37,38"
2671,1,H8,Tornada,11,Sagrera - Parc de la Pegaso,409,07:25:17,25.28,9.083333333333334,545.0,"13,14,15,16,17,18,19,20,21,22,23,24,25,26,27,28,29,30,31,32,33,34,35,36,37,38"
6217,3,H8,Tornada,11,Sagrera - Parc de la Pegaso,409,07:34:36,34.6,9.300000000033332,558.0,"13,14,15,16,17,18,19,20,21,22,23,24,25,26,27,28,29,30,31,32,33,34,35,36,37,38"
6026,4,H8,Tornada,11,Sagrera - Parc de la Pegaso,409,07:42:36,42.6,8.000000000033333,480.0,"13,14,15,16,17,18,19,20,21,22,23,24,25,26,27,28,29,30,31,32,33,34,35,36,37,38"
6401,3,H8,Tornada,11,Sagrera - Parc de la Pegaso,409,07:51:15,51.25,8.65,519.0,"13,14,15,16,17,18,19,20,21,22,23,24,25,26,27,28,29,30,31,32,33,34,35,36,37,38"
6402,4,H8,Tornada,11,Sagrera - Parc de la Pegaso,409,08:00:16,0.27,9.016666666633334,541.0,"13,14,15,16,17,18,19,20,21,22,23,24,25,26,27,28,29,30,31,32,33,34,35,36,37,38"
6808,4,H8,Tornada,11,Sagrera - Parc de la Pegaso,409,08:06:19,6.32,6.066666666633334,364.0,"13,14,15,16,17,18,19,20,21,22,23,24,25,26,27,28,29,30,31,32,33,34,35,36,37,38"
6037,4,H8,Tornada,11,Sagrera - Parc de la Pegaso,409,08:14:11,14.18,7.850000000033333,471.0,"13,14,15,16,17,18,19,20,21,22,23,24,25,26,27,28,29,30,31,32,33,34,35,36,37,38"
6047,3,H8,Tornada,11,Sagrera - Parc de la Pegaso,409,08:22:38,22.63,8.450000000033333,507.0,"13,14,15,16,17,18,19,20,21,22,23,24,25,26,27,28,29,30,31,32,33,34,35,36,37,38"
6406,4,H8,Tornada,11,Sagrera - Parc de la Pegaso,409,08:30:34,30.57,7.933333333333334,476.0,"13,14,15,16,17,18,19,20,21,22,23,24,25,26,27,28,29,30,31,32,33,34,35,36,37,38"
6215,4,H8,Tornada,11,Sagrera - Parc de la Pegaso,409,08:36:53,36.88,6.316666666633334,379.0,"13,14,15,16,17,18,19,20,21,22,23,24,25,26,27,28,29,30,31,32,33,34,35,36,37,38"
6408,4,H8,Tornada,11,Sagrera - Parc de la Pegaso,409,08:47:27,47.45,10.5666666667,634.0,"1,2,13,14,15,16,17,18,19,20,21,22,23,24,25,26,27,28,29,30,31,32,33,34,35,36,37,38"
6046,4,H8,Tornada,11,Sagrera - Parc de la Pegaso,409,08:51:14,51.23,3.783333333333333,227.0,"13,14,15,16,17,18,19,20,21,22,23,24,25,26,27,28,29,30,31,32,33,34,35,36,37,38"
6407,4,H8,Tornada,11,Sagrera - Parc de la Pegaso,409,08:58:16,58.27,7.033333333333333,422.0,"13,14,15,16,17,18,19,20,21,22,23,24,25,26,27,28,29,30,31,32,33,34,35,36,37,38"
6079,4,H8,Tornada,11,Sagrera - Parc de la Pegaso,409,09:10:22,10.37,12.099999999966666,726.0,"13,14,15,16,17,18,19,20,21,22,23,24,25,26,27,28,29,30,31,32,33,34,35,36,37,38"
6024,5,H8,Tornada,11,Sagrera - Parc de la Pegaso,409,09:16:29,16.48,6.1166666667,367.0,"13,14,15,16,17,18,19,20,21,22,23,24,25,26,27,28,29,30,31,32,33,34,35,36,37,38"
6056,4,H8,Tornada,11,Sagrera - Parc de la Pegaso,409,09:23:59,23.98,7.499999999966667,450.0,"13,14,15,16,17,18,19,20,21,22,23,24,25,26,27,28,29,30,31,32,33,34,35,36,37,38"
6411,6,H8,Tornada,11,Sagrera - Parc de la Pegaso,409,09:29:59,29.98,6.016666666633333,361.0,"13,14,15,16,17,18,19,20,21,22,23,24,25,26,27,28,29,30,31,32,33,34,35,36,37,38"
6059,6,H8,Tornada,11,Sagrera - Parc de la Pegaso,409,09:38:56,38.93,8.95,537.0,"2,13,14,15,16,17,18,19,20,21,22,23,24,25,26,27,28,29,30,31,32,33,34,35,36,37,38"
6055,4,H8,Tornada,11,Sagrera - Parc de la Pegaso,409,09:48:29,48.48,9.4166666667,565.0,"1,2,13,14,15,16,17,18,19,20,21,22,23,24,25,26,27,28,29,30,31,32,33,34,35,36,37,38"
6414,4,H8,Tornada,11,Sagrera - Parc de la Pegaso,409,09:57:31,57.52,9.0333333333,542.0,"13,14,15,16,17,18,19,20,21,22,23,24,25,26,27,28,29,30,31,32,33,34,35,36,37,38"
6415,6,H8,Tornada,11,Sagrera - Parc de la Pegaso,409,10:08:38,8.63,11.116666666666667,667.0,"13,14,15,16,17,18,19,20,21,22,23,24,25,26,27,28,29,30,31,32,33,34,35,36,37,38"
1547,4,H8,Tornada,11,Sagrera - Parc de la Pegaso,409,10:19:36,19.6,10.983333333300001,659.0,"13,14,15,16,17,18,19,20,21,22,23,24,25,26,27,28,29,30,31,32,33,34,35,36,37,38"
2671,4,H8,Tornada,11,Sagrera - Parc de la Pegaso,409,10:26:26,26.43,6.816666666733334,409.0,"13,14,15,16,17,18,19,20,21,22,23,24,25,26,27,28,29,30,31,32,33,34,35,36,37,38"
6217,6,H8,Tornada,11,Sagrera - Parc de la Pegaso,409,10:33:30,33.5,7.066666666666666,424.0,"3,13,14,15,16,17,18,19,20,21,22,23,24,25,26,27,28,29,30,31,32,33,34,35,36,37,38"
6026,7,H8,Tornada,11,Sagrera - Parc de la Pegaso,409,10:44:03,44.05,10.55,633.0,"13,14,15,16,17,18,19,20,21,22,23,24,25,26,27,28,29,30,31,32,33,34,35,36,37,38"
6401,5,H8,Tornada,11,Sagrera - Parc de la Pegaso,409,10:53:33,53.55,9.499999999966667,570.0,"13,14,15,16,17,18,19,20,21,22,23,24,25,26,27,28,29,30,31,32,33,34,35,36,37,38"
6402,7,H8,Tornada,11,Sagrera - Parc de la Pegaso,409,11:02:25,2.42,8.8666666667,532.0,"13,14,15,16,17,18,19,20,21,22,23,24,25,26,27,28,29,30,31,32,33,34,35,36,37,38"
6808,7,H8,Tornada,11,Sagrera - Parc de la Pegaso,409,11:11:24,11.4,8.999999999933333,540.0,"13,14,15,16,17,18,19,20,21,22,23,24,25,26,27,28,29,30,31,32,33,34,35,36,37,38"
6037,7,H8,Tornada,11,Sagrera - Parc de la Pegaso,409,11:20:30,20.5,9.083333333366665,545.0,"13,14,15,16,17,18,19,20,21,22,23,24,25,26,27,28,29,30,31,32,33,34,35,36,37,38"
6047,6,H8,Tornada,11,Sagrera - Parc de la Pegaso,409,11:28:14,28.23,7.749999999966667,465.0,"13,14,15,16,17,18,19,20,21,22,23,24,25,26,27,28,29,30,31,32,33,34,35,36,37,38"
6406,7,H8,Tornada,11,Sagrera - Parc de la Pegaso,409,11:36:58,36.97,8.733333333333333,524.0,"13,14,15,16,17,18,19,20,21,22,23,24,25,26,27,28,29,30,31,32,33,34,35,36,37,38"
6215,7,H8,Tornada,11,Sagrera - Parc de la Pegaso,409,11:43:51,43.85,6.866666666733334,412.0,"13,14,15,16,17,18,19,20,21,22,23,24,25,26,27,28,29,30,31,32,33,34,35,36,37,38"
6121,1,H8,Tornada,11,Sagrera - Parc de la Pegaso,409,11:50:45,50.75,6.9,414.0,"13,14,15,16,17,18,19,20,21,22,23,24,25,26,27,28,29,30,31,32,33,34,35,36,37,38"
6407,7,H8,Tornada,11,Sagrera - Parc de la Pegaso,409,11:58:25,58.42,7.08333333335,425.0,"13,14,15,16,17,18,19,20,21,22,23,24,25,26,27,28,29,30,31,32,33,34,35,36,37,38"
6079,7,H8,Tornada,11,Sagrera - Parc de la Pegaso,409,12:04:53,4.88,6.483333333266667,389.0,"13,14,15,16,17,18,19,20,21,22,23,24,25,26,27,28,29,30,31,32,33,34,35,36,37,38"
6024,8,H8,Tornada,11,Sagrera - Parc de la Pegaso,409,12:14:04,14.07,9.166666666749999,550.0,"13,14,15,16,17,18,19,20,21,22,23,24,25,26,27,28,29,30,31,32,33,34,35,36,37,38"
6056,7,H8,Tornada,11,Sagrera - Parc de la Pegaso,409,12:22:45,22.75,8.683333333333334,521.0,"13,14,15,16,17,18,19,20,21,22,23,24,25,26,27,28,29,30,31,32,33,34,35,36,37,38"
6411,9,H8,Tornada,11,Sagrera - Parc de la Pegaso,409,12:30:55,30.92,8.166666666666666,490.0,"2,13,14,15,16,17,18,19,20,21,22,23,24,25,26,27,28,29,30,31,32,33,34,35,36,37,38"
6211,8,H8,Tornada,11,Sagrera - Parc de la Pegaso,409,12:39:22,39.37,8.4666666666,508.0,"1,2,3,4,5,6,7,8,9,10,13,14,15,16,17,18,19,20,21,22,23,24,25,26,27,28,29,30,31,32,33,34,35,36,37,38"
6055,7,H8,Tornada,11,Sagrera - Parc de la Pegaso,409,12:48:24,48.4,8.683333333266667,521.0,"13,14,15,16,17,18,19,20,21,22,23,24,25,26,27,28,29,30,31,32,33,34,35,36,37,38"
6414,7,H8,Tornada,11,Sagrera - Parc de la Pegaso,409,12:55:50,55.83,7.416666666699999,445.0,"13,14,15,16,17,18,19,20,21,22,23,24,25,26,27,28,29,30,31,32,33,34,35,36,37,38"
6415,9,H8,Tornada,11,Sagrera - Parc de la Pegaso,409,13:09:34,9.57,13.733333333366666,824.0,"13,14,15,16,17,18,19,20,21,22,23,24,25,26,27,28,29,30,31,32,33,34,35,36,37,38"
1547,7,H8,Tornada,11,Sagrera - Parc de la Pegaso,409,13:17:54,17.9,8.3333333333,500.0,"13,14,15,16,17,18,19,20,21,22,23,24,25,26,27,28,29,30,31,32,33,34,35,36,37,38"
2671,7,H8,Tornada,11,Sagrera - Parc de la Pegaso,409,13:26:34,26.57,8.6666666667,520.0,"13,14,15,16,17,18,19,20,21,22,23,24,25,26,27,28,29,30,31,32,33,34,35,36,37,38"
6217,9,H8,Tornada,11,Sagrera - Parc de la Pegaso,409,13:30:50,30.83,4.2833333332666665,257.0,"13,14,15,16,17,18,19,20,21,22,23,24,25,26,27,28,29,30,31,32,33,34,35,36,37,38"
6026,10,H8,Tornada,11,Sagrera - Parc de la Pegaso,409,13:40:20,40.33,9.483333333366666,569.0,"7,13,14,15,16,17,18,19,20,21,22,23,24,25,26,27,28,29,30,31,32,33,34,35,36,37,38"
6401,8,H8,Tornada,11,Sagrera - Parc de la Pegaso,409,13:47:28,47.47,7.149999999966667,429.0,"13,14,15,16,17,18,19,20,21,22,23,24,25,26,27,28,29,30,31,32,33,34,35,36,37,38"
6402,10,H8,Tornada,11,Sagrera - Parc de la Pegaso,409,13:57:48,57.8,10.333333333333334,620.0,"13,14,15,16,17,18,19,20,21,22,23,24,25,26,27,28,29,30,31,32,33,34,35,36,37,38"
6808,10,H8,Tornada,11,Sagrera - Parc de la Pegaso,409,14:04:32,4.53,6.716666666699999,403.0,"13,14,15,16,17,18,19,20,21,22,23,24,25,26,27,28,29,30,31,32,33,34,35,36,37,38"
6037,10,H8,Tornada,11,Sagrera - Parc de la Pegaso,409,14:14:57,14.95,10.4333333333,626.0,"13,14,15,16,17,18,19,20,21,22,23,24,25,26,27,28,29,30,31,32,33,34,35,36,37,38"
6047,9,H8,Tornada,11,Sagrera - Parc de la Pegaso,409,14:21:02,21.03,6.083333333333333,365.0,"13,14,15,16,17,18,19,20,21,22,23,24,25,26,27,28,29,30,31,32,33,34,35,36,37,38"
6406,10,H8,Tornada,11,Sagrera - Parc de la Pegaso,409,14:29:07,29.12,8.083333333333334,485.0,"13,14,15,16,17,18,19,20,21,22,23,24,25,26,27,28,29,30,31,32,33,34,35,36,37,38"
6215,10,H8,Tornada,11,Sagrera - Parc de la Pegaso,409,14:40:38,40.63,11.50000000005,690.0,"13,14,15,16,17,18,19,20,21,22,23,24,25,26,27,28,29,30,31,32,33,34,35,36,37,38"
6121,4,H8,Tornada,11,Sagrera - Parc de la Pegaso,409,14:45:44,45.73,5.100000000016666,306.0,"13,14,15,16,17,18,19,20,21,22,23,24,25,26,27,28,29,30,31,32,33,34,35,36,37,38"
6407,10,H8,Tornada,11,Sagrera - Parc de la Pegaso,409,14:53:03,53.05,7.316666666633334,439.0,"13,14,15,16,17,18,19,20,21,22,23,24,25,26,27,28,29,30,31,32,33,34,35,36,37,38"
6079,10,H8,Tornada,11,Sagrera - Parc de la Pegaso,409,15:03:07,3.12,10.0666666667,604.0,"13,14,15,16,17,18,19,20,21,22,23,24,25,26,27,28,29,30,31,32,33,34,35,36,37,38"
6024,11,H8,Tornada,11,Sagrera - Parc de la Pegaso,409,15:13:27,13.45,10.349999999933335,621.0,"13,14,15,16,17,18,19,20,21,22,23,24,25,26,27,28,29,30,31,32,33,34,35,36,37,38"
6056,10,H8,Tornada,11,Sagrera - Parc de la Pegaso,409,15:24:03,24.05,10.583333333399999,635.0,"13,14,15,16,17,18,19,20,21,22,23,24,25,26,27,28,29,30,31,32,33,34,35,36,37,38"
6411,12,H8,Tornada,11,Sagrera - Parc de la Pegaso,409,15:30:36,30.6,6.55,393.0,"13,14,15,16,17,18,19,20,21,22,23,24,25,26,27,28,29,30,31,32,33,34,35,36,37,38"
6211,11,H8,Tornada,11,Sagrera - Parc de la Pegaso,409,15:41:19,41.32,10.733333333266668,644.0,"13,14,15,16,17,18,19,20,21,22,23,24,25,26,27,28,29,30,31,32,33,34,35,36,37,38"
6055,10,H8,Tornada,11,Sagrera - Parc de la Pegaso,409,15:48:47,48.78,7.116666666666666,427.0,"13,14,15,16,17,18,19,20,21,22,23,24,25,26,27,28,29,30,31,32,33,34,35,36,37,38"
6030,1,H8,Tornada,11,Sagrera - Parc de la Pegaso,409,15:54:44,54.73,5.9666666666333334,358.0,"13,14,15,16,17,18,19,20,21,22,23,24,25,26,27,28,29,30,31,32,33,34,35,36,37,38"
6414,10,H8,Tornada,11,Sagrera - Parc de la Pegaso,409,15:59:35,59.58,4.833333333400001,290.0,"13,14,15,16,17,18,19,20,21,22,23,24,25,26,27,28,29,30,31,32,33,34,35,36,37,38"
6415,12,H8,Tornada,11,Sagrera - Parc de la Pegaso,409,16:12:04,12.07,12.483333333300001,749.0,"13,14,15,16,17,18,19,20,21,22,23,24,25,26,27,28,29,30,31,32,33,34,35,36,37,38"
1547,10,H8,Tornada,11,Sagrera - Parc de la Pegaso,409,16:19:27,19.45,7.399999999966667,444.0,"13,14,15,16,17,18,19,20,21,22,23,24,25,26,27,28,29,30,31,32,33,34,35,36,37,38"
2671,10,H8,Tornada,11,Sagrera - Parc de la Pegaso,409,16:23:40,23.67,4.2000000000333335,252.0,"13,14,15,16,17,18,19,20,21,22,23,24,25,26,27,28,29,30,31,32,33,34,35,36,37,38"
6217,12,H8,Tornada,11,Sagrera - Parc de la Pegaso,409,16:35:47,35.78,12.1333333333,728.0,"13,14,15,16,17,18,19,20,21,22,23,24,25,26,27,28,29,30,31,32,33,34,35,36,37,38"
6026,13,H8,Tornada,11,Sagrera - Parc de la Pegaso,409,16:38:51,38.85,3.0500000000666665,183.0,"13,14,15,16,17,18,19,20,21,22,23,24,25,26,27,28,29,30,31,32,33,34,35,36,37,38"
6409,1,H8,Tornada,11,Sagrera - Parc de la Pegaso,409,16:49:47,49.78,10.9333333333,656.0,"13,14,15,16,17,18,19,20,21,22,23,24,25,26,27,28,29,30,31,32,33,34,35,36,37,38"
6401,11,H8,Tornada,11,Sagrera - Parc de la Pegaso,409,16:54:21,54.35,4.566666666666666,274.0,"13,14,15,16,17,18,19,20,21,22,23,24,25,26,27,28,29,30,31,32,33,34,35,36,37,38"
6402,13,H8,Tornada,11,Sagrera - Parc de la Pegaso,409,17:01:37,1.62,7.2666666667,436.0,"13,14,15,16,17,18,19,20,21,22,23,24,25,26,27,28,29,30,31,32,33,34,35,36,37,38"
6808,13,H8,Tornada,11,Sagrera - Parc de la Pegaso,409,17:11:02,11.03,9.416666666633335,565.0,"13,14,15,16,17,18,19,20,21,22,23,24,25,26,27,28,29,30,31,32,33,34,35,36,37,38"
6037,13,H8,Tornada,11,Sagrera - Parc de la Pegaso,409,17:23:02,23.03,12.0,720.0,"13,14,15,16,17,18,19,20,21,22,23,24,25,26,27,28,29,30,31,32,33,34,35,36,37,38"
6406,13,H8,Tornada,11,Sagrera - Parc de la Pegaso,409,17:37:00,37.0,13.983333333300001,839.0,"13,14,15,16,17,18,19,20,21,22,23,24,25,26,27,28,29,30,31,32,33,34,35,36,37,38"
6215,13,H8,Tornada,11,Sagrera - Parc de la Pegaso,409,17:42:28,42.47,5.466666666666667,328.0,"13,14,15,16,17,18,19,20,21,22,23,24,25,26,27,28,29,30,31,32,33,34,35,36,37,38"
6047,12,H8,Tornada,11,Sagrera - Parc de la Pegaso,409,17:43:32,43.53,1.0500000000333334,63.0,"13,14,15,16,17,18,19,20,21,22,23,24,25,26,27,28,29,30,31,32,33,34,35,36,37,38"
6121,7,H8,Tornada,11,Sagrera - Parc de la Pegaso,409,17:52:37,52.62,9.083333333366665,545.0,"13,14,15,16,17,18,19,20,21,22,23,24,25,26,27,28,29,30,31,32,33,34,35,36,37,38"
6407,13,H8,Tornada,11,Sagrera - Parc de la Pegaso,409,17:55:58,55.97,3.183333333333333,191.0,"13,14,15,16,17,18,19,20,21,22,23,24,25,26,27,28,29,30,31,32,33,34,35,36,37,38"
6079,13,H8,Tornada,11,Sagrera - Parc de la Pegaso,409,18:07:30,7.5,11.516666666733332,691.0,"7,8,9,10,13,14,15,16,17,18,19,20,21,22,23,24,25,26,27,28,29,30,31,32,33,34,35,36,37,38"
6024,14,H8,Tornada,11,Sagrera - Parc de la Pegaso,409,18:12:03,12.05,4.55,273.0,"13,14,15,16,17,18,19,20,21,22,23,24,25,26,27,28,29,30,31,32,33,34,35,36,37,38"
6056,13,H8,Tornada,11,Sagrera - Parc de la Pegaso,409,18:20:42,20.7,8.666666666600001,520.0,"13,14,15,16,17,18,19,20,21,22,23,24,25,26,27,28,29,30,31,32,33,34,35,36,37,38"
6411,15,H8,Tornada,11,Sagrera - Parc de la Pegaso,409,18:28:41,28.68,7.983333333333333,479.0,"13,14,15,16,17,18,19,20,21,22,23,24,25,26,27,28,29,30,31,32,33,34,35,36,37,38"
6059,15,H8,Tornada,11,Sagrera - Parc de la Pegaso,409,18:34:12,34.2,5.516666666666667,331.0,"1,2,13,14,15,16,17,18,19,20,21,22,23,24,25,26,27,28,29,30,31,32,33,34,35,36,37,38"
6030,4,H8,Tornada,11,Sagrera - Parc de la Pegaso,409,18:44:45,44.75,10.55,633.0,"13,14,15,16,17,18,19,20,21,22,23,24,25,26,27,28,29,30,31,32,33,34,35,36,37,38"
6414,13,H8,Tornada,11,Sagrera - Parc de la Pegaso,409,18:52:17,52.28,7.516666666733333,451.0,"13,14,15,16,17,18,19,20,21,22,23,24,25,26,27,28,29,30,31,32,33,34,35,36,37,38"
6415,15,H8,Tornada,11,Sagrera - Parc de la Pegaso,409,19:04:36,4.6,12.333333333266667,740.0,"13,14,15,16,17,18,19,20,21,22,23,24,25,26,27,28,29,30,31,32,33,34,35,36,37,38"
1547,13,H8,Tornada,11,Sagrera - Parc de la Pegaso,409,19:10:42,10.7,6.1,366.0,"1,13,14,15,16,17,18,19,20,21,22,23,24,25,26,27,28,29,30,31,32,33,34,35,36,37,38"
6409,4,H8,Tornada,11,Sagrera - Parc de la Pegaso,409,19:33:57,33.95,23.249999999983334,1395.0,"8,13,14,15,16,17,18,19,20,21,22,23,24,25,26,27,28,29,30,31,32,33,34,35,36,37,38"
6026,16,H8,Tornada,11,Sagrera - Parc de la Pegaso,409,19:35:09,35.15,1.2000000000166666,72.0,"13,14,15,16,17,18,19,20,21,22,23,24,25,26,27,28,29,30,31,32,33,34,35,36,37,38"
6401,14,H8,Tornada,11,Sagrera - Parc de la Pegaso,409,19:42:05,42.08,6.916666666733334,415.0,"13,14,15,16,17,18,19,20,21,22,23,24,25,26,27,28,29,30,31,32,33,34,35,36,37,38"
6402,16,H8,Tornada,11,Sagrera - Parc de la Pegaso,409,19:52:45,52.75,10.666666666666666,640.0,"13,14,15,16,17,18,19,20,21,22,23,24,25,26,27,28,29,30,31,32,33,34,35,36,37,38"
6037,16,H8,Tornada,11,Sagrera - Parc de la Pegaso,409,20:06:49,6.82,14.066666666666666,844.0,"13,14,15,16,17,18,19,20,21,22,23,24,25,26,27,28,29,30,31,32,33,34,35,36,37,38"
6047,14,H8,Tornada,11,Sagrera - Parc de la Pegaso,409,20:13:03,13.05,6.233333333333333,374.0,"13,14,15,16,17,18,19,20,21,22,23,24,25,26,27,28,29,30,31,32,33,34,35,36,37,38"
6121,10,H8,Tornada,11,Sagrera - Parc de la Pegaso,409,20:30:27,30.45,16.666666666633333,1000.0,"13,14,15,16,17,18,19,20,21,22,23,24,25,26,27,28,29,30,31,32,33,34,35,36,37,38"
6024,17,H8,Tornada,11,Sagrera - Parc de la Pegaso,409,20:44:25,44.42,13.950000000033333,837.0,"13,14,15,16,17,18,19,20,21,22,23,24,25,26,27,28,29,30,31,32,33,34,35,36,37,38"
6411,17,H8,Tornada,11,Sagrera - Parc de la Pegaso,409,21:03:36,3.6,19.183333333333334,1151.0,"13,14,15,16,17,18,19,20,21,22,23,24,25,26,27,28,29,30,31,32,33,34,35,36,37,38"
6414,16,H8,Tornada,11,Sagrera - Parc de la Pegaso,409,21:20:25,20.42,16.816666666699998,1009.0,"6,13,14,15,16,17,18,19,20,21,22,23,24,25,26,27,28,29,30,31,32,33,34,35,36,37,38"
6415,17,H8,Tornada,11,Sagrera - Parc de la Pegaso,409,21:42:41,42.68,22.266666666633334,1336.0,"13,14,15,16,17,18,19,20,21,22,23,24,25,26,27,28,29,30,31,32,33,34,35,36,37,38"
6411,1,H8,Tornada,12,Sagrera - Martí Molins,454,03:48:04,48.07,,,"1,13,14,15,16,17,18,19,20,21,22,23,24,25,26,27,28,29,30,31,32,33,34,35,36,37,38"
6059,1,H8,Tornada,12,Sagrera - Martí Molins,454,04:03:58,3.97,15.900000000033334,954.0,"13,14,15,16,17,18,19,20,21,22,23,24,25,26,27,28,29,30,31,32,33,34,35,36,37,38"
6415,1,H8,Tornada,12,Sagrera - Martí Molins,454,04:22:14,22.23,18.266666666666666,1096.0,"13,14,15,16,17,18,19,20,21,22,23,24,25,26,27,28,29,30,31,32,33,34,35,36,37,38"
6217,1,H8,Tornada,12,Sagrera - Martí Molins,454,04:37:08,37.13,14.916666666600001,895.0,"13,14,15,16,17,18,19,20,21,22,23,24,25,26,27,28,29,30,31,32,33,34,35,36,37,38"
6026,1,H8,Tornada,12,Sagrera - Martí Molins,454,04:47:33,47.55,10.416666666666666,625.0,"13,14,15,16,17,18,19,20,21,22,23,24,25,26,27,28,29,30,31,32,33,34,35,36,37,38"
6401,1,H8,Tornada,12,Sagrera - Martí Molins,454,04:56:44,56.73,9.1666666667,550.0,"1,2,13,14,15,16,17,18,19,20,21,22,23,24,25,26,27,28,29,30,31,32,33,34,35,36,37,38"
6402,1,H8,Tornada,12,Sagrera - Martí Molins,454,05:03:12,3.2,6.466666666699999,388.0,"13,14,15,16,17,18,19,20,21,22,23,24,25,26,27,28,29,30,31,32,33,34,35,36,37,38"
6808,1,H8,Tornada,12,Sagrera - Martí Molins,454,05:13:26,13.43,10.233333333333333,614.0,"1,13,14,15,16,17,18,19,20,21,22,23,24,25,26,27,28,29,30,31,32,33,34,35,36,37,38"
6037,1,H8,Tornada,12,Sagrera - Martí Molins,454,05:18:28,18.47,5.033333333333333,302.0,"13,14,15,16,17,18,19,20,21,22,23,24,25,26,27,28,29,30,31,32,33,34,35,36,37,38"
6406,1,H8,Tornada,12,Sagrera - Martí Molins,454,05:35:21,35.35,16.883333333333333,1013.0,"13,14,15,16,17,18,19,20,21,22,23,24,25,26,27,28,29,30,31,32,33,34,35,36,37,38"
6215,1,H8,Tornada,12,Sagrera - Martí Molins,454,05:40:13,40.22,4.866666666666666,292.0,"13,14,15,16,17,18,19,20,21,22,23,24,25,26,27,28,29,30,31,32,33,34,35,36,37,38"
6046,1,H8,Tornada,12,Sagrera - Martí Molins,454,05:49:44,49.73,9.516666666633334,571.0,"13,14,15,16,17,18,19,20,21,22,23,24,25,26,27,28,29,30,31,32,33,34,35,36,37,38"
6408,1,H8,Tornada,12,Sagrera - Martí Molins,454,05:53:45,53.75,4.0166666667,241.0,"13,14,15,16,17,18,19,20,21,22,23,24,25,26,27,28,29,30,31,32,33,34,35,36,37,38"
6407,1,H8,Tornada,12,Sagrera - Martí Molins,454,06:02:26,2.43,8.683333333333334,521.0,"13,14,15,16,17,18,19,20,21,22,23,24,25,26,27,28,29,30,31,32,33,34,35,36,37,38"
6079,1,H8,Tornada,12,Sagrera - Martí Molins,454,06:10:55,10.92,8.483333333333333,509.0,"13,14,15,16,17,18,19,20,21,22,23,24,25,26,27,28,29,30,31,32,33,34,35,36,37,38"
6024,2,H8,Tornada,12,Sagrera - Martí Molins,454,06:16:55,16.92,6.0,360.0,"2,13,14,15,16,17,18,19,20,21,22,23,24,25,26,27,28,29,30,31,32,33,34,35,36,37,38"
6056,1,H8,Tornada,12,Sagrera - Martí Molins,454,06:25:47,25.78,8.883333333266668,533.0,"13,14,15,16,17,18,19,20,21,22,23,24,25,26,27,28,29,30,31,32,33,34,35,36,37,38"
6411,3,H8,Tornada,12,Sagrera - Martí Molins,454,06:29:38,29.63,3.8333333333999997,230.0,"13,14,15,16,17,18,19,20,21,22,23,24,25,26,27,28,29,30,31,32,33,34,35,36,37,38"
6211,1,H8,Tornada,12,Sagrera - Martí Molins,454,06:42:26,42.43,12.816666666600002,769.0,"13,14,15,16,17,18,19,20,21,22,23,24,25,26,27,28,29,30,31,32,33,34,35,36,37,38"
6055,1,H8,Tornada,12,Sagrera - Martí Molins,454,06:48:10,48.17,5.7166666667333335,343.0,"13,14,15,16,17,18,19,20,21,22,23,24,25,26,27,28,29,30,31,32,33,34,35,36,37,38"
6414,1,H8,Tornada,12,Sagrera - Martí Molins,454,06:56:29,56.48,8.333333333266667,500.0,"13,14,15,16,17,18,19,20,21,22,23,24,25,26,27,28,29,30,31,32,33,34,35,36,37,38"
6059,3,H8,Tornada,12,Sagrera - Martí Molins,454,07:02:18,2.3,5.816666666666666,349.0,"13,14,15,16,17,18,19,20,21,22,23,24,25,26,27,28,29,30,31,32,33,34,35,36,37,38"
6415,3,H8,Tornada,12,Sagrera - Martí Molins,454,07:13:49,13.82,11.516666666666667,691.0,"13,14,15,16,17,18,19,20,21,22,23,24,25,26,27,28,29,30,31,32,33,34,35,36,37,38"
1547,1,H8,Tornada,12,Sagrera - Martí Molins,454,07:18:43,18.72,4.883333333366666,293.0,"13,14,15,16,17,18,19,20,21,22,23,24,25,26,27,28,29,30,31,32,33,34,35,36,37,38"
2671,1,H8,Tornada,12,Sagrera - Martí Molins,454,07:26:51,26.85,8.149999999966667,489.0,"13,14,15,16,17,18,19,20,21,22,23,24,25,26,27,28,29,30,31,32,33,34,35,36,37,38"
6217,3,H8,Tornada,12,Sagrera - Martí Molins,454,07:36:07,36.12,9.250000000033333,555.0,"13,14,15,16,17,18,19,20,21,22,23,24,25,26,27,28,29,30,31,32,33,34,35,36,37,38"
6026,4,H8,Tornada,12,Sagrera - Martí Molins,454,07:44:07,44.12,8.000000000033333,480.0,"13,14,15,16,17,18,19,20,21,22,23,24,25,26,27,28,29,30,31,32,33,34,35,36,37,38"
6401,3,H8,Tornada,12,Sagrera - Martí Molins,454,07:52:48,52.8,8.699999999933334,522.0,"13,14,15,16,17,18,19,20,21,22,23,24,25,26,27,28,29,30,31,32,33,34,35,36,37,38"
6402,4,H8,Tornada,12,Sagrera - Martí Molins,454,08:01:59,1.98,9.183333333333334,551.0,"13,14,15,16,17,18,19,20,21,22,23,24,25,26,27,28,29,30,31,32,33,34,35,36,37,38"
6808,4,H8,Tornada,12,Sagrera - Martí Molins,454,08:08:25,8.42,6.416666666699999,385.0,"13,14,15,16,17,18,19,20,21,22,23,24,25,26,27,28,29,30,31,32,33,34,35,36,37,38"
6037,4,H8,Tornada,12,Sagrera - Martí Molins,454,08:16:36,16.6,8.199999999966668,492.0,"13,14,15,16,17,18,19,20,21,22,23,24,25,26,27,28,29,30,31,32,33,34,35,36,37,38"
6047,3,H8,Tornada,12,Sagrera - Martí Molins,454,08:24:35,24.58,7.983333333333333,479.0,"13,14,15,16,17,18,19,20,21,22,23,24,25,26,27,28,29,30,31,32,33,34,35,36,37,38"
6406,4,H8,Tornada,12,Sagrera - Martí Molins,454,08:32:18,32.3,7.700000000033333,462.0,"13,14,15,16,17,18,19,20,21,22,23,24,25,26,27,28,29,30,31,32,33,34,35,36,37,38"
6215,4,H8,Tornada,12,Sagrera - Martí Molins,454,08:38:33,38.55,6.266666666633333,376.0,"13,14,15,16,17,18,19,20,21,22,23,24,25,26,27,28,29,30,31,32,33,34,35,36,37,38"
6408,4,H8,Tornada,12,Sagrera - Martí Molins,454,08:49:02,49.03,10.4666666667,628.0,"1,2,13,14,15,16,17,18,19,20,21,22,23,24,25,26,27,28,29,30,31,32,33,34,35,36,37,38"
6046,4,H8,Tornada,12,Sagrera - Martí Molins,454,08:53:08,53.13,4.100000000033334,246.0,"13,14,15,16,17,18,19,20,21,22,23,24,25,26,27,28,29,30,31,32,33,34,35,36,37,38"
6407,4,H8,Tornada,12,Sagrera - Martí Molins,454,08:59:56,59.93,6.8166666666,409.0,"13,14,15,16,17,18,19,20,21,22,23,24,25,26,27,28,29,30,31,32,33,34,35,36,37,38"
6079,4,H8,Tornada,12,Sagrera - Martí Molins,454,09:13:20,13.33,13.4,804.0,"13,14,15,16,17,18,19,20,21,22,23,24,25,26,27,28,29,30,31,32,33,34,35,36,37,38"
6024,5,H8,Tornada,12,Sagrera - Martí Molins,454,09:17:36,17.6,4.250000000066667,255.0,"13,14,15,16,17,18,19,20,21,22,23,24,25,26,27,28,29,30,31,32,33,34,35,36,37,38"
6056,4,H8,Tornada,12,Sagrera - Martí Molins,454,09:25:19,25.32,7.733333333266667,464.0,"13,14,15,16,17,18,19,20,21,22,23,24,25,26,27,28,29,30,31,32,33,34,35,36,37,38"
6411,6,H8,Tornada,12,Sagrera - Martí Molins,454,09:31:57,31.95,6.633333333333334,398.0,"13,14,15,16,17,18,19,20,21,22,23,24,25,26,27,28,29,30,31,32,33,34,35,36,37,38"
6059,6,H8,Tornada,12,Sagrera - Martí Molins,454,09:41:32,41.53,9.566666666733333,574.0,"2,13,14,15,16,17,18,19,20,21,22,23,24,25,26,27,28,29,30,31,32,33,34,35,36,37,38"
6055,4,H8,Tornada,12,Sagrera - Martí Molins,454,09:50:26,50.43,8.416666666666666,505.0,"1,2,13,14,15,16,17,18,19,20,21,22,23,24,25,26,27,28,29,30,31,32,33,34,35,36,37,38"
6414,4,H8,Tornada,12,Sagrera - Martí Molins,454,09:59:13,59.22,8.7833333333,527.0,"13,14,15,16,17,18,19,20,21,22,23,24,25,26,27,28,29,30,31,32,33,34,35,36,37,38"
6415,6,H8,Tornada,12,Sagrera - Martí Molins,454,10:10:46,10.77,11.550000000033332,693.0,"13,14,15,16,17,18,19,20,21,22,23,24,25,26,27,28,29,30,31,32,33,34,35,36,37,38"
1547,4,H8,Tornada,12,Sagrera - Martí Molins,454,10:22:00,22.0,11.233333333300001,674.0,"13,14,15,16,17,18,19,20,21,22,23,24,25,26,27,28,29,30,31,32,33,34,35,36,37,38"
2671,4,H8,Tornada,12,Sagrera - Martí Molins,454,10:27:40,27.67,5.666666666666667,340.0,"13,14,15,16,17,18,19,20,21,22,23,24,25,26,27,28,29,30,31,32,33,34,35,36,37,38"
6217,6,H8,Tornada,12,Sagrera - Martí Molins,454,10:35:23,35.38,7.716666666666667,463.0,"3,13,14,15,16,17,18,19,20,21,22,23,24,25,26,27,28,29,30,31,32,33,34,35,36,37,38"
6026,7,H8,Tornada,12,Sagrera - Martí Molins,454,10:45:21,45.35,9.983333333316667,599.0,"13,14,15,16,17,18,19,20,21,22,23,24,25,26,27,28,29,30,31,32,33,34,35,36,37,38"
6401,5,H8,Tornada,12,Sagrera - Martí Molins,454,10:54:30,54.5,9.149999999983333,549.0,"13,14,15,16,17,18,19,20,21,22,23,24,25,26,27,28,29,30,31,32,33,34,35,36,37,38"
6402,7,H8,Tornada,12,Sagrera - Martí Molins,454,11:03:47,3.78,9.266666666733332,556.0,"13,14,15,16,17,18,19,20,21,22,23,24,25,26,27,28,29,30,31,32,33,34,35,36,37,38"
6808,7,H8,Tornada,12,Sagrera - Martí Molins,454,11:13:10,13.17,9.383333333333333,563.0,"13,14,15,16,17,18,19,20,21,22,23,24,25,26,27,28,29,30,31,32,33,34,35,36,37,38"
6037,7,H8,Tornada,12,Sagrera - Martí Molins,454,11:21:58,21.97,8.799999999966667,528.0,"13,14,15,16,17,18,19,20,21,22,23,24,25,26,27,28,29,30,31,32,33,34,35,36,37,38"
6047,6,H8,Tornada,12,Sagrera - Martí Molins,454,11:29:21,29.35,7.383333333366666,443.0,"13,14,15,16,17,18,19,20,21,22,23,24,25,26,27,28,29,30,31,32,33,34,35,36,37,38"
6406,7,H8,Tornada,12,Sagrera - Martí Molins,454,11:38:23,38.38,9.049999999933334,543.0,"13,14,15,16,17,18,19,20,21,22,23,24,25,26,27,28,29,30,31,32,33,34,35,36,37,38"
6215,7,H8,Tornada,12,Sagrera - Martí Molins,454,11:44:57,44.95,6.566666666666666,394.0,"13,14,15,16,17,18,19,20,21,22,23,24,25,26,27,28,29,30,31,32,33,34,35,36,37,38"
6121,1,H8,Tornada,12,Sagrera - Martí Molins,454,11:52:38,52.63,7.666666666699999,460.0,"13,14,15,16,17,18,19,20,21,22,23,24,25,26,27,28,29,30,31,32,33,34,35,36,37,38"
6407,7,H8,Tornada,12,Sagrera - Martí Molins,454,12:00:05,0.08,7.416666666633334,445.0,"13,14,15,16,17,18,19,20,21,22,23,24,25,26,27,28,29,30,31,32,33,34,35,36,37,38"
6079,7,H8,Tornada,12,Sagrera - Martí Molins,454,12:06:50,6.83,6.7333333334,404.0,"13,14,15,16,17,18,19,20,21,22,23,24,25,26,27,28,29,30,31,32,33,34,35,36,37,38"
6024,8,H8,Tornada,12,Sagrera - Martí Molins,454,12:14:55,14.92,8.083333333316666,485.0,"13,14,15,16,17,18,19,20,21,22,23,24,25,26,27,28,29,30,31,32,33,34,35,36,37,38"
6056,7,H8,Tornada,12,Sagrera - Martí Molins,454,12:24:30,24.5,9.59999999995,576.0,"13,14,15,16,17,18,19,20,21,22,23,24,25,26,27,28,29,30,31,32,33,34,35,36,37,38"
6411,9,H8,Tornada,12,Sagrera - Martí Molins,454,12:32:12,32.2,7.683333333366666,461.0,"2,13,14,15,16,17,18,19,20,21,22,23,24,25,26,27,28,29,30,31,32,33,34,35,36,37,38"
6059,9,H8,Tornada,12,Sagrera - Martí Molins,454,12:40:42,40.7,8.500000000033333,510.0,"13,14,15,16,17,18,19,20,21,22,23,24,25,26,27,28,29,30,31,32,33,34,35,36,37,38"
6055,7,H8,Tornada,12,Sagrera - Martí Molins,454,12:50:24,50.4,9.633333333333333,578.0,"13,14,15,16,17,18,19,20,21,22,23,24,25,26,27,28,29,30,31,32,33,34,35,36,37,38"
6414,7,H8,Tornada,12,Sagrera - Martí Molins,454,12:58:49,58.82,8.416666666666666,505.0,"13,14,15,16,17,18,19,20,21,22,23,24,25,26,27,28,29,30,31,32,33,34,35,36,37,38"
6415,9,H8,Tornada,12,Sagrera - Martí Molins,454,13:11:30,11.5,12.6666666667,760.0,"13,14,15,16,17,18,19,20,21,22,23,24,25,26,27,28,29,30,31,32,33,34,35,36,37,38"
1547,7,H8,Tornada,12,Sagrera - Martí Molins,454,13:18:28,18.47,6.966666666666667,418.0,"13,14,15,16,17,18,19,20,21,22,23,24,25,26,27,28,29,30,31,32,33,34,35,36,37,38"
2671,7,H8,Tornada,12,Sagrera - Martí Molins,454,13:28:07,28.12,9.650000000033334,579.0,"13,14,15,16,17,18,19,20,21,22,23,24,25,26,27,28,29,30,31,32,33,34,35,36,37,38"
6217,9,H8,Tornada,12,Sagrera - Martí Molins,454,13:32:32,32.53,4.416666666666667,265.0,"13,14,15,16,17,18,19,20,21,22,23,24,25,26,27,28,29,30,31,32,33,34,35,36,37,38"
6026,10,H8,Tornada,12,Sagrera - Martí Molins,454,13:41:15,41.25,8.733333333266668,524.0,"7,13,14,15,16,17,18,19,20,21,22,23,24,25,26,27,28,29,30,31,32,33,34,35,36,37,38"
6401,8,H8,Tornada,12,Sagrera - Martí Molins,454,13:49:02,49.03,7.7666666667,466.0,"13,14,15,16,17,18,19,20,21,22,23,24,25,26,27,28,29,30,31,32,33,34,35,36,37,38"
6402,10,H8,Tornada,12,Sagrera - Martí Molins,454,13:59:48,59.8,10.766666666666667,646.0,"13,14,15,16,17,18,19,20,21,22,23,24,25,26,27,28,29,30,31,32,33,34,35,36,37,38"
6808,10,H8,Tornada,12,Sagrera - Martí Molins,454,14:05:51,5.85,6.050000000033333,363.0,"13,14,15,16,17,18,19,20,21,22,23,24,25,26,27,28,29,30,31,32,33,34,35,36,37,38"
6037,10,H8,Tornada,12,Sagrera - Martí Molins,454,14:16:52,16.87,11.016666666633334,661.0,"13,14,15,16,17,18,19,20,21,22,23,24,25,26,27,28,29,30,31,32,33,34,35,36,37,38"
6047,9,H8,Tornada,12,Sagrera - Martí Molins,454,14:22:34,22.57,5.7,342.0,"13,14,15,16,17,18,19,20,21,22,23,24,25,26,27,28,29,30,31,32,33,34,35,36,37,38"
6406,10,H8,Tornada,12,Sagrera - Martí Molins,454,14:30:20,30.33,7.783333333300001,467.0,"13,14,15,16,17,18,19,20,21,22,23,24,25,26,27,28,29,30,31,32,33,34,35,36,37,38"
6215,10,H8,Tornada,12,Sagrera - Martí Molins,454,14:42:35,42.58,12.2333333334,734.0,"13,14,15,16,17,18,19,20,21,22,23,24,25,26,27,28,29,30,31,32,33,34,35,36,37,38"
6121,4,H8,Tornada,12,Sagrera - Martí Molins,454,14:47:22,47.37,4.799999999933333,288.0,"13,14,15,16,17,18,19,20,21,22,23,24,25,26,27,28,29,30,31,32,33,34,35,36,37,38"
6407,10,H8,Tornada,12,Sagrera - Martí Molins,454,14:55:02,55.03,7.666666666666667,460.0,"13,14,15,16,17,18,19,20,21,22,23,24,25,26,27,28,29,30,31,32,33,34,35,36,37,38"
6079,10,H8,Tornada,12,Sagrera - Martí Molins,454,15:05:17,5.28,10.25,615.0,"13,14,15,16,17,18,19,20,21,22,23,24,25,26,27,28,29,30,31,32,33,34,35,36,37,38"
6024,11,H8,Tornada,12,Sagrera - Martí Molins,454,15:15:01,15.02,9.716666666733333,583.0,"13,14,15,16,17,18,19,20,21,22,23,24,25,26,27,28,29,30,31,32,33,34,35,36,37,38"
6056,10,H8,Tornada,12,Sagrera - Martí Molins,454,15:25:37,25.62,10.6166666666,637.0,"13,14,15,16,17,18,19,20,21,22,23,24,25,26,27,28,29,30,31,32,33,34,35,36,37,38"
6411,12,H8,Tornada,12,Sagrera - Martí Molins,454,15:32:38,32.63,7.000000000066667,420.0,"13,14,15,16,17,18,19,20,21,22,23,24,25,26,27,28,29,30,31,32,33,34,35,36,37,38"
6059,12,H8,Tornada,12,Sagrera - Martí Molins,454,15:42:49,42.82,10.199999999933334,612.0,"13,14,15,16,17,18,19,20,21,22,23,24,25,26,27,28,29,30,31,32,33,34,35,36,37,38"
6055,10,H8,Tornada,12,Sagrera - Martí Molins,454,15:50:31,50.52,7.083333333366666,425.0,"13,14,15,16,17,18,19,20,21,22,23,24,25,26,27,28,29,30,31,32,33,34,35,36,37,38"
6030,1,H8,Tornada,12,Sagrera - Martí Molins,454,15:56:44,56.73,6.216666666666667,373.0,"13,14,15,16,17,18,19,20,21,22,23,24,25,26,27,28,29,30,31,32,33,34,35,36,37,38"
6414,10,H8,Tornada,12,Sagrera - Martí Molins,454,16:01:46,1.77,5.033333333333333,302.0,"13,14,15,16,17,18,19,20,21,22,23,24,25,26,27,28,29,30,31,32,33,34,35,36,37,38"
6415,12,H8,Tornada,12,Sagrera - Martí Molins,454,16:13:11,13.18,11.4166666667,685.0,"13,14,15,16,17,18,19,20,21,22,23,24,25,26,27,28,29,30,31,32,33,34,35,36,37,38"
1547,10,H8,Tornada,12,Sagrera - Martí Molins,454,16:20:41,20.68,7.5,450.0,"13,14,15,16,17,18,19,20,21,22,23,24,25,26,27,28,29,30,31,32,33,34,35,36,37,38"
2671,10,H8,Tornada,12,Sagrera - Martí Molins,454,16:25:38,25.63,4.95,297.0,"13,14,15,16,17,18,19,20,21,22,23,24,25,26,27,28,29,30,31,32,33,34,35,36,37,38"
6217,12,H8,Tornada,12,Sagrera - Martí Molins,454,16:37:26,37.43,11.816666666600002,709.0,"13,14,15,16,17,18,19,20,21,22,23,24,25,26,27,28,29,30,31,32,33,34,35,36,37,38"
6026,13,H8,Tornada,12,Sagrera - Martí Molins,454,16:40:59,40.98,3.55,213.0,"13,14,15,16,17,18,19,20,21,22,23,24,25,26,27,28,29,30,31,32,33,34,35,36,37,38"
6409,1,H8,Tornada,12,Sagrera - Martí Molins,454,16:51:41,51.68,10.7,642.0,"13,14,15,16,17,18,19,20,21,22,23,24,25,26,27,28,29,30,31,32,33,34,35,36,37,38"
6401,11,H8,Tornada,12,Sagrera - Martí Molins,454,16:55:55,55.92,4.2166666667,253.0,"13,14,15,16,17,18,19,20,21,22,23,24,25,26,27,28,29,30,31,32,33,34,35,36,37,38"
6402,13,H8,Tornada,12,Sagrera - Martí Molins,454,17:03:05,3.08,7.1833333333,431.0,"13,14,15,16,17,18,19,20,21,22,23,24,25,26,27,28,29,30,31,32,33,34,35,36,37,38"
6808,13,H8,Tornada,12,Sagrera - Martí Molins,454,17:12:38,12.63,9.55,573.0,"13,14,15,16,17,18,19,20,21,22,23,24,25,26,27,28,29,30,31,32,33,34,35,36,37,38"
6037,13,H8,Tornada,12,Sagrera - Martí Molins,454,17:23:56,23.93,11.283333333366667,677.0,"13,14,15,16,17,18,19,20,21,22,23,24,25,26,27,28,29,30,31,32,33,34,35,36,37,38"
6406,13,H8,Tornada,12,Sagrera - Martí Molins,454,17:38:55,38.92,14.983333333333333,899.0,"13,14,15,16,17,18,19,20,21,22,23,24,25,26,27,28,29,30,31,32,33,34,35,36,37,38"
6215,13,H8,Tornada,12,Sagrera - Martí Molins,454,17:44:47,44.78,5.8666666667,352.0,"13,14,15,16,17,18,19,20,21,22,23,24,25,26,27,28,29,30,31,32,33,34,35,36,37,38"
6121,7,H8,Tornada,12,Sagrera - Martí Molins,454,17:54:16,54.27,9.033333333266667,542.0,"13,14,15,16,17,18,19,20,21,22,23,24,25,26,27,28,29,30,31,32,33,34,35,36,37,38"
6407,13,H8,Tornada,12,Sagrera - Martí Molins,454,17:58:04,58.07,3.033333333333333,182.0,"13,14,15,16,17,18,19,20,21,22,23,24,25,26,27,28,29,30,31,32,33,34,35,36,37,38"
6079,13,H8,Tornada,12,Sagrera - Martí Molins,454,18:09:16,9.27,11.2166666666,673.0,"7,8,9,10,13,14,15,16,17,18,19,20,21,22,23,24,25,26,27,28,29,30,31,32,33,34,35,36,37,38"
6024,14,H8,Tornada,12,Sagrera - Martí Molins,454,18:13:27,13.45,4.166666666733333,250.0,"13,14,15,16,17,18,19,20,21,22,23,24,25,26,27,28,29,30,31,32,33,34,35,36,37,38"
6056,13,H8,Tornada,12,Sagrera - Martí Molins,454,18:21:42,21.7,8.25,495.0,"13,14,15,16,17,18,19,20,21,22,23,24,25,26,27,28,29,30,31,32,33,34,35,36,37,38"
6411,15,H8,Tornada,12,Sagrera - Martí Molins,454,18:29:57,29.95,8.266666666599999,496.0,"13,14,15,16,17,18,19,20,21,22,23,24,25,26,27,28,29,30,31,32,33,34,35,36,37,38"
6059,15,H8,Tornada,12,Sagrera - Martí Molins,454,18:35:51,35.85,5.8833333334,353.0,"1,2,13,14,15,16,17,18,19,20,21,22,23,24,25,26,27,28,29,30,31,32,33,34,35,36,37,38"
6030,4,H8,Tornada,12,Sagrera - Martí Molins,454,18:46:05,46.08,10.249999999933333,615.0,"13,14,15,16,17,18,19,20,21,22,23,24,25,26,27,28,29,30,31,32,33,34,35,36,37,38"
6414,13,H8,Tornada,12,Sagrera - Martí Molins,454,18:54:21,54.35,8.266666666666667,496.0,"13,14,15,16,17,18,19,20,21,22,23,24,25,26,27,28,29,30,31,32,33,34,35,36,37,38"
6415,15,H8,Tornada,12,Sagrera - Martí Molins,454,19:05:52,5.87,11.500000000066667,690.0,"13,14,15,16,17,18,19,20,21,22,23,24,25,26,27,28,29,30,31,32,33,34,35,36,37,38"
1547,13,H8,Tornada,12,Sagrera - Martí Molins,454,19:12:02,12.03,6.166666666633334,370.0,"1,13,14,15,16,17,18,19,20,21,22,23,24,25,26,27,28,29,30,31,32,33,34,35,36,37,38"
6409,4,H8,Tornada,12,Sagrera - Martí Molins,454,19:35:41,35.68,23.65,1419.0,"8,13,14,15,16,17,18,19,20,21,22,23,24,25,26,27,28,29,30,31,32,33,34,35,36,37,38"
6401,14,H8,Tornada,12,Sagrera - Martí Molins,454,19:44:01,44.02,7.9833333333,479.0,"13,14,15,16,17,18,19,20,21,22,23,24,25,26,27,28,29,30,31,32,33,34,35,36,37,38"
6402,16,H8,Tornada,12,Sagrera - Martí Molins,454,19:53:21,53.35,9.316666666733333,559.0,"13,14,15,16,17,18,19,20,21,22,23,24,25,26,27,28,29,30,31,32,33,34,35,36,37,38"
6037,16,H8,Tornada,12,Sagrera - Martí Molins,454,20:08:11,8.18,14.833333333333334,890.0,"13,14,15,16,17,18,19,20,21,22,23,24,25,26,27,28,29,30,31,32,33,34,35,36,37,38"
6047,14,H8,Tornada,12,Sagrera - Martí Molins,454,20:14:25,14.42,6.2333333333,374.0,"13,14,15,16,17,18,19,20,21,22,23,24,25,26,27,28,29,30,31,32,33,34,35,36,37,38"
6121,10,H8,Tornada,12,Sagrera - Martí Molins,454,20:32:54,32.9,17.583333333333332,1055.0,"13,14,15,16,17,18,19,20,21,22,23,24,25,26,27,28,29,30,31,32,33,34,35,36,37,38"
6024,17,H8,Tornada,12,Sagrera - Martí Molins,454,20:45:51,45.85,12.933333333399998,776.0,"13,14,15,16,17,18,19,20,21,22,23,24,25,26,27,28,29,30,31,32,33,34,35,36,37,38"
6411,17,H8,Tornada,12,Sagrera - Martí Molins,454,21:05:14,5.23,19.383333333333333,1163.0,"13,14,15,16,17,18,19,20,21,22,23,24,25,26,27,28,29,30,31,32,33,34,35,36,37,38"
6414,16,H8,Tornada,12,Sagrera - Martí Molins,454,21:22:38,22.63,17.399999999966667,1044.0,"6,13,14,15,16,17,18,19,20,21,22,23,24,25,26,27,28,29,30,31,32,33,34,35,36,37,38"
6415,17,H8,Tornada,12,Sagrera - Martí Molins,454,21:44:17,44.28,21.666666666633333,1300.0,"13,14,15,16,17,18,19,20,21,22,23,24,25,26,27,28,29,30,31,32,33,34,35,36,37,38"
6024,1,H8,Tornada,14,Sant Antoni Maria Claret - Espronceda,384,03:39:44,39.73,,,"1,2,3,4,5,6,7,8,9,10,11,12,13,19"
6024,1,H8,Tornada,15,Sant Antoni Maria Claret - Trinxant,3313,03:41:25,41.42,,,"1,2,3,4,5,6,7,8,9,10,11,12,13,19"
6024,1,H8,Tornada,16,Sant Antoni Maria Claret - Rambla Volart,859,03:43:05,43.08,,,"1,2,3,4,5,6,7,8,9,10,11,12,13,19"
6024,1,H8,Tornada,17,Sant Antoni Maria Claret - Independència,233,03:44:33,44.55,,,"1,2,3,4,5,6,7,8,9,10,11,12,13,19"
6024,1,H8,Tornada,18,Av Gaudí - Castillejos,243,03:46:24,46.4,,,"1,2,3,4,5,6,7,8,9,10,11,12,13,19"
6024,1,H8,Tornada,20,Sant Antoni Maria Claret - Sardenya,3369,03:47:24,47.4,,,"1,2,3,4,5,6,7,8,9,10,11,12,13,19"
6024,1,H8,Tornada,21,Sant Antoni Maria Claret - Nàpols,1225,03:48:26,48.43,,,"1,2,3,4,5,6,7,8,9,10,11,12,13,19"
6024,1,H8,Tornada,22,Pg de Sant Joan - Còrsega,1265,03:50:26,50.43,,,"1,2,3,4,5,6,7,8,9,10,11,12,13,19"
6024,1,H8,Tornada,23,Còrsega - Bailèn,3314,03:52:26,52.43,,,"1,2,3,4,5,6,7,8,9,10,11,12,13,19"
6024,1,H8,Tornada,24,Còrsega - Llúria,3315,03:53:43,53.72,,,"1,2,3,4,5,6,7,8,9,10,11,12,13,19"
6024,1,H8,Tornada,25,Diagonal - Pg de Gràcia,1520,03:54:43,54.72,,,"1,2,3,4,5,6,7,8,9,10,11,12,13,19"
6024,1,H8,Tornada,26,Diagonal - Balmes,1425,03:56:24,56.4,,,"1,2,3,4,5,6,7,8,9,10,11,12,13,19"
6024,1,H8,Tornada,27,Diagonal - Muntaner,928,03:58:17,58.28,,,"1,2,3,4,5,6,7,8,9,10,11,12,13,19"
6024,1,H8,Tornada,28,Diagonal - Francesc Macià,1098,03:59:27,59.45,,,"1,2,3,4,5,6,7,8,9,10,11,12,13,19"
6024,1,H8,Tornada,29,Josep Tarradellas - Francesc Macià,65,04:01:36,1.6,,,"1,2,3,4,5,6,7,8,9,10,11,12,13,19"
6024,1,H8,Tornada,30,Les Corts - Pl Dr Ignasi Barraquer,376,04:03:02,3.03,,,"1,2,3,4,5,6,7,8,9,10,11,12,13,19"
6024,1,H8,Tornada,31,Les Corts - Numància,991,04:04:23,4.38,,,"1,2,3,4,5,6,7,8,9,10,11,12,13,19"
6024,1,H8,Tornada,32,Les Corts - Vallespir,484,04:06:14,6.23,,,"1,2,3,4,5,6,7,8,9,10,11,12,13,19"
6024,1,H8,Tornada,33,Mercat de Les Corts,485,04:08:09,8.15,,,"1,2,3,4,5,6,7,8,9,10,11,12,13,19"
6079,3,H8,Tornada,33,Mercat de Les Corts,485,06:58:26,58.43,18.8,1128.0,"1,2,3,4,5,6,7,8,9,10,11,12,13,14,15,16,17,18,19,20,21,22,23,24,25,26,27,28,29,30,31,32"
6056,3,H8,Tornada,33,Mercat de Les Corts,485,07:14:13,14.22,15.783333333366667,947.0,"1,2,3,4,5,6,7,8,9,10,11,12,13,14,15,16,17,18,19,20,21,22,23,24,25,26,27,28,29,30,31"
6211,3,H8,Tornada,33,Mercat de Les Corts,485,07:33:42,33.7,19.4833333333,1169.0,"1,2,3,4,5,6,7,8,9,10,11,12,13,14,15,16,17,18,19,20,21,22,23,24,25,26,27,28,29,30,31,32"
6024,1,H8,Tornada,34,Les Corts - Mejía Lequerica,923,04:09:37,9.62,,,"1,2,3,4,5,6,7,8,9,10,11,12,13,19"
6079,3,H8,Tornada,34,Les Corts - Mejía Lequerica,923,07:00:11,0.18,18.716666666600002,1123.0,"1,2,3,4,5,6,7,8,9,10,11,12,13,14,15,16,17,18,19,20,21,22,23,24,25,26,27,28,29,30,31,32"
6024,4,H8,Tornada,34,Les Corts - Mejía Lequerica,923,07:06:10,6.17,5.983333333333333,359.0,"1,2,3,4,5,6,7,8,9,10,11,12,13,14,15,16,17,18,19,20,21,22,23,24,25,26,27,28,29,30,31,32,33"
6056,3,H8,Tornada,34,Les Corts - Mejía Lequerica,923,07:17:25,17.42,11.233333333366666,674.0,"1,2,3,4,5,6,7,8,9,10,11,12,13,14,15,16,17,18,19,20,21,22,23,24,25,26,27,28,29,30,31"
6211,3,H8,Tornada,34,Les Corts - Mejía Lequerica,923,07:35:35,35.58,18.183333333300002,1091.0,"1,2,3,4,5,6,7,8,9,10,11,12,13,14,15,16,17,18,19,20,21,22,23,24,25,26,27,28,29,30,31,32"
6037,6,H8,Tornada,34,Les Corts - Mejía Lequerica,923,09:04:16,4.27,2.7499999999333338,165.0,"1,2,3,4,5,6,7,8,9,10,11,12,13,14,15,16,17,18,19,20,21,22,23,24,25,26,27,28,29,30,31,32,33"
6215,6,H8,Tornada,34,Les Corts - Mejía Lequerica,923,09:29:01,29.02,24.733333333366666,1484.0,"1,2,3,4,5,6,7,8,9,10,11,12,13,14,15,16,17,18,19,20,21,22,23,24,25,26,27,28,29,30,31,32,33"
6046,6,H8,Tornada,34,Les Corts - Mejía Lequerica,923,09:43:46,43.77,14.766666666633334,886.0,"1,2,3,4,5,6,7,8,9,10,11,12,13,14,15,16,17,18,19,20,21,22,23,24,25,26,27,28,29,30,31,32"
6406,12,H8,Tornada,34,Les Corts - Mejía Lequerica,923,15:22:43,22.72,12.7166666667,763.0,"1,2,3,4,5,6,7,8,9,10,11,12,13,14,15,16,17,18,19,20,21,22,23,24,25,26,27,28,29,30,31"
6024,1,H8,Tornada,35,Estadi del Futbol Club Barcelona,8535,04:11:17,11.28,,,"1,2,3,4,5,6,7,8,9,10,11,12,13,19"
6046,3,H8,Tornada,35,Estadi del Futbol Club Barcelona,8535,06:42:43,42.72,16.96666666673333,1018.0,"1,2,3,4,5,6,7,8,9,10,11,12,13,14,15,16,17,18,19,20,21,22,23,24,25,26,27,28,29,30,31,32"
6079,3,H8,Tornada,35,Estadi del Futbol Club Barcelona,8535,07:02:32,2.53,19.816666666633335,1189.0,"1,2,3,4,5,6,7,8,9,10,11,12,13,14,15,16,17,18,19,20,21,22,23,24,25,26,27,28,29,30,31,32"
6024,4,H8,Tornada,35,Estadi del Futbol Club Barcelona,8535,07:07:18,7.3,4.783333333300001,287.0,"1,2,3,4,5,6,7,8,9,10,11,12,13,14,15,16,17,18,19,20,21,22,23,24,25,26,27,28,29,30,31,32,33"
6056,3,H8,Tornada,35,Estadi del Futbol Club Barcelona,8535,07:18:35,18.58,11.283333333333333,677.0,"1,2,3,4,5,6,7,8,9,10,11,12,13,14,15,16,17,18,19,20,21,22,23,24,25,26,27,28,29,30,31"
6211,3,H8,Tornada,35,Estadi del Futbol Club Barcelona,8535,07:37:43,37.72,18.3666666667,1102.0,"1,2,3,4,5,6,7,8,9,10,11,12,13,14,15,16,17,18,19,20,21,22,23,24,25,26,27,28,29,30,31,32"
6055,3,H8,Tornada,35,Estadi del Futbol Club Barcelona,8535,07:39:02,39.03,1.3333333332666666,80.0,"1,2,3,4,5,6,7,8,9,10,11,12,13,14,15,16,17,18,19,20,21,22,23,24,25,26,27,28,29,30,31,32,33,34"
6211,4,H8,Tornada,35,Estadi del Futbol Club Barcelona,8535,08:35:12,35.2,19.0,1140.0,"1,2,3,4,5,6,7,8,9,10,11,12,13,14,15,16,17,18,19,20,21,22,23,24,25,26,27,28,29,30,31"
6037,6,H8,Tornada,35,Estadi del Futbol Club Barcelona,8535,09:06:08,6.13,1.4500000000333333,87.0,"1,2,3,4,5,6,7,8,9,10,11,12,13,14,15,16,17,18,19,20,21,22,23,24,25,26,27,28,29,30,31,32,33"
6215,6,H8,Tornada,35,Estadi del Futbol Club Barcelona,8535,09:31:05,31.08,24.966666666633333,1498.0,"1,2,3,4,5,6,7,8,9,10,11,12,13,14,15,16,17,18,19,20,21,22,23,24,25,26,27,28,29,30,31,32,33"
6046,6,H8,Tornada,35,Estadi del Futbol Club Barcelona,8535,09:45:48,45.8,14.716666666666667,883.0,"1,2,3,4,5,6,7,8,9,10,11,12,13,14,15,16,17,18,19,20,21,22,23,24,25,26,27,28,29,30,31,32"
6055,6,H8,Tornada,35,Estadi del Futbol Club Barcelona,8535,10:42:31,42.52,20.199999999966668,1212.0,"1,2,3,4,5,6,7,8,9,10,11,12,13,14,15,16,17,18,19,20,21,22,23,24,25,26,27,28,29,30,31"
6401,7,H8,Tornada,35,Estadi del Futbol Club Barcelona,8535,11:43:49,43.82,24.150000000066665,1449.0,"1,2,3,4,5,6,7,8,9,10,11,12,13,14,15,16,17,18,19,20,21,22,23,24,25,26,27,28,29,30,31,32,33,34"
6407,9,H8,Tornada,35,Estadi del Futbol Club Barcelona,8535,12:52:49,52.82,18.03333333326667,1082.0,"1,2,3,4,5,6,7,8,9,10,11,12,13,14,15,16,17,18,19,20,21,22,23,24,25,26,27,28,29,30,31,32"
6808,12,H8,Tornada,35,Estadi del Futbol Club Barcelona,8535,14:56:06,56.1,15.550000000066666,933.0,"1,2,3,4,5,6,7,8,9,10,11,12,13,14,15,16,17,18,19,20,21,22,23,24,25,26,27,28,29,30,31,32,33,34"
6047,11,H8,Tornada,35,Estadi del Futbol Club Barcelona,8535,15:12:35,12.58,16.4833333333,989.0,"1,2,3,4,5,6,7,8,9,10,11,12,13,14,15,16,17,18,19,20,21,22,23,24,25,26,27,28,29,30,31,32,33"
6406,12,H8,Tornada,35,Estadi del Futbol Club Barcelona,8535,15:25:43,25.72,13.133333333366666,788.0,"1,2,3,4,5,6,7,8,9,10,11,12,13,14,15,16,17,18,19,20,21,22,23,24,25,26,27,28,29,30,31"
6215,12,H8,Tornada,35,Estadi del Futbol Club Barcelona,8535,15:32:37,32.62,6.899999999966667,414.0,"1,2,3,4,5,6,7,8,9,10,11,12,13,14,15,16,17,18,19,20,21,22,23,24,25,26,27,28,29,30,31,32,33,34"
6121,6,H8,Tornada,35,Estadi del Futbol Club Barcelona,8535,15:36:36,36.6,3.9833333333333334,239.0,"1,2,3,4,5,6,7,8,9,10,11,12,13,14,15,16,17,18,19,20,21,22,23,24,25,26,27,28,29,30,31,32,33,34"
6079,12,H8,Tornada,35,Estadi del Futbol Club Barcelona,8535,15:57:41,57.68,21.083333333333332,1265.0,"1,2,3,4,5,6,7,8,9,10,11,12,13,14,15,16,17,18,19,20,21,22,23,24,25,26,27,28,29,30,31,32,33"
6024,13,H8,Tornada,35,Estadi del Futbol Club Barcelona,8535,16:05:18,5.3,7.616666666666666,457.0,"1,2,3,4,5,6,7,8,9,10,11,12,13,14,15,16,17,18,19,20,21,22,23,24,25,26,27,28,29,30,31,32,33,34"
6217,14,H8,Tornada,35,Estadi del Futbol Club Barcelona,8535,17:27:12,27.2,22.15,1329.0,"1,2,3,4,5,6,7,8,9,10,11,12,13,14,15,16,17,18,19,20,21,22,23,24,25,26,27,28,29,30,31,32,33,34"
6406,15,H8,Tornada,35,Estadi del Futbol Club Barcelona,8535,18:27:50,27.83,14.733333333333333,884.0,"1,2,3,4,5,6,7,8,9,10,11,12,13,14,15,16,17,18,19,20,21,22,23,24,25,26,27,28,29,30,31,32,33"
6024,1,H8,Tornada,36,Les Corts - Aurora Bertrana,1713,04:12:41,12.68,,,"1,2,3,4,5,6,7,8,9,10,11,12,13,19"
6406,3,H8,Tornada,36,Les Corts - Aurora Bertrana,1713,06:27:30,27.5,18.983333333366666,1139.0,"1,2,3,4,5,6,7,8,9,10,11,12,13,14,15,16,17,18,19,20,21,22,23,24,25,26,27,28,29,30,31,32,33,34"
6046,3,H8,Tornada,36,Les Corts - Aurora Bertrana,1713,06:44:26,44.43,16.933333333366665,1016.0,"1,2,3,4,5,6,7,8,9,10,11,12,13,14,15,16,17,18,19,20,21,22,23,24,25,26,27,28,29,30,31,32"
6079,3,H8,Tornada,36,Les Corts - Aurora Bertrana,1713,07:03:27,3.45,18.099999999933335,1086.0,"1,2,3,4,5,6,7,8,9,10,11,12,13,14,15,16,17,18,19,20,21,22,23,24,25,26,27,28,29,30,31,32"
6024,4,H8,Tornada,36,Les Corts - Aurora Bertrana,1713,07:10:17,10.28,6.833333333333333,410.0,"1,2,3,4,5,6,7,8,9,10,11,12,13,14,15,16,17,18,19,20,21,22,23,24,25,26,27,28,29,30,31,32,33"
6056,3,H8,Tornada,36,Les Corts - Aurora Bertrana,1713,07:20:57,20.95,10.666666666666666,640.0,"1,2,3,4,5,6,7,8,9,10,11,12,13,14,15,16,17,18,19,20,21,22,23,24,25,26,27,28,29,30,31"
6211,3,H8,Tornada,36,Les Corts - Aurora Bertrana,1713,07:39:29,39.48,17.96666666673333,1078.0,"1,2,3,4,5,6,7,8,9,10,11,12,13,14,15,16,17,18,19,20,21,22,23,24,25,26,27,28,29,30,31,32"
6055,3,H8,Tornada,36,Les Corts - Aurora Bertrana,1713,07:41:30,41.5,2.0333333332666665,122.0,"1,2,3,4,5,6,7,8,9,10,11,12,13,14,15,16,17,18,19,20,21,22,23,24,25,26,27,28,29,30,31,32,33,34"
6414,3,H8,Tornada,36,Les Corts - Aurora Bertrana,1713,07:47:08,47.13,5.633333333333334,338.0,"1,2,3,4,5,6,7,8,9,10,11,12,13,14,15,16,17,18,19,20,21,22,23,24,25,26,27,28,29,30,31,32,33,34,35"
6059,5,H8,Tornada,36,Les Corts - Aurora Bertrana,1713,07:52:42,52.7,5.566666666666666,334.0,"1,2,3,4,5,6,7,8,9,10,11,12,13,14,15,16,17,18,19,20,21,22,23,24,25,26,27,28,29,30,31,32,33,34,35"
6415,5,H8,Tornada,36,Les Corts - Aurora Bertrana,1713,08:02:56,2.93,10.216666666733333,613.0,"1,2,3,4,5,6,7,8,9,10,11,12,13,14,15,16,17,18,19,20,21,22,23,24,25,26,27,28,29,30,31,32,33,34,35"
1547,3,H8,Tornada,36,Les Corts - Aurora Bertrana,1713,08:08:20,8.33,5.4,324.0,"1,2,3,4,5,6,7,8,9,10,11,12,13,14,15,16,17,18,19,20,21,22,23,24,25,26,27,28,29,30,31,32,33,34,35"
2671,3,H8,Tornada,36,Les Corts - Aurora Bertrana,1713,08:17:42,17.7,9.366666666633334,562.0,"1,2,3,4,5,6,7,8,9,10,11,12,13,14,15,16,17,18,19,20,21,22,23,24,25,26,27,28,29,30,31,32,33,34"
6217,5,H8,Tornada,36,Les Corts - Aurora Bertrana,1713,08:26:07,26.12,8.4166666667,505.0,"1,2,3,4,5,6,7,8,9,10,11,12,13,14,15,16,17,18,19,20,21,22,23,24,25,26,27,28,29,30,31,32,33,34,35"
6211,4,H8,Tornada,36,Les Corts - Aurora Bertrana,1713,08:36:54,36.9,10.799999999933334,648.0,"1,2,3,4,5,6,7,8,9,10,11,12,13,14,15,16,17,18,19,20,21,22,23,24,25,26,27,28,29,30,31"
6037,6,H8,Tornada,36,Les Corts - Aurora Bertrana,1713,09:07:17,7.28,1.6666666666333334,100.0,"1,2,3,4,5,6,7,8,9,10,11,12,13,14,15,16,17,18,19,20,21,22,23,24,25,26,27,28,29,30,31,32,33"
6406,6,H8,Tornada,36,Les Corts - Aurora Bertrana,1713,09:20:22,20.37,13.083333333366665,785.0,"1,2,3,4,5,6,7,8,9,10,11,12,13,14,15,16,17,18,19,20,21,22,23,24,25,26,27,28,29,30,31,32,33,34,35"
6215,6,H8,Tornada,36,Les Corts - Aurora Bertrana,1713,09:32:39,32.65,12.299999999933334,738.0,"1,2,3,4,5,6,7,8,9,10,11,12,13,14,15,16,17,18,19,20,21,22,23,24,25,26,27,28,29,30,31,32,33"
6046,6,H8,Tornada,36,Les Corts - Aurora Bertrana,1713,09:48:03,48.05,15.3833333334,923.0,"1,2,3,4,5,6,7,8,9,10,11,12,13,14,15,16,17,18,19,20,21,22,23,24,25,26,27,28,29,30,31,32"
6407,6,H8,Tornada,36,Les Corts - Aurora Bertrana,1713,09:49:05,49.08,1.0333333333333334,62.0,"1,2,3,4,5,6,7,8,9,10,11,12,13,14,15,16,17,18,19,20,21,22,23,24,25,26,27,28,29,30,31,32,33,34,35"
6056,6,H8,Tornada,36,Les Corts - Aurora Bertrana,1713,10:14:25,14.42,25.349999999933335,1521.0,"1,2,3,4,5,6,7,8,9,10,11,12,13,14,15,16,17,18,19,20,21,22,23,24,25,26,27,28,29,30,31,32,33,35"
6411,8,H8,Tornada,36,Les Corts - Aurora Bertrana,1713,10:23:34,23.57,9.1333333334,548.0,"1,2,3,4,5,6,7,8,9,10,11,12,13,14,15,16,17,18,19,20,21,22,23,24,25,26,27,28,29,30,31,32,33,34"
6059,8,H8,Tornada,36,Les Corts - Aurora Bertrana,1713,10:30:01,30.02,6.449999999966667,387.0,"1,2,3,4,5,6,7,8,9,10,11,12,13,14,15,16,17,18,19,20,21,22,23,24,25,26,27,28,29,30,31,32,33,34,35"
6055,6,H8,Tornada,36,Les Corts - Aurora Bertrana,1713,10:44:29,44.48,14.466666666666667,868.0,"1,2,3,4,5,6,7,8,9,10,11,12,13,14,15,16,17,18,19,20,21,22,23,24,25,26,27,28,29,30,31"
6414,6,H8,Tornada,36,Les Corts - Aurora Bertrana,1713,10:46:32,46.53,2.0666666666333335,124.0,"1,2,3,4,5,6,7,8,9,10,11,12,13,14,15,16,17,18,19,20,21,22,23,24,25,26,27,28,29,30,31,32,33,34,35"
6415,8,H8,Tornada,36,Les Corts - Aurora Bertrana,1713,11:01:33,1.55,15.000000000033333,900.0,"1,2,3,4,5,6,7,8,9,10,11,12,13,14,15,16,17,18,19,20,21,22,23,24,25,26,27,28,29,30,31,32,33,34,35"
1547,6,H8,Tornada,36,Les Corts - Aurora Bertrana,1713,11:10:17,10.28,8.733333333333333,524.0,"1,2,3,4,5,6,7,8,9,10,11,12,13,14,15,16,17,18,19,20,21,22,23,24,25,26,27,28,29,30,31,32,33,34,35"
2671,6,H8,Tornada,36,Les Corts - Aurora Bertrana,1713,11:21:29,21.48,11.216666666633333,673.0,"1,2,3,4,5,6,7,8,9,10,11,12,13,14,15,16,17,18,19,20,21,22,23,24,25,26,27,28,29,30,31,32"
6026,9,H8,Tornada,36,Les Corts - Aurora Bertrana,1713,11:35:33,35.55,14.050000000033332,843.0,"1,2,3,4,5,6,7,8,9,10,11,12,13,14,15,16,17,18,19,20,21,22,23,24,25,26,27,28,29,30,31,32,33,34,35"
6401,7,H8,Tornada,36,Les Corts - Aurora Bertrana,1713,11:45:39,45.65,10.116666666633334,607.0,"1,2,3,4,5,6,7,8,9,10,11,12,13,14,15,16,17,18,19,20,21,22,23,24,25,26,27,28,29,30,31,32,33,34"
6402,9,H8,Tornada,36,Les Corts - Aurora Bertrana,1713,11:53:38,53.63,7.966666666699999,478.0,"1,2,3,4,5,6,7,8,9,10,11,12,13,14,15,16,17,18,19,20,21,22,23,24,25,26,27,28,29,30,31,32,33,34,35"
6808,9,H8,Tornada,36,Les Corts - Aurora Bertrana,1713,12:01:51,1.85,8.2166666667,493.0,"1,2,3,4,5,6,7,8,9,10,11,12,13,14,15,16,17,18,19,20,21,22,23,24,25,26,27,28,29,30,31,32,33,34,35"
6121,3,H8,Tornada,36,Les Corts - Aurora Bertrana,1713,12:42:21,42.35,6.116666666733334,367.0,"1,2,3,4,5,6,7,8,9,10,11,12,13,14,15,16,17,18,19,20,21,22,23,24,25,26,27,28,29,30,31,32,33,34,35"
6407,9,H8,Tornada,36,Les Corts - Aurora Bertrana,1713,12:54:38,54.63,12.299999999933334,738.0,"1,2,3,4,5,6,7,8,9,10,11,12,13,14,15,16,17,18,19,20,21,22,23,24,25,26,27,28,29,30,31,32"
6079,9,H8,Tornada,36,Les Corts - Aurora Bertrana,1713,12:56:11,56.18,1.5333333333666666,92.0,"1,2,3,4,5,6,7,8,9,10,11,12,13,14,15,16,17,18,19,20,21,22,23,24,25,26,27,28,29,30,31,32,33,34,35"
6056,9,H8,Tornada,36,Les Corts - Aurora Bertrana,1713,13:13:40,13.67,17.49999999996667,1050.0,"1,2,3,4,5,6,7,8,9,10,11,12,13,14,15,16,17,18,19,20,21,22,23,24,25,26,27,28,29,30,31,32,33,34,35"
6055,9,H8,Tornada,36,Les Corts - Aurora Bertrana,1713,13:38:36,38.6,24.9166666667,1495.0,"1,2,3,4,5,6,7,8,9,10,11,12,13,14,15,16,17,18,19,20,21,22,23,24,25,26,27,28,29,30,31,32,33,34,35"
6415,11,H8,Tornada,36,Les Corts - Aurora Bertrana,1713,14:01:36,1.6,23.0,1380.0,"1,2,3,4,5,6,7,8,9,10,11,12,13,14,15,16,17,18,19,20,21,22,23,24,25,26,27,28,29,30,31,32,33,34"
2671,9,H8,Tornada,36,Les Corts - Aurora Bertrana,1713,14:15:36,15.6,14.016666666616667,841.0,"1,2,3,4,5,6,7,8,9,10,11,12,13,14,15,16,17,18,19,20,21,22,23,24,25,26,27,28,29,30,31,32,33,34,35"
6217,11,H8,Tornada,36,Les Corts - Aurora Bertrana,1713,14:20:32,20.53,4.93333333335,296.0,"1,2,3,4,5,6,7,8,9,10,11,12,13,14,15,16,17,18,19,20,21,22,23,24,25,26,27,28,29,30,31,32,33,34,35"
6026,12,H8,Tornada,36,Les Corts - Aurora Bertrana,1713,14:30:46,30.77,10.233333333333333,614.0,"1,2,3,4,5,6,7,8,9,10,11,12,13,14,15,16,17,18,19,20,21,22,23,24,25,26,27,28,29,30,31,32,33,34,35"
6401,10,H8,Tornada,36,Les Corts - Aurora Bertrana,1713,14:43:26,43.43,12.650000000066665,759.0,"1,2,3,4,5,6,7,8,9,10,11,12,13,14,15,16,17,18,19,20,21,22,23,24,25,26,27,28,29,30,31,32"
6808,12,H8,Tornada,36,Les Corts - Aurora Bertrana,1713,14:58:42,58.7,15.266666666633334,916.0,"1,2,3,4,5,6,7,8,9,10,11,12,13,14,15,16,17,18,19,20,21,22,23,24,25,26,27,28,29,30,31,32,33,34"
6037,12,H8,Tornada,36,Les Corts - Aurora Bertrana,1713,15:06:20,6.33,7.633333333366666,458.0,"1,2,3,4,5,6,7,8,9,10,11,12,13,14,15,16,17,18,19,20,21,22,23,24,25,26,27,28,29,30,31,32,33,34,35"
6047,11,H8,Tornada,36,Les Corts - Aurora Bertrana,1713,15:14:21,14.35,8.016666666633334,481.0,"1,2,3,4,5,6,7,8,9,10,11,12,13,14,15,16,17,18,19,20,21,22,23,24,25,26,27,28,29,30,31,32,33"
6406,12,H8,Tornada,36,Les Corts - Aurora Bertrana,1713,15:27:36,27.6,13.25,795.0,"1,2,3,4,5,6,7,8,9,10,11,12,13,14,15,16,17,18,19,20,21,22,23,24,25,26,27,28,29,30,31"
6215,12,H8,Tornada,36,Les Corts - Aurora Bertrana,1713,15:34:17,34.28,6.699999999966667,402.0,"1,2,3,4,5,6,7,8,9,10,11,12,13,14,15,16,17,18,19,20,21,22,23,24,25,26,27,28,29,30,31,32,33,34"
6121,6,H8,Tornada,36,Les Corts - Aurora Bertrana,1713,15:38:25,38.42,4.116666666733333,247.0,"1,2,3,4,5,6,7,8,9,10,11,12,13,14,15,16,17,18,19,20,21,22,23,24,25,26,27,28,29,30,31,32,33,34"
6079,12,H8,Tornada,36,Les Corts - Aurora Bertrana,1713,15:59:42,59.7,21.299999999933334,1278.0,"1,2,3,4,5,6,7,8,9,10,11,12,13,14,15,16,17,18,19,20,21,22,23,24,25,26,27,28,29,30,31,32,33"
6024,13,H8,Tornada,36,Les Corts - Aurora Bertrana,1713,16:07:33,7.55,7.85,471.0,"1,2,3,4,5,6,7,8,9,10,11,12,13,14,15,16,17,18,19,20,21,22,23,24,25,26,27,28,29,30,31,32,33,34"
6055,12,H8,Tornada,36,Les Corts - Aurora Bertrana,1713,16:39:45,39.75,4.6833333333,281.0,"1,2,3,4,5,6,7,8,9,10,11,12,13,14,15,16,17,18,19,20,21,22,23,24,25,26,27,28,29,30,31,32,33,34,35"
1547,12,H8,Tornada,36,Les Corts - Aurora Bertrana,1713,17:10:50,10.83,3.95,237.0,"1,2,3,4,5,6,7,8,9,10,11,12,13,14,15,16,17,18,19,20,21,22,23,24,25,26,27,28,29,30,31,32,33,34,35"
2671,12,H8,Tornada,36,Les Corts - Aurora Bertrana,1713,17:13:42,13.7,2.8666666667,172.0,"1,2,3,4,5,6,7,8,9,10,11,12,13,14,15,16,17,18,19,20,21,22,23,24,25,26,27,28,29,30,31,32,33,34,35"
6217,14,H8,Tornada,36,Les Corts - Aurora Bertrana,1713,17:28:11,28.18,14.483333333333333,869.0,"1,2,3,4,5,6,7,8,9,10,11,12,13,14,15,16,17,18,19,20,21,22,23,24,25,26,27,28,29,30,31,32,33,34"
6401,13,H8,Tornada,36,Les Corts - Aurora Bertrana,1713,17:43:54,43.9,15.733333333266668,944.0,"1,2,3,4,5,6,7,8,9,10,11,12,13,14,15,16,17,18,19,20,21,22,23,24,25,26,27,28,29,30,31,32,33,34,35"
6406,15,H8,Tornada,36,Les Corts - Aurora Bertrana,1713,18:29:42,29.7,14.9833333334,899.0,"1,2,3,4,5,6,7,8,9,10,11,12,13,14,15,16,17,18,19,20,21,22,23,24,25,26,27,28,29,30,31,32,33"
6024,1,H8,Tornada,37,Collblanc - Cardenal Reig,1259,04:13:53,13.88,,,"1,2,3,4,5,6,7,8,9,10,11,12,13,19"
6808,3,H8,Tornada,37,Collblanc - Cardenal Reig,1259,06:03:19,3.32,24.650000000033334,1479.0,"1,2,3,4,5,6,7,8,9,10,11,12,13,14,15,16,17,18,19,20,21,22,23,24,25,26,27,28,29,30,31,32,33,34,35,36"
6037,3,H8,Tornada,37,Collblanc - Cardenal Reig,1259,06:11:10,11.17,7.866666666633334,472.0,"1,2,3,4,5,6,7,8,9,10,11,12,13,14,15,16,17,18,19,20,21,22,23,24,25,26,27,28,29,30,31,32,33,34,35"
6406,3,H8,Tornada,37,Collblanc - Cardenal Reig,1259,06:29:53,29.88,18.716666666666665,1123.0,"1,2,3,4,5,6,7,8,9,10,11,12,13,14,15,16,17,18,19,20,21,22,23,24,25,26,27,28,29,30,31,32,33,34"
6215,3,H8,Tornada,37,Collblanc - Cardenal Reig,1259,06:31:45,31.75,1.8500000000666668,111.0,"1,2,3,4,5,6,7,8,9,10,11,12,13,14,15,16,17,18,19,20,21,22,23,24,25,26,27,28,29,30,31,32,33,34,35,36"
6046,3,H8,Tornada,37,Collblanc - Cardenal Reig,1259,06:47:34,47.57,15.833333333266667,950.0,"1,2,3,4,5,6,7,8,9,10,11,12,13,14,15,16,17,18,19,20,21,22,23,24,25,26,27,28,29,30,31,32"
6407,3,H8,Tornada,37,Collblanc - Cardenal Reig,1259,06:53:10,53.17,5.416666666699999,325.0,"1,2,3,4,5,6,7,8,9,10,11,12,13,14,15,16,17,18,19,20,21,22,23,24,25,26,27,28,29,30,31,32,33,34,35,36"
6079,3,H8,Tornada,37,Collblanc - Cardenal Reig,1259,07:07:10,7.17,14.0166666666,841.0,"1,2,3,4,5,6,7,8,9,10,11,12,13,14,15,16,17,18,19,20,21,22,23,24,25,26,27,28,29,30,31,32"
6024,4,H8,Tornada,37,Collblanc - Cardenal Reig,1259,07:11:30,11.5,4.3166666667,259.0,"1,2,3,4,5,6,7,8,9,10,11,12,13,14,15,16,17,18,19,20,21,22,23,24,25,26,27,28,29,30,31,32,33"
6411,5,H8,Tornada,37,Collblanc - Cardenal Reig,1259,07:24:52,24.87,13.3666666667,802.0,"1,2,3,4,5,6,7,8,9,10,11,12,13,14,15,16,17,18,19,20,21,22,23,24,25,26,27,28,29,30,31,32,33,34"
6211,3,H8,Tornada,37,Collblanc - Cardenal Reig,1259,07:42:20,42.33,17.08333333326667,1025.0,"1,2,3,4,5,6,7,8,9,10,11,12,13,14,15,16,17,18,19,20,21,22,23,24,25,26,27,28,29,30,31,32"
6055,3,H8,Tornada,37,Collblanc - Cardenal Reig,1259,07:43:57,43.95,1.6000000000333332,96.0,"1,2,3,4,5,6,7,8,9,10,11,12,13,14,15,16,17,18,19,20,21,22,23,24,25,26,27,28,29,30,31,32,33,34"
6414,3,H8,Tornada,37,Collblanc - Cardenal Reig,1259,07:48:40,48.67,4.716666666699999,283.0,"1,2,3,4,5,6,7,8,9,10,11,12,13,14,15,16,17,18,19,20,21,22,23,24,25,26,27,28,29,30,31,32,33,34,35"
6059,5,H8,Tornada,37,Collblanc - Cardenal Reig,1259,07:53:41,53.68,5.016666666666667,301.0,"1,2,3,4,5,6,7,8,9,10,11,12,13,14,15,16,17,18,19,20,21,22,23,24,25,26,27,28,29,30,31,32,33,34,35"
6415,5,H8,Tornada,37,Collblanc - Cardenal Reig,1259,08:06:12,6.2,12.516666666633334,751.0,"1,2,3,4,5,6,7,8,9,10,11,12,13,14,15,16,17,18,19,20,21,22,23,24,25,26,27,28,29,30,31,32,33,34,35"
1547,3,H8,Tornada,37,Collblanc - Cardenal Reig,1259,08:10:46,10.77,4.583333333300001,275.0,"1,2,3,4,5,6,7,8,9,10,11,12,13,14,15,16,17,18,19,20,21,22,23,24,25,26,27,28,29,30,31,32,33,34,35"
2671,3,H8,Tornada,37,Collblanc - Cardenal Reig,1259,08:20:53,20.88,10.100000000066666,606.0,"1,2,3,4,5,6,7,8,9,10,11,12,13,14,15,16,17,18,19,20,21,22,23,24,25,26,27,28,29,30,31,32,33,34"
6217,5,H8,Tornada,37,Collblanc - Cardenal Reig,1259,08:26:59,26.98,6.1166666666,367.0,"1,2,3,4,5,6,7,8,9,10,11,12,13,14,15,16,17,18,19,20,21,22,23,24,25,26,27,28,29,30,31,32,33,34,35"
6026,6,H8,Tornada,37,Collblanc - Cardenal Reig,1259,08:33:30,33.5,6.51666666665,391.0,"1,2,3,4,5,6,7,8,9,10,11,12,13,14,15,16,17,18,19,20,21,22,23,24,25,26,27,28,29,30,31,32,33,34,35,36"
6211,4,H8,Tornada,37,Collblanc - Cardenal Reig,1259,08:39:35,39.58,6.066666666716667,364.0,"1,2,3,4,5,6,7,8,9,10,11,12,13,14,15,16,17,18,19,20,21,22,23,24,25,26,27,28,29,30,31"
6402,6,H8,Tornada,37,Collblanc - Cardenal Reig,1259,08:52:29,52.48,12.916666666633335,775.0,"1,2,3,4,5,6,7,8,9,10,11,12,13,14,15,16,17,18,19,20,21,22,23,24,25,26,27,28,29,30,31,32,33,34,35,36"
6808,6,H8,Tornada,37,Collblanc - Cardenal Reig,1259,09:08:39,8.65,16.166666666666668,970.0,"1,2,3,4,5,6,7,8,9,10,11,12,13,14,15,16,17,18,19,20,21,22,23,24,25,26,27,28,29,30,31,32"
6037,6,H8,Tornada,37,Collblanc - Cardenal Reig,1259,09:09:46,9.77,1.1000000000666668,66.0,"1,2,3,4,5,6,7,8,9,10,11,12,13,14,15,16,17,18,19,20,21,22,23,24,25,26,27,28,29,30,31,32,33"
6047,5,H8,Tornada,37,Collblanc - Cardenal Reig,1259,09:13:19,13.32,3.5499999999666665,213.0,"1,2,3,4,5,6,7,8,9,10,11,12,13,14,15,16,17,18,19,20,21,22,23,24,25,26,27,28,29,30,31,32,33,34,35,36"
6406,6,H8,Tornada,37,Collblanc - Cardenal Reig,1259,09:22:35,22.58,9.2833333333,557.0,"1,2,3,4,5,6,7,8,9,10,11,12,13,14,15,16,17,18,19,20,21,22,23,24,25,26,27,28,29,30,31,32,33,34,35"
6215,6,H8,Tornada,37,Collblanc - Cardenal Reig,1259,09:35:53,35.88,13.3,798.0,"1,2,3,4,5,6,7,8,9,10,11,12,13,14,15,16,17,18,19,20,21,22,23,24,25,26,27,28,29,30,31,32,33"
6046,6,H8,Tornada,37,Collblanc - Cardenal Reig,1259,09:50:11,50.18,14.2833333334,857.0,"1,2,3,4,5,6,7,8,9,10,11,12,13,14,15,16,17,18,19,20,21,22,23,24,25,26,27,28,29,30,31,32"
6407,6,H8,Tornada,37,Collblanc - Cardenal Reig,1259,09:51:52,51.87,1.6833333333,101.0,"1,2,3,4,5,6,7,8,9,10,11,12,13,14,15,16,17,18,19,20,21,22,23,24,25,26,27,28,29,30,31,32,33,34,35"
6079,6,H8,Tornada,37,Collblanc - Cardenal Reig,1259,10:02:53,2.88,11.016666666666667,661.0,"1,2,3,4,5,6,7,8,9,10,11,12,13,14,15,16,17,18,19,20,21,22,23,24,25,26,27,28,29,30,31,32,33,34,35,36"
6056,6,H8,Tornada,37,Collblanc - Cardenal Reig,1259,10:17:22,17.37,14.483333333333333,869.0,"1,2,3,4,5,6,7,8,9,10,11,12,13,14,15,16,17,18,19,20,21,22,23,24,25,26,27,28,29,30,31,32,33,35"
6411,8,H8,Tornada,37,Collblanc - Cardenal Reig,1259,10:26:53,26.88,9.516666666666667,571.0,"1,2,3,4,5,6,7,8,9,10,11,12,13,14,15,16,17,18,19,20,21,22,23,24,25,26,27,28,29,30,31,32,33,34"
6059,8,H8,Tornada,37,Collblanc - Cardenal Reig,1259,10:32:21,32.35,5.466666666666667,328.0,"1,2,3,4,5,6,7,8,9,10,11,12,13,14,15,16,17,18,19,20,21,22,23,24,25,26,27,28,29,30,31,32,33,34,35"
6055,6,H8,Tornada,37,Collblanc - Cardenal Reig,1259,10:48:02,48.03,15.500000000066667,930.0,"1,2,3,4,5,6,7,8,9,10,11,12,13,14,15,16,17,18,19,20,21,22,23,24,25,26,27,28,29,30,31"
6415,8,H8,Tornada,37,Collblanc - Cardenal Reig,1259,11:05:01,5.02,16.75,1005.0,"1,2,3,4,5,6,7,8,9,10,11,12,13,14,15,16,17,18,19,20,21,22,23,24,25,26,27,28,29,30,31,32,33,34,35"
1547,6,H8,Tornada,37,Collblanc - Cardenal Reig,1259,11:13:32,13.53,8.516666666666667,511.0,"1,2,3,4,5,6,7,8,9,10,11,12,13,14,15,16,17,18,19,20,21,22,23,24,25,26,27,28,29,30,31,32,33,34,35"
2671,6,H8,Tornada,37,Collblanc - Cardenal Reig,1259,11:24:15,24.25,10.7166666667,643.0,"1,2,3,4,5,6,7,8,9,10,11,12,13,14,15,16,17,18,19,20,21,22,23,24,25,26,27,28,29,30,31,32"
6217,8,H8,Tornada,37,Collblanc - Cardenal Reig,1259,11:25:36,25.6,1.3666666666,82.0,"1,2,3,4,5,6,7,8,9,10,11,12,13,14,15,16,17,18,19,20,21,22,23,24,25,26,27,28,29,30,31,32,33,34,35,36"
6026,9,H8,Tornada,37,Collblanc - Cardenal Reig,1259,11:37:28,37.47,11.850000000033333,711.0,"1,2,3,4,5,6,7,8,9,10,11,12,13,14,15,16,17,18,19,20,21,22,23,24,25,26,27,28,29,30,31,32,33,34,35"
6401,7,H8,Tornada,37,Collblanc - Cardenal Reig,1259,11:48:24,48.4,10.949999999966668,657.0,"1,2,3,4,5,6,7,8,9,10,11,12,13,14,15,16,17,18,19,20,21,22,23,24,25,26,27,28,29,30,31,32,33,34"
6402,9,H8,Tornada,37,Collblanc - Cardenal Reig,1259,11:55:54,55.9,7.500000000016667,450.0,"1,2,3,4,5,6,7,8,9,10,11,12,13,14,15,16,17,18,19,20,21,22,23,24,25,26,27,28,29,30,31,32,33,34,35"
6808,9,H8,Tornada,37,Collblanc - Cardenal Reig,1259,12:04:25,4.42,8.51666666665,511.0,"1,2,3,4,5,6,7,8,9,10,11,12,13,14,15,16,17,18,19,20,21,22,23,24,25,26,27,28,29,30,31,32,33,34,35"
6037,9,H8,Tornada,37,Collblanc - Cardenal Reig,1259,12:11:27,11.45,7.033333333333333,422.0,"1,2,3,4,5,6,7,8,9,10,11,12,13,14,15,16,17,18,19,20,21,22,23,24,25,26,27,28,29,30,31,32,33,34,35,36"
6047,8,H8,Tornada,37,Collblanc - Cardenal Reig,1259,12:19:41,19.68,8.233333333316667,494.0,"1,2,3,4,5,6,7,8,9,10,11,12,13,14,15,16,17,18,19,20,21,22,23,24,25,26,27,28,29,30,31,32,33,34,35,36"
6406,9,H8,Tornada,37,Collblanc - Cardenal Reig,1259,12:28:14,28.23,8.533333333383332,512.0,"1,2,3,4,5,6,7,8,9,10,11,12,13,14,15,16,17,18,19,20,21,22,23,24,25,26,27,28,29,30,31,32,33,34,35,36"
6215,9,H8,Tornada,37,Collblanc - Cardenal Reig,1259,12:38:28,38.47,10.233333333366666,614.0,"1,2,3,4,5,6,7,8,9,10,11,12,13,14,15,16,17,18,19,20,21,22,23,24,25,26,27,28,29,30,31,32,33,34"
6408,7,H8,Tornada,37,Collblanc - Cardenal Reig,1259,12:44:10,44.17,5.7,342.0,"1,2,3,4,5,6,7,8,9,10,11,12,13,14,15,16,17,18,19,20,21,22,23,24,25,26,27,28,29,30,31,32,33,34,35,36"
6407,9,H8,Tornada,37,Collblanc - Cardenal Reig,1259,12:56:53,56.88,12.516666666633334,751.0,"1,2,3,4,5,6,7,8,9,10,11,12,13,14,15,16,17,18,19,20,21,22,23,24,25,26,27,28,29,30,31,32"
6056,9,H8,Tornada,37,Collblanc - Cardenal Reig,1259,13:16:46,16.77,19.299999999966666,1158.0,"1,2,3,4,5,6,7,8,9,10,11,12,13,14,15,16,17,18,19,20,21,22,23,24,25,26,27,28,29,30,31,32,33,34,35"
6411,11,H8,Tornada,37,Collblanc - Cardenal Reig,1259,13:21:41,21.68,4.900000000066667,294.0,"1,2,3,4,5,6,7,8,9,10,11,12,13,14,15,16,17,18,19,20,21,22,23,24,25,26,27,28,29,30,31,32,33,34,35,36"
6059,11,H8,Tornada,37,Collblanc - Cardenal Reig,1259,13:29:09,29.15,7.4666666666333334,448.0,"1,2,3,4,5,6,7,8,9,10,11,12,13,14,15,16,17,18,19,20,21,22,23,24,25,26,27,28,29,30,31,32,33,34,35,36"
6211,10,H8,Tornada,37,Collblanc - Cardenal Reig,1259,13:30:12,30.2,1.06666666665,64.0,"1,2,3,4,5,6,7,8,9,10,11,12,13,14,15,16,17,18,19,20,21,22,23,24,25,26,27,28,29,30,31,32,33,34,35,36"
6055,9,H8,Tornada,37,Collblanc - Cardenal Reig,1259,13:40:20,40.33,10.116666666683333,607.0,"1,2,3,4,5,6,7,8,9,10,11,12,13,14,15,16,17,18,19,20,21,22,23,24,25,26,27,28,29,30,31,32,33,34,35"
6414,9,H8,Tornada,37,Collblanc - Cardenal Reig,1259,13:48:06,48.1,7.7666666667,466.0,"1,2,3,4,5,6,7,8,9,10,11,12,13,14,15,16,17,18,19,20,21,22,23,24,25,26,27,28,29,30,31,32,33,34,35,36"
6415,11,H8,Tornada,37,Collblanc - Cardenal Reig,1259,14:04:18,4.3,16.2,972.0,"1,2,3,4,5,6,7,8,9,10,11,12,13,14,15,16,17,18,19,20,21,22,23,24,25,26,27,28,29,30,31,32,33,34"
2671,9,H8,Tornada,37,Collblanc - Cardenal Reig,1259,14:18:06,18.1,13.8,828.0,"1,2,3,4,5,6,7,8,9,10,11,12,13,14,15,16,17,18,19,20,21,22,23,24,25,26,27,28,29,30,31,32,33,34,35"
6217,11,H8,Tornada,37,Collblanc - Cardenal Reig,1259,14:23:43,23.72,5.6333333332499995,338.0,"1,2,3,4,5,6,7,8,9,10,11,12,13,14,15,16,17,18,19,20,21,22,23,24,25,26,27,28,29,30,31,32,33,34,35"
6026,12,H8,Tornada,37,Collblanc - Cardenal Reig,1259,14:33:20,33.33,9.600000000083332,576.0,"1,2,3,4,5,6,7,8,9,10,11,12,13,14,15,16,17,18,19,20,21,22,23,24,25,26,27,28,29,30,31,32,33,34,35"
6401,10,H8,Tornada,37,Collblanc - Cardenal Reig,1259,14:44:49,44.82,11.483333333300001,689.0,"1,2,3,4,5,6,7,8,9,10,11,12,13,14,15,16,17,18,19,20,21,22,23,24,25,26,27,28,29,30,31,32"
6402,12,H8,Tornada,37,Collblanc - Cardenal Reig,1259,14:49:10,49.17,4.35,261.0,"1,2,3,4,5,6,7,8,9,10,11,12,13,14,15,16,17,18,19,20,21,22,23,24,25,26,27,28,29,30,31,32,33,34,35,36"
6808,12,H8,Tornada,37,Collblanc - Cardenal Reig,1259,15:02:31,2.52,13.35,801.0,"1,2,3,4,5,6,7,8,9,10,11,12,13,14,15,16,17,18,19,20,21,22,23,24,25,26,27,28,29,30,31,32,33,34"
6037,12,H8,Tornada,37,Collblanc - Cardenal Reig,1259,15:08:31,8.52,6.0,360.0,"1,2,3,4,5,6,7,8,9,10,11,12,13,14,15,16,17,18,19,20,21,22,23,24,25,26,27,28,29,30,31,32,33,34,35"
6047,11,H8,Tornada,37,Collblanc - Cardenal Reig,1259,15:18:26,18.43,9.9166666667,595.0,"1,2,3,4,5,6,7,8,9,10,11,12,13,14,15,16,17,18,19,20,21,22,23,24,25,26,27,28,29,30,31,32,33"
6406,12,H8,Tornada,37,Collblanc - Cardenal Reig,1259,15:29:40,29.67,11.249999999933333,675.0,"1,2,3,4,5,6,7,8,9,10,11,12,13,14,15,16,17,18,19,20,21,22,23,24,25,26,27,28,29,30,31"
6215,12,H8,Tornada,37,Collblanc - Cardenal Reig,1259,15:36:36,36.6,6.916666666699999,415.0,"1,2,3,4,5,6,7,8,9,10,11,12,13,14,15,16,17,18,19,20,21,22,23,24,25,26,27,28,29,30,31,32,33,34"
6121,6,H8,Tornada,37,Collblanc - Cardenal Reig,1259,15:40:38,40.63,4.0333333333666666,242.0,"1,2,3,4,5,6,7,8,9,10,11,12,13,14,15,16,17,18,19,20,21,22,23,24,25,26,27,28,29,30,31,32,33,34"
6407,12,H8,Tornada,37,Collblanc - Cardenal Reig,1259,15:45:05,45.08,4.449999999966667,267.0,"1,2,3,4,5,6,7,8,9,10,11,12,13,14,15,16,17,18,19,20,21,22,23,24,25,26,27,28,29,30,31,32,33,34,35,36"
6079,12,H8,Tornada,37,Collblanc - Cardenal Reig,1259,16:01:07,1.12,16.033333333366667,962.0,"1,2,3,4,5,6,7,8,9,10,11,12,13,14,15,16,17,18,19,20,21,22,23,24,25,26,27,28,29,30,31,32,33"
6024,13,H8,Tornada,37,Collblanc - Cardenal Reig,1259,16:09:33,9.55,8.4333333333,506.0,"1,2,3,4,5,6,7,8,9,10,11,12,13,14,15,16,17,18,19,20,21,22,23,24,25,26,27,28,29,30,31,32,33,34"
6056,12,H8,Tornada,37,Collblanc - Cardenal Reig,1259,16:15:54,15.9,6.35,381.0,"1,2,3,4,5,6,7,8,9,10,11,12,13,14,15,16,17,18,19,20,21,22,23,24,25,26,27,28,29,30,31,32,33,34,35,36"
6059,14,H8,Tornada,37,Collblanc - Cardenal Reig,1259,16:36:47,36.78,20.883333333366668,1253.0,"1,2,3,4,5,6,7,8,9,10,11,12,13,14,15,16,17,18,19,20,21,22,23,24,25,26,27,28,29,30,31,32,33,34"
6055,12,H8,Tornada,37,Collblanc - Cardenal Reig,1259,16:42:40,42.67,5.899999999933333,354.0,"1,2,3,4,5,6,7,8,9,10,11,12,13,14,15,16,17,18,19,20,21,22,23,24,25,26,27,28,29,30,31,32,33,34,35"
6414,12,H8,Tornada,37,Collblanc - Cardenal Reig,1259,16:52:39,52.65,9.966666666733333,598.0,"1,2,3,4,5,6,7,8,9,10,11,12,13,14,15,16,17,18,19,20,21,22,23,24,25,26,27,28,29,30,31,32,33,34,35,36"
6415,14,H8,Tornada,37,Collblanc - Cardenal Reig,1259,17:08:48,8.8,16.149999999966667,969.0,"1,2,3,4,5,6,7,8,9,10,11,12,13,14,15,16,17,18,19,20,21,22,23,24,25,26,27,28,29,30,31,32,33"
1547,12,H8,Tornada,37,Collblanc - Cardenal Reig,1259,17:13:48,13.8,5.016666666633333,301.0,"1,2,3,4,5,6,7,8,9,10,11,12,13,14,15,16,17,18,19,20,21,22,23,24,25,26,27,28,29,30,31,32,33,34,35"
2671,12,H8,Tornada,37,Collblanc - Cardenal Reig,1259,17:16:08,16.13,2.333333333316667,140.0,"1,2,3,4,5,6,7,8,9,10,11,12,13,14,15,16,17,18,19,20,21,22,23,24,25,26,27,28,29,30,31,32,33,34,35"
6217,14,H8,Tornada,37,Collblanc - Cardenal Reig,1259,17:30:41,30.68,14.550000000016666,873.0,"1,2,3,4,5,6,7,8,9,10,11,12,13,14,15,16,17,18,19,20,21,22,23,24,25,26,27,28,29,30,31,32,33,34"
6026,15,H8,Tornada,37,Collblanc - Cardenal Reig,1259,17:32:09,32.15,1.4666666666666666,88.0,"1,2,3,4,5,6,7,8,9,10,11,12,13,14,15,16,17,18,19,20,21,22,23,24,25,26,27,28,29,30,31,32,33,34,35,36"
6409,3,H8,Tornada,37,Collblanc - Cardenal Reig,1259,17:42:19,42.32,10.166666666666666,610.0,"1,2,3,4,5,6,7,8,9,10,11,12,13,14,15,16,17,18,19,20,21,22,23,24,25,26,27,28,29,30,31,32,33,34,35,36"
6401,13,H8,Tornada,37,Collblanc - Cardenal Reig,1259,17:46:49,46.82,4.4833333334,269.0,"1,2,3,4,5,6,7,8,9,10,11,12,13,14,15,16,17,18,19,20,21,22,23,24,25,26,27,28,29,30,31,32,33,34,35"
6808,15,H8,Tornada,37,Collblanc - Cardenal Reig,1259,18:00:18,0.3,13.499999999933333,810.0,"1,2,3,4,5,6,7,8,9,10,11,12,13,14,15,16,17,18,19,20,21,22,23,24,25,26,27,28,29,30,31,32,33,34,35,36"
6037,15,H8,Tornada,37,Collblanc - Cardenal Reig,1259,18:17:34,17.57,17.250000000066667,1035.0,"1,2,3,4,5,6,7,8,9,10,11,12,13,14,15,16,17,18,19,20,21,22,23,24,25,26,27,28,29,30,31,32,33,34"
6406,15,H8,Tornada,37,Collblanc - Cardenal Reig,1259,18:32:58,32.97,15.416666666600001,925.0,"1,2,3,4,5,6,7,8,9,10,11,12,13,14,15,16,17,18,19,20,21,22,23,24,25,26,27,28,29,30,31,32,33"
6121,9,H8,Tornada,37,Collblanc - Cardenal Reig,1259,18:43:11,43.18,10.200000000066666,612.0,"1,2,3,4,5,6,7,8,9,10,11,12,13,14,15,16,17,18,19,20,21,22,23,24,25,26,27,28,29,30,31,32,33,34,35,36"
6024,16,H8,Tornada,37,Collblanc - Cardenal Reig,1259,19:05:10,5.17,21.999999999933333,1320.0,"1,2,3,4,5,6,7,8,9,10,11,12,13,14,15,16,17,18,19,20,21,22,23,24,25,26,27,28,29,30,31,32,33,34,35"
6059,17,H8,Tornada,37,Collblanc - Cardenal Reig,1259,19:24:15,24.25,19.066666666699998,1144.0,"1,2,3,4,5,6,7,8,9,10,11,12,13,14,15,16,17,18,19,20,21,22,23,24,25,26,27,28,29,30,31,32,33,34,35,36"
6024,1,H8,Tornada,38,Camí de la Torre Melina - Av de Xile,1649,04:15:17,15.28,,,"1,2,3,4,5,6,7,8,9,10,11,12,13,19"
6402,3,H8,Tornada,38,Camí de la Torre Melina - Av de Xile,1649,05:54:16,54.27,12.8666666667,772.0,"1,2,3,4,5,6,7,8,9,10,11,12,13,14,15,16,17,18,19,20,21,22,23,24,25,26,27,28,29,30,31,32,33,34,35,36,37"
6808,3,H8,Tornada,38,Camí de la Torre Melina - Av de Xile,1649,06:05:56,5.93,11.666666666666666,700.0,"1,2,3,4,5,6,7,8,9,10,11,12,13,14,15,16,17,18,19,20,21,22,23,24,25,26,27,28,29,30,31,32,33,34,35,36"
6037,3,H8,Tornada,38,Camí de la Torre Melina - Av de Xile,1649,06:12:43,12.72,6.799999999966667,408.0,"1,2,3,4,5,6,7,8,9,10,11,12,13,14,15,16,17,18,19,20,21,22,23,24,25,26,27,28,29,30,31,32,33,34,35"
6406,3,H8,Tornada,38,Camí de la Torre Melina - Av de Xile,1649,06:32:14,32.23,19.500000000066667,1170.0,"1,2,3,4,5,6,7,8,9,10,11,12,13,14,15,16,17,18,19,20,21,22,23,24,25,26,27,28,29,30,31,32,33,34"
6408,3,H8,Tornada,38,Camí de la Torre Melina - Av de Xile,1649,06:49:54,49.9,16.699999999966668,1002.0,"1,2,3,4,5,6,7,8,9,10,11,12,13,14,15,16,17,18,19,20,21,22,23,24,25,26,27,28,29,30,31,32,33,34,35"
6046,3,H8,Tornada,38,Camí de la Torre Melina - Av de Xile,1649,06:51:21,51.35,1.4500000000333333,87.0,"1,2,3,4,5,6,7,8,9,10,11,12,13,14,15,16,17,18,19,20,21,22,23,24,25,26,27,28,29,30,31,32"
6407,3,H8,Tornada,38,Camí de la Torre Melina - Av de Xile,1649,06:55:31,55.52,4.166666666633334,250.0,"1,2,3,4,5,6,7,8,9,10,11,12,13,14,15,16,17,18,19,20,21,22,23,24,25,26,27,28,29,30,31,32,33,34,35,36"
6079,3,H8,Tornada,38,Camí de la Torre Melina - Av de Xile,1649,07:10:19,10.32,14.8,888.0,"1,2,3,4,5,6,7,8,9,10,11,12,13,14,15,16,17,18,19,20,21,22,23,24,25,26,27,28,29,30,31,32"
6024,4,H8,Tornada,38,Camí de la Torre Melina - Av de Xile,1649,07:13:37,13.62,3.3000000000333336,198.0,"1,2,3,4,5,6,7,8,9,10,11,12,13,14,15,16,17,18,19,20,21,22,23,24,25,26,27,28,29,30,31,32,33"
6411,5,H8,Tornada,38,Camí de la Torre Melina - Av de Xile,1649,07:26:27,26.45,12.849999999933335,771.0,"1,2,3,4,5,6,7,8,9,10,11,12,13,14,15,16,17,18,19,20,21,22,23,24,25,26,27,28,29,30,31,32,33,34"
6056,3,H8,Tornada,38,Camí de la Torre Melina - Av de Xile,1649,07:28:19,28.32,1.8500000000333332,111.0,"1,2,3,4,5,6,7,8,9,10,11,12,13,14,15,16,17,18,19,20,21,22,23,24,25,26,27,28,29,30,31"
6211,3,H8,Tornada,38,Camí de la Torre Melina - Av de Xile,1649,07:44:18,44.3,15.983333333333333,959.0,"1,2,3,4,5,6,7,8,9,10,11,12,13,14,15,16,17,18,19,20,21,22,23,24,25,26,27,28,29,30,31,32"
6055,3,H8,Tornada,38,Camí de la Torre Melina - Av de Xile,1649,07:45:38,45.63,1.3333333333333333,80.0,"1,2,3,4,5,6,7,8,9,10,11,12,13,14,15,16,17,18,19,20,21,22,23,24,25,26,27,28,29,30,31,32,33,34"
6414,3,H8,Tornada,38,Camí de la Torre Melina - Av de Xile,1649,07:50:37,50.62,4.983333333366667,299.0,"1,2,3,4,5,6,7,8,9,10,11,12,13,14,15,16,17,18,19,20,21,22,23,24,25,26,27,28,29,30,31,32,33,34,35"
6059,5,H8,Tornada,38,Camí de la Torre Melina - Av de Xile,1649,07:55:42,55.7,5.083333333333333,305.0,"1,2,3,4,5,6,7,8,9,10,11,12,13,14,15,16,17,18,19,20,21,22,23,24,25,26,27,28,29,30,31,32,33,34,35"
6415,5,H8,Tornada,38,Camí de la Torre Melina - Av de Xile,1649,08:08:00,8.0,12.299999999966667,738.0,"1,2,3,4,5,6,7,8,9,10,11,12,13,14,15,16,17,18,19,20,21,22,23,24,25,26,27,28,29,30,31,32,33,34,35"
1547,3,H8,Tornada,38,Camí de la Torre Melina - Av de Xile,1649,08:12:36,12.6,4.616666666633334,277.0,"1,2,3,4,5,6,7,8,9,10,11,12,13,14,15,16,17,18,19,20,21,22,23,24,25,26,27,28,29,30,31,32,33,34,35"
2671,3,H8,Tornada,38,Camí de la Torre Melina - Av de Xile,1649,08:22:06,22.1,9.5,570.0,"1,2,3,4,5,6,7,8,9,10,11,12,13,14,15,16,17,18,19,20,21,22,23,24,25,26,27,28,29,30,31,32,33,34"
6217,5,H8,Tornada,38,Camí de la Torre Melina - Av de Xile,1649,08:28:59,28.98,6.866666666733334,412.0,"1,2,3,4,5,6,7,8,9,10,11,12,13,14,15,16,17,18,19,20,21,22,23,24,25,26,27,28,29,30,31,32,33,34,35"
6026,6,H8,Tornada,38,Camí de la Torre Melina - Av de Xile,1649,08:34:17,34.28,5.299999999966667,318.0,"1,2,3,4,5,6,7,8,9,10,11,12,13,14,15,16,17,18,19,20,21,22,23,24,25,26,27,28,29,30,31,32,33,34,35,36"
6211,4,H8,Tornada,38,Camí de la Torre Melina - Av de Xile,1649,08:41:36,41.6,7.333333333300001,440.0,"1,2,3,4,5,6,7,8,9,10,11,12,13,14,15,16,17,18,19,20,21,22,23,24,25,26,27,28,29,30,31"
6402,6,H8,Tornada,38,Camí de la Torre Melina - Av de Xile,1649,08:54:38,54.63,13.016666666733332,781.0,"1,2,3,4,5,6,7,8,9,10,11,12,13,14,15,16,17,18,19,20,21,22,23,24,25,26,27,28,29,30,31,32,33,34,35,36"
6808,6,H8,Tornada,38,Camí de la Torre Melina - Av de Xile,1649,09:10:28,10.47,15.8333333333,950.0,"1,2,3,4,5,6,7,8,9,10,11,12,13,14,15,16,17,18,19,20,21,22,23,24,25,26,27,28,29,30,31,32"
6037,6,H8,Tornada,38,Camí de la Torre Melina - Av de Xile,1649,09:11:46,11.77,1.3,78.0,"1,2,3,4,5,6,7,8,9,10,11,12,13,14,15,16,17,18,19,20,21,22,23,24,25,26,27,28,29,30,31,32,33"
6047,5,H8,Tornada,38,Camí de la Torre Melina - Av de Xile,1649,09:18:17,18.28,6.516666666666667,391.0,"1,2,3,4,5,6,7,8,9,10,11,12,13,14,15,16,17,18,19,20,21,22,23,24,25,26,27,28,29,30,31,32,33,34,35,36"
6406,6,H8,Tornada,38,Camí de la Torre Melina - Av de Xile,1649,09:24:42,24.7,6.4333333333,386.0,"1,2,3,4,5,6,7,8,9,10,11,12,13,14,15,16,17,18,19,20,21,22,23,24,25,26,27,28,29,30,31,32,33,34,35"
6215,6,H8,Tornada,38,Camí de la Torre Melina - Av de Xile,1649,09:37:28,37.47,12.750000000033333,765.0,"1,2,3,4,5,6,7,8,9,10,11,12,13,14,15,16,17,18,19,20,21,22,23,24,25,26,27,28,29,30,31,32,33"
6046,6,H8,Tornada,38,Camí de la Torre Melina - Av de Xile,1649,09:52:19,52.32,14.85,891.0,"1,2,3,4,5,6,7,8,9,10,11,12,13,14,15,16,17,18,19,20,21,22,23,24,25,26,27,28,29,30,31,32"
6407,6,H8,Tornada,38,Camí de la Torre Melina - Av de Xile,1649,09:53:33,53.55,1.2333333333666665,74.0,"1,2,3,4,5,6,7,8,9,10,11,12,13,14,15,16,17,18,19,20,21,22,23,24,25,26,27,28,29,30,31,32,33,34,35"
6079,6,H8,Tornada,38,Camí de la Torre Melina - Av de Xile,1649,10:05:23,5.38,11.849999999933335,711.0,"1,2,3,4,5,6,7,8,9,10,11,12,13,14,15,16,17,18,19,20,21,22,23,24,25,26,27,28,29,30,31,32,33,34,35,36"
6024,7,H8,Tornada,38,Camí de la Torre Melina - Av de Xile,1649,10:07:43,7.72,2.316666666733333,139.0,"1,2,3,4,5,6,7,8,9,10,11,12,13,14,15,16,17,18,19,20,21,22,23,24,25,26,27,28,29,30,31,32,33,34,35,36,37"
6056,6,H8,Tornada,38,Camí de la Torre Melina - Av de Xile,1649,10:19:44,19.73,12.016666666633334,721.0,"1,2,3,4,5,6,7,8,9,10,11,12,13,14,15,16,17,18,19,20,21,22,23,24,25,26,27,28,29,30,31,32,33,35"
6411,8,H8,Tornada,38,Camí de la Torre Melina - Av de Xile,1649,10:29:55,29.92,10.183333333333334,611.0,"1,2,3,4,5,6,7,8,9,10,11,12,13,14,15,16,17,18,19,20,21,22,23,24,25,26,27,28,29,30,31,32,33,34"
6059,8,H8,Tornada,38,Camí de la Torre Melina - Av de Xile,1649,10:34:45,34.75,4.833333333366666,290.0,"1,2,3,4,5,6,7,8,9,10,11,12,13,14,15,16,17,18,19,20,21,22,23,24,25,26,27,28,29,30,31,32,33,34,35"
6414,6,H8,Tornada,38,Camí de la Torre Melina - Av de Xile,1649,10:49:42,49.7,14.86666666665,892.0,"1,2,3,4,5,6,7,8,9,10,11,12,13,14,15,16,17,18,19,20,21,22,23,24,25,26,27,28,29,30,31,32,33,34,35"
6415,8,H8,Tornada,38,Camí de la Torre Melina - Av de Xile,1649,11:07:04,7.07,17.233333333366666,1034.0,"1,2,3,4,5,6,7,8,9,10,11,12,13,14,15,16,17,18,19,20,21,22,23,24,25,26,27,28,29,30,31,32,33,34,35"
1547,6,H8,Tornada,38,Camí de la Torre Melina - Av de Xile,1649,11:15:53,15.88,8.816666666666666,529.0,"1,2,3,4,5,6,7,8,9,10,11,12,13,14,15,16,17,18,19,20,21,22,23,24,25,26,27,28,29,30,31,32,33,34,35"
2671,6,H8,Tornada,38,Camí de la Torre Melina - Av de Xile,1649,11:26:34,26.57,10.683333333333334,641.0,"1,2,3,4,5,6,7,8,9,10,11,12,13,14,15,16,17,18,19,20,21,22,23,24,25,26,27,28,29,30,31,32"
6026,9,H8,Tornada,38,Camí de la Torre Melina - Av de Xile,1649,11:40:26,40.43,12.916666666633335,775.0,"1,2,3,4,5,6,7,8,9,10,11,12,13,14,15,16,17,18,19,20,21,22,23,24,25,26,27,28,29,30,31,32,33,34,35"
6401,7,H8,Tornada,38,Camí de la Torre Melina - Av de Xile,1649,11:50:44,50.73,10.3,618.0,"1,2,3,4,5,6,7,8,9,10,11,12,13,14,15,16,17,18,19,20,21,22,23,24,25,26,27,28,29,30,31,32,33,34"
6402,9,H8,Tornada,38,Camí de la Torre Melina - Av de Xile,1649,11:57:43,57.72,6.983333333366667,419.0,"1,2,3,4,5,6,7,8,9,10,11,12,13,14,15,16,17,18,19,20,21,22,23,24,25,26,27,28,29,30,31,32,33,34,35"
6808,9,H8,Tornada,38,Camí de la Torre Melina - Av de Xile,1649,12:06:44,6.73,9.033333333266667,542.0,"1,2,3,4,5,6,7,8,9,10,11,12,13,14,15,16,17,18,19,20,21,22,23,24,25,26,27,28,29,30,31,32,33,34,35"
6037,9,H8,Tornada,38,Camí de la Torre Melina - Av de Xile,1649,12:12:45,12.75,6.016666666666667,361.0,"1,2,3,4,5,6,7,8,9,10,11,12,13,14,15,16,17,18,19,20,21,22,23,24,25,26,27,28,29,30,31,32,33,34,35,36"
6047,8,H8,Tornada,38,Camí de la Torre Melina - Av de Xile,1649,12:21:51,21.85,9.083333333399999,545.0,"1,2,3,4,5,6,7,8,9,10,11,12,13,14,15,16,17,18,19,20,21,22,23,24,25,26,27,28,29,30,31,32,33,34,35,36"
6406,9,H8,Tornada,38,Camí de la Torre Melina - Av de Xile,1649,12:30:24,30.4,8.549999999966667,513.0,"1,2,3,4,5,6,7,8,9,10,11,12,13,14,15,16,17,18,19,20,21,22,23,24,25,26,27,28,29,30,31,32,33,34,35,36"
6215,9,H8,Tornada,38,Camí de la Torre Melina - Av de Xile,1649,12:40:42,40.7,10.3,618.0,"1,2,3,4,5,6,7,8,9,10,11,12,13,14,15,16,17,18,19,20,21,22,23,24,25,26,27,28,29,30,31,32,33,34"
6121,3,H8,Tornada,38,Camí de la Torre Melina - Av de Xile,1649,12:46:02,46.03,5.349999999966667,321.0,"1,2,3,4,5,6,7,8,9,10,11,12,13,14,15,16,17,18,19,20,21,22,23,24,25,26,27,28,29,30,31,32,33,34,35"
6407,9,H8,Tornada,38,Camí de la Torre Melina - Av de Xile,1649,13:00:07,0.12,13.566666666600002,814.0,"1,2,3,4,5,6,7,8,9,10,11,12,13,14,15,16,17,18,19,20,21,22,23,24,25,26,27,28,29,30,31,32"
6024,10,H8,Tornada,38,Camí de la Torre Melina - Av de Xile,1649,13:03:58,3.97,3.6499999999666666,219.0,"1,2,3,4,5,6,7,8,9,10,11,12,13,14,15,16,17,18,19,20,21,22,23,24,25,26,27,28,29,30,31,32,33,34,35,36,37"
6056,9,H8,Tornada,38,Camí de la Torre Melina - Av de Xile,1649,13:18:38,18.63,14.6666666667,880.0,"1,2,3,4,5,6,7,8,9,10,11,12,13,14,15,16,17,18,19,20,21,22,23,24,25,26,27,28,29,30,31,32,33,34,35"
6411,11,H8,Tornada,38,Camí de la Torre Melina - Av de Xile,1649,13:23:50,23.83,5.2,312.0,"1,2,3,4,5,6,7,8,9,10,11,12,13,14,15,16,17,18,19,20,21,22,23,24,25,26,27,28,29,30,31,32,33,34,35,36"
6059,11,H8,Tornada,38,Camí de la Torre Melina - Av de Xile,1649,13:31:12,31.2,7.366666666633334,442.0,"1,2,3,4,5,6,7,8,9,10,11,12,13,14,15,16,17,18,19,20,21,22,23,24,25,26,27,28,29,30,31,32,33,34,35,36"
6055,9,H8,Tornada,38,Camí de la Torre Melina - Av de Xile,1649,13:43:02,43.03,11.5,690.0,"1,2,3,4,5,6,7,8,9,10,11,12,13,14,15,16,17,18,19,20,21,22,23,24,25,26,27,28,29,30,31,32,33,34,35"
6414,9,H8,Tornada,38,Camí de la Torre Melina - Av de Xile,1649,13:51:04,51.07,8.016666666699999,481.0,"1,2,3,4,5,6,7,8,9,10,11,12,13,14,15,16,17,18,19,20,21,22,23,24,25,26,27,28,29,30,31,32,33,34,35,36"
6415,11,H8,Tornada,38,Camí de la Torre Melina - Av de Xile,1649,14:06:29,6.48,15.4333333333,926.0,"1,2,3,4,5,6,7,8,9,10,11,12,13,14,15,16,17,18,19,20,21,22,23,24,25,26,27,28,29,30,31,32,33,34"
1547,9,H8,Tornada,38,Camí de la Torre Melina - Av de Xile,1649,14:09:13,9.22,2.716666666733333,163.0,"1,2,3,4,5,6,7,8,9,10,11,12,13,14,15,16,17,18,19,20,21,22,23,24,25,26,27,28,29,30,31,32,33,34,35,36,37"
2671,9,H8,Tornada,38,Camí de la Torre Melina - Av de Xile,1649,14:19:38,19.63,10.416666666666666,625.0,"1,2,3,4,5,6,7,8,9,10,11,12,13,14,15,16,17,18,19,20,21,22,23,24,25,26,27,28,29,30,31,32,33,34,35"
6217,11,H8,Tornada,38,Camí de la Torre Melina - Av de Xile,1649,14:25:53,25.88,6.25,375.0,"1,2,3,4,5,6,7,8,9,10,11,12,13,14,15,16,17,18,19,20,21,22,23,24,25,26,27,28,29,30,31,32,33,34,35"
6026,12,H8,Tornada,38,Camí de la Torre Melina - Av de Xile,1649,14:35:37,35.62,9.733333333300001,584.0,"1,2,3,4,5,6,7,8,9,10,11,12,13,14,15,16,17,18,19,20,21,22,23,24,25,26,27,28,29,30,31,32,33,34,35"
6401,10,H8,Tornada,38,Camí de la Torre Melina - Av de Xile,1649,14:46:46,46.77,11.150000000033334,669.0,"1,2,3,4,5,6,7,8,9,10,11,12,13,14,15,16,17,18,19,20,21,22,23,24,25,26,27,28,29,30,31,32"
6402,12,H8,Tornada,38,Camí de la Torre Melina - Av de Xile,1649,14:51:51,51.85,5.083333333333333,305.0,"1,2,3,4,5,6,7,8,9,10,11,12,13,14,15,16,17,18,19,20,21,22,23,24,25,26,27,28,29,30,31,32,33,34,35,36"
6808,12,H8,Tornada,38,Camí de la Torre Melina - Av de Xile,1649,15:03:49,3.82,11.966666666633333,718.0,"1,2,3,4,5,6,7,8,9,10,11,12,13,14,15,16,17,18,19,20,21,22,23,24,25,26,27,28,29,30,31,32,33,34"
6037,12,H8,Tornada,38,Camí de la Torre Melina - Av de Xile,1649,15:11:15,11.25,7.433333333366666,446.0,"1,2,3,4,5,6,7,8,9,10,11,12,13,14,15,16,17,18,19,20,21,22,23,24,25,26,27,28,29,30,31,32,33,34,35"
6047,11,H8,Tornada,38,Camí de la Torre Melina - Av de Xile,1649,15:21:49,21.82,10.583333333266667,635.0,"1,2,3,4,5,6,7,8,9,10,11,12,13,14,15,16,17,18,19,20,21,22,23,24,25,26,27,28,29,30,31,32,33"
6406,12,H8,Tornada,38,Camí de la Torre Melina - Av de Xile,1649,15:33:26,33.43,11.616666666666667,697.0,"1,2,3,4,5,6,7,8,9,10,11,12,13,14,15,16,17,18,19,20,21,22,23,24,25,26,27,28,29,30,31"
6215,12,H8,Tornada,38,Camí de la Torre Melina - Av de Xile,1649,15:39:38,39.63,6.2,372.0,"1,2,3,4,5,6,7,8,9,10,11,12,13,14,15,16,17,18,19,20,21,22,23,24,25,26,27,28,29,30,31,32,33,34"
6121,6,H8,Tornada,38,Camí de la Torre Melina - Av de Xile,1649,15:42:43,42.72,3.066666666733333,184.0,"1,2,3,4,5,6,7,8,9,10,11,12,13,14,15,16,17,18,19,20,21,22,23,24,25,26,27,28,29,30,31,32,33,34"
6407,12,H8,Tornada,38,Camí de la Torre Melina - Av de Xile,1649,15:47:40,47.67,4.95,297.0,"1,2,3,4,5,6,7,8,9,10,11,12,13,14,15,16,17,18,19,20,21,22,23,24,25,26,27,28,29,30,31,32,33,34,35,36"
6079,12,H8,Tornada,38,Camí de la Torre Melina - Av de Xile,1649,16:02:40,2.67,15.0166666666,901.0,"1,2,3,4,5,6,7,8,9,10,11,12,13,14,15,16,17,18,19,20,21,22,23,24,25,26,27,28,29,30,31,32,33"
6024,13,H8,Tornada,38,Camí de la Torre Melina - Av de Xile,1649,16:11:34,11.57,8.883333333366666,533.0,"1,2,3,4,5,6,7,8,9,10,11,12,13,14,15,16,17,18,19,20,21,22,23,24,25,26,27,28,29,30,31,32,33,34"
6056,12,H8,Tornada,38,Camí de la Torre Melina - Av de Xile,1649,16:17:58,17.97,6.416666666633334,385.0,"1,2,3,4,5,6,7,8,9,10,11,12,13,14,15,16,17,18,19,20,21,22,23,24,25,26,27,28,29,30,31,32,33,34,35,36"
6411,14,H8,Tornada,38,Camí de la Torre Melina - Av de Xile,1649,16:21:08,21.13,3.1500000000666666,189.0,"1,2,3,4,5,6,7,8,9,10,11,12,13,14,15,16,17,18,19,20,21,22,23,24,25,26,27,28,29,30,31,32,33,34,35,36,37"
6059,14,H8,Tornada,38,Camí de la Torre Melina - Av de Xile,1649,16:38:24,38.4,17.266666666633334,1036.0,"1,2,3,4,5,6,7,8,9,10,11,12,13,14,15,16,17,18,19,20,21,22,23,24,25,26,27,28,29,30,31,32,33,34"
6055,12,H8,Tornada,38,Camí de la Torre Melina - Av de Xile,1649,16:45:06,45.1,6.700000000033333,402.0,"1,2,3,4,5,6,7,8,9,10,11,12,13,14,15,16,17,18,19,20,21,22,23,24,25,26,27,28,29,30,31,32,33,34,35"
6030,3,H8,Tornada,38,Camí de la Torre Melina - Av de Xile,1649,16:46:58,46.97,1.8666666666666667,112.0,"1,2,3,4,5,6,7,8,9,10,11,12,13,14,15,16,17,18,19,20,21,22,23,24,25,26,27,28,29,30,31,32,33,34,35,36,37"
6414,12,H8,Tornada,38,Camí de la Torre Melina - Av de Xile,1649,16:55:07,55.12,8.149999999966667,489.0,"1,2,3,4,5,6,7,8,9,10,11,12,13,14,15,16,17,18,19,20,21,22,23,24,25,26,27,28,29,30,31,32,33,34,35,36"
6415,14,H8,Tornada,38,Camí de la Torre Melina - Av de Xile,1649,17:10:59,10.98,15.866666666666667,952.0,"1,2,3,4,5,6,7,8,9,10,11,12,13,14,15,16,17,18,19,20,21,22,23,24,25,26,27,28,29,30,31,32,33"
1547,12,H8,Tornada,38,Camí de la Torre Melina - Av de Xile,1649,17:15:59,15.98,5.016666666633333,301.0,"1,2,3,4,5,6,7,8,9,10,11,12,13,14,15,16,17,18,19,20,21,22,23,24,25,26,27,28,29,30,31,32,33,34,35"
2671,12,H8,Tornada,38,Camí de la Torre Melina - Av de Xile,1649,17:19:18,19.3,3.3000000000333336,198.0,"1,2,3,4,5,6,7,8,9,10,11,12,13,14,15,16,17,18,19,20,21,22,23,24,25,26,27,28,29,30,31,32,33,34,35"
6217,14,H8,Tornada,38,Camí de la Torre Melina - Av de Xile,1649,17:33:11,33.18,13.88333333335,833.0,"1,2,3,4,5,6,7,8,9,10,11,12,13,14,15,16,17,18,19,20,21,22,23,24,25,26,27,28,29,30,31,32,33,34"
6026,15,H8,Tornada,38,Camí de la Torre Melina - Av de Xile,1649,17:34:45,34.75,1.5833333332833335,95.0,"1,2,3,4,5,6,7,8,9,10,11,12,13,14,15,16,17,18,19,20,21,22,23,24,25,26,27,28,29,30,31,32,33,34,35,36"
6409,3,H8,Tornada,38,Camí de la Torre Melina - Av de Xile,1649,17:44:38,44.63,9.866666666733332,592.0,"1,2,3,4,5,6,7,8,9,10,11,12,13,14,15,16,17,18,19,20,21,22,23,24,25,26,27,28,29,30,31,32,33,34,35,36"
6401,13,H8,Tornada,38,Camí de la Torre Melina - Av de Xile,1649,17:49:07,49.12,4.4833333333,269.0,"1,2,3,4,5,6,7,8,9,10,11,12,13,14,15,16,17,18,19,20,21,22,23,24,25,26,27,28,29,30,31,32,33,34,35"
6402,15,H8,Tornada,38,Camí de la Torre Melina - Av de Xile,1649,17:52:01,52.02,2.9000000000333332,174.0,"1,2,3,4,5,6,7,8,9,10,11,12,13,14,15,16,17,18,19,20,21,22,23,24,25,26,27,28,29,30,31,32,33,34,35,36,37"
6808,15,H8,Tornada,38,Camí de la Torre Melina - Av de Xile,1649,18:01:57,1.95,9.9333333333,596.0,"1,2,3,4,5,6,7,8,9,10,11,12,13,14,15,16,17,18,19,20,21,22,23,24,25,26,27,28,29,30,31,32,33,34,35,36"
6037,15,H8,Tornada,38,Camí de la Torre Melina - Av de Xile,1649,18:19:48,19.8,17.850000000033333,1071.0,"1,2,3,4,5,6,7,8,9,10,11,12,13,14,15,16,17,18,19,20,21,22,23,24,25,26,27,28,29,30,31,32,33,34"
6406,15,H8,Tornada,38,Camí de la Torre Melina - Av de Xile,1649,18:35:06,35.1,15.299999999966667,918.0,"1,2,3,4,5,6,7,8,9,10,11,12,13,14,15,16,17,18,19,20,21,22,23,24,25,26,27,28,29,30,31,32,33"
6121,9,H8,Tornada,38,Camí de la Torre Melina - Av de Xile,1649,18:44:51,44.85,8.9666666666,538.0,"1,2,3,4,5,6,7,8,9,10,11,12,13,14,15,16,17,18,19,20,21,22,23,24,25,26,27,28,29,30,31,32,33,34,35,36"
6407,15,H8,Tornada,38,Camí de la Torre Melina - Av de Xile,1649,18:46:05,46.08,1.2333333333333334,74.0,"1,2,3,4,5,6,7,8,9,10,11,12,13,14,15,16,17,18,19,20,21,22,23,24,25,26,27,28,29,30,31,32,33,34,35,36,37"
6024,16,H8,Tornada,38,Camí de la Torre Melina - Av de Xile,1649,19:07:00,7.0,20.900000000066665,1254.0,"1,2,3,4,5,6,7,8,9,10,11,12,13,14,15,16,17,18,19,20,21,22,23,24,25,26,27,28,29,30,31,32,33,34,35"
6059,17,H8,Tornada,38,Camí de la Torre Melina - Av de Xile,1649,19:26:52,26.87,19.883333333266666,1193.0,"1,2,3,4,5,6,7,8,9,10,11,12,13,14,15,16,17,18,19,20,21,22,23,24,25,26,27,28,29,30,31,32,33,34,35,36"
6414,15,H8,Tornada,38,Camí de la Torre Melina - Av de Xile,1649,19:41:56,41.93,15.066666666666666,904.0,"1,2,3,4,5,6,7,8,9,10,11,12,13,14,15,16,17,18,19,20,21,22,23,24,25,26,27,28,29,30,31,32,33,34,35,36,37"
1547,15,H8,Tornada,38,Camí de la Torre Melina - Av de Xile,1649,20:01:18,1.3,19.350000000033333,1161.0,"1,2,3,4,5,6,7,8,9,10,11,12,13,14,15,16,17,18,19,20,21,22,23,24,25,26,27,28,29,30,31,32,33,34,35,36,37"
6409,6,H8,Tornada,38,Camí de la Torre Melina - Av de Xile,1649,20:23:52,23.87,22.566666666699998,1354.0,"1,2,3,4,5,6,7,8,9,10,11,12,13,14,15,16,17,18,19,20,21,22,23,24,25,26,27,28,29,30,31,32,33,34,35,36,37"
